index,/gimbal/yaw_sweep/active,/gimbal/yaw_sweep/target_offset,/gimbal/yaw_sweep/reference_velocity,/gimbal/yaw_sweep/reference_acceleration,/gimbal/yaw_sweep/feedforward_scale,/gimbal/yaw_sweep/remote_ready,/gimbal/yaw_sweep/right_switch,/gimbal/yaw/angle,/gimbal/yaw/velocity,/gimbal/yaw/velocity_imu,/gimbal/yaw/control_angle_error,/gimbal/yaw/control_torque,/gimbal/yaw/torque
1284,1,0,0,0,1,1,1,4.44989,0.0366519,-0.0223712,-1.36695e-06,0.14609,-0.15791
1285,1,0,0,0,1,1,1,4.44989,0,0.00745708,-2.05334e-05,-0.184466,-0.135352
1286,1,0,0,0,1,1,1,4.44989,0,-0.0138489,2.00454e-05,0.0557045,-0.101514
1287,1,0,0,0,1,1,1,4.44989,0,0.00852238,5.21468e-05,-0.185329,-0.135352
1288,1,0,0,0,1,1,1,4.44989,0,0.01811,1.1212e-05,-0.296814,-0.135352
1289,1,0,0,0,1,1,1,4.44989,0,-0.00319589,1.67315e-05,-0.0620607,-0.0902344
1290,1,0,0,0,1,1,1,4.44989,0,-0.0127836,3.49158e-05,0.0461888,-0.124072
1291,1,0,0,0,1,1,1,4.44989,0,0.00319589,-1.41444e-05,-0.136925,-0.180469
1292,1,0,0,0,1,1,1,4.44989,-0.00698132,0.00745708,-3.90595e-05,-0.186839,-0.169189
1293,1,0,0,0,1,1,1,4.44989,0,-0.00532648,-5.20082e-05,-0.0480869,-0.135352
1294,1,0,0,0,1,1,1,4.44989,0,-0.00213059,-4.1614e-05,-0.0817179,-0.112793
1295,1,0,0,0,1,1,1,4.44989,0,0.0117183,-5.04427e-05,-0.235379,-0.146631
1296,1,0,0,0,1,1,1,4.44989,0,-0.0117183,-8.65628e-05,0.0174746,-0.146631
1297,1,0,0,0,1,1,1,4.44989,0,-0.00319589,-5.54465e-05,-0.0713837,-0.0676758
1298,1,0,0,0,1,1,1,4.44989,0,-0.00639178,-5.84892e-05,-0.0368089,-0.0789551
1299,1,0,0,0,1,1,1,4.44989,0,0.00639178,-8.2602e-05,-0.18095,-0.124072
1300,1,0,0,0,1,1,1,4.44989,0,0.00213059,-7.33932e-05,-0.13284,-0.112793
1301,1,0,0,0,1,1,1,4.44989,0,-0.00319589,-7.69557e-05,-0.0749565,-0.0902344
1302,1,0,0,0,1,1,1,4.44989,0,0.0127836,-0.000141234,-0.259262,-0.191748
1303,1,0,0,0,1,1,1,4.44989,0,0.00532648,-0.000104491,-0.171739,-0.112793
1304,1,0,0,0,1,1,1,4.44998,0.00872665,-0.00852238,-0.000129203,-0.0233086,-0.15791
1305,1,0,0,0,1,1,1,4.44989,0,1.95692e-19,-0.000137639,-0.118168,-0.169189
1306,1,0,0,0,1,1,1,4.44989,0,-0.0010653,-0.000123653,-0.104604,-0.0902344
1307,1,0,0,0,1,1,1,4.44989,-0.00872665,1.95692e-19,-0.00011073,-0.114482,-0.0563965
1308,1,0,0,0,1,1,1,4.44989,0,-0.00958767,-0.000119103,-0.0100753,-0.101514
1309,1,0,0,0,1,1,1,4.44989,0,0.0202406,-0.000144951,-0.341417,-0.15791
1310,1,0,0,0,1,1,1,4.44989,0,0.00639178,-0.00013734,-0.188401,-0.112793
1311,1,0,0,0,1,1,1,4.44989,0,-9.13229e-19,-0.000157374,-0.120773,-0.124072
1312,1,0,0,0,1,1,1,4.44989,0,0.00426119,-0.000175707,-0.170042,-0.191748
1313,1,0,0,0,1,1,1,4.44989,0,-0.0255671,-0.000157559,0.160714,-0.135352
1314,1,0,0,0,1,1,1,4.44989,0.00698132,0.00532648,-0.000132905,-0.174978,-0.112793
1315,1,0,0,0,1,1,1,4.44989,0,0.0149142,-0.000139571,-0.28116,-0.124072
1316,1,0,0,0,1,1,1,4.44989,0,0.0276977,-0.000181746,-0.428194,-0.146631
1317,1,0,0,0,1,1,1,4.44989,-0.0139626,-0.00319589,-0.000181257,-0.0886238,-0.169189
1318,1,0,0,0,1,1,1,4.44989,0.0279253,-0.0170448,-0.000191745,0.06226,-0.191748
1319,1,0,0,0,1,1,1,4.44989,0,0.00852238,-0.000211567,-0.221673,-0.15791
1320,1,0,0,0,1,1,1,4.44989,0,0.0127836,-0.000199624,-0.266667,-0.15791
1321,1,0,0,0,1,1,1,4.44989,0,-0.00852238,-0.000214737,-0.0345991,-0.135352
1322,1,0,0,0,1,1,1,4.44989,0,0.00532648,-0.000224705,-0.188252,-0.124072
1323,1,0,0,0,1,1,1,4.44989,-0.00349066,0.0255671,-0.000231614,-0.411401,-0.191748
1324,1,0,0,0,1,1,1,4.44989,0.00872665,-0.010653,-0.000212999,-0.010838,-0.135352
1325,1,0,0,0,1,1,1,4.44989,0,-0.00213059,-0.000214209,-0.104813,-0.146631
1326,1,0,0,0,1,1,1,4.44989,0,0.00958767,-0.000203064,-0.232217,-0.101514
1327,1,0,0,0,1,1,1,4.44989,0,-0.0010653,-0.000196892,-0.114069,-0.135352
1328,1,0,0,0,1,1,1,4.44989,0,0.00852238,-0.000204923,-0.220772,-0.169189
1329,1,0,0,0,1,1,1,4.44989,0,0.00639178,-0.000181763,-0.193675,-0.180469
1330,1,0,0,0,1,1,1,4.44989,0.00872665,-0.0117183,-0.000192602,0.00347751,-0.180469
1331,1,0,0,0,1,1,1,4.44989,0,0.00532648,-0.000173202,-0.181202,-0.135352
1332,1,0,0,0,1,1,1,4.44989,0,0.010653,-0.000228776,-0.247381,-0.180469
1333,1,0,0,0,1,1,1,4.44989,0,0.0170448,-0.000249828,-0.32047,-0.180469
1334,1,0,0,0,1,1,1,4.44989,0,0.00319589,-0.000280571,-0.17219,-0.169189
1335,1,0,0,0,1,1,1,4.44989,0,0.0159795,-0.000318873,-0.317865,-0.214307
1336,1,0,0,0,1,1,1,4.44989,0,-0.00532648,-0.000327303,-0.0846127,-0.191748
1337,1,0,0,0,1,1,1,4.44989,0,0.010653,-0.000347422,-0.263042,-0.191748
1338,1,0,0,0,1,1,1,4.44989,-0.00872665,0.0117183,-0.000366828,-0.277302,-0.236865
1339,1,0,0,0,1,1,1,4.44989,0,0.00852238,-0.000389316,-0.245136,-0.15791
1340,1,0,0,0,1,1,1,4.44989,0,0.0127836,-0.000424004,-0.296588,-0.180469
1341,1,0,0,0,1,1,1,4.44979,-0.00872665,0.00213059,-0.000424519,-0.179473,-0.281982
1342,1,0,0,0,1,1,1,4.44979,0.0122173,-0.00426119,-0.000433584,-0.110295,-0.270703
1343,1,0,0,0,1,1,1,4.44979,0,-0.00745708,-0.000441442,-0.0762425,-0.15791
1344,1,0,0,0,1,1,1,4.44979,0,0.00319589,-0.000436284,-0.192744,-0.15791
1345,1,0,0,0,1,1,1,4.44979,0,0.00852238,-0.00045121,-0.253306,-0.191748
1346,1,0,0,0,1,1,1,4.44979,0,-0.00319589,-0.000482584,-0.128514,-0.191748
1347,1,0,0,0,1,1,1,4.44979,0,0.00639178,-0.000482179,-0.233854,-0.146631
1348,1,0,0,0,1,1,1,4.44989,0,0.0117183,-0.000475697,-0.291693,-0.169189
1349,1,0,0,0,1,1,1,4.44979,-0.00698132,0.00639178,-0.000505105,-0.236983,-0.259424
1350,1,0,0,0,1,1,1,4.44979,0,0.00745708,-0.000476459,-0.244359,-0.236865
1351,1,0,0,0,1,1,1,4.44989,0,0.00958767,-0.000454863,-0.265355,-0.124072
1352,1,0,0,0,1,1,1,4.44989,0,-0.0149142,-0.000465442,0.00261741,-0.214307
1353,1,0,0,0,1,1,1,4.44989,0.0244346,-0.00213059,-0.000451041,-0.136101,-0.180469
1354,1,0,0,0,1,1,1,4.44989,0,-0.00852238,-0.000426542,-0.0624067,-0.124072
1355,1,0,0,0,1,1,1,4.44989,0,-0.0170448,-0.000414086,0.0328329,-0.169189
1356,1,0,0,0,1,1,1,4.44989,0,-3.26153e-19,-0.000452805,-0.15977,-0.15791
1357,1,0,0,0,1,1,1,4.44979,0,0.00532648,-0.000437813,-0.216295,-0.191748
1358,1,0,0,0,1,1,1,4.44989,0.00174533,-0.0170448,-0.00041463,0.0329335,-0.135352
1359,1,0,0,0,1,1,1,4.44979,0,0.00958767,-0.000411508,-0.259433,-0.203027
1360,1,0,0,0,1,1,1,4.44989,0,0.0149142,-0.000419571,-0.319358,-0.214307
1361,1,0,0,0,1,1,1,4.44979,0,0.010653,-0.000423351,-0.272937,-0.124072
1362,1,0,0,0,1,1,1,4.44989,0,-0.00958767,-0.000479168,-0.0577858,-0.180469
1363,1,0,0,0,1,1,1,4.44979,0,0.0127836,-0.000489216,-0.305196,-0.191748
1364,1,0,0,0,1,1,1,4.44979,0,-0.0191753,-0.000441099,0.0530447,-0.124072
1365,1,0,0,0,1,1,1,4.44989,0.0122173,0.0010653,-0.000453283,-0.171279,-0.191748
1366,1,0,0,0,1,1,1,4.44979,-0.00872665,0.0010653,-0.000464636,-0.17305,-0.0902344
1367,1,0,0,0,1,1,1,4.44979,-0.00349066,0.010653,-0.000476181,-0.280039,-0.180469
1368,1,0,0,0,1,1,1,4.44979,0,0.00213059,-0.00047307,-0.185751,-0.191748
1369,1,0,0,0,1,1,1,4.44979,0,-0.00958767,-0.000471563,-0.0567819,-0.124072
1370,1,0,0,0,1,1,1,4.44979,0,-0.00319589,-0.000503549,-0.131308,-0.135352
1371,1,0,0,0,1,1,1,4.44979,0,-0.00532648,-0.000499919,-0.107398,-0.191748
1372,1,0,0,0,1,1,1,4.44979,0,-0.0010653,-0.000457696,-0.148257,-0.112793
1373,1,0,0,0,1,1,1,4.44979,0,0.00639178,-0.000437429,-0.227495,-0.112793
1374,1,0,0,0,1,1,1,4.44989,0,0.0117183,-0.000435704,-0.286168,-0.135352
1375,1,0,0,0,1,1,1,4.44989,0,-0.0117183,-0.000444112,-0.0296178,-0.180469
1376,1,0,0,0,1,1,1,4.44989,0,0.0149142,-0.000467872,-0.325815,-0.203027
1377,1,0,0,0,1,1,1,4.44979,-0.00872665,0.00426119,-0.000443947,-0.20514,-0.135352
1378,1,0,0,0,1,1,1,4.44989,0.00349066,-0.00319589,-0.000461838,-0.125808,-0.101514
1379,1,0,0,0,1,1,1,4.44979,0,0.00319589,-0.000446776,-0.194048,-0.15791
1380,1,0,0,0,1,1,1,4.44989,0,0.00319589,-0.000478196,-0.198277,-0.236865
1381,1,0,0,0,1,1,1,4.44989,0,-0.010653,-0.000490064,-0.0473923,-0.293262
1382,1,0,0,0,1,1,1,4.44979,0,0.00532648,-0.000484593,-0.222558,-0.225586
1383,1,0,0,0,1,1,1,4.44979,0,1.89169e-18,-0.000484976,-0.164017,-0.124072
1384,1,0,0,0,1,1,1,4.44989,0,-0.00958767,-0.000491725,-0.0594433,-0.180469
1385,1,0,0,0,1,1,1,4.44989,0,-0.00852238,-0.000464941,-0.0676125,-0.214307
1386,1,0,0,0,1,1,1,4.44989,0,0.00852238,-0.000475843,-0.256406,-0.236865
1387,1,0,0,0,1,1,1,4.44979,0,0.00745708,-0.000493782,-0.247207,-0.15791
1388,1,0,0,0,1,1,1,4.44979,0,-0.0127836,-0.000487073,-0.0235607,-0.270703
1389,1,0,0,0,1,1,1,4.44989,0.0261799,0.00532648,-0.000503523,-0.225056,-0.124072
1390,1,0,0,0,1,1,1,4.44979,-0.0296706,0.0117183,-0.000507539,-0.295896,-0.146631
1391,1,0,0,0,1,1,1,4.44979,0,-0.0149142,-0.000497352,-0.00159467,-0.203027
1392,1,0,0,0,1,1,1,4.44979,0,0.0149142,-0.000522683,-0.332875,-0.248145
1393,1,0,0,0,1,1,1,4.44979,0,0.00213059,-0.000516001,-0.191549,-0.225586
1394,1,0,0,0,1,1,1,4.44979,0.00872665,0.0127836,-0.00054511,-0.312574,-0.259424
1395,1,0,0,0,1,1,1,4.44979,0,0.0138489,-0.000512147,-0.319716,-0.180469
1396,1,0,0,0,1,1,1,4.44979,0.015708,0.00426119,-0.000513387,-0.21464,-0.180469
1397,1,0,0,0,1,1,1,4.44989,0,-0.010653,-0.000502827,-0.0491224,-0.169189
1398,1,0,0,0,1,1,1,4.44989,0,0.01811,-0.000530832,-0.36928,-0.180469
1399,1,0,0,0,1,1,1,4.44979,-0.015708,-0.0117183,-0.000532633,-0.0414067,-0.146631
1400,1,0,0,0,1,1,1,4.44979,0.0174533,0.00532648,-0.000566575,-0.233379,-0.191748
1401,1,0,0,0,1,1,1,4.44979,0,8.47998e-19,-0.000548099,-0.172349,-0.169189
1402,1,0,0,0,1,1,1,4.44979,0,-0.010653,-0.000518483,-0.0511294,-0.146631
1403,1,0,0,0,1,1,1,4.44979,0,0.0213059,-0.000540203,-0.405672,-0.169189
1404,1,0,0,0,1,1,1,4.44979,0,0.0276977,-0.00052347,-0.473488,-0.146631
1405,1,0,0,0,1,1,1,4.44979,-0.0174533,0.0245018,-0.000550109,-0.442135,-0.169189
1406,1,0,0,0,1,1,1,4.44979,0.00872665,0.0149142,-0.000597658,-0.342637,-0.304541
1407,1,0,0,0,1,1,1,4.44979,0,0.00426119,-0.00062566,-0.22946,-0.180469
1408,1,0,0,0,1,1,1,4.44979,-0.00872665,-0.0010653,-0.000631159,-0.171595,-0.304541
1409,1,0,0,0,1,1,1,4.44979,0.015708,0.00639178,-0.000643108,-0.2552,-0.191748
1410,1,0,0,0,1,1,1,4.44979,0,0.00319589,-0.000672945,-0.223984,-0.225586
1411,1,0,0,0,1,1,1,4.44979,0,-0.00532648,-0.000706233,-0.134631,-0.270703
1412,1,0,0,0,1,1,1,4.44979,0,-0.00745708,-0.000698789,-0.110212,-0.169189
1413,1,0,0,0,1,1,1,4.44979,0,0.0149142,-0.00070184,-0.356699,-0.180469
1414,1,0,0,0,1,1,1,4.44979,-0.00872665,0.010653,-0.000696114,-0.309001,-0.203027
1415,1,0,0,0,1,1,1,4.44979,0,-0.00532648,-0.000727864,-0.137487,-0.180469
1416,1,0,0,0,1,1,1,4.44979,0,0.0234365,-0.000764117,-0.458665,-0.15791
1417,1,0,0,0,1,1,1,4.44969,-0.0349066,-0.00532648,-0.000750724,-0.140483,-0.281982
1418,1,0,0,0,1,1,1,4.44969,0.0296706,-0.0159795,-0.000733556,-0.0210554,-0.169189
1419,1,0,0,0,1,1,1,4.44979,-0.00872665,-0.00745708,-0.00073577,-0.115094,-0.203027
1420,1,0,0,0,1,1,1,4.44979,0,0.00852238,-0.000761314,-0.29424,-0.203027
1421,1,0,0,0,1,1,1,4.44979,0,-0.00639178,-0.000793202,-0.134393,-0.180469
1422,1,0,0,0,1,1,1,4.44969,-0.0174533,0.00319589,-0.000777622,-0.237801,-0.146631
1423,1,0,0,0,1,1,1,4.44969,0,0.00958767,-0.000752809,-0.304728,-0.191748
1424,1,0,0,0,1,1,1,4.44979,0.015708,0.00745708,-0.000726261,-0.277894,-0.180469
1425,1,0,0,0,1,1,1,4.44979,-0.00523599,0.00745708,-0.000766862,-0.283254,-0.180469
1426,1,0,0,0,1,1,1,4.44979,0,0.0159795,-0.000800273,-0.38141,-0.293262
1427,1,0,0,0,1,1,1,4.44969,0,-0.0159795,-0.000810285,-0.0311836,-0.248145
1428,1,0,0,0,1,1,1,4.44969,-0.0244346,0.00639178,-0.00082968,-0.279827,-0.259424
1429,1,0,0,0,1,1,1,4.44969,0,0.00213059,-0.000808413,-0.230147,-0.191748
1430,1,0,0,0,1,1,1,4.44969,0,0.00426119,-0.000810015,-0.253795,-0.293262
1431,1,0,0,0,1,1,1,4.44969,0.00872665,-0.0149142,-0.000781517,-0.0391046,-0.169189
1432,1,0,0,0,1,1,1,4.44969,0,2.60922e-19,-0.000760703,-0.200405,-0.225586
1433,1,0,0,0,1,1,1,4.44969,0,-0.00745708,-0.000782345,-0.121242,-0.214307
1434,1,0,0,0,1,1,1,4.44969,0,0.00639178,-0.000761806,-0.270868,-0.180469
1435,1,0,0,0,1,1,1,4.44979,0,0.00426119,-0.000754293,-0.24644,-0.169189
1436,1,0,0,0,1,1,1,4.44969,-0.0122173,0.010653,-0.000780222,-0.320172,-0.225586
1437,1,0,0,0,1,1,1,4.44969,0,0.00639178,-0.000746368,-0.268509,-0.225586
1438,1,0,0,0,1,1,1,4.44969,0.00872665,-0.00958767,-0.000735539,-0.0915305,-0.225586
1439,1,0,0,0,1,1,1,4.44969,0,2.08738e-18,-0.000724344,-0.195613,-0.169189
1440,1,0,0,0,1,1,1,4.44979,0,-0.00319589,-0.000702441,-0.157567,-0.146631
1441,1,0,0,0,1,1,1,4.44979,0,0.00852238,-0.00074202,-0.291693,-0.180469
1442,1,0,0,0,1,1,1,4.44969,-0.0174533,-0.00426119,-0.000738943,-0.150667,-0.214307
1443,1,0,0,0,1,1,1,4.44969,0.00523599,-0.00426119,-0.000755453,-0.152847,-0.214307
1444,1,0,0,0,1,1,1,4.44969,-0.010472,-0.00532648,-0.000760045,-0.141735,-0.259424
1445,1,0,0,0,1,1,1,4.44969,0,0.0127836,-0.0007498,-0.339593,-0.259424
1446,1,0,0,0,1,1,1,4.44969,0,-0.00319589,-0.000757531,-0.164831,-0.281982
1447,1,0,0,0,1,1,1,4.44969,0,0.0170448,-0.000792623,-0.392119,-0.225586
1448,1,0,0,0,1,1,1,4.44969,-0.00349066,0.00745708,-0.000753608,-0.281193,-0.191748
1449,1,0,0,0,1,1,1,4.44979,0,0.0010653,-0.000788396,-0.215787,-0.248145
1450,1,0,0,0,1,1,1,4.44969,-0.00698132,0.010653,-0.000828813,-0.326586,-0.304541
1451,1,0,0,0,1,1,1,4.44969,-0.00174533,0.0117183,-0.000839068,-0.339284,-0.394775
1452,1,0,0,0,1,1,1,4.44969,0.015708,-6.52306e-19,-0.000843442,-0.211324,-0.259424
1453,1,0,0,0,1,1,1,4.44969,-0.00872665,-0.00426119,-0.000848012,-0.165065,-0.225586
1454,1,0,0,0,1,1,1,4.44969,0,0.00639178,-0.000844168,-0.28174,-0.169189
1455,1,0,0,0,1,1,1,4.44969,0,-0.00213059,-0.000831409,-0.186309,-0.169189
1456,1,0,0,0,1,1,1,4.44969,0,0.00745708,-0.000817269,-0.289901,-0.259424
1457,1,0,0,0,1,1,1,4.44969,0,-0.00426119,-0.000805256,-0.159323,-0.293262
1458,1,0,0,0,1,1,1,4.44969,0,0.00213059,-0.000824787,-0.232251,-0.270703
1459,1,0,0,0,1,1,1,4.44969,0,-0.00745708,-0.00084754,-0.129847,-0.281982
1460,1,0,0,0,1,1,1,4.44969,0,0.0149142,-0.000874205,-0.379451,-0.3271
1461,1,0,0,0,1,1,1,4.4496,0,-0.00532648,-0.00087211,-0.156527,-0.236865
1462,1,0,0,0,1,1,1,4.44969,0.00872665,-0.0010653,-0.000841382,-0.199344,-0.146631
1463,1,0,0,0,1,1,1,4.44969,0,0.0127836,-0.000827205,-0.34981,-0.135352
1464,1,0,0,0,1,1,1,4.44969,0,0.0213059,-0.000843706,-0.445735,-0.203027
1465,1,0,0,0,1,1,1,4.4496,-0.0261799,-0.0138489,-0.000854695,-0.0603081,-0.338379
1466,1,0,0,0,1,1,1,4.4496,0.0401426,0.00958767,-0.000862271,-0.319284,-0.214307
1467,1,0,0,0,1,1,1,4.4496,-0.0314159,0.00426119,-0.000904826,-0.26631,-0.203027
1468,1,0,0,0,1,1,1,4.4496,0,0.0149142,-0.00091375,-0.384671,-0.281982
1469,1,0,0,0,1,1,1,4.4496,0,0.0202406,-0.000934566,-0.445997,-0.236865
1470,1,0,0,0,1,1,1,4.4496,0.00872665,-1.04369e-18,-0.00094426,-0.224642,-0.259424
1471,1,0,0,0,1,1,1,4.4496,0,0.0149142,-0.000934882,-0.38746,-0.169189
1472,1,0,0,0,1,1,1,4.44969,0,0.0149142,-0.000949748,-0.389422,-0.248145
1473,1,0,0,0,1,1,1,4.4496,0,-0.00745708,-0.000943575,-0.142524,-0.248145
1474,1,0,0,0,1,1,1,4.4496,0,0.0191753,-0.000945905,-0.435788,-0.225586
1475,1,0,0,0,1,1,1,4.4496,-0.00872665,0.0213059,-0.000971165,-0.462559,-0.15791
1476,1,0,0,0,1,1,1,4.4496,-0.0139626,0.00213059,-0.000922649,-0.244917,-0.15791
1477,1,0,0,0,1,1,1,4.44969,0,0.0234365,-0.000937827,-0.481595,-0.180469
1478,1,0,0,0,1,1,1,4.4496,-0.0139626,0.0298283,-0.00101815,-0.562507,-0.304541
1479,1,0,0,0,1,1,1,4.4495,-0.0244346,-0.00852238,-0.00103219,-0.142503,-0.281982
1480,1,0,0,0,1,1,1,4.4495,0.0226893,-0.00213059,-0.00101284,-0.210258,-0.259424
1481,1,0,0,0,1,1,1,4.4496,0,-0.0138489,-0.00100927,-0.0808862,-0.259424
1482,1,0,0,0,1,1,1,4.4495,0,-7.82767e-19,-0.00100727,-0.232745,-0.304541
1483,1,0,0,0,1,1,1,4.4495,0,0.00958767,-0.00104204,-0.343013,-0.236865
1484,1,0,0,0,1,1,1,4.4495,0,0.00213059,-0.00105272,-0.262396,-0.248145
1485,1,0,0,0,1,1,1,4.4495,0,0.00426119,-0.00104025,-0.284186,-0.236865
1486,1,0,0,0,1,1,1,4.4495,0,0.00852238,-0.00106306,-0.334069,-0.214307
1487,1,0,0,0,1,1,1,4.4495,0,-0.0117183,-0.00101815,-0.105495,-0.169189
1488,1,0,0,0,1,1,1,4.4495,0.00349066,0.00639178,-0.00104226,-0.307888,-0.214307
1489,1,0,0,0,1,1,1,4.4495,0,-0.0159795,-0.00102517,-0.0595008,-0.248145
1490,1,0,0,0,1,1,1,4.4495,0.00872665,0.0159795,-0.00106452,-0.416291,-0.180469
1491,1,0,0,0,1,1,1,4.44941,-0.0279253,-0.00319589,-0.00109027,-0.208761,-0.281982
1492,1,0,0,0,1,1,1,4.4495,0.0174533,0.00958767,-0.00108188,-0.348273,-0.248145
1493,1,0,0,0,1,1,1,4.4495,-0.00872665,-0.010653,-0.00110302,-0.128416,-0.270703
1494,1,0,0,0,1,1,1,4.4495,0,0.00958767,-0.00107469,-0.347303,-0.191748
1495,1,0,0,0,1,1,1,4.4495,-0.0261799,0.00532648,-0.00107569,-0.300582,-0.236865
1496,1,0,0,0,1,1,1,4.4495,0,0.00319589,-0.00108418,-0.278266,-0.270703
1497,1,0,0,0,1,1,1,4.44941,-0.00523599,0.0191753,-0.00111843,-0.458562,-0.406055
1498,1,0,0,0,1,1,1,4.44941,0,-0.00852238,-0.00111526,-0.153469,-0.270703
1499,1,0,0,0,1,1,1,4.44941,0,-0.00745708,-0.00111685,-0.165397,-0.248145
1500,1,0,0,0,1,1,1,4.44941,-0.0122173,0.01811,-0.00115326,-0.451441,-0.236865
1501,1,0,0,0,1,1,1,4.44941,-0.0174533,0.00958767,-0.00115914,-0.358471,-0.248145
1502,1,0,0,0,1,1,1,4.44941,0,0.00532648,-0.00114252,-0.309404,-0.225586
1503,1,0,0,0,1,1,1,4.44941,0,-0.00532648,-0.00113265,-0.190918,-0.169189
1504,1,0,0,0,1,1,1,4.44941,0,-0.0149142,-0.00111005,-0.0824712,-0.180469
1505,1,0,0,0,1,1,1,4.44941,0,-0.0010653,-0.00110949,-0.234734,-0.281982
1506,1,0,0,0,1,1,1,4.44941,0,0.0234365,-0.00110575,-0.503761,-0.214307
1507,1,0,0,0,1,1,1,4.44941,-0.0453786,-0.0234365,-0.00112008,0.00995175,-0.293262
1508,1,0,0,0,1,1,1,4.44931,0.0122173,0.00213059,-0.00112938,-0.272515,-0.281982
1509,1,0,0,0,1,1,1,4.44931,-0.00872665,-0.0159795,-0.00111303,-0.0711462,-0.236865
1510,1,0,0,0,1,1,1,4.44941,0.00872665,0.00852238,-0.00114108,-0.344369,-0.236865
1511,1,0,0,0,1,1,1,4.44931,0,0.00745708,-0.00117647,-0.337321,-0.281982
1512,1,0,0,0,1,1,1,4.44931,0,-0.0127836,-0.00112982,-0.108259,-0.304541
1513,1,0,0,0,1,1,1,4.44941,0,-0.0149142,-0.00116193,-0.0893187,-0.259424
1514,1,0,0,0,1,1,1,4.44931,-0.0174533,0.0255671,-0.00122345,-0.542733,-0.406055
1515,1,0,0,0,1,1,1,4.44922,0,0.00639178,-0.00118969,-0.327349,-0.214307
1516,1,0,0,0,1,1,1,4.44931,0,0.0159795,-0.00118117,-0.431688,-0.248145
1517,1,0,0,0,1,1,1,4.44922,-0.0261799,0.0010653,-0.00121547,-0.27216,-0.360938
1518,1,0,0,0,1,1,1,4.44922,0.010472,-0.0010653,-0.00119202,-0.245618,-0.225586
1519,1,0,0,0,1,1,1,4.44922,-0.0244346,-0.010653,-0.00118401,-0.139107,-0.270703
1520,1,0,0,0,1,1,1,4.44922,0,-0.00745708,-0.0011628,-0.171462,-0.225586
1521,1,0,0,0,1,1,1,4.44931,0,-0.010653,-0.00113855,-0.133106,-0.248145
1522,1,0,0,0,1,1,1,4.44922,-0.010472,-0.010653,-0.00110751,-0.129009,-0.248145
1523,1,0,0,0,1,1,1,4.44931,0.00872665,0.0234365,-0.00112479,-0.506274,-0.259424
1524,1,0,0,0,1,1,1,4.44922,-0.00872665,0.00213059,-0.00114899,-0.275104,-0.3271
1525,1,0,0,0,1,1,1,4.44922,0,-0.0170448,-0.00112677,-0.0608602,-0.372217
1526,1,0,0,0,1,1,1,4.44922,0.00872665,0.00319589,-0.00113752,-0.285308,-0.270703
1527,1,0,0,0,1,1,1,4.44922,-0.00872665,-0.0213059,-0.00111025,-0.0119498,-0.225586
1528,1,0,0,0,1,1,1,4.44931,0.0226893,-4.56614e-19,-0.00118745,-0.256744,-0.236865
1529,1,0,0,0,1,1,1,4.44912,0,0.00639178,-0.00118355,-0.326538,-0.236865
1530,1,0,0,0,1,1,1,4.44922,0.00872665,-0.0010653,-0.0011724,-0.243038,-0.169189
1531,1,0,0,0,1,1,1,4.44922,0,0.00213059,-0.00119562,-0.281258,-0.281982
1532,1,0,0,0,1,1,1,4.44922,0,0.0255671,-0.00119967,-0.539595,-0.248145
1533,1,0,0,0,1,1,1,4.44912,-0.0401426,-0.0159795,-0.00118133,-0.0801618,-0.214307
1534,1,0,0,0,1,1,1,4.44912,0.00872665,0.0010653,-0.00119586,-0.269572,-0.304541
1535,1,0,0,0,1,1,1,4.44912,0,0.00532648,-0.00117188,-0.313279,-0.169189
1536,1,0,0,0,1,1,1,4.44922,0,-0.00426119,-0.00117234,-0.207876,-0.236865
1537,1,0,0,0,1,1,1,4.44912,0,-0.0138489,-0.00114746,-0.0991279,-0.3271
1538,1,0,0,0,1,1,1,4.44912,0,-0.00958767,-0.00119738,-0.15259,-0.31582
1539,1,0,0,0,1,1,1,4.44912,0.00349066,-0.010653,-0.00118688,-0.139485,-0.236865
1540,1,0,0,0,1,1,1,4.44912,0,0.00639178,-0.00119329,-0.327824,-0.259424
1541,1,0,0,0,1,1,1,4.44912,0,-0.00213059,-0.0011758,-0.231649,-0.259424
1542,1,0,0,0,1,1,1,4.44922,0.010472,0.0191753,-0.00116973,-0.465333,-0.248145
1543,1,0,0,0,1,1,1,4.44912,-0.0139626,0.0127836,-0.00119635,-0.398538,-0.259424
1544,1,0,0,0,1,1,1,4.44912,0,0.0245018,-0.00121126,-0.529407,-0.259424
1545,1,0,0,0,1,1,1,4.44902,-0.0331613,-0.00745708,-0.00124255,-0.181989,-0.259424
1546,1,0,0,0,1,1,1,4.44902,0,-0.0138489,-0.00123395,-0.110544,-0.281982
1547,1,0,0,0,1,1,1,4.44912,0.00872665,0.0138489,-0.00123424,-0.415258,-0.169189
1548,1,0,0,0,1,1,1,4.44912,-0.0314159,-0.0010653,-0.00123364,-0.251123,-0.270703
1549,1,0,0,0,1,1,1,4.44902,0.00872665,-0.00745708,-0.00125265,-0.183322,-0.304541
1550,1,0,0,0,1,1,1,4.44902,0,-0.00213059,-0.00124061,-0.240324,-0.259424
1551,1,0,0,0,1,1,1,4.44902,0,0.028763,-0.00126604,-0.583511,-0.203027
1552,1,0,0,0,1,1,1,4.44902,-0.010472,-0.0117183,-0.0013077,-0.143715,-0.338379
1553,1,0,0,0,1,1,1,4.44902,0.0244346,-0.0223712,-0.00129231,-0.024501,-0.349658
1554,1,0,0,0,1,1,1,4.44902,0,-0.0117183,-0.00128638,-0.140901,-0.281982
1555,1,0,0,0,1,1,1,4.44902,0,0.00213059,-0.00130523,-0.295727,-0.304541
1556,1,0,0,0,1,1,1,4.44902,0,0.010653,-0.00131467,-0.390719,-0.214307
1557,1,0,0,0,1,1,1,4.44893,-0.0174533,0.0010653,-0.00132523,-0.286649,-0.31582
1558,1,0,0,0,1,1,1,4.44902,0.0331613,0.00319589,-0.00129561,-0.306082,-0.225586
1559,1,0,0,0,1,1,1,4.44893,-0.0244346,0.0138489,-0.00133963,-0.429169,-0.3271
1560,1,0,0,0,1,1,1,4.44893,0,0.0213059,-0.00134317,-0.511663,-0.304541
1561,1,0,0,0,1,1,1,4.44893,-0.020944,-0.00213059,-0.0013239,-0.251318,-0.191748
1562,1,0,0,0,1,1,1,4.44893,0.0174533,0.00213059,-0.00131885,-0.297525,-0.214307
1563,1,0,0,0,1,1,1,4.44893,-0.00872665,-0.00639178,-0.00132115,-0.204082,-0.281982
1564,1,0,0,0,1,1,1,4.44893,0,-0.0202406,-0.00134006,-0.0542405,-0.349658
1565,1,0,0,0,1,1,1,4.44893,0.0296706,0.010653,-0.00133382,-0.393246,-0.293262
1566,1,0,0,0,1,1,1,4.44893,-0.00174533,0.0138489,-0.00135161,-0.43075,-0.3271
1567,1,0,0,0,1,1,1,4.44883,0,-0.010653,-0.00134892,-0.160875,-0.281982
1568,1,0,0,0,1,1,1,4.44893,0,-0.0170448,-0.00132612,-0.0875558,-0.270703
1569,1,0,0,0,1,1,1,4.44893,0.00872665,0.00852238,-0.00134175,-0.370858,-0.281982
1570,1,0,0,0,1,1,1,4.44893,0,0.0149142,-0.00134939,-0.442175,-0.281982
1571,1,0,0,0,1,1,1,4.44893,-0.00698132,-0.010653,-0.00133645,-0.159126,-0.349658
1572,1,0,0,0,1,1,1,4.44893,0.0349066,-0.00213059,-0.00134625,-0.254268,-0.281982
1573,1,0,0,0,1,1,1,4.44883,0,-0.01811,-0.00135236,-0.0793006,-0.281982
1574,1,0,0,0,1,1,1,4.44883,0,-0.0245018,-0.00134747,-0.00834638,-0.281982
1575,1,0,0,0,1,1,1,4.44893,0.00523599,-0.00319589,-0.00134229,-0.242027,-0.270703
1576,1,0,0,0,1,1,1,4.44883,-0.0331613,0.00958767,-0.00136067,-0.385073,-0.372217
1577,1,0,0,0,1,1,1,4.44883,0.00872665,-0.010653,-0.00133766,-0.159388,-0.225586
1578,1,0,0,0,1,1,1,4.44883,-0.010472,0.00213059,-0.0013701,-0.30429,-0.360938
1579,1,0,0,0,1,1,1,4.44874,0.00872665,0.0127836,-0.0013875,-0.423769,-0.360938
1580,1,0,0,0,1,1,1,4.44874,0,-0.01811,-0.00135218,-0.0792779,-0.338379
1581,1,0,0,0,1,1,1,4.44883,0.0191986,-0.0245018,-0.00132339,-0.0051675,-0.225586
1582,1,0,0,0,1,1,1,4.44883,-0.00872665,-0.0213059,-0.00129589,-0.0366925,-0.203027
1583,1,0,0,0,1,1,1,4.44883,0,0.00745708,-0.00130924,-0.354848,-0.349658
1584,1,5.03803e-07,0.000376852,0.187165,1,1,1,4.44874,0,0.0213059,-0.00132995,-0.480067,-0.203027
1585,1,5.66574e-06,0.00187248,0.408724,1,1,1,4.44874,-0.0366519,0.0127836,-0.00134883,-0.340281,-0.15791
1586,1,2.10155e-05,0.00444082,0.616382,1,1,1,4.44874,0,0.00745708,-0.00136358,-0.223482,-0.248145
1587,1,5.1751e-05,0.00801392,0.810475,1,1,1,4.44883,0,0.0010653,-0.00134111,-0.0792397,-0.135352
1588,1,0.000102713,0.0125233,0.991229,1,1,1,4.44883,0,0.0010653,-0.00128789,0.00873594,-0.146631
1589,1,0.000178501,0.0179086,1.1591,1,1,1,4.44883,0,0.0138489,-0.00121024,-0.0307494,-0.0902344
1590,1,0.000283192,0.0240969,1.31412,1,1,1,4.44893,0.00872665,3.26153e-19,-0.00112266,0.231585,-0.0563965
1591,1,0.000420702,0.0310287,1.45668,1,1,1,4.44893,0.00174533,0.00426119,-0.000996805,0.308879,-0.0112793
1592,1,0.000594496,0.0386384,1.58702,1,1,1,4.44902,0.010472,-0.0117183,-0.000835265,0.620865,0.0338379
1593,1,0.00080802,0.0468744,1.70557,1,1,1,4.44912,0.0366519,-0.0191753,-0.000662087,0.847382,0.124072
1594,1,0.00106434,0.0556799,1.81262,1,1,1,4.44931,0.0488692,0.028763,-0.000425904,0.481335,0.439893
1595,1,0.00136557,0.06498,1.90823,1,1,1,4.44989,0.015708,0.0266324,-0.000198025,0.668855,0.699316
1596,1,0.00171494,0.0747442,1.99298,1,1,1,4.44989,0.020944,0.0340895,1.63727e-05,0.753704,0.721875
1597,1,0.00211366,0.0848928,2.06691,1,1,1,4.45017,0.0418879,0.0213059,0.000237973,1.0655,0.789551
1598,1,0.00256461,0.0953988,2.1305,1,1,1,4.45037,0.0453786,0.0415466,0.000464244,1.01839,0.902344
1599,1,0.00306798,0.106179,2.18386,1,1,1,4.45075,0.0890118,0.0468731,0.000699101,1.13873,0.924902
1600,1,0.00362682,0.11722,2.22746,1,1,1,4.45123,0.116937,0.0607219,0.000982048,1.1751,1.12793
1601,1,0.00424093,0.128446,2.26145,1,1,1,4.45171,0.0733038,0.096942,0.00118963,0.955676,1.12793
1602,1,0.00491147,0.139818,2.28617,1,1,1,4.452,0.0733038,0.0948114,0.00138682,1.15658,1.04897
1603,1,0.00563874,0.151285,2.30189,1,1,1,4.45267,0.137881,0.116117,0.00156341,1.09718,1.00386
1604,1,0.00642454,0.162823,2.30894,1,1,1,4.45315,0.13439,0.118248,0.00169015,1.24096,1.09409
1605,1,0.00726701,0.174361,2.30757,1,1,1,4.45401,0.18326,0.145946,0.00186127,1.10974,1.13921
1606,1,0.00816819,0.185886,2.29807,1,1,1,4.45478,0.193732,0.159795,0.00203779,1.13033,1.19561
1607,1,0.0091263,0.197336,2.28074,1,1,1,4.45573,0.127409,0.169382,0.002183,1.19072,1.21816
1608,1,0.0101414,0.20868,2.25587,1,1,1,4.45631,0.174533,0.187492,0.00230109,1.15145,1.07153
1609,1,0.011213,0.219884,2.22373,1,1,1,4.45756,0.21293,0.180035,0.00242512,1.39123,1.13921
1610,1,0.012339,0.230898,2.18466,1,1,1,4.45852,0.256563,0.204537,0.00250184,1.26982,1.09409
1611,1,0.0135215,0.241717,2.13885,1,1,1,4.45976,0.226893,0.225843,0.00258602,1.18126,1.16177
1612,1,0.0147559,0.252278,2.0867,1,1,1,4.46082,0.260054,0.2333,0.00257855,1.2267,1.09409
1613,1,0.016043,0.262567,2.02843,1,1,1,4.46206,0.280998,0.252475,0.00259312,1.14271,0.947461
1614,1,0.0173818,0.272557,1.96429,1,1,1,4.46331,0.314159,0.258867,0.00261892,1.19635,1.0377
1615,1,0.0187681,0.282202,1.8947,1,1,1,4.46475,0.270526,0.282304,0.00264254,1.05731,1.02642
1616,1,0.0202023,0.291489,1.81984,1,1,1,4.46599,0.305433,0.266324,0.00265566,1.34449,0.936182
1617,1,0.0216823,0.300392,1.74001,1,1,1,4.46801,0.34383,0.30574,0.00265382,1.01528,1.01514
1618,1,0.0232066,0.308887,1.65547,1,1,1,4.46897,0.258309,0.310001,0.00262423,1.0625,1.09409
1619,1,0.0247715,0.316945,1.56659,1,1,1,4.47088,0.324631,0.336634,0.00260107,0.858537,0.947461
1620,1,0.0263741,0.324541,1.47371,1,1,1,4.47203,0.280998,0.336634,0.00255047,0.93665,0.924902
1621,1,0.028016,0.331674,1.37688,1,1,1,4.47395,0.385718,0.330242,0.00254758,1.08609,0.936182
1622,1,0.0296912,0.338309,1.27661,1,1,1,4.47558,0.382227,0.351548,0.00252905,0.921895,1.09409
1623,1,0.0313975,0.344432,1.17315,1,1,1,4.4775,0.289725,0.354744,0.00247644,0.944528,0.95874
1624,1,0.0331335,0.350032,1.06674,1,1,1,4.47874,0.31765,0.367527,0.00241144,0.853008,0.992578
1625,1,0.0348967,0.355094,0.957646,1,1,1,4.48095,0.366519,0.349417,0.00234999,1.09424,0.879785
1626,1,0.0366837,0.359605,0.846192,1,1,1,4.48248,0.385718,0.356874,0.00236189,1.05845,0.97002
1627,1,0.0384934,0.363556,0.732576,1,1,1,4.48478,0.378736,0.387768,0.00226359,0.741361,0.936182
1628,1,0.0403182,0.366929,0.617369,1,1,1,4.48603,0.272271,0.385637,0.00216982,0.779785,0.823389
1629,1,0.0421601,0.369724,0.500565,1,1,1,4.48824,0.403171,0.39629,0.00207137,0.669523,0.676758
1630,1,0.0440145,0.371932,0.382544,1,1,1,4.48977,0.394444,0.399486,0.00202954,0.641799,0.744434
1631,1,0.0458783,0.373548,0.26362,1,1,1,4.49207,0.387463,0.374985,0.0019431,0.904095,0.778271
1632,1,0.047749,0.374567,0.144034,1,1,1,4.4938,0.42586,0.388833,0.0018985,0.74385,0.834668
1633,1,0.0496284,0.374988,0.0237816,1,1,1,4.49591,0.322886,0.400552,0.00185899,0.600276,0.812109
1634,1,0.0514977,0.374809,-0.0958454,1,1,1,4.49734,0.366519,0.411205,0.00176939,0.453346,0.80083
1635,1,0.0533703,0.37403,-0.215608,1,1,1,4.49955,0.342085,0.388833,0.0016995,0.664422,0.676758
1636,1,0.0552372,0.372653,-0.334829,1,1,1,4.50118,0.431096,0.39629,0.00165432,0.544437,0.597803
1637,1,0.0570957,0.370683,-0.453244,1,1,1,4.50319,0.294961,0.37818,0.00163245,0.70129,0.64292
1638,1,0.0589429,0.368123,-0.570568,1,1,1,4.50473,0.389208,0.35794,0.00160764,0.873655,0.48501
1639,1,0.0607758,0.36498,-0.686505,1,1,1,4.50693,0.401426,0.35794,0.0016403,0.825434,0.902344
1640,1,0.0625916,0.361261,-0.80078,1,1,1,4.50847,0.364774,0.366462,0.0016789,0.677468,0.868506
1641,1,0.0643889,0.356972,-0.913184,1,1,1,4.51029,0.301942,0.345156,0.0016967,0.847152,0.631641
1642,1,0.0661617,0.35213,-1.02325,1,1,1,4.51192,0.417134,0.359005,0.00174284,0.628159,0.688037
1643,1,0.067908,0.346747,-1.13071,1,1,1,4.51383,0.296706,0.337699,0.00177171,0.786455,0.857227
1644,1,0.0696285,0.340826,-1.23551,1,1,1,4.51518,0.333358,0.329177,0.00177276,0.793578,0.688037
1645,1,0.0713156,0.334398,-1.33704,1,1,1,4.51719,0.361283,0.332373,0.00178953,0.668485,0.620361
1646,1,0.0729704,0.327466,-1.43524,1,1,1,4.51863,0.350811,0.310001,0.0018166,0.819894,0.597803
1647,1,0.0745893,0.320052,-1.52975,1,1,1,4.52064,0.326377,0.313197,0.0017947,0.677382,0.541406
1648,1,0.0761701,0.312175,-1.6203,1,1,1,4.5217,0.270526,0.325981,0.0017065,0.414247,0.518848
1649,1,0.0777104,0.303856,-1.70659,1,1,1,4.52361,0.307178,0.320654,0.0016576,0.350893,0.530127
1650,1,0.079208,0.295117,-1.78832,1,1,1,4.52476,0.279253,0.314263,0.00155765,0.286985,0.259424
1651,1,0.0806618,0.285975,-1.86527,1,1,1,4.52659,0.329867,0.294022,0.00153182,0.381895,0.439893
1652,1,0.0820673,0.276472,-1.93699,1,1,1,4.52774,0.26529,0.276977,0.00147027,0.432816,0.383496
1653,1,0.083425,0.26662,-2.00334,1,1,1,4.52937,0.305433,0.280173,0.00145057,0.263972,0.439893
1654,1,0.0847337,0.256442,-2.06403,1,1,1,4.53042,0.211185,0.254606,0.00138914,0.401163,0.236865
1655,1,0.0859898,0.245983,-2.11869,1,1,1,4.53176,0.280998,0.2333,0.0013779,0.496308,0.259424
1656,1,0.0871927,0.23527,-2.16706,1,1,1,4.53272,0.205949,0.235431,0.00139772,0.336377,0.259424
1657,1,0.0883414,0.22433,-2.20886,1,1,1,4.53416,0.225147,0.210929,0.00140099,0.464513,0.31582
1658,1,0.0894352,0.213197,-2.24382,1,1,1,4.53483,0.165806,0.203472,0.00144702,0.410361,0.3271
1659,1,0.0904731,0.201904,-2.27165,1,1,1,4.53617,0.20944,0.200276,0.00147329,0.305484,0.383496
1660,1,0.0914547,0.190485,-2.29205,1,1,1,4.53684,0.178024,0.185362,0.00151217,0.330406,0.428613
1661,1,0.0923778,0.178997,-2.30471,1,1,1,4.5379,0.150098,0.182166,0.00151547,0.221511,0.3271
1662,1,0.093244,0.167459,-2.30938,1,1,1,4.53847,0.146608,0.158729,0.00155294,0.340743,0.248145
1663,1,0.0940525,0.155916,-2.30576,1,1,1,4.53943,0.150098,0.150207,0.00156011,0.293144,0.439893
1664,1,0.0948037,0.144407,-2.29354,1,1,1,4.53982,0.0698132,0.140619,0.00163568,0.26896,0.372217
1665,1,0.0954971,0.132989,-2.27245,1,1,1,4.54068,0.125664,0.121444,0.00170451,0.351686,0.383496
1666,1,0.0961334,0.121706,-2.24223,1,1,1,4.54106,0.0942478,0.0937461,0.00182126,0.537712,0.406055
1667,1,0.0967164,0.110544,-2.20237,1,1,1,4.54164,0.0977384,0.0756361,0.00194704,0.619354,0.406055
1668,1,0.0972397,0.0996968,-2.15314,1,1,1,4.54202,0.0959931,0.0862891,0.00206133,0.387478,0.462451
1669,1,0.0977119,0.0890654,-2.09364,1,1,1,4.54231,0.0488692,0.0585913,0.00217877,0.58197,0.507568
1670,1,0.098131,0.0787764,-2.02395,1,1,1,4.5426,0.0837758,0.0767014,0.0022986,0.278563,0.507568
1671,1,0.0984999,0.0688538,-1.94361,1,1,1,4.54288,0,0.039416,0.00241623,0.590255,0.699316
1672,1,0.0988204,0.059353,-1.85231,1,1,1,4.54308,0.0261799,0.0351548,0.00254745,0.547249,0.620361
1673,1,0.0990942,0.0503488,-1.74997,1,1,1,4.54327,0.0122173,0.028763,0.00264039,0.530351,0.48501
1674,1,0.0993248,0.0418709,-1.63599,1,1,1,4.54336,0.0401426,0.0234365,0.00275311,0.512524,0.597803
1675,1,0.0995141,0.0340063,-1.51047,1,1,1,4.54356,0.00174533,0.00213059,0.00291345,0.686018,0.755713
1676,1,0.0996658,0.0267936,-1.37282,1,1,1,4.54365,0,0.00213059,0.00303541,0.629904,0.688037
1677,1,0.0997832,0.0202989,-1.22283,1,1,1,4.54365,0,0.00319589,0.00310889,0.566355,0.563965
1678,1,0.0998701,0.0145826,-1.06013,1,1,1,4.54365,0,-0.00426119,0.00317418,0.606965,0.541406
1679,1,0.0999304,0.00971868,-0.884757,1,1,1,4.54365,0,-0.00532648,0.00324867,0.590893,0.620361
1680,1,0.0999688,0.00576095,-0.696063,1,1,1,4.54365,0,-0.00532648,0.00327773,0.570289,0.417334
1681,1,0.0999897,0.00278028,-0.493887,1,1,1,4.54365,0.00872665,5.21845e-19,0.00330686,0.505195,0.462451
1682,1,0.0999983,0.000843895,-0.277796,1,1,1,4.54365,0,1.36984e-18,0.00334198,0.514479,0.530127
1683,1,0.1,2.41413e-05,-0.0479476,1,1,1,4.54356,0,-0.0127836,0.00337163,0.679544,0.631641
1684,1,0.1,0,0,1,1,1,4.54365,0,-0.00319589,0.00334467,0.576651,0.597803
1685,1,0.1,0,0,1,1,1,4.54356,0,-0.00639178,0.00333473,0.610495,0.507568
1686,1,0.1,0,0,1,1,1,4.54356,0,0.0138489,0.00329953,0.383201,0.496289
1687,1,0.1,0,0,1,1,1,4.54356,0,0.0117183,0.00330215,0.406983,0.541406
1688,1,0.1,0,0,1,1,1,4.54365,0.00349066,-0.00319589,0.00330115,0.570907,0.609082
1689,1,0.1,0,0,1,1,1,4.54356,0,0.0159795,0.00330178,0.360061,0.665479
1690,1,0.1,0,0,1,1,1,4.54356,-0.0383972,0.0127836,0.00328329,0.392776,0.48501
1691,1,0.1,0,0,1,1,1,4.54356,0,0.00852238,0.00322756,0.432292,0.3271
1692,1,0.1,0,0,1,1,1,4.54356,0,0.010653,0.00321612,0.407345,0.575244
1693,1,0.1,0,0,1,1,1,4.54346,-0.0174533,-0.00532648,0.00324431,0.58684,0.406055
1694,1,0.1,0,0,1,1,1,4.54356,0.0244346,-0.00319589,0.00324405,0.56337,0.462451
1695,1,0.1,0,0,1,1,1,4.54356,0.0122173,-0.0010653,0.00328022,0.544707,0.609082
1696,1,0.1,0,0,1,1,1,4.54365,-0.00523599,0.0245018,0.00330316,0.266497,0.609082
1697,1,0.1,0,0,1,1,1,4.54356,-0.0383972,-0.0010653,0.00327076,0.543458,0.563965
1698,1,0.1,0,0,1,1,1,4.54356,0,0.0010653,0.00325559,0.518019,0.462451
1699,1,0.1,0,0,1,1,1,4.54356,0,0.00745708,0.00324671,0.446538,0.47373
1700,1,0.1,0,0,1,1,1,4.54356,0,-0.00213059,0.00321354,0.547624,0.360938
1701,1,0.1,0,0,1,1,1,4.54356,0.0174533,-0.00213059,0.00321621,0.547976,0.47373
1702,1,0.1,0,0,1,1,1,4.54356,0,-0.0213059,0.00321813,0.759158,0.417334
1703,1,0.1,0,0,1,1,1,4.54365,0.0261799,0.00319589,0.00320426,0.487808,0.48501
1704,1,0.1,0,0,1,1,1,4.54356,-0.00349066,0.00639178,0.00322147,0.454925,0.518848
1705,1,0.1,0,0,1,1,1,4.54356,-0.0366519,0.00639178,0.00321663,0.454285,0.417334
1706,1,0.1,0,0,1,1,1,4.54356,0.0174533,-0.00319589,0.00315867,0.552099,0.462451
1707,1,0.1,0,0,1,1,1,4.54356,0.0174533,0.00532648,0.00311752,0.452922,0.372217
1708,1,0.1,0,0,1,1,1,4.54356,0,0.00852238,0.0031333,0.41985,0.462451
1709,1,0.1,0,0,1,1,1,4.54356,-0.00872665,0.00958767,0.00310735,0.404706,0.47373
1710,1,0.1,0,0,1,1,1,4.54356,0,0.00852238,0.00309441,0.414716,0.428613
1711,1,0.1,0,0,1,1,1,4.54356,0,1.76123e-18,0.00308054,0.506632,0.597803
1712,1,0.1,0,0,1,1,1,4.54356,-0.0471239,0.00213059,0.00305907,0.48036,0.451172
1713,1,0.1,0,0,1,1,1,4.54356,0,-0.00319589,0.00305452,0.538352,0.428613
1714,1,0.1,0,0,1,1,1,4.54356,0,-0.0127836,0.00302268,0.639612,0.349658
1715,1,0.1,0,0,1,1,1,4.54356,0.0471239,-0.0117183,0.00302045,0.6276,0.47373
1716,1,0.1,0,0,1,1,1,4.54356,-0.0139626,-0.0127836,0.00305205,0.64349,0.597803
1717,1,0.1,0,0,1,1,1,4.54356,0,0.00852238,0.00298829,0.400708,0.462451
1718,1,0.1,0,0,1,1,1,4.54346,-0.00872665,6.52306e-20,0.00296587,0.491495,0.507568
1719,1,0.1,0,0,1,1,1,4.54356,0,0.0010653,0.00300589,0.485059,0.552686
1720,1,0.1,0,0,1,1,1,4.54356,0,-0.010653,0.00301103,0.614639,0.394775
1721,1,0.1,0,0,1,1,1,4.54356,0.00174533,-0.0117183,0.003021,0.627673,0.462451
1722,1,0.1,0,0,1,1,1,4.54356,0.0174533,0.00532648,0.00303251,0.4417,0.64292
1723,1,0.1,0,0,1,1,1,4.54356,-0.0401426,0.00319589,0.00301301,0.462562,0.439893
1724,1,0.1,0,0,1,1,1,4.54346,0,0.00319589,0.00296159,0.455775,0.259424
1725,1,0.1,0,0,1,1,1,4.54356,0.0139626,-0.0010653,0.0029407,0.499891,0.383496
1726,1,0.1,0,0,1,1,1,4.54356,0,-0.00745708,0.00290661,0.5657,0.338379
1727,1,0.1,0,0,1,1,1,4.54356,0.0401426,0.0191753,0.00288282,0.269604,0.428613
1728,1,0.1,0,0,1,1,1,4.54356,0,-0.00532648,0.00290685,0.542296,0.597803
1729,1,0.1,0,0,1,1,1,4.54356,0,-0.0127836,0.00287491,0.620107,0.372217
1730,1,0.1,0,0,1,1,1,4.54346,0,0.0234365,0.00285481,0.219033,0.451172
1731,1,0.1,0,0,1,1,1,4.54346,-0.0226893,0.00532648,0.00286338,0.419375,0.552686
1732,1,0.1,0,0,1,1,1,4.54356,0,-0.00958767,0.00286137,0.583165,0.552686
1733,1,0.1,0,0,1,1,1,4.54356,0.0261799,0.0010653,0.00286146,0.465995,0.552686
1734,1,0.1,0,0,1,1,1,4.54356,-0.015708,0.00426119,0.00284025,0.42804,0.451172
1735,1,0.1,0,0,1,1,1,4.54356,0.0139626,-0.00532648,0.00284168,0.533694,0.620361
1736,1,0.1,0,0,1,1,1,4.54356,-0.0261799,-0.0010653,0.00286566,0.489985,0.507568
1737,1,0.1,0,0,1,1,1,4.54356,0.00872665,0.00958767,0.00285763,0.371743,0.530127
1738,1,0.1,0,0,1,1,1,4.54356,0,0.00532648,0.00281683,0.41323,0.451172
1739,1,0.1,0,0,1,1,1,4.54356,0,-0.00639178,0.0028401,0.545203,0.439893
1740,1,0.1,0,0,1,1,1,4.54356,0.020944,-0.0138489,0.00283786,0.626935,0.507568
1741,1,0.1,0,0,1,1,1,4.54356,0.00872665,-0.00426119,0.00281716,0.518738,0.338379
1742,1,0.1,0,0,1,1,1,4.54356,0.00872665,0.0170448,0.00279698,0.28171,0.48501
1743,1,0.1,0,0,1,1,1,4.54346,-0.015708,-0.0191753,0.00279964,0.680481,0.530127
1744,1,0.1,0,0,1,1,1,4.54356,0.010472,-0.0010653,0.00282563,0.484701,0.778271
1745,1,0.1,0,0,1,1,1,4.54356,-0.0174533,-0.00319589,0.00280628,0.505583,0.541406
1746,1,0.1,0,0,1,1,1,4.54356,0,-0.00426119,0.00278083,0.513942,0.383496
1747,1,0.1,0,0,1,1,1,4.54356,0.00872665,0.00319589,0.00278106,0.431946,0.462451
1748,1,0.1,0,0,1,1,1,4.54356,0,0.0138489,0.00280105,0.317401,0.575244
1749,1,0.1,0,0,1,1,1,4.54346,-0.0139626,0.00213059,0.00280874,0.447317,0.394775
1750,1,0.1,0,0,1,1,1,4.54356,0.0174533,0.0010653,0.0027915,0.456759,0.417334
1751,1,0.1,0,0,1,1,1,4.54356,0,-1.30461e-18,0.00277084,0.465751,0.597803
1752,1,0.1,0,0,1,1,1,4.54356,-0.0366519,0.0138489,0.0027587,0.31181,0.462451
1753,1,0.1,0,0,1,1,1,4.54356,0,1.95692e-19,0.00275051,0.463067,0.417334
1754,1,0.1,0,0,1,1,1,4.54356,0.00349066,-0.00532648,0.00271981,0.517607,0.439893
1755,1,0.1,0,0,1,1,1,4.54356,0,0.00745708,0.00271171,0.375918,0.451172
1756,1,0.1,0,0,1,1,1,4.54346,-0.0244346,0.0127836,0.00270655,0.316645,0.451172
1757,1,0.1,0,0,1,1,1,4.54356,-0.0226893,0.0117183,0.00268575,0.325618,0.428613
1758,1,0.1,0,0,1,1,1,4.54346,0,0.01811,0.00266459,0.252515,0.349658
1759,1,0.1,0,0,1,1,1,4.54346,-0.0122173,0.010653,0.00263458,0.330581,0.349658
1760,1,0.1,0,0,1,1,1,4.54346,0.0366519,0.0127836,0.00262968,0.306499,0.394775
1761,1,0.1,0,0,1,1,1,4.54356,-0.0279253,0.00426119,0.00264866,0.40275,0.563965
1762,1,0.1,0,0,1,1,1,4.54356,0,-0.00958767,0.00266103,0.55672,0.3271
1763,1,0.1,0,0,1,1,1,4.54356,0,0.0223712,0.00264757,0.203395,0.31582
1764,1,0.1,0,0,1,1,1,4.54356,0.00872665,0.00213059,0.0026476,0.426046,0.3271
1765,1,0.1,0,0,1,1,1,4.54356,0,-0.010653,0.00264194,0.565918,0.439893
1766,1,0.1,0,0,1,1,1,4.54356,0,0.00639178,0.00266458,0.381415,0.394775
1767,1,0.1,0,0,1,1,1,4.54356,-0.0174533,-0.00532648,0.00264286,0.507449,0.338379
1768,1,0.1,0,0,1,1,1,4.54346,0,0.0202406,0.00261494,0.222525,0.394775
1769,1,0.1,0,0,1,1,1,4.54346,-0.00872665,0.00852238,0.00263184,0.353656,0.462451
1770,1,0.1,0,0,1,1,1,4.54356,0,0.00532648,0.00261739,0.386904,0.31582
1771,1,0.1,0,0,1,1,1,4.54346,0.00872665,0.0308936,0.0025565,0.0976281,0.293262
1772,1,0.1,0,0,1,1,1,4.54346,-0.00872665,-0.0298283,0.00259401,0.770521,0.293262
1773,1,0.1,0,0,1,1,1,4.54356,0.0418879,-0.00958767,0.00264239,0.55426,0.496289
1774,1,0.1,0,0,1,1,1,4.54346,-0.0279253,0.0170448,0.00261963,0.258299,0.518848
1775,1,0.1,0,0,1,1,1,4.54346,-0.0383972,-0.010653,0.00259654,0.559926,0.372217
1776,1,0.1,0,0,1,1,1,4.54346,0.010472,-0.0010653,0.00258728,0.453239,0.439893
1777,1,0.1,0,0,1,1,1,4.54346,-0.00174533,-0.0010653,0.00261187,0.456485,0.462451
1778,1,0.1,0,0,1,1,1,4.54346,0.00872665,0.0340895,0.0025367,0.05986,0.236865
1779,1,0.1,0,0,1,1,1,4.54336,0,-0.00532648,0.0025849,0.499798,0.507568
1780,1,0.1,0,0,1,1,1,4.54356,0,-0.0127836,0.00257095,0.579985,0.496289
1781,1,0.1,0,0,1,1,1,4.54346,0.0436332,0.00852238,0.00255368,0.343339,0.372217
1782,1,0.1,0,0,1,1,1,4.54346,-0.020944,0.00852238,0.00253689,0.341124,0.383496
1783,1,0.1,0,0,1,1,1,4.54346,0,-0.00532648,0.00249649,0.488128,0.360938
1784,1,0.1,0,0,1,1,1,4.54346,0,-0.00958767,0.00247928,0.532729,0.439893
1785,1,0.1,0,0,1,1,1,4.54346,0.0174533,0.0138489,0.00248626,0.275849,0.507568
1786,1,0.1,0,0,1,1,1,4.54346,-0.0296706,-0.00958767,0.00246202,0.530451,0.360938
1787,1,0.1,0,0,1,1,1,4.54346,0.0331613,0.0223712,0.00246077,0.178738,0.439893
1788,1,0.1,0,0,1,1,1,4.54346,-0.00872665,0.00426119,0.00243363,0.374366,0.47373
1789,1,0.1,0,0,1,1,1,4.54346,0,0.00852238,0.0024526,0.329997,0.518848
1790,1,0.1,0,0,1,1,1,4.54356,0,-0.0159795,0.00243001,0.596535,0.47373
1791,1,0.1,0,0,1,1,1,4.54346,0.0366519,0.00319589,0.00244667,0.387806,0.47373
1792,1,0.1,0,0,1,1,1,4.54346,-0.0314159,0.00213059,0.00243634,0.398161,0.417334
1793,1,0.1,0,0,1,1,1,4.54346,0,-0.00319589,0.0024295,0.455849,0.406055
1794,1,0.1,0,0,1,1,1,4.54346,0,-0.00745708,0.00241056,0.500222,0.451172
1795,1,0.1,0,0,1,1,1,4.54346,0,-0.0159795,0.00239767,0.592266,0.293262
1796,1,0.1,0,0,1,1,1,4.54346,0.0261799,-0.00426119,0.00236722,0.459346,0.417334
1797,1,0.1,0,0,1,1,1,4.54336,-0.00349066,0.00852238,0.00239523,0.322424,0.383496
1798,1,0.1,0,0,1,1,1,4.54346,0,-0.0159795,0.00236038,0.587344,0.394775
1799,1,0.1,0,0,1,1,1,4.54346,0.0418879,-0.0202406,0.00236833,0.635267,0.48501
1800,1,0.1,0,0,1,1,1,4.54346,-0.0244346,-0.00213059,0.00238636,0.438436,0.563965
1801,1,0.1,0,0,1,1,1,4.54346,-0.0174533,-0.0213059,0.00237679,0.648101,0.349658
1802,1,0.1,0,0,1,1,1,4.54346,0.010472,-0.0127836,0.0023749,0.554106,0.406055
1803,1,0.1,0,0,1,1,1,4.54346,0,0.0127836,0.00237449,0.272813,0.451172
1804,1,0.1,0,0,1,1,1,4.54346,0,0.0117183,0.0023692,0.283834,0.47373
1805,1,0.1,0,0,1,1,1,4.54346,-0.0139626,0.00532648,0.00234517,0.350971,0.372217
1806,1,0.1,0,0,1,1,1,4.54346,0,-0.00532648,0.00238848,0.47387,0.428613
1807,1,0.1,0,0,1,1,1,4.54346,0,-0.0117183,0.00238813,0.544134,0.47373
1808,1,0.1,0,0,1,1,1,4.54346,-0.00174533,1.04369e-18,0.00239105,0.415619,0.439893
1809,1,0.1,0,0,1,1,1,4.54346,0,-0.00426119,0.00239633,0.463189,0.48501
1810,1,0.1,0,0,1,1,1,4.54346,0,-0.0117183,0.00241736,0.547992,0.47373
1811,1,0.1,0,0,1,1,1,4.54346,0,-0.00639178,0.00239837,0.486895,0.338379
1812,1,0.1,0,0,1,1,1,4.54336,0,0.00532648,0.00238928,0.356793,0.3271
1813,1,0.1,0,0,1,1,1,4.54346,-0.0261799,0.0010653,0.0024116,0.406613,0.428613
1814,1,0.1,0,0,1,1,1,4.54346,0.0191986,0.0149142,0.00240572,0.2535,0.383496
1815,1,0.1,0,0,1,1,1,4.54346,-0.0279253,-0.010653,0.00240095,0.534108,0.439893
1816,1,0.1,0,0,1,1,1,4.54346,0.015708,0.0149142,0.00233284,0.243784,0.259424
1817,1,0.1,0,0,1,1,1,4.54336,0,-0.0149142,0.00231265,0.569325,0.31582
1818,1,0.1,0,0,1,1,1,4.54336,0,0.0149142,0.00232457,0.242788,0.406055
1819,1,0.1,0,0,1,1,1,4.54336,-0.0174533,0.00426119,0.00227444,0.353353,0.270703
1820,1,0.1,0,0,1,1,1,4.54336,0,0.00745708,0.00224252,0.313984,0.214307
1821,1,0.1,0,0,1,1,1,4.54336,0.0139626,0.00639178,0.00226158,0.32822,0.451172
1822,1,0.1,0,0,1,1,1,4.54346,-0.0418879,-0.00745708,0.00228203,0.483256,0.270703
1823,1,0.1,0,0,1,1,1,4.54356,0,-0.00745708,0.00230942,0.486872,0.270703
1824,1,0.1,0,0,1,1,1,4.54336,0,-0.00319589,0.00229668,0.438316,0.428613
1825,1,0.1,0,0,1,1,1,4.54346,-0.00349066,0.0191753,0.00224214,0.185034,0.248145
1826,1,0.1,0,0,1,1,1,4.54336,0,0.0223712,0.00217981,0.141651,0.236865
1827,1,0.1,0,0,1,1,1,4.54336,-0.00872665,-0.00852238,0.00217817,0.481265,0.248145
1828,1,0.1,0,0,1,1,1,4.54336,0.00872665,0.00213059,0.00217482,0.36364,0.281982
1829,1,0.1,0,0,1,1,1,4.54336,0,0.00213059,0.00217525,0.363697,0.225586
1830,1,0.1,0,0,1,1,1,4.54336,0.0122173,-0.00319589,0.00216234,0.420583,0.281982
1831,1,0.1,0,0,1,1,1,4.54336,0,0.0127836,0.00218387,0.247651,0.338379
1832,1,0.1,0,0,1,1,1,4.54346,0,0.0159795,0.00219861,0.214443,0.259424
1833,1,0.1,0,0,1,1,1,4.54346,-0.00872665,0.00745708,0.00218726,0.30669,0.383496
1834,1,0.1,0,0,1,1,1,4.54336,0,0.00319589,0.00217489,0.351931,0.360938
1835,1,0.1,0,0,1,1,1,4.54336,-0.0174533,-0.0149142,0.00216407,0.549713,0.304541
1836,1,0.1,0,0,1,1,1,4.54346,0.0296706,-0.00213059,0.00215036,0.407284,0.372217
1837,1,0.1,0,0,1,1,1,4.54346,0,-0.00852238,0.0021644,0.479447,0.236865
1838,1,0.1,0,0,1,1,1,4.54346,0.0261799,-0.00213059,0.00216002,0.408559,0.360938
1839,1,0.1,0,0,1,1,1,4.54336,0,0.0234365,0.00212346,0.122494,0.383496
1840,1,0.1,0,0,1,1,1,4.54336,-0.0296706,-5.87076e-19,0.0020794,0.37448,0.293262
1841,1,0.1,0,0,1,1,1,4.54336,0.00174533,-0.00639178,0.0020778,0.44458,0.383496
1842,1,0.1,0,0,1,1,1,4.54336,0,-0.00958767,0.0020828,0.480394,0.203027
1843,1,0.1,0,0,1,1,1,4.54346,0.00174533,0.00639178,0.00210243,0.307211,0.507568
1844,1,0.1,0,0,1,1,1,4.54336,-0.00872665,0.0127836,0.00209948,0.236513,0.462451
1845,1,0.1,0,0,1,1,1,4.54336,-0.0279253,0.0127836,0.0020772,0.233572,0.360938
1846,1,0.1,0,0,1,1,1,4.54336,0,0.0117183,0.00208111,0.245805,0.439893
1847,1,0.1,0,0,1,1,1,4.54336,-0.0139626,0.00852238,0.00205092,0.276975,0.417334
1848,1,0.1,0,0,1,1,1,4.54336,0,0.00639178,0.00207351,0.303394,0.417334
1849,1,0.1,0,0,1,1,1,4.54336,0,0.0159795,0.00204719,0.194456,0.338379
1850,1,0.1,0,0,1,1,1,4.54336,0,0.00745708,0.00203179,0.286169,0.304541
1851,1,0.1,0,0,1,1,1,4.54336,0,-0.0149142,0.00199548,0.527459,0.3271
1852,1,0.1,0,0,1,1,1,4.54336,0,-0.0117183,0.00197994,0.490253,0.304541
1853,1,0.1,0,0,1,1,1,4.54336,0.0226893,-0.00426119,0.00204664,0.41703,0.552686
1854,1,0.1,0,0,1,1,1,4.54346,0,-0.00532648,0.00205426,0.429754,0.575244
1855,1,0.1,0,0,1,1,1,4.54336,0,0.028763,0.00205818,0.0552862,0.406055
1856,1,0.1,0,0,1,1,1,4.54346,0.0122173,0.00532648,0.00201778,0.307755,0.394775
1857,1,0.1,0,0,1,1,1,4.54336,0,-0.00213059,0.00196464,0.382769,0.259424
1858,1,0.1,0,0,1,1,1,4.54336,0,0.0117183,0.00192565,0.225284,0.31582
1859,1,0.1,0,0,1,1,1,4.54336,0,-0.00319589,0.00190261,0.386299,0.293262
1860,1,0.1,0,0,1,1,1,4.54336,0,-0.0127836,0.00192839,0.495166,0.360938
1861,1,0.1,0,0,1,1,1,4.54336,0,-0.00852238,0.00192856,0.448316,0.48501
1862,1,0.1,0,0,1,1,1,4.54336,-0.0296706,0.0213059,0.00191049,0.117819,0.31582
1863,1,0.1,0,0,1,1,1,4.54336,0,-0.00426119,0.00187978,0.395004,0.31582
1864,1,0.1,0,0,1,1,1,4.54336,0,1.63077e-18,0.00187664,0.347717,0.31582
1865,1,0.1,0,0,1,1,1,4.54336,0,0.00852238,0.00184992,0.250444,0.281982
1866,1,0.1,0,0,1,1,1,4.54336,0,-0.00426119,0.00183741,0.389412,0.31582
1867,1,0.1,0,0,1,1,1,4.54336,0.00523599,0.00319589,0.00190867,0.31679,0.518848
1868,1,0.1,0,0,1,1,1,4.54336,-0.0244346,-0.00532648,0.00191353,0.411177,0.417334
1869,1,0.1,0,0,1,1,1,4.54336,0.00872665,0.0010653,0.00191122,0.340563,0.338379
1870,1,0.1,0,0,1,1,1,4.54336,-0.0139626,0.0159795,0.00191175,0.176577,0.248145
1871,1,0.1,0,0,1,1,1,4.54336,-0.0279253,-0.00852238,0.00187243,0.440906,0.270703
1872,1,0.1,0,0,1,1,1,4.54327,0.00872665,0.0117183,0.00190301,0.222296,0.439893
1873,1,0.1,0,0,1,1,1,4.54336,-0.0383972,0.00532648,0.00188847,0.290686,0.48501
1874,1,0.1,0,0,1,1,1,4.54336,0,0.0127836,0.00185461,0.20419,0.428613
1875,1,0.1,0,0,1,1,1,4.54336,-0.00698132,0.0010653,0.0018186,0.328337,0.372217
1876,1,0.1,0,0,1,1,1,4.54336,0,0.0117183,0.00182291,0.211723,0.349658
1877,1,0.1,0,0,1,1,1,4.54336,0,0.0191753,0.00177693,0.123626,0.304541
1878,1,0.1,0,0,1,1,1,4.54336,0,0.00213059,0.00177345,0.310659,0.191748
1879,1,0.1,0,0,1,1,1,4.54336,0,0.00426119,0.00175244,0.284449,0.3271
1880,1,0.1,0,0,1,1,1,4.54336,0,-0.00745708,0.00175967,0.414304,0.439893
1881,1,0.1,0,0,1,1,1,4.54336,0,0.0351548,0.00175125,-0.0555374,0.394775
1882,1,0.1,0,0,1,1,1,4.54336,-0.0139626,-0.0159795,0.00174668,0.506336,0.203027
1883,1,0.1,0,0,1,1,1,4.54336,0.00349066,0.0191753,0.00176336,0.121835,0.270703
1884,1,0.099999,-0.000753794,-0.374353,1,1,1,4.54336,0,0.010653,0.00176987,0.156732,0.383496
1885,1,0.0999887,-0.00374806,-0.817775,1,1,1,4.54336,-0.0366519,0.00745708,0.00174551,0.0913793,0.31582
1886,1,0.0999579,-0.0088862,-1.23306,1,1,1,4.54327,-0.00349066,-0.0117183,0.00177432,0.185934,0.270703
1887,1,0.0998964,-0.0160331,-1.62119,1,1,1,4.54327,-0.00872665,-0.0149142,0.00171806,0.0717264,0.180469
1888,1,0.0997945,-0.0250549,-1.98275,1,1,1,4.54327,0,0.00639178,0.00158861,-0.342703,0.0902344
1889,1,0.0996431,-0.0358092,-2.31798,1,1,1,4.54317,-0.0296706,-0.0010653,0.00147102,-0.456764,-0.0676758
1890,1,0.0994338,-0.0481856,-2.62804,1,1,1,4.54308,0,-0.0159795,0.00128891,-0.515943,-0.0338379
1891,1,0.0991586,-0.0620588,-2.91338,1,1,1,4.54269,-0.0890118,0.00745708,0.00103565,-1.02311,-0.541406
1892,1,0.0988107,-0.077288,-3.17422,1,1,1,4.54231,-0.0977384,-0.0447425,0.000819706,-0.707699,-0.586523
1893,1,0.0983836,-0.0937609,-3.41131,1,1,1,4.54202,-0.0226893,-0.0649831,0.000608798,-0.754782,-0.766992
1894,1,0.0978713,-0.111361,-3.62524,1,1,1,4.54173,-0.0820305,-0.0777667,0.000492238,-0.881202,-0.64292
1895,1,0.0972688,-0.129962,-3.81649,1,1,1,4.54106,-0.178024,-0.0809626,0.000283192,-1.13667,-0.947461
1896,1,0.0965705,-0.149478,-3.98587,1,1,1,4.54039,-0.143117,-0.104399,0.000102283,-1.17449,-1.11665
1897,1,0.095772,-0.169802,-4.13393,1,1,1,4.53962,-0.158825,-0.153403,1.28016e-06,-0.926589,-0.95874
1898,1,0.0948716,-0.19078,-4.26091,1,1,1,4.53895,-0.188496,-0.170448,-9.07555e-05,-1.03389,-0.902344
1899,1,0.0938627,-0.212386,-4.36785,1,1,1,4.53771,-0.207694,-0.211994,-0.000147974,-0.871956,-1.01514
1900,1,0.0927471,-0.234425,-4.45486,1,1,1,4.53694,-0.202458,-0.2333,-0.000196204,-0.933839,-1.0377
1901,1,0.091519,-0.256877,-4.52286,1,1,1,4.53541,-0.235619,-0.238627,-0.00030187,-1.18268,-0.913623
1902,1,0.0901768,-0.27964,-4.57234,1,1,1,4.53426,-0.329867,-0.247149,-0.000360878,-1.39095,-0.992578
1903,1,0.0887225,-0.302569,-4.60379,1,1,1,4.53263,-0.298451,-0.272716,-0.000429625,-1.41308,-1.17305
1904,1,0.0871509,-0.325646,-4.61788,1,1,1,4.53138,-0.321141,-0.299348,-0.00046807,-1.41856,-1.20688
1905,1,0.0854648,-0.348738,-4.61513,1,1,1,4.52927,-0.37001,-0.33983,-0.000529023,-1.27303,-1.27456
1906,1,0.0836635,-0.371773,-4.59614,1,1,1,4.52793,-0.347321,-0.352613,-0.000533314,-1.42031,-1.36479
1907,1,0.0817488,-0.394656,-4.56151,1,1,1,4.52591,-0.387463,-0.374985,-0.00050961,-1.45438,-1.19561
1908,1,0.0797171,-0.417363,-4.51173,1,1,1,4.52419,-0.432842,-0.395225,-0.000560145,-1.5183,-1.33096
1909,1,0.0775743,-0.439765,-4.44747,1,1,1,4.52131,-0.472984,-0.413335,-0.000644935,-1.60545,-1.50015
1910,1,0.0753201,-0.461814,-4.36926,1,1,1,4.51968,-0.397935,-0.461274,-0.000680348,-1.35146,-1.46631
1911,1,0.0729566,-0.483438,-4.27768,1,1,1,4.517,-0.493928,-0.481514,-0.000719207,-1.39489,-1.43247
1912,1,0.0704864,-0.50457,-4.17333,1,1,1,4.5146,-0.617847,-0.485775,-0.000719449,-1.59998,-1.27456
1913,1,0.0679117,-0.525152,-4.05675,1,1,1,4.51153,-0.509636,-0.534779,-0.000706673,-1.30307,-1.37607
1914,1,0.0652382,-0.545102,-3.92867,1,1,1,4.50962,-0.476475,-0.559281,-0.000592838,-1.2507,-1.20688
1915,1,0.0624639,-0.564403,-3.7894,1,1,1,4.50588,-0.712094,-0.592305,-0.000545349,-1.10482,-1.10537
1916,1,0.0595949,-0.582981,-3.63965,1,1,1,4.50329,-0.591667,-0.612546,-0.000430046,-1.07813,-1.28584
1917,1,0.0566333,-0.600795,-3.47991,1,1,1,4.50003,-0.60912,-0.625329,-0.000232145,-1.10999,-0.97002
1918,1,0.0535889,-0.617764,-3.31105,1,1,1,4.49734,-0.715585,-0.634917,-0.000103406,-1.17565,-1.10537
1919,1,0.0504594,-0.633878,-3.13332,1,1,1,4.49351,-0.605629,-0.660484,1.59549e-05,-1.05461,-1.16177
1920,1,0.0472491,-0.649095,-2.94726,1,1,1,4.49082,-0.706858,-0.673268,0.000154051,-1.05884,-0.95874
1921,1,0.0439674,-0.663351,-2.75373,1,1,1,4.48661,-0.654498,-0.684986,0.000263121,-1.06609,-1.17305
1922,1,0.0406174,-0.67662,-2.5532,1,1,1,4.48373,-0.719076,-0.708422,0.000362799,-0.932432,-1.12793
1923,1,0.0372058,-0.688862,-2.34635,1,1,1,4.4797,-0.6353,-0.708422,0.000440224,-1.04567,-1.07153
1924,1,0.0337328,-0.700065,-2.13347,1,1,1,4.47673,-0.790634,-0.723337,0.000526093,-0.979727,-1.08281
1925,1,0.0302041,-0.710196,-1.91513,1,1,1,4.4727,-0.631809,-0.73612,0.000632702,-0.919598,-1.02642
1926,1,0.02663,-0.719216,-1.69222,1,1,1,4.46983,-0.762709,-0.737185,0.000718118,-0.977091,-0.902344
1927,1,0.0230142,-0.72711,-1.46521,1,1,1,4.46532,-0.699877,-0.712684,0.000734154,-1.31095,-1.06025
1928,1,0.0193634,-0.733858,-1.23473,1,1,1,4.46206,-0.860447,-0.746773,0.000800304,-0.97842,-1.02642
1929,1,0.0156772,-0.739452,-1.00096,1,1,1,4.45784,-0.630064,-0.781928,0.000874759,-0.618135,-0.936182
1930,1,0.0119689,-0.743867,-0.764957,1,1,1,4.45487,-0.804597,-0.748904,0.00103909,-0.978421,-0.654199
1931,1,0.0082402,-0.747098,-0.527031,1,1,1,4.45017,-0.755728,-0.77021,0.00118844,-0.733092,-0.665479
1932,1,0.00450191,-0.749135,-0.288067,1,1,1,4.44739,-0.720821,-0.757426,0.00131488,-0.850533,-0.868506
1933,1,0.000750953,-0.749976,-0.0480608,1,1,1,4.4427,-0.74002,-0.77021,0.00143651,-0.672322,-0.64292
1934,1,-0.00299573,-0.749617,0.191711,1,1,1,4.44011,-0.652753,-0.773406,0.00156979,-0.58286,-0.541406
1935,1,-0.00674305,-0.748058,0.431368,1,1,1,4.43483,-0.881391,-0.75423,0.00161893,-0.735663,-0.676758
1936,1,-0.0104776,-0.745304,0.66986,1,1,1,4.43177,-0.712094,-0.758491,0.0017212,-0.608713,-0.552686
1937,1,-0.0141943,-0.741362,0.906672,1,1,1,4.42764,-0.738274,-0.760622,0.00178182,-0.495952,-0.530127
1938,1,-0.0178887,-0.736241,1.14132,1,1,1,4.42448,-0.832522,-0.737185,0.00179906,-0.655667,-0.541406
1939,1,-0.0215544,-0.729954,1.37319,1,1,1,4.42007,-0.663225,-0.749969,0.00186851,-0.395721,-0.507568
1940,1,-0.0251838,-0.72252,1.60159,1,1,1,4.41719,-0.71733,-0.757426,0.00196972,-0.176161,-0.360938
1941,1,-0.0287782,-0.713942,1.8264,1,1,1,4.41307,-0.6353,-0.707357,0.00202908,-0.581363,-0.270703
1942,1,-0.0323244,-0.704257,2.04655,1,1,1,4.4101,-0.827286,-0.729728,0.0020675,-0.178829,-0.383496
1943,1,-0.0358158,-0.693495,2.26141,1,1,1,4.40578,-0.55676,-0.710553,0.00251497,-0.166673,-0.372217
1944,1,-0.0392551,-0.681659,2.4709,1,1,1,4.40339,-0.638791,-0.6999,0.00261341,-0.0939866,-0.146631
1945,1,-0.0426306,-0.668798,2.67404,1,1,1,4.39927,-0.720821,-0.657288,0.00224944,-0.421867,-0.135352
1946,1,-0.0459407,-0.654932,2.87047,1,1,1,4.39658,-0.66497,-0.657288,0.00262123,-0.172163,-0.225586
1947,1,-0.0491784,-0.640105,3.0595,1,1,1,4.39294,-0.610865,-0.630656,0.00262409,-0.253071,-0.248145
1948,1,-0.0523425,-0.624338,3.24074,1,1,1,4.39064,-0.514872,-0.626395,0.00259566,-0.0812386,-0.112793
1949,1,-0.0554206,-0.607712,3.41317,1,1,1,4.38766,-0.572468,-0.580587,0.0025614,-0.357523,-0.214307
1950,1,-0.058416,-0.590233,3.57664,1,1,1,4.38479,-0.715585,-0.566738,0.00248487,-0.278369,-0.0902344
1951,1,-0.0613242,-0.571946,3.73056,1,1,1,4.38086,-0.647517,-0.544367,0.0023841,-0.28724,-0.236865
1952,1,-0.0641364,-0.552932,3.87407,1,1,1,4.37846,-0.572468,-0.543301,0.00234302,-0.0460963,-0.124072
1953,1,-0.066852,-0.533225,4.00677,1,1,1,4.37549,-0.47822,-0.529453,0.00231305,0.0630562,-0.0112793
1954,1,-0.0694675,-0.512883,4.12807,1,1,1,4.37348,-0.516617,-0.517734,0.00232122,0.207226,-0.101514
1955,1,-0.0719779,-0.491982,4.2373,1,1,1,4.3705,-0.462512,-0.490037,0.00235389,0.184328,-0.0902344
1956,1,-0.0743849,-0.470543,4.33409,1,1,1,4.36887,-0.356047,-0.48258,0.00235565,0.384952,-0.0789551
1957,1,-0.0766897,-0.448593,4.41796,1,1,1,4.36686,-0.417134,-0.454882,0.0023961,0.372822,0.0451172
1958,1,-0.0788707,-0.426391,4.48765,1,1,1,4.36485,-0.47822,-0.431445,0.00244825,0.410319,0.146631
1959,1,-0.0809461,-0.403809,4.54329,1,1,1,4.36264,-0.331613,-0.401617,0.00242295,0.370224,0.203027
1960,1,-0.0829096,-0.380967,4.5841,1,1,1,4.3613,-0.354302,-0.380311,0.00236748,0.421145,0.214307
1961,1,-0.0847557,-0.357995,4.60943,1,1,1,4.359,-0.361283,-0.308936,0.00225819,-0.086199,0.31582
1962,1,-0.086488,-0.334917,4.61876,1,1,1,4.35766,-0.326377,-0.289761,0.00209497,-0.0279027,0.15791
1963,1,-0.0881059,-0.311819,4.6115,1,1,1,4.35583,-0.287979,-0.289761,0.00197615,0.245854,0.214307
1964,1,-0.0896064,-0.288831,4.5871,1,1,1,4.35488,-0.216421,-0.278043,0.00183605,0.383944,0.191748
1965,1,-0.0909936,-0.26599,4.54493,1,1,1,4.35353,-0.214675,-0.217321,0.00166858,-0.0246772,0.248145
1966,1,-0.0922668,-0.243411,4.48447,1,1,1,4.35257,-0.253073,-0.192819,0.0014345,-0.0521983,-0.0112793
1967,1,-0.0934291,-0.221161,4.40503,1,1,1,4.35123,-0.176278,-0.173643,0.00122416,-0.0240625,0.124072
1968,1,-0.0944801,-0.199377,4.30619,1,1,1,4.35075,-0.127409,-0.150207,0.00102487,-0.0500316,0
1969,1,-0.0954237,-0.178133,4.18729,1,1,1,4.34979,-0.178024,-0.136358,0.000780213,0.0127855,0.0451172
1970,1,-0.0962625,-0.157538,4.04778,1,1,1,4.34912,-0.143117,-0.0937461,0.00051053,-0.25497,0
1971,1,-0.0970003,-0.13769,3.88706,1,1,1,4.34855,-0.0820305,-0.117183,0.000254833,0.192264,-0.0789551
1972,1,-0.0976409,-0.118703,3.70459,1,1,1,4.34826,-0.0698132,-0.0745708,3.80738e-05,-0.0940635,-0.0676758
1973,1,-0.0981889,-0.100683,3.49977,1,1,1,4.34788,-0.0558505,-0.0415466,-0.000174785,-0.290442,-0.0676758
1974,1,-0.0986492,-0.0837559,3.27218,1,1,1,4.34769,-0.0488692,-0.0170448,-0.000467859,-0.422576,-0.180469
1975,1,-0.0990281,-0.0680134,3.02095,1,1,1,4.34749,-0.020944,0.0010653,-0.000725886,-0.497341,-0.169189
1976,1,-0.0993315,-0.0535876,2.74565,1,1,1,4.3474,-0.010472,0.00639178,-0.000990599,-0.452813,-0.180469
1977,1,-0.0995665,-0.040589,2.44543,1,1,1,4.3474,-0.0191986,0.00745708,-0.00125753,-0.383304,-0.15791
1978,1,-0.0997402,-0.0291642,2.12022,1,1,1,4.34721,-0.0366519,0.0170448,-0.00152115,-0.430412,-0.304541
1979,1,-0.0998609,-0.019437,1.7695,1,1,1,4.34673,-0.10821,0.0564607,-0.00177862,-0.829412,-0.439893
1980,1,-0.0999375,-0.0115215,1.3921,1,1,1,4.34644,-0.0575959,0.039416,-0.00201512,-0.631751,-0.665479
1981,1,-0.0999794,-0.00555659,0.987439,1,1,1,4.34644,0.0418879,0.0138489,-0.0021351,-0.350962,-0.48501
1982,1,-0.0999966,-0.00168967,0.555894,1,1,1,4.34663,0.0174533,0.00852238,-0.00223776,-0.31993,-0.552686
1983,1,-0.1,-4.83217e-05,0.0959338,1,1,1,4.34653,0.0506145,0.0170448,-0.00231443,-0.469006,-0.406055
1984,1,-0.1,-0,-0,1,1,1,4.34663,0,0.00319589,-0.00237018,-0.340559,-0.338379
1985,1,-0.1,-0,-0,1,1,1,4.34653,0.020944,0.0117183,-0.00239047,-0.440258,-0.406055
1986,1,-0.1,-0,-0,1,1,1,4.34663,0,0.00745708,-0.00235567,-0.391298,-0.383496
1987,1,-0.1,-0,-0,1,1,1,4.34663,0,-0.00532648,-0.0023349,-0.250456,-0.248145
1988,1,-0.1,-0,-0,1,1,1,4.34663,0,0.00532648,-0.00230803,-0.366143,-0.236865
1989,1,-0.1,-0,-0,1,1,1,4.34663,0,0.0117183,-0.00230576,-0.438769,-0.281982
1990,1,-0.1,-0,-0,1,1,1,4.34663,0,-0.010653,-0.00233182,-0.199572,-0.338379
1991,1,-0.1,-0,-0,1,1,1,4.34663,0,0.010653,-0.00235618,-0.440274,-0.428613
1992,1,-0.1,-0,-0,1,1,1,4.34663,-0.00872665,0.00745708,-0.00235937,-0.408441,-0.31582
1993,1,-0.1,-0,-0,1,1,1,4.34663,0,-0.00532648,-0.00238329,-0.274615,-0.428613
1994,1,-0.1,-0,-0,1,1,1,4.34653,0,-0.00745708,-0.0023699,-0.251934,-0.31582
1995,1,-0.1,-0,-0,1,1,1,4.34663,0,0.0159795,-0.00236171,-0.510883,-0.191748
1996,1,-0.1,-0,-0,1,1,1,4.34663,0,0.00426119,-0.00236762,-0.385889,-0.417334
1997,1,-0.1,-0,-0,1,1,1,4.34663,0,-0.0010653,-0.0023817,-0.332413,-0.406055
1998,1,-0.1,-0,-0,1,1,1,4.34663,0,-1.95692e-19,-0.0023559,-0.343071,-0.338379
1999,1,-0.1,-0,-0,1,1,1,4.34663,0,-0.0138489,-0.00238758,-0.198607,-0.48501
2000,1,-0.1,-0,-0,1,1,1,4.34653,0.00349066,-6.52306e-20,-0.00239174,-0.354481,-0.360938
2001,1,-0.1,-0,-0,1,1,1,4.34653,-0.0174533,0.0010653,-0.00238847,-0.368783,-0.394775
2002,1,-0.1,-0,-0,1,1,1,4.34653,0.00349066,0.0149142,-0.00242141,-0.528548,-0.394775
2003,1,-0.1,-0,-0,1,1,1,4.34653,-0.0174533,0.00319589,-0.00240399,-0.399981,-0.349658
2004,1,-0.1,-0,-0,1,1,1,4.34663,0.0174533,-0.00426119,-0.00239604,-0.319738,-0.180469
2005,1,-0.1,-0,-0,1,1,1,4.34663,0,0.0266324,-0.002409,-0.664079,-0.394775
2006,1,-0.1,-0,-0,1,1,1,4.34663,0,-0.0010653,-0.00240874,-0.362806,-0.360938
2007,1,-0.1,-0,-0,1,1,1,4.34653,0.00698132,0.00745708,-0.00245082,-0.465817,-0.428613
2008,1,-0.1,-0,-0,1,1,1,4.34653,0,-0.0117183,-0.00243852,-0.256202,-0.428613
2009,1,-0.1,-0,-0,1,1,1,4.34663,0,0.0138489,-0.00244422,-0.540721,-0.203027
2010,1,-0.1,-0,-0,1,1,1,4.34653,-0.0174533,-0.0117183,-0.00245296,-0.263906,-0.338379
2011,1,-0.1,-0,-0,1,1,1,4.34653,0,0.00213059,-0.00246579,-0.420997,-0.372217
2012,1,-0.1,-0,-0,1,1,1,4.34653,0,-0.0117183,-0.00249186,-0.27606,-0.383496
2013,1,-0.1,-0,-0,1,1,1,4.34653,0.00872665,0.00958767,-0.00251089,-0.516039,-0.541406
2014,1,-0.1,-0,-0,1,1,1,4.34653,0,-0.00426119,-0.00251848,-0.367955,-0.48501
2015,1,-0.1,-0,-0,1,1,1,4.34653,0,-0.0191753,-0.00249013,-0.202916,-0.31582
2016,1,-0.1,-0,-0,1,1,1,4.34653,0,-0.00745708,-0.00247545,-0.332513,-0.383496
2017,1,-0.1,-0,-0,1,1,1,4.34653,0.015708,-0.0191753,-0.00247582,-0.206634,-0.225586
2018,1,-0.1,-0,-0,1,1,1,4.34653,-0.0366519,0.0010653,-0.00245484,-0.428943,-0.293262
2019,1,-0.1,-0,-0,1,1,1,4.34653,0,0.00958767,-0.00246114,-0.526472,-0.31582
2020,1,-0.1,-0,-0,1,1,1,4.34653,0,-0.00852238,-0.00244531,-0.328235,-0.563965
2021,1,-0.1,-0,-0,1,1,1,4.34653,0.0279253,0.00852238,-0.00243815,-0.515582,-0.383496
2022,1,-0.1,-0,-0,1,1,1,4.34653,-0.0349066,0.0362201,-0.0024647,-0.823761,-0.462451
2023,1,-0.1,-0,-0,1,1,1,4.34644,-0.0296706,0.0191753,-0.00250395,-0.64145,-0.293262
2024,1,-0.1,-0,-0,1,1,1,4.34644,0,-1.43507e-18,-0.00251873,-0.432472,-0.48501
2025,1,-0.1,-0,-0,1,1,1,4.34653,0,-0.0138489,-0.00253309,-0.28203,-0.338379
2026,1,-0.1,-0,-0,1,1,1,4.34644,-0.0174533,-0.0010653,-0.00252798,-0.421976,-0.338379
2027,1,-0.1,-0,-0,1,1,1,4.34653,0,-0.0010653,-0.0025048,-0.418915,-0.417334
2028,1,-0.1,-0,-0,1,1,1,4.34653,-0.00174533,0.0245018,-0.00251409,-0.70138,-0.293262
2029,1,-0.1,-0,-0,1,1,1,4.34644,-0.0383972,-0.00319589,-0.00256213,-0.403046,-0.530127
2030,1,-0.1,-0,-0,1,1,1,4.34644,0.010472,0.00319589,-0.00257885,-0.475563,-0.530127
2031,1,-0.1,-0,-0,1,1,1,4.34644,-0.00872665,0.0138489,-0.00259313,-0.594631,-0.428613
2032,1,-0.1,-0,-0,1,1,1,4.34644,0,-0.00532648,-0.00258513,-0.382646,-0.48501
2033,1,-0.1,-0,-0,1,1,1,4.34644,0,0.00426119,-0.00260274,-0.490434,-0.620361
2034,1,-0.1,-0,-0,1,1,1,4.34644,0,-0.0127836,-0.00256959,-0.298566,-0.48501
2035,1,-0.1,-0,-0,1,1,1,4.34653,0,0.0010653,-0.00257559,-0.451696,-0.48501
2036,1,-0.1,-0,-0,1,1,1,4.34644,-0.00872665,-0.00213059,-0.00258634,-0.41796,-0.518848
2037,1,-0.1,-0,-0,1,1,1,4.34644,0,0.00213059,-0.00264243,-0.472238,-0.530127
2038,1,-0.1,-0,-0,1,1,1,4.34644,-0.00174533,-0.00532648,-0.00260354,-0.385076,-0.439893
2039,1,-0.1,-0,-0,1,1,1,4.34653,0,0.00639178,-0.00259116,-0.512342,-0.428613
2040,1,-0.1,-0,-0,1,1,1,4.34653,0,0.0010653,-0.0026213,-0.457729,-0.541406
2041,1,-0.1,-0,-0,1,1,1,4.34644,0.00174533,-0.00319589,-0.00263853,-0.413132,-0.48501
2042,1,-0.1,-0,-0,1,1,1,4.34644,-0.00523599,-0.00852238,-0.00267256,-0.359032,-0.676758
2043,1,-0.1,-0,-0,1,1,1,4.34653,0.0296706,7.17537e-19,-0.00266105,-0.451259,-0.575244
2044,1,-0.1,-0,-0,1,1,1,4.34644,-0.00523599,0.0149142,-0.00269453,-0.619734,-0.552686
2045,1,-0.1,-0,-0,1,1,1,4.34634,0,0.00852238,-0.00272569,-0.553538,-0.541406
2046,1,-0.1,-0,-0,1,1,1,4.34644,0,0.00745708,-0.0027342,-0.542943,-0.530127
2047,1,-0.1,-0,-0,1,1,1,4.34644,0,0.00958767,-0.00272805,-0.565566,-0.563965
2048,1,-0.1,-0,-0,1,1,1,4.34644,0.0349066,-0.00426119,-0.00275955,-0.417387,-0.575244
2049,1,-0.1,-0,-0,1,1,1,4.34644,0,0.0117183,-0.00277394,-0.595061,-0.609082
2050,1,-0.1,-0,-0,1,1,1,4.34644,0,-0.0010653,-0.00279339,-0.45701,-0.47373
2051,1,-0.1,-0,-0,1,1,1,4.34644,0,0.00319589,-0.00282028,-0.507431,-0.507568
2052,1,-0.1,-0,-0,1,1,1,4.34644,-0.010472,0.0213059,-0.00284481,-0.70988,-0.575244
2053,1,-0.1,-0,-0,1,1,1,4.34634,-0.0174533,0.00639178,-0.00285144,-0.5467,-0.47373
2054,1,-0.1,-0,-0,1,1,1,4.34644,0,0.0010653,-0.00286526,-0.489933,-0.462451
2055,1,-0.1,-0,-0,1,1,1,4.34644,0,-0.00319589,-0.00287436,-0.444261,-0.654199
2056,1,-0.1,-0,-0,1,1,1,4.34644,0.0139626,0.00213059,-0.00288994,-0.504908,-0.518848
2057,1,-0.1,-0,-0,1,1,1,4.34644,-0.0174533,0.00852238,-0.0029206,-0.579266,-0.575244
2058,1,-0.1,-0,-0,1,1,1,4.34634,-0.00523599,0.0255671,-0.00293098,-0.768128,-0.48501
2059,1,-0.1,-0,-0,1,1,1,4.34634,-0.0366519,0.00319589,-0.00293645,-0.522766,-0.406055
2060,1,-0.1,-0,-0,1,1,1,4.34634,0.0191986,-0.00639178,-0.00293191,-0.416703,-0.631641
2061,1,-0.1,-0,-0,1,1,1,4.34644,0.0174533,-0.00426119,-0.00293174,-0.440117,-0.541406
2062,1,-0.1,-0,-0,1,1,1,4.34644,0,-0.00532648,-0.00295248,-0.431136,-0.563965
2063,1,-0.1,-0,-0,1,1,1,4.34634,0,0.00426119,-0.0029865,-0.541091,-0.733154
2064,1,-0.1,-0,-0,1,1,1,4.34634,0.0453786,0.00639178,-0.00296213,-0.561311,-0.518848
2065,1,-0.1,-0,-0,1,1,1,4.34644,-0.0244346,0.00532648,-0.00296959,-0.550578,-0.31582
2066,1,-0.1,-0,-0,1,1,1,4.34644,0.0261799,-0.00852238,-0.0029595,-0.396909,-0.428613
2067,1,-0.1,-0,-0,1,1,1,4.34644,0,0.00639178,-0.00300499,-0.566969,-0.496289
2068,1,-0.1,-0,-0,1,1,1,4.34634,-0.0226893,0.00532648,-0.00299746,-0.554256,-0.372217
2069,1,-0.1,-0,-0,1,1,1,4.34644,0,0.01811,-0.00300429,-0.695776,-0.462451
2070,1,-0.1,-0,-0,1,1,1,4.34644,0.0122173,0.0117183,-0.00302082,-0.627649,-0.394775
2071,1,-0.1,-0,-0,1,1,1,4.34634,-0.00523599,0.00426119,-0.00302454,-0.546113,-0.518848
2072,1,-0.1,-0,-0,1,1,1,4.34644,0.00698132,-0.0159795,-0.00300633,-0.321062,-0.428613
2073,1,-0.1,-0,-0,1,1,1,4.34644,0,-0.00426119,-0.00302134,-0.451944,-0.417334
2074,1,-0.1,-0,-0,1,1,1,4.34634,-0.0279253,0.0223712,-0.00305427,-0.749248,-0.47373
2075,1,-0.1,-0,-0,1,1,1,4.34634,0,0.00426119,-0.00305949,-0.550726,-0.688037
2076,1,-0.1,-0,-0,1,1,1,4.34634,0.0575959,0.00213059,-0.00305366,-0.526519,-0.609082
2077,1,-0.1,-0,-0,1,1,1,4.34634,-0.0139626,-0.0138489,-0.00303241,-0.347941,-0.439893
2078,1,-0.1,-0,-0,1,1,1,4.34634,0.00872665,-0.0191753,-0.00303939,-0.290271,-0.496289
2079,1,-0.1,-0,-0,1,1,1,4.34644,0.0383972,0.00745708,-0.00303088,-0.582104,-0.394775
2080,1,-0.1,-0,-0,1,1,1,4.34634,-0.0191986,0.0149142,-0.00306429,-0.668542,-0.47373
2081,1,-0.1,-0,-0,1,1,1,4.34634,0,0.00532648,-0.00308127,-0.56532,-0.439893
2082,1,-0.1,-0,-0,1,1,1,4.34634,0,0.00958767,-0.00311358,-0.616457,-0.541406
2083,1,-0.1,-0,-0,1,1,1,4.34634,0,0.00852238,-0.00311095,-0.604392,-0.383496
2084,1,-0.1,-0,-0,1,1,1,4.34634,0,0.00852238,-0.00309673,-0.602514,-0.394775
2085,1,-0.1,-0,-0,1,1,1,4.34634,0,0.00639178,-0.00311878,-0.581988,-0.597803
2086,1,-0.1,-0,-0,1,1,1,4.34634,-0.00174533,-0.010653,-0.00312146,-0.39485,-0.507568
2087,1,-0.1,-0,-0,1,1,1,4.34634,0,0.0202406,-0.0031229,-0.734869,-0.406055
2088,1,-0.1,-0,-0,1,1,1,4.34634,0,-0.0276977,-0.00313466,-0.209101,-0.541406
2089,1,-0.1,-0,-0,1,1,1,4.34634,0.0471239,-0.00639178,-0.00313931,-0.444079,-0.665479
2090,1,-0.1,-0,-0,1,1,1,4.34634,-0.0279253,-0.0149142,-0.00314173,-0.350653,-0.688037
2091,1,-0.1,-0,-0,1,1,1,4.34644,0.0314159,-0.00958767,-0.0031312,-0.407854,-0.563965
2092,1,-0.1,-0,-0,1,1,1,4.34634,-0.0331613,0.00426119,-0.00314616,-0.562166,-0.620361
2093,1,-0.1,-0,-0,1,1,1,4.34634,0.0139626,-0.00745708,-0.00315371,-0.434262,-0.597803
2094,1,-0.1,-0,-0,1,1,1,4.34634,0,0.00213059,-0.00314216,-0.538202,-0.507568
2095,1,-0.1,-0,-0,1,1,1,4.34634,-0.0122173,-0.010653,-0.00313024,-0.396009,-0.631641
2096,1,-0.1,-0,-0,1,1,1,4.34634,0,-0.0127836,-0.00314579,-0.374625,-0.496289
2097,1,-0.1,-0,-0,1,1,1,4.34634,0.0296706,0.010653,-0.00315066,-0.63307,-0.48501
2098,1,-0.1,-0,-0,1,1,1,4.34634,-0.0401426,0.01811,-0.00318694,-0.719886,-0.631641
2099,1,-0.1,-0,-0,1,1,1,4.34634,0,-0.0191753,-0.00316555,-0.306924,-0.507568
2100,1,-0.1,-0,-0,1,1,1,4.34634,0,0.0159795,-0.00317566,-0.694961,-0.563965
2101,1,-0.1,-0,-0,1,1,1,4.34634,-0.00872665,0.00426119,-0.00318307,-0.567038,-0.597803
2102,1,-0.1,-0,-0,1,1,1,4.34634,0.0174533,-0.0127836,-0.00316129,-0.376671,-0.620361
2103,1,-0.1,-0,-0,1,1,1,4.34634,0.015708,-6.52306e-20,-0.00314742,-0.515459,-0.406055
2104,1,-0.1,-0,-0,1,1,1,4.34634,-0.00872665,-0.00745708,-0.003154,-0.4343,-0.541406
2105,1,-0.1,-0,-0,1,1,1,4.34634,0.015708,-0.00213059,-0.00316368,-0.49417,-0.349658
2106,1,-0.1,-0,-0,1,1,1,4.34625,-0.0610865,-0.0298283,-0.0031448,-0.187002,-0.530127
2107,1,-0.1,-0,-0,1,1,1,4.34644,0.0541052,0.00745708,-0.00315114,-0.597979,-0.507568
2108,1,-0.1,-0,-0,1,1,1,4.34634,-0.0558505,-0.0127836,-0.00315183,-0.375423,-0.417334
2109,1,-0.1,-0,-0,1,1,1,4.34634,0.0296706,0.0127836,-0.00316046,-0.6578,-0.552686
2110,1,-0.1,-0,-0,1,1,1,4.34634,-0.0383972,0.00852238,-0.00319706,-0.615758,-0.688037
2111,1,-0.1,-0,-0,1,1,1,4.34625,0.0349066,-0.0127836,-0.003225,-0.385081,-0.586523
2112,1,-0.1,-0,-0,1,1,1,4.34625,-0.00349066,0.0138489,-0.00321931,-0.677286,-0.575244
2113,1,-0.1,-0,-0,1,1,1,4.34625,-0.010472,-0.0117183,-0.00321028,-0.394856,-0.496289
2114,1,-0.1,-0,-0,1,1,1,4.34625,0.020944,-0.010653,-0.00321405,-0.407071,-0.609082
2115,1,-0.1,-0,-0,1,1,1,4.34625,0,-0.0127836,-0.00321644,-0.38395,-0.654199
2116,1,-0.1,-0,-0,1,1,1,4.34625,0,-0.00639178,-0.0032534,-0.459139,-0.552686
2117,1,-0.1,-0,-0,1,1,1,4.34625,0,0.00426119,-0.00323695,-0.574151,-0.48501
2118,1,-0.1,-0,-0,1,1,1,4.34634,-0.00349066,0.0117183,-0.0032325,-0.65559,-0.48501
2119,1,-0.1,-0,-0,1,1,1,4.34625,-0.00174533,0.0117183,-0.00323092,-0.655382,-0.496289
2120,1,-0.1,-0,-0,1,1,1,4.34634,0,-0.00532648,-0.00321769,-0.466144,-0.620361
2121,1,-0.1,-0,-0,1,1,1,4.34634,0.010472,0.00852238,-0.00322325,-0.619215,-0.575244
2122,1,-0.1,-0,-0,1,1,1,4.34634,-0.00349066,0.00532648,-0.00320698,-0.581913,-0.394775
2123,1,-0.1,-0,-0,1,1,1,4.34634,-0.0279253,3.26153e-19,-0.00321802,-0.524778,-0.575244
2124,1,-0.1,-0,-0,1,1,1,4.34634,0,0.0245018,-0.00326126,-0.800007,-0.47373
2125,1,-0.1,-0,-0,1,1,1,4.34625,-0.00698132,-4.56614e-19,-0.00326802,-0.531378,-0.428613
2126,1,-0.1,-0,-0,1,1,1,4.34634,0,0.00532648,-0.00325819,-0.588673,-0.394775
2127,1,-0.1,-0,-0,1,1,1,4.34625,-0.020944,0.00958767,-0.00328242,-0.638744,-0.620361
2128,1,-0.1,-0,-0,1,1,1,4.34625,0,-1.17415e-18,-0.00327885,-0.532808,-0.496289
2129,1,-0.1,-0,-0,1,1,1,4.34625,0,-0.0234365,-0.00327327,-0.27427,-0.597803
2130,1,-0.1,-0,-0,1,1,1,4.34625,0.0174533,-0.010653,-0.0032694,-0.414378,-0.609082
2131,1,-0.1,-0,-0,1,1,1,4.34625,0,0.0010653,-0.00327591,-0.544138,-0.688037
2132,1,-0.1,-0,-0,1,1,1,4.34625,0.00349066,-0.0149142,-0.00330211,-0.371823,-0.48501
2133,1,-0.1,-0,-0,1,1,1,4.34634,0.0244346,0.0117183,-0.00326386,-0.659731,-0.48501
2134,1,-0.1,-0,-0,1,1,1,4.34634,0.00523599,0.00852238,-0.00327796,-0.626437,-0.609082
2135,1,-0.1,-0,-0,1,1,1,4.34625,0,0.0010653,-0.00329533,-0.546701,-0.48501
2136,1,-0.1,-0,-0,1,1,1,4.34625,-0.0226893,0.00958767,-0.00330608,-0.641867,-0.518848
2137,1,-0.1,-0,-0,1,1,1,4.34634,0,-0.00319589,-0.00331022,-0.501794,-0.47373
2138,1,-0.1,-0,-0,1,1,1,4.34625,-0.0244346,-0.0010653,-0.00332241,-0.52684,-0.496289
2139,1,-0.1,-0,-0,1,1,1,4.34625,0,0.0010653,-0.00333619,-0.552095,-0.688037
2140,1,-0.1,-0,-0,1,1,1,4.34625,-0.00872665,0.00745708,-0.00332538,-0.620978,-0.597803
2141,1,-0.1,-0,-0,1,1,1,4.34625,-0.00872665,0.0159795,-0.00335424,-0.718533,-0.586523
2142,1,-0.1,-0,-0,1,1,1,4.34625,0.00872665,-0.0010653,-0.00336394,-0.532322,-0.530127
2143,1,-0.1,-0,-0,1,1,1,4.34625,0,0.0191753,-0.00340821,-0.760813,-0.48501
2144,1,-0.1,-0,-0,1,1,1,4.34625,0,0.00319589,-0.00340766,-0.584965,-0.372217
2145,1,-0.1,-0,-0,1,1,1,4.34625,0,-0.0010653,-0.00341054,-0.538473,-0.394775
2146,1,-0.1,-0,-0,1,1,1,4.34634,0.00523599,-0.00639178,-0.00342193,-0.481385,-0.439893
2147,1,-0.1,-0,-0,1,1,1,4.34625,0.00523599,0.0234365,-0.00346615,-0.815334,-0.676758
2148,1,-0.1,-0,-0,1,1,1,4.34625,-0.0244346,0.0170448,-0.00348946,-0.748102,-0.778271
2149,1,-0.1,-0,-0,1,1,1,4.34615,0.00872665,-0.00426119,-0.00348691,-0.5134,-0.676758
2150,1,-0.1,-0,-0,1,1,1,4.34625,0.0191986,-0.028763,-0.00345737,-0.23998,-0.439893
2151,1,-0.1,-0,-0,1,1,1,4.34625,0.015708,0.00532648,-0.00345784,-0.615026,-0.721875
2152,1,-0.1,-0,-0,1,1,1,4.34625,-0.00523599,-0.00213059,-0.00347849,-0.535725,-0.518848
2153,1,-0.1,-0,-0,1,1,1,4.34625,0.00523599,-0.0138489,-0.00344362,-0.40222,-0.372217
2154,1,-0.1,-0,-0,1,1,1,4.34625,0,-0.00213059,-0.00342488,-0.528647,-0.360938
2155,1,-0.1,-0,-0,1,1,1,4.34625,0,0.01811,-0.00342457,-0.751254,-0.609082
2156,1,-0.1,-0,-0,1,1,1,4.34625,0,0.00426119,-0.00345996,-0.603587,-0.699316
2157,1,-0.1,-0,-0,1,1,1,4.34615,0,0.00213059,-0.00346888,-0.581329,-0.631641
2158,1,-0.1,-0,-0,1,1,1,4.34625,0,-0.0170448,-0.00347621,-0.371367,-0.597803
2159,1,-0.1,-0,-0,1,1,1,4.34625,0.0226893,0.00319589,-0.00350526,-0.59785,-0.518848
2160,1,-0.1,-0,-0,1,1,1,4.34615,-0.0471239,0.00426119,-0.00345824,-0.603361,-0.496289
2161,1,-0.1,-0,-0,1,1,1,4.34625,-0.00872665,-0.0234365,-0.00344571,-0.297032,-0.676758
2162,1,-0.1,-0,-0,1,1,1,4.34615,0,0.00639178,-0.00344571,-0.625144,-0.733154
2163,1,-0.1,-0,-0,1,1,1,4.34625,0,0.00958767,-0.00347321,-0.663929,-0.563965
2164,1,-0.1,-0,-0,1,1,1,4.34615,-0.0314159,-0.00639178,-0.00346353,-0.486876,-0.64292
2165,1,-0.1,-0,-0,1,1,1,4.34625,0,-0.0117183,-0.00346221,-0.428111,-0.609082
2166,1,-0.1,-0,-0,1,1,1,4.34615,-0.020944,0.010653,-0.00347401,-0.675752,-0.609082
2167,1,-0.1,-0,-0,1,1,1,4.34625,0,0.00958767,-0.00348096,-0.664951,-0.518848
2168,1,-0.1,-0,-0,1,1,1,4.34615,-0.020944,0.00745708,-0.00349602,-0.643502,-0.688037
2169,1,-0.1,-0,-0,1,1,1,4.34615,0.00872665,-0.0010653,-0.00351963,-0.552872,-0.541406
2170,1,-0.1,-0,-0,1,1,1,4.34615,-0.0244346,-0.00532648,-0.00349619,-0.502906,-0.530127
2171,1,-0.1,-0,-0,1,1,1,4.34625,0,-0.0159795,-0.00350297,-0.386618,-0.710596
2172,1,-0.1,-0,-0,1,1,1,4.34615,0,-0.0010653,-0.00352077,-0.553023,-0.631641
2173,1,-0.1,-0,-0,1,1,1,4.34615,0,0.00745708,-0.00351613,-0.646157,-0.676758
2174,1,-0.1,-0,-0,1,1,1,4.34625,0.0191986,0.00745708,-0.00353712,-0.648927,-0.496289
2175,1,-0.1,-0,-0,1,1,1,4.34615,-0.0226893,0.00745708,-0.00355519,-0.651313,-0.744434
2176,1,-0.1,-0,-0,1,1,1,4.34615,0.0261799,0.00745708,-0.00357401,-0.653797,-0.597803
2177,1,-0.1,-0,-0,1,1,1,4.34615,0,0.0010653,-0.00359448,-0.58619,-0.575244
2178,1,-0.1,-0,-0,1,1,1,4.34625,0,8.47998e-19,-0.00360925,-0.576421,-0.530127
2179,1,-0.1,-0,-0,1,1,1,4.34615,0,-0.00745708,-0.00363606,-0.497931,-0.688037
2180,1,-0.1,-0,-0,1,1,1,4.34615,0.00872665,0.0234365,-0.00363794,-0.83801,-0.676758
2181,1,-0.1,-0,-0,1,1,1,4.34615,-0.00872665,-0.0149142,-0.00361942,-0.413708,-0.496289
2182,1,-0.1,-0,-0,1,1,1,4.34615,0.0174533,0.0010653,-0.00362203,-0.589826,-0.496289
2183,1,-0.1,-0,-0,1,1,1,4.34615,-0.00174533,0.00958767,-0.00363435,-0.685198,-0.609082
2184,1,-0.099999,0.00075526,0.374711,1,1,1,4.34615,0,0.010653,-0.00362916,-0.636452,-0.552686
2185,1,-0.0999887,0.00374567,0.817524,1,1,1,4.34615,0,-0.00426119,-0.00364128,-0.376972,-0.597803
2186,1,-0.0999579,0.00888682,1.2331,1,1,1,4.34625,0.0401426,-0.00213059,-0.00364346,-0.280283,-0.428613
2187,1,-0.0998964,0.0160358,1.62132,1,1,1,4.34625,0,0.00213059,-0.00360568,-0.18018,-0.462451
2188,1,-0.0997945,0.0250538,1.98271,1,1,1,4.34634,0.0471239,0.00852238,-0.00352393,-0.0778091,-0.225586
2189,1,-0.099643,0.0358188,2.31825,1,1,1,4.34644,0,0.0127836,-0.00342413,0.0688794,-0.180469
2190,1,-0.0994336,0.0481959,2.62828,1,1,1,4.34644,0.015708,0.00639178,-0.00326953,0.356837,-0.169189
2191,1,-0.0991585,0.0620631,2.91346,1,1,1,4.34673,0.0488692,0.0191753,-0.00304282,0.459274,-0.101514
2192,1,-0.0988107,0.0772895,3.17424,1,1,1,4.34692,0.0541052,0.0202406,-0.00277939,0.710234,0.0112793
2193,1,-0.0983835,0.0937672,3.41139,1,1,1,4.34788,0.261799,0.0191753,-0.00246342,1.0054,0.47373
2194,1,-0.0978711,0.111367,3.62531,1,1,1,4.34884,0.188496,0.0447425,-0.00207954,1.03007,1.08281
2195,1,-0.0972683,0.129978,3.81664,1,1,1,4.34912,0,0.0479384,-0.00173612,1.30446,1.11665
2196,1,-0.09657,0.149491,3.98598,1,1,1,4.34941,0.118682,0.0873543,-0.00141512,1.18653,1.11665
2197,1,-0.0957721,0.169799,4.13391,1,1,1,4.35027,0.139626,0.113987,-0.00112634,1.2112,1.17305
2198,1,-0.0948715,0.190781,4.26092,1,1,1,4.35085,0.16057,0.158729,-0.000913077,1.03164,1.17305
2199,1,-0.0938632,0.212375,4.3678,1,1,1,4.35171,0.136136,0.180035,-0.000727322,1.11016,1.252
2200,1,-0.0927471,0.234425,4.45486,1,1,1,4.35248,0.18675,0.184296,-0.000542247,1.37958,1.12793
2201,1,-0.0915181,0.256894,4.5229,1,1,1,4.35401,0.29147,0.247149,-0.000371118,1.0059,1.13921
2202,1,-0.0901769,0.279638,4.57234,1,1,1,4.35497,0.219911,0.258867,-0.000260066,1.18585,1.19561
2203,1,-0.0887212,0.302589,4.60381,1,1,1,4.35651,0.287979,0.283369,-0.00017359,1.22194,1.20688
2204,1,-0.087152,0.325631,4.61787,1,1,1,4.35775,0.333358,0.333438,-0.00010606,0.973269,1.36479
2205,1,-0.0854648,0.348738,4.61513,1,1,1,4.35957,0.254818,0.333438,-3.65466e-05,1.27345,1.252
2206,1,-0.0836635,0.371773,4.59614,1,1,1,4.36092,0.345575,0.346222,-2.05977e-06,1.42485,1.00386
2207,1,-0.0817475,0.394671,4.56148,1,1,1,4.36341,0.485202,0.365397,0.000162134,1.52195,1.46631
2208,1,-0.0797172,0.417361,4.51173,1,1,1,4.36513,0.382227,0.431445,0.000206783,1.08179,1.53398
2209,1,-0.0775741,0.439767,4.44746,1,1,1,4.36724,0.338594,0.421858,0.00023483,1.46449,1.252
2210,1,-0.0753201,0.461814,4.36926,1,1,1,4.36897,0.45204,0.439968,0.000285503,1.5397,1.22944
2211,1,-0.0729567,0.483437,4.27769,1,1,1,4.37204,0.516617,0.487906,0.000318725,1.27774,1.44375
2212,1,-0.0704865,0.504569,4.17333,1,1,1,4.37386,0.469494,0.50069,0.000364762,1.39621,1.54526
2213,1,-0.0679122,0.525148,4.05678,1,1,1,4.37664,0.497419,0.52093,0.000351308,1.41501,1.252
2214,1,-0.0652362,0.545116,3.92857,1,1,1,4.37904,0.6353,0.541171,0.000374798,1.43019,1.44375
2215,1,-0.0624621,0.564415,3.78931,1,1,1,4.38239,0.476475,0.578456,0.000362799,1.24271,1.36479
2216,1,-0.0595931,0.582993,3.63956,1,1,1,4.3844,0.586431,0.582717,0.00034073,1.40607,1.37607
2217,1,-0.0566354,0.600784,3.48002,1,1,1,4.38834,0.668461,0.589109,0.000332845,1.53662,1.33096
2218,1,-0.0535886,0.617765,3.31104,1,1,1,4.39083,0.574213,0.640243,0.000312256,1.16251,1.35352
2219,1,-0.0504595,0.633878,3.13333,1,1,1,4.39447,0.602139,0.662615,0.000201962,1.07869,1.31968
2220,1,-0.0472485,0.649097,2.94723,1,1,1,4.39716,0.68766,0.670072,6.06033e-05,1.14136,1.10537
2221,1,-0.0439676,0.66335,2.75374,1,1,1,4.4009,0.677188,0.690312,-7.61951e-05,1.05072,1.04897
2222,1,-0.0406197,0.676611,2.55334,1,1,1,4.40377,0.736529,0.705227,-0.000193923,1.00809,1.0377
2223,1,-0.0372029,0.688872,2.34618,1,1,1,4.40799,0.666716,0.710553,-0.000268715,1.06355,1.20688
2224,1,-0.0337304,0.700072,2.13332,1,1,1,4.41087,0.705113,0.698835,-0.000363169,1.28953,1.08281
2225,1,-0.0302046,0.710194,1.91516,1,1,1,4.41528,0.760964,0.73399,-0.000492642,0.980599,1.00386
2226,1,-0.0266303,0.719216,1.69224,1,1,1,4.41806,0.685914,0.740381,-0.000595226,0.977068,1.08281
2227,1,-0.0230166,0.727106,1.46536,1,1,1,4.42227,0.701622,0.744643,-0.000653524,0.989005,1.06025
2228,1,-0.0193634,0.733858,1.23473,1,1,1,4.42534,0.781908,0.745708,-0.000736674,1.01738,1.02642
2229,1,-0.0156771,0.739452,1.00095,1,1,1,4.42966,0.724312,0.740381,-0.000789731,1.10541,1.02642
2230,1,-0.0119685,0.743867,0.764933,1,1,1,4.43292,0.781908,0.764883,-0.000865122,0.846959,0.981299
2231,1,-0.00824341,0.747096,0.527237,1,1,1,4.43704,0.685914,0.803234,-0.000981972,0.415171,0.857227
2232,1,-0.00450257,0.749135,0.288109,1,1,1,4.4402,0.801106,0.779797,-0.00114267,0.640019,0.609082
2233,1,-0.000754155,0.749976,0.0482657,1,1,1,4.44471,0.727802,0.763818,-0.00128525,0.770378,0.744434
2234,1,0.00299532,0.749617,-0.191684,1,1,1,4.44759,0.698132,0.786189,-0.00141674,0.466708,0.766992
2235,1,0.0067668,0.748044,-0.432886,1,1,1,4.45209,0.680678,0.767014,-0.00153852,0.609332,0.518848
2236,1,0.0105005,0.745283,-0.671324,1,1,1,4.45478,0.663225,0.742512,-0.00165015,0.797354,0.597803
2237,1,0.0141976,0.741358,-0.906882,1,1,1,4.45967,0.884882,0.745708,-0.00170218,0.674252,0.541406
2238,1,0.0178887,0.736241,-1.14132,1,1,1,4.46254,0.678933,0.75423,-0.00175693,0.477445,0.766992
2239,1,0.0215546,0.729954,-1.3732,1,1,1,4.46676,0.731293,0.749969,-0.00180187,0.408182,0.552686
2240,1,0.0251863,0.722515,-1.60175,1,1,1,4.46992,0.790634,0.747838,-0.00183803,0.302519,0.496289
2241,1,0.0287777,0.713943,-1.82636,1,1,1,4.47395,0.616101,0.739316,-0.00189406,0.25095,0.518848
2242,1,0.0323238,0.704259,-2.04651,1,1,1,4.47692,0.753982,0.735055,-0.00196793,0.136693,0.428613
2243,1,0.0358185,0.693486,-2.26158,1,1,1,4.48095,0.591667,0.692443,-0.00203389,0.43232,0.270703
2244,1,0.0392565,0.681654,-2.47098,1,1,1,4.48363,0.74002,0.706292,-0.00208483,0.0963197,0.3271
2245,1,0.0426335,0.668786,-2.67421,1,1,1,4.48785,0.588176,0.688182,-0.00214281,0.098693,0.31582
2246,1,0.045943,0.654922,-2.87061,1,1,1,4.49025,0.605629,0.66368,-0.00223363,0.155505,0.281982
2247,1,0.049181,0.640093,-3.05965,1,1,1,4.49428,0.71733,0.661549,-0.00227074,-0.0378958,0.135352
2248,1,0.0523423,0.624339,-3.24073,1,1,1,4.49696,0.621337,0.662615,-0.00232203,-0.27894,0.146631
2249,1,0.0554229,0.6077,-3.41329,1,1,1,4.50012,0.565487,0.613611,-0.00234592,0.0246036,0.236865
2250,1,0.058418,0.590221,-3.57675,1,1,1,4.50271,0.652753,0.595501,-0.00238771,-0.0236266,0.135352
2251,1,0.0613239,0.571948,-3.73054,1,1,1,4.50597,0.492183,0.566738,-0.00233802,0.0488789,0.169189
2252,1,0.064136,0.552935,-3.87405,1,1,1,4.50818,0.581195,0.540106,-0.00228547,0.0904169,0.135352
2253,1,0.0668518,0.533227,-4.00676,1,1,1,4.51144,0.492183,0.52093,-0.00220046,0.0468229,0.124072
2254,1,0.0694676,0.512883,-4.12807,1,1,1,4.51335,0.441568,0.469796,-0.00211628,0.348318,0.0451172
2255,1,0.0719795,0.491968,-4.23737,1,1,1,4.51623,0.507891,0.462339,-0.00200453,0.167312,0.0676758
2256,1,0.0743863,0.47053,-4.33415,1,1,1,4.51815,0.45204,0.444229,-0.0018789,0.100481,0.0789551
2257,1,0.0766844,0.448645,-4.41777,1,1,1,4.52074,0.401426,0.427184,-0.00175477,0.0181393,0.0902344
2258,1,0.0788719,0.426377,-4.48769,1,1,1,4.52237,0.413643,0.417596,-0.00167855,-0.155973,0.0563965
2259,1,0.0809476,0.403793,-4.54333,1,1,1,4.52467,0.364774,0.387768,-0.00158637,-0.107174,-0.0338379
2260,1,0.0829095,0.380969,-4.5841,1,1,1,4.5262,0.375246,0.37818,-0.00149955,-0.282684,0.0338379
2261,1,0.0847568,0.35798,-4.60944,1,1,1,4.52822,0.298451,0.353679,-0.00141996,-0.295171,0.0451172
2262,1,0.0864892,0.3349,-4.61876,1,1,1,4.52946,0.335103,0.327046,-0.00130292,-0.277786,-0.0451172
2263,1,0.088106,0.311817,-4.6115,1,1,1,4.53138,0.249582,0.294022,-0.0012137,-0.192407,-0.0112793
2264,1,0.0896074,0.288815,-4.58707,1,1,1,4.53234,0.261799,0.262063,-0.00114992,-0.118519,-0.0676758
2265,1,0.0909945,0.265975,-4.5449,1,1,1,4.53397,0.256563,0.242888,-0.00104883,-0.175588,-0.135352
2266,1,0.0922678,0.243394,-4.48441,1,1,1,4.53483,0.18675,0.234365,-0.000910428,-0.337844,-0.112793
2267,1,0.0934289,0.221164,-4.40504,1,1,1,4.53598,0.202458,0.201341,-0.000782161,-0.225605,-0.0902344
2268,1,0.0944801,0.199377,-4.30619,1,1,1,4.53675,0.169297,0.168317,-0.000656672,-0.105068,-0.0676758
2269,1,0.0954236,0.178134,-4.1873,1,1,1,4.53761,0.13439,0.155533,-0.000483601,-0.189986,-0.0676758
2270,1,0.0962626,0.157537,-4.04778,1,1,1,4.53809,0.111701,0.123574,-0.000312842,-0.0540947,-0.101514
2271,1,0.0970003,0.137692,-3.88708,1,1,1,4.53867,0.0907571,0.0809626,-0.000109675,0.216365,-0.0789551
2272,1,0.0976409,0.118704,-3.7046,1,1,1,4.53895,0.0750492,0.0553954,0.000139451,0.320875,-0.0676758
2273,1,0.0981889,0.100683,-3.49976,1,1,1,4.53934,0.0541052,0.0490037,0.000390598,0.230268,-0.0225586
2274,1,0.0986495,0.0837441,-3.27201,1,1,1,4.53943,0.0296706,0.010653,0.000681765,0.514146,0.0338379
2275,1,0.0990283,0.0680027,-3.02076,1,1,1,4.53953,0,-0.00426119,0.00101411,0.565425,0.112793
2276,1,0.0993317,0.0535779,-2.74545,1,1,1,4.53962,0.0453786,-0.0202406,0.00136718,0.651766,0.48501
2277,1,0.0995665,0.0405898,-2.44545,1,1,1,4.53982,0,-0.0340895,0.00170392,0.734294,0.620361
2278,1,0.0997402,0.0291649,-2.12024,1,1,1,4.53972,-0.010472,-0.0127836,0.00200514,0.448298,0.586523
2279,1,0.099861,0.0194305,-1.76923,1,1,1,4.53962,-0.0418879,0.00319589,0.0021889,0.227804,0.451172
2280,1,0.0999376,0.0115164,-1.39181,1,1,1,4.53953,-0.0349066,0.00213059,0.00230596,0.211283,0.281982
2281,1,0.0999794,0.00555658,-0.987438,1,1,1,4.53953,0,-0.0117183,0.00239013,0.358431,0.304541
2282,1,0.0999966,0.00168757,-0.555558,1,1,1,4.53943,0,-0.00639178,0.00246739,0.323725,0.304541
2283,1,0.1,4.79537e-05,-0.0955693,1,1,1,4.53943,0,-0.0010653,0.00246377,0.308776,0.270703
2284,1,0.1,0,0,1,1,1,4.53943,0,0.00852238,0.00249506,0.2232,0.439893
2285,1,0.1,0,0,1,1,1,4.53934,-0.0523599,0.00532648,0.00246025,0.255817,0.281982
2286,1,0.1,0,0,1,1,1,4.53934,0,0.00958767,0.00246829,0.213284,0.304541
2287,1,0.1,0,0,1,1,1,4.53934,-0.00174533,-0.00745708,0.0024901,0.406937,0.507568
2288,1,0.1,0,0,1,1,1,4.53943,0,0.00532648,0.00250016,0.270936,0.394775
2289,1,0.1,0,0,1,1,1,4.53934,-0.00349066,-0.00745708,0.0024376,0.405004,0.225586
2290,1,0.1,0,0,1,1,1,4.53924,0,0.00958767,0.00241705,0.217399,0.293262
2291,1,0.1,0,0,1,1,1,4.53934,-0.00872665,-0.00852238,0.00242122,0.419985,0.3271
2292,1,0.1,0,0,1,1,1,4.53934,0,0.010653,0.00240525,0.210079,0.293262
2293,1,0.1,0,0,1,1,1,4.53934,0,0.0117183,0.00236536,0.195114,0.360938
2294,1,0.1,0,0,1,1,1,4.53934,-0.00523599,0.00745708,0.00233336,0.240115,0.248145
2295,1,0.1,0,0,1,1,1,4.53934,0,-0.00426119,0.00234176,0.372797,0.304541
2296,1,0.1,0,0,1,1,1,4.53934,0.00872665,0.0191753,0.00232714,0.115978,0.293262
2297,1,0.1,0,0,1,1,1,4.53934,-0.00872665,0.00319589,0.00232294,0.293429,0.281982
2298,1,0.1,0,0,1,1,1,4.53934,0.00872665,0.010653,0.00229354,0.209741,0.236865
2299,1,0.1,0,0,1,1,1,4.53934,0,-0.00639178,0.00223297,0.390358,0.169189
2300,1,0.1,0,0,1,1,1,4.53924,0,-0.0159795,0.00220863,0.494457,0.236865
2301,1,0.1,0,0,1,1,1,4.53934,0.0244346,0.00532648,0.00220266,0.262351,0.304541
2302,1,0.1,0,0,1,1,1,4.53934,0,-0.0213059,0.00221036,0.558893,0.349658
2303,1,0.1,0,0,1,1,1,4.53934,0.015708,0.00958767,0.00222167,0.223964,0.3271
2304,1,0.1,0,0,1,1,1,4.53934,-0.00872665,0.00958767,0.00218065,0.22029,0.214307
2305,1,0.1,0,0,1,1,1,4.53934,0,-0.01811,0.0021871,0.528046,0.3271
2306,1,0.1,0,0,1,1,1,4.53934,0,-0.0149142,0.00222624,0.50134,0.304541
2307,1,0.1,0,0,1,1,1,4.53943,0.0191986,0.0117183,0.00220649,0.208564,0.360938
2308,1,0.1,0,0,1,1,1,4.53934,-0.0174533,-0.00958767,0.00220865,0.445598,0.304541
2309,1,0.1,0,0,1,1,1,4.53934,0.015708,0.0010653,0.00222248,0.33305,0.338379
2310,1,0.1,0,0,1,1,1,4.53934,-0.0122173,0.00639178,0.00220987,0.275245,0.304541
2311,1,0.1,0,0,1,1,1,4.53934,0,0.00213059,0.00218466,0.320804,0.236865
2312,1,0.1,0,0,1,1,1,4.53934,0,-0.0117183,0.00218019,0.475145,0.304541
2313,1,0.1,0,0,1,1,1,4.53934,0,0.00745708,0.00217542,0.266393,0.394775
2314,1,0.1,0,0,1,1,1,4.53934,0,0.00532648,0.00213805,0.286715,0.3271
2315,1,0.1,0,0,1,1,1,4.53934,0,0.00213059,0.00211947,0.321474,0.281982
2316,1,0.1,0,0,1,1,1,4.53934,0.00174533,0.00426119,0.00207894,0.294581,0.372217
2317,1,0.1,0,0,1,1,1,4.53924,-0.00523599,-0.0170448,0.00207822,0.530866,0.214307
2318,1,0.1,0,0,1,1,1,4.53934,0.0314159,0.00213059,0.0020881,0.32425,0.462451
2319,1,0.1,0,0,1,1,1,4.53934,-0.0139626,0.00213059,0.00207041,0.324124,0.3271
2320,1,0.1,0,0,1,1,1,4.53934,0.015708,0.00958767,0.00203788,0.239777,0.281982
2321,1,0.1,0,0,1,1,1,4.53934,0,0.00319589,0.00203441,0.311879,0.417334
2322,1,0.1,0,0,1,1,1,4.53943,-0.0122173,0.00958767,0.00198253,0.236372,0.259424
2323,1,0.1,0,0,1,1,1,4.53934,0.010472,0.0138489,0.00196256,0.18869,0.259424
2324,1,0.1,0,0,1,1,1,4.53934,0,0.0223712,0.00195882,0.0967481,0.31582
2325,1,0.1,0,0,1,1,1,4.53934,-0.00174533,-0.00319589,0.00197872,0.382913,0.383496
2326,1,0.1,0,0,1,1,1,4.53943,0,-0.00532648,0.00198201,0.40914,0.338379
2327,1,0.1,0,0,1,1,1,4.53934,0,-0.00319589,0.00196633,0.385552,0.259424
2328,1,0.1,0,0,1,1,1,4.53934,-0.00872665,-0.0255671,0.00197249,0.634633,0.338379
2329,1,0.1,0,0,1,1,1,4.53943,0.0314159,0.00639178,0.00200685,0.291032,0.360938
2330,1,0.1,0,0,1,1,1,4.53943,-0.00174533,0.00852238,0.00202415,0.272559,0.394775
2331,1,0.1,0,0,1,1,1,4.53934,-0.00872665,-0.00426119,0.00200759,0.411874,0.360938
2332,1,0.1,0,0,1,1,1,4.53934,0,0.00639178,0.0019738,0.290232,0.236865
2333,1,0.1,0,0,1,1,1,4.53934,0.00872665,0.0255671,0.00197036,0.0788485,0.451172
2334,1,0.1,0,0,1,1,1,4.53934,0,0.00958767,0.00193141,0.249482,0.304541
2335,1,0.1,0,0,1,1,1,4.53934,0,0.00319589,0.00191261,0.317309,0.281982
2336,1,0.1,0,0,1,1,1,4.53934,0.020944,-0.00852238,0.00193588,0.449283,0.349658
2337,1,0.1,0,0,1,1,1,4.53934,0,-0.0138489,0.00193489,0.507743,0.338379
2338,1,0.1,0,0,1,1,1,4.53934,-0.0139626,-0.00852238,0.00192429,0.447752,0.372217
2339,1,0.1,0,0,1,1,1,4.53934,0,0.0010653,0.00191585,0.341173,0.281982
2340,1,0.1,0,0,1,1,1,4.53934,0,0.0159795,0.00187321,0.17149,0.31582
2341,1,0.1,0,0,1,1,1,4.53934,0,0.0138489,0.00187894,0.195683,0.406055
2342,1,0.1,0,0,1,1,1,4.53943,0.00349066,-0.00319589,0.00187371,0.382484,0.293262
2343,1,0.1,0,0,1,1,1,4.53934,0.0174533,0.00639178,0.00184346,0.273027,0.293262
2344,1,0.1,0,0,1,1,1,4.53934,0,-0.00639178,0.00182594,0.411197,0.304541
2345,1,0.1,0,0,1,1,1,4.53934,0,-0.010653,0.00183384,0.45925,0.304541
2346,1,0.1,0,0,1,1,1,4.53934,0,0.0010653,0.00179798,0.325616,0.281982
2347,1,0.1,0,0,1,1,1,4.53934,0,0.00958767,0.00179551,0.231544,0.3271
2348,1,0.1,0,0,1,1,1,4.53934,0,0.0127836,0.00176912,0.192905,0.259424
2349,1,0.1,0,0,1,1,1,4.53934,0,0.0010653,0.00178029,0.32328,0.349658
2350,1,0.1,0,0,1,1,1,4.53934,0,0.0138489,0.00175097,0.17879,0.304541
2351,1,0.1,0,0,1,1,1,4.53934,0,8.47998e-19,0.00172083,0.32715,0.31582
2352,1,0.1,0,0,1,1,1,4.53934,-0.0122173,-0.00958767,0.00170187,0.430111,0.248145
2353,1,0.1,0,0,1,1,1,4.53934,0.00349066,0.0191753,0.00173686,0.118337,0.417334
2354,1,0.1,0,0,1,1,1,4.53934,0,-0.00426119,0.00173778,0.37626,0.236865
2355,1,0.1,0,0,1,1,1,4.53934,0.0261799,0.00213059,0.00173206,0.305195,0.3271
2356,1,0.1,0,0,1,1,1,4.53934,0,-1.89169e-18,0.00174059,0.329758,0.394775
2357,1,0.1,0,0,1,1,1,4.53934,-0.00698132,0.0127836,0.00170707,0.184713,0.281982
2358,1,0.1,0,0,1,1,1,4.53934,0,-0.00319589,0.00167995,0.356908,0.338379
2359,1,0.1,0,0,1,1,1,4.53934,0,0.00532648,0.00169317,0.264907,0.372217
2360,1,0.1,0,0,1,1,1,4.53934,-0.00698132,-0.00639178,0.00165623,0.388932,0.225586
2361,1,0.1,0,0,1,1,1,4.53934,0.0191986,-0.01811,0.00165754,0.518005,0.259424
2362,1,0.1,0,0,1,1,1,4.53934,-0.00523599,-0.00745708,0.00169585,0.40588,0.428613
2363,1,0.1,0,0,1,1,1,4.53934,-0.00872665,-0.00426119,0.00172666,0.374792,0.372217
2364,1,0.1,0,0,1,1,1,4.53943,0.0314159,-0.0138489,0.00173637,0.481538,0.394775
2365,1,0.1,0,0,1,1,1,4.53934,0,0.00958767,0.0017372,0.223846,0.281982
2366,1,0.1,0,0,1,1,1,4.53934,0,0.00426119,0.00171131,0.279019,0.293262
2367,1,0.1,0,0,1,1,1,4.53934,0,0.0010653,0.00164426,0.305325,0.180469
2368,1,0.1,0,0,1,1,1,4.53934,0,-0.0170448,0.00167543,0.50865,0.360938
2369,1,0.1,0,0,1,1,1,4.53934,0,0.0149142,0.00164351,0.152888,0.338379
2370,1,0.1,0,0,1,1,1,4.53934,-0.0122173,-0.0202406,0.00160723,0.534801,0.372217
2371,1,0.1,0,0,1,1,1,4.53934,0,0.0010653,0.0015899,0.298149,0.225586
2372,1,0.1,0,0,1,1,1,4.53934,-0.0139626,0.0010653,0.00159889,0.299335,0.236865
2373,1,0.1,0,0,1,1,1,4.53934,0,0.0010653,0.00158039,0.296893,0.3271
2374,1,0.1,0,0,1,1,1,4.53934,0,0.0117183,0.00158437,0.180236,0.270703
2375,1,0.1,0,0,1,1,1,4.53934,-0.00698132,7.82767e-19,0.00156384,0.306427,0.304541
2376,1,0.1,0,0,1,1,1,4.53934,0,-0.00852238,0.00156315,0.400082,0.236865
2377,1,0.1,0,0,1,1,1,4.53934,0.00872665,-0.0138489,0.00156932,0.459488,0.270703
2378,1,0.1,0,0,1,1,1,4.53934,0,0.00745708,0.0015524,0.222889,0.372217
2379,1,0.1,0,0,1,1,1,4.53934,-0.00174533,-0.00319589,0.00153959,0.338381,0.169189
2380,1,0.1,0,0,1,1,1,4.53934,0.0279253,0.00319589,0.00149723,0.262479,0.248145
2381,1,0.1,0,0,1,1,1,4.53924,0,-0.010653,0.00149543,0.414579,0.191748
2382,1,0.1,0,0,1,1,1,4.53934,0.0139626,0.010653,0.00148542,0.178892,0.281982
2383,1,0.1,0,0,1,1,1,4.53934,0,0.00213059,0.00151306,0.276287,0.417334
2384,1,0.1,0,0,1,1,1,4.53934,0,0.0191753,0.00155472,0.0942945,0.451172
2385,1,0.1,0,0,1,1,1,4.53924,-0.0366519,0.00426119,0.00151279,0.252816,0.281982
2386,1,0.1,0,0,1,1,1,4.53934,0.015708,0.00958767,0.00149362,0.191693,0.169189
2387,1,0.1,0,0,1,1,1,4.53934,0,0.00426119,0.00148283,0.248861,0.293262
2388,1,0.1,0,0,1,1,1,4.53924,0,-0.0149142,0.00148786,0.460454,0.31582
2389,1,0.1,0,0,1,1,1,4.53934,0,0.0117183,0.00146599,0.16461,0.304541
2390,1,0.1,0,0,1,1,1,4.53924,-0.0296706,-0.0010653,0.0014494,0.30304,0.225586
2391,1,0.1,0,0,1,1,1,4.53934,0,0.0010653,0.00145884,0.280849,0.3271
2392,1,0.1,0,0,1,1,1,4.53934,0,0.00213059,0.00142751,0.264995,0.259424
2393,1,0.1,0,0,1,1,1,4.53934,0,0.00532648,0.00143271,0.230526,0.338379
2394,1,0.1,0,0,1,1,1,4.53934,0,0.00532648,0.0013752,0.222927,0.169189
2395,1,0.1,0,0,1,1,1,4.53924,0.00872665,-0.00639178,0.00138044,0.352527,0.281982
2396,1,0.1,0,0,1,1,1,4.53934,0,-0.00745708,0.00140981,0.368122,0.281982
2397,1,0.1,0,0,1,1,1,4.53934,0,-0.00426119,0.00141044,0.333052,0.304541
2398,1,0.1,0,0,1,1,1,4.53934,0,0.0138489,0.00139313,0.131556,0.248145
2399,1,0.1,0,0,1,1,1,4.53934,-0.00349066,-0.0010653,0.00136707,0.292172,0.3271
2400,1,0.1,0,0,1,1,1,4.53934,0,-0.0213059,0.00141017,0.520508,0.281982
2401,1,0.1,0,0,1,1,1,4.53934,0.0139626,0.00639178,0.00140347,0.214948,0.304541
2402,1,0.1,0,0,1,1,1,4.53924,-0.0279253,0.0138489,0.00136914,0.128147,0.15791
2403,1,0.1,0,0,1,1,1,4.53934,0,-0.0138489,0.00139361,0.436293,0.372217
2404,1,0.1,0,0,1,1,1,4.53934,0,0.0159795,0.00135766,0.103438,0.293262
2405,1,0.1,0,0,1,1,1,4.53924,-0.00872665,0.00319589,0.0013669,0.245276,0.304541
2406,1,0.1,0,0,1,1,1,4.53934,0,0.00319589,0.00137577,0.246447,0.338379
2407,1,0.1,0,0,1,1,1,4.53934,0,0.01811,0.00135289,0.0793708,0.191748
2408,1,0.1,0,0,1,1,1,4.53924,0.00872665,0.00426119,0.00134972,0.231275,0.180469
2409,1,0.1,0,0,1,1,1,4.53924,0,0.00319589,0.00133008,0.240416,0.3271
2410,1,0.1,0,0,1,1,1,4.53924,0,-0.00745708,0.00135809,0.361295,0.338379
2411,1,0.1,0,0,1,1,1,4.53934,0,0.00426119,0.00136899,0.233833,0.304541
2412,1,0.1,0,0,1,1,1,4.53934,0,0.0234365,0.00132548,0.017162,0.270703
2413,1,0.1,0,0,1,1,1,4.53924,0,0.0138489,0.00131119,0.120739,0.3271
2414,1,0.1,0,0,1,1,1,4.53934,0,-0.00319589,0.0013162,0.308893,0.270703
2415,1,0.1,0,0,1,1,1,4.53924,0.00872665,-0.00426119,0.00129511,0.317828,0.180469
2416,1,0.1,0,0,1,1,1,4.53924,0,-0.00958767,0.00133672,0.381911,0.372217
2417,1,0.1,0,0,1,1,1,4.53934,-0.00872665,0.0298283,0.00129904,-0.0566385,0.293262
2418,1,0.1,0,0,1,1,1,4.53924,-0.00523599,-0.0159795,0.00125983,0.441906,0.225586
2419,1,0.1,0,0,1,1,1,4.53934,0.015708,0.010653,0.00125144,0.148008,0.293262
2420,1,0.1,0,0,1,1,1,4.53924,-0.0314159,-0.00958767,0.00125918,0.371676,0.248145
2421,1,0.1,0,0,1,1,1,4.53934,0,-0.0127836,0.00128231,0.409884,0.248145
2422,1,0.1,0,0,1,1,1,4.53934,0,-0.0191753,0.00127098,0.478698,0.270703
2423,1,0.1,0,0,1,1,1,4.53934,0.0174533,0.00532648,0.00125677,0.207303,0.259424
2424,1,0.1,0,0,1,1,1,4.53924,-0.015708,0.00532648,0.00124134,0.205266,0.225586
2425,1,0.1,0,0,1,1,1,4.53924,0,-0.0138489,0.00126694,0.419573,0.248145
2426,1,0.1,0,0,1,1,1,4.53934,0.0174533,-0.00958767,0.00126991,0.373093,0.293262
2427,1,0.1,0,0,1,1,1,4.53924,0,-0.00213059,0.00130181,0.295276,0.360938
2428,1,0.1,0,0,1,1,1,4.53934,0,0.010653,0.00125521,0.148405,0.293262
2429,1,0.1,0,0,1,1,1,4.53924,0,0.00532648,0.00126885,0.208798,0.281982
2430,1,0.1,0,0,1,1,1,4.53924,-0.0244346,-0.00639178,0.00124075,0.334089,0.236865
2431,1,0.1,0,0,1,1,1,4.53924,0.0174533,0.00319589,0.00122605,0.226684,0.169189
2432,1,0.1,0,0,1,1,1,4.53924,0,-0.00532648,0.00124935,0.323506,0.31582
2433,1,0.1,0,0,1,1,1,4.53924,-0.00349066,-0.00319589,0.00125091,0.300275,0.214307
2434,1,0.1,0,0,1,1,1,4.53924,0.00698132,0.0127836,0.00124674,0.12395,0.293262
2435,1,0.1,0,0,1,1,1,4.53924,-0.00349066,0.00639178,0.00122932,0.191961,0.31582
2436,1,0.1,0,0,1,1,1,4.53934,0,0.010653,0.00122395,0.144379,0.259424
2437,1,0.1,0,0,1,1,1,4.53924,0,0.0191753,0.00118864,0.0457721,0.338379
2438,1,0.1,0,0,1,1,1,4.53924,-0.0279253,-0.0213059,0.0012202,0.495432,0.203027
2439,1,0.1,0,0,1,1,1,4.53934,0.0226893,0.0245018,0.00122247,-0.00815446,0.360938
2440,1,0.1,0,0,1,1,1,4.53924,-0.0401426,0.00319589,0.00124197,0.228786,0.225586
2441,1,0.1,0,0,1,1,1,4.53934,0,0.00213059,0.00120739,0.235939,0.3271
2442,1,0.1,0,0,1,1,1,4.53924,-0.00523599,-0.0010653,0.00118176,0.26771,0.248145
2443,1,0.1,0,0,1,1,1,4.53924,0,-0.0127836,0.00120842,0.400131,0.248145
2444,1,0.1,0,0,1,1,1,4.53924,0,-0.00958767,0.00122037,0.366554,0.281982
2445,1,0.1,0,0,1,1,1,4.53924,0,0.0010653,0.00119986,0.246663,0.191748
2446,1,0.1,0,0,1,1,1,4.53924,0,0.0245018,0.00118502,-0.0130971,0.304541
2447,1,0.1,0,0,1,1,1,4.53924,-0.0174533,-0.00213059,0.00122946,0.285726,0.270703
2448,1,0.1,0,0,1,1,1,4.53934,0.0296706,-0.00532648,0.00123043,0.321009,0.349658
2449,1,0.1,0,0,1,1,1,4.53924,0,0.0234365,0.00119099,-0.000591123,0.225586
2450,1,0.1,0,0,1,1,1,4.53924,0,0.0127836,0.00117233,0.114128,0.281982
2451,1,0.1,0,0,1,1,1,4.53924,0,0.00319589,0.00113989,0.21531,0.203027
2452,1,0.1,0,0,1,1,1,4.53924,0,-0.00532648,0.00113768,0.308765,0.248145
2453,1,0.1,0,0,1,1,1,4.53924,0,-0.00532648,0.00111648,0.305967,0.214307
2454,1,0.1,0,0,1,1,1,4.53924,0,0.00745708,0.0010923,0.162156,0.31582
2455,1,0.1,0,0,1,1,1,4.53924,-0.00872665,0.00639178,0.00109465,0.174185,0.124072
2456,1,0.1,0,0,1,1,1,4.53924,0.00872665,-2.21784e-18,0.00103127,0.235418,0.180469
2457,1,0.1,0,0,1,1,1,4.53924,0,0.00639178,0.00103531,0.166352,0.214307
2458,1,0.1,0,0,1,1,1,4.53924,0,0.0010653,0.00103105,0.22438,0.191748
2459,1,0.1,0,0,1,1,1,4.53924,0,-0.00532648,0.0010251,0.293905,0.259424
2460,1,0.1,0,0,1,1,1,4.53924,0,0.0170448,0.00101049,0.0458833,0.248145
2461,1,0.1,0,0,1,1,1,4.53924,0,0.00426119,0.000987494,0.18329,0.203027
2462,1,0.1,0,0,1,1,1,4.53924,0,-0.00426119,0.000955037,0.272824,0.169189
2463,1,0.1,0,0,1,1,1,4.53924,0,-0.0170448,0.000971587,0.415742,0.169189
2464,1,0.1,0,0,1,1,1,4.53924,0,-0.00639178,0.00102532,0.305652,0.293262
2465,1,0.1,0,0,1,1,1,4.53924,0,-0.00639178,0.00103161,0.306483,0.281982
2466,1,0.1,0,0,1,1,1,4.53924,0,-0.00639178,0.00103428,0.306834,0.338379
2467,1,0.1,0,0,1,1,1,4.53924,0,-0.010653,0.0010364,0.353988,0.248145
2468,1,0.1,0,0,1,1,1,4.53924,0,0.0010653,0.000993451,0.218885,0.338379
2469,1,0.1,0,0,1,1,1,4.53924,0,0.00213059,0.000984638,0.206536,0.191748
2470,1,0.1,0,0,1,1,1,4.53924,0.00698132,-0.0138489,0.00101778,0.386684,0.259424
2471,1,0.1,0,0,1,1,1,4.53924,0,0.0170448,0.000994483,0.0436891,0.214307
2472,1,0.1,0,0,1,1,1,4.53924,0,-0.0138489,0.00100959,0.385363,0.293262
2473,1,0.1,0,0,1,1,1,4.53924,0,-0.0010653,0.000990437,0.242456,0.191748
2474,1,0.1,0,0,1,1,1,4.53924,0,-0.00958767,0.000997998,0.3372,0.281982
2475,1,0.1,0,0,1,1,1,4.53924,0,-0.00213059,0.000990181,0.25414,0.203027
2476,1,0.1,0,0,1,1,1,4.53924,0,-0.0138489,0.000976754,0.381269,0.169189
2477,1,0.1,0,0,1,1,1,4.53924,0.0174533,0.00426119,0.000986887,0.183396,0.214307
2478,1,0.1,0,0,1,1,1,4.53924,-0.00872665,-0.0117183,0.00101518,0.362905,0.203027
2479,1,0.1,0,0,1,1,1,4.53924,0,0.010653,0.00100405,0.115352,0.236865
2480,1,0.1,0,0,1,1,1,4.53924,0,0.0170448,0.000945914,0.0373684,0.124072
2481,1,0.1,0,0,1,1,1,4.53924,0,-0.00745708,0.000965847,0.30952,0.15791
2482,1,0.1,0,0,1,1,1,4.53924,0.00349066,-0.0010653,0.000961189,0.238595,0.146631
2483,1,0.1,0,0,1,1,1,4.53915,0,-0.0202406,0.000964395,0.449947,0.225586
2484,1,0.099999,-0.000755222,-0.374702,1,1,1,4.53924,0,0.0127836,0.000954699,0.0256306,0.225586
2485,1,0.0999887,-0.00374828,-0.817798,1,1,1,4.53924,0,0.00319589,0.000931084,0.0308942,0.15791
2486,1,0.0999579,-0.00888686,-1.2331,1,1,1,4.53915,0,0.00213059,0.000919031,-0.0793072,0.146631
2487,1,0.0998964,-0.0160341,-1.62124,1,1,1,4.53915,-0.0122173,-0.0159795,0.000905863,-0.0237719,0.0902344
2488,1,0.0997945,-0.0250538,-1.98271,1,1,1,4.53915,0,-0.00532648,0.000815262,-0.315617,0.0338379
2489,1,0.099643,-0.0358181,-2.31823,1,1,1,4.53905,-0.00349066,0.00319589,0.00068043,-0.609011,-0.0112793
2490,1,0.0994337,-0.0481919,-2.62819,1,1,1,4.53905,-0.0244346,-0.00852238,0.000510957,-0.702733,-0.135352
2491,1,0.0991586,-0.0620578,-2.91337,1,1,1,4.53867,-0.0820305,-0.0245018,0.000282048,-0.77387,-0.620361
2492,1,0.0988108,-0.0772846,-3.17416,1,1,1,4.53819,-0.120428,-0.0298283,3.74502e-05,-0.978602,-0.95874
2493,1,0.0983836,-0.0937601,-3.4113,1,1,1,4.5379,-0.0122173,-0.0447425,-0.000150933,-1.08231,-0.913623
2494,1,0.0978713,-0.111362,-3.62525,1,1,1,4.53761,-0.106465,-0.0820279,-0.000385242,-0.958496,-1.0377
2495,1,0.0972683,-0.129976,-3.81662,1,1,1,4.53675,-0.0750492,-0.110791,-0.000516736,-0.922599,-1.11665
2496,1,0.09657,-0.14949,-3.98597,1,1,1,4.53646,-0.0837758,-0.138489,-0.000625016,-0.903185,-1.08281
2497,1,0.0957721,-0.169801,-4.13392,1,1,1,4.5355,-0.158825,-0.16299,-0.000686603,-0.919206,-1.02642
2498,1,0.0948709,-0.190795,-4.26099,1,1,1,4.53473,-0.176278,-0.17897,-0.000782186,-1.03955,-1.04897
2499,1,0.0938632,-0.212375,-4.3678,1,1,1,4.53368,-0.188496,-0.194949,-0.000854995,-1.16157,-1.08281
2500,1,0.0927463,-0.23444,-4.45491,1,1,1,4.53263,-0.282743,-0.207733,-0.000950441,-1.32544,-1.22944
2501,1,0.0915182,-0.256892,-4.5229,1,1,1,4.53109,-0.263545,-0.256737,-0.00104012,-1.09259,-1.26328
2502,1,0.0901769,-0.279638,-4.57234,1,1,1,4.53013,-0.254818,-0.278043,-0.00109959,-1.16089,-1.44375
2503,1,0.0887214,-0.302586,-4.60381,1,1,1,4.52841,-0.274017,-0.308936,-0.00108779,-1.11341,-1.17305
2504,1,0.0871507,-0.32565,-4.61788,1,1,1,4.52716,-0.315905,-0.332373,-0.00108772,-1.14875,-1.07153
2505,1,0.0854649,-0.348737,-4.61513,1,1,1,4.52524,-0.315905,-0.345156,-0.00107658,-1.29759,-1.22944
2506,1,0.0836636,-0.371772,-4.59614,1,1,1,4.52361,-0.460767,-0.377115,-0.00110246,-1.23834,-1.39863
2507,1,0.0817473,-0.394673,-4.56148,1,1,1,4.52131,-0.335103,-0.400552,-0.00115008,-1.27211,-1.46631
2508,1,0.0797174,-0.41736,-4.51174,1,1,1,4.51968,-0.413643,-0.401617,-0.00112876,-1.53649,-1.37607
2509,1,0.0775743,-0.439765,-4.44747,1,1,1,4.51729,-0.481711,-0.445294,-0.00114011,-1.33211,-1.36479
2510,1,0.0753201,-0.461814,-4.36926,1,1,1,4.51498,-0.565487,-0.435706,-0.00118945,-1.71222,-1.46631
2511,1,0.0729567,-0.483437,-4.27769,1,1,1,4.51201,-0.455531,-0.506016,-0.0011571,-1.19545,-1.53398
2512,1,0.0704868,-0.504567,-4.17334,1,1,1,4.51048,-0.375246,-0.527322,-0.00103529,-1.19552,-1.29712
2513,1,0.0679124,-0.525146,-4.05678,1,1,1,4.50703,-0.68766,-0.55715,-0.000931574,-1.09587,-1.18433
2514,1,0.0652361,-0.545117,-3.92856,1,1,1,4.50444,-0.586431,-0.567803,-0.00085857,-1.20215,-1.22944
2515,1,0.0624619,-0.564417,-3.7893,1,1,1,4.50147,-0.544543,-0.60935,-0.00067499,-0.941897,-1.09409
2516,1,0.0595931,-0.582993,-3.63956,1,1,1,4.49897,-0.651008,-0.597632,-0.000562682,-1.26715,-1.15049
2517,1,0.0566334,-0.600795,-3.47991,1,1,1,4.49504,-0.577704,-0.610415,-0.000453824,-1.31249,-1.21816
2518,1,0.0535865,-0.617776,-3.31092,1,1,1,4.49274,-0.612611,-0.655158,-0.000273704,-0.984192,-1.11665
2519,1,0.0504568,-0.633891,-3.13317,1,1,1,4.48862,-0.726057,-0.64557,-0.000177631,-1.25329,-1.11665
2520,1,0.047249,-0.649095,-2.94726,1,1,1,4.48584,-0.682424,-0.673268,-0.000105805,-1.10366,-1.37607
2521,1,0.0439677,-0.66335,-2.75374,1,1,1,4.48191,-0.624828,-0.693508,7.45148e-06,-1.01671,-1.06025
2522,1,0.0406171,-0.676621,-2.55318,1,1,1,4.47932,-0.694641,-0.691378,0.000139132,-1.15955,-1.00386
2523,1,0.0372034,-0.68887,-2.34621,1,1,1,4.47481,-0.733038,-0.728663,0.000242793,-0.859047,-0.97002
2524,1,0.0337307,-0.700071,-2.13334,1,1,1,4.47232,-0.60912,-0.737185,0.0003081,-0.866492,-1.08281
2525,1,0.0302044,-0.710195,-1.91515,1,1,1,4.46781,-0.733038,-0.735055,0.00038307,-0.975558,-1.02642
2526,1,0.0266301,-0.719216,-1.69223,1,1,1,4.46494,-0.706858,-0.732924,0.000494016,-1.06436,-0.992578
2527,1,0.0230137,-0.727111,-1.46518,1,1,1,4.46024,-0.839503,-0.784059,0.000579066,-0.557209,-1.17305
2528,1,0.0193612,-0.733862,-1.23459,1,1,1,4.45746,-0.577704,-0.756361,0.000666932,-0.900493,-1.13921
2529,1,0.0156771,-0.739452,-1.00095,1,1,1,4.45295,-0.884882,-0.779797,0.000829528,-0.655749,-0.744434
2530,1,0.0119686,-0.743867,-0.764937,1,1,1,4.44989,-0.706858,-0.77021,0.000968123,-0.762283,-0.891064
2531,1,0.00824057,-0.747098,-0.527055,1,1,1,4.44548,-0.781908,-0.765949,0.00115466,-0.787431,-0.597803
2532,1,0.00449934,-0.749136,-0.287902,1,1,1,4.4426,-0.698132,-0.774471,0.00167975,-0.614823,-0.64292
2533,1,0.000750968,-0.749976,-0.0480617,1,1,1,4.43809,-0.846485,-0.758491,0.0014385,-0.800906,-0.530127
2534,1,-0.00299827,-0.749616,0.191873,1,1,1,4.43474,-0.801106,-0.771275,0.00148485,-0.617509,-0.654199
2535,1,-0.00674297,-0.748058,0.431364,1,1,1,4.43023,-0.734784,-0.748904,0.00196103,-0.749066,-0.665479
2536,1,-0.0104763,-0.745305,0.669783,1,1,1,4.42745,-0.675442,-0.747838,0.00200528,-0.688383,-0.575244
2537,1,-0.0141938,-0.741363,0.906643,1,1,1,4.42247,-0.856957,-0.765949,0.00200327,-0.408153,-0.688037
2538,1,-0.0178896,-0.73624,1.14138,1,1,1,4.41959,-0.642281,-0.749969,0.00207455,-0.478659,-0.609082
2539,1,-0.021552,-0.729959,1.37304,1,1,1,4.41537,-0.734784,-0.738251,0.00219245,-0.481942,-0.394775
2540,1,-0.0251838,-0.72252,1.60159,1,1,1,4.41278,-0.602139,-0.726533,0.00232377,-0.469446,-0.203027
2541,1,-0.0287778,-0.713943,1.82637,1,1,1,4.40828,-0.884882,-0.714814,0.00234871,-0.457147,-0.293262
2542,1,-0.0323233,-0.70426,2.04648,1,1,1,4.40511,-0.684169,-0.706292,0.00233334,-0.401746,-0.563965
2543,1,-0.0358185,-0.693487,2.26157,1,1,1,4.40109,-0.69115,-0.706292,0.00240379,-0.228201,-0.293262
2544,1,-0.0392568,-0.681653,2.471,1,1,1,4.3984,-0.66148,-0.689247,0.00247097,-0.229942,-0.236865
2545,1,-0.0426345,-0.668782,2.67427,1,1,1,4.39476,-0.612611,-0.702031,0.00254175,0.108923,-0.248145
2546,1,-0.0459431,-0.654922,2.87061,1,1,1,4.39227,-0.600393,-0.672202,0.00257662,-0.0140144,-0.225586
2547,1,-0.0491809,-0.640093,3.05964,1,1,1,4.38891,-0.584685,-0.648766,0.00263179,-0.052735,-0.203027
2548,1,-0.0523424,-0.624339,3.24073,1,1,1,4.38613,-0.719076,-0.605089,0.00256878,-0.319312,-0.0676758
2549,1,-0.055423,-0.607699,3.4133,1,1,1,4.38201,-0.66497,-0.61148,0.00252359,-0.0225962,-0.281982
2550,1,-0.0584179,-0.590221,3.57675,1,1,1,4.37932,-0.617847,-0.583783,0.00246766,-0.0930929,-0.112793
2551,1,-0.0613215,-0.571963,3.73042,1,1,1,4.37597,-0.521853,-0.567803,0.0024495,-0.0211032,-0.0789551
2552,1,-0.0641343,-0.552946,3.87397,1,1,1,4.37386,-0.55676,-0.519865,0.002394,-0.2975,-0.0338379
2553,1,-0.066852,-0.533226,4.00677,1,1,1,4.37041,-0.565487,-0.543301,0.00237058,0.222959,0.0112793
2554,1,-0.0694656,-0.512899,4.12798,1,1,1,4.36849,-0.457276,-0.508147,0.0023713,0.108118,-0.0112793
2555,1,-0.071978,-0.491981,4.23731,1,1,1,4.366,-0.347321,-0.511343,0.0024549,0.431964,0.0676758
2556,1,-0.0743845,-0.470547,4.33408,1,1,1,4.36465,-0.390954,-0.462339,0.00248207,0.178875,0.124072
2557,1,-0.076684,-0.44865,4.41776,1,1,1,4.36159,-0.493928,-0.438902,0.00245169,0.203541,0.0902344
2558,1,-0.078872,-0.426377,4.48769,1,1,1,4.35996,-0.382227,-0.423988,0.00243876,0.327181,0.0789551
2559,1,-0.0809475,-0.403794,4.54332,1,1,1,4.35737,-0.420624,-0.421858,0.0024645,0.598492,0.180469
2560,1,-0.0829095,-0.380968,4.5841,1,1,1,4.35603,-0.321141,-0.385637,0.00246586,0.492627,0.281982
2561,1,-0.0847572,-0.357975,4.60944,1,1,1,4.3542,-0.296706,-0.350483,0.00243545,0.39438,0.394775
2562,1,-0.0864894,-0.334898,4.61876,1,1,1,4.35286,-0.326377,-0.290826,0.00232132,0.0143656,0.360938
2563,1,-0.0881049,-0.311834,4.61151,1,1,1,4.35085,-0.340339,-0.260998,0.00216492,-0.0455122,0.236865
2564,1,-0.0896065,-0.288829,4.58709,1,1,1,4.3497,-0.253073,-0.25141,0.00197379,0.108685,0.135352
2565,1,-0.0909944,-0.265976,4.5449,1,1,1,4.34816,-0.235619,-0.199211,0.00176692,-0.212247,0.101514
2566,1,-0.0922676,-0.243396,4.48442,1,1,1,4.3474,-0.191986,-0.189623,0.00152977,-0.0760018,0.0112793
2567,1,-0.093429,-0.221163,4.40504,1,1,1,4.34634,-0.169297,-0.188558,0.00133152,0.152971,0.0451172
2568,1,-0.0944801,-0.199376,4.30619,1,1,1,4.34567,-0.164061,-0.16086,0.00113498,0.0808498,0.0902344
2569,1,-0.0954235,-0.178137,4.18731,1,1,1,4.34481,-0.137881,-0.111856,0.000870944,-0.245262,0.135352
2570,1,-0.0962619,-0.157554,4.04791,1,1,1,4.34423,-0.137881,-0.0990726,0.000627996,-0.181637,0.0225586
2571,1,-0.0969998,-0.137706,3.8872,1,1,1,4.34375,-0.0645772,-0.0724402,0.000345362,-0.288622,0.0676758
2572,1,-0.0976409,-0.118702,3.70458,1,1,1,4.34347,-0.0837758,-0.0639178,6.20155e-06,-0.219111,0.0112793
2573,1,-0.0981885,-0.100697,3.49993,1,1,1,4.34299,-0.0488692,-0.0553954,-0.000264997,-0.155378,-0.169189
2574,1,-0.0986495,-0.0837448,3.27202,1,1,1,4.34289,-0.020944,-0.0330242,-0.000581128,-0.26709,-0.0789551
2575,1,-0.0990281,-0.0680133,3.02095,1,1,1,4.3428,-0.020944,-0.0191753,-0.000932913,-0.309276,-0.101514
2576,1,-0.0993315,-0.0535864,2.74563,1,1,1,4.3426,-0.0331613,0.00958767,-0.00128805,-0.536272,-0.203027
2577,1,-0.0995665,-0.0405884,2.44542,1,1,1,4.34184,-0.200713,0.0245018,-0.00162545,-0.630085,-0.462451
2578,1,-0.0997402,-0.029165,2.12025,1,1,1,4.34126,-0.0575959,0.028763,-0.00189829,-0.620422,-0.518848
2579,1,-0.0998609,-0.0194371,1.7695,1,1,1,4.34155,0.00872665,0.0372854,-0.00208359,-0.669125,-0.191748
2580,1,-0.0999376,-0.0115165,1.39182,1,1,1,4.34164,0,0.00532648,-0.00221449,-0.29168,-0.462451
2581,1,-0.0999794,-0.00555664,0.987443,1,1,1,4.34164,0.0174533,0.00639178,-0.00227722,-0.295057,-0.372217
2582,1,-0.0999966,-0.00168757,0.555557,1,1,1,4.34164,0,0.00319589,-0.00231719,-0.278188,-0.304541
2583,1,-0.1,-4.79143e-05,0.0955301,1,1,1,4.34164,0,-0.00532648,-0.00232412,-0.229348,-0.394775
2584,1,-0.1,-0,-0,1,1,1,4.34174,0,0.0191753,-0.00232893,-0.513947,-0.203027
2585,1,-0.1,-0,-0,1,1,1,4.34164,-0.0226893,0.0138489,-0.00234924,-0.461132,-0.214307
2586,1,-0.1,-0,-0,1,1,1,4.34164,0,-0.0010653,-0.00234212,-0.299034,-0.203027
2587,1,-0.1,-0,-0,1,1,1,4.34164,0,-2.21784e-18,-0.00235752,-0.31603,-0.417334
2588,1,-0.1,-0,-0,1,1,1,4.34164,0,-0.0010653,-0.0023876,-0.311769,-0.372217
2589,1,-0.1,-0,-0,1,1,1,4.34164,0.0139626,-0.0245018,-0.00236082,-0.0530044,-0.214307
2590,1,-0.1,-0,-0,1,1,1,4.34164,0,0.00213059,-0.00234678,-0.346147,-0.0902344
2591,1,-0.1,-0,-0,1,1,1,4.34174,0,0.0010653,-0.00232914,-0.33455,-0.3271
2592,1,-0.1,-0,-0,1,1,1,4.34164,0,0.0149142,-0.00236095,-0.49428,-0.417334
2593,1,-0.1,-0,-0,1,1,1,4.34164,-0.0174533,0.01811,-0.00236777,-0.53324,-0.394775
2594,1,-0.1,-0,-0,1,1,1,4.34164,0.00523599,0.0138489,-0.00238734,-0.492266,-0.406055
2595,1,-0.1,-0,-0,1,1,1,4.34164,0,5.87076e-19,-0.00235386,-0.337998,-0.394775
2596,1,-0.1,-0,-0,1,1,1,4.34164,0.0226893,0.00639178,-0.00235054,-0.410499,-0.248145
2597,1,-0.1,-0,-0,1,1,1,4.34164,-0.00872665,0.0298283,-0.00235699,-0.671935,-0.406055
2598,1,-0.1,-0,-0,1,1,1,4.34164,0,-0.0191753,-0.00234283,-0.134267,-0.338379
2599,1,-0.1,-0,-0,1,1,1,4.34164,0.0191986,0.00426119,-0.00235274,-0.39585,-0.428613
2600,1,-0.1,-0,-0,1,1,1,4.34164,-0.0122173,0.0170448,-0.00233533,-0.536595,-0.349658
2601,1,-0.1,-0,-0,1,1,1,4.34164,-0.0261799,0.00426119,-0.00233724,-0.399247,-0.383496
2602,1,-0.1,-0,-0,1,1,1,4.34164,0,0.0202406,-0.00236501,-0.582057,-0.552686
2603,1,-0.1,-0,-0,1,1,1,4.34155,0,0.00426119,-0.00238918,-0.413103,-0.451172
2604,1,-0.1,-0,-0,1,1,1,4.34164,0.0174533,-0.0191753,-0.00239189,-0.15913,-0.48501
2605,1,-0.1,-0,-0,1,1,1,4.34164,0.020944,0.00213059,-0.00240831,-0.3986,-0.451172
2606,1,-0.1,-0,-0,1,1,1,4.34155,-0.0401426,-0.0010653,-0.00241021,-0.366586,-0.394775
2607,1,-0.1,-0,-0,1,1,1,4.34164,0,-0.00852238,-0.00239875,-0.285909,-0.451172
2608,1,-0.1,-0,-0,1,1,1,4.34155,0,0.0010653,-0.00239612,-0.393447,-0.372217
2609,1,-0.1,-0,-0,1,1,1,4.34164,-0.00698132,-2.15261e-18,-0.00239036,-0.383804,-0.281982
2610,1,-0.1,-0,-0,1,1,1,4.34164,0,0.0010653,-0.00240657,-0.400751,-0.349658
2611,1,-0.1,-0,-0,1,1,1,4.34155,-0.00349066,-0.0223712,-0.00243351,-0.150433,-0.462451
2612,1,-0.1,-0,-0,1,1,1,4.34155,-0.020944,-0.0149142,-0.00243723,-0.235837,-0.496289
2613,1,-0.1,-0,-0,1,1,1,4.34155,0.0366519,0.0010653,-0.00244054,-0.414865,-0.47373
2614,1,-0.1,-0,-0,1,1,1,4.34155,-0.0314159,-0.00852238,-0.0024658,-0.316336,-0.462451
2615,1,-0.1,-0,-0,1,1,1,4.34164,0.020944,-0.0159795,-0.00243773,-0.232825,-0.383496
2616,1,-0.1,-0,-0,1,1,1,4.34164,-0.00523599,-0.00745708,-0.00241069,-0.325187,-0.338379
2617,1,-0.1,-0,-0,1,1,1,4.34164,0,0.00319589,-0.00240102,-0.443638,-0.383496
2618,1,-0.1,-0,-0,1,1,1,4.34155,-0.0174533,1.23938e-18,-0.00242706,-0.415166,-0.518848
2619,1,-0.1,-0,-0,1,1,1,4.34155,0.0174533,-6.52306e-20,-0.00237917,-0.410952,-0.417334
2620,1,-0.1,-0,-0,1,1,1,4.34164,0.015708,-0.0127836,-0.00241653,-0.278363,-0.383496
2621,1,-0.1,-0,-0,1,1,1,4.34155,0,0.00745708,-0.00240268,-0.499181,-0.462451
2622,1,-0.1,-0,-0,1,1,1,4.34164,0.00349066,0.00958767,-0.00243573,-0.526981,-0.518848
2623,1,-0.1,-0,-0,1,1,1,4.34155,0,-0.00213059,-0.00241176,-0.394915,-0.428613
2624,1,-0.1,-0,-0,1,1,1,4.34155,0.00698132,-0.00319589,-0.00242719,-0.385234,-0.47373
2625,1,-0.1,-0,-0,1,1,1,4.34155,0.00872665,0.0276977,-0.00243138,-0.725617,-0.406055
2626,1,-0.1,-0,-0,1,1,1,4.34155,0,-0.01811,-0.00241738,-0.219884,-0.552686
2627,1,-0.1,-0,-0,1,1,1,4.34164,0.0453786,0.00639178,-0.0024158,-0.489195,-0.496289
2628,1,-0.1,-0,-0,1,1,1,4.34155,-0.020944,0.00213059,-0.0024493,-0.446744,-0.575244
2629,1,-0.1,-0,-0,1,1,1,4.34155,0.020944,0.0010653,-0.00246384,-0.436946,-0.48501
2630,1,-0.1,-0,-0,1,1,1,4.34155,0.0139626,-0.010653,-0.00247475,-0.309484,-0.609082
2631,1,-0.1,-0,-0,1,1,1,4.34155,0.0418879,0.00745708,-0.00249126,-0.510874,-0.462451
2632,1,-0.1,-0,-0,1,1,1,4.34155,-0.00872665,-0.00213059,-0.00248852,-0.405049,-0.406055
2633,1,-0.1,-0,-0,1,1,1,4.34155,0,0.0127836,-0.00249464,-0.569912,-0.428613
2634,1,-0.1,-0,-0,1,1,1,4.34155,-0.00698132,0.00745708,-0.00250813,-0.513101,-0.372217
2635,1,-0.1,-0,-0,1,1,1,4.34155,-0.00349066,-0.0170448,-0.00254792,-0.248833,-0.575244
2636,1,-0.1,-0,-0,1,1,1,4.34145,0,0.0234365,-0.00255696,-0.69532,-0.439893
2637,1,-0.1,-0,-0,1,1,1,4.34145,-0.0401426,-0.00958767,-0.00256539,-0.333167,-0.439893
2638,1,-0.1,-0,-0,1,1,1,4.34155,0.0645772,-0.0117183,-0.00254653,-0.307241,-0.462451
2639,1,-0.1,-0,-0,1,1,1,4.34155,-0.00872665,0.00639178,-0.00253082,-0.504378,-0.383496
2640,1,-0.1,-0,-0,1,1,1,4.34155,0.00872665,0.00213059,-0.00252509,-0.456749,-0.349658
2641,1,-0.1,-0,-0,1,1,1,4.34155,0,0.0010653,-0.00253158,-0.445887,-0.3271
2642,1,-0.1,-0,-0,1,1,1,4.34155,0,-0.00426119,-0.00251854,-0.385574,-0.360938
2643,1,-0.1,-0,-0,1,1,1,4.34155,0,0.00958767,-0.00254761,-0.541749,-0.439893
2644,1,-0.1,-0,-0,1,1,1,4.34155,0,0.00319589,-0.00256485,-0.473715,-0.383496
2645,1,-0.1,-0,-0,1,1,1,4.34145,-0.010472,-0.0191753,-0.00256785,-0.228027,-0.552686
2646,1,-0.1,-0,-0,1,1,1,4.34155,0.015708,0.00532648,-0.00259519,-0.501156,-0.47373
2647,1,-0.1,-0,-0,1,1,1,4.34145,-0.00872665,0.00426119,-0.00259972,-0.490036,-0.428613
2648,1,-0.1,-0,-0,1,1,1,4.34155,0,0.0010653,-0.00258328,-0.452712,-0.281982
2649,1,-0.1,-0,-0,1,1,1,4.34155,-0.020944,0.0127836,-0.00259556,-0.583233,-0.451172
2650,1,-0.1,-0,-0,1,1,1,4.34155,0,0.01811,-0.00262858,-0.646183,-0.383496
2651,1,-0.1,-0,-0,1,1,1,4.34145,-0.0279253,-0.0127836,-0.00262235,-0.305531,-0.541406
2652,1,-0.1,-0,-0,1,1,1,4.34145,0.00872665,0.00958767,-0.00267805,-0.558967,-0.609082
2653,1,-0.1,-0,-0,1,1,1,4.34145,0,-0.00532648,-0.00266935,-0.393763,-0.496289
2654,1,-0.1,-0,-0,1,1,1,4.34155,0.00523599,-0.00426119,-0.00269205,-0.408477,-0.620361
2655,1,-0.1,-0,-0,1,1,1,4.34145,0.0244346,0.00426119,-0.00272098,-0.506043,-0.439893
2656,1,-0.1,-0,-0,1,1,1,4.34145,0,0.0010653,-0.00269309,-0.467207,-0.462451
2657,1,-0.1,-0,-0,1,1,1,4.34155,0,-0.0117183,-0.00269017,-0.326201,-0.406055
2658,1,-0.1,-0,-0,1,1,1,4.34155,0.0139626,0.0127836,-0.00270486,-0.597661,-0.496289
2659,1,-0.1,-0,-0,1,1,1,4.34145,-0.0226893,0.00958767,-0.00274936,-0.56838,-0.609082
2660,1,-0.1,-0,-0,1,1,1,4.34145,0,0.0010653,-0.00276532,-0.47674,-0.575244
2661,1,-0.1,-0,-0,1,1,1,4.34145,0,-0.00745708,-0.00280125,-0.387738,-0.575244
2662,1,-0.1,-0,-0,1,1,1,4.34145,0,-0.00426119,-0.00277598,-0.419557,-0.428613
2663,1,-0.1,-0,-0,1,1,1,4.34155,-0.0139626,-0.00639178,-0.00277234,-0.395639,-0.541406
2664,1,-0.1,-0,-0,1,1,1,4.34145,0,0.00958767,-0.00281262,-0.57673,-0.620361
2665,1,-0.1,-0,-0,1,1,1,4.34145,0,0.00958767,-0.00283263,-0.579372,-0.597803
2666,1,-0.1,-0,-0,1,1,1,4.34145,0,-0.0159795,-0.00285117,-0.300581,-0.620361
2667,1,-0.1,-0,-0,1,1,1,4.34155,0.0331613,0.00426119,-0.00283605,-0.521231,-0.3271
2668,1,-0.1,-0,-0,1,1,1,4.34145,-0.0331613,0.0266324,-0.00283223,-0.766811,-0.48501
2669,1,-0.1,-0,-0,1,1,1,4.34145,-0.0226893,0.0138489,-0.00285938,-0.629776,-0.462451
2670,1,-0.1,-0,-0,1,1,1,4.34145,0,0.00852238,-0.00288231,-0.574211,-0.575244
2671,1,-0.1,-0,-0,1,1,1,4.34155,-0.00872665,0.00852238,-0.00288302,-0.574305,-0.48501
2672,1,-0.1,-0,-0,1,1,1,4.34145,0,-0.0127836,-0.0028855,-0.340267,-0.676758
2673,1,-0.1,-0,-0,1,1,1,4.34155,0.020944,0.00852238,-0.00289171,-0.575452,-0.507568
2674,1,-0.1,-0,-0,1,1,1,4.34145,-0.0296706,-0.0170448,-0.00288304,-0.293069,-0.541406
2675,1,-0.1,-0,-0,1,1,1,4.34155,0.00872665,-0.0202406,-0.00288314,-0.257927,-0.631641
2676,1,-0.1,-0,-0,1,1,1,4.34145,0.00698132,0.01811,-0.00289304,-0.681091,-0.349658
2677,1,-0.1,-0,-0,1,1,1,4.34136,-0.0523599,0.010653,-0.0029251,-0.603296,-0.47373
2678,1,-0.1,-0,-0,1,1,1,4.34145,0.0174533,0.00852238,-0.00291324,-0.578294,-0.462451
2679,1,-0.1,-0,-0,1,1,1,4.34145,-0.0418879,-0.0117183,-0.00291744,-0.356202,-0.586523
2680,1,-0.1,-0,-0,1,1,1,4.34145,0.0436332,0.00532648,-0.00294293,-0.547058,-0.439893
2681,1,-0.1,-0,-0,1,1,1,4.34136,-0.015708,-0.0170448,-0.00297823,-0.305634,-0.609082
2682,1,-0.1,-0,-0,1,1,1,4.34145,0.010472,-0.00213059,-0.00294792,-0.465689,-0.349658
2683,1,-0.1,-0,-0,1,1,1,4.34145,0,0.00745708,-0.00291318,-0.566568,-0.47373
2684,1,-0.1,-0,-0,1,1,1,4.34155,0.0139626,-0.0127836,-0.0029186,-0.344636,-0.518848
2685,1,-0.1,-0,-0,1,1,1,4.34145,0.020944,0.0191753,-0.00294113,-0.699158,-0.394775
2686,1,-0.1,-0,-0,1,1,1,4.34145,-0.0331613,0.00852238,-0.0029585,-0.584268,-0.47373
2687,1,-0.1,-0,-0,1,1,1,4.34145,0,0.0255671,-0.00299117,-0.776073,-0.541406
2688,1,-0.1,-0,-0,1,1,1,4.34145,0,0.00319589,-0.00301878,-0.533633,-0.586523
2689,1,-0.1,-0,-0,1,1,1,4.34145,0,0.00319589,-0.00303829,-0.536209,-0.620361
2690,1,-0.1,-0,-0,1,1,1,4.34145,0.00174533,0.00958767,-0.0030306,-0.605504,-0.620361
2691,1,-0.1,-0,-0,1,1,1,4.34145,0,0.00852238,-0.00307528,-0.599683,-0.597803
2692,1,-0.1,-0,-0,1,1,1,4.34145,0,-0.00319589,-0.00307377,-0.470582,-0.518848
2693,1,-0.1,-0,-0,1,1,1,4.34145,0,-0.00958767,-0.00305605,-0.397934,-0.451172
2694,1,-0.1,-0,-0,1,1,1,4.34145,0,0.00426119,-0.00308112,-0.55358,-0.541406
2695,1,-0.1,-0,-0,1,1,1,4.34145,0,0.00639178,-0.00311408,-0.581368,-0.64292
2696,1,-0.1,-0,-0,1,1,1,4.34145,0.0122173,-0.00213059,-0.00309447,-0.485034,-0.496289
2697,1,-0.1,-0,-0,1,1,1,4.34155,-0.0226893,-0.00213059,-0.00311934,-0.488317,-0.575244
2698,1,-0.1,-0,-0,1,1,1,4.34136,0,0.0117183,-0.0031474,-0.644358,-0.609082
2699,1,-0.1,-0,-0,1,1,1,4.34145,-0.010472,0.00639178,-0.00315889,-0.587283,-0.597803
2700,1,-0.1,-0,-0,1,1,1,4.34136,0,-0.00745708,-0.00318232,-0.438038,-0.654199
2701,1,-0.1,-0,-0,1,1,1,4.34145,0.015708,0.0117183,-0.00318346,-0.649118,-0.597803
2702,1,-0.1,-0,-0,1,1,1,4.34145,0,-0.0202406,-0.0031723,-0.296096,-0.518848
2703,1,-0.1,-0,-0,1,1,1,4.34145,0.0226893,-0.00532648,-0.00316968,-0.459807,-0.439893
2704,1,-0.1,-0,-0,1,1,1,4.34136,-0.0645772,0.00319589,-0.0032206,-0.560274,-0.552686
2705,1,-0.1,-0,-0,1,1,1,4.34136,0.0558505,0.00213059,-0.00325142,-0.552624,-0.530127
2706,1,-0.1,-0,-0,1,1,1,4.34136,-0.0471239,-0.0010653,-0.00326781,-0.519633,-0.428613
2707,1,-0.1,-0,-0,1,1,1,4.34136,0,-0.00319589,-0.00329199,-0.499388,-0.518848
2708,1,-0.1,-0,-0,1,1,1,4.34136,-0.0349066,-0.0159795,-0.003299,-0.359695,-0.507568
2709,1,-0.1,-0,-0,1,1,1,4.34136,0,-0.0170448,-0.0033345,-0.352662,-0.631641
2710,1,-0.1,-0,-0,1,1,1,4.34126,0,-0.00426119,-0.00334909,-0.495207,-0.575244
2711,1,-0.1,-0,-0,1,1,1,4.34136,0,0.0159795,-0.00335888,-0.719146,-0.47373
2712,1,-0.1,-0,-0,1,1,1,4.34136,0,0.0234365,-0.00337384,-0.803149,-0.518848
2713,1,-0.1,-0,-0,1,1,1,4.34136,-0.0279253,0.00639178,-0.00337425,-0.61571,-0.417334
2714,1,-0.1,-0,-0,1,1,1,4.34136,0.00872665,0.01811,-0.00340287,-0.74839,-0.518848
2715,1,-0.1,-0,-0,1,1,1,4.34126,-0.0174533,0.0010653,-0.00338726,-0.558837,-0.575244
2716,1,-0.1,-0,-0,1,1,1,4.34136,0.0349066,-0.00319589,-0.00339376,-0.512821,-0.48501
2717,1,-0.1,-0,-0,1,1,1,4.34136,0,-0.00852238,-0.00339895,-0.454915,-0.518848
2718,1,-0.1,-0,-0,1,1,1,4.34136,0.015708,-0.00426119,-0.00340925,-0.503148,-0.507568
2719,1,-0.1,-0,-0,1,1,1,4.34136,0,0.00532648,-0.00341899,-0.609898,-0.665479
2720,1,-0.1,-0,-0,1,1,1,4.34136,0.0122173,0.00319589,-0.00344595,-0.59002,-0.620361
2721,1,-0.1,-0,-0,1,1,1,4.34136,0,0.0117183,-0.00344724,-0.683937,-0.665479
2722,1,-0.1,-0,-0,1,1,1,4.34136,0.0244346,0.00745708,-0.00349694,-0.643624,-0.496289
2723,1,-0.1,-0,-0,1,1,1,4.34136,-0.00872665,-0.00426119,-0.00347033,-0.511211,-0.609082
2724,1,-0.1,-0,-0,1,1,1,4.34136,0.00872665,0.00639178,-0.00347511,-0.629024,-0.620361
2725,1,-0.1,-0,-0,1,1,1,4.34136,-0.0174533,-0.0010653,-0.0034497,-0.543642,-0.665479
2726,1,-0.1,-0,-0,1,1,1,4.34136,0.0261799,-0.0223712,-0.00345845,-0.310432,-0.721875
2727,1,-0.1,-0,-0,1,1,1,4.34136,0.0488692,0.0010653,-0.00345861,-0.568255,-0.575244
2728,1,-0.1,-0,-0,1,1,1,4.34136,-0.0471239,-0.0234365,-0.00344806,-0.297342,-0.676758
2729,1,-0.1,-0,-0,1,1,1,4.34145,0.0488692,0.00532648,-0.0034528,-0.614361,-0.676758
2730,1,-0.1,-0,-0,1,1,1,4.34136,-0.0314159,0.0010653,-0.00345371,-0.567608,-0.541406
2731,1,-0.1,-0,-0,1,1,1,4.34136,0,-0.00426119,-0.00345331,-0.508964,-0.721875
2732,1,-0.1,-0,-0,1,1,1,4.34136,0.015708,0.0138489,-0.0034669,-0.709968,-0.609082
2733,1,-0.1,-0,-0,1,1,1,4.34126,-0.0191986,0.00958767,-0.00346699,-0.663107,-0.507568
2734,1,-0.1,-0,-0,1,1,1,4.34136,0,0.00532648,-0.00346913,-0.616516,-0.563965
2735,1,-0.1,-0,-0,1,1,1,4.34126,0,-0.00213059,-0.00348598,-0.536712,-0.699316
2736,1,-0.1,-0,-0,1,1,1,4.34136,0.0226893,-0.00213059,-0.00350674,-0.539454,-0.552686
2737,1,-0.1,-0,-0,1,1,1,4.34126,0,-8.47998e-19,-0.00352188,-0.564888,-0.586523
2738,1,-0.1,-0,-0,1,1,1,4.34126,-0.0366519,0.0117183,-0.00355371,-0.697991,-0.563965
2739,1,-0.1,-0,-0,1,1,1,4.34126,0,0.01811,-0.00354236,-0.766802,-0.507568
2740,1,-0.1,-0,-0,1,1,1,4.34136,0,-0.00958767,-0.00354625,-0.46264,-0.575244
2741,1,-0.1,-0,-0,1,1,1,4.34126,0.0174533,-0.010653,-0.00353375,-0.449272,-0.676758
2742,1,-0.1,-0,-0,1,1,1,4.34136,0.0174533,0.00426119,-0.00355625,-0.616298,-0.48501
2743,1,-0.1,-0,-0,1,1,1,4.34126,0,0.00745708,-0.00353927,-0.649211,-0.586523
2744,1,-0.1,-0,-0,1,1,1,4.34136,0,0.0117183,-0.00354694,-0.697097,-0.676758
2745,1,-0.1,-0,-0,1,1,1,4.34136,0,-0.0170448,-0.00353127,-0.378635,-0.507568
2746,1,-0.1,-0,-0,1,1,1,4.34136,0,-0.0191753,-0.00348042,-0.348487,-0.47373
2747,1,-0.1,-0,-0,1,1,1,4.34136,0,0.010653,-0.00352775,-0.682846,-0.676758
2748,1,-0.1,-0,-0,1,1,1,4.34126,0,-0.00213059,-0.00350197,-0.538823,-0.47373
2749,1,-0.1,-0,-0,1,1,1,4.34136,-0.0331613,0.028763,-0.00351345,-0.880169,-0.47373
2750,1,-0.1,-0,-0,1,1,1,4.34136,-0.0174533,0.0117183,-0.00355585,-0.698273,-0.631641
2751,1,-0.1,-0,-0,1,1,1,4.34126,0,0.00639178,-0.0035714,-0.641734,-0.530127
2752,1,-0.1,-0,-0,1,1,1,4.34136,0,-0.00745708,-0.00356169,-0.488115,-0.654199
2753,1,-0.1,-0,-0,1,1,1,4.34136,0.0436332,0.00958767,-0.00354343,-0.673197,-0.507568
2754,1,-0.1,-0,-0,1,1,1,4.34136,-0.0244346,-0.00426119,-0.00352677,-0.518661,-0.609082
2755,1,-0.1,-0,-0,1,1,1,4.34136,0.020944,0.00213059,-0.00354365,-0.591199,-0.586523
2756,1,-0.1,-0,-0,1,1,1,4.34136,-0.00349066,0.0245018,-0.00358996,-0.843394,-0.518848
2757,1,-0.1,-0,-0,1,1,1,4.34126,-0.0174533,-0.010653,-0.0035825,-0.455708,-0.541406
2758,1,-0.1,-0,-0,1,1,1,4.34145,0.0296706,0.00958767,-0.00360422,-0.681222,-0.609082
2759,1,-0.1,-0,-0,1,1,1,4.34117,-0.00698132,0.00213059,-0.00363212,-0.602876,-0.654199
2760,1,-0.1,-0,-0,1,1,1,4.34126,0,-0.0010653,-0.00363581,-0.568209,-0.688037
2761,1,-0.1,-0,-0,1,1,1,4.34126,0,0.0159795,-0.00363406,-0.75547,-0.631641
2762,1,-0.1,-0,-0,1,1,1,4.34126,0.00174533,0.00213059,-0.00364246,-0.604242,-0.518848
2763,1,-0.1,-0,-0,1,1,1,4.34126,-0.00349066,0.00532648,-0.00366363,-0.642191,-0.676758
2764,1,-0.1,-0,-0,1,1,1,4.34126,0,0.00958767,-0.00367789,-0.690946,-0.699316
2765,1,-0.1,-0,-0,1,1,1,4.34126,0,0.00532648,-0.00369892,-0.646848,-0.654199
2766,1,-0.1,-0,-0,1,1,1,4.34126,0.00872665,-0.00745708,-0.00373269,-0.510688,-0.733154
2767,1,-0.1,-0,-0,1,1,1,4.34126,0.0191986,0.00319589,-0.00374868,-0.629981,-0.609082
2768,1,-0.1,-0,-0,1,1,1,4.34126,0,-0.00426119,-0.00376602,-0.550241,-0.530127
2769,1,-0.1,-0,-0,1,1,1,4.34126,0,0.00958767,-0.00379676,-0.706637,-0.699316
2770,1,-0.1,-0,-0,1,1,1,4.34126,0,-0.0010653,-0.00375539,-0.583994,-0.586523
2771,1,-0.1,-0,-0,1,1,1,4.34126,-0.0244346,0.0117183,-0.00379031,-0.729222,-0.541406
2772,1,-0.1,-0,-0,1,1,1,4.34117,0,-1.95692e-19,-0.00376121,-0.59648,-0.530127
2773,1,-0.1,-0,-0,1,1,1,4.34126,-0.0174533,0.0170448,-0.0037733,-0.785567,-0.530127
2774,1,-0.1,-0,-0,1,1,1,4.34126,0,0.00532648,-0.00376039,-0.654963,-0.541406
2775,1,-0.1,-0,-0,1,1,1,4.34126,0,-0.00639178,-0.00379298,-0.530364,-0.428613
2776,1,-0.1,-0,-0,1,1,1,4.34126,-0.020944,0.00745708,-0.00380989,-0.684934,-0.563965
2777,1,-0.1,-0,-0,1,1,1,4.34126,0,-0.0170448,-0.00381878,-0.416586,-0.462451
2778,1,-0.1,-0,-0,1,1,1,4.34126,0,0.0127836,-0.00384323,-0.747926,-0.428613
2779,1,-0.1,-0,-0,1,1,1,4.34117,-0.0174533,-0.00852238,-0.00381609,-0.509977,-0.462451
2780,1,-0.1,-0,-0,1,1,1,4.34136,0.0139626,0.0191753,-0.0038218,-0.815406,-0.496289
2781,1,-0.1,-0,-0,1,1,1,4.34117,-0.0191986,0.00426119,-0.00384193,-0.654008,-0.428613
2782,1,-0.1,-0,-0,1,1,1,4.34126,-0.00698132,0.00213059,-0.00379022,-0.623746,-0.338379
2783,1,-0.1,-0,-0,1,1,1,4.34126,-0.0890118,0.00532648,-0.00379299,-0.659266,-0.868506
2784,1,-0.099999,0.00075501,0.37465,1,1,1,4.34117,0.0698132,0.00426119,-0.00382132,-0.591517,-0.676758
2785,1,-0.0999887,0.00374504,0.817458,1,1,1,4.34126,0,-0.00213059,-0.00382978,-0.425303,-0.451172
2786,1,-0.0999579,0.00889052,1.23334,1,1,1,4.34126,0,0.0010653,-0.00382462,-0.339263,-0.293262
2787,1,-0.0998964,0.0160343,1.62125,1,1,1,4.34126,0,0.0202406,-0.00378301,-0.402813,-0.417334
2788,1,-0.0997945,0.025054,1.98272,1,1,1,4.34145,0.0331613,0.0010653,-0.00370587,-0.0197726,-0.31582
2789,1,-0.099643,0.0358175,2.31821,1,1,1,4.34145,0.010472,0.0170448,-0.00359514,-0.00056034,-0.101514
2790,1,-0.0994336,0.0481939,2.62823,1,1,1,4.34155,0.0191986,0.0191753,-0.00344485,0.193074,-0.15791
2791,1,-0.0991586,0.0620578,2.91337,1,1,1,4.34164,0.0174533,0.0149142,-0.00322578,0.481762,-0.0451172
2792,1,-0.0988107,0.0772881,3.17422,1,1,1,4.34184,0.0471239,0.0213059,-0.00294793,0.676082,0.0225586
2793,1,-0.0983836,0.0937616,3.41132,1,1,1,4.3426,0.240855,0.0213059,-0.00261225,0.962268,0.417334
2794,1,-0.0978711,0.111367,3.62531,1,1,1,4.34395,0.333358,0.0458078,-0.00222867,0.998186,0.721875
2795,1,-0.0972683,0.129978,3.81664,1,1,1,4.34423,-0.0244346,0.0671137,-0.00185371,1.07763,0.981299
2796,1,-0.0965697,0.149499,3.98604,1,1,1,4.34452,0.13439,0.078832,-0.00164021,1.24782,0.992578
2797,1,-0.0957721,0.1698,4.13392,1,1,1,4.34519,0.164061,0.118248,-0.00134203,1.13203,0.924902
2798,1,-0.0948709,0.190795,4.261,1,1,1,4.34586,0.162316,0.128901,-0.0011506,1.32452,1.11665
2799,1,-0.0938628,0.212383,4.36784,1,1,1,4.34682,0.181514,0.165121,-0.000979115,1.23696,0.947461
2800,1,-0.0927462,0.234444,4.45493,1,1,1,4.34749,0.211185,0.202406,-0.000799332,1.14249,1.04897
2801,1,-0.091519,0.256877,4.52286,1,1,1,4.34884,0.185005,0.240757,-0.000623779,1.03794,1.07153
2802,1,-0.0901767,0.279642,4.57234,1,1,1,4.34979,0.29147,0.256737,-0.000474782,1.17668,1.13921
2803,1,-0.0887212,0.30259,4.60381,1,1,1,4.35162,0.277507,0.288695,-0.000355706,1.13557,1.27456
2804,1,-0.0871508,0.325649,4.61788,1,1,1,4.35267,0.249582,0.302544,-0.000246137,1.29147,1.35352
2805,1,-0.0854644,0.348743,4.61513,1,1,1,4.35468,0.383972,0.32172,-0.00013764,1.38684,1.33096
2806,1,-0.0836636,0.371772,4.59614,1,1,1,4.35612,0.314159,0.332373,-5.44322e-05,1.56923,1.29712
2807,1,-0.0817474,0.394672,4.56148,1,1,1,4.35833,0.450295,0.37605,2.87244e-05,1.38493,1.19561
2808,1,-0.079717,0.417363,4.51173,1,1,1,4.35996,0.39619,0.409074,5.60262e-05,1.30464,1.3084
2809,1,-0.0775742,0.439766,4.44746,1,1,1,4.36235,0.483456,0.418662,0.000132419,1.48377,1.27456
2810,1,-0.0753218,0.461797,4.36932,1,1,1,4.36437,0.479966,0.446359,0.000179876,1.453,1.52271
2811,1,-0.0729566,0.483438,4.27768,1,1,1,4.36686,0.443314,0.48471,0.000143853,1.28593,1.16177
2812,1,-0.0704863,0.504571,4.17332,1,1,1,4.36868,0.485202,0.475122,0.000171151,1.64684,1.16177
2813,1,-0.0679141,0.525133,4.05687,1,1,1,4.37213,0.610865,0.541171,0.000188498,1.16694,1.40991
2814,1,-0.0652382,0.545102,3.92867,1,1,1,4.37405,0.469494,0.532648,0.0002043,1.49665,1.44375
2815,1,-0.0624624,0.564413,3.78933,1,1,1,4.37712,0.596903,0.567803,0.000171963,1.32924,1.11665
2816,1,-0.0595954,0.582979,3.63968,1,1,1,4.37971,0.666716,0.572064,0.000197105,1.49924,1.33096
2817,1,-0.0566355,0.600783,3.48002,1,1,1,4.38325,0.495674,0.597632,0.000204154,1.42164,1.34224
2818,1,-0.0535889,0.617764,3.31105,1,1,1,4.38546,0.612611,0.624264,0.000191784,1.31798,1.31968
2819,1,-0.0504593,0.633879,3.13332,1,1,1,4.38977,0.684169,0.665811,0.000153151,1.03399,1.27456
2820,1,-0.0472491,0.649095,2.94726,1,1,1,4.39217,0.568977,0.676464,9.7138e-05,1.07466,1.13921
2821,1,-0.04397,0.66334,2.75388,1,1,1,4.3961,0.694641,0.692443,-6.04352e-05,1.02775,1.21816
2822,1,-0.0406198,0.676611,2.55334,1,1,1,4.39879,0.630064,0.703096,-0.000192999,1.03008,1.06025
2823,1,-0.0372058,0.688862,2.34635,1,1,1,4.40291,0.736529,0.735055,-0.000285896,0.790251,1.21816
2824,1,-0.03373,0.700073,2.1333,1,1,1,4.40588,0.719076,0.741447,-0.000407877,0.812758,1.00386
2825,1,-0.030204,0.710196,1.91512,1,1,1,4.40981,0.668461,0.730794,-0.00052888,1.0084,1.02642
2826,1,-0.0266329,0.719209,1.69241,1,1,1,4.41298,0.801106,0.744643,-0.000615408,0.925502,0.992578
2827,1,-0.0230167,0.727105,1.46537,1,1,1,4.41758,0.745256,0.740381,-0.000673687,1.03087,1.18433
2828,1,-0.0193638,0.733857,1.23475,1,1,1,4.42045,0.651008,0.755296,-0.000785662,0.902901,0.913623
2829,1,-0.0156723,0.739458,1.00065,1,1,1,4.42458,0.787143,0.756361,-0.000903226,0.910746,0.936182
2830,1,-0.011969,0.743867,0.764964,1,1,1,4.42774,0.736529,0.743577,-0.000987774,1.06086,0.845947
2831,1,-0.00824354,0.747096,0.527245,1,1,1,4.43215,0.820305,0.755296,-0.00106975,0.926745,0.868506
2832,1,-0.00449946,0.749136,0.28791,1,1,1,4.43531,0.699877,0.747838,-0.00114554,0.988483,0.789551
2833,1,-0.000754079,0.749976,0.0482608,1,1,1,4.43963,0.856957,0.77021,-0.00128734,0.697944,0.766992
2834,1,0.00299533,0.749617,-0.191685,1,1,1,4.44289,0.753982,0.759557,-0.00136994,0.765987,0.744434
2835,1,0.00673999,0.74806,-0.431173,1,1,1,4.44711,0.703368,0.784059,-0.0015151,0.425483,0.654199
2836,1,0.0104767,0.745305,-0.669806,1,1,1,4.44998,0.731293,0.777667,-0.00162581,0.414465,0.552686
2837,1,0.014191,0.741366,-0.906466,1,1,1,4.4543,0.684169,0.777667,-0.00175128,0.316601,0.541406
2838,1,0.0178895,0.73624,-1.14137,1,1,1,4.45727,0.781908,0.77021,-0.00183138,0.291913,0.518848
2839,1,0.0215519,0.729959,-1.37303,1,1,1,4.46158,0.637045,0.741447,-0.00185821,0.49466,0.64292
2840,1,0.0251835,0.722521,-1.60157,1,1,1,4.46456,0.780162,0.709488,-0.001861,0.721586,0.541406
2841,1,0.0287751,0.71395,-1.8262,1,1,1,4.46925,0.755728,0.727598,-0.00188278,0.381508,0.631641
2842,1,0.0323237,0.704259,-2.04651,1,1,1,4.47184,0.602139,0.728663,-0.00192905,0.212201,0.451172
2843,1,0.0358162,0.693494,-2.26143,1,1,1,4.47577,0.689405,0.709488,-0.00203919,0.244352,0.304541
2844,1,0.0392542,0.681662,-2.47085,1,1,1,4.47846,0.678933,0.693508,-0.00210139,0.234948,0.169189
2845,1,0.0426341,0.668784,-2.67425,1,1,1,4.48258,0.692896,0.687117,-0.00211102,0.114695,0.214307
2846,1,0.0459428,0.654923,-2.8706,1,1,1,4.48536,0.68766,0.651962,-0.00216226,0.293884,0.146631
2847,1,0.0491786,0.640104,-3.05951,1,1,1,4.489,0.589921,0.622133,-0.00215753,0.410909,0.180469
2848,1,0.0523431,0.624335,-3.24077,1,1,1,4.4914,0.626573,0.635982,-0.00220425,0.0297319,0.259424
2849,1,0.0554205,0.607713,-3.41316,1,1,1,4.49533,0.612611,0.631721,-0.00222769,-0.158771,0.101514
2850,1,0.0584158,0.590234,-3.57664,1,1,1,4.49754,0.534071,0.596566,-0.00229636,-0.0228905,0.180469
2851,1,0.0613217,0.571962,-3.73043,1,1,1,4.50089,0.610865,0.607219,-0.00234877,-0.397471,0.191748
2852,1,0.0641363,0.552932,-3.87407,1,1,1,4.50329,0.561996,0.552889,-0.00233711,-0.0570382,0.0225586
2853,1,0.0668518,0.533227,-4.00676,1,1,1,4.50616,0.464258,0.535844,-0.00233085,-0.134282,0.112793
2854,1,0.0694674,0.512884,-4.12807,1,1,1,4.50827,0.553269,0.487906,-0.00230167,0.124648,0.0789551
2855,1,0.071978,0.491981,-4.23731,1,1,1,4.51125,0.443314,0.472992,-0.00221021,0.0232693,0
2856,1,0.0743845,0.470547,-4.33408,1,1,1,4.51297,0.406662,0.454882,-0.00212952,-0.049392,0.0112793
2857,1,0.0766828,0.448661,-4.41772,1,1,1,4.51556,0.450295,0.420792,-0.00200434,0.0556936,-0.0451172
2858,1,0.0788704,0.426393,-4.48764,1,1,1,4.51719,0.392699,0.384572,-0.0018626,0.183596,-0.0676758
2859,1,0.0809461,0.403809,-4.54329,1,1,1,4.51959,0.403171,0.374985,-0.00170784,0.0188943,-0.0563965
2860,1,0.0829094,0.38097,-4.5841,1,1,1,4.52093,0.305433,0.352613,-0.00157917,-0.0105946,-0.0563965
2861,1,0.0847557,0.357994,-4.60943,1,1,1,4.52304,0.357792,0.336634,-0.0014162,-0.104249,-0.0789551
2862,1,0.086488,0.334916,-4.61876,1,1,1,4.52428,0.280998,0.322785,-0.00129161,-0.226382,0.0563965
2863,1,0.0881061,0.311816,-4.6115,1,1,1,4.52601,0.305433,0.28763,-0.00118607,-0.115287,-0.0902344
2864,1,0.0896073,0.288816,-4.58708,1,1,1,4.52716,0.247837,0.254606,-0.00106094,-0.0206246,-0.135352
2865,1,0.0909935,0.265991,-4.54494,1,1,1,4.5285,0.251327,0.253541,-0.000947836,-0.274183,-0.112793
2866,1,0.0922678,0.243393,-4.48441,1,1,1,4.52946,0.233874,0.220516,-0.000833919,-0.17138,-0.124072
2867,1,0.0934281,0.221181,-4.40511,1,1,1,4.53061,0.174533,0.206668,-0.000701657,-0.268806,-0.146631
2868,1,0.0944794,0.199393,-4.30627,1,1,1,4.53128,0.172788,0.164056,-0.000562196,-0.040977,-0.112793
2869,1,0.0954236,0.178135,-4.1873,1,1,1,4.53215,0.137881,0.140619,-0.00037647,-0.0071204,-0.101514
2870,1,0.0962619,0.157554,-4.0479,1,1,1,4.53272,0.137881,0.112921,-0.000174752,0.0872731,-0.0676758
2871,1,0.0969997,0.137707,-3.88721,1,1,1,4.53339,0.0802851,0.115052,3.91579e-05,-0.131696,-0.0451172
2872,1,0.0976408,0.118706,-3.70462,1,1,1,4.53368,0.0767945,0.0671137,0.000277749,0.217395,0.0225586
2873,1,0.098189,0.100681,-3.49973,1,1,1,4.53406,0.0506145,0.0585913,0.000560262,0.154548,0.0451172
2874,1,0.0986492,0.0837579,-3.27221,1,1,1,4.53416,0.020944,0.0223712,0.000777999,0.404665,0.0451172
2875,1,0.0990281,0.0680143,-3.02097,1,1,1,4.53435,0.0314159,0.00639178,0.00106589,0.460691,0.135352
2876,1,0.0993315,0.0535872,-2.74564,1,1,1,4.53445,0.00349066,-0.0010653,0.00135344,0.443193,0.191748
2877,1,0.0995664,0.0405976,-2.44565,1,1,1,4.53454,0.0139626,-0.0191753,0.00166116,0.567505,0.462451
2878,1,0.0997401,0.0291722,-2.12047,1,1,1,4.53454,0,-0.01811,0.00189963,0.494154,0.428613
2879,1,0.099861,0.0194273,-1.7691,1,1,1,4.53454,0,-0.0117183,0.00206732,0.376583,0.394775
2880,1,0.0999375,0.0115216,-1.39211,1,1,1,4.53445,-0.0488692,-0.00745708,0.00223573,0.308762,0.293262
2881,1,0.0999794,0.00556045,-0.987766,1,1,1,4.53445,-0.00174533,-0.0213059,0.00229586,0.451909,0.304541
2882,1,0.0999966,0.00168966,-0.555893,1,1,1,4.53426,-0.00872665,-0.010653,0.00236082,0.356768,0.214307
2883,1,0.1,4.83205e-05,-0.0959326,1,1,1,4.53435,0,0.010653,0.00242847,0.176829,0.428613
2884,1,0.1,0,0,1,1,1,4.53435,-0.00523599,-0.0117183,0.00246285,0.442784,0.3271
2885,1,0.1,0,0,1,1,1,4.53435,0.015708,-0.00213059,0.00248028,0.342685,0.383496
2886,1,0.1,0,0,1,1,1,4.53435,-0.00872665,-0.0010653,0.00248447,0.334713,0.304541
2887,1,0.1,0,0,1,1,1,4.53435,0,-0.0010653,0.00248762,0.337959,0.259424
2888,1,0.1,0,0,1,1,1,4.53426,0,0.00426119,0.00248919,0.282565,0.281982
2889,1,0.1,0,0,1,1,1,4.53435,0,0.00639178,0.00248069,0.260792,0.259424
2890,1,0.1,0,0,1,1,1,4.53435,0.0191986,-0.00852238,0.00246507,0.425223,0.372217
2891,1,0.1,0,0,1,1,1,4.53435,0,-0.0117183,0.0024475,0.460743,0.281982
2892,1,0.1,0,0,1,1,1,4.53435,0.00872665,-0.00213059,0.00243479,0.356298,0.406055
2893,1,0.1,0,0,1,1,1,4.53435,0,2.60922e-19,0.00240162,0.330781,0.3271
2894,1,0.1,0,0,1,1,1,4.53435,0,0.00213059,0.0023825,0.3074,0.360938
2895,1,0.1,0,0,1,1,1,4.53426,0,0.0117183,0.00235908,0.201258,0.281982
2896,1,0.1,0,0,1,1,1,4.53435,0,0,0.00237932,0.335869,0.394775
2897,1,0.1,0,0,1,1,1,4.53435,-0.00523599,-0.00532648,0.00237773,0.39689,0.304541
2898,1,0.1,0,0,1,1,1,4.53426,0,0.00852238,0.00236852,0.24618,0.349658
2899,1,0.1,0,0,1,1,1,4.53435,-0.0279253,2.60922e-19,0.0023828,0.34489,0.372217
2900,1,0.1,0,0,1,1,1,4.53435,0.0174533,-0.00639178,0.00231834,0.408231,0.248145
2901,1,0.1,0,0,1,1,1,4.53435,0.0366519,-0.00958767,0.00229103,0.442068,0.214307
2902,1,0.1,0,0,1,1,1,4.53435,0,0.00745708,0.00227497,0.254889,0.259424
2903,1,0.1,0,0,1,1,1,4.53435,0,0.00426119,0.00227994,0.293582,0.394775
2904,1,0.1,0,0,1,1,1,4.53435,0,-0.0127836,0.00232861,0.490956,0.372217
2905,1,0.1,0,0,1,1,1,4.53435,0,0.010653,0.0023291,0.23612,0.451172
2906,1,0.1,0,0,1,1,1,4.53435,-0.0279253,-0.0149142,0.00233743,0.520907,0.338379
2907,1,0.1,0,0,1,1,1,4.53435,0.0174533,1.76123e-18,0.00236284,0.363692,0.338379
2908,1,0.1,0,0,1,1,1,4.53435,0,-0.00639178,0.00234535,0.434087,0.338379
2909,1,0.1,0,0,1,1,1,4.53435,0,0.00958767,0.00232069,0.257646,0.248145
2910,1,0.1,0,0,1,1,1,4.53435,0,0.00639178,0.00230741,0.293628,0.281982
2911,1,0.1,0,0,1,1,1,4.53435,0,0.0191753,0.00226221,0.149252,0.338379
2912,1,0.1,0,0,1,1,1,4.53435,-0.00349066,-1.04369e-18,0.00226448,0.362893,0.349658
2913,1,0.1,0,0,1,1,1,4.53435,0,-0.00852238,0.00230116,0.464782,0.406055
2914,1,0.1,0,0,1,1,1,4.53435,0.015708,0.0170448,0.00229779,0.186026,0.563965
2915,1,0.1,0,0,1,1,1,4.53426,-0.0401426,0.00745708,0.00228018,0.291186,0.304541
2916,1,0.1,0,0,1,1,1,4.53435,0.0174533,-0.00426119,0.00228189,0.422812,0.293262
2917,1,0.1,0,0,1,1,1,4.53435,0,0.00532648,0.00226266,0.317119,0.304541
2918,1,0.1,0,0,1,1,1,4.53435,-0.0226893,0.00426119,0.00223494,0.327518,0.214307
2919,1,0.1,0,0,1,1,1,4.53435,0.00523599,0.0117183,0.00221684,0.24564,0.372217
2920,1,0.1,0,0,1,1,1,4.53435,0,-0.00745708,0.00219952,0.456522,0.349658
2921,1,0.1,0,0,1,1,1,4.53435,0,8.47998e-19,0.00218319,0.374903,0.349658
2922,1,0.1,0,0,1,1,1,4.53435,0,-0.0010653,0.0021972,0.391267,0.360938
2923,1,0.1,0,0,1,1,1,4.53435,0,-0.00639178,0.00220286,0.4532,0.439893
2924,1,0.1,0,0,1,1,1,4.53435,0,0.0117183,0.00218604,0.254202,0.349658
2925,1,0.1,0,0,1,1,1,4.53435,0,0.0191753,0.00215449,0.169938,0.338379
2926,1,0.1,0,0,1,1,1,4.53435,-0.00698132,-0.00213059,0.00211527,0.400403,0.191748
2927,1,0.1,0,0,1,1,1,4.53435,0.0226893,-0.00426119,0.00213413,0.428578,0.304541
2928,1,0.1,0,0,1,1,1,4.53435,0,0.0127836,0.00212168,0.239443,0.293262
2929,1,0.1,0,0,1,1,1,4.53435,0,-0.00319589,0.00215042,0.419011,0.394775
2930,1,0.1,0,0,1,1,1,4.53435,0,0.00745708,0.0021345,0.299726,0.338379
2931,1,0.1,0,0,1,1,1,4.53435,0,0.0127836,0.00210234,0.236824,0.383496
2932,1,0.1,0,0,1,1,1,4.53435,-0.0261799,-0.0010653,0.00209597,0.388387,0.349658
2933,1,0.1,0,0,1,1,1,4.53435,0,0.0010653,0.00205893,0.36006,0.259424
2934,1,0.1,0,0,1,1,1,4.53435,-0.00174533,0.00426119,0.00208037,0.327736,0.439893
2935,1,0.1,0,0,1,1,1,4.53435,-0.0349066,-0.00639178,0.00204904,0.440783,0.383496
2936,1,0.1,0,0,1,1,1,4.53435,-0.00349066,-0.0234365,0.00204613,0.627891,0.428613
2937,1,0.1,0,0,1,1,1,4.53435,0.00523599,0.00639178,0.002019,0.296198,0.293262
2938,1,0.1,0,0,1,1,1,4.53435,-0.00872665,0.00426119,0.00200309,0.317534,0.349658
2939,1,0.1,0,0,1,1,1,4.53435,0,-0.00958767,0.0020086,0.4706,0.360938
2940,1,0.1,0,0,1,1,1,4.53435,0,0.00852238,0.00197486,0.266936,0.259424
2941,1,0.1,0,0,1,1,1,4.53435,0,0.00639178,0.0019869,0.291961,0.372217
2942,1,0.1,0,0,1,1,1,4.53435,0,0.0255671,0.00192826,0.0732915,0.293262
2943,1,0.1,0,0,1,1,1,4.53435,0,-0.00319589,0.00193095,0.39004,0.360938
2944,1,0.1,0,0,1,1,1,4.53435,0,0.0213059,0.00190122,0.116596,0.304541
2945,1,0.1,0,0,1,1,1,4.53435,-0.0122173,-0.0159795,0.00189549,0.525978,0.338379
2946,1,0.1,0,0,1,1,1,4.53435,0.00698132,0.00532648,0.00189986,0.29219,0.31582
2947,1,0.1,0,0,1,1,1,4.53435,0,0.0117183,0.00189012,0.220595,0.417334
2948,1,0.1,0,0,1,1,1,4.53435,-0.00872665,0.00532648,0.00185626,0.286435,0.248145
2949,1,0.1,0,0,1,1,1,4.53435,0.00698132,-2.54399e-18,0.00188366,0.348643,0.48501
2950,1,0.1,0,0,1,1,1,4.53435,0,0.00319589,0.00188216,0.31329,0.394775
2951,1,0.1,0,0,1,1,1,4.53435,0,-0.00852238,0.00186871,0.440415,0.349658
2952,1,0.1,0,0,1,1,1,4.53435,0,-0.0010653,0.00187197,0.358818,0.3271
2953,1,0.1,0,0,1,1,1,4.53435,0,0.0276977,0.00183259,0.0372274,0.304541
2954,1,0.1,0,0,1,1,1,4.53426,0,-0.0383507,0.00183841,0.764528,0.304541
2955,1,0.1,0,0,1,1,1,4.53445,0.0226893,0.0117183,0.0018625,0.216949,0.383496
2956,1,0.1,0,0,1,1,1,4.53435,-0.0244346,0.00639178,0.00183739,0.272226,0.31582
2957,1,0.1,0,0,1,1,1,4.53435,0,0.0202406,0.00183081,0.11902,0.281982
2958,1,0.1,0,0,1,1,1,4.53435,0,0.0010653,0.00183729,0.330804,0.293262
2959,1,0.1,0,0,1,1,1,4.53435,0,-0.00958767,0.00180707,0.443998,0.304541
2960,1,0.1,0,0,1,1,1,4.53426,0,-0.0127836,0.00182926,0.482081,0.417334
2961,1,0.1,0,0,1,1,1,4.53435,0,0.0191753,0.00182931,0.13054,0.383496
2962,1,0.1,0,0,1,1,1,4.53435,-0.00349066,-0.00213059,0.00176511,0.356431,0.270703
2963,1,0.1,0,0,1,1,1,4.53435,0.0139626,0.00426119,0.00177179,0.287003,0.293262
2964,1,0.1,0,0,1,1,1,4.53435,0,0.00319589,0.00177731,0.29945,0.349658
2965,1,0.1,0,0,1,1,1,4.53435,0,-0.00532648,0.00177793,0.393278,0.439893
2966,1,0.1,0,0,1,1,1,4.53435,0,0.00532648,0.0017427,0.271445,0.360938
2967,1,0.1,0,0,1,1,1,4.53435,-0.00174533,-0.00639178,0.00174323,0.400416,0.236865
2968,1,0.1,0,0,1,1,1,4.53435,0.0331613,-0.00639178,0.0017228,0.397719,0.31582
2969,1,0.1,0,0,1,1,1,4.53435,0,-0.00319589,0.00168836,0.358018,0.191748
2970,1,0.1,0,0,1,1,1,4.53435,0.0122173,0.0138489,0.00169232,0.171049,0.304541
2971,1,0.1,0,0,1,1,1,4.53435,0,-0.00958767,0.0016588,0.424376,0.281982
2972,1,0.1,0,0,1,1,1,4.53426,-0.00174533,0.0010653,0.00167259,0.309064,0.304541
2973,1,0.1,0,0,1,1,1,4.53435,0,-0.00958767,0.00170481,0.430499,0.383496
2974,1,0.1,0,0,1,1,1,4.53435,0.0139626,0.00213059,0.00170411,0.301506,0.304541
2975,1,0.1,0,0,1,1,1,4.53435,0,0.0117183,0.00168601,0.193653,0.304541
2976,1,0.1,0,0,1,1,1,4.53435,0,0.0213059,0.00164223,0.0824089,0.248145
2977,1,0.1,0,0,1,1,1,4.53426,0,0.00319589,0.00164384,0.281832,0.236865
2978,1,0.1,0,0,1,1,1,4.53435,0.0191986,0.00426119,0.00166849,0.273368,0.304541
2979,1,0.1,0,0,1,1,1,4.53435,-0.00698132,0.00639178,0.00168068,0.251541,0.304541
2980,1,0.1,0,0,1,1,1,4.53435,0,0.00852238,0.00169284,0.229708,0.259424
2981,1,0.1,0,0,1,1,1,4.53435,0,-0.0117183,0.00169023,0.452012,0.372217
2982,1,0.1,0,0,1,1,1,4.53435,0,0.0149142,0.00165356,0.154214,0.383496
2983,1,0.1,0,0,1,1,1,4.53426,-0.00174533,-0.00213059,0.00161798,0.33701,0.225586
2984,1,0.1,0,0,1,1,1,4.53426,0.00872665,0.0159795,0.00161373,0.137238,0.3271
2985,1,0.1,0,0,1,1,1,4.53426,0,0.010653,0.00158852,0.192502,0.270703
2986,1,0.1,0,0,1,1,1,4.53435,0.00872665,-0.0138489,0.00161614,0.465668,0.259424
2987,1,0.1,0,0,1,1,1,4.53435,0,0.00852238,0.00158278,0.215181,0.304541
2988,1,0.1,0,0,1,1,1,4.53426,-0.0174533,-0.00426119,0.00156845,0.353909,0.349658
2989,1,0.1,0,0,1,1,1,4.53426,-0.00872665,-0.0010653,0.00155623,0.31714,0.203027
2990,1,0.1,0,0,1,1,1,4.53435,0.010472,0.00426119,0.00158066,0.261774,0.360938
2991,1,0.1,0,0,1,1,1,4.53426,0,0.00532648,0.0015863,0.250801,0.259424
2992,1,0.1,0,0,1,1,1,4.53435,0.0174533,0.0127836,0.00154736,0.163632,0.270703
2993,1,0.1,0,0,1,1,1,4.53426,0,-0.00532648,0.0015425,0.362202,0.236865
2994,1,0.1,0,0,1,1,1,4.53426,0.00523599,-0.00319589,0.00153902,0.338306,0.394775
2995,1,0.1,0,0,1,1,1,4.53435,0,-0.00639178,0.00157498,0.378207,0.3271
2996,1,0.1,0,0,1,1,1,4.53435,0,8.47998e-19,0.00155461,0.305208,0.236865
2997,1,0.1,0,0,1,1,1,4.53435,0.00698132,0.0010653,0.0015223,0.289226,0.338379
2998,1,0.1,0,0,1,1,1,4.53426,-0.0279253,0.00213059,0.0015057,0.275316,0.338379
2999,1,0.1,0,0,1,1,1,4.53426,0,0.00532648,0.00152698,0.24297,0.293262
3000,1,0.1,0,0,1,1,1,4.53435,0,0.0159795,0.0014701,0.118279,0.191748
3001,1,0.1,0,0,1,1,1,4.53426,0,-0.0127836,0.00146378,0.433838,0.203027
3002,1,0.1,0,0,1,1,1,4.53426,0,0.00958767,0.00145805,0.186998,0.338379
3003,1,0.1,0,0,1,1,1,4.53426,-0.0296706,-0.00532648,0.00146636,0.352151,0.203027
3004,1,0.1,0,0,1,1,1,4.53426,0.0296706,0.00213059,0.00145745,0.268947,0.169189
3005,1,0.1,0,0,1,1,1,4.53435,0,0.00745708,0.00143332,0.20717,0.3271
3006,1,0.1,0,0,1,1,1,4.53426,0,-0.0010653,0.00144339,0.302246,0.3271
3007,1,0.1,0,0,1,1,1,4.53426,-0.00523599,0.0159795,0.00140423,0.109585,0.214307
3008,1,0.1,0,0,1,1,1,4.53426,0,0.0213059,0.00137594,0.0472592,0.135352
3009,1,0.1,0,0,1,1,1,4.53426,0,-0.00213059,0.00137189,0.304526,0.383496
3010,1,0.1,0,0,1,1,1,4.53426,0.00698132,0.00426119,0.00140466,0.238542,0.3271
3011,1,0.1,0,0,1,1,1,4.53426,0,0.010653,0.00137873,0.16481,0.304541
3012,1,0.1,0,0,1,1,1,4.53426,0,-0.00426119,0.00136724,0.327349,0.270703
3013,1,0.1,0,0,1,1,1,4.53426,0,0.00532648,0.0013634,0.221377,0.236865
3014,1,0.1,0,0,1,1,1,4.53426,0,-0.00852238,0.00134012,0.370641,0.146631
3015,1,0.1,0,0,1,1,1,4.53435,0.0191986,0.00532648,0.00133298,0.217279,0.3271
3016,1,0.1,0,0,1,1,1,4.53426,-0.0401426,0.00213059,0.00133814,0.253197,0.214307
3017,1,0.1,0,0,1,1,1,4.53435,0.00523599,-0.0117183,0.00134776,0.406805,0.349658
3018,1,0.1,0,0,1,1,1,4.53426,-0.0139626,0.00532648,0.00134594,0.219073,0.304541
3019,1,0.1,0,0,1,1,1,4.53426,-0.00349066,0.00852238,0.00133708,0.182748,0.3271
3020,1,0.1,0,0,1,1,1,4.53426,0.00872665,-2.15261e-18,0.00128208,0.269161,0.259424
3021,1,0.1,0,0,1,1,1,4.53426,0,0.00639178,0.00128103,0.198786,0.293262
3022,1,0.1,0,0,1,1,1,4.53426,0,-0.00852238,0.00129066,0.364113,0.394775
3023,1,0.1,0,0,1,1,1,4.53426,0,-0.0127836,0.00132228,0.41516,0.31582
3024,1,0.1,0,0,1,1,1,4.53426,0,0.01811,0.00130341,0.0728395,0.349658
3025,1,0.1,0,0,1,1,1,4.53426,-0.0279253,0.00213059,0.00128965,0.246798,0.293262
3026,1,0.1,0,0,1,1,1,4.53426,0.00872665,0.00745708,0.00127906,0.186808,0.304541
3027,1,0.1,0,0,1,1,1,4.53426,0,0.01811,0.00125929,0.0670156,0.236865
3028,1,0.1,0,0,1,1,1,4.53426,0,0.00319589,0.00124981,0.22982,0.191748
3029,1,0.1,0,0,1,1,1,4.53426,0,-0.0234365,0.00126015,0.524141,0.383496
3030,1,0.1,0,0,1,1,1,4.53426,0,-0.00745708,0.0012801,0.351,0.281982
3031,1,0.1,0,0,1,1,1,4.53426,0.00872665,0.00213059,0.00128926,0.246746,0.281982
3032,1,0.1,0,0,1,1,1,4.53426,0,0.0159795,0.00127633,0.0927014,0.3271
3033,1,0.1,0,0,1,1,1,4.53426,-0.00174533,0.00532648,0.00125228,0.20671,0.203027
3034,1,0.1,0,0,1,1,1,4.53426,0.00523599,-0.0202406,0.0012339,0.485521,0.259424
3035,1,0.1,0,0,1,1,1,4.53426,0.0453786,-0.0010653,0.00123524,0.27477,0.248145
3036,1,0.1,0,0,1,1,1,4.53426,-0.0453786,0.00426119,0.0012522,0.218417,0.225586
3037,1,0.1,0,0,1,1,1,4.53435,-0.00523599,-0.00852238,0.00125483,0.359384,0.203027
3038,1,0.1,0,0,1,1,1,4.53426,0,0.00532648,0.00123998,0.205086,0.203027
3039,1,0.1,0,0,1,1,1,4.53426,0,-0.0117183,0.00124148,0.392776,0.3271
3040,1,0.1,0,0,1,1,1,4.53426,0,0.0159795,0.00122847,0.0863837,0.304541
3041,1,0.1,0,0,1,1,1,4.53426,0,-1.95692e-19,0.00126378,0.266818,0.304541
3042,1,0.1,0,0,1,1,1,4.53426,0,-0.00639178,0.00122033,0.331393,0.225586
3043,1,0.1,0,0,1,1,1,4.53426,0.0383972,0.0159795,0.00124585,0.088678,0.281982
3044,1,0.1,0,0,1,1,1,4.53426,-0.0122173,0.0117183,0.00121271,0.131177,0.15791
3045,1,0.1,0,0,1,1,1,4.53426,0.0174533,-0.00745708,0.00121957,0.343011,0.236865
3046,1,0.1,0,0,1,1,1,4.53426,0,0.00426119,0.0012108,0.212952,0.225586
3047,1,0.1,0,0,1,1,1,4.53426,0,-0.00319589,0.00121181,0.295113,0.259424
3048,1,0.1,0,0,1,1,1,4.53426,0,0.0159795,0.00114677,0.0753473,0.191748
3049,1,0.1,0,0,1,1,1,4.53426,-0.00698132,-0.00639178,0.00113835,0.320571,0.124072
3050,1,0.1,0,0,1,1,1,4.53426,0,0.00319589,0.00112209,0.212961,0.225586
3051,1,0.1,0,0,1,1,1,4.53426,0,0.0010653,0.00110588,0.234258,0.169189
3052,1,0.1,0,0,1,1,1,4.53426,0,0.0159795,0.00110128,0.0695945,0.169189
3053,1,0.1,0,0,1,1,1,4.53426,0,0.0223712,0.00106098,-0.00603421,0.15791
3054,1,0.1,0,0,1,1,1,4.53426,0,0.0010653,0.00105927,0.228105,0.169189
3055,1,0.1,0,0,1,1,1,4.53426,0,0.00639178,0.001074,0.171458,0.293262
3056,1,0.1,0,0,1,1,1,4.53426,0,1.82646e-18,0.00108198,0.242821,0.338379
3057,1,0.1,0,0,1,1,1,4.53426,0,0.0213059,0.00107268,0.00722782,0.31582
3058,1,0.1,0,0,1,1,1,4.53426,0,-0.00958767,0.00107656,0.34757,0.236865
3059,1,0.1,0,0,1,1,1,4.53426,0.015708,0.00639178,0.00102702,0.165257,0.214307
3060,1,0.1,0,0,1,1,1,4.53426,-0.00349066,0.00532648,0.000968653,0.169104,0.191748
3061,1,0.1,0,0,1,1,1,4.53426,0,-0.0127836,0.00101621,0.374759,0.203027
3062,1,0.1,0,0,1,1,1,4.53426,0.015708,0.0010653,0.0010112,0.22176,0.304541
3063,1,0.1,0,0,1,1,1,4.53426,0,-0.00532648,0.00101957,0.293175,0.270703
3064,1,0.1,0,0,1,1,1,4.53426,0,-0.00745708,0.00103057,0.318063,0.360938
3065,1,0.1,0,0,1,1,1,4.53426,0,0.0138489,0.00101339,0.0814299,0.248145
3066,1,0.1,0,0,1,1,1,4.53426,0,-0.0223712,0.00105907,0.48588,0.293262
3067,1,0.1,0,0,1,1,1,4.53426,0.0174533,0.00639178,0.00101936,0.164246,0.236865
3068,1,0.1,0,0,1,1,1,4.53426,-0.0174533,-0.00319589,0.000996486,0.266691,0.135352
3069,1,0.1,0,0,1,1,1,4.53426,0.00872665,0.0159795,0.00098375,0.054081,0.281982
3070,1,0.1,0,0,1,1,1,4.53426,-0.00698132,0.00213059,0.000989451,0.207171,0.214307
3071,1,0.1,0,0,1,1,1,4.53426,0,-0.0010653,0.000980272,0.241114,0.225586
3072,1,0.1,0,0,1,1,1,4.53426,0,-0.00745708,0.000981819,0.311628,0.214307
3073,1,0.1,0,0,1,1,1,4.53426,0,0.0117183,0.000957333,0.0973602,0.304541
3074,1,0.1,0,0,1,1,1,4.53426,-0.010472,-0.00639178,0.000974732,0.298974,0.3271
3075,1,0.1,0,0,1,1,1,4.53426,0,0.00319589,0.000949267,0.190148,0.236865
3076,1,0.1,0,0,1,1,1,4.53426,0,-0.00532648,0.000956713,0.284877,0.225586
3077,1,0.1,0,0,1,1,1,4.53426,0,-0.0010653,0.000948224,0.236884,0.169189
3078,1,0.1,0,0,1,1,1,4.53426,0,0.0010653,0.000973477,0.216781,0.304541
3079,1,0.1,0,0,1,1,1,4.53426,0,-0.00213059,0.000960542,0.250228,0.225586
3080,1,0.1,0,0,1,1,1,4.53426,0.0122173,-0.00745708,0.000938908,0.305964,0.281982
3081,1,0.1,0,0,1,1,1,4.53426,0.00698132,0.0202406,0.000953781,0.00312254,0.31582
3082,1,0.1,0,0,1,1,1,4.53416,-0.0366519,0.0117183,0.000907349,0.0907928,0.203027
3083,1,0.1,0,0,1,1,1,4.53416,0.00872665,-0.0149142,0.000903875,0.383367,0.191748
3084,1,0.099999,-0.000755456,-0.374759,1,1,1,4.53416,0,0.00852238,0.000891493,0.064149,0.203027
3085,1,0.0999887,-0.00374792,-0.81776,1,1,1,4.53416,0,0.00745708,0.000865457,-0.024779,0.180469
3086,1,0.099958,-0.00888224,-1.2328,1,1,1,4.53416,0,0.0159795,0.000815433,-0.245425,0.0451172
3087,1,0.0998965,-0.0160293,-1.62102,1,1,1,4.53416,-0.0226893,-0.010653,0.00072827,-0.107005,0.0338379
3088,1,0.0997945,-0.0250538,-1.98271,1,1,1,4.53406,0,-0.0149142,0.000603267,-0.240066,0.0112793
3089,1,0.099643,-0.0358202,-2.31829,1,1,1,4.53397,-0.015708,-0.0223712,0.00049588,-0.353821,-0.0112793
3090,1,0.0994338,-0.0481854,-2.62804,1,1,1,4.53397,-0.00523599,-0.0149142,0.000350957,-0.654303,-0.124072
3091,1,0.0991588,-0.0620475,-2.91317,1,1,1,4.53368,-0.0645772,-0.0234365,0.000131287,-0.806133,-0.394775
3092,1,0.098811,-0.0772754,-3.17402,1,1,1,4.5332,-0.13439,-0.0319589,-7.89669e-05,-0.970335,-0.688037
3093,1,0.098384,-0.0937489,-3.41115,1,1,1,4.53282,-0.0558505,-0.0543301,-0.000343869,-1.00356,-1.06025
3094,1,0.0978713,-0.111361,-3.62524,1,1,1,4.53243,-0.0890118,-0.0820279,-0.000521489,-0.976624,-1.09409
3095,1,0.0972688,-0.129962,-3.81649,1,1,1,4.53195,-0.0907571,-0.112921,-0.000638367,-0.914907,-0.924902
3096,1,0.0965706,-0.149476,-3.98586,1,1,1,4.53138,-0.146608,-0.116117,-0.000782184,-1.17032,-0.913623
3097,1,0.0957728,-0.169784,-4.13381,1,1,1,4.53042,-0.178024,-0.152337,-0.000869452,-1.0616,-1.12793
3098,1,0.0948716,-0.190779,-4.26091,1,1,1,4.52975,-0.148353,-0.176839,-0.000970332,-1.08928,-1.13921
3099,1,0.0938632,-0.212375,-4.3678,1,1,1,4.5286,-0.225147,-0.206668,-0.0010333,-1.05775,-1.0377
3100,1,0.0927473,-0.234423,-4.45485,1,1,1,4.52774,-0.200713,-0.214125,-0.00108443,-1.27343,-1.13921
3101,1,0.0915181,-0.256893,-4.5229,1,1,1,4.52639,-0.263545,-0.257802,-0.00113314,-1.09365,-1.04897
3102,1,0.090177,-0.279637,-4.57234,1,1,1,4.52534,-0.26529,-0.242888,-0.00121342,-1.56328,-1.26328
3103,1,0.0887224,-0.302571,-4.60379,1,1,1,4.52342,-0.383972,-0.26952,-0.00128022,-1.57479,-1.35352
3104,1,0.0871521,-0.325629,-4.61787,1,1,1,4.52208,-0.328122,-0.312132,-0.00136766,-1.41289,-1.43247
3105,1,0.0854661,-0.34872,-4.61514,1,1,1,4.52016,-0.315905,-0.36007,-0.00139491,-1.18128,-1.252
3106,1,0.0836634,-0.371774,-4.59614,1,1,1,4.51892,-0.364774,-0.354744,-0.00141529,-1.53141,-1.20688
3107,1,0.0817476,-0.39467,-4.56148,1,1,1,4.51633,-0.481711,-0.399486,-0.00143783,-1.32747,-1.45503
3108,1,0.0797189,-0.417343,-4.51178,1,1,1,4.51451,-0.394444,-0.410139,-0.00147104,-1.49499,-1.40991
3109,1,0.0775759,-0.439748,-4.44752,1,1,1,4.51192,-0.420624,-0.457012,-0.00136647,-1.23851,-1.20688
3110,1,0.0753197,-0.461817,-4.36924,1,1,1,4.51038,-0.418879,-0.481514,-0.00125407,-1.22056,-1.3084
3111,1,0.0729586,-0.48342,-4.27777,1,1,1,4.50722,-0.584685,-0.48471,-0.0011795,-1.43426,-1.22944
3112,1,0.0704864,-0.50457,-4.17333,1,1,1,4.50492,-0.542797,-0.52093,-0.00106288,-1.27124,-1.22944
3113,1,0.0679139,-0.525135,-4.05685,1,1,1,4.50214,-0.492183,-0.560346,-0.000914662,-1.05946,-1.02642
3114,1,0.0652383,-0.545101,-3.92868,1,1,1,4.49965,-0.668461,-0.574195,-0.00080361,-1.12483,-1.11665
3115,1,0.0624642,-0.564402,-3.78942,1,1,1,4.4961,-0.485202,-0.599762,-0.000659726,-1.04641,-1.21816
3116,1,0.0595933,-0.582992,-3.63957,1,1,1,4.49408,-0.535816,-0.602958,-0.000512527,-1.20242,-1.09409
3117,1,0.0566356,-0.600782,-3.48003,1,1,1,4.48996,-0.762709,-0.600827,-0.000404447,-1.41167,-1.06025
3118,1,0.0535869,-0.617774,-3.31094,1,1,1,4.48747,-0.558505,-0.618938,-0.000353444,-1.3955,-1.29712
3119,1,0.0504559,-0.633895,-3.13312,1,1,1,4.48344,-0.74002,-0.646635,-0.000298372,-1.26151,-1.33096
3120,1,0.0472515,-0.649084,-2.9474,1,1,1,4.48085,-0.584685,-0.682855,-0.000181904,-1.01211,-1.26328
3121,1,0.0439702,-0.66334,-2.75389,1,1,1,4.47683,-0.734784,-0.688182,-7.75663e-05,-1.09024,-1.17305
3122,1,0.0406173,-0.67662,-2.55319,1,1,1,4.47414,-0.645772,-0.706292,3.80161e-05,-1.01329,-1.15049
3123,1,0.0372054,-0.688863,-2.34633,1,1,1,4.47002,-0.729548,-0.716945,0.000171003,-1.00172,-1.10537
3124,1,0.0337309,-0.700071,-2.13335,1,1,1,4.46705,-0.736529,-0.714814,0.00025057,-1.12437,-1.11665
3125,1,0.0302067,-0.710189,-1.91529,1,1,1,4.46273,-0.764454,-0.741447,0.00037077,-0.910651,-0.992578
3126,1,0.0266328,-0.71921,-1.6924,1,1,1,4.45967,-0.741765,-0.728663,0.000504311,-1.11329,-0.80083
3127,1,0.0230141,-0.727111,-1.46521,1,1,1,4.45554,-0.776672,-0.761687,0.000608212,-0.802094,-0.891064
3128,1,0.0193613,-0.733861,-1.23459,1,1,1,4.45219,-0.801106,-0.769144,0.000737633,-0.752816,-0.733154
3129,1,0.0156797,-0.739448,-1.00112,1,1,1,4.44806,-0.726057,-0.767014,0.000852518,-0.795938,-1.02642
3130,1,0.011969,-0.743867,-0.764966,1,1,1,4.44481,-0.820305,-0.762753,0.000968849,-0.847304,-0.834668
3131,1,0.00824324,-0.747096,-0.527226,1,1,1,4.44049,-0.706858,-0.786189,0.00152503,-0.520005,-0.857227
3132,1,0.0045026,-0.749135,-0.288111,1,1,1,4.43733,-0.790634,-0.75423,0.00127869,-0.892204,-0.462451
3133,1,0.000754019,-0.749976,-0.0482569,1,1,1,4.43253,-0.841249,-0.776601,0.00178042,-0.556792,-0.552686
3134,1,-0.00299522,-0.749617,0.191678,1,1,1,4.42956,-0.733038,-0.763818,0.00184749,-0.651921,-0.552686
3135,1,-0.00674017,-0.74806,0.431185,1,1,1,4.42486,-0.829031,-0.773406,0.00194893,-0.481305,-0.64292
3136,1,-0.0104768,-0.745305,0.669809,1,1,1,4.42199,-0.696386,-0.757426,0.00200832,-0.582759,-0.507568
3137,1,-0.0141937,-0.741363,0.906633,1,1,1,4.41767,-0.801106,-0.753165,0.00209062,-0.53744,-0.462451
3138,1,-0.0178886,-0.736241,1.14131,1,1,1,4.4147,-0.719076,-0.735055,0.00215778,-0.631973,-0.518848
3139,1,-0.0215515,-0.72996,1.373,1,1,1,4.41039,-0.823795,-0.729728,0.00220654,-0.574137,-0.406055
3140,1,-0.0251862,-0.722515,1.60175,1,1,1,4.40703,-0.729548,-0.719075,0.00225049,-0.561305,-0.439893
3141,1,-0.0287753,-0.713949,1.82622,1,1,1,4.4031,-0.722566,-0.724402,0.00230299,-0.358003,-0.360938
3142,1,-0.0323241,-0.704258,2.04653,1,1,1,4.40003,-0.825541,-0.723337,0.00234464,-0.212895,-0.507568
3143,1,-0.035816,-0.693495,2.26142,1,1,1,4.39629,-0.546288,-0.71801,0.00240465,-0.0994277,-0.417334
3144,1,-0.0392569,-0.681652,2.471,1,1,1,4.3937,-0.644026,-0.708422,0.00248837,-0.0169541,-0.225586
3145,1,-0.042631,-0.668796,2.67407,1,1,1,4.39006,-0.546288,-0.670072,0.00255321,-0.241412,-0.203027
3146,1,-0.0459403,-0.654934,2.87045,1,1,1,4.38766,-0.637045,-0.632786,0.00251051,-0.456686,-0.0902344
3147,1,-0.0491808,-0.640094,3.05964,1,1,1,4.38306,-0.778417,-0.641309,0.00245058,-0.158976,-0.112793
3148,1,-0.0523404,-0.624349,3.24062,1,1,1,4.38009,-0.74351,-0.601893,0.00234966,-0.383694,-0.214307
3149,1,-0.0554205,-0.607713,3.41316,1,1,1,4.37635,-0.558505,-0.588044,0.0023112,-0.308796,-0.270703
3150,1,-0.0584159,-0.590234,3.57664,1,1,1,4.37415,-0.579449,-0.617872,0.00234103,0.264854,-0.180469
3151,1,-0.0613217,-0.571962,3.73043,1,1,1,4.3706,-0.553269,-0.585913,0.00235343,0.165236,0
3152,1,-0.0641361,-0.552933,3.87406,1,1,1,4.36859,-0.467748,-0.570999,0.00242399,0.269029,-0.124072
3153,1,-0.0668499,-0.533241,4.00667,1,1,1,4.36609,-0.371755,-0.552889,0.0024794,0.342357,0.0563965
3154,1,-0.0694673,-0.512885,4.12806,1,1,1,4.36427,-0.523599,-0.511343,0.00251567,0.162317,0
3155,1,-0.0719802,-0.491962,4.2374,1,1,1,4.36101,-0.476475,-0.493232,0.0025101,0.240029,0.0789551
3156,1,-0.0743846,-0.470546,4.33408,1,1,1,4.35919,-0.466003,-0.463404,0.00243972,0.184841,0.0451172
3157,1,-0.0766828,-0.448661,4.41772,1,1,1,4.35622,-0.472984,-0.433576,0.00244627,0.143905,0.0338379
3158,1,-0.0788705,-0.426393,4.48765,1,1,1,4.35468,-0.354302,-0.428249,0.00245787,0.376195,0.124072
3159,1,-0.0809473,-0.403796,4.54332,1,1,1,4.35257,-0.39968,-0.405878,0.00244248,0.419626,0.338379
3160,1,-0.0829082,-0.380985,4.58408,1,1,1,4.35085,-0.418879,-0.359005,0.00239573,0.190052,0.383496
3161,1,-0.0847557,-0.357994,4.60943,1,1,1,4.34864,-0.368264,-0.327046,0.00228457,0.116313,0.304541
3162,1,-0.0864892,-0.334901,4.61876,1,1,1,4.3473,-0.305433,-0.325981,0.00218012,0.38239,0.236865
3163,1,-0.0881059,-0.311818,4.6115,1,1,1,4.34577,-0.230383,-0.26952,0.00205434,0.0339371,0.360938
3164,1,-0.0896066,-0.288828,4.58709,1,1,1,4.34471,-0.303687,-0.245018,0.0018886,0.0276655,0.3271
3165,1,-0.0909934,-0.265993,4.54494,1,1,1,4.34308,-0.240855,-0.260998,0.00171419,0.460404,0.191748
3166,1,-0.0922678,-0.243393,4.48441,1,1,1,4.34222,-0.195477,-0.218386,0.00152615,0.241805,0.225586
3167,1,-0.0934291,-0.22116,4.40503,1,1,1,4.34107,-0.185005,-0.170448,0.00127617,-0.0522201,0.146631
3168,1,-0.0944803,-0.199372,4.30616,1,1,1,4.3404,-0.16057,-0.134227,0.00102227,-0.22677,0.124072
3169,1,-0.0954235,-0.178137,4.18731,1,1,1,4.33973,-0.106465,-0.096942,0.000746602,-0.426128,-0.0225586
3170,1,-0.096262,-0.157552,4.04789,1,1,1,4.33925,-0.111701,-0.101203,0.000467589,-0.181059,-0.0451172
3171,1,-0.0969998,-0.137705,3.88719,1,1,1,4.33867,-0.0802851,-0.096942,0.000168045,-0.0453025,-0.0676758
3172,1,-0.0976408,-0.118707,3.70463,1,1,1,4.33839,-0.0645772,-0.0511343,-0.000188713,-0.388345,-0.135352
3173,1,-0.0981886,-0.100695,3.49991,1,1,1,4.338,-0.0471239,-0.0340895,-0.000572105,-0.435237,-0.225586
3174,1,-0.0986492,-0.0837575,3.27221,1,1,1,4.33771,-0.0820305,-0.0223712,-0.000930553,-0.437184,-0.349658
3175,1,-0.0990283,-0.0680037,3.02078,1,1,1,4.33695,-0.188496,0.00639178,-0.0012899,-0.644716,-0.688037
3176,1,-0.0993318,-0.0535706,2.74529,1,1,1,4.33628,-0.0628319,6.52306e-20,-0.0016525,-0.486925,-0.710596
3177,1,-0.0995663,-0.0405991,2.44569,1,1,1,4.33637,0.0593412,0.0149142,-0.00191219,-0.569779,-0.597803
3178,1,-0.0997401,-0.029172,2.12047,1,1,1,4.33647,0.00872665,0.00639178,-0.00210155,-0.407303,-0.530127
3179,1,-0.099861,-0.0194311,1.76926,1,1,1,4.33647,0.020944,0.0010653,-0.00224041,-0.297139,-0.428613
3180,1,-0.0999375,-0.0115212,1.39209,1,1,1,4.33647,0,0.00745708,-0.00232956,-0.334533,-0.372217
3181,1,-0.0999794,-0.00556069,0.987786,1,1,1,4.33656,0,0.0138489,-0.00239394,-0.396551,-0.338379
3182,1,-0.0999966,-0.0016898,0.555915,1,1,1,4.33666,0.0366519,0.0223712,-0.00247021,-0.513929,-0.259424
3183,1,-0.1,-4.82071e-05,0.0958205,1,1,1,4.33656,-0.0366519,0.0149142,-0.00253199,-0.485579,-0.360938
3184,1,-0.1,-0,-0,1,1,1,4.33656,0,0.010653,-0.00260116,-0.464697,-0.451172
3185,1,-0.1,-0,-0,1,1,1,4.33666,0,-0.00958767,-0.00263084,-0.250107,-0.518848
3186,1,-0.1,-0,-0,1,1,1,4.33666,0,0.0010653,-0.00267598,-0.377275,-0.496289
3187,1,-0.1,-0,-0,1,1,1,4.33666,0.00698132,-0.0170448,-0.00264416,-0.176595,-0.406055
3188,1,-0.1,-0,-0,1,1,1,4.33676,0.015708,-0.00319589,-0.00264423,-0.331847,-0.417334
3189,1,-0.1,-0,-0,1,1,1,4.33676,0,0.01811,-0.00261633,-0.564815,-0.293262
3190,1,-0.1,-0,-0,1,1,1,4.33676,0,-0.00958767,-0.00258352,-0.258748,-0.270703
3191,1,-0.1,-0,-0,1,1,1,4.33676,0,-0.00532648,-0.00258507,-0.308731,-0.31582
3192,1,-0.1,-0,-0,1,1,1,4.33666,-0.0174533,-0.00852238,-0.00255297,-0.271706,-0.270703
3193,1,-0.1,-0,-0,1,1,1,4.33676,0,-0.00532648,-0.00257943,-0.314017,-0.383496
3194,1,-0.1,-0,-0,1,1,1,4.33666,0,-0.0234365,-0.00255004,-0.113714,-0.293262
3195,1,-0.1,-0,-0,1,1,1,4.33676,0.00698132,-0.00426119,-0.00253731,-0.325591,-0.451172
3196,1,-0.1,-0,-0,1,1,1,4.33666,0,-0.00426119,-0.00254844,-0.330303,-0.428613
3197,1,-0.1,-0,-0,1,1,1,4.33676,0.00698132,0.00426119,-0.00253095,-0.424136,-0.417334
3198,1,-0.1,-0,-0,1,1,1,4.33676,0.0122173,-0.0319589,-0.00249915,-0.0244995,-0.270703
3199,1,-0.1,-0,-0,1,1,1,4.33676,0,0.010653,-0.00247697,-0.492408,-0.417334
3200,1,-0.1,-0,-0,1,1,1,4.33676,0,0.00745708,-0.0025021,-0.464185,-0.3271
3201,1,-0.1,-0,-0,1,1,1,4.33676,-0.00872665,7.82767e-19,-0.00248794,-0.383095,-0.281982
3202,1,-0.1,-0,-0,1,1,1,4.33676,0,0.00532648,-0.00246359,-0.440801,-0.270703
3203,1,-0.1,-0,-0,1,1,1,4.33676,-0.00872665,0.0149142,-0.00246674,-0.549446,-0.281982
3204,1,-0.1,-0,-0,1,1,1,4.33676,-0.00523599,0.0138489,-0.00248748,-0.544033,-0.439893
3205,1,-0.1,-0,-0,1,1,1,4.33666,0,-0.0127836,-0.00249352,-0.255446,-0.417334
3206,1,-0.1,-0,-0,1,1,1,4.33666,0,-0.0234365,-0.00250022,-0.14222,-0.417334
3207,1,-0.1,-0,-0,1,1,1,4.33676,0.0488692,-0.0117183,-0.002509,-0.275246,-0.406055
3208,1,-0.1,-0,-0,1,1,1,4.33666,-0.0383972,0.00639178,-0.00250701,-0.476757,-0.439893
3209,1,-0.1,-0,-0,1,1,1,4.33666,0.00872665,0.00213059,-0.00249953,-0.431731,-0.372217
3210,1,-0.1,-0,-0,1,1,1,4.33666,-0.00872665,0.00213059,-0.00250043,-0.434717,-0.406055
3211,1,-0.1,-0,-0,1,1,1,4.33666,0,0.0010653,-0.00249787,-0.425386,-0.31582
3212,1,-0.1,-0,-0,1,1,1,4.33666,0,0.00532648,-0.0025177,-0.477988,-0.394775
3213,1,-0.1,-0,-0,1,1,1,4.33666,0,0.00213059,-0.00255177,-0.450949,-0.439893
3214,1,-0.1,-0,-0,1,1,1,4.33666,-0.0139626,0.00532648,-0.00254208,-0.487752,-0.428613
3215,1,-0.1,-0,-0,1,1,1,4.33666,0,-0.00426119,-0.00256866,-0.389403,-0.462451
3216,1,-0.1,-0,-0,1,1,1,4.33666,0.00349066,0.00426119,-0.00253261,-0.480325,-0.349658
3217,1,-0.1,-0,-0,1,1,1,4.33666,-0.0558505,0.0010653,-0.00254622,-0.447819,-0.496289
3218,1,-0.1,-0,-0,1,1,1,4.33656,0.0191986,-0.00639178,-0.00254868,-0.366116,-0.394775
3219,1,-0.1,-0,-0,1,1,1,4.33656,-0.010472,-0.00426119,-0.00258603,-0.394482,-0.530127
3220,1,-0.1,-0,-0,1,1,1,4.33666,0.00872665,-0.0276977,-0.00257879,-0.135725,-0.360938
3221,1,-0.1,-0,-0,1,1,1,4.33666,0,-3.26153e-19,-0.00259655,-0.442745,-0.609082
3222,1,-0.1,-0,-0,1,1,1,4.33656,0,0.00639178,-0.00262701,-0.517075,-0.541406
3223,1,-0.1,-0,-0,1,1,1,4.33656,0,0.00426119,-0.00262157,-0.492921,-0.349658
3224,1,-0.1,-0,-0,1,1,1,4.33666,-0.00872665,-0.00639178,-0.00258384,-0.370758,-0.31582
3225,1,-0.1,-0,-0,1,1,1,4.33666,0,0.0138489,-0.00262089,-0.598296,-0.496289
3226,1,-0.1,-0,-0,1,1,1,4.33656,-0.00872665,-0.00213059,-0.00265533,-0.427067,-0.451172
3227,1,-0.1,-0,-0,1,1,1,4.33656,0,0.00319589,-0.00266883,-0.487441,-0.620361
3228,1,-0.1,-0,-0,1,1,1,4.33656,0.00349066,5.87076e-19,-0.00267336,-0.452884,-0.439893
3229,1,-0.1,-0,-0,1,1,1,4.33656,-0.015708,0.0138489,-0.00268015,-0.606117,-0.518848
3230,1,-0.1,-0,-0,1,1,1,4.33656,0,0.0159795,-0.00271081,-0.633601,-0.552686
3231,1,-0.1,-0,-0,1,1,1,4.33647,0,-0.00319589,-0.00265988,-0.415949,-0.3271
3232,1,-0.1,-0,-0,1,1,1,4.33676,0.0191986,0.0213059,-0.00269938,-0.690683,-0.383496
3233,1,-0.1,-0,-0,1,1,1,4.33647,-0.0261799,0.0170448,-0.00272546,-0.647253,-0.47373
3234,1,-0.1,-0,-0,1,1,1,4.33656,0.0174533,0.010653,-0.00277735,-0.583793,-0.462451
3235,1,-0.1,-0,-0,1,1,1,4.33647,-0.00174533,0.00745708,-0.00277591,-0.548448,-0.428613
3236,1,-0.1,-0,-0,1,1,1,4.33656,0,0.00319589,-0.00276374,-0.499968,-0.372217
3237,1,-0.1,-0,-0,1,1,1,4.33656,-0.00872665,-0.0138489,-0.00277032,-0.313345,-0.48501
3238,1,-0.1,-0,-0,1,1,1,4.33656,0,0.00426119,-0.00277345,-0.512968,-0.541406
3239,1,-0.1,-0,-0,1,1,1,4.33656,0,0.0298283,-0.00275834,-0.792213,-0.530127
3240,1,-0.1,-0,-0,1,1,1,4.33656,0,0.01811,-0.00282476,-0.672079,-0.552686
3241,1,-0.1,-0,-0,1,1,1,4.33647,-0.0139626,0.0138489,-0.00284245,-0.627541,-0.47373
3242,1,-0.1,-0,-0,1,1,1,4.33656,0.015708,-0.0117183,-0.00283804,-0.345721,-0.48501
3243,1,-0.1,-0,-0,1,1,1,4.33656,0,-0.00745708,-0.00285678,-0.395067,-0.518848
3244,1,-0.1,-0,-0,1,1,1,4.33647,-0.0191986,0.00639178,-0.00284596,-0.545976,-0.451172
3245,1,-0.1,-0,-0,1,1,1,4.33647,0,-1.95692e-19,-0.00287668,-0.479722,-0.586523
3246,1,-0.1,-0,-0,1,1,1,4.33647,0,0.0245018,-0.00285662,-0.746593,-0.496289
3247,1,-0.1,-0,-0,1,1,1,4.33656,-0.0698132,-0.0127836,-0.00284666,-0.33514,-0.47373
3248,1,-0.1,-0,-0,1,1,1,4.33656,0.0383972,-0.0010653,-0.00283284,-0.462217,-0.360938
3249,1,-0.1,-0,-0,1,1,1,4.33656,-0.0279253,0.00639178,-0.00285499,-0.547168,-0.428613
3250,1,-0.1,-0,-0,1,1,1,4.33656,0,0.0149142,-0.00291598,-0.648965,-0.48501
3251,1,-0.1,-0,-0,1,1,1,4.33647,-0.00174533,-0.00319589,-0.00292425,-0.450846,-0.530127
3252,1,-0.1,-0,-0,1,1,1,4.33656,0.0174533,-0.00426119,-0.00294058,-0.441283,-0.462451
3253,1,-0.1,-0,-0,1,1,1,4.33647,0.00174533,-0.00426119,-0.0029335,-0.440349,-0.428613
3254,1,-0.1,-0,-0,1,1,1,4.33656,0,-0.0010653,-0.00294557,-0.477097,-0.451172
3255,1,-0.1,-0,-0,1,1,1,4.33656,0,-0.0138489,-0.00296852,-0.339508,-0.620361
3256,1,-0.1,-0,-0,1,1,1,4.33647,0,0.0138489,-0.00299978,-0.648309,-0.496289
3257,1,-0.1,-0,-0,1,1,1,4.33647,-0.0226893,0.010653,-0.00297761,-0.610227,-0.417334
3258,1,-0.1,-0,-0,1,1,1,4.33656,0,-0.0138489,-0.00300375,-0.344157,-0.541406
3259,1,-0.1,-0,-0,1,1,1,4.33647,0.0383972,-0.00426119,-0.00302375,-0.452262,-0.620361
3260,1,-0.1,-0,-0,1,1,1,4.33656,0.00872665,-0.00852238,-0.0030105,-0.403639,-0.462451
3261,1,-0.1,-0,-0,1,1,1,4.33656,0,0.0149142,-0.00302386,-0.663206,-0.597803
3262,1,-0.1,-0,-0,1,1,1,4.33647,0,0.00426119,-0.00304753,-0.549147,-0.552686
3263,1,-0.1,-0,-0,1,1,1,4.33647,0,0.00639178,-0.00303586,-0.571044,-0.451172
3264,1,-0.1,-0,-0,1,1,1,4.33647,-0.0296706,-0.00852238,-0.00304391,-0.40805,-0.609082
3265,1,-0.1,-0,-0,1,1,1,4.33656,0.0418879,0.00426119,-0.00303799,-0.547888,-0.518848
3266,1,-0.1,-0,-0,1,1,1,4.33647,-0.015708,0.0191753,-0.00307526,-0.716863,-0.360938
3267,1,-0.1,-0,-0,1,1,1,4.33647,-0.0279253,0.0245018,-0.00310745,-0.779703,-0.530127
3268,1,-0.1,-0,-0,1,1,1,4.33647,0,0.0255671,-0.00315072,-0.797133,-0.620361
3269,1,-0.1,-0,-0,1,1,1,4.33647,-0.0261799,-0.0276977,-0.00311599,-0.206636,-0.428613
3270,1,-0.1,-0,-0,1,1,1,4.33647,0,0.0010653,-0.00311897,-0.523423,-0.451172
3271,1,-0.1,-0,-0,1,1,1,4.33656,0,0.0159795,-0.0031392,-0.690149,-0.462451
3272,1,-0.1,-0,-0,1,1,1,4.33647,-0.00174533,0.00426119,-0.00313087,-0.560148,-0.428613
3273,1,-0.1,-0,-0,1,1,1,4.33647,-0.010472,-0.0117183,-0.00313703,-0.385187,-0.541406
3274,1,-0.1,-0,-0,1,1,1,4.33647,0,-0.00426119,-0.00313315,-0.466703,-0.530127
3275,1,-0.1,-0,-0,1,1,1,4.33656,0,0.00852238,-0.00314771,-0.609244,-0.64292
3276,1,-0.1,-0,-0,1,1,1,4.33647,0.00872665,0.00426119,-0.00321582,-0.571362,-0.609082
3277,1,-0.1,-0,-0,1,1,1,4.33637,0,-0.0138489,-0.00319819,-0.369823,-0.609082
3278,1,-0.1,-0,-0,1,1,1,4.33647,0.0174533,0.00958767,-0.00320386,-0.628374,-0.586523
3279,1,-0.1,-0,-0,1,1,1,4.33647,-0.0139626,-0.00852238,-0.00322121,-0.431453,-0.518848
3280,1,-0.1,-0,-0,1,1,1,4.33647,0,0.0010653,-0.00324602,-0.540193,-0.552686
3281,1,-0.1,-0,-0,1,1,1,4.33637,0,-0.00639178,-0.00326312,-0.460423,-0.733154
3282,1,-0.1,-0,-0,1,1,1,4.33637,0.00872665,0.00532648,-0.00330172,-0.594419,-0.552686
3283,1,-0.1,-0,-0,1,1,1,4.33647,-0.0174533,-0.00745708,-0.00330106,-0.453712,-0.552686
3284,1,-0.1,-0,-0,1,1,1,4.33647,0,-0.00213059,-0.00329609,-0.511647,-0.710596
3285,1,-0.1,-0,-0,1,1,1,4.33647,0.020944,-0.0010653,-0.00330366,-0.524365,-0.541406
3286,1,-0.1,-0,-0,1,1,1,4.33647,-0.0122173,0.00639178,-0.00330672,-0.606796,-0.428613
3287,1,-0.1,-0,-0,1,1,1,4.33647,-0.0226893,0.0159795,-0.00330291,-0.711758,-0.439893
3288,1,-0.1,-0,-0,1,1,1,4.33647,0,0.01811,-0.00335005,-0.741417,-0.631641
3289,1,-0.1,-0,-0,1,1,1,4.33637,0,-0.0117183,-0.00332302,-0.409738,-0.563965
3290,1,-0.1,-0,-0,1,1,1,4.33647,0,0.00745708,-0.00335761,-0.625233,-0.575244
3291,1,-0.1,-0,-0,1,1,1,4.33647,0,-0.0234365,-0.00337734,-0.288007,-0.609082
3292,1,-0.1,-0,-0,1,1,1,4.33647,0,0.00319589,-0.00335152,-0.577555,-0.530127
3293,1,-0.1,-0,-0,1,1,1,4.33647,-0.010472,-0.00532648,-0.00334091,-0.482409,-0.530127
3294,1,-0.1,-0,-0,1,1,1,4.33647,0,-0.00532648,-0.00335732,-0.484575,-0.428613
3295,1,-0.1,-0,-0,1,1,1,4.33637,0,0.0127836,-0.00337574,-0.686217,-0.654199
3296,1,-0.1,-0,-0,1,1,1,4.33647,0.0331613,-0.00426119,-0.0033772,-0.498917,-0.541406
3297,1,-0.1,-0,-0,1,1,1,4.33647,0,0.00319589,-0.00338006,-0.581322,-0.530127
3298,1,-0.1,-0,-0,1,1,1,4.33647,-0.00174533,-0.00426119,-0.00340152,-0.502128,-0.755713
3299,1,-0.1,-0,-0,1,1,1,4.33647,0.0191986,0.0127836,-0.00341434,-0.691313,-0.586523
3300,1,-0.1,-0,-0,1,1,1,4.33637,-0.0261799,0.0330242,-0.0034315,-0.916225,-0.609082
3301,1,-0.1,-0,-0,1,1,1,4.33637,-0.0401426,-0.00958767,-0.00341008,-0.444666,-0.47373
3302,1,-0.1,-0,-0,1,1,1,4.33647,0.0174533,-0.00745708,-0.00336759,-0.462494,-0.462451
3303,1,-0.1,-0,-0,1,1,1,4.33647,0,-0.00745708,-0.00335756,-0.46117,-0.530127
3304,1,-0.1,-0,-0,1,1,1,4.33647,0,-0.00319589,-0.00336779,-0.509393,-0.507568
3305,1,-0.1,-0,-0,1,1,1,4.33647,0,-0.00213059,-0.00336527,-0.520779,-0.518848
3306,1,-0.1,-0,-0,1,1,1,4.33647,-0.015708,0.00213059,-0.00337566,-0.569023,-0.507568
3307,1,-0.1,-0,-0,1,1,1,4.33637,-0.00698132,-0.0223712,-0.00342024,-0.305388,-0.823389
3308,1,-0.1,-0,-0,1,1,1,4.33637,0.0122173,-0.00319589,-0.00340737,-0.514618,-0.620361
3309,1,-0.1,-0,-0,1,1,1,4.33647,0,-0.0138489,-0.00340746,-0.397448,-0.47373
3310,1,-0.1,-0,-0,1,1,1,4.33647,-0.0174533,0.00213059,-0.00345794,-0.579885,-0.563965
3311,1,-0.1,-0,-0,1,1,1,4.33637,0,-0.0234365,-0.00346332,-0.299356,-0.552686
3312,1,-0.1,-0,-0,1,1,1,4.33637,0,-0.00958767,-0.00346211,-0.451534,-0.541406
3313,1,-0.1,-0,-0,1,1,1,4.33637,0.0122173,-0.0117183,-0.0034802,-0.430485,-0.563965
3314,1,-0.1,-0,-0,1,1,1,4.33647,0,0.00426119,-0.00349015,-0.607574,-0.654199
3315,1,-0.1,-0,-0,1,1,1,4.33647,0.010472,-0.00213059,-0.00349351,-0.537707,-0.47373
3316,1,-0.1,-0,-0,1,1,1,4.33637,-0.00872665,1.95692e-19,-0.00351117,-0.563474,-0.541406
3317,1,-0.1,-0,-0,1,1,1,4.33647,0.00872665,0.00532648,-0.00350126,-0.620758,-0.496289
3318,1,-0.1,-0,-0,1,1,1,4.33647,0,-0.00852238,-0.00349118,-0.46709,-0.530127
3319,1,-0.1,-0,-0,1,1,1,4.33637,0,0.0149142,-0.00352788,-0.729736,-0.631641
3320,1,-0.1,-0,-0,1,1,1,4.33637,0,-0.0117183,-0.00352839,-0.436846,-0.541406
3321,1,-0.1,-0,-0,1,1,1,4.33637,0.00872665,-0.0191753,-0.00349667,-0.350632,-0.586523
3322,1,-0.1,-0,-0,1,1,1,4.33637,-0.00872665,-0.00852238,-0.00350741,-0.469232,-0.586523
3323,1,-0.1,-0,-0,1,1,1,4.33637,0.00872665,-0.0202406,-0.00349096,-0.33816,-0.620361
3324,1,-0.1,-0,-0,1,1,1,4.33637,0,-0.00639178,-0.00347371,-0.48822,-0.518848
3325,1,-0.1,-0,-0,1,1,1,4.33647,0,0.0127836,-0.00352334,-0.705701,-0.563965
3326,1,-0.1,-0,-0,1,1,1,4.33628,-0.0261799,-0.00426119,-0.00352922,-0.518984,-0.530127
3327,1,-0.1,-0,-0,1,1,1,4.33637,0,-0.00958767,-0.00350134,-0.456712,-0.620361
3328,1,-0.1,-0,-0,1,1,1,4.33637,0,0.00745708,-0.00348426,-0.641951,-0.609082
3329,1,-0.1,-0,-0,1,1,1,4.33637,-0.00523599,0.00213059,-0.00348303,-0.583197,-0.620361
3330,1,-0.1,-0,-0,1,1,1,4.33637,0.0244346,0.00426119,-0.00349118,-0.607708,-0.518848
3331,1,-0.1,-0,-0,1,1,1,4.33637,-0.0122173,-0.00639178,-0.00349208,-0.490644,-0.496289
3332,1,-0.1,-0,-0,1,1,1,4.33637,0,-0.00213059,-0.0034966,-0.538114,-0.530127
3333,1,-0.1,-0,-0,1,1,1,4.33637,0,0.0202406,-0.00352385,-0.787795,-0.676758
3334,1,-0.1,-0,-0,1,1,1,4.33637,0,0.00958767,-0.00352433,-0.670677,-0.597803
3335,1,-0.1,-0,-0,1,1,1,4.33647,0,0.0245018,-0.00352498,-0.834818,-0.394775
3336,1,-0.1,-0,-0,1,1,1,4.33637,-0.0314159,0.00639178,-0.00351464,-0.634242,-0.439893
3337,1,-0.1,-0,-0,1,1,1,4.33637,0,0.00852238,-0.00344914,-0.649032,-0.507568
3338,1,-0.1,-0,-0,1,1,1,4.33656,0.0314159,-0.00426119,-0.00349478,-0.514437,-0.609082
3339,1,-0.1,-0,-0,1,1,1,4.33637,0.00174533,0.0234365,-0.00353419,-0.824315,-0.64292
3340,1,-0.1,-0,-0,1,1,1,4.33637,0,-0.0127836,-0.00350912,-0.422585,-0.552686
3341,1,-0.1,-0,-0,1,1,1,4.33647,0.0174533,-0.0159795,-0.00349493,-0.385557,-0.552686
3342,1,-0.1,-0,-0,1,1,1,4.33637,-0.0174533,0.00426119,-0.00351793,-0.61124,-0.631641
3343,1,-0.1,-0,-0,1,1,1,4.33637,0,-0.00532648,-0.00352183,-0.50629,-0.507568
3344,1,-0.1,-0,-0,1,1,1,4.33637,0,-0.00745708,-0.00355085,-0.486684,-0.665479
3345,1,-0.1,-0,-0,1,1,1,4.33637,0.0349066,-0.00426119,-0.00355476,-0.522355,-0.552686
3346,1,-0.1,-0,-0,1,1,1,4.33637,-0.0366519,-0.0010653,-0.00358889,-0.562015,-0.609082
3347,1,-0.1,-0,-0,1,1,1,4.33637,0.020944,0.0127836,-0.00361316,-0.717556,-0.676758
3348,1,-0.1,-0,-0,1,1,1,4.33637,0,0.00532648,-0.00360395,-0.634313,-0.64292
3349,1,-0.1,-0,-0,1,1,1,4.33637,0,-0.00958767,-0.00364218,-0.475304,-0.575244
3350,1,-0.1,-0,-0,1,1,1,4.33628,-0.0279253,0.00532648,-0.00366678,-0.642606,-0.688037
3351,1,-0.1,-0,-0,1,1,1,4.33628,0,1.30461e-18,-0.00368538,-0.586471,-0.676758
3352,1,-0.1,-0,-0,1,1,1,4.33637,0.00872665,-0.00213059,-0.00365161,-0.558576,-0.631641
3353,1,-0.1,-0,-0,1,1,1,4.33637,0,-0.0117183,-0.00368149,-0.457056,-0.609082
3354,1,-0.1,-0,-0,1,1,1,4.33628,-0.010472,-0.00426119,-0.00368231,-0.539192,-0.530127
3355,1,-0.1,-0,-0,1,1,1,4.33637,0,-0.0010653,-0.00374224,-0.582258,-0.665479
3356,1,-0.1,-0,-0,1,1,1,4.33628,0,-0.00639178,-0.00373028,-0.522087,-0.586523
3357,1,-0.1,-0,-0,1,1,1,4.33647,-0.00523599,0.00213059,-0.00375858,-0.61957,-0.665479
3358,1,-0.1,-0,-0,1,1,1,4.33628,0,0.0149142,-0.00376134,-0.760553,-0.676758
3359,1,-0.1,-0,-0,1,1,1,4.33637,-0.0174533,-0.0138489,-0.00375106,-0.442803,-0.518848
3360,1,-0.1,-0,-0,1,1,1,4.33637,0,0.0170448,-0.00376498,-0.784469,-0.721875
3361,1,-0.1,-0,-0,1,1,1,4.33637,0,0.01811,-0.00377669,-0.797734,-0.552686
3362,1,-0.1,-0,-0,1,1,1,4.33637,0,-0.00745708,-0.00373024,-0.510363,-0.654199
3363,1,-0.1,-0,-0,1,1,1,4.33647,0.015708,-0.00958767,-0.00374072,-0.488311,-0.518848
3364,1,-0.1,-0,-0,1,1,1,4.33637,-0.0139626,-0.00639178,-0.00374536,-0.524077,-0.518848
3365,1,-0.1,-0,-0,1,1,1,4.33637,0.00174533,-0.00852238,-0.00373225,-0.498911,-0.64292
3366,1,-0.1,-0,-0,1,1,1,4.33637,0,1.89169e-18,-0.00372506,-0.591708,-0.620361
3367,1,-0.1,-0,-0,1,1,1,4.33637,0,0.0010653,-0.00373069,-0.60417,-0.688037
3368,1,-0.1,-0,-0,1,1,1,4.33637,0.0139626,-0.0138489,-0.0037074,-0.437039,-0.575244
3369,1,-0.1,-0,-0,1,1,1,4.33637,0,-0.0149142,-0.00368711,-0.422643,-0.552686
3370,1,-0.1,-0,-0,1,1,1,4.33637,0,-0.0159795,-0.00367605,-0.409465,-0.530127
3371,1,-0.1,-0,-0,1,1,1,4.33637,0.00349066,0.00319589,-0.00364996,-0.616949,-0.64292
3372,1,-0.1,-0,-0,1,1,1,4.33637,0,-0.00639178,-0.0036453,-0.51087,-0.530127
3373,1,-0.1,-0,-0,1,1,1,4.33637,0,-0.010653,-0.0036113,-0.459509,-0.48501
3374,1,-0.1,-0,-0,1,1,1,4.33637,0,-0.0159795,-0.00361919,-0.401959,-0.597803
3375,1,-0.1,-0,-0,1,1,1,4.33647,0.0226893,0.00852238,-0.00363034,-0.67295,-0.518848
3376,1,-0.1,-0,-0,1,1,1,4.33637,-0.0471239,-0.00852238,-0.00368109,-0.492157,-0.631641
3377,1,-0.1,-0,-0,1,1,1,4.33637,0.0436332,0.00639178,-0.00365802,-0.653168,-0.518848
3378,1,-0.1,-0,-0,1,1,1,4.33637,-0.0418879,-0.00639178,-0.00369458,-0.517376,-0.586523
3379,1,-0.1,-0,-0,1,1,1,4.33637,0.0401426,-0.0117183,-0.00368955,-0.45812,-0.631641
3380,1,-0.1,-0,-0,1,1,1,4.33637,-0.00872665,-0.0127836,-0.00367616,-0.444634,-0.428613
3381,1,-0.1,-0,-0,1,1,1,4.33637,0,0.0117183,-0.00365095,-0.710826,-0.530127
3382,1,-0.1,-0,-0,1,1,1,4.33637,0,-0.00958767,-0.0036555,-0.477062,-0.665479
3383,1,-0.1,-0,-0,1,1,1,4.33637,0.0436332,-0.00532648,-0.00363295,-0.520958,-0.530127
3384,1,-0.099999,0.000755108,0.374674,1,1,1,4.33637,-0.0401426,-0.00319589,-0.00367187,-0.489756,-0.654199
3385,1,-0.0999887,0.00374787,0.817754,1,1,1,4.33647,0.0471239,0.010653,-0.00365401,-0.542639,-0.462451
3386,1,-0.0999579,0.0088869,1.23311,1,1,1,4.33647,0,-0.0159795,-0.00361526,-0.124205,-0.428613
3387,1,-0.0998964,0.0160338,1.62123,1,1,1,4.33656,0.0628319,-0.0127836,-0.00353084,-0.00625635,-0.394775
3388,1,-0.0997944,0.0250565,1.98281,1,1,1,4.33666,0.0436332,7.82767e-19,-0.00342404,0.0292025,-0.101514
3389,1,-0.099643,0.0358171,2.3182,1,1,1,4.33685,0.00698132,0.0149142,-0.0033113,0.0603621,-0.0902344
3390,1,-0.0994336,0.0481949,2.62826,1,1,1,4.33695,0.015708,0.0149142,-0.00318051,0.274887,-0.0563965
3391,1,-0.0991586,0.0620591,2.91339,1,1,1,4.33714,0.0523599,0.0383507,-0.00294267,0.262267,0.0112793
3392,1,-0.0988108,0.0772867,3.1742,1,1,1,4.33752,0.129154,0.0234365,-0.00270378,0.68539,0.0563965
3393,1,-0.0983837,0.09376,3.4113,1,1,1,4.33858,0.18675,0.00958767,-0.00239945,1.11915,0.518848
3394,1,-0.0978713,0.11136,3.62523,1,1,1,4.33906,0.0837758,0.0223712,-0.00203293,1.28157,0.992578
3395,1,-0.0972683,0.129976,3.81662,1,1,1,4.33954,0.101229,0.078832,-0.00174613,0.962555,0.981299
3396,1,-0.0965701,0.14949,3.98597,1,1,1,4.33992,0.0837758,0.109726,-0.00152341,0.922806,1.06025
3397,1,-0.0957721,0.1698,4.13391,1,1,1,4.34049,0.120428,0.121444,-0.00131335,1.09962,0.902344
3398,1,-0.0948709,0.190796,4.261,1,1,1,4.34126,0.237365,0.159795,-0.00111163,0.98829,1.27456
3399,1,-0.0938632,0.212375,4.3678,1,1,1,4.34222,0.106465,0.182166,-0.000956744,1.05012,1.07153
3400,1,-0.0927471,0.234425,4.45486,1,1,1,4.34299,0.226893,0.190688,-0.000789196,1.26962,0.981299
3401,1,-0.0915182,0.256892,4.5229,1,1,1,4.34452,0.233874,0.227974,-0.000630814,1.17461,1.07153
3402,1,-0.090178,0.279621,4.57231,1,1,1,4.34529,0.202458,0.265259,-0.000542831,1.06974,1.20688
3403,1,-0.0887216,0.302584,4.6038,1,1,1,4.34692,0.307178,0.273781,-0.000385006,1.29188,1.10537
3404,1,-0.0871509,0.325648,4.61788,1,1,1,4.34826,0.347321,0.300414,-0.000233581,1.31366,1.28584
3405,1,-0.0854661,0.348721,4.61514,1,1,1,4.35008,0.31765,0.329177,-0.000127511,1.30319,1.54526
3406,1,-0.0836632,0.371777,4.59613,1,1,1,4.35162,0.354302,0.377115,-3.83208e-05,1.07683,1.37607
3407,1,-0.0817474,0.394672,4.56148,1,1,1,4.35363,0.349066,0.37605,3.93775e-05,1.38349,1.40991
3408,1,-0.079717,0.417364,4.51173,1,1,1,4.35545,0.427606,0.381376,7.67933e-05,1.60897,1.28584
3409,1,-0.0775742,0.439766,4.44746,1,1,1,4.35785,0.511381,0.415466,0.000163921,1.52051,1.39863
3410,1,-0.0753199,0.461815,4.36925,1,1,1,4.35986,0.460767,0.452751,0.00020643,1.38405,1.38735
3411,1,-0.0729567,0.483437,4.27769,1,1,1,4.36245,0.495674,0.491102,0.000193952,1.22036,1.17305
3412,1,-0.0704864,0.50457,4.17333,1,1,1,4.36446,0.514872,0.508147,0.000210739,1.28716,1.31968
3413,1,-0.067912,0.525149,4.05677,1,1,1,4.36753,0.427606,0.531583,0.000165701,1.26549,1.12793
3414,1,-0.0652362,0.545117,3.92857,1,1,1,4.36926,0.497419,0.542236,0.000133868,1.37715,1.24072
3415,1,-0.062462,0.564416,3.78931,1,1,1,4.37309,0.612611,0.532648,0.000162303,1.71032,1.39863
3416,1,-0.059595,0.582981,3.63966,1,1,1,4.3751,0.481711,0.59124,0.000148018,1.27753,1.38735
3417,1,-0.0566331,0.600797,3.47989,1,1,1,4.37865,0.66497,0.607219,0.000140818,1.30297,1.26328
3418,1,-0.0535888,0.617764,3.31105,1,1,1,4.38143,0.706858,0.596566,0.000208417,1.62068,1.51143
3419,1,-0.050457,0.63389,3.13318,1,1,1,4.38488,0.614356,0.643439,0.000220924,1.28647,1.53398
3420,1,-0.0472515,0.649084,2.9474,1,1,1,4.38766,0.668461,0.679659,0.000129757,1.0404,1.19561
3421,1,-0.0439677,0.66335,2.75375,1,1,1,4.3916,0.623083,0.678594,3.42623e-05,1.19036,1.12793
3422,1,-0.0406173,0.67662,2.55319,1,1,1,4.39428,0.668461,0.700965,-6.08524e-05,1.06958,1.10537
3423,1,-0.0372055,0.688863,2.34633,1,1,1,4.3984,0.671952,0.709488,-0.000150162,1.08782,0.95874
3424,1,-0.0337329,0.700064,2.13347,1,1,1,4.40109,0.706858,0.726533,-0.000276938,0.992928,1.07153
3425,1,-0.0302043,0.710195,1.91515,1,1,1,4.4055,0.71733,0.737185,-0.000413018,0.95219,0.936182
3426,1,-0.0266304,0.719215,1.69225,1,1,1,4.40828,0.689405,0.739316,-0.000480823,1.00052,1.08281
3427,1,-0.023014,0.727111,1.4652,1,1,1,4.41288,0.752237,0.739316,-0.000513762,1.06322,1.07153
3428,1,-0.0193608,0.733862,1.23456,1,1,1,4.41595,0.797615,0.743577,-0.000560795,1.06214,1.22944
3429,1,-0.0156769,0.739452,1.00094,1,1,1,4.42036,0.66148,0.753165,-0.000677623,0.976667,1.02642
3430,1,-0.0119711,0.743865,0.765099,1,1,1,4.42285,0.659734,0.768079,-0.000772165,0.820576,0.80083
3431,1,-0.00824091,0.747098,0.527077,1,1,1,4.42764,0.809833,0.762753,-0.000855409,0.873539,0.721875
3432,1,-0.00449932,0.749136,0.287901,1,1,1,4.43062,0.752237,0.787254,-0.000946962,0.58222,0.857227
3433,1,-0.000750017,0.749976,0.0480008,1,1,1,4.43512,0.706858,0.782993,-0.00104591,0.590769,0.845947
3434,1,0.00299542,0.749617,-0.191691,1,1,1,4.438,0.726057,0.767014,-0.00116781,0.710675,0.665479
3435,1,0.00674279,0.748058,-0.431352,1,1,1,4.44279,0.823795,0.753165,-0.00126839,0.797874,0.597803
3436,1,0.0104771,0.745304,-0.669828,1,1,1,4.44567,0.673697,0.779797,-0.00138015,0.423513,0.665479
3437,1,0.014194,0.741363,-0.906654,1,1,1,4.44989,0.738274,0.767014,-0.00155209,0.460022,0.451172
3438,1,0.0178884,0.736242,-1.1413,1,1,1,4.45276,0.71733,0.731859,-0.00162058,0.741742,0.552686
3439,1,0.0215545,0.729954,-1.3732,1,1,1,4.45746,0.804597,0.745708,-0.00170552,0.467884,0.47373
3440,1,0.0251862,0.722515,-1.60174,1,1,1,4.46024,0.645772,0.767014,-0.00178973,0.0981507,0.563965
3441,1,0.0287778,0.713943,-1.82637,1,1,1,4.46436,0.666716,0.726533,-0.00192819,0.387169,0.293262
3442,1,0.0323211,0.704267,-2.04635,1,1,1,4.46714,0.764454,0.716945,-0.00194359,0.339332,0.360938
3443,1,0.0358182,0.693487,-2.26156,1,1,1,4.47184,0.69115,0.714814,-0.0019519,0.197184,0.518848
3444,1,0.0392572,0.681651,-2.47102,1,1,1,4.47424,0.58294,0.6999,-0.00202868,0.174153,0.349658
3445,1,0.0426331,0.668788,-2.67419,1,1,1,4.47798,0.651008,0.687117,-0.00209885,0.116422,0.0676758
3446,1,0.0459433,0.654921,-2.87063,1,1,1,4.48076,0.715585,0.659419,-0.00210633,0.219243,0.349658
3447,1,0.0491812,0.640092,-3.05966,1,1,1,4.48478,0.610865,0.655158,-0.00217775,0.0447981,0.124072
3448,1,0.0523421,0.62434,-3.24071,1,1,1,4.48699,0.549779,0.643439,-0.00222342,-0.0547326,0.146631
3449,1,0.0554208,0.607712,-3.41317,1,1,1,4.49063,0.602139,0.608285,-0.0022546,0.0954436,0.0789551
3450,1,0.0584182,0.59022,-3.57676,1,1,1,4.49303,0.619592,0.600827,-0.00226221,-0.0655133,0.135352
3451,1,0.0613216,0.571962,-3.73043,1,1,1,4.49667,0.516617,0.544367,-0.0022442,0.307652,0.135352
3452,1,0.0641363,0.552932,-3.87407,1,1,1,4.49859,0.507891,0.545432,-0.00222696,0.0395998,0.112793
3453,1,0.0668521,0.533225,-4.00678,1,1,1,4.50195,0.558505,0.529453,-0.00224825,-0.0531415,0.112793
3454,1,0.0694672,0.512886,-4.12806,1,1,1,4.50396,0.469494,0.524126,-0.00224008,-0.265553,0.101514
3455,1,0.0719799,0.491965,-4.23739,1,1,1,4.50664,0.445059,0.486841,-0.00220493,-0.128575,0.0338379
3456,1,0.0743861,0.470533,-4.33414,1,1,1,4.50866,0.521853,0.445294,-0.00210428,0.0591839,0.0225586
3457,1,0.0766842,0.448648,-4.41777,1,1,1,4.51134,0.385718,0.406943,-0.00198161,0.210761,0.0338379
3458,1,0.0788706,0.426392,-4.48765,1,1,1,4.51288,0.3735,0.399486,-0.00188383,0.0165097,-0.0225586
3459,1,0.0809476,0.403793,-4.54333,1,1,1,4.51518,0.39619,0.369658,-0.00173186,0.0731896,-0.0338379
3460,1,0.0829094,0.38097,-4.5841,1,1,1,4.51661,0.359538,0.36007,-0.00159481,-0.0952071,-0.0338379
3461,1,0.0847557,0.357993,-4.60943,1,1,1,4.51863,0.354302,0.329177,-0.00140706,-0.0215978,-0.0112793
3462,1,0.0864892,0.3349,-4.61876,1,1,1,4.51997,0.294961,0.306806,-0.00117841,-0.034862,0
3463,1,0.0881057,0.311821,-4.6115,1,1,1,4.5215,0.286234,0.280173,-0.00100762,-0.00711376,-0.0563965
3464,1,0.0896074,0.288816,-4.58708,1,1,1,4.52265,0.268781,0.278043,-0.000919431,-0.257668,-0.0563965
3465,1,0.0909945,0.265975,-4.5449,1,1,1,4.524,0.221657,0.234365,-0.000790548,-0.040837,-0.0902344
3466,1,0.0922679,0.243391,-4.48441,1,1,1,4.52496,0.235619,0.222647,-0.000674034,-0.171111,-0.0112793
3467,1,0.093429,0.221162,-4.40504,1,1,1,4.52611,0.172788,0.209863,-0.000577333,-0.285652,-0.15791
3468,1,0.0944801,0.199376,-4.30619,1,1,1,4.52687,0.169297,0.169382,-0.000440583,-0.0814545,-0.135352
3469,1,0.0954236,0.178135,-4.1873,1,1,1,4.52774,0.125664,0.14275,-0.000282051,-0.0162528,-0.0225586
3470,1,0.0962626,0.157536,-4.04777,1,1,1,4.52822,0.1309,0.131032,-8.7089e-05,-0.0984534,-0.124072
3471,1,0.0970005,0.137686,-3.88702,1,1,1,4.52889,0.0820305,0.102269,6.24402e-05,0.0129884,-0.0902344
3472,1,0.0976404,0.118717,-3.70474,1,1,1,4.52917,0.0820305,0.0841585,0.000246117,0.0262444,0.0338379
3473,1,0.0981892,0.100673,-3.49964,1,1,1,4.52956,0.0383972,0.0415466,0.000548542,0.340333,0.112793
3474,1,0.0986495,0.0837438,-3.27201,1,1,1,4.52975,0.0383972,0.0245018,0.000824272,0.38847,0.0338379
3475,1,0.0990283,0.0680026,-3.02076,1,1,1,4.53004,0.0279253,0.0149142,0.00110841,0.373827,0.304541
3476,1,0.0993317,0.0535783,-2.74546,1,1,1,4.53004,0,0.00958767,0.00138564,0.331247,0.383496
3477,1,0.0995664,0.0405974,-2.44565,1,1,1,4.53013,-0.00872665,0.0127836,0.00162567,0.211258,0.360938
3478,1,0.0997401,0.0291722,-2.12047,1,1,1,4.53013,0,-0.00958767,0.00182156,0.388777,0.338379
3479,1,0.099861,0.0194296,-1.76919,1,1,1,4.53004,0,-0.0266324,0.00203382,0.535436,0.451172
3480,1,0.0999375,0.0115168,-1.39184,1,1,1,4.53004,0,-4.56614e-19,0.00217352,0.217715,0.496289
3481,1,0.0999794,0.0055557,-0.987363,1,1,1,4.52994,-0.00523599,-0.0117183,0.00226414,0.342374,0.338379
3482,1,0.0999966,0.00168787,-0.555605,1,1,1,4.52994,0.00698132,-0.028763,0.00235199,0.555362,0.338379
3483,1,0.1,4.83509e-05,-0.0959626,1,1,1,4.52994,0.0279253,-0.0191753,0.00239151,0.499994,0.3271
3484,1,0.1,0,0,1,1,1,4.52985,-0.0488692,-0.00426119,0.00239831,0.352414,0.146631
3485,1,0.1,0,0,1,1,1,4.52994,0.0191986,0.00213059,0.00242673,0.28935,0.349658
3486,1,0.1,0,0,1,1,1,4.52994,0,-0.00639178,0.00248161,0.394101,0.360938
3487,1,0.1,0,0,1,1,1,4.52994,0,0.0010653,0.00247163,0.313749,0.338379
3488,1,0.1,0,0,1,1,1,4.52985,0,0.01811,0.00248106,0.130937,0.248145
3489,1,0.1,0,0,1,1,1,4.52985,-0.00872665,0.0191753,0.0024641,0.119765,0.360938
3490,1,0.1,0,0,1,1,1,4.52994,0,-0.0298283,0.00252348,0.670058,0.338379
3491,1,0.1,0,0,1,1,1,4.53004,0.0558505,0.0191753,0.00250207,0.131698,0.47373
3492,1,0.1,0,0,1,1,1,4.52985,-0.0977384,-0.00426119,0.00248277,0.389076,0.191748
3493,1,0.1,0,0,1,1,1,4.52994,0.0453786,0.0138489,0.00246175,0.189856,0.360938
3494,1,0.1,0,0,1,1,1,4.52985,-0.0628319,-2.60922e-19,0.00243472,0.340793,0.3271
3495,1,0.1,0,0,1,1,1,4.52994,0.0122173,-0.00745708,0.00240335,0.421052,0.270703
3496,1,0.1,0,0,1,1,1,4.52985,0,0.00426119,0.00241831,0.297489,0.406055
3497,1,0.1,0,0,1,1,1,4.52985,-0.0383972,0.010653,0.00239028,0.225749,0.203027
3498,1,0.1,0,0,1,1,1,4.52985,0.00349066,-0.00213059,0.00236099,0.364357,0.248145
3499,1,0.1,0,0,1,1,1,4.52985,0,0.00958767,0.00235898,0.238202,0.349658
3500,1,0.1,0,0,1,1,1,4.52994,0,0.00426119,0.00235531,0.299137,0.31582
3501,1,0.1,0,0,1,1,1,4.52994,0,-0.00852238,0.00235392,0.442326,0.383496
3502,1,0.1,0,0,1,1,1,4.52994,0,-0.01811,0.00232259,0.545756,0.293262
3503,1,0.1,0,0,1,1,1,4.52994,0.0436332,-0.0149142,0.00232779,0.514168,0.281982
3504,1,0.1,0,0,1,1,1,4.52985,-0.0279253,0.00532648,0.00233353,0.295351,0.304541
3505,1,0.1,0,0,1,1,1,4.52985,0,-0.0010653,0.00232882,0.367612,0.281982
3506,1,0.1,0,0,1,1,1,4.52994,0.0244346,0.00532648,0.0023321,0.300998,0.31582
3507,1,0.1,0,0,1,1,1,4.52994,0,-0.00852238,0.00236185,0.460655,0.451172
3508,1,0.1,0,0,1,1,1,4.52994,0,-0.00852238,0.00234714,0.460897,0.349658
3509,1,0.1,0,0,1,1,1,4.52994,0.0610865,0.0010653,0.0023721,0.362423,0.451172
3510,1,0.1,0,0,1,1,1,4.53004,-0.0122173,0.0234365,0.00238668,0.121364,0.406055
3511,1,0.1,0,0,1,1,1,4.52985,-0.0174533,0.0117183,0.00233664,0.245297,0.293262
3512,1,0.1,0,0,1,1,1,4.52994,0.00872665,-0.00319589,0.0023324,0.411154,0.169189
3513,1,0.1,0,0,1,1,1,4.52994,0.00872665,-0.0149142,0.00232353,0.541207,0.236865
3514,1,0.1,0,0,1,1,1,4.52994,0.00349066,0.0149142,0.00231512,0.21487,0.406055
3515,1,0.1,0,0,1,1,1,4.52985,-0.0279253,-0.010653,0.00233996,0.502277,0.417334
3516,1,0.1,0,0,1,1,1,4.52994,0.0191986,0.00639178,0.00234882,0.319098,0.349658
3517,1,0.1,0,0,1,1,1,4.52994,0,-0.00745708,0.00233414,0.471871,0.406055
3518,1,0.1,0,0,1,1,1,4.52994,0,-0.00213059,0.00229623,0.410207,0.293262
3519,1,0.1,0,0,1,1,1,4.52994,0.0191986,0.0010653,0.00227402,0.374156,0.225586
3520,1,0.1,0,0,1,1,1,4.52994,0,-0.00319589,0.00226381,0.422629,0.586523
3521,1,0.1,0,0,1,1,1,4.52994,-0.0174533,0.0117183,0.00226971,0.262741,0.620361
3522,1,0.1,0,0,1,1,1,4.52994,-0.00872665,-0.00213059,0.00226522,0.416941,0.530127
3523,1,0.1,0,0,1,1,1,4.52994,0,0.00213059,0.00228091,0.375323,0.372217
3524,1,0.1,0,0,1,1,1,4.53004,0.0314159,-0.00426119,0.00225315,0.444167,0.349658
3525,1,0.1,0,0,1,1,1,4.52994,0,0.00426119,0.00224388,0.349319,0.259424
3526,1,0.1,0,0,1,1,1,4.52994,0.00872665,0.0010653,0.00226889,0.387775,0.406055
3527,1,0.1,0,0,1,1,1,4.52994,0,0.010653,0.00227602,0.283252,0.462451
3528,1,0.1,0,0,1,1,1,4.52994,0,-0.00639178,0.0022606,0.468709,0.428613
3529,1,0.1,0,0,1,1,1,4.52994,0,-0.010653,0.00227244,0.517144,0.417334
3530,1,0.1,0,0,1,1,1,4.52994,0,1.23938e-18,0.00226997,0.399636,0.281982
3531,1,0.1,0,0,1,1,1,4.53004,-0.00174533,-0.0010653,0.0022533,0.409154,0.394775
3532,1,0.1,0,0,1,1,1,4.52985,0,-0.0138489,0.0022813,0.55347,0.214307
3533,1,0.1,0,0,1,1,1,4.53004,0.00698132,0.00639178,0.00225669,0.327573,0.451172
3534,1,0.1,0,0,1,1,1,4.52994,-0.00174533,-0.0149142,0.00229542,0.567051,0.507568
3535,1,0.1,0,0,1,1,1,4.53004,0,-0.00852238,0.00230474,0.497971,0.281982
3536,1,0.1,0,0,1,1,1,4.52994,0,0.00532648,0.00227676,0.341942,0.270703
3537,1,0.1,0,0,1,1,1,4.52994,0,-0.0149142,0.00226857,0.563507,0.293262
3538,1,0.1,0,0,1,1,1,4.52994,0.0122173,0.0138489,0.00227916,0.248512,0.394775
3539,1,0.1,0,0,1,1,1,4.52994,-0.0279253,-9.78459e-19,0.00224878,0.39684,0.3271
3540,1,0.1,0,0,1,1,1,4.52994,0.0191986,0.0117183,0.00224504,0.267444,0.349658
3541,1,0.1,0,0,1,1,1,4.52994,-0.00872665,-0.010653,0.00223296,0.511933,0.349658
3542,1,0.1,0,0,1,1,1,4.52994,0,-0.0159795,0.00221262,0.56784,0.304541
3543,1,0.1,0,0,1,1,1,4.53004,0.0226893,-0.01811,0.00224131,0.595063,0.383496
3544,1,0.1,0,0,1,1,1,4.52994,0,0.010653,0.00225233,0.280125,0.428613
3545,1,0.1,0,0,1,1,1,4.52994,-0.0296706,-0.010653,0.00224237,0.513176,0.338379
3546,1,0.1,0,0,1,1,1,4.52994,0.00872665,0.00532648,0.00222442,0.335032,0.338379
3547,1,0.1,0,0,1,1,1,4.52994,0,-0.0159795,0.00219794,0.565901,0.349658
3548,1,0.1,0,0,1,1,1,4.52994,0,-0.0170448,0.00217989,0.575238,0.360938
3549,1,0.1,0,0,1,1,1,4.52994,0.0471239,0.00426119,0.00217809,0.340635,0.383496
3550,1,0.1,0,0,1,1,1,4.53004,0,-0.0138489,0.00222088,0.545494,0.394775
3551,1,0.1,0,0,1,1,1,4.53004,0.0122173,-0.00426119,0.00221055,0.438666,0.383496
3552,1,0.1,0,0,1,1,1,4.52985,-0.0401426,-0.0170448,0.00221224,0.579508,0.349658
3553,1,0.1,0,0,1,1,1,4.53004,0.00174533,-0.0010653,0.0021813,0.39965,0.259424
3554,1,0.1,0,0,1,1,1,4.52985,-0.010472,0.00532648,0.00213914,0.323775,0.417334
3555,1,0.1,0,0,1,1,1,4.52994,-0.0174533,0.0213059,0.00214225,0.148412,0.293262
3556,1,0.1,0,0,1,1,1,4.52994,0.0174533,-0.0010653,0.00212859,0.392693,0.191748
3557,1,0.1,0,0,1,1,1,4.52994,0.0488692,0.00639178,0.00213268,0.311204,0.349658
3558,1,0.1,0,0,1,1,1,4.52994,0,0.00426119,0.00213376,0.334783,0.406055
3559,1,0.1,0,0,1,1,1,4.52994,0,0.00639178,0.00213127,0.311018,0.406055
3560,1,0.1,0,0,1,1,1,4.52994,-0.0244346,0.00532648,0.00210471,0.319231,0.349658
3561,1,0.1,0,0,1,1,1,4.52994,0,-0.00852238,0.00210417,0.471497,0.270703
3562,1,0.1,0,0,1,1,1,4.52994,0,0.00852238,0.00211131,0.284946,0.349658
3563,1,0.1,0,0,1,1,1,4.52994,-0.0296706,0.01811,0.00208026,0.175383,0.304541
3564,1,0.1,0,0,1,1,1,4.52994,0.0279253,-0.0255671,0.00209598,0.657907,0.406055
3565,1,0.1,0,0,1,1,1,4.53004,0,-0.0127836,0.00209291,0.516884,0.383496
3566,1,0.1,0,0,1,1,1,4.52994,-0.0122173,0.00852238,0.00207962,0.280763,0.338379
3567,1,0.1,0,0,1,1,1,4.52994,0,-0.0170448,0.00208732,0.563018,0.428613
3568,1,0.1,0,0,1,1,1,4.52994,0.00872665,-0.0117183,0.00205227,0.499801,0.3271
3569,1,0.1,0,0,1,1,1,4.53004,0.0523599,0.0117183,0.00206004,0.243024,0.518848
3570,1,0.1,0,0,1,1,1,4.52994,-0.0645772,-0.0010653,0.00209441,0.38818,0.394775
3571,1,0.1,0,0,1,1,1,4.53004,0,-0.00532648,0.00210803,0.436852,0.507568
3572,1,0.1,0,0,1,1,1,4.52994,-0.010472,-0.00532648,0.00209588,0.435248,0.203027
3573,1,0.1,0,0,1,1,1,4.53004,0.015708,0.00319589,0.00209408,0.341264,0.417334
3574,1,0.1,0,0,1,1,1,4.52994,-0.0314159,-0.0127836,0.00212604,0.521256,0.372217
3575,1,0.1,0,0,1,1,1,4.53004,0.00872665,0.0159795,0.00208751,0.199778,0.394775
3576,1,0.1,0,0,1,1,1,4.52985,-0.0366519,-0.00639178,0.0020777,0.444566,0.293262
3577,1,0.1,0,0,1,1,1,4.52994,0,-0.00745708,0.00206254,0.454284,0.259424
3578,1,0.1,0,0,1,1,1,4.52994,0,-0.00426119,0.0020347,0.415453,0.248145
3579,1,0.1,0,0,1,1,1,4.52994,0,-0.00532648,0.00205434,0.429764,0.293262
3580,1,0.1,0,0,1,1,1,4.52994,0.00174533,-0.0234365,0.0020718,0.631279,0.394775
3581,1,0.1,0,0,1,1,1,4.52994,0.00872665,-0.00745708,0.00209813,0.458981,0.304541
3582,1,0.1,0,0,1,1,1,4.52994,0,-0.010653,0.00208482,0.492379,0.3271
3583,1,0.1,0,0,1,1,1,4.52994,0.0366519,-0.0010653,0.00206327,0.38407,0.270703
3584,1,0.1,0,0,1,1,1,4.52994,-0.0226893,0.0117183,0.00202788,0.23878,0.191748
3585,1,0.1,0,0,1,1,1,4.52994,0,0.00319589,0.00201548,0.330889,0.428613
3586,1,0.1,0,0,1,1,1,4.52994,-0.00872665,0.0138489,0.00205088,0.218379,0.507568
3587,1,0.1,0,0,1,1,1,4.52994,-0.0401426,-0.00426119,0.00209969,0.424032,0.417334
3588,1,0.1,0,0,1,1,1,4.52994,0.015708,0.00213059,0.00206267,0.348836,0.394775
3589,1,0.1,0,0,1,1,1,4.52994,0,-0.00958767,0.00207031,0.478746,0.428613
3590,1,0.1,0,0,1,1,1,4.53004,0,0.0127836,0.00202074,0.226119,0.47373
3591,1,0.1,0,0,1,1,1,4.52994,0,0.00852238,0.00201977,0.272863,0.439893
3592,1,0.1,0,0,1,1,1,4.52994,0,0.0010653,0.00198049,0.349707,0.372217
3593,1,0.1,0,0,1,1,1,4.52994,0.0174533,0.00745708,0.00199031,0.280693,0.349658
3594,1,0.1,0,0,1,1,1,4.52994,-0.0226893,-0.00745708,0.00198754,0.444383,0.293262
3595,1,0.1,0,0,1,1,1,4.52994,0.00698132,-0.00852238,0.00202587,0.461161,0.563965
3596,1,0.1,0,0,1,1,1,4.53004,0,-0.0223712,0.00204746,0.616348,0.462451
3597,1,0.1,0,0,1,1,1,4.53004,0.0471239,0.0010653,0.00203976,0.35753,0.338379
3598,1,0.1,0,0,1,1,1,4.52994,-0.0244346,0.01811,0.00200711,0.165728,0.439893
3599,1,0.1,0,0,1,1,1,4.52994,0,0.00319589,0.00193646,0.320458,0.191748
3600,1,0.1,0,0,1,1,1,4.52994,0.015708,0.0330242,0.00190209,-0.0126402,0.563965
3601,1,0.1,0,0,1,1,1,4.52985,-0.0994838,-0.00426119,0.00192165,0.400531,0.236865
3602,1,0.1,0,0,1,1,1,4.52994,0.0802851,0.0149142,0.00189003,0.185429,0.349658
3603,1,0.1,0,0,1,1,1,4.52985,-0.015708,0.00319589,0.00193238,0.319919,0.338379
3604,1,0.1,0,0,1,1,1,4.53004,0.0366519,-0.0234365,0.00194679,0.614778,0.338379
3605,1,0.1,0,0,1,1,1,4.52994,0.0383972,0.0159795,0.00191685,0.177251,0.281982
3606,1,0.1,0,0,1,1,1,4.52985,-0.0453786,-0.00532648,0.00189673,0.40896,0.3271
3607,1,0.1,0,0,1,1,1,4.52994,0.0314159,-0.00639178,0.00191682,0.42333,0.360938
3608,1,0.1,0,0,1,1,1,4.52985,-0.0383972,-0.0010653,0.00192637,0.365999,0.383496
3609,1,0.1,0,0,1,1,1,4.52994,0,-0.01811,0.00193066,0.554057,0.372217
3610,1,0.1,0,0,1,1,1,4.52994,0.0174533,0.00532648,0.00187147,0.288443,0.259424
3611,1,0.1,0,0,1,1,1,4.52985,0.015708,0.0149142,0.00185578,0.180907,0.259424
3612,1,0.1,0,0,1,1,1,4.52985,-0.0226893,-0.0149142,0.00183549,0.506341,0.169189
3613,1,0.1,0,0,1,1,1,4.52994,0.0191986,-0.0117183,0.00183384,0.470968,0.225586
3614,1,0.1,0,0,1,1,1,4.52985,-0.0226893,-0.00426119,0.00184813,0.390826,0.360938
3615,1,0.1,0,0,1,1,1,4.52994,0,0.0170448,0.00180926,0.151331,0.304541
3616,1,0.1,0,0,1,1,1,4.52985,0,0.00532648,0.00179356,0.278158,0.259424
3617,1,0.1,0,0,1,1,1,4.52985,-0.00872665,0.00319589,0.00176573,0.297921,0.248145
3618,1,0.1,0,0,1,1,1,4.52985,0,0.00958767,0.00171062,0.220337,0.203027
3619,1,0.1,0,0,1,1,1,4.52985,0,0.0117183,0.00173399,0.199986,0.406055
3620,1,0.1,0,0,1,1,1,4.52994,-0.00174533,-0.010653,0.00173168,0.445765,0.270703
3621,1,0.1,0,0,1,1,1,4.52994,0.010472,0.00426119,0.00172534,0.280871,0.214307
3622,1,0.1,0,0,1,1,1,4.52985,0,-0.00426119,0.00173644,0.376083,0.304541
3623,1,0.1,0,0,1,1,1,4.52994,-0.0174533,0.0010653,0.00173389,0.317155,0.236865
3624,1,0.1,0,0,1,1,1,4.52985,0.00523599,0.00958767,0.001734,0.223424,0.180469
3625,1,0.1,0,0,1,1,1,4.52994,-0.0122173,0.010653,0.00174247,0.212824,0.236865
3626,1,0.1,0,0,1,1,1,4.52994,0.0366519,0.0127836,0.00171644,0.185951,0.281982
3627,1,0.1,0,0,1,1,1,4.52985,-0.010472,-0.00745708,0.0017044,0.407008,0.180469
3628,1,0.1,0,0,1,1,1,4.52994,0.0279253,-0.0010653,0.0016579,0.330561,0.214307
3629,1,0.1,0,0,1,1,1,4.52985,0.0174533,0.00319589,0.00164636,0.282164,0.281982
3630,1,0.1,0,0,1,1,1,4.52994,0.00698132,0.00426119,0.00166806,0.273311,0.48501
3631,1,0.1,0,0,1,1,1,4.52985,-0.020944,0.0191753,0.00164541,0.106265,0.360938
3632,1,0.1,0,0,1,1,1,4.52985,0,-0.00319589,0.00163503,0.350978,0.214307
3633,1,0.1,0,0,1,1,1,4.52994,0.0174533,-0.010653,0.00162093,0.430917,0.360938
3634,1,0.1,0,0,1,1,1,4.52985,-0.0436332,-0.00852238,0.00168302,0.415905,0.428613
3635,1,0.1,0,0,1,1,1,4.53004,-0.010472,0.0138489,0.00165897,0.166647,0.360938
3636,1,0.1,0,0,1,1,1,4.52985,-0.0191986,0.00745708,0.00162509,0.232484,0.259424
3637,1,0.1,0,0,1,1,1,4.52985,0,0.00426119,0.00162169,0.26719,0.248145
3638,1,0.1,0,0,1,1,1,4.52994,0.020944,-0.00532648,0.0016288,0.373592,0.304541
3639,1,0.1,0,0,1,1,1,4.52994,0,0.00532648,0.00162951,0.256504,0.394775
3640,1,0.1,0,0,1,1,1,4.52994,0,-0.0117183,0.00165222,0.446994,0.360938
3641,1,0.1,0,0,1,1,1,4.52994,0.00523599,-0.0010653,0.00164311,0.328608,0.248145
3642,1,0.1,0,0,1,1,1,4.52994,0,0.0010653,0.0016461,0.305566,0.428613
3643,1,0.1,0,0,1,1,1,4.52985,0,0.010653,0.00162337,0.197102,0.270703
3644,1,0.1,0,0,1,1,1,4.52994,0.0261799,0.010653,0.00163069,0.198069,0.236865
3645,1,0.1,0,0,1,1,1,4.52994,-0.0139626,0.00852238,0.00162852,0.221218,0.304541
3646,1,0.1,0,0,1,1,1,4.52985,-0.00523599,0.0010653,0.00161177,0.301035,0.248145
3647,1,0.1,0,0,1,1,1,4.52994,0,0.00639178,0.00161655,0.243075,0.462451
3648,1,0.1,0,0,1,1,1,4.52985,-0.00872665,-0.00532648,0.00159801,0.369529,0.338379
3649,1,0.1,0,0,1,1,1,4.52985,0,0.00426119,0.0015779,0.26141,0.248145
3650,1,0.1,0,0,1,1,1,4.52994,0.00872665,-0.0117183,0.00157706,0.437073,0.338379
3651,1,0.1,0,0,1,1,1,4.52985,0.00523599,-0.00745708,0.00155642,0.387476,0.259424
3652,1,0.1,0,0,1,1,1,4.52994,0,0.00958767,0.00155292,0.199521,0.270703
3653,1,0.1,0,0,1,1,1,4.52985,0,-0.00532648,0.0015617,0.364735,0.372217
3654,1,0.1,0,0,1,1,1,4.52994,0,0.00745708,0.00155857,0.223704,0.3271
3655,1,0.1,0,0,1,1,1,4.52985,0,-0.00213059,0.00154883,0.327882,0.236865
3656,1,0.1,0,0,1,1,1,4.52985,0,0.0127836,0.00154071,0.162755,0.383496
3657,1,0.1,0,0,1,1,1,4.52985,-0.0174533,0.00532648,0.00151939,0.241887,0.3271
3658,1,0.1,0,0,1,1,1,4.52985,0,-0.0127836,0.00151151,0.440139,0.248145
3659,1,0.1,0,0,1,1,1,4.52994,0,-0.00319589,0.00151923,0.335694,0.3271
3660,1,0.1,0,0,1,1,1,4.52985,0,-0.010653,0.00154457,0.421066,0.383496
3661,1,0.1,0,0,1,1,1,4.52994,0,-0.00958767,0.00154024,0.408776,0.383496
3662,1,0.1,0,0,1,1,1,4.52985,0,0.01811,0.00150112,0.098937,0.338379
3663,1,0.1,0,0,1,1,1,4.52985,0,0.0202406,0.00150239,0.0756683,0.428613
3664,1,0.1,0,0,1,1,1,4.52994,0.0139626,0.0138489,0.00149035,0.144389,0.293262
3665,1,0.1,0,0,1,1,1,4.52985,0,0.0010653,0.00147544,0.283039,0.349658
3666,1,0.1,0,0,1,1,1,4.52985,-0.010472,-0.00639178,0.00149645,0.367841,0.225586
3667,1,0.1,0,0,1,1,1,4.52994,0.010472,0.0149142,0.00147086,0.130098,0.169189
3668,1,0.1,0,0,1,1,1,4.52985,0,0.00319589,0.0014896,0.261472,0.417334
3669,1,0.1,0,0,1,1,1,4.52985,-0.0226893,0.00319589,0.00151236,0.264477,0.439893
3670,1,0.1,0,0,1,1,1,4.52994,0,3.91384e-19,0.00150715,0.298944,0.304541
3671,1,0.1,0,0,1,1,1,4.52985,0.00349066,-0.00958767,0.00151106,0.404925,0.191748
3672,1,0.1,0,0,1,1,1,4.52985,0,0.0223712,0.00145909,0.0464679,0.428613
3673,1,0.1,0,0,1,1,1,4.52985,-0.0191986,-0.00958767,0.00147764,0.400513,0.236865
3674,1,0.1,0,0,1,1,1,4.52994,0.0296706,0.00852238,0.00147366,0.200776,0.417334
3675,1,0.1,0,0,1,1,1,4.52985,-0.00872665,0.0159795,0.00145919,0.116839,0.270703
3676,1,0.1,0,0,1,1,1,4.52985,0,0.0159795,0.00144478,0.114937,0.304541
3677,1,0.1,0,0,1,1,1,4.52985,-0.0139626,0.00745708,0.00142451,0.206007,0.214307
3678,1,0.1,0,0,1,1,1,4.52985,0.020944,-0.010653,0.0014699,0.41121,0.31582
3679,1,0.1,0,0,1,1,1,4.52994,0,-0.010653,0.00147395,0.411577,0.360938
3680,1,0.1,0,0,1,1,1,4.52985,-0.0244346,-0.0010653,0.00147493,0.306409,0.225586
3681,1,0.1,0,0,1,1,1,4.52994,0,-0.00639178,0.00149792,0.368035,0.236865
3682,1,0.1,0,0,1,1,1,4.52985,0,-0.00426119,0.00147038,0.340963,0.248145
3683,1,0.1,0,0,1,1,1,4.52985,0,0.0010653,0.00148484,0.28428,0.180469
3684,1,0.099999,-0.000755002,-0.374648,1,1,1,4.52985,0,0.00213059,0.00147455,0.211442,0.135352
3685,1,0.0999887,-0.00374759,-0.817725,1,1,1,4.52994,0,0.0010653,0.00145775,0.123866,0.191748
3686,1,0.0999579,-0.00888613,-1.23306,1,1,1,4.52975,0,-0.00958767,0.00146028,0.121048,0.203027
3687,1,0.0998964,-0.0160341,-1.62124,1,1,1,4.52975,-0.0261799,0.0117183,0.00140894,-0.262164,0.0563965
3688,1,0.0997945,-0.0250549,-1.98275,1,1,1,4.52975,-0.0174533,-0.00319589,0.0012872,-0.276877,-0.0338379
3689,1,0.099643,-0.0358167,-2.31819,1,1,1,4.52965,0,-0.0149142,0.00117438,-0.343912,-0.101514
3690,1,0.0994336,-0.0481943,-2.62824,1,1,1,4.52956,-0.0314159,-0.0159795,0.000990106,-0.555752,-0.135352
3691,1,0.0991586,-0.062058,-2.91337,1,1,1,4.52946,-0.0296706,-0.0202406,0.000813416,-0.746987,-0.3271
3692,1,0.0988111,-0.0772743,-3.174,1,1,1,4.52917,-0.0959931,-0.028763,0.000498296,-0.926463,-0.688037
3693,1,0.0983837,-0.0937595,-3.41129,1,1,1,4.52841,-0.0523599,-0.0511343,0.000233446,-0.959048,-0.924902
3694,1,0.0978716,-0.11135,-3.62512,1,1,1,4.52831,-0.0401426,-0.068179,9.43335e-06,-1.05532,-1.12793
3695,1,0.0972688,-0.129963,-3.8165,1,1,1,4.52774,-0.10821,-0.0926808,-0.00018766,-1.07536,-1.12793
3696,1,0.0965706,-0.149475,-3.98585,1,1,1,4.52726,-0.0872665,-0.127836,-0.00034692,-0.981645,-1.0377
3697,1,0.0957721,-0.169801,-4.13392,1,1,1,4.52649,-0.143117,-0.154468,-0.00048417,-0.985778,-1.21816
3698,1,0.0948715,-0.190781,-4.26092,1,1,1,4.52591,-0.1309,-0.164056,-0.000603951,-1.1797,-1.13921
3699,1,0.0938639,-0.212361,-4.36774,1,1,1,4.52476,-0.240855,-0.1811,-0.000746831,-1.2999,-1.19561
3700,1,0.0927463,-0.23444,-4.45491,1,1,1,4.52371,-0.246091,-0.202406,-0.000888664,-1.37737,-1.33096
3701,1,0.091519,-0.256878,-4.52286,1,1,1,4.52237,-0.235619,-0.227974,-0.00101128,-1.4072,-1.40991
3702,1,0.090178,-0.27962,-4.57231,1,1,1,4.52122,-0.294961,-0.270585,-0.00112089,-1.24904,-1.43247
3703,1,0.0887213,-0.302588,-4.60381,1,1,1,4.51978,-0.214675,-0.298283,-0.00118407,-1.24832,-1.33096
3704,1,0.0871447,-0.325735,-4.6179,1,1,1,4.51863,-0.307178,-0.32385,-0.00121699,-1.2665,-1.19561
3705,1,0.0854659,-0.348723,-4.61514,1,1,1,4.51633,-0.403171,-0.328111,-0.00130798,-1.52354,-1.37607
3706,1,0.0836636,-0.371772,-4.59614,1,1,1,4.51451,-0.441568,-0.379246,-0.00130254,-1.24917,-1.39863
3707,1,0.0817488,-0.394656,-4.56151,1,1,1,4.51259,-0.31765,-0.39629,-0.00126554,-1.34045,-1.21816
3708,1,0.0797187,-0.417345,-4.51177,1,1,1,4.51096,-0.44855,-0.436772,-0.00121061,-1.16719,-1.24072
3709,1,0.0775758,-0.43975,-4.44752,1,1,1,4.50818,-0.483456,-0.441033,-0.00115424,-1.38569,-1.51143
3710,1,0.0753202,-0.461812,-4.36926,1,1,1,4.50607,-0.5044,-0.4666,-0.00105895,-1.35813,-1.35352
3711,1,0.0729586,-0.48342,-4.27776,1,1,1,4.50329,-0.450295,-0.499624,-0.000948481,-1.23872,-1.18433
3712,1,0.0704884,-0.504553,-4.17342,1,1,1,4.50137,-0.518363,-0.531583,-0.000792161,-1.1159,-1.10537
3713,1,0.0679122,-0.525148,-4.05678,1,1,1,4.49782,-0.603884,-0.542236,-0.000651927,-1.22108,-1.10537
3714,1,0.0652381,-0.545103,-3.92866,1,1,1,4.49581,-0.45204,-0.568869,-0.000499658,-1.13906,-1.04897
3715,1,0.0624621,-0.564416,-3.78931,1,1,1,4.49255,-0.68766,-0.583783,-0.000385914,-1.18186,-1.13921
3716,1,0.059595,-0.582981,-3.63966,1,1,1,4.48958,-0.701622,-0.578456,-0.000326894,-1.4446,-1.29712
3717,1,0.0566354,-0.600783,-3.48002,1,1,1,4.48613,-0.575959,-0.647701,-0.000222931,-0.870083,-1.13921
3718,1,0.0535891,-0.617763,-3.31106,1,1,1,4.48363,-0.66148,-0.640243,-0.000129646,-1.1284,-1.17305
3719,1,0.0504586,-0.633882,-3.13327,1,1,1,4.4797,-0.588176,-0.664745,-1.69704e-05,-1.02072,-1.08281
3720,1,0.0472493,-0.649094,-2.94727,1,1,1,4.47702,-0.698132,-0.669006,7.75156e-05,-1.12516,-1.06025
3721,1,0.0439701,-0.66334,-2.75389,1,1,1,4.47299,-0.630064,-0.702031,0.000155875,-0.903128,-1.3084
3722,1,0.0406199,-0.67661,-2.55335,1,1,1,4.47031,-0.680678,-0.692443,0.000212548,-1.13879,-1.18433
3723,1,0.0372037,-0.688869,-2.34623,1,1,1,4.46609,-0.66148,-0.688182,0.000278836,-1.30077,-1.15049
3724,1,0.0337331,-0.700064,-2.13348,1,1,1,4.46331,-0.778417,-0.71588,0.00037434,-1.09363,-1.16177
3725,1,0.030207,-0.710188,-1.91531,1,1,1,4.45871,-0.649262,-0.737185,0.000495141,-0.937999,-1.11665
3726,1,0.0266329,-0.719209,-1.69241,1,1,1,4.45631,-0.659734,-0.749969,0.000625207,-0.859984,-1.11665
3727,1,0.023016,-0.727107,-1.46533,1,1,1,4.45132,-0.762709,-0.744643,0.000760876,-0.965931,-0.845947
3728,1,0.0193616,-0.733861,-1.23461,1,1,1,4.44864,-0.71733,-0.761687,0.00126875,-0.760654,-0.879785
3729,1,0.01568,-0.739448,-1.00114,1,1,1,4.44404,-0.762709,-0.7521,0.00139724,-0.883417,-0.721875
3730,1,0.0119683,-0.743868,-0.764921,1,1,1,4.44126,-0.703368,-0.785124,0.00157715,-0.515364,-0.868506
3731,1,0.00824076,-0.747098,-0.527068,1,1,1,4.43656,-0.806342,-0.765949,0.00168598,-0.715585,-0.631641
3732,1,0.00450209,-0.749135,-0.288078,1,1,1,4.4334,-0.773181,-0.767014,0.00178232,-0.683803,-0.80083
3733,1,0.00075394,-0.749976,-0.0482519,1,1,1,4.42889,-0.745256,-0.748904,0.00182827,-0.855424,-0.699316
3734,1,-0.00302892,-0.749608,0.193834,1,1,1,4.42582,-0.804597,-0.760622,0.00182338,-0.690044,-0.80083
3735,1,-0.00674252,-0.748058,0.431335,1,1,1,4.42112,-0.651008,-0.758491,0.00194423,-0.646263,-0.654199
3736,1,-0.010477,-0.745304,0.669825,1,1,1,4.41854,-0.726057,-0.742512,0.00202667,-0.744497,-0.733154
3737,1,-0.0141941,-0.741362,0.906659,1,1,1,4.41374,-0.755728,-0.771275,0.00207341,-0.340736,-0.530127
3738,1,-0.0178858,-0.736246,1.14114,1,1,1,4.41087,-0.745256,-0.748904,0.00217087,-0.47814,-0.417334
3739,1,-0.0215555,-0.729952,1.37326,1,1,1,4.40636,-0.698132,-0.740381,0.0022345,-0.453303,-0.360938
3740,1,-0.0251859,-0.722516,1.60173,1,1,1,4.40368,-0.706858,-0.741447,0.00230607,-0.308081,-0.451172
3741,1,-0.0287754,-0.713949,1.82622,1,1,1,4.39907,-0.752237,-0.724402,0.0023684,-0.349649,-0.383496
3742,1,-0.0323238,-0.704259,2.04652,1,1,1,4.39648,-0.600393,-0.706292,0.00242689,-0.389676,-0.417334
3743,1,-0.0358181,-0.693488,2.26155,1,1,1,4.39255,-0.71384,-0.705227,0.00252693,-0.22412,-0.236865
3744,1,-0.0392545,-0.681661,2.47086,1,1,1,4.39006,-0.574213,-0.674333,0.00258135,-0.379977,-0.31582
3745,1,-0.0426313,-0.668795,2.67408,1,1,1,4.38651,-0.680678,-0.660484,0.00262185,-0.338017,-0.169189
3746,1,-0.0459405,-0.654933,2.87046,1,1,1,4.38345,-0.778417,-0.654092,0.00257721,-0.213731,-0.259424
3747,1,-0.0491806,-0.640095,3.05963,1,1,1,4.37884,-0.736529,-0.62746,0.00250181,-0.30469,-0.112793
3748,1,-0.0523399,-0.624351,3.24059,1,1,1,4.37626,-0.610865,-0.614676,0.00245284,-0.229592,-0.259424
3749,1,-0.0554207,-0.607712,3.41317,1,1,1,4.37261,-0.624828,-0.610415,0.00247678,-0.0410975,0
3750,1,-0.0584158,-0.590234,3.57663,1,1,1,4.37031,-0.568977,-0.605089,0.00250661,0.14593,-0.0338379
3751,1,-0.0613246,-0.571943,3.73058,1,1,1,4.36734,-0.464258,-0.590175,0.00251077,0.232995,0
3752,1,-0.0641362,-0.552933,3.87406,1,1,1,4.36561,-0.39619,-0.55715,0.00258081,0.137151,0.0451172
3753,1,-0.0668573,-0.533186,4.00702,1,1,1,4.36255,-0.621337,-0.53904,0.00259085,0.205352,0.0563965
3754,1,-0.0694656,-0.512899,4.12798,1,1,1,4.36024,-0.521853,-0.483645,0.00257613,-0.13474,0.0225586
3755,1,-0.0719781,-0.49198,4.23731,1,1,1,4.35727,-0.499164,-0.496428,0.00255797,0.281072,-0.0112793
3756,1,-0.0743846,-0.470547,4.33408,1,1,1,4.35535,-0.471239,-0.470861,0.00260196,0.288143,0.0112793
3757,1,-0.0766825,-0.448664,4.41771,1,1,1,4.35296,-0.383972,-0.44849,0.00264863,0.334569,0.191748
3758,1,-0.078872,-0.426376,4.48769,1,1,1,4.35114,-0.460767,-0.405878,0.00264161,0.154464,0.214307
3759,1,-0.0809462,-0.403808,4.54329,1,1,1,4.34874,-0.411898,-0.388833,0.00258788,0.251003,0.31582
3760,1,-0.0829081,-0.380985,4.58408,1,1,1,4.3473,-0.345575,-0.359005,0.00251553,0.205765,0.236865
3761,1,-0.0847555,-0.357996,4.60942,1,1,1,4.34538,-0.335103,-0.325981,0.00241938,0.122264,0.270703
3762,1,-0.086488,-0.334917,4.61876,1,1,1,4.34404,-0.335103,-0.314263,0.00227496,0.265622,0.248145
3763,1,-0.0881059,-0.311818,4.6115,1,1,1,4.34222,-0.277507,-0.278043,0.00208666,0.131072,0.0112793
3764,1,-0.0896065,-0.28883,4.5871,1,1,1,4.34097,-0.279253,-0.243953,0.00189871,0.0161675,0.112793
3765,1,-0.0909935,-0.265992,4.54494,1,1,1,4.33982,-0.185005,-0.227974,0.00164303,0.0855859,0.0225586
3766,1,-0.0922669,-0.24341,4.48446,1,1,1,4.33896,-0.204204,-0.183231,0.00139604,-0.165578,0.101514
3767,1,-0.0934283,-0.221176,4.40509,1,1,1,4.33791,-0.176278,-0.158729,0.00112906,-0.204975,0.0563965
3768,1,-0.09448,-0.199378,4.3062,1,1,1,4.33723,-0.158825,-0.111856,0.000782173,-0.510721,0
3769,1,-0.095423,-0.178149,4.18739,1,1,1,4.33637,-0.141372,-0.119313,0.000508676,-0.218668,-0.0338379
3770,1,-0.096262,-0.157553,4.0479,1,1,1,4.33589,-0.0942478,-0.101203,0.000197594,-0.224022,-0.0676758
3771,1,-0.0970002,-0.137693,3.88709,1,1,1,4.33541,-0.0872665,-0.0830932,-0.000128386,-0.244438,-0.101514
3772,1,-0.0976404,-0.118718,3.70475,1,1,1,4.33503,-0.0994838,-0.0308936,-0.000489726,-0.658966,-0.180469
3773,1,-0.0981885,-0.100697,3.49993,1,1,1,4.33426,-0.197222,-0.039416,-0.000850428,-0.421963,-0.372217
3774,1,-0.0986492,-0.0837576,3.27221,1,1,1,4.33311,-0.251327,-0.0170448,-0.00116075,-0.533543,-0.406055
3775,1,-0.0990281,-0.0680142,3.02096,1,1,1,4.33292,0.0471239,-0.0223712,-0.00137622,-0.345013,-0.349658
3776,1,-0.0993317,-0.0535785,2.74546,1,1,1,4.33302,0,-0.0362201,-0.00151989,-0.0721683,-0.372217
3777,1,-0.0995663,-0.040599,2.44569,1,1,1,4.33282,0,-0.0149142,-0.0016458,-0.204302,-0.191748
3778,1,-0.0997402,-0.0291652,2.12025,1,1,1,4.33292,0,-0.00958767,-0.0017812,-0.185463,-0.248145
3779,1,-0.0998609,-0.0194354,1.76943,1,1,1,4.33273,0,0.00426119,-0.00196489,-0.292588,-0.383496
3780,1,-0.0999375,-0.0115216,1.39211,1,1,1,4.33273,-0.0122173,0.0276977,-0.00210063,-0.52419,-0.304541
3781,1,-0.0999794,-0.00556083,0.987798,1,1,1,4.33263,0,0.00958767,-0.0021942,-0.321245,-0.349658
3782,1,-0.0999966,-0.00168991,0.555932,1,1,1,4.33273,0.00523599,0.01811,-0.00228111,-0.440492,-0.451172
3783,1,-0.1,-4.83242e-05,0.0959363,1,1,1,4.33273,0,0.0149142,-0.0023472,-0.45917,-0.372217
3784,1,-0.1,-0,-0,1,1,1,4.33273,0,-0.00319589,-0.00237855,-0.280119,-0.360938
3785,1,-0.1,-0,-0,1,1,1,4.33273,0,0.0010653,-0.0024092,-0.334502,-0.462451
3786,1,-0.1,-0,-0,1,1,1,4.33273,0,-0.00532648,-0.00239709,-0.265493,-0.281982
3787,1,-0.1,-0,-0,1,1,1,4.33273,0,-0.00319589,-0.00237993,-0.288972,-0.304541
3788,1,-0.1,-0,-0,1,1,1,4.33282,0.00872665,0.00958767,-0.00236919,-0.43075,-0.259424
3789,1,-0.1,-0,-0,1,1,1,4.33273,-0.0226893,0.00639178,-0.002376,-0.399296,-0.372217
3790,1,-0.1,-0,-0,1,1,1,4.33273,0,0.00958767,-0.00236752,-0.436028,-0.372217
3791,1,-0.1,-0,-0,1,1,1,4.33273,0,0.00852238,-0.00233575,-0.422348,-0.338379
3792,1,-0.1,-0,-0,1,1,1,4.33273,0.015708,0.00426119,-0.00234757,-0.380105,-0.372217
3793,1,-0.1,-0,-0,1,1,1,4.33273,0,0.00958767,-0.00236086,-0.443508,-0.31582
3794,1,-0.1,-0,-0,1,1,1,4.33273,0,-0.00852238,-0.00235216,-0.246121,-0.270703
3795,1,-0.1,-0,-0,1,1,1,4.33273,0,1.56553e-18,-0.00237079,-0.34548,-0.304541
3796,1,-0.1,-0,-0,1,1,1,4.33273,0,0.0159795,-0.00237713,-0.524745,-0.417334
3797,1,-0.1,-0,-0,1,1,1,4.33273,-0.00872665,-0.0202406,-0.00237873,-0.129822,-0.281982
3798,1,-0.1,-0,-0,1,1,1,4.33273,0.00872665,-0.00639178,-0.00234998,-0.280367,-0.225586
3799,1,-0.1,-0,-0,1,1,1,4.33273,0,0.0127836,-0.00235202,-0.494367,-0.394775
3800,1,-0.1,-0,-0,1,1,1,4.33273,0.010472,0.00745708,-0.00238762,-0.444011,-0.349658
3801,1,-0.1,-0,-0,1,1,1,4.33273,-0.00349066,-2.60922e-19,-0.00239493,-0.365914,-0.3271
3802,1,-0.1,-0,-0,1,1,1,4.33273,-0.0174533,-0.00319589,-0.00239101,-0.33318,-0.406055
3803,1,-0.1,-0,-0,1,1,1,4.33273,0.0174533,-0.00958767,-0.00235197,-0.259841,-0.191748
3804,1,-0.1,-0,-0,1,1,1,4.33282,0,0.00639178,-0.00233813,-0.436081,-0.214307
3805,1,-0.1,-0,-0,1,1,1,4.33273,-0.015708,0.00213059,-0.00232616,-0.39045,-0.3271
3806,1,-0.1,-0,-0,1,1,1,4.33273,0,0.0159795,-0.00236713,-0.551659,-0.428613
3807,1,-0.1,-0,-0,1,1,1,4.33263,-0.00872665,-0.00426119,-0.00236979,-0.332619,-0.417334
3808,1,-0.1,-0,-0,1,1,1,4.33273,0.0226893,0.0191753,-0.00234797,-0.589658,-0.270703
3809,1,-0.1,-0,-0,1,1,1,4.33263,-0.0436332,-0.00639178,-0.00237117,-0.315065,-0.349658
3810,1,-0.1,-0,-0,1,1,1,4.33273,0.0244346,-0.010653,-0.00236075,-0.26946,-0.372217
3811,1,-0.1,-0,-0,1,1,1,4.33273,0,0.00532648,-0.0023626,-0.44806,-0.417334
3812,1,-0.1,-0,-0,1,1,1,4.33273,0,0.00852238,-0.00241476,-0.493917,-0.417334
3813,1,-0.1,-0,-0,1,1,1,4.33263,0,0.00639178,-0.00237036,-0.467048,-0.383496
3814,1,-0.1,-0,-0,1,1,1,4.33273,0.00523599,0.00213059,-0.00238014,-0.424774,-0.48501
3815,1,-0.1,-0,-0,1,1,1,4.33263,0.00872665,-0.00213059,-0.00239844,-0.383956,-0.417334
3816,1,-0.1,-0,-0,1,1,1,4.33263,0,0.01811,-0.00239962,-0.608977,-0.3271
3817,1,-0.1,-0,-0,1,1,1,4.33263,-0.0296706,0.00532648,-0.00237693,-0.468011,-0.372217
3818,1,-0.1,-0,-0,1,1,1,4.33273,0.0226893,-0.00426119,-0.00237287,-0.364903,-0.372217
3819,1,-0.1,-0,-0,1,1,1,4.33263,-0.00872665,-0.0223712,-0.00234716,-0.163742,-0.496289
3820,1,-0.1,-0,-0,1,1,1,4.33263,0,0.00319589,-0.00237615,-0.448806,-0.552686
3821,1,-0.1,-0,-0,1,1,1,4.33263,0.0261799,0.0010653,-0.00236649,-0.424095,-0.248145
3822,1,-0.1,-0,-0,1,1,1,4.33263,-0.0244346,0.00532648,-0.00234869,-0.468619,-0.3271
3823,1,-0.1,-0,-0,1,1,1,4.33263,0,-0.00213059,-0.00235295,-0.387153,-0.406055
3824,1,-0.1,-0,-0,1,1,1,4.33263,0,0.00213059,-0.00234067,-0.432405,-0.3271
3825,1,-0.1,-0,-0,1,1,1,4.33263,-0.00872665,-0.0191753,-0.00231591,-0.194771,-0.31582
3826,1,-0.1,-0,-0,1,1,1,4.33273,0.00174533,-0.00532648,-0.00233975,-0.350255,-0.338379
3827,1,-0.1,-0,-0,1,1,1,4.33263,0.00349066,0.00639178,-0.00235893,-0.481689,-0.439893
3828,1,-0.1,-0,-0,1,1,1,4.33263,-0.0174533,-0.00213059,-0.00237083,-0.389513,-0.48501
3829,1,-0.1,-0,-0,1,1,1,4.33263,0.010472,-0.00639178,-0.00239048,-0.345234,-0.406055
3830,1,-0.1,-0,-0,1,1,1,4.33263,-0.020944,0.0149142,-0.00240638,-0.581698,-0.47373
3831,1,-0.1,-0,-0,1,1,1,4.33263,0,-0.00319589,-0.00242741,-0.385264,-0.451172
3832,1,-0.1,-0,-0,1,1,1,4.33263,0.0279253,0.0127836,-0.00239175,-0.556331,-0.236865
3833,1,-0.1,-0,-0,1,1,1,4.33263,-0.0506145,0.00426119,-0.00239526,-0.463047,-0.360938
3834,1,-0.1,-0,-0,1,1,1,4.33263,0,0.00319589,-0.00240801,-0.453012,-0.47373
3835,1,-0.1,-0,-0,1,1,1,4.33263,0,0.0127836,-0.00243667,-0.56226,-0.518848
3836,1,-0.1,-0,-0,1,1,1,4.33263,0.00349066,0.0117183,-0.00242458,-0.548946,-0.507568
3837,1,-0.1,-0,-0,1,1,1,4.33263,-0.010472,-0.00426119,-0.00242698,-0.373489,-0.451172
3838,1,-0.1,-0,-0,1,1,1,4.33254,0,0.0010653,-0.00241922,-0.431055,-0.428613
3839,1,-0.1,-0,-0,1,1,1,4.33263,0,0.010653,-0.00244714,-0.540205,-0.439893
3840,1,-0.1,-0,-0,1,1,1,4.33263,0,0.0149142,-0.00250263,-0.594403,-0.597803
3841,1,-0.1,-0,-0,1,1,1,4.33254,0,-0.010653,-0.00252146,-0.31565,-0.507568
3842,1,-0.1,-0,-0,1,1,1,4.33254,0,-0.0117183,-0.00251703,-0.303347,-0.439893
3843,1,-0.1,-0,-0,1,1,1,4.33263,0.00872665,0.0010653,-0.00250162,-0.441932,-0.372217
3844,1,-0.1,-0,-0,1,1,1,4.33263,0,-0.00745708,-0.00249982,-0.347948,-0.417334
3845,1,-0.1,-0,-0,1,1,1,4.33263,0,6.52306e-20,-0.00251461,-0.431929,-0.530127
3846,1,-0.1,-0,-0,1,1,1,4.33254,0,0.0127836,-0.00255016,-0.57724,-0.496289
3847,1,-0.1,-0,-0,1,1,1,4.33254,0,0.00426119,-0.00254099,-0.482284,-0.372217
3848,1,-0.1,-0,-0,1,1,1,4.33263,0,-0.00213059,-0.00255994,-0.414476,-0.48501
3849,1,-0.1,-0,-0,1,1,1,4.33263,0.0174533,0.0202406,-0.00260487,-0.66649,-0.496289
3850,1,-0.1,-0,-0,1,1,1,4.33254,-0.00174533,-0.00639178,-0.00259903,-0.372762,-0.48501
3851,1,-0.1,-0,-0,1,1,1,4.33263,0.020944,-0.00319589,-0.00258391,-0.405921,-0.3271
3852,1,-0.1,-0,-0,1,1,1,4.33263,-0.0191986,0.00319589,-0.00260724,-0.47931,-0.541406
3853,1,-0.1,-0,-0,1,1,1,4.33254,0.0191986,-0.0138489,-0.00260785,-0.291899,-0.451172
3854,1,-0.1,-0,-0,1,1,1,4.33254,0,0.00426119,-0.00261837,-0.492497,-0.462451
3855,1,-0.1,-0,-0,1,1,1,4.33254,0,-0.00852238,-0.0026626,-0.357717,-0.496289
3856,1,-0.1,-0,-0,1,1,1,4.33254,-0.00872665,-0.00745708,-0.00263454,-0.365731,-0.462451
3857,1,-0.1,-0,-0,1,1,1,4.33263,0,-0.00213059,-0.00265242,-0.426683,-0.451172
3858,1,-0.1,-0,-0,1,1,1,4.33254,-0.0139626,0.0010653,-0.00261334,-0.456679,-0.439893
3859,1,-0.1,-0,-0,1,1,1,4.33263,-0.0244346,-0.0159795,-0.00260635,-0.268264,-0.541406
3860,1,-0.1,-0,-0,1,1,1,4.33254,0.0191986,0.00639178,-0.00261894,-0.51601,-0.451172
3861,1,-0.1,-0,-0,1,1,1,4.33254,-0.0226893,0.0170448,-0.00263522,-0.635342,-0.462451
3862,1,-0.1,-0,-0,1,1,1,4.33254,0,0.00958767,-0.00264312,-0.554356,-0.439893
3863,1,-0.1,-0,-0,1,1,1,4.33254,0,-0.01811,-0.00262056,-0.246703,-0.383496
3864,1,-0.1,-0,-0,1,1,1,4.33263,0.00349066,-0.0138489,-0.00264339,-0.296591,-0.518848
3865,1,-0.1,-0,-0,1,1,1,4.33263,0.0296706,0.00532648,-0.0026791,-0.512233,-0.507568
3866,1,-0.1,-0,-0,1,1,1,4.33254,0,0.0010653,-0.00270639,-0.468961,-0.48501
3867,1,-0.1,-0,-0,1,1,1,4.33254,0,0.00639178,-0.00274732,-0.532956,-0.47373
3868,1,-0.1,-0,-0,1,1,1,4.33254,-0.0174533,0.0010653,-0.00276505,-0.476705,-0.496289
3869,1,-0.1,-0,-0,1,1,1,4.33254,0,-0.0117183,-0.00274219,-0.333068,-0.394775
3870,1,-0.1,-0,-0,1,1,1,4.33254,0,-0.0298283,-0.00273327,-0.13268,-0.451172
3871,1,-0.1,-0,-0,1,1,1,4.33263,0.0366519,0.00426119,-0.00275192,-0.510126,-0.541406
3872,1,-0.1,-0,-0,1,1,1,4.33254,-0.0139626,0.0010653,-0.00278563,-0.479422,-0.462451
3873,1,-0.1,-0,-0,1,1,1,4.33254,0,3.26153e-19,-0.00281908,-0.472119,-0.586523
3874,1,-0.1,-0,-0,1,1,1,4.33254,0,0.00426119,-0.00283775,-0.521456,-0.47373
3875,1,-0.1,-0,-0,1,1,1,4.33254,-0.00872665,0.00639178,-0.00283773,-0.544891,-0.507568
3876,1,-0.1,-0,-0,1,1,1,4.33254,0,-0.0245018,-0.00279377,-0.199258,-0.349658
3877,1,-0.1,-0,-0,1,1,1,4.33263,0,0.010653,-0.00283494,-0.591395,-0.586523
3878,1,-0.1,-0,-0,1,1,1,4.33244,-0.0279253,0.0127836,-0.00285369,-0.617306,-0.665479
3879,1,-0.1,-0,-0,1,1,1,4.33254,0,-8.47998e-19,-0.00284859,-0.476014,-0.541406
3880,1,-0.1,-0,-0,1,1,1,4.33254,0.0471239,-3.26153e-19,-0.00283188,-0.473808,-0.417334
3881,1,-0.1,-0,-0,1,1,1,4.33254,-0.0349066,0.0213059,-0.00283748,-0.708912,-0.518848
3882,1,-0.1,-0,-0,1,1,1,4.33244,0,-0.0010653,-0.00284775,-0.464185,-0.417334
3883,1,-0.1,-0,-0,1,1,1,4.33244,-0.0226893,-0.0234365,-0.00285283,-0.218772,-0.64292
3884,1,-0.1,-0,-0,1,1,1,4.33244,0.0366519,-0.00745708,-0.00286146,-0.395684,-0.428613
3885,1,-0.1,-0,-0,1,1,1,4.33244,0,0.00213059,-0.00285,-0.499637,-0.31582
3886,1,-0.1,-0,-0,1,1,1,4.33254,-0.0331613,0.0010653,-0.00283401,-0.485807,-0.406055
3887,1,-0.1,-0,-0,1,1,1,4.33244,0,0.0223712,-0.00286871,-0.724753,-0.496289
3888,1,-0.1,-0,-0,1,1,1,4.33244,-0.00523599,0.00426119,-0.00286904,-0.525587,-0.631641
3889,1,-0.1,-0,-0,1,1,1,4.33244,0,-0.00532648,-0.00287505,-0.420916,-0.496289
3890,1,-0.1,-0,-0,1,1,1,4.33244,0,-0.0010653,-0.00283763,-0.462849,-0.552686
3891,1,-0.1,-0,-0,1,1,1,4.33254,0,-0.0010653,-0.00280416,-0.458431,-0.462451
3892,1,-0.1,-0,-0,1,1,1,4.33244,0,0.0255671,-0.00280879,-0.751998,-0.507568
3893,1,-0.1,-0,-0,1,1,1,4.33244,-0.0471239,0.00958767,-0.00280977,-0.576354,-0.48501
3894,1,-0.1,-0,-0,1,1,1,4.33254,0.0349066,-0.010653,-0.00284582,-0.358465,-0.530127
3895,1,-0.1,-0,-0,1,1,1,4.33244,0.00872665,0.00319589,-0.00289078,-0.516738,-0.665479
3896,1,-0.1,-0,-0,1,1,1,4.33235,-0.0174533,-0.00319589,-0.00286688,-0.443274,-0.530127
3897,1,-0.1,-0,-0,1,1,1,4.33254,0,0.0127836,-0.00285373,-0.617312,-0.360938
3898,1,-0.1,-0,-0,1,1,1,4.33244,-0.020944,0.00852238,-0.00284535,-0.569332,-0.507568
3899,1,-0.1,-0,-0,1,1,1,4.33244,0,0.0170448,-0.00286114,-0.665162,-0.47373
3900,1,-0.1,-0,-0,1,1,1,4.33244,0,-0.00958767,-0.00285607,-0.371537,-0.586523
3901,1,-0.1,-0,-0,1,1,1,4.33244,0.0244346,0.0159795,-0.00287965,-0.655888,-0.496289
3902,1,-0.1,-0,-0,1,1,1,4.33244,-0.0349066,0.0191753,-0.00293936,-0.698924,-0.64292
3903,1,-0.1,-0,-0,1,1,1,4.33235,0,-0.00958767,-0.00293382,-0.3818,-0.597803
3904,1,-0.1,-0,-0,1,1,1,4.33244,0.0244346,8.47998e-19,-0.00294085,-0.488192,-0.462451
3905,1,-0.1,-0,-0,1,1,1,4.33235,-0.00349066,-0.0149142,-0.00290854,-0.319872,-0.507568
3906,1,-0.1,-0,-0,1,1,1,4.33244,0.00872665,-0.0010653,-0.00293046,-0.475102,-0.541406
3907,1,-0.1,-0,-0,1,1,1,4.33244,0.010472,2.3483e-18,-0.0029468,-0.488978,-0.428613
3908,1,-0.1,-0,-0,1,1,1,4.33244,-0.0244346,-0.00426119,-0.00293191,-0.440139,-0.462451
3909,1,-0.1,-0,-0,1,1,1,4.33244,0.00872665,-0.0213059,-0.00295812,-0.256106,-0.586523
3910,1,-0.1,-0,-0,1,1,1,4.33235,0,0.0149142,-0.00299201,-0.659002,-0.518848
3911,1,-0.1,-0,-0,1,1,1,4.33235,-0.0296706,-0.00213059,-0.0030077,-0.47358,-0.530127
3912,1,-0.1,-0,-0,1,1,1,4.33235,0,0.00213059,-0.00303691,-0.524308,-0.620361
3913,1,-0.1,-0,-0,1,1,1,4.33235,0.00698132,-0.00319589,-0.00303685,-0.465709,-0.541406
3914,1,-0.1,-0,-0,1,1,1,4.33235,-0.00872665,0.0117183,-0.00305427,-0.632064,-0.609082
3915,1,-0.1,-0,-0,1,1,1,4.33235,0,0.00426119,-0.00310005,-0.55608,-0.48501
3916,1,-0.1,-0,-0,1,1,1,4.33235,-0.0261799,0.00426119,-0.00311533,-0.558096,-0.541406
3917,1,-0.1,-0,-0,1,1,1,4.33235,0,-0.00639178,-0.00314277,-0.444536,-0.620361
3918,1,-0.1,-0,-0,1,1,1,4.33235,0,0.00532648,-0.00314166,-0.57329,-0.597803
3919,1,-0.1,-0,-0,1,1,1,4.33235,0,0.00639178,-0.00315972,-0.587393,-0.575244
3920,1,-0.1,-0,-0,1,1,1,4.33235,0,0.0223712,-0.00319967,-0.76844,-0.699316
3921,1,-0.1,-0,-0,1,1,1,4.33235,0,0.00639178,-0.00319713,-0.592331,-0.439893
3922,1,-0.1,-0,-0,1,1,1,4.33244,0.010472,-0.00213059,-0.00320421,-0.499519,-0.575244
3923,1,-0.1,-0,-0,1,1,1,4.33235,0,0.00639178,-0.00320895,-0.593892,-0.620361
3924,1,-0.1,-0,-0,1,1,1,4.33235,0.0279253,-1.89169e-18,-0.00319933,-0.522312,-0.597803
3925,1,-0.1,-0,-0,1,1,1,4.33235,0,-1.10892e-18,-0.00321922,-0.524938,-0.620361
3926,1,-0.1,-0,-0,1,1,1,4.33225,0,-0.0117183,-0.00322198,-0.3964,-0.654199
3927,1,-0.1,-0,-0,1,1,1,4.33235,0,-0.010653,-0.00324908,-0.411696,-0.654199
3928,1,-0.1,-0,-0,1,1,1,4.33225,-0.0122173,0.00745708,-0.00324306,-0.610112,-0.48501
3929,1,-0.1,-0,-0,1,1,1,4.33225,-0.0279253,0.0117183,-0.00325499,-0.658559,-0.507568
3930,1,-0.1,-0,-0,1,1,1,4.33225,0,-0.00213059,-0.00324363,-0.504723,-0.64292
3931,1,-0.1,-0,-0,1,1,1,4.33235,0,-0.00426119,-0.00321693,-0.477761,-0.439893
3932,1,-0.1,-0,-0,1,1,1,4.33235,0,0.0245018,-0.00323016,-0.795901,-0.360938
3933,1,-0.1,-0,-0,1,1,1,4.33225,-0.0244346,0.0127836,-0.00323141,-0.667166,-0.439893
3934,1,-0.1,-0,-0,1,1,1,4.33235,0.0191986,0.0010653,-0.00320561,-0.534858,-0.417334
3935,1,-0.1,-0,-0,1,1,1,4.33225,-0.00523599,-0.0202406,-0.00323338,-0.30416,-0.541406
3936,1,-0.1,-0,-0,1,1,1,4.33225,0.0122173,-0.010653,-0.00320316,-0.405635,-0.360938
3937,1,-0.1,-0,-0,1,1,1,4.33235,-0.00698132,-0.0127836,-0.00319122,-0.380622,-0.563965
3938,1,-0.1,-0,-0,1,1,1,4.33225,0,0.00319589,-0.0031807,-0.555007,-0.48501
3939,1,-0.1,-0,-0,1,1,1,4.33225,-0.00872665,-0.01811,-0.00315194,-0.316845,-0.48501
3940,1,-0.1,-0,-0,1,1,1,4.33235,0.00872665,0.00426119,-0.00316629,-0.564823,-0.417334
3941,1,-0.1,-0,-0,1,1,1,4.33225,-0.00349066,0.00639178,-0.00316685,-0.588334,-0.609082
3942,1,-0.1,-0,-0,1,1,1,4.33235,0.0401426,-0.00852238,-0.00317652,-0.425554,-0.439893
3943,1,-0.1,-0,-0,1,1,1,4.33225,0,-0.0127836,-0.00318124,-0.379305,-0.48501
3944,1,-0.1,-0,-0,1,1,1,4.33225,-0.0244346,0.00852238,-0.00316985,-0.612167,-0.439893
3945,1,-0.1,-0,-0,1,1,1,4.33225,-0.0226893,-0.00852238,-0.0031894,-0.427254,-0.654199
3946,1,-0.1,-0,-0,1,1,1,4.33225,0,-0.00532648,-0.00321161,-0.465341,-0.530127
3947,1,-0.1,-0,-0,1,1,1,4.33225,0,0.00639178,-0.00322508,-0.59602,-0.597803
3948,1,-0.1,-0,-0,1,1,1,4.33225,0,-0.0117183,-0.00323855,-0.398588,-0.710596
3949,1,-0.1,-0,-0,1,1,1,4.33225,0.015708,1.56553e-18,-0.00327076,-0.531741,-0.721875
3950,1,-0.1,-0,-0,1,1,1,4.33215,0,-0.00958767,-0.00324717,-0.423163,-0.552686
3951,1,-0.1,-0,-0,1,1,1,4.33225,0,-0.010653,-0.00324802,-0.411556,-0.518848
3952,1,-0.1,-0,-0,1,1,1,4.33225,0,0.0010653,-0.00324886,-0.540567,-0.496289
3953,1,-0.1,-0,-0,1,1,1,4.33225,0,-0.0170448,-0.00325374,-0.342002,-0.597803
3954,1,-0.1,-0,-0,1,1,1,4.33225,0,-0.00319589,-0.0032383,-0.492301,-0.552686
3955,1,-0.1,-0,-0,1,1,1,4.33225,0,0.00213059,-0.00324928,-0.552342,-0.541406
3956,1,-0.1,-0,-0,1,1,1,4.33215,-0.00872665,-0.00639178,-0.00324015,-0.45739,-0.541406
3957,1,-0.1,-0,-0,1,1,1,4.33225,0,-0.00745708,-0.00321507,-0.442361,-0.586523
3958,1,-0.1,-0,-0,1,1,1,4.33225,0.0244346,0.00532648,-0.00321458,-0.582916,-0.428613
3959,1,-0.1,-0,-0,1,1,1,4.33215,-0.015708,-0.00213059,-0.00320434,-0.499536,-0.563965
3960,1,-0.1,-0,-0,1,1,1,4.33215,0,0.00852238,-0.00322897,-0.61997,-0.609082
3961,1,-0.1,-0,-0,1,1,1,4.33225,0,0.00319589,-0.00318013,-0.554931,-0.428613
3962,1,-0.1,-0,-0,1,1,1,4.33225,0,0.00745708,-0.00321375,-0.606243,-0.518848
3963,1,-0.1,-0,-0,1,1,1,4.33215,0,0.0276977,-0.00322742,-0.830694,-0.518848
3964,1,-0.1,-0,-0,1,1,1,4.33215,-0.00174533,0.00852238,-0.003268,-0.625123,-0.64292
3965,1,-0.1,-0,-0,1,1,1,4.33215,0.0139626,0.0010653,-0.00326353,-0.542505,-0.406055
3966,1,-0.1,-0,-0,1,1,1,4.33225,-0.0139626,0.0159795,-0.00326498,-0.706752,-0.541406
3967,1,-0.1,-0,-0,1,1,1,4.33215,-0.00349066,-0.0149142,-0.0033019,-0.371796,-0.676758
3968,1,-0.1,-0,-0,1,1,1,4.33215,0.0244346,0.010653,-0.0032964,-0.652307,-0.541406
3969,1,-0.1,-0,-0,1,1,1,4.33206,-0.0296706,-0.0159795,-0.003315,-0.361806,-0.699316
3970,1,-0.1,-0,-0,1,1,1,4.33215,0.0331613,-0.0159795,-0.00331328,-0.361579,-0.530127
3971,1,-0.1,-0,-0,1,1,1,4.33215,0,0.0010653,-0.00326337,-0.542484,-0.417334
3972,1,-0.1,-0,-0,1,1,1,4.33215,-0.0366519,6.52306e-20,-0.00329267,-0.534633,-0.507568
3973,1,-0.1,-0,-0,1,1,1,4.33206,0,0.0170448,-0.00333899,-0.728238,-0.699316
3974,1,-0.1,-0,-0,1,1,1,4.33206,0,0.00745708,-0.00332838,-0.621373,-0.665479
3975,1,-0.1,-0,-0,1,1,1,4.33215,0,-0.0149142,-0.00333188,-0.375753,-0.541406
3976,1,-0.1,-0,-0,1,1,1,4.33215,0,0.00426119,-0.00334673,-0.588642,-0.597803
3977,1,-0.1,-0,-0,1,1,1,4.33206,0,0.00958767,-0.00337854,-0.651432,-0.563965
3978,1,-0.1,-0,-0,1,1,1,4.33206,0,-0.0170448,-0.00330673,-0.348997,-0.360938
3979,1,-0.1,-0,-0,1,1,1,4.33215,-0.00523599,-0.0159795,-0.0032898,-0.35848,-0.541406
3980,1,-0.1,-0,-0,1,1,1,4.33215,0,-0.00958767,-0.00333996,-0.43541,-0.597803
3981,1,-0.1,-0,-0,1,1,1,4.33206,0.0174533,-0.0149142,-0.00332423,-0.374742,-0.733154
3982,1,-0.1,-0,-0,1,1,1,4.33206,0,1.43507e-18,-0.00333128,-0.539728,-0.586523
3983,1,-0.1,-0,-0,1,1,1,4.33206,0,0.00532648,-0.00339612,-0.60688,-0.665479
3984,1,-0.0999995,0.000376822,0.187158,1,1,1,4.33206,0,0.00426119,-0.00341323,-0.567562,-0.64292
3985,1,-0.0999943,0.00187257,0.408734,1,1,1,4.33206,0,-0.0117183,-0.0034229,-0.344519,-0.541406
3986,1,-0.099979,0.00444108,0.616399,1,1,1,4.33206,0,0.0127836,-0.00341034,-0.55221,-0.428613
3987,1,-0.0999482,0.00801621,0.810581,1,1,1,4.33206,-0.0226893,0.00958767,-0.00340417,-0.445219,-0.462451
3988,1,-0.0998972,0.0125272,0.991364,1,1,1,4.33206,0,0.0138489,-0.00335517,-0.404636,-0.439893
3989,1,-0.0998215,0.0179084,1.1591,1,1,1,4.33215,0,0.0255671,-0.00329571,-0.435505,-0.31582
3990,1,-0.0997168,0.024097,1.31412,1,1,1,4.33215,0,0.01811,-0.00324576,-0.248254,-0.259424
3991,1,-0.0995793,0.0310303,1.45671,1,1,1,4.33225,0.0139626,0.00958767,-0.00311734,-0.0310124,-0.169189
3992,1,-0.0994055,0.0386377,1.58701,1,1,1,4.33235,0.0471239,-1.23938e-18,-0.00297378,0.206416,-0.146631
3993,1,-0.0991914,0.0468959,1.70586,1,1,1,4.33244,0,-0.00426119,-0.00277592,0.39986,0.0225586
3994,1,-0.0989359,0.0556736,1.81254,1,1,1,4.33254,0.0191986,0.0149142,-0.00255972,0.343726,0.0338379
3995,1,-0.0986344,0.0649811,1.90825,1,1,1,4.33263,0.0261799,0.01811,-0.00234843,0.467461,0.101514
3996,1,-0.098285,0.0747448,1.99298,1,1,1,4.33273,0.0174533,0.0213059,-0.00207169,0.605539,0.191748
3997,1,-0.097886,0.0849009,2.06696,1,1,1,4.3334,0.195477,0.00532648,-0.00176809,0.962584,0.507568
3998,1,-0.0974354,0.0953979,2.1305,1,1,1,4.33455,0.284489,0.00745708,-0.00138471,1.13607,0.812109
3999,1,-0.0969319,0.106181,2.18387,1,1,1,4.33513,-0.010472,0.0735055,-0.00117651,0.583087,0.778271
4000,1,-0.0963732,0.11722,2.22746,1,1,1,4.33503,0.0191986,0.0884196,-0.000983822,0.591753,0.755713
4001,1,-0.095759,0.128447,2.26145,1,1,1,4.3356,0.0855211,0.103334,-0.000821421,0.597082,0.699316
4002,1,-0.0950885,0.139819,2.28617,1,1,1,4.33608,0.132645,0.105464,-0.000656677,0.743934,0.721875
4003,1,-0.0943607,0.151294,2.3019,1,1,1,4.33685,0.127409,0.121444,-0.000510383,0.736302,0.721875
4004,1,-0.0935754,0.162824,2.30894,1,1,1,4.33743,0.127409,0.164056,-0.000449816,0.42244,0.530127
4005,1,-0.0927325,0.174368,2.30757,1,1,1,4.33819,0.144862,0.169382,-0.000351542,0.523336,0.654199
4006,1,-0.0918318,0.185886,2.29807,1,1,1,4.33896,0.198968,0.182166,-0.000278427,0.536996,0.676758
4007,1,-0.0908737,0.197336,2.28074,1,1,1,4.34002,0.13439,0.180035,-0.00024056,0.707215,0.631641
4008,1,-0.0898587,0.20868,2.25587,1,1,1,4.34069,0.171042,0.214125,-0.000226102,0.473454,0.541406
4009,1,-0.0887879,0.219875,2.22376,1,1,1,4.34184,0.216421,0.189623,-0.000100327,0.897658,0.64292
4010,1,-0.0876609,0.230898,2.18466,1,1,1,4.34308,0.314159,0.208798,-3.00878e-05,0.830719,0.597803
4011,1,-0.0864783,0.241719,2.13884,1,1,1,4.34414,0.197222,0.258867,4.33019e-06,0.415378,0.541406
4012,1,-0.0852434,0.252284,2.08667,1,1,1,4.345,0.202458,0.246084,2.01317e-06,0.680981,0.417334
4013,1,-0.083957,0.262567,2.02843,1,1,1,4.34663,0.333358,0.231169,9.72045e-05,0.98063,0.744434
4014,1,-0.0826191,0.272551,1.96434,1,1,1,4.34788,0.260054,0.257802,0.000183778,0.817971,0.845947
4015,1,-0.0812321,0.282201,1.89471,1,1,1,4.34912,0.253073,0.284434,0.000197654,0.639546,0.834668
4016,1,-0.0797976,0.29149,1.81983,1,1,1,4.35037,0.280998,0.291891,0.000223913,0.668506,0.688037
4017,1,-0.0783178,0.300391,1.74002,1,1,1,4.35219,0.284489,0.313197,0.000255175,0.540475,0.710596
4018,1,-0.0767933,0.308888,1.65546,1,1,1,4.35325,0.277507,0.308936,0.000278366,0.686403,0.710596
4019,1,-0.0752296,0.316939,1.56666,1,1,1,4.35516,0.321141,0.320654,0.000300155,0.650518,0.631641
4020,1,-0.0736246,0.324547,1.47363,1,1,1,4.35651,0.340339,0.313197,0.00033836,0.821615,0.766992
4021,1,-0.0719852,0.331669,1.37695,1,1,1,4.35842,0.335103,0.325981,0.000369126,0.762386,0.834668
4022,1,-0.07031,0.338305,1.27668,1,1,1,4.35967,0.29147,0.33983,0.000372188,0.680752,0.744434
4023,1,-0.0686027,0.344432,1.17317,1,1,1,4.36178,0.364774,0.370723,0.00034163,0.399924,0.721875
4024,1,-0.0668651,0.350036,1.06665,1,1,1,4.36312,0.314159,0.331307,0.00041415,0.899976,0.733154
4025,1,-0.0651023,0.355097,0.957582,1,1,1,4.36542,0.364774,0.354744,0.000366989,0.684449,0.609082
4026,1,-0.0633151,0.359608,0.846119,1,1,1,4.36657,0.303687,0.334503,0.000360197,0.947602,0.665479
4027,1,-0.0615083,0.363553,0.732679,1,1,1,4.36868,0.411898,0.353679,0.000359315,0.771593,0.563965
4028,1,-0.059682,0.366928,0.617383,1,1,1,4.37022,0.371755,0.367527,0.000365123,0.647818,0.699316
4029,1,-0.05784,0.369724,0.500569,1,1,1,4.37242,0.340339,0.353679,0.000391999,0.823979,0.755713
4030,1,-0.0559837,0.371934,0.382434,1,1,1,4.37376,0.340339,0.363266,0.000452166,0.739675,0.733154
4031,1,-0.0541216,0.373548,0.263611,1,1,1,4.37587,0.361283,0.352613,0.00050564,0.869643,0.755713
4032,1,-0.0522511,0.374567,0.144045,1,1,1,4.3775,0.410152,0.368593,0.000563127,0.700004,0.857227
4033,1,-0.0503756,0.374988,0.02404,1,1,1,4.3798,0.342085,0.366462,0.000631948,0.723564,0.913623
4034,1,-0.0485024,0.374809,-0.095838,1,1,1,4.38134,0.342085,0.372854,0.000594811,0.629844,0.530127
4035,1,-0.046629,0.374029,-0.215653,1,1,1,4.38316,0.354302,0.379246,0.000594483,0.533931,0.575244
4036,1,-0.0447629,0.372653,-0.33482,1,1,1,4.38469,0.397935,0.37818,0.000579637,0.510445,0.563965
4037,1,-0.0429032,0.370682,-0.453313,1,1,1,4.38699,0.349066,0.371789,0.00054497,0.535486,0.597803
4038,1,-0.0410555,0.36812,-0.570668,1,1,1,4.38872,0.429351,0.385637,0.000534584,0.33434,0.609082
4039,1,-0.0392242,0.36498,-0.686504,1,1,1,4.39064,0.26529,0.379246,0.000494963,0.344046,0.428613
4040,1,-0.0374082,0.36126,-0.800788,1,1,1,4.39207,0.401426,0.387768,0.000432139,0.178915,0.372217
4041,1,-0.0356123,0.356975,-0.913111,1,1,1,4.39428,0.280998,0.395225,0.000337789,0.0139046,0.383496
4042,1,-0.0338394,0.352133,-1.02318,1,1,1,4.39553,0.340339,0.35794,0.000262166,0.336829,0.3271
4043,1,-0.0320921,0.346748,-1.1307,1,1,1,4.39783,0.352557,0.348352,0.000229806,0.354999,0.225586
4044,1,-0.0303713,0.340825,-1.23552,1,1,1,4.39898,0.286234,0.35794,0.00017366,0.152599,0.259424
4045,1,-0.0286833,0.334393,-1.33711,1,1,1,4.4008,0.31765,0.334503,0.000228566,0.323926,0.372217
4046,1,-0.0270297,0.327466,-1.43524,1,1,1,4.40233,0.404916,0.335569,0.000226972,0.211736,0.304541
4047,1,-0.0254107,0.320052,-1.52976,1,1,1,4.40415,0.260054,0.296153,0.00030591,0.550659,0.462451
4048,1,-0.023829,0.31217,-1.62036,1,1,1,4.40531,0.305433,0.284434,0.000378926,0.579398,0.48501
4049,1,-0.0222897,0.303857,-1.70658,1,1,1,4.40713,0.305433,0.289761,0.000474631,0.419763,0.541406
4050,1,-0.020791,0.295111,-1.78837,1,1,1,4.40828,0.230383,0.30361,0.000496133,0.150533,0.360938
4051,1,-0.0193381,0.285974,-1.86527,1,1,1,4.40943,0.218166,0.282304,0.000532788,0.265313,0.428613
4052,1,-0.0179329,0.276474,-1.93698,1,1,1,4.41058,0.282743,0.268455,0.000603985,0.299727,0.338379
4053,1,-0.0165741,0.266613,-2.00338,1,1,1,4.4124,0.305433,0.248214,0.000718276,0.407226,0.48501
4054,1,-0.0152662,0.256441,-2.06404,1,1,1,4.41345,0.20944,0.224778,0.00078785,0.539883,0.462451
4055,1,-0.0140109,0.24599,-2.11866,1,1,1,4.4147,0.263545,0.216255,0.000907647,0.513808,0.270703
4056,1,-0.0128069,0.235266,-2.16707,1,1,1,4.41576,0.268781,0.217321,0.000980589,0.373142,0.518848
4057,1,-0.0116586,0.22433,-2.20886,1,1,1,4.41681,0.151844,0.219451,0.00100926,0.212276,0.394775
4058,1,-0.0105638,0.213186,-2.24385,1,1,1,4.41748,0.158825,0.205602,0.00101733,0.221654,0.248145
4059,1,-0.00952615,0.201896,-2.27166,1,1,1,4.41863,0.202458,0.180035,0.00107535,0.366902,0.259424
4060,1,-0.008545,0.190481,-2.29205,1,1,1,4.41949,0.195477,0.177905,0.00113052,0.254047,0.236865
4061,1,-0.00762138,0.178987,-2.30472,1,1,1,4.42036,0.139626,0.152337,0.00121177,0.40251,0.281982
4062,1,-0.00675522,0.167448,-2.30938,1,1,1,4.42093,0.153589,0.147011,0.00128118,0.327141,0.236865
4063,1,-0.0059472,0.155912,-2.30575,1,1,1,4.42189,0.150098,0.152337,0.00133236,0.133409,0.214307
4064,1,-0.00519684,0.144416,-2.29355,1,1,1,4.42227,0.0855211,0.112921,0.00140841,0.436634,0.281982
4065,1,-0.00450274,0.132987,-2.27245,1,1,1,4.42285,0.136136,0.0862891,0.00156366,0.613673,0.31582
4066,1,-0.00386613,0.121697,-2.24221,1,1,1,4.42352,0.150098,0.0852238,0.00173335,0.515107,0.47373
4067,1,-0.00328559,0.110583,-2.20252,1,1,1,4.424,0.0366519,0.0777667,0.00179003,0.473341,0.225586
4068,1,-0.00276035,0.099697,-2.15314,1,1,1,4.424,0.015708,0.0617872,0.00194821,0.545283,0.417334
4069,1,-0.00228851,0.0890749,-2.0937,1,1,1,4.42486,0.155334,0.0543301,0.00207294,0.523236,0.48501
4070,1,-0.00186903,0.0787764,-2.02395,1,1,1,4.42506,0.00349066,0.0511343,0.00222793,0.464329,0.631641
4071,1,-0.00150011,0.0688528,-1.9436,1,1,1,4.42525,0.0244346,0.0735055,0.00228568,0.115988,0.417334
4072,1,-0.0011798,0.059359,-1.85237,1,1,1,4.42534,0,0.0458078,0.00237101,0.328751,0.372217
4073,1,-0.000905556,0.050342,-1.74989,1,1,1,4.42563,0.0471239,0.0330242,0.00244976,0.384561,0.281982
4074,1,-0.000675409,0.0418784,-1.6361,1,1,1,4.42573,0.0174533,0.0319589,0.00253228,0.320385,0.293262
4075,1,-0.00048584,0.0340018,-1.51039,1,1,1,4.42582,0.0174533,0.00852238,0.0026622,0.518687,0.462451
4076,1,-0.000334144,0.0267886,-1.37272,1,1,1,4.42601,0.0453786,-0.00426119,0.00274992,0.603552,0.394775
4077,1,-0.000216822,0.0202993,-1.22284,1,1,1,4.42601,0.0279253,-0.00745708,0.00285842,0.597212,0.552686
4078,1,-0.000129943,0.014586,-1.06023,1,1,1,4.42611,0,-0.00319589,0.00297347,0.521428,0.654199
4079,1,-6.95538e-05,0.00971862,-0.884754,1,1,1,4.42601,-0.00872665,3.91384e-19,0.00306086,0.465386,0.518848
4080,1,-3.12464e-05,0.00576083,-0.696056,1,1,1,4.42611,0.00698132,-0.0159795,0.00309456,0.62521,0.383496
4081,1,-1.03149e-05,0.00278033,-0.493892,1,1,1,4.42601,0.0383972,0.00426119,0.00311394,0.398992,0.47373
4082,1,-1.69834e-06,0.000843815,-0.277783,1,1,1,4.42601,-0.0418879,-0.00213059,0.00314012,0.481437,0.518848
4083,1,-8.10899e-09,2.41688e-05,-0.0479747,1,1,1,4.42601,0.00698132,1.76123e-18,0.0030945,0.475474,0.394775
4084,1,0,0,0,1,1,1,4.42592,-0.0139626,-0.00639178,0.00314137,0.562543,0.575244
4085,1,0,0,0,1,1,1,4.42611,-0.00349066,0.00532648,0.00316705,0.441715,0.541406
4086,1,0,0,0,1,1,1,4.42601,0,0.0117183,0.00316944,0.375508,0.530127
4087,1,0,0,0,1,1,1,4.42592,-0.0331613,0.00639178,0.00312645,0.431334,0.394775
4088,1,0,0,0,1,1,1,4.42601,0.0314159,0.0138489,0.00309665,0.348651,0.518848
4089,1,0,0,0,1,1,1,4.42592,-0.00523599,0.00213059,0.00309232,0.480373,0.563965
4090,1,0,0,0,1,1,1,4.42611,0.0244346,-0.00213059,0.00309652,0.531782,0.462451
4091,1,0,0,0,1,1,1,4.42601,0,-0.00319589,0.00310181,0.544593,0.575244
4092,1,0,0,0,1,1,1,4.42601,0,0.00639178,0.00307102,0.435065,0.451172
4093,1,0,0,0,1,1,1,4.42601,0.0174533,0.0138489,0.00307247,0.353229,0.428613
4094,1,0,0,0,1,1,1,4.42601,-0.00872665,-0.0127836,0.0030563,0.644051,0.47373
4095,1,0,0,0,1,1,1,4.42601,0.00872665,-0.0010653,0.00302881,0.511521,0.428613
4096,1,0,0,0,1,1,1,4.42592,-0.010472,0.00532648,0.0030008,0.437515,0.462451
4097,1,0,0,0,1,1,1,4.42601,0.015708,-0.00639178,0.00303128,0.570439,0.563965
4098,1,0,0,0,1,1,1,4.42601,0,-0.0010653,0.00301157,0.509245,0.462451
4099,1,0,0,0,1,1,1,4.42601,0.0174533,0.00639178,0.00297186,0.421976,0.428613
4100,1,0,0,0,1,1,1,4.42601,0,0.0223712,0.00291634,0.238874,0.406055
4101,1,0,0,0,1,1,1,4.42592,-0.0139626,-0.00213059,0.00292977,0.510166,0.439893
4102,1,0,0,0,1,1,1,4.42601,0.0261799,-0.0138489,0.00295445,0.642324,0.496289
4103,1,0,0,0,1,1,1,4.42601,0,-0.00213059,0.00298835,0.517899,0.439893
4104,1,0,0,0,1,1,1,4.42601,0.0244346,0.00958767,0.00294784,0.38365,0.552686
4105,1,0,0,0,1,1,1,4.42592,-0.00174533,-0.010653,0.00295603,0.607379,0.48501
4106,1,0,0,0,1,1,1,4.42601,0.0174533,0.0191753,0.00295341,0.278921,0.47373
4107,1,0,0,0,1,1,1,4.42601,-0.0314159,0.0319589,0.00289055,0.130004,0.563965
4108,1,0,0,0,1,1,1,4.42592,-0.0226893,0.00426119,0.00289089,0.434724,0.383496
4109,1,0,0,0,1,1,1,4.42601,0,-0.00852238,0.00288292,0.574291,0.462451
4110,1,0,0,0,1,1,1,4.42601,0,1.30461e-19,0.00289165,0.481698,0.552686
4111,1,0,0,0,1,1,1,4.42601,-0.0139626,0.0159795,0.0028732,0.303489,0.47373
4112,1,0,0,0,1,1,1,4.42592,0,0.0223712,0.00285527,0.230812,0.383496
4113,1,0,0,0,1,1,1,4.42601,-0.020944,0.00745708,0.00285112,0.39432,0.507568
4114,1,0,0,0,1,1,1,4.42592,-0.00349066,-0.00213059,0.00285355,0.500105,0.417334
4115,1,0,0,0,1,1,1,4.42601,0,0.00745708,0.00285619,0.394989,0.575244
4116,1,0,0,0,1,1,1,4.42601,0,1.30461e-19,0.00282319,0.472661,0.439893
4117,1,0,0,0,1,1,1,4.42592,0,0.00319589,0.00281477,0.436395,0.383496
4118,1,0,0,0,1,1,1,4.42601,0.0122173,-0.00319589,0.0028118,0.506312,0.47373
4119,1,0,0,0,1,1,1,4.42592,0,0.00532648,0.00280671,0.411894,0.451172
4120,1,0,0,0,1,1,1,4.42601,0,0.00639178,0.00279981,0.399265,0.417334
4121,1,0,0,0,1,1,1,4.42601,0,-0.00213059,0.00281754,0.495352,0.47373
4122,1,0,0,0,1,1,1,4.42601,0.00174533,-0.00319589,0.00280912,0.505958,0.620361
4123,1,0,0,0,1,1,1,4.42592,0,-0.010653,0.00280673,0.587671,0.360938
4124,1,0,0,0,1,1,1,4.42601,0.0296706,0.010653,0.00273677,0.344071,0.3271
4125,1,0,0,0,1,1,1,4.42592,0,-0.00532648,0.00275235,0.521901,0.349658
4126,1,0,0,0,1,1,1,4.42601,0.0331613,-0.0202406,0.00275254,0.685982,0.451172
4127,1,0,0,0,1,1,1,4.42601,0.0296706,0.00745708,0.00276955,0.383553,0.518848
4128,1,0,0,0,1,1,1,4.42601,-0.0558505,0.00319589,0.00275463,0.428456,0.530127
4129,1,0,0,0,1,1,1,4.42601,0.0366519,0.0010653,0.00275808,0.452349,0.609082
4130,1,0,0,0,1,1,1,4.42601,-0.00872665,0.00532648,0.00275233,0.404716,0.575244
4131,1,0,0,0,1,1,1,4.42592,0,0.0266324,0.00274594,0.169508,0.428613
4132,1,0,0,0,1,1,1,4.42601,0.0174533,-0.00532648,0.00271866,0.517454,0.417334
4133,1,0,0,0,1,1,1,4.42601,0,-0.00745708,0.00271248,0.540075,0.552686
4134,1,0,0,0,1,1,1,4.42601,-0.0506145,-0.00319589,0.0027351,0.496188,0.530127
4135,1,0,0,0,1,1,1,4.42601,0.015708,-0.010653,0.00276406,0.582038,0.48501
4136,1,0,0,0,1,1,1,4.42601,0.00349066,0.00958767,0.00278655,0.362361,0.507568
4137,1,0,0,0,1,1,1,4.42601,-0.0296706,0.00426119,0.00273845,0.414602,0.439893
4138,1,0,0,0,1,1,1,4.42601,0.0331613,-0.0191753,0.0027292,0.671184,0.496289
4139,1,0,0,0,1,1,1,4.42601,0.00523599,0.0117183,0.00271038,0.328869,0.372217
4140,1,0,0,0,1,1,1,4.42601,0,0.0213059,0.00268981,0.220689,0.406055
4141,1,0,0,0,1,1,1,4.42601,0,0.0138489,0.00269568,0.303492,0.631641
4142,1,0,0,0,1,1,1,4.42601,-0.00523599,-0.0138489,0.0026744,0.605359,0.406055
4143,1,0,0,0,1,1,1,4.42601,0.0471239,0.0202406,0.00266101,0.228606,0.3271
4144,1,0,0,0,1,1,1,4.42592,-0.015708,-0.00958767,0.00267381,0.558407,0.496289
4145,1,0,0,0,1,1,1,4.42601,0.0122173,0.0010653,0.00264555,0.437495,0.293262
4146,1,0,0,0,1,1,1,4.42592,0,0.0010653,0.00260722,0.432435,0.394775
4147,1,0,0,0,1,1,1,4.42592,0,-0.0127836,0.00258639,0.582023,0.406055
4148,1,0,0,0,1,1,1,4.42592,-0.00872665,0.0149142,0.00257163,0.275399,0.518848
4149,1,0,0,0,1,1,1,4.42592,-0.0453786,-0.0010653,0.00256212,0.449919,0.462451
4150,1,0,0,0,1,1,1,4.42592,0.00698132,-0.00319589,0.0025743,0.474963,0.372217
4151,1,0,0,0,1,1,1,4.42601,0,-0.00319589,0.00253466,0.46973,0.304541
4152,1,0,0,0,1,1,1,4.42592,0.00349066,-0.00532648,0.00253534,0.493256,0.451172
4153,1,0,0,0,1,1,1,4.42601,-0.00872665,0.0117183,0.00252279,0.304108,0.496289
4154,1,0,0,0,1,1,1,4.42601,0,0.00745708,0.00250949,0.349224,0.496289
4155,1,0,0,0,1,1,1,4.42592,0,0.00319589,0.00250805,0.395908,0.47373
4156,1,0,0,0,1,1,1,4.42601,0.00872665,0.00639178,0.00249478,0.359002,0.383496
4157,1,0,0,0,1,1,1,4.42592,0,-0.0010653,0.00250292,0.442103,0.496289
4158,1,0,0,0,1,1,1,4.42592,-0.0191986,0.00213059,0.00251696,0.408802,0.338379
4159,1,0,0,0,1,1,1,4.42601,0.0191986,-0.0138489,0.00251206,0.583929,0.428613
4160,1,0,0,0,1,1,1,4.42592,-0.0296706,0.0149142,0.00251653,0.268126,0.552686
4161,1,0,0,0,1,1,1,4.42592,-0.0558505,-0.00213059,0.00250845,0.454552,0.47373
4162,1,0,0,0,1,1,1,4.42592,0.0139626,0.00426119,0.00245414,0.377073,0.372217
4163,1,0,0,0,1,1,1,4.42592,0,-0.00639178,0.00248819,0.498751,0.394775
4164,1,0,0,0,1,1,1,4.42601,0.0331613,-0.00958767,0.00251468,0.537402,0.496289
4165,1,0,0,0,1,1,1,4.42592,0,0.00213059,0.00250988,0.407868,0.349658
4166,1,0,0,0,1,1,1,4.42601,0.0279253,-0.00426119,0.00251354,0.47866,0.394775
4167,1,0,0,0,1,1,1,4.42592,0,0.00319589,0.00251325,0.396595,0.406055
4168,1,0,0,0,1,1,1,4.42592,0,-0.00213059,0.00254475,0.459343,0.530127
4169,1,0,0,0,1,1,1,4.42592,0,-0.0138489,0.00258988,0.594201,0.507568
4170,1,0,0,0,1,1,1,4.42601,0,0.00639178,0.00256888,0.368783,0.394775
4171,1,0,0,0,1,1,1,4.42592,0,-0.0170448,0.00256066,0.625499,0.248145
4172,1,0,0,0,1,1,1,4.42601,0.0645772,-0.0170448,0.00255408,0.62463,0.417334
4173,1,0,0,0,1,1,1,4.42592,0,-0.00639178,0.00251312,0.502041,0.31582
4174,1,0,0,0,1,1,1,4.42592,0,-0.00639178,0.00249135,0.499168,0.47373
4175,1,0,0,0,1,1,1,4.42592,0,-3.91384e-19,0.00248662,0.428234,0.451172
4176,1,0,0,0,1,1,1,4.42601,0,-0.010653,0.00248732,0.545509,0.507568
4177,1,0,0,0,1,1,1,4.42592,0,-0.00426119,0.00248294,0.474622,0.338379
4178,1,0,0,0,1,1,1,4.42592,0,0.0191753,0.00246328,0.214225,0.462451
4179,1,0,0,0,1,1,1,4.42592,-0.0575959,-0.010653,0.00246872,0.543053,0.451172
4180,1,0,0,0,1,1,1,4.42592,0,-0.0159795,0.00244742,0.598833,0.372217
4181,1,0,0,0,1,1,1,4.42592,0.00349066,-0.00213059,0.00243698,0.445118,0.349658
4182,1,0,0,0,1,1,1,4.42601,0.00872665,-0.010653,0.00244629,0.540093,0.394775
4183,1,0,0,0,1,1,1,4.42601,0.0226893,6.52306e-19,0.00247114,0.426191,0.428613
4184,1,0,0,0,1,1,1,4.42592,-0.0244346,-0.00426119,0.00241757,0.465992,0.3271
4185,1,0,0,0,1,1,1,4.42592,0.0349066,-0.010653,0.00240709,0.534918,0.293262
4186,1,0,0,0,1,1,1,4.42601,0.015708,-0.00426119,0.00242468,0.466931,0.451172
4187,1,0,0,0,1,1,1,4.42592,0,0.00852238,0.0024392,0.328228,0.47373
4188,1,0,0,0,1,1,1,4.42601,0.0122173,-3.26153e-19,0.00244358,0.422553,0.47373
4189,1,0,0,0,1,1,1,4.42592,0,0.00532648,0.00242708,0.361783,0.360938
4190,1,0,0,0,1,1,1,4.42592,0.010472,-0.0010653,0.0023893,0.42705,0.48501
4191,1,0,0,0,1,1,1,4.42582,0,1.5003e-18,0.00237943,0.414084,0.394775
4192,1,0,0,0,1,1,1,4.42592,0,0.00639178,0.00238026,0.343885,0.383496
4193,1,0,0,0,1,1,1,4.42592,0,0.00426119,0.00236649,0.365504,0.428613
4194,1,0,0,0,1,1,1,4.42592,0,-0.00639178,0.00236293,0.482217,0.451172
4195,1,0,0,0,1,1,1,4.42592,0,0.00426119,0.00236497,0.365303,0.383496
4196,1,0,0,0,1,1,1,4.42592,0,0.00639178,0.0023738,0.343032,0.394775
4197,1,0,0,0,1,1,1,4.42592,0,0.00958767,0.00234109,0.30356,0.428613
4198,1,0,0,0,1,1,1,4.42592,0,0.0159795,0.00227703,0.224794,0.383496
4199,1,0,0,0,1,1,1,4.42582,0,-0.0117183,0.00230269,0.532855,0.360938
4200,1,0,0,0,1,1,1,4.42601,0.0279253,-0.0202406,0.00227191,0.622539,0.360938
4201,1,0,0,0,1,1,1,4.42592,0.0418879,0.00958767,0.00222443,0.288161,0.293262
4202,1,0,0,0,1,1,1,4.42592,-0.0174533,0.00532648,0.00226479,0.340361,0.47373
4203,1,0,0,0,1,1,1,4.42592,0,-6.52306e-19,0.00225924,0.39822,0.518848
4204,1,0,0,0,1,1,1,4.42592,-0.00872665,0.0127836,0.00226461,0.258309,0.428613
4205,1,0,0,0,1,1,1,4.42592,0,0.00213059,0.0022663,0.375715,0.428613
4206,1,0,0,0,1,1,1,4.42592,0.015708,0.0117183,0.00221962,0.264089,0.338379
4207,1,0,0,0,1,1,1,4.42582,0,-0.0010653,0.00218833,0.400578,0.406055
4208,1,0,0,0,1,1,1,4.42592,0,-0.00213059,0.00221115,0.415309,0.496289
4209,1,0,0,0,1,1,1,4.42592,0,-0.0223712,0.00221072,0.637899,0.394775
4210,1,0,0,0,1,1,1,4.42592,0.0174533,0.0191753,0.0021751,0.176185,0.462451
4211,1,0,0,0,1,1,1,4.42582,-0.0226893,-0.00745708,0.00214899,0.465695,0.3271
4212,1,0,0,0,1,1,1,4.42592,0.0279253,0.00319589,0.00214223,0.34762,0.338379
4213,1,0,0,0,1,1,1,4.42592,0,0.01811,0.00214191,0.183521,0.428613
4214,1,0,0,0,1,1,1,4.42592,0.015708,-0.0010653,0.00214496,0.394853,0.428613
4215,1,0,0,0,1,1,1,4.42592,0,-0.00745708,0.00215067,0.465916,0.428613
4216,1,0,0,0,1,1,1,4.42592,0,-0.00852238,0.002115,0.472926,0.3271
4217,1,0,0,0,1,1,1,4.42592,0.0314159,0.0127836,0.00206794,0.232348,0.270703
4218,1,0,0,0,1,1,1,4.42582,-0.0279253,0.0138489,0.00204659,0.217812,0.214307
4219,1,0,0,0,1,1,1,4.42592,0,-0.010653,0.00204847,0.487581,0.259424
4220,1,0,0,0,1,1,1,4.42582,0,0.00213059,0.00202912,0.344407,0.293262
4221,1,0,0,0,1,1,1,4.42582,0,-0.00745708,0.00205924,0.453848,0.394775
4222,1,0,0,0,1,1,1,4.42592,0.0349066,0.0117183,0.0020333,0.239495,0.383496
4223,1,0,0,0,1,1,1,4.42582,-0.0139626,0.0127836,0.00203385,0.227849,0.383496
4224,1,0,0,0,1,1,1,4.42592,0.0244346,-0.0127836,0.00201264,0.506287,0.372217
4225,1,0,0,0,1,1,1,4.42582,0.0139626,0.00213059,0.00202099,0.343333,0.372217
4226,1,0,0,0,1,1,1,4.42592,0,0.0010653,0.00200273,0.352643,0.360938
4227,1,0,0,0,1,1,1,4.42582,0.00349066,0.00745708,0.00200798,0.283025,0.349658
4228,1,0,0,0,1,1,1,4.42592,0.00349066,0.00745708,0.00196952,0.277949,0.259424
4229,1,0,0,0,1,1,1,4.42582,0.00349066,0.00532648,0.00194231,0.297794,0.248145
4230,1,0,0,0,1,1,1,4.42582,0.010472,-0.00319589,0.00192092,0.388716,0.293262
4231,1,0,0,0,1,1,1,4.42582,0,-0.00852238,0.00191474,0.446492,0.338379
4232,1,0,0,0,1,1,1,4.42582,0,0.0010653,0.00191066,0.340489,0.394775
4233,1,0,0,0,1,1,1,4.42582,0,1.17415e-18,0.00187559,0.347578,0.270703
4234,1,0,0,0,1,1,1,4.42582,0,0.00852238,0.00184871,0.250284,0.214307
4235,1,0,0,0,1,1,1,4.42582,0,-0.00319589,0.00182847,0.376513,0.372217
4236,1,0,0,0,1,1,1,4.42582,-0.0244346,0.00745708,0.00183574,0.26029,0.281982
4237,1,0,0,0,1,1,1,4.42582,0.00698132,0.00213059,0.00184188,0.319691,0.406055
4238,1,0,0,0,1,1,1,4.42592,0,0.00639178,0.00181102,0.268745,0.31582
4239,1,0,0,0,1,1,1,4.42582,0,-0.00426119,0.00183532,0.389135,0.304541
4240,1,0,0,0,1,1,1,4.42582,0.00523599,0.00426119,0.00185206,0.297599,0.338379
4241,1,0,0,0,1,1,1,4.42592,0,0.00319589,0.00179417,0.301468,0.417334
4242,1,0,0,0,1,1,1,4.42582,-0.0383972,3.91384e-19,0.00181969,0.3402,0.304541
4243,1,0,0,0,1,1,1,4.42592,0,-0.00213059,0.0018309,0.365115,0.349658
4244,1,0,0,0,1,1,1,4.42582,-0.0174533,0.00745708,0.0018237,0.258701,0.270703
4245,1,0,0,0,1,1,1,4.42582,0.00698132,-0.00319589,0.0018371,0.377652,0.372217
4246,1,0,0,0,1,1,1,4.42592,0,0.0138489,0.00179312,0.184355,0.281982
4247,1,0,0,0,1,1,1,4.42582,0,0.0170448,0.00176386,0.145337,0.383496
4248,1,0,0,0,1,1,1,4.42582,0,-0.010653,0.00176126,0.449669,0.338379
4249,1,0,0,0,1,1,1,4.42582,0,0.0149142,0.00173432,0.164874,0.293262
4250,1,0,0,0,1,1,1,4.42582,0,-0.00213059,0.00171596,0.349943,0.338379
4251,1,0,0,0,1,1,1,4.42582,0,-0.00532648,0.00172342,0.386083,0.259424
4252,1,0,0,0,1,1,1,4.42582,0,0.00958767,0.00172118,0.221731,0.394775
4253,1,0,0,0,1,1,1,4.42582,-0.0314159,-0.0010653,0.00170762,0.337124,0.338379
4254,1,0,0,0,1,1,1,4.42582,0,0.00532648,0.0017286,0.269584,0.338379
4255,1,0,0,0,1,1,1,4.42582,-0.0174533,0.0010653,0.00172751,0.316313,0.383496
4256,1,0,0,0,1,1,1,4.42582,0,0.0010653,0.00170504,0.313346,0.349658
4257,1,0,0,0,1,1,1,4.42582,0,-0.00426119,0.00168633,0.369469,0.31582
4258,1,0,0,0,1,1,1,4.42592,0.00523599,0.0191753,0.00164603,0.106348,0.3271
4259,1,0,0,0,1,1,1,4.42573,-0.0174533,0.010653,0.00163507,0.198647,0.236865
4260,1,0,0,0,1,1,1,4.42582,0.0279253,-0.0191753,0.00165157,0.528935,0.270703
4261,1,0,0,0,1,1,1,4.42582,0,0.00745708,0.00164556,0.235186,0.225586
4262,1,0,0,0,1,1,1,4.42582,0,0.0202406,0.00160131,0.0886679,0.349658
4263,1,0,0,0,1,1,1,4.42573,-0.0174533,3.91384e-19,0.0016004,0.311253,0.3271
4264,1,0,0,0,1,1,1,4.42582,0.0174533,0.00639178,0.00159583,0.24034,0.349658
4265,1,0,0,0,1,1,1,4.42582,-0.0191986,-0.00745708,0.00160984,0.394527,0.31582
4266,1,0,0,0,1,1,1,4.42592,0.0418879,-0.0266324,0.00163169,0.60834,0.406055
4267,1,0,0,0,1,1,1,4.42582,0,0.00426119,0.00164475,0.270234,0.3271
4268,1,0,0,0,1,1,1,4.42592,0.0139626,-0.0149142,0.00164402,0.481066,0.338379
4269,1,0,0,0,1,1,1,4.42582,0.00872665,0.0010653,0.00164229,0.305064,0.293262
4270,1,0,0,0,1,1,1,4.42582,-0.00698132,-0.0202406,0.00166624,0.54259,0.360938
4271,1,0,0,0,1,1,1,4.42592,0.0139626,0.00852238,0.00164105,0.222873,0.293262
4272,1,0,0,0,1,1,1,4.42573,-0.0279253,0.0138489,0.00165734,0.166431,0.304541
4273,1,0,0,0,1,1,1,4.42592,-0.0139626,0.0117183,0.00164822,0.188664,0.281982
4274,1,0,0,0,1,1,1,4.42582,0,0.0138489,0.00161109,0.160327,0.191748
4275,1,0,0,0,1,1,1,4.42582,0,0.00958767,0.00160951,0.20699,0.338379
4276,1,0,0,0,1,1,1,4.42582,0,0.0266324,0.00160894,0.0194234,0.281982
4277,1,0,0,0,1,1,1,4.42582,-0.0226893,-0.00319589,0.00159963,0.346307,0.383496
4278,1,0,0,0,1,1,1,4.42582,0,-0.0010653,0.00159091,0.321719,0.259424
4279,1,0,0,0,1,1,1,4.42582,0.0174533,0.0138489,0.00155778,0.153136,0.293262
4280,1,0,0,0,1,1,1,4.42573,-0.0349066,-0.00319589,0.00156476,0.341703,0.259424
4281,1,0,0,0,1,1,1,4.42582,0.020944,0.0159795,0.00158121,0.132946,0.439893
4282,1,0,0,0,1,1,1,4.42582,-0.0174533,0.0223712,0.00159656,0.0646628,0.406055
4283,1,0,0,0,1,1,1,4.42582,-0.0331613,-1.36984e-18,0.00157642,0.308087,0.31582
