index,/gimbal/yaw_sweep/active,/gimbal/yaw_sweep/target_offset,/gimbal/yaw_sweep/reference_velocity,/gimbal/yaw_sweep/reference_acceleration,/gimbal/yaw_sweep/feedforward_scale,/gimbal/yaw_sweep/remote_ready,/gimbal/yaw_sweep/right_switch,/gimbal/yaw/angle,/gimbal/yaw/velocity,/gimbal/yaw/velocity_imu,/gimbal/yaw/control_angle_error,/gimbal/yaw/control_torque,/gimbal/yaw/torque
1250,1,0,0,0,1,1,1,4.34606,-0.0279253,0.010653,-6.41539e-06,-0.217795,-0.428613
1251,1,0,0,0,1,1,1,4.34615,0.0785398,0.0127836,-9.16235e-06,-0.241072,-0.3271
1252,1,0,0,0,1,1,1,4.34634,0.020944,-0.00958767,9.44496e-06,0.00721869,-0.338379
1253,1,0,0,0,1,1,1,4.34625,0,-0.00426119,4.81913e-05,-0.0453136,-0.225586
1254,1,0,0,0,1,1,1,4.34634,0.015708,0.00426119,-2.54766e-06,-0.146431,-0.203027
1255,1,0,0,0,1,1,1,4.34634,0,-0.0117183,-5.29911e-05,0.0222087,-0.214307
1256,1,0,0,0,1,1,1,4.34634,0.00872665,-0.00426119,-9.74081e-05,-0.0659229,-0.180469
1257,1,0,0,0,1,1,1,4.34644,0,0.00213059,-0.000164734,-0.145094,-0.124072
1258,1,0,0,0,1,1,1,4.34644,0,-0.01811,-0.000212231,0.071196,-0.0789551
1259,1,0,0,0,1,1,1,4.34644,0,-0.00639178,-0.000222241,-0.0590262,-0.203027
1260,1,0,0,0,1,1,1,4.34644,0,-0.00958767,-0.000190731,-0.0191489,-0.214307
1261,1,0,0,0,1,1,1,4.34653,0.0122173,0.00426119,-0.000211686,-0.174617,-0.225586
1262,1,0,0,0,1,1,1,4.34653,0,0.0117183,-0.000262543,-0.263557,-0.236865
1263,1,0,0,0,1,1,1,4.34644,-0.00872665,3.39199e-18,-0.000248193,-0.132458,-0.225586
1264,1,0,0,0,1,1,1,4.34644,0,2.3483e-18,-0.000241507,-0.131879,-0.214307
1265,1,0,0,0,1,1,1,4.34644,0,0.00745708,-0.000226121,-0.211675,-0.203027
1266,1,0,0,0,1,1,1,4.34644,0,-0.0117183,-0.000197833,0.00305956,-0.225586
1267,1,0,0,0,1,1,1,4.34644,0,-0.0010653,-0.000209332,-0.115914,-0.191748
1268,1,0,0,0,1,1,1,4.34644,0,-0.0117183,-0.00019513,0.00351983,-0.180469
1269,1,0,0,0,1,1,1,4.34644,0,-0.0138489,-0.000223967,0.0227739,-0.169189
1270,1,0,0,0,1,1,1,4.34644,0,-0.00426119,-0.000249085,-0.0860061,-0.180469
1271,1,0,0,0,1,1,1,4.34644,0,-0.00319589,-0.000255249,-0.0983873,-0.180469
1272,1,0,0,0,1,1,1,4.34644,0,0.00852238,-0.00025373,-0.226895,-0.203027
1273,1,0,0,0,1,1,1,4.34644,0,0.01811,-0.000290285,-0.337528,-0.169189
1274,1,0,0,0,1,1,1,4.34644,0,-0.00958767,-0.000276411,-0.0307569,-0.214307
1275,1,0,0,0,1,1,1,4.34644,0,-0.00639178,-0.000260851,-0.0637811,-0.146631
1276,1,0,0,0,1,1,1,4.34644,0,0.0255671,-0.000248634,-0.41353,-0.169189
1277,1,0,0,0,1,1,1,4.34644,0,-0.0276977,-0.000217865,0.176127,-0.169189
1278,1,0,0,0,1,1,1,4.34644,0,-0.0149142,-0.00021079,0.0366953,-0.169189
1279,1,0,0,0,1,1,1,4.34644,0,-0.0191753,-0.000208376,0.083947,-0.15791
1280,1,0,0,0,1,1,1,4.34653,0,0.0149142,-0.000226697,-0.29377,-0.146631
1281,1,0,0,0,1,1,1,4.34653,0,0.0117183,-0.00025426,-0.262463,-0.135352
1282,1,0,0,0,1,1,1,4.34653,0,0.010653,-0.000319432,-0.259348,-0.191748
1283,1,0,0,0,1,1,1,4.34653,0,0.00532648,-0.000373439,-0.207885,-0.180469
1284,1,0,0,0,1,1,1,4.34653,0,0.0234365,-0.000380665,-0.407463,-0.203027
1285,1,0,0,0,1,1,1,4.34644,0,0.0191753,-0.000405232,-0.364419,-0.169189
1286,1,0,0,0,1,1,1,4.34644,0,0.0010653,-0.000434367,-0.169055,-0.169189
1287,1,0,0,0,1,1,1,4.34644,0,-0.00532648,-0.000425174,-0.0975317,-0.146631
1288,1,0,0,0,1,1,1,4.34644,0,0.0010653,-0.000439074,-0.169676,-0.203027
1289,1,0,0,0,1,1,1,4.34644,0,0.00213059,-0.000444657,-0.182131,-0.214307
1290,1,0,0,0,1,1,1,4.34644,0,0.00213059,-0.0004441,-0.182058,-0.214307
1291,1,0,0,0,1,1,1,4.34644,0,-0.00319589,-0.000472519,-0.127218,-0.0902344
1292,1,0,0,0,1,1,1,4.34644,0,-0.00319589,-0.000452828,-0.124348,-0.180469
1293,1,0,0,0,1,1,1,4.34644,0,-0.0010653,-0.000439131,-0.146126,-0.180469
1294,1,0,0,0,1,1,1,4.34644,0,0.00852238,-0.000438669,-0.251285,-0.101514
1295,1,0,0,0,1,1,1,4.34644,0,0.0010653,-0.000425044,-0.16746,-0.191748
1296,1,0,0,0,1,1,1,4.34644,0,-0.010653,-0.000417615,-0.0377896,-0.180469
1297,1,0,0,0,1,1,1,4.34644,0,0.00426119,-0.000477324,-0.20988,-0.0225586
1298,1,0,0,0,1,1,1,4.34644,0,-0.00532648,-0.000473887,-0.103962,-0.169189
1299,1,0,0,0,1,1,1,4.34644,0,-0.00852238,-0.000456729,-0.0663134,-0.191748
1300,1,0,0,0,1,1,1,4.34644,0,-0.00745708,-0.000460658,-0.0787425,-0.0451172
1301,1,0,0,0,1,1,1,4.34644,0,0.0138489,-0.000491196,-0.317175,-0.180469
1302,1,0,0,0,1,1,1,4.34644,0,-0.010653,-0.00052739,-0.0524328,-0.180469
1303,1,0,0,0,1,1,1,4.34644,0,0.0127836,-0.000533927,-0.311098,-0.101514
1304,1,0,0,0,1,1,1,4.34644,0,-0.00532648,-0.000538709,-0.112518,-0.101514
1305,1,0,0,0,1,1,1,4.34644,0,-0.0117183,-0.000523465,-0.0401964,-0.0676758
1306,1,0,0,0,1,1,1,4.34644,0,0.00958767,-0.000524602,-0.274658,-0.0789551
1307,1,0,0,0,1,1,1,4.34644,0,0.0127836,-0.000552189,-0.313508,-0.214307
1308,1,0,0,0,1,1,1,4.34644,-0.00872665,-0.0138489,-0.00051636,-0.0158221,-0.225586
1309,1,0,0,0,1,1,1,4.34644,0,0.0319589,-0.000516001,-0.519496,-0.0676758
1310,1,0,0,0,1,1,1,4.34644,0,0.00639178,-0.000507387,-0.236997,-0.225586
1311,1,0,0,0,1,1,1,4.34644,0,-0.0117183,-0.000559503,-0.0449535,-0.225586
1312,1,0,0,0,1,1,1,4.34644,0,-0.00319589,-0.000568258,-0.139716,-0.236865
1313,1,0,0,0,1,1,1,4.34644,0,-0.0010653,-0.000585103,-0.165515,-0.236865
1314,1,0,0,0,1,1,1,4.34644,0,0.0010653,-0.000558761,-0.185455,-0.0451172
1315,1,0,0,0,1,1,1,4.34644,0,-0.0202406,-0.000524868,0.0534228,-0.225586
1316,1,0,0,0,1,1,1,4.34644,0,-0.00426119,-0.00053128,-0.123256,-0.0338379
1317,1,0,0,0,1,1,1,4.34644,0,0.00639178,-0.000491326,-0.234988,-0.0451172
1318,1,0,0,0,1,1,1,4.34644,0,0.0117183,-0.000509501,-0.296155,-0.0902344
1319,1,0,0,0,1,1,1,4.34644,0,0.00852238,-0.000500271,-0.259449,-0.203027
1320,1,0,0,0,1,1,1,4.34644,0,0.00213059,-0.000505933,-0.19015,-0.214307
1321,1,0,0,0,1,1,1,4.34644,0,0.00958767,-0.000490608,-0.269645,-0.214307
1322,1,0,0,0,1,1,1,4.34644,0,-0.00745708,-0.000455285,-0.0777782,-0.191748
1323,1,0,0,0,1,1,1,4.34644,0,0.00852238,-0.000455058,-0.253814,-0.203027
1324,1,0,0,0,1,1,1,4.34644,0,0.0213059,-0.000494222,-0.399603,-0.214307
1325,1,0,0,0,1,1,1,4.34644,0,0.0127836,-0.000503483,-0.307079,-0.214307
1326,1,0,0,0,1,1,1,4.34644,0,0.00745708,-0.000510506,-0.249415,-0.169189
1327,1,0,0,0,1,1,1,4.34644,0,0.0138489,-0.000514619,-0.320267,-0.214307
1328,1,0,0,0,1,1,1,4.34644,0,0.0138489,-0.000518684,-0.320804,-0.214307
1329,1,0,0,0,1,1,1,4.34644,0,0.00852238,-0.000523216,-0.262811,-0.169189
1330,1,0,0,0,1,1,1,4.34644,0,0.00426119,-0.000569086,-0.221992,-0.214307
1331,1,0,0,0,1,1,1,4.34644,0,0.00532648,-0.000572507,-0.234162,-0.214307
1332,1,0,0,0,1,1,1,4.34644,0,0.00532648,-0.000560145,-0.232398,-0.203027
1333,1,0,0,0,1,1,1,4.34644,0,-0.00532648,-0.000553595,-0.114468,-0.203027
1334,1,0,0,0,1,1,1,4.34644,0,-0.00426119,-0.000572934,-0.128754,-0.191748
1335,1,0,0,0,1,1,1,4.34644,0,0.0010653,-0.000555078,-0.184581,-0.214307
1336,1,0,0,0,1,1,1,4.34644,0,0.0170448,-0.00057778,-0.363759,-0.191748
1337,1,0,0,0,1,1,1,4.34644,0,0.00213059,-0.000564306,-0.197803,-0.191748
1338,1,0,0,0,1,1,1,4.34644,0,-0.0234365,-0.000541111,0.086619,-0.203027
1339,1,0,0,0,1,1,1,4.34644,0,0.0010653,-0.000544535,-0.183548,-0.180469
1340,1,0,0,0,1,1,1,4.34644,0,-0.00319589,-0.000552984,-0.137839,-0.0451172
1341,1,0,0,0,1,1,1,4.34644,0,0.00958767,-0.000553536,-0.278531,-0.191748
1342,1,0,0,0,1,1,1,4.34644,0,-0.0149142,-0.000559066,-0.00938935,-0.191748
1343,1,0,0,0,1,1,1,4.34644,0,-0.00745708,-0.000563696,-0.09238,-0.180469
1344,1,0,0,0,1,1,1,4.34644,0,-0.0202406,-0.000573541,0.0469397,-0.214307
1345,1,0,0,0,1,1,1,4.34644,0,-0.00532648,-0.000564486,-0.115921,-0.214307
1346,1,0,0,0,1,1,1,4.34644,0,0.0170448,-0.000567147,-0.362356,-0.203027
1347,1,0,0,0,1,1,1,4.34644,0,0.00958767,-0.000568025,-0.280444,-0.191748
1348,1,0,0,0,1,1,1,4.34644,0,0.00639178,-0.000574665,-0.246165,-0.203027
1349,1,0,0,0,1,1,1,4.34644,0,-0.0298283,-0.00060092,0.14879,-0.214307
1350,1,0,0,0,1,1,1,4.34644,-0.00174533,0.00745708,-0.000609257,-0.26245,-0.203027
1351,1,0,0,0,1,1,1,4.34644,0,0.00852238,-0.000605191,-0.273631,-0.191748
1352,1,0,0,0,1,1,1,4.34644,0,0.0010653,-0.00064204,-0.196467,-0.281982
1353,1,0,0,0,1,1,1,4.34644,0,-0.00426119,-0.000641879,-0.137855,-0.191748
1354,1,0,0,0,1,1,1,4.34644,0,-0.01811,-0.00062773,0.0163501,-0.203027
1355,1,0,0,0,1,1,1,4.34644,0,0.00852238,-0.000651239,-0.27971,-0.214307
1356,1,0,0,0,1,1,1,4.34644,0,0.00639178,-0.00068027,-0.260105,-0.214307
1357,1,0,0,0,1,1,1,4.34644,0,0.0117183,-0.000728359,-0.325044,-0.31582
1358,1,0,0,0,1,1,1,4.34644,0,0.0159795,-0.000745432,-0.374171,-0.225586
1359,1,0,0,0,1,1,1,4.34644,-0.015708,-0.00532648,-0.000769809,-0.143023,-0.293262
1360,1,0,0,0,1,1,1,4.34644,0,-0.0149142,-0.000786929,-0.0398189,-0.293262
1361,1,0,0,0,1,1,1,4.34644,0,0.00532648,-0.000769531,-0.260169,-0.281982
1362,1,0,0,0,1,1,1,4.34644,0,0.00852238,-0.000750346,-0.292792,-0.225586
1363,1,0,0,0,1,1,1,4.34644,0,-0.0010653,-0.000758965,-0.188465,-0.225586
1364,1,0,0,0,1,1,1,4.34644,0,0.0223712,-0.000795422,-0.451079,-0.270703
1365,1,0,0,0,1,1,1,4.34644,-0.015708,0.0159795,-0.000770154,-0.377037,-0.146631
1366,1,0,0,0,1,1,1,4.34644,0.0174533,0.00213059,-0.000805248,-0.229729,-0.180469
1367,1,0,0,0,1,1,1,4.34644,-0.00174533,-0.0159795,-0.000789118,-0.0282433,-0.203027
1368,1,0,0,0,1,1,1,4.34644,0.00872665,0.0010653,-0.000820604,-0.220038,-0.135352
1369,1,0,0,0,1,1,1,4.34644,-0.00872665,-0.0202406,-0.000808163,0.0159696,-0.146631
1370,1,0,0,0,1,1,1,4.34644,0.00872665,-0.00745708,-0.000807163,-0.124518,-0.281982
1371,1,0,0,0,1,1,1,4.34644,0,-0.00213059,-0.000832338,-0.186432,-0.146631
1372,1,0,0,0,1,1,1,4.34644,0,-0.00852238,-0.000838715,-0.116964,-0.0789551
1373,1,0,0,0,1,1,1,4.34644,0,0.00532648,-0.000860907,-0.272231,-0.112793
1374,1,0,0,0,1,1,1,4.34644,0,0.0010653,-0.000864926,-0.225888,-0.214307
1375,1,0,0,0,1,1,1,4.34644,0,-0.00532648,-0.000880997,-0.1577,-0.293262
1376,1,0,0,0,1,1,1,4.34644,0,0.00639178,-0.000875197,-0.285836,-0.146631
1377,1,0,0,0,1,1,1,4.34644,0,-0.00639178,-0.000863974,-0.143732,-0.135352
1378,1,0,0,0,1,1,1,4.34644,0,0.00426119,-0.000875365,-0.262421,-0.135352
1379,1,0,0,0,1,1,1,4.34644,0,-0.0149142,-0.000905562,-0.0554785,-0.293262
1380,1,0,0,0,1,1,1,4.34644,0,-0.00426119,-0.000886334,-0.170123,-0.293262
1381,1,0,0,0,1,1,1,4.34644,0,0.0213059,-0.000903204,-0.453588,-0.112793
1382,1,0,0,0,1,1,1,4.34644,0,0.00639178,-0.000898379,-0.288896,-0.124072
1383,1,0,0,0,1,1,1,4.34644,0,0.0149142,-0.000919997,-0.385495,-0.214307
1384,1,0,0,0,1,1,1,4.34644,0,0.00639178,-0.00093125,-0.293235,-0.3271
1385,1,0,0,0,1,1,1,4.34644,0,-0.00426119,-0.000924549,-0.175167,-0.225586
1386,1,0,0,0,1,1,1,4.34644,0,0.00213059,-0.000942653,-0.247867,-0.293262
1387,1,0,0,0,1,1,1,4.34644,0,-0.0117183,-0.000951313,-0.0966724,-0.31582
1388,1,0,0,0,1,1,1,4.34644,0,0.00213059,-0.000968361,-0.25126,-0.31582
1389,1,0,0,0,1,1,1,4.34644,0,0.00426119,-0.00100823,-0.27996,-0.281982
1390,1,0,0,0,1,1,1,4.34644,-0.0139626,0.00426119,-0.00105207,-0.285746,-0.281982
1391,1,0,0,0,1,1,1,4.34644,0,-0.00958767,-0.00107427,-0.136339,-0.293262
1392,1,0,0,0,1,1,1,4.34644,0,0.00958767,-0.00111809,-0.353053,-0.31582
1393,1,0,0,0,1,1,1,4.34634,0,0.00426119,-0.00110309,-0.292481,-0.293262
1394,1,0,0,0,1,1,1,4.34644,0,0.00426119,-0.00108888,-0.290605,-0.293262
1395,1,0,0,0,1,1,1,4.34644,0,0.00532648,-0.00114147,-0.309266,-0.360938
1396,1,0,0,0,1,1,1,4.34634,-0.010472,0.00532648,-0.00117525,-0.313725,-0.3271
1397,1,0,0,0,1,1,1,4.34634,0,-0.00745708,-0.00115614,-0.170583,-0.31582
1398,1,0,0,0,1,1,1,4.34634,0,0.00958767,-0.00119389,-0.363057,-0.3271
1399,1,0,0,0,1,1,1,4.34634,0,0.0138489,-0.00120511,-0.411412,-0.304541
1400,1,0,0,0,1,1,1,4.34634,0,-0.00639178,-0.00119368,-0.187257,-0.15791
1401,1,0,0,0,1,1,1,4.34634,0,0.0117183,-0.0012029,-0.387684,-0.225586
1402,1,0,0,0,1,1,1,4.34634,0,0.00532648,-0.00117893,-0.314211,-0.293262
1403,1,0,0,0,1,1,1,4.34644,0,0.0138489,-0.00119714,-0.41036,-0.293262
1404,1,0,0,0,1,1,1,4.34634,0,0.0149142,-0.00119284,-0.421511,-0.225586
1405,1,0,0,0,1,1,1,4.34644,0,0.0149142,-0.00119888,-0.422308,-0.225586
1406,1,0,0,0,1,1,1,4.34634,0,-0.00213059,-0.00120968,-0.236241,-0.225586
1407,1,0,0,0,1,1,1,4.34634,0,0.0138489,-0.00125298,-0.417731,-0.31582
1408,1,0,0,0,1,1,1,4.34634,-0.0174533,-0.0010653,-0.00122014,-0.24934,-0.394775
1409,1,0,0,0,1,1,1,4.34644,0.00174533,-0.0127836,-0.00118878,-0.1163,-0.225586
1410,1,0,0,0,1,1,1,4.34644,-0.00872665,-0.00532648,-0.00116004,-0.194535,-0.124072
1411,1,0,0,0,1,1,1,4.34644,0.00174533,0.00958767,-0.00114382,-0.356449,-0.214307
1412,1,0,0,0,1,1,1,4.34644,0,-0.00213059,-0.00114232,-0.22735,-0.225586
1413,1,0,0,0,1,1,1,4.34644,-0.00872665,0.0191753,-0.0011358,-0.460854,-0.293262
1414,1,0,0,0,1,1,1,4.34644,0,-0.00532648,-0.00116159,-0.194739,-0.31582
1415,1,0,0,0,1,1,1,4.34634,0,0.0159795,-0.00114238,-0.426569,-0.338379
1416,1,0,0,0,1,1,1,4.34634,0,0.00426119,-0.00121312,-0.307004,-0.3271
1417,1,0,0,0,1,1,1,4.34634,0,0.0276977,-0.00122319,-0.566136,-0.293262
1418,1,0,0,0,1,1,1,4.34634,0,0.00639178,-0.00119351,-0.327853,-0.225586
1419,1,0,0,0,1,1,1,4.34644,0,-0.010653,-0.00121554,-0.143268,-0.225586
1420,1,0,0,0,1,1,1,4.34634,0,0.0127836,-0.00122452,-0.402256,-0.214307
1421,1,0,0,0,1,1,1,4.34634,0,0.0170448,-0.00123844,-0.450967,-0.15791
1422,1,0,0,0,1,1,1,4.34634,0,0.0202406,-0.00128715,-0.492551,-0.338379
1423,1,0,0,0,1,1,1,4.34634,-0.010472,-0.00639178,-0.00129356,-0.20044,-0.31582
1424,1,0,0,0,1,1,1,4.34634,0.0191986,0.0149142,-0.00128853,-0.434141,-0.225586
1425,1,0,0,0,1,1,1,4.34634,-0.0279253,0.0010653,-0.00132749,-0.286947,-0.338379
1426,1,0,0,0,1,1,1,4.34634,0,0.00958767,-0.00133572,-0.38178,-0.338379
1427,1,0,0,0,1,1,1,4.34634,0,0.00745708,-0.00131961,-0.356217,-0.225586
1428,1,0,0,0,1,1,1,4.34634,0.00872665,-0.00532648,-0.00132786,-0.216686,-0.15791
1429,1,0,0,0,1,1,1,4.34634,0,-0.0127836,-0.0013496,-0.137527,-0.15791
1430,1,0,0,0,1,1,1,4.34634,0,0.00319589,-0.00137962,-0.317264,-0.169189
1431,1,0,0,0,1,1,1,4.34634,0,0.00426119,-0.00141565,-0.333738,-0.15791
1432,1,0,0,0,1,1,1,4.34634,-0.0244346,-0.00745708,-0.00142652,-0.206273,-0.349658
1433,1,0,0,0,1,1,1,4.34634,0.00872665,0.01811,-0.00144824,-0.490379,-0.169189
1434,1,0,0,0,1,1,1,4.34634,0,-0.0127836,-0.00142233,-0.147128,-0.191748
1435,1,0,0,0,1,1,1,4.34634,0.0174533,-0.0117183,-0.00143891,-0.161035,-0.225586
1436,1,0,0,0,1,1,1,4.34634,0,0.0266324,-0.00144165,-0.583254,-0.304541
1437,1,0,0,0,1,1,1,4.34634,-0.00523599,0.0010653,-0.00146479,-0.30507,-0.214307
1438,1,0,0,0,1,1,1,4.34634,0,-0.00639178,-0.00148631,-0.225883,-0.293262
1439,1,0,0,0,1,1,1,4.34634,0.010472,0.0308936,-0.00145109,-0.631373,-0.180469
1440,1,0,0,0,1,1,1,4.34634,0,-0.00426119,-0.0014395,-0.24314,-0.214307
1441,1,0,0,0,1,1,1,4.34634,0.00698132,1.56553e-18,-0.0014339,-0.289274,-0.135352
1442,1,0,0,0,1,1,1,4.34634,0,0.0117183,-0.00147918,-0.424152,-0.3271
1443,1,0,0,0,1,1,1,4.34634,-0.00872665,-0.00532648,-0.00147506,-0.236116,-0.203027
1444,1,0,0,0,1,1,1,4.34634,0.00349066,-0.0010653,-0.00149057,-0.285037,-0.349658
1445,1,0,0,0,1,1,1,4.34634,0,0.0010653,-0.0015455,-0.315724,-0.439893
1446,1,0,0,0,1,1,1,4.34625,-0.0122173,0.0191753,-0.00153331,-0.513326,-0.180469
1447,1,0,0,0,1,1,1,4.34634,-0.0296706,0.00852238,-0.00152854,-0.395513,-0.338379
1448,1,0,0,0,1,1,1,4.34634,0,-0.010653,-0.00148136,-0.178356,-0.360938
1449,1,0,0,0,1,1,1,4.34634,0,-0.01811,-0.0014749,-0.0954757,-0.214307
1450,1,0,0,0,1,1,1,4.34634,0,0.00958767,-0.00149379,-0.402644,-0.383496
1451,1,0,0,0,1,1,1,4.34634,-0.00872665,-0.00852238,-0.00147085,-0.200406,-0.338379
1452,1,0,0,0,1,1,1,4.34634,0.00174533,0.0276977,-0.00147286,-0.599092,-0.293262
1453,1,0,0,0,1,1,1,4.34625,-0.0279253,0.00745708,-0.0014694,-0.375989,-0.360938
1454,1,0,0,0,1,1,1,4.34634,0.0366519,-0.0223712,-0.00145651,-0.0461755,-0.304541
1455,1,0,0,0,1,1,1,4.34634,0,-0.0010653,-0.00145798,-0.280735,-0.31582
1456,1,0,0,0,1,1,1,4.34634,0,0.00426119,-0.0014619,-0.339844,-0.338379
1457,1,0,0,0,1,1,1,4.34634,0,-0.0117183,-0.00143701,-0.160785,-0.3271
1458,1,0,0,0,1,1,1,4.34634,0,0.00426119,-0.00144814,-0.338028,-0.191748
1459,1,0,0,0,1,1,1,4.34634,0,0.0010653,-0.00145624,-0.303942,-0.338379
1460,1,0,0,0,1,1,1,4.34634,0,0.00213059,-0.00144544,-0.314234,-0.31582
1461,1,0,0,0,1,1,1,4.34634,0,0.00745708,-0.0014639,-0.375263,-0.360938
1462,1,0,0,0,1,1,1,4.34634,0,0.0117183,-0.00149449,-0.426173,-0.338379
1463,1,0,0,0,1,1,1,4.34634,0,-0.00852238,-0.00146301,-0.199371,-0.281982
1464,1,0,0,0,1,1,1,4.34634,0.00872665,-0.0010653,-0.0014742,-0.282847,-0.338379
1465,1,0,0,0,1,1,1,4.34634,0,0.0138489,-0.00149296,-0.449409,-0.31582
1466,1,0,0,0,1,1,1,4.34634,0,-0.00852238,-0.00148337,-0.202058,-0.394775
1467,1,0,0,0,1,1,1,4.34634,0,0.0191753,-0.00151932,-0.511479,-0.406055
1468,1,0,0,0,1,1,1,4.34634,0,0.00426119,-0.00153498,-0.349491,-0.394775
1469,1,0,0,0,1,1,1,4.34634,0,-0.010653,-0.00155359,-0.187891,-0.338379
1470,1,0,0,0,1,1,1,4.34634,0,0.00639178,-0.0015789,-0.378725,-0.3271
1471,1,0,0,0,1,1,1,4.34634,0,-0.00532648,-0.00157739,-0.249624,-0.349658
1472,1,0,0,0,1,1,1,4.34634,0,-0.00213059,-0.00157644,-0.284653,-0.360938
1473,1,0,0,0,1,1,1,4.34634,0,0.00426119,-0.0015554,-0.352186,-0.31582
1474,1,0,0,0,1,1,1,4.34634,0,-0.0117183,-0.00160341,-0.182749,-0.383496
1475,1,0,0,0,1,1,1,4.34634,0.0139626,0.00852238,-0.00160498,-0.405603,-0.338379
1476,1,0,0,0,1,1,1,4.34634,0,0.0117183,-0.00162632,-0.443575,-0.225586
1477,1,0,0,0,1,1,1,4.34634,0,-0.00852238,-0.00163186,-0.221659,-0.3271
1478,1,0,0,0,1,1,1,4.34634,0,-0.0127836,-0.00161018,-0.171924,-0.372217
1479,1,0,0,0,1,1,1,4.34634,0.0174533,0.0159795,-0.00159636,-0.486493,-0.338379
1480,1,0,0,0,1,1,1,4.34634,0,-0.0010653,-0.00163792,-0.304487,-0.451172
1481,1,0,0,0,1,1,1,4.34634,0.0279253,0.010653,-0.00164182,-0.433902,-0.304541
1482,1,0,0,0,1,1,1,4.34634,0,-0.0149142,-0.00164593,-0.153207,-0.214307
1483,1,0,0,0,1,1,1,4.34634,0.0174533,0.00852238,-0.00166816,-0.413943,-0.214307
1484,1,0,0,0,1,1,1,4.34634,-0.00872665,0.0010653,-0.00167941,-0.333401,-0.304541
1485,1,0,0,0,1,1,1,4.34625,0,0.00958767,-0.00171799,-0.43224,-0.417334
1486,1,0,0,0,1,1,1,4.34634,0.00872665,-0.0010653,-0.00174854,-0.319089,-0.372217
1487,1,0,0,0,1,1,1,4.34625,0,-0.0149142,-0.00170053,-0.160414,-0.417334
1488,1,0,0,0,1,1,1,4.34634,0.00698132,0.0191753,-0.00173522,-0.539978,-0.31582
1489,1,0,0,0,1,1,1,4.34625,-0.0139626,-0.010653,-0.00169522,-0.206586,-0.349658
1490,1,0,0,0,1,1,1,4.34634,0.0244346,0.0117183,-0.00171094,-0.454746,-0.360938
1491,1,0,0,0,1,1,1,4.34625,-0.00698132,-0.0010653,-0.00174709,-0.318898,-0.349658
1492,1,0,0,0,1,1,1,4.34625,0,-0.0010653,-0.00175586,-0.320055,-0.428613
1493,1,0,0,0,1,1,1,4.34634,0.0174533,0.0138489,-0.00177074,-0.486075,-0.417334
1494,1,0,0,0,1,1,1,4.34634,0,0.0010653,-0.00181165,-0.350856,-0.451172
1495,1,0,0,0,1,1,1,4.34625,0,0.00958767,-0.00184227,-0.448644,-0.281982
1496,1,0,0,0,1,1,1,4.34625,0,-0.0127836,-0.00182399,-0.200142,-0.304541
1497,1,0,0,0,1,1,1,4.34634,0.0296706,-0.00532648,-0.00183395,-0.28349,-0.214307
1498,1,0,0,0,1,1,1,4.34634,-0.00872665,-0.0255671,-0.0018163,-0.0585133,-0.169189
1499,1,0,0,0,1,1,1,4.34634,0.0174533,-0.00639178,-0.00182168,-0.270152,-0.225586
1500,1,0,0,0,1,1,1,4.34634,-0.00349066,0.0170448,-0.00184623,-0.531195,-0.203027
1501,1,0,0,0,1,1,1,4.34625,-0.0261799,0.00745708,-0.00186985,-0.428849,-0.349658
1502,1,0,0,0,1,1,1,4.34625,0.015708,0.0191753,-0.00184974,-0.555095,-0.214307
1503,1,0,0,0,1,1,1,4.34625,-0.0471239,-0.0159795,-0.00187711,-0.172004,-0.225586
1504,1,0,0,0,1,1,1,4.34625,0.00872665,9.78459e-19,-0.00185384,-0.344707,-0.203027
1505,1,0,0,0,1,1,1,4.34634,-0.0314159,0.00639178,-0.00190478,-0.421741,-0.48501
1506,1,0,0,0,1,1,1,4.34625,0,0.0159795,-0.00193523,-0.531225,-0.383496
1507,1,0,0,0,1,1,1,4.34634,0,0.00639178,-0.00192571,-0.424503,-0.394775
1508,1,0,0,0,1,1,1,4.34625,0,0.00426119,-0.00192547,-0.401035,-0.304541
1509,1,0,0,0,1,1,1,4.34625,0,0.0010653,-0.00189906,-0.362394,-0.383496
1510,1,0,0,0,1,1,1,4.34625,0,-0.00745708,-0.00191859,-0.271227,-0.338379
1511,1,0,0,0,1,1,1,4.34625,0.0226893,0.0010653,-0.00194153,-0.368,-0.439893
1512,1,0,0,0,1,1,1,4.34625,-0.00872665,0.00319589,-0.00194825,-0.392323,-0.462451
1513,1,0,0,0,1,1,1,4.34625,0.00523599,0.00745708,-0.00197293,-0.442455,-0.451172
1514,1,0,0,0,1,1,1,4.34625,-0.0174533,-7.82767e-19,-0.00197461,-0.360649,-0.552686
1515,1,0,0,0,1,1,1,4.34634,0.0122173,0.00426119,-0.00200837,-0.411978,-0.439893
1516,1,0,0,0,1,1,1,4.34625,-0.00523599,0.0159795,-0.0020341,-0.544275,-0.383496
1517,1,0,0,0,1,1,1,4.34625,-0.0226893,0.00213059,-0.00204166,-0.392935,-0.48501
1518,1,0,0,0,1,1,1,4.34625,0.0261799,-0.0010653,-0.00205492,-0.359531,-0.462451
1519,1,0,0,0,1,1,1,4.34625,0,0.00532648,-0.00205168,-0.429413,-0.47373
1520,1,0,0,0,1,1,1,4.34625,0,0.00213059,-0.00205603,-0.394833,-0.417334
1521,1,0,0,0,1,1,1,4.34625,0,-0.0223712,-0.00201999,-0.120555,-0.372217
1522,1,0,0,0,1,1,1,4.34634,0.0174533,-0.00426119,-0.00201527,-0.319143,-0.293262
1523,1,0,0,0,1,1,1,4.34625,-0.015708,0.0308936,-0.0020223,-0.706773,-0.360938
1524,1,0,0,0,1,1,1,4.34625,0,0.00319589,-0.0020449,-0.405082,-0.48501
1525,1,0,0,0,1,1,1,4.34625,0,-0.0117183,-0.00204307,-0.240784,-0.451172
1526,1,0,0,0,1,1,1,4.34625,-0.00349066,-0.00532648,-0.00206086,-0.313442,-0.417334
1527,1,0,0,0,1,1,1,4.34625,0.00523599,0.0010653,-0.00203981,-0.380973,-0.383496
1528,1,0,0,0,1,1,1,4.34634,0.00349066,-0.0010653,-0.00204086,-0.357676,-0.31582
1529,1,0,0,0,1,1,1,4.34625,0,-0.00213059,-0.00208305,-0.351526,-0.3271
1530,1,0,0,0,1,1,1,4.34625,-0.0418879,0.00745708,-0.00205453,-0.453225,-0.349658
1531,1,0,0,0,1,1,1,4.34625,0,0.0223712,-0.00206075,-0.618103,-0.406055
1532,1,0,0,0,1,1,1,4.34625,0,-0.00745708,-0.00205857,-0.289704,-0.270703
1533,1,0,0,0,1,1,1,4.34625,0,-0.00426119,-0.00206637,-0.325887,-0.451172
1534,1,0,0,0,1,1,1,4.34625,0,1.30461e-19,-0.00209659,-0.37675,-0.372217
1535,1,0,0,0,1,1,1,4.34625,0,0.0149142,-0.002157,-0.548779,-0.518848
1536,1,0,0,0,1,1,1,4.34625,0,-0.00426119,-0.00215527,-0.337623,-0.349658
1537,1,0,0,0,1,1,1,4.34625,0,0.0159795,-0.00218382,-0.564038,-0.338379
1538,1,0,0,0,1,1,1,4.34615,-0.0383972,-0.00426119,-0.00217874,-0.34072,-0.518848
1539,1,0,0,0,1,1,1,4.34625,0.015708,0.00426119,-0.00217073,-0.433409,-0.417334
1540,1,0,0,0,1,1,1,4.34625,-0.0331613,0.0170448,-0.00219211,-0.576851,-0.507568
1541,1,0,0,0,1,1,1,4.34625,0.00872665,0.0255671,-0.00220656,-0.672504,-0.225586
1542,1,0,0,0,1,1,1,4.34615,0,0.0149142,-0.0022016,-0.554667,-0.462451
1543,1,0,0,0,1,1,1,4.34625,0,0.00213059,-0.00221142,-0.415343,-0.530127
1544,1,0,0,0,1,1,1,4.34615,0,-0.00852238,-0.0021996,-0.296601,-0.338379
1545,1,0,0,0,1,1,1,4.34625,0.00872665,-0.00426119,-0.00219638,-0.34305,-0.406055
1546,1,0,0,0,1,1,1,4.34625,0,0.0010653,-0.00221446,-0.404027,-0.349658
1547,1,0,0,0,1,1,1,4.34625,0.00872665,0.00213059,-0.00219387,-0.413028,-0.214307
1548,1,0,0,0,1,1,1,4.34625,0,-0.010653,-0.00220781,-0.274249,-0.47373
1549,1,0,0,0,1,1,1,4.34625,0.0366519,-0.00319589,-0.0022073,-0.356209,-0.451172
1550,1,7.77105e-09,2.34932e-05,0.0473022,1,1,1,4.34625,-0.0331613,0.00532648,-0.00218108,-0.439852,-0.462451
1551,1,1.68964e-06,0.000840947,0.277323,1,1,1,4.34625,0.010472,-0.00852238,-0.00216933,-0.244823,-0.372217
1552,1,1.0275e-05,0.00277324,0.493292,1,1,1,4.34625,0,0.00745708,-0.00215315,-0.36519,-0.225586
1553,1,3.11673e-05,0.00575128,0.695519,1,1,1,4.34625,0,-0.00213059,-0.00212919,-0.191987,-0.191748
1554,1,6.94163e-05,0.00970609,0.884239,1,1,1,4.34625,-0.00872665,0.0202406,-0.00212692,-0.362728,-0.203027
1555,1,0.000129739,0.0145711,1.05976,1,1,1,4.34634,0,-1.95692e-19,-0.00211994,-0.0544444,-0.203027
1556,1,0.000216535,0.020282,1.2224,1,1,1,4.34634,0,0.00532648,-0.00207318,-0.0132413,-0.112793
1557,1,0.00033386,0.0267741,1.37241,1,1,1,4.34644,0,-0.00532648,-0.00195628,0.221556,-0.180469
1558,1,0.000485475,0.0339856,1.51011,1,1,1,4.34644,0.0122173,0.0117183,-0.00185961,0.155836,-0.0338379
1559,1,0.00067482,0.0418554,1.63576,1,1,1,4.34653,0.0174533,-0.00319589,-0.0017302,0.453136,0.0902344
1560,1,0.000905019,0.0503234,1.74966,1,1,1,4.34663,0.0191986,0.010653,-0.00149387,0.456618,0.0225586
1561,1,0.00117894,0.0593324,1.85209,1,1,1,4.34711,0.113446,0.00852238,-0.0012834,0.63738,0.169189
1562,1,0.00149917,0.0688263,1.94337,1,1,1,4.34778,0.20944,0.0234365,-0.00104459,0.639959,0.428613
1563,1,0.00186791,0.0787476,2.02373,1,1,1,4.34845,0,0.039416,-0.000782117,0.638669,0.744434
1564,1,0.00228728,0.0890461,2.09352,1,1,1,4.34845,0.0174533,0.0553954,-0.000610594,0.627276,0.688037
1565,1,0.00275892,0.0996662,2.15298,1,1,1,4.34864,0.0733038,0.0585913,-0.000381795,0.76764,0.823389
1566,1,0.00328431,0.110557,2.20242,1,1,1,4.34903,0.0645772,0.0607219,-0.000144976,0.923075,0.733154
1567,1,0.00386487,0.121674,2.24214,1,1,1,4.3496,0.122173,0.0948114,5.09786e-05,0.723195,1.06025
1568,1,0.00450141,0.132964,2.2724,1,1,1,4.34989,0.0558505,0.0894849,0.000254985,0.958627,0.845947
1569,1,0.00519471,0.144383,2.2935,1,1,1,4.35066,0.132645,0.0990726,0.000428662,1.02617,0.755713
1570,1,0.00594537,0.155884,2.30573,1,1,1,4.35104,0.113446,0.10653,0.000620439,1.11988,0.845947
1571,1,0.00675368,0.167426,2.30938,1,1,1,4.352,0.169297,0.128901,0.000742058,1.03914,0.80083
1572,1,0.00762065,0.178978,2.30473,1,1,1,4.35248,0.122173,0.156599,0.000838197,0.894729,0.992578
1573,1,0.00854325,0.19046,2.29208,1,1,1,4.35353,0.204204,0.161925,0.000967515,0.999323,0.95874
1574,1,0.00952406,0.201872,2.27171,1,1,1,4.3544,0.181514,0.184296,0.00105438,0.908394,0.868506
1575,1,0.0105617,0.213164,2.24391,1,1,1,4.35535,0.18326,0.201341,0.00113317,0.872299,0.857227
1576,1,0.0116555,0.2243,2.20896,1,1,1,4.35622,0.214675,0.224778,0.00115595,0.754905,0.812109
1577,1,0.0128044,0.235243,2.16717,1,1,1,4.35746,0.228638,0.232235,0.00117952,0.809673,0.97002
1578,1,0.0140086,0.24597,2.11875,1,1,1,4.35842,0.214675,0.237561,0.00128549,0.896665,1.00386
1579,1,0.0152635,0.256419,2.06416,1,1,1,4.35996,0.191986,0.238627,0.00136185,1.02169,0.936182
1580,1,0.0165713,0.266593,2.00351,1,1,1,4.36082,0.263545,0.273781,0.00139081,0.761234,0.97002
1581,1,0.017929,0.276446,1.93718,1,1,1,4.36245,0.246091,0.281238,0.00140875,0.798356,1.01514
1582,1,0.0193351,0.285955,1.86543,1,1,1,4.3635,0.230383,0.26739,0.00146298,1.07014,0.981299
1583,1,0.0208005,0.295168,1.78786,1,1,1,4.36533,0.335103,0.289761,0.00139157,0.922889,1.06025
1584,1,0.0222854,0.303832,1.70682,1,1,1,4.36648,0.258309,0.307871,0.00155701,0.846114,1.06025
1585,1,0.0238255,0.312152,1.62055,1,1,1,4.36801,0.232129,0.304675,0.00138256,0.95231,0.789551
1586,1,0.0254062,0.320031,1.53001,1,1,1,4.36926,0.380482,0.306806,0.00156646,1.04195,0.857227
1587,1,0.0270251,0.327446,1.4355,1,1,1,4.37137,0.301942,0.30574,0.00144999,1.12096,0.992578
1588,1,0.0286798,0.334379,1.33731,1,1,1,4.37252,0.301942,0.34196,0.00147076,0.801979,1.16177
1589,1,0.0303681,0.340814,1.23571,1,1,1,4.37434,0.260054,0.32172,0.0014829,1.09492,0.868506
1590,1,0.032087,0.346731,1.13102,1,1,1,4.37558,0.364774,0.335569,0.00152921,1.01197,0.95874
1591,1,0.0338345,0.352119,1.02348,1,1,1,4.37798,0.375246,0.329177,0.00161783,1.15064,1.17305
1592,1,0.0356076,0.356962,0.913407,1,1,1,4.37932,0.293215,0.347287,0.00164265,1.00329,1.10537
1593,1,0.0374031,0.361249,0.801109,1,1,1,4.38143,0.387463,0.369658,0.00166897,0.802467,1.00386
1594,1,0.0392189,0.36497,0.686842,1,1,1,4.38277,0.319395,0.351548,0.00170094,1.03949,1.0377
1595,1,0.0410519,0.368115,0.570899,1,1,1,4.38479,0.387463,0.354744,0.00173253,1.03496,0.857227
1596,1,0.0428989,0.370676,0.453585,1,1,1,4.38642,0.413643,0.368593,0.00176311,0.905669,1.06025
1597,1,0.0447576,0.372649,0.335162,1,1,1,4.38872,0.359538,0.374985,0.00177077,0.847225,0.834668
1598,1,0.0466247,0.374027,0.215928,1,1,1,4.39025,0.406662,0.387768,0.00170476,0.699928,0.902344
1599,1,0.0484969,0.374807,0.0961872,1,1,1,4.39217,0.376991,0.384572,0.0016437,0.721308,0.744434
1600,1,0.0503717,0.374988,-0.0237908,1,1,1,4.3938,0.364774,0.392029,0.00158622,0.618288,0.688037
1601,1,0.0522457,0.374569,-0.143697,1,1,1,4.39601,0.417134,0.382442,0.00155811,0.699503,0.755713
1602,1,0.0541163,0.373552,-0.263274,1,1,1,4.39764,0.336849,0.383507,0.00151391,0.653651,0.575244
1603,1,0.0559804,0.371938,-0.38222,1,1,1,4.39955,0.389208,0.366462,0.00149328,0.802863,0.552686
1604,1,0.0578346,0.369731,-0.500226,1,1,1,4.40118,0.394444,0.374985,0.0014901,0.666716,0.676758
1605,1,0.0596767,0.366937,-0.617045,1,1,1,4.40339,0.359538,0.372854,0.00149806,0.642,0.812109
1606,1,0.0615032,0.363563,-0.732358,1,1,1,4.40483,0.366519,0.361136,0.00150962,0.71601,0.766992
1607,1,0.0633112,0.359617,-0.845876,1,1,1,4.40684,0.338594,0.363266,0.00153178,0.632699,0.721875
1608,1,0.0651001,0.355103,-0.957447,1,1,1,4.40828,0.340339,0.346222,0.00155012,0.752379,0.597803
1609,1,0.0668615,0.350047,-1.06643,1,1,1,4.41039,0.383972,0.351548,0.00160545,0.625489,0.812109
1610,1,0.0685979,0.344448,-1.17287,1,1,1,4.41182,0.314159,0.340895,0.00162644,0.662604,0.676758
1611,1,0.0703039,0.338328,-1.27631,1,1,1,4.41355,0.352557,0.337699,0.00164581,0.611931,0.563965
1612,1,0.0719794,0.331694,-1.37661,1,1,1,4.41518,0.392699,0.344091,0.00168089,0.451691,0.530127
1613,1,0.0736214,0.324562,-1.47345,1,1,1,4.417,0.240855,0.338764,0.00167452,0.408471,0.64292
1614,1,0.0752252,0.316961,-1.5664,1,1,1,4.41806,0.296706,0.318524,0.00165408,0.521582,0.496289
1615,1,0.0767901,0.308905,-1.65528,1,1,1,4.41997,0.296706,0.32172,0.00165444,0.3752,0.518848
1616,1,0.0783135,0.300416,-1.73978,1,1,1,4.42112,0.279253,0.295087,0.00163483,0.548755,0.417334
1617,1,0.0797934,0.291516,-1.81961,1,1,1,4.42285,0.298451,0.299348,0.00161306,0.37792,0.360938
1618,1,0.0812282,0.282227,-1.89451,1,1,1,4.4239,0.260054,0.275912,0.00160484,0.509024,0.518848
1619,1,0.0826152,0.272579,-1.96414,1,1,1,4.42544,0.280998,0.283369,0.00161255,0.299381,0.394775
1620,1,0.0839541,0.262589,-2.02829,1,1,1,4.42659,0.263545,0.237561,0.00167671,0.679926,0.428613
1621,1,0.0852405,0.252307,-2.08655,1,1,1,4.42803,0.267035,0.234365,0.00174001,0.589734,0.47373
1622,1,0.0864758,0.241741,-2.13874,1,1,1,4.42908,0.260054,0.243953,0.00173897,0.346285,0.609082
1623,1,0.0876576,0.23093,-2.18454,1,1,1,4.43023,0.178024,0.226908,0.00180908,0.403777,0.518848
1624,1,0.0887848,0.219906,-2.22366,1,1,1,4.43119,0.251327,0.232235,0.00184098,0.208301,0.530127
1625,1,0.0898564,0.208705,-2.2558,1,1,1,4.43244,0.132645,0.202406,0.00184544,0.393494,0.406055
1626,1,0.0908717,0.197359,-2.2807,1,1,1,4.43301,0.178024,0.198145,0.00182968,0.293834,0.394775
1627,1,0.0918297,0.185912,-2.29804,1,1,1,4.43416,0.191986,0.184296,0.00183011,0.302066,0.293262
1628,1,0.0927306,0.174393,-2.30755,1,1,1,4.43483,0.13439,0.141684,0.00183547,0.627171,0.169189
1629,1,0.0935738,0.162847,-2.30894,1,1,1,4.43579,0.218166,0.143815,0.00184111,0.461396,0.236865
1630,1,0.0943591,0.151317,-2.30193,1,1,1,4.43646,0.158825,0.14275,0.00188058,0.337062,0.304541
1631,1,0.095087,0.139844,-2.28621,1,1,1,4.43714,0.109956,0.127836,0.00192498,0.367556,0.281982
1632,1,0.0957578,0.128469,-2.26151,1,1,1,4.43761,0.106465,0.141684,0.00194363,0.0809867,0.259424
1633,1,0.096372,0.117243,-2.22754,1,1,1,4.43819,0.0872665,0.100138,0.00201863,0.414317,0.304541
1634,1,0.0969305,0.10621,-2.184,1,1,1,4.43867,0.141372,0.0948114,0.0020954,0.353672,0.270703
1635,1,0.0974345,0.0954192,-2.13062,1,1,1,4.43924,0.0698132,0.0916155,0.00214841,0.270951,0.360938
1636,1,0.0978852,0.0849209,-2.0671,1,1,1,4.43963,0.116937,0.0628525,0.00221142,0.475761,0.304541
1637,1,0.0982842,0.0747666,-1.99316,1,1,1,4.44001,0.0663225,0.0735055,0.00223892,0.247692,0.236865
1638,1,0.0986335,0.0650084,-1.9085,1,1,1,4.4402,0.0314159,0.0564607,0.00226707,0.330686,0.270703
1639,1,0.0989351,0.0556993,-1.81283,1,1,1,4.44059,0.0750492,0.0436772,0.00229362,0.373696,0.31582
1640,1,0.0991913,0.0468976,-1.70588,1,1,1,4.44087,0.0331613,0.0436772,0.00232766,0.285405,0.383496
1641,1,0.099405,0.0386603,-1.58737,1,1,1,4.44097,0.0191986,0.0479384,0.00233451,0.153904,0.281982
1642,1,0.099579,0.0310444,-1.45697,1,1,1,4.44116,0.0226893,0.028763,0.002328,0.285718,0.135352
1643,1,0.0997165,0.0241113,-1.31444,1,1,1,4.44135,0.0558505,0.0351548,0.00232324,0.146739,0.281982
1644,1,0.0998214,0.017918,-1.15937,1,1,1,4.44145,0,0.0245018,0.00233805,0.20882,0.372217
1645,1,0.0998971,0.0125376,-0.991732,1,1,1,4.44145,0,0.00319589,0.00235542,0.400326,0.360938
1646,1,0.0999481,0.00802496,-0.810985,1,1,1,4.44155,0,0.00426119,0.00237969,0.359327,0.236865
1647,1,0.0999789,0.00444932,-0.616935,1,1,1,4.44155,0.0174533,-0.0010653,0.00240868,0.402828,0.439893
1648,1,0.0999943,0.00187809,-0.409313,1,1,1,4.44155,-0.0261799,-0.0010653,0.00242536,0.400561,0.270703
1649,1,0.0999995,0.00037949,-0.187809,1,1,1,4.44155,0.015708,0.0010653,0.00245562,0.391996,0.383496
1650,1,0.1,0,0,1,1,1,4.44164,0,0.0010653,0.00245951,0.412937,0.575244
1651,1,0.1,0,0,1,1,1,4.44164,-0.0261799,0.0170448,0.00241569,0.231379,0.462451
1652,1,0.1,0,0,1,1,1,4.44155,0,0.0202406,0.0024049,0.1948,0.428613
1653,1,0.1,0,0,1,1,1,4.44155,-0.0610865,-0.00319589,0.00239064,0.45072,0.31582
1654,1,0.1,0,0,1,1,1,4.44164,0.0523599,0.00745708,0.00238599,0.332923,0.360938
1655,1,0.1,0,0,1,1,1,4.44164,-0.0523599,0.00639178,0.00237392,0.343047,0.270703
1656,1,0.1,0,0,1,1,1,4.44164,0.0506145,-0.00532648,0.00234642,0.468319,0.31582
1657,1,0.1,0,0,1,1,1,4.44164,0,5.21845e-19,0.00238173,0.414389,0.451172
1658,1,0.1,0,0,1,1,1,4.44174,0.010472,0.0234365,0.00232596,0.149107,0.360938
1659,1,0.1,0,0,1,1,1,4.44155,-0.00174533,-0.00745708,0.00231089,0.487065,0.372217
1660,1,0.1,0,0,1,1,1,4.44164,0,0.00532648,0.00231057,0.346404,0.3271
1661,1,0.1,0,0,1,1,1,4.44164,0,0.00532648,0.00227534,0.341753,0.15791
1662,1,0.1,0,0,1,1,1,4.44164,0.0261799,-0.0138489,0.00229838,0.555723,0.360938
1663,1,0.1,0,0,1,1,1,4.44164,-0.00523599,0.00852238,0.00230288,0.310234,0.360938
1664,1,0.1,0,0,1,1,1,4.44164,0,0.00639178,0.00225915,0.327898,0.383496
1665,1,0.1,0,0,1,1,1,4.44164,-0.00174533,-0.0223712,0.00228226,0.647342,0.406055
1666,1,0.1,0,0,1,1,1,4.44164,0,0.00532648,0.00228359,0.342842,0.31582
1667,1,0.1,0,0,1,1,1,4.44164,0,0.00319589,0.00225596,0.362632,0.338379
1668,1,0.1,0,0,1,1,1,4.44164,0,0.00213059,0.00226522,0.375572,0.507568
1669,1,0.1,0,0,1,1,1,4.44164,-0.0331613,-0.00426119,0.00224482,0.44319,0.338379
1670,1,0.1,0,0,1,1,1,4.44164,0.0296706,-0.00639178,0.00221421,0.462586,0.428613
1671,1,0.1,0,0,1,1,1,4.44164,0,0.0159795,0.00222199,0.217528,0.383496
1672,1,0.1,0,0,1,1,1,4.44164,0,-0.0170448,0.00219631,0.577405,0.304541
1673,1,0.1,0,0,1,1,1,4.44174,0.0750492,-0.0213059,0.00220244,0.625088,0.372217
1674,1,0.1,0,0,1,1,1,4.44164,-0.0366519,0.00426119,0.00218771,0.341904,0.518848
1675,1,0.1,0,0,1,1,1,4.44164,0,0.0159795,0.00218346,0.212443,0.439893
1676,1,0.1,0,0,1,1,1,4.44164,0,0.0138489,0.00215777,0.232488,0.270703
1677,1,0.1,0,0,1,1,1,4.44164,0,0.00852238,0.00211086,0.284887,0.281982
1678,1,0.1,0,0,1,1,1,4.44164,0,-0.00319589,0.00212322,0.41542,0.270703
1679,1,0.1,0,0,1,1,1,4.44164,0,0.00213059,0.0020905,0.352509,0.304541
1680,1,0.1,0,0,1,1,1,4.44164,-0.00872665,-0.00426119,0.00205074,0.417571,0.270703
1681,1,0.1,0,0,1,1,1,4.44164,0,0.00639178,0.00207813,0.304003,0.47373
1682,1,0.1,0,0,1,1,1,4.44164,0,-0.00958767,0.00207832,0.479803,0.507568
1683,1,0.1,0,0,1,1,1,4.44164,0,0.0202406,0.00207133,0.150769,0.281982
1684,1,0.1,0,0,1,1,1,4.44164,0,0.00213059,0.00207266,0.350154,0.394775
1685,1,0.1,0,0,1,1,1,4.44164,0,-0.00426119,0.00208221,0.421725,0.406055
1686,1,0.1,0,0,1,1,1,4.44164,0,-0.00319589,0.00208024,0.409747,0.417334
1687,1,0.1,0,0,1,1,1,4.44164,0,0.0117183,0.0021232,0.251361,0.439893
1688,1,0.1,0,0,1,1,1,4.44174,0,0.0010653,0.00210201,0.365747,0.281982
1689,1,0.1,0,0,1,1,1,4.44164,0,0.00213059,0.00206643,0.349332,0.259424
1690,1,0.1,0,0,1,1,1,4.44164,0.0331613,0.00958767,0.00209122,0.270576,0.439893
1691,1,0.1,0,0,1,1,1,4.44164,-0.0558505,0.00639178,0.00204972,0.300253,0.360938
1692,1,0.1,0,0,1,1,1,4.44164,0.0366519,-0.0170448,0.00204299,0.557167,0.383496
1693,1,0.1,0,0,1,1,1,4.44164,0,0.00958767,0.00203311,0.262907,0.372217
1694,1,0.1,0,0,1,1,1,4.44164,0,-0.00639178,0.00203246,0.438594,0.304541
1695,1,0.1,0,0,1,1,1,4.44164,0.00872665,0.0117183,0.0019993,0.235006,0.417334
1696,1,0.1,0,0,1,1,1,4.44164,-0.0366519,-0.00213059,0.00195651,0.381695,0.214307
1697,1,0.1,0,0,1,1,1,4.44164,0.00872665,-0.0170448,0.00196437,0.546789,0.180469
1698,1,0.1,0,0,1,1,1,4.44164,0.00872665,0.00319589,0.00192385,0.318794,0.270703
1699,1,0.1,0,0,1,1,1,4.44164,0.00872665,0.00319589,0.00190417,0.316196,0.349658
1700,1,0.1,0,0,1,1,1,4.44164,-0.0244346,-0.00745708,0.00192549,0.436193,0.451172
1701,1,0.1,0,0,1,1,1,4.44164,0,-0.0127836,0.0019291,0.495261,0.394775
1702,1,0.1,0,0,1,1,1,4.44164,-0.00872665,9.13229e-19,0.00189275,0.349843,0.281982
1703,1,0.1,0,0,1,1,1,4.44164,0.00872665,-2.60922e-19,0.00188211,0.348439,0.236865
1704,1,0.1,0,0,1,1,1,4.44164,0,-0.010653,0.00184828,0.461156,0.31582
1705,1,0.1,0,0,1,1,1,4.44164,0.0506145,-0.0159795,0.00188545,0.524653,0.597803
1706,1,0.1,0,0,1,1,1,4.44174,-0.0279253,0.0138489,0.00186829,0.194276,0.462451
1707,1,0.1,0,0,1,1,1,4.44164,0,0.00852238,0.00187104,0.253232,0.259424
1708,1,0.1,0,0,1,1,1,4.44164,0.00872665,0.010653,0.00179735,0.220043,0.360938
1709,1,0.1,0,0,1,1,1,4.44155,0,-0.00426119,0.00177959,0.381759,0.304541
1710,1,0.1,0,0,1,1,1,4.44164,0,0.0245018,0.00175416,0.0620289,0.225586
1711,1,0.1,0,0,1,1,1,4.44155,0,-0.00532648,0.00175827,0.390683,0.259424
1712,1,0.1,0,0,1,1,1,4.44164,0.0261799,-0.00639178,0.0017663,0.403461,0.394775
1713,1,0.1,0,0,1,1,1,4.44155,0,-3.91384e-19,0.0017596,0.332268,0.293262
1714,1,0.1,0,0,1,1,1,4.44164,0,0.00213059,0.00173426,0.305485,0.31582
1715,1,0.1,0,0,1,1,1,4.44164,0,0.0127836,0.00171265,0.185451,0.338379
1716,1,0.1,0,0,1,1,1,4.44164,0,0.00958767,0.00168599,0.217087,0.281982
1717,1,0.1,0,0,1,1,1,4.44164,0,-0.00213059,0.00172089,0.350594,0.451172
1718,1,0.1,0,0,1,1,1,4.44164,-0.0226893,-0.00639178,0.00167804,0.39181,0.338379
1719,1,0.1,0,0,1,1,1,4.44164,0.0279253,0.010653,0.00165642,0.201465,0.225586
1720,1,0.1,0,0,1,1,1,4.44155,-0.0174533,0.0127836,0.0016643,0.179068,0.31582
1721,1,0.1,0,0,1,1,1,4.44164,-0.00872665,-0.0010653,0.00169064,0.334883,0.496289
1722,1,0.1,0,0,1,1,1,4.44164,-0.00523599,0.010653,0.00166115,0.20209,0.31582
1723,1,0.1,0,0,1,1,1,4.44164,0,0.0223712,0.00164826,0.0714836,0.31582
1724,1,0.1,0,0,1,1,1,4.44155,-0.00872665,0.00426119,0.00164089,0.269724,0.304541
1725,1,0.1,0,0,1,1,1,4.44164,0,0.0202406,0.00160508,0.089224,0.304541
1726,1,0.1,0,0,1,1,1,4.44155,-0.0296706,0.0010653,0.00160145,0.299674,0.191748
1727,1,0.1,0,0,1,1,1,4.44164,0,-0.00958767,0.00160221,0.416956,0.236865
1728,1,0.1,0,0,1,1,1,4.44155,0,0.0159795,0.00160276,0.13579,0.406055
1729,1,0.1,0,0,1,1,1,4.44155,-0.0436332,0.00639178,0.0016014,0.241075,0.293262
1730,1,0.1,0,0,1,1,1,4.44164,0.0418879,0.0138489,0.00158454,0.156822,0.349658
1731,1,0.1,0,0,1,1,1,4.44155,-0.0174533,-0.0010653,0.0015506,0.316397,0.169189
1732,1,0.1,0,0,1,1,1,4.44155,0.0418879,-0.00745708,0.00155121,0.386787,0.349658
1733,1,0.1,0,0,1,1,1,4.44164,-0.00174533,0.0191753,0.00155864,0.0948111,0.48501
1734,1,0.1,0,0,1,1,1,4.44164,0,0.00532648,0.00158341,0.250419,0.3271
1735,1,0.1,0,0,1,1,1,4.44164,0.00523599,0.00639178,0.00155936,0.235526,0.349658
1736,1,0.1,0,0,1,1,1,4.44155,-0.0279253,-0.0010653,0.00154266,0.315349,0.236865
1737,1,0.1,0,0,1,1,1,4.44164,0,-0.0127836,0.00156514,0.447218,0.31582
1738,1,0.1,0,0,1,1,1,4.44164,0,-0.0223712,0.00154928,0.550589,0.169189
1739,1,0.1,0,0,1,1,1,4.44164,0.0680678,1.95692e-18,0.00156709,0.306856,0.360938
1740,1,0.1,0,0,1,1,1,4.44164,-0.0349066,-0.010653,0.00156066,0.423189,0.394775
1741,1,0.1,0,0,1,1,1,4.44164,0.00872665,0.0149142,0.00154901,0.140414,0.3271
1742,1,0.1,0,0,1,1,1,4.44155,-0.0139626,-0.0138489,0.00156769,0.459273,0.406055
1743,1,0.1,0,0,1,1,1,4.44164,0,8.47998e-19,0.00158019,0.308585,0.406055
1744,1,0.1,0,0,1,1,1,4.44164,0,0.00532648,0.00155395,0.246531,0.394775
1745,1,0.1,0,0,1,1,1,4.44155,0,0.00319589,0.00155928,0.27067,0.338379
1746,1,0.1,0,0,1,1,1,4.44164,0,0.0010653,0.00156335,0.294643,0.259424
1747,1,0.1,0,0,1,1,1,4.44164,0.0122173,0.010653,0.00154048,0.186161,0.394775
1748,1,0.1,0,0,1,1,1,4.44155,-0.020944,-0.00532648,0.00152393,0.359751,0.360938
1749,1,0.1,0,0,1,1,1,4.44164,0.00872665,0,0.00149855,0.297809,0.293262
1750,1,0.1,0,0,1,1,1,4.44155,0,-0.00426119,0.00147861,0.34205,0.383496
1751,1,0.1,0,0,1,1,1,4.44155,0,0.00852238,0.00141195,0.192519,0.203027
1752,1,0.1,0,0,1,1,1,4.44155,0,-0.00213059,0.00141627,0.310384,0.338379
1753,1,0.1,0,0,1,1,1,4.44155,0,-3.91384e-19,0.00141126,0.286287,0.293262
1754,1,0.1,0,0,1,1,1,4.44155,0,0.0159795,0.00140935,0.11026,0.338379
1755,1,0.1,0,0,1,1,1,4.44155,-0.0279253,-0.0117183,0.0014142,0.415575,0.496289
1756,1,0.1,0,0,1,1,1,4.44155,0,-0.0191753,0.00141588,0.497825,0.349658
1757,1,0.1,0,0,1,1,1,4.44164,0.020944,-0.00319589,0.0014083,0.32105,0.304541
1758,1,0.1,0,0,1,1,1,4.44155,-0.00698132,0.0213059,0.0013929,0.0494979,0.338379
1759,1,0.1,0,0,1,1,1,4.44155,-0.0593412,1.43507e-18,0.00137195,0.281097,0.214307
1760,1,0.1,0,0,1,1,1,4.44155,0.0296706,-0.00426119,0.00136726,0.327351,0.203027
1761,1,0.1,0,0,1,1,1,4.44164,-0.015708,0.0010653,0.00137687,0.270029,0.372217
1762,1,0.1,0,0,1,1,1,4.44155,0,-0.00532648,0.00137814,0.340505,0.372217
1763,1,0.1,0,0,1,1,1,4.44155,0,0.00319589,0.00137913,0.24689,0.338379
1764,1,0.1,0,0,1,1,1,4.44164,0.00872665,0.0138489,0.00135848,0.126982,0.225586
1765,1,0.1,0,0,1,1,1,4.44155,0,-0.00213059,0.00135513,0.302313,0.281982
1766,1,0.1,0,0,1,1,1,4.44164,0,0.0213059,0.00134165,0.0427327,0.281982
1767,1,0.1,0,0,1,1,1,4.44155,-0.0174533,0.00958767,0.00131688,0.168364,0.281982
1768,1,0.1,0,0,1,1,1,4.44155,0,-0.0127836,0.00132429,0.415425,0.112793
1769,1,0.1,0,0,1,1,1,4.44164,0.0174533,0.00213059,0.00131539,0.250195,0.180469
1770,1,0.1,0,0,1,1,1,4.44155,0,0.00213059,0.00129438,0.247422,0.191748
1771,1,0.1,0,0,1,1,1,4.44155,0,0.010653,0.0012545,0.14837,0.101514
1772,1,0.1,0,0,1,1,1,4.44145,-0.00174533,0.01811,0.00126448,0.0677003,0.214307
1773,1,0.1,0,0,1,1,1,4.44155,-0.0453786,0.0117183,0.00124634,0.135578,0.225586
1774,1,0.1,0,0,1,1,1,4.44155,0.0139626,0.0170448,0.00125232,0.0778137,0.281982
1775,1,0.1,0,0,1,1,1,4.44145,-0.0488692,-0.00319589,0.00123703,0.298443,0.0902344
1776,1,0.1,0,0,1,1,1,4.44155,0.0575959,-0.00639178,0.00126386,0.337139,0.214307
1777,1,0.1,0,0,1,1,1,4.44155,-0.0314159,0.00426119,0.00123836,0.21659,0.225586
1778,1,0.1,0,0,1,1,1,4.44155,0.0244346,-0.00426119,0.00121534,0.307298,0.15791
1779,1,0.1,0,0,1,1,1,4.44145,0.00174533,0.00319589,0.00119529,0.222623,0.191748
1780,1,0.1,0,0,1,1,1,4.44155,0,-0.00532648,0.00116692,0.312415,0.203027
1781,1,0.1,0,0,1,1,1,4.44155,0.0191986,-0.0138489,0.00115761,0.405096,0.180469
1782,1,0.1,0,0,1,1,1,4.44155,-0.00872665,-0.0127836,0.00116062,0.393821,0.236865
1783,1,0.1,0,0,1,1,1,4.44155,0.0226893,0.00319589,0.0011899,0.221912,0.281982
1784,1,0.1,0,0,1,1,1,4.44155,0,-0.00745708,0.00119873,0.34008,0.214307
1785,1,0.1,0,0,1,1,1,4.44155,0.00174533,0.0149142,0.00118006,0.0917005,0.259424
1786,1,0.1,0,0,1,1,1,4.44145,-0.0436332,0.00532648,0.00115712,0.194149,0.101514
1787,1,0.1,0,0,1,1,1,4.44155,0.0174533,-0.00745708,0.00119243,0.339428,0.259424
1788,1,0.1,0,0,1,1,1,4.44155,0.00872665,0.00213059,0.00124347,0.240701,0.304541
1789,1,0.1,0,0,1,1,1,4.44155,0,0.0255671,0.00123261,-0.0185338,0.372217
1790,1,0.1,0,0,1,1,1,4.44155,0,0.0213059,0.00120988,0.0253385,0.31582
1791,1,0.1,0,0,1,1,1,4.44145,-0.00174533,0.00426119,0.00117609,0.208293,0.236865
1792,1,0.1,0,0,1,1,1,4.44155,0,0.0127836,0.00120441,0.118363,0.259424
1793,1,0.1,0,0,1,1,1,4.44155,-0.020944,0.00745708,0.00117306,0.172816,0.281982
1794,1,0.1,0,0,1,1,1,4.44155,0,-0.00852238,0.00118563,0.350249,0.236865
1795,1,0.1,0,0,1,1,1,4.44155,0.00349066,-0.00532648,0.00118756,0.315349,0.225586
1796,1,0.1,0,0,1,1,1,4.44155,0,-0.0149142,0.00115804,0.416918,0.180469
1797,1,0.1,0,0,1,1,1,4.44155,0.0418879,-0.00426119,0.00114463,0.297792,0.191748
1798,1,0.1,0,0,1,1,1,4.44155,-0.0261799,0.00319589,0.0011364,0.214656,0.270703
1799,1,0.1,0,0,1,1,1,4.44155,0,0.0149142,0.00115491,0.0883924,0.3271
1800,1,0.1,0,0,1,1,1,4.44155,0,0.0010653,0.00114075,0.238861,0.383496
1801,1,0.1,0,0,1,1,1,4.44155,0,0.00213059,0.00113099,0.225854,0.304541
1802,1,0.1,0,0,1,1,1,4.44155,0,-0.00532648,0.00112428,0.306996,0.0902344
1803,1,0.1,0,0,1,1,1,4.44155,0.020944,-0.0159795,0.00113224,0.42523,0.214307
1804,1,0.1,0,0,1,1,1,4.44155,0,-0.00958767,0.00111324,0.352413,0.169189
1805,1,0.1,0,0,1,1,1,4.44155,0.00872665,-0.00213059,0.00110783,0.26967,0.180469
1806,1,0.1,0,0,1,1,1,4.44155,0,-0.00213059,0.00111635,0.270794,0.270703
1807,1,0.1,0,0,1,1,1,4.44155,-0.00872665,-0.00745708,0.00109527,0.326603,0.236865
1808,1,0.1,0,0,1,1,1,4.44155,0,0.00213059,0.001077,0.218727,0.304541
1809,1,0.1,0,0,1,1,1,4.44145,-0.00523599,-0.00958767,0.00107587,0.347479,0.281982
1810,1,0.1,0,0,1,1,1,4.44155,0,-0.00319589,0.00104306,0.27275,0.248145
1811,1,0.1,0,0,1,1,1,4.44155,0.020944,0.0202406,0.000999918,0.00926836,0.169189
1812,1,0.1,0,0,1,1,1,4.44145,-0.0296706,-0.010653,0.000982363,0.346855,0.191748
1813,1,0.1,0,0,1,1,1,4.44155,0.0174533,-0.0010653,0.000989197,0.242292,0.214307
1814,1,0.1,0,0,1,1,1,4.44155,-0.00872665,-0.00852238,0.000957266,0.320105,0.135352
1815,1,0.1,0,0,1,1,1,4.44155,0.0261799,0.0010653,0.000932909,0.211426,0.124072
1816,1,0.1,0,0,1,1,1,4.44145,-0.0174533,0.01811,0.000926692,0.0231128,0.180469
1817,1,0.1,0,0,1,1,1,4.44145,-0.0139626,-0.00852238,0.000941732,0.318055,0.31582
1818,1,0.1,0,0,1,1,1,4.44155,0.0174533,0.00319589,0.000923172,0.186704,0.225586
1819,1,0.1,0,0,1,1,1,4.44155,0.0226893,-0.0127836,0.000936463,0.364232,0.3271
1820,1,0.1,0,0,1,1,1,4.44155,0,-0.0138489,0.000948557,0.377547,0.349658
1821,1,0.1,0,0,1,1,1,4.44155,0.0418879,0.00213059,0.000949848,0.201943,0.225586
1822,1,0.1,0,0,1,1,1,4.44155,-0.0122173,-0.00958767,0.000929024,0.328096,0.169189
1823,1,0.1,0,0,1,1,1,4.44155,0.0191986,-0.00319589,0.000941095,0.259379,0.214307
1824,1,0.1,0,0,1,1,1,4.44145,-0.0261799,-0.00532648,0.000923518,0.280496,0.214307
1825,1,0.1,0,0,1,1,1,4.44155,0.00872665,0.00319589,0.000932294,0.187908,0.124072
1826,1,0.1,0,0,1,1,1,4.44155,0,-0.00532648,0.000928792,0.281139,0.112793
1827,1,0.1,0,0,1,1,1,4.44155,0,-0.01811,0.000952314,0.424899,0.270703
1828,1,0.1,0,0,1,1,1,4.44155,-0.00872665,0.00639178,0.000957094,0.156027,0.225586
1829,1,0.1,0,0,1,1,1,4.44155,0,-0.00639178,0.000983524,0.300135,0.191748
1830,1,0.1,0,0,1,1,1,4.44155,0.0139626,-0.028763,0.000964529,0.543633,0.15791
1831,1,0.1,0,0,1,1,1,4.44155,0.0715585,-0.010653,0.000939013,0.341132,0.0563965
1832,1,0.1,0,0,1,1,1,4.44155,-0.0139626,-0.00639178,0.000968557,0.298159,0.428613
1833,1,0.1,0,0,1,1,1,4.44155,-0.00872665,-0.00639178,0.00100296,0.302701,0.203027
1834,1,0.1,0,0,1,1,1,4.44155,0.0174533,0.0149142,0.000988067,0.0663691,0.135352
1835,1,0.1,0,0,1,1,1,4.44145,0,-0.00213059,0.00101276,0.257121,0.180469
1836,1,0.1,0,0,1,1,1,4.44155,0.00174533,0.0202406,0.00100059,0.00943046,0.101514
1837,1,0.1,0,0,1,1,1,4.44155,0,0.00319589,0.000967958,0.192558,0.112793
1838,1,0.1,0,0,1,1,1,4.44145,0,0.0117183,0.000994214,0.102335,0.225586
1839,1,0.1,0,0,1,1,1,4.44145,-0.0471239,-0.010653,0.000975457,0.345943,0.101514
1840,1,0.1,0,0,1,1,1,4.44155,0.0349066,0.00639178,0.000963569,0.156882,0.180469
1841,1,0.1,0,0,1,1,1,4.44145,-0.00698132,0.00319589,0.000972161,0.193024,0.281982
1842,1,0.1,0,0,1,1,1,4.44155,-0.00349066,0.0266324,0.000936548,-0.06985,0.135352
1843,1,0.1,0,0,1,1,1,4.44145,0,0.00319589,0.000920696,0.186066,0.101514
1844,1,0.1,0,0,1,1,1,4.44145,0,0.00213059,0.000887666,0.193695,0.101514
1845,1,0.1,0,0,1,1,1,4.44145,0,-0.0149142,0.000858729,0.377408,0.0563965
1846,1,0.1,0,0,1,1,1,4.44145,0.0139626,-0.00745708,0.000910721,0.302243,0.225586
1847,1,0.1,0,0,1,1,1,4.44155,0,0.0159795,0.000889297,0.0416132,0.101514
1848,1,0.1,0,0,1,1,1,4.44145,0,0.0138489,0.000893861,0.065634,0.214307
1849,1,0.1,0,0,1,1,1,4.44145,-0.0488692,-0.0223712,0.000872503,0.461254,0.135352
1850,1,0.1,-4.69505e-05,-0.0945683,1,1,1,4.44155,0.0366519,0.010653,0.000840313,0.0803025,0.0563965
1851,1,0.0999966,-0.00168182,-0.554633,1,1,1,4.44145,0,-0.0170448,0.000887437,0.309073,0.0902344
1852,1,0.0999795,-0.00554643,-0.986578,1,1,1,4.44155,0.0139626,0.0149142,0.000839576,-0.155633,0.191748
1853,1,0.0999377,-0.0115018,-1.39099,1,1,1,4.44135,-0.00872665,0.00745708,0.000792294,-0.208965,0.0563965
1854,1,0.0998612,-0.0194122,-1.76848,1,1,1,4.44135,0.00872665,-0.0170448,0.000691896,-0.10411,-0.0225586
1855,1,0.0997405,-0.0291407,-2.11947,1,1,1,4.44135,0,0.00958767,0.000581171,-0.581736,-0.0789551
1856,1,0.0995669,-0.0405641,-2.4448,1,1,1,4.44126,-0.015708,0.00745708,0.000399508,-0.772328,-0.101514
1857,1,0.0993323,-0.0535492,-2.74485,1,1,1,4.44107,-0.0471239,0.00213059,0.000206373,-0.946446,-0.3271
1858,1,0.099029,-0.0679724,-3.02023,1,1,1,4.44068,-0.141372,-0.0159795,-7.86511e-05,-1.00883,-0.778271
1859,1,0.0986503,-0.0837112,-3.27153,1,1,1,4.43944,-0.132645,-0.0010653,-0.00040749,-1.45433,-1.18433
1860,1,0.09819,-0.100647,-3.49932,1,1,1,4.43924,-0.00698132,-0.0873543,-0.000605104,-0.780512,-1.13921
1861,1,0.0976421,-0.118665,-3.70419,1,1,1,4.43896,-0.0575959,-0.0948114,-0.000763424,-0.97698,-1.0377
1862,1,0.0970017,-0.137652,-3.88673,1,1,1,4.43848,-0.143117,-0.116117,-0.000904404,-1.02856,-0.981299
1863,1,0.0962641,-0.157497,-4.04748,1,1,1,4.43752,-0.122173,-0.135293,-0.00103252,-1.10941,-1.13921
1864,1,0.0954254,-0.178093,-4.18704,1,1,1,4.43694,-0.144862,-0.187492,-0.00109786,-0.824407,-1.13921
1865,1,0.0944821,-0.199334,-4.30598,1,1,1,4.43598,-0.146608,-0.172578,-0.00117683,-1.28439,-1.0377
1866,1,0.0934312,-0.221119,-4.40486,1,1,1,4.43493,-0.315905,-0.201341,-0.00121873,-1.26327,-1.08281
1867,1,0.0922703,-0.243348,-4.48427,1,1,1,4.43349,-0.198968,-0.238627,-0.00124525,-1.14891,-1.20688
1868,1,0.0909972,-0.265929,-4.5448,1,1,1,4.43253,-0.279253,-0.275912,-0.00127877,-1.03756,-1.19561
1869,1,0.0896105,-0.288766,-4.587,1,1,1,4.43081,-0.260054,-0.291891,-0.00131532,-1.16165,-1.3084
1870,1,0.0881092,-0.311769,-4.61147,1,1,1,4.42966,-0.272271,-0.298283,-0.00131862,-1.38559,-1.07153
1871,1,0.0864927,-0.334852,-4.61877,1,1,1,4.42755,-0.424115,-0.336634,-0.00131281,-1.25577,-1.28584
1872,1,0.0847607,-0.357929,-4.60948,1,1,1,4.42611,-0.331613,-0.36007,-0.00132215,-1.28955,-1.3084
1873,1,0.0829134,-0.380921,-4.58417,1,1,1,4.42381,-0.376991,-0.384572,-0.00128752,-1.30165,-1.10537
1874,1,0.0809517,-0.403746,-4.54343,1,1,1,4.42227,-0.403171,-0.425053,-0.00119719,-1.12569,-1.09409
1875,1,0.0788764,-0.42633,-4.48782,1,1,1,4.41988,-0.460767,-0.425053,-0.00117297,-1.3992,-1.28584
1876,1,0.0766892,-0.448598,-4.41794,1,1,1,4.41777,-0.483456,-0.478318,-0.00109809,-1.0743,-1.46631
1877,1,0.0743912,-0.470485,-4.33434,1,1,1,4.41508,-0.376991,-0.487906,-0.00103083,-1.22331,-1.13921
1878,1,0.071985,-0.49192,-4.2376,1,1,1,4.41326,-0.544543,-0.496428,-0.000942159,-1.37327,-1.24072
1879,1,0.0694728,-0.512841,-4.12831,1,1,1,4.40972,-0.612611,-0.530518,-0.000899971,-1.24143,-1.55654
1880,1,0.0668575,-0.533184,-4.00703,1,1,1,4.40761,-0.47473,-0.545432,-0.000841206,-1.30854,-1.42119
1881,1,0.0641418,-0.552894,-3.87435,1,1,1,4.40454,-0.589921,-0.578456,-0.000690736,-1.15321,-1.15049
1882,1,0.0613297,-0.57191,-3.73085,1,1,1,4.40195,-0.657989,-0.568869,-0.000626964,-1.46884,-1.36479
1883,1,0.0584242,-0.590183,-3.57709,1,1,1,4.3984,-0.518363,-0.612546,-0.000516256,-1.18111,-1.18433
1884,1,0.0554292,-0.607665,-3.41364,1,1,1,4.3961,-0.624828,-0.655158,-0.000312745,-0.879762,-1.16177
1885,1,0.0523488,-0.624305,-3.24109,1,1,1,4.39227,-0.637045,-0.646635,-0.000198887,-1.14204,-1.13921
1886,1,0.0491877,-0.640061,-3.06004,1,1,1,4.38968,-0.614356,-0.639178,-0.0001296,-1.38679,-1.17305
1887,1,0.0459501,-0.654891,-2.87103,1,1,1,4.38536,-0.778417,-0.674333,-9.364e-05,-1.15582,-1.11665
1888,1,0.0426402,-0.66876,-2.67461,1,1,1,4.38268,-0.649262,-0.673268,1.51654e-06,-1.30021,-1.19561
1889,1,0.0392638,-0.681627,-2.47142,1,1,1,4.37856,-0.774926,-0.673268,8.38476e-05,-1.42127,-1.01514
1890,1,0.0358258,-0.693463,-2.26202,1,1,1,4.37578,-0.670206,-0.728663,0.00016736,-0.920076,-1.13921
1891,1,0.0323312,-0.704237,-2.04697,1,1,1,4.37127,-0.734784,-0.729728,0.000267062,-0.998789,-1.13921
1892,1,0.0287853,-0.713924,-1.82684,1,1,1,4.36839,-0.680678,-0.749969,0.000402824,-0.846984,-0.947461
1893,1,0.0251935,-0.722499,-1.6022,1,1,1,4.36408,-0.76969,-0.773406,0.000566634,-0.64111,-0.924902
1894,1,0.0215623,-0.729939,-1.37369,1,1,1,4.36111,-0.703368,-0.77021,0.000719628,-0.714607,-0.902344
1895,1,0.0178963,-0.73623,-1.1418,1,1,1,4.35651,-0.802851,-0.737185,0.000821909,-1.10834,-0.913623
1896,1,0.0142017,-0.741353,-0.907141,1,1,1,4.35344,-0.694641,-0.769144,0.000955039,-0.768634,-0.879785
1897,1,0.0104843,-0.745298,-0.670292,1,1,1,4.34903,-0.816814,-0.77021,0.00114039,-0.744887,-0.631641
1898,1,0.00675088,-0.748053,-0.431869,1,1,1,4.34586,-0.736529,-0.778732,0.00122694,-0.638809,-0.676758
1899,1,0.0030062,-0.749614,-0.19238,1,1,1,4.34126,-0.806342,-0.765949,0.00129807,-0.753753,-0.80083
1900,1,-0.000743477,-0.749976,0.0475823,1,1,1,4.33839,-0.659734,-0.78832,0.00142245,-0.461895,-0.766992
1901,1,-0.00449157,-0.749139,0.287405,1,1,1,4.33398,-0.818559,-0.767014,0.0014784,-0.646207,-0.699316
1902,1,-0.00823263,-0.747104,0.526548,1,1,1,4.33052,-0.823795,-0.786189,0.00147101,-0.378651,-0.733154
1903,1,-0.0119608,-0.743875,0.764444,1,1,1,4.32583,-0.6353,-0.760622,0.00156884,-0.574381,-0.620361
1904,1,-0.0156698,-0.739462,1.00049,1,1,1,4.32324,-0.684169,-0.762753,0.00170727,-0.445606,-0.394775
1905,1,-0.0193535,-0.733874,1.2341,1,1,1,4.31816,-0.879646,-0.763818,0.00176697,-0.324577,-0.451172
1906,1,-0.0230064,-0.727126,1.46472,1,1,1,4.31528,-0.666716,-0.73612,0.00188079,-0.498342,-0.507568
1907,1,-0.0266227,-0.719233,1.69177,1,1,1,4.31106,-0.748746,-0.765949,0.0020629,-0.016563,-0.281982
1908,1,-0.0301971,-0.710215,1.91469,1,1,1,4.30838,-0.657989,-0.713749,0.00218898,-0.43107,-0.270703
1909,1,-0.0337231,-0.700094,2.13287,1,1,1,4.30435,-0.731293,-0.722271,0.00224192,-0.173781,-0.383496
1910,1,-0.0371958,-0.688896,2.34574,1,1,1,4.30109,-0.790634,-0.6999,0.00228504,-0.245019,-0.203027
1911,1,-0.04061,-0.676648,2.55275,1,1,1,4.29687,-0.708604,-0.670072,0.00230868,-0.388309,-0.349658
1912,1,-0.0439608,-0.663378,2.75334,1,1,1,4.294,-0.684169,-0.662615,0.00226444,-0.282383,-0.349658
1913,1,-0.0472423,-0.649126,2.94686,1,1,1,4.29026,-0.623083,-0.657288,0.00232534,-0.127923,-0.270703
1914,1,-0.0504502,-0.633924,3.13279,1,1,1,4.28776,-0.598648,-0.625329,0.00233407,-0.262298,-0.101514
1915,1,-0.0535802,-0.61781,3.31057,1,1,1,4.28441,-0.514872,-0.642374,0.00235648,0.154512,-0.214307
1916,1,-0.0566273,-0.60083,3.47957,1,1,1,4.28249,-0.490438,-0.59337,0.0023892,-0.144153,-0.0112793
1917,1,-0.0595873,-0.583029,3.63925,1,1,1,4.27933,-0.626573,-0.583783,0.00234781,-0.00992425,-0.0112793
1918,1,-0.062456,-0.564456,3.789,1,1,1,4.27674,-0.602139,-0.537975,0.00230108,-0.266425,-0.0451172
1919,1,-0.0652305,-0.545158,3.92829,1,1,1,4.27319,-0.593412,-0.546497,0.00226992,0.0844687,-0.0338379
1920,1,-0.0679066,-0.525191,4.05652,1,1,1,4.27089,-0.561996,-0.519865,0.00221372,0.052247,-0.0902344
1921,1,-0.0704812,-0.504613,4.1731,1,1,1,4.26744,-0.534071,-0.503885,0.00222483,0.152299,-0.0902344
1922,1,-0.0729518,-0.48348,4.27749,1,1,1,4.26552,-0.47473,-0.492167,0.00225213,0.306645,-0.0225586
1923,1,-0.0753154,-0.461858,4.36909,1,1,1,4.26322,-0.310669,-0.465535,0.00227189,0.300382,-0.0676758
1924,1,-0.0775696,-0.439813,4.44731,1,1,1,4.26226,-0.228638,-0.442098,0.00228546,0.331984,0
1925,1,-0.0797126,-0.417411,4.5116,1,1,1,4.25958,-0.513127,-0.415466,0.00227196,0.327468,0.191748
1926,1,-0.0817432,-0.39472,4.56139,1,1,1,4.25814,-0.328122,-0.408009,0.00223656,0.532628,0.0789551
1927,1,-0.0836598,-0.371819,4.59608,1,1,1,4.25622,-0.305433,-0.363266,0.00231625,0.343523,0.169189
1928,1,-0.0854612,-0.348785,4.61511,1,1,1,4.25478,-0.387463,-0.316393,0.00203805,0.0832882,0.214307
1929,1,-0.0871474,-0.325697,4.61789,1,1,1,4.25267,-0.289725,-0.270585,0.00194002,-0.144461,0.0563965
1930,1,-0.0887183,-0.302633,4.60385,1,1,1,4.25162,-0.258309,-0.245018,0.00168419,-0.173804,0.0563965
1931,1,-0.0901741,-0.279685,4.57242,1,1,1,4.25018,-0.23911,-0.225843,0.00145174,-0.133495,0.0451172
1932,1,-0.0915154,-0.25694,4.52302,1,1,1,4.24932,-0.202458,-0.190688,0.001227,-0.272925,0.0225586
1933,1,-0.0927439,-0.234486,4.45507,1,1,1,4.24817,-0.190241,-0.187492,0.000917596,-0.078605,0.0789551
1934,1,-0.093861,-0.21242,4.368,1,1,1,4.2474,-0.193732,-0.155533,0.000733721,-0.192352,0.0225586
1935,1,-0.094869,-0.190838,4.26123,1,1,1,4.24644,-0.141372,-0.134227,0.000509813,-0.202598,0
1936,1,-0.0957703,-0.169843,4.1342,1,1,1,4.24587,-0.111701,-0.103334,0.000226898,-0.33772,-0.0225586
1937,1,-0.0965685,-0.149532,3.9863,1,1,1,4.2451,-0.127409,-0.116117,-1.17022e-06,0.00354011,-0.0225586
1938,1,-0.097267,-0.130016,3.817,1,1,1,4.24472,-0.111701,-0.0724402,-0.00025809,-0.292702,-0.0451172
1939,1,-0.0978701,-0.1114,3.62568,1,1,1,4.24395,-0.127409,-0.0585913,-0.000522667,-0.277407,-0.0676758
1940,1,-0.0983827,-0.0937956,3.41177,1,1,1,4.24328,-0.188496,-0.0532648,-0.000774405,-0.182662,-0.101514
1941,1,-0.09881,-0.0773198,3.17472,1,1,1,4.24222,-0.0959931,-0.0159795,-0.00102011,-0.455469,-0.281982
1942,1,-0.0991579,-0.0620885,2.91394,1,1,1,4.24222,0.0139626,-0.00639178,-0.00123231,-0.438052,-0.383496
1943,1,-0.0994331,-0.0482208,2.62884,1,1,1,4.24203,-0.0436332,-0.00639178,-0.00139235,-0.32797,-0.236865
1944,1,-0.0996426,-0.0358425,2.31891,1,1,1,4.24203,0,-0.00426119,-0.00153016,-0.260083,-0.281982
1945,1,-0.0997942,-0.025076,1.98349,1,1,1,4.24203,0,0.00319589,-0.00168634,-0.277387,-0.225586
1946,1,-0.0998963,-0.0160508,1.62201,1,1,1,4.24203,-0.0244346,0.0010653,-0.00184317,-0.215084,-0.439893
1947,1,-0.0999578,-0.00889967,1.23394,1,1,1,4.24194,0.0349066,0.0159795,-0.00201677,-0.369671,-0.428613
1948,1,-0.0999886,-0.00375679,0.818691,1,1,1,4.24194,0.00174533,0.010653,-0.00217716,-0.32901,-0.383496
1949,1,-0.099999,-0.000759066,0.375638,1,1,1,4.24194,0.0244346,0.0117183,-0.00224469,-0.375367,-0.383496
1950,1,-0.1,-0,-0,1,1,1,4.24194,0,-0.0202406,-0.00229833,-0.0759238,-0.338379
1951,1,-0.1,-0,-0,1,1,1,4.24203,0.0541052,0.0308936,-0.00235824,-0.649514,-0.406055
1952,1,-0.1,-0,-0,1,1,1,4.24194,-0.0575959,0.0127836,-0.00236346,-0.454166,-0.338379
1953,1,-0.1,-0,-0,1,1,1,4.24203,0,-0.00852238,-0.00233792,-0.219213,-0.406055
1954,1,-0.1,-0,-0,1,1,1,4.24203,0.0261799,-0.0117183,-0.00234026,-0.187093,-0.281982
1955,1,-0.1,-0,-0,1,1,1,4.24203,0,1.76123e-18,-0.00236176,-0.321843,-0.417334
1956,1,-0.1,-0,-0,1,1,1,4.24194,-0.0139626,0.00745708,-0.00238459,-0.410156,-0.428613
1957,1,-0.1,-0,-0,1,1,1,4.24194,0,0.00426119,-0.00236283,-0.374682,-0.281982
1958,1,-0.1,-0,-0,1,1,1,4.24194,0,0.0149142,-0.0023621,-0.494384,-0.281982
1959,1,-0.1,-0,-0,1,1,1,4.24194,-0.00872665,-0.00426119,-0.00238836,-0.290732,-0.31582
1960,1,-0.1,-0,-0,1,1,1,4.24194,0,0.0266324,-0.0023993,-0.634949,-0.281982
1961,1,-0.1,-0,-0,1,1,1,4.24194,-0.0226893,0.00958767,-0.00242201,-0.453826,-0.180469
1962,1,-0.1,-0,-0,1,1,1,4.24194,0,-0.00958767,-0.00239452,-0.241924,-0.191748
1963,1,-0.1,-0,-0,1,1,1,4.24194,0,1.36984e-18,-0.00239318,-0.349649,-0.203027
1964,1,-0.1,-0,-0,1,1,1,4.24194,-0.00872665,-0.00852238,-0.0024021,-0.260224,-0.191748
1965,1,-0.1,-0,-0,1,1,1,4.24194,0,0.0117183,-0.00237681,-0.481551,-0.304541
1966,1,-0.1,-0,-0,1,1,1,4.24194,0,0.00426119,-0.00241126,-0.407715,-0.439893
1967,1,-0.1,-0,-0,1,1,1,4.24194,0.00872665,0.0010653,-0.00242281,-0.377153,-0.304541
1968,1,-0.1,-0,-0,1,1,1,4.24194,0,-0.00213059,-0.00243627,-0.347084,-0.3271
1969,1,-0.1,-0,-0,1,1,1,4.24194,0,-0.0127836,-0.00243671,-0.232911,-0.360938
1970,1,-0.1,-0,-0,1,1,1,4.24194,0,-0.0223712,-0.0024197,-0.127873,-0.360938
1971,1,-0.1,-0,-0,1,1,1,4.24194,0.010472,0.00426119,-0.0024132,-0.422561,-0.372217
1972,1,-0.1,-0,-0,1,1,1,4.24194,0,-0.00745708,-0.00241367,-0.296673,-0.394775
1973,1,-0.1,-0,-0,1,1,1,4.24194,0,0.01811,-0.00246078,-0.587703,-0.428613
1974,1,-0.1,-0,-0,1,1,1,4.24194,0,-0.01811,-0.00248237,-0.195741,-0.394775
1975,1,-0.1,-0,-0,1,1,1,4.24194,0.00872665,-0.0010653,-0.0024444,-0.380342,-0.451172
1976,1,-0.1,-0,-0,1,1,1,4.24194,0,0.010653,-0.0024781,-0.517046,-0.439893
1977,1,-0.1,-0,-0,1,1,1,4.24194,-0.00698132,0.00958767,-0.00246672,-0.506379,-0.248145
1978,1,-0.1,-0,-0,1,1,1,4.24194,0,-0.00745708,-0.00244562,-0.318961,-0.293262
1979,1,-0.1,-0,-0,1,1,1,4.24194,0,0.00958767,-0.00244581,-0.509016,-0.383496
1980,1,-0.1,-0,-0,1,1,1,4.24194,-0.00872665,0.0138489,-0.00247115,-0.562756,-0.417334
1981,1,-0.1,-0,-0,1,1,1,4.24194,-0.0244346,0.0138489,-0.00249521,-0.569393,-0.451172
1982,1,-0.1,-0,-0,1,1,1,4.24194,0,0.0138489,-0.00250492,-0.574228,-0.451172
1983,1,-0.1,-0,-0,1,1,1,4.24184,-0.010472,-0.0170448,-0.00254244,-0.243497,-0.552686
1984,1,-0.1,-0,-0,1,1,1,4.24184,0,-0.00639178,-0.00250943,-0.35839,-0.281982
1985,1,-0.1,-0,-0,1,1,1,4.24184,0,-0.00426119,-0.00249904,-0.383,-0.518848
1986,1,-0.1,-0,-0,1,1,1,4.24184,0,0.00532648,-0.00247914,-0.485837,-0.496289
1987,1,-0.1,-0,-0,1,1,1,4.24184,0,-0.010653,-0.00248571,-0.310931,-0.530127
1988,1,-0.1,-0,-0,1,1,1,4.24194,0.0366519,-0.00532648,-0.00249448,-0.370679,-0.360938
1989,1,-0.1,-0,-0,1,1,1,4.24184,0,-0.00319589,-0.00252165,-0.397703,-0.439893
1990,1,-0.1,-0,-0,1,1,1,4.24184,0,-0.00319589,-0.00253379,-0.399306,-0.462451
1991,1,-0.1,-0,-0,1,1,1,4.24184,0,0.00745708,-0.00255091,-0.518747,-0.394775
1992,1,-0.1,-0,-0,1,1,1,4.24184,0,0.0298283,-0.00257173,-0.76758,-0.372217
1993,1,-0.1,-0,-0,1,1,1,4.24174,-0.010472,0.00745708,-0.00260205,-0.525499,-0.360938
1994,1,-0.1,-0,-0,1,1,1,4.24184,0,0.0223712,-0.0026274,-0.692901,-0.406055
1995,1,-0.1,-0,-0,1,1,1,4.24174,-0.0174533,0.00319589,-0.0026363,-0.483147,-0.417334
1996,1,-0.1,-0,-0,1,1,1,4.24184,0,-0.0010653,-0.00263282,-0.435814,-0.47373
1997,1,-0.1,-0,-0,1,1,1,4.24184,0,0.00639178,-0.00267019,-0.522775,-0.406055
1998,1,-0.1,-0,-0,1,1,1,4.24174,-0.0314159,-0.00319589,-0.00265722,-0.415598,-0.462451
1999,1,-0.1,-0,-0,1,1,1,4.24184,0,-0.00319589,-0.00261419,-0.409918,-0.31582
2000,1,-0.1,-0,-0,1,1,1,4.24184,0,0.00745708,-0.0026332,-0.52961,-0.417334
2001,1,-0.1,-0,-0,1,1,1,4.24184,-0.00174533,0.00213059,-0.00264515,-0.472596,-0.654199
2002,1,-0.1,-0,-0,1,1,1,4.24184,0.0383972,0.0010653,-0.00262359,-0.458032,-0.462451
2003,1,-0.1,-0,-0,1,1,1,4.24184,0,-0.00213059,-0.00262312,-0.422816,-0.462451
2004,1,-0.1,-0,-0,1,1,1,4.24184,0,-0.00639178,-0.00261671,-0.375096,-0.406055
2005,1,-0.1,-0,-0,1,1,1,4.24184,0,-0.00213059,-0.00264055,-0.425117,-0.563965
2006,1,-0.1,-0,-0,1,1,1,4.24184,0,0.010653,-0.00262964,-0.564296,-0.394775
2007,1,-0.1,-0,-0,1,1,1,4.24174,-0.0174533,-0.0276977,-0.0026063,-0.139357,-0.575244
2008,1,-0.1,-0,-0,1,1,1,4.24184,0.0401426,0.0138489,-0.00261574,-0.597615,-0.417334
2009,1,-0.1,-0,-0,1,1,1,4.24174,-0.00872665,-0.00532648,-0.00263165,-0.388786,-0.451172
2010,1,-0.1,-0,-0,1,1,1,4.24174,0,0.00639178,-0.00263614,-0.51828,-0.518848
2011,1,-0.1,-0,-0,1,1,1,4.24174,0,0.00639178,-0.00261556,-0.515563,-0.372217
2012,1,-0.1,-0,-0,1,1,1,4.24184,0,0.00852238,-0.0026371,-0.541843,-0.496289
2013,1,-0.1,-0,-0,1,1,1,4.24174,0,-0.00213059,-0.0026764,-0.429848,-0.552686
2014,1,-0.1,-0,-0,1,1,1,4.24174,-0.00872665,-0.00639178,-0.00269212,-0.38505,-0.507568
2015,1,-0.1,-0,-0,1,1,1,4.24174,0.0139626,0.0170448,-0.00271599,-0.646003,-0.451172
2016,1,-0.1,-0,-0,1,1,1,4.24174,-0.0314159,-0.0010653,-0.00270085,-0.444793,-0.428613
2017,1,-0.1,-0,-0,1,1,1,4.24174,0,0.0245018,-0.00273363,-0.730359,-0.406055
2018,1,-0.1,-0,-0,1,1,1,4.24174,-0.00872665,0.0234365,-0.00278089,-0.724879,-0.586523
2019,1,-0.1,-0,-0,1,1,1,4.24174,0,-0.0149142,-0.00274951,-0.29888,-0.394775
2020,1,-0.1,-0,-0,1,1,1,4.24174,0,-0.00745708,-0.00273349,-0.378792,-0.451172
2021,1,-0.1,-0,-0,1,1,1,4.24174,0,0.00852238,-0.00271102,-0.551601,-0.451172
2022,1,-0.1,-0,-0,1,1,1,4.24174,0,-0.0138489,-0.00270733,-0.30503,-0.496289
2023,1,-0.1,-0,-0,1,1,1,4.24184,0.00523599,-0.0127836,-0.00272336,-0.318864,-0.575244
2024,1,-0.1,-0,-0,1,1,1,4.24174,0.00349066,0.00745708,-0.00272623,-0.54189,-0.48501
2025,1,-0.1,-0,-0,1,1,1,4.24174,0,0.00958767,-0.00273979,-0.567117,-0.394775
2026,1,-0.1,-0,-0,1,1,1,4.24174,-0.00349066,0.010653,-0.00277826,-0.583914,-0.541406
2027,1,-0.1,-0,-0,1,1,1,4.24174,0,0.0117183,-0.00277408,-0.595079,-0.496289
2028,1,-0.1,-0,-0,1,1,1,4.24174,0.00872665,0.00532648,-0.00277427,-0.524795,-0.406055
2029,1,-0.1,-0,-0,1,1,1,4.24174,0,-0.00639178,-0.00275288,-0.393071,-0.372217
2030,1,-0.1,-0,-0,1,1,1,4.24174,-0.00523599,0.00958767,-0.00278672,-0.573311,-0.597803
2031,1,-0.1,-0,-0,1,1,1,4.24174,0,0.00852238,-0.00280966,-0.564621,-0.563965
2032,1,-0.1,-0,-0,1,1,1,4.24174,0,0.0159795,-0.00281919,-0.647907,-0.48501
2033,1,-0.1,-0,-0,1,1,1,4.24174,-0.010472,0.0138489,-0.00286686,-0.630763,-0.631641
2034,1,-0.1,-0,-0,1,1,1,4.24165,0,0.00426119,-0.00285359,-0.523547,-0.563965
2035,1,-0.1,-0,-0,1,1,1,4.24174,0,0.00958767,-0.00288687,-0.586532,-0.417334
2036,1,-0.1,-0,-0,1,1,1,4.24165,-0.0174533,-7.17537e-19,-0.00287977,-0.48013,-0.518848
2037,1,-0.1,-0,-0,1,1,1,4.24174,-0.00349066,-0.00745708,-0.00288723,-0.399086,-0.575244
2038,1,-0.1,-0,-0,1,1,1,4.24165,0.0139626,-0.0127836,-0.00288261,-0.339886,-0.451172
2039,1,-0.1,-0,-0,1,1,1,4.24174,0,-0.00426119,-0.00289634,-0.435444,-0.563965
2040,1,-0.1,-0,-0,1,1,1,4.24174,0,-0.0138489,-0.0028766,-0.327373,-0.496289
2041,1,-0.1,-0,-0,1,1,1,4.24174,0.00872665,-0.00639178,-0.00288042,-0.409906,-0.48501
2042,1,-0.1,-0,-0,1,1,1,4.24174,0,-0.00639178,-0.00287162,-0.408744,-0.439893
2043,1,-0.1,-0,-0,1,1,1,4.24174,0,0.00745708,-0.00287383,-0.561373,-0.609082
2044,1,-0.1,-0,-0,1,1,1,4.24174,0.0488692,-0.0191753,-0.00283977,-0.263921,-0.451172
2045,1,-0.1,-0,-0,1,1,1,4.24174,0,-0.00852238,-0.0028603,-0.383813,-0.439893
2046,1,-0.1,-0,-0,1,1,1,4.24174,0,0.00958767,-0.00287399,-0.584831,-0.383496
2047,1,-0.1,-0,-0,1,1,1,4.24174,-0.0139626,-0.00532648,-0.00290877,-0.425367,-0.47373
2048,1,-0.1,-0,-0,1,1,1,4.24174,0,-0.0010653,-0.00287247,-0.467447,-0.451172
2049,1,-0.1,-0,-0,1,1,1,4.24174,0,0.00532648,-0.00289329,-0.540506,-0.48501
2050,1,-0.1,-0,-0,1,1,1,4.24174,0,0.00319589,-0.00290486,-0.518597,-0.530127
2051,1,-0.1,-0,-0,1,1,1,4.24174,0,0.00426119,-0.00291469,-0.531613,-0.439893
2052,1,-0.1,-0,-0,1,1,1,4.24174,0,0.0010653,-0.00291353,-0.496305,-0.496289
2053,1,-0.1,-0,-0,1,1,1,4.24174,0,0.0127836,-0.00291046,-0.624801,-0.406055
2054,1,-0.1,-0,-0,1,1,1,4.24174,0,0.00426119,-0.00289523,-0.529044,-0.428613
2055,1,-0.1,-0,-0,1,1,1,4.24174,0,-0.00319589,-0.00288781,-0.446037,-0.451172
2056,1,-0.1,-0,-0,1,1,1,4.24174,0,0.0213059,-0.00290557,-0.717901,-0.507568
2057,1,-0.1,-0,-0,1,1,1,4.24174,-0.0244346,-0.0127836,-0.00292314,-0.345235,-0.631641
2058,1,-0.1,-0,-0,1,1,1,4.24174,0.0331613,-0.00958767,-0.00292379,-0.380476,-0.507568
2059,1,-0.1,-0,-0,1,1,1,4.24174,0,-0.00958767,-0.00291471,-0.379277,-0.462451
2060,1,-0.1,-0,-0,1,1,1,4.24174,-0.0122173,-0.0202406,-0.00291657,-0.26234,-0.552686
2061,1,-0.1,-0,-0,1,1,1,4.24174,0.015708,0.010653,-0.00292714,-0.603565,-0.631641
2062,1,-0.1,-0,-0,1,1,1,4.24165,0,-0.00958767,-0.00292628,-0.380805,-0.518848
2063,1,-0.1,-0,-0,1,1,1,4.24174,0,-0.00745708,-0.00290199,-0.401034,-0.552686
2064,1,-0.1,-0,-0,1,1,1,4.24174,0,2.28307e-18,-0.00290956,-0.484062,-0.48501
2065,1,-0.1,-0,-0,1,1,1,4.24174,0,0.010653,-0.002938,-0.604999,-0.530127
2066,1,-0.1,-0,-0,1,1,1,4.24165,-0.0122173,-0.00213059,-0.0029408,-0.464749,-0.654199
2067,1,-0.1,-0,-0,1,1,1,4.24174,0,-0.0149142,-0.00290478,-0.319375,-0.541406
2068,1,-0.1,-0,-0,1,1,1,4.24174,0.0191986,0.00213059,-0.00291271,-0.507914,-0.518848
2069,1,-0.1,-0,-0,1,1,1,4.24174,0,0.0127836,-0.00293702,-0.628305,-0.597803
2070,1,-0.1,-0,-0,1,1,1,4.24165,0,-0.00532648,-0.0029485,-0.430611,-0.575244
2071,1,-0.1,-0,-0,1,1,1,4.24165,0,0.00426119,-0.00295565,-0.537019,-0.439893
2072,1,-0.1,-0,-0,1,1,1,4.24165,0,0.00532648,-0.00293925,-0.546572,-0.541406
2073,1,-0.1,-0,-0,1,1,1,4.24165,-0.00872665,-0.0170448,-0.00294578,-0.301351,-0.733154
2074,1,-0.1,-0,-0,1,1,1,4.24165,0.0296706,0.00426119,-0.00297052,-0.538982,-0.530127
2075,1,-0.1,-0,-0,1,1,1,4.24165,0,-0.0010653,-0.00297251,-0.480653,-0.507568
2076,1,-0.1,-0,-0,1,1,1,4.24165,0,0.00426119,-0.00297544,-0.539631,-0.563965
2077,1,-0.1,-0,-0,1,1,1,4.24165,0,-0.00319589,-0.00299395,-0.460047,-0.597803
2078,1,-0.1,-0,-0,1,1,1,4.24165,0,0.00319589,-0.00299092,-0.529956,-0.428613
2079,1,-0.1,-0,-0,1,1,1,4.24165,0,-0.0010653,-0.00301462,-0.486211,-0.609082
2080,1,-0.1,-0,-0,1,1,1,4.24165,0,0.0202406,-0.00305718,-0.726195,-0.496289
2081,1,-0.1,-0,-0,1,1,1,4.24165,-0.0139626,0.010653,-0.00308059,-0.623821,-0.620361
2082,1,-0.1,-0,-0,1,1,1,4.24165,0,0.00426119,-0.0030598,-0.550766,-0.609082
2083,1,-0.1,-0,-0,1,1,1,4.24165,-0.00349066,0.0138489,-0.0030655,-0.656983,-0.496289
2084,1,-0.1,-0,-0,1,1,1,4.24165,0,0.00532648,-0.0031059,-0.56857,-0.766992
2085,1,-0.1,-0,-0,1,1,1,4.24165,0,-0.00852238,-0.00311015,-0.416794,-0.47373
2086,1,-0.1,-0,-0,1,1,1,4.24165,-0.015708,0.01811,-0.00313013,-0.712387,-0.597803
2087,1,-0.1,-0,-0,1,1,1,4.24165,-0.0349066,-0.0138489,-0.00311334,-0.358624,-0.439893
2088,1,-0.1,-0,-0,1,1,1,4.24165,0.00349066,0.00852238,-0.00312153,-0.605788,-0.439893
2089,1,-0.1,-0,-0,1,1,1,4.24165,0,0.0117183,-0.00314195,-0.643638,-0.349658
2090,1,-0.1,-0,-0,1,1,1,4.24165,-0.0471239,0.00745708,-0.00318095,-0.601914,-0.586523
2091,1,-0.1,-0,-0,1,1,1,4.24165,0,-0.010653,-0.00315042,-0.398673,-0.541406
2092,1,-0.1,-0,-0,1,1,1,4.24165,0.0226893,0.0117183,-0.0031601,-0.646035,-0.609082
2093,1,-0.1,-0,-0,1,1,1,4.24165,0,0.0138489,-0.00316087,-0.669573,-0.451172
2094,1,-0.1,-0,-0,1,1,1,4.24165,0,-0.0010653,-0.0031744,-0.507302,-0.563965
2095,1,-0.1,-0,-0,1,1,1,4.24165,0,-0.00319589,-0.00317938,-0.484523,-0.518848
2096,1,-0.1,-0,-0,1,1,1,4.24165,0,-0.00639178,-0.00317754,-0.449126,-0.530127
2097,1,-0.1,-0,-0,1,1,1,4.24165,0,-0.0138489,-0.00318798,-0.368475,-0.586523
2098,1,-0.1,-0,-0,1,1,1,4.24165,0.00698132,-0.00639178,-0.00318944,-0.450696,-0.439893
2099,1,-0.1,-0,-0,1,1,1,4.24165,0,-0.00319589,-0.00319839,-0.487033,-0.394775
2100,1,-0.1,-0,-0,1,1,1,4.24165,0,0.010653,-0.003202,-0.639847,-0.496289
2101,1,-0.1,-0,-0,1,1,1,4.24165,-0.00872665,0.0202406,-0.00319637,-0.744568,-0.451172
2102,1,-0.1,-0,-0,1,1,1,4.24165,-0.0174533,0.0127836,-0.00319023,-0.66173,-0.541406
2103,1,-0.1,-0,-0,1,1,1,4.24165,-0.0174533,0.0117183,-0.00321518,-0.653304,-0.552686
2104,1,-0.1,-0,-0,1,1,1,4.24165,0,-0.0383507,-0.00320022,-0.100572,-0.631641
2105,1,-0.1,-0,-0,1,1,1,4.24174,0.0261799,0.0170448,-0.00319768,-0.709586,-0.563965
2106,1,-0.1,-0,-0,1,1,1,4.24155,-0.0279253,-0.00213059,-0.00319903,-0.498836,-0.688037
2107,1,-0.1,-0,-0,1,1,1,4.24165,0.0139626,0.00639178,-0.00319832,-0.592488,-0.47373
2108,1,-0.1,-0,-0,1,1,1,4.24165,0,-0.00958767,-0.00324448,-0.422806,-0.552686
2109,1,-0.1,-0,-0,1,1,1,4.24165,0.020944,-0.00639178,-0.00324207,-0.457644,-0.563965
2110,1,-0.1,-0,-0,1,1,1,4.24165,0,-0.010653,-0.00327359,-0.414931,-0.518848
2111,1,-0.1,-0,-0,1,1,1,4.24165,0.00349066,-0.0010653,-0.00327425,-0.520482,-0.597803
2112,1,-0.1,-0,-0,1,1,1,4.24155,0,-0.00532648,-0.00323249,-0.468098,-0.462451
2113,1,-0.1,-0,-0,1,1,1,4.24165,0,-0.00319589,-0.00322805,-0.490948,-0.597803
2114,1,-0.1,-0,-0,1,1,1,4.24165,0,-0.010653,-0.00324755,-0.411494,-0.541406
2115,1,-0.1,-0,-0,1,1,1,4.24165,0.015708,0.00958767,-0.00325681,-0.635364,-0.563965
2116,1,-0.1,-0,-0,1,1,1,4.24155,0,0.0234365,-0.00326406,-0.788657,-0.496289
2117,1,-0.1,-0,-0,1,1,1,4.24155,-0.0418879,-0.00639178,-0.00328762,-0.463657,-0.563965
2118,1,-0.1,-0,-0,1,1,1,4.24155,0,-0.00958767,-0.00325218,-0.423823,-0.47373
2119,1,-0.1,-0,-0,1,1,1,4.24165,0,-0.00958767,-0.00324094,-0.422339,-0.507568
2120,1,-0.1,-0,-0,1,1,1,4.24155,0,-0.00319589,-0.00323142,-0.491392,-0.48501
2121,1,-0.1,-0,-0,1,1,1,4.24155,0,-0.0149142,-0.00323418,-0.362856,-0.586523
2122,1,-0.1,-0,-0,1,1,1,4.24155,0,0.00319589,-0.00324831,-0.563932,-0.552686
2123,1,-0.1,-0,-0,1,1,1,4.24155,0,0.0138489,-0.00324172,-0.680245,-0.462451
2124,1,-0.1,-0,-0,1,1,1,4.24155,0,0.00852238,-0.00323842,-0.621218,-0.496289
2125,1,-0.1,-0,-0,1,1,1,4.24155,0,0.0213059,-0.00327366,-0.766489,-0.552686
2126,1,-0.1,-0,-0,1,1,1,4.24155,0,0.0010653,-0.00326829,-0.543132,-0.507568
2127,1,-0.1,-0,-0,1,1,1,4.24155,0,0.0234365,-0.00327344,-0.789895,-0.507568
2128,1,-0.1,-0,-0,1,1,1,4.24155,-0.00698132,0.00319589,-0.00331351,-0.572538,-0.530127
2129,1,-0.1,-0,-0,1,1,1,4.24155,0,0.0149142,-0.00336484,-0.708215,-0.541406
2130,1,-0.1,-0,-0,1,1,1,4.24155,-0.0191986,-0.00532648,-0.00334416,-0.482838,-0.47373
2131,1,-0.1,-0,-0,1,1,1,4.24155,-0.00174533,0.00639178,-0.00338275,-0.616832,-0.47373
2132,1,-0.1,-0,-0,1,1,1,4.24146,-0.0418879,-0.00532648,-0.00336329,-0.485363,-0.586523
2133,1,-0.1,-0,-0,1,1,1,4.24155,0.00523599,-0.0010653,-0.00333613,-0.528651,-0.541406
2134,1,-0.1,-0,-0,1,1,1,4.24155,0.00872665,0.0298283,-0.00335389,-0.870825,-0.47373
2135,1,-0.1,-0,-0,1,1,1,4.24146,-0.015708,0.00319589,-0.00337333,-0.580434,-0.439893
2136,1,-0.1,-0,-0,1,1,1,4.24155,0,-0.01811,-0.00337131,-0.345803,-0.541406
2137,1,-0.1,-0,-0,1,1,1,4.24155,0.0436332,0.00213059,-0.00334886,-0.565487,-0.3271
2138,1,-0.1,-0,-0,1,1,1,4.24155,-0.0558505,-3.26153e-19,-0.00333311,-0.539971,-0.462451
2139,1,-0.1,-0,-0,1,1,1,4.24155,0,0.0223712,-0.00337657,-0.791791,-0.710596
2140,1,-0.1,-0,-0,1,1,1,4.24146,0,0.0117183,-0.00337593,-0.674523,-0.597803
2141,1,-0.1,-0,-0,1,1,1,4.24155,-0.00872665,-0.0127836,-0.00333478,-0.399571,-0.451172
2142,1,-0.1,-0,-0,1,1,1,4.24155,0.0174533,0.01811,-0.00334729,-0.741053,-0.428613
2143,1,-0.1,-0,-0,1,1,1,4.24146,-0.0191986,-0.00532648,-0.00336158,-0.485137,-0.563965
2144,1,-0.1,-0,-0,1,1,1,4.24146,0.00523599,0.0127836,-0.00338743,-0.68776,-0.563965
2145,1,-0.1,-0,-0,1,1,1,4.24146,0,-0.00958767,-0.00340344,-0.44379,-0.676758
2146,1,-0.1,-0,-0,1,1,1,4.24146,-0.00872665,-0.00213059,-0.00342214,-0.528286,-0.518848
2147,1,-0.1,-0,-0,1,1,1,4.24146,0,0.00426119,-0.00342562,-0.599055,-0.451172
2148,1,-0.1,-0,-0,1,1,1,4.24146,-0.0331613,-0.00532648,-0.00342093,-0.492972,-0.462451
2149,1,-0.1,-0,-0,1,1,1,4.24155,0,0.0159795,-0.00340456,-0.725176,-0.417334
2150,1,-0.1,4.70024e-05,0.0946204,1,1,1,4.24146,-0.015708,-0.0127836,-0.00339913,-0.394778,-0.563965
2151,1,-0.0999966,0.00168165,0.554607,1,1,1,4.24155,0,0.0010653,-0.00338389,-0.462821,-0.541406
2152,1,-0.0999795,0.00554633,0.98657,1,1,1,4.24155,0.00872665,0.0266324,-0.00342844,-0.643377,-0.586523
2153,1,-0.0999377,0.0115017,1.39099,1,1,1,4.24146,0,2.60922e-19,-0.00339147,-0.216383,-0.417334
2154,1,-0.0998612,0.0194106,1.76841,1,1,1,4.24165,0.0296706,-0.00532648,-0.00328835,0.00591712,-0.214307
2155,1,-0.0997405,0.0291417,2.1195,1,1,1,4.24174,0.0174533,-0.00213059,-0.00314892,0.158647,-0.0676758
2156,1,-0.0995669,0.0405637,2.44479,1,1,1,4.24174,0.0174533,0.0223712,-0.003003,0.0958007,-0.0338379
2157,1,-0.0993323,0.0535469,2.7448,1,1,1,4.24184,0.0174533,-0.0010653,-0.00281221,0.582616,0.0902344
2158,1,-0.099029,0.0679714,3.02022,1,1,1,4.24203,0.0296706,-0.0010653,-0.00256371,0.83534,0.135352
2159,1,-0.0986504,0.0837103,3.27152,1,1,1,4.24222,0.0663225,0.028763,-0.0022533,0.783378,0.360938
2160,1,-0.09819,0.100646,3.49931,1,1,1,4.24309,0.294961,0.0127836,-0.00191574,1.25108,0.541406
2161,1,-0.0976421,0.118665,3.70419,1,1,1,4.2452,0.218166,0.0266324,-0.00153129,1.40892,1.18433
2162,1,-0.0970017,0.137651,3.88671,1,1,1,4.245,-0.0471239,0.0841585,-0.00116808,1.09395,1.44375
2163,1,-0.0962642,0.157494,4.04746,1,1,1,4.24548,0.0541052,0.101203,-0.000947863,1.20939,0.936182
2164,1,-0.0954256,0.178089,4.18702,1,1,1,4.24596,0.191986,0.129966,-0.000711525,1.20571,1.0377
2165,1,-0.0944822,0.199332,4.30596,1,1,1,4.24711,0.129154,0.158729,-0.00052413,1.20023,1.07153
2166,1,-0.0934313,0.221116,4.40485,1,1,1,4.24769,0.20944,0.201341,-0.000412775,1.03545,1.06025
2167,1,-0.0922702,0.243348,4.48427,1,1,1,4.24894,0.225147,0.211994,-0.00025477,1.23175,1.04897
2168,1,-0.0909971,0.265929,4.5448,1,1,1,4.25009,0.29147,0.245018,-0.000105338,1.18322,1.21816
2169,1,-0.0896106,0.288765,4.587,1,1,1,4.25162,0.230383,0.25141,1.86275e-05,1.42406,1.33096
2170,1,-0.0881094,0.311767,4.61147,1,1,1,4.25277,0.328122,0.279108,8.70218e-05,1.4225,1.16177
2171,1,-0.0864928,0.334851,4.61877,1,1,1,4.25469,0.333358,0.348352,0.000129464,0.959467,1.13921
2172,1,-0.0847609,0.357927,4.60948,1,1,1,4.25603,0.333358,0.343026,0.000183428,1.31493,1.01514
2173,1,-0.0829134,0.380922,4.58417,1,1,1,4.25862,0.427606,0.373919,0.000211659,1.26539,1.34224
2174,1,-0.080952,0.403743,4.54343,1,1,1,4.26006,0.383972,0.414401,0.000215891,1.10261,1.3084
2175,1,-0.0788766,0.426329,4.48783,1,1,1,4.26245,0.366519,0.441033,0.00014424,1.0755,1.13921
2176,1,-0.076689,0.4486,4.41793,1,1,1,4.26408,0.439823,0.442098,4.11808e-05,1.31855,1.06025
2177,1,-0.0743912,0.470486,4.33433,1,1,1,4.26696,0.527089,0.471927,2.25825e-05,1.2515,1.16177
2178,1,-0.0719851,0.49192,4.23761,1,1,1,4.26907,0.516617,0.490037,2.36457e-05,1.30903,1.33096
2179,1,-0.0694732,0.512838,4.12833,1,1,1,4.27185,0.47473,0.512408,1.9541e-05,1.3104,1.252
2180,1,-0.0668577,0.533182,4.00705,1,1,1,4.27415,0.602139,0.529453,5.75875e-05,1.36795,1.3084
2181,1,-0.0641421,0.552892,3.87436,1,1,1,4.27751,0.507891,0.55502,6.63986e-05,1.31825,1.53398
2182,1,-0.0613297,0.57191,3.73085,1,1,1,4.27952,0.492183,0.565673,2.22786e-05,1.41407,1.252
2183,1,-0.0584242,0.590183,3.57709,1,1,1,4.28326,0.724312,0.574195,7.17455e-05,1.53654,1.37607
2184,1,-0.0554293,0.607664,3.41365,1,1,1,4.28594,0.565487,0.599762,9.03028e-05,1.45564,1.28584
2185,1,-0.0523493,0.624303,3.24112,1,1,1,4.28939,0.685914,0.64557,-7.4351e-06,1.12317,1.26328
2186,1,-0.0491879,0.64006,3.06005,1,1,1,4.29208,0.626573,0.66368,-0.000400829,1.04413,1.15049
2187,1,-0.04595,0.654891,2.87102,1,1,1,4.29591,0.675442,0.662615,-0.000480668,1.20426,1.21816
2188,1,-0.0426403,0.668759,2.67462,1,1,1,4.29869,0.663225,0.686051,-0.000509864,1.08919,1.29712
2189,1,-0.0392639,0.681627,2.47143,1,1,1,4.30301,0.682424,0.687117,-0.000582373,1.19978,1.13921
2190,1,-0.0358262,0.693461,2.26205,1,1,1,4.30579,0.750492,0.720141,-0.0006883,0.940686,1.22944
2191,1,-0.0323311,0.704238,2.04696,1,1,1,4.31001,0.682424,0.720141,-0.000793741,1.03015,1.0377
2192,1,-0.0287853,0.713924,1.82684,1,1,1,4.31307,0.747001,0.737185,-0.000909953,0.916169,0.947461
2193,1,-0.0251936,0.722499,1.60221,1,1,1,4.31739,0.6353,0.7521,-0.00109363,0.800254,0.733154
2194,1,-0.0215618,0.72994,1.37366,1,1,1,4.32007,0.727802,0.768079,-0.00123178,0.664462,0.710596
2195,1,-0.0178962,0.73623,1.14179,1,1,1,4.32487,0.731293,0.758491,-0.00134178,0.799026,0.710596
2196,1,-0.0142018,0.741353,0.907149,1,1,1,4.32794,0.811578,0.73399,-0.00139649,1.09086,0.755713
2197,1,-0.0104847,0.745297,0.670315,1,1,1,4.33254,0.748746,0.744643,-0.00143111,0.984084,0.947461
2198,1,-0.00675081,0.748053,0.431865,1,1,1,4.33551,0.729548,0.775536,-0.00152198,0.634127,0.834668
2199,1,-0.00300601,0.749614,0.192368,1,1,1,4.34021,0.745256,0.768079,-0.00159948,0.693497,0.834668
2200,1,0.000742815,0.749976,-0.0475399,1,1,1,4.34318,0.71733,0.753165,-0.00166029,0.821773,0.812109
2201,1,0.00449172,0.749139,-0.287415,1,1,1,4.34778,0.783653,0.775536,-0.00174651,0.521495,0.755713
2202,1,0.00823273,0.747103,-0.526554,1,1,1,4.35075,0.720821,0.764883,-0.00186409,0.565483,0.609082
2203,1,0.0119606,0.743875,-0.764431,1,1,1,4.35526,0.741765,0.784059,-0.00203313,0.259655,0.338379
2204,1,0.0156695,0.739462,-1.00047,1,1,1,4.35804,0.694641,0.784059,-0.00216137,0.155508,0.360938
2205,1,0.0193534,0.733875,-1.2341,1,1,1,4.36255,0.781908,0.724402,-0.00222343,0.701794,0.47373
2206,1,0.0230059,0.727127,-1.46469,1,1,1,4.36561,0.722566,0.730794,-0.00220783,0.517727,0.744434
2207,1,0.0266228,0.719233,-1.69178,1,1,1,4.36993,0.612611,0.725467,-0.00225761,0.439986,0.541406
2208,1,0.0301967,0.710216,-1.91467,1,1,1,4.37261,0.71733,0.728663,-0.00232221,0.2529,0.360938
2209,1,0.0337232,0.700094,-2.13287,1,1,1,4.37664,0.637045,0.722271,-0.00237127,0.160069,0.3271
2210,1,0.0371959,0.688896,-2.34575,1,1,1,4.37942,0.734784,0.693508,-0.00238133,0.305724,0.281982
2211,1,0.0406104,0.676646,-2.55277,1,1,1,4.38373,0.668461,0.664745,-0.00233906,0.445767,0.3271
2212,1,0.0439609,0.663378,-2.75334,1,1,1,4.38642,0.680678,0.666876,-0.00238266,0.222772,0.31582
2213,1,0.0472425,0.649124,-2.94688,1,1,1,4.39025,0.645772,0.638113,-0.0024022,0.331321,0.0676758
2214,1,0.0504503,0.633923,-3.1328,1,1,1,4.39275,0.602139,0.640243,-0.00242648,0.0885313,0.0902344
2215,1,0.0535802,0.61781,-3.31057,1,1,1,4.39639,0.614356,0.625329,-0.00247026,0.0202878,0.15791
2216,1,0.0566271,0.600832,-3.47956,1,1,1,4.39879,0.570723,0.59124,-0.00247583,0.15824,0.0902344
2217,1,0.0595872,0.58303,-3.63925,1,1,1,4.40185,0.45204,0.580587,-0.00247281,0.0303962,0.101514
2218,1,0.062456,0.564456,-3.789,1,1,1,4.40358,0.459022,0.574195,-0.00250642,-0.157433,0.0789551
2219,1,0.0652302,0.545159,-3.92828,1,1,1,4.40722,0.640536,0.545432,-0.00250541,-0.102324,0.101514
2220,1,0.0679064,0.525193,-4.05651,1,1,1,4.40943,0.502655,0.521996,-0.0024692,-0.108006,0.0563965
2221,1,0.0704816,0.50461,-4.17312,1,1,1,4.41182,0.404916,0.476188,-0.00242171,0.127583,0.0789551
2222,1,0.0729516,0.483482,-4.27748,1,1,1,4.41384,0.567232,0.476188,-0.00236272,-0.144371,0.0676758
2223,1,0.0753152,0.46186,-4.36908,1,1,1,4.41719,0.481711,0.458078,-0.00230264,-0.221455,0.0451172
2224,1,0.0775695,0.439814,-4.44731,1,1,1,4.41882,0.361283,0.419727,-0.00225494,-0.0810393,0.0112793
2225,1,0.0797127,0.41741,-4.51161,1,1,1,4.42045,0.293215,0.405878,-0.00219579,-0.21126,-0.0338379
2226,1,0.0817432,0.394721,-4.56139,1,1,1,4.42227,0.507891,0.373919,-0.00209663,-0.138655,-0.0451172
2227,1,0.0836596,0.371822,-4.59608,1,1,1,4.42438,0.235619,0.373919,-0.00197259,-0.41491,-0.0789551
2228,1,0.0854612,0.348785,-4.61511,1,1,1,4.42544,0.307178,0.328111,-0.00188833,-0.192155,-0.180469
2229,1,0.0871473,0.325698,-4.61789,1,1,1,4.42745,0.301942,0.275912,-0.00171993,0.113938,-0.214307
2230,1,0.0887183,0.302634,-4.60385,1,1,1,4.42851,0.253073,0.258867,-0.00154506,0.0377476,-0.214307
2231,1,0.0901739,0.279688,-4.57243,1,1,1,4.43014,0.274017,0.221582,-0.0013221,0.195162,-0.112793
2232,1,0.0915153,0.256942,-4.52303,1,1,1,4.431,0.200713,0.21519,-0.00110814,0.0172677,-0.124072
2233,1,0.0927437,0.23449,-4.45509,1,1,1,4.43215,0.195477,0.191753,-0.000885596,0.0340863,-0.112793
2234,1,0.0938609,0.212423,-4.36801,1,1,1,4.43301,0.200713,0.145946,-0.000635296,0.308671,-0.0676758
2235,1,0.0948688,0.190841,-4.26125,1,1,1,4.43397,0.136136,0.14488,-0.000381794,0.1014,-0.0225586
2236,1,0.0957703,0.169843,-4.13421,1,1,1,4.43445,0.122173,0.121444,-0.000175092,0.143119,-0.0225586
2237,1,0.0965685,0.149531,-3.9863,1,1,1,4.43522,0.122173,0.110791,-2.15479e-05,0.0476426,-0.0338379
2238,1,0.097267,0.130013,-3.81697,1,1,1,4.4356,0.0855211,0.104399,0.000130103,-0.0816414,-0.0112793
2239,1,0.0978701,0.111401,-3.62569,1,1,1,4.43598,0.0628319,0.0671137,0.000368355,0.156299,0.0112793
2240,1,0.0983827,0.0937952,-3.41176,1,1,1,4.43627,0.0785398,0.0607219,0.00060869,0.070835,0.0451172
2241,1,0.09881,0.0773202,-3.17472,1,1,1,4.43675,0.0523599,0.0159795,0.000862225,0.426142,0.0451172
2242,1,0.0991579,0.0620893,-2.91395,1,1,1,4.43704,0.0750492,0.0266324,0.00102389,0.178231,0.0338379
2243,1,0.0994331,0.0482212,-2.62885,1,1,1,4.43723,0.0139626,0.00426119,0.00124541,0.323094,0.214307
2244,1,0.0996426,0.0358426,-2.31891,1,1,1,4.43733,0.0488692,-0.010653,0.00148345,0.410429,0.31582
2245,1,0.0997942,0.0250761,-1.9835,1,1,1,4.43752,0,-0.00745708,0.00170789,0.320625,0.462451
2246,1,0.0998963,0.0160503,-1.62199,1,1,1,4.43742,-0.0122173,-0.0213059,0.00187459,0.435297,0.236865
2247,1,0.0999578,0.0089,-1.23396,1,1,1,4.43742,0.0279253,-0.0191753,0.00205037,0.40307,0.518848
2248,1,0.0999886,0.00375656,-0.818666,1,1,1,4.43742,0,-0.0010653,0.00213541,0.210658,0.394775
2249,1,0.099999,0.000758951,-0.37561,1,1,1,4.43723,-0.00872665,-0.0255671,0.00218078,0.511071,0.248145
2250,1,0.1,0,0,1,1,1,4.43723,0,-0.00745708,0.00222278,0.361945,0.417334
2251,1,0.1,0,0,1,1,1,4.43723,0,0.010653,0.00225736,0.170862,0.394775
2252,1,0.1,0,0,1,1,1,4.43723,0,0.00319589,0.00222703,0.251063,0.15791
2253,1,0.1,0,0,1,1,1,4.43723,0.0261799,0.00213059,0.00225447,0.269534,0.360938
2254,1,0.1,0,0,1,1,1,4.43723,-0.0349066,0.00426119,0.00221354,0.242602,0.304541
2255,1,0.1,0,0,1,1,1,4.43714,0.0349066,0.00426119,0.00218639,0.241034,0.124072
2256,1,0.1,0,0,1,1,1,4.43723,0,-0.00639178,0.00221023,0.36423,0.349658
2257,1,0.1,0,0,1,1,1,4.43723,0.010472,-0.00745708,0.00216505,0.371791,0.304541
2258,1,0.1,0,0,1,1,1,4.43723,0,-0.0010653,0.00217045,0.305173,0.394775
2259,1,0.1,0,0,1,1,1,4.43723,0,-0.0202406,0.0021451,0.514551,0.304541
2260,1,0.1,0,0,1,1,1,4.43714,-0.00872665,-0.0127836,0.00215099,0.435978,0.281982
2261,1,0.1,0,0,1,1,1,4.43733,0.0122173,-0.0159795,0.00215505,0.47445,0.338379
2262,1,0.1,0,0,1,1,1,4.43723,0,0.00958767,0.00213666,0.193325,0.417334
2263,1,0.1,0,0,1,1,1,4.43723,-0.0174533,0.00426119,0.00211963,0.251953,0.225586
2264,1,0.1,0,0,1,1,1,4.43723,0,-0.0010653,0.00213785,0.315781,0.293262
2265,1,0.1,0,0,1,1,1,4.43723,-0.010472,0.00639178,0.00210315,0.231179,0.31582
2266,1,0.1,0,0,1,1,1,4.43723,0.00174533,0.0010653,0.00213641,0.297243,0.462451
2267,1,0.1,0,0,1,1,1,4.43723,-0.0366519,0.00319589,0.0021254,0.274672,0.3271
2268,1,0.1,0,0,1,1,1,4.43723,0.0279253,0.0223712,0.00210893,0.0641039,0.439893
2269,1,0.1,0,0,1,1,1,4.43723,-0.0523599,0.0010653,0.00209135,0.297756,0.372217
2270,1,0.1,0,0,1,1,1,4.43723,0.0122173,-0.0010653,0.00210124,0.325205,0.293262
2271,1,0.1,0,0,1,1,1,4.43733,-0.00349066,0.00852238,0.00213342,0.227022,0.304541
2272,1,0.1,0,0,1,1,1,4.43723,0,-0.0138489,0.00214344,0.476972,0.338379
2273,1,0.1,0,0,1,1,1,4.43733,0,-0.0159795,0.00219129,0.510025,0.236865
2274,1,0.1,0,0,1,1,1,4.43733,0,0.00639178,0.00218383,0.265693,0.281982
2275,1,0.1,0,0,1,1,1,4.43723,0,-0.0149142,0.00220103,0.505318,0.372217
2276,1,0.1,0,0,1,1,1,4.43733,0.00872665,-0.0010653,0.00218977,0.353982,0.338379
2277,1,0.1,0,0,1,1,1,4.43723,0.00872665,0.00639178,0.00220217,0.276708,0.372217
2278,1,0.1,0,0,1,1,1,4.43733,-0.0139626,-0.0138489,0.00217864,0.498207,0.248145
2279,1,0.1,0,0,1,1,1,4.43733,0.0523599,0.0127836,0.0021638,0.20567,0.203027
2280,1,0.1,0,0,1,1,1,4.43723,-0.0279253,-0.010653,0.00214578,0.463246,0.383496
2281,1,0.1,0,0,1,1,1,4.43733,0.0436332,0.0202406,0.00217261,0.130516,0.372217
2282,1,0.1,0,0,1,1,1,4.43733,-0.0366519,0.0010653,0.00214899,0.340045,0.248145
2283,1,0.1,0,0,1,1,1,4.43723,0.0453786,-0.010653,0.00214435,0.471037,0.293262
2284,1,0.1,0,0,1,1,1,4.43733,0.00174533,0.0159795,0.00215924,0.18326,0.406055
2285,1,0.1,0,0,1,1,1,4.43723,-0.0174533,0.00532648,0.00216975,0.304512,0.3271
2286,1,0.1,0,0,1,1,1,4.43733,0.0366519,-0.00426119,0.00214867,0.40935,0.270703
2287,1,0.1,0,0,1,1,1,4.43733,0,0.0149142,0.00209726,0.193636,0.417334
2288,1,0.1,0,0,1,1,1,4.43733,0,-0.0010653,0.00209146,0.370624,0.360938
2289,1,0.1,0,0,1,1,1,4.43723,0,-0.00213059,0.0020641,0.380901,0.31582
2290,1,0.1,0,0,1,1,1,4.43733,0.0174533,0.0170448,0.00207873,0.174846,0.417334
2291,1,0.1,0,0,1,1,1,4.43723,-0.0122173,0.00852238,0.00208756,0.272601,0.428613
2292,1,0.1,0,0,1,1,1,4.43733,0.010472,-0.00745708,0.00206523,0.447176,0.281982
2293,1,0.1,0,0,1,1,1,4.43733,0.0191986,-0.0159795,0.00207515,0.544749,0.281982
2294,1,0.1,0,0,1,1,1,4.43733,0,0.0159795,0.00206177,0.194363,0.439893
2295,1,0.1,0,0,1,1,1,4.43723,-0.0331613,0.010653,0.00202504,0.249731,0.270703
2296,1,0.1,0,0,1,1,1,4.43723,0.0226893,0.0010653,0.00205193,0.359137,0.372217
2297,1,0.1,0,0,1,1,1,4.43733,-0.00523599,-0.00319589,0.0020501,0.405768,0.248145
2298,1,0.1,0,0,1,1,1,4.43733,0.0122173,0.0202406,0.00200944,0.142599,0.259424
2299,1,0.1,0,0,1,1,1,4.43723,-0.00872665,0.00213059,0.00198106,0.338063,0.451172
2300,1,0.1,0,0,1,1,1,4.43733,0,0.00319589,0.00193689,0.320514,0.304541
2301,1,0.1,0,0,1,1,1,4.43723,0,-0.0010653,0.00196254,0.370773,0.47373
2302,1,0.1,0,0,1,1,1,4.43733,-0.0191986,0.0127836,0.0019562,0.217599,0.417334
2303,1,0.1,0,0,1,1,1,4.43733,-0.00872665,0.00639178,0.00193072,0.284545,0.248145
2304,1,0.1,0,0,1,1,1,4.43723,0,-0.00639178,0.00194542,0.427105,0.360938
2305,1,0.1,0,0,1,1,1,4.43733,-0.015708,0.00639178,0.00192715,0.284074,0.214307
2306,1,0.1,0,0,1,1,1,4.43723,0,-0.00532648,0.00192252,0.412364,0.3271
2307,1,0.1,0,0,1,1,1,4.43733,0,-0.0010653,0.00191045,0.363898,0.462451
2308,1,0.1,0,0,1,1,1,4.43733,0.020944,0.00319589,0.00194947,0.322176,0.417334
2309,1,0.1,0,0,1,1,1,4.43733,-0.0226893,-0.0202406,0.00196175,0.581598,0.417334
2310,1,0.1,0,0,1,1,1,4.43733,0.00872665,0.00213059,0.00195715,0.334907,0.575244
2311,1,0.1,0,0,1,1,1,4.43733,-0.0331613,-0.0127836,0.00195205,0.49829,0.225586
2312,1,0.1,0,0,1,1,1,4.43733,0.0349066,0.00532648,0.00197181,0.301688,0.48501
2313,1,0.1,0,0,1,1,1,4.43733,-0.0331613,0.00958767,0.00195387,0.252447,0.428613
2314,1,0.1,0,0,1,1,1,4.43733,0.00349066,-0.00852238,0.00196315,0.452882,0.338379
2315,1,0.1,0,0,1,1,1,4.43733,0.0314159,0.00532648,0.00196116,0.300282,0.507568
2316,1,0.1,0,0,1,1,1,4.43733,0,-0.00745708,0.00199094,0.444831,0.293262
2317,1,0.1,0,0,1,1,1,4.43742,0.0122173,0.00745708,0.00198537,0.28004,0.541406
2318,1,0.1,0,0,1,1,1,4.43733,-0.0610865,0.0010653,0.00198057,0.349717,0.507568
2319,1,0.1,0,0,1,1,1,4.43733,0.010472,0.00532648,0.00196246,0.300453,0.372217
2320,1,0.1,0,0,1,1,1,4.43733,0,-0.00958767,0.00197932,0.466734,0.406055
2321,1,0.1,0,0,1,1,1,4.43742,0,0.00745708,0.0019664,0.277537,0.293262
2322,1,0.1,0,0,1,1,1,4.43733,-0.00872665,-0.00745708,0.00194402,0.438638,0.360938
2323,1,0.1,0,0,1,1,1,4.43733,0.0366519,0.00319589,0.00191397,0.317461,0.451172
2324,1,0.1,0,0,1,1,1,4.43723,-0.0593412,-0.00852238,0.00191312,0.446278,0.349658
2325,1,0.1,0,0,1,1,1,4.43742,0.0436332,0.00958767,0.00191569,0.247407,0.586523
2326,1,0.1,0,0,1,1,1,4.43733,-0.0837758,0.01811,0.00188764,0.149957,0.417334
2327,1,0.1,0,0,1,1,1,4.43723,0.00349066,0.00852238,0.00188125,0.254578,0.236865
2328,1,0.1,0,0,1,1,1,4.43742,0.0244346,0.0159795,0.00188443,0.17297,0.372217
2329,1,0.1,0,0,1,1,1,4.43723,-0.0366519,-0.0117183,0.00187539,0.476453,0.259424
2330,1,0.1,0,0,1,1,1,4.43733,0.0628319,-0.0213059,0.00190769,0.58618,0.270703
2331,1,0.1,0,0,1,1,1,4.43742,0,0.00532648,0.0018814,0.289753,0.281982
2332,1,0.1,0,0,1,1,1,4.43723,0,-0.00213059,0.00185527,0.368332,0.203027
2333,1,0.1,0,0,1,1,1,4.43733,0,0.0202406,0.00187855,0.125322,0.372217
2334,1,0.1,0,0,1,1,1,4.43742,0.0506145,-0.00532648,0.00188637,0.407593,0.304541
2335,1,0.1,0,0,1,1,1,4.43733,-0.010472,0.0117183,0.00186336,0.217063,0.3271
2336,1,0.1,0,0,1,1,1,4.43733,-0.0174533,0.00319589,0.00185889,0.310219,0.236865
2337,1,0.1,0,0,1,1,1,4.43733,0,-0.00213059,0.00184361,0.366793,0.394775
2338,1,0.1,0,0,1,1,1,4.43733,-0.0174533,-0.00745708,0.00182328,0.422701,0.236865
2339,1,0.1,0,0,1,1,1,4.43733,0.0314159,-5.87076e-19,0.00184993,0.344191,0.383496
2340,1,0.1,0,0,1,1,1,4.43742,0,0.0170448,0.00182705,0.153678,0.360938
2341,1,0.1,0,0,1,1,1,4.43723,-0.00349066,-0.00213059,0.00182994,0.364989,0.225586
2342,1,0.1,0,0,1,1,1,4.43733,0.0471239,-0.00426119,0.00182676,0.388005,0.225586
2343,1,0.1,0,0,1,1,1,4.43733,0,-0.0127836,0.00183217,0.482466,0.225586
2344,1,0.1,0,0,1,1,1,4.43733,0.0122173,0.00213059,0.00185169,0.320987,0.372217
2345,1,0.1,0,0,1,1,1,4.43733,-0.0226893,0.0159795,0.00183494,0.166437,0.225586
2346,1,0.1,0,0,1,1,1,4.43733,0.00872665,-0.0010653,0.00181745,0.351622,0.203027
2347,1,0.1,0,0,1,1,1,4.43733,0,0.0138489,0.00179856,0.185072,0.225586
2348,1,0.1,0,0,1,1,1,4.43723,-0.010472,-0.00426119,0.00181556,0.386527,0.259424
2349,1,0.1,0,0,1,1,1,4.43733,0,-0.0223712,0.00182936,0.58756,0.304541
2350,1,0.1,0,0,1,1,1,4.43733,0.00523599,-0.00319589,0.0018357,0.377467,0.439893
2351,1,0.1,0,0,1,1,1,4.43733,-0.0122173,0,0.00184328,0.343313,0.360938
2352,1,0.1,0,0,1,1,1,4.43733,0,-0.00852238,0.00178193,0.428961,0.146631
2353,1,0.1,0,0,1,1,1,4.43733,0.0453786,-0.0010653,0.00175724,0.343674,0.248145
2354,1,0.1,0,0,1,1,1,4.43733,0,0.00213059,0.00175306,0.307968,0.360938
2355,1,0.1,0,0,1,1,1,4.43733,0,0.00319589,0.00174709,0.295461,0.496289
2356,1,0.1,0,0,1,1,1,4.43733,-0.0174533,0.00958767,0.00173429,0.223461,0.3271
2357,1,0.1,0,0,1,1,1,4.43733,0,-0.00213059,0.00173927,0.353021,0.338379
2358,1,0.1,0,0,1,1,1,4.43733,0,0.0117183,0.00170631,0.196277,0.304541
2359,1,0.1,0,0,1,1,1,4.43733,0,0.00639178,0.00169794,0.253801,0.428613
2360,1,0.1,0,0,1,1,1,4.43733,-0.0279253,-0.00319589,0.00168425,0.357476,0.338379
2361,1,0.1,0,0,1,1,1,4.43733,0,0.00532648,0.00167672,0.262735,0.214307
2362,1,0.1,0,0,1,1,1,4.43733,0,0.00213059,0.00170172,0.301191,0.360938
2363,1,0.1,0,0,1,1,1,4.43733,-0.00872665,-0.00319589,0.00170861,0.360692,0.293262
2364,1,0.1,0,0,1,1,1,4.43733,0.0279253,0.00852238,0.00170552,0.231383,0.259424
2365,1,0.1,0,0,1,1,1,4.43733,0,0.0127836,0.00166074,0.178599,0.214307
2366,1,0.1,0,0,1,1,1,4.43733,0.0349066,-0.00319589,0.00164243,0.351955,0.360938
2367,1,0.1,0,0,1,1,1,4.43733,0,-0.00426119,0.00165777,0.365699,0.338379
2368,1,0.1,0,0,1,1,1,4.43733,0,-0.00213059,0.00162974,0.338562,0.248145
2369,1,0.1,0,0,1,1,1,4.43723,0.00872665,0.00426119,0.00163619,0.269103,0.191748
2370,1,0.1,0,0,1,1,1,4.43733,0,0.00852238,0.00161278,0.21914,0.281982
2371,1,0.1,0,0,1,1,1,4.43723,-0.00523599,0.0170448,0.00159988,0.123692,0.338379
2372,1,0.1,0,0,1,1,1,4.43733,0,-0.0170448,0.00157128,0.494851,0.225586
2373,1,0.1,0,0,1,1,1,4.43733,0.0401426,0.0127836,0.00157269,0.166976,0.180469
2374,1,0.1,0,0,1,1,1,4.43733,0,0.00213059,0.00157136,0.283978,0.191748
2375,1,0.1,0,0,1,1,1,4.43733,0,0.0010653,0.00156244,0.294523,0.417334
2376,1,0.1,0,0,1,1,1,4.43723,-0.0296706,0.00532648,0.00153111,0.243516,0.270703
2377,1,0.1,0,0,1,1,1,4.43723,0.00523599,0.00745708,0.00147738,0.212939,0.31582
2378,1,0.1,0,0,1,1,1,4.43723,-0.0191986,0.00745708,0.00146349,0.211153,0.338379
2379,1,0.1,0,0,1,1,1,4.43723,0,-0.0159795,0.00144896,0.467037,0.304541
2380,1,0.1,0,0,1,1,1,4.43723,0,0.010653,0.00145192,0.174471,0.417334
2381,1,0.1,0,0,1,1,1,4.43723,-0.0383972,0.00532648,0.00144215,0.231773,0.372217
2382,1,0.1,0,0,1,1,1,4.43723,0,0.00958767,0.00144866,0.185759,0.394775
2383,1,0.1,0,0,1,1,1,4.43723,-0.00174533,-0.00639178,0.00142408,0.358288,0.394775
2384,1,0.1,0,0,1,1,1,4.43723,0,-0.00958767,0.00143586,0.394998,0.281982
2385,1,0.1,0,0,1,1,1,4.43733,0,-0.00745708,0.00144528,0.372804,0.293262
2386,1,0.1,0,0,1,1,1,4.43733,0.0296706,0.00426119,0.00141726,0.240205,0.383496
2387,1,0.1,0,0,1,1,1,4.43723,0,-0.00213059,0.00143718,0.313145,0.417334
2388,1,0.1,0,0,1,1,1,4.43733,0.00174533,0.00852238,0.00140857,0.19193,0.270703
2389,1,0.1,0,0,1,1,1,4.43733,0,-0.0149142,0.00141703,0.451103,0.270703
2390,1,0.1,0,0,1,1,1,4.43733,0,7.17537e-19,0.00141283,0.286493,0.349658
2391,1,0.1,0,0,1,1,1,4.43733,0,-0.0127836,0.00139655,0.424963,0.124072
2392,1,0.1,0,0,1,1,1,4.43723,0,-0.0010653,0.00139286,0.295576,0.281982
2393,1,0.1,0,0,1,1,1,4.43733,-0.0244346,0.00852238,0.00140803,0.192114,0.281982
2394,1,0.1,0,0,1,1,1,4.43733,0.00698132,0.00426119,0.00139816,0.237684,0.372217
2395,1,0.1,0,0,1,1,1,4.43723,-0.0139626,-0.010653,0.00140412,0.402527,0.146631
2396,1,0.1,0,0,1,1,1,4.43733,0.0453786,-0.00213059,0.00141472,0.310179,0.3271
2397,1,0.1,0,0,1,1,1,4.43723,-0.0191986,-0.00319589,0.00142654,0.323458,0.248145
2398,1,0.1,0,0,1,1,1,4.43733,0.0471239,0.0010653,0.00140925,0.274302,0.338379
2399,1,0.1,0,0,1,1,1,4.43723,-0.0139626,-0.00532648,0.00141042,0.344767,0.169189
2400,1,0.1,0,0,1,1,1,4.43723,0.0226893,-0.0170448,0.00141767,0.474625,0.349658
2401,1,0.1,0,0,1,1,1,4.43733,0.0174533,-0.00745708,0.00144021,0.372136,0.270703
2402,1,0.1,0,0,1,1,1,4.43733,-0.00872665,0.0127836,0.0014425,0.149791,0.270703
2403,1,0.1,0,0,1,1,1,4.43733,-0.010472,0.00319589,0.00141756,0.251964,0.259424
2404,1,0.1,0,0,1,1,1,4.43723,0,0.00319589,0.00141643,0.251814,0.3271
2405,1,0.1,0,0,1,1,1,4.43723,-0.020944,0.00852238,0.00138804,0.189475,0.338379
2406,1,0.1,0,0,1,1,1,4.43723,0,-0.00852238,0.00139361,0.377703,0.3271
2407,1,0.1,0,0,1,1,1,4.43723,0,-0.0010653,0.00138065,0.293963,0.203027
2408,1,0.1,0,0,1,1,1,4.43723,-0.00523599,0.00319589,0.0013751,0.246358,0.203027
2409,1,0.1,0,0,1,1,1,4.43733,0,0.00426119,0.00137131,0.23414,0.248145
2410,1,0.1,0,0,1,1,1,4.43723,0,-0.00213059,0.00136264,0.303305,0.360938
2411,1,0.1,0,0,1,1,1,4.43723,0,0.010653,0.00140323,0.168044,0.372217
2412,1,0.1,0,0,1,1,1,4.43742,0.015708,0.00213059,0.00143316,0.26574,0.3271
2413,1,0.1,0,0,1,1,1,4.43733,0,0.00426119,0.00142437,0.241143,0.372217
2414,1,0.1,0,0,1,1,1,4.43723,-0.0296706,-0.00213059,0.0014422,0.313807,0.214307
2415,1,0.1,0,0,1,1,1,4.43733,0,0.00532648,0.00141616,0.228342,0.169189
2416,1,0.1,0,0,1,1,1,4.43723,-0.010472,-0.00639178,0.00140158,0.35527,0.248145
2417,1,0.1,0,0,1,1,1,4.43723,0,0.00213059,0.00140779,0.262392,0.293262
2418,1,0.1,0,0,1,1,1,4.43733,0,0.0117183,0.00138941,0.154502,0.281982
2419,1,0.1,0,0,1,1,1,4.43723,0,-0.00319589,0.00141546,0.321995,0.304541
2420,1,0.1,0,0,1,1,1,4.43733,0,-0.0117183,0.00144603,0.419777,0.338379
2421,1,0.1,0,0,1,1,1,4.43733,0,0.0223712,0.00141193,0.040291,0.214307
2422,1,0.1,0,0,1,1,1,4.43723,0,-0.00639178,0.00138194,0.352717,0.169189
2423,1,0.1,0,0,1,1,1,4.43733,0.0174533,-0.00426119,0.0013925,0.330683,0.372217
2424,1,0.1,0,0,1,1,1,4.43723,-0.0366519,-0.00958767,0.0013518,0.383779,0.259424
2425,1,0.1,0,0,1,1,1,4.43733,0.0191986,-0.0127836,0.00133897,0.417364,0.225586
2426,1,0.1,0,0,1,1,1,4.43723,-0.0279253,0.00319589,0.00134159,0.241935,0.281982
2427,1,0.1,0,0,1,1,1,4.43723,0,-0.00958767,0.00134493,0.382995,0.338379
2428,1,0.1,0,0,1,1,1,4.43733,0,0.00426119,0.00136558,0.233383,0.248145
2429,1,0.1,0,0,1,1,1,4.43733,0,-0.00958767,0.00139006,0.388952,0.214307
2430,1,0.1,0,0,1,1,1,4.43723,0,0.0117183,0.00138386,0.153769,0.304541
2431,1,0.1,0,0,1,1,1,4.43723,-0.0401426,-0.00319589,0.00134739,0.31301,0.203027
2432,1,0.1,0,0,1,1,1,4.43723,0,0.0138489,0.00133386,0.123732,0.304541
2433,1,0.1,0,0,1,1,1,4.43723,-0.0506145,0.00639178,0.00131658,0.20348,0.169189
2434,1,0.1,0,0,1,1,1,4.43723,0.0349066,0.0117183,0.00130159,0.142909,0.270703
2435,1,0.1,0,0,1,1,1,4.43723,-0.0383972,0.00532648,0.00130083,0.213118,0.225586
2436,1,0.1,0,0,1,1,1,4.43723,0.0366519,-0.00639178,0.00134736,0.348161,0.225586
2437,1,0.1,0,0,1,1,1,4.43733,0,0.00745708,0.00133484,0.19417,0.383496
2438,1,0.1,0,0,1,1,1,4.43723,-0.00349066,1.36984e-18,0.00135723,0.279154,0.203027
2439,1,0.1,0,0,1,1,1,4.43733,-0.00349066,-0.00213059,0.00135663,0.302512,0.236865
2440,1,0.1,0,0,1,1,1,4.43723,-0.00349066,-0.0010653,0.00135254,0.290253,0.360938
2441,1,0.1,0,0,1,1,1,4.43723,0,0.0010653,0.00126467,0.254657,0.169189
2442,1,0.1,0,0,1,1,1,4.43714,-0.00349066,0.010653,0.00126647,0.149991,0.15791
2443,1,0.1,0,0,1,1,1,4.43723,0,-0.00639178,0.00126893,0.337808,0.338379
2444,1,0.1,0,0,1,1,1,4.43723,0,-0.00745708,0.00128587,0.351763,0.3271
2445,1,0.1,0,0,1,1,1,4.43723,0,-0.0149142,0.00129441,0.434918,0.270703
2446,1,0.1,0,0,1,1,1,4.43723,0.00698132,-0.00213059,0.0013142,0.29691,0.417334
2447,1,0.1,0,0,1,1,1,4.43723,-0.0279253,-0.00319589,0.00127034,0.30284,0.259424
2448,1,0.1,0,0,1,1,1,4.43714,0,-0.0138489,0.00130128,0.424107,0.3271
2449,1,0.1,0,0,1,1,1,4.43723,0,-0.00532648,0.00130654,0.331055,0.3271
2450,1,0.1,-4.7141e-05,-0.0947593,1,1,1,4.43723,0,0.00319589,0.00126423,0.218417,0.203027
2451,1,0.0999966,-0.00168178,-0.554627,1,1,1,4.43723,0,-0.00319589,0.00124104,0.203409,0.281982
2452,1,0.0999795,-0.00554645,-0.98658,1,1,1,4.43723,0,0.00745708,0.00122835,-0.0220461,0.304541
2453,1,0.0999377,-0.0115019,-1.391,1,1,1,4.43714,-0.0244346,-0.0138489,0.00115847,0.0738035,0.0563965
2454,1,0.0998612,-0.0194122,-1.76848,1,1,1,4.43714,0,-0.0159795,0.00109603,-0.0611626,0.101514
2455,1,0.0997405,-0.0291418,-2.11951,1,1,1,4.43704,-0.010472,-0.00745708,0.000987196,-0.33938,-0.0563965
2456,1,0.0995669,-0.0405641,-2.4448,1,1,1,4.43694,-0.0331613,-0.0010653,0.000815308,-0.621664,-0.15791
2457,1,0.0993323,-0.053549,-2.74484,1,1,1,4.43675,-0.0401426,0.00319589,0.000618082,-0.900722,-0.191748
2458,1,0.099029,-0.0679712,-3.02021,1,1,1,4.43646,-0.0767945,-0.00532648,0.000337381,-1.06704,-0.462451
2459,1,0.0986504,-0.083709,-3.2715,1,1,1,4.43551,-0.202458,-0.0149142,4.26559e-05,-1.23751,-0.789551
2460,1,0.0981899,-0.100648,-3.49933,1,1,1,4.43503,-0.0890118,-0.0628525,-0.000247398,-0.998317,-1.252
2461,1,0.0976421,-0.118666,-3.70421,1,1,1,4.43474,-0.0401426,-0.103334,-0.000437658,-0.836551,-1.13921
2462,1,0.0970017,-0.137652,-3.88672,1,1,1,4.43435,-0.141372,-0.0852238,-0.00064638,-1.33057,-1.11665
2463,1,0.0962642,-0.157495,-4.04747,1,1,1,4.4334,-0.155334,-0.128901,-0.00079577,-1.14511,-1.11665
2464,1,0.0954255,-0.17809,-4.18703,1,1,1,4.43292,-0.136136,-0.177905,-0.000864114,-0.895487,-1.15049
2465,1,0.0944821,-0.199333,-4.30597,1,1,1,4.43196,-0.171042,-0.188558,-0.000932689,-1.07256,-1.02642
2466,1,0.0934311,-0.221119,-4.40486,1,1,1,4.431,-0.286234,-0.193884,-0.00105379,-1.32013,-1.19561
2467,1,0.0922703,-0.243347,-4.48427,1,1,1,4.42956,-0.188496,-0.225843,-0.00110609,-1.26805,-1.15049
2468,1,0.0909971,-0.26593,-4.5448,1,1,1,4.4286,-0.293215,-0.2855,-0.00113133,-0.909487,-1.35352
2469,1,0.0896104,-0.288767,-4.587,1,1,1,4.42688,-0.253073,-0.299348,-0.00116914,-1.05641,-1.42119
2470,1,0.0881092,-0.311769,-4.61147,1,1,1,4.42553,-0.321141,-0.313197,-0.00116431,-1.19686,-1.29712
2471,1,0.0864927,-0.334851,-4.61877,1,1,1,4.42362,-0.335103,-0.340895,-0.00114489,-1.1816,-1.17305
2472,1,0.0847607,-0.35793,-4.60947,1,1,1,4.42218,-0.354302,-0.354744,-0.00112615,-1.31619,-1.26328
2473,1,0.0829136,-0.38092,-4.58417,1,1,1,4.41988,-0.397935,-0.431445,-0.00105247,-0.748838,-1.17305
2474,1,0.0809519,-0.403745,-4.54343,1,1,1,4.41825,-0.424115,-0.410139,-0.000970781,-1.25255,-1.15049
2475,1,0.0788766,-0.426329,-4.48783,1,1,1,4.41566,-0.453786,-0.4666,-0.00089872,-0.898396,-1.12793
2476,1,0.0766891,-0.448599,-4.41793,1,1,1,4.41403,-0.371755,-0.454882,-0.000802786,-1.28332,-1.08281
2477,1,0.0743912,-0.470486,-4.33433,1,1,1,4.41106,-0.621337,-0.467665,-0.000801196,-1.40694,-1.15049
2478,1,0.0719847,-0.491923,-4.23759,1,1,1,4.40866,-0.558505,-0.509212,-0.000753633,-1.20023,-1.34224
2479,1,0.0694728,-0.512841,-4.12831,1,1,1,4.40617,-0.431096,-0.526257,-0.000654916,-1.24669,-1.18433
2480,1,0.0668575,-0.533184,-4.00704,1,1,1,4.40406,-0.575959,-0.534779,-0.000542604,-1.37569,-1.04897
2481,1,0.064142,-0.552893,-3.87435,1,1,1,4.40032,-0.640536,-0.562477,-0.000499421,-1.29459,-1.20688
2482,1,0.0613298,-0.571909,-3.73085,1,1,1,4.3984,-0.417134,-0.596566,-0.000350929,-1.11724,-1.11665
2483,1,0.0584241,-0.590184,-3.57708,1,1,1,4.39485,-0.727802,-0.632786,-0.000241031,-0.911738,-1.13921
2484,1,0.0554291,-0.607665,-3.41364,1,1,1,4.39207,-0.624828,-0.614676,-0.000189015,-1.30015,-1.22944
2485,1,0.0523488,-0.624305,-3.24109,1,1,1,4.38872,-0.631809,-0.644505,-0.000150015,-1.15223,-1.35352
2486,1,0.0491874,-0.640062,-3.06002,1,1,1,4.38565,-0.764454,-0.647701,-9.45177e-05,-1.28212,-1.17305
2487,1,0.0459497,-0.654893,-2.87101,1,1,1,4.38191,-0.645772,-0.691378,-3.68355e-05,-0.953744,-1.19561
2488,1,0.0426403,-0.668759,-2.67462,1,1,1,4.37894,-0.755728,-0.655158,2.38106e-05,-1.49,-1.07153
2489,1,0.0392638,-0.681627,-2.47142,1,1,1,4.37482,-0.741765,-0.708422,0.000124212,-1.02372,-1.15049
2490,1,0.0358258,-0.693463,-2.26202,1,1,1,4.37185,-0.703368,-0.720141,0.000261467,-0.993858,-1.18433
2491,1,0.0323313,-0.704237,-2.04698,1,1,1,4.36772,-0.666716,-0.740381,0.000394863,-0.856871,-0.834668
2492,1,0.0287853,-0.713924,-1.82684,1,1,1,4.36475,-0.823795,-0.73399,0.000565257,-0.992965,-0.936182
2493,1,0.0251938,-0.722498,-1.60222,1,1,1,4.36034,-0.677188,-0.759557,0.000699263,-0.76774,-0.936182
2494,1,0.0215623,-0.729939,-1.37368,1,1,1,4.35746,-0.764454,-0.742512,0.000830452,-0.996319,-0.766992
2495,1,0.0178963,-0.736229,-1.1418,1,1,1,4.35267,-0.673697,-0.759557,0.000959844,-0.835932,-0.868506
2496,1,0.0142017,-0.741353,-0.907147,1,1,1,4.34989,-0.74351,-0.757426,0.00108601,-0.871272,-0.80083
2497,1,0.0104845,-0.745298,-0.670302,1,1,1,4.34519,-0.712094,-0.744643,0.00118396,-1.0128,-0.812109
2498,1,0.00675097,-0.748053,-0.431875,1,1,1,4.34232,-0.773181,-0.768079,0.0012841,-0.74333,-0.879785
2499,1,0.00300595,-0.749614,-0.192364,1,1,1,4.33791,-0.689405,-0.759557,0.00137431,-0.812616,-0.834668
2500,1,-0.000743487,-0.749976,0.0475829,1,1,1,4.33484,-0.79587,-0.764883,0.00144888,-0.716669,-0.744434
2501,1,-0.00449179,-0.749139,0.28742,1,1,1,4.32976,-0.757473,-0.77021,0.0014904,-0.609903,-0.823389
2502,1,-0.00823236,-0.747104,0.526531,1,1,1,4.32688,-0.726057,-0.768079,0.00159491,-0.561874,-0.676758
2503,1,-0.0119609,-0.743875,0.764451,1,1,1,4.32218,-0.773181,-0.773406,0.00171787,-0.414647,-0.688037
2504,1,-0.0156696,-0.739462,1.00048,1,1,1,4.31902,-0.809833,-0.765949,0.00181776,-0.396305,-0.518848
2505,1,-0.0193537,-0.733874,1.23411,1,1,1,4.3148,-0.668461,-0.755296,0.00195643,-0.393531,-0.417334
2506,1,-0.0230061,-0.727127,1.4647,1,1,1,4.31173,-0.734784,-0.749969,0.0020589,-0.323039,-0.270703
2507,1,-0.0266227,-0.719234,1.69177,1,1,1,4.30732,-0.727802,-0.727598,0.00212127,-0.431282,-0.349658
2508,1,-0.030197,-0.710215,1.91469,1,1,1,4.30416,-0.813323,-0.697769,0.00216791,-0.609971,-0.496289
2509,1,-0.0337231,-0.700094,2.13287,1,1,1,4.29994,-0.616101,-0.700965,0.0021909,-0.415394,-0.281982
2510,1,-0.0371964,-0.688894,2.34578,1,1,1,4.29726,-0.726057,-0.697769,0.00225007,-0.273376,-0.259424
2511,1,-0.0406104,-0.676646,2.55277,1,1,1,4.29294,-0.631809,-0.669006,0.00226436,-0.406146,-0.214307
2512,1,-0.0439609,-0.663378,2.75334,1,1,1,4.29054,-0.626573,-0.667941,0.00227967,-0.22219,-0.259424
2513,1,-0.0472424,-0.649125,2.94687,1,1,1,4.28652,-0.66497,-0.654092,0.00231884,-0.164289,-0.214307
2514,1,-0.0504505,-0.633922,3.13281,1,1,1,4.28412,-0.579449,-0.634917,0.00232746,-0.158047,-0.203027
2515,1,-0.0535801,-0.617811,3.31056,1,1,1,4.28067,-0.574213,-0.633852,0.00236057,0.0609002,-0.101514
2516,1,-0.0566273,-0.600831,3.47957,1,1,1,4.27827,-0.591667,-0.608285,0.00236174,0.0158836,-0.169189
2517,1,-0.0595872,-0.58303,3.63925,1,1,1,4.27473,-0.584685,-0.583783,0.0023675,-0.00770971,-0.146631
2518,1,-0.0624561,-0.564456,3.789,1,1,1,4.27252,-0.555015,-0.57526,0.00235956,0.151081,-0.124072
2519,1,-0.0652304,-0.545158,3.92829,1,1,1,4.26926,-0.546288,-0.560346,0.00235841,0.248136,-0.0563965
2520,1,-0.0679066,-0.525191,4.05651,1,1,1,4.26706,-0.534071,-0.517734,0.00238322,0.0508811,-0.0451172
2521,1,-0.0704815,-0.504611,4.17311,1,1,1,4.26399,-0.472984,-0.508147,0.00240329,0.222408,-0.0338379
2522,1,-0.0729519,-0.48348,4.27749,1,1,1,4.26245,-0.368264,-0.483645,0.00246838,0.241157,0.0451172
2523,1,-0.0753155,-0.461857,4.36909,1,1,1,4.25977,-0.495674,-0.454882,0.00250209,0.213298,0.135352
2524,1,-0.0775696,-0.439813,4.44731,1,1,1,4.25795,-0.413643,-0.443164,0.00251793,0.374098,0.248145
2525,1,-0.079713,-0.417407,4.51161,1,1,1,4.25584,-0.37001,-0.411205,0.00246906,0.306382,0.169189
2526,1,-0.0817432,-0.394721,4.56139,1,1,1,4.25402,-0.453786,-0.366462,0.00254604,0.116223,0.496289
2527,1,-0.0836596,-0.371821,4.59608,1,1,1,4.25172,-0.37001,-0.345156,0.00239032,0.153827,0.0563965
2528,1,-0.0854613,-0.348784,4.61511,1,1,1,4.25037,-0.312414,-0.313197,0.00220537,0.0697541,0.101514
2529,1,-0.0871475,-0.325695,4.61789,1,1,1,4.24874,-0.272271,-0.299348,0.00188948,0.165735,0.180469
2530,1,-0.0887183,-0.302633,4.60385,1,1,1,4.24759,-0.286234,-0.248214,0.00180514,-0.121112,0.124072
2531,1,-0.0901741,-0.279685,4.57242,1,1,1,4.24596,-0.246091,-0.245018,0.00164061,0.10508,0.0902344
2532,1,-0.0915154,-0.256941,4.52302,1,1,1,4.2452,-0.188496,-0.202406,0.00140846,-0.117,0.112793
2533,1,-0.0927439,-0.234487,4.45508,1,1,1,4.24376,-0.249582,-0.203472,0.00121157,0.139412,0.112793
2534,1,-0.093861,-0.212421,4.36801,1,1,1,4.24289,-0.193732,-0.157664,0.000946305,-0.137097,0.0789551
2535,1,-0.094869,-0.190838,4.26123,1,1,1,4.24213,-0.10472,-0.161925,0.00074394,0.136972,0.112793
2536,1,-0.0957703,-0.169843,4.1342,1,1,1,4.24165,-0.141372,-0.134227,0.000578803,0.0555945,0.0902344
2537,1,-0.0965685,-0.149532,3.9863,1,1,1,4.24079,-0.0994838,-0.12464,0.000404304,0.159991,0.112793
2538,1,-0.097267,-0.130014,3.81698,1,1,1,4.2404,-0.0907571,-0.0926808,0.000193634,1.72828e-05,0.0563965
2539,1,-0.0978701,-0.111401,3.62569,1,1,1,4.23992,-0.0785398,-0.0628525,-4.56601e-05,-0.155422,0.0338379
2540,1,-0.0983827,-0.0937951,3.41176,1,1,1,4.23954,-0.0820305,-0.0596566,-0.000243937,-0.0284715,0.0451172
2541,1,-0.09881,-0.0773199,3.17472,1,1,1,4.23935,-0.0226893,-0.0415466,-0.000490405,-0.0899416,-0.0902344
2542,1,-0.0991579,-0.0620889,2.91395,1,1,1,4.23925,-0.0314159,-0.0202406,-0.000668474,-0.195361,-0.0338379
2543,1,-0.0994331,-0.0482214,2.62885,1,1,1,4.23906,-0.0279253,-0.0202406,-0.00091779,-0.0983678,-0.101514
2544,1,-0.0996426,-0.0358416,2.31889,1,1,1,4.23877,-0.0820305,0.0202406,-0.001173,-0.469078,-0.180469
2545,1,-0.0997942,-0.0250745,1.98344,1,1,1,4.23772,-0.233874,0.0117183,-0.00140646,-0.322249,-0.349658
2546,1,-0.0998963,-0.0160503,1.62199,1,1,1,4.23743,0.00523599,0.0223712,-0.00161387,-0.407545,-0.47373
2547,1,-0.0999578,-0.00889927,1.23391,1,1,1,4.23772,0,0.00213059,-0.0017325,-0.167714,-0.281982
2548,1,-0.0999886,-0.00375646,0.818656,1,1,1,4.23762,0,0.00958767,-0.00180654,-0.254272,-0.225586
2549,1,-0.099999,-0.000759082,0.375642,1,1,1,4.23772,0,0.00213059,-0.00181069,-0.196932,-0.135352
2550,1,-0.1,-0,-0,1,1,1,4.23772,0,-0.00426119,-0.00182629,-0.171944,-0.180469
2551,1,-0.1,-0,-0,1,1,1,4.23781,0,0.00532648,-0.00185815,-0.284305,-0.394775
2552,1,-0.1,-0,-0,1,1,1,4.23772,-0.00698132,0.00319589,-0.00188285,-0.266909,-0.349658
2553,1,-0.1,-0,-0,1,1,1,4.23772,0,-0.0362201,-0.00189274,0.162221,-0.383496
2554,1,-0.1,-0,-0,1,1,1,4.23772,0.00698132,-0.00532648,-0.00185102,-0.173027,-0.135352
2555,1,-0.1,-0,-0,1,1,1,4.23772,-0.0174533,-0.00426119,-0.00186049,-0.188376,-0.225586
2556,1,-0.1,-0,-0,1,1,1,4.23772,0.00872665,0.0170448,-0.00187521,-0.427166,-0.180469
2557,1,-0.1,-0,-0,1,1,1,4.23772,-0.0279253,0.00213059,-0.00191023,-0.270951,-0.338379
2558,1,-0.1,-0,-0,1,1,1,4.23772,0.0488692,0.0149142,-0.00192798,-0.416461,-0.191748
2559,1,-0.1,-0,-0,1,1,1,4.23772,-0.015708,0.0308936,-0.00195667,-0.598668,-0.248145
2560,1,-0.1,-0,-0,1,1,1,4.23772,0,0.0010653,-0.00198226,-0.277505,-0.31582
2561,1,-0.1,-0,-0,1,1,1,4.23772,0.010472,0.00745708,-0.00195468,-0.345978,-0.146631
2562,1,-0.1,-0,-0,1,1,1,4.23772,-0.00523599,-0.00852238,-0.00193697,-0.170323,-0.304541
2563,1,-0.1,-0,-0,1,1,1,4.23772,0.020944,0.00319589,-0.00192341,-0.299111,-0.293262
2564,1,-0.1,-0,-0,1,1,1,4.23772,0,-0.00852238,-0.00192562,-0.172828,-0.214307
2565,1,-0.1,-0,-0,1,1,1,4.23772,0,-0.00639178,-0.00192504,-0.198321,-0.338379
2566,1,-0.1,-0,-0,1,1,1,4.23772,0.015708,0.01811,-0.00193872,-0.471638,-0.236865
2567,1,-0.1,-0,-0,1,1,1,4.23772,-0.0261799,0.00745708,-0.00193358,-0.356197,-0.180469
2568,1,-0.1,-0,-0,1,1,1,4.23772,0,0.00639178,-0.00196273,-0.351258,-0.293262
2569,1,-0.1,-0,-0,1,1,1,4.23772,0,-0.00426119,-0.00192805,-0.231286,-0.31582
2570,1,-0.1,-0,-0,1,1,1,4.23772,0.00174533,-0.0010653,-0.00190056,-0.264506,-0.439893
2571,1,-0.1,-0,-0,1,1,1,4.23772,0.00174533,0.00852238,-0.00189199,-0.370739,-0.338379
2572,1,-0.1,-0,-0,1,1,1,4.23772,0,6.52306e-19,-0.00192073,-0.28368,-0.338379
2573,1,-0.1,-0,-0,1,1,1,4.23772,0.00698132,-0.0191753,-0.00193573,-0.0776462,-0.270703
2574,1,-0.1,-0,-0,1,1,1,4.23772,0,0.0010653,-0.00197536,-0.308458,-0.214307
2575,1,-0.1,-0,-0,1,1,1,4.23772,0,0.0127836,-0.00201203,-0.445253,-0.439893
2576,1,-0.1,-0,-0,1,1,1,4.23762,-0.0279253,-0.0138489,-0.00198045,-0.150221,-0.31582
2577,1,-0.1,-0,-0,1,1,1,4.23781,0.015708,0.0170448,-0.00197646,-0.491241,-0.225586
2578,1,-0.1,-0,-0,1,1,1,4.23772,-0.0174533,0.0191753,-0.00200665,-0.521731,-0.3271
2579,1,-0.1,-0,-0,1,1,1,4.23762,-0.0174533,0.0223712,-0.00206193,-0.567657,-0.462451
2580,1,-0.1,-0,-0,1,1,1,4.23762,0,-0.00426119,-0.00207071,-0.278647,-0.48501
2581,1,-0.1,-0,-0,1,1,1,4.23762,0.00872665,-0.00958767,-0.00207013,-0.222124,-0.383496
2582,1,-0.1,-0,-0,1,1,1,4.23772,0,0.0223712,-0.00210596,-0.580961,-0.360938
2583,1,-0.1,-0,-0,1,1,1,4.23762,-0.020944,-0.00426119,-0.00211218,-0.29179,-0.496289
2584,1,-0.1,-0,-0,1,1,1,4.23772,0.0418879,0.00852238,-0.00209256,-0.431604,-0.3271
2585,1,-0.1,-0,-0,1,1,1,4.23762,-0.0366519,0.00532648,-0.00210371,-0.4007,-0.394775
2586,1,-0.1,-0,-0,1,1,1,4.23762,0.0331613,-0.00319589,-0.00210271,-0.309459,-0.372217
2587,1,-0.1,-0,-0,1,1,1,4.23762,0,0.0202406,-0.00211582,-0.571218,-0.31582
2588,1,-0.1,-0,-0,1,1,1,4.23762,0,0.00319589,-0.00214373,-0.390681,-0.3271
2589,1,-0.1,-0,-0,1,1,1,4.23762,0,0.00958767,-0.00212799,-0.461197,-0.259424
2590,1,-0.1,-0,-0,1,1,1,4.23762,0,-0.00532648,-0.00211495,-0.297626,-0.439893
2591,1,-0.1,-0,-0,1,1,1,4.23762,0,0.00639178,-0.002129,-0.43113,-0.406055
2592,1,-0.1,-0,-0,1,1,1,4.23762,0,0.00319589,-0.00216008,-0.403073,-0.406055
2593,1,-0.1,-0,-0,1,1,1,4.23762,0,-0.0159795,-0.00213163,-0.190462,-0.281982
2594,1,-0.1,-0,-0,1,1,1,4.23762,0,-0.00319589,-0.00215129,-0.336315,-0.372217
2595,1,-0.1,-0,-0,1,1,1,4.23762,0,-5.87076e-19,-0.00215405,-0.374286,-0.304541
2596,1,-0.1,-0,-0,1,1,1,4.23762,-0.00872665,-0.0010653,-0.00215451,-0.36521,-0.293262
2597,1,-0.1,-0,-0,1,1,1,4.23762,0,0.010653,-0.00214175,-0.494465,-0.31582
2598,1,-0.1,-0,-0,1,1,1,4.23762,0,-0.0159795,-0.00215059,-0.205705,-0.47373
2599,1,-0.1,-0,-0,1,1,1,4.23762,0.0296706,0.0202406,-0.00218333,-0.610846,-0.304541
2600,1,-0.1,-0,-0,1,1,1,4.23753,-0.0471239,0.010653,-0.00219532,-0.506965,-0.417334
2601,1,-0.1,-0,-0,1,1,1,4.23762,0,0.0202406,-0.00222062,-0.615769,-0.3271
2602,1,-0.1,-0,-0,1,1,1,4.23762,0,-0.0010653,-0.00222487,-0.381965,-0.338379
2603,1,-0.1,-0,-0,1,1,1,4.23753,0,0.0010653,-0.00222667,-0.405638,-0.451172
2604,1,-0.1,-0,-0,1,1,1,4.23753,0,-0.00426119,-0.00224534,-0.349512,-0.518848
2605,1,-0.1,-0,-0,1,1,1,4.23753,0.00349066,0.00213059,-0.00219668,-0.413399,-0.203027
2606,1,-0.1,-0,-0,1,1,1,4.23762,-0.0226893,-0.00213059,-0.00219752,-0.366636,-0.349658
2607,1,-0.1,-0,-0,1,1,1,4.23753,0,0.0170448,-0.00218048,-0.575316,-0.417334
2608,1,-0.1,-0,-0,1,1,1,4.23762,0.0226893,0.00213059,-0.00221935,-0.416391,-0.31582
2609,1,-0.1,-0,-0,1,1,1,4.23753,0,-0.00532648,-0.00224118,-0.337245,-0.383496
2610,1,-0.1,-0,-0,1,1,1,4.23753,0,-0.00958767,-0.00223677,-0.289789,-0.394775
2611,1,-0.1,-0,-0,1,1,1,4.23762,0,-0.0010653,-0.00226963,-0.387873,-0.31582
2612,1,-0.1,-0,-0,1,1,1,4.23753,-0.00174533,0.0213059,-0.00226516,-0.633367,-0.281982
2613,1,-0.1,-0,-0,1,1,1,4.23753,-0.0383972,0.0127836,-0.00227902,-0.54145,-0.372217
2614,1,-0.1,-0,-0,1,1,1,4.23753,0.0174533,0.00532648,-0.00230024,-0.462222,-0.304541
2615,1,-0.1,-0,-0,1,1,1,4.23753,0,-0.00745708,-0.00228176,-0.319164,-0.372217
2616,1,-0.1,-0,-0,1,1,1,4.23753,0,-0.0159795,-0.0022862,-0.226004,-0.563965
2617,1,-0.1,-0,-0,1,1,1,4.23762,0.0349066,0.00213059,-0.00227,-0.423076,-0.304541
2618,1,-0.1,-0,-0,1,1,1,4.23762,-0.0279253,0.00958767,-0.0022475,-0.502134,-0.31582
2619,1,-0.1,-0,-0,1,1,1,4.23753,-0.00872665,0.010653,-0.00228666,-0.519021,-0.383496
2620,1,-0.1,-0,-0,1,1,1,4.23753,0,-0.01811,-0.00235866,-0.212133,-0.47373
2621,1,-0.1,-0,-0,1,1,1,4.23753,0.0506145,-0.00745708,-0.00229722,-0.321205,-0.372217
2622,1,-0.1,-0,-0,1,1,1,4.23762,0,-0.00852238,-0.00228952,-0.308471,-0.496289
2623,1,-0.1,-0,-0,1,1,1,4.23753,0.0174533,-0.0138489,-0.00227957,-0.248566,-0.360938
2624,1,-0.1,-0,-0,1,1,1,4.23753,0,-0.00426119,-0.00232011,-0.359382,-0.417334
2625,1,-0.1,-0,-0,1,1,1,4.23753,0.0349066,0.00745708,-0.00233123,-0.48975,-0.338379
2626,1,-0.1,-0,-0,1,1,1,4.23753,-0.0226893,0.00213059,-0.00231322,-0.428782,-0.349658
2627,1,-0.1,-0,-0,1,1,1,4.23753,0,-0.0010653,-0.002318,-0.394257,-0.47373
2628,1,-0.1,-0,-0,1,1,1,4.23753,0.00872665,0.0127836,-0.00234921,-0.550715,-0.417334
2629,1,-0.1,-0,-0,1,1,1,4.23753,-0.00349066,0.00213059,-0.00231496,-0.429011,-0.372217
2630,1,-0.1,-0,-0,1,1,1,4.23753,0,-0.00319589,-0.00233915,-0.373613,-0.518848
2631,1,-0.1,-0,-0,1,1,1,4.23753,0.0191986,0.00426119,-0.00234655,-0.456617,-0.507568
2632,1,-0.1,-0,-0,1,1,1,4.23753,-0.015708,0.0149142,-0.00236021,-0.575603,-0.575244
2633,1,-0.1,-0,-0,1,1,1,4.23753,0,-0.00852238,-0.00240739,-0.32403,-0.428613
2634,1,-0.1,-0,-0,1,1,1,4.23753,0,0.0117183,-0.00244495,-0.551634,-0.48501
2635,1,-0.1,-0,-0,1,1,1,4.23753,0,-0.00319589,-0.00244835,-0.388027,-0.586523
2636,1,-0.1,-0,-0,1,1,1,4.23753,0,-0.00319589,-0.00246351,-0.390029,-0.496289
2637,1,-0.1,-0,-0,1,1,1,4.23753,0,-0.00532648,-0.00248992,-0.370078,-0.575244
2638,1,-0.1,-0,-0,1,1,1,4.23753,0,-0.0127836,-0.0024699,-0.285408,-0.428613
2639,1,-0.1,-0,-0,1,1,1,4.23753,-0.0139626,-0.0298283,-0.00246451,-0.0972034,-0.688037
2640,1,-0.1,-0,-0,1,1,1,4.23753,0.0471239,-0.01811,-0.00249791,-0.230514,-0.507568
2641,1,-0.1,-0,-0,1,1,1,4.23753,0.0226893,-0.00745708,-0.00247006,-0.34402,-0.507568
2642,1,-0.1,-0,-0,1,1,1,4.23753,0,-0.00532648,-0.00247522,-0.368137,-0.439893
2643,1,-0.1,-0,-0,1,1,1,4.23753,0,0.01811,-0.0024935,-0.628353,-0.360938
2644,1,-0.1,-0,-0,1,1,1,4.23753,-0.0174533,0.0127836,-0.0025002,-0.570645,-0.496289
2645,1,-0.1,-0,-0,1,1,1,4.23743,-0.0174533,-0.01811,-0.00250504,-0.231455,-0.586523
2646,1,-0.1,-0,-0,1,1,1,4.23753,0.0314159,0.00745708,-0.00249353,-0.511174,-0.304541
2647,1,-0.1,-0,-0,1,1,1,4.23753,-0.010472,-0.0010653,-0.00246228,-0.413302,-0.304541
2648,1,-0.1,-0,-0,1,1,1,4.23762,0.0261799,0.00852238,-0.00246224,-0.518761,-0.417334
2649,1,-0.1,-0,-0,1,1,1,4.23753,-0.0331613,-0.00319589,-0.0024423,-0.387229,-0.575244
2650,1,-0.1,-0,-0,1,1,1,4.23753,0.0401426,0.00958767,-0.002464,-0.530712,-0.507568
2651,1,-0.1,-0,-0,1,1,1,4.23743,-0.00523599,0.0117183,-0.00252006,-0.561549,-0.48501
2652,1,-0.1,-0,-0,1,1,1,4.23743,0,-0.00745708,-0.00256306,-0.356296,-0.676758
2653,1,-0.1,-0,-0,1,1,1,4.23753,0.0174533,-0.00319589,-0.00256934,-0.403999,-0.406055
2654,1,-0.1,-0,-0,1,1,1,4.23753,0,0.00639178,-0.00257134,-0.509726,-0.417334
2655,1,-0.1,-0,-0,1,1,1,4.23743,-0.00349066,0.00532648,-0.00258894,-0.500332,-0.428613
2656,1,-0.1,-0,-0,1,1,1,4.23743,0,-0.0149142,-0.00258783,-0.277538,-0.417334
2657,1,-0.1,-0,-0,1,1,1,4.23753,0,0.00213059,-0.0026057,-0.467389,-0.654199
2658,1,-0.1,-0,-0,1,1,1,4.23743,0,0.0255671,-0.0026286,-0.728214,-0.530127
2659,1,-0.1,-0,-0,1,1,1,4.23743,-0.0471239,0.00213059,-0.00264575,-0.472676,-0.688037
2660,1,-0.1,-0,-0,1,1,1,4.23743,0.0541052,0.00958767,-0.00261833,-0.551084,-0.406055
2661,1,-0.1,-0,-0,1,1,1,4.23743,-0.020944,0.00213059,-0.00266833,-0.475656,-0.338379
2662,1,-0.1,-0,-0,1,1,1,4.23743,-0.0244346,0.00852238,-0.0026615,-0.545065,-0.304541
2663,1,-0.1,-0,-0,1,1,1,4.23743,-0.00872665,-0.00852238,-0.00267352,-0.359158,-0.428613
2664,1,-0.1,-0,-0,1,1,1,4.23743,0,0.0127836,-0.00270823,-0.598105,-0.47373
2665,1,-0.1,-0,-0,1,1,1,4.23743,0,0.00958767,-0.00271106,-0.563324,-0.428613
2666,1,-0.1,-0,-0,1,1,1,4.23743,0,0.00958767,-0.00271829,-0.564278,-0.439893
2667,1,-0.1,-0,-0,1,1,1,4.23743,0,0.00319589,-0.00270495,-0.492209,-0.338379
2668,1,-0.1,-0,-0,1,1,1,4.23743,0,0.0010653,-0.0027346,-0.472686,-0.496289
2669,1,-0.1,-0,-0,1,1,1,4.23743,0.00698132,0.00319589,-0.00274447,-0.497425,-0.48501
2670,1,-0.1,-0,-0,1,1,1,4.23743,0,-0.00958767,-0.00273785,-0.355932,-0.541406
2671,1,-0.1,-0,-0,1,1,1,4.23743,0.00872665,-0.00852238,-0.00272499,-0.365952,-0.428613
2672,1,-0.1,-0,-0,1,1,1,4.23743,0.0191986,0.0191753,-0.00272406,-0.670505,-0.394775
2673,1,-0.1,-0,-0,1,1,1,4.23733,-0.00523599,-0.00958767,-0.00273811,-0.355966,-0.417334
2674,1,-0.1,-0,-0,1,1,1,4.23743,0,-0.010653,-0.00278824,-0.350865,-0.518848
2675,1,-0.1,-0,-0,1,1,1,4.23743,0.0418879,-0.00319589,-0.00277077,-0.430587,-0.575244
2676,1,-0.1,-0,-0,1,1,1,4.23743,-0.015708,-0.00852238,-0.00275334,-0.369695,-0.631641
2677,1,-0.1,-0,-0,1,1,1,4.23743,0,0.00745708,-0.00273098,-0.542518,-0.406055
2678,1,-0.1,-0,-0,1,1,1,4.23743,-0.00523599,-0.00852238,-0.00271656,-0.36484,-0.417334
2679,1,-0.1,-0,-0,1,1,1,4.23743,0.00698132,0.00213059,-0.00271482,-0.481793,-0.349658
2680,1,-0.1,-0,-0,1,1,1,4.23743,0,-0.010653,-0.00273526,-0.343872,-0.552686
2681,1,-0.1,-0,-0,1,1,1,4.23743,0.0122173,0.028763,-0.00274705,-0.779003,-0.541406
2682,1,-0.1,-0,-0,1,1,1,4.23743,0,-0.0138489,-0.00275435,-0.311237,-0.496289
2683,1,-0.1,-0,-0,1,1,1,4.23743,0.00349066,0.00426119,-0.00274566,-0.5093,-0.552686
2684,1,-0.1,-0,-0,1,1,1,4.23743,0.0244346,-0.0117183,-0.00274541,-0.333493,-0.48501
2685,1,-0.1,-0,-0,1,1,1,4.23743,0.0174533,0.00426119,-0.00270161,-0.503486,-0.293262
2686,1,-0.1,-0,-0,1,1,1,4.23743,-0.0418879,-0.00532648,-0.00270813,-0.398882,-0.496289
2687,1,-0.1,-0,-0,1,1,1,4.23743,0,0.00852238,-0.00276105,-0.558205,-0.518848
2688,1,-0.1,-0,-0,1,1,1,4.23724,-0.00349066,-0.00213059,-0.00275394,-0.440083,-0.496289
2689,1,-0.1,-0,-0,1,1,1,4.23733,0,-0.0117183,-0.00273743,-0.33244,-0.530127
2690,1,-0.1,-0,-0,1,1,1,4.23743,0.0383972,0.0149142,-0.00274832,-0.626833,-0.439893
2691,1,-0.1,-0,-0,1,1,1,4.23733,-0.0366519,0.010653,-0.00276854,-0.58263,-0.552686
2692,1,-0.1,-0,-0,1,1,1,4.23733,0.00523599,0.00213059,-0.00280689,-0.493946,-0.530127
2693,1,-0.1,-0,-0,1,1,1,4.23733,0.00174533,-0.00745708,-0.00280404,-0.388106,-0.349658
2694,1,-0.1,-0,-0,1,1,1,4.23733,-0.0279253,-6.52306e-19,-0.00279543,-0.468997,-0.575244
2695,1,-0.1,-0,-0,1,1,1,4.23733,0,0.00958767,-0.00278946,-0.573673,-0.394775
2696,1,-0.1,-0,-0,1,1,1,4.23733,0,0.0149142,-0.0027977,-0.633352,-0.48501
2697,1,-0.1,-0,-0,1,1,1,4.23733,-0.0261799,-0.0138489,-0.00276949,-0.313235,-0.507568
2698,1,-0.1,-0,-0,1,1,1,4.23743,0.0349066,0.00958767,-0.00278693,-0.573339,-0.428613
2699,1,-0.1,-0,-0,1,1,1,4.23733,-0.00523599,0.0159795,-0.00279472,-0.644677,-0.349658
2700,1,-0.1,-0,-0,1,1,1,4.23733,-0.0418879,0.00639178,-0.00283983,-0.545167,-0.48501
2701,1,-0.1,-0,-0,1,1,1,4.23733,0,0.0234365,-0.00284942,-0.733925,-0.563965
2702,1,-0.1,-0,-0,1,1,1,4.23733,-0.00872665,-0.01811,-0.00283896,-0.275533,-0.733154
2703,1,-0.1,-0,-0,1,1,1,4.23743,0.0174533,0.0138489,-0.00284122,-0.627379,-0.609082
2704,1,-0.1,-0,-0,1,1,1,4.23733,-0.00523599,-0.010653,-0.00281627,-0.354566,-0.575244
2705,1,-0.1,-0,-0,1,1,1,4.23733,0,0.010653,-0.00282295,-0.589812,-0.654199
2706,1,-0.1,-0,-0,1,1,1,4.23724,0,0.00213059,-0.00284439,-0.498896,-0.586523
2707,1,-0.1,-0,-0,1,1,1,4.23733,0,0.00852238,-0.00281564,-0.56541,-0.575244
2708,1,-0.1,-0,-0,1,1,1,4.23733,0,-0.00745708,-0.0028546,-0.394779,-0.586523
2709,1,-0.1,-0,-0,1,1,1,4.23733,0.0244346,0.00745708,-0.00285835,-0.55933,-0.394775
2710,1,-0.1,-0,-0,1,1,1,4.23724,-0.0191986,0.010653,-0.0028802,-0.597369,-0.48501
2711,1,-0.1,-0,-0,1,1,1,4.23724,0,-0.00319589,-0.00286344,-0.442819,-0.417334
2712,1,-0.1,-0,-0,1,1,1,4.23724,-0.0261799,-0.00426119,-0.0028524,-0.429644,-0.563965
2713,1,-0.1,-0,-0,1,1,1,4.23733,0,-0.00426119,-0.00286145,-0.430838,-0.428613
2714,1,-0.1,-0,-0,1,1,1,4.23733,0,0.010653,-0.00286689,-0.595613,-0.270703
2715,1,-0.1,-0,-0,1,1,1,4.23724,-0.0139626,0.00426119,-0.00287924,-0.526933,-0.451172
2716,1,-0.1,-0,-0,1,1,1,4.23724,0.00872665,-0.0010653,-0.00289386,-0.470271,-0.394775
2717,1,-0.1,-0,-0,1,1,1,4.23724,0,0.0010653,-0.00291696,-0.496757,-0.755713
2718,1,-0.1,-0,-0,1,1,1,4.23724,0.00872665,0.00958767,-0.00293255,-0.592561,-0.47373
2719,1,-0.1,-0,-0,1,1,1,4.23724,0,-0.0117183,-0.00292209,-0.356815,-0.394775
2720,1,-0.1,-0,-0,1,1,1,4.23724,0,-0.00639178,-0.00288181,-0.410089,-0.394775
2721,1,-0.1,-0,-0,1,1,1,4.23724,0,0.0138489,-0.00289441,-0.6344,-0.31582
2722,1,-0.1,-0,-0,1,1,1,4.23724,0,-0.00958767,-0.00290612,-0.378144,-0.439893
2723,1,-0.1,-0,-0,1,1,1,4.23733,0.00174533,0.0117183,-0.00295035,-0.618347,-0.541406
2724,1,-0.1,-0,-0,1,1,1,4.23724,0,-0.00745708,-0.00295496,-0.408026,-0.417334
2725,1,-0.1,-0,-0,1,1,1,4.23724,0,0.00532648,-0.00296839,-0.550419,-0.428613
2726,1,-0.1,-0,-0,1,1,1,4.23724,-0.0174533,0.00852238,-0.00298914,-0.588313,-0.552686
2727,1,-0.1,-0,-0,1,1,1,4.23724,0,-0.00745708,-0.00297585,-0.410784,-0.462451
2728,1,-0.1,-0,-0,1,1,1,4.23724,0.0174533,0.0010653,-0.00298365,-0.50556,-0.428613
2729,1,-0.1,-0,-0,1,1,1,4.23724,0.00872665,0.0149142,-0.00297274,-0.656457,-0.451172
2730,1,-0.1,-0,-0,1,1,1,4.23724,0,-0.01811,-0.00295465,-0.290803,-0.530127
2731,1,-0.1,-0,-0,1,1,1,4.23724,0.0139626,-0.0117183,-0.00295527,-0.361195,-0.47373
2732,1,-0.1,-0,-0,1,1,1,4.23724,0,0.00852238,-0.00295654,-0.584009,-0.3271
2733,1,-0.1,-0,-0,1,1,1,4.23724,-0.00872665,0.0213059,-0.00295668,-0.724647,-0.338379
2734,1,-0.1,-0,-0,1,1,1,4.23724,-0.010472,-0.00426119,-0.00293933,-0.441119,-0.496289
2735,1,-0.1,-0,-0,1,1,1,4.23724,0,0.0117183,-0.00293519,-0.616346,-0.417334
2736,1,-0.1,-0,-0,1,1,1,4.23724,-0.0174533,0.00532648,-0.00292791,-0.545076,-0.552686
2737,1,-0.1,-0,-0,1,1,1,4.23724,0,-0.0010653,-0.00292138,-0.473904,-0.48501
2738,1,-0.1,-0,-0,1,1,1,4.23724,0.00872665,-0.0138489,-0.00293102,-0.334557,-0.530127
2739,1,-0.1,-0,-0,1,1,1,4.23724,0.00698132,-0.00745708,-0.00292668,-0.404294,-0.575244
2740,1,-0.1,-0,-0,1,1,1,4.23724,0,0.0138489,-0.00293672,-0.639985,-0.620361
2741,1,-0.1,-0,-0,1,1,1,4.23724,-0.0279253,0.01811,-0.00293996,-0.687285,-0.360938
2742,1,-0.1,-0,-0,1,1,1,4.23724,0,0.00532648,-0.0029403,-0.546711,-0.586523
2743,1,-0.1,-0,-0,1,1,1,4.23724,0,0.0127836,-0.00296723,-0.632293,-0.530127
2744,1,-0.1,-0,-0,1,1,1,4.23724,0,0.0010653,-0.00295898,-0.502304,-0.451172
2745,1,-0.1,-0,-0,1,1,1,4.23724,0,-0.0010653,-0.00295873,-0.478834,-0.721875
2746,1,-0.1,-0,-0,1,1,1,4.23724,0.0331613,0.0149142,-0.00298303,-0.657816,-0.383496
2747,1,-0.1,-0,-0,1,1,1,4.23714,-0.00523599,0.00745708,-0.00297575,-0.574827,-0.360938
2748,1,-0.1,-0,-0,1,1,1,4.23724,0,0.00426119,-0.00297698,-0.539835,-0.609082
2749,1,-0.1,-0,-0,1,1,1,4.23714,0,0.0127836,-0.00300006,-0.636627,-0.609082
2750,1,-0.1,4.69729e-05,0.0945908,1,1,1,4.23714,0,0.0266324,-0.00302433,-0.778884,-0.507568
2751,1,-0.0999966,0.0016819,0.554647,1,1,1,4.23714,-0.0226893,-0.0127836,-0.00304329,-0.265513,-0.586523
2752,1,-0.0999795,0.00554634,0.986571,1,1,1,4.23714,0.0191986,-0.00532648,-0.00304778,-0.241577,-0.518848
2753,1,-0.0999377,0.011502,1.39101,1,1,1,4.23724,0.0366519,0.0213059,-0.00303151,-0.40322,-0.349658
2754,1,-0.0998612,0.0194117,1.76846,1,1,1,4.23724,0,0.0170448,-0.00299559,-0.201492,-0.259424
2755,1,-0.0997405,0.0291418,2.1195,1,1,1,4.23733,0.0279253,0.00319589,-0.00282552,0.143397,-0.0902344
2756,1,-0.0995669,0.0405648,2.44482,1,1,1,4.23753,0.0628319,0.00852238,-0.00268421,0.290326,-0.0112793
2757,1,-0.0993323,0.053548,2.74482,1,1,1,4.23762,0,0.0245018,-0.00247533,0.346832,0
2758,1,-0.0990291,0.0679709,3.02021,1,1,1,4.23772,0.0453786,0.0298283,-0.00222116,0.54224,0.169189
2759,1,-0.0986504,0.0837089,3.2715,1,1,1,4.2382,0.115192,0.0127836,-0.00192717,1.00322,0.360938
2760,1,-0.09819,0.100647,3.49932,1,1,1,4.23925,0.357792,0.0319589,-0.0015916,1.08482,0.609082
2761,1,-0.0976421,0.118667,3.70421,1,1,1,4.24069,0.00872665,0.0596566,-0.00121596,1.09,1.44375
2762,1,-0.0970017,0.137652,3.88672,1,1,1,4.24069,-0.00349066,0.112921,-0.00098363,0.801775,1.20688
2763,1,-0.0962642,0.157495,4.04746,1,1,1,4.24107,0.0959931,0.110791,-0.000742868,1.13123,0.913623
2764,1,-0.0954255,0.178091,4.18703,1,1,1,4.24203,0.240855,0.128901,-0.000506807,1.2448,1.04897
2765,1,-0.0944821,0.199333,4.30597,1,1,1,4.2428,0.120428,0.164056,-0.000282366,1.17486,1.19561
2766,1,-0.0934312,0.221118,4.40485,1,1,1,4.24347,0.211185,0.185362,-0.00012578,1.25114,1.252
2767,1,-0.0922703,0.243347,4.48427,1,1,1,4.24491,0.240855,0.201341,8.47234e-05,1.39741,1.31968
2768,1,-0.0909971,0.265931,4.5448,1,1,1,4.24606,0.294961,0.238627,0.0002577,1.30599,1.51143
2769,1,-0.0896105,0.288766,4.587,1,1,1,4.24721,0.225147,0.280173,0.000323212,1.15244,1.31968
2770,1,-0.0881093,0.311769,4.61147,1,1,1,4.24846,0.308923,0.282304,0.000409261,1.43476,1.16177
2771,1,-0.0864927,0.334852,4.61877,1,1,1,4.25056,0.387463,0.336634,0.000482322,1.14085,1.35352
2772,1,-0.0847606,0.357931,4.60947,1,1,1,4.25191,0.272271,0.362201,0.000518939,1.15463,1.35352
2773,1,-0.0829134,0.380922,4.58417,1,1,1,4.25411,0.39968,0.385637,0.0005569,1.18905,1.29712
2774,1,-0.0809517,0.403746,4.54343,1,1,1,4.25565,0.347321,0.397356,0.000571798,1.34418,1.26328
2775,1,-0.0788766,0.426328,4.48783,1,1,1,4.25843,0.490438,0.446359,0.00055239,1.07979,1.17305
2776,1,-0.0766889,0.448601,4.41793,1,1,1,4.26015,0.438078,0.451686,0.000495726,1.28352,1.22944
2777,1,-0.0743912,0.470486,4.33433,1,1,1,4.26284,0.443314,0.491102,0.000383792,1.09772,0.992578
2778,1,-0.071985,0.49192,4.2376,1,1,1,4.26466,0.507891,0.50069,0.000295121,1.2353,1.04897
2779,1,-0.0694723,0.512845,4.12828,1,1,1,4.26792,0.546288,0.524126,0.000239371,1.2175,1.20688
2780,1,-0.0668576,0.533183,4.00704,1,1,1,4.27012,0.539307,0.525191,0.000242005,1.44536,1.38735
2781,1,-0.0641419,0.552893,3.87435,1,1,1,4.27319,0.584685,0.55715,0.000188501,1.31596,1.20688
2782,1,-0.0613298,0.571909,3.73085,1,1,1,4.27568,0.656244,0.57526,0.000222239,1.34188,1.54526
2783,1,-0.058424,0.590184,3.57708,1,1,1,4.27914,0.479966,0.597632,0.00019421,1.30079,1.29712
2784,1,-0.0554293,0.607664,3.41365,1,1,1,4.28144,0.631809,0.631721,-0.000155731,1.07578,1.18433
2785,1,-0.0523468,0.624316,3.24098,1,1,1,4.28546,0.628319,0.632786,-0.000197194,1.24337,1.27456
2786,1,-0.0491877,0.640061,3.06003,1,1,1,4.28786,0.60912,0.637048,-0.000277545,1.35757,1.19561
2787,1,-0.04595,0.654891,2.87102,1,1,1,4.29189,0.741765,0.677529,-0.000331642,1.0652,1.16177
2788,1,-0.0426402,0.668759,2.67462,1,1,1,4.29457,0.651008,0.670072,-0.000341079,1.29308,1.29712
2789,1,-0.0392636,0.681628,2.47141,1,1,1,4.29889,0.738274,0.707357,-0.000401886,1.00784,1.24072
2790,1,-0.0358259,0.693462,2.26203,1,1,1,4.30167,0.6353,0.707357,-0.000514901,1.11037,0.992578
2791,1,-0.0323309,0.704238,2.04695,1,1,1,4.30598,0.7662,0.716945,-0.000637846,1.09207,1.00386
2792,1,-0.028785,0.713925,1.82682,1,1,1,4.30895,0.734784,0.744643,-0.000762166,0.859952,1.06025
2793,1,-0.0251937,0.722498,1.60222,1,1,1,4.31336,0.696386,0.753165,-0.000938957,0.815377,0.857227
2794,1,-0.0215617,0.72994,1.37365,1,1,1,4.31624,0.726057,0.77021,-0.00111273,0.662974,0.733154
2795,1,-0.0178962,0.73623,1.14179,1,1,1,4.32055,0.774926,0.765949,-0.00124888,0.735209,0.868506
2796,1,-0.0142018,0.741353,0.90715,1,1,1,4.32391,0.788889,0.760622,-0.00139215,0.802745,0.586523
2797,1,-0.0104847,0.745297,0.670316,1,1,1,4.32832,0.787143,0.763818,-0.00149521,0.767742,0.721875
2798,1,-0.00675057,0.748054,0.431849,1,1,1,4.33139,0.760964,0.768079,-0.00157796,0.708745,0.766992
2799,1,-0.003006,0.749614,0.192368,1,1,1,4.33599,0.808087,0.769144,-0.00162194,0.678594,0.913623
2800,1,0.00077883,0.749974,-0.0498448,1,1,1,4.33925,0.748746,0.780863,-0.00165068,0.517888,0.789551
2801,1,0.00449168,0.749139,-0.287412,1,1,1,4.34356,0.701622,0.780863,-0.00178064,0.458389,0.733154
2802,1,0.00823289,0.747103,-0.526564,1,1,1,4.34663,0.771436,0.756361,-0.00187937,0.657183,0.586523
2803,1,0.0119606,0.743875,-0.764427,1,1,1,4.35114,0.755728,0.77234,-0.00197297,0.396431,0.496289
2804,1,0.0156699,0.739462,-1.00049,1,1,1,4.35401,0.703368,0.755296,-0.00206897,0.484027,0.462451
2805,1,0.0193537,0.733874,-1.23411,1,1,1,4.35842,0.724312,0.740381,-0.00215502,0.535065,0.439893
2806,1,0.0230059,0.727127,-1.46469,1,1,1,4.3613,0.734784,0.722271,-0.00219679,0.612852,0.439893
2807,1,0.026623,0.719233,-1.69179,1,1,1,4.3659,0.734784,0.739316,-0.00226297,0.286861,0.439893
2808,1,0.0301964,0.710217,-1.91465,1,1,1,4.36849,0.624828,0.705227,-0.00234026,0.508273,0.394775
2809,1,0.0337229,0.700095,-2.13285,1,1,1,4.37242,0.712094,0.702031,-0.0023926,0.37989,0.349658
2810,1,0.0371959,0.688896,-2.34575,1,1,1,4.3752,0.680678,0.689247,-0.0024027,0.349656,0.304541
2811,1,0.0406102,0.676647,-2.55276,1,1,1,4.37932,0.698132,0.670072,-0.0024,0.379077,0.259424
2812,1,0.0439611,0.663377,-2.75335,1,1,1,4.3822,0.71733,0.670072,-0.00233803,0.193425,0.293262
2813,1,0.0472426,0.649124,-2.94688,1,1,1,4.38594,0.591667,0.648766,-0.00232865,0.223759,0.349658
2814,1,0.0504502,0.633924,-3.13279,1,1,1,4.38862,0.684169,0.625329,-0.00231379,0.267366,0.3271
2815,1,0.0535803,0.61781,-3.31057,1,1,1,4.39227,0.568977,0.622133,-0.00231552,0.075776,0.135352
2816,1,0.056627,0.600832,-3.47956,1,1,1,4.39438,0.506145,0.597632,-0.00235921,0.103315,0.0338379
2817,1,0.0595873,0.583029,-3.63925,1,1,1,4.39744,0.532325,0.598697,-0.0023592,-0.153811,0.0789551
2818,1,0.0624562,0.564455,-3.78901,1,1,1,4.39955,0.525344,0.562477,-0.00239051,-0.0133062,0.0338379
2819,1,0.0652303,0.545159,-3.92828,1,1,1,4.40262,0.479966,0.53904,-0.00233724,-0.00975587,0.0676758
2820,1,0.0679067,0.52519,-4.05652,1,1,1,4.40483,0.575959,0.531583,-0.00230703,-0.192216,0.0676758
2821,1,0.0704812,0.504613,-4.1731,1,1,1,4.40809,0.5044,0.495363,-0.00225364,-0.0611879,0.0451172
2822,1,0.0729519,0.483479,-4.27749,1,1,1,4.40962,0.357792,0.467665,-0.00218782,-0.0275966,0.112793
2823,1,0.0753152,0.461859,-4.36908,1,1,1,4.41211,0.495674,0.452751,-0.00216466,-0.144689,0.0563965
2824,1,0.0775696,0.439812,-4.44732,1,1,1,4.41413,0.483456,0.44849,-0.002066,-0.37256,0.0338379
2825,1,0.079713,0.417407,-4.51161,1,1,1,4.41671,0.363028,0.402682,-0.00197169,-0.146614,0.0225586
2826,1,0.0817433,0.394719,-4.56139,1,1,1,4.41796,0.287979,0.387768,-0.00191845,-0.267534,-0.0902344
2827,1,0.0836597,0.37182,-4.59608,1,1,1,4.41997,0.364774,0.361136,-0.00187751,-0.261781,-0.191748
2828,1,0.0854614,0.348783,-4.61511,1,1,1,4.42132,0.322886,0.324916,-0.00177588,-0.142207,-0.0902344
2829,1,0.0871474,0.325697,-4.61789,1,1,1,4.42314,0.260054,0.327046,-0.00165741,-0.440171,-0.214307
2830,1,0.0887183,0.302633,-4.60385,1,1,1,4.4241,0.246091,0.274847,-0.00152703,-0.136552,-0.270703
2831,1,0.090174,0.279686,-4.57242,1,1,1,4.42573,0.277507,0.259932,-0.0013587,-0.233377,-0.146631
2832,1,0.0915155,0.256938,-4.52302,1,1,1,4.42659,0.205949,0.208798,-0.00110329,0.0859969,-0.0902344
2833,1,0.0927439,0.234487,-4.45508,1,1,1,4.42764,0.172788,0.198145,-0.000899691,-0.0406185,-0.0676758
2834,1,0.093861,0.212421,-4.36801,1,1,1,4.42841,0.188496,0.157664,-0.000601883,0.182756,-0.101514
2835,1,0.0948689,0.190839,-4.26124,1,1,1,4.42947,0.146608,0.131032,-0.000308753,0.262048,0.0338379
2836,1,0.0957703,0.169843,-4.1342,1,1,1,4.42994,0.0925025,0.111856,5.48565e-06,0.273271,0.0563965
2837,1,0.0965685,0.149532,-3.9863,1,1,1,4.43062,0.115192,0.0862891,0.000310847,0.365398,0.0676758
2838,1,0.097267,0.130016,-3.81699,1,1,1,4.4311,0.146608,0.0884196,0.000591301,0.162299,0.135352
2839,1,0.0978701,0.1114,-3.62568,1,1,1,4.43215,0.158825,0.0660484,0.000845486,0.239068,0.372217
2840,1,0.0983827,0.0937948,-3.41176,1,1,1,4.43253,0.0418879,0.0511343,0.00108532,0.248386,0.338379
2841,1,0.0988099,0.0773206,-3.17473,1,1,1,4.43263,0,0.0404813,0.00128272,0.221593,0.3271
2842,1,0.0991579,0.0620883,-2.91394,1,1,1,4.43263,0.0279253,0.0404813,0.001392,0.0831608,0.225586
2843,1,0.0994331,0.0482206,-2.62884,1,1,1,4.43273,0,0.0170448,0.00157432,0.233652,0.0902344
2844,1,0.0996426,0.0358413,-2.31888,1,1,1,4.43282,0.0453786,-0.0117183,0.00174569,0.463585,0.214307
2845,1,0.0997942,0.0250751,-1.98346,1,1,1,4.43301,0.00349066,-0.010653,0.00188909,0.385368,0.203027
2846,1,0.0998963,0.0160495,-1.62195,1,1,1,4.43292,-0.010472,-0.0127836,0.00204956,0.370584,0.236865
2847,1,0.0999578,0.00889909,-1.2339,1,1,1,4.43301,0,-0.0319589,0.0021903,0.567105,0.360938
2848,1,0.0999886,0.00375657,-0.818667,1,1,1,4.43282,-0.0279253,-0.0245018,0.0023414,0.501934,0.383496
2849,1,0.099999,0.000758987,-0.375619,1,1,1,4.43292,0,-0.0159795,0.00237454,0.438296,0.360938
2850,1,0.1,0,0,1,1,1,4.43282,-0.0418879,-0.00958767,0.00237694,0.412392,0.270703
2851,1,0.1,0,0,1,1,1,4.43282,0,0.00958767,0.00236572,0.202904,0.214307
2852,1,0.1,0,0,1,1,1,4.43273,-0.0174533,7.17537e-19,0.00235379,0.309191,0.248145
2853,1,0.1,0,0,1,1,1,4.43282,0.00174533,0.00532648,0.00232432,0.249006,0.293262
2854,1,0.1,0,0,1,1,1,4.43282,-0.0122173,-0.00532648,0.00227959,0.362254,0.360938
2855,1,0.1,0,0,1,1,1,4.43273,0,1.36984e-18,0.00227266,0.30544,0.31582
2856,1,0.1,0,0,1,1,1,4.43282,0.00698132,-0.0010653,0.00225732,0.317427,0.236865
2857,1,0.1,0,0,1,1,1,4.43282,0,0.00213059,0.00226027,0.285113,0.236865
2858,1,0.1,0,0,1,1,1,4.43282,0.0139626,0.00319589,0.00224463,0.273948,0.180469
2859,1,0.1,0,0,1,1,1,4.43282,0.00174533,-0.00639178,0.00224668,0.382288,0.338379
2860,1,0.1,0,0,1,1,1,4.43282,0,0.0010653,0.00223899,0.301771,0.135352
2861,1,0.1,0,0,1,1,1,4.43282,0.0191986,-0.0117183,0.0022677,0.44898,0.270703
2862,1,0.1,0,0,1,1,1,4.43282,0,-0.0127836,0.00230579,0.46929,0.3271
2863,1,0.1,0,0,1,1,1,4.43282,0.00349066,-0.00745708,0.00228464,0.410344,0.3271
2864,1,0.1,0,0,1,1,1,4.43282,-0.015708,0.00958767,0.00227514,0.224274,0.360938
2865,1,0.1,0,0,1,1,1,4.43282,0,-0.0138489,0.00226677,0.483249,0.31582
2866,1,0.1,0,0,1,1,1,4.43282,0,0.00532648,0.00228735,0.27854,0.304541
2867,1,0.1,0,0,1,1,1,4.43292,-0.00349066,0.00745708,0.00226224,0.254156,0.270703
2868,1,0.1,0,0,1,1,1,4.43282,-0.00872665,0.00426119,0.00225966,0.291607,0.293262
2869,1,0.1,0,0,1,1,1,4.43292,-0.00523599,0.00319589,0.00225937,0.305419,0.338379
2870,1,0.1,0,0,1,1,1,4.43282,-0.00872665,-0.00852238,0.00225584,0.435764,0.304541
2871,1,0.1,0,0,1,1,1,4.43282,0,-0.00319589,0.00222924,0.376047,0.180469
2872,1,0.1,0,0,1,1,1,4.43282,0,-0.00213059,0.00223925,0.368842,0.360938
2873,1,0.1,0,0,1,1,1,4.43292,-0.00872665,0.00852238,0.00225365,0.256622,0.417334
2874,1,0.1,0,0,1,1,1,4.43282,0,0.0223712,0.00222964,0.103836,0.293262
2875,1,0.1,0,0,1,1,1,4.43282,-0.0488692,0.0213059,0.00223034,0.118252,0.248145
2876,1,0.1,0,0,1,1,1,4.43292,0.0610865,0.010653,0.00220138,0.233819,0.214307
2877,1,0.1,0,0,1,1,1,4.43282,-0.0139626,0.010653,0.00219071,0.234815,0.3271
2878,1,0.1,0,0,1,1,1,4.43292,0.00698132,0.0298283,0.0021626,0.0228415,0.338379
2879,1,0.1,0,0,1,1,1,4.43273,-0.0558505,-0.00852238,0.0021309,0.44176,0.293262
2880,1,0.1,0,0,1,1,1,4.43282,0.0279253,0.0010653,0.00216994,0.344954,0.270703
2881,1,0.1,0,0,1,1,1,4.43292,-0.0122173,-0.00639178,0.00214834,0.426317,0.349658
2882,1,0.1,0,0,1,1,1,4.43282,0.0296706,0.0191753,0.00214534,0.147475,0.349658
2883,1,0.1,0,0,1,1,1,4.43282,-0.0261799,0.0117183,0.00214293,0.231716,0.597803
2884,1,0.1,0,0,1,1,1,4.43292,-0.00174533,0.0159795,0.00212987,0.185294,0.259424
2885,1,0.1,0,0,1,1,1,4.43282,0,0.0117183,0.00208636,0.228068,0.338379
2886,1,0.1,0,0,1,1,1,4.43282,-0.0226893,0.00745708,0.0020628,0.273817,0.417334
2887,1,0.1,0,0,1,1,1,4.43282,0,0.00532648,0.00204847,0.297466,0.394775
2888,1,0.1,0,0,1,1,1,4.43282,0,0.0127836,0.00200041,0.210774,0.180469
2889,1,0.1,0,0,1,1,1,4.43282,0.0139626,-0.00213059,0.00202467,0.380707,0.428613
2890,1,0.1,0,0,1,1,1,4.43301,0.010472,0.0149142,0.00202127,0.195337,0.304541
2891,1,0.1,0,0,1,1,1,4.43282,-0.0174533,-0.00852238,0.00200224,0.452175,0.236865
2892,1,0.1,0,0,1,1,1,4.43292,0.0296706,-0.0010653,0.00197402,0.36827,0.293262
2893,1,0.1,0,0,1,1,1,4.43282,0.00349066,0.0010653,0.00196755,0.346474,0.3271
2894,1,0.1,0,0,1,1,1,4.43292,0.0139626,0.0223712,0.00197999,0.115274,0.451172
2895,1,0.1,0,0,1,1,1,4.43282,-0.0191986,-6.52306e-19,0.00198033,0.361404,0.360938
2896,1,0.1,0,0,1,1,1,4.43292,0.0174533,-0.00213059,0.0019618,0.382394,0.293262
2897,1,0.1,0,0,1,1,1,4.43292,0,-0.00426119,0.00196565,0.406338,0.417334
2898,1,0.1,0,0,1,1,1,4.43301,0.00872665,0.00958767,0.00196454,0.253855,0.518848
2899,1,0.1,0,0,1,1,1,4.43282,-0.00872665,0.0255671,0.00193279,0.0738903,0.3271
2900,1,0.1,0,0,1,1,1,4.43292,0,-0.00319589,0.0019349,0.390561,0.360938
2901,1,0.1,0,0,1,1,1,4.43292,0.0174533,-0.00532648,0.00194704,0.415601,0.360938
2902,1,0.1,0,0,1,1,1,4.43292,0,-0.00319589,0.00196972,0.395158,0.349658
2903,1,0.1,0,0,1,1,1,4.43292,0,0.00213059,0.00195504,0.334629,0.3271
2904,1,0.1,0,0,1,1,1,4.43292,-0.00523599,-0.00745708,0.00199278,0.445074,0.496289
2905,1,0.1,0,0,1,1,1,4.43301,0,-0.00213059,0.00197687,0.384383,0.360938
2906,1,0.1,0,0,1,1,1,4.43292,0,-0.00532648,0.00193532,0.414054,0.180469
2907,1,0.1,0,0,1,1,1,4.43292,0.0279253,0.01811,0.00187682,0.148529,0.338379
2908,1,0.1,0,0,1,1,1,4.43282,-0.0436332,-0.00532648,0.00188698,0.407673,0.304541
2909,1,0.1,0,0,1,1,1,4.43292,0.0244346,-0.0191753,0.00192925,0.56559,0.530127
2910,1,0.1,0,0,1,1,1,4.43301,0,0.0138489,0.00189607,0.197943,0.462451
2911,1,0.1,0,0,1,1,1,4.43282,-0.00872665,-0.00852238,0.00187831,0.441683,0.3271
2912,1,0.1,0,0,1,1,1,4.43292,0.0244346,-0.0159795,0.00190173,0.526803,0.360938
2913,1,0.1,0,0,1,1,1,4.43292,0,0.0010653,0.00189467,0.338379,0.462451
2914,1,0.1,0,0,1,1,1,4.43292,-0.0226893,0.0010653,0.00189961,0.339031,0.270703
2915,1,0.1,0,0,1,1,1,4.43292,0.00872665,0.00319589,0.0019015,0.315843,0.270703
2916,1,0.1,0,0,1,1,1,4.43292,0,-0.00319589,0.00187683,0.382896,0.203027
2917,1,0.1,0,0,1,1,1,4.43282,0.00872665,-0.00213059,0.00182636,0.364516,0.124072
2918,1,0.1,0,0,1,1,1,4.43273,-0.0174533,-0.00213059,0.00181875,0.363511,0.248145
2919,1,0.1,0,0,1,1,1,4.43292,0,-0.010653,0.00182278,0.45779,0.270703
2920,1,0.1,0,0,1,1,1,4.43282,-0.010472,0.00532648,0.00185624,0.286432,0.360938
2921,1,0.1,0,0,1,1,1,4.43292,-0.0523599,-0.00532648,0.00185099,0.402922,0.304541
2922,1,0.1,0,0,1,1,1,4.43282,0,0.00213059,0.0018291,0.318004,0.270703
2923,1,0.1,0,0,1,1,1,4.43292,0,1.10892e-18,0.00180185,0.337844,0.180469
2924,1,0.1,0,0,1,1,1,4.43282,-0.00174533,0.0138489,0.00172674,0.175517,0.214307
2925,1,0.1,0,0,1,1,1,4.43282,-0.00174533,-0.00639178,0.0017521,0.401586,0.304541
2926,1,0.1,0,0,1,1,1,4.43292,0.0401426,0.00958767,0.00177374,0.228669,0.394775
2927,1,0.1,0,0,1,1,1,4.43282,-0.0366519,-0.0159795,0.00176541,0.508808,0.270703
2928,1,0.1,0,0,1,1,1,4.43292,0.0610865,-0.00213059,0.00175657,0.355304,0.507568
2929,1,0.1,0,0,1,1,1,4.43282,-0.0366519,-0.00213059,0.0017662,0.356574,0.270703
2930,1,0.1,0,0,1,1,1,4.43292,0.0436332,0.00958767,0.00171675,0.221147,0.214307
2931,1,0.1,0,0,1,1,1,4.43282,0,0.00213059,0.00170523,0.301654,0.214307
2932,1,0.1,0,0,1,1,1,4.43282,0.0226893,0.0127836,0.00170803,0.184841,0.293262
2933,1,0.1,0,0,1,1,1,4.43282,-0.0261799,0.00639178,0.00170799,0.255144,0.338379
2934,1,0.1,0,0,1,1,1,4.43282,0,0.00319589,0.00169344,0.288379,0.214307
2935,1,0.1,0,0,1,1,1,4.43282,0.00872665,0.010653,0.00166064,0.202022,0.293262
2936,1,0.1,0,0,1,1,1,4.43282,0,0.00319589,0.00166829,0.285059,0.338379
2937,1,0.1,0,0,1,1,1,4.43292,0,0.010653,0.00163243,0.198267,0.383496
2938,1,0.1,0,0,1,1,1,4.43282,-0.0401426,0.00532648,0.00165492,0.259858,0.236865
2939,1,0.1,0,0,1,1,1,4.43292,0,0.0127836,0.00164064,0.175945,0.270703
2940,1,0.1,0,0,1,1,1,4.43282,-0.00523599,-0.00852238,0.00160348,0.405406,0.180469
2941,1,0.1,0,0,1,1,1,4.43292,0.0471239,-0.00745708,0.00160571,0.393981,0.338379
2942,1,0.1,0,0,1,1,1,4.43282,-0.0645772,0.0223712,0.00157725,0.0621137,0.31582
2943,1,0.1,0,0,1,1,1,4.43282,0.00174533,-0.00745708,0.00159205,0.392178,0.338379
2944,1,0.1,0,0,1,1,1,4.43282,0,-0.0010653,0.00160225,0.323215,0.338379
2945,1,0.1,0,0,1,1,1,4.43282,0,0.0117183,0.00154744,0.175362,0.180469
2946,1,0.1,0,0,1,1,1,4.43282,0.00523599,0.00852238,0.00154808,0.2106,0.270703
2947,1,0.1,0,0,1,1,1,4.43282,-0.0401426,0.00532648,0.00150422,0.239817,0.225586
2948,1,0.1,0,0,1,1,1,4.43273,0,0.010653,0.00150297,0.181209,0.180469
2949,1,0.1,0,0,1,1,1,4.43292,0,-0.00532648,0.00151027,0.357947,0.462451
2950,1,0.1,0,0,1,1,1,4.43292,0,-0.0170448,0.00149185,0.484417,0.281982
2951,1,0.1,0,0,1,1,1,4.43292,0.0558505,0.0213059,0.00148118,0.0611503,0.293262
2952,1,0.1,0,0,1,1,1,4.43282,-0.0261799,0.01811,0.00147632,0.0956638,0.462451
2953,1,0.1,0,0,1,1,1,4.43282,-0.0349066,-0.00213059,0.00146991,0.317465,0.304541
2954,1,0.1,0,0,1,1,1,4.43282,0.0261799,0.0010653,0.00146148,0.281197,0.360938
2955,1,0.1,0,0,1,1,1,4.43282,0,-0.0010653,0.00145783,0.304151,0.394775
2956,1,0.1,0,0,1,1,1,4.43282,0.00872665,0.0010653,0.00143143,0.27723,0.360938
2957,1,0.1,0,0,1,1,1,4.43282,-0.00872665,0.00213059,0.00141885,0.263851,0.281982
2958,1,0.1,0,0,1,1,1,4.43282,0.0226893,-0.0330242,0.00141447,0.649976,0.349658
2959,1,0.1,0,0,1,1,1,4.43292,0.0506145,0.00532648,0.00139692,0.225803,0.180469
2960,1,0.1,0,0,1,1,1,4.43282,-0.0174533,-0.00426119,0.00143465,0.336247,0.47373
2961,1,0.1,0,0,1,1,1,4.43292,0,-0.00745708,0.00142885,0.370636,0.383496
2962,1,0.1,0,0,1,1,1,4.43282,0,-0.00426119,0.00146065,0.339679,0.496289
2963,1,0.1,0,0,1,1,1,4.43282,-0.0122173,-0.0010653,0.00146252,0.304772,0.31582
2964,1,0.1,0,0,1,1,1,4.43282,-0.00872665,0.00745708,0.00144051,0.208119,0.236865
2965,1,0.1,0,0,1,1,1,4.43282,0,0.0010653,0.00142722,0.276675,0.180469
2966,1,0.1,0,0,1,1,1,4.43282,0,0.00426119,0.00146509,0.246518,0.180469
2967,1,0.1,0,0,1,1,1,4.43292,0,1.63077e-18,0.00147613,0.294849,0.360938
2968,1,0.1,0,0,1,1,1,4.43282,0,-0.00426119,0.0014609,0.339711,0.281982
2969,1,0.1,0,0,1,1,1,4.43282,0,-0.00213059,0.00144379,0.314016,0.214307
2970,1,0.1,0,0,1,1,1,4.43282,0,-0.0010653,0.00143292,0.300863,0.349658
2971,1,0.1,0,0,1,1,1,4.43282,0,3.91384e-19,0.00142395,0.287961,0.439893
2972,1,0.1,0,0,1,1,1,4.43282,0,0.010653,0.00140114,0.167768,0.3271
2973,1,0.1,0,0,1,1,1,4.43273,0,-0.00532648,0.0013711,0.33948,0.349658
2974,1,0.1,0,0,1,1,1,4.43282,-0.00872665,-0.0127836,0.00141932,0.427969,0.225586
2975,1,0.1,0,0,1,1,1,4.43292,0.0174533,0.0117183,0.00143095,0.159985,0.462451
2976,1,0.1,0,0,1,1,1,4.43282,-0.0139626,0.00532648,0.00138931,0.224798,0.338379
2977,1,0.1,0,0,1,1,1,4.43273,-0.00872665,0.0010653,0.00137009,0.269134,0.236865
2978,1,0.1,0,0,1,1,1,4.43292,0.0174533,-0.0010653,0.00135984,0.291217,0.3271
2979,1,0.1,0,0,1,1,1,4.43282,0,-0.00319589,0.00134012,0.312051,0.293262
2980,1,0.1,0,0,1,1,1,4.43282,0,0.00532648,0.00132956,0.216911,0.0563965
2981,1,0.1,0,0,1,1,1,4.43282,0.0418879,0.00745708,0.00132345,0.192583,0.360938
2982,1,0.1,0,0,1,1,1,4.43282,-0.0558505,-0.0127836,0.0013185,0.414661,0.225586
2983,1,0.1,0,0,1,1,1,4.43282,0.0471239,-0.010653,0.00129648,0.388318,0.180469
2984,1,0.1,0,0,1,1,1,4.43282,-0.00872665,-0.00958767,0.00135172,0.383891,0.462451
2985,1,0.1,0,0,1,1,1,4.43282,-0.0244346,0.0159795,0.00133907,0.100983,0.225586
2986,1,0.1,0,0,1,1,1,4.43282,0,0.00745708,0.00130051,0.189639,0.112793
2987,1,0.1,0,0,1,1,1,4.43282,0,0.0255671,0.00130988,-0.00833451,0.236865
2988,1,0.1,0,0,1,1,1,4.43282,0.00349066,0.0010653,0.00130364,0.260362,0.124072
2989,1,0.1,0,0,1,1,1,4.43282,0.00872665,0.00532648,0.00129981,0.212984,0.293262
2990,1,0.1,0,0,1,1,1,4.43282,0,-0.0149142,0.00132417,0.438846,0.3271
2991,1,0.1,0,0,1,1,1,4.43282,0,0.0223712,0.00128761,0.0238809,0.203027
2992,1,0.1,0,0,1,1,1,4.43273,-0.0279253,0.00532648,0.00132006,0.215657,0.124072
2993,1,0.1,0,0,1,1,1,4.43282,0.00349066,0.00852238,0.00132391,0.18101,0.31582
2994,1,0.1,0,0,1,1,1,4.43282,-0.0314159,8.47998e-19,0.00135316,0.278618,0.270703
2995,1,0.1,0,0,1,1,1,4.43282,0.00872665,0.00213059,0.00133956,0.253385,0.180469
2996,1,0.1,0,0,1,1,1,4.43273,0,0.00852238,0.00131696,0.180093,0.236865
2997,1,0.1,0,0,1,1,1,4.43282,-0.00872665,0.00852238,0.00130731,0.178819,0.146631
2998,1,0.1,0,0,1,1,1,4.43282,0.0418879,-0.0127836,0.00129572,0.411654,0.406055
2999,1,0.1,0,0,1,1,1,4.43282,-0.00349066,-3.91384e-19,0.00128767,0.269973,0.214307
3000,1,0.1,0,0,1,1,1,4.43282,0,0.00745708,0.00128224,0.187227,0.180469
3001,1,0.1,0,0,1,1,1,4.43282,0,0.0149142,0.00128143,0.105093,0.270703
3002,1,0.1,0,0,1,1,1,4.43282,0.00872665,0.01811,0.00126698,0.0680309,0.214307
3003,1,0.1,0,0,1,1,1,4.43273,-0.0349066,-0.00639178,0.00127569,0.338701,0.180469
3004,1,0.1,0,0,1,1,1,4.43282,0.0628319,0.0223712,0.00124524,0.0182886,0.236865
3005,1,0.1,0,0,1,1,1,4.43273,-0.0279253,0.0010653,0.0012704,0.255975,0.406055
3006,1,0.1,0,0,1,1,1,4.43282,0.00872665,0.010653,0.00126428,0.149702,0.146631
3007,1,0.1,0,0,1,1,1,4.43273,0,0.00745708,0.00123963,0.181435,0.270703
3008,1,0.1,0,0,1,1,1,4.43282,-0.015708,-0.0010653,0.00124211,0.275676,0.236865
3009,1,0.1,0,0,1,1,1,4.43282,0.010472,0.00426119,0.00125045,0.218186,0.293262
3010,1,0.1,0,0,1,1,1,4.43282,-0.00523599,0.0010653,0.00123492,0.251291,0.360938
3011,1,0.1,0,0,1,1,1,4.43273,0,-0.00532648,0.0012165,0.319169,0.394775
3012,1,0.1,0,0,1,1,1,4.43282,0,0.00639178,0.00121865,0.190552,0.360938
3013,1,0.1,0,0,1,1,1,4.43282,0,0.0170448,0.00116999,0.0667755,0.180469
3014,1,0.1,0,0,1,1,1,4.43273,-0.00872665,-0.0191753,0.00120556,0.470063,0.293262
3015,1,0.1,0,0,1,1,1,4.43292,0.00872665,-0.00426119,0.00116148,0.300088,0.293262
3016,1,0.1,0,0,1,1,1,4.43273,-0.0279253,-0.010653,0.00114774,0.368684,0.15791
3017,1,0.1,0,0,1,1,1,4.43282,0.0279253,3.91384e-19,0.00114629,0.251311,0.180469
3018,1,0.1,0,0,1,1,1,4.43273,-0.0226893,0.0010653,0.00114624,0.239586,0.180469
3019,1,0.1,0,0,1,1,1,4.43282,0,0.00213059,0.00111529,0.223781,0.259424
3020,1,0.1,0,0,1,1,1,4.43273,0,-0.00213059,0.0011002,0.268663,0.169189
3021,1,0.1,0,0,1,1,1,4.43282,0,0.00852238,0.00107283,0.147616,0.293262
3022,1,0.1,0,0,1,1,1,4.43273,-0.0349066,-0.00319589,0.0010795,0.277649,0.180469
3023,1,0.1,0,0,1,1,1,4.43282,0.0139626,-9.13229e-19,0.00107736,0.242211,0.236865
3024,1,0.1,0,0,1,1,1,4.43273,-0.0366519,-0.0149142,0.00107813,0.406369,0.112793
3025,1,0.1,0,0,1,1,1,4.43282,0.0593412,-0.010653,0.00108273,0.360103,0.259424
3026,1,0.1,0,0,1,1,1,4.43282,-0.0296706,-0.00213059,0.00106884,0.264381,0.406055
3027,1,0.1,0,0,1,1,1,4.43273,0,0.00213059,0.00106658,0.217352,0.191748
3028,1,0.1,0,0,1,1,1,4.43273,0.0279253,-0.0010653,0.00108622,0.255099,0.236865
3029,1,0.1,0,0,1,1,1,4.43282,-0.0331613,-0.00852238,0.00109932,0.338857,0.214307
3030,1,0.1,0,0,1,1,1,4.43282,0,-0.00213059,0.0010805,0.26594,0.304541
3031,1,0.1,0,0,1,1,1,4.43273,0,-0.0149142,0.00109243,0.408257,0.236865
3032,1,0.1,0,0,1,1,1,4.43282,0.00872665,-0.00745708,0.00110781,0.328258,0.236865
3033,1,0.1,0,0,1,1,1,4.43282,0.00872665,-0.00532648,0.0011107,0.305204,0.248145
3034,1,0.1,0,0,1,1,1,4.43282,0,-0.00213059,0.00109651,0.267929,0.406055
3035,1,0.1,0,0,1,1,1,4.43282,0,-0.00532648,0.00109174,0.302701,0.236865
3036,1,0.1,0,0,1,1,1,4.43282,0,-0.0170448,0.00113864,0.437793,0.248145
3037,1,0.1,0,0,1,1,1,4.43282,0.0174533,-0.0159795,0.00115604,0.428371,0.248145
3038,1,0.1,0,0,1,1,1,4.43282,0,0.0010653,0.00115308,0.240488,0.236865
3039,1,0.1,0,0,1,1,1,4.43282,0,-0.00213059,0.00117988,0.27918,0.304541
3040,1,0.1,0,0,1,1,1,4.43282,0,-0.00319589,0.00115761,0.287947,0.3271
3041,1,0.1,0,0,1,1,1,4.43273,0,0.0149142,0.00114601,0.087218,0.214307
3042,1,0.1,0,0,1,1,1,4.43282,0.00698132,0.0010653,0.00111728,0.235734,0.180469
3043,1,0.1,0,0,1,1,1,4.43282,0.00349066,-0.00319589,0.00113761,0.285319,0.31582
3044,1,0.1,0,0,1,1,1,4.43282,0,0.00958767,0.00111595,0.141833,0.203027
3045,1,0.1,0,0,1,1,1,4.43282,0,0.00319589,0.00107673,0.20666,0.248145
3046,1,0.1,0,0,1,1,1,4.43273,-0.0191986,0.00958767,0.00109394,0.138936,0.270703
3047,1,0.1,0,0,1,1,1,4.43282,-0.0226893,0.00532648,0.00109605,0.186087,0.248145
3048,1,0.1,0,0,1,1,1,4.43273,0,-0.0149142,0.0011259,0.412674,0.180469
3049,1,0.1,0,0,1,1,1,4.43282,0.0244346,0.0170448,0.0011295,0.0616022,0.304541
3050,1,0.1,-4.6917e-05,-0.0945347,1,1,1,4.43282,-0.0383972,0.00319589,0.00109804,0.196513,0.225586
3051,1,0.0999966,-0.0016817,-0.554614,1,1,1,4.43273,0,0.00213059,0.00107461,0.122811,0.180469
3052,1,0.0999794,-0.00554671,-0.986602,1,1,1,4.43273,-0.00349066,0.00852238,0.00108095,-0.0534337,0.236865
3053,1,0.0999377,-0.0115023,-1.39103,1,1,1,4.43273,-0.0314159,-0.00958767,0.00107163,0.0156286,0.270703
3054,1,0.0998612,-0.0194113,-1.76844,1,1,1,4.43273,-0.00872665,-0.0191753,0.000999714,-0.0389961,0.0338379
3055,1,0.0997405,-0.0291416,-2.1195,1,1,1,4.43263,0,-0.0010653,0.000876483,-0.424634,-0.0225586
3056,1,0.0995669,-0.0405635,-2.44478,1,1,1,4.43253,-0.0139626,0.00852238,0.000711758,-0.741248,-0.124072
3057,1,0.0993323,-0.0535484,-2.74483,1,1,1,4.43234,-0.0453786,-0.01811,0.000516205,-0.680891,-0.214307
3058,1,0.099029,-0.067972,-3.02023,1,1,1,4.43196,-0.111701,-0.0010653,0.0002745,-1.1224,-0.47373
3059,1,0.0986503,-0.0837114,-3.27153,1,1,1,4.43071,-0.185005,-0.0330242,-9.83492e-06,-1.04554,-0.857227
3060,1,0.0981899,-0.100649,-3.49934,1,1,1,4.43062,-0.015708,-0.0532648,-0.000218948,-1.09838,-1.04897
3061,1,0.097642,-0.118667,-3.70421,1,1,1,4.43023,-0.122173,-0.0841585,-0.000407311,-1.04171,-1.08281
3062,1,0.0970017,-0.137651,-3.88671,1,1,1,4.42975,-0.0785398,-0.117183,-0.000541198,-0.962496,-1.0377
3063,1,0.0962641,-0.157497,-4.04749,1,1,1,4.42908,-0.151844,-0.14275,-0.000681652,-0.974187,-1.12793
3064,1,0.0954254,-0.178093,-4.18704,1,1,1,4.42841,-0.164061,-0.165121,-0.000812201,-1.02625,-1.10537
3065,1,0.0944822,-0.199332,-4.30597,1,1,1,4.42726,-0.188496,-0.175774,-0.000922166,-1.20954,-1.11665
3066,1,0.0934311,-0.22112,-4.40487,1,1,1,4.4264,-0.235619,-0.188558,-0.00100822,-1.37031,-1.22944
3067,1,0.0922701,-0.24335,-4.48428,1,1,1,4.42496,-0.247837,-0.236496,-0.00106139,-1.14296,-1.20688
3068,1,0.0909973,-0.265927,-4.54479,1,1,1,4.424,-0.251327,-0.273781,-0.00109293,-1.03093,-1.22944
3069,1,0.0896106,-0.288765,-4.587,1,1,1,4.42237,-0.249582,-0.294022,-0.00105568,-1.09648,-1.20688
3070,1,0.0881093,-0.311768,-4.61147,1,1,1,4.42122,-0.263545,-0.308936,-0.00103088,-1.22194,-1.11665
3071,1,0.0864927,-0.334852,-4.61877,1,1,1,4.41892,-0.404916,-0.335569,-0.00102475,-1.22033,-1.252
3072,1,0.0847606,-0.357931,-4.60947,1,1,1,4.41748,-0.31765,-0.366462,-0.00100919,-1.16818,-1.33096
3073,1,0.0829136,-0.38092,-4.58417,1,1,1,4.41537,-0.368264,-0.388833,-0.000956389,-1.20073,-1.08281
3074,1,0.0809519,-0.403744,-4.54343,1,1,1,4.41393,-0.376991,-0.419727,-0.000923836,-1.13853,-1.12793
3075,1,0.0788765,-0.42633,-4.48782,1,1,1,4.41115,-0.483456,-0.422923,-0.000900743,-1.3771,-1.252
3076,1,0.0766891,-0.448599,-4.41794,1,1,1,4.40924,-0.472984,-0.454882,-0.000830614,-1.28664,-1.28584
3077,1,0.0743911,-0.470486,-4.33433,1,1,1,4.40665,-0.410152,-0.491102,-0.000736378,-1.13874,-1.12793
3078,1,0.071985,-0.491921,-4.2376,1,1,1,4.40492,-0.493928,-0.508147,-0.000692216,-1.20134,-1.16177
3079,1,0.069473,-0.512839,-4.12832,1,1,1,4.40118,-0.546288,-0.499624,-0.000695708,-1.54402,-1.35352
3080,1,0.0668573,-0.533186,-4.00702,1,1,1,4.39917,-0.485202,-0.572064,-0.000608646,-0.974674,-1.36479
3081,1,0.0641422,-0.552891,-3.87437,1,1,1,4.3962,-0.520108,-0.57313,-0.000465511,-1.17108,-0.981299
3082,1,0.0613297,-0.57191,-3.73085,1,1,1,4.3938,-0.678933,-0.59337,-0.000379646,-1.15537,-1.08281
3083,1,0.0584242,-0.590183,-3.57709,1,1,1,4.39025,-0.499164,-0.605089,-0.000338741,-1.22926,-1.36479
3084,1,0.0554291,-0.607665,-3.41364,1,1,1,4.38776,-0.698132,-0.630656,-0.000260159,-1.13419,-1.20688
3085,1,0.052349,-0.624305,-3.2411,1,1,1,4.38383,-0.610865,-0.640243,-0.00020853,-1.20682,-1.35352
3086,1,0.0491874,-0.640062,-3.06002,1,1,1,4.38115,-0.638791,-0.650896,-0.000179947,-1.25859,-1.19561
3087,1,0.0459502,-0.65489,-2.87104,1,1,1,4.37702,-0.652753,-0.679659,-9.79837e-05,-1.09076,-1.252
3088,1,0.0426401,-0.66876,-2.67461,1,1,1,4.37443,-0.682424,-0.702031,-2.20297e-06,-0.977659,-1.26328
3089,1,0.0392638,-0.681627,-2.47142,1,1,1,4.37002,-0.644026,-0.700965,0.000116006,-1.10517,-1.10537
3090,1,0.0358258,-0.693463,-2.26202,1,1,1,4.36753,-0.631809,-0.725467,0.000259267,-0.934307,-0.845947
3091,1,0.0323314,-0.704237,-2.04698,1,1,1,4.36293,-0.780162,-0.731859,0.000390619,-0.949858,-0.981299
3092,1,0.0287855,-0.713923,-1.82685,1,1,1,4.36024,-0.663225,-0.731859,0.000496739,-1.02475,-1.08281
3093,1,0.0251937,-0.722498,-1.60222,1,1,1,4.35545,-0.797615,-0.7521,0.00062449,-0.859242,-0.902344
3094,1,0.0215627,-0.729939,-1.37371,1,1,1,4.35286,-0.588176,-0.764883,0.000824065,-0.749945,-0.80083
3095,1,0.0178965,-0.736229,-1.14181,1,1,1,4.34826,-0.883137,-0.738251,0.000899049,-1.07752,-0.699316
3096,1,0.0142018,-0.741353,-0.907153,1,1,1,4.345,-0.722566,-0.777667,0.00101517,-0.658075,-0.902344
3097,1,0.0104844,-0.745298,-0.670298,1,1,1,4.34069,-0.741765,-0.75423,0.00114228,-0.912167,-0.631641
3098,1,0.00675065,-0.748054,-0.431855,1,1,1,4.33771,-0.745256,-0.764883,0.00120893,-0.788545,-0.744434
3099,1,0.00300632,-0.749614,-0.192388,1,1,1,4.33292,-0.84823,-0.756361,0.00127131,-0.861618,-0.699316
3100,1,-0.000743577,-0.749976,0.0475887,1,1,1,4.32966,-0.7662,-0.773406,0.00133759,-0.63769,-0.710596
3101,1,-0.00449188,-0.749139,0.287425,1,1,1,4.32515,-0.760964,-0.764883,0.00147371,-0.670811,-0.563965
3102,1,-0.00823261,-0.747104,0.526547,1,1,1,4.32218,-0.762709,-0.77021,0.00160176,-0.5377,-0.552686
3103,1,-0.0119608,-0.743875,0.764439,1,1,1,4.31739,-0.76969,-0.787254,0.00176595,-0.256071,-0.439893
3104,1,-0.0156697,-0.739462,1.00048,1,1,1,4.31461,-0.678933,-0.779797,0.0019235,-0.230195,-0.451172
3105,1,-0.0193534,-0.733875,1.2341,1,1,1,4.3102,-0.753982,-0.738251,0.00203199,-0.571325,-0.349658
3106,1,-0.0230062,-0.727126,1.46471,1,1,1,4.30713,-0.76969,-0.726533,0.00209954,-0.575665,-0.451172
3107,1,-0.0266228,-0.719233,1.69177,1,1,1,4.30214,-0.811578,-0.725467,0.00213879,-0.452661,-0.563965
3108,1,-0.0301966,-0.710216,1.91467,1,1,1,4.29965,-0.58294,-0.71801,0.00214192,-0.390927,-0.766992
3109,1,-0.0337228,-0.700095,2.13285,1,1,1,4.29524,-0.7662,-0.714814,0.00220177,-0.261738,-0.338379
3110,1,-0.0371959,-0.688896,2.34575,1,1,1,4.29256,-0.623083,-0.709488,0.00218638,-0.153151,-0.48501
3111,1,-0.0406102,-0.676647,2.55276,1,1,1,4.28844,-0.68766,-0.702031,0.00224396,-0.0457602,-0.214307
3112,1,-0.0439607,-0.663379,2.75333,1,1,1,4.28594,-0.607375,-0.662615,0.00231462,-0.276425,-0.146631
3113,1,-0.0472425,-0.649125,2.94687,1,1,1,4.28249,-0.586431,-0.634917,0.00235814,-0.370256,-0.169189
3114,1,-0.0504501,-0.633924,3.13278,1,1,1,4.28009,-0.596903,-0.655158,0.0023793,0.0711416,-0.0338379
3115,1,-0.0535801,-0.617811,3.31056,1,1,1,4.27616,-0.637045,-0.618938,0.0024251,-0.0948505,-0.169189
3116,1,-0.0566273,-0.60083,3.47958,1,1,1,4.27377,-0.60912,-0.614676,0.00242049,0.0938322,-0.0451172
3117,1,-0.059587,-0.583031,3.63923,1,1,1,4.27022,-0.570723,-0.569934,0.00242887,-0.152103,-0.0676758
3118,1,-0.062456,-0.564456,3.789,1,1,1,4.26792,-0.596903,-0.568869,0.00247337,0.095635,-0.0789551
3119,1,-0.0652307,-0.545156,3.9283,1,1,1,4.26447,-0.544543,-0.545432,0.0025069,0.103566,-0.0789551
3120,1,-0.0679066,-0.525191,4.05652,1,1,1,4.26264,-0.417134,-0.531583,0.00249556,0.217932,-0.0789551
3121,1,-0.0704813,-0.504612,4.17311,1,1,1,4.26006,-0.47473,-0.515604,0.0025343,0.32158,0
3122,1,-0.0729519,-0.483479,4.27749,1,1,1,4.25804,-0.523599,-0.478318,0.00252482,0.189822,0.0225586
3123,1,-0.0753152,-0.461859,4.36908,1,1,1,4.25536,-0.394444,-0.468731,0.00251387,0.367029,0.135352
3124,1,-0.0775697,-0.439811,4.44732,1,1,1,4.25363,-0.476475,-0.428249,0.00246324,0.202728,0.112793
3125,1,-0.0797129,-0.417408,4.51161,1,1,1,4.25095,-0.389208,-0.39629,0.00237038,0.129129,0.101514
3126,1,-0.0817432,-0.394721,4.56139,1,1,1,4.24951,-0.333358,-0.392029,0.0022641,0.360147,0.112793
3127,1,-0.0836598,-0.371818,4.59608,1,1,1,4.2475,-0.336849,-0.332373,0.00212693,-0.0216774,0.15791
3128,1,-0.0854612,-0.348786,4.61511,1,1,1,4.24606,-0.385718,-0.329177,0.00202803,0.222321,0.191748
3129,1,-0.0871475,-0.325695,4.61789,1,1,1,4.24424,-0.272271,-0.314263,0.00188123,0.329053,0.112793
3130,1,-0.0887183,-0.302634,4.60385,1,1,1,4.24309,-0.29147,-0.264194,0.00168009,0.0386351,0.203027
3131,1,-0.0901739,-0.279687,4.57242,1,1,1,4.24136,-0.232129,-0.262063,0.00151417,0.27622,0.146631
3132,1,-0.0915153,-0.256943,4.52303,1,1,1,4.24059,-0.188496,-0.21519,0.00136907,0.0197699,0.191748
3133,1,-0.0927438,-0.234488,4.45508,1,1,1,4.23925,-0.253073,-0.192819,0.00122665,0.0268562,0.180469
3134,1,-0.0938609,-0.212422,4.36801,1,1,1,4.23848,-0.15708,-0.196015,0.00104431,0.301457,0.180469
3135,1,-0.0948688,-0.190843,4.26126,1,1,1,4.23753,-0.16057,-0.164056,0.00101259,0.201886,0.146631
3136,1,-0.0957703,-0.169842,4.1342,1,1,1,4.23695,-0.150098,-0.148076,0.00084019,0.248431,0.15791
3137,1,-0.0965684,-0.149533,3.98631,1,1,1,4.23618,-0.101229,-0.129966,0.000666399,0.259458,0.146631
3138,1,-0.0972669,-0.130017,3.81701,1,1,1,4.2358,-0.0994838,-0.0916155,0.000442085,0.027321,0.135352
3139,1,-0.09787,-0.111402,3.6257,1,1,1,4.23523,-0.0715585,-0.0607219,0.00023791,-0.134571,0.0112793
3140,1,-0.0983826,-0.0937969,3.41178,1,1,1,4.23503,-0.0558505,-0.0649831,2.28906e-05,0.0721284,0.0451172
3141,1,-0.09881,-0.0773193,3.17471,1,1,1,4.23484,-0.0174533,-0.0276977,-0.000241556,-0.202065,0.0112793
3142,1,-0.0991579,-0.0620892,2.91395,1,1,1,4.23475,-0.0174533,-0.00426119,-0.000515561,-0.345272,0
3143,1,-0.0994331,-0.0482223,2.62888,1,1,1,4.23465,-0.00872665,0.00852238,-0.000773671,-0.389398,-0.0451172
3144,1,-0.0996426,-0.0358408,2.31886,1,1,1,4.23455,-0.00872665,0.00745708,-0.00104567,-0.306222,-0.135352
3145,1,-0.0997942,-0.0250762,1.9835,1,1,1,4.23417,-0.125664,0.0276977,-0.00136864,-0.488762,-0.563965
3146,1,-0.0998963,-0.016051,1.62202,1,1,1,4.23331,-0.218166,0.028763,-0.00162301,-0.476145,-0.428613
3147,1,-0.0999578,-0.00889988,1.23395,1,1,1,4.2334,0.0820305,0.0276977,-0.00185242,-0.463482,-0.755713
3148,1,-0.0999886,-0.00375661,0.818671,1,1,1,4.2334,0,0.00639178,-0.00199066,-0.243794,-0.665479
3149,1,-0.099999,-0.000758938,0.375607,1,1,1,4.2336,0.0436332,0.00852238,-0.00204172,-0.29898,-0.3271
3150,1,-0.1,-0,-0,1,1,1,4.2336,0,-0.00745708,-0.00207242,-0.171214,-0.191748
3151,1,-0.1,-0,-0,1,1,1,4.2336,0,0.00958767,-0.00208323,-0.362262,-0.225586
3152,1,-0.1,-0,-0,1,1,1,4.23369,0,-0.0191753,-0.00209973,-0.0514699,-0.462451
3153,1,-0.1,-0,-0,1,1,1,4.23369,0.0523599,-0.00213059,-0.0021002,-0.241419,-0.304541
3154,1,-0.1,-0,-0,1,1,1,4.23369,-0.0523599,0.0117183,-0.00213366,-0.40131,-0.462451
3155,1,-0.1,-0,-0,1,1,1,4.23369,0.00174533,0.00745708,-0.0021592,-0.36094,-0.462451
3156,1,-0.1,-0,-0,1,1,1,4.23369,0,0.00319589,-0.00217521,-0.31931,-0.48501
3157,1,-0.1,-0,-0,1,1,1,4.23369,0.0122173,-0.00213059,-0.00217991,-0.264274,-0.304541
3158,1,-0.1,-0,-0,1,1,1,4.2336,-0.0174533,-0.0117183,-0.00220733,-0.165875,-0.406055
3159,1,-0.1,-0,-0,1,1,1,4.23369,0.0139626,-0.00958767,-0.00218679,-0.188688,-0.518848
3160,1,-0.1,-0,-0,1,1,1,4.23369,0,0.00319589,-0.00219678,-0.333293,-0.462451
3161,1,-0.1,-0,-0,1,1,1,4.23369,0,-0.010653,-0.00218419,-0.181863,-0.304541
3162,1,-0.1,-0,-0,1,1,1,4.23369,0,-0.0266324,-0.00218325,-0.00883848,-0.372217
3163,1,-0.1,-0,-0,1,1,1,4.23369,0.0453786,0.00745708,-0.00222547,-0.392293,-0.281982
3164,1,-0.1,-0,-0,1,1,1,4.2336,-0.0383972,0.0159795,-0.0021963,-0.48417,-0.214307
3165,1,-0.1,-0,-0,1,1,1,4.23369,-0.015708,-0.0127836,-0.00215414,-0.164423,-0.293262
3166,1,-0.1,-0,-0,1,1,1,4.23369,0,-0.00319589,-0.0021649,-0.273934,-0.281982
3167,1,-0.1,-0,-0,1,1,1,4.23369,0,-5.21845e-19,-0.00216008,-0.31077,-0.214307
3168,1,-0.1,-0,-0,1,1,1,4.23369,0,0.0213059,-0.00216317,-0.547883,-0.180469
3169,1,-0.1,-0,-0,1,1,1,4.2336,-0.0314159,0.0117183,-0.00219241,-0.449813,-0.3271
3170,1,-0.1,-0,-0,1,1,1,4.2336,0.00872665,-0.00319589,-0.00217589,-0.286154,-0.270703
3171,1,-0.1,-0,-0,1,1,1,4.23369,0,-0.00213059,-0.00216836,-0.299075,-0.383496
3172,1,-0.1,-0,-0,1,1,1,4.2336,0,-0.0234365,-0.00214571,-0.064249,-0.248145
3173,1,-0.1,-0,-0,1,1,1,4.23369,0.0174533,-0.00426119,-0.00214603,-0.277799,-0.293262
3174,1,-0.1,-0,-0,1,1,1,4.2336,-0.015708,0.0117183,-0.00216616,-0.459104,-0.304541
3175,1,-0.1,-0,-0,1,1,1,4.2336,0,-0.0010653,-0.0021719,-0.322182,-0.31582
3176,1,-0.1,-0,-0,1,1,1,4.2336,0,0.00213059,-0.002154,-0.357247,-0.281982
3177,1,-0.1,-0,-0,1,1,1,4.2336,-0.00349066,0.00639178,-0.0021747,-0.409814,-0.428613
3178,1,-0.1,-0,-0,1,1,1,4.2336,0.0331613,-0.0127836,-0.00219787,-0.205241,-0.428613
3179,1,-0.1,-0,-0,1,1,1,4.2336,0.0558505,0.0245018,-0.00219112,-0.61621,-0.214307
3180,1,-0.1,-0,-0,1,1,1,4.23369,-0.0122173,-0.00745708,-0.00218052,-0.266104,-0.304541
3181,1,-0.1,-0,-0,1,1,1,4.23369,0.0122173,0.00639178,-0.00220775,-0.425157,-0.428613
3182,1,-0.1,-0,-0,1,1,1,4.2336,0,0.00319589,-0.00221659,-0.394163,-0.394775
3183,1,-0.1,-0,-0,1,1,1,4.23369,0,-0.0117183,-0.00219715,-0.229944,-0.394775
3184,1,-0.1,-0,-0,1,1,1,4.23369,0,0.0191753,-0.00220832,-0.573585,-0.394775
3185,1,-0.1,-0,-0,1,1,1,4.2335,-0.0383972,0.00319589,-0.00226828,-0.409688,-0.48501
3186,1,-0.1,-0,-0,1,1,1,4.2336,0.0314159,-0.0010653,-0.00226202,-0.364586,-0.349658
3187,1,-0.1,-0,-0,1,1,1,4.23369,0,-0.0149142,-0.00226202,-0.215129,-0.304541
3188,1,-0.1,-0,-0,1,1,1,4.2336,-0.00174533,-0.0127836,-0.00223832,-0.237772,-0.259424
3189,1,-0.1,-0,-0,1,1,1,4.2336,0,0.0117183,-0.00219006,-0.502072,-0.270703
3190,1,-0.1,-0,-0,1,1,1,4.2336,0,0.010653,-0.00217174,-0.49011,-0.349658
3191,1,-0.1,-0,-0,1,1,1,4.2336,-0.020944,-0.00426119,-0.00219516,-0.332615,-0.518848
3192,1,-0.1,-0,-0,1,1,1,4.2336,0.0610865,-0.010653,-0.0022002,-0.265655,-0.383496
3193,1,-0.1,-0,-0,1,1,1,4.2336,0,0.0127836,-0.00219856,-0.525235,-0.338379
3194,1,-0.1,-0,-0,1,1,1,4.2336,-0.0174533,0.0191753,-0.00222618,-0.602642,-0.496289
3195,1,-0.1,-0,-0,1,1,1,4.2335,0,-0.010653,-0.0022364,-0.278022,-0.518848
3196,1,-0.1,-0,-0,1,1,1,4.2336,0.0331613,-0.00639178,-0.00222336,-0.323174,-0.349658
3197,1,-0.1,-0,-0,1,1,1,4.2336,0,0.00532648,-0.00224523,-0.454962,-0.428613
3198,1,-0.1,-0,-0,1,1,1,4.2335,0,0.0117183,-0.00221844,-0.521735,-0.47373
3199,1,-0.1,-0,-0,1,1,1,4.2335,-0.0279253,0.0159795,-0.00227916,-0.576623,-0.451172
3200,1,-0.1,-0,-0,1,1,1,4.2335,0,0.0010653,-0.00231627,-0.417466,-0.349658
3201,1,-0.1,-0,-0,1,1,1,4.2335,0,-0.01811,-0.00226452,-0.199706,-0.338379
3202,1,-0.1,-0,-0,1,1,1,4.2336,0,0.00852238,-0.00228744,-0.495688,-0.349658
3203,1,-0.1,-0,-0,1,1,1,4.2335,0,-0.00426119,-0.00232096,-0.359494,-0.552686
3204,1,-0.1,-0,-0,1,1,1,4.2335,0,-0.0010653,-0.00233214,-0.396125,-0.518848
3205,1,-0.1,-0,-0,1,1,1,4.2335,0,-0.00639178,-0.00235303,-0.340291,-0.530127
3206,1,-0.1,-0,-0,1,1,1,4.2335,0,0.00426119,-0.00235068,-0.457163,-0.451172
3207,1,-0.1,-0,-0,1,1,1,4.2335,-0.0174533,0.0117183,-0.00235164,-0.539317,-0.530127
3208,1,-0.1,-0,-0,1,1,1,4.2335,0,0.0117183,-0.00236905,-0.541615,-0.541406
3209,1,-0.1,-0,-0,1,1,1,4.2335,0,-0.00532648,-0.00237493,-0.3549,-0.349658
3210,1,-0.1,-0,-0,1,1,1,4.2335,0,0.0010653,-0.00238045,-0.425937,-0.631641
3211,1,-0.1,-0,-0,1,1,1,4.2335,0,0.00745708,-0.00236765,-0.494558,-0.462451
3212,1,-0.1,-0,-0,1,1,1,4.2335,0,-0.00639178,-0.00236172,-0.341438,-0.507568
3213,1,-0.1,-0,-0,1,1,1,4.2336,0.0139626,0.00745708,-0.00236446,-0.494136,-0.281982
3214,1,-0.1,-0,-0,1,1,1,4.2335,-0.0331613,0.0138489,-0.00239299,-0.568212,-0.496289
3215,1,-0.1,-0,-0,1,1,1,4.2335,0,0.00213059,-0.00242689,-0.443786,-0.428613
3216,1,-0.1,-0,-0,1,1,1,4.2335,-0.0174533,-0.00639178,-0.00244125,-0.351935,-0.710596
3217,1,-0.1,-0,-0,1,1,1,4.2335,0.00872665,-0.00532648,-0.00244347,-0.363947,-0.48501
3218,1,-0.1,-0,-0,1,1,1,4.2335,0,0.00745708,-0.00245064,-0.505512,-0.563965
3219,1,-0.1,-0,-0,1,1,1,4.2335,0,-0.00426119,-0.002459,-0.377715,-0.394775
3220,1,-0.1,-0,-0,1,1,1,4.2335,-0.0279253,0.00319589,-0.00248918,-0.463727,-0.541406
3221,1,-0.1,-0,-0,1,1,1,4.2335,0,-0.0010653,-0.00252265,-0.421271,-0.563965
3222,1,-0.1,-0,-0,1,1,1,4.2334,0,-0.0127836,-0.00256741,-0.298278,-0.620361
3223,1,-0.1,-0,-0,1,1,1,4.2335,0.0174533,0.0010653,-0.00257222,-0.451251,-0.541406
3224,1,-0.1,-0,-0,1,1,1,4.2334,0,0.00319589,-0.00258411,-0.476257,-0.383496
3225,1,-0.1,-0,-0,1,1,1,4.2335,-0.00349066,-0.00745708,-0.002603,-0.361568,-0.428613
3226,1,-0.1,-0,-0,1,1,1,4.2335,0,0.00319589,-0.00261271,-0.480033,-0.451172
3227,1,-0.1,-0,-0,1,1,1,4.2335,0,0,-0.00263654,-0.448023,-0.338379
3228,1,-0.1,-0,-0,1,1,1,4.2335,0,-0.0138489,-0.00262174,-0.293732,-0.417334
3229,1,-0.1,-0,-0,1,1,1,4.2335,0.00698132,-0.0223712,-0.00262387,-0.200267,-0.462451
3230,1,-0.1,-0,-0,1,1,1,4.2335,0,0.0010653,-0.00261878,-0.457398,-0.417334
3231,1,-0.1,-0,-0,1,1,1,4.2335,0,-4.56614e-19,-0.00261538,-0.44523,-0.439893
3232,1,-0.1,-0,-0,1,1,1,4.2335,0.00349066,0.0149142,-0.00261108,-0.608719,-0.281982
3233,1,-0.1,-0,-0,1,1,1,4.2334,-0.0122173,-0.00532648,-0.00260422,-0.385166,-0.394775
3234,1,-0.1,-0,-0,1,1,1,4.2335,0,-0.0010653,-0.00263678,-0.436337,-0.48501
3235,1,-0.1,-0,-0,1,1,1,4.2334,0.020944,0.0010653,-0.00264262,-0.460544,-0.575244
3236,1,-0.1,-0,-0,1,1,1,4.2335,0,-0.00319589,-0.0026508,-0.41475,-0.507568
3237,1,-0.1,-0,-0,1,1,1,4.2335,0.010472,-0.00426119,-0.00264703,-0.402535,-0.360938
3238,1,-0.1,-0,-0,1,1,1,4.2335,0,0.0010653,-0.00264273,-0.460559,-0.417334
3239,1,-0.1,-0,-0,1,1,1,4.2335,0,0.00852238,-0.00265468,-0.544163,-0.451172
3240,1,-0.1,-0,-0,1,1,1,4.2335,0,-0.00213059,-0.00270305,-0.433366,-0.518848
3241,1,-0.1,-0,-0,1,1,1,4.2335,0.0139626,0.00532648,-0.00272043,-0.517688,-0.439893
3242,1,-0.1,-0,-0,1,1,1,4.2335,0,-0.00639178,-0.00268904,-0.384643,-0.451172
3243,1,-0.1,-0,-0,1,1,1,4.2335,0,-0.00958767,-0.00271717,-0.353202,-0.462451
3244,1,-0.1,-0,-0,1,1,1,4.2334,-0.015708,0.00426119,-0.00273946,-0.508482,-0.47373
3245,1,-0.1,-0,-0,1,1,1,4.2334,0,0.0117183,-0.00275605,-0.5927,-0.451172
3246,1,-0.1,-0,-0,1,1,1,4.2334,0,0.00319589,-0.00276632,-0.500309,-0.360938
3247,1,-0.1,-0,-0,1,1,1,4.2334,0,0.0117183,-0.00278866,-0.597004,-0.394775
3248,1,-0.1,-0,-0,1,1,1,4.2334,0,-0.00319589,-0.0027897,-0.433085,-0.462451
3249,1,-0.1,-0,-0,1,1,1,4.2334,0,0.0127836,-0.00281511,-0.612214,-0.507568
3250,1,-0.1,-0,-0,1,1,1,4.2334,0.010472,-0.0127836,-0.00281124,-0.330465,-0.281982
3251,1,-0.1,-0,-0,1,1,1,4.2334,0,0.00532648,-0.00282412,-0.531375,-0.541406
3252,1,-0.1,-0,-0,1,1,1,4.2334,-0.00349066,-0.00319589,-0.00282476,-0.437713,-0.439893
3253,1,-0.1,-0,-0,1,1,1,4.2335,0,-0.00639178,-0.00279503,-0.398634,-0.575244
3254,1,-0.1,-0,-0,1,1,1,4.2335,0.00872665,-0.00958767,-0.00280216,-0.364421,-0.507568
3255,1,-0.1,-0,-0,1,1,1,4.2335,0.020944,0.0127836,-0.00281684,-0.612442,-0.372217
3256,1,-0.1,-0,-0,1,1,1,4.2335,-0.00872665,-1.43507e-18,-0.00281857,-0.472051,-0.417334
3257,1,-0.1,-0,-0,1,1,1,4.2334,0,-0.00319589,-0.00283961,-0.439673,-0.451172
3258,1,-0.1,-0,-0,1,1,1,4.2334,-0.0261799,0.0138489,-0.00284808,-0.628285,-0.507568
3259,1,-0.1,-0,-0,1,1,1,4.2334,-0.00872665,-0.0138489,-0.00285079,-0.323967,-0.439893
3260,1,-0.1,-0,-0,1,1,1,4.2334,0,0.0127836,-0.00291816,-0.625816,-0.563965
3261,1,-0.1,-0,-0,1,1,1,4.2334,0,0.0213059,-0.00295133,-0.72394,-0.507568
3262,1,-0.1,-0,-0,1,1,1,4.23331,-0.0436332,-0.0127836,-0.00294386,-0.347971,-0.530127
3263,1,-0.1,-0,-0,1,1,1,4.2334,0.010472,0.0159795,-0.00294513,-0.664531,-0.439893
3264,1,-0.1,-0,-0,1,1,1,4.2334,-0.015708,0.00213059,-0.00295386,-0.513346,-0.439893
3265,1,-0.1,-0,-0,1,1,1,4.2334,0,0.0010653,-0.00298638,-0.50592,-0.654199
3266,1,-0.1,-0,-0,1,1,1,4.2334,0,-0.0138489,-0.00299164,-0.342559,-0.507568
3267,1,-0.1,-0,-0,1,1,1,4.2334,0.0139626,-0.00426119,-0.00302252,-0.4521,-0.552686
3268,1,-0.1,-0,-0,1,1,1,4.2334,0,0.0234365,-0.0030321,-0.758039,-0.575244
3269,1,-0.1,-0,-0,1,1,1,4.23331,-0.0366519,-0.0245018,-0.00302676,-0.230012,-0.563965
3270,1,-0.1,-0,-0,1,1,1,4.2334,0.0139626,-0.00426119,-0.0030323,-0.45339,-0.462451
3271,1,-0.1,-0,-0,1,1,1,4.2334,0,-0.0117183,-0.00303841,-0.372169,-0.462451
3272,1,-0.1,-0,-0,1,1,1,4.2334,0,-1.36984e-18,-0.00305339,-0.503047,-0.563965
3273,1,-0.1,-0,-0,1,1,1,4.2334,0,-0.0213059,-0.00301808,-0.264022,-0.620361
3274,1,-0.1,-0,-0,1,1,1,4.2334,0.010472,-0.0138489,-0.00302314,-0.346717,-0.552686
3275,1,-0.1,-0,-0,1,1,1,4.2334,0.00349066,1.95692e-19,-0.00301248,-0.497648,-0.654199
3276,1,-0.1,-0,-0,1,1,1,4.2334,0,-0.00213059,-0.00304659,-0.478713,-0.406055
3277,1,-0.1,-0,-0,1,1,1,4.23331,0.00174533,0.00426119,-0.00306538,-0.551503,-0.496289
3278,1,-0.1,-0,-0,1,1,1,4.2334,0,-0.00426119,-0.00306629,-0.457878,-0.406055
3279,1,-0.1,-0,-0,1,1,1,4.2334,0.010472,0.0170448,-0.0030781,-0.693802,-0.383496
3280,1,-0.1,-0,-0,1,1,1,4.2334,-0.0506145,0.00958767,-0.00309379,-0.613845,-0.64292
3281,1,-0.1,-0,-0,1,1,1,4.2334,0,0.00426119,-0.0030984,-0.555861,-0.451172
3282,1,-0.1,-0,-0,1,1,1,4.23331,0,-0.00319589,-0.00308897,-0.472589,-0.676758
3283,1,-0.1,-0,-0,1,1,1,4.2334,0,0.0255671,-0.00311892,-0.792936,-0.47373
3284,1,-0.1,-0,-0,1,1,1,4.23331,0,0.00958767,-0.00314846,-0.621061,-0.699316
3285,1,-0.1,-0,-0,1,1,1,4.23331,0,-0.00319589,-0.00313558,-0.478742,-0.360938
3286,1,-0.1,-0,-0,1,1,1,4.2334,0,-0.00532648,-0.00316019,-0.458554,-0.338379
3287,1,-0.1,-0,-0,1,1,1,4.23331,0,0.00958767,-0.00317547,-0.624626,-0.530127
3288,1,-0.1,-0,-0,1,1,1,4.2334,0,-0.0149142,-0.00314102,-0.350559,-0.48501
3289,1,-0.1,-0,-0,1,1,1,4.2334,0.00872665,-0.00319589,-0.00318975,-0.485892,-0.530127
3290,1,-0.1,-0,-0,1,1,1,4.23331,-0.00872665,-0.00426119,-0.00317812,-0.472639,-0.530127
3291,1,-0.1,-0,-0,1,1,1,4.23331,0,-0.00639178,-0.00321269,-0.453765,-0.496289
3292,1,-0.1,-0,-0,1,1,1,4.23331,0,0.0010653,-0.00321715,-0.536382,-0.338379
3293,1,-0.1,-0,-0,1,1,1,4.23331,0,-0.00426119,-0.00323536,-0.480195,-0.563965
3294,1,-0.1,-0,-0,1,1,1,4.23331,0.00872665,0.0010653,-0.00324053,-0.539468,-0.47373
3295,1,-0.1,-0,-0,1,1,1,4.23331,0,-0.00639178,-0.00323994,-0.457362,-0.496289
3296,1,-0.1,-0,-0,1,1,1,4.23331,0,0.0255671,-0.00325825,-0.811327,-0.530127
3297,1,-0.1,-0,-0,1,1,1,4.23331,-0.0366519,0.00639178,-0.00332127,-0.608717,-0.563965
3298,1,-0.1,-0,-0,1,1,1,4.23331,0,-7.17537e-19,-0.00331097,-0.537048,-0.552686
3299,1,-0.1,-0,-0,1,1,1,4.23331,0,0.00532648,-0.00329059,-0.59295,-0.462451
3300,1,-0.1,-0,-0,1,1,1,4.23331,0.0174533,0.00426119,-0.0032777,-0.579529,-0.47373
3301,1,-0.1,-0,-0,1,1,1,4.23331,0,0.0010653,-0.00330107,-0.547459,-0.631641
3302,1,-0.1,-0,-0,1,1,1,4.23331,0,0.00532648,-0.00331913,-0.596717,-0.507568
3303,1,-0.1,-0,-0,1,1,1,4.23331,-0.00523599,0,-0.00331189,-0.537169,-0.530127
3304,1,-0.1,-0,-0,1,1,1,4.23331,0.0139626,0.00213059,-0.0033195,-0.56161,-0.620361
3305,1,-0.1,-0,-0,1,1,1,4.23331,0,0.00532648,-0.00333346,-0.598608,-0.496289
3306,1,-0.1,-0,-0,1,1,1,4.23331,-0.0314159,-0.00852238,-0.00333138,-0.445995,-0.64292
3307,1,-0.1,-0,-0,1,1,1,4.2334,0.0174533,0.0213059,-0.0033366,-0.774796,-0.48501
3308,1,-0.1,-0,-0,1,1,1,4.23331,-0.00349066,0.0340895,-0.0033664,-0.91935,-0.552686
3309,1,-0.1,-0,-0,1,1,1,4.23321,-0.0331613,0.0010653,-0.00335501,-0.55458,-0.518848
3310,1,-0.1,-0,-0,1,1,1,4.23331,0.0174533,-0.010653,-0.00334842,-0.424809,-0.541406
3311,1,-0.1,-0,-0,1,1,1,4.23331,0.00523599,-0.00532648,-0.00335556,-0.484342,-0.47373
3312,1,-0.1,-0,-0,1,1,1,4.23321,-0.020944,0.00639178,-0.00336298,-0.614223,-0.496289
3313,1,-0.1,-0,-0,1,1,1,4.23331,0,-0.00745708,-0.00332251,-0.456543,-0.530127
3314,1,-0.1,-0,-0,1,1,1,4.23331,0.0139626,-8.47998e-19,-0.00336581,-0.544287,-0.620361
3315,1,-0.1,-0,-0,1,1,1,4.23331,0.00174533,0.00213059,-0.00336352,-0.567421,-0.530127
3316,1,-0.1,-0,-0,1,1,1,4.23331,-0.00872665,0.0010653,-0.00337976,-0.557846,-0.710596
3317,1,-0.1,-0,-0,1,1,1,4.23331,0,-0.00852238,-0.00339317,-0.454152,-0.654199
3318,1,-0.1,-0,-0,1,1,1,4.23331,0.0174533,-0.00639178,-0.00341412,-0.480354,-0.620361
3319,1,-0.1,-0,-0,1,1,1,4.23321,0,0.00639178,-0.0034282,-0.622832,-0.688037
3320,1,-0.1,-0,-0,1,1,1,4.23321,0,0.00213059,-0.0034288,-0.576039,-0.609082
3321,1,-0.1,-0,-0,1,1,1,4.23331,0,-0.00426119,-0.00342938,-0.505805,-0.586523
3322,1,-0.1,-0,-0,1,1,1,4.23331,0,-0.00213059,-0.00337809,-0.522472,-0.360938
3323,1,-0.1,-0,-0,1,1,1,4.23331,-0.0383972,0.0223712,-0.00339892,-0.794741,-0.654199
3324,1,-0.1,-0,-0,1,1,1,4.23321,0.0314159,0.010653,-0.00340519,-0.666667,-0.733154
3325,1,-0.1,-0,-0,1,1,1,4.23331,-0.00174533,0.00426119,-0.00341303,-0.597393,-0.609082
3326,1,-0.1,-0,-0,1,1,1,4.23331,0.0471239,1.30461e-18,-0.00338887,-0.547331,-0.541406
3327,1,-0.1,-0,-0,1,1,1,4.23331,-0.020944,0.0159795,-0.0033994,-0.724495,-0.507568
3328,1,-0.1,-0,-0,1,1,1,4.23331,0,0.010653,-0.00344248,-0.67159,-0.575244
3329,1,-0.1,-0,-0,1,1,1,4.23331,0,-0.00852238,-0.00345948,-0.462905,-0.631641
3330,1,-0.1,-0,-0,1,1,1,4.23331,0.020944,-0.00639178,-0.00344853,-0.484897,-0.428613
3331,1,-0.1,-0,-0,1,1,1,4.23331,0,0.0223712,-0.00346297,-0.803196,-0.665479
3332,1,-0.1,-0,-0,1,1,1,4.23331,0.00872665,-0.00639178,-0.00349686,-0.491276,-0.721875
3333,1,-0.1,-0,-0,1,1,1,4.23331,0.0174533,-0.0127836,-0.00349315,-0.420476,-0.676758
3334,1,-0.1,-0,-0,1,1,1,4.23331,0,0.00426119,-0.00354189,-0.614403,-0.563965
3335,1,-0.1,-0,-0,1,1,1,4.23321,0,-7.17537e-19,-0.00349827,-0.561772,-0.507568
3336,1,-0.1,-0,-0,1,1,1,4.23331,0.015708,0.0010653,-0.00350234,-0.574028,-0.575244
3337,1,-0.1,-0,-0,1,1,1,4.23321,0,-0.0117183,-0.0035118,-0.434656,-0.665479
3338,1,-0.1,-0,-0,1,1,1,4.23321,0,0.0245018,-0.00353281,-0.835851,-0.699316
3339,1,-0.1,-0,-0,1,1,1,4.23321,-0.00349066,0.0170448,-0.00355638,-0.756935,-0.609082
3340,1,-0.1,-0,-0,1,1,1,4.23321,0,-0.0159795,-0.00351472,-0.388168,-0.665479
3341,1,-0.1,-0,-0,1,1,1,4.23331,0.020944,0.00852238,-0.00349247,-0.654752,-0.47373
3342,1,-0.1,-0,-0,1,1,1,4.23331,0,0.01811,-0.00350477,-0.76184,-0.778271
3343,1,-0.1,-0,-0,1,1,1,4.23321,0,0.00532648,-0.00352656,-0.624097,-0.676758
3344,1,-0.1,-0,-0,1,1,1,4.23321,0,0.0127836,-0.00356851,-0.711662,-0.676758
3345,1,-0.1,-0,-0,1,1,1,4.23321,0,1.30461e-18,-0.00357031,-0.571281,-0.620361
3346,1,-0.1,-0,-0,1,1,1,4.23321,0,-0.00426119,-0.00355388,-0.522239,-0.654199
3347,1,-0.1,-0,-0,1,1,1,4.23321,0,0.0149142,-0.00362903,-0.743087,-0.597803
3348,1,-0.1,-0,-0,1,1,1,4.23312,0,0.010653,-0.00363435,-0.696917,-0.462451
3349,1,-0.1,-0,-0,1,1,1,4.23321,-0.0366519,-0.00319589,-0.00362975,-0.543972,-0.64292
3350,1,-0.1,4.69612e-05,0.0945791,1,1,1,4.23321,0,0.00532648,-0.00362406,-0.623684,-0.620361
3351,1,-0.0999966,0.00168202,0.554666,1,1,1,4.23321,0,-0.0202406,-0.00362144,-0.259794,-0.507568
3352,1,-0.0999794,0.00554654,0.986587,1,1,1,4.23331,0.0279253,0.00958767,-0.00360743,-0.479497,-0.372217
3353,1,-0.0999377,0.0115018,1.391,1,1,1,4.23321,-0.00872665,0.00426119,-0.00355073,-0.28426,-0.31582
3354,1,-0.0998612,0.0194119,1.76847,1,1,1,4.2334,0.0191986,0.0170448,-0.0035136,-0.26985,-0.304541
3355,1,-0.0997405,0.0291412,2.11949,1,1,1,4.2334,0.00872665,0.00426119,-0.00341697,0.0529776,-0.0789551
3356,1,-0.0995669,0.0405631,2.44477,1,1,1,4.23369,0.0558505,0.00319589,-0.00327345,0.270928,-0.0789551
3357,1,-0.0993323,0.0535477,2.74481,1,1,1,4.23379,0.020944,0.0255671,-0.00308275,0.254028,0.0225586
3358,1,-0.099029,0.0679717,3.02022,1,1,1,4.23398,0.0471239,0.0298283,-0.00289892,0.449641,-0.0338379
3359,1,-0.0986504,0.0837098,3.27151,1,1,1,4.23446,0.111701,0.0191753,-0.00266459,0.830324,0.191748
3360,1,-0.09819,0.100645,3.49929,1,1,1,4.23503,0.162316,0.0127836,-0.00229759,1.19624,0.451172
3361,1,-0.0976421,0.118664,3.70418,1,1,1,4.23628,0.225147,0.0372854,-0.00188014,1.24159,1.02642
3362,1,-0.0970017,0.137652,3.88672,1,1,1,4.23666,0.0453786,0.0649831,-0.00150408,1.25547,1.33096
3363,1,-0.0962642,0.157495,4.04747,1,1,1,4.23705,0.116937,0.111856,-0.00117517,1.05986,1.33096
3364,1,-0.0954255,0.178091,4.18703,1,1,1,4.23762,0.111701,0.112921,-0.000834804,1.37616,1.43247
3365,1,-0.0944822,0.199331,4.30596,1,1,1,4.23858,0.165806,0.138489,-0.000574119,1.41712,1.37607
3366,1,-0.0934314,0.221115,4.40484,1,1,1,4.23906,0.125664,0.172578,-0.000350356,1.36299,1.31968
3367,1,-0.0922703,0.243347,4.48427,1,1,1,4.2404,0.258309,0.198145,-0.000166422,1.39956,1.36479
3368,1,-0.0909972,0.265929,4.5448,1,1,1,4.24127,0.195477,0.232235,3.34698e-05,1.34702,1.3084
3369,1,-0.0896105,0.288766,4.587,1,1,1,4.2428,0.277507,0.279108,0.000167441,1.14524,1.31968
3370,1,-0.0881093,0.311768,4.61147,1,1,1,4.24395,0.300197,0.283369,0.000333191,1.41574,1.43247
3371,1,-0.0864926,0.334854,4.61877,1,1,1,4.24587,0.340339,0.331307,0.000446427,1.19814,1.54526
3372,1,-0.0847609,0.357927,4.60948,1,1,1,4.24711,0.263545,0.350483,0.00051709,1.28751,1.21816
3373,1,-0.0829136,0.380919,4.58417,1,1,1,4.24932,0.432842,0.383507,0.000574319,1.21921,1.252
3374,1,-0.0809517,0.403746,4.54343,1,1,1,4.25095,0.390954,0.385637,0.000625341,1.48551,1.31968
3375,1,-0.0788766,0.426329,4.48783,1,1,1,4.25344,0.469494,0.420792,0.000644859,1.37924,1.34224
3376,1,-0.0766892,0.448598,4.41794,1,1,1,4.25526,0.401426,0.442098,0.000618868,1.41203,1.13921
3377,1,-0.0743911,0.470486,4.33433,1,1,1,4.25814,0.593412,0.48471,0.000564761,1.19996,1.28584
3378,1,-0.0719848,0.491923,4.23759,1,1,1,4.26015,0.450295,0.511343,0.000501262,1.15432,1.24072
3379,1,-0.0694727,0.512842,4.1283,1,1,1,4.26312,0.460767,0.542236,0.000371958,1.04383,1.13921
3380,1,-0.0668573,0.533186,4.00702,1,1,1,4.26514,0.560251,0.53904,0.000245314,1.29897,0.879785
3381,1,-0.0641421,0.552891,3.87436,1,1,1,4.26869,0.640536,0.564607,0.000141808,1.23204,1.34224
3382,1,-0.0613295,0.571911,3.73084,1,1,1,4.27079,0.443314,0.595501,-0.000209754,1.06457,1.26328
3383,1,-0.0584242,0.590184,3.57708,1,1,1,4.27425,0.642281,0.599762,2.69632e-05,1.25634,1.22944
3384,1,-0.055429,0.607666,3.41363,1,1,1,4.27703,0.637045,0.616807,-0.000259769,1.22861,1.26328
3385,1,-0.0523492,0.624304,3.24111,1,1,1,4.28048,0.577704,0.634917,-0.000288846,1.21063,1.29712
3386,1,-0.0491877,0.640061,3.06003,1,1,1,4.28316,0.733038,0.628525,-0.00026658,1.45684,1.36479
3387,1,-0.0459518,0.654883,2.87113,1,1,1,4.28719,0.586431,0.642374,-0.000276246,1.46376,1.18433
3388,1,-0.0426402,0.66876,2.67461,1,1,1,4.28978,0.722566,0.696704,-0.000335541,1.00581,1.36479
3389,1,-0.039264,0.681626,2.47144,1,1,1,4.2938,0.572468,0.702031,-0.000431017,1.06596,1.06025
3390,1,-0.0358259,0.693463,2.26203,1,1,1,4.29649,0.731293,0.704161,-0.000503379,1.15159,1.04897
3391,1,-0.0323313,0.704237,2.04698,1,1,1,4.30128,0.734784,0.716945,-0.000558784,1.10818,1.07153
3392,1,-0.0287849,0.713925,1.82682,1,1,1,4.30406,0.696386,0.756361,-0.000723987,0.741279,1.09409
3393,1,-0.0251938,0.722498,1.60222,1,1,1,4.30838,0.727802,0.761687,-0.000845543,0.740456,0.992578
3394,1,-0.0215622,0.72994,1.37368,1,1,1,4.31154,0.774926,0.749969,-0.000983094,0.909346,0.879785
3395,1,-0.0178961,0.73623,1.14179,1,1,1,4.31605,0.731293,0.75423,-0.00112574,0.887012,0.744434
3396,1,-0.0142014,0.741353,0.907124,1,1,1,4.31873,0.694641,0.77234,-0.00128149,0.695295,0.665479
3397,1,-0.0104846,0.745297,0.67031,1,1,1,4.32343,0.818559,0.774471,-0.00138767,0.670837,0.620361
3398,1,-0.00675092,0.748053,0.431871,1,1,1,4.32659,0.764454,0.765949,-0.0014564,0.754417,0.586523
3399,1,-0.00300583,0.749614,0.192357,1,1,1,4.33119,0.734784,0.746773,-0.00154962,0.936007,0.665479
3400,1,0.000743575,0.749976,-0.0475886,1,1,1,4.33407,0.741765,0.755296,-0.00158693,0.808107,0.778271
3401,1,0.0044919,0.749139,-0.287427,1,1,1,4.33906,0.788889,0.757426,-0.00164954,0.73374,0.631641
3402,1,0.00823232,0.747104,-0.526528,1,1,1,4.34184,0.698132,0.765949,-0.00173374,0.57122,0.766992
3403,1,0.0119605,0.743875,-0.764426,1,1,1,4.34615,0.722566,0.760622,-0.00182033,0.545648,0.462451
3404,1,0.0156693,0.739462,-1.00046,1,1,1,4.34912,0.752237,0.751034,-0.00190382,0.553012,0.676758
3405,1,0.019353,0.733875,-1.23407,1,1,1,4.35373,0.755728,0.753165,-0.00198582,0.417122,0.496289
3406,1,0.0230064,0.727126,-1.46472,1,1,1,4.3566,0.726057,0.742512,-0.00207989,0.405946,0.609082
3407,1,0.026623,0.719233,-1.69179,1,1,1,4.36072,0.712094,0.728663,-0.00212197,0.422861,0.439893
3408,1,0.0301964,0.710216,-1.91466,1,1,1,4.36379,0.781908,0.722271,-0.00215253,0.345791,0.394775
3409,1,0.0337229,0.700095,-2.13286,1,1,1,4.36801,0.610865,0.705227,-0.00224683,0.364216,0.383496
3410,1,0.037196,0.688896,-2.34575,1,1,1,4.37022,0.572468,0.705227,-0.00231447,0.185807,0.349658
3411,1,0.0406101,0.676647,-2.55276,1,1,1,4.37367,0.570723,0.670072,-0.00234904,0.386041,0.31582
3412,1,0.0439604,0.66338,-2.75331,1,1,1,4.37616,0.633555,0.648766,-0.00234356,0.427359,0.203027
3413,1,0.0472426,0.649124,-2.94688,1,1,1,4.38047,0.767945,0.653027,-0.00231818,0.178454,0.225586
3414,1,0.0504504,0.633923,-3.1328,1,1,1,4.38354,0.76969,0.615742,-0.00225763,0.380389,0.236865
3415,1,0.05358,0.617811,-3.31056,1,1,1,4.38757,0.605629,0.604023,-0.00219067,0.291632,0.383496
3416,1,0.056627,0.600832,-3.47956,1,1,1,4.38987,0.537561,0.601893,-0.00215081,0.0841095,0.406055
3417,1,0.0595868,0.583032,-3.63922,1,1,1,4.39323,0.553269,0.594436,-0.00217922,-0.0829153,0.15791
3418,1,0.062456,0.564456,-3.789,1,1,1,4.39524,0.479966,0.567803,-0.0021955,-0.0458414,0.0563965
3419,1,0.0652305,0.545157,-3.92829,1,1,1,4.39821,0.460767,0.540106,-0.00221225,-0.00487036,0.0676758
3420,1,0.0679066,0.525191,-4.05652,1,1,1,4.40003,0.462512,0.527322,-0.00220807,-0.13202,0.0338379
3421,1,0.0704812,0.504613,-4.1731,1,1,1,4.40281,0.497419,0.498559,-0.00223388,-0.0935206,0.0225586
3422,1,0.0729517,0.483482,-4.27748,1,1,1,4.40492,0.525344,0.451686,-0.00218082,0.14924,0.0338379
3423,1,0.0753153,0.461859,-4.36908,1,1,1,4.4078,0.431096,0.481514,-0.00212062,-0.455145,0.0451172
3424,1,0.0775694,0.439815,-4.44731,1,1,1,4.40924,0.359538,0.442098,-0.00207369,-0.303061,0.0563965
3425,1,0.0797128,0.417409,-4.51161,1,1,1,4.41163,0.445059,0.437837,-0.00201366,-0.538748,0.0338379
3426,1,0.0817432,0.394721,-4.56139,1,1,1,4.41336,0.387463,0.367527,-0.00193372,-0.0467889,-0.0451172
3427,1,0.0836596,0.371821,-4.59608,1,1,1,4.41556,0.364774,0.372854,-0.00186571,-0.389021,-0.0789551
3428,1,0.0854613,0.348785,-4.61511,1,1,1,4.41671,0.251327,0.328111,-0.00177578,-0.176976,-0.146631
3429,1,0.0871474,0.325697,-4.61789,1,1,1,4.41854,0.34383,0.308936,-0.00168193,-0.244462,-0.248145
3430,1,0.0887183,0.302634,-4.60385,1,1,1,4.41969,0.260054,0.291891,-0.00155928,-0.328596,-0.124072
3431,1,0.090174,0.279686,-4.57242,1,1,1,4.42103,0.21293,0.258867,-0.00143355,-0.232796,-0.203027
3432,1,0.0915154,0.256941,-4.52302,1,1,1,4.42208,0.286234,0.206668,-0.00126036,0.0860064,-0.180469
3433,1,0.0927437,0.23449,-4.45509,1,1,1,4.42333,0.151844,0.196015,-0.00108325,-0.0446064,-0.112793
3434,1,0.093861,0.212421,-4.368,1,1,1,4.42381,0.150098,0.173643,-0.000882181,-0.0353694,-0.0902344
3435,1,0.0948689,0.190841,-4.26125,1,1,1,4.42486,0.151844,0.12464,-0.000618815,0.284906,-0.0789551
3436,1,0.0957703,0.169843,-4.1342,1,1,1,4.42534,0.115192,0.100138,-0.000331995,0.350333,-0.0225586
3437,1,0.0965684,0.149534,-3.98632,1,1,1,4.42601,0.0942478,0.078832,1.77834e-06,0.399664,0.0225586
3438,1,0.097267,0.130016,-3.817,1,1,1,4.4264,0.0925025,0.0873543,0.000344792,0.135818,0.0902344
3439,1,0.0978701,0.111399,-3.62566,1,1,1,4.42669,0.0279253,0.0362201,0.000657095,0.537249,0.135352
3440,1,0.0983827,0.0937956,-3.41177,1,1,1,4.42688,0.0593412,0.0255671,0.000999587,0.514828,0.248145
3441,1,0.09881,0.0773202,-3.17472,1,1,1,4.42774,0.214675,0.010653,0.0013702,0.560873,0.507568
3442,1,0.0991579,0.0620892,-2.91395,1,1,1,4.42841,0.0837758,0.0117183,0.00167513,0.440804,0.552686
3443,1,0.0994331,0.0482222,-2.62887,1,1,1,4.42812,-0.0349066,0.0117183,0.00192391,0.344921,0.541406
3444,1,0.0996426,0.0358418,-2.31889,1,1,1,4.42822,0.0139626,-0.00319589,0.0020571,0.417546,0.451172
3445,1,0.0997942,0.0250756,-1.98348,1,1,1,4.42812,0,0.00319589,0.00223546,0.286689,0.394775
3446,1,0.0998963,0.0160508,-1.62201,1,1,1,4.42822,0,-0.0170448,0.00235693,0.465224,0.259424
3447,1,0.0999578,0.00889998,-1.23396,1,1,1,4.42812,0.0436332,-0.0138489,0.0024874,0.415103,0.406055
3448,1,0.0999886,0.00375652,-0.818662,1,1,1,4.42822,-0.00349066,-0.0245018,0.00256716,0.538714,0.259424
3449,1,0.099999,0.000759106,-0.375648,1,1,1,4.42812,0.0593412,-0.00426119,0.00258116,0.343394,0.507568
3450,1,0.1,0,0,1,1,1,4.42803,-0.0942478,-0.0159795,0.00262193,0.522317,0.417334
3451,1,0.1,0,0,1,1,1,4.42803,0.0558505,0.00852238,0.00259747,0.252717,0.372217
3452,1,0.1,0,0,1,1,1,4.42803,-0.0541052,0.00745708,0.00260376,0.26869,0.439893
3453,1,0.1,0,0,1,1,1,4.42803,0,-7.17537e-19,0.00261762,0.355744,0.439893
3454,1,0.1,0,0,1,1,1,4.42793,-0.0261799,-0.00213059,0.0026495,0.38714,0.338379
3455,1,0.1,0,0,1,1,1,4.42803,0,0.0170448,0.00261088,0.173684,0.270703
3456,1,0.1,0,0,1,1,1,4.42784,-0.0314159,1.56553e-18,0.0025866,0.360509,0.169189
3457,1,0.1,0,0,1,1,1,4.42803,0.0244346,-0.00213059,0.00261837,0.39181,0.394775
3458,1,0.1,0,0,1,1,1,4.42803,-0.00872665,0.0223712,0.00257706,0.119391,0.394775
3459,1,0.1,0,0,1,1,1,4.42784,-0.015708,0.0255671,0.00254733,0.0829471,0.349658
3460,1,0.1,0,0,1,1,1,4.42803,0.0244346,0.00532648,0.00252386,0.304781,0.259424
3461,1,0.1,0,0,1,1,1,4.42793,0,-0.00426119,0.00251319,0.411418,0.203027
3462,1,0.1,0,0,1,1,1,4.42793,0.0366519,-0.00639178,0.00249434,0.434979,0.270703
3463,1,0.1,0,0,1,1,1,4.42793,0,-0.00213059,0.0024654,0.386749,0.338379
3464,1,0.1,0,0,1,1,1,4.42793,-0.0174533,0.00745708,0.00248214,0.286848,0.394775
3465,1,0.1,0,0,1,1,1,4.42793,-0.020944,0.00213059,0.00244171,0.342137,0.225586
3466,1,0.1,0,0,1,1,1,4.42784,0,0.00319589,0.00242138,0.330379,0.304541
3467,1,0.1,0,0,1,1,1,4.42793,0,0.00532648,0.00241413,0.308565,0.338379
3468,1,0.1,0,0,1,1,1,4.42793,0,0.00532648,0.00240826,0.310478,0.417334
3469,1,0.1,0,0,1,1,1,4.42793,-0.0261799,-0.0234365,0.00242881,0.632356,0.31582
3470,1,0.1,0,0,1,1,1,4.42803,0.0593412,-0.0149142,0.002467,0.547539,0.439893
3471,1,0.1,0,0,1,1,1,4.42803,0,0.00319589,0.0024934,0.355953,0.597803
3472,1,0.1,0,0,1,1,1,4.42803,-0.0436332,0.010653,0.00247328,0.273849,0.439893
3473,1,0.1,0,0,1,1,1,4.42803,0.0139626,-0.0149142,0.00244147,0.553097,0.428613
3474,1,0.1,0,0,1,1,1,4.42803,0,0.0191753,0.0024907,0.188938,0.518848
3475,1,0.1,0,0,1,1,1,4.42803,-0.0471239,9.78459e-19,0.00249212,0.402807,0.462451
3476,1,0.1,0,0,1,1,1,4.42803,0,-0.0010653,0.00250651,0.419538,0.439893
3477,1,0.1,0,0,1,1,1,4.42803,0,-0.0138489,0.00249115,0.560629,0.372217
3478,1,0.1,0,0,1,1,1,4.42803,0,0.010653,0.00245639,0.289151,0.383496
3479,1,0.1,0,0,1,1,1,4.42803,-0.0139626,-0.00532648,0.00243736,0.464778,0.349658
3480,1,0.1,0,0,1,1,1,4.42812,0.0418879,-0.0138489,0.00243082,0.560281,0.417334
3481,1,0.1,0,0,1,1,1,4.42803,0,0.00958767,0.00242078,0.304097,0.439893
3482,1,0.1,0,0,1,1,1,4.42803,-0.00174533,-0.00213059,0.0024742,0.443849,0.48501
3483,1,0.1,0,0,1,1,1,4.42812,0,-0.00639178,0.00246961,0.492962,0.462451
3484,1,0.1,0,0,1,1,1,4.42803,0,0.0138489,0.00244102,0.269181,0.462451
3485,1,0.1,0,0,1,1,1,4.42803,-0.0174533,-0.00426119,0.00242994,0.467625,0.3271
3486,1,0.1,0,0,1,1,1,4.42803,0.0331613,0.00745708,0.00244355,0.340521,0.451172
3487,1,0.1,0,0,1,1,1,4.42803,-0.0191986,0.010653,0.00244457,0.305501,0.496289
3488,1,0.1,0,0,1,1,1,4.42803,0,0.010653,0.00242253,0.302591,0.383496
3489,1,0.1,0,0,1,1,1,4.42803,0,-0.00532648,0.00240405,0.475926,0.372217
3490,1,0.1,0,0,1,1,1,4.42803,-0.0174533,0.0223712,0.00240048,0.17078,0.417334
3491,1,0.1,0,0,1,1,1,4.42803,-0.00872665,0.0117183,0.00242775,0.291563,0.462451
3492,1,0.1,0,0,1,1,1,4.42812,0.020944,-0.010653,0.00243134,0.53812,0.48501
3493,1,0.1,0,0,1,1,1,4.42812,0,-0.00319589,0.002422,0.454858,0.372217
3494,1,0.1,0,0,1,1,1,4.42803,0,-0.00852238,0.00243851,0.515629,0.462451
3495,1,0.1,0,0,1,1,1,4.42812,0,0.00639178,0.00243947,0.351701,0.394775
3496,1,0.1,0,0,1,1,1,4.42803,0,0.0117183,0.00241825,0.290308,0.349658
3497,1,0.1,0,0,1,1,1,4.42803,0,-0.00852238,0.00239784,0.510261,0.372217
3498,1,0.1,0,0,1,1,1,4.42803,0,-0.0149142,0.00238892,0.579393,0.428613
3499,1,0.1,0,0,1,1,1,4.42803,0,-0.0159795,0.00237781,0.589645,0.349658
3500,1,0.1,0,0,1,1,1,4.42803,0,0.0170448,0.00236967,0.225304,0.372217
3501,1,0.1,0,0,1,1,1,4.42803,-0.0139626,-0.00213059,0.00236176,0.435189,0.48501
3502,1,0.1,0,0,1,1,1,4.42803,0.00523599,-0.0010653,0.00235701,0.422843,0.439893
3503,1,0.1,0,0,1,1,1,4.42803,0,0.00532648,0.00234195,0.350547,0.439893
3504,1,0.1,0,0,1,1,1,4.42803,-0.0174533,-0.00852238,0.00231768,0.49968,0.428613
3505,1,0.1,0,0,1,1,1,4.42803,0.015708,0.00639178,0.00230189,0.333541,0.394775
3506,1,0.1,0,0,1,1,1,4.42803,-0.0226893,-0.00213059,0.00228288,0.424776,0.3271
3507,1,0.1,0,0,1,1,1,4.42803,0.0191986,-0.0159795,0.0022481,0.572524,0.214307
3508,1,0.1,0,0,1,1,1,4.42793,0,-6.52306e-20,0.00223591,0.395141,0.270703
3509,1,0.1,0,0,1,1,1,4.42803,0,0.00958767,0.00222324,0.288004,0.394775
3510,1,0.1,0,0,1,1,1,4.42803,-0.00698132,0.00532648,0.00223565,0.336515,0.394775
3511,1,0.1,0,0,1,1,1,4.42803,0,0.010653,0.00223655,0.278041,0.507568
3512,1,0.1,0,0,1,1,1,4.42803,-0.0226893,-0.00852238,0.00221328,0.4859,0.406055
3513,1,0.1,0,0,1,1,1,4.42803,0.010472,-0.01811,0.00224612,0.595699,0.3271
3514,1,0.1,0,0,1,1,1,4.42803,0,0.00958767,0.00219166,0.283835,0.349658
3515,1,0.1,0,0,1,1,1,4.42784,-0.00872665,0.0191753,0.00216582,0.17496,0.293262
3516,1,0.1,0,0,1,1,1,4.42803,0.0418879,-0.00532648,0.00219718,0.44862,0.394775
3517,1,0.1,0,0,1,1,1,4.42793,0,-6.52306e-20,0.00215343,0.384252,0.338379
3518,1,0.1,0,0,1,1,1,4.42803,0.00523599,-0.00852238,0.00216159,0.479076,0.383496
3519,1,0.1,0,0,1,1,1,4.42803,0,0.00213059,0.00213285,0.3581,0.31582
3520,1,0.1,0,0,1,1,1,4.42793,0,0.010653,0.00210908,0.261216,0.281982
3521,1,0.1,0,0,1,1,1,4.42793,0,0.0266324,0.00210355,0.0847114,0.462451
3522,1,0.1,0,0,1,1,1,4.42803,0.00872665,0.00426119,0.00210773,0.331347,0.428613
3523,1,0.1,0,0,1,1,1,4.42803,0,-0.00426119,0.00211966,0.426668,0.360938
3524,1,0.1,0,0,1,1,1,4.42803,0.0191986,-0.00639178,0.00209217,0.446476,0.338379
3525,1,0.1,0,0,1,1,1,4.42803,0,-0.00639178,0.0021043,0.448078,0.439893
3526,1,0.1,0,0,1,1,1,4.42803,0.00872665,-0.0117183,0.00211915,0.508629,0.530127
3527,1,0.1,0,0,1,1,1,4.42803,0,-0.0138489,0.00209987,0.529521,0.191748
3528,1,0.1,0,0,1,1,1,4.42793,0,0.0159795,0.00208246,0.199111,0.3271
3529,1,0.1,0,0,1,1,1,4.42803,-0.0331613,0.00426119,0.0020998,0.3303,0.3271
3530,1,0.1,0,0,1,1,1,4.42803,0.0296706,-0.00639178,0.00209721,0.447141,0.417334
3531,1,0.1,0,0,1,1,1,4.42803,-0.0174533,0.00639178,0.00206738,0.302585,0.338379
3532,1,0.1,0,0,1,1,1,4.42793,0,-0.00319589,0.00205296,0.406146,0.31582
3533,1,0.1,0,0,1,1,1,4.42803,0.00872665,-0.00319589,0.00203312,0.403526,0.394775
3534,1,0.1,0,0,1,1,1,4.42793,-0.0139626,0.00213059,0.00202444,0.343789,0.439893
3535,1,0.1,0,0,1,1,1,4.42803,0,0.0213059,0.00201747,0.131941,0.3271
3536,1,0.1,0,0,1,1,1,4.42793,0,0.00319589,0.00200814,0.329919,0.304541
3537,1,0.1,0,0,1,1,1,4.42793,0,0.0138489,0.00201088,0.213098,0.360938
3538,1,0.1,0,0,1,1,1,4.42803,0,0.0191753,0.00199713,0.152693,0.304541
3539,1,0.1,0,0,1,1,1,4.42803,-0.00349066,0.00319589,0.00198455,0.326806,0.304541
3540,1,0.1,0,0,1,1,1,4.42793,0,-0.00319589,0.00197447,0.395785,0.293262
3541,1,0.1,0,0,1,1,1,4.42793,0,-0.01811,0.00197139,0.559434,0.236865
3542,1,0.1,0,0,1,1,1,4.42793,0,-0.010653,0.00193477,0.472572,0.259424
3543,1,0.1,0,0,1,1,1,4.42793,0.0174533,-0.00213059,0.00191549,0.376281,0.394775
3544,1,0.1,0,0,1,1,1,4.42793,-0.010472,0.0245018,0.00186328,0.0764331,0.293262
3545,1,0.1,0,0,1,1,1,4.42793,-0.00872665,0.00426119,0.00186511,0.299321,0.270703
3546,1,0.1,0,0,1,1,1,4.42803,0.0279253,-0.00958767,0.00187482,0.45294,0.304541
3547,1,0.1,0,0,1,1,1,4.42793,0,-0.00852238,0.0018816,0.442117,0.236865
3548,1,0.1,0,0,1,1,1,4.42793,0.0122173,0.00958767,0.00186925,0.241276,0.349658
3549,1,0.1,0,0,1,1,1,4.42793,-0.0279253,-0.00958767,0.00187353,0.45277,0.281982
3550,1,0.1,0,0,1,1,1,4.42793,0,0.0010653,0.00183271,0.3302,0.236865
3551,1,0.1,0,0,1,1,1,4.42793,0,-0.00319589,0.00185642,0.380203,0.214307
3552,1,0.1,0,0,1,1,1,4.42793,0.00174533,-0.0010653,0.00183018,0.353302,0.169189
3553,1,0.1,0,0,1,1,1,4.42793,0.0331613,1.56553e-18,0.00183,0.34156,0.360938
3554,1,0.1,0,0,1,1,1,4.42793,-0.0174533,0.0138489,0.0018164,0.187428,0.281982
3555,1,0.1,0,0,1,1,1,4.42793,0,0.0170448,0.00180466,0.150723,0.349658
3556,1,0.1,0,0,1,1,1,4.42793,-0.00872665,-0.01811,0.00178748,0.535157,0.281982
3557,1,0.1,0,0,1,1,1,4.42793,0.0349066,-0.00745708,0.00179568,0.419057,0.259424
3558,1,0.1,0,0,1,1,1,4.42793,-0.00872665,-0.0138489,0.00179333,0.489057,0.259424
3559,1,0.1,0,0,1,1,1,4.42803,0.0296706,0.0159795,0.00177663,0.158741,0.3271
3560,1,0.1,0,0,1,1,1,4.42784,-0.0541052,0.0234365,0.00176553,0.0752485,0.304541
3561,1,0.1,0,0,1,1,1,4.42793,-0.00174533,0.00639178,0.0017036,0.254565,0.281982
3562,1,0.1,0,0,1,1,1,4.42784,-0.0226893,-0.010653,0.00169916,0.441472,0.191748
3563,1,0.1,0,0,1,1,1,4.42803,0.020944,-0.00958767,0.0017113,0.431356,0.31582
3564,1,0.1,0,0,1,1,1,4.42793,-0.0174533,5.87076e-19,0.00171056,0.325793,0.3271
3565,1,0.1,0,0,1,1,1,4.42793,0,0.0117183,0.00167921,0.192754,0.259424
3566,1,0.1,0,0,1,1,1,4.42793,-0.010472,0.00426119,0.00163806,0.269351,0.146631
3567,1,0.1,0,0,1,1,1,4.42793,0.0174533,0.0202406,0.00162279,0.0915608,0.360938
3568,1,0.1,0,0,1,1,1,4.42784,-0.0506145,0.0159795,0.0015971,0.135043,0.259424
3569,1,0.1,0,0,1,1,1,4.42784,0,-0.00532648,0.00158358,0.367624,0.203027
3570,1,0.1,0,0,1,1,1,4.42793,0.0174533,0.00532648,0.00155169,0.246231,0.248145
3571,1,0.1,0,0,1,1,1,4.42784,0,-0.0149142,0.00155653,0.469518,0.259424
3572,1,0.1,0,0,1,1,1,4.42793,0.020944,-0.00426119,0.0015688,0.353955,0.304541
3573,1,0.1,0,0,1,1,1,4.42784,-0.0174533,0.0138489,0.00151394,0.147503,0.180469
3574,1,0.1,0,0,1,1,1,4.42784,0,0.00745708,0.00150561,0.216713,0.225586
3575,1,0.1,0,0,1,1,1,4.42793,-0.0122173,-1.30461e-19,0.00147007,0.294049,0.225586
3576,1,0.1,0,0,1,1,1,4.42784,0,-0.00852238,0.00144694,0.384742,0.225586
3577,1,0.1,0,0,1,1,1,4.42793,0.00174533,0.0127836,0.00142553,0.147551,0.236865
3578,1,0.1,0,0,1,1,1,4.42784,-0.0139626,0.00958767,0.00136086,0.174051,0.15791
3579,1,0.1,0,0,1,1,1,4.42784,0,0.00639178,0.0013908,0.213277,0.248145
3580,1,0.1,0,0,1,1,1,4.42793,0.0191986,0.00852238,0.00140003,0.191058,0.293262
3581,1,0.1,0,0,1,1,1,4.42784,-0.0174533,0.0340895,0.00135113,-0.096636,0.236865
3582,1,0.1,0,0,1,1,1,4.42784,0,0.00639178,0.00135367,0.208375,0.214307
3583,1,0.1,0,0,1,1,1,4.42784,0,0.0191753,0.00130986,0.0619726,0.225586
3584,1,0.1,0,0,1,1,1,4.42784,0,0.010653,0.0012797,0.151738,0.3271
3585,1,0.1,0,0,1,1,1,4.42784,-0.0279253,0.0138489,0.00126931,0.115211,0.214307
3586,1,0.1,0,0,1,1,1,4.42784,0.00523599,0.00745708,0.00123946,0.181581,0.214307
3587,1,0.1,0,0,1,1,1,4.42784,0,-0.00852238,0.00126162,0.36028,0.293262
3588,1,0.1,0,0,1,1,1,4.42784,0.0139626,-0.0159795,0.00128111,0.444881,0.3271
3589,1,0.1,0,0,1,1,1,4.42793,0,-0.00426119,0.00123789,0.310274,0.180469
3590,1,0.1,0,0,1,1,1,4.42784,-0.0122173,0.0149142,0.00120681,0.0952435,0.248145
3591,1,0.1,0,0,1,1,1,4.42784,0,0.00639178,0.00119659,0.187641,0.281982
3592,1,0.1,0,0,1,1,1,4.42784,0,0.00639178,0.0011982,0.187853,0.169189
3593,1,0.1,0,0,1,1,1,4.42784,0,-0.0117183,0.0012065,0.388158,0.281982
3594,1,0.1,0,0,1,1,1,4.42784,0,0.00319589,0.00119133,0.222101,0.214307
3595,1,0.1,0,0,1,1,1,4.42784,0,0.0127836,0.00114681,0.11076,0.191748
3596,1,0.1,0,0,1,1,1,4.42784,-0.0174533,-0.0245018,0.00115891,0.522496,0.225586
3597,1,0.1,0,0,1,1,1,4.42784,0.0314159,0.00639178,0.00112922,0.178747,0.203027
3598,1,0.1,0,0,1,1,1,4.42784,-0.00523599,0.0223712,0.00113483,0.00371359,0.293262
3599,1,0.1,0,0,1,1,1,4.42784,-0.020944,0.00745708,0.00110687,0.164078,0.281982
3600,1,0.1,0,0,1,1,1,4.42784,0,0.00319589,0.00113345,0.21446,0.259424
3601,1,0.1,0,0,1,1,1,4.42784,-0.0174533,-0.0170448,0.00112771,0.43635,0.236865
3602,1,0.1,0,0,1,1,1,4.42774,0,-0.0010653,0.00114108,0.262341,0.259424
3603,1,0.1,0,0,1,1,1,4.42784,-0.00349066,0.0010653,0.001105,0.234015,0.304541
3604,1,0.1,0,0,1,1,1,4.42784,-0.00523599,-0.00745708,0.00112005,0.329875,0.281982
3605,1,0.1,0,0,1,1,1,4.42784,0,-0.0010653,0.00113662,0.261752,0.248145
3606,1,0.1,0,0,1,1,1,4.42784,-0.00523599,-0.00426119,0.00115488,0.299318,0.3271
3607,1,0.1,0,0,1,1,1,4.42784,0,-0.0159795,0.00115791,0.428618,0.248145
3608,1,0.1,0,0,1,1,1,4.42784,0,0.0010653,0.00114751,0.239753,0.3271
3609,1,0.1,0,0,1,1,1,4.42784,-0.00523599,-0.00426119,0.00116884,0.301161,0.180469
3610,1,0.1,0,0,1,1,1,4.42784,0.0506145,0.0010653,0.00119802,0.24642,0.225586
3611,1,0.1,0,0,1,1,1,4.42784,-0.0174533,-0.010653,0.00120463,0.376194,0.236865
3612,1,0.1,0,0,1,1,1,4.42784,0.0139626,0.00958767,0.00117665,0.14984,0.236865
3613,1,0.1,0,0,1,1,1,4.42784,-0.0139626,0.0138489,0.00114924,0.0993618,0.236865
3614,1,0.1,0,0,1,1,1,4.42784,0.0174533,0.00426119,0.00116403,0.206779,0.248145
3615,1,0.1,0,0,1,1,1,4.42784,-0.010472,0.00532648,0.0011515,0.193407,0.191748
3616,1,0.1,0,0,1,1,1,4.42774,0,-0.00958767,0.00117837,0.36101,0.169189
3617,1,0.1,0,0,1,1,1,4.42784,0.0122173,-0.00745708,0.00118424,0.338348,0.281982
3618,1,0.1,0,0,1,1,1,4.42784,0,0.00852238,0.00116335,0.159815,0.270703
3619,1,0.1,0,0,1,1,1,4.42784,-0.00174533,0.0010653,0.00114599,0.239553,0.191748
3620,1,0.1,0,0,1,1,1,4.42784,0,-0.00639178,0.00115553,0.32284,0.135352
3621,1,0.1,0,0,1,1,1,4.42784,0.00872665,0.00745708,0.00116558,0.171829,0.191748
3622,1,0.1,0,0,1,1,1,4.42784,0,0.00213059,0.00113948,0.226974,0.191748
3623,1,0.1,0,0,1,1,1,4.42784,0,-0.01811,0.00117687,0.454557,0.293262
3624,1,0.1,0,0,1,1,1,4.42784,0,-0.00426119,0.00117544,0.302032,0.270703
3625,1,0.1,0,0,1,1,1,4.42784,0.00174533,0.00639178,0.00119281,0.187141,0.259424
3626,1,0.1,0,0,1,1,1,4.42784,0,0.00426119,0.00113861,0.203424,0.146631
3627,1,0.1,0,0,1,1,1,4.42774,0,0.00319589,0.00113051,0.214072,0.203027
3628,1,0.1,0,0,1,1,1,4.42784,0.00872665,0.00852238,0.00113765,0.156424,0.203027
3629,1,0.1,0,0,1,1,1,4.42784,0,-0.00532648,0.00114295,0.309461,0.338379
3630,1,0.1,0,0,1,1,1,4.42784,-0.00872665,0.00532648,0.00111106,0.188069,0.225586
3631,1,0.1,0,0,1,1,1,4.42784,0,0.00745708,0.0011092,0.164387,0.203027
3632,1,0.1,0,0,1,1,1,4.42784,0,0.00639178,0.00112688,0.178438,0.191748
3633,1,0.1,0,0,1,1,1,4.42784,0,0.0213059,0.00108706,0.00912652,0.293262
3634,1,0.1,0,0,1,1,1,4.42784,0,-0.0127836,0.00105292,0.379579,0.180469
3635,1,0.1,0,0,1,1,1,4.42784,0.0279253,0.0170448,0.00102928,0.0482396,0.259424
3636,1,0.1,0,0,1,1,1,4.42784,-0.0296706,-0.00639178,0.00105382,0.309414,0.236865
3637,1,0.1,0,0,1,1,1,4.42784,0.0226893,0.00426119,0.0010516,0.191938,0.225586
3638,1,0.1,0,0,1,1,1,4.42784,-0.00872665,0.00639178,0.00104875,0.168126,0.225586
3639,1,0.1,0,0,1,1,1,4.42784,0,0.00532648,0.00101305,0.175132,0.214307
3640,1,0.1,0,0,1,1,1,4.42774,0,0.00745708,0.000997325,0.149619,0.248145
3641,1,0.1,0,0,1,1,1,4.42774,0,0.00639178,0.00098949,0.160303,0.248145
3642,1,0.1,0,0,1,1,1,4.42774,0,0.0010653,0.000955908,0.214462,0.15791
3643,1,0.1,0,0,1,1,1,4.42774,0,-0.00532648,0.000943204,0.283094,0.180469
3644,1,0.1,0,0,1,1,1,4.42774,0,-0.01811,0.000957992,0.425665,0.236865
3645,1,0.1,0,0,1,1,1,4.42784,0.0122173,-0.00213059,0.000984644,0.25341,0.225586
3646,1,0.1,0,0,1,1,1,4.42784,0,0.0191753,0.000957527,0.0152937,0.203027
3647,1,0.1,0,0,1,1,1,4.42774,0,0.0213059,0.000958913,-0.00778886,0.3271
3648,1,0.1,0,0,1,1,1,4.42784,0,-0.0191753,0.000969435,0.438894,0.203027
3649,1,0.1,0,0,1,1,1,4.42784,0.0296706,-0.00958767,0.000933881,0.32805,0.124072
3650,1,0.1,-4.70086e-05,-0.0946266,1,1,1,4.42774,-0.0191986,-0.0127836,0.000915316,0.347807,0.180469
3651,1,0.0999966,-0.00168212,-0.554682,1,1,1,4.42774,0.020944,0.00213059,0.000899124,0.0995015,0.214307
3652,1,0.0999794,-0.00554689,-0.986617,1,1,1,4.42774,-0.0331613,0.00426119,0.000900152,-0.0301816,0.180469
3653,1,0.0999377,-0.0115019,-1.391,1,1,1,4.42774,0,0.00958767,0.000844598,-0.225438,0.135352
3654,1,0.0998612,-0.0194114,-1.76844,1,1,1,4.42764,-0.0349066,-0.00319589,0.000782661,-0.243679,0.0676758
3655,1,0.0997405,-0.0291429,-2.11954,1,1,1,4.42755,-0.0226893,-7.82767e-19,0.000645622,-0.468106,-0.0676758
3656,1,0.0995669,-0.0405639,-2.44479,1,1,1,4.42736,-0.0366519,2.60922e-19,0.000471071,-0.68091,-0.101514
3657,1,0.0993323,-0.0535481,-2.74482,1,1,1,4.42678,-0.139626,-0.00426119,0.000300185,-0.863111,-0.338379
3658,1,0.0990291,-0.0679701,-3.02019,1,1,1,4.42611,-0.169297,-0.0159795,8.98049e-05,-0.98436,-0.530127
3659,1,0.0986504,-0.0837111,-3.27153,1,1,1,4.42563,-0.0663225,-0.0585913,-6.57401e-05,-0.771107,-0.857227
3660,1,0.0981899,-0.100648,-3.49932,1,1,1,4.42553,-0.0191986,-0.0596566,-0.000210059,-1.02492,-0.766992
3661,1,0.0976421,-0.118667,-3.70421,1,1,1,4.42477,-0.178024,-0.0926808,-0.000368246,-0.940396,-0.936182
3662,1,0.0970017,-0.137653,-3.88673,1,1,1,4.42429,-0.0942478,-0.110791,-0.000491494,-1.02374,-0.913623
3663,1,0.0962641,-0.157496,-4.04748,1,1,1,4.42352,-0.150098,-0.135293,-0.00056394,-1.03682,-0.823389
3664,1,0.0954254,-0.178092,-4.18704,1,1,1,4.42295,-0.172788,-0.175774,-0.000648701,-0.882959,-0.936182
3665,1,0.0944821,-0.199333,-4.30597,1,1,1,4.4218,-0.141372,-0.17897,-0.000693838,-1.13812,-0.924902
3666,1,0.0934313,-0.221117,-4.40485,1,1,1,4.42103,-0.230383,-0.209863,-0.000780062,-1.09941,-1.02642
3667,1,0.0922702,-0.243349,-4.48428,1,1,1,4.4194,-0.247837,-0.227974,-0.000845048,-1.20077,-1.11665
3668,1,0.0909972,-0.265929,-4.5448,1,1,1,4.41844,-0.242601,-0.252475,-0.000853415,-1.22571,-1.10537
3669,1,0.0896105,-0.288766,-4.587,1,1,1,4.41681,-0.315905,-0.271651,-0.00087982,-1.31266,-1.08281
3670,1,0.0881094,-0.311767,-4.61147,1,1,1,4.41566,-0.305433,-0.306806,-0.000908882,-1.22375,-1.09409
3671,1,0.0864928,-0.334851,-4.61877,1,1,1,4.41384,-0.305433,-0.322785,-0.000924355,-1.34234,-1.00386
3672,1,0.0847608,-0.357928,-4.60948,1,1,1,4.4123,-0.45204,-0.34196,-0.000967479,-1.42783,-1.21816
3673,1,0.0829135,-0.38092,-4.58417,1,1,1,4.40981,-0.390954,-0.372854,-0.00103062,-1.38438,-1.34224
3674,1,0.0809518,-0.403745,-4.54343,1,1,1,4.40818,-0.410152,-0.406943,-0.0010011,-1.2877,-1.27456
3675,1,0.0788766,-0.426328,-4.48783,1,1,1,4.40598,-0.413643,-0.469796,-0.000929473,-0.863542,-1.21816
3676,1,0.0766891,-0.448599,-4.41793,1,1,1,4.40415,-0.460767,-0.467665,-0.000853781,-1.14673,-1.04897
3677,1,0.074391,-0.470487,-4.33433,1,1,1,4.40099,-0.507891,-0.48471,-0.000798377,-1.21531,-1.22944
3678,1,0.0719848,-0.491922,-4.2376,1,1,1,4.39927,-0.42237,-0.528387,-0.000689497,-0.975521,-1.21816
3679,1,0.0694727,-0.512842,-4.1283,1,1,1,4.3962,-0.548033,-0.525191,-0.000580336,-1.24273,-1.01514
3680,1,0.0668574,-0.533185,-4.00703,1,1,1,4.3938,-0.657989,-0.535844,-0.000501115,-1.35331,-1.33096
3681,1,0.0641424,-0.55289,-3.87437,1,1,1,4.39083,-0.445059,-0.55502,-0.000446487,-1.36407,-1.13921
3682,1,0.0613299,-0.571909,-3.73085,1,1,1,4.38862,-0.637045,-0.559281,-0.000397049,-1.52993,-1.10537
3683,1,0.0584243,-0.590183,-3.57709,1,1,1,4.38431,-0.656244,-0.592305,-0.000406473,-1.37765,-1.31968
3684,1,0.0554294,-0.607663,-3.41365,1,1,1,4.3822,-0.568977,-0.61148,-0.000328663,-1.35244,-1.38735
3685,1,0.0523488,-0.624306,-3.24109,1,1,1,4.37836,-0.694641,-0.632786,-0.000267919,-1.29503,-1.09409
3686,1,0.0491876,-0.640061,-3.06003,1,1,1,4.37578,-0.621337,-0.674333,-0.00017205,-0.997612,-1.11665
3687,1,0.0459499,-0.654892,-2.87102,1,1,1,4.37156,-0.663225,-0.667941,-6.58601e-05,-1.21204,-1.08281
3688,1,0.0426407,-0.668757,-2.67464,1,1,1,4.36897,-0.645772,-0.709488,5.36164e-05,-0.884904,-1.08281
3689,1,0.0392639,-0.681627,-2.47143,1,1,1,4.36475,-0.696386,-0.702031,0.000230458,-1.0736,-0.924902
3690,1,0.0358259,-0.693463,-2.26203,1,1,1,4.36197,-0.685914,-0.729728,0.000314911,-0.876179,-0.992578
3691,1,0.032331,-0.704238,-2.04696,1,1,1,4.35756,-0.753982,-0.725467,0.000463105,-1.00621,-0.924902
3692,1,0.028785,-0.713925,-1.82682,1,1,1,4.35468,-0.727802,-0.751034,0.000585369,-0.797608,-0.947461
3693,1,0.0251934,-0.722499,-1.6022,1,1,1,4.35056,-0.753982,-0.744643,0.000711928,-0.924932,-1.00386
3694,1,0.0215623,-0.729939,-1.37369,1,1,1,4.34721,-0.820305,-0.747838,0.000814065,-0.936122,-0.891064
3695,1,0.0178963,-0.736229,-1.1418,1,1,1,4.34299,-0.74002,-0.780863,0.00098539,-0.593808,-0.95874
3696,1,0.0142022,-0.741352,-0.907178,1,1,1,4.33992,-0.752237,-0.753165,0.00106154,-0.917598,-0.789551
3697,1,0.0104848,-0.745297,-0.670323,1,1,1,4.33541,-0.808087,-0.757426,0.0012035,-0.868893,-0.80083
3698,1,0.00675089,-0.748053,-0.43187,1,1,1,4.33215,-0.785398,-0.758491,0.00125517,-0.852932,-0.891064
3699,1,0.00300626,-0.749614,-0.192384,1,1,1,4.32736,-0.790634,-0.781928,0.00134626,-0.570739,-0.913623
3700,1,-0.000743291,-0.749976,0.0475704,1,1,1,4.32439,-0.69115,-0.778732,0.00146542,-0.56254,-0.654199
3701,1,-0.00449205,-0.749139,0.287436,1,1,1,4.31959,-0.834267,-0.775536,0.00164656,-0.531088,-0.48501
3702,1,-0.00823277,-0.747103,0.526557,1,1,1,4.31662,-0.712094,-0.778732,0.00176669,-0.422467,-0.541406
3703,1,-0.0119607,-0.743875,0.764433,1,1,1,4.31212,-0.79587,-0.773406,0.00187352,-0.394494,-0.665479
3704,1,-0.0156694,-0.739462,1.00046,1,1,1,4.30895,-0.738274,-0.771275,0.00197395,-0.317606,-0.563965
3705,1,-0.0193533,-0.733875,1.23409,1,1,1,4.30454,-0.785398,-0.764883,0.00207308,-0.273259,-0.47373
3706,1,-0.0230064,-0.727126,1.46472,1,1,1,4.30128,-0.767945,-0.755296,0.00213306,-0.255113,-0.383496
3707,1,-0.0266226,-0.719234,1.69176,1,1,1,4.29716,-0.705113,-0.732924,0.00222416,-0.359547,-0.281982
3708,1,-0.0301972,-0.710215,1.9147,1,1,1,4.29409,-0.808087,-0.71588,0.00224285,-0.401295,-0.48501
3709,1,-0.0337229,-0.700095,2.13286,1,1,1,4.28987,-0.670206,-0.689247,0.00224168,-0.53796,-0.349658
3710,1,-0.0371962,-0.688895,2.34577,1,1,1,4.287,-0.706858,-0.684986,0.00228277,-0.410074,-0.281982
3711,1,-0.0406102,-0.676647,2.55276,1,1,1,4.28316,-0.699877,-0.704161,0.00232147,-0.0123727,-0.394775
3712,1,-0.0439608,-0.663378,2.75334,1,1,1,4.28029,-0.692896,-0.693508,0.00239216,0.0734832,-0.0789551
3713,1,-0.0472422,-0.649126,2.94686,1,1,1,4.27645,-0.610865,-0.64557,0.00243038,-0.243661,-0.270703
3714,1,-0.0504506,-0.633922,3.13281,1,1,1,4.27396,-0.652753,-0.64557,0.00250165,-0.0182773,-0.0563965
3715,1,-0.0535829,-0.617796,3.31072,1,1,1,4.27012,-0.612611,-0.61148,0.00254404,-0.161069,-0.0563965
3716,1,-0.0566272,-0.600831,3.47957,1,1,1,4.26763,-0.612611,-0.610415,0.00254275,0.0629338,-0.135352
3717,1,-0.0595871,-0.58303,3.63924,1,1,1,4.26408,-0.568977,-0.577391,0.00251455,-0.0588712,-0.101514
3718,1,-0.0624563,-0.564454,3.78901,1,1,1,4.26197,-0.488692,-0.565673,0.00255762,0.071487,-0.0789551
3719,1,-0.0652305,-0.545158,3.92829,1,1,1,4.25958,-0.354302,-0.553954,0.00259481,0.2087,-0.0225586
3720,1,-0.0679067,-0.52519,4.05652,1,1,1,4.25785,-0.511381,-0.508147,0.00257005,-0.0302215,0.0338379
3721,1,-0.0704813,-0.504613,4.1731,1,1,1,4.2544,-0.528835,-0.507081,0.0025274,0.226722,0.0789551
3722,1,-0.0729515,-0.483483,4.27748,1,1,1,4.25248,-0.446804,-0.475122,0.00247023,0.147284,0.0902344
3723,1,-0.075315,-0.461861,4.36907,1,1,1,4.2498,-0.453786,-0.444229,0.00241827,0.0846832,0.112793
3724,1,-0.0775711,-0.439797,4.44736,1,1,1,4.24817,-0.383972,-0.416531,0.002341,0.057706,0.101514
3725,1,-0.0797114,-0.417424,4.51157,1,1,1,4.24568,-0.446804,-0.390964,0.00226555,0.0563728,0.124072
3726,1,-0.081762,-0.394503,4.56179,1,1,1,4.24405,-0.376991,-0.372854,0.0023364,0.161425,0.146631
3727,1,-0.0836615,-0.371797,4.59611,1,1,1,4.24184,-0.340339,-0.353679,0.00224521,0.22856,0.214307
3728,1,-0.0854612,-0.348786,4.61511,1,1,1,4.24069,-0.277507,-0.318524,0.00215407,0.121718,0.225586
3729,1,-0.0871473,-0.325697,4.61789,1,1,1,4.23877,-0.345575,-0.28763,0.00202249,0.0551528,0.146631
3730,1,-0.0887183,-0.302634,4.60385,1,1,1,4.23762,-0.258309,-0.301479,0.00176212,0.461168,0.259424
3731,1,-0.090174,-0.279686,4.57242,1,1,1,4.23618,-0.244346,-0.245018,0.00177991,0.126807,0.225586
3732,1,-0.0915154,-0.256941,4.52303,1,1,1,4.23523,-0.242601,-0.219451,0.00162953,0.104496,0.146631
3733,1,-0.0927439,-0.234487,4.45508,1,1,1,4.23398,-0.158825,-0.199211,0.00144102,0.128295,0.112793
3734,1,-0.0938609,-0.212423,4.36802,1,1,1,4.23331,-0.169297,-0.156599,0.00123029,-0.104581,0.191748
3735,1,-0.0948688,-0.190841,4.26125,1,1,1,4.23235,-0.141372,-0.12677,0.00095572,-0.21559,0.180469
3736,1,-0.0957703,-0.169844,4.13421,1,1,1,4.23177,-0.118682,-0.115052,0.000666766,-0.140211,0.0902344
3737,1,-0.0965685,-0.149533,3.98631,1,1,1,4.2312,-0.0855211,-0.0735055,0.0003226,-0.413038,0.0112793
3738,1,-0.097267,-0.130015,3.81699,1,1,1,4.23081,-0.0820305,-0.0468731,-4.97594e-05,-0.539381,-0.146631
3739,1,-0.09787,-0.111401,3.6257,1,1,1,4.23014,-0.146608,-0.0447425,-0.000358726,-0.401703,-0.236865
3740,1,-0.0983827,-0.0937952,3.41176,1,1,1,4.22957,-0.162316,-0.0170448,-0.000696671,-0.565129,-0.3271
3741,1,-0.09881,-0.0773193,3.17471,1,1,1,4.22823,-0.185005,-0.01811,-0.00103009,-0.429732,-0.496289
3742,1,-0.0991579,-0.0620883,2.91394,1,1,1,4.22832,0.0872665,-0.0202406,-0.00129269,-0.29113,-0.451172
3743,1,-0.0994331,-0.0482218,2.62886,1,1,1,4.22823,-0.0226893,-0.0308936,-0.00146376,-0.0654439,-0.124072
3744,1,-0.0996426,-0.0358415,2.31888,1,1,1,4.22832,0,-0.0276977,-0.00157873,-0.00560266,-0.135352
3745,1,-0.0997942,-0.0250757,1.98348,1,1,1,4.22832,0,0.0010653,-0.00173109,-0.256568,-0.191748
3746,1,-0.0998963,-0.0160502,1.62198,1,1,1,4.22823,-0.0122173,0.010653,-0.0018553,-0.317862,-0.112793
3747,1,-0.0999578,-0.00889961,1.23393,1,1,1,4.22823,0,0.0223712,-0.00197148,-0.428671,-0.169189
3748,1,-0.0999886,-0.00375635,0.818644,1,1,1,4.22823,0,0.0127836,-0.00209256,-0.335258,-0.372217
3749,1,-0.099999,-0.000759111,0.375649,1,1,1,4.22832,0.0296706,0.0308936,-0.00218795,-0.573146,-0.349658
3750,1,-0.1,-0,-0,1,1,1,4.22823,-0.00872665,0.00745708,-0.00224641,-0.367929,-0.372217
3751,1,-0.1,-0,-0,1,1,1,4.22832,0,-0.00745708,-0.00227472,-0.211188,-0.270703
3752,1,-0.1,-0,-0,1,1,1,4.22823,-0.015708,0.0127836,-0.00232182,-0.443207,-0.372217
3753,1,-0.1,-0,-0,1,1,1,4.22832,-0.00174533,0.00319589,-0.00234886,-0.345006,-0.338379
3754,1,-0.1,-0,-0,1,1,1,4.22832,0,0.00639178,-0.00237487,-0.387158,-0.428613
3755,1,-0.1,-0,-0,1,1,1,4.22832,0,-0.00852238,-0.00234901,-0.222408,-0.3271
3756,1,-0.1,-0,-0,1,1,1,4.22832,0.015708,-0.00426119,-0.00236754,-0.274702,-0.259424
3757,1,-0.1,-0,-0,1,1,1,4.22823,0,-0.0159795,-0.00231099,-0.140343,-0.304541
3758,1,-0.1,-0,-0,1,1,1,4.22832,0.00872665,0.01811,-0.00230345,-0.516534,-0.406055
3759,1,-0.1,-0,-0,1,1,1,4.22823,0,-0.00319589,-0.00225275,-0.277853,-0.293262
3760,1,-0.1,-0,-0,1,1,1,4.22832,0.00872665,-0.0010653,-0.00227491,-0.307353,-0.259424
3761,1,-0.1,-0,-0,1,1,1,4.22823,0,0.00532648,-0.00230032,-0.38422,-0.360938
3762,1,-0.1,-0,-0,1,1,1,4.22823,0,-0.00639178,-0.00232382,-0.261788,-0.293262
3763,1,-0.1,-0,-0,1,1,1,4.22823,0,0.00639178,-0.00232465,-0.405018,-0.3271
3764,1,-0.1,-0,-0,1,1,1,4.22823,-0.00872665,-0.00745708,-0.00233375,-0.257114,-0.394775
3765,1,-0.1,-0,-0,1,1,1,4.22823,0.0349066,0.00852238,-0.00236639,-0.440098,-0.349658
3766,1,-0.1,-0,-0,1,1,1,4.22823,-0.0279253,-0.0127836,-0.00237097,-0.209437,-0.338379
3767,1,-0.1,-0,-0,1,1,1,4.22823,0.00698132,0.00532648,-0.00241102,-0.417177,-0.439893
3768,1,-0.1,-0,-0,1,1,1,4.22813,-0.00872665,0.00745708,-0.00243631,-0.447106,-0.293262
3769,1,-0.1,-0,-0,1,1,1,4.22823,-0.0366519,-0.0010653,-0.00240429,-0.351396,-0.259424
3770,1,-0.1,-0,-0,1,1,1,4.22823,0.020944,0.00213059,-0.00243282,-0.393937,-0.360938
3771,1,-0.1,-0,-0,1,1,1,4.22823,0,-0.00639178,-0.00241034,-0.300046,-0.428613
3772,1,-0.1,-0,-0,1,1,1,4.22823,0.00872665,0.0010653,-0.00239184,-0.381945,-0.383496
3773,1,-0.1,-0,-0,1,1,1,4.22823,0,0.010653,-0.00243857,-0.497136,-0.417334
3774,1,-0.1,-0,-0,1,1,1,4.22823,0,0.00213059,-0.00244134,-0.406586,-0.417334
3775,1,-0.1,-0,-0,1,1,1,4.22823,0,0.0149142,-0.00244439,-0.550431,-0.383496
3776,1,-0.1,-0,-0,1,1,1,4.22823,0,-0.00532648,-0.0024465,-0.331164,-0.383496
3777,1,-0.1,-0,-0,1,1,1,4.22823,0,0.00639178,-0.00245476,-0.46409,-0.48501
3778,1,-0.1,-0,-0,1,1,1,4.22823,0,-0.00852238,-0.00243746,-0.300445,-0.541406
3779,1,-0.1,-0,-0,1,1,1,4.22823,0,0.00213059,-0.00241325,-0.416834,-0.428613
3780,1,-0.1,-0,-0,1,1,1,4.22823,0,0.0010653,-0.00239571,-0.405332,-0.417334
3781,1,-0.1,-0,-0,1,1,1,4.22823,-0.00349066,0.010653,-0.00241742,-0.51679,-0.47373
3782,1,-0.1,-0,-0,1,1,1,4.22823,0,-0.00958767,-0.00239739,-0.294287,-0.394775
3783,1,-0.1,-0,-0,1,1,1,4.22823,0,-0.00532648,-0.00240658,-0.345249,-0.349658
3784,1,-0.1,-0,-0,1,1,1,4.22823,0,0.0191753,-0.00240026,-0.616345,-0.3271
3785,1,-0.1,-0,-0,1,1,1,4.22813,-0.0436332,-1.04369e-18,-0.00239551,-0.408095,-0.462451
3786,1,-0.1,-0,-0,1,1,1,4.22813,0,-0.0170448,-0.00239715,-0.223981,-0.507568
3787,1,-0.1,-0,-0,1,1,1,4.22823,0.0296706,-0.00639178,-0.00237705,-0.340653,-0.293262
3788,1,-0.1,-0,-0,1,1,1,4.22823,-0.020944,0.00852238,-0.00236587,-0.505532,-0.270703
3789,1,-0.1,-0,-0,1,1,1,4.22823,-0.0122173,0.01811,-0.00238037,-0.613419,-0.406055
3790,1,-0.1,-0,-0,1,1,1,4.22823,0,0.00532648,-0.00241173,-0.47694,-0.563965
3791,1,-0.1,-0,-0,1,1,1,4.22813,0,0.0245018,-0.00244479,-0.692232,-0.428613
3792,1,-0.1,-0,-0,1,1,1,4.22813,-0.00872665,-0.00213059,-0.00242847,-0.397121,-0.451172
3793,1,-0.1,-0,-0,1,1,1,4.22823,0,-0.00958767,-0.00241054,-0.312726,-0.383496
3794,1,-0.1,-0,-0,1,1,1,4.22813,0,0.00532648,-0.00245733,-0.482959,-0.406055
3795,1,-0.1,-0,-0,1,1,1,4.22813,0,0.0170448,-0.00245577,-0.611653,-0.394775
3796,1,-0.1,-0,-0,1,1,1,4.22813,-0.0349066,0.0170448,-0.00247198,-0.613793,-0.48501
3797,1,-0.1,-0,-0,1,1,1,4.22813,0,-0.00319589,-0.0024358,-0.386371,-0.48501
3798,1,-0.1,-0,-0,1,1,1,4.22823,0.0471239,-0.00319589,-0.0024354,-0.386318,-0.394775
3799,1,-0.1,-0,-0,1,1,1,4.22813,-0.015708,-1.95692e-19,-0.00247327,-0.426471,-0.462451
3800,1,-0.1,-0,-0,1,1,1,4.22813,0,-0.01811,-0.00250576,-0.23155,-0.451172
3801,1,-0.1,-0,-0,1,1,1,4.22813,0.015708,-0.00745708,-0.0025079,-0.349015,-0.47373
3802,1,-0.1,-0,-0,1,1,1,4.22813,-0.00872665,-0.0245018,-0.00247584,-0.157291,-0.3271
3803,1,-0.1,-0,-0,1,1,1,4.22813,0,0.00958767,-0.0025095,-0.536719,-0.530127
3804,1,-0.1,-0,-0,1,1,1,4.22803,-0.00698132,-0.00319589,-0.00248474,-0.392831,-0.428613
3805,1,-0.1,-0,-0,1,1,1,4.22813,0,-0.00426119,-0.00250291,-0.383511,-0.349658
3806,1,-0.1,-0,-0,1,1,1,4.22813,-0.00523599,0.00319589,-0.00252781,-0.468826,-0.372217
3807,1,-0.1,-0,-0,1,1,1,4.22813,-0.020944,-0.00745708,-0.00253495,-0.352388,-0.631641
3808,1,-0.1,-0,-0,1,1,1,4.22823,0.0767945,-0.00213059,-0.00255378,-0.413662,-0.575244
3809,1,-0.1,-0,-0,1,1,1,4.22803,0,0.00639178,-0.00257677,-0.510444,-0.394775
3810,1,-0.1,-0,-0,1,1,1,4.22813,-0.015708,9.78459e-19,-0.00257842,-0.440352,-0.372217
3811,1,-0.1,-0,-0,1,1,1,4.22813,0,-0.0255671,-0.00257583,-0.158771,-0.281982
3812,1,-0.1,-0,-0,1,1,1,4.22813,0,-0.00213059,-0.00258962,-0.418393,-0.293262
3813,1,-0.1,-0,-0,1,1,1,4.22813,0,0.0117183,-0.0025789,-0.569315,-0.394775
3814,1,-0.1,-0,-0,1,1,1,4.22813,0.00872665,0.00319589,-0.00258748,-0.476702,-0.338379
3815,1,-0.1,-0,-0,1,1,1,4.22803,0,0.00426119,-0.00259806,-0.489817,-0.338379
3816,1,-0.1,-0,-0,1,1,1,4.22813,0,-0.00958767,-0.00259354,-0.336882,-0.349658
3817,1,-0.1,-0,-0,1,1,1,4.22813,0.0261799,0.00213059,-0.0026124,-0.468274,-0.462451
3818,1,-0.1,-0,-0,1,1,1,4.22813,0,0.0010653,-0.00264164,-0.460414,-0.451172
3819,1,-0.1,-0,-0,1,1,1,4.22803,0,-0.0159795,-0.00262776,-0.271091,-0.417334
3820,1,-0.1,-0,-0,1,1,1,4.22803,-0.0122173,-0.00639178,-0.00266488,-0.381455,-0.439893
3821,1,-0.1,-0,-0,1,1,1,4.22803,0.015708,0.01811,-0.00264754,-0.648686,-0.428613
3822,1,-0.1,-0,-0,1,1,1,4.22803,-0.00523599,0.0149142,-0.00263614,-0.612026,-0.496289
3823,1,-0.1,-0,-0,1,1,1,4.22803,-0.010472,-0.00319589,-0.00263086,-0.412119,-0.597803
3824,1,-0.1,-0,-0,1,1,1,4.22813,0.0506145,-0.00958767,-0.00264131,-0.343188,-0.428613
3825,1,-0.1,-0,-0,1,1,1,4.22803,0,0.0170448,-0.00265063,-0.637376,-0.530127
3826,1,-0.1,-0,-0,1,1,1,4.22803,0,0.00639178,-0.00265644,-0.52096,-0.541406
3827,1,-0.1,-0,-0,1,1,1,4.22813,0,0.00639178,-0.00269974,-0.526675,-0.428613
3828,1,-0.1,-0,-0,1,1,1,4.22803,-0.00872665,-8.47998e-19,-0.0027257,-0.459792,-0.428613
3829,1,-0.1,-0,-0,1,1,1,4.22803,-0.00349066,-0.00319589,-0.0027489,-0.4277,-0.575244
3830,1,-0.1,-0,-0,1,1,1,4.22803,0.0191986,-0.00639178,-0.00274992,-0.39268,-0.428613
3831,1,-0.1,-0,-0,1,1,1,4.22813,0,-0.00213059,-0.00276144,-0.441073,-0.349658
3832,1,-0.1,-0,-0,1,1,1,4.22803,-0.0401426,-0.00213059,-0.00275372,-0.440055,-0.439893
3833,1,-0.1,-0,-0,1,1,1,4.22803,0,-0.00532648,-0.00277902,-0.40824,-0.541406
3834,1,-0.1,-0,-0,1,1,1,4.22794,0,-0.0234365,-0.00275511,-0.205873,-0.349658
3835,1,-0.1,-0,-0,1,1,1,4.22813,0,0.00213059,-0.00269101,-0.47865,-0.406055
3836,1,-0.1,-0,-0,1,1,1,4.22813,0,-0.0127836,-0.00270351,-0.316245,-0.439893
3837,1,-0.1,-0,-0,1,1,1,4.22803,0.00872665,0.00319589,-0.00278518,-0.502798,-0.699316
3838,1,-0.1,-0,-0,1,1,1,4.22794,-0.00174533,0.0159795,-0.00278991,-0.644042,-0.451172
3839,1,-0.1,-0,-0,1,1,1,4.22794,-0.0349066,0.00213059,-0.00279732,-0.492683,-0.417334
3840,1,-0.1,-0,-0,1,1,1,4.22803,0.00872665,0.010653,-0.00282204,-0.589692,-0.563965
3841,1,-0.1,-0,-0,1,1,1,4.22794,0,-0.00213059,-0.00280181,-0.446402,-0.496289
3842,1,-0.1,-0,-0,1,1,1,4.22803,0.0174533,-0.00639178,-0.00281574,-0.401368,-0.48501
3843,1,-0.1,-0,-0,1,1,1,4.22803,0.00349066,0.00426119,-0.00282142,-0.5193,-0.372217
3844,1,-0.1,-0,-0,1,1,1,4.22794,-0.0453786,0.0127836,-0.00285832,-0.617917,-0.665479
3845,1,-0.1,-0,-0,1,1,1,4.22794,0.00872665,0.00745708,-0.00289202,-0.563775,-0.586523
3846,1,-0.1,-0,-0,1,1,1,4.22794,0,-0.00213059,-0.00290607,-0.460165,-0.48501
3847,1,-0.1,-0,-0,1,1,1,4.22794,-0.00698132,-0.0138489,-0.00287035,-0.326548,-0.575244
3848,1,-0.1,-0,-0,1,1,1,4.22794,0,-0.00213059,-0.00285856,-0.453893,-0.609082
3849,1,-0.1,-0,-0,1,1,1,4.22794,0.00872665,0.00426119,-0.00285585,-0.523845,-0.48501
3850,1,-0.1,-0,-0,1,1,1,4.22794,-0.00174533,-2.60922e-19,-0.00287234,-0.479149,-0.552686
3851,1,-0.1,-0,-0,1,1,1,4.22794,0.0174533,-0.00319589,-0.00285777,-0.442071,-0.349658
3852,1,-0.1,-0,-0,1,1,1,4.22794,-0.0733038,-0.00213059,-0.00285489,-0.453409,-0.597803
3853,1,-0.1,-0,-0,1,1,1,4.22803,0.0436332,-0.00213059,-0.00285342,-0.453215,-0.417334
3854,1,-0.1,-0,-0,1,1,1,4.22794,-0.0523599,0.0127836,-0.00285273,-0.61718,-0.462451
3855,1,-0.1,-0,-0,1,1,1,4.22794,0,1.36984e-18,-0.00284791,-0.475925,-0.383496
3856,1,-0.1,-0,-0,1,1,1,4.22794,0,0.00958767,-0.00284365,-0.580827,-0.518848
3857,1,-0.1,-0,-0,1,1,1,4.22794,-0.00872665,0.010653,-0.00284722,-0.593016,-0.47373
3858,1,-0.1,-0,-0,1,1,1,4.22794,0.00698132,0.0138489,-0.00288128,-0.632666,-0.665479
3859,1,-0.1,-0,-0,1,1,1,4.22794,0.00174533,-0.010653,-0.00288363,-0.363457,-0.383496
3860,1,-0.1,-0,-0,1,1,1,4.22794,0,-0.00532648,-0.00286538,-0.419639,-0.530127
3861,1,-0.1,-0,-0,1,1,1,4.22794,0,0.00426119,-0.00286784,-0.525428,-0.552686
3862,1,-0.1,-0,-0,1,1,1,4.22794,0,-0.0117183,-0.00282429,-0.343905,-0.552686
3863,1,-0.1,-0,-0,1,1,1,4.22794,0,-0.00319589,-0.00284533,-0.440428,-0.451172
3864,1,-0.1,-0,-0,1,1,1,4.22784,0,-0.0010653,-0.00286713,-0.466743,-0.518848
3865,1,-0.1,-0,-0,1,1,1,4.22794,0,0.01811,-0.00289421,-0.681246,-0.496289
3866,1,-0.1,-0,-0,1,1,1,4.22784,0,0.0213059,-0.00290284,-0.71754,-0.620361
3867,1,-0.1,-0,-0,1,1,1,4.22784,-0.00872665,-0.0010653,-0.00289348,-0.470221,-0.349658
3868,1,-0.1,-0,-0,1,1,1,4.22794,0,0.0127836,-0.0029045,-0.624013,-0.518848
3869,1,-0.1,-0,-0,1,1,1,4.22794,0,0.00958767,-0.00287935,-0.585538,-0.428613
3870,1,-0.1,-0,-0,1,1,1,4.22794,0.015708,-0.00745708,-0.00288033,-0.398176,-0.439893
3871,1,-0.1,-0,-0,1,1,1,4.22794,0,-0.00319589,-0.00288411,-0.445547,-0.451172
3872,1,-0.1,-0,-0,1,1,1,4.22794,0,-1.76123e-18,-0.00295313,-0.489813,-0.575244
3873,1,-0.1,-0,-0,1,1,1,4.22784,0.020944,0.010653,-0.00297929,-0.610449,-0.586523
3874,1,-0.1,-0,-0,1,1,1,4.22784,0,0.00213059,-0.00301279,-0.521124,-0.496289
3875,1,-0.1,-0,-0,1,1,1,4.22784,0,-0.00852238,-0.00302015,-0.404913,-0.620361
3876,1,-0.1,-0,-0,1,1,1,4.22784,0.015708,-0.0117183,-0.00300536,-0.367806,-0.349658
3877,1,-0.1,-0,-0,1,1,1,4.22784,-0.015708,0.00319589,-0.00300258,-0.531496,-0.462451
3878,1,-0.1,-0,-0,1,1,1,4.22784,0,-0.01811,-0.00297934,-0.294062,-0.428613
3879,1,-0.1,-0,-0,1,1,1,4.22794,0,0.0010653,-0.00303376,-0.512175,-0.688037
3880,1,-0.1,-0,-0,1,1,1,4.22775,-0.00523599,-0.00745708,-0.00299848,-0.413772,-0.439893
3881,1,-0.1,-0,-0,1,1,1,4.22784,-0.0279253,0.00213059,-0.00295536,-0.513544,-0.360938
3882,1,-0.1,-0,-0,1,1,1,4.22784,0,-0.0266324,-0.00297072,-0.199179,-0.48501
3883,1,-0.1,-0,-0,1,1,1,4.22784,0.0471239,0.00958767,-0.00297408,-0.598044,-0.563965
3884,1,-0.1,-0,-0,1,1,1,4.22784,-0.0174533,0.00532648,-0.00299732,-0.554238,-0.530127
3885,1,-0.1,-0,-0,1,1,1,4.22784,0,-0.00532648,-0.00298918,-0.43598,-0.48501
3886,1,-0.1,-0,-0,1,1,1,4.22784,0,0.010653,-0.00300813,-0.614256,-0.417334
3887,1,-0.1,-0,-0,1,1,1,4.22775,0,0.00958767,-0.00299423,-0.600702,-0.552686
3888,1,-0.1,-0,-0,1,1,1,4.22784,0.015708,-0.0117183,-0.00295925,-0.36172,-0.439893
3889,1,-0.1,-0,-0,1,1,1,4.22784,0,-0.00639178,-0.00294696,-0.418689,-0.48501
3890,1,-0.1,-0,-0,1,1,1,4.22784,0,0.0170448,-0.00299253,-0.682506,-0.552686
3891,1,-0.1,-0,-0,1,1,1,4.22775,0,0.00745708,-0.00296694,-0.573664,-0.462451
3892,1,-0.1,-0,-0,1,1,1,4.22784,0.0174533,0.0127836,-0.00297208,-0.632934,-0.439893
3893,1,-0.1,-0,-0,1,1,1,4.22775,-0.0174533,0.00319589,-0.00298137,-0.528695,-0.586523
3894,1,-0.1,-0,-0,1,1,1,4.22775,0.00872665,-0.00852238,-0.00296553,-0.397703,-0.552686
3895,1,-0.1,-0,-0,1,1,1,4.22784,0,0.00745708,-0.00296554,-0.573479,-0.439893
3896,1,-0.1,-0,-0,1,1,1,4.22784,0,0.0149142,-0.0029755,-0.656822,-0.417334
3897,1,-0.1,-0,-0,1,1,1,4.22775,-0.0191986,0.0170448,-0.00300296,-0.683883,-0.496289
3898,1,-0.1,-0,-0,1,1,1,4.22784,0.00872665,0.0010653,-0.00300412,-0.508262,-0.586523
3899,1,-0.1,-0,-0,1,1,1,4.22775,0.00698132,0.0149142,-0.00299357,-0.659207,-0.507568
3900,1,-0.1,-0,-0,1,1,1,4.22775,0,-0.00532648,-0.00298051,-0.434836,-0.47373
3901,1,-0.1,-0,-0,1,1,1,4.22775,0,0.00532648,-0.00299422,-0.553829,-0.518848
3902,1,-0.1,-0,-0,1,1,1,4.22775,-0.00523599,0.00213059,-0.00302105,-0.522215,-0.552686
3903,1,-0.1,-0,-0,1,1,1,4.22775,0,0.0223712,-0.00302274,-0.745085,-0.541406
3904,1,-0.1,-0,-0,1,1,1,4.22775,0.0244346,5.21845e-19,-0.0029935,-0.495142,-0.451172
3905,1,-0.1,-0,-0,1,1,1,4.22775,-0.0279253,0.0138489,-0.00302203,-0.651245,-0.507568
3906,1,-0.1,-0,-0,1,1,1,4.22775,0,-0.0159795,-0.00301196,-0.321805,-0.462451
3907,1,-0.1,-0,-0,1,1,1,4.22775,0.0226893,0.00426119,-0.00300517,-0.543556,-0.48501
3908,1,-0.1,-0,-0,1,1,1,4.22775,-0.0244346,0.0127836,-0.00302473,-0.639884,-0.586523
3909,1,-0.1,-0,-0,1,1,1,4.22775,0.00349066,0.00639178,-0.00300849,-0.56743,-0.541406
3910,1,-0.1,-0,-0,1,1,1,4.22775,0,-0.00852238,-0.00303017,-0.406237,-0.609082
3911,1,-0.1,-0,-0,1,1,1,4.22775,0.0296706,0.00213059,-0.0030031,-0.519846,-0.48501
3912,1,-0.1,-0,-0,1,1,1,4.22775,0,-0.0010653,-0.00301028,-0.485639,-0.620361
3913,1,-0.1,-0,-0,1,1,1,4.22775,0.0174533,0.0010653,-0.00303941,-0.512921,-0.507568
3914,1,-0.1,-0,-0,1,1,1,4.22775,0,-0.01811,-0.00302542,-0.300146,-0.451172
3915,1,-0.1,-0,-0,1,1,1,4.22775,0,0.00426119,-0.00305192,-0.549726,-0.64292
3916,1,-0.1,-0,-0,1,1,1,4.22765,-0.0139626,-0.00213059,-0.0030994,-0.485684,-0.755713
3917,1,-0.1,-0,-0,1,1,1,4.22775,0.0174533,0.00639178,-0.00307925,-0.576771,-0.541406
3918,1,-0.1,-0,-0,1,1,1,4.22775,0,-0.010653,-0.0030423,-0.384401,-0.3271
3919,1,-0.1,-0,-0,1,1,1,4.22775,-0.00872665,-0.0127836,-0.00304099,-0.360791,-0.586523
3920,1,-0.1,-0,-0,1,1,1,4.22765,0,-0.00319589,-0.00304108,-0.466268,-0.451172
3921,1,-0.1,-0,-0,1,1,1,4.22765,0,0.00319589,-0.00306319,-0.539496,-0.586523
3922,1,-0.1,-0,-0,1,1,1,4.22765,0,0.00426119,-0.00304746,-0.549138,-0.383496
3923,1,-0.1,-0,-0,1,1,1,4.22765,-0.0279253,0.01811,-0.00309381,-0.707594,-0.620361
3924,1,-0.1,-0,-0,1,1,1,4.22765,0,0.00426119,-0.00309354,-0.55522,-0.597803
3925,1,-0.1,-0,-0,1,1,1,4.22765,-0.00872665,-0.00426119,-0.00308472,-0.46031,-0.462451
3926,1,-0.1,-0,-0,1,1,1,4.22765,0,0.00319589,-0.00308208,-0.54199,-0.530127
3927,1,-0.1,-0,-0,1,1,1,4.22765,0,0.00213059,-0.00309085,-0.531428,-0.372217
3928,1,-0.1,-0,-0,1,1,1,4.22765,-0.0401426,0.0149142,-0.00307048,-0.669359,-0.530127
3929,1,-0.1,-0,-0,1,1,1,4.22765,-0.0122173,0.00426119,-0.00310792,-0.557118,-0.530127
3930,1,-0.1,-0,-0,1,1,1,4.22756,0,0.0138489,-0.00310887,-0.662709,-0.541406
3931,1,-0.1,-0,-0,1,1,1,4.22756,-0.0436332,-0.00745708,-0.00311554,-0.429224,-0.733154
3932,1,-0.1,-0,-0,1,1,1,4.22765,0.0733038,0.00319589,-0.00308044,-0.541773,-0.47373
3933,1,-0.1,-0,-0,1,1,1,4.22756,-0.020944,0.00426119,-0.00307211,-0.552392,-0.47373
3934,1,-0.1,-0,-0,1,1,1,4.22756,0,-0.00319589,-0.00306864,-0.469906,-0.47373
3935,1,-0.1,-0,-0,1,1,1,4.22756,0,0.0159795,-0.00306487,-0.680336,-0.406055
3936,1,-0.1,-0,-0,1,1,1,4.22756,-0.0244346,0.00213059,-0.00308975,-0.531283,-0.597803
3937,1,-0.1,-0,-0,1,1,1,4.22765,0.0506145,0.0138489,-0.00308271,-0.659255,-0.3271
3938,1,-0.1,-0,-0,1,1,1,4.22756,-0.0855211,0.00213059,-0.00306824,-0.528445,-0.48501
3939,1,-0.1,-0,-0,1,1,1,4.22756,0,-0.0127836,-0.00309894,-0.36844,-0.665479
3940,1,-0.1,-0,-0,1,1,1,4.22756,0,-0.01811,-0.00309209,-0.308945,-0.609082
3941,1,-0.1,-0,-0,1,1,1,4.22756,0.0191986,-0.0149142,-0.00307479,-0.341816,-0.530127
3942,1,-0.1,-0,-0,1,1,1,4.22756,-0.0174533,0.0010653,-0.00309964,-0.520871,-0.586523
3943,1,-0.1,-0,-0,1,1,1,4.22756,0,0.0010653,-0.0031271,-0.524495,-0.575244
3944,1,-0.1,-0,-0,1,1,1,4.22756,0.00174533,0.00958767,-0.00310603,-0.615461,-0.394775
3945,1,-0.1,-0,-0,1,1,1,4.22746,-0.0244346,0.028763,-0.00314288,-0.831253,-0.406055
3946,1,-0.1,-0,-0,1,1,1,4.22756,0,0.0010653,-0.00314405,-0.526733,-0.676758
3947,1,-0.1,-0,-0,1,1,1,4.22756,0.00349066,-0.0117183,-0.00309872,-0.380131,-0.439893
3948,1,-0.1,-0,-0,1,1,1,4.22756,0,0.0010653,-0.00309246,-0.519923,-0.417334
3949,1,-0.1,-0,-0,1,1,1,4.22756,0,0.00852238,-0.00308081,-0.600413,-0.541406
3950,1,-0.1,2.34628e-05,0.0472717,1,1,1,4.22756,0.0122173,-0.00852238,-0.00313551,-0.413502,-0.552686
3951,1,-0.0999983,0.000840933,0.27732,1,1,1,4.22746,0.0558505,0.01811,-0.00315389,-0.667731,-0.563965
3952,1,-0.0999897,0.0027735,0.493313,1,1,1,4.22746,-0.0296706,0.0117183,-0.0031807,-0.54767,-0.496289
3953,1,-0.0999688,0.00575085,0.695495,1,1,1,4.22746,0,0.00319589,-0.00317573,-0.388691,-0.518848
3954,1,-0.0999306,0.00970582,0.884227,1,1,1,4.22756,0.0139626,0.0117183,-0.00316718,-0.406244,-0.47373
3955,1,-0.0998703,0.014571,1.05975,1,1,1,4.22756,0.0314159,0.0266324,-0.00310183,-0.476934,-0.124072
3956,1,-0.0997835,0.0202822,1.2224,1,1,1,4.22775,0,0.00532648,-0.00304629,-0.141586,-0.281982
3957,1,-0.0996661,0.0267745,1.37242,1,1,1,4.22765,0.0383972,-0.00213059,-0.00296865,0.0524713,-0.225586
3958,1,-0.0995145,0.0339852,1.5101,1,1,1,4.22775,0,0.00319589,-0.00288057,0.11466,-0.112793
3959,1,-0.0993252,0.0418552,1.63576,1,1,1,4.22784,0.0244346,-0.0010653,-0.0027426,0.295583,-0.0225586
3960,1,-0.099095,0.0503227,1.74965,1,1,1,4.22784,0.0174533,0.0149142,-0.00255951,0.266353,0
3961,1,-0.0988211,0.0593322,1.85209,1,1,1,4.22803,0.0226893,0.01811,-0.00240026,0.379372,0.0563965
3962,1,-0.0985009,0.0688256,1.94336,1,1,1,4.22813,0.020944,-0.0010653,-0.00216522,0.75437,0.101514
3963,1,-0.0981321,0.0787468,2.02373,1,1,1,4.22832,0.0541052,0.0117183,-0.00186871,0.791659,0.281982
3964,1,-0.0977127,0.0890454,2.09351,1,1,1,4.22871,0.129154,-0.00745708,-0.00148283,1.19786,0.439893
3965,1,-0.0972411,0.0996651,2.15298,1,1,1,4.23101,0.434587,0.0298283,-0.00114572,0.979453,0.823389
3966,1,-0.0967156,0.110559,2.20243,1,1,1,4.2311,-0.0942478,0.0884196,-0.000888071,0.517086,1.04897
3967,1,-0.0961352,0.121673,2.24213,1,1,1,4.2311,0.0366519,0.119313,-0.000797677,0.335073,0.586523
3968,1,-0.0954986,0.132964,2.2724,1,1,1,4.23129,0.0733038,0.105464,-0.000663311,0.652676,0.507568
3969,1,-0.0948053,0.144383,2.2935,1,1,1,4.23235,0.158825,0.115052,-0.000556994,0.709192,0.552686
3970,1,-0.0940546,0.155885,2.30573,1,1,1,4.23273,0.101229,0.154468,-0.000459906,0.436433,0.631641
3971,1,-0.0932464,0.167425,2.30938,1,1,1,4.2336,0.1309,0.14488,-0.000399429,0.695752,0.47373
3972,1,-0.0923803,0.178965,2.30474,1,1,1,4.23427,0.202458,0.155533,-0.000296232,0.738204,0.710596
3973,1,-0.0914567,0.190461,2.29208,1,1,1,4.23532,0.118682,0.176839,-0.000237417,0.655426,0.439893
3974,1,-0.090476,0.201872,2.27172,1,1,1,4.2358,0.158825,0.182166,-0.00015864,0.748907,0.541406
3975,1,-0.0894383,0.213164,2.24391,1,1,1,4.23714,0.246091,0.191753,-3.29131e-05,0.800594,0.676758
3976,1,-0.0883444,0.224301,2.20896,1,1,1,4.23829,0.275762,0.191753,7.91083e-05,0.952816,0.778271
3977,1,-0.0871956,0.235243,2.16717,1,1,1,4.23925,0.164061,0.218386,0.000170571,0.806011,0.688037
3978,1,-0.0859924,0.245961,2.1188,1,1,1,4.24002,0.226893,0.224778,0.000256154,0.877267,0.812109
3979,1,-0.0847365,0.25642,2.06416,1,1,1,4.24155,0.263545,0.255671,0.00039264,0.68311,0.778271
3980,1,-0.0834289,0.266591,2.00353,1,1,1,4.2428,0.301942,0.258867,0.000461835,0.778684,0.879785
3981,1,-0.082071,0.276446,1.93718,1,1,1,4.24395,0.214675,0.250345,0.000534679,0.998549,0.823389
3982,1,-0.0806649,0.285955,1.86542,1,1,1,4.2451,0.336849,0.247149,0.000650822,1.16155,0.936182
3983,1,-0.0792121,0.295091,1.78854,1,1,1,4.24702,0.289725,0.291891,0.000737927,0.787739,0.947461
3984,1,-0.0777146,0.303832,1.70682,1,1,1,4.24788,0.197222,0.296153,0.000777891,0.846478,0.857227
3985,1,-0.0761744,0.312153,1.62055,1,1,1,4.2498,0.376991,0.30361,0.000853454,0.869459,0.744434
3986,1,-0.0745938,0.32003,1.53002,1,1,1,4.25124,0.326377,0.313197,0.000910337,0.860492,0.857227
3987,1,-0.0729748,0.327446,1.4355,1,1,1,4.25306,0.331613,0.330242,0.00092625,0.757022,0.857227
3988,1,-0.0713202,0.334379,1.33731,1,1,1,4.2544,0.300197,0.30574,0.000927249,1.10125,0.620361
3989,1,-0.069632,0.340813,1.23572,1,1,1,4.25641,0.457276,0.337699,0.000900723,0.81406,0.451172
3990,1,-0.0679129,0.346731,1.13101,1,1,1,4.25795,0.356047,0.337699,0.00086676,0.870158,0.586523
3991,1,-0.0661657,0.352118,1.02349,1,1,1,4.26006,0.413643,0.363266,0.000577185,0.603266,0.755713
3992,1,-0.0643925,0.356962,0.913414,1,1,1,4.26149,0.335103,0.373919,0.000522223,0.524609,0.631641
3993,1,-0.0625969,0.361249,0.801111,1,1,1,4.26341,0.315905,0.381376,0.000401207,0.463342,0.3271
3994,1,-0.0607812,0.36497,0.686845,1,1,1,4.26495,0.413643,0.373919,0.00031852,0.56437,0.597803
3995,1,-0.058948,0.368115,0.570891,1,1,1,4.26725,0.349066,0.362201,0.000305871,0.715193,0.631641
3996,1,-0.0571009,0.370676,0.453575,1,1,1,4.26869,0.371755,0.370723,0.000331603,0.642183,0.620361
3997,1,-0.0552422,0.372649,0.335147,1,1,1,4.27089,0.328122,0.363266,0.000314779,0.730564,0.586523
3998,1,-0.0533754,0.374027,0.215932,1,1,1,4.27223,0.350811,0.362201,0.000330749,0.746155,0.620361
3999,1,-0.0515029,0.374807,0.0961805,1,1,1,4.27463,0.427606,0.351548,0.000375269,0.864003,0.755713
4000,1,-0.0496283,0.374988,-0.0237887,1,1,1,4.27616,0.368264,0.374985,0.000453488,0.604923,0.947461
4001,1,-0.047754,0.374569,-0.143715,1,1,1,4.27808,0.251327,0.353679,0.000509027,0.826179,0.563965
4002,1,-0.0458835,0.373552,-0.263288,1,1,1,4.27952,0.432842,0.367527,0.000538679,0.650135,0.609082
4003,1,-0.0440195,0.371938,-0.382224,1,1,1,4.28192,0.380482,0.354744,0.000600368,0.764236,0.766992
4004,1,-0.0421653,0.369731,-0.500232,1,1,1,4.28345,0.390954,0.377115,0.000613772,0.477464,0.733154
4005,1,-0.0403233,0.366937,-0.617044,1,1,1,4.28537,0.253073,0.369658,0.000629563,0.511307,0.451172
4006,1,-0.0384968,0.363563,-0.732358,1,1,1,4.28681,0.42586,0.372854,0.000618948,0.417464,0.552686
4007,1,-0.0366887,0.359617,-0.84588,1,1,1,4.28901,0.284489,0.370723,0.000615857,0.376113,0.586523
4008,1,-0.0349015,0.355107,-0.957347,1,1,1,4.29035,0.352557,0.352613,0.000566718,0.496448,0.507568
4009,1,-0.0331386,0.350047,-1.06643,1,1,1,4.29246,0.363028,0.348352,0.000578195,0.467345,0.48501
4010,1,-0.0314019,0.344447,-1.17288,1,1,1,4.294,0.371755,0.346222,0.00062262,0.413324,0.552686
4011,1,-0.0296947,0.338323,-1.27639,1,1,1,4.29601,0.29147,0.343026,0.000655484,0.362822,0.631641
4012,1,-0.0280195,0.331689,-1.37667,1,1,1,4.29716,0.305433,0.315328,0.000639032,0.568319,0.406055
4013,1,-0.0263788,0.324563,-1.47343,1,1,1,4.29927,0.406662,0.324916,0.00066454,0.364908,0.360938
4014,1,-0.0247748,0.316961,-1.5664,1,1,1,4.30061,0.300197,0.334503,0.000663519,0.152176,0.338379
4015,1,-0.0232101,0.308906,-1.65527,1,1,1,4.30234,0.279253,0.306806,0.00068054,0.346199,0.281982
4016,1,-0.0216865,0.300416,-1.73978,1,1,1,4.30368,0.335103,0.30361,0.000660522,0.26117,0.304541
4017,1,-0.0202064,0.291515,-1.81962,1,1,1,4.3054,0.274017,0.289761,0.00064468,0.288809,0.338379
4018,1,-0.018772,0.282228,-1.8945,1,1,1,4.30646,0.237365,0.297218,0.000591638,0.0724422,0.236865
4019,1,-0.0173849,0.27258,-1.96414,1,1,1,4.30799,0.272271,0.252475,0.000571842,0.430819,0.146631
4020,1,-0.0160467,0.262595,-2.02826,1,1,1,4.30934,0.363028,0.257802,0.000612624,0.245111,0.225586
4021,1,-0.0147593,0.252306,-2.08655,1,1,1,4.31097,0.18326,0.249279,0.000589381,0.198644,0.270703
4022,1,-0.0135242,0.241741,-2.13874,1,1,1,4.31164,0.179769,0.253541,0.000529434,0.00356924,0.15791
4023,1,-0.0123423,0.230929,-2.18454,1,1,1,4.31288,0.251327,0.240757,0.000496377,-0.00248036,0.101514
4024,1,-0.0112151,0.219906,-2.22366,1,1,1,4.31394,0.267035,0.226908,0.000508275,0.00809836,0.180469
4025,1,-0.0101436,0.208705,-2.2558,1,1,1,4.31509,0.1309,0.198145,0.000508958,0.179653,0.191748
4026,1,-0.00912837,0.19736,-2.2807,1,1,1,4.31566,0.109956,0.191753,0.000554169,0.111197,0.135352
4027,1,-0.00817023,0.185911,-2.29804,1,1,1,4.31624,0.0994838,0.148076,0.000637826,0.45808,0.191748
4028,1,-0.00726945,0.174394,-2.30755,1,1,1,4.31672,0.13439,0.157664,0.000672138,0.212748,0.180469
4029,1,-0.00642625,0.162848,-2.30894,1,1,1,4.31758,0.158825,0.16086,0.000699415,0.0370359,0.135352
4030,1,-0.00564097,0.151319,-2.30193,1,1,1,4.31816,0.111701,0.14275,0.000786188,0.105799,0.214307
4031,1,-0.00491305,0.139844,-2.28621,1,1,1,4.31873,0.0907571,0.107595,0.000898096,0.36797,0.203027
4032,1,-0.00424227,0.12847,-2.26151,1,1,1,4.31911,0.111701,0.0958767,0.00100152,0.374073,0.203027
4033,1,-0.0036281,0.117244,-2.22754,1,1,1,4.31979,0.102974,0.0820279,0.00118502,0.418866,0.270703
4034,1,-0.00306956,0.106211,-2.18401,1,1,1,4.32036,0.167552,0.0660484,0.00137202,0.49145,0.383496
4035,1,-0.00256556,0.0954201,-2.13062,1,1,1,4.3218,0.282743,0.0639178,0.00152154,0.410821,0.360938
4036,1,-0.00211482,0.0849211,-2.0671,1,1,1,4.32228,0.00349066,0.0479384,0.00172653,0.495865,0.47373
4037,1,-0.00171579,0.0747667,-1.99316,1,1,1,4.32218,0.0558505,0.0245018,0.00189867,0.663989,0.451172
4038,1,-0.00136652,0.0650077,-1.9085,1,1,1,4.32237,0.0191986,0.0468731,0.00202444,0.328212,0.31582
4039,1,-0.00106493,0.0556993,-1.81283,1,1,1,4.32247,0.0174533,0.0255671,0.00210917,0.4733,0.31582
4040,1,-0.000808697,0.046899,-1.7059,1,1,1,4.32257,0,0.00958767,0.00224566,0.576035,0.338379
4041,1,-0.000595029,0.0386603,-1.58736,1,1,1,4.32285,0.0488692,0,0.00239634,0.619225,0.304541
4042,1,-0.000421032,0.0310442,-1.45697,1,1,1,4.32285,-0.0244346,0.00958767,0.00253877,0.460282,0.338379
4043,1,-0.000283454,0.0241112,-1.31444,1,1,1,4.32285,0.0139626,-0.0245018,0.00272974,0.798904,0.496289
4044,1,-0.000178695,0.0179212,-1.15945,1,1,1,4.32295,0.0296706,-0.00213059,0.00283601,0.515834,0.48501
4045,1,-0.00010289,0.0125372,-0.991719,1,1,1,4.32285,-0.0139626,-0.00213059,0.00293345,0.489146,0.507568
4046,1,-5.18609e-05,0.00802502,-0.810988,1,1,1,4.32285,0.015708,-2.60922e-19,0.00297995,0.443691,0.47373
4047,1,-2.10799e-05,0.00444975,-0.616963,1,1,1,4.32285,-0.0122173,0.00745708,0.00300994,0.350899,0.462451
4048,1,-5.69186e-06,0.00187818,-0.409322,1,1,1,4.32285,-0.00174533,0.0117183,0.00304704,0.308863,0.451172
4049,1,-5.09146e-07,0.000379501,-0.187811,1,1,1,4.32285,0,-0.00213059,0.00306515,0.478492,0.609082
4050,1,0,0,0,1,1,1,4.32285,0,0.0138489,0.00307579,0.328484,0.496289
4051,1,0,0,0,1,1,1,4.32285,0,0.00745708,0.00306793,0.401313,0.372217
4052,1,0,0,0,1,1,1,4.32285,0.00174533,-0.00639178,0.00306722,0.557229,0.609082
4053,1,0,0,0,1,1,1,4.32285,-0.00174533,0.00745708,0.00305985,0.407539,0.563965
4054,1,0,0,0,1,1,1,4.32285,-0.010472,0.0138489,0.00302787,0.336051,0.541406
4055,1,0,0,0,1,1,1,4.32285,0,0.00958767,0.00301104,0.383881,0.518848
4056,1,0,0,0,1,1,1,4.32285,0,0.00745708,0.00303036,0.413822,0.439893
4057,1,0,0,0,1,1,1,4.32285,0,0.0127836,0.00299314,0.353139,0.518848
4058,1,0,0,0,1,1,1,4.32276,-0.0296706,0.00426119,0.00299237,0.448119,0.439893
4059,1,0,0,0,1,1,1,4.32285,0.0122173,0.010653,0.00298205,0.376448,0.552686
4060,1,0,0,0,1,1,1,4.32276,-0.0418879,-0.00532648,0.00295941,0.549233,0.530127
4061,1,0,0,0,1,1,1,4.32285,0.0296706,-0.0010653,0.00297298,0.504152,0.552686
4062,1,0,0,0,1,1,1,4.32285,0,0.00745708,0.00298869,0.412479,0.597803
4063,1,0,0,0,1,1,1,4.32276,-0.0453786,-0.00426119,0.00294725,0.535911,0.349658
4064,1,0,0,0,1,1,1,4.32276,0.0418879,-0.00213059,0.00297347,0.515934,0.496289
4065,1,0,0,0,1,1,1,4.32285,-0.0191986,0.0138489,0.00294326,0.336173,0.518848
4066,1,0,0,0,1,1,1,4.32276,0,0.00213059,0.00294042,0.464699,0.563965
4067,1,0,0,0,1,1,1,4.32285,-0.00698132,0.0010653,0.0029218,0.473959,0.462451
4068,1,0,0,0,1,1,1,4.32276,0,-0.00745708,0.00294267,0.57046,0.48501
4069,1,0,0,0,1,1,1,4.32285,0,-0.0117183,0.00297009,0.620952,0.541406
4070,1,0,0,0,1,1,1,4.32285,-0.00349066,0.00532648,0.00295268,0.431162,0.48501
4071,1,0,0,0,1,1,1,4.32276,0,-0.0117183,0.00295399,0.618828,0.48501
4072,1,0,0,0,1,1,1,4.32285,0.0174533,-0.0117183,0.00296238,0.619936,0.575244
4073,1,0,0,0,1,1,1,4.32285,0,-0.0319589,0.00297383,0.844093,0.563965
4074,1,0,0,0,1,1,1,4.32285,0.00349066,-0.00852238,0.00297387,0.586297,0.699316
4075,1,0,0,0,1,1,1,4.32285,-0.00872665,1.10892e-18,0.00295949,0.490653,0.530127
4076,1,0,0,0,1,1,1,4.32285,0,-0.00319589,0.00293349,0.522375,0.439893
4077,1,0,0,0,1,1,1,4.32285,0,-0.0117183,0.00293925,0.616882,0.507568
4078,1,0,0,0,1,1,1,4.32285,0,-0.00852238,0.00292235,0.579497,0.586523
4079,1,0,0,0,1,1,1,4.32276,0,0.0127836,0.00293019,0.346165,0.462451
4080,1,0,0,0,1,1,1,4.32285,0.0174533,-0.00213059,0.00294727,0.512476,0.462451
4081,1,0,0,0,1,1,1,4.32285,0,0.00639178,0.0029541,0.419632,0.48501
4082,1,0,0,0,1,1,1,4.32285,0,-0.0010653,0.00298165,0.505296,0.586523
4083,1,0,0,0,1,1,1,4.32285,0,-0.00852238,0.00297071,0.58588,0.47373
4084,1,0,0,0,1,1,1,4.32285,0.0331613,0.00852238,0.00293068,0.393104,0.462451
4085,1,0,0,0,1,1,1,4.32276,-0.00872665,0.00319589,0.00291815,0.45004,0.451172
4086,1,0,0,0,1,1,1,4.32285,0.015708,0.00745708,0.00290376,0.401268,0.541406
4087,1,0,0,0,1,1,1,4.32285,-0.00872665,-0.00319589,0.00288213,0.515596,0.394775
4088,1,0,0,0,1,1,1,4.32285,0,-0.00958767,0.00289016,0.586965,0.530127
4089,1,0,0,0,1,1,1,4.32285,0.0139626,-0.00426119,0.00287238,0.526027,0.360938
4090,1,0,0,0,1,1,1,4.32276,-0.0331613,0.00213059,0.00285978,0.454054,0.293262
4091,1,0,0,0,1,1,1,4.32285,0.0191986,-0.00532648,0.00284493,0.534123,0.428613
4092,1,0,0,0,1,1,1,4.32276,-0.010472,0.0159795,0.00287013,0.303083,0.665479
4093,1,0,0,0,1,1,1,4.32276,-0.0663225,-0.00745708,0.00287681,0.561767,0.281982
4094,1,0,0,0,1,1,1,4.32276,0.0645772,0.0149142,0.00287656,0.31565,0.552686
4095,1,0,0,0,1,1,1,4.32276,-0.0453786,0.0159795,0.00284374,0.2996,0.417334
4096,1,0,0,0,1,1,1,4.32276,0.0279253,0.010653,0.00280519,0.353103,0.406055
4097,1,0,0,0,1,1,1,4.32276,0,0.00639178,0.00279431,0.39854,0.451172
4098,1,0,0,0,1,1,1,4.32285,0,0.00745708,0.00278559,0.385671,0.31582
4099,1,0,0,0,1,1,1,4.32276,0,-0.00426119,0.00279585,0.515925,0.383496
4100,1,0,0,0,1,1,1,4.32276,0,0.00958767,0.00275919,0.358749,0.338379
4101,1,0,0,0,1,1,1,4.32276,0,0.0159795,0.00276522,0.289235,0.372217
4102,1,0,0,0,1,1,1,4.32285,0.00872665,0.00319589,0.0027939,0.43364,0.439893
4103,1,0,0,0,1,1,1,4.32285,-0.00698132,0.0170448,0.0027728,0.278518,0.507568
4104,1,0,0,0,1,1,1,4.32285,-0.0122173,0.0149142,0.00276443,0.300849,0.349658
4105,1,0,0,0,1,1,1,4.32276,0,-0.01811,0.00279221,0.667782,0.3271
4106,1,0,0,0,1,1,1,4.32285,0.020944,0.00639178,0.00276857,0.395141,0.462451
4107,1,0,0,0,1,1,1,4.32276,0,0.010653,0.00281572,0.354493,0.47373
4108,1,0,0,0,1,1,1,4.32285,0,0.010653,0.00277558,0.349194,0.563965
4109,1,0,0,0,1,1,1,4.32266,-0.00872665,-0.00852238,0.00278974,0.561992,0.451172
4110,1,0,0,0,1,1,1,4.32276,0.0122173,0.0010653,0.00283127,0.462009,0.462451
4111,1,0,0,0,1,1,1,4.32285,0,0.010653,0.00281305,0.35414,0.541406
4112,1,0,0,0,1,1,1,4.32276,-0.00872665,0.0127836,0.00279419,0.328214,0.48501
4113,1,0,0,0,1,1,1,4.32276,0,0.00426119,0.00277661,0.41964,0.48501
4114,1,0,0,0,1,1,1,4.32276,0,-0.0159795,0.0027718,0.641652,0.428613
4115,1,0,0,0,1,1,1,4.32276,0.0314159,0.00213059,0.00272928,0.436828,0.293262
4116,1,0,0,0,1,1,1,4.32276,-0.010472,-0.00319589,0.00273445,0.496102,0.552686
4117,1,0,0,0,1,1,1,4.32285,0,-0.00426119,0.002749,0.509742,0.530127
4118,1,0,0,0,1,1,1,4.32276,-0.015708,-0.0234365,0.00274453,0.72008,0.31582
4119,1,0,0,0,1,1,1,4.32285,0.0453786,-0.0117183,0.0027639,0.593735,0.609082
4120,1,0,0,0,1,1,1,4.32285,-0.0401426,-0.00319589,0.00274691,0.497747,0.518848
4121,1,0,0,0,1,1,1,4.32285,0.0122173,-5.21845e-19,0.00271388,0.458233,0.428613
4122,1,0,0,0,1,1,1,4.32276,-0.00872665,-0.00319589,0.00269323,0.490661,0.439893
4123,1,0,0,0,1,1,1,4.32285,0.00872665,-0.00745708,0.00272193,0.541322,0.48501
4124,1,0,0,0,1,1,1,4.32285,0,0.00639178,0.00274977,0.39266,0.620361
4125,1,0,0,0,1,1,1,4.32285,-0.0401426,-0.00319589,0.00272703,0.495123,0.428613
4126,1,0,0,0,1,1,1,4.32276,0,-0.0127836,0.00271074,0.598436,0.451172
4127,1,0,0,0,1,1,1,4.32285,0.00174533,0.00852238,0.00272425,0.365855,0.451172
4128,1,0,0,0,1,1,1,4.32285,0,0.00639178,0.00271887,0.388581,0.31582
4129,1,0,0,0,1,1,1,4.32276,0,0.00639178,0.00267833,0.38323,0.417334
4130,1,0,0,0,1,1,1,4.32276,0,-0.00852238,0.00267813,0.54726,0.439893
4131,1,0,0,0,1,1,1,4.32285,0.00872665,0.0127836,0.00265734,0.310149,0.451172
4132,1,0,0,0,1,1,1,4.32276,-0.0279253,0.0010653,0.00266781,0.440433,0.383496
4133,1,0,0,0,1,1,1,4.32285,0,-0.0138489,0.00262521,0.598865,0.406055
4134,1,0,0,0,1,1,1,4.32266,-0.0279253,0.00745708,0.00263694,0.366048,0.48501
4135,1,0,0,0,1,1,1,4.32285,-0.00349066,1.95692e-19,0.00262372,0.446331,0.406055
4136,1,0,0,0,1,1,1,4.32276,0,0.0127836,0.00262268,0.305575,0.48501
4137,1,0,0,0,1,1,1,4.32276,-0.0349066,0.00532648,0.0026212,0.387408,0.451172
4138,1,0,0,0,1,1,1,4.32276,0.0349066,-0.00958767,0.00262541,0.552018,0.417334
4139,1,0,0,0,1,1,1,4.32276,0,-0.00426119,0.00261295,0.491782,0.451172
4140,1,0,0,0,1,1,1,4.32276,0,0.010653,0.00263249,0.330306,0.428613
4141,1,0,0,0,1,1,1,4.32285,-0.00349066,0.00532648,0.00260914,0.385815,0.462451
4142,1,0,0,0,1,1,1,4.32276,0,0.0117183,0.00259393,0.313498,0.406055
4143,1,0,0,0,1,1,1,4.32276,0,0.00852238,0.00260687,0.350361,0.496289
4144,1,0,0,0,1,1,1,4.32285,0,-0.0138489,0.00259912,0.595422,0.394775
4145,1,0,0,0,1,1,1,4.32285,0.0314159,0.0127836,0.00263666,0.307419,0.507568
4146,1,0,0,0,1,1,1,4.32285,-0.00349066,0.00852238,0.00260967,0.350731,0.293262
4147,1,0,0,0,1,1,1,4.32276,0.00872665,0.00532648,0.00259963,0.38456,0.383496
4148,1,0,0,0,1,1,1,4.32276,0,-0.00213059,0.00261254,0.468292,0.338379
4149,1,0,0,0,1,1,1,4.32276,0,-0.00213059,0.00259856,0.466446,0.451172
4150,1,0,0,0,1,1,1,4.32276,0,0.00639178,0.00262991,0.376839,0.552686
4151,1,0,0,0,1,1,1,4.32276,-0.0174533,-1.04369e-18,0.00264256,0.448818,0.563965
4152,1,0,0,0,1,1,1,4.32285,0,-0.00426119,0.00264897,0.496537,0.428613
4153,1,0,0,0,1,1,1,4.32285,0.00872665,0.0149142,0.00260657,0.280011,0.417334
4154,1,0,0,0,1,1,1,4.32276,-0.0279253,0.0127836,0.00258207,0.300213,0.372217
4155,1,0,0,0,1,1,1,4.32276,0.00872665,-0.00958767,0.00258694,0.546941,0.406055
4156,1,0,0,0,1,1,1,4.32276,0,0.0117183,0.00257924,0.311559,0.552686
4157,1,0,0,0,1,1,1,4.32266,-0.0279253,0.01811,0.0025475,0.23706,0.383496
4158,1,0,0,0,1,1,1,4.32276,0.0296706,-0.0127836,0.00255436,0.577795,0.281982
4159,1,0,0,0,1,1,1,4.32276,0.0139626,0.00958767,0.00255972,0.332419,0.552686
4160,1,0,0,0,1,1,1,4.32285,0,0.0117183,0.00252868,0.304885,0.406055
4161,1,0,0,0,1,1,1,4.32266,0,0.00745708,0.00252468,0.35123,0.338379
4162,1,0,0,0,1,1,1,4.32276,0.0261799,0.0138489,0.00250946,0.278911,0.360938
4163,1,0,0,0,1,1,1,4.32266,-0.010472,0.00426119,0.00249262,0.382152,0.496289
4164,1,0,0,0,1,1,1,4.32276,0,0.00639178,0.00248688,0.357959,0.417334
4165,1,0,0,0,1,1,1,4.32266,0.00872665,-0.01811,0.00247687,0.626158,0.349658
4166,1,0,0,0,1,1,1,4.32276,0,-0.00532648,0.00245964,0.483264,0.372217
4167,1,0,0,0,1,1,1,4.32276,0.0122173,-0.00532648,0.00245948,0.483243,0.349658
4168,1,0,0,0,1,1,1,4.32276,0,0.010653,0.00247347,0.309316,0.338379
4169,1,0,0,0,1,1,1,4.32276,-0.00872665,-0.00319589,0.00245598,0.459344,0.372217
4170,1,0,0,0,1,1,1,4.32276,0,0.00426119,0.00245222,0.37682,0.31582
4171,1,0,0,0,1,1,1,4.32276,0,0.00958767,0.00245195,0.318193,0.383496
4172,1,0,0,0,1,1,1,4.32276,0,-0.0191753,0.00248403,0.638821,0.451172
4173,1,0,0,0,1,1,1,4.32276,0.0366519,-0.00958767,0.00246552,0.530912,0.394775
4174,1,0,0,0,1,1,1,4.32276,-0.00349066,0.0138489,0.00242784,0.268137,0.462451
4175,1,0,0,0,1,1,1,4.32276,0,-0.00532648,0.0023949,0.474718,0.360938
4176,1,0,0,0,1,1,1,4.32266,0,-0.0191753,0.00249315,0.640024,0.48501
4177,1,0,0,0,1,1,1,4.32285,0,-0.0149142,0.00252869,0.597843,0.462451
4178,1,0,0,0,1,1,1,4.32276,0.00349066,0.0149142,0.00249233,0.264932,0.394775
4179,1,0,0,0,1,1,1,4.32266,-0.0122173,0.00852238,0.00246145,0.331165,0.259424
4180,1,0,0,0,1,1,1,4.32276,0.0244346,0.00852238,0.00244915,0.329542,0.293262
4181,1,0,0,0,1,1,1,4.32276,0,0.00639178,0.00242258,0.349471,0.360938
4182,1,0,0,0,1,1,1,4.32276,0.0174533,-0.00319589,0.00240342,0.452406,0.180469
4183,1,0,0,0,1,1,1,4.32276,0,0.00852238,0.00238654,0.321277,0.439893
4184,1,0,0,0,1,1,1,4.32276,0,0.00213059,0.00234926,0.386666,0.31582
4185,1,0,0,0,1,1,1,4.32276,0.0122173,0.00319589,0.0023226,0.371429,0.383496
4186,1,0,0,0,1,1,1,4.32266,-0.015708,-0.00639178,0.00231745,0.476213,0.428613
4187,1,0,0,0,1,1,1,4.32276,0.0174533,0.0010653,0.00234579,0.397926,0.552686
4188,1,0,0,0,1,1,1,4.32276,-0.00698132,0.0149142,0.00232102,0.242319,0.451172
4189,1,0,0,0,1,1,1,4.32266,0,0.00213059,0.00228428,0.378088,0.394775
4190,1,0,0,0,1,1,1,4.32276,0.00698132,-0.00958767,0.00226374,0.504278,0.428613
4191,1,0,0,0,1,1,1,4.32266,0.0122173,-0.00958767,0.00227248,0.505432,0.383496
4192,1,0,0,0,1,1,1,4.32266,0,0.0127836,0.00229428,0.262226,0.541406
4193,1,0,0,0,1,1,1,4.32266,-0.0383972,0.0010653,0.00231435,0.393776,0.428613
4194,1,0,0,0,1,1,1,4.32276,0.0331613,0.0213059,0.00226509,0.164627,0.349658
4195,1,0,0,0,1,1,1,4.32266,-0.0261799,0.00745708,0.00226574,0.31705,0.372217
4196,1,0,0,0,1,1,1,4.32276,0.0471239,-0.00852238,0.00226221,0.492358,0.360938
4197,1,0,0,0,1,1,1,4.32276,0,0.00426119,0.00224365,0.349288,0.281982
4198,1,0,0,0,1,1,1,4.32266,-0.0226893,-0.00319589,0.00227357,0.435266,0.293262
4199,1,0,0,0,1,1,1,4.32276,0,0.010653,0.00227431,0.283026,0.48501
4200,1,0,0,0,1,1,1,4.32266,-0.00872665,0.00532648,0.00225808,0.339475,0.417334
4201,1,0,0,0,1,1,1,4.32266,0,0.00532648,0.00227728,0.342009,0.518848
4202,1,0,0,0,1,1,1,4.32285,0.00349066,-0.0202406,0.00226768,0.621981,0.417334
4203,1,0,0,0,1,1,1,4.32276,0.0558505,-0.0223712,0.00228708,0.647978,0.48501
4204,1,0,0,0,1,1,1,4.32285,0,-0.00426119,0.00229723,0.450107,0.665479
4205,1,0,0,0,1,1,1,4.32276,-0.00174533,0.01811,0.00227052,0.200498,0.406055
4206,1,0,0,0,1,1,1,4.32276,0.00872665,0.00532648,0.00227745,0.342032,0.372217
4207,1,0,0,0,1,1,1,4.32276,0,-0.00426119,0.00224964,0.443826,0.349658
4208,1,0,0,0,1,1,1,4.32266,0,0.0138489,0.0022452,0.244029,0.507568
4209,1,0,0,0,1,1,1,4.32266,-0.0575959,0.0117183,0.00224949,0.268031,0.451172
4210,1,0,0,0,1,1,1,4.32266,0,-0.00319589,0.0022381,0.430585,0.428613
4211,1,0,0,0,1,1,1,4.32266,0,0.0117183,0.00224251,0.26711,0.439893
4212,1,0,0,0,1,1,1,4.32266,0,0.00213059,0.00228556,0.378258,0.360938
4213,1,0,0,0,1,1,1,4.32276,0,-0.00319589,0.00225689,0.433064,0.451172
4214,1,0,0,0,1,1,1,4.32266,-0.0226893,-0.0138489,0.00226468,0.551275,0.462451
4215,1,0,0,0,1,1,1,4.32276,0.0261799,0.0149142,0.00226337,0.234709,0.360938
4216,1,0,0,0,1,1,1,4.32276,-0.020944,0.0149142,0.00225949,0.234197,0.530127
4217,1,0,0,0,1,1,1,4.32266,-0.0226893,0.00958767,0.00222109,0.28772,0.439893
4218,1,0,0,0,1,1,1,4.32266,0,0.00745708,0.00220643,0.30922,0.259424
4219,1,0,0,0,1,1,1,4.32266,0,0.0010653,0.00215888,0.373254,0.214307
4220,1,0,0,0,1,1,1,4.32266,0,0.00852238,0.00217909,0.293894,0.31582
4221,1,0,0,0,1,1,1,4.32266,-0.0244346,0.010653,0.00216292,0.268323,0.417334
4222,1,0,0,0,1,1,1,4.32266,0.0261799,-0.0010653,0.00212239,0.391873,0.383496
4223,1,0,0,0,1,1,1,4.32266,-0.00698132,-0.0117183,0.00215431,0.51327,0.225586
4224,1,0,0,0,1,1,1,4.32276,0.0314159,-0.00319589,0.00210495,0.413008,0.349658
4225,1,0,0,0,1,1,1,4.32266,0,0.0010653,0.002098,0.365218,0.203027
4226,1,0,0,0,1,1,1,4.32266,0.010472,0.0159795,0.00209418,0.200657,0.270703
4227,1,0,0,0,1,1,1,4.32266,-0.010472,-0.00745708,0.00208559,0.457326,0.47373
4228,1,0,0,0,1,1,1,4.32276,0,0.00745708,0.00211052,0.29656,0.281982
4229,1,0,0,0,1,1,1,4.32266,0,-0.0138489,0.00212313,0.532591,0.248145
4230,1,0,0,0,1,1,1,4.32266,0.00349066,0.00639178,0.00213204,0.31112,0.293262
4231,1,0,0,0,1,1,1,4.32276,0,-0.00852238,0.00214951,0.477481,0.417334
4232,1,0,0,0,1,1,1,4.32266,-0.00349066,-0.00426119,0.00214026,0.429387,0.372217
4233,1,0,0,0,1,1,1,4.32276,0,-0.0245018,0.00218536,0.657988,0.428613
4234,1,0,0,0,1,1,1,4.32276,0.0366519,0.00639178,0.00214217,0.312377,0.349658
4235,1,0,0,0,1,1,1,4.32266,-0.0279253,-0.0127836,0.00214054,0.52317,0.338379
4236,1,0,0,0,1,1,1,4.32266,0.0383972,0.00213059,0.00211419,0.355637,0.293262
4237,1,0,0,0,1,1,1,4.32266,0,0.00319589,0.00214255,0.347662,0.428613
4238,1,0,0,0,1,1,1,4.32276,0.00872665,0.0010653,0.00212796,0.369173,0.270703
4239,1,0,0,0,1,1,1,4.32266,0,0.0170448,0.0021408,0.195093,0.281982
4240,1,0,0,0,1,1,1,4.32266,0,0.00319589,0.0021762,0.352104,0.214307
4241,1,0,0,0,1,1,1,4.32266,0.00872665,-0.00213059,0.00218665,0.412075,0.47373
4242,1,0,0,0,1,1,1,4.32266,0,0.0330242,0.0021535,0.0209951,0.451172
4243,1,0,0,0,1,1,1,4.32257,-0.0279253,-0.00532648,0.00212044,0.438489,0.31582
4244,1,0,0,0,1,1,1,4.32266,0.0366519,-0.00426119,0.00211746,0.426378,0.372217
4245,1,0,0,0,1,1,1,4.32266,-0.00349066,0.00319589,0.00211456,0.343967,0.462451
4246,1,0,0,0,1,1,1,4.32266,0,-0.00319589,0.00213505,0.416982,0.451172
4247,1,0,0,0,1,1,1,4.32266,0,0.0149142,0.00212277,0.216149,0.203027
4248,1,0,0,0,1,1,1,4.32266,0,-0.0191753,0.00212119,0.590926,0.394775
4249,1,0,0,0,1,1,1,4.32266,0,-0.0010653,0.00214832,0.395297,0.462451
