index,/gimbal/yaw_sweep/active,/gimbal/yaw_sweep/target_offset,/gimbal/yaw_sweep/reference_velocity,/gimbal/yaw_sweep/reference_acceleration,/gimbal/yaw_sweep/feedforward_scale,/gimbal/yaw_sweep/remote_ready,/gimbal/yaw_sweep/right_switch,/gimbal/yaw/angle,/gimbal/yaw/velocity,/gimbal/yaw/velocity_imu,/gimbal/yaw/control_angle_error,/gimbal/yaw/control_torque,/gimbal/yaw/torque
1078,1,0,0,0,1,1,1,4.3078,0,-0.010653,-2.36345e-05,0.0140629,-0.3271
1079,1,0,0,0,1,1,1,4.30799,0.0174533,-0.0245018,1.86179e-05,0.172697,-0.112793
1080,1,0,0,0,1,1,1,4.30809,0,0.01811,4.98341e-05,-0.290318,-0.0563965
1081,1,0,0,0,1,1,1,4.30809,0,-0.00639178,6.03216e-05,-0.0196378,-0.191748
1082,1,0,0,0,1,1,1,4.30809,0,0.00532648,1.72152e-05,-0.154727,-0.169189
1083,1,0,0,0,1,1,1,4.30819,0.015708,0.0223712,7.72412e-06,-0.343463,-0.146631
1084,1,0,0,0,1,1,1,4.30819,0.0174533,0.00532648,-2.80707e-05,-0.161808,-0.15791
1085,1,0,0,0,1,1,1,4.30828,0,0.00745708,-6.12034e-05,-0.190099,-0.236865
1086,1,0,0,0,1,1,1,4.30828,0,9.00183e-18,-0.000107073,-0.114096,-0.225586
1087,1,0,0,0,1,1,1,4.30819,0,0.0159795,-0.000115011,-0.290475,-0.203027
1088,1,0,0,0,1,1,1,4.30828,0.0174533,0.0127836,-9.727e-05,-0.252718,-0.191748
1089,1,0,0,0,1,1,1,4.30828,0,0.0010653,-9.72191e-05,-0.124222,-0.15791
1090,1,0,0,0,1,1,1,4.30828,0,0.0117183,-0.000132332,-0.246363,-0.15791
1091,1,0,0,0,1,1,1,4.30828,0,-0.00319589,-0.000146937,-0.0842408,-0.0563965
1092,1,0,0,0,1,1,1,4.30828,0,-0.00532648,-0.000106485,-0.0549993,-0.112793
1093,1,0,0,0,1,1,1,4.30828,0,-0.00639178,-0.000120809,-0.0454974,-0.146631
1094,1,0,0,0,1,1,1,4.30828,0,-0.010653,-0.000109766,0.00304142,-0.146631
1095,1,0,0,0,1,1,1,4.30828,0,0.0149142,-0.000109971,-0.277983,-0.124072
1096,1,0,0,0,1,1,1,4.30838,0,0.0127836,-0.000116805,-0.255917,-0.135352
1097,1,0,0,0,1,1,1,4.30838,0,-0.00745708,-0.000122088,-0.0340419,-0.191748
1098,1,0,0,0,1,1,1,4.30838,0,0.0010653,-0.000158958,-0.132701,-0.146631
1099,1,0,0,0,1,1,1,4.30838,0,-0.00745708,-0.000146325,-0.0370633,-0.124072
1100,1,0,0,0,1,1,1,4.30838,0,0.00319589,-0.000160891,-0.156392,-0.124072
1101,1,0,0,0,1,1,1,4.30838,0,-0.0159795,-0.000136625,0.0578189,-0.135352
1102,1,0,0,0,1,1,1,4.30838,0,0.00639178,-0.000129348,-0.187015,-0.135352
1103,1,0,0,0,1,1,1,4.30838,0,-0.00426119,-0.000152734,-0.0732878,-0.112793
1104,1,0,0,0,1,1,1,4.30838,0,0.0138489,-0.000155646,-0.272768,-0.112793
1105,1,0,0,0,1,1,1,4.30838,0,0.01811,-0.000184539,-0.32357,-0.169189
1106,1,0,0,0,1,1,1,4.30828,-0.0174533,0.0138489,-0.000184253,-0.276572,-0.15791
1107,1,0,0,0,1,1,1,4.30828,0,-0.00426119,-0.000169154,-0.0753845,-0.15791
1108,1,0,0,0,1,1,1,4.30828,0,0.00639178,-0.000191963,-0.195649,-0.124072
1109,1,0,0,0,1,1,1,4.30828,0,-0.0010653,-0.000190933,-0.113485,-0.0676758
1110,1,0,0,0,1,1,1,4.30828,0,-0.0010653,-0.000216164,-0.116815,-0.15791
1111,1,0,0,0,1,1,1,4.30828,0,-0.00852238,-0.000196512,-0.0321792,-0.15791
1112,1,0,0,0,1,1,1,4.30828,0,0.00319589,-0.000188616,-0.160017,-0.169189
1113,1,0,0,0,1,1,1,4.30828,0,-0.00532648,-0.000186608,-0.0660409,-0.135352
1114,1,0,0,0,1,1,1,4.30828,0,0.00745708,-0.000193834,-0.207614,-0.135352
1115,1,0,0,0,1,1,1,4.30828,0,0.0245018,-0.000205589,-0.396658,-0.124072
1116,1,0,0,0,1,1,1,4.30828,0,-0.00958767,-0.000222675,-0.0239287,-0.146631
1117,1,0,0,0,1,1,1,4.30828,0,0.00213059,-0.000219107,-0.151986,-0.203027
1118,1,0,0,0,1,1,1,4.30828,0,0.0149142,-0.000276061,-0.300496,-0.135352
1119,1,0,0,0,1,1,1,4.30828,0,-0.00745708,-0.000277925,-0.0546582,-0.169189
1120,1,0,0,0,1,1,1,4.30828,0,0.00319589,-0.000280831,-0.172224,-0.146631
1121,1,0,0,0,1,1,1,4.30828,0,-0.0010653,-0.000272937,-0.124042,-0.124072
1122,1,0,0,0,1,1,1,4.30828,0,-0.0010653,-0.00031198,-0.129463,-0.124072
1123,1,0,0,0,1,1,1,4.30828,0,-1.10892e-18,-0.000343821,-0.145384,-0.191748
1124,1,0,0,0,1,1,1,4.30828,0,-0.0010653,-0.000356093,-0.134968,-0.169189
1125,1,0,0,0,1,1,1,4.30828,0,-0.00639178,-0.000335703,-0.073718,-0.15791
1126,1,0,0,0,1,1,1,4.30828,0,-0.00319589,-0.000343215,-0.11015,-0.112793
1127,1,0,0,0,1,1,1,4.30828,0,-0.00319589,-0.000383251,-0.115316,-0.203027
1128,1,0,0,0,1,1,1,4.30828,0,6.52306e-19,-0.000389838,-0.151459,-0.124072
1129,1,0,0,0,1,1,1,4.30828,0,0.00958767,-0.000411525,-0.259671,-0.146631
1130,1,0,0,0,1,1,1,4.30828,0,0.0298283,-0.00046946,-0.49008,-0.203027
1131,1,0,0,0,1,1,1,4.30819,-0.0174533,-0.00639178,-0.000495381,-0.0950807,-0.146631
1132,1,0,0,0,1,1,1,4.30828,0.00872665,0.0010653,-0.000466981,-0.173239,-0.135352
1133,1,0,0,0,1,1,1,4.30828,0,0.00852238,-0.000472701,-0.256022,-0.146631
1134,1,0,0,0,1,1,1,4.30828,0,-0.00319589,-0.000518917,-0.133342,-0.135352
1135,1,0,0,0,1,1,1,4.30828,0,-0.010653,-0.000498969,-0.0485864,-0.15791
1136,1,0,0,0,1,1,1,4.30828,0,0.00213059,-0.000527041,-0.193006,-0.146631
1137,1,0,0,0,1,1,1,4.30828,0,0.00745708,-0.000508735,-0.249181,-0.124072
1138,1,0,0,0,1,1,1,4.30828,0,-1.56553e-18,-0.000512687,-0.167675,-0.101514
1139,1,0,0,0,1,1,1,4.30828,0,0.00532648,-0.000526218,-0.228052,-0.180469
1140,1,0,0,0,1,1,1,4.30828,0,0.0191753,-0.000551431,-0.383718,-0.214307
1141,1,0,0,0,1,1,1,4.30828,-0.00872665,0.00319589,-0.000547799,-0.207362,-0.225586
1142,1,0,0,0,1,1,1,4.30828,0.00872665,0.00852238,-0.000561893,-0.267797,-0.225586
1143,1,0,0,0,1,1,1,4.30819,0,0.0170448,-0.000558851,-0.361261,-0.225586
1144,1,0,0,0,1,1,1,4.30828,0,0.0170448,-0.000589722,-0.365336,-0.281982
1145,1,0,0,0,1,1,1,4.30819,0,0.01811,-0.000611283,-0.3799,-0.270703
1146,1,0,0,0,1,1,1,4.30819,0,-0.0138489,-0.000593291,-0.0259739,-0.236865
1147,1,0,0,0,1,1,1,4.30828,0,0.0127836,-0.000609383,-0.320959,-0.270703
1148,1,0,0,0,1,1,1,4.30819,0,0.00532648,-0.00061838,-0.240217,-0.180469
1149,1,0,0,0,1,1,1,4.30828,0,-0.00852238,-0.00064311,-0.0911444,-0.248145
1150,1,0,0,0,1,1,1,4.30819,-0.010472,0.00426119,-0.000649261,-0.232575,-0.259424
1151,1,0,0,0,1,1,1,4.30828,0,0.00426119,-0.000669145,-0.2352,-0.203027
1152,1,0,0,0,1,1,1,4.30819,-0.0226893,-0.00213059,-0.000672505,-0.165334,-0.236865
1153,1,0,0,0,1,1,1,4.30828,0,-0.0010653,-0.000683589,-0.178515,-0.259424
1154,1,0,0,0,1,1,1,4.30819,-0.015708,0.0202406,-0.000695689,-0.414465,-0.259424
1155,1,0,0,0,1,1,1,4.30828,0,-0.0117183,-0.000691944,-0.0624357,-0.191748
1156,1,0,0,0,1,1,1,4.30828,0,0.00213059,-0.000705969,-0.216624,-0.225586
1157,1,0,0,0,1,1,1,4.30828,0,-6.52306e-19,-0.000714043,-0.194254,-0.15791
1158,1,0,0,0,1,1,1,4.30828,0,0.0202406,-0.000723564,-0.418157,-0.248145
1159,1,0,0,0,1,1,1,4.30819,0,0.0255671,-0.000765749,-0.482317,-0.225586
1160,1,0,0,0,1,1,1,4.30819,-0.015708,-0.00319589,-0.000787636,-0.168813,-0.281982
1161,1,0,0,0,1,1,1,4.30819,0.00349066,0.00745708,-0.000809416,-0.288871,-0.259424
1162,1,0,0,0,1,1,1,4.30819,0,-0.00639178,-0.000797244,-0.134911,-0.31582
1163,1,0,0,0,1,1,1,4.30828,0.0314159,-0.0127836,-0.000788238,-0.0634283,-0.169189
1164,1,0,0,0,1,1,1,4.30828,-0.00698132,-0.0010653,-0.000787141,-0.1921,-0.203027
1165,1,0,0,0,1,1,1,4.30819,0,-0.0127836,-0.000749157,-0.0581431,-0.15791
1166,1,0,0,0,1,1,1,4.30828,0.0139626,-0.00426119,-0.000774301,-0.155335,-0.180469
1167,1,0,0,0,1,1,1,4.30819,0,0.00852238,-0.000804325,-0.299917,-0.214307
1168,1,0,0,0,1,1,1,4.30819,0,0.00319589,-0.000769463,-0.236561,-0.248145
1169,1,0,0,0,1,1,1,4.30828,0,-0.00426119,-0.000801156,-0.15888,-0.270703
1170,1,0,0,0,1,1,1,4.30819,-0.00872665,0.0010653,-0.000832155,-0.221563,-0.225586
1171,1,0,0,0,1,1,1,4.30819,0,-0.00532648,-0.000834513,-0.151564,-0.248145
1172,1,0,0,0,1,1,1,4.30819,0,-0.00958767,-0.000815833,-0.102226,-0.191748
1173,1,0,0,0,1,1,1,4.30828,0,-0.0202406,-0.000790724,0.0182715,-0.124072
1174,1,0,0,0,1,1,1,4.30828,0,-0.00745708,-0.000804065,-0.124109,-0.214307
1175,1,0,0,0,1,1,1,4.30828,0,-0.00319589,-0.000791972,-0.169385,-0.191748
1176,1,0,0,0,1,1,1,4.30819,0,0.00852238,-0.000835121,-0.303982,-0.225586
1177,1,0,0,0,1,1,1,4.30819,-0.00872665,0.00639178,-0.000855471,-0.283232,-0.360938
1178,1,0,0,0,1,1,1,4.30819,0.00523599,-0.00319589,-0.000828324,-0.174023,-0.236865
1179,1,0,0,0,1,1,1,4.30819,0.00872665,0.00958767,-0.000864335,-0.319557,-0.31582
1180,1,0,0,0,1,1,1,4.30819,-0.00523599,-0.00639178,-0.000879519,-0.145787,-0.338379
1181,1,0,0,0,1,1,1,4.30819,0.010472,-0.00213059,-0.000880771,-0.192825,-0.248145
1182,1,0,0,0,1,1,1,4.30819,0,-0.0117183,-0.000895709,-0.0893327,-0.15791
1183,1,0,0,0,1,1,1,4.30819,0,0.00213059,-0.000898208,-0.241877,-0.191748
1184,1,0,0,0,1,1,1,4.30819,0,0.00426119,-0.000945178,-0.271637,-0.225586
1185,1,0,0,0,1,1,1,4.30819,0,-0.00958767,-0.00097176,-0.122808,-0.203027
1186,1,0,0,0,1,1,1,4.30819,0,0.00319589,-0.000983,-0.264911,-0.214307
1187,1,0,0,0,1,1,1,4.30819,0,0.0234365,-0.00102122,-0.492603,-0.214307
1188,1,0,0,0,1,1,1,4.30809,-0.0139626,0.00852238,-0.00103733,-0.330673,-0.236865
1189,1,0,0,0,1,1,1,4.30819,0,0.00426119,-0.00108916,-0.290642,-0.259424
1190,1,0,0,0,1,1,1,4.30809,-0.0191986,0.00319589,-0.00109842,-0.280146,-0.15791
1191,1,0,0,0,1,1,1,4.30809,0,0.0117183,-0.00107959,-0.371407,-0.191748
1192,1,0,0,0,1,1,1,4.30819,0,-0.0202406,-0.00106629,-0.0181037,-0.248145
1193,1,0,0,0,1,1,1,4.30819,0.00872665,0.0138489,-0.00105358,-0.391409,-0.236865
1194,1,0,0,0,1,1,1,4.30819,0,0.00426119,-0.00109959,-0.292018,-0.304541
1195,1,0,0,0,1,1,1,4.30809,0,0.010653,-0.00110742,-0.363363,-0.31582
1196,1,0,0,0,1,1,1,4.30809,0.00349066,0.00532648,-0.00113206,-0.307977,-0.270703
1197,1,0,0,0,1,1,1,4.30809,0,-0.00426119,-0.0011371,-0.203224,-0.281982
1198,1,0,0,0,1,1,1,4.30809,0,0.00532648,-0.00115407,-0.310928,-0.248145
1199,1,0,0,0,1,1,1,4.30809,0,0.010653,-0.00116699,-0.371225,-0.214307
1200,1,0,0,0,1,1,1,4.30809,0,-0.00852238,-0.0011788,-0.161856,-0.259424
1201,1,0,0,0,1,1,1,4.30809,0.0174533,-0.00426119,-0.00115926,-0.206149,-0.203027
1202,1,0,0,0,1,1,1,4.30819,0.00872665,-0.00319589,-0.00115365,-0.217128,-0.203027
1203,1,0,0,0,1,1,1,4.30819,0.00523599,-0.0159795,-0.00114139,-0.0748891,-0.146631
1204,1,0,0,0,1,1,1,4.30819,0.010472,0.0010653,-0.00115137,-0.2637,-0.191748
1205,1,0,0,0,1,1,1,4.30819,0,0.00319589,-0.0011035,-0.280817,-0.101514
1206,1,0,0,0,1,1,1,4.30819,0,0.00213059,-0.00114458,-0.274521,-0.281982
1207,1,0,0,0,1,1,1,4.30819,0,-0.00532648,-0.00113829,-0.191663,-0.135352
1208,1,0,0,0,1,1,1,4.30819,0,0.00532648,-0.00116919,-0.312924,-0.191748
1209,1,0,0,0,1,1,1,4.30809,0,-0.00745708,-0.00115356,-0.170242,-0.293262
1210,1,0,0,0,1,1,1,4.30819,0,0.0010653,-0.00116609,-0.265642,-0.225586
1211,1,0,0,0,1,1,1,4.30809,0,-0.00745708,-0.00113897,-0.168317,-0.248145
1212,1,0,0,0,1,1,1,4.30819,0,0.0330242,-0.00115737,-0.61604,-0.281982
1213,1,0,0,0,1,1,1,4.30809,-0.0279253,0.0127836,-0.00111655,-0.387696,-0.248145
1214,1,0,0,0,1,1,1,4.30819,0.0436332,0.00532648,-0.00113142,-0.307939,-0.3271
1215,1,0,0,0,1,1,1,4.30809,-0.00523599,-0.0138489,-0.00112782,-0.0965348,-0.293262
1216,1,0,0,0,1,1,1,4.30809,0.00698132,-0.0127836,-0.00114757,-0.11086,-0.248145
1217,1,0,0,0,1,1,1,4.30809,0,0.00426119,-0.00115298,-0.299067,-0.3271
1218,1,0,0,0,1,1,1,4.30809,0,-0.00958767,-0.00117977,-0.150265,-0.304541
1219,1,0,0,0,1,1,1,4.30809,0,-8.47998e-19,-0.00118792,-0.256805,-0.293262
1220,1,0,0,0,1,1,1,4.30809,0,-0.00745708,-0.00118116,-0.173873,-0.304541
1221,1,0,0,0,1,1,1,4.30809,0,0.010653,-0.00117123,-0.371785,-0.304541
1222,1,0,0,0,1,1,1,4.30809,0,0.0010653,-0.00115189,-0.263456,-0.304541
1223,1,0,0,0,1,1,1,4.30819,0,0.00852238,-0.00114373,-0.344567,-0.293262
1224,1,0,0,0,1,1,1,4.30819,0,0.0010653,-0.00117635,-0.266997,-0.293262
1225,1,0,0,0,1,1,1,4.30809,-0.00698132,-0.00213059,-0.00123689,-0.239833,-0.428613
1226,1,0,0,0,1,1,1,4.30809,0,0.00319589,-0.00123562,-0.298256,-0.338379
1227,1,0,0,0,1,1,1,4.30809,0,-0.00319589,-0.00128708,-0.23474,-0.248145
1228,1,0,0,0,1,1,1,4.30809,-0.00349066,0.00319589,-0.00127409,-0.303335,-0.270703
1229,1,0,0,0,1,1,1,4.30809,0,0.00319589,-0.00125184,-0.300397,-0.236865
1230,1,0,0,0,1,1,1,4.30809,0,-0.00426119,-0.00124061,-0.216887,-0.236865
1231,1,0,0,0,1,1,1,4.30809,0,0.00426119,-0.00121209,-0.306869,-0.270703
1232,1,0,0,0,1,1,1,4.30809,0,0.00532648,-0.00121564,-0.319056,-0.236865
1233,1,0,0,0,1,1,1,4.30809,0,0.00213059,-0.00120879,-0.282997,-0.225586
1234,1,0,0,0,1,1,1,4.30809,0,-0.00319589,-0.00121588,-0.225341,-0.270703
1235,1,0,0,0,1,1,1,4.30809,0,0.00319589,-0.00120658,-0.294424,-0.259424
1236,1,0,0,0,1,1,1,4.30809,0,-0.0117183,-0.00117748,-0.126526,-0.236865
1237,1,0,0,0,1,1,1,4.30809,0,0.00745708,-0.0011905,-0.339174,-0.214307
1238,1,0,0,0,1,1,1,4.30819,0,0.00532648,-0.0011863,-0.315183,-0.259424
1239,1,0,0,0,1,1,1,4.30809,0,0.0127836,-0.0012231,-0.402069,-0.349658
1240,1,0,0,0,1,1,1,4.30809,0,-0.0010653,-0.00120727,-0.247641,-0.31582
1241,1,0,0,0,1,1,1,4.30819,0,-0.010653,-0.00120829,-0.142312,-0.270703
1242,1,0,0,0,1,1,1,4.30809,-0.00872665,0.0149142,-0.00123369,-0.426903,-0.270703
1243,1,0,0,0,1,1,1,4.30809,0,-0.00319589,-0.00122162,-0.226099,-0.293262
1244,1,0,0,0,1,1,1,4.30809,0.00872665,0.00639178,-0.00122376,-0.331845,-0.248145
1245,1,0,0,0,1,1,1,4.30809,-0.0279253,0.00958767,-0.0012729,-0.373487,-0.236865
1246,1,0,0,0,1,1,1,4.30809,0,0.00426119,-0.00129461,-0.317762,-0.304541
1247,1,0,0,0,1,1,1,4.30809,0,-0.00745708,-0.00129003,-0.188256,-0.214307
1248,1,0,0,0,1,1,1,4.30809,0,0.00958767,-0.00132806,-0.380768,-0.270703
1249,1,0,0,0,1,1,1,4.30809,-0.00872665,-0.00213059,-0.00131741,-0.250461,-0.270703
1250,1,0,0,0,1,1,1,4.30809,0.00349066,-0.00639178,-0.00133492,-0.2059,-0.203027
1251,1,0,0,0,1,1,1,4.30809,0,-0.00639178,-0.0013403,-0.20661,-0.293262
1252,1,0,0,0,1,1,1,4.30809,-0.0122173,0.00639178,-0.00131951,-0.344485,-0.304541
1253,1,0,0,0,1,1,1,4.30809,0.00872665,0.00319589,-0.00132569,-0.310146,-0.236865
1254,1,0,0,0,1,1,1,4.30809,-0.00174533,-4.56614e-19,-0.001363,-0.279916,-0.203027
1255,1,0,0,0,1,1,1,4.30809,0,-0.0010653,-0.00138205,-0.270713,-0.270703
1256,1,0,0,0,1,1,1,4.30809,-0.015708,0.0138489,-0.00139868,-0.436963,-0.203027
1257,1,0,0,0,1,1,1,4.30799,-0.0174533,-0.00213059,-0.00144881,-0.267807,-0.281982
1258,1,0,0,0,1,1,1,4.30799,0.00174533,-0.00319589,-0.00142229,-0.252588,-0.304541
1259,1,0,0,0,1,1,1,4.30809,0,0.0159795,-0.00141959,-0.463159,-0.270703
1260,1,0,0,0,1,1,1,4.30809,-0.00872665,0.00319589,-0.00142139,-0.322778,-0.236865
1261,1,0,0,0,1,1,1,4.30809,0,0.01811,-0.00145784,-0.491646,-0.349658
1262,1,0,0,0,1,1,1,4.30809,0,-0.0149142,-0.00144667,-0.126905,-0.225586
1263,1,0,0,0,1,1,1,4.30809,0,-0.0149142,-0.00143831,-0.125801,-0.360938
1264,1,0,0,0,1,1,1,4.30809,0,0.00745708,-0.00147828,-0.377161,-0.417334
1265,1,0,0,0,1,1,1,4.30809,0,0.00852238,-0.00149426,-0.390989,-0.203027
1266,1,0,0,0,1,1,1,4.30809,0,-0.010653,-0.00147556,-0.177591,-0.293262
1267,1,0,0,0,1,1,1,4.30809,0,0.00745708,-0.00149163,-0.378923,-0.31582
1268,1,0,0,0,1,1,1,4.30809,0,0.00426119,-0.00151456,-0.346795,-0.3271
1269,1,0,0,0,1,1,1,4.30809,0,-0.00852238,-0.00152322,-0.207319,-0.372217
1270,1,0,0,0,1,1,1,4.30809,0,0.0298283,-0.00152737,-0.629725,-0.3271
1271,1,0,0,0,1,1,1,4.30799,-0.0401426,0.01811,-0.00158525,-0.508464,-0.383496
1272,1,0,0,0,1,1,1,4.30799,0.00872665,0.00213059,-0.00156549,-0.330081,-0.383496
1273,1,0,0,0,1,1,1,4.30799,0,-0.00958767,-0.00155937,-0.200372,-0.372217
1274,1,0,0,0,1,1,1,4.30809,0.0174533,-0.0170448,-0.00155446,-0.117696,-0.338379
1275,1,0,0,0,1,1,1,4.30809,0,0.00319589,-0.00158097,-0.343842,-0.428613
1276,1,0,0,0,1,1,1,4.30799,0,-0.00745708,-0.0016336,-0.233607,-0.383496
1277,1,0,0,0,1,1,1,4.30799,0,-0.00852238,-0.00165202,-0.22432,-0.31582
1278,1,0,0,0,1,1,1,4.30799,0,0.0127836,-0.00165489,-0.459065,-0.236865
1279,1,0,0,0,1,1,1,4.30799,0,0.00319589,-0.00165232,-0.353261,-0.372217
1280,1,0,0,0,1,1,1,4.30799,0.00523599,0.0149142,-0.0017096,-0.489722,-0.428613
1281,1,0,0,0,1,1,1,4.30799,-0.00872665,0.00958767,-0.00173378,-0.434323,-0.383496
1282,1,0,0,0,1,1,1,4.30799,0.0174533,0.00852238,-0.00174544,-0.424144,-0.360938
1283,1,0,0,0,1,1,1,4.30799,0,0.0117183,-0.00176506,-0.461889,-0.293262
1284,1,0,0,0,1,1,1,4.30799,-0.00349066,0.00532648,-0.00178465,-0.394165,-0.338379
1285,1,0,0,0,1,1,1,4.30799,0,0.0234365,-0.00178831,-0.593859,-0.338379
1286,1,0,0,0,1,1,1,4.30799,0,-0.01811,-0.00181516,-0.140391,-0.338379
1287,1,0,0,0,1,1,1,4.30799,0.0122173,-0.00319589,-0.00183985,-0.307705,-0.439893
1288,1,0,0,0,1,1,1,4.3079,-0.020944,0.010653,-0.0018526,-0.461726,-0.360938
1289,1,0,0,0,1,1,1,4.30799,0,-0.00745708,-0.00185569,-0.262923,-0.417334
1290,1,0,0,0,1,1,1,4.30799,0,-0.0138489,-0.00190506,-0.19913,-0.439893
1291,1,0,0,0,1,1,1,4.3079,0.0296706,-0.00319589,-0.00188876,-0.314162,-0.394775
1292,1,0,0,0,1,1,1,4.30799,0,-0.0191753,-0.00188208,-0.137506,-0.394775
1293,1,0,0,0,1,1,1,4.30799,0.0279253,0.0191753,-0.00190731,-0.562694,-0.3271
1294,1,0,0,0,1,1,1,4.30799,0,0.00213059,-0.00190766,-0.375248,-0.349658
1295,1,0,0,0,1,1,1,4.30799,0,-1.36984e-18,-0.00192505,-0.354107,-0.338379
1296,1,0,0,0,1,1,1,4.30799,0,0.00639178,-0.00196452,-0.429626,-0.349658
1297,1,0,0,0,1,1,1,4.3079,0,1.56553e-18,-0.00197392,-0.360558,-0.417334
1298,1,0,0,0,1,1,1,4.3079,0.00872665,0.00958767,-0.00198608,-0.467627,-0.394775
1299,1,0,0,0,1,1,1,4.3079,-0.00872665,-0.0170448,-0.00195971,-0.17119,-0.372217
1300,1,0,0,0,1,1,1,4.30799,0.0226893,-0.00958767,-0.00192624,-0.248799,-0.349658
1301,1,0,0,0,1,1,1,4.30799,0,-0.00852238,-0.00191899,-0.25956,-0.360938
1302,1,0,0,0,1,1,1,4.30799,0,-0.0159795,-0.00192171,-0.177891,-0.338379
1303,1,0,0,0,1,1,1,4.30799,0,0.0010653,-0.00191365,-0.36432,-0.281982
1304,1,0,0,0,1,1,1,4.30799,-0.0366519,0.00639178,-0.00194063,-0.426473,-0.406055
1305,1,0,0,0,1,1,1,4.3079,0,0.00426119,-0.00195098,-0.404403,-0.462451
1306,1,0,0,0,1,1,1,4.3079,0.00174533,0.0117183,-0.0019475,-0.48597,-0.507568
1307,1,0,0,0,1,1,1,4.3079,0,-0.01811,-0.00194616,-0.157683,-0.47373
1308,1,0,0,0,1,1,1,4.3079,0.00174533,0.0149142,-0.00195266,-0.521807,-0.304541
1309,1,0,0,0,1,1,1,4.3079,-0.0314159,0.0127836,-0.00196135,-0.499517,-0.338379
1310,1,0,0,0,1,1,1,4.3079,0,0.00213059,-0.00191468,-0.376174,-0.338379
1311,1,0,0,0,1,1,1,4.3079,0,0.00532648,-0.00192222,-0.412324,-0.3271
1312,1,0,0,0,1,1,1,4.3079,0,-0.00639178,-0.00192325,-0.28356,-0.372217
1313,1,0,0,0,1,1,1,4.3079,0,0.010653,-0.00192981,-0.471918,-0.236865
1314,1,0,0,0,1,1,1,4.3079,0,0.00745708,-0.00195051,-0.439496,-0.214307
1315,1,0,0,0,1,1,1,4.3079,-0.0174533,0.0138489,-0.0019964,-0.515862,-0.417334
1316,1,0,0,0,1,1,1,4.3079,0,0.0255671,-0.00204435,-0.651093,-0.394775
1317,1,0,0,0,1,1,1,4.3078,-0.0191986,0.00639178,-0.00205171,-0.441136,-0.236865
1318,1,0,0,0,1,1,1,4.3079,0,-0.00532648,-0.00203655,-0.310233,-0.304541
1319,1,0,0,0,1,1,1,4.3079,0,0.0010653,-0.00204424,-0.381558,-0.439893
1320,1,0,0,0,1,1,1,4.3079,0,0.0255671,-0.00208099,-0.655929,-0.338379
1321,1,0,0,0,1,1,1,4.3078,-0.020944,-0.00532648,-0.00208757,-0.316968,-0.270703
1322,1,0,0,0,1,1,1,4.3078,0,0.00745708,-0.00209736,-0.458879,-0.338379
1323,1,0,0,0,1,1,1,4.3078,0,-0.0010653,-0.0021172,-0.367752,-0.417334
1324,1,0,0,0,1,1,1,4.3078,0,0.00319589,-0.00214694,-0.418551,-0.259424
1325,1,0,0,0,1,1,1,4.3078,-0.00698132,0.00958767,-0.00216883,-0.49175,-0.48501
1326,1,0,0,0,1,1,1,4.3078,0,0.00532648,-0.00221548,-0.451034,-0.48501
1327,1,0,0,0,1,1,1,4.3078,0,0.0202406,-0.00221565,-0.615113,-0.281982
1328,1,0,0,0,1,1,1,4.3078,0,0.00639178,-0.00223003,-0.464674,-0.428613
1329,1,0,0,0,1,1,1,4.3078,0,-0.0117183,-0.00221735,-0.263789,-0.48501
1330,1,0,0,0,1,1,1,4.3078,0,-0.0138489,-0.00219521,-0.23743,-0.428613
1331,1,0,0,0,1,1,1,4.3078,0.015708,0.0010653,-0.00220826,-0.403208,-0.451172
1332,1,0,0,0,1,1,1,4.3078,0,0.00745708,-0.00220291,-0.472812,-0.417334
1333,1,0,0,0,1,1,1,4.3078,0,-0.00532648,-0.00224559,-0.337827,-0.417334
1334,1,0,0,0,1,1,1,4.3078,-0.00523599,0.00213059,-0.00225537,-0.421145,-0.417334
1335,1,0,0,0,1,1,1,4.3078,0,7.17537e-19,-0.00225071,-0.397093,-0.372217
1336,1,0,0,0,1,1,1,4.3078,0,-0.010653,-0.00226775,-0.28216,-0.417334
1337,1,0,0,0,1,1,1,4.3078,0.0314159,-0.00958767,-0.00225257,-0.291874,-0.462451
1338,1,0,0,0,1,1,1,4.3078,0,0.00319589,-0.00225503,-0.432819,-0.383496
1339,1,0,0,0,1,1,1,4.3078,0,-0.00532648,-0.00226435,-0.340302,-0.462451
1340,1,0,0,0,1,1,1,4.3078,0,0.01811,-0.00228382,-0.600675,-0.48501
1341,1,0,0,0,1,1,1,4.30771,-0.0122173,0.0223712,-0.00230072,-0.649779,-0.462451
1342,1,0,0,0,1,1,1,4.30771,0.00872665,-0.00213059,-0.00230389,-0.380677,-0.439893
1343,1,0,0,0,1,1,1,4.30771,0,-0.0138489,-0.00229571,-0.250697,-0.417334
1344,1,0,0,0,1,1,1,4.3078,0,-0.00745708,-0.00229529,-0.32095,-0.428613
1345,1,0,0,0,1,1,1,4.30771,0.00872665,0.00639178,-0.00229646,-0.473443,-0.439893
1346,1,0,0,0,1,1,1,4.30771,0,-0.00639178,-0.00231582,-0.335379,-0.293262
1347,1,0,0,0,1,1,1,4.30771,-0.00698132,0.0138489,-0.00232436,-0.559153,-0.383496
1348,1,0,0,0,1,1,1,4.30771,0,0.0170448,-0.00235262,-0.598039,-0.394775
1349,1,0,0,0,1,1,1,4.30761,-0.0279253,0.00639178,-0.00237277,-0.483515,-0.541406
1350,1,0,0,0,1,1,1,4.30761,0,0.00532648,-0.00237953,-0.47269,-0.417334
1351,1,0,0,0,1,1,1,4.30761,-0.010472,-0.0149142,-0.00233711,-0.244443,-0.372217
1352,1,0,0,0,1,1,1,4.30771,0.00174533,-0.0159795,-0.0023331,-0.232195,-0.372217
1353,1,0,0,0,1,1,1,4.30761,0.00698132,-0.00639178,-0.00231859,-0.335744,-0.462451
1354,1,0,0,0,1,1,1,4.30771,0,-0.00745708,-0.00228582,-0.319701,-0.451172
1355,1,0,0,0,1,1,1,4.30771,0.00698132,-0.0170448,-0.00225618,-0.210324,-0.248145
1356,1,0,0,0,1,1,1,4.30771,-0.00872665,-0.0149142,-0.00229634,-0.239062,-0.304541
1357,1,0,0,0,1,1,1,4.30761,0,-5.87076e-19,-0.00231822,-0.406005,-0.47373
1358,1,0,0,0,1,1,1,4.30761,0,0.00319589,-0.00235677,-0.446248,-0.428613
1359,1,0,0,0,1,1,1,4.30761,0,0.010653,-0.00238068,-0.531433,-0.439893
1360,1,0,0,0,1,1,1,4.30761,0,-0.0117183,-0.00234191,-0.280231,-0.259424
1361,1,0,0,0,1,1,1,4.30771,-0.00872665,0.00532648,-0.00232668,-0.465714,-0.383496
1362,1,0,0,0,1,1,1,4.30771,0,0.0191753,-0.00232607,-0.61797,-0.394775
1363,1,0,0,0,1,1,1,4.30761,-0.0314159,0.00319589,-0.00234758,-0.445036,-0.406055
1364,1,0,0,0,1,1,1,4.30761,0,0.0202406,-0.00235756,-0.633845,-0.417334
1365,1,0,0,0,1,1,1,4.30761,-0.0506145,-0.00532648,-0.00233659,-0.349839,-0.47373
1366,1,0,0,0,1,1,1,4.30751,0.00174533,0.0159795,-0.00230593,-0.580157,-0.462451
1367,1,0,0,0,1,1,1,4.30761,-0.00872665,-0.00426119,-0.0022501,-0.35014,-0.293262
1368,1,0,0,0,1,1,1,4.30761,0.0174533,0.00639178,-0.00227314,-0.470364,-0.349658
1369,1,0,0,0,1,1,1,4.30751,-0.00174533,0.0149142,-0.00226864,-0.563516,-0.417334
1370,1,0,0,0,1,1,1,4.30761,0,0.0127836,-0.00230251,-0.544551,-0.541406
1371,1,0,0,0,1,1,1,4.30751,0,-0.0010653,-0.00231853,-0.394327,-0.417334
1372,1,0,0,0,1,1,1,4.30751,-0.0191986,-0.0149142,-0.00233418,-0.244056,-0.462451
1373,1,0,0,0,1,1,1,4.30761,0.0296706,0.0117183,-0.00230103,-0.532637,-0.338379
1374,1,0,0,0,1,1,1,4.30761,-0.0122173,-0.0213059,-0.00232048,-0.171938,-0.518848
1375,1,0,0,0,1,1,1,4.30751,0.0610865,0.0117183,-0.00234638,-0.538623,-0.383496
1376,1,0,0,0,1,1,1,4.30751,-0.0541052,0.0149142,-0.00234587,-0.573711,-0.360938
1377,1,0,0,0,1,1,1,4.30742,0,-0.01811,-0.00233025,-0.208383,-0.31582
1378,1,5.05232e-07,0.000377561,0.187339,1,1,1,4.30742,0,0.00745708,-0.00228079,-0.451892,-0.3271
1379,1,5.67267e-06,0.00187399,0.408883,1,1,1,4.30751,-0.00523599,-0.0010653,-0.00227562,-0.30765,-0.293262
1380,1,2.1033e-05,0.00444325,0.61654,1,1,1,4.30751,0,0.00639178,-0.00227768,-0.328902,-0.360938
1381,1,5.17789e-05,0.00801674,0.810605,1,1,1,4.30751,0,0.00319589,-0.00226359,-0.220414,-0.281982
1382,1,0.000102761,0.012527,0.99136,1,1,1,4.30751,0,0.0234365,-0.0022426,-0.359177,-0.31582
1383,1,0.000178507,0.017909,1.15911,1,1,1,4.30751,0,0.0149142,-0.00219299,-0.168885,-0.214307
1384,1,0.000283196,0.0240971,1.31412,1,1,1,4.30761,0.00698132,0.0010653,-0.00215886,0.0860651,-0.135352
1385,1,0.000420709,0.031029,1.45668,1,1,1,4.30771,0.0174533,-0.010653,-0.00203656,0.336606,-0.0563965
1386,1,0.000594637,0.0386442,1.58711,1,1,1,4.3078,0.0226893,0.00852238,-0.00187584,0.259961,0
1387,1,0.000808191,0.0468806,1.70566,1,1,1,4.3079,0.0314159,0.0149142,-0.00170358,0.331889,0
1388,1,0.00106435,0.0556802,1.81262,1,1,1,4.30809,0.0663225,-8.47998e-19,-0.0014819,0.650775,0.0789551
1389,1,0.00136583,0.0649876,1.90831,1,1,1,4.30905,0.253073,0.00958767,-0.001223,0.710801,0.3271
1390,1,0.00171503,0.0747465,1.993,1,1,1,4.31001,0.195477,0.0308936,-0.000936922,0.650821,0.699316
1391,1,0.00211398,0.0849005,2.06696,1,1,1,4.3101,-0.0558505,0.0415466,-0.000720639,0.70074,0.575244
1392,1,0.0025646,0.0953986,2.1305,1,1,1,4.3102,0.101229,0.0532648,-0.000501613,0.742864,0.676758
1393,1,0.00306841,0.106188,2.1839,1,1,1,4.31077,0.0471239,0.0607219,-0.000326955,0.827108,0.699316
1394,1,0.00362685,0.11722,2.22746,1,1,1,4.31097,0.0645772,0.0649831,-0.000129449,0.951671,0.631641
1395,1,0.00424099,0.128447,2.26145,1,1,1,4.31173,0.158825,0.0926808,2.04311e-05,0.812985,0.710596
1396,1,0.00491156,0.139819,2.28617,1,1,1,4.31202,0.0977384,0.101203,0.000175935,0.886711,0.778271
1397,1,0.00563923,0.151292,2.3019,1,1,1,4.31288,0.178024,0.103334,0.000348153,1.03323,0.97002
1398,1,0.00642459,0.162824,2.30894,1,1,1,4.31336,0.0767945,0.118248,0.000446176,1.02777,0.936182
1399,1,0.00726749,0.174368,2.30757,1,1,1,4.31403,0.195477,0.164056,0.000498183,0.67445,0.586523
1400,1,0.0081681,0.185885,2.29807,1,1,1,4.31461,0.132645,0.147011,0.000610409,1.01927,0.688037
1401,1,0.00912629,0.197336,2.28074,1,1,1,4.31576,0.230383,0.171513,0.000769422,0.913189,0.902344
1402,1,0.0101414,0.208681,2.25586,1,1,1,4.31643,0.139626,0.170448,0.000949194,1.08928,1.01514
1403,1,0.0112129,0.219883,2.22373,1,1,1,4.31768,0.225147,0.186427,0.00106727,1.06606,1.10537
1404,1,0.01234,0.230907,2.18463,1,1,1,4.31835,0.164061,0.200276,0.00120248,1.06567,1.22944
1405,1,0.0135216,0.241718,2.13885,1,1,1,4.31959,0.226893,0.205602,0.00134796,1.15717,1.04897
1406,1,0.0147576,0.252291,2.08663,1,1,1,4.32065,0.293215,0.208798,0.00147418,1.26515,1.06025
1407,1,0.0160441,0.262575,2.02838,1,1,1,4.32189,0.235619,0.231169,0.0015977,1.15798,1.0377
1408,1,0.0173819,0.272558,1.96428,1,1,1,4.32276,0.216421,0.236496,0.0017452,1.23713,1.0377
1409,1,0.0187691,0.282208,1.89465,1,1,1,4.32458,0.321141,0.265259,0.00186583,1.05028,1.17305
1410,1,0.0202034,0.291496,1.81978,1,1,1,4.32554,0.219911,0.278043,0.0019917,1.0345,1.22944
1411,1,0.0216834,0.300398,1.73995,1,1,1,4.32717,0.286234,0.292957,0.00207747,0.983834,1.15049
1412,1,0.0232068,0.308889,1.65546,1,1,1,4.32841,0.305433,0.281238,0.00217669,1.22251,1.18433
1413,1,0.0247716,0.316946,1.56658,1,1,1,4.33024,0.254818,0.311067,0.00225846,0.996106,1.10537
1414,1,0.0263754,0.324547,1.47363,1,1,1,4.33129,0.300197,0.32172,0.00233272,0.973411,1.02642
1415,1,0.0280162,0.331675,1.37687,1,1,1,4.3334,0.300197,0.327046,0.00236682,0.996737,1.09409
1416,1,0.0296913,0.33831,1.2766,1,1,1,4.33455,0.329867,0.320654,0.00241886,1.14512,1.11665
1417,1,0.0313984,0.344436,1.1731,1,1,1,4.33685,0.359538,0.345156,0.00247289,0.947564,1.01514
1418,1,0.0331348,0.350036,1.06666,1,1,1,4.3381,0.322886,0.361136,0.00245605,0.826173,0.992578
1419,1,0.0348979,0.355098,0.957569,1,1,1,4.34011,0.347321,0.369658,0.00244211,0.779844,0.868506
1420,1,0.036685,0.359608,0.846112,1,1,1,4.34164,0.375246,0.370723,0.00240843,0.805419,0.834668
1421,1,0.038493,0.363555,0.732598,1,1,1,4.34385,0.376991,0.366462,0.00238027,0.883386,0.981299
1422,1,0.0403195,0.366931,0.617284,1,1,1,4.34519,0.296706,0.364332,0.00235411,0.930492,0.823389
1423,1,0.0421614,0.369726,0.50048,1,1,1,4.3474,0.429351,0.384572,0.0022702,0.715537,0.631641
1424,1,0.0440157,0.371934,0.382469,1,1,1,4.34884,0.34383,0.392029,0.00222294,0.639019,0.721875
1425,1,0.0458798,0.373549,0.263519,1,1,1,4.35104,0.389208,0.362201,0.00219689,0.968381,0.733154
1426,1,0.0477504,0.374568,0.143945,1,1,1,4.35277,0.413643,0.353679,0.00222293,1.06392,0.868506
1427,1,0.0496243,0.374988,0.0240435,1,1,1,4.35507,0.382227,0.367527,0.00220034,0.898628,0.699316
1428,1,0.0514991,0.374808,-0.095937,1,1,1,4.35631,0.319395,0.397356,0.0021408,0.545176,0.789551
1429,1,0.0533717,0.374029,-0.215694,1,1,1,4.35861,0.389208,0.361136,0.00211086,0.914269,0.789551
1430,1,0.0552385,0.372652,-0.334912,1,1,1,4.36015,0.363028,0.395225,0.00209351,0.505286,0.778271
1431,1,0.057097,0.370681,-0.45333,1,1,1,4.36226,0.354302,0.374985,0.00209783,0.689609,0.823389
1432,1,0.058944,0.368121,-0.57064,1,1,1,4.36389,0.385718,0.388833,0.00206529,0.486559,0.857227
1433,1,0.0607774,0.364977,-0.686606,1,1,1,4.3659,0.294961,0.35794,0.00204056,0.769167,0.609082
1434,1,0.0625932,0.361257,-0.800878,1,1,1,4.36724,0.375246,0.368593,0.00199687,0.58577,0.64292
1435,1,0.0643887,0.356972,-0.913173,1,1,1,4.36935,0.333358,0.379246,0.00197719,0.399161,0.48501
1436,1,0.0661634,0.352125,-1.02335,1,1,1,4.37089,0.404916,0.349417,0.0019816,0.654379,0.609082
1437,1,0.0679094,0.346743,-1.1308,1,1,1,4.3729,0.312414,0.344091,0.00203339,0.641544,0.699316
1438,1,0.0696285,0.340826,-1.23551,1,1,1,4.37434,0.350811,0.348352,0.00201901,0.507349,0.733154
1439,1,0.0713167,0.334393,-1.3371,1,1,1,4.37597,0.249582,0.338764,0.0020095,0.519889,0.496289
1440,1,0.0729714,0.327461,-1.4353,1,1,1,4.37731,0.394444,0.337699,0.00201906,0.435858,0.462451
1441,1,0.0745904,0.320047,-1.52982,1,1,1,4.37952,0.315905,0.320654,0.00207527,0.529077,0.778271
1442,1,0.0761711,0.31217,-1.62036,1,1,1,4.38076,0.280998,0.311067,0.00209936,0.530345,0.530127
1443,1,0.0777114,0.30385,-1.70664,1,1,1,4.3823,0.279253,0.298283,0.0020876,0.556499,0.394775
1444,1,0.0792208,0.295039,-1.78901,1,1,1,4.38335,0.267035,0.272716,0.0020999,0.721418,0.360938
1445,1,0.0806619,0.285974,-1.86527,1,1,1,4.38546,0.39968,0.271651,0.00215262,0.621769,0.552686
1446,1,0.0820682,0.276466,-1.93704,1,1,1,4.38661,0.221657,0.276977,0.00216048,0.439682,0.552686
1447,1,0.0834259,0.266613,-2.00338,1,1,1,4.38805,0.308923,0.276977,0.00217248,0.313564,0.563965
1448,1,0.0847337,0.256443,-2.06403,1,1,1,4.38939,0.275762,0.271651,0.00212271,0.233147,0.349658
1449,1,0.08599,0.245982,-2.1187,1,1,1,4.39044,0.18326,0.266324,0.00202643,0.143072,0.225586
1450,1,0.087193,0.235266,-2.16707,1,1,1,4.3914,0.272271,0.248214,0.00197055,0.197314,0.180469
1451,1,0.0883421,0.224324,-2.20888,1,1,1,4.39313,0.230383,0.239692,0.00190598,0.142742,0.360938
1452,1,0.089436,0.213189,-2.24384,1,1,1,4.3937,0.118682,0.225843,0.0018116,0.140875,0.281982
1453,1,0.0904738,0.201897,-2.27166,1,1,1,4.39476,0.190241,0.214125,0.00174843,0.119126,0.180469
1454,1,0.0914549,0.190483,-2.29205,1,1,1,4.39562,0.226893,0.187492,0.00174644,0.270161,0.0676758
1455,1,0.0923785,0.178989,-2.30472,1,1,1,4.39687,0.205949,0.184296,0.00176535,0.167143,0.259424
1456,1,0.0932447,0.167449,-2.30938,1,1,1,4.39754,0.137881,0.173643,0.00179072,0.147323,0.372217
1457,1,0.0940529,0.15591,-2.30575,1,1,1,4.39821,0.120428,0.152337,0.00183386,0.248852,0.372217
1458,1,0.0948038,0.144407,-2.29354,1,1,1,4.39898,0.16057,0.116117,0.00189143,0.517922,0.259424
1459,1,0.0954972,0.132988,-2.27245,1,1,1,4.39974,0.136136,0.0980073,0.00197799,0.594789,0.3271
1460,1,0.0961338,0.121699,-2.24221,1,1,1,4.40013,0.0855211,0.0980073,0.00204942,0.471923,0.451172
1461,1,0.0967144,0.110583,-2.20252,1,1,1,4.40061,0.10472,0.0841585,0.00211845,0.50223,0.31582
1462,1,0.09724,0.0996898,-2.1531,1,1,1,4.40099,0.0855211,0.096942,0.00218432,0.243291,0.349658
1463,1,0.0977118,0.0890671,-2.09365,1,1,1,4.40128,0.0349066,0.0553954,0.00229648,0.592834,0.417334
1464,1,0.0981312,0.0787697,-2.0239,1,1,1,4.40157,0.10472,0.057526,0.00241699,0.468494,0.496289
1465,1,0.0985001,0.0688462,-1.94354,1,1,1,4.40205,0.0436332,0.0532648,0.00259871,0.428655,0.676758
1466,1,0.0988204,0.0593516,-1.8523,1,1,1,4.40233,0.0418879,0.0308936,0.00272468,0.587486,0.48501
1467,1,0.0990944,0.0503424,-1.74989,1,1,1,4.40233,0.0244346,0.0330242,0.00283664,0.482504,0.552686
1468,1,0.0993247,0.0418723,-1.63601,1,1,1,4.40243,0.00349066,0.0213059,0.00297515,0.541618,0.541406
1469,1,0.0995142,0.0340021,-1.51039,1,1,1,4.40262,0.020944,0.00745708,0.00311227,0.633035,0.586523
1470,1,0.0996659,0.0267884,-1.37271,1,1,1,4.40262,0.0244346,-0.00213059,0.00319472,0.680147,0.597803
1471,1,0.0997833,0.0202944,-1.22272,1,1,1,4.40262,0.00872665,-0.0117183,0.00331465,0.742807,0.541406
1472,1,0.0998701,0.0145826,-1.06012,1,1,1,4.40272,0.0401426,0.00426119,0.00339,0.529752,0.710596
1473,1,0.0999305,0.00971506,-0.884608,1,1,1,4.40262,-0.0122173,-0.0298283,0.00344517,0.877013,0.552686
1474,1,0.0999688,0.0057582,-0.695908,1,1,1,4.40272,0.0314159,-0.0202406,0.00350317,0.75727,0.620361
1475,1,0.0999897,0.00277831,-0.493721,1,1,1,4.40272,0,-8.47998e-19,0.00354673,0.53237,0.563965
1476,1,0.0999983,0.000843822,-0.277784,1,1,1,4.40272,-0.00349066,-0.0010653,0.00354321,0.55043,0.462451
1477,1,0.1,2.39927e-05,-0.0478004,1,1,1,4.40262,0,-0.0010653,0.00355276,0.574203,0.620361
1478,1,0.1,0,0,1,1,1,4.40262,0,0.00426119,0.00353502,0.51975,0.597803
1479,1,0.1,0,0,1,1,1,4.40262,0,-0.00426119,0.00352707,0.612446,0.507568
1480,1,0.1,0,0,1,1,1,4.40262,0.00872665,-0.00319589,0.00352957,0.601057,0.496289
1481,1,0.1,0,0,1,1,1,4.40272,0,0.00639178,0.00353443,0.496235,0.609082
1482,1,0.1,0,0,1,1,1,4.40272,0,0.00426119,0.00351425,0.517008,0.439893
1483,1,0.1,0,0,1,1,1,4.40262,0,1.04369e-18,0.00351068,0.563409,0.631641
1484,1,0.1,0,0,1,1,1,4.40262,0,0.0138489,0.00352498,0.41296,0.721875
1485,1,0.1,0,0,1,1,1,4.40262,-0.0349066,0.0010653,0.0035239,0.553437,0.575244
1486,1,0.1,0,0,1,1,1,4.40262,0.00872665,-0.00319589,0.00348459,0.595121,0.462451
1487,1,0.1,0,0,1,1,1,4.40262,0,-0.0010653,0.00347192,0.570012,0.496289
1488,1,0.1,0,0,1,1,1,4.40262,0,-0.00213059,0.00343958,0.577461,0.47373
1489,1,0.1,0,0,1,1,1,4.40262,0.0122173,0.0010653,0.00347441,0.546904,0.631641
1490,1,0.1,0,0,1,1,1,4.40272,0,0.01811,0.00343701,0.354474,0.609082
1491,1,0.1,0,0,1,1,1,4.40262,-0.015708,-0.00958767,0.00342461,0.657513,0.541406
1492,1,0.1,0,0,1,1,1,4.40262,0,0.0127836,0.00340606,0.40898,0.530127
1493,1,0.1,0,0,1,1,1,4.40262,-0.00523599,0.00532648,0.00338809,0.488637,0.47373
1494,1,0.1,0,0,1,1,1,4.40262,0.00872665,0.0127836,0.00340087,0.408295,0.518848
1495,1,0.1,0,0,1,1,1,4.40262,-0.00872665,-0.00426119,0.00341617,0.597808,0.563965
1496,1,0.1,0,0,1,1,1,4.40272,0.00523599,0.00213059,0.0033791,0.522604,0.518848
1497,1,0.1,0,0,1,1,1,4.40262,0,0.0149142,0.00337946,0.382033,0.552686
1498,1,0.1,0,0,1,1,1,4.40262,0,-0.00213059,0.00337765,0.569287,0.586523
1499,1,0.1,0,0,1,1,1,4.40262,0,-0.0127836,0.00339718,0.689047,0.541406
1500,1,0.1,0,0,1,1,1,4.40262,0,-0.0127836,0.00338881,0.687942,0.518848
1501,1,0.1,0,0,1,1,1,4.40272,0.010472,-0.00319589,0.00337291,0.580379,0.48501
1502,1,0.1,0,0,1,1,1,4.40262,0,0.00532648,0.00335322,0.484034,0.518848
1503,1,0.1,0,0,1,1,1,4.40262,0,-0.0159795,0.00339978,0.724545,0.597803
1504,1,0.1,0,0,1,1,1,4.40272,0,-0.00426119,0.00337155,0.591918,0.406055
1505,1,0.1,0,0,1,1,1,4.40262,0.015708,0.00213059,0.00333857,0.517255,0.575244
1506,1,0.1,0,0,1,1,1,4.40252,-0.0418879,-0.0170448,0.00335629,0.730522,0.530127
1507,1,0.1,0,0,1,1,1,4.40272,0.0383972,0.0149142,0.00336591,0.380244,0.699316
1508,1,0.1,0,0,1,1,1,4.40262,-0.0558505,-0.00426119,0.00338374,0.593527,0.552686
1509,1,0.1,0,0,1,1,1,4.40262,0.00872665,0.0010653,0.00335257,0.530821,0.462451
1510,1,0.1,0,0,1,1,1,4.40262,0,-0.00532648,0.0033415,0.599669,0.575244
1511,1,0.1,0,0,1,1,1,4.40262,0.00174533,-0.0149142,0.00334814,0.706011,0.64292
1512,1,0.1,0,0,1,1,1,4.40262,-0.015708,-0.010653,0.00334278,0.658429,0.654199
1513,1,0.1,0,0,1,1,1,4.40262,0,-3.91384e-19,0.00334294,0.541269,0.575244
1514,1,0.1,0,0,1,1,1,4.40262,-0.0122173,0.00958767,0.00333391,0.434612,0.620361
1515,1,0.1,0,0,1,1,1,4.40252,-0.00174533,-0.00958767,0.00329335,0.640186,0.462451
1516,1,0.1,0,0,1,1,1,4.40262,0.020944,-1.10892e-18,0.00328158,0.533169,0.563965
1517,1,0.1,0,0,1,1,1,4.40262,0,0.0127836,0.00329711,0.394599,0.620361
1518,1,0.1,0,0,1,1,1,4.40272,0,0.01811,0.00328119,0.333906,0.507568
1519,1,0.1,0,0,1,1,1,4.40262,0,0.00958767,0.00330427,0.430699,0.688037
1520,1,0.1,0,0,1,1,1,4.40262,-0.00872665,-0.028763,0.00328659,0.850224,0.462451
1521,1,0.1,0,0,1,1,1,4.40272,0.0593412,-0.00639178,0.00330976,0.607198,0.507568
1522,1,0.1,0,0,1,1,1,4.40262,-0.0349066,-0.0010653,0.00330035,0.547365,0.360938
1523,1,0.1,0,0,1,1,1,4.40262,0.0191986,-0.00319589,0.00327602,0.567589,0.586523
1524,1,0.1,0,0,1,1,1,4.40262,-0.015708,0.010653,0.00327143,0.414646,0.654199
1525,1,0.1,0,0,1,1,1,4.40262,-0.0139626,0.0138489,0.00325341,0.377112,0.496289
1526,1,0.1,0,0,1,1,1,4.40262,0,-0.00639178,0.00325021,0.599337,0.47373
1527,1,0.1,0,0,1,1,1,4.40262,0,-0.0308936,0.00325071,0.868923,0.47373
1528,1,0.1,0,0,1,1,1,4.40262,0,0.00745708,0.00325853,0.448098,0.575244
1529,1,0.1,0,0,1,1,1,4.40262,-0.0174533,0.00426119,0.00324203,0.481074,0.541406
1530,1,0.1,0,0,1,1,1,4.40262,0,-0.00213059,0.00324236,0.551428,0.47373
1531,1,0.1,0,0,1,1,1,4.40262,0.00349066,-0.00426119,0.00326561,0.577933,0.563965
1532,1,0.1,0,0,1,1,1,4.40262,0,-0.0010653,0.00325422,0.541275,0.462451
1533,1,0.1,0,0,1,1,1,4.40262,0.0122173,0.00532648,0.00325222,0.470701,0.496289
1534,1,0.1,0,0,1,1,1,4.40262,0,0.00319589,0.0032391,0.492406,0.496289
1535,1,0.1,0,0,1,1,1,4.40262,0,0.00852238,0.00325047,0.435316,0.586523
1536,1,0.1,0,0,1,1,1,4.40262,0,0.0223712,0.00324086,0.28171,0.64292
1537,1,0.1,0,0,1,1,1,4.40262,-0.0279253,1.30461e-19,0.00324898,0.528866,0.586523
1538,1,0.1,0,0,1,1,1,4.40262,0.010472,0.00852238,0.00325572,0.436009,0.563965
1539,1,0.1,0,0,1,1,1,4.40262,-0.015708,0.0245018,0.00322466,0.256135,0.439893
1540,1,0.1,0,0,1,1,1,4.40262,0,0.0149142,0.00317756,0.355383,0.372217
1541,1,0.1,0,0,1,1,1,4.40252,0,-0.0117183,0.00319341,0.650431,0.417334
1542,1,0.1,0,0,1,1,1,4.40262,0.0244346,0.00319589,0.00318955,0.485866,0.451172
1543,1,0.1,0,0,1,1,1,4.40262,0,0.0138489,0.00319357,0.369213,0.496289
1544,1,0.1,0,0,1,1,1,4.40262,0.0174533,0.00213059,0.0031767,0.495888,0.552686
1545,1,0.1,0,0,1,1,1,4.40262,0,0.00639178,0.00317916,0.44934,0.597803
1546,1,0.1,0,0,1,1,1,4.40262,-0.015708,-0.0010653,0.0031893,0.532706,0.406055
1547,1,0.1,0,0,1,1,1,4.40262,0.00349066,0.010653,0.00316986,0.401238,0.631641
1548,1,0.1,0,0,1,1,1,4.40262,-0.0349066,0.00958767,0.00317151,0.413175,0.518848
1549,1,0.1,0,0,1,1,1,4.40262,-0.0226893,-0.00426119,0.00312053,0.558783,0.360938
1550,1,0.1,0,0,1,1,1,4.40252,-0.00698132,0.0138489,0.00307628,0.353732,0.3271
1551,1,0.1,0,0,1,1,1,4.40252,0.00349066,-0.0117183,0.00311174,0.639651,0.766992
1552,1,0.1,0,0,1,1,1,4.40262,-0.00174533,0.0010653,0.0031469,0.503673,0.654199
1553,1,0.1,0,0,1,1,1,4.40262,-0.0139626,-0.0117183,0.00312498,0.641399,0.518848
1554,1,0.1,0,0,1,1,1,4.40262,-0.015708,0.0245018,0.00309467,0.238977,0.439893
1555,1,0.1,0,0,1,1,1,4.40252,-0.0314159,-0.00639178,0.00308829,0.577964,0.518848
1556,1,0.1,0,0,1,1,1,4.40262,0,0.0117183,0.00306002,0.375022,0.383496
1557,1,0.1,0,0,1,1,1,4.40252,0,-0.00532648,0.00305015,0.561211,0.47373
1558,1,0.1,0,0,1,1,1,4.40262,0.010472,-0.0159795,0.00306529,0.680392,0.507568
1559,1,0.1,0,0,1,1,1,4.40262,0.0331613,0.0138489,0.00306105,0.351721,0.563965
1560,1,0.1,0,0,1,1,1,4.40262,-0.0314159,-0.00958767,0.00304199,0.607006,0.406055
1561,1,0.1,0,0,1,1,1,4.40262,0.0331613,-0.00958767,0.00301743,0.603765,0.496289
1562,1,0.1,0,0,1,1,1,4.40252,-0.0244346,0.0127836,0.00302365,0.358502,0.428613
1563,1,0.1,0,0,1,1,1,4.40252,-0.0139626,0.00426119,0.00302211,0.452046,0.462451
1564,1,0.1,0,0,1,1,1,4.40252,0,0.00852238,0.0030349,0.406861,0.406055
1565,1,0.1,0,0,1,1,1,4.40252,0,0.010653,0.00302254,0.381792,0.518848
1566,1,0.1,0,0,1,1,1,4.40262,0.0139626,0.0138489,0.00299299,0.342737,0.428613
1567,1,0.1,0,0,1,1,1,4.40252,0,-0.00319589,0.00299476,0.530463,0.428613
1568,1,0.1,0,0,1,1,1,4.40252,0.00872665,-0.00958767,0.00299438,0.600722,0.451172
1569,1,0.1,0,0,1,1,1,4.40262,0.0122173,-0.0010653,0.002984,0.505606,0.496289
1570,1,0.1,0,0,1,1,1,4.40262,0,0.00852238,0.00298978,0.400905,0.597803
1571,1,0.1,0,0,1,1,1,4.40252,-0.0174533,-0.00213059,0.0029826,0.517139,0.349658
1572,1,0.1,0,0,1,1,1,4.40252,0.0174533,0.0127836,0.00297748,0.352408,0.372217
1573,1,0.1,0,0,1,1,1,4.40252,0,0.00426119,0.00293487,0.44053,0.496289
1574,1,0.1,0,0,1,1,1,4.40252,0,0.0010653,0.00291998,0.47372,0.47373
1575,1,0.1,0,0,1,1,1,4.40252,0,-0.0127836,0.00286918,0.61935,0.3271
1576,1,0.1,0,0,1,1,1,4.40252,0,0.00745708,0.00288365,0.398614,0.462451
1577,1,0.1,0,0,1,1,1,4.40252,-0.0226893,0.00745708,0.00281134,0.389069,0.439893
1578,1,0.1,0,0,1,1,1,4.40252,0,-0.00213059,0.00277969,0.490356,0.47373
1579,1,0.1,0,0,1,1,1,4.40252,0.00523599,-0.0191753,0.00284805,0.686872,0.620361
1580,1,0.1,0,0,1,1,1,4.40262,0,0.00213059,0.00283293,0.450511,0.552686
1581,1,0.1,0,0,1,1,1,4.40262,0.0122173,-0.010653,0.00285105,0.593521,0.766992
1582,1,0.1,0,0,1,1,1,4.40262,-0.0471239,0.00426119,0.00282158,0.425575,0.48501
1583,1,0.1,0,0,1,1,1,4.40252,0.00174533,0.00745708,0.00279109,0.386395,0.360938
1584,1,0.1,0,0,1,1,1,4.40252,0.0366519,-0.01811,0.00280905,0.670005,0.620361
1585,1,0.1,0,0,1,1,1,4.40262,0,4.56614e-19,0.00281708,0.471855,0.462451
1586,1,0.1,0,0,1,1,1,4.40262,-0.00349066,0.0213059,0.00278193,0.232849,0.496289
1587,1,0.1,0,0,1,1,1,4.40252,-0.015708,-0.010653,0.00281106,0.588243,0.518848
1588,1,0.1,0,0,1,1,1,4.40262,0.010472,-0.00639178,0.00279928,0.539815,0.507568
1589,1,0.1,0,0,1,1,1,4.40252,0,-0.0138489,0.00281367,0.623742,0.451172
1590,1,0.1,0,0,1,1,1,4.40252,0,0.00639178,0.00277913,0.396536,0.496289
1591,1,0.1,0,0,1,1,1,4.40252,0,-0.0202406,0.00274833,0.685427,0.372217
1592,1,0.1,0,0,1,1,1,4.40252,0,-0.00958767,0.00273768,0.566839,0.372217
1593,1,0.1,0,0,1,1,1,4.40252,0,0.00426119,0.00271921,0.412062,0.360938
1594,1,0.1,0,0,1,1,1,4.40243,0,-0.0159795,0.00277406,0.641949,0.496289
1595,1,0.1,0,0,1,1,1,4.40262,0.00698132,0.0138489,0.00276382,0.312486,0.609082
1596,1,0.1,0,0,1,1,1,4.40243,-0.0575959,-0.00319589,0.00274035,0.496881,0.439893
1597,1,0.1,0,0,1,1,1,4.40252,0.0139626,-0.0159795,0.00275885,0.639942,0.507568
1598,1,0.1,0,0,1,1,1,4.40252,0,0.0213059,0.00275891,0.22981,0.609082
1599,1,0.1,0,0,1,1,1,4.40243,-0.020944,0.00745708,0.00277809,0.38468,0.47373
1600,1,0.1,0,0,1,1,1,4.40252,0.010472,0.00745708,0.00274759,0.380654,0.383496
1601,1,0.1,0,0,1,1,1,4.40252,0,0.00426119,0.00274587,0.415582,0.451172
1602,1,0.1,0,0,1,1,1,4.40252,0,0.00745708,0.00276321,0.382716,0.496289
1603,1,0.1,0,0,1,1,1,4.40252,0,-0.00745708,0.00274143,0.543896,0.439893
1604,1,0.1,0,0,1,1,1,4.40252,0,-0.0159795,0.00274653,0.638316,0.428613
1605,1,0.1,0,0,1,1,1,4.40252,0.00872665,-0.00639178,0.00271973,0.529314,0.48501
1606,1,0.1,0,0,1,1,1,4.40252,-0.0226893,-0.0191753,0.00273516,0.67197,0.428613
1607,1,0.1,0,0,1,1,1,4.40262,0.010472,0.00639178,0.00270774,0.387113,0.349658
1608,1,0.1,0,0,1,1,1,4.40252,0,0.00213059,0.00270468,0.433581,0.417334
1609,1,0.1,0,0,1,1,1,4.40252,0,-0.00532648,0.00269932,0.514902,0.439893
1610,1,0.1,0,0,1,1,1,4.40252,0,-0.00745708,0.00268035,0.535835,0.394775
1611,1,0.1,0,0,1,1,1,4.40252,0.00872665,0.00532648,0.00265098,0.391339,0.360938
1612,1,0.1,0,0,1,1,1,4.40252,0,0.0149142,0.00264797,0.285477,0.383496
1613,1,0.1,0,0,1,1,1,4.40252,-0.00872665,0.00639178,0.00265587,0.380266,0.439893
1614,1,0.1,0,0,1,1,1,4.40252,0,0.00745708,0.00264785,0.367488,0.360938
1615,1,0.1,0,0,1,1,1,4.40252,0,-0.00532648,0.00266209,0.509987,0.383496
1616,1,0.1,0,0,1,1,1,4.40252,0.0244346,0.0170448,0.00265184,0.262551,0.47373
1617,1,0.1,0,0,1,1,1,4.40243,-0.020944,0.00852238,0.00260226,0.349753,0.383496
1618,1,0.1,0,0,1,1,1,4.40243,0,0.00852238,0.002593,0.34853,0.462451
1619,1,0.1,0,0,1,1,1,4.40252,0,0.00532648,0.00259294,0.383677,0.462451
1620,1,0.1,0,0,1,1,1,4.40252,0,-0.0010653,0.0025826,0.452621,0.47373
1621,1,0.1,0,0,1,1,1,4.40252,0,0.00319589,0.00258127,0.405573,0.383496
1622,1,0.1,0,0,1,1,1,4.40252,0,0.0159795,0.00255807,0.261891,0.406055
1623,1,0.1,0,0,1,1,1,4.40252,0,0.0127836,0.00254846,0.295777,0.541406
1624,1,0.1,0,0,1,1,1,4.40252,0,-0.0117183,0.00254379,0.564673,0.552686
1625,1,0.1,0,0,1,1,1,4.40252,0,0.010653,0.00253154,0.316981,0.428613
1626,1,0.1,0,0,1,1,1,4.40252,-0.0139626,-0.0138489,0.00252016,0.584998,0.462451
1627,1,0.1,0,0,1,1,1,4.40252,0.00174533,-0.00213059,0.00249704,0.453045,0.270703
1628,1,0.1,0,0,1,1,1,4.40243,0.00523599,-5.21845e-19,0.0024896,0.428628,0.406055
1629,1,0.1,0,0,1,1,1,4.40252,0,0.00213059,0.00246152,0.401484,0.451172
1630,1,0.1,0,0,1,1,1,4.40252,0,0.010653,0.0024634,0.307986,0.406055
1631,1,0.1,0,0,1,1,1,4.40252,-0.00349066,0.010653,0.00244946,0.306146,0.417334
1632,1,0.1,0,0,1,1,1,4.40252,0.00872665,-0.00532648,0.00240291,0.475776,0.304541
1633,1,0.1,0,0,1,1,1,4.40243,0.010472,-0.00532648,0.00242114,0.478181,0.3271
1634,1,0.1,0,0,1,1,1,4.40252,0.0174533,0.0245018,0.00239822,0.147044,0.338379
1635,1,0.1,0,0,1,1,1,4.40243,-0.0122173,0.00958767,0.00239426,0.310578,0.394775
1636,1,0.1,0,0,1,1,1,4.40252,0.010472,0.00958767,0.00236475,0.306683,0.3271
1637,1,0.1,0,0,1,1,1,4.40243,0,0.00426119,0.00232041,0.35942,0.281982
1638,1,0.1,0,0,1,1,1,4.40243,0,-0.0159795,0.00231729,0.581657,0.349658
1639,1,0.1,0,0,1,1,1,4.40252,0.0366519,0.0159795,0.00232484,0.231105,0.417334
1640,1,0.1,0,0,1,1,1,4.40252,0,-1.43507e-18,0.00230055,0.403672,0.293262
1641,1,0.1,0,0,1,1,1,4.40243,0,-0.0213059,0.0023227,0.640962,0.360938
1642,1,0.1,0,0,1,1,1,4.40243,0,-0.0138489,0.0022962,0.555436,0.372217
1643,1,0.1,0,0,1,1,1,4.40243,0.0331613,-0.0117183,0.00227826,0.529631,0.3271
1644,1,0.1,0,0,1,1,1,4.40243,-0.00872665,-0.00532648,0.00228628,0.46038,0.518848
1645,1,0.1,0,0,1,1,1,4.40252,-0.0279253,0.00319589,0.00226993,0.364476,0.349658
1646,1,0.1,0,0,1,1,1,4.40243,-0.015708,0.0213059,0.00227253,0.165609,0.406055
1647,1,0.1,0,0,1,1,1,4.40233,-0.00872665,0.0234365,0.00224858,0.139011,0.372217
1648,1,0.1,0,0,1,1,1,4.40243,0,0.0159795,0.0022214,0.217451,0.3271
1649,1,0.1,0,0,1,1,1,4.40243,0,0.010653,0.0022668,0.282036,0.48501
1650,1,0.1,0,0,1,1,1,4.40252,0,0.00426119,0.00223687,0.348394,0.349658
1651,1,0.1,0,0,1,1,1,4.40233,0,0.00213059,0.00220768,0.367977,0.338379
1652,1,0.1,0,0,1,1,1,4.40243,0,0.00213059,0.00221228,0.368584,0.451172
1653,1,0.1,0,0,1,1,1,4.40243,0,0.0191753,0.00218953,0.178089,0.417334
1654,1,0.1,0,0,1,1,1,4.40243,0,0.00745708,0.00218369,0.306219,0.372217
1655,1,0.1,0,0,1,1,1,4.40243,0,-0.0191753,0.00218055,0.598762,0.281982
1656,1,0.1,0,0,1,1,1,4.40243,0.0279253,-0.0010653,0.00217185,0.398402,0.496289
1657,1,0.1,0,0,1,1,1,4.40243,0,0.00745708,0.00215341,0.302222,0.383496
1658,1,0.1,0,0,1,1,1,4.40243,0,0.0255671,0.0021781,0.10627,0.47373
1659,1,0.1,0,0,1,1,1,4.40233,-0.0349066,-0.0010653,0.0021689,0.398013,0.372217
1660,1,0.1,0,0,1,1,1,4.40243,0.020944,0.010653,0.00214367,0.265782,0.383496
1661,1,0.1,0,0,1,1,1,4.40233,0,-0.00532648,0.00214247,0.441397,0.462451
1662,1,0.1,0,0,1,1,1,4.40243,0,-0.010653,0.00216463,0.502913,0.428613
1663,1,0.1,0,0,1,1,1,4.40243,0.00523599,-0.00852238,0.0021553,0.478245,0.360938
1664,1,0.1,0,0,1,1,1,4.40243,-0.00698132,0.00213059,0.00216052,0.361752,0.462451
1665,1,0.1,0,0,1,1,1,4.40243,-0.015708,0.0010653,0.00214553,0.371491,0.248145
1666,1,0.1,0,0,1,1,1,4.40243,0.0488692,-0.00426119,0.00212996,0.428027,0.462451
1667,1,0.1,0,0,1,1,1,4.40233,-0.00872665,0.00426119,0.00210063,0.33041,0.225586
1668,1,0.1,0,0,1,1,1,4.40243,0.0279253,-0.0010653,0.00208678,0.387173,0.406055
1669,1,0.1,0,0,1,1,1,4.40243,0,0.00532648,0.00207475,0.315276,0.360938
1670,1,0.1,0,0,1,1,1,4.40243,0,-0.00852238,0.0021024,0.471262,0.293262
1671,1,0.1,0,0,1,1,1,4.40243,0.010472,0.00213059,0.00209275,0.352806,0.383496
1672,1,0.1,0,0,1,1,1,4.40243,0,0.00745708,0.00208578,0.293296,0.360938
1673,1,0.1,0,0,1,1,1,4.40243,0,0.00639178,0.00204998,0.300249,0.451172
1674,1,0.1,0,0,1,1,1,4.40233,-0.0383972,-0.00532648,0.00205403,0.429724,0.383496
1675,1,0.1,0,0,1,1,1,4.40243,0.00174533,-0.0127836,0.00203896,0.509762,0.293262
1676,1,0.1,0,0,1,1,1,4.40233,0,0.0159795,0.00201876,0.190702,0.349658
1677,1,0.1,0,0,1,1,1,4.40233,-0.0279253,-0.0127836,0.00201246,0.506264,0.338379
1678,1,0.099999,-0.000755231,-0.374704,1,1,1,4.40243,0.0139626,-0.0127836,0.00199923,0.442115,0.383496
1679,1,0.0999887,-0.00374832,-0.817802,1,1,1,4.40233,0,0.00213059,0.00198672,0.176779,0.214307
1680,1,0.0999579,-0.00888681,-1.2331,1,1,1,4.40233,0,-0.0127836,0.0019338,0.211763,0.15791
1681,1,0.0998964,-0.0160333,-1.6212,1,1,1,4.40224,0,0.00745708,0.001876,-0.161445,0.124072
1682,1,0.0997945,-0.0250542,-1.98272,1,1,1,4.40214,-0.020944,0.0170448,0.00175561,-0.445657,0.0789551
1683,1,0.099643,-0.0358175,-2.31821,1,1,1,4.40195,-0.0610865,0.00213059,0.00163314,-0.478232,-0.0112793
1684,1,0.0994336,-0.0481949,-2.62826,1,1,1,4.40166,-0.0663225,-0.0276977,0.00148892,-0.366596,-0.0789551
1685,1,0.0991586,-0.0620573,-2.91336,1,1,1,4.40109,-0.0872665,-0.0234365,0.00128823,-0.65286,-0.259424
1686,1,0.0988108,-0.077287,-3.1742,1,1,1,4.4007,-0.0855211,-0.0511343,0.00110396,-0.599252,-0.507568
1687,1,0.0983836,-0.09376,-3.4113,1,1,1,4.40032,-0.0698132,-0.068179,0.00090871,-0.676573,-0.812109
1688,1,0.0978713,-0.111362,-3.62525,1,1,1,4.39994,-0.0698132,-0.0692443,0.000692158,-0.943413,-0.868506
1689,1,0.0972683,-0.129976,-3.81662,1,1,1,4.39936,-0.0942478,-0.103334,0.000487242,-0.85514,-0.902344
1690,1,0.09657,-0.149491,-3.98598,1,1,1,4.39888,-0.1309,-0.105464,0.000329199,-1.11908,-0.857227
1691,1,0.0957721,-0.169799,-4.13391,1,1,1,4.39802,-0.178024,-0.134227,0.000138014,-1.10233,-1.00386
1692,1,0.0948708,-0.190796,-4.261,1,1,1,4.39725,-0.198968,-0.158729,-3.64059e-05,-1.13578,-1.15049
1693,1,0.0938632,-0.212375,-4.3678,1,1,1,4.39629,-0.153589,-0.184296,-0.000167551,-1.15505,-1.00386
1694,1,0.0927463,-0.23444,-4.45491,1,1,1,4.39543,-0.263545,-0.209863,-0.000276345,-1.17446,-1.00386
1695,1,0.0915181,-0.256893,-4.5229,1,1,1,4.3938,-0.254818,-0.245018,-0.000393227,-1.09186,-1.15049
1696,1,0.090177,-0.279638,-4.57234,1,1,1,4.39294,-0.202458,-0.270585,-0.000460883,-1.10808,-1.00386
1697,1,0.0887214,-0.302586,-4.60381,1,1,1,4.3914,-0.301942,-0.281238,-0.000561472,-1.29329,-1.16177
1698,1,0.0871508,-0.325648,-4.61788,1,1,1,4.38997,-0.3735,-0.290826,-0.000671507,-1.49073,-1.09409
1699,1,0.0854648,-0.348738,-4.61513,1,1,1,4.38795,-0.371755,-0.324916,-0.000771264,-1.41563,-1.36479
1700,1,0.0836636,-0.371772,-4.59614,1,1,1,4.38642,-0.37001,-0.366462,-0.000844538,-1.25146,-1.13921
1701,1,0.0817472,-0.394674,-4.56148,1,1,1,4.38421,-0.390954,-0.389899,-0.000895105,-1.27911,-1.31968
1702,1,0.0797171,-0.417362,-4.51173,1,1,1,4.38258,-0.403171,-0.380311,-0.000969385,-1.66808,-1.33096
1703,1,0.0775742,-0.439765,-4.44747,1,1,1,4.3798,-0.511381,-0.433576,-0.0010213,-1.35816,-1.44375
1704,1,0.0753199,-0.461815,-4.36925,1,1,1,4.37808,-0.380482,-0.471927,-0.000965085,-1.18918,-1.27456
1705,1,0.0729566,-0.483438,-4.27768,1,1,1,4.37539,-0.560251,-0.480449,-0.000920035,-1.34262,-1.28584
1706,1,0.0704868,-0.504567,-4.17335,1,1,1,4.3729,-0.581195,-0.542236,-0.000896374,-0.905905,-1.36479
1707,1,0.067912,-0.525149,-4.05677,1,1,1,4.37002,-0.403171,-0.552889,-0.000796723,-1.01053,-1.22944
1708,1,0.0652359,-0.545118,-3.92856,1,1,1,4.36801,-0.565487,-0.562477,-0.000655954,-1.1116,-0.936182
1709,1,0.062462,-0.564416,-3.78931,1,1,1,4.36427,-0.614356,-0.57526,-0.000627838,-1.18466,-1.13921
1710,1,0.0595929,-0.582994,-3.63955,1,1,1,4.36197,-0.541052,-0.602958,-0.000588714,-1.08173,-1.39863
1711,1,0.0566334,-0.600795,-3.47991,1,1,1,4.35833,-0.647517,-0.612546,-0.000498735,-1.15935,-1.13921
1712,1,0.0535866,-0.617776,-3.31093,1,1,1,4.35574,-0.640536,-0.622133,-0.000426968,-1.22791,-1.06025
1713,1,0.0504572,-0.633889,-3.1332,1,1,1,4.3521,-0.624828,-0.626395,-0.000383107,-1.34727,-1.19561
1714,1,0.0472489,-0.649096,-2.94725,1,1,1,4.34931,-0.706858,-0.642374,-0.000274288,-1.31577,-0.981299
1715,1,0.0439676,-0.66335,-2.75374,1,1,1,4.34548,-0.666716,-0.651962,-0.000215647,-1.34937,-1.12793
1716,1,0.0406171,-0.676621,-2.55318,1,1,1,4.3427,-0.689405,-0.674333,-0.000171754,-1.23152,-1.15049
1717,1,0.037203,-0.688872,-2.34618,1,1,1,4.33848,-0.626573,-0.700965,-0.000106162,-1.0497,-1.08281
1718,1,0.0337304,-0.700072,-2.13332,1,1,1,4.33589,-0.706858,-0.708422,-4.76704e-05,-1.06586,-1.04897
1719,1,0.030204,-0.710196,-1.91513,1,1,1,4.331,-0.727802,-0.729728,1.4408e-05,-0.915453,-0.981299
1720,1,0.0266302,-0.719216,-1.69224,1,1,1,4.32841,-0.706858,-0.738251,9.00867e-05,-0.889269,-1.04897
1721,1,0.0230139,-0.727111,-1.46519,1,1,1,4.32381,-0.692896,-0.762753,0.000200779,-0.66723,-0.902344
1722,1,0.0193608,-0.733862,-1.23456,1,1,1,4.32094,-0.741765,-0.743577,0.000291447,-0.913588,-0.879785
1723,1,0.015677,-0.739452,-1.00095,1,1,1,4.31614,-0.689405,-0.755296,0.000377207,-0.806119,-0.699316
1724,1,0.0119684,-0.743867,-0.764924,1,1,1,4.31336,-0.757473,-0.773406,0.000533927,-0.60328,-0.710596
1725,1,0.00824047,-0.747098,-0.527049,1,1,1,4.30876,-0.738274,-0.767014,0.000616394,-0.665781,-0.64292
1726,1,0.00449957,-0.749136,-0.287917,1,1,1,4.3056,-0.836013,-0.753165,0.000679881,-0.798015,-0.755713
1727,1,0.00075086,-0.749976,-0.0480548,1,1,1,4.3009,-0.680678,-0.769144,0.000709389,-0.593009,-0.845947
1728,1,-0.00299829,-0.749616,0.191874,1,1,1,4.29812,-0.747001,-0.768079,0.000783818,-0.553527,-0.778271
1729,1,-0.00674327,-0.748058,0.431382,1,1,1,4.29342,-0.720821,-0.743577,0.000794532,-0.766385,-0.688037
1730,1,-0.0104768,-0.745305,0.669809,1,1,1,4.29045,-0.788889,-0.740381,0.00118622,-0.680193,-0.80083
1731,1,-0.014194,-0.741362,0.906657,1,1,1,4.28604,-0.637045,-0.731859,0.000847574,-0.734202,-0.507568
1732,1,-0.0178886,-0.736241,1.14131,1,1,1,4.28326,-0.759218,-0.738251,0.000916492,-0.555768,-0.518848
1733,1,-0.0215548,-0.729953,1.37321,1,1,1,4.27856,-0.787143,-0.724402,0.00128448,-0.547511,-0.383496
1734,1,-0.0251863,-0.722515,1.60175,1,1,1,4.27549,-0.785398,-0.73612,0.0013472,-0.285534,-0.575244
1735,1,-0.0287778,-0.713943,1.82638,1,1,1,4.27147,-0.659734,-0.735055,0.00140599,-0.152238,-0.462451
1736,1,-0.0323234,-0.70426,2.04649,1,1,1,4.26849,-0.745256,-0.71588,0.00143275,-0.209382,-0.304541
1737,1,-0.0358186,-0.693486,2.26158,1,1,1,4.26427,-0.66148,-0.689247,0.00149002,-0.331892,-0.270703
1738,1,-0.039257,-0.681652,2.47101,1,1,1,4.26178,-0.603884,-0.692443,0.00153739,-0.115187,-0.259424
1739,1,-0.0426333,-0.668787,2.6742,1,1,1,4.25833,-0.55676,-0.659419,0.00153065,-0.292483,-0.270703
1740,1,-0.045943,-0.654922,2.87061,1,1,1,4.25603,-0.527089,-0.641309,0.00151832,-0.294944,-0.101514
1741,1,-0.0491812,-0.640092,3.05966,1,1,1,4.25239,-0.74351,-0.62746,0.0014161,-0.251724,-0.281982
1742,1,-0.0523423,-0.624339,3.24073,1,1,1,4.24922,-0.811578,-0.60935,0.00132489,-0.243498,-0.214307
1743,1,-0.0554228,-0.6077,3.41329,1,1,1,4.24462,-0.71733,-0.602958,0.00124274,-0.0956746,-0.304541
1744,1,-0.0584182,-0.59022,3.57676,1,1,1,4.24222,-0.535816,-0.572064,0.00115967,-0.208119,-0.31582
1745,1,-0.0613237,-0.571949,3.73053,1,1,1,4.23925,-0.555015,-0.566738,0.00110873,-0.0268943,-0.169189
1746,1,-0.0641361,-0.552933,3.87406,1,1,1,4.23695,-0.572468,-0.542236,0.00109121,-0.0444882,-0.0902344
1747,1,-0.0668521,-0.533225,4.00678,1,1,1,4.23388,-0.453786,-0.52093,0.00108134,-0.0189363,-0.0225586
1748,1,-0.0694676,-0.512883,4.12807,1,1,1,4.23244,-0.300197,-0.511343,0.00109674,0.14503,0.0225586
1749,1,-0.0719798,-0.491965,4.23738,1,1,1,4.23053,-0.518363,-0.498559,0.00111953,0.280196,0.0676758
1750,1,-0.0743863,-0.470531,4.33415,1,1,1,4.22784,-0.668461,-0.467665,0.00105298,0.208695,0.0676758
1751,1,-0.0766842,-0.448647,4.41777,1,1,1,4.22449,-0.466003,-0.433576,0.00097322,0.104309,0.0112793
1752,1,-0.0788721,-0.426376,4.48769,1,1,1,4.22295,-0.349066,-0.408009,0.000943976,0.103225,0.0338379
1753,1,-0.0809476,-0.403793,4.54333,1,1,1,4.22152,-0.219911,-0.399486,0.000947018,0.295558,0.112793
1754,1,-0.0829095,-0.380968,4.5841,1,1,1,4.21989,-0.511381,-0.351548,0.000846844,0.0409486,0.101514
1755,1,-0.0847571,-0.357977,4.60944,1,1,1,4.21739,-0.315905,-0.351548,0.0007615,0.315312,0.112793
1756,1,-0.0864891,-0.334901,4.61876,1,1,1,4.21634,-0.244346,-0.314263,0.000704311,0.183055,0.124072
1757,1,-0.088106,-0.311817,4.6115,1,1,1,4.21452,-0.331613,-0.301479,0.000573598,0.306656,0.0789551
1758,1,-0.0896076,-0.288813,4.58707,1,1,1,4.21327,-0.305433,-0.241822,0.000448009,-0.08777,0.112793
1759,1,-0.0909944,-0.265977,4.5449,1,1,1,4.21193,-0.198968,-0.258867,0.00035138,0.360126,0.281982
1760,1,-0.0922678,-0.243394,4.48441,1,1,1,4.21116,-0.18675,-0.196015,0.000249118,-0.0761457,0.372217
1761,1,-0.0934289,-0.221164,4.40504,1,1,1,4.20982,-0.277507,-0.192819,5.04485e-05,0.12104,0.15791
1762,1,-0.0944801,-0.199377,4.30619,1,1,1,4.20896,-0.15708,-0.154468,-0.000134727,-0.0744777,0.15791
1763,1,-0.0954236,-0.178135,4.1873,1,1,1,4.20838,-0.118682,-0.14488,-0.000354939,0.0312602,0.124072
1764,1,-0.0962626,-0.157537,4.04778,1,1,1,4.20781,-0.146608,-0.132097,-0.000609191,0.0853317,0.0902344
1765,1,-0.0970002,-0.137693,3.88708,1,1,1,4.20723,-0.0593412,-0.0809626,-0.000877732,-0.296824,-0.0902344
1766,1,-0.0976409,-0.118703,3.70459,1,1,1,4.20694,-0.0645772,-0.0532648,-0.00123255,-0.448054,-0.0338379
1767,1,-0.0981889,-0.100685,3.49979,1,1,1,4.20646,-0.0698132,-0.028763,-0.00155691,-0.575472,-0.101514
1768,1,-0.0986495,-0.0837437,3.272,1,1,1,4.20637,-0.015708,-0.00958767,-0.00189541,-0.66343,-0.203027
1769,1,-0.0990284,-0.0680018,3.02075,1,1,1,4.20608,-0.10472,-0.0223712,-0.00225224,-0.421806,-0.552686
1770,1,-0.0993317,-0.0535765,2.74542,1,1,1,4.20531,-0.214675,0.0213059,-0.00261956,-0.822051,-0.597803
1771,1,-0.0995665,-0.040589,2.44544,1,1,1,4.20435,-0.00349066,0.0117183,-0.00297536,-0.657037,-1.07153
1772,1,-0.0997402,-0.0291646,2.12023,1,1,1,4.20464,0.0663225,-0.0149142,-0.00319032,-0.306414,-0.710596
1773,1,-0.099861,-0.0194299,1.76921,1,1,1,4.20474,0.0139626,0.0138489,-0.00333884,-0.57903,-0.507568
1774,1,-0.0999376,-0.0115159,1.39179,1,1,1,4.20474,-0.00872665,-0.00213059,-0.00344317,-0.379725,-0.552686
1775,1,-0.0999794,-0.00555683,0.987459,1,1,1,4.20483,0.0191986,0.00639178,-0.00350254,-0.47059,-0.428613
1776,1,-0.0999966,-0.00168776,0.555588,1,1,1,4.20474,0,0.00958767,-0.00356852,-0.533604,-0.48501
1777,1,-0.1,-4.79276e-05,0.0955434,1,1,1,4.20474,0,0.0202406,-0.00361249,-0.706851,-0.372217
1778,1,-0.1,-0,-0,1,1,1,4.20464,-0.0506145,0.00319589,-0.0036374,-0.540545,-0.609082
1779,1,-0.1,-0,-0,1,1,1,4.20483,0,1.10892e-18,-0.00366168,-0.5137,-0.609082
1780,1,-0.1,-0,-0,1,1,1,4.20474,0,-0.00532648,-0.00367737,-0.461668,-0.507568
1781,1,-0.1,-0,-0,1,1,1,4.20474,0,-0.0117183,-0.00366821,-0.394406,-0.575244
1782,1,-0.1,-0,-0,1,1,1,4.20474,0,-0.0117183,-0.00364633,-0.395589,-0.496289
1783,1,-0.1,-0,-0,1,1,1,4.20474,0,0.00213059,-0.00364827,-0.552397,-0.575244
1784,1,-0.1,-0,-0,1,1,1,4.20474,0,0.00639178,-0.003654,-0.604401,-0.530127
1785,1,-0.1,-0,-0,1,1,1,4.20474,0,0.0149142,-0.00365997,-0.703405,-0.597803
1786,1,-0.1,-0,-0,1,1,1,4.20474,0,-0.00426119,-0.00362649,-0.492274,-0.518848
1787,1,-0.1,-0,-0,1,1,1,4.20474,0,-0.00532648,-0.00359156,-0.479555,-0.507568
1788,1,-0.1,-0,-0,1,1,1,4.20474,0,-0.0149142,-0.00361651,-0.382073,-0.597803
1789,1,-0.1,-0,-0,1,1,1,4.20483,0.0226893,0.00852238,-0.00360895,-0.642572,-0.462451
1790,1,-0.1,-0,-0,1,1,1,4.20474,-0.0279253,0.00639178,-0.0036441,-0.628959,-0.64292
1791,1,-0.1,-0,-0,1,1,1,4.20474,0,-0.00213059,-0.00364434,-0.540064,-0.64292
1792,1,-0.1,-0,-0,1,1,1,4.20474,0,0.0127836,-0.00364029,-0.707606,-0.597803
1793,1,-0.1,-0,-0,1,1,1,4.20474,-0.0314159,-0.0191753,-0.00360807,-0.355874,-0.575244
1794,1,-0.1,-0,-0,1,1,1,4.20483,0.0366519,0.00852238,-0.00358268,-0.660832,-0.518848
1795,1,-0.1,-0,-0,1,1,1,4.20464,-0.00174533,-0.0010653,-0.00357915,-0.559477,-0.552686
1796,1,-0.1,-0,-0,1,1,1,4.20474,0,0.00532648,-0.00359927,-0.633695,-0.620361
1797,1,-0.1,-0,-0,1,1,1,4.20464,0,0.01811,-0.003686,-0.785763,-0.586523
1798,1,-0.1,-0,-0,1,1,1,4.20464,-0.0279253,0.00319589,-0.00367026,-0.61963,-0.563965
1799,1,-0.1,-0,-0,1,1,1,4.20464,0,0.00532648,-0.00369096,-0.645799,-0.654199
1800,1,-0.1,-0,-0,1,1,1,4.20464,0,0.0149142,-0.00370862,-0.753594,-0.64292
1801,1,-0.1,-0,-0,1,1,1,4.20464,-0.00872665,-0.0255671,-0.00368876,-0.305677,-0.563965
1802,1,-0.1,-0,-0,1,1,1,4.20464,0,1.10892e-18,-0.00368259,-0.586101,-0.586523
1803,1,-0.1,-0,-0,1,1,1,4.20464,0,-0.0127836,-0.00365215,-0.441465,-0.597803
1804,1,-0.1,-0,-0,1,1,1,4.20464,0,-0.00745708,-0.00364576,-0.499213,-0.676758
1805,1,-0.1,-0,-0,1,1,1,4.20474,0.00698132,-0.0117183,-0.00362557,-0.449675,-0.597803
1806,1,-0.1,-0,-0,1,1,1,4.20474,0,0.010653,-0.00362864,-0.696163,-0.530127
1807,1,-0.1,-0,-0,1,1,1,4.20464,-0.00872665,-0.0010653,-0.00362552,-0.566851,-0.563965
1808,1,-0.1,-0,-0,1,1,1,4.20474,0.0174533,-0.00958767,-0.00361408,-0.471594,-0.575244
1809,1,-0.1,-0,-0,1,1,1,4.20474,0.0244346,0.028763,-0.00362027,-0.894268,-0.507568
1810,1,-0.1,-0,-0,1,1,1,4.20474,0,-0.010653,-0.00362778,-0.461685,-0.48501
1811,1,-0.1,-0,-0,1,1,1,4.20474,0.00349066,-0.0010653,-0.00363555,-0.568174,-0.48501
1812,1,-0.1,-0,-0,1,1,1,4.20474,-0.0366519,-0.0149142,-0.00361725,-0.413421,-0.530127
1813,1,-0.1,-0,-0,1,1,1,4.20474,0.00523599,-0.010653,-0.00357111,-0.454204,-0.64292
1814,1,-0.1,-0,-0,1,1,1,4.20474,0.0279253,-0.00213059,-0.00357657,-0.548671,-0.597803
1815,1,-0.1,-0,-0,1,1,1,4.20474,0,0.0170448,-0.00358753,-0.761046,-0.507568
1816,1,-0.1,-0,-0,1,1,1,4.20474,-0.0191986,0.0010653,-0.00359593,-0.586381,-0.518848
1817,1,-0.1,-0,-0,1,1,1,4.20474,0,-0.00852238,-0.00359475,-0.480761,-0.597803
1818,1,-0.1,-0,-0,1,1,1,4.20474,0,-0.0170448,-0.00359128,-0.386556,-0.609082
1819,1,-0.1,-0,-0,1,1,1,4.20474,0.0244346,0.0010653,-0.00357562,-0.5837,-0.541406
1820,1,-0.1,-0,-0,1,1,1,4.20474,-0.00349066,0.00426119,-0.00360802,-0.623132,-0.654199
1821,1,-0.1,-0,-0,1,1,1,4.20464,0.0174533,-0.00639178,-0.00360163,-0.505105,-0.597803
1822,1,-0.1,-0,-0,1,1,1,4.20474,0,0.0010653,-0.00362286,-0.589935,-0.609082
1823,1,-0.1,-0,-0,1,1,1,4.20464,0,0.0149142,-0.00364144,-0.744726,-0.699316
1824,1,-0.1,-0,-0,1,1,1,4.20464,0,0.0170448,-0.00364284,-0.768347,-0.665479
1825,1,-0.1,-0,-0,1,1,1,4.20464,-0.020944,0.00319589,-0.00365421,-0.617511,-0.507568
1826,1,-0.1,-0,-0,1,1,1,4.20464,0,-0.0117183,-0.00362591,-0.449719,-0.541406
1827,1,-0.1,-0,-0,1,1,1,4.20474,0,0.0170448,-0.00362644,-0.766183,-0.609082
1828,1,-0.1,-0,-0,1,1,1,4.20464,0,-0.010653,-0.00362173,-0.460885,-0.609082
1829,1,-0.1,-0,-0,1,1,1,4.20474,0,0.00745708,-0.00366542,-0.665864,-0.609082
1830,1,-0.1,-0,-0,1,1,1,4.20464,0,-0.0117183,-0.00365632,-0.453733,-0.699316
1831,1,-0.1,-0,-0,1,1,1,4.20474,0.00872665,-0.00319589,-0.00364395,-0.545847,-0.609082
1832,1,-0.1,-0,-0,1,1,1,4.20464,-0.0191986,0.00745708,-0.0036538,-0.66433,-0.597803
1833,1,-0.1,-0,-0,1,1,1,4.20464,0,0.00852238,-0.00365481,-0.67618,-0.733154
1834,1,-0.1,-0,-0,1,1,1,4.20474,0.020944,-0.00852238,-0.00368143,-0.492202,-0.631641
1835,1,-0.1,-0,-0,1,1,1,4.20464,0.0279253,-0.00426119,-0.00367102,-0.537702,-0.620361
1836,1,-0.1,-0,-0,1,1,1,4.20474,0,0.0276977,-0.00370544,-0.893792,-0.563965
1837,1,-0.1,-0,-0,1,1,1,4.20464,-0.0191986,0.00426119,-0.00374634,-0.64139,-0.563965
1838,1,-0.1,-0,-0,1,1,1,4.20464,0,-0.0010653,-0.00371917,-0.579212,-0.64292
1839,1,-0.1,-0,-0,1,1,1,4.20474,0,0.0213059,-0.00379373,-0.835137,-0.64292
1840,1,-0.1,-0,-0,1,1,1,4.20455,-0.00872665,0.00213059,-0.00379286,-0.624094,-0.688037
1841,1,-0.1,-0,-0,1,1,1,4.20474,0,0.00852238,-0.00379478,-0.694657,-0.518848
1842,1,-0.1,-0,-0,1,1,1,4.20464,0,0.00958767,-0.00378656,-0.70529,-0.64292
1843,1,-0.1,-0,-0,1,1,1,4.20464,-0.0139626,0.0138489,-0.00382962,-0.757847,-0.699316
1844,1,-0.1,-0,-0,1,1,1,4.20464,0,0.0159795,-0.00383462,-0.781944,-0.688037
1845,1,-0.1,-0,-0,1,1,1,4.20464,-0.0418879,0.00213059,-0.0038584,-0.632745,-0.699316
1846,1,-0.1,-0,-0,1,1,1,4.20464,0.010472,0.00958767,-0.00387814,-0.717379,-0.654199
1847,1,-0.1,-0,-0,1,1,1,4.20464,-0.0349066,0.0170448,-0.0038873,-0.800616,-0.710596
1848,1,-0.1,-0,-0,1,1,1,4.20464,0.0296706,0.00745708,-0.00387109,-0.693012,-0.688037
1849,1,-0.1,-0,-0,1,1,1,4.20464,0,-0.0138489,-0.0038702,-0.458529,-0.64292
1850,1,-0.1,-0,-0,1,1,1,4.20464,0,-0.00852238,-0.00389423,-0.520292,-0.778271
1851,1,-0.1,-0,-0,1,1,1,4.20474,0.0174533,0.00532648,-0.00388935,-0.671986,-0.518848
1852,1,-0.1,-0,-0,1,1,1,4.20464,-0.0506145,0.0159795,-0.00387545,-0.787334,-0.654199
1853,1,-0.1,-0,-0,1,1,1,4.20464,-0.00349066,0.0138489,-0.00390868,-0.768283,-0.64292
1854,1,-0.1,-0,-0,1,1,1,4.20464,0,-0.00532648,-0.0039065,-0.557067,-0.609082
1855,1,-0.1,-0,-0,1,1,1,4.20464,0,-0.00745708,-0.00389576,-0.532212,-0.609082
1856,1,-0.1,-0,-0,1,1,1,4.20464,0,-0.00213059,-0.00389239,-0.590359,-0.586523
1857,1,-0.1,-0,-0,1,1,1,4.20464,0,-7.82767e-19,-0.00389578,-0.614243,-0.654199
1858,1,-0.1,-0,-0,1,1,1,4.20464,-0.015708,-0.00319589,-0.0039043,-0.580212,-0.654199
1859,1,-0.1,-0,-0,1,1,1,4.20464,0,-0.0117183,-0.00390547,-0.486621,-0.744434
1860,1,-0.1,-0,-0,1,1,1,4.20464,0,0.00958767,-0.00390852,-0.72139,-0.64292
1861,1,-0.1,-0,-0,1,1,1,4.20464,-0.00872665,-0.00319589,-0.00388829,-0.578099,-0.609082
1862,1,-0.1,-0,-0,1,1,1,4.20464,0.00872665,-0.00213059,-0.00390663,-0.592238,-0.676758
1863,1,-0.1,-0,-0,1,1,1,4.20464,0.0314159,0.0117183,-0.00388481,-0.741695,-0.496289
1864,1,-0.1,-0,-0,1,1,1,4.20474,0,-0.0127836,-0.00389977,-0.47415,-0.64292
1865,1,-0.1,-0,-0,1,1,1,4.20474,0.0628319,0.00532648,-0.00387247,-0.669757,-0.48501
1866,1,-0.1,-0,-0,1,1,1,4.20474,-0.0645772,0.0149142,-0.00391595,-0.780962,-0.654199
1867,1,-0.1,-0,-0,1,1,1,4.20464,0.0174533,-0.00532648,-0.00396039,-0.564181,-0.721875
1868,1,-0.1,-0,-0,1,1,1,4.20464,0,-0.00319589,-0.00396402,-0.588095,-0.699316
1869,1,-0.1,-0,-0,1,1,1,4.20464,0.0174533,1.30461e-19,-0.00394977,-0.62137,-0.688037
1870,1,-0.1,-0,-0,1,1,1,4.20464,0.0174533,-0.00958767,-0.0039611,-0.517401,-0.64292
1871,1,-0.1,-0,-0,1,1,1,4.20464,0,0.00213059,-0.00395875,-0.645991,-0.64292
1872,1,-0.1,-0,-0,1,1,1,4.20464,0,0.0010653,-0.00396301,-0.634836,-0.699316
1873,1,-0.1,-0,-0,1,1,1,4.20464,0,0.00532648,-0.0039779,-0.683674,-0.586523
1874,1,-0.1,-0,-0,1,1,1,4.20455,-0.0349066,-0.00958767,-0.00402787,-0.526214,-0.665479
1875,1,-0.1,-0,-0,1,1,1,4.20464,0.0436332,0.0202406,-0.0040308,-0.854712,-0.609082
1876,1,-0.1,-0,-0,1,1,1,4.20464,-0.020944,-0.0127836,-0.00400327,-0.487813,-0.586523
1877,1,-0.1,-0,-0,1,1,1,4.20464,0.00872665,0.00745708,-0.00399653,-0.709569,-0.575244
1878,1,-0.1,-0,-0,1,1,1,4.20464,-0.00872665,0.00213059,-0.00398233,-0.649104,-0.597803
1879,1,-0.1,-0,-0,1,1,1,4.20464,-0.0279253,-0.0010653,-0.00400792,-0.617327,-0.620361
1880,1,-0.1,-0,-0,1,1,1,4.20455,0,0.01811,-0.00403028,-0.831207,-0.654199
1881,1,-0.1,-0,-0,1,1,1,4.20455,-0.0366519,-0.0138489,-0.00403531,-0.480323,-0.676758
1882,1,-0.1,-0,-0,1,1,1,4.20455,0.00174533,-0.00426119,-0.00406421,-0.589602,-0.64292
1883,1,-0.1,-0,-0,1,1,1,4.20464,0,-0.0010653,-0.00408632,-0.627675,-0.665479
1884,1,-0.1,-0,-0,1,1,1,4.20464,0,0.0117183,-0.00406873,-0.765973,-0.507568
1885,1,-0.1,-0,-0,1,1,1,4.20455,-0.0279253,-0.00745708,-0.00408181,-0.556771,-0.597803
1886,1,-0.1,-0,-0,1,1,1,4.20464,0.0226893,0.00319589,-0.00406233,-0.671383,-0.518848
1887,1,-0.1,-0,-0,1,1,1,4.20464,-0.020944,0.010653,-0.00406074,-0.753201,-0.676758
1888,1,-0.1,-0,-0,1,1,1,4.20464,0.0331613,0.01811,-0.00406896,-0.836313,-0.609082
1889,1,-0.1,-0,-0,1,1,1,4.20455,-0.0174533,0.00745708,-0.00411476,-0.725176,-0.676758
1890,1,-0.1,-0,-0,1,1,1,4.20464,0.015708,0.0138489,-0.00411249,-0.795187,-0.563965
1891,1,-0.1,-0,-0,1,1,1,4.20455,-0.020944,0.0191753,-0.00415003,-0.858732,-0.688037
1892,1,-0.1,-0,-0,1,1,1,4.20464,0.00698132,-0.00213059,-0.00420156,-0.631169,-0.789551
1893,1,-0.1,-0,-0,1,1,1,4.20455,0.0296706,-0.00319589,-0.00419276,-0.61829,-0.789551
1894,1,-0.1,-0,-0,1,1,1,4.20464,0.0331613,0.00745708,-0.00421158,-0.737956,-0.609082
1895,1,-0.1,-0,-0,1,1,1,4.20455,0,0.0127836,-0.00422741,-0.798637,-0.699316
1896,1,-0.1,-0,-0,1,1,1,4.20455,0,-0.00532648,-0.00421738,-0.598103,-0.620361
1897,1,-0.1,-0,-0,1,1,1,4.20455,0,-0.00852238,-0.00425259,-0.567596,-0.733154
1898,1,-0.1,-0,-0,1,1,1,4.20455,0.0174533,-0.0010653,-0.00429615,-0.655374,-0.64292
1899,1,-0.1,-0,-0,1,1,1,4.20455,0,0.00852238,-0.004294,-0.760555,-0.710596
1900,1,-0.1,-0,-0,1,1,1,4.20464,0,-0.00532648,-0.00426924,-0.604948,-0.552686
1901,1,-0.1,-0,-0,1,1,1,4.20464,0,0.0159795,-0.0042737,-0.839902,-0.586523
1902,1,-0.1,-0,-0,1,1,1,4.20455,0,6.52306e-20,-0.00426516,-0.663001,-0.563965
1903,1,-0.1,-0,-0,1,1,1,4.20464,-0.0191986,-0.00426119,-0.00429604,-0.620205,-0.789551
1904,1,-0.1,-0,-0,1,1,1,4.20455,0.010472,-0.00852238,-0.00430257,-0.574193,-0.733154
1905,1,-0.1,-0,-0,1,1,1,4.20464,0,0.010653,-0.00432921,-0.788639,-0.710596
1906,1,-0.1,-0,-0,1,1,1,4.20455,-0.0139626,0.00639178,-0.00429804,-0.737652,-0.64292
1907,1,-0.1,-0,-0,1,1,1,4.20455,-0.00872665,0.00532648,-0.00429126,-0.725037,-0.64292
1908,1,-0.1,-0,-0,1,1,1,4.20455,0,-0.0202406,-0.00424624,-0.437857,-0.733154
1909,1,-0.1,-0,-0,1,1,1,4.20464,0.00349066,-0.00745708,-0.00426486,-0.580934,-0.699316
1910,1,-0.1,-0,-0,1,1,1,4.20455,-0.00872665,-0.00852238,-0.00429396,-0.573057,-0.744434
1911,1,-0.1,-0,-0,1,1,1,4.20455,0.0244346,0.0149142,-0.00429441,-0.830917,-0.665479
1912,1,-0.1,-0,-0,1,1,1,4.20455,-0.0174533,-0.0010653,-0.00429927,-0.655785,-0.744434
1913,1,-0.1,-0,-0,1,1,1,4.20464,0,-0.010653,-0.00428158,-0.547986,-0.552686
1914,1,-0.1,-0,-0,1,1,1,4.20464,0,0.01811,-0.00431665,-0.869008,-0.676758
1915,1,-0.1,-0,-0,1,1,1,4.20455,-0.00523599,-0.00319589,-0.00433133,-0.636581,-0.665479
1916,1,-0.1,-0,-0,1,1,1,4.20455,0,-0.01811,-0.00432027,-0.471065,-0.755713
1917,1,-0.1,-0,-0,1,1,1,4.20464,0.0191986,-0.0138489,-0.00430377,-0.51576,-0.654199
1918,1,-0.1,-0,-0,1,1,1,4.20464,0,0.0202406,-0.00430253,-0.890581,-0.575244
1919,1,-0.1,-0,-0,1,1,1,4.20455,-0.0401426,-0.00532648,-0.00431247,-0.610655,-0.744434
1920,1,-0.1,-0,-0,1,1,1,4.20464,0.0418879,0.00958767,-0.00429861,-0.772881,-0.721875
1921,1,-0.1,-0,-0,1,1,1,4.20455,0,0.0138489,-0.00430327,-0.820369,-0.688037
1922,1,-0.1,-0,-0,1,1,1,4.20464,0.010472,-0.00639178,-0.00435861,-0.605027,-0.676758
1923,1,-0.1,-0,-0,1,1,1,4.20455,0.0174533,-0.00319589,-0.0043607,-0.640458,-0.710596
1924,1,-0.1,-0,-0,1,1,1,4.20455,-0.00349066,-0.00319589,-0.00437474,-0.642311,-0.789551
1925,1,-0.1,-0,-0,1,1,1,4.20464,0.00349066,0.00532648,-0.00441892,-0.741889,-0.654199
1926,1,-0.1,-0,-0,1,1,1,4.20455,-0.0226893,-0.010653,-0.00439526,-0.562992,-0.64292
1927,1,-0.1,-0,-0,1,1,1,4.20455,0,0.0266324,-0.00439451,-0.973032,-0.766992
1928,1,-0.1,-0,-0,1,1,1,4.20464,0.0349066,-0.00213059,-0.00435864,-0.651904,-0.710596
1929,1,-0.1,-0,-0,1,1,1,4.20455,0,-0.00745708,-0.00438672,-0.59702,-0.766992
1930,1,-0.1,-0,-0,1,1,1,4.20455,0,0.00958767,-0.00440499,-0.786923,-0.766992
1931,1,-0.1,-0,-0,1,1,1,4.20455,0,0.0117183,-0.00444429,-0.815547,-0.721875
1932,1,-0.1,-0,-0,1,1,1,4.20455,0,0.0234365,-0.00445639,-0.946045,-0.744434
1933,1,-0.1,-0,-0,1,1,1,4.20455,-0.0122173,-0.010653,-0.00439975,-0.563584,-0.586523
1934,1,-0.1,-0,-0,1,1,1,4.20464,0.00174533,-0.00639178,-0.00438574,-0.608608,-0.609082
1935,1,-0.1,-0,-0,1,1,1,4.20455,0,-0.00852238,-0.00440196,-0.587312,-0.699316
1936,1,-0.1,-0,-0,1,1,1,4.20455,0,0.00319589,-0.00439998,-0.715952,-0.766992
1937,1,-0.1,-0,-0,1,1,1,4.20455,0.015708,0.010653,-0.00440791,-0.799026,-0.541406
1938,1,-0.1,-0,-0,1,1,1,4.20455,-0.0436332,0.00426119,-0.00441625,-0.729818,-0.733154
1939,1,-0.1,-0,-0,1,1,1,4.20455,0,-0.0117183,-0.00439487,-0.551222,-0.778271
1940,1,-0.1,-0,-0,1,1,1,4.20455,0.00349066,-0.0245018,-0.00439365,-0.410442,-0.789551
1941,1,-0.1,-0,-0,1,1,1,4.20464,0.0383972,-0.00745708,-0.00439136,-0.597631,-0.654199
1942,1,-0.1,-0,-0,1,1,1,4.20455,-0.0244346,-0.0010653,-0.00436768,-0.664816,-0.620361
1943,1,-0.1,-0,-0,1,1,1,4.20455,0,0.0170448,-0.00436536,-0.863719,-0.620361
1944,1,-0.1,-0,-0,1,1,1,4.20455,0,0.00319589,-0.00439163,-0.714849,-0.913623
1945,1,-0.1,-0,-0,1,1,1,4.20455,0,0.00532648,-0.00438068,-0.736841,-0.586523
1946,1,-0.1,-0,-0,1,1,1,4.20455,0,-0.00532648,-0.00437941,-0.619491,-0.766992
1947,1,-0.1,-0,-0,1,1,1,4.20455,0,-0.00639178,-0.00435094,-0.604014,-0.586523
1948,1,-0.1,-0,-0,1,1,1,4.20455,0,-0.00852238,-0.0043998,-0.587027,-0.710596
1949,1,-0.1,-0,-0,1,1,1,4.20455,0.0506145,-0.00213059,-0.0043953,-0.656743,-0.699316
1950,1,-0.1,-0,-0,1,1,1,4.20455,0,0.00426119,-0.00441118,-0.729148,-0.721875
1951,1,-0.1,-0,-0,1,1,1,4.20455,0,0.010653,-0.0044324,-0.80226,-0.654199
1952,1,-0.1,-0,-0,1,1,1,4.20455,-0.0261799,-0.00426119,-0.00438918,-0.632499,-0.676758
1953,1,-0.1,-0,-0,1,1,1,4.20464,0,-0.0117183,-0.00436002,-0.546622,-0.609082
1954,1,-0.1,-0,-0,1,1,1,4.20464,0.0279253,0.01811,-0.00438547,-0.878092,-0.609082
1955,1,-0.1,-0,-0,1,1,1,4.20445,-0.0174533,-1.95692e-19,-0.00442423,-0.683998,-0.823389
1956,1,-0.1,-0,-0,1,1,1,4.20455,0.0296706,3.91384e-19,-0.00446876,-0.689876,-0.676758
1957,1,-0.1,-0,-0,1,1,1,4.20445,0,3.91384e-19,-0.00446592,-0.689501,-0.812109
1958,1,-0.1,-0,-0,1,1,1,4.20455,0,0.00958767,-0.00447054,-0.795576,-0.688037
1959,1,-0.1,-0,-0,1,1,1,4.20455,0,0.00745708,-0.00445374,-0.769922,-0.710596
1960,1,-0.1,-0,-0,1,1,1,4.20455,0,0.0191753,-0.00445263,-0.898676,-0.755713
1961,1,-0.1,-0,-0,1,1,1,4.20445,-0.020944,-0.0213059,-0.00446457,-0.454958,-0.789551
1962,1,-0.1,-0,-0,1,1,1,4.20455,0.0453786,0.00852238,-0.00448076,-0.785206,-0.654199
1963,1,-0.1,-0,-0,1,1,1,4.20445,0,0.0010653,-0.00449379,-0.704899,-0.552686
1964,1,-0.1,-0,-0,1,1,1,4.20455,0,-0.00958767,-0.00448616,-0.586709,-0.64292
1965,1,-0.1,-0,-0,1,1,1,4.20455,0.015708,0.0117183,-0.00450134,-0.823078,-0.597803
1966,1,-0.1,-0,-0,1,1,1,4.20455,0,-0.0117183,-0.00449516,-0.564461,-0.563965
1967,1,-0.1,-0,-0,1,1,1,4.20455,0,0.0127836,-0.004521,-0.837391,-0.665479
1968,1,-0.1,-0,-0,1,1,1,4.20455,0,-0.00213059,-0.00452562,-0.673945,-0.631641
1969,1,-0.1,-0,-0,1,1,1,4.20455,0.00174533,0.00213059,-0.00454512,-0.723392,-0.676758
1970,1,-0.1,-0,-0,1,1,1,4.20455,-0.0296706,-0.00745708,-0.00455598,-0.619362,-0.744434
1971,1,-0.1,-0,-0,1,1,1,4.20455,0.0122173,-0.00426119,-0.00456903,-0.656239,-0.654199
1972,1,-0.1,-0,-0,1,1,1,4.20445,-0.0558505,-0.010653,-0.00457801,-0.587115,-0.879785
1973,1,-0.1,-0,-0,1,1,1,4.20455,0,-0.00319589,-0.00461388,-0.673878,-0.699316
1974,1,-0.1,-0,-0,1,1,1,4.20445,0,0.0010653,-0.00458684,-0.717181,-0.631641
1975,1,-0.1,-0,-0,1,1,1,4.20445,-0.00872665,0.00532648,-0.00457242,-0.762151,-0.744434
1976,1,-0.1,-0,-0,1,1,1,4.20455,0.0122173,-0.0117183,-0.00457791,-0.575383,-0.823389
1977,1,-0.1,-0,-0,1,1,1,4.20455,0.0471239,-0.00532648,-0.00459507,-0.647958,-0.778271
1978,1,-0.099999,0.00075532,0.374726,1,1,1,4.20445,-0.0314159,0.00745708,-0.00460764,-0.72782,-0.710596
1979,1,-0.0999887,0.00374796,0.817764,1,1,1,4.20445,0.010472,0.0266324,-0.00462871,-0.8419,-0.620361
1980,1,-0.0999579,0.00888634,1.23307,1,1,1,4.20455,0,-0.00319589,-0.00459339,-0.387026,-0.518848
1981,1,-0.0998964,0.016033,1.62119,1,1,1,4.20464,0.0279253,0.010653,-0.00452308,-0.387128,-0.372217
1982,1,-0.0997945,0.0250538,1.98271,1,1,1,4.20474,0.00698132,0.00213059,-0.00445889,-0.122653,-0.383496
1983,1,-0.099643,0.0358184,2.31824,1,1,1,4.20483,0.0506145,0.010653,-0.00431822,-0.017804,-0.248145
1984,1,-0.0994336,0.0481931,2.62821,1,1,1,4.20502,0.0453786,0.010653,-0.0041617,0.199112,-0.180469
1985,1,-0.0991586,0.062059,2.91339,1,1,1,4.20512,0.020944,0.010653,-0.00396544,0.436211,-0.101514
1986,1,-0.0988108,0.0772867,3.1742,1,1,1,4.20531,0.0628319,0.00852238,-0.00367703,0.723071,0.0676758
1987,1,-0.0983836,0.0937603,3.4113,1,1,1,4.20618,0.228638,0.0298283,-0.00339819,0.763458,0.338379
1988,1,-0.0978713,0.111362,3.62525,1,1,1,4.20742,0.286234,0.0372854,-0.00302831,0.980652,0.654199
1989,1,-0.0972684,0.129975,3.81661,1,1,1,4.20781,0,0.068179,-0.00265787,0.949587,0.981299
1990,1,-0.09657,0.149492,3.98598,1,1,1,4.20809,0.0767945,0.0958767,-0.00240274,0.944683,0.766992
1991,1,-0.095772,0.169801,4.13392,1,1,1,4.20876,0.172788,0.115052,-0.00218101,1.03658,1.0377
1992,1,-0.0948708,0.190797,4.261,1,1,1,4.20944,0.122173,0.147011,-0.00196546,0.991867,0.981299
1993,1,-0.0938631,0.212378,4.36781,1,1,1,4.2102,0.197222,0.165121,-0.00171201,1.10962,0.95874
1994,1,-0.0927463,0.23444,4.45491,1,1,1,4.21126,0.249582,0.175774,-0.00146743,1.31119,0.97002
1995,1,-0.091518,0.256894,4.5229,1,1,1,4.2125,0.253073,0.227974,-0.00126839,1.05202,1.16177
1996,1,-0.0901769,0.279639,4.57234,1,1,1,4.21337,0.200713,0.254606,-0.00109007,1.07136,1.12793
1997,1,-0.0887214,0.302586,4.60381,1,1,1,4.215,0.280998,0.273781,-0.000949821,1.16713,1.15049
1998,1,-0.0871508,0.325648,4.61788,1,1,1,4.21615,0.289725,0.288695,-0.000810263,1.30877,1.19561
1999,1,-0.0854647,0.348739,4.61513,1,1,1,4.21787,0.296706,0.328111,-0.000677872,1.17838,1.02642
2000,1,-0.0836635,0.371773,4.59614,1,1,1,4.21931,0.438078,0.354744,-0.000560048,1.18345,1.252
2001,1,-0.0817472,0.394674,4.56148,1,1,1,4.22152,0.29147,0.371789,-0.00042696,1.29227,1.27456
2002,1,-0.0797171,0.417362,4.51173,1,1,1,4.22314,0.466003,0.382442,-0.000324991,1.46202,1.33096
2003,1,-0.0775742,0.439766,4.44746,1,1,1,4.22554,0.389208,0.411205,-0.000198047,1.43103,1.37607
2004,1,-0.07532,0.461815,4.36925,1,1,1,4.22717,0.420624,0.451686,-6.57432e-05,1.26588,1.31968
2005,1,-0.0729568,0.483436,4.27769,1,1,1,4.23014,0.492183,0.459143,7.18697e-05,1.45756,1.50015
2006,1,-0.0704864,0.50457,4.17333,1,1,1,4.23225,0.47822,0.509212,0.000118892,1.15969,1.29712
2007,1,-0.067912,0.525149,4.05677,1,1,1,4.23484,0.509636,0.517734,0.000177978,1.31142,1.31968
2008,1,-0.0652359,0.545119,3.92856,1,1,1,4.23724,0.548033,0.541171,0.000193259,1.28354,1.24072
2009,1,-0.0624619,0.564417,3.7893,1,1,1,4.2404,0.514872,0.560346,0.000237688,1.29714,1.252
2010,1,-0.0595931,0.582993,3.63956,1,1,1,4.2427,0.602139,0.585913,0.000236591,1.22349,1.19561
2011,1,-0.0566334,0.600795,3.47991,1,1,1,4.24625,0.633555,0.589109,0.00031693,1.39656,1.45503
2012,1,-0.0535863,0.617778,3.31091,1,1,1,4.24884,0.607375,0.624264,0.000340632,1.19897,1.3084
2013,1,-0.0504571,0.63389,3.13319,1,1,1,4.25239,0.607375,0.637048,0.000296872,1.22506,1.24072
2014,1,-0.047249,0.649095,2.94726,1,1,1,4.25507,0.678933,0.649831,0.000270779,1.24122,1.22944
2015,1,-0.0439679,0.663349,2.75376,1,1,1,4.25929,0.68766,0.693508,0.000210406,0.9001,1.11665
2016,1,-0.0406171,0.676621,2.55318,1,1,1,4.26207,0.678933,0.703096,7.39414e-05,0.908381,0.981299
2017,1,-0.0372029,0.688872,2.34618,1,1,1,4.26581,0.712094,0.6999,-2.23669e-05,1.04999,0.936182
2018,1,-0.0337301,0.700073,2.1333,1,1,1,4.26897,0.804597,0.705227,-0.000116472,1.08427,0.97002
2019,1,-0.030204,0.710196,1.91513,1,1,1,4.273,0.657989,0.738251,-0.000204267,0.801083,0.766992
2020,1,-0.0266302,0.719216,1.69224,1,1,1,4.27597,0.816814,0.719075,-0.000242124,1.08424,0.868506
2021,1,-0.0230137,0.727111,1.46518,1,1,1,4.28038,0.698132,0.726533,-0.000271597,1.06167,1.0377
2022,1,-0.0193609,0.733862,1.23457,1,1,1,4.28335,0.801106,0.743577,-0.000294827,0.920542,1.18433
2023,1,-0.0156773,0.739452,1.00097,1,1,1,4.28786,0.623083,0.760622,-0.000342702,0.760549,0.834668
2024,1,-0.0119686,0.743867,0.764937,1,1,1,4.29064,0.741765,0.744643,-0.000425262,0.943293,0.710596
2025,1,-0.00824064,0.747098,0.527059,1,1,1,4.29543,0.809833,0.751034,-0.000436368,0.876585,0.812109
2026,1,-0.00449937,0.749136,0.287904,1,1,1,4.2985,0.760964,0.777667,-0.000518685,0.56135,0.868506
2027,1,-0.000750943,0.749976,0.0480601,1,1,1,4.30291,0.720821,0.749969,-0.000567599,0.833208,0.823389
2028,1,0.00299827,0.749616,-0.191873,1,1,1,4.30608,0.788889,0.758491,-0.000635975,0.689476,0.688037
2029,1,0.00674285,0.748058,-0.431356,1,1,1,4.31058,0.792379,0.778732,-0.000718675,0.400227,0.597803
2030,1,0.0104768,0.745305,-0.669809,1,1,1,4.31375,0.771436,0.775536,-0.000810818,0.352383,0.676758
2031,1,0.0141941,0.741362,-0.906661,1,1,1,4.31787,0.631809,0.773406,-0.00090173,0.278054,0.47373
2032,1,0.0178887,0.736241,-1.14132,1,1,1,4.32074,0.773181,0.743577,-0.00102013,0.489955,0.563965
2033,1,0.0215546,0.729954,-1.3732,1,1,1,4.32535,0.745256,0.749969,-0.00106204,0.301387,0.3271
2034,1,0.0251862,0.722515,-1.60175,1,1,1,4.32841,0.752237,0.722271,-0.00104785,0.482087,0.530127
2035,1,0.0287777,0.713943,-1.82637,1,1,1,4.33282,0.696386,0.738251,-0.00106292,0.166038,0.541406
2036,1,0.0323237,0.704259,-2.04651,1,1,1,4.3356,0.727802,0.710553,-0.00111012,0.31398,0.462451
2037,1,0.0358184,0.693487,-2.26157,1,1,1,4.33992,0.678933,0.708422,-0.00113254,0.171325,0.248145
2038,1,0.0392565,0.681654,-2.47098,1,1,1,4.34251,0.642281,0.6999,-0.00118985,0.0821906,0.31582
2039,1,0.0426336,0.668786,-2.67422,1,1,1,4.34653,0.631809,0.666876,-0.0012019,0.256659,0.31582
2040,1,0.0459432,0.654921,-2.87062,1,1,1,4.34912,0.668461,0.676464,-0.00123567,-0.0518167,0.135352
2041,1,0.0491812,0.640092,-3.05966,1,1,1,4.35305,0.631809,0.650896,-0.00125773,0.0171588,0.248145
2042,1,0.0523424,0.624339,-3.24073,1,1,1,4.35555,0.642281,0.625329,-0.00128723,0.0749294,0.146631
2043,1,0.0554229,0.6077,-3.41329,1,1,1,4.35871,0.493928,0.610415,-0.00126926,0.0120931,0.169189
2044,1,0.0584182,0.59022,-3.57676,1,1,1,4.36063,0.47473,0.585913,-0.00129908,0.0393309,0.146631
2045,1,0.0613239,0.571948,-3.73054,1,1,1,4.36389,0.600393,0.561411,-0.00129629,0.0625197,0.124072
2046,1,0.0641365,0.552931,-3.87408,1,1,1,4.36628,0.58294,0.549693,-0.00129583,-0.062884,0.180469
2047,1,0.0668522,0.533224,-4.00678,1,1,1,4.36926,0.460767,0.540106,-0.00126001,-0.214069,0.146631
2048,1,0.0694676,0.512882,-4.12808,1,1,1,4.37117,0.460767,0.509212,-0.00123907,-0.139053,0.0563965
2049,1,0.0719799,0.491965,-4.23739,1,1,1,4.37395,0.490438,0.491102,-0.00118064,-0.205039,0.0338379
2050,1,0.0743865,0.470529,-4.33415,1,1,1,4.37587,0.453786,0.460208,-0.0010953,-0.131481,0.0112793
2051,1,0.0766847,0.448642,-4.41778,1,1,1,4.37846,0.434587,0.439968,-0.00100672,-0.17795,-0.0225586
2052,1,0.078872,0.426377,-4.48769,1,1,1,4.38009,0.390954,0.398421,-0.000856745,0.0160787,-0.0451172
2053,1,0.0809476,0.403792,-4.54333,1,1,1,4.38249,0.380482,0.365397,-0.000705997,0.115022,-0.0902344
2054,1,0.0829094,0.38097,-4.5841,1,1,1,4.38383,0.349066,0.353679,-0.000530405,-0.0171461,-0.0451172
2055,1,0.084757,0.357978,-4.60944,1,1,1,4.38594,0.319395,0.312132,-0.000364057,0.177491,-0.0563965
2056,1,0.0864893,0.334899,-4.61876,1,1,1,4.38719,0.305433,0.314263,-0.000203565,-0.107223,-0.0451172
2057,1,0.088106,0.311817,-4.6115,1,1,1,4.38929,0.354302,0.291891,-3.12798e-05,-0.118454,-0.0902344
2058,1,0.0896075,0.288814,-4.58707,1,1,1,4.39064,0.359538,0.26739,0.000114934,-0.106773,0.0563965
2059,1,0.0909944,0.265976,-4.5449,1,1,1,4.39255,0.258309,0.246084,0.000225148,-0.130721,-0.0563965
2060,1,0.0922677,0.243396,-4.48442,1,1,1,4.39313,0.127409,0.239692,0.000319001,-0.315422,0
2061,1,0.093429,0.221162,-4.40504,1,1,1,4.39351,0.0383972,0.19708,0.000397305,-0.0971821,-0.112793
2062,1,0.0944801,0.199378,-4.3062,1,1,1,4.39428,0.247837,0.1811,0.000535548,-0.154116,-0.15791
2063,1,0.0954236,0.178135,-4.1873,1,1,1,4.39562,0.148353,0.16299,0.000652394,-0.181135,-0.124072
2064,1,0.0962625,0.157539,-4.04779,1,1,1,4.39601,0.0663225,0.135293,0.000735686,-0.0968565,-0.124072
2065,1,0.0970002,0.137693,-3.88709,1,1,1,4.39658,0.141372,0.0916155,0.000885093,0.185689,-0.101514
2066,1,0.0976408,0.118705,-3.70461,1,1,1,4.39716,0.102974,0.0830932,0.00106724,0.100769,-0.0225586
2067,1,0.0981889,0.100685,-3.49978,1,1,1,4.39744,0.0226893,0.0479384,0.00123685,0.321782,-0.0112793
2068,1,0.0986495,0.083745,-3.27202,1,1,1,4.39764,0.0558505,0.0372854,0.00144195,0.295316,0.0225586
2069,1,0.0990284,0.0680019,-3.02075,1,1,1,4.39792,0.0506145,0.0266324,0.00169365,0.294303,0.124072
2070,1,0.0993317,0.0535769,-2.74543,1,1,1,4.39821,0.0837758,0.0010653,0.00197059,0.48095,0.293262
2071,1,0.0995665,0.0405896,-2.44545,1,1,1,4.39907,0.111701,-0.00639178,0.00222947,0.487811,0.507568
2072,1,0.0997402,0.0291658,-2.12027,1,1,1,4.39907,-0.0645772,-0.00852238,0.00246135,0.454978,0.575244
2073,1,0.099861,0.0194293,-1.76918,1,1,1,4.39888,0,-0.0223712,0.0026429,0.56781,0.451172
2074,1,0.0999376,0.0115162,-1.3918,1,1,1,4.39888,0,-0.01811,0.00276203,0.498615,0.406055
2075,1,0.0999794,0.00555641,-0.987424,1,1,1,4.39888,0,-0.0127836,0.00282568,0.437224,0.304541
2076,1,0.0999966,0.00168763,-0.555567,1,1,1,4.39888,-0.00872665,-0.00958767,0.00287348,0.426433,0.349658
2077,1,0.1,4.79326e-05,-0.0955484,1,1,1,4.39888,0.00872665,-0.0191753,0.00288694,0.582219,0.31582
2078,1,0.1,0,0,1,1,1,4.39888,-0.00349066,0.0010653,0.0029157,0.380584,0.394775
2079,1,0.1,0,0,1,1,1,4.39888,0,-0.0010653,0.0029095,0.406802,0.372217
2080,1,0.1,0,0,1,1,1,4.39888,0,0.00639178,0.00289702,0.326158,0.360938
2081,1,0.1,0,0,1,1,1,4.39888,0,-0.00319589,0.00286918,0.431014,0.462451
2082,1,0.1,0,0,1,1,1,4.39888,0,-0.0138489,0.00286961,0.551787,0.530127
2083,1,0.1,0,0,1,1,1,4.39888,0,0.010653,0.00284158,0.281829,0.372217
2084,1,0.1,0,0,1,1,1,4.39888,-0.00698132,-0.00319589,0.00282718,0.435092,0.406055
2085,1,0.1,0,0,1,1,1,4.39888,0.00872665,0.00745708,0.00283112,0.321751,0.417334
2086,1,0.1,0,0,1,1,1,4.39888,0,-0.00639178,0.00283262,0.477642,0.417334
2087,1,0.1,0,0,1,1,1,4.39888,0.00349066,1.56553e-18,0.00282567,0.41014,0.541406
2088,1,0.1,0,0,1,1,1,4.39888,-0.0244346,0.01811,0.00278406,0.208048,0.439893
2089,1,0.1,0,0,1,1,1,4.39879,-0.0174533,0.0138489,0.00266847,0.240351,0.191748
2090,1,0.1,0,0,1,1,1,4.39879,-0.00349066,0.0276977,0.00264108,0.087203,0.439893
2091,1,0.1,0,0,1,1,1,4.39879,-0.0366519,0.00745708,0.00264676,0.31336,0.360938
2092,1,0.1,0,0,1,1,1,4.39879,0.0122173,-0.01811,0.00261243,0.592279,0.372217
2093,1,0.1,0,0,1,1,1,4.39879,0.00872665,-0.00958767,0.00261044,0.501506,0.304541
2094,1,0.1,0,0,1,1,1,4.39888,0,0.00852238,0.00257794,0.300752,0.236865
2095,1,0.1,0,0,1,1,1,4.39879,0.010472,-0.00958767,0.0026018,0.506539,0.372217
2096,1,0.1,0,0,1,1,1,4.39888,0,-0.0223712,0.00258722,0.647831,0.394775
2097,1,0.1,0,0,1,1,1,4.39888,0.0244346,-0.00319589,0.00254092,0.433446,0.169189
2098,1,0.1,0,0,1,1,1,4.39879,-0.00174533,-0.00852238,0.00256992,0.499267,0.417334
2099,1,0.1,0,0,1,1,1,4.39888,0,0.00319589,0.00257348,0.373896,0.304541
2100,1,0.1,0,0,1,1,1,4.39888,0,-0.00426119,0.00256465,0.457408,0.293262
2101,1,0.1,0,0,1,1,1,4.39888,0.010472,0.0010653,0.00255602,0.40067,0.383496
2102,1,0.1,0,0,1,1,1,4.39888,-0.00174533,-0.00958767,0.00253313,0.517327,0.360938
2103,1,0.1,0,0,1,1,1,4.39888,0.015708,0.00532648,0.00249153,0.350197,0.338379
2104,1,0.1,0,0,1,1,1,4.39879,-0.015708,0.010653,0.00250092,0.295958,0.439893
2105,1,0.1,0,0,1,1,1,4.39879,-0.0244346,0.00426119,0.00247694,0.365445,0.259424
2106,1,0.1,0,0,1,1,1,4.39888,0.0418879,-0.00532648,0.00249722,0.476997,0.394775
2107,1,0.1,0,0,1,1,1,4.39888,0,0.00426119,0.0024584,0.368673,0.349658
2108,1,0.1,0,0,1,1,1,4.39879,0,0.0149142,0.00243238,0.250827,0.47373
2109,1,0.1,0,0,1,1,1,4.39879,-0.0279253,0.0127836,0.0024321,0.276881,0.394775
2110,1,0.1,0,0,1,1,1,4.39888,0.00872665,-0.0170448,0.00241226,0.60438,0.372217
2111,1,0.1,0,0,1,1,1,4.39888,0.0296706,0.0127836,0.00241971,0.278783,0.507568
2112,1,0.1,0,0,1,1,1,4.39888,-0.0349066,0.0117183,0.00241991,0.290528,0.383496
2113,1,0.1,0,0,1,1,1,4.39888,-0.00698132,-0.00532648,0.00239516,0.474752,0.349658
2114,1,0.1,0,0,1,1,1,4.39888,0,-0.00213059,0.00239082,0.439025,0.372217
2115,1,0.1,0,0,1,1,1,4.39888,0,-0.00639178,0.00239407,0.486327,0.349658
2116,1,0.1,0,0,1,1,1,4.39888,0,0.0245018,0.00235508,0.14135,0.349658
2117,1,0.1,0,0,1,1,1,4.39888,-0.0244346,-0.00426119,0.00233807,0.455498,0.372217
2118,1,0.1,0,0,1,1,1,4.39888,0,0.00532648,0.00229005,0.343696,0.338379
2119,1,0.1,0,0,1,1,1,4.39888,0.00174533,0.0127836,0.00229948,0.262912,0.541406
2120,1,0.1,0,0,1,1,1,4.39888,-0.00349066,0.01811,0.0022872,0.2027,0.439893
2121,1,0.1,0,0,1,1,1,4.39888,-0.0174533,0.00213059,0.00226774,0.375905,0.360938
2122,1,0.1,0,0,1,1,1,4.39888,0,0.00639178,0.00224666,0.32625,0.349658
2123,1,0.1,0,0,1,1,1,4.39888,0,0.00639178,0.00225344,0.327145,0.462451
2124,1,0.1,0,0,1,1,1,4.39888,-0.0244346,-0.00852238,0.00226405,0.4926,0.394775
2125,1,0.1,0,0,1,1,1,4.39888,0.0139626,0.0010653,0.00227843,0.389035,0.360938
2126,1,0.1,0,0,1,1,1,4.39888,0,0.00745708,0.00226187,0.316539,0.394775
2127,1,0.1,0,0,1,1,1,4.39888,0,0.0127836,0.002274,0.259549,0.360938
2128,1,0.1,0,0,1,1,1,4.39888,0.00349066,0.00852238,0.00222487,0.299936,0.236865
2129,1,0.1,0,0,1,1,1,4.39879,0.010472,-0.01811,0.00221636,0.59177,0.417334
2130,1,0.1,0,0,1,1,1,4.39888,0,-0.0245018,0.00224002,0.665202,0.394775
2131,1,0.1,0,0,1,1,1,4.39898,0.0244346,-0.00426119,0.00223668,0.442115,0.372217
2132,1,0.1,0,0,1,1,1,4.39888,-0.0174533,0.0010653,0.00222747,0.382308,0.48501
2133,1,0.1,0,0,1,1,1,4.39888,-0.0174533,-0.00213059,0.00224581,0.419883,0.3271
2134,1,0.1,0,0,1,1,1,4.39888,0.00872665,0.0245018,0.00222547,0.124242,0.349658
2135,1,0.1,0,0,1,1,1,4.39879,-0.0191986,0.00426119,0.00220192,0.34378,0.3271
2136,1,0.1,0,0,1,1,1,4.39888,0.00523599,-0.00639178,0.00217469,0.457368,0.338379
2137,1,0.1,0,0,1,1,1,4.39888,0.0122173,0.0234365,0.00218573,0.130714,0.417334
2138,1,0.1,0,0,1,1,1,4.39888,0,0.0117183,0.00219405,0.260713,0.372217
2139,1,0.1,0,0,1,1,1,4.39888,0,0.00426119,0.00217421,0.340122,0.394775
2140,1,0.1,0,0,1,1,1,4.39888,0,0.0010653,0.0021688,0.374564,0.48501
2141,1,0.1,0,0,1,1,1,4.39888,-0.0139626,0.00745708,0.00210841,0.296282,0.236865
2142,1,0.1,0,0,1,1,1,4.39879,0,-0.00426119,0.00213695,0.428951,0.451172
2143,1,0.1,0,0,1,1,1,4.39888,-0.0174533,-0.00852238,0.00214415,0.476773,0.31582
2144,1,0.1,0,0,1,1,1,4.39888,0,0.0117183,0.00213879,0.25342,0.3271
2145,1,0.1,0,0,1,1,1,4.39888,-0.00523599,0.00319589,0.00212562,0.345427,0.372217
2146,1,0.1,0,0,1,1,1,4.39888,0,0.00852238,0.00215047,0.290116,0.360938
2147,1,0.1,0,0,1,1,1,4.39888,-0.00872665,0.0117183,0.00213511,0.252934,0.439893
2148,1,0.1,0,0,1,1,1,4.39888,0,0.0202406,0.00211168,0.156095,0.293262
2149,1,0.1,0,0,1,1,1,4.39888,-0.0122173,-0.00532648,0.00209373,0.434964,0.439893
2150,1,0.1,0,0,1,1,1,4.39888,0,-0.01811,0.00211449,0.578323,0.496289
2151,1,0.1,0,0,1,1,1,4.39888,0.0366519,-0.0127836,0.00211326,0.51957,0.530127
2152,1,0.1,0,0,1,1,1,4.39888,-0.0349066,0.00319589,0.00209576,0.341485,0.462451
2153,1,0.1,0,0,1,1,1,4.39888,0,-0.0159795,0.00208368,0.55082,0.417334
2154,1,0.1,0,0,1,1,1,4.39888,0,-0.00426119,0.00207905,0.421308,0.372217
2155,1,0.1,0,0,1,1,1,4.39888,0,0.0117183,0.00208204,0.245929,0.48501
2156,1,0.1,0,0,1,1,1,4.39888,-0.0174533,0.00426119,0.00204795,0.323456,0.3271
2157,1,0.1,0,0,1,1,1,4.39888,0,0.00319589,0.00207606,0.338885,0.338379
2158,1,0.1,0,0,1,1,1,4.39888,0.00872665,0.0117183,0.00205625,0.242523,0.417334
2159,1,0.1,0,0,1,1,1,4.39888,0,-0.0117183,0.00208656,0.504326,0.417334
2160,1,0.1,0,0,1,1,1,4.39888,0.00698132,-0.00958767,0.00208354,0.480492,0.428613
2161,1,0.1,0,0,1,1,1,4.39879,0.00174533,-0.00213059,0.00206627,0.396184,0.270703
2162,1,0.1,0,0,1,1,1,4.39888,0,0.00319589,0.00205283,0.335819,0.372217
2163,1,0.1,0,0,1,1,1,4.39879,0,-3.91384e-19,0.00205544,0.371318,0.270703
2164,1,0.1,0,0,1,1,1,4.39888,0.00523599,-0.01811,0.00206127,0.571298,0.383496
2165,1,0.1,0,0,1,1,1,4.39888,0.0174533,0.01811,0.00201899,0.167296,0.293262
2166,1,0.1,0,0,1,1,1,4.39879,-0.0174533,0.00319589,0.00200279,0.329214,0.31582
2167,1,0.1,0,0,1,1,1,4.39879,0,0.0010653,0.00201824,0.35469,0.349658
2168,1,0.1,0,0,1,1,1,4.39888,0,0.0149142,0.00201873,0.202417,0.406055
2169,1,0.1,0,0,1,1,1,4.39888,-0.00872665,0.0117183,0.00200234,0.235408,0.372217
2170,1,0.1,0,0,1,1,1,4.39888,0,-0.00319589,0.00199317,0.398253,0.304541
2171,1,0.1,0,0,1,1,1,4.39888,0,0.00745708,0.00196613,0.277501,0.270703
2172,1,0.1,0,0,1,1,1,4.39879,0,0.0149142,0.00193851,0.191827,0.3271
2173,1,0.1,0,0,1,1,1,4.39879,-0.00698132,-0.00745708,0.00194427,0.438672,0.281982
2174,1,0.1,0,0,1,1,1,4.39888,0.0174533,7.82767e-19,0.00194593,0.356862,0.349658
2175,1,0.1,0,0,1,1,1,4.39888,0,0.00426119,0.00195657,0.311394,0.304541
2176,1,0.1,0,0,1,1,1,4.39888,0.00872665,-0.0010653,0.00198757,0.374077,0.349658
2177,1,0.1,0,0,1,1,1,4.39888,0.00872665,-0.0127836,0.00199094,0.503423,0.428613
2178,1,0.1,0,0,1,1,1,4.39888,0,-0.00319589,0.00195676,0.393407,0.360938
2179,1,0.1,0,0,1,1,1,4.39888,0,-0.00745708,0.00198635,0.444226,0.338379
2180,1,0.1,0,0,1,1,1,4.39888,0,-0.00639178,0.00198338,0.432116,0.372217
2181,1,0.1,0,0,1,1,1,4.39888,0,-0.00745708,0.00200642,0.446875,0.349658
2182,1,0.1,0,0,1,1,1,4.39888,0,-0.00213059,0.00198886,0.385966,0.406055
2183,1,0.1,0,0,1,1,1,4.39888,-0.00872665,-0.0127836,0.00202454,0.507859,0.270703
2184,1,0.1,0,0,1,1,1,4.39888,0.0139626,0.00426119,0.00197963,0.314438,0.349658
2185,1,0.1,0,0,1,1,1,4.39888,0,0.00958767,0.00200263,0.258882,0.372217
2186,1,0.1,0,0,1,1,1,4.39888,0,0.00319589,0.00198038,0.326256,0.451172
2187,1,0.1,0,0,1,1,1,4.39888,0,0.00639178,0.00195635,0.287929,0.248145
2188,1,0.1,0,0,1,1,1,4.39888,0,0.0159795,0.00193981,0.180282,0.259424
2189,1,0.1,0,0,1,1,1,4.39888,0,-0.00319589,0.00194162,0.391449,0.349658
2190,1,0.1,0,0,1,1,1,4.39888,0.00174533,0.0170448,0.00193911,0.16847,0.338379
2191,1,0.1,0,0,1,1,1,4.39888,0,0.0191753,0.00193397,0.144356,0.383496
2192,1,0.1,0,0,1,1,1,4.39888,0,0.0149142,0.00191787,0.189103,0.394775
2193,1,0.1,0,0,1,1,1,4.39879,-0.0174533,0.00426119,0.00186854,0.299774,0.259424
2194,1,0.1,0,0,1,1,1,4.39879,-0.00349066,-0.0149142,0.00187778,0.511922,0.180469
2195,1,0.1,0,0,1,1,1,4.39888,0.0226893,0.0138489,0.00188073,0.195919,0.451172
2196,1,0.1,0,0,1,1,1,4.39888,-0.0191986,-0.00319589,0.00187883,0.383161,0.304541
2197,1,0.1,0,0,1,1,1,4.39888,0,0.0127836,0.00186,0.204901,0.304541
2198,1,0.1,0,0,1,1,1,4.39879,0,0.0170448,0.00183892,0.155246,0.259424
2199,1,0.1,0,0,1,1,1,4.39879,-0.015708,0.00426119,0.00187857,0.301098,0.406055
2200,1,0.1,0,0,1,1,1,4.39888,0.0331613,0.00852238,0.0018823,0.254718,0.394775
2201,1,0.1,0,0,1,1,1,4.39879,-0.00349066,0.0010653,0.00184933,0.332393,0.304541
2202,1,0.1,0,0,1,1,1,4.39879,0,0.00745708,0.00185132,0.262347,0.417334
2203,1,0.1,0,0,1,1,1,4.39879,0,0.00213059,0.00186276,0.322448,0.439893
2204,1,0.1,0,0,1,1,1,4.39898,0.00698132,-0.010653,0.00184535,0.460768,0.304541
2205,1,0.1,0,0,1,1,1,4.39888,0.0279253,0.01811,0.0018081,0.139458,0.360938
2206,1,0.1,0,0,1,1,1,4.39879,-0.0314159,-0.00532648,0.0017991,0.396073,0.281982
2207,1,0.1,0,0,1,1,1,4.39888,0,-4.56614e-19,0.0017818,0.335198,0.394775
2208,1,0.1,0,0,1,1,1,4.39888,-0.00872665,0.00745708,0.00175258,0.249313,0.259424
2209,1,0.1,0,0,1,1,1,4.39879,0,-0.0117183,0.00176701,0.462146,0.383496
2210,1,0.1,0,0,1,1,1,4.39879,0,0.00426119,0.00175389,0.28464,0.259424
2211,1,0.1,0,0,1,1,1,4.39879,0,-0.0010653,0.00178994,0.34799,0.349658
2212,1,0.1,0,0,1,1,1,4.39888,0,-0.0010653,0.00177879,0.346518,0.3271
2213,1,0.1,0,0,1,1,1,4.39879,0,-0.00852238,0.00178842,0.429817,0.349658
2214,1,0.1,0,0,1,1,1,4.39888,0,0.00213059,0.00176845,0.309999,0.304541
2215,1,0.1,0,0,1,1,1,4.39879,0,-0.010653,0.00173953,0.446801,0.214307
2216,1,0.1,0,0,1,1,1,4.39879,0,0.00852238,0.0017026,0.230998,0.270703
2217,1,0.1,0,0,1,1,1,4.39879,0,-0.0213059,0.00170267,0.559118,0.304541
2218,1,0.1,0,0,1,1,1,4.39879,0.00349066,-0.00213059,0.00171297,0.349548,0.406055
2219,1,0.1,0,0,1,1,1,4.39879,0,0.0298283,0.00169664,-0.00415481,0.349658
2220,1,0.1,0,0,1,1,1,4.39879,-0.00872665,-0.0010653,0.00170011,0.336133,0.259424
2221,1,0.1,0,0,1,1,1,4.39888,0,0.0234365,0.00168838,0.0650643,0.383496
2222,1,0.1,0,0,1,1,1,4.39879,-0.0174533,-0.00319589,0.0017072,0.360505,0.338379
2223,1,0.1,0,0,1,1,1,4.39888,-0.0139626,-0.00639178,0.00166043,0.389486,0.270703
2224,1,0.1,0,0,1,1,1,4.39879,0,-0.00213059,0.00164846,0.340982,0.3271
2225,1,0.1,0,0,1,1,1,4.39888,-0.00349066,-0.0138489,0.00165063,0.470221,0.304541
2226,1,0.1,0,0,1,1,1,4.39879,0,-0.00958767,0.00168475,0.427851,0.304541
2227,1,0.1,0,0,1,1,1,4.39879,0,-0.0202406,0.00165013,0.540384,0.372217
2228,1,0.1,0,0,1,1,1,4.39879,-0.0139626,0.00213059,0.00163567,0.292472,0.360938
2229,1,0.1,0,0,1,1,1,4.39879,0,0.00426119,0.00158592,0.262468,0.270703
2230,1,0.1,0,0,1,1,1,4.39879,0,0.0010653,0.00157191,0.295774,0.259424
2231,1,0.1,0,0,1,1,1,4.39879,0,-0.00213059,0.00162236,0.337587,0.394775
2232,1,0.1,0,0,1,1,1,4.39888,0,-0.00426119,0.00165273,0.365034,0.225586
2233,1,0.1,0,0,1,1,1,4.39888,0,-0.010653,0.00163728,0.433303,0.360938
2234,1,0.1,0,0,1,1,1,4.39879,-0.0122173,0.0159795,0.00163034,0.139431,0.293262
2235,1,0.1,0,0,1,1,1,4.39879,-0.0174533,0.00852238,0.00165514,0.224733,0.270703
2236,1,0.1,0,0,1,1,1,4.39888,0.0366519,0.00639178,0.00163958,0.246115,0.214307
2237,1,0.1,0,0,1,1,1,4.39879,0.00174533,-0.00213059,0.00163439,0.339176,0.439893
2238,1,0.1,0,0,1,1,1,4.39888,0,-0.0117183,0.00164589,0.446159,0.3271
2239,1,0.1,0,0,1,1,1,4.39888,0.0191986,-0.00319589,0.00162918,0.350206,0.259424
2240,1,0.1,0,0,1,1,1,4.39879,-0.015708,-0.00426119,0.00163123,0.362195,0.270703
2241,1,0.1,0,0,1,1,1,4.39879,0,0.0117183,0.00159443,0.181564,0.281982
2242,1,0.1,0,0,1,1,1,4.39879,-0.015708,-0.00213059,0.00162051,0.337344,0.248145
2243,1,0.1,0,0,1,1,1,4.39888,0,-0.00213059,0.00161572,0.336712,0.281982
2244,1,0.1,0,0,1,1,1,4.39879,0.0122173,-0.01811,0.00162394,0.513571,0.349658
2245,1,0.1,0,0,1,1,1,4.39888,0,0.00426119,0.00158491,0.262335,0.293262
2246,1,0.1,0,0,1,1,1,4.39879,-0.015708,0.0149142,0.00157138,0.143367,0.236865
2247,1,0.1,0,0,1,1,1,4.39879,-0.015708,0.00958767,0.00158088,0.203212,0.304541
2248,1,0.1,0,0,1,1,1,4.39888,0.0191986,-0.0127836,0.00160779,0.452848,0.3271
2249,1,0.1,0,0,1,1,1,4.39879,0.00872665,0.00319589,0.00157521,0.272773,0.270703
2250,1,0.1,0,0,1,1,1,4.39879,0,-0.00213059,0.00158651,0.332856,0.383496
2251,1,0.1,0,0,1,1,1,4.39879,0,-0.0159795,0.00153539,0.478216,0.259424
2252,1,0.1,0,0,1,1,1,4.39879,-0.00698132,-0.0010653,0.00153496,0.314333,0.349658
2253,1,0.1,0,0,1,1,1,4.39879,0,-0.00426119,0.00152412,0.348057,0.236865
2254,1,0.1,0,0,1,1,1,4.39879,0,0.00532648,0.00150091,0.239529,0.259424
2255,1,0.1,0,0,1,1,1,4.39879,0,0.00852238,0.00147824,0.201381,0.304541
2256,1,0.1,0,0,1,1,1,4.39879,0,0.00745708,0.00145255,0.209709,0.191748
2257,1,0.1,0,0,1,1,1,4.39879,0.00872665,-0.0127836,0.00143335,0.429821,0.225586
2258,1,0.1,0,0,1,1,1,4.39879,0,-5.87076e-19,0.00142268,0.287793,0.270703
2259,1,0.1,0,0,1,1,1,4.39879,0,-0.0010653,0.0013881,0.294947,0.248145
2260,1,0.1,0,0,1,1,1,4.39879,0,-0.00319589,0.00140065,0.320041,0.259424
2261,1,0.1,0,0,1,1,1,4.39879,0,0.00532648,0.0013595,0.220862,0.225586
2262,1,0.1,0,0,1,1,1,4.39879,0,0.0191753,0.00132329,0.0637453,0.259424
2263,1,0.1,0,0,1,1,1,4.39879,-0.0261799,0.00426119,0.00131025,0.22608,0.214307
2264,1,0.1,0,0,1,1,1,4.39879,0,0.0010653,0.00130826,0.260972,0.214307
2265,1,0.1,0,0,1,1,1,4.39879,0,-0.00426119,0.0013477,0.324769,0.31582
2266,1,0.1,0,0,1,1,1,4.39879,0.00872665,-0.010653,0.00138101,0.399476,0.406055
2267,1,0.1,0,0,1,1,1,4.39879,0,-0.0138489,0.00138244,0.43482,0.225586
2268,1,0.1,0,0,1,1,1,4.39879,0,0.0010653,0.00135188,0.26673,0.259424
2269,1,0.1,0,0,1,1,1,4.39879,0,-0.00532648,0.00132456,0.333434,0.248145
2270,1,0.1,0,0,1,1,1,4.39879,0,-0.00319589,0.00133065,0.310801,0.293262
2271,1,0.1,0,0,1,1,1,4.39879,0,-0.00745708,0.00133714,0.358531,0.394775
2272,1,0.1,0,0,1,1,1,4.39879,0,0.0170448,0.00129558,0.0835243,0.293262
2273,1,0.1,0,0,1,1,1,4.39879,0,0.00426119,0.00129519,0.224091,0.293262
2274,1,0.1,0,0,1,1,1,4.39879,0,0.00532648,0.00129049,0.211753,0.214307
2275,1,0.1,0,0,1,1,1,4.39879,0,-0.0010653,0.00123254,0.27441,0.259424
2276,1,0.1,0,0,1,1,1,4.39879,0,-0.0191753,0.00125183,0.476171,0.259424
2277,1,0.1,0,0,1,1,1,4.39879,0.0174533,-0.0010653,0.0012549,0.277365,0.31582
2278,1,0.099999,-0.00075519,-0.374694,1,1,1,4.39879,0,0.00958767,0.00128352,0.101558,0.349658
2279,1,0.0999887,-0.00374812,-0.81778,1,1,1,4.39869,-0.0279253,0.00532648,0.00124152,0.0432585,0.124072
2280,1,0.0999579,-0.00888639,-1.23307,1,1,1,4.39869,0.00174533,-0.00213059,0.00119774,-0.00257375,0.146631
2281,1,0.0998964,-0.0160341,-1.62124,1,1,1,4.39869,-0.0174533,9.13229e-19,0.00114446,-0.176005,0.101514
2282,1,0.0997945,-0.025054,-1.98272,1,1,1,4.39859,0,0.00852238,0.0010342,-0.447046,-0.0112793
2283,1,0.099643,-0.0358163,-2.31818,1,1,1,4.3985,-0.0349066,-0.00213059,0.000865992,-0.534376,-0.124072
2284,1,0.0994336,-0.0481945,-2.62825,1,1,1,4.39831,-0.0418879,-0.0191753,0.000723747,-0.563762,-0.101514
2285,1,0.0991586,-0.0620578,-2.91336,1,1,1,4.39792,-0.0872665,-0.00852238,0.000538241,-0.919046,-0.270703
2286,1,0.0988107,-0.0772879,-3.17422,1,1,1,4.39725,-0.219911,-0.00532648,0.000278218,-1.2171,-0.812109
2287,1,0.0983837,-0.0937598,-3.41129,1,1,1,4.39648,-0.0558505,-0.0404813,8.32536e-07,-1.10907,-0.97002
2288,1,0.0978712,-0.111363,-3.62527,1,1,1,4.39629,-0.0698132,-0.078832,-0.000182291,-0.962236,-1.04897
2289,1,0.0972683,-0.129977,-3.81663,1,1,1,4.39581,-0.106465,-0.0958767,-0.000349487,-1.05629,-1.02642
2290,1,0.09657,-0.149492,-3.98598,1,1,1,4.39524,-0.158825,-0.109726,-0.000570549,-1.20194,-1.15049
2291,1,0.0957721,-0.169798,-4.13391,1,1,1,4.39428,-0.132645,-0.159795,-0.000681338,-0.939842,-0.981299
2292,1,0.0948709,-0.190795,-4.261,1,1,1,4.3938,-0.144862,-0.184296,-0.00079534,-0.964618,-1.13921
2293,1,0.0938631,-0.212377,-4.36781,1,1,1,4.39265,-0.151844,-0.198145,-0.00086987,-1.10515,-1.18433
2294,1,0.0927463,-0.234441,-4.45492,1,1,1,4.39198,-0.169297,-0.206668,-0.000931592,-1.30538,-1.08281
2295,1,0.091518,-0.256894,-4.5229,1,1,1,4.39035,-0.328122,-0.222647,-0.00103449,-1.43197,-1.10537
2296,1,0.0901769,-0.279639,-4.57234,1,1,1,4.3892,-0.249582,-0.221582,-0.00117309,-1.75239,-1.252
2297,1,0.0887214,-0.302587,-4.60381,1,1,1,4.38738,-0.361283,-0.280173,-0.00128487,-1.41351,-1.31968
2298,1,0.0871507,-0.32565,-4.61788,1,1,1,4.38623,-0.305433,-0.314263,-0.00136864,-1.33839,-1.39863
2299,1,0.0854647,-0.34874,-4.61513,1,1,1,4.38431,-0.338594,-0.349417,-0.00141119,-1.2436,-1.36479
2300,1,0.0836636,-0.371771,-4.59614,1,1,1,4.38268,-0.406662,-0.359005,-0.00143665,-1.42394,-1.34224
2301,1,0.0817474,-0.394672,-4.56148,1,1,1,4.38038,-0.445059,-0.385637,-0.00141143,-1.40571,-1.3084
2302,1,0.0797171,-0.417363,-4.51173,1,1,1,4.37865,-0.404916,-0.404813,-0.00140732,-1.46767,-1.22944
2303,1,0.0775741,-0.439767,-4.44746,1,1,1,4.37606,-0.446804,-0.433576,-0.00136879,-1.41347,-1.08281
2304,1,0.07532,-0.461814,-4.36926,1,1,1,4.37415,-0.537561,-0.485775,-0.00129307,-1.08981,-1.24072
2305,1,0.0729568,-0.483436,-4.27769,1,1,1,4.37117,-0.432842,-0.509212,-0.00119209,-1.07045,-1.0377
2306,1,0.0704864,-0.50457,-4.17333,1,1,1,4.36935,-0.479966,-0.509212,-0.00107491,-1.29843,-0.902344
2307,1,0.067912,-0.525149,-4.05677,1,1,1,4.3659,-0.66497,-0.547563,-0.000968419,-1.09831,-1.17305
2308,1,0.065236,-0.545118,-3.92856,1,1,1,4.3637,-0.490438,-0.547563,-0.000921611,-1.31912,-1.3084
2309,1,0.062462,-0.564416,-3.7893,1,1,1,4.36044,-0.588176,-0.59124,-0.000854885,-1.04729,-1.09409
2310,1,0.0595933,-0.582992,-3.63957,1,1,1,4.35785,-0.696386,-0.604023,-0.00075174,-1.09911,-1.17305
2311,1,0.0566332,-0.600796,-3.4799,1,1,1,4.3543,-0.528835,-0.604023,-0.000672784,-1.28368,-1.27456
2312,1,0.0535866,-0.617776,-3.31092,1,1,1,4.352,-0.616101,-0.640243,-0.000581897,-1.05741,-1.21816
2313,1,0.050457,-0.63389,-3.13318,1,1,1,4.34788,-0.673697,-0.653027,-0.000470581,-1.07317,-1.0377
2314,1,0.0472491,-0.649095,-2.94726,1,1,1,4.34548,-0.574213,-0.670072,-0.000404022,-1.03628,-1.12793
2315,1,0.0439678,-0.66335,-2.75375,1,1,1,4.34136,-0.699877,-0.688182,-0.000274104,-0.965773,-0.97002
2316,1,0.0406171,-0.676621,-2.55318,1,1,1,4.33886,-0.600393,-0.672202,-0.000255518,-1.273,-1.02642
2317,1,0.0372029,-0.688872,-2.34618,1,1,1,4.33436,-0.82205,-0.691378,-0.000219776,-1.17791,-0.981299
2318,1,0.0337304,-0.700072,-2.13332,1,1,1,4.33139,-0.720821,-0.711618,-0.00020111,-1.06036,-1.17305
2319,1,0.0302039,-0.710196,-1.91512,1,1,1,4.32707,-0.747001,-0.711618,-0.000154423,-1.1464,-1.15049
2320,1,0.0266302,-0.719216,-1.69224,1,1,1,4.3242,-0.722566,-0.73399,-7.59543e-05,-0.967593,-0.947461
2321,1,0.0230139,-0.727111,-1.46519,1,1,1,4.3195,-0.816814,-0.756361,4.63031e-05,-0.767518,-0.947461
2322,1,0.019361,-0.733862,-1.23457,1,1,1,4.31662,-0.69115,-0.7521,0.000163791,-0.846066,-0.733154
2323,1,0.0156773,-0.739452,-1.00097,1,1,1,4.31212,-0.809833,-0.760622,0.000333695,-0.761336,-0.710596
2324,1,0.0119689,-0.743867,-0.764956,1,1,1,4.30914,-0.719076,-0.748904,0.000413463,-0.89796,-0.789551
2325,1,0.00824048,-0.747098,-0.527049,1,1,1,4.30435,-0.877901,-0.775536,0.000543491,-0.590701,-0.710596
2326,1,0.00449939,-0.749136,-0.287906,1,1,1,4.30128,-0.673697,-0.765949,0.000568042,-0.682147,-0.823389
2327,1,0.000750836,-0.749976,-0.0480533,1,1,1,4.29678,-0.830777,-0.763818,0.000652237,-0.667878,-0.710596
2328,1,-0.00299828,-0.749616,0.191874,1,1,1,4.29361,-0.734784,-0.747838,0.000666635,-0.801429,-0.654199
2329,1,-0.00674327,-0.748058,0.431383,1,1,1,4.28911,-0.804597,-0.760622,0.0007002,-0.601432,-0.575244
2330,1,-0.0104768,-0.745304,0.669814,1,1,1,4.28623,-0.671952,-0.753165,0.000766039,-0.60423,-0.552686
2331,1,-0.0141939,-0.741363,0.906651,1,1,1,4.28201,-0.804597,-0.727598,0.000799126,-0.796138,-0.360938
2332,1,-0.0178886,-0.736241,1.14131,1,1,1,4.27875,-0.804597,-0.744643,0.000815038,-0.508529,-0.451172
2333,1,-0.0215546,-0.729954,1.3732,1,1,1,4.27434,-0.748746,-0.753165,0.000837529,-0.299649,-0.518848
2334,1,-0.0251858,-0.722516,1.60172,1,1,1,4.27147,-0.698132,-0.73399,0.000907512,-0.374317,-0.304541
2335,1,-0.0287776,-0.713944,1.82636,1,1,1,4.26706,-0.776672,-0.727598,0.000954712,-0.29819,-0.406055
2336,1,-0.0323237,-0.704259,2.04651,1,1,1,4.26418,-0.680678,-0.698835,0.00138166,-0.404802,-0.383496
2337,1,-0.0358187,-0.693486,2.26159,1,1,1,4.26044,-0.645772,-0.716945,0.00104493,-0.0864149,-0.236865
2338,1,-0.0392567,-0.681653,2.47099,1,1,1,4.25795,-0.612611,-0.683921,0.00102423,-0.277379,-0.248145
2339,1,-0.0426332,-0.668788,2.67419,1,1,1,4.2544,-0.574213,-0.660484,0.00139417,-0.299345,-0.293262
2340,1,-0.0459431,-0.654922,2.87061,1,1,1,4.25181,-0.66148,-0.642374,0.00128802,-0.314474,-0.203027
2341,1,-0.0491812,-0.640092,3.05966,1,1,1,4.2474,-0.745256,-0.630656,0.0012285,-0.241757,-0.281982
2342,1,-0.0523426,-0.624338,3.24074,1,1,1,4.24414,-0.816814,-0.610415,0.00114677,-0.255856,-0.225586
2343,1,-0.0554226,-0.607701,3.41328,1,1,1,4.2405,-0.438078,-0.618938,0.00112094,0.0636696,-0.349658
2344,1,-0.0584182,-0.59022,3.57676,1,1,1,4.23858,-0.511381,-0.596566,0.00114034,0.0583724,-0.101514
2345,1,-0.0613238,-0.571948,3.73054,1,1,1,4.2357,-0.47822,-0.564607,0.00113787,-0.046937,0
2346,1,-0.0641364,-0.552932,3.87407,1,1,1,4.23388,-0.418879,-0.572064,0.00117993,0.294873,0
2347,1,-0.066852,-0.533225,4.00677,1,1,1,4.23101,-0.586431,-0.527322,0.00116285,0.0616512,-0.0676758
2348,1,-0.0694673,-0.512885,4.12806,1,1,1,4.22861,-0.589921,-0.507081,0.00111501,0.100066,0.0112793
2349,1,-0.0719798,-0.491965,4.23738,1,1,1,4.22545,-0.481711,-0.50069,0.00108521,0.29869,-0.0112793
2350,1,-0.0743864,-0.47053,4.33415,1,1,1,4.22372,-0.39619,-0.449555,0.00103668,0.00717682,0.0225586
2351,1,-0.0766844,-0.448645,4.41777,1,1,1,4.22132,-0.464258,-0.442098,0.000996707,0.200913,-0.0338379
2352,1,-0.0788719,-0.426378,4.48769,1,1,1,4.21931,-0.47473,-0.415466,0.000925289,0.182311,0.0451172
2353,1,-0.0809476,-0.403792,4.54333,1,1,1,4.2171,-0.356047,-0.406943,0.000881341,0.36857,-0.0112793
2354,1,-0.0829095,-0.380969,4.5841,1,1,1,4.21557,-0.385718,-0.367527,0.000870155,0.220087,0.0338379
2355,1,-0.0847571,-0.357975,4.60944,1,1,1,4.21356,-0.329867,-0.351548,0.000801833,0.321712,0.101514
2356,1,-0.0864893,-0.334898,4.61876,1,1,1,4.21222,-0.322886,-0.315328,0.000733899,0.199331,0.124072
2357,1,-0.088106,-0.311818,4.6115,1,1,1,4.21059,-0.261799,-0.300414,0.000623224,0.302475,0.135352
2358,1,-0.0896077,-0.288811,4.58707,1,1,1,4.20944,-0.279253,-0.279108,0.000488595,0.328407,0.259424
2359,1,-0.0909944,-0.265975,4.5449,1,1,1,4.2079,-0.226893,-0.238627,0.000332358,0.135064,-0.0112793
2360,1,-0.0922678,-0.243393,4.48441,1,1,1,4.20713,-0.171042,-0.205602,0.000128864,0.0107795,0.0338379
2361,1,-0.0934289,-0.221164,4.40504,1,1,1,4.20589,-0.214675,-0.165121,-0.000118848,-0.209539,-0.0112793
2362,1,-0.0944801,-0.199377,4.30619,1,1,1,4.20522,-0.132645,-0.140619,-0.000390914,-0.266201,-0.0225586
2363,1,-0.0954236,-0.178135,4.1873,1,1,1,4.20445,-0.137881,-0.112921,-0.000659328,-0.367372,-0.0112793
2364,1,-0.0962625,-0.15754,4.0478,1,1,1,4.20397,-0.122173,-0.0798973,-0.0010009,-0.549568,-0.101514
2365,1,-0.0970003,-0.137691,3.88707,1,1,1,4.20339,-0.0959931,-0.0585913,-0.0013131,-0.611361,-0.169189
2366,1,-0.0976409,-0.118703,3.70458,1,1,1,4.20301,-0.0855211,-0.057526,-0.00162205,-0.464039,-0.248145
2367,1,-0.0981889,-0.100682,3.49975,1,1,1,4.20215,-0.205949,-0.0298283,-0.00197625,-0.631805,-0.496289
2368,1,-0.0986495,-0.0837431,3.272,1,1,1,4.20081,-0.361283,-0.0255671,-0.002275,-0.550657,-0.462451
2369,1,-0.0990283,-0.0680024,3.02076,1,1,1,4.20061,0.0925025,-0.0607219,-0.00250073,-0.0436518,-0.530127
2370,1,-0.0993317,-0.0535767,2.74542,1,1,1,4.20061,-0.0418879,-0.0276977,-0.00260144,-0.286228,-0.259424
2371,1,-0.0995665,-0.040589,2.44543,1,1,1,4.20052,-0.0314159,-0.00958767,-0.00271015,-0.387831,-0.248145
2372,1,-0.0997402,-0.0291647,2.12024,1,1,1,4.20033,-0.0331613,-0.0255671,-0.0028243,-0.138465,-0.3271
2373,1,-0.099861,-0.01943,1.76921,1,1,1,4.20033,0.015708,-0.0170448,-0.00290037,-0.177455,-0.372217
2374,1,-0.0999376,-0.0115156,1.39177,1,1,1,4.20033,-0.0122173,0.00319589,-0.00299399,-0.373577,-0.360938
2375,1,-0.0999794,-0.00555644,0.987426,1,1,1,4.20033,0.00174533,0.0415466,-0.00309168,-0.79739,-0.281982
2376,1,-0.0999966,-0.00168771,0.555579,1,1,1,4.20023,-0.0261799,0.00852238,-0.00315202,-0.461121,-0.518848
2377,1,-0.1,-4.79626e-05,0.0955781,1,1,1,4.20033,0.00523599,0.0117183,-0.00319824,-0.551997,-0.462451
2378,1,-0.1,-0,-0,1,1,1,4.20023,0,0.0159795,-0.00322301,-0.619427,-0.451172
2379,1,-0.1,-0,-0,1,1,1,4.20023,-0.020944,0.00319589,-0.00326923,-0.489829,-0.451172
2380,1,-0.1,-0,-0,1,1,1,4.20023,-0.0174533,0.00639178,-0.00323962,-0.524485,-0.428613
2381,1,-0.1,-0,-0,1,1,1,4.20023,-0.0244346,-0.00213059,-0.00319795,-0.428448,-0.406055
2382,1,-0.1,-0,-0,1,1,1,4.20023,0.0139626,-0.00213059,-0.00317483,-0.42884,-0.439893
2383,1,-0.1,-0,-0,1,1,1,4.20023,0,-0.0117183,-0.00309692,-0.315506,-0.304541
2384,1,-0.1,-0,-0,1,1,1,4.20033,0.0174533,-0.00852238,-0.00307158,-0.350234,-0.383496
2385,1,-0.1,-0,-0,1,1,1,4.20033,0,0.01811,-0.00309571,-0.650215,-0.507568
2386,1,-0.1,-0,-0,1,1,1,4.20023,0,0.00426119,-0.00311236,-0.504356,-0.586523
2387,1,-0.1,-0,-0,1,1,1,4.20023,0,-0.0255671,-0.00308961,-0.176917,-0.48501
2388,1,-0.1,-0,-0,1,1,1,4.20023,0,0.0191753,-0.00310933,-0.674873,-0.575244
2389,1,-0.1,-0,-0,1,1,1,4.20023,-0.0174533,0.00213059,-0.00312902,-0.49408,-0.552686
2390,1,-0.1,-0,-0,1,1,1,4.20023,0.0296706,-0.0191753,-0.00312753,-0.26365,-0.597803
2391,1,-0.1,-0,-0,1,1,1,4.20023,0.0226893,-0.0159795,-0.00310026,-0.2985,-0.575244
2392,1,-0.1,-0,-0,1,1,1,4.20014,0,0.0127836,-0.00311349,-0.62034,-0.47373
2393,1,-0.1,-0,-0,1,1,1,4.20014,-0.0296706,0.0170448,-0.00316096,-0.67783,-0.496289
2394,1,-0.1,-0,-0,1,1,1,4.20014,-0.015708,0.0117183,-0.00318732,-0.627344,-0.552686
2395,1,-0.1,-0,-0,1,1,1,4.20014,0,6.52306e-20,-0.0031811,-0.501513,-0.462451
2396,1,-0.1,-0,-0,1,1,1,4.20014,0,0.00426119,-0.00322572,-0.559075,-0.541406
2397,1,-0.1,-0,-0,1,1,1,4.20004,0,0.00319589,-0.00326587,-0.557424,-0.586523
2398,1,-0.1,-0,-0,1,1,1,4.20004,0,0.00958767,-0.00329714,-0.636108,-0.631641
2399,1,-0.1,-0,-0,1,1,1,4.20014,-0.00872665,0.00319589,-0.00328165,-0.567603,-0.507568
2400,1,-0.1,-0,-0,1,1,1,4.20004,0,-0.00852238,-0.00328433,-0.439786,-0.47373
2401,1,-0.1,-0,-0,1,1,1,4.20004,0.00523599,0.00213059,-0.00323046,-0.549857,-0.541406
2402,1,-0.1,-0,-0,1,1,1,4.20014,0.0122173,-0.0117183,-0.00320663,-0.394374,-0.451172
2403,1,-0.1,-0,-0,1,1,1,4.20014,0,0.00852238,-0.00321455,-0.618067,-0.462451
2404,1,-0.1,-0,-0,1,1,1,4.20004,-0.0174533,-0.0127836,-0.00322936,-0.385656,-0.530127
2405,1,-0.1,-0,-0,1,1,1,4.20004,0.0174533,0.0255671,-0.00326384,-0.812065,-0.597803
2406,1,-0.1,-0,-0,1,1,1,4.19994,-0.0226893,-0.00745708,-0.00325822,-0.448057,-0.597803
2407,1,-0.1,-0,-0,1,1,1,4.20004,0.00174533,-0.00532648,-0.00327602,-0.473843,-0.665479
2408,1,-0.1,-0,-0,1,1,1,4.19994,0.00349066,0.0010653,-0.00325713,-0.541659,-0.518848
2409,1,-0.1,-0,-0,1,1,1,4.20004,-0.020944,0.0298283,-0.00327371,-0.860241,-0.563965
2410,1,-0.1,-0,-0,1,1,1,4.19994,0,0.00639178,-0.00327844,-0.603064,-0.541406
2411,1,-0.1,-0,-0,1,1,1,4.19994,0,-0.0213059,-0.00323646,-0.292847,-0.462451
2412,1,-0.1,-0,-0,1,1,1,4.20004,0,0.00639178,-0.00325177,-0.599543,-0.439893
2413,1,-0.1,-0,-0,1,1,1,4.19994,0,0.00745708,-0.00327861,-0.614804,-0.665479
2414,1,-0.1,-0,-0,1,1,1,4.19994,0,-0.00319589,-0.00330618,-0.501261,-0.597803
2415,1,-0.1,-0,-0,1,1,1,4.19994,0.00872665,0.0202406,-0.00328275,-0.75597,-0.428613
2416,1,-0.1,-0,-0,1,1,1,4.19994,-0.015708,0.00852238,-0.00328631,-0.627539,-0.507568
2417,1,-0.1,-0,-0,1,1,1,4.19994,0,-0.00426119,-0.003294,-0.487935,-0.552686
2418,1,-0.1,-0,-0,1,1,1,4.19994,0.00872665,0.010653,-0.00331283,-0.654476,-0.552686
2419,1,-0.1,-0,-0,1,1,1,4.19985,0,0.00426119,-0.0033463,-0.588584,-0.439893
2420,1,-0.1,-0,-0,1,1,1,4.19994,-0.020944,0.0170448,-0.00331237,-0.724725,-0.530127
2421,1,-0.1,-0,-0,1,1,1,4.19994,-0.0436332,-0.00319589,-0.00331204,-0.502035,-0.496289
2422,1,-0.1,-0,-0,1,1,1,4.19994,0.0261799,0.00852238,-0.00327447,-0.625976,-0.417334
2423,1,-0.1,-0,-0,1,1,1,4.19985,-0.015708,0.00532648,-0.00324512,-0.586947,-0.428613
2424,1,-0.1,-0,-0,1,1,1,4.19994,0.00349066,0.00319589,-0.00325005,-0.564162,-0.552686
2425,1,-0.1,-0,-0,1,1,1,4.19985,0,-0.00639178,-0.00326395,-0.460531,-0.620361
2426,1,-0.1,-0,-0,1,1,1,4.19994,0.010472,0.0010653,-0.00326952,-0.543295,-0.47373
2427,1,-0.1,-0,-0,1,1,1,4.19985,-0.00698132,-0.0159795,-0.00322722,-0.350219,-0.541406
2428,1,-0.1,-0,-0,1,1,1,4.19994,0.00349066,0.00639178,-0.00320329,-0.593143,-0.451172
2429,1,-0.1,-0,-0,1,1,1,4.19994,-0.00872665,0.00213059,-0.00322122,-0.548638,-0.507568
2430,1,-0.1,-0,-0,1,1,1,4.19985,-0.0174533,-0.00213059,-0.00320829,-0.500057,-0.597803
2431,1,-0.1,-0,-0,1,1,1,4.19994,0,0.0276977,-0.00326771,-0.836013,-0.64292
2432,1,-0.1,-0,-0,1,1,1,4.19985,0,0.00426119,-0.00324772,-0.575573,-0.530127
2433,1,-0.1,-0,-0,1,1,1,4.19985,-0.010472,0.010653,-0.0032121,-0.64118,-0.383496
2434,1,-0.1,-0,-0,1,1,1,4.19994,0.00174533,0.00958767,-0.00319717,-0.627491,-0.48501
2435,1,-0.1,-0,-0,1,1,1,4.19985,0,0.00532648,-0.00319206,-0.579943,-0.48501
2436,1,-0.1,-0,-0,1,1,1,4.19985,-0.00349066,-0.00213059,-0.00321301,-0.50068,-0.620361
2437,1,-0.1,-0,-0,1,1,1,4.19985,0.0122173,-0.00745708,-0.00322811,-0.444083,-0.552686
2438,1,-0.1,-0,-0,1,1,1,4.19985,0,0.0010653,-0.00325009,-0.54073,-0.620361
2439,1,-0.1,-0,-0,1,1,1,4.19985,0,-0.00958767,-0.00326101,-0.424989,-0.597803
2440,1,-0.1,-0,-0,1,1,1,4.19975,0,-0.0223712,-0.00323533,-0.280981,-0.552686
2441,1,-0.1,-0,-0,1,1,1,4.19985,0,-0.00426119,-0.00324657,-0.481674,-0.552686
2442,1,-0.1,-0,-0,1,1,1,4.19975,0,0.0170448,-0.0032823,-0.720755,-0.462451
2443,1,-0.1,-0,-0,1,1,1,4.19975,-0.0314159,0.00852238,-0.00330803,-0.630406,-0.586523
2444,1,-0.1,-0,-0,1,1,1,4.19985,0.015708,-0.0127836,-0.00328009,-0.392353,-0.552686
2445,1,-0.1,-0,-0,1,1,1,4.19985,0.0244346,0.0127836,-0.0032687,-0.672087,-0.406055
2446,1,-0.1,-0,-0,1,1,1,4.19975,-0.0488692,-0.0010653,-0.00329277,-0.522928,-0.597803
2447,1,-0.1,-0,-0,1,1,1,4.19975,0.0122173,-0.00532648,-0.00327001,-0.47305,-0.462451
2448,1,-0.1,-0,-0,1,1,1,4.19975,0,0.00852238,-0.00327203,-0.625654,-0.406055
2449,1,-0.1,-0,-0,1,1,1,4.19975,0,0.0170448,-0.00328183,-0.720694,-0.507568
2450,1,-0.1,-0,-0,1,1,1,4.19975,0,0.00426119,-0.00326503,-0.577857,-0.496289
2451,1,-0.1,-0,-0,1,1,1,4.19975,-0.0174533,-0.0159795,-0.00322257,-0.349606,-0.541406
2452,1,-0.1,-0,-0,1,1,1,4.19985,0.0279253,0.010653,-0.00321552,-0.641631,-0.496289
2453,1,-0.1,-0,-0,1,1,1,4.19975,-0.0139626,-0.00426119,-0.00318195,-0.473145,-0.530127
2454,1,-0.1,-0,-0,1,1,1,4.19975,0.00174533,-0.010653,-0.00321479,-0.40717,-0.631641
2455,1,-0.1,-0,-0,1,1,1,4.19975,0.0523599,-0.0117183,-0.00322722,-0.397092,-0.541406
2456,1,-0.1,-0,-0,1,1,1,4.19975,-0.0174533,0.00532648,-0.00322615,-0.584443,-0.575244
2457,1,-0.1,-0,-0,1,1,1,4.19975,0,0.00532648,-0.00324309,-0.586679,-0.417334
2458,1,-0.1,-0,-0,1,1,1,4.19975,-0.0279253,-0.0127836,-0.00323035,-0.385786,-0.530127
2459,1,-0.1,-0,-0,1,1,1,4.19975,0,-0.00852238,-0.00323752,-0.433607,-0.620361
2460,1,-0.1,-0,-0,1,1,1,4.19975,0.0174533,-0.00319589,-0.00322908,-0.491084,-0.462451
2461,1,-0.1,-0,-0,1,1,1,4.19975,0,-0.00319589,-0.00320156,-0.487451,-0.47373
2462,1,-0.1,-0,-0,1,1,1,4.19975,0,0.0117183,-0.00321507,-0.65329,-0.48501
2463,1,-0.1,-0,-0,1,1,1,4.19966,-0.0296706,-0.0159795,-0.00325788,-0.354266,-0.631641
2464,1,-0.1,-0,-0,1,1,1,4.19966,0,0.00213059,-0.00328024,-0.556428,-0.575244
2465,1,-0.1,-0,-0,1,1,1,4.19966,0,0.0010653,-0.00330715,-0.548263,-0.575244
2466,1,-0.1,-0,-0,1,1,1,4.19966,-0.00872665,-0.00426119,-0.00327457,-0.485371,-0.586523
2467,1,-0.1,-0,-0,1,1,1,4.19966,0,-0.0127836,-0.00326487,-0.390344,-0.552686
2468,1,-0.1,-0,-0,1,1,1,4.19966,0.010472,-0.0138489,-0.00322203,-0.37297,-0.372217
2469,1,-0.1,-0,-0,1,1,1,4.19966,0,0.0010653,-0.00321871,-0.536588,-0.462451
2470,1,-0.1,-0,-0,1,1,1,4.19966,-0.00872665,-0.00213059,-0.00323708,-0.503857,-0.439893
2471,1,-0.1,-0,-0,1,1,1,4.19966,0,-0.00745708,-0.00323907,-0.445529,-0.609082
2472,1,-0.1,-0,-0,1,1,1,4.19966,0,0.0213059,-0.00324219,-0.762335,-0.563965
2473,1,-0.1,-0,-0,1,1,1,4.19956,-0.015708,-0.0149142,-0.00326213,-0.366545,-0.552686
2474,1,-0.1,-0,-0,1,1,1,4.19966,0,0.00213059,-0.00327129,-0.555247,-0.417334
2475,1,-0.1,-0,-0,1,1,1,4.19956,0,0.0127836,-0.00324939,-0.669538,-0.406055
2476,1,-0.1,-0,-0,1,1,1,4.19966,-0.0349066,3.91384e-19,-0.00322818,-0.52612,-0.552686
2477,1,-0.1,-0,-0,1,1,1,4.19966,0,-0.010653,-0.0032101,-0.40655,-0.541406
2478,1,-0.1,-0,-0,1,1,1,4.19956,0,0.00745708,-0.00325039,-0.611079,-0.665479
2479,1,-0.1,-0,-0,1,1,1,4.19956,-0.00174533,-0.00319589,-0.00330928,-0.50167,-0.744434
2480,1,-0.1,-0,-0,1,1,1,4.19956,0.00872665,0.00745708,-0.00330984,-0.618927,-0.597803
2481,1,-0.1,-0,-0,1,1,1,4.19956,-0.00174533,-0.0202406,-0.003284,-0.310841,-0.47373
2482,1,-0.1,-0,-0,1,1,1,4.19956,0,0.00532648,-0.00325613,-0.588401,-0.462451
2483,1,-0.1,-0,-0,1,1,1,4.19956,0,2.60922e-19,-0.00323753,-0.527354,-0.338379
2484,1,-0.1,-0,-0,1,1,1,4.19956,-0.0331613,-0.00745708,-0.00323125,-0.444497,-0.451172
2485,1,-0.1,-0,-0,1,1,1,4.19956,0,0.00319589,-0.00323763,-0.562522,-0.541406
2486,1,-0.1,-0,-0,1,1,1,4.19956,0,0.0127836,-0.00326169,-0.671163,-0.586523
2487,1,-0.1,-0,-0,1,1,1,4.19956,-0.00523599,0.0127836,-0.00327442,-0.672842,-0.518848
2488,1,-0.1,-0,-0,1,1,1,4.19956,0,3.91384e-19,-0.0032979,-0.535323,-0.48501
2489,1,-0.1,-0,-0,1,1,1,4.19946,0,0.00852238,-0.00331293,-0.631053,-0.609082
2490,1,-0.1,-0,-0,1,1,1,4.19946,0,0.00319589,-0.00332781,-0.574426,-0.699316
2491,1,-0.1,-0,-0,1,1,1,4.19946,0,-0.010653,-0.00331146,-0.419929,-0.631641
2492,1,-0.1,-0,-0,1,1,1,4.19946,0.010472,-0.010653,-0.00326975,-0.414424,-0.451172
2493,1,-0.1,-0,-0,1,1,1,4.19946,0,-0.00852238,-0.00324813,-0.435006,-0.507568
2494,1,-0.1,-0,-0,1,1,1,4.19946,0,0.0276977,-0.00327096,-0.836442,-0.428613
2495,1,-0.1,-0,-0,1,1,1,4.19937,-0.0349066,0.0170448,-0.00328808,-0.721519,-0.496289
2496,1,-0.1,-0,-0,1,1,1,4.19946,0.00872665,0.0213059,-0.00330698,-0.770887,-0.541406
2497,1,-0.1,-0,-0,1,1,1,4.19937,-0.0139626,0.00319589,-0.00330017,-0.570778,-0.462451
2498,1,-0.1,-0,-0,1,1,1,4.19946,0,-0.00958767,-0.00328357,-0.427967,-0.552686
2499,1,-0.1,-0,-0,1,1,1,4.19946,0,-0.00319589,-0.0032908,-0.499231,-0.676758
2500,1,-0.1,-0,-0,1,1,1,4.19937,0.0244346,0.0010653,-0.00327422,-0.543915,-0.541406
2501,1,-0.1,-0,-0,1,1,1,4.19946,-0.0383972,-0.010653,-0.00329671,-0.417982,-0.518848
2502,1,-0.1,-0,-0,1,1,1,4.19937,0,-0.00532648,-0.00329427,-0.476253,-0.462451
2503,1,-0.1,-0,-0,1,1,1,4.19937,-0.00174533,0.0138489,-0.00327837,-0.685082,-0.48501
2504,1,-0.1,-0,-0,1,1,1,4.19937,0,-0.0191753,-0.00328886,-0.3232,-0.620361
2505,1,-0.1,-0,-0,1,1,1,4.19937,0.0488692,-0.00426119,-0.00328066,-0.486174,-0.47373
2506,1,-0.1,-0,-0,1,1,1,4.19937,-0.0244346,0.0010653,-0.00328128,-0.544847,-0.451172
2507,1,-0.1,-0,-0,1,1,1,4.19937,0,0.00639178,-0.00329799,-0.605644,-0.586523
2508,1,-0.1,-0,-0,1,1,1,4.19937,0,-0.0127836,-0.00327186,-0.391267,-0.439893
2509,1,-0.1,-0,-0,1,1,1,4.19937,0,-0.0010653,-0.00325402,-0.517812,-0.439893
2510,1,-0.1,-0,-0,1,1,1,4.19927,-0.0349066,-0.01811,-0.00323887,-0.32832,-0.609082
2511,1,-0.1,-0,-0,1,1,1,4.19937,0.0122173,0.0191753,-0.00327018,-0.742593,-0.609082
2512,1,-0.1,-0,-0,1,1,1,4.19927,0,0.00319589,-0.00327685,-0.567699,-0.541406
2513,1,-0.1,-0,-0,1,1,1,4.19927,0,0.0372854,-0.00327134,-0.941956,-0.417334
2514,1,-0.1,-0,-0,1,1,1,4.19927,-0.0331613,-0.00213059,-0.00329729,-0.511806,-0.620361
2515,1,-0.1,-0,-0,1,1,1,4.19927,0.0191986,0.00745708,-0.00327725,-0.614625,-0.586523
2516,1,-0.1,-0,-0,1,1,1,4.19927,0,-0.00745708,-0.00321254,-0.442028,-0.530127
2517,1,-0.1,-0,-0,1,1,1,4.19927,0,-0.00639178,-0.00322857,-0.455862,-0.563965
2518,1,-0.1,-0,-0,1,1,1,4.19918,-0.00698132,-0.0149142,-0.0032505,-0.36501,-0.47373
2519,1,-0.1,-0,-0,1,1,1,4.19927,0,-0.00319589,-0.00322332,-0.490323,-0.518848
2520,1,-0.1,-0,-0,1,1,1,4.19927,-0.00523599,-0.0149142,-0.00323398,-0.36283,-0.586523
2521,1,-0.1,-0,-0,1,1,1,4.19927,0.015708,0.0117183,-0.0032267,-0.654825,-0.372217
2522,1,-0.1,-0,-0,1,1,1,4.19918,-0.0436332,-0.00426119,-0.00322731,-0.479132,-0.541406
2523,1,-0.1,-0,-0,1,1,1,4.19927,0,-3.91384e-19,-0.00324959,-0.528945,-0.676758
2524,1,-0.1,-0,-0,1,1,1,4.19918,0.0139626,-0.00852238,-0.00324338,-0.434381,-0.676758
2525,1,-0.1,-0,-0,1,1,1,4.19927,0.00174533,0.0202406,-0.00322773,-0.748708,-0.417334
2526,1,-0.1,-0,-0,1,1,1,4.19918,-0.00872665,0.0138489,-0.00322978,-0.678668,-0.428613
2527,1,-0.1,-0,-0,1,1,1,4.19918,-0.00698132,0.00319589,-0.00325462,-0.564764,-0.64292
2528,1,-0.1,-0,-0,1,1,1,4.19918,0.0226893,0.010653,-0.00329339,-0.65191,-0.620361
2529,1,-0.1,-0,-0,1,1,1,4.19918,0,-0.0170448,-0.00326867,-0.343972,-0.620361
2530,1,-0.1,-0,-0,1,1,1,4.19918,0.0314159,0.010653,-0.00327282,-0.649195,-0.48501
2531,1,-0.1,-0,-0,1,1,1,4.19908,-0.0122173,0.0191753,-0.0032911,-0.745353,-0.609082
2532,1,-0.1,-0,-0,1,1,1,4.19908,0,-0.0010653,-0.00328257,-0.521581,-0.665479
2533,1,-0.1,-0,-0,1,1,1,4.19908,0,-0.0191753,-0.00328037,-0.32208,-0.507568
2534,1,-0.1,-0,-0,1,1,1,4.19908,-0.00872665,-0.00532648,-0.00325694,-0.471325,-0.439893
2535,1,-0.1,-0,-0,1,1,1,4.19908,-0.00349066,-0.00426119,-0.00324954,-0.482066,-0.575244
2536,1,-0.1,-0,-0,1,1,1,4.19908,0,0.0138489,-0.0032849,-0.685944,-0.676758
2537,1,-0.1,-0,-0,1,1,1,4.19908,0,0.00319589,-0.00332272,-0.573754,-0.676758
2538,1,-0.1,-0,-0,1,1,1,4.19908,0,0.00319589,-0.0033306,-0.574794,-0.64292
2539,1,-0.1,-0,-0,1,1,1,4.19908,0,-0.00852238,-0.00331169,-0.443397,-0.541406
2540,1,-0.1,-0,-0,1,1,1,4.19908,0,-0.00532648,-0.00330493,-0.477659,-0.609082
2541,1,-0.1,-0,-0,1,1,1,4.19898,0,-0.0138489,-0.00331594,-0.385367,-0.631641
2542,1,-0.1,-0,-0,1,1,1,4.19898,-0.00349066,-0.00426119,-0.00330699,-0.48965,-0.620361
2543,1,-0.1,-0,-0,1,1,1,4.19898,0,0.00319589,-0.00327838,-0.567901,-0.439893
2544,1,-0.1,-0,-0,1,1,1,4.19898,0,-0.0010653,-0.00330121,-0.524041,-0.654199
2545,1,-0.1,-0,-0,1,1,1,4.19898,0.0349066,-0.0159795,-0.0032621,-0.354823,-0.507568
2546,1,-0.1,-0,-0,1,1,1,4.19898,0,-0.0159795,-0.00327263,-0.356213,-0.518848
2547,1,-0.1,-0,-0,1,1,1,4.19898,0.0122173,0.0010653,-0.00326241,-0.542356,-0.507568
2548,1,-0.1,-0,-0,1,1,1,4.19898,-0.00872665,-0.00958767,-0.00326545,-0.425575,-0.518848
2549,1,-0.1,-0,-0,1,1,1,4.19898,0,-0.00213059,-0.00329564,-0.511588,-0.586523
2550,1,-0.1,-0,-0,1,1,1,4.19889,0,-0.010653,-0.00328967,-0.417054,-0.597803
2551,1,-0.1,-0,-0,1,1,1,4.19898,0,-0.0127836,-0.00329214,-0.393943,-0.462451
2552,1,-0.1,-0,-0,1,1,1,4.19889,0,-0.0010653,-0.00327493,-0.520573,-0.47373
2553,1,-0.1,-0,-0,1,1,1,4.19889,0,0.010653,-0.0033121,-0.65438,-0.620361
2554,1,-0.1,-0,-0,1,1,1,4.19889,0,0.00426119,-0.00332868,-0.586259,-0.597803
2555,1,-0.1,-0,-0,1,1,1,4.19889,0,-0.0117183,-0.00329455,-0.405979,-0.47373
2556,1,-0.1,-0,-0,1,1,1,4.19889,0,-0.0149142,-0.00326794,-0.367312,-0.597803
2557,1,-0.1,-0,-0,1,1,1,4.19898,0.0139626,-0.0159795,-0.00328906,-0.358382,-0.563965
2558,1,-0.1,-0,-0,1,1,1,4.19889,0,0.01811,-0.00331068,-0.73622,-0.507568
2559,1,-0.1,-0,-0,1,1,1,4.19879,-0.0226893,-0.00426119,-0.00332029,-0.491405,-0.47373
2560,1,-0.1,-0,-0,1,1,1,4.19889,0,-0.0138489,-0.00331315,-0.384998,-0.575244
2561,1,-0.1,-0,-0,1,1,1,4.19889,0.0279253,-0.0127836,-0.00330375,-0.395476,-0.518848
2562,1,-0.1,-0,-0,1,1,1,4.19879,-0.0261799,-0.00852238,-0.00328943,-0.440458,-0.586523
2563,1,-0.1,-0,-0,1,1,1,4.19889,0,2.60922e-19,-0.00327747,-0.532626,-0.518848
2564,1,-0.1,-0,-0,1,1,1,4.19879,0,0.00745708,-0.00330455,-0.618229,-0.620361
2565,1,-0.1,-0,-0,1,1,1,4.19879,-0.020944,-0.00639178,-0.00331804,-0.467672,-0.64292
2566,1,-0.1,-0,-0,1,1,1,4.19879,0.00872665,0.0234365,-0.0033501,-0.800015,-0.575244
2567,1,-0.1,-0,-0,1,1,1,4.19879,-0.0436332,0.00319589,-0.00335059,-0.577433,-0.620361
2568,1,-0.1,-0,-0,1,1,1,4.19879,0.0349066,0.0010653,-0.00336725,-0.556195,-0.530127
2569,1,-0.1,-0,-0,1,1,1,4.19879,0,-0.0149142,-0.00336372,-0.379955,-0.563965
2570,1,-0.1,-0,-0,1,1,1,4.19879,0,1.696e-18,-0.00333289,-0.539941,-0.417334
2571,1,-0.1,-0,-0,1,1,1,4.19879,0,-0.0010653,-0.0033267,-0.527406,-0.518848
2572,1,-0.1,-0,-0,1,1,1,4.19879,0.00872665,0.0127836,-0.00329853,-0.676025,-0.48501
2573,1,-0.1,-0,-0,1,1,1,4.19879,-0.0226893,-0.00532648,-0.0033263,-0.48048,-0.48501
2574,1,-0.1,-0,-0,1,1,1,4.1987,0,-0.010653,-0.00332831,-0.422155,-0.496289
2575,1,-0.1,-0,-0,1,1,1,4.19879,0.00872665,-0.00532648,-0.00332254,-0.479985,-0.451172
2576,1,-0.1,-0,-0,1,1,1,4.1987,-0.0279253,-0.00426119,-0.00329817,-0.488485,-0.575244
2577,1,-0.1,-0,-0,1,1,1,4.19879,0,0.0117183,-0.00331167,-0.666041,-0.597803
2578,1,-0.099999,0.000755033,0.374655,1,1,1,4.1987,0.00349066,0.00745708,-0.00333818,-0.56026,-0.541406
2579,1,-0.0999887,0.00374803,0.817772,1,1,1,4.1987,0,-0.00213059,-0.00334639,-0.356224,-0.507568
2580,1,-0.0999579,0.00888613,1.23306,1,1,1,4.1987,0,0.010653,-0.00331426,-0.370497,-0.439893
2581,1,-0.0998964,0.0160333,1.6212,1,1,1,4.19879,0,0.00319589,-0.00324564,-0.13643,-0.270703
2582,1,-0.0997945,0.0250542,1.98273,1,1,1,4.19889,0.0226893,0.00958767,-0.00319116,-0.0372786,-0.203027
2583,1,-0.099643,0.0358169,2.3182,1,1,1,4.19889,0.00349066,0.0010653,-0.00305109,0.255143,-0.135352
2584,1,-0.0994336,0.0481937,2.62823,1,1,1,4.19898,0.0349066,0.0202406,-0.00287882,0.263242,-0.0338379
2585,1,-0.0991586,0.0620577,2.91336,1,1,1,4.19918,0.0174533,-0.0010653,-0.00265433,0.73902,0.0676758
2586,1,-0.0988108,0.0772868,3.1742,1,1,1,4.19927,0.0436332,0.0298283,-0.00241163,0.657594,0.112793
2587,1,-0.0983836,0.0937621,3.41132,1,1,1,4.19975,0.169297,0.0149142,-0.00206606,1.10719,0.609082
2588,1,-0.0978713,0.11136,3.62523,1,1,1,4.20138,0.471239,0.0426119,-0.00167216,1.10702,0.80083
2589,1,-0.0972684,0.129974,3.81661,1,1,1,4.20215,-0.0907571,0.0692443,-0.00134711,1.11836,1.48887
2590,1,-0.0965699,0.149493,3.986,1,1,1,4.20234,0.0523599,0.104399,-0.0011465,1.02492,1.07153
2591,1,-0.0957721,0.169799,4.13391,1,1,1,4.20292,0.18326,0.136358,-0.000923238,0.977177,1.02642
2592,1,-0.0948709,0.190795,4.26099,1,1,1,4.20378,0.197222,0.143815,-0.000707798,1.20319,0.981299
2593,1,-0.0938632,0.212376,4.36781,1,1,1,4.20493,0.197222,0.177905,-0.000541589,1.13377,1.21816
2594,1,-0.0927463,0.234441,4.45492,1,1,1,4.2056,0.181514,0.206668,-0.000457854,1.11333,1.20688
2595,1,-0.0915181,0.256893,4.5229,1,1,1,4.20694,0.284489,0.255671,-0.000324942,0.879972,1.02642
2596,1,-0.0901769,0.279638,4.57234,1,1,1,4.20828,0.310669,0.276977,-0.000217405,0.948328,1.16177
2597,1,-0.0887213,0.302588,4.60381,1,1,1,4.20953,0.200713,0.311067,-0.000210903,0.861367,0.947461
2598,1,-0.0871508,0.325648,4.61788,1,1,1,4.21068,0.347321,0.32385,-0.000197755,1.00822,1.00386
2599,1,-0.0854649,0.348737,4.61513,1,1,1,4.21289,0.324631,0.324916,-0.000130914,1.29001,1.20688
2600,1,-0.0836637,0.37177,4.59614,1,1,1,4.21423,0.359538,0.35794,-0.000122623,1.20868,1.27456
2601,1,-0.0817476,0.39467,4.56149,1,1,1,4.21653,0.392699,0.381376,-6.95512e-05,1.23582,1.40991
2602,1,-0.0797171,0.417363,4.51173,1,1,1,4.21797,0.303687,0.400552,1.59303e-05,1.30991,1.12793
2603,1,-0.077574,0.439768,4.44746,1,1,1,4.22065,0.542797,0.422923,0.00010376,1.34402,1.33096
2604,1,-0.0753201,0.461813,4.36926,1,1,1,4.22247,0.411898,0.462339,0.000186119,1.18363,1.43247
2605,1,-0.0729567,0.483437,4.27769,1,1,1,4.22516,0.411898,0.469796,0.000234302,1.36235,1.43247
2606,1,-0.0704866,0.504569,4.17334,1,1,1,4.22688,0.45204,0.503885,0.000292921,1.24182,1.18433
2607,1,-0.0679122,0.525148,4.05678,1,1,1,4.23014,0.570723,0.486841,0.000311375,1.66855,1.31968
2608,1,-0.0652362,0.545116,3.92857,1,1,1,4.23244,0.553269,0.523061,0.000372742,1.50743,1.44375
2609,1,-0.0624622,0.564415,3.78931,1,1,1,4.23551,0.555015,0.574195,0.000338623,1.15802,1.01514
2610,1,-0.0595935,0.58299,3.63958,1,1,1,4.23762,0.567232,0.580587,0.000358596,1.29795,1.31968
2611,1,-0.0566334,0.600795,3.47991,1,1,1,4.24136,0.553269,0.584848,0.000436644,1.45931,1.37607
2612,1,-0.0535868,0.617775,3.31093,1,1,1,4.24376,0.626573,0.60935,0.00045561,1.37816,1.45503
2613,1,-0.0504568,0.633891,3.13317,1,1,1,4.24759,0.624828,0.628525,0.000460236,1.34122,1.11665
2614,1,-0.0472493,0.649094,2.94727,1,1,1,4.25009,0.680678,0.642374,0.000465409,1.35049,1.26328
2615,1,-0.0439677,0.66335,2.75374,1,1,1,4.25411,0.677188,0.672202,0.00047268,1.1718,1.20688
2616,1,-0.0406176,0.676619,2.55321,1,1,1,4.2568,0.680678,0.6999,0.000463964,1.00125,1.24072
2617,1,-0.037203,0.688872,2.34618,1,1,1,4.26111,0.670206,0.711618,0.000389495,0.982614,1.18433
2618,1,-0.0337305,0.700072,2.13333,1,1,1,4.2638,0.633555,0.727598,0.00024951,0.893352,0.981299
2619,1,-0.0302042,0.710195,1.91514,1,1,1,4.26792,0.734784,0.721206,0.00015426,1.04235,0.902344
2620,1,-0.0266301,0.719216,1.69223,1,1,1,4.27099,0.773181,0.716945,7.4151e-05,1.15624,1.01514
2621,1,-0.0230136,0.727112,1.46517,1,1,1,4.2753,0.788889,0.743577,3.27028e-05,0.921896,1.16177
2622,1,-0.0193612,0.733861,1.23459,1,1,1,4.27846,0.710349,0.749969,-6.07358e-05,0.887467,0.902344
2623,1,-0.0156773,0.739452,1.00096,1,1,1,4.28249,0.792379,0.748904,-0.000154952,0.919907,1.00386
2624,1,-0.0119686,0.743867,0.764938,1,1,1,4.28594,0.820305,0.737185,-0.00013275,1.07226,0.913623
2625,1,-0.00824021,0.747098,0.527032,1,1,1,4.29026,0.71733,0.747838,-0.00016679,0.955403,0.902344
2626,1,-0.00449982,0.749136,0.287933,1,1,1,4.29323,0.753982,0.753165,-0.000194898,0.882995,0.766992
2627,1,-0.000751013,0.749976,0.0480646,1,1,1,4.29793,0.788889,0.756361,-0.000257839,0.814062,0.823389
2628,1,0.00299845,0.749616,-0.191884,1,1,1,4.30099,0.753982,0.779797,-0.000334739,0.505807,0.620361
2629,1,0.00674303,0.748058,-0.431367,1,1,1,4.30531,0.706858,0.771275,-0.000433832,0.530412,0.654199
2630,1,0.0104768,0.745305,-0.669811,1,1,1,4.30838,0.797615,0.777667,-0.0005097,0.379755,0.530127
2631,1,0.0141938,0.741363,-0.906642,1,1,1,4.31317,0.71733,0.758491,-0.000631047,0.488743,0.654199
2632,1,0.0178884,0.736242,-1.1413,1,1,1,4.31595,0.656244,0.753165,-0.000710825,0.437462,0.552686
2633,1,0.0215543,0.729954,-1.37318,1,1,1,4.32027,0.755728,0.737185,-0.000778055,0.490976,0.417334
2634,1,0.025186,0.722516,-1.60173,1,1,1,4.32324,0.767945,0.740381,-0.000847321,0.319866,0.451172
2635,1,0.0287776,0.713944,-1.82636,1,1,1,4.32746,0.663225,0.731859,-0.000915459,0.264139,0.349658
2636,1,0.0323236,0.704259,-2.0465,1,1,1,4.33033,0.74002,0.707357,-0.000937409,0.377783,0.203027
2637,1,0.0358201,0.693481,-2.26168,1,1,1,4.33455,0.734784,0.667941,-0.000875853,0.655439,0.575244
2638,1,0.039257,0.681652,-2.47101,1,1,1,4.33771,0.76969,0.680725,-0.000837348,0.344224,0.47373
2639,1,0.0426336,0.668786,-2.67422,1,1,1,4.34155,0.575959,0.677529,-0.000878987,0.184678,0.394775
2640,1,0.0459429,0.654923,-2.8706,1,1,1,4.34385,0.600393,0.654092,-0.000911531,0.237626,0.15791
2641,1,0.0491809,0.640093,-3.05964,1,1,1,4.34797,0.69115,0.651962,-0.000954847,0.0459694,0.248145
2642,1,0.0523423,0.624339,-3.24072,1,1,1,4.35047,0.612611,0.64557,-0.00100069,-0.109377,0.281982
2643,1,0.0554229,0.6077,-3.4133,1,1,1,4.35392,0.537561,0.612546,-0.00103828,0.0196049,0.0451172
2644,1,0.058418,0.590221,-3.57675,1,1,1,4.35612,0.544543,0.582717,-0.00107757,0.104194,0.0563965
2645,1,0.0613238,0.571948,-3.73054,1,1,1,4.3589,0.404916,0.580587,-0.00105714,-0.116379,0.0676758
2646,1,0.064136,0.552934,-3.87405,1,1,1,4.36063,0.502655,0.533714,-0.00109938,0.139255,0.0789551
2647,1,0.0668521,0.533224,-4.00678,1,1,1,4.36456,0.638791,0.535844,-0.00103415,-0.13693,0.0112793
2648,1,0.0694674,0.512884,-4.12807,1,1,1,4.36686,0.579449,0.512408,-0.00104303,-0.147908,0.0902344
2649,1,0.0719796,0.491967,-4.23738,1,1,1,4.36964,0.376991,0.50069,-0.00105532,-0.293638,0.124072
2650,1,0.0743863,0.470531,-4.33415,1,1,1,4.37089,0.26529,0.458078,-0.000997282,-0.0947721,-0.0563965
2651,1,0.0766844,0.448645,-4.41778,1,1,1,4.37338,0.534071,0.433576,-0.000955472,-0.100984,0.0112793
2652,1,0.078872,0.426377,-4.48769,1,1,1,4.3753,0.410152,0.408009,-0.000858333,-0.0904506,-0.0676758
2653,1,0.0809474,0.403795,-4.54332,1,1,1,4.37731,0.357792,0.366462,-0.000734428,0.098229,-0.0563965
2654,1,0.0829098,0.380965,-4.5841,1,1,1,4.37894,0.403171,0.344091,-0.0005709,0.0814424,-0.0789551
2655,1,0.0847571,0.357977,-4.60944,1,1,1,4.38095,0.305433,0.329177,-0.00034014,-0.00714857,0
2656,1,0.0864893,0.334898,-4.61876,1,1,1,4.3822,0.296706,0.304675,-0.000167921,0.00254951,-0.0676758
2657,1,0.0881061,0.311816,-4.6115,1,1,1,4.38383,0.279253,0.253541,5.693e-05,0.315462,0.0338379
2658,1,0.0896076,0.288813,-4.58707,1,1,1,4.38498,0.293215,0.240757,0.000260442,0.207356,0.0338379
2659,1,0.0909943,0.265977,-4.54491,1,1,1,4.38632,0.193732,0.237561,0.000505661,0.0051181,0.101514
2660,1,0.0922677,0.243396,-4.48442,1,1,1,4.38719,0.233874,0.204537,0.000701598,0.129109,0.101514
2661,1,0.0934289,0.221164,-4.40504,1,1,1,4.38881,0.300197,0.170448,0.000887068,0.270624,0.0902344
2662,1,0.0944799,0.19938,-4.30621,1,1,1,4.39006,0.296706,0.170448,0.00106499,0.0452024,0.135352
2663,1,0.0954235,0.178137,-4.18731,1,1,1,4.39112,0.0837758,0.159795,0.00121343,-0.0580709,0.203027
2664,1,0.0962625,0.157539,-4.04779,1,1,1,4.3916,0.132645,0.14488,0.0012708,-0.11748,0.15791
2665,1,0.0970002,0.137694,-3.8871,1,1,1,4.39236,0.122173,0.12677,0.00137089,-0.123084,0.124072
2666,1,0.0976409,0.118703,-3.70459,1,1,1,4.39275,0.0802851,0.109726,0.00139417,-0.138357,-0.0338379
2667,1,0.0981889,0.100685,-3.49978,1,1,1,4.39303,0.0226893,0.0980073,0.0014336,-0.194395,-0.0902344
2668,1,0.0986495,0.0837447,-3.27202,1,1,1,4.39303,0,0.0585913,0.00148883,0.072843,0.0563965
2669,1,0.0990283,0.0680035,-3.02078,1,1,1,4.39313,0.0436332,0.0372854,0.00156622,0.162441,-0.0338379
2670,1,0.0993317,0.053577,-2.74543,1,1,1,4.39332,0.0506145,0.0138489,0.00168574,0.301758,0.0902344
2671,1,0.0995665,0.0405902,-2.44546,1,1,1,4.39342,0.015708,0.0159795,0.00186145,0.190016,0.0676758
2672,1,0.0997402,0.0291639,-2.12021,1,1,1,4.39351,0.0174533,-0.0117183,0.00203943,0.429368,0.0902344
2673,1,0.099861,0.0194304,-1.76923,1,1,1,4.39399,0.171042,-0.0170448,0.0022637,0.454818,0.394775
2674,1,0.0999376,0.0115163,-1.39181,1,1,1,4.39476,0.0925025,-0.0138489,0.00243475,0.404779,0.496289
2675,1,0.0999794,0.00555696,-0.98747,1,1,1,4.39428,-0.0715585,-0.00426119,0.00252457,0.300079,0.383496
2676,1,0.0999966,0.00168757,-0.555557,1,1,1,4.39418,-0.020944,-0.0138489,0.00256361,0.427599,0.169189
2677,1,0.1,4.79845e-05,-0.0955999,1,1,1,4.39428,0.0418879,-0.0138489,0.00263818,0.487044,0.372217
2678,1,0.1,0,0,1,1,1,4.39428,0,0.0202406,0.00263501,0.128505,0.372217
2679,1,0.1,0,0,1,1,1,4.39418,-0.0314159,-0.00213059,0.00262243,0.375575,0.281982
2680,1,0.1,0,0,1,1,1,4.39418,0.0226893,-0.010653,0.00259367,0.468121,0.259424
2681,1,0.1,0,0,1,1,1,4.39428,0.00872665,0.0117183,0.00254593,0.218152,0.259424
2682,1,0.1,0,0,1,1,1,4.39418,-0.0331613,0.00213059,0.0025086,0.321032,0.304541
2683,1,0.1,0,0,1,1,1,4.39418,0,-0.0010653,0.00243858,0.348538,0.135352
2684,1,0.1,0,0,1,1,1,4.39418,0,-1.95692e-19,0.00244962,0.341533,0.304541
2685,1,0.1,0,0,1,1,1,4.39428,0,-0.00319589,0.00244753,0.379326,0.372217
2686,1,0.1,0,0,1,1,1,4.39428,0,0.0127836,0.00247283,0.210382,0.349658
2687,1,0.1,0,0,1,1,1,4.39428,-0.0383972,0.00319589,0.00247014,0.318186,0.338379
2688,1,0.1,0,0,1,1,1,4.39428,0.00872665,0.00426119,0.00247795,0.310652,0.3271
2689,1,0.1,0,0,1,1,1,4.39428,-0.00872665,-0.00213059,0.00246683,0.382385,0.3271
2690,1,0.1,0,0,1,1,1,4.39428,0.020944,0.00745708,0.00244489,0.277021,0.31582
2691,1,0.1,0,0,1,1,1,4.39428,0,0.010653,0.00240446,0.238857,0.3271
2692,1,0.1,0,0,1,1,1,4.39428,-0.015708,0.00426119,0.00237546,0.307594,0.270703
2693,1,0.1,0,0,1,1,1,4.39428,0,-0.00213059,0.00235527,0.377541,0.225586
2694,1,0.1,0,0,1,1,1,4.39428,0,0.0117183,0.00234645,0.227139,0.248145
2695,1,0.1,0,0,1,1,1,4.39428,0,-0.00213059,0.0023529,0.383248,0.383496
2696,1,0.1,0,0,1,1,1,4.39428,0.0174533,0.00319589,0.00235371,0.327643,0.383496
2697,1,0.1,0,0,1,1,1,4.39428,0,-0.0213059,0.00235408,0.599768,0.281982
2698,1,0.1,0,0,1,1,1,4.39428,0.0244346,-0.00958767,0.00234957,0.473285,0.394775
2699,1,0.1,0,0,1,1,1,4.39428,0,0.0138489,0.0022972,0.210632,0.338379
2700,1,0.1,0,0,1,1,1,4.39418,-0.0296706,0.00958767,0.00229946,0.260545,0.383496
2701,1,0.1,0,0,1,1,1,4.39428,0,0.0010653,0.00225584,0.35034,0.214307
2702,1,0.1,0,0,1,1,1,4.39428,0.00872665,0.0170448,0.00225203,0.176703,0.259424
2703,1,0.1,0,0,1,1,1,4.39418,-0.0174533,-0.0234365,0.00224994,0.623789,0.270703
2704,1,0.1,0,0,1,1,1,4.39428,0.0436332,0.0010653,0.00227206,0.360828,0.563965
2705,1,0.1,0,0,1,1,1,4.39428,-0.0139626,-0.00639178,0.00229619,0.449348,0.530127
2706,1,0.1,0,0,1,1,1,4.39428,-0.0401426,-0.0159795,0.00228068,0.555128,0.349658
2707,1,0.1,0,0,1,1,1,4.39438,0.0279253,0.00532648,0.0022512,0.319295,0.281982
2708,1,0.1,0,0,1,1,1,4.39428,-0.0174533,-0.00639178,0.00225711,0.451645,0.259424
2709,1,0.1,0,0,1,1,1,4.39438,0.0139626,0.00639178,0.0022483,0.312479,0.394775
2710,1,0.1,0,0,1,1,1,4.39428,-0.0314159,0.00213059,0.00220983,0.356006,0.383496
2711,1,0.1,0,0,1,1,1,4.39428,0.0122173,0.00532648,0.00220513,0.322684,0.439893
2712,1,0.1,0,0,1,1,1,4.39428,-0.00349066,0.00532648,0.00219268,0.323223,0.394775
2713,1,0.1,0,0,1,1,1,4.39428,0,0.0234365,0.00217133,0.123538,0.417334
2714,1,0.1,0,0,1,1,1,4.39428,0,-0.0138489,0.00216668,0.534745,0.31582
2715,1,0.1,0,0,1,1,1,4.39428,0.0471239,-0.00852238,0.00219587,0.48339,0.47373
2716,1,0.1,0,0,1,1,1,4.39438,0,-0.00213059,0.00220827,0.414928,0.394775
2717,1,0.1,0,0,1,1,1,4.39438,0.0331613,-0.00426119,0.00218376,0.435129,0.541406
2718,1,0.1,0,0,1,1,1,4.39428,-0.0488692,0.00532648,0.00213466,0.323184,0.3271
2719,1,0.1,0,0,1,1,1,4.39428,0.0122173,-0.00213059,0.00211961,0.403225,0.406055
2720,1,0.1,0,0,1,1,1,4.39428,-0.0174533,0.00426119,0.00208926,0.328909,0.439893
2721,1,0.1,0,0,1,1,1,4.39428,-0.00523599,0.010653,0.00208454,0.257977,0.304541
2722,1,0.1,0,0,1,1,1,4.39428,0.00872665,-0.00426119,0.0021153,0.426092,0.541406
2723,1,0.1,0,0,1,1,1,4.39428,-0.00523599,0.010653,0.002112,0.261602,0.304541
2724,1,0.1,0,0,1,1,1,4.39428,0,0.0117183,0.00208398,0.246184,0.406055
2725,1,0.1,0,0,1,1,1,4.39428,0,-0.00852238,0.0020825,0.468636,0.304541
2726,1,0.1,0,0,1,1,1,4.39428,0.0226893,-0.00213059,0.00207215,0.39696,0.259424
2727,1,0.1,0,0,1,1,1,4.39428,0.0139626,0.00532648,0.00206294,0.313716,0.439893
2728,1,0.1,0,0,1,1,1,4.39428,0,0.010653,0.0020889,0.258552,0.394775
2729,1,0.1,0,0,1,1,1,4.39428,-0.0261799,-0.010653,0.00208534,0.492447,0.270703
2730,1,0.1,0,0,1,1,1,4.39438,0.0453786,-0.00426119,0.00212349,0.427174,0.338379
2731,1,0.1,0,0,1,1,1,4.39438,-0.020944,-0.0191753,0.00213007,0.592098,0.270703
2732,1,0.1,0,0,1,1,1,4.39428,0.00698132,-0.00532648,0.00210913,0.436997,0.360938
2733,1,0.1,0,0,1,1,1,4.39428,0,-0.010653,0.00210863,0.495522,0.3271
2734,1,0.1,0,0,1,1,1,4.39438,0.00872665,0.00852238,0.00209525,0.282827,0.31582
2735,1,0.1,0,0,1,1,1,4.39428,0,0.00426119,0.00210778,0.331354,0.225586
2736,1,0.1,0,0,1,1,1,4.39428,0.0139626,-0.010653,0.00209828,0.494155,0.225586
2737,1,0.1,0,0,1,1,1,4.39438,0.0279253,-0.0010653,0.00212828,0.392652,0.462451
2738,1,0.1,0,0,1,1,1,4.39438,0,-0.00426119,0.00214539,0.430065,0.31582
2739,1,0.1,0,0,1,1,1,4.39428,0.00872665,0.0223712,0.00214064,0.136481,0.270703
2740,1,0.1,0,0,1,1,1,4.39438,0.0191986,-0.00319589,0.00209323,0.411461,0.270703
2741,1,0.1,0,0,1,1,1,4.39418,0,0.00639178,0.00205958,0.301555,0.259424
2742,1,0.1,0,0,1,1,1,4.39428,0,0.010653,0.00203962,0.252048,0.360938
2743,1,0.1,0,0,1,1,1,4.39428,0,1.30461e-19,0.00205108,0.370743,0.236865
2744,1,0.1,0,0,1,1,1,4.39428,0.0139626,-0.00213059,0.0020826,0.39834,0.293262
2745,1,0.1,0,0,1,1,1,4.39438,0,0.00852238,0.0020622,0.278465,0.406055
2746,1,0.1,0,0,1,1,1,4.39428,0,0.00639178,0.00205938,0.301529,0.338379
2747,1,0.1,0,0,1,1,1,4.39428,0,0.0010653,0.00206948,0.361453,0.439893
2748,1,0.1,0,0,1,1,1,4.39438,0,0.0138489,0.00206724,0.220538,0.338379
2749,1,0.1,0,0,1,1,1,4.39428,-0.00523599,0.0127836,0.00203227,0.22764,0.304541
2750,1,0.1,0,0,1,1,1,4.39428,0,1.696e-18,0.00201119,0.365477,0.180469
2751,1,0.1,0,0,1,1,1,4.39428,0,-0.00532648,0.00201315,0.424328,0.349658
2752,1,0.1,0,0,1,1,1,4.39428,0,0.0202406,0.00197715,0.138337,0.281982
2753,1,0.1,0,0,1,1,1,4.39428,-0.00523599,0.00745708,0.00198731,0.280297,0.236865
2754,1,0.1,0,0,1,1,1,4.39438,0.0383972,0.0149142,0.00198843,0.198417,0.259424
2755,1,0.1,0,0,1,1,1,4.39428,-0.00174533,-0.0010653,0.00197545,0.372478,0.530127
2756,1,0.1,0,0,1,1,1,4.39428,0,0.00426119,0.00197353,0.313633,0.451172
2757,1,0.1,0,0,1,1,1,4.39428,0,0.0138489,0.00197932,0.208932,0.304541
2758,1,0.1,0,0,1,1,1,4.39428,0,-0.0117183,0.00199354,0.492048,0.293262
2759,1,0.1,0,0,1,1,1,4.39438,0.00872665,-0.00958767,0.00199287,0.468523,0.281982
2760,1,0.1,0,0,1,1,1,4.39428,0,0.00958767,0.00200142,0.258723,0.338379
2761,1,0.1,0,0,1,1,1,4.39428,-0.0122173,0.0138489,0.00200647,0.212517,0.428613
2762,1,0.1,0,0,1,1,1,4.39428,0,0.0245018,0.0019969,0.0940197,0.383496
2763,1,0.1,0,0,1,1,1,4.39428,-0.0628319,-0.00852238,0.00198032,0.455148,0.225586
2764,1,0.1,0,0,1,1,1,4.39428,0.0610865,-0.0117183,0.00201674,0.49511,0.31582
2765,1,0.1,0,0,1,1,1,4.39438,0,0.00852238,0.00198146,0.267807,0.383496
2766,1,0.1,0,0,1,1,1,4.39428,0,0.00745708,0.00197553,0.278743,0.281982
2767,1,0.1,0,0,1,1,1,4.39438,0,-0.00639178,0.00196279,0.429398,0.349658
2768,1,0.1,0,0,1,1,1,4.39428,0,-0.00852238,0.0019222,0.447476,0.270703
2769,1,0.1,0,0,1,1,1,4.39428,0,0.0117183,0.00188434,0.219832,0.214307
2770,1,0.1,0,0,1,1,1,4.39428,-0.00872665,-0.00426119,0.00191336,0.399436,0.360938
2771,1,0.1,0,0,1,1,1,4.39438,0,0.0170448,0.00195105,0.170047,0.48501
2772,1,0.1,0,0,1,1,1,4.39438,0,0.00426119,0.00196763,0.312854,0.417334
2773,1,0.1,0,0,1,1,1,4.39428,0,-0.0010653,0.00195178,0.369353,0.451172
2774,1,0.1,0,0,1,1,1,4.39428,-0.015708,-1.95692e-19,0.00192574,0.354198,0.293262
2775,1,0.1,0,0,1,1,1,4.39428,0.020944,-0.0117183,0.00192844,0.483454,0.417334
2776,1,0.1,0,0,1,1,1,4.39428,-0.00174533,-0.00532648,0.0018821,0.407028,0.248145
2777,1,0.1,0,0,1,1,1,4.39428,0.0226893,-0.00532648,0.001867,0.405035,0.146631
2778,1,0.1,0,0,1,1,1,4.39428,0.0122173,0.0170448,0.00182598,0.153537,0.3271
2779,1,0.1,0,0,1,1,1,4.39428,-0.00872665,-0.00319589,0.0018203,0.375435,0.338379
2780,1,0.1,0,0,1,1,1,4.39418,0,-0.00426119,0.00179898,0.384338,0.360938
2781,1,0.1,0,0,1,1,1,4.39428,0,0.00213059,0.00179634,0.31368,0.281982
2782,1,0.1,0,0,1,1,1,4.39428,0,0.00958767,0.00178017,0.229518,0.259424
2783,1,0.1,0,0,1,1,1,4.39428,-0.00174533,0.0191753,0.00174467,0.119368,0.304541
2784,1,0.1,0,0,1,1,1,4.39418,0,0.010653,0.00176046,0.215198,0.214307
2785,1,0.1,0,0,1,1,1,4.39428,-0.0296706,-0.00319589,0.00176088,0.367591,0.338379
2786,1,0.1,0,0,1,1,1,4.39428,0.0314159,0.00319589,0.00175496,0.296501,0.428613
2787,1,0.1,0,0,1,1,1,4.39428,-0.00349066,-0.00745708,0.00175915,0.414236,0.48501
2788,1,0.1,0,0,1,1,1,4.39428,0,0.00852238,0.00177952,0.241151,0.518848
2789,1,0.1,0,0,1,1,1,4.39428,0,0.0245018,0.0017349,0.0594872,0.248145
2790,1,0.1,0,0,1,1,1,4.39428,0,-0.00639178,0.00174943,0.401235,0.394775
2791,1,0.1,0,0,1,1,1,4.39428,0,0.00639178,0.00173237,0.258363,0.270703
2792,1,0.1,0,0,1,1,1,4.39428,0.0139626,0.00639178,0.00174989,0.260676,0.428613
2793,1,0.1,0,0,1,1,1,4.39428,-0.0436332,0.00958767,0.00176202,0.227122,0.439893
2794,1,0.1,0,0,1,1,1,4.39428,0.00872665,0.00745708,0.00174389,0.248166,0.191748
2795,1,0.1,0,0,1,1,1,4.39428,0,0.00958767,0.00172732,0.222532,0.304541
2796,1,0.1,0,0,1,1,1,4.39418,-0.0191986,0.0138489,0.00172102,0.174837,0.281982
2797,1,0.1,0,0,1,1,1,4.39418,0,-0.0127836,0.00170354,0.465487,0.203027
2798,1,0.1,0,0,1,1,1,4.39428,0.0191986,0.01811,0.00170754,0.126184,0.360938
2799,1,0.1,0,0,1,1,1,4.39418,-0.0244346,-0.028763,0.00173348,0.645212,0.3271
2800,1,0.1,0,0,1,1,1,4.39428,0.010472,-0.00319589,0.00175917,0.367365,0.338379
2801,1,0.1,0,0,1,1,1,4.39428,0,-0.00319589,0.00172553,0.362778,0.417334
2802,1,0.1,0,0,1,1,1,4.39418,-0.0593412,0.00213059,0.00172111,0.30375,0.236865
2803,1,0.1,0,0,1,1,1,4.39428,0.020944,0.00852238,0.00173816,0.235691,0.281982
2804,1,0.1,0,0,1,1,1,4.39428,0,0.0213059,0.00171885,0.0924727,0.293262
2805,1,0.1,0,0,1,1,1,4.39418,-0.0139626,0.0010653,0.00174719,0.31891,0.406055
2806,1,0.1,0,0,1,1,1,4.39428,0.0244346,0.00426119,0.00174267,0.28316,0.270703
2807,1,0.1,0,0,1,1,1,4.39428,0,-0.0202406,0.00175321,0.554071,0.293262
2808,1,0.1,0,0,1,1,1,4.39428,0.00174533,-5.87076e-19,0.00175033,0.331043,0.394775
2809,1,0.1,0,0,1,1,1,4.39428,-0.00349066,0.0117183,0.00174265,0.201129,0.338379
2810,1,0.1,0,0,1,1,1,4.39428,-0.0261799,0.0117183,0.0017631,0.203829,0.360938
2811,1,0.1,0,0,1,1,1,4.39428,-0.0174533,-0.00958767,0.00176185,0.438029,0.225586
2812,1,0.1,0,0,1,1,1,4.39428,0.0279253,0.00852238,0.00173653,0.235476,0.270703
2813,1,0.1,0,0,1,1,1,4.39428,-0.010472,0.00426119,0.00172445,0.280754,0.338379
2814,1,0.1,0,0,1,1,1,4.39428,0,0.0330242,0.00172826,-0.0351361,0.31582
2815,1,0.1,0,0,1,1,1,4.39418,-0.0698132,0.0127836,0.00169652,0.183321,0.236865
2816,1,0.1,0,0,1,1,1,4.39418,0.0383972,0.00639178,0.00168669,0.252334,0.270703
2817,1,0.1,0,0,1,1,1,4.39428,-0.0261799,-0.00426119,0.00168401,0.369162,0.304541
2818,1,0.1,0,0,1,1,1,4.39428,0,0.0127836,0.00166793,0.179548,0.225586
2819,1,0.1,0,0,1,1,1,4.39428,0,0.00426119,0.00167146,0.27376,0.360938
2820,1,0.1,0,0,1,1,1,4.39428,0,-0.00426119,0.00169996,0.371267,0.236865
2821,1,0.1,0,0,1,1,1,4.39438,0,-0.00319589,0.00165911,0.354157,0.225586
2822,1,0.1,0,0,1,1,1,4.39418,0,-0.00426119,0.00162871,0.361863,0.191748
2823,1,0.1,0,0,1,1,1,4.39418,0,-0.0234365,0.00161508,0.570992,0.112793
2824,1,0.1,0,0,1,1,1,4.39418,0.00174533,0.00745708,0.00162217,0.232098,0.360938
2825,1,0.1,0,0,1,1,1,4.39418,-0.0349066,0.00745708,0.00161045,0.230552,0.270703
2826,1,0.1,0,0,1,1,1,4.39428,0.0226893,-0.00426119,0.00161389,0.359906,0.236865
2827,1,0.1,0,0,1,1,1,4.39418,0,0.00319589,0.00162356,0.279156,0.270703
2828,1,0.1,0,0,1,1,1,4.39428,0,0.00745708,0.00158413,0.227077,0.191748
2829,1,0.1,0,0,1,1,1,4.39428,0,-0.00852238,0.00159107,0.403768,0.281982
2830,1,0.1,0,0,1,1,1,4.39428,0.015708,0.0127836,0.00154062,0.162743,0.214307
2831,1,0.1,0,0,1,1,1,4.39418,0,-0.00852238,0.00153136,0.395886,0.214307
2832,1,0.1,0,0,1,1,1,4.39418,0.00872665,0.00426119,0.00151994,0.25372,0.304541
2833,1,0.1,0,0,1,1,1,4.39418,0,0.00852238,0.00150193,0.204508,0.31582
2834,1,0.1,0,0,1,1,1,4.39418,0,0.0223712,0.00147866,0.0491001,0.406055
2835,1,0.1,0,0,1,1,1,4.39418,-0.0331613,0.00426119,0.0015001,0.25114,0.360938
2836,1,0.1,0,0,1,1,1,4.39428,0.00349066,-0.00958767,0.00149609,0.402949,0.225586
2837,1,0.1,0,0,1,1,1,4.39428,0.0331613,0.00319589,0.00147842,0.259992,0.270703
2838,1,0.1,0,0,1,1,1,4.39418,-0.0331613,-0.00532648,0.00146616,0.352125,0.372217
2839,1,0.1,0,0,1,1,1,4.39428,0,-0.00319589,0.00148323,0.330941,0.225586
2840,1,0.1,0,0,1,1,1,4.39418,0,1.30461e-19,0.00148617,0.296175,0.406055
2841,1,0.1,0,0,1,1,1,4.39418,-0.0122173,-0.0010653,0.00146991,0.305747,0.191748
2842,1,0.1,0,0,1,1,1,4.39428,0.020944,-0.00319589,0.00144748,0.326222,0.349658
2843,1,0.1,0,0,1,1,1,4.39418,0,-0.0202406,0.00143101,0.511498,0.225586
2844,1,0.1,0,0,1,1,1,4.39418,0,0.01811,0.00135185,0.078813,0.225586
2845,1,0.1,0,0,1,1,1,4.39409,-0.00872665,0.00958767,0.00138388,0.177208,0.225586
2846,1,0.1,0,0,1,1,1,4.39428,0.0418879,-0.0010653,0.0013798,0.293851,0.281982
2847,1,0.1,0,0,1,1,1,4.39418,0,0.00213059,0.00136424,0.256643,0.338379
2848,1,0.1,0,0,1,1,1,4.39418,0,-0.00319589,0.00132092,0.309516,0.124072
2849,1,0.1,0,0,1,1,1,4.39418,0.0244346,-0.00213059,0.00130226,0.295334,0.406055
2850,1,0.1,0,0,1,1,1,4.39418,-0.0349066,0.00532648,0.00127564,0.209793,0.293262
2851,1,0.1,0,0,1,1,1,4.39418,0,0.00426119,0.00128429,0.222654,0.349658
2852,1,0.1,0,0,1,1,1,4.39418,0,-0.00532648,0.00127146,0.326424,0.394775
2853,1,0.1,0,0,1,1,1,4.39418,0.00174533,-0.00426119,0.00125512,0.312548,0.281982
2854,1,0.1,0,0,1,1,1,4.39418,-0.00872665,0.00958767,0.00125256,0.159874,0.248145
2855,1,0.1,0,0,1,1,1,4.39418,0,0.0202406,0.00123485,0.040353,0.383496
2856,1,0.1,0,0,1,1,1,4.39418,0,0.0170448,0.00124545,0.0769074,0.304541
2857,1,0.1,0,0,1,1,1,4.39409,-0.0314159,0.00745708,0.00124381,0.182156,0.304541
2858,1,0.1,0,0,1,1,1,4.39418,0.0174533,0.00745708,0.00120991,0.17768,0.203027
2859,1,0.1,0,0,1,1,1,4.39418,-0.0174533,0.00213059,0.00118088,0.23244,0.0789551
2860,1,0.1,0,0,1,1,1,4.39418,0.0226893,-0.0010653,0.00118666,0.268357,0.214307
2861,1,0.1,0,0,1,1,1,4.39418,-0.0279253,0.00426119,0.00115216,0.205212,0.225586
2862,1,0.1,0,0,1,1,1,4.39418,0.0244346,0.0010653,0.00116432,0.241972,0.270703
2863,1,0.1,0,0,1,1,1,4.39418,0,0.0213059,0.00111947,0.0134048,0.214307
2864,1,0.1,0,0,1,1,1,4.39418,-0.020944,-0.00213059,0.00109337,0.267761,0.0902344
2865,1,0.1,0,0,1,1,1,4.39418,0.020944,-0.0223712,0.00110278,0.49165,0.304541
2866,1,0.1,0,0,1,1,1,4.39418,0.0296706,-0.00958767,0.00112871,0.354455,0.462451
2867,1,0.1,0,0,1,1,1,4.39418,0,-0.00532648,0.0011336,0.308226,0.236865
2868,1,0.1,0,0,1,1,1,4.39418,0,-0.0127836,0.00111953,0.388397,0.135352
2869,1,0.1,0,0,1,1,1,4.39418,0.0331613,0.0149142,0.00112111,0.0839313,0.191748
2870,1,0.1,0,0,1,1,1,4.39418,-0.00872665,-0.00426119,0.00109068,0.290684,0.180469
2871,1,0.1,0,0,1,1,1,4.39409,0,0.00852238,0.00106855,0.147303,0.0225586
2872,1,0.1,0,0,1,1,1,4.39409,0,-0.010653,0.00109509,0.361735,0.0789551
2873,1,0.1,0,0,1,1,1,4.39428,0.0174533,0.010653,0.00107157,0.124055,0.3271
2874,1,0.1,0,0,1,1,1,4.39409,-0.0610865,-0.00639178,0.00104538,0.308253,0.15791
2875,1,0.1,0,0,1,1,1,4.39418,0.0471239,0.00319589,0.00104881,0.203262,0.281982
2876,1,0.1,0,0,1,1,1,4.39409,-0.0593412,0.00639178,0.0010692,0.170825,0.15791
2877,1,0.1,0,0,1,1,1,4.39409,0.00523599,-0.00213059,0.00107552,0.265406,0.0902344
2878,1,0.099999,-0.000755102,-0.374672,1,1,1,4.39409,0.0174533,-0.00745708,0.00104378,0.257406,0.180469
2879,1,0.0999887,-0.00374772,-0.817739,1,1,1,4.39409,0,0.00852238,0.00105104,-0.0170354,0.112793
2880,1,0.0999579,-0.00888666,-1.23309,1,1,1,4.39409,0,0.00213059,0.000989402,-0.0771005,0.0225586
2881,1,0.0998964,-0.0160335,-1.62121,1,1,1,4.39399,-0.015708,0.00319589,0.000926362,-0.240017,0
2882,1,0.0997945,-0.0250536,-1.98271,1,1,1,4.39399,0,3.91384e-19,0.000809736,-0.383636,-0.0225586
2883,1,0.099643,-0.0358167,-2.31819,1,1,1,4.3938,-0.0366519,-0.00639178,0.000660904,-0.515036,-0.15791
2884,1,0.0994336,-0.0481931,-2.62821,1,1,1,4.39361,-0.0401426,-0.00958767,0.000518965,-0.696942,-0.0676758
2885,1,0.0991586,-0.0620588,-2.91338,1,1,1,4.39323,-0.125664,-0.00958767,0.000289111,-0.941961,-0.406055
2886,1,0.0988108,-0.0772868,-3.1742,1,1,1,4.39246,-0.223402,-0.0138489,5.08214e-05,-1.15511,-0.631641
2887,1,0.0983836,-0.0937609,-3.41131,1,1,1,4.39207,-0.0663225,-0.0521996,-0.00024039,-1.01414,-1.11665
2888,1,0.0978713,-0.111362,-3.62525,1,1,1,4.39169,-0.0802851,-0.0777667,-0.000437896,-1.01048,-1.13921
2889,1,0.0972683,-0.129976,-3.81662,1,1,1,4.39131,-0.0959931,-0.10653,-0.000673243,-0.986667,-1.27456
2890,1,0.09657,-0.149491,-3.98598,1,1,1,4.39064,-0.136136,-0.121444,-0.000869159,-1.11739,-1.13921
2891,1,0.0957722,-0.169798,-4.1339,1,1,1,4.38997,-0.101229,-0.150207,-0.00101188,-1.09472,-1.18433
2892,1,0.0948709,-0.190794,-4.26099,1,1,1,4.38929,-0.169297,-0.169382,-0.00115887,-1.18357,-1.15049
2893,1,0.0938631,-0.212377,-4.36781,1,1,1,4.38824,-0.185005,-0.183231,-0.00129459,-1.33364,-1.18433
2894,1,0.0927464,-0.234439,-4.45491,1,1,1,4.38728,-0.279253,-0.205602,-0.00141581,-1.3912,-1.34224
2895,1,0.0915181,-0.256894,-4.5229,1,1,1,4.38575,-0.249582,-0.224778,-0.00157323,-1.49198,-1.39863
2896,1,0.0901768,-0.27964,-4.57234,1,1,1,4.38469,-0.267035,-0.271651,-0.00163301,-1.27467,-1.36479
2897,1,0.0887214,-0.302587,-4.60381,1,1,1,4.38306,-0.312414,-0.310001,-0.00166683,-1.14677,-1.33096
2898,1,0.0871507,-0.32565,-4.61788,1,1,1,4.38172,-0.331613,-0.335569,-0.0016863,-1.15595,-1.29712
2899,1,0.0854648,-0.348738,-4.61513,1,1,1,4.37961,-0.366519,-0.367527,-0.00166782,-1.08706,-1.35352
2900,1,0.0836637,-0.37177,-4.59614,1,1,1,4.37808,-0.352557,-0.39629,-0.00161488,-1.04533,-1.20688
2901,1,0.0817474,-0.394672,-4.56148,1,1,1,4.37578,-0.411898,-0.408009,-0.00155445,-1.18541,-1.24072
2902,1,0.0797172,-0.417362,-4.51173,1,1,1,4.37395,-0.439823,-0.427184,-0.00148204,-1.23705,-1.17305
2903,1,0.0775745,-0.439763,-4.44747,1,1,1,4.37117,-0.469494,-0.446359,-0.00142189,-1.28469,-1.28584
2904,1,0.0753201,-0.461813,-4.36926,1,1,1,4.36954,-0.401426,-0.515604,-0.00128426,-0.764415,-1.15049
2905,1,0.0729569,-0.483435,-4.27769,1,1,1,4.36657,-0.479966,-0.52093,-0.00114221,-0.938139,-1.02642
2906,1,0.0704866,-0.504568,-4.17334,1,1,1,4.36446,-0.575959,-0.492167,-0.00109099,-1.49209,-1.15049
2907,1,0.0679119,-0.52515,-4.05676,1,1,1,4.3613,-0.516617,-0.531583,-0.00105498,-1.29084,-1.28584
2908,1,0.0652362,-0.545116,-3.92857,1,1,1,4.35909,-0.572468,-0.565673,-0.000982351,-1.13373,-1.24072
2909,1,0.0624618,-0.564418,-3.78929,1,1,1,4.35545,-0.553269,-0.562477,-0.000944155,-1.38122,-1.31968
2910,1,0.0595933,-0.582992,-3.63957,1,1,1,4.35344,-0.481711,-0.600827,-0.000902901,-1.16132,-1.08281
2911,1,0.0566332,-0.600796,-3.4799,1,1,1,4.34951,-0.715585,-0.617872,-0.000812602,-1.15747,-1.13921
2912,1,0.0535863,-0.617778,-3.31091,1,1,1,4.34701,-0.568977,-0.625329,-0.00076019,-1.25285,-1.19561
2913,1,0.050457,-0.63389,-3.13318,1,1,1,4.34327,-0.69115,-0.653027,-0.000665846,-1.10792,-1.11665
2914,1,0.0472493,-0.649094,-2.94727,1,1,1,4.34049,-0.715585,-0.66368,-0.000638437,-1.14772,-1.24072
2915,1,0.043968,-0.663349,-2.75376,1,1,1,4.33685,-0.614356,-0.68179,-0.000535798,-1.08117,-1.04897
2916,1,0.0406173,-0.67662,-2.55319,1,1,1,4.33378,-0.829031,-0.700965,-0.000446058,-0.992058,-1.00386
2917,1,0.0372032,-0.688871,-2.34619,1,1,1,4.32947,-0.640536,-0.705227,-0.000347603,-1.05161,-1.15049
2918,1,0.0337305,-0.700072,-2.13332,1,1,1,4.3265,-0.792379,-0.720141,-0.000260692,-0.981803,-1.0377
2919,1,0.0302046,-0.710194,-1.91516,1,1,1,4.32218,-0.705113,-0.741447,-0.000151347,-0.824645,-0.95874
2920,1,0.0266299,-0.719216,-1.69222,1,1,1,4.31902,-0.797615,-0.735055,-1.62871e-05,-0.953193,-0.778271
2921,1,0.0230142,-0.72711,-1.46521,1,1,1,4.3147,-0.733038,-0.746773,8.84029e-05,-0.872461,-0.812109
2922,1,0.0193613,-0.733861,-1.23459,1,1,1,4.31164,-0.801106,-0.768079,0.000236121,-0.665696,-0.891064
2923,1,0.0156774,-0.739452,-1.00097,1,1,1,4.30732,-0.68766,-0.759557,0.000348436,-0.777017,-0.733154
2924,1,0.0119685,-0.743867,-0.764934,1,1,1,4.30406,-0.844739,-0.753165,0.000392789,-0.860563,-0.834668
2925,1,0.0082409,-0.747098,-0.527076,1,1,1,4.29956,-0.644026,-0.744643,0.000393792,-0.958874,-0.97002
2926,1,0.00449942,-0.749136,-0.287908,1,1,1,4.29639,-0.849975,-0.75423,0.000481553,-0.830097,-0.789551
2927,1,0.0007511,-0.749976,-0.0480702,1,1,1,4.29198,-0.699877,-0.758491,0.000509552,-0.754117,-0.789551
2928,1,-0.00299817,-0.749616,0.191867,1,1,1,4.28882,-0.837758,-0.749969,0.000962188,-0.746823,-0.64292
2929,1,-0.00674313,-0.748058,0.431374,1,1,1,4.2846,-0.678933,-0.771275,0.00104698,-0.445252,-0.710596
2930,1,-0.010477,-0.745304,0.669827,1,1,1,4.28153,-0.780162,-0.746773,0.00110481,-0.636307,-0.360938
2931,1,-0.014194,-0.741363,0.906653,1,1,1,4.27683,-0.783653,-0.741447,0.00110348,-0.611493,-0.586523
2932,1,-0.0178884,-0.736242,1.1413,1,1,1,4.27367,-0.760964,-0.743577,0.0011521,-0.482731,-0.518848
2933,1,-0.0215546,-0.729954,1.3732,1,1,1,4.26955,-0.71384,-0.744643,0.00125685,-0.342701,-0.338379
2934,1,-0.0251859,-0.722516,1.60173,1,1,1,4.26667,-0.736529,-0.749969,0.00134553,-0.145025,-0.338379
2935,1,-0.0287775,-0.713944,1.82636,1,1,1,4.26236,-0.656244,-0.723337,0.00139506,-0.290919,-0.406055
2936,1,-0.032324,-0.704258,2.04653,1,1,1,4.25958,-0.694641,-0.706292,0.00141073,-0.323045,-0.406055
2937,1,-0.0358183,-0.693487,2.26156,1,1,1,4.25565,-0.623083,-0.694574,0.00143625,-0.283078,-0.259424
2938,1,-0.0392568,-0.681653,2.471,1,1,1,4.25306,-0.678933,-0.670072,0.00138773,-0.382241,-0.394775
2939,1,-0.0426331,-0.668788,2.67419,1,1,1,4.24836,-0.792379,-0.678594,0.0013435,-0.107279,-0.31582
2940,1,-0.0459429,-0.654923,2.8706,1,1,1,4.24548,-0.675442,-0.651962,0.00132184,-0.204555,-0.293262
2941,1,-0.0491809,-0.640093,3.05964,1,1,1,4.24184,-0.616101,-0.634917,0.00127088,-0.18956,-0.259424
2942,1,-0.0523426,-0.624337,3.24074,1,1,1,4.23944,-0.624828,-0.646635,0.00129127,0.161402,-0.146631
2943,1,-0.0554226,-0.607702,3.41327,1,1,1,4.2359,-0.555015,-0.623199,0.00131095,0.13528,-0.0563965
2944,1,-0.0584183,-0.590219,3.57677,1,1,1,4.23369,-0.511381,-0.592305,0.00134229,0.0379108,-0.0225586
2945,1,-0.0613237,-0.571949,3.73053,1,1,1,4.23139,-0.34383,-0.563542,0.00134478,-0.031716,-0.0676758
2946,1,-0.0641362,-0.552933,3.87407,1,1,1,4.22947,-0.55676,-0.537975,0.00135254,-0.0576853,0.0112793
2947,1,-0.0668521,-0.533225,4.00678,1,1,1,4.22535,-0.666716,-0.530518,0.00133688,0.119452,-0.0112793
2948,1,-0.0694675,-0.512883,4.12807,1,1,1,4.22295,-0.58294,-0.512408,0.00128749,0.18118,-0.0451172
2949,1,-0.0719796,-0.491967,4.23738,1,1,1,4.21998,-0.429351,-0.490037,0.00122924,0.200192,-0.0676758
2950,1,-0.0743863,-0.470531,4.33415,1,1,1,4.21854,-0.345575,-0.471927,0.0011916,0.27345,-0.0338379
2951,1,-0.0766842,-0.448647,4.41777,1,1,1,4.21663,-0.3735,-0.438902,0.00117057,0.1885,0
2952,1,-0.0788721,-0.426376,4.48769,1,1,1,4.21461,-0.516617,-0.423988,0.00117377,0.308764,0.0789551
2953,1,-0.0809477,-0.403792,4.54333,1,1,1,4.21231,-0.296706,-0.393095,0.00112711,0.248528,0.124072
2954,1,-0.0829096,-0.380968,4.5841,1,1,1,4.21116,-0.312414,-0.381376,0.0011261,0.406062,0.236865
2955,1,-0.084757,-0.357977,4.60944,1,1,1,4.20896,-0.37001,-0.329177,0.000989481,0.0992193,0.225586
2956,1,-0.0864892,-0.3349,4.61876,1,1,1,4.20752,-0.335103,-0.294022,0.000840617,-0.0232061,0.31582
2957,1,-0.0881058,-0.311819,4.6115,1,1,1,4.20589,-0.275762,-0.296153,0.000647003,0.254537,0.0563965
2958,1,-0.0896075,-0.288814,4.58707,1,1,1,4.20483,-0.268781,-0.240757,0.000449261,-0.103678,0.146631
2959,1,-0.0909944,-0.265976,4.5449,1,1,1,4.20349,-0.21293,-0.248214,0.00017353,0.212032,0
2960,1,-0.0922676,-0.243396,4.48442,1,1,1,4.20253,-0.244346,-0.196015,-0.000112369,-0.135307,0.0112793
2961,1,-0.0934289,-0.221164,4.40504,1,1,1,4.20129,-0.190241,-0.184296,-0.000393779,-0.0447361,-0.0338379
2962,1,-0.0944801,-0.199377,4.30619,1,1,1,4.20061,-0.153589,-0.12464,-0.000675424,-0.489421,-0.0225586
2963,1,-0.0954236,-0.178136,4.18731,1,1,1,4.19966,-0.167552,-0.12677,-0.000935929,-0.26226,-0.0902344
2964,1,-0.0962625,-0.157539,4.04779,1,1,1,4.19898,-0.179769,-0.125705,-0.00116749,-0.0770683,-0.0789551
2965,1,-0.0970003,-0.137692,3.88708,1,1,1,4.19764,-0.242601,-0.0980073,-0.00139941,-0.196619,-0.101514
2966,1,-0.0976409,-0.118703,3.70459,1,1,1,4.19678,-0.167552,-0.101203,-0.00157054,0.0184594,-0.191748
2967,1,-0.0981888,-0.100686,3.4998,1,1,1,4.19659,0,-0.0607219,-0.00170808,-0.256512,-0.0902344
2968,1,-0.0986495,-0.0837446,3.27202,1,1,1,4.19659,0,-0.0756361,-0.0018369,0.0617295,-0.248145
2969,1,-0.0990284,-0.0680021,3.02075,1,1,1,4.19649,0,-0.050069,-0.001959,-0.0817235,-0.101514
2970,1,-0.0993317,-0.0535776,2.74544,1,1,1,4.19649,0,-0.0426119,-0.00209549,-0.0483077,-0.101514
2971,1,-0.0995665,-0.0405897,2.44545,1,1,1,4.1964,-0.0139626,-0.0298283,-0.00220439,-0.0905108,-0.15791
2972,1,-0.0997402,-0.0291645,2.12023,1,1,1,4.1964,-0.0174533,0.0276977,-0.00234656,-0.652217,-0.169189
2973,1,-0.099861,-0.0194304,1.76923,1,1,1,4.19592,-0.155334,-0.00852238,-0.00247109,-0.206232,-0.304541
2974,1,-0.0999375,-0.0115166,1.39182,1,1,1,4.19525,-0.118682,0.0213059,-0.00261778,-0.51529,-0.47373
2975,1,-0.0999794,-0.00555695,0.987469,1,1,1,4.19534,0.00872665,-0.00426119,-0.00273243,-0.239225,-0.48501
2976,1,-0.0999966,-0.00168795,0.555618,1,1,1,4.19525,-0.0139626,0.0127836,-0.00281222,-0.45536,-0.349658
2977,1,-0.1,-4.79779e-05,0.0955933,1,1,1,4.19544,0,-0.00532648,-0.00289122,-0.316829,-0.428613
2978,1,-0.1,-0,-0,1,1,1,4.19534,0,0.0149142,-0.00294087,-0.56305,-0.439893
2979,1,-0.1,-0,-0,1,1,1,4.19534,-0.0122173,-0.00958767,-0.00292123,-0.294409,-0.439893
2980,1,-0.1,-0,-0,1,1,1,4.19544,0.0261799,-0.0127836,-0.00291046,-0.26146,-0.47373
2981,1,-0.1,-0,-0,1,1,1,4.19534,0.00872665,0.010653,-0.00289432,-0.519838,-0.360938
2982,1,-0.1,-0,-0,1,1,1,4.19534,0,-0.0117183,-0.0028674,-0.273422,-0.496289
2983,1,-0.1,-0,-0,1,1,1,4.19534,0.0244346,-0.00426119,-0.00286812,-0.358902,-0.394775
2984,1,-0.1,-0,-0,1,1,1,4.19525,-0.0383972,-0.00639178,-0.00286712,-0.338697,-0.518848
2985,1,-0.1,-0,-0,1,1,1,4.19534,0,0.0149142,-0.00288099,-0.578459,-0.451172
2986,1,-0.1,-0,-0,1,1,1,4.19525,-0.0226893,1.04369e-18,-0.00291806,-0.423745,-0.462451
2987,1,-0.1,-0,-0,1,1,1,4.19525,0,0.00958767,-0.00292774,-0.534133,-0.518848
2988,1,-0.1,-0,-0,1,1,1,4.19525,0,0.00213059,-0.00293437,-0.456896,-0.575244
2989,1,-0.1,-0,-0,1,1,1,4.19534,0,0.0159795,-0.00293459,-0.612758,-0.530127
2990,1,-0.1,-0,-0,1,1,1,4.19525,0,-0.0010653,-0.00295215,-0.431983,-0.631641
2991,1,-0.1,-0,-0,1,1,1,4.19525,0.0226893,-0.0149142,-0.00292532,-0.279281,-0.417334
2992,1,-0.1,-0,-0,1,1,1,4.19525,0,0.00213059,-0.00292464,-0.469861,-0.281982
2993,1,-0.1,-0,-0,1,1,1,4.19525,-0.00174533,-0.0127836,-0.00290447,-0.306469,-0.338379
2994,1,-0.1,-0,-0,1,1,1,4.19525,0,0.00639178,-0.00290946,-0.521664,-0.406055
2995,1,-0.1,-0,-0,1,1,1,4.19525,0,-0.00213059,-0.00289637,-0.429938,-0.451172
2996,1,-0.1,-0,-0,1,1,1,4.19525,0.00698132,0.0170448,-0.00290925,-0.646168,-0.383496
2997,1,-0.1,-0,-0,1,1,1,4.19515,-0.0226893,1.82646e-18,-0.0029286,-0.465235,-0.48501
2998,1,-0.1,-0,-0,1,1,1,4.19525,0.020944,0.00958767,-0.00295984,-0.578737,-0.47373
2999,1,-0.1,-0,-0,1,1,1,4.19515,0,-0.00639178,-0.00299788,-0.412499,-0.394775
3000,1,-0.1,-0,-0,1,1,1,4.19525,-0.0174533,0.0255671,-0.00295693,-0.760915,-0.372217
3001,1,-0.1,-0,-0,1,1,1,4.19515,-0.0575959,0.0170448,-0.00291344,-0.664315,-0.394775
3002,1,-0.1,-0,-0,1,1,1,4.19525,0.0174533,0.0138489,-0.00290241,-0.631522,-0.48501
3003,1,-0.1,-0,-0,1,1,1,4.19525,-0.00872665,-0.00745708,-0.00290358,-0.401203,-0.428613
3004,1,-0.1,-0,-0,1,1,1,4.19525,0,3.91384e-19,-0.00289344,-0.481934,-0.417334
3005,1,-0.1,-0,-0,1,1,1,4.19525,0,-0.00213059,-0.00292248,-0.462331,-0.462451
3006,1,-0.1,-0,-0,1,1,1,4.19515,-0.0314159,0.00639178,-0.00294834,-0.559491,-0.507568
3007,1,-0.1,-0,-0,1,1,1,4.19515,0,0.00745708,-0.00295214,-0.57171,-0.462451
3008,1,-0.1,-0,-0,1,1,1,4.19515,0,0.00319589,-0.00296164,-0.526091,-0.552686
3009,1,-0.1,-0,-0,1,1,1,4.19515,0,0.0245018,-0.00296238,-0.760555,-0.451172
3010,1,-0.1,-0,-0,1,1,1,4.19515,0,0.0010653,-0.00297541,-0.504472,-0.406055
3011,1,-0.1,-0,-0,1,1,1,4.19515,-0.00872665,0.00319589,-0.0029614,-0.52606,-0.383496
3012,1,-0.1,-0,-0,1,1,1,4.19515,0,-0.0170448,-0.00295841,-0.303017,-0.428613
3013,1,-0.1,-0,-0,1,1,1,4.19525,0.00174533,-0.00532648,-0.00296372,-0.43262,-0.372217
3014,1,-0.1,-0,-0,1,1,1,4.19515,-0.0314159,0.01811,-0.00297559,-0.691988,-0.47373
3015,1,-0.1,-0,-0,1,1,1,4.19515,-0.015708,-0.00639178,-0.00299338,-0.424817,-0.597803
3016,1,-0.1,-0,-0,1,1,1,4.19515,0.0296706,-0.00745708,-0.00298525,-0.412025,-0.496289
3017,1,-0.1,-0,-0,1,1,1,4.19515,0,0.00532648,-0.00296333,-0.54975,-0.48501
3018,1,-0.1,-0,-0,1,1,1,4.19515,0.00872665,0.0149142,-0.0029859,-0.658195,-0.451172
3019,1,-0.1,-0,-0,1,1,1,4.19515,-0.00872665,0.0191753,-0.00302694,-0.710485,-0.428613
3020,1,-0.1,-0,-0,1,1,1,4.19505,-0.0279253,-0.00213059,-0.00301245,-0.474206,-0.609082
3021,1,-0.1,-0,-0,1,1,1,4.19515,0.00349066,0.0159795,-0.00302347,-0.674872,-0.451172
3022,1,-0.1,-0,-0,1,1,1,4.19515,-0.00523599,-0.00319589,-0.00300342,-0.461297,-0.462451
3023,1,-0.1,-0,-0,1,1,1,4.19515,0,0.00213059,-0.00301438,-0.521335,-0.439893
3024,1,-0.1,-0,-0,1,1,1,4.19515,0,0.00958767,-0.00301838,-0.60389,-0.417334
3025,1,-0.1,-0,-0,1,1,1,4.19505,-0.00523599,0.00745708,-0.00299774,-0.57773,-0.507568
3026,1,-0.1,-0,-0,1,1,1,4.19515,0.00872665,0.00532648,-0.00299969,-0.55455,-0.496289
3027,1,-0.1,-0,-0,1,1,1,4.19515,0,-0.0117183,-0.00297006,-0.363147,-0.47373
3028,1,-0.1,-0,-0,1,1,1,4.19515,0.0174533,0.00958767,-0.0030214,-0.60429,-0.530127
3029,1,-0.1,-0,-0,1,1,1,4.19505,-0.00872665,-0.00532648,-0.00304126,-0.442855,-0.575244
3030,1,-0.1,-0,-0,1,1,1,4.19505,0,-0.010653,-0.00302579,-0.382222,-0.349658
3031,1,-0.1,-0,-0,1,1,1,4.19505,0,-0.00639178,-0.00306498,-0.434268,-0.563965
3032,1,-0.1,-0,-0,1,1,1,4.19505,0,0.00213059,-0.00308158,-0.530205,-0.496289
3033,1,-0.1,-0,-0,1,1,1,4.19505,0,0.0117183,-0.0030799,-0.635447,-0.530127
3034,1,-0.1,-0,-0,1,1,1,4.19505,0,-0.0138489,-0.00306125,-0.351748,-0.496289
3035,1,-0.1,-0,-0,1,1,1,4.19515,0.00872665,0.00213059,-0.0030229,-0.522459,-0.462451
3036,1,-0.1,-0,-0,1,1,1,4.19515,0,-0.0010653,-0.00299301,-0.483359,-0.518848
3037,1,-0.1,-0,-0,1,1,1,4.19515,0,0.00745708,-0.00300767,-0.579041,-0.552686
3038,1,-0.1,-0,-0,1,1,1,4.19505,0,0.00639178,-0.00301918,-0.568842,-0.586523
3039,1,-0.1,-0,-0,1,1,1,4.19505,0,-0.00532648,-0.00297095,-0.433575,-0.530127
3040,1,-0.1,-0,-0,1,1,1,4.19515,0.010472,-0.0170448,-0.00293375,-0.299763,-0.563965
3041,1,-0.1,-0,-0,1,1,1,4.19515,0.0244346,0.0010653,-0.00293394,-0.498998,-0.47373
3042,1,-0.1,-0,-0,1,1,1,4.19515,0,0.00745708,-0.00295872,-0.572579,-0.451172
3043,1,-0.1,-0,-0,1,1,1,4.19515,0,-0.00213059,-0.00295716,-0.466909,-0.439893
3044,1,-0.1,-0,-0,1,1,1,4.19515,0,0.0234365,-0.0029619,-0.748773,-0.439893
3045,1,-0.1,-0,-0,1,1,1,4.19505,-0.0314159,0.00532648,-0.00299295,-0.55366,-0.462451
3046,1,-0.1,-0,-0,1,1,1,4.19505,0,-0.0127836,-0.00300619,-0.356197,-0.451172
3047,1,-0.1,-0,-0,1,1,1,4.19515,0.0349066,0.0298283,-0.00302434,-0.827325,-0.360938
3048,1,-0.1,-0,-0,1,1,1,4.19505,-0.0558505,0.00745708,-0.00305284,-0.585003,-0.462451
3049,1,-0.1,-0,-0,1,1,1,4.19505,0,0.0202406,-0.00305156,-0.725452,-0.586523
3050,1,-0.1,-0,-0,1,1,1,4.19505,0,0.0010653,-0.00302607,-0.511159,-0.496289
3051,1,-0.1,-0,-0,1,1,1,4.19505,0,-0.0213059,-0.00299453,-0.260913,-0.496289
3052,1,-0.1,-0,-0,1,1,1,4.19505,0.0244346,0.0202406,-0.00300062,-0.718729,-0.417334
3053,1,-0.1,-0,-0,1,1,1,4.19496,-0.0226893,0.0255671,-0.00305434,-0.784411,-0.47373
3054,1,-0.1,-0,-0,1,1,1,4.19505,0,0.00745708,-0.00303376,-0.582484,-0.597803
3055,1,-0.1,-0,-0,1,1,1,4.19505,0,0.0170448,-0.00304324,-0.6892,-0.3271
3056,1,-0.1,-0,-0,1,1,1,4.19505,-0.0191986,0.00213059,-0.00307433,-0.529249,-0.575244
3057,1,-0.1,-0,-0,1,1,1,4.19505,0,0.0245018,-0.00308705,-0.777011,-0.372217
3058,1,-0.1,-0,-0,1,1,1,4.19496,-0.015708,-0.00745708,-0.00311749,-0.429481,-0.676758
3059,1,-0.1,-0,-0,1,1,1,4.19505,0,-0.0159795,-0.0031317,-0.337611,-0.778271
3060,1,-0.1,-0,-0,1,1,1,4.19496,0.00174533,0.0223712,-0.00315885,-0.763051,-0.620361
3061,1,-0.1,-0,-0,1,1,1,4.19496,-0.0296706,0.00852238,-0.0031702,-0.612212,-0.47373
3062,1,-0.1,-0,-0,1,1,1,4.19496,0,-0.0010653,-0.00316587,-0.506176,-0.710596
3063,1,-0.1,-0,-0,1,1,1,4.19496,0.010472,-0.0340895,-0.00315608,-0.141618,-0.451172
3064,1,-0.1,-0,-0,1,1,1,4.19496,0,0.00319589,-0.00312584,-0.547766,-0.372217
3065,1,-0.1,-0,-0,1,1,1,4.19486,0,0.00958767,-0.00311079,-0.616089,-0.338379
3066,1,-0.1,-0,-0,1,1,1,4.19496,-0.00872665,0.0159795,-0.00313928,-0.690159,-0.507568
3067,1,-0.1,-0,-0,1,1,1,4.19496,0,-0.0170448,-0.00309977,-0.321677,-0.439893
3068,1,-0.1,-0,-0,1,1,1,4.19496,0.00698132,0.0010653,-0.00309021,-0.519627,-0.552686
3069,1,-0.1,-0,-0,1,1,1,4.19496,0,0.00958767,-0.00311387,-0.616495,-0.496289
3070,1,-0.1,-0,-0,1,1,1,4.19486,-0.00174533,-0.0213059,-0.00310346,-0.275291,-0.552686
3071,1,-0.1,-0,-0,1,1,1,4.19496,0.0174533,0.00532648,-0.00309552,-0.5672,-0.439893
3072,1,-0.1,-0,-0,1,1,1,4.19496,0,-0.00745708,-0.0030827,-0.424889,-0.406055
3073,1,-0.1,-0,-0,1,1,1,4.19496,0,-0.010653,-0.00308914,-0.390584,-0.496289
3074,1,-0.1,-0,-0,1,1,1,4.19496,0,0.00532648,-0.00311288,-0.569491,-0.597803
3075,1,-0.1,-0,-0,1,1,1,4.19496,0.010472,0.0170448,-0.00311368,-0.698498,-0.338379
3076,1,-0.1,-0,-0,1,1,1,4.19486,-0.0383972,0.00958767,-0.00310429,-0.615231,-0.586523
3077,1,-0.1,-0,-0,1,1,1,4.19486,0,0.00958767,-0.00311076,-0.616084,-0.439893
3078,1,-0.1,-0,-0,1,1,1,4.19486,-0.00174533,-0.0170448,-0.00307514,-0.318427,-0.451172
3079,1,-0.1,-0,-0,1,1,1,4.19486,0,-0.00745708,-0.00306113,-0.422041,-0.631641
3080,1,-0.1,-0,-0,1,1,1,4.19486,0.00872665,0.0234365,-0.00309438,-0.766261,-0.563965
3081,1,-0.1,-0,-0,1,1,1,4.19477,-0.0296706,-0.00852238,-0.00310795,-0.416504,-0.563965
3082,1,-0.1,-0,-0,1,1,1,4.19486,0.0174533,0.0170448,-0.00315341,-0.703743,-0.699316
3083,1,-0.1,-0,-0,1,1,1,4.19477,0,0.00958767,-0.00314413,-0.62049,-0.530127
3084,1,-0.1,-0,-0,1,1,1,4.19486,0.00872665,-0.00958767,-0.00313567,-0.408443,-0.665479
3085,1,-0.1,-0,-0,1,1,1,4.19486,0.00872665,-0.00426119,-0.00314181,-0.467846,-0.575244
3086,1,-0.1,-0,-0,1,1,1,4.19477,0,-0.0170448,-0.00313036,-0.325715,-0.563965
3087,1,-0.1,-0,-0,1,1,1,4.19477,0,-0.00745708,-0.00311909,-0.429692,-0.575244
3088,1,-0.1,-0,-0,1,1,1,4.19477,-0.0122173,-0.00852238,-0.00315069,-0.422144,-0.597803
3089,1,-0.1,-0,-0,1,1,1,4.19477,0.00872665,-0.00319589,-0.00315299,-0.481039,-0.620361
3090,1,-0.1,-0,-0,1,1,1,4.19477,0,0.00319589,-0.00312018,-0.547019,-0.609082
3091,1,-0.1,-0,-0,1,1,1,4.19477,-0.0174533,1.36984e-18,-0.00313145,-0.513351,-0.530127
3092,1,-0.1,-0,-0,1,1,1,4.19477,0.00174533,-0.010653,-0.00312639,-0.395501,-0.439893
3093,1,-0.1,-0,-0,1,1,1,4.19477,0,-1.43507e-18,-0.00315848,-0.51692,-0.586523
3094,1,-0.1,-0,-0,1,1,1,4.19477,0,0.00319589,-0.00315432,-0.551525,-0.586523
3095,1,-0.1,-0,-0,1,1,1,4.19477,0,0.00745708,-0.0031965,-0.603966,-0.609082
3096,1,-0.1,-0,-0,1,1,1,4.19477,0,-0.00852238,-0.00322676,-0.432186,-0.530127
3097,1,-0.1,-0,-0,1,1,1,4.19477,0,0.0127836,-0.00325047,-0.669681,-0.64292
3098,1,-0.1,-0,-0,1,1,1,4.19467,0,0.00745708,-0.00323877,-0.609546,-0.586523
3099,1,-0.1,-0,-0,1,1,1,4.19467,-0.015708,-0.0010653,-0.00320226,-0.510979,-0.496289
3100,1,-0.1,-0,-0,1,1,1,4.19477,0.0244346,-0.039416,-0.00315789,-0.0832656,-0.688037
3101,1,-0.1,-0,-0,1,1,1,4.19477,0.0558505,-0.00532648,-0.00317547,-0.46057,-0.552686
3102,1,-0.1,-0,-0,1,1,1,4.19467,-0.0349066,-0.00213059,-0.00319855,-0.498772,-0.64292
3103,1,-0.1,-0,-0,1,1,1,4.19467,0,-0.00213059,-0.00319211,-0.497922,-0.609082
3104,1,-0.1,-0,-0,1,1,1,4.19467,0,-0.00319589,-0.00319886,-0.487095,-0.597803
3105,1,-0.1,-0,-0,1,1,1,4.19467,0,-0.00852238,-0.0032159,-0.430753,-0.631641
3106,1,-0.1,-0,-0,1,1,1,4.19467,0,0.0127836,-0.00319139,-0.661882,-0.451172
3107,1,-0.1,-0,-0,1,1,1,4.19467,-0.00872665,-0.0117183,-0.00320329,-0.393933,-0.586523
3108,1,-0.1,-0,-0,1,1,1,4.19467,0,-0.00639178,-0.00319222,-0.451063,-0.699316
3109,1,-0.1,-0,-0,1,1,1,4.19467,0.0174533,0.0127836,-0.00318209,-0.660654,-0.496289
3110,1,-0.1,-0,-0,1,1,1,4.19467,-0.010472,0.0010653,-0.0032004,-0.534171,-0.47373
3111,1,-0.1,-0,-0,1,1,1,4.19467,0,0.0213059,-0.00323084,-0.760836,-0.451172
3112,1,-0.1,-0,-0,1,1,1,4.19467,0,1.95692e-19,-0.00321178,-0.523956,-0.64292
3113,1,-0.1,-0,-0,1,1,1,4.19467,0,0.0191753,-0.00322882,-0.737133,-0.530127
3114,1,-0.1,-0,-0,1,1,1,4.19457,0,-0.00319589,-0.00322998,-0.491203,-0.372217
3115,1,-0.1,-0,-0,1,1,1,4.19457,0,0.00213059,-0.00321477,-0.547786,-0.428613
3116,1,-0.1,-0,-0,1,1,1,4.19467,0,-0.0308936,-0.00320578,-0.183334,-0.507568
3117,1,-0.1,-0,-0,1,1,1,4.19467,0.0383972,0.0117183,-0.00322601,-0.654734,-0.439893
3118,1,-0.1,-0,-0,1,1,1,4.19457,-0.0331613,0.00958767,-0.00328047,-0.638486,-0.48501
3119,1,-0.1,-0,-0,1,1,1,4.19457,0,0.0127836,-0.00328207,-0.673852,-0.586523
3120,1,-0.1,-0,-0,1,1,1,4.19457,0.0139626,0.00958767,-0.00328826,-0.639515,-0.496289
3121,1,-0.1,-0,-0,1,1,1,4.19448,0.00174533,0.00532648,-0.00325092,-0.587712,-0.439893
3122,1,-0.1,-0,-0,1,1,1,4.19467,0.00174533,-0.00213059,-0.00324348,-0.504703,-0.428613
3123,1,-0.1,-0,-0,1,1,1,4.19448,0.00523599,-0.0138489,-0.00323615,-0.374834,-0.575244
3124,1,-0.1,-0,-0,1,1,1,4.19457,0.0174533,0.00745708,-0.00323438,-0.608966,-0.360938
3125,1,-0.1,-0,-0,1,1,1,4.19448,0,-0.00852238,-0.00322653,-0.432156,-0.406055
3126,1,-0.1,-0,-0,1,1,1,4.19457,0,-0.00532648,-0.00320647,-0.464663,-0.372217
3127,1,-0.1,-0,-0,1,1,1,4.19457,0,-0.00639178,-0.00318572,-0.450206,-0.575244
3128,1,-0.1,-0,-0,1,1,1,4.19457,0,0.00639178,-0.0031957,-0.592142,-0.372217
3129,1,-0.1,-0,-0,1,1,1,4.19448,0,0.00639178,-0.00317442,-0.589333,-0.451172
3130,1,-0.1,-0,-0,1,1,1,4.19457,0,0.00639178,-0.00323007,-0.596678,-0.620361
3131,1,-0.1,-0,-0,1,1,1,4.19448,0.00523599,0.00213059,-0.00323832,-0.550895,-0.586523
3132,1,-0.1,-0,-0,1,1,1,4.19448,-0.00174533,0.00852238,-0.00322039,-0.618838,-0.541406
3133,1,-0.1,-0,-0,1,1,1,4.19448,-0.0331613,-0.0191753,-0.00321379,-0.313292,-0.496289
3134,1,-0.1,-0,-0,1,1,1,4.19448,0.00872665,-0.00213059,-0.00317496,-0.495658,-0.575244
3135,1,-0.1,-0,-0,1,1,1,4.19448,-0.00174533,-0.00958767,-0.0031624,-0.411973,-0.676758
3136,1,-0.1,-0,-0,1,1,1,4.19448,0.0366519,-0.00426119,-0.00314749,-0.468595,-0.530127
3137,1,-0.1,-0,-0,1,1,1,4.19448,0,-0.00532648,-0.00313881,-0.455732,-0.439893
3138,1,-0.1,-0,-0,1,1,1,4.19448,0,0.0149142,-0.00312387,-0.676406,-0.462451
3139,1,-0.1,-0,-0,1,1,1,4.19438,-0.0226893,0.00958767,-0.00313943,-0.619869,-0.541406
3140,1,-0.1,-0,-0,1,1,1,4.19438,0,0.0010653,-0.00317027,-0.530194,-0.586523
3141,1,-0.1,-0,-0,1,1,1,4.19438,0.00698132,-0.00532648,-0.00315425,-0.45777,-0.462451
3142,1,-0.1,-0,-0,1,1,1,4.19438,0,-0.00319589,-0.00317368,-0.483771,-0.620361
3143,1,-0.1,-0,-0,1,1,1,4.19438,0,-0.00426119,-0.00314393,-0.468125,-0.451172
3144,1,-0.1,-0,-0,1,1,1,4.19438,0,-0.00745708,-0.00315872,-0.434924,-0.575244
3145,1,-0.1,-0,-0,1,1,1,4.19438,0.020944,-0.00532648,-0.0031177,-0.452945,-0.48501
3146,1,-0.1,-0,-0,1,1,1,4.19438,-0.00174533,-0.00745708,-0.00313334,-0.431573,-0.530127
3147,1,-0.1,-0,-0,1,1,1,4.19438,0,0.00319589,-0.00315008,-0.550965,-0.541406
3148,1,-0.1,-0,-0,1,1,1,4.19438,-0.00523599,0.00745708,-0.00318321,-0.602211,-0.654199
3149,1,-0.1,-0,-0,1,1,1,4.19429,0,0.00213059,-0.00316779,-0.541585,-0.47373
3150,1,-0.1,-0,-0,1,1,1,4.19438,0.0122173,0.00852238,-0.00317842,-0.613298,-0.451172
3151,1,-0.1,-0,-0,1,1,1,4.19438,0,0.01811,-0.00319258,-0.720632,-0.552686
3152,1,-0.1,-0,-0,1,1,1,4.19438,0,-0.00532648,-0.0031566,-0.458079,-0.654199
3153,1,-0.1,-0,-0,1,1,1,4.19438,0,-0.01811,-0.00315258,-0.31693,-0.451172
3154,1,-0.1,-0,-0,1,1,1,4.19438,0,-0.00639178,-0.00310984,-0.44019,-0.518848
3155,1,-0.1,-0,-0,1,1,1,4.19438,0,-0.00852238,-0.0031065,-0.416312,-0.372217
3156,1,-0.1,-0,-0,1,1,1,4.19429,-0.0261799,-0.0138489,-0.0031187,-0.359331,-0.496289
3157,1,-0.1,-0,-0,1,1,1,4.19429,0.00872665,0.00745708,-0.00312759,-0.59487,-0.575244
3158,1,-0.1,-0,-0,1,1,1,4.19429,0,0.00426119,-0.00316441,-0.564575,-0.563965
3159,1,-0.1,-0,-0,1,1,1,4.19429,0,-0.0245018,-0.00314151,-0.245159,-0.496289
3160,1,-0.1,-0,-0,1,1,1,4.19429,0,-0.00319589,-0.00315552,-0.481373,-0.530127
3161,1,-0.1,-0,-0,1,1,1,4.19429,-0.00872665,-0.0127836,-0.00314402,-0.374392,-0.597803
3162,1,-0.1,-0,-0,1,1,1,4.19429,0,0.0138489,-0.00315002,-0.66814,-0.552686
3163,1,-0.1,-0,-0,1,1,1,4.19419,-0.00349066,0.01811,-0.0031877,-0.719987,-0.451172
3164,1,-0.1,-0,-0,1,1,1,4.19419,-0.0261799,-0.00426119,-0.0031385,-0.467409,-0.360938
3165,1,-0.1,-0,-0,1,1,1,4.19429,-0.0366519,0.00213059,-0.00311142,-0.534144,-0.575244
3166,1,-0.1,-0,-0,1,1,1,4.19429,0.0383972,-0.00319589,-0.00309424,-0.473284,-0.518848
3167,1,-0.1,-0,-0,1,1,1,4.19429,-0.00174533,0.00639178,-0.00311236,-0.581141,-0.744434
3168,1,-0.1,-0,-0,1,1,1,4.19419,0,-0.0213059,-0.00308597,-0.272982,-0.609082
3169,1,-0.1,-0,-0,1,1,1,4.19429,0.0174533,0.00213059,-0.00308058,-0.530073,-0.462451
3170,1,-0.1,-0,-0,1,1,1,4.19419,-0.00872665,-0.00213059,-0.00309622,-0.485265,-0.47373
3171,1,-0.1,-0,-0,1,1,1,4.19419,0,1.95692e-19,-0.00310024,-0.509232,-0.518848
3172,1,-0.1,-0,-0,1,1,1,4.19419,0.00349066,0.0010653,-0.00309615,-0.520409,-0.47373
3173,1,-0.1,-0,-0,1,1,1,4.19419,0,0.00426119,-0.00310602,-0.556867,-0.563965
3174,1,-0.1,-0,-0,1,1,1,4.19419,0,-0.010653,-0.00313719,-0.396926,-0.631641
3175,1,-0.1,-0,-0,1,1,1,4.19419,0.0296706,-0.00319589,-0.00315079,-0.48075,-0.530127
3176,1,-0.1,-0,-0,1,1,1,4.19419,-0.0191986,-0.00745708,-0.00313766,-0.432144,-0.518848
3177,1,-0.1,-0,-0,1,1,1,4.19419,0,0.00213059,-0.00315579,-0.540001,-0.541406
3178,1,-0.099999,0.000755133,0.37468,1,1,1,4.19419,0,-1.10892e-18,-0.00311788,-0.44915,-0.360938
3179,1,-0.0999887,0.00374837,0.817807,1,1,1,4.19419,-0.0139626,-0.0127836,-0.00313136,-0.210654,-0.451172
3180,1,-0.0999579,0.0088861,1.23305,1,1,1,4.19419,-0.00872665,0.00319589,-0.00310599,-0.26099,-0.31582
3181,1,-0.0998964,0.0160342,1.62124,1,1,1,4.19429,0.00872665,0.00532648,-0.0030617,-0.135586,-0.31582
3182,1,-0.0997945,0.0250546,1.98274,1,1,1,4.19438,0.0506145,-1.36984e-18,-0.0029803,0.0960022,-0.169189
3183,1,-0.099643,0.0358168,2.3182,1,1,1,4.19448,0.0122173,-0.0010653,-0.00287524,0.301635,-0.0338379
3184,1,-0.0994336,0.0481929,2.62821,1,1,1,4.19457,0.0174533,0.0138489,-0.00273403,0.352411,0.0225586
3185,1,-0.0991586,0.0620582,2.91337,1,1,1,4.19467,0.0383972,0.0234365,-0.00251922,0.487288,0.15791
3186,1,-0.0988108,0.0772866,3.1742,1,1,1,4.19496,0.0541052,0.0127836,-0.00222499,0.870249,0.225586
3187,1,-0.0983837,0.0937599,3.4113,1,1,1,4.19582,0.261799,0.028763,-0.00191495,0.975456,0.417334
3188,1,-0.0978713,0.111362,3.62525,1,1,1,4.19726,0.397935,0.0213059,-0.00150642,1.36396,0.936182
3189,1,-0.0972684,0.129973,3.8166,1,1,1,4.19764,-0.0279253,0.057526,-0.00112424,1.27831,1.28584
3190,1,-0.0965701,0.149489,3.98596,1,1,1,4.19783,0.0820305,0.101203,-0.000956085,1.08648,0.981299
3191,1,-0.0957721,0.169799,4.13391,1,1,1,4.19831,0.165806,0.111856,-0.000705017,1.27696,0.845947
3192,1,-0.0948708,0.190796,4.261,1,1,1,4.19927,0.263545,0.122509,-0.000473576,1.47038,1.08281
3193,1,-0.0938632,0.212374,4.3678,1,1,1,4.20033,0.185005,0.17897,-0.000259324,1.16201,1.18433
3194,1,-0.0927464,0.23444,4.45491,1,1,1,4.2009,0.169297,0.208798,-9.13316e-05,1.1426,1.17305
3195,1,-0.0915183,0.25689,4.52289,1,1,1,4.20224,0.235619,0.240757,3.56449e-05,1.09601,1.11665
3196,1,-0.090177,0.279638,4.57234,1,1,1,4.2033,0.272271,0.255671,1.53044e-05,1.21835,1.13921
3197,1,-0.0887215,0.302585,4.6038,1,1,1,4.20502,0.305433,0.283369,0.000307193,1.24184,1.22944
3198,1,-0.0871509,0.325647,4.61788,1,1,1,4.20627,0.279253,0.317458,0.000262082,1.14908,1.31968
3199,1,-0.0854648,0.348738,4.61513,1,1,1,4.20819,0.293215,0.352613,0.000301005,1.05246,1.07153
3200,1,-0.0836635,0.371773,4.59614,1,1,1,4.20944,0.338594,0.368593,0.000322219,1.16088,1.11665
3201,1,-0.0817474,0.394672,4.56148,1,1,1,4.21174,0.401426,0.39416,0.000349971,1.16144,1.00386
3202,1,-0.079717,0.417364,4.51172,1,1,1,4.21346,0.453786,0.427184,0.000377584,1.0752,1.24072
3203,1,-0.0775743,0.439765,4.44747,1,1,1,4.21586,0.385718,0.426119,0.000378955,1.35346,1.252
3204,1,-0.07532,0.461815,4.36925,1,1,1,4.21758,0.431096,0.455947,0.000404673,1.28989,1.21816
3205,1,-0.0729568,0.483436,4.27769,1,1,1,4.22046,0.527089,0.457012,0.000438744,1.53669,1.21816
3206,1,-0.0704864,0.50457,4.17333,1,1,1,4.22267,0.546288,0.491102,0.000472416,1.41272,1.45503
3207,1,-0.0679124,0.525147,4.05678,1,1,1,4.22545,0.424115,0.521996,0.000487506,1.31226,1.13921
3208,1,-0.0652358,0.545119,3.92855,1,1,1,4.22736,0.553269,0.531583,0.00049752,1.43609,1.19561
3209,1,-0.0624622,0.564415,3.78932,1,1,1,4.2311,0.671952,0.574195,0.000561118,1.19556,1.47759
3210,1,-0.0595932,0.582992,3.63956,1,1,1,4.23331,0.486947,0.584848,0.000569547,1.28749,1.44375
3211,1,-0.0566332,0.600796,3.4799,1,1,1,4.23666,0.612611,0.61148,0.000562444,1.1905,1.43247
3212,1,-0.0535866,0.617776,3.31093,1,1,1,4.23925,0.607375,0.622133,0.000591578,1.26295,1.45503
3213,1,-0.0504572,0.633889,3.13319,1,1,1,4.24289,0.614356,0.62746,0.000590632,1.37768,1.27456
3214,1,-0.0472491,0.649095,2.94726,1,1,1,4.24548,0.673697,0.644505,0.000571368,1.34852,1.34224
3215,1,-0.0439677,0.66335,2.75375,1,1,1,4.24951,0.651008,0.665811,0.000557566,1.26045,1.22944
3216,1,-0.0406174,0.67662,2.5532,1,1,1,4.25229,0.694641,0.671137,0.000545575,1.33529,1.252
3217,1,-0.0372029,0.688872,2.34617,1,1,1,4.25651,0.701622,0.703096,0.000503679,1.09947,1.18433
3218,1,-0.0337305,0.700072,2.13332,1,1,1,4.25939,0.701622,0.71801,0.000382949,1.02482,1.15049
3219,1,-0.0302045,0.710195,1.91516,1,1,1,4.2636,0.68766,0.728663,0.000234671,0.978893,0.992578
3220,1,-0.0266305,0.719215,1.69226,1,1,1,4.26619,0.682424,0.740381,0.000110392,0.910034,0.947461
3221,1,-0.0230138,0.727111,1.46519,1,1,1,4.27089,0.760964,0.7521,-3.04093e-06,0.828571,0.913623
3222,1,-0.0193614,0.733861,1.2346,1,1,1,4.27357,0.68766,0.748904,-6.65838e-05,0.903855,1.00386
3223,1,-0.0156773,0.739452,1.00097,1,1,1,4.27846,0.722566,0.753165,-0.00018915,0.873497,0.823389
3224,1,-0.0119685,0.743867,0.764936,1,1,1,4.28096,0.640536,0.744643,-0.000230707,0.980906,0.97002
3225,1,-0.00824054,0.747098,0.527054,1,1,1,4.28594,0.879646,0.744643,-0.000199283,0.990978,0.891064
3226,1,-0.00449913,0.749136,0.287889,1,1,1,4.28891,0.671952,0.765949,-0.000237082,0.741891,1.06025
3227,1,-0.00075127,0.749976,0.048081,1,1,1,4.29323,0.734784,0.767014,-0.000296479,0.696696,0.710596
3228,1,0.00299807,0.749616,-0.19186,1,1,1,4.2962,0.781908,0.762753,-0.000360644,0.694422,0.665479
3229,1,0.00674322,0.748058,-0.431379,1,1,1,4.30099,0.752237,0.738251,-0.000424659,0.899584,0.48501
3230,1,0.0104772,0.745304,-0.669836,1,1,1,4.30387,0.762709,0.757426,-0.000490575,0.610256,0.857227
3231,1,0.0141936,0.741363,-0.906631,1,1,1,4.30828,0.705113,0.761687,-0.000590388,0.464748,0.462451
3232,1,0.0178886,0.736241,-1.14131,1,1,1,4.31125,0.809833,0.741447,-0.000632145,0.583363,0.721875
3233,1,0.0215542,0.729955,-1.37318,1,1,1,4.31595,0.654498,0.744643,-0.00068253,0.428781,0.541406
3234,1,0.0251859,0.722516,-1.60173,1,1,1,4.31835,0.642281,0.722271,-0.000756649,0.538089,0.428613
3235,1,0.0287778,0.713943,-1.82637,1,1,1,4.32285,0.792379,0.720141,-0.000834686,0.41081,0.15791
3236,1,0.0323236,0.704259,-2.0465,1,1,1,4.32573,0.719076,0.716945,-0.00086883,0.288667,0.259424
3237,1,0.0358185,0.693487,-2.26157,1,1,1,4.33004,0.701622,0.697769,-0.000848042,0.337924,0.3271
3238,1,0.0392568,0.681653,-2.471,1,1,1,4.33273,0.675442,0.674333,-0.00081989,0.423163,0.31582
3239,1,0.0426334,0.668786,-2.67421,1,1,1,4.33695,0.748746,0.674333,-0.000839735,0.231688,0.225586
3240,1,0.045943,0.654922,-2.87061,1,1,1,4.33963,0.642281,0.665811,-0.000824309,0.127886,0.406055
3241,1,0.049181,0.640093,-3.05965,1,1,1,4.34327,0.561996,0.643439,-0.000885854,0.153623,0.225586
3242,1,0.0523425,0.624338,-3.24074,1,1,1,4.34558,0.612611,0.623199,-0.000898114,0.153295,0.146631
3243,1,0.0554227,0.607701,-3.41328,1,1,1,4.34931,0.602139,0.605089,-0.000892684,0.122709,0.101514
3244,1,0.058418,0.590221,-3.57675,1,1,1,4.35171,0.610865,0.600827,-0.000890407,-0.0700128,0.214307
3245,1,0.0613235,0.57195,-3.73052,1,1,1,4.35526,0.567232,0.578456,-0.000907154,-0.0734431,0.0112793
3246,1,0.0641365,0.552931,-3.87408,1,1,1,4.35718,0.450295,0.561411,-0.000906011,-0.14022,0.0902344
3247,1,0.066852,0.533226,-4.00677,1,1,1,4.35938,0.354302,0.53904,-0.000930693,-0.158779,0.0789551
3248,1,0.0694675,0.512883,-4.12807,1,1,1,4.3613,0.560251,0.508147,-0.000939763,-0.0877342,0.0451172
3249,1,0.0719798,0.491966,-4.23738,1,1,1,4.36504,0.574213,0.480449,-0.000893322,-0.0497163,0.0902344
3250,1,0.0743863,0.470531,-4.33415,1,1,1,4.36715,0.497419,0.471927,-0.000862651,-0.229555,0.112793
3251,1,0.0766843,0.448646,-4.41777,1,1,1,4.36926,0.279253,0.442098,-0.000861135,-0.18243,0.0451172
3252,1,0.0788721,0.426376,-4.48769,1,1,1,4.37031,0.29147,0.421858,-0.000877528,-0.245901,-0.0451172
3253,1,0.0809476,0.403793,-4.54333,1,1,1,4.3729,0.418879,0.380311,-0.000810671,-0.0658767,-0.112793
3254,1,0.0829096,0.380968,-4.5841,1,1,1,4.37424,0.31765,0.351548,-0.000702022,-0.0208472,-0.0789551
3255,1,0.084757,0.357978,-4.60944,1,1,1,4.37626,0.357792,0.331307,-0.000518872,-0.0580237,-0.0563965
3256,1,0.0864892,0.334901,-4.61876,1,1,1,4.37769,0.338594,0.297218,-0.000294532,0.0648472,-0.0338379
3257,1,0.0881061,0.311816,-4.6115,1,1,1,4.37923,0.233874,0.249279,-7.81745e-05,0.341143,-0.0563965
3258,1,0.0896074,0.288816,-4.58708,1,1,1,4.38028,0.289725,0.253541,0.000175671,0.0535218,0.0225586
3259,1,0.0909945,0.265975,-4.5449,1,1,1,4.38191,0.207694,0.2333,0.000397612,0.0349296,0.0338379
3260,1,0.0922678,0.243394,-4.48441,1,1,1,4.38258,0.162316,0.194949,0.000691362,0.232356,0.0451172
3261,1,0.0934289,0.221164,-4.40504,1,1,1,4.38383,0.219911,0.165121,0.000950593,0.338077,0.0789551
3262,1,0.09448,0.199379,-4.3062,1,1,1,4.3846,0.214675,0.161925,0.00120395,0.158862,0.203027
3263,1,0.0954236,0.178136,-4.18731,1,1,1,4.38613,0.249582,0.134227,0.00143605,0.255588,0.225586
3264,1,0.0962625,0.157539,-4.04779,1,1,1,4.38699,0.174533,0.151272,0.00159263,-0.139667,0.180469
3265,1,0.0970002,0.137693,-3.88709,1,1,1,4.38728,0.0139626,0.102269,0.00172955,0.200094,0.135352
3266,1,0.0976408,0.118704,-3.7046,1,1,1,4.38757,0.120428,0.0841585,0.001904,0.220013,0.203027
3267,1,0.0981889,0.100683,-3.49976,1,1,1,4.38862,0.113446,0.0820279,0.0020334,0.0728365,0.203027
3268,1,0.0986495,0.0837445,-3.27202,1,1,1,4.38872,0,0.0724402,0.00216307,0.0242658,0.180469
3269,1,0.0990283,0.068003,-3.02077,1,1,1,4.38891,0.0593412,0.0617872,0.00221428,-0.00648519,0.0451172
3270,1,0.0993317,0.0535782,-2.74545,1,1,1,4.3891,0.0418879,0.028763,0.00227575,0.230015,0.101514
3271,1,0.0995665,0.0405904,-2.44547,1,1,1,4.38929,0.0279253,0.00745708,0.00236971,0.363921,0.0789551
3272,1,0.0997402,0.0291645,-2.12023,1,1,1,4.38939,0.0279253,0.0202406,0.00244529,0.143546,0.15791
3273,1,0.099861,0.0194302,-1.76922,1,1,1,4.38949,0,-0.00852238,0.00256141,0.410214,0.270703
3274,1,0.0999376,0.0115161,-1.3918,1,1,1,4.38958,0.0331613,0.00532648,0.00267029,0.233962,0.31582
3275,1,0.0999794,0.00555641,-0.987424,1,1,1,4.38968,-0.0279253,0.00958767,0.00273268,0.18384,0.383496
3276,1,0.0999966,0.00168767,-0.555574,1,1,1,4.38968,0,-0.0223712,0.00280335,0.562545,0.304541
3277,1,0.1,4.79222e-05,-0.095538,1,1,1,4.38968,0.00174533,-0.00532648,0.00282403,0.426806,0.3271
3278,1,0.1,0,0,1,1,1,4.38968,0,0.0298283,0.00277189,0.0487393,0.394775
3279,1,0.1,0,0,1,1,1,4.38958,-0.0331613,6.52306e-19,0.00274361,0.375245,0.259424
3280,1,0.1,0,0,1,1,1,4.38958,0.0296706,0.028763,0.00272832,0.0602374,0.31582
3281,1,0.1,0,0,1,1,1,4.38958,-0.0436332,0.00213059,0.00271057,0.353008,0.31582
3282,1,0.1,0,0,1,1,1,4.38958,0,-0.00426119,0.00271286,0.42676,0.372217
3283,1,0.1,0,0,1,1,1,4.38968,0.0174533,-0.00213059,0.00273663,0.410321,0.406055
3284,1,0.1,0,0,1,1,1,4.38968,0,0.00745708,0.00270575,0.30382,0.47373
3285,1,0.1,0,0,1,1,1,4.38968,0,0.0159795,0.0026982,0.21226,0.293262
3286,1,0.1,0,0,1,1,1,4.38968,0,3.91384e-19,0.00271559,0.393353,0.349658
3287,1,0.1,0,0,1,1,1,4.38968,0,-0.0117183,0.00270799,0.524321,0.338379
3288,1,0.1,0,0,1,1,1,4.38968,0.0261799,0.00319589,0.00272301,0.36581,0.507568
3289,1,0.1,0,0,1,1,1,4.38968,0,-0.00213059,0.00271771,0.426727,0.417334
3290,1,0.1,0,0,1,1,1,4.38968,0.0122173,-0.0010653,0.00270439,0.416247,0.417334
3291,1,0.1,0,0,1,1,1,4.38968,0,-0.00639178,0.00273121,0.48183,0.3271
3292,1,0.1,0,0,1,1,1,4.38977,0.0174533,0.0159795,0.00269573,0.234077,0.304541
3293,1,0.1,0,0,1,1,1,4.38968,0,0.0149142,0.00268176,0.246737,0.563965
3294,1,0.1,0,0,1,1,1,4.38977,-0.010472,1.43507e-18,0.00264698,0.408544,0.394775
3295,1,0.1,0,0,1,1,1,4.38977,0.0174533,0.0255671,0.00265645,0.132469,0.541406
3296,1,0.1,0,0,1,1,1,4.38977,0,-0.0010653,0.00266341,0.429166,0.31582
3297,1,0.1,0,0,1,1,1,4.38977,0.00174533,0.0213059,0.00260265,0.177305,0.372217
3298,1,0.1,0,0,1,1,1,4.38968,-0.0279253,0.0010653,0.0026048,0.402866,0.31582
3299,1,0.1,0,0,1,1,1,4.38977,0,0.0010653,0.00258331,0.402568,0.372217
3300,1,0.1,0,0,1,1,1,4.38968,-0.0174533,-0.00426119,0.00257825,0.463225,0.270703
3301,1,0.1,0,0,1,1,1,4.38977,0.0174533,0.00532648,0.00254471,0.355966,0.451172
3302,1,0.1,0,0,1,1,1,4.38968,0,0.00745708,0.00250861,0.330143,0.372217
3303,1,0.1,0,0,1,1,1,4.38968,-0.0174533,-0.0127836,0.00250225,0.554568,0.270703
3304,1,0.1,0,0,1,1,1,4.38977,0.0383972,-0.0149142,0.00247454,0.577136,0.47373
3305,1,0.1,0,0,1,1,1,4.38977,0,0.00319589,0.00249606,0.384458,0.383496
3306,1,0.1,0,0,1,1,1,4.38977,-0.00174533,-5.87076e-19,0.0024596,0.417047,0.225586
3307,1,0.1,0,0,1,1,1,4.38977,0.0122173,-0.0010653,0.00242861,0.426891,0.180469
3308,1,0.1,0,0,1,1,1,4.38968,0.0122173,0.0223712,0.00238053,0.165103,0.31582
3309,1,0.1,0,0,1,1,1,4.38968,-0.020944,0.0117183,0.0023816,0.285002,0.225586
3310,1,0.1,0,0,1,1,1,4.38977,0.0541052,-0.0255671,0.00236455,0.69336,0.248145
3311,1,0.1,0,0,1,1,1,4.38977,0.0523599,-0.00213059,0.00236541,0.435671,0.372217
3312,1,0.1,0,0,1,1,1,4.38968,-0.0471239,-0.00213059,0.0023275,0.430667,0.281982
3313,1,0.1,0,0,1,1,1,4.38977,0.0244346,0.010653,0.00234738,0.292671,0.3271
3314,1,0.1,0,0,1,1,1,4.38977,0.015708,-0.00213059,0.0023352,0.431682,0.372217
3315,1,0.1,0,0,1,1,1,4.38977,0,0.0127836,0.00229211,0.26194,0.451172
3316,1,0.1,0,0,1,1,1,4.38977,0,0.0010653,0.00228337,0.389687,0.259424
3317,1,0.1,0,0,1,1,1,4.38977,0,-0.0117183,0.00228969,0.53114,0.248145
3318,1,0.1,0,0,1,1,1,4.38977,0.0261799,-0.00639178,0.00231602,0.476025,0.372217
3319,1,0.1,0,0,1,1,1,4.38977,0,0.010653,0.00230529,0.287115,0.383496
3320,1,0.1,0,0,1,1,1,4.38977,0,0.00319589,0.00230934,0.369678,0.349658
3321,1,0.1,0,0,1,1,1,4.38977,0,3.91384e-19,0.00232409,0.40678,0.451172
3322,1,0.1,0,0,1,1,1,4.38977,-0.00523599,-0.00426119,0.00232011,0.453128,0.349658
3323,1,0.1,0,0,1,1,1,4.38977,0,-0.00532648,0.00229487,0.461515,0.394775
3324,1,0.1,0,0,1,1,1,4.38968,-0.0296706,0.00319589,0.00228229,0.366108,0.349658
3325,1,0.1,0,0,1,1,1,4.38977,-0.00174533,-0.00213059,0.00229026,0.425751,0.372217
3326,1,0.1,0,0,1,1,1,4.38977,0,0.00319589,0.00223725,0.360162,0.372217
3327,1,0.1,0,0,1,1,1,4.38968,0,0.00426119,0.0022426,0.349151,0.394775
3328,1,0.1,0,0,1,1,1,4.38977,0,0.00426119,0.00224509,0.349479,0.394775
3329,1,0.1,0,0,1,1,1,4.38977,0,-0.0213059,0.0022071,0.625703,0.3271
3330,1,0.1,0,0,1,1,1,4.38977,0,-1.04369e-18,0.00217021,0.386467,0.372217
3331,1,0.1,0,0,1,1,1,4.38968,0,0.0202406,0.0021992,0.167647,0.338379
3332,1,0.1,0,0,1,1,1,4.38977,0,-0.00319589,0.00218709,0.42385,0.3271
3333,1,0.1,0,0,1,1,1,4.38977,0.00523599,-0.00319589,0.00215539,0.419666,0.281982
3334,1,0.1,0,0,1,1,1,4.38968,0,0.00213059,0.00216608,0.362486,0.462451
3335,1,0.1,0,0,1,1,1,4.38977,-0.010472,0.01811,0.00214812,0.184265,0.48501
3336,1,0.1,0,0,1,1,1,4.38968,-0.0261799,-0.00852238,0.00213571,0.47566,0.3271
3337,1,0.1,0,0,1,1,1,4.38977,0,-0.0159795,0.0021541,0.560115,0.259424
3338,1,0.1,0,0,1,1,1,4.38977,0.00872665,0.028763,0.00212746,0.0644315,0.236865
3339,1,0.1,0,0,1,1,1,4.38968,-0.0296706,0.00745708,0.00214347,0.30091,0.47373
3340,1,0.1,0,0,1,1,1,4.38977,0,0.00958767,0.00211427,0.27362,0.293262
3341,1,0.1,0,0,1,1,1,4.38977,0.0122173,-0.0117183,0.00212415,0.509289,0.428613
3342,1,0.1,0,0,1,1,1,4.38977,-0.0349066,0.0170448,0.00214317,0.195406,0.383496
3343,1,0.1,0,0,1,1,1,4.38977,-0.00523599,0.00745708,0.00213418,0.299684,0.372217
3344,1,0.1,0,0,1,1,1,4.38977,0,0.0159795,0.00210444,0.202013,0.293262
3345,1,0.1,0,0,1,1,1,4.38977,0,0.00426119,0.00208129,0.327857,0.31582
3346,1,0.1,0,0,1,1,1,4.38977,0.00872665,0.0117183,0.00207773,0.245359,0.248145
3347,1,0.1,0,0,1,1,1,4.38977,0,0.0159795,0.00210296,0.201816,0.48501
3348,1,0.1,0,0,1,1,1,4.38977,0,-2.54399e-18,0.00210402,0.377731,0.259424
3349,1,0.1,0,0,1,1,1,4.38977,0.0191986,0.0127836,0.00206573,0.232057,0.270703
3350,1,0.1,0,0,1,1,1,4.38968,-0.0244346,-0.0170448,0.00204597,0.55756,0.270703
3351,1,0.1,0,0,1,1,1,4.38977,0.020944,-0.00958767,0.00204216,0.47503,0.31582
3352,1,0.1,0,0,1,1,1,4.38977,-0.00872665,-0.00958767,0.00207227,0.479004,0.597803
3353,1,0.1,0,0,1,1,1,4.38977,-0.00872665,-0.00213059,0.00208805,0.399059,0.428613
3354,1,0.1,0,0,1,1,1,4.38977,0,-0.00319589,0.00208774,0.410736,0.496289
3355,1,0.1,0,0,1,1,1,4.38977,0,0.0117183,0.00208162,0.245873,0.304541
3356,1,0.1,0,0,1,1,1,4.38977,0,-0.0138489,0.00206357,0.524728,0.304541
3357,1,0.1,0,0,1,1,1,4.38977,0.0279253,-0.0138489,0.00204081,0.52166,0.394775
3358,1,0.1,0,0,1,1,1,4.38968,-0.0279253,0.00532648,0.00205057,0.312084,0.462451
3359,1,0.1,0,0,1,1,1,4.38977,0,0.00213059,0.0020569,0.348075,0.451172
3360,1,0.1,0,0,1,1,1,4.38977,0.0279253,-0.0010653,0.00207127,0.385125,0.563965
3361,1,0.1,0,0,1,1,1,4.38977,-0.00872665,0.00319589,0.00204868,0.33527,0.439893
3362,1,0.1,0,0,1,1,1,4.38977,0.0174533,0.0010653,0.00206334,0.360643,0.597803
3363,1,0.1,0,0,1,1,1,4.38977,-0.0244346,-0.00639178,0.00204405,0.440124,0.394775
3364,1,0.1,0,0,1,1,1,4.38968,0,-0.00532648,0.0020256,0.425968,0.48501
3365,1,0.1,0,0,1,1,1,4.38977,0,-0.00745708,0.00203411,0.450531,0.372217
3366,1,0.1,0,0,1,1,1,4.38977,0,0.00319589,0.00204946,0.335374,0.451172
3367,1,0.1,0,0,1,1,1,4.38977,0,0.0117183,0.00207196,0.244597,0.552686
3368,1,0.1,0,0,1,1,1,4.38977,0,-6.52306e-19,0.00208407,0.375097,0.439893
3369,1,0.1,0,0,1,1,1,4.38977,0,0.00852238,0.00206047,0.278236,0.146631
3370,1,0.1,0,0,1,1,1,4.38968,0,-0.0117183,0.0020548,0.500135,0.248145
3371,1,0.1,0,0,1,1,1,4.38977,0,0.00319589,0.0020271,0.332422,0.225586
3372,1,0.1,0,0,1,1,1,4.38977,0,-0.010653,0.00202568,0.484572,0.428613
3373,1,0.1,0,0,1,1,1,4.38977,0.0174533,6.52306e-19,0.00206313,0.372333,0.304541
3374,1,0.1,0,0,1,1,1,4.38977,0,-0.00745708,0.00206312,0.45436,0.203027
3375,1,0.1,0,0,1,1,1,4.38987,0.00872665,0.0191753,0.00203272,0.15739,0.360938
3376,1,0.1,0,0,1,1,1,4.38968,-0.020944,0.0010653,0.00200937,0.353519,0.270703
3377,1,0.1,0,0,1,1,1,4.38977,0.00872665,-0.0010653,0.00201853,0.378164,0.281982
3378,1,0.1,0,0,1,1,1,4.38977,0,-0.0149142,0.00203555,0.532748,0.304541
3379,1,0.1,0,0,1,1,1,4.38977,0.0139626,-0.0159795,0.00206807,0.548759,0.428613
3380,1,0.1,0,0,1,1,1,4.38977,-0.00523599,-0.0010653,0.00209735,0.388568,0.372217
3381,1,0.1,0,0,1,1,1,4.38977,0,-0.0127836,0.00207896,0.515042,0.406055
3382,1,0.1,0,0,1,1,1,4.38977,-0.00523599,0.0213059,0.00204356,0.135384,0.31582
3383,1,0.1,0,0,1,1,1,4.38977,0,0.028763,0.00203292,0.0519526,0.372217
3384,1,0.1,0,0,1,1,1,4.38977,0,-0.00958767,0.00203406,0.473961,0.281982
3385,1,0.1,0,0,1,1,1,4.38977,0.0296706,-0.00426119,0.00200582,0.411642,0.439893
3386,1,0.1,0,0,1,1,1,4.38968,-0.0244346,-0.00319589,0.00201013,0.400493,0.48501
3387,1,0.1,0,0,1,1,1,4.38977,0,-0.00213059,0.00200489,0.388082,0.372217
3388,1,0.1,0,0,1,1,1,4.38977,0,-0.0010653,0.00198998,0.374396,0.428613
3389,1,0.1,0,0,1,1,1,4.38977,0,-0.00532648,0.00198582,0.42072,0.293262
3390,1,0.1,0,0,1,1,1,4.38977,0,0.00745708,0.00198216,0.279617,0.248145
3391,1,0.1,0,0,1,1,1,4.38977,0,-0.00426119,0.00196728,0.406554,0.3271
3392,1,0.1,0,0,1,1,1,4.38968,0,0.00532648,0.00199194,0.304344,0.428613
3393,1,0.1,0,0,1,1,1,4.38968,-0.0471239,-8.47998e-19,0.00197565,0.360786,0.225586
3394,1,0.1,0,0,1,1,1,4.38968,0.0296706,0.010653,0.00196298,0.24193,0.248145
3395,1,0.1,0,0,1,1,1,4.38968,-0.0296706,-0.0010653,0.00192617,0.365973,0.236865
3396,1,0.1,0,0,1,1,1,4.38968,0.010472,-0.00745708,0.00192213,0.435749,0.236865
3397,1,0.1,0,0,1,1,1,4.38977,0.010472,0.00426119,0.00191095,0.305372,0.270703
3398,1,0.1,0,0,1,1,1,4.38968,-0.0139626,0.0202406,0.0018618,0.123111,0.248145
3399,1,0.1,0,0,1,1,1,4.38968,-0.0174533,0.0117183,0.0018546,0.215906,0.417334
3400,1,0.1,0,0,1,1,1,4.38977,0,0.00958767,0.0018784,0.242484,0.372217
3401,1,0.1,0,0,1,1,1,4.38977,0,0.0170448,0.00187363,0.159826,0.383496
3402,1,0.1,0,0,1,1,1,4.38977,0,0.00532648,0.00183567,0.283717,0.259424
3403,1,0.1,0,0,1,1,1,4.38968,0,0.0170448,0.00181217,0.151714,0.281982
3404,1,0.1,0,0,1,1,1,4.38977,0.0279253,-0.00852238,0.00180023,0.431376,0.372217
3405,1,0.1,0,0,1,1,1,4.38968,0,-0.0213059,0.00181178,0.57352,0.304541
3406,1,0.1,0,0,1,1,1,4.38977,0,0.0170448,0.00179469,0.149407,0.394775
3407,1,0.1,0,0,1,1,1,4.38968,0,-0.0117183,0.00182483,0.469779,0.270703
3408,1,0.1,0,0,1,1,1,4.38977,0.0383972,-0.00852238,0.00185298,0.43834,0.428613
3409,1,0.1,0,0,1,1,1,4.38977,0.00523599,0.0127836,0.00183905,0.202133,0.451172
3410,1,0.1,0,0,1,1,1,4.38968,-0.0698132,0.00639178,0.00183408,0.271789,0.259424
3411,1,0.1,0,0,1,1,1,4.38977,0,0.010653,0.00181665,0.222615,0.428613
3412,1,0.1,0,0,1,1,1,4.38977,-0.015708,0.00639178,0.00178574,0.265407,0.349658
3413,1,0.1,0,0,1,1,1,4.38977,0,-0.00745708,0.00176532,0.415051,0.293262
3414,1,0.1,0,0,1,1,1,4.38977,0,-0.00213059,0.0017538,0.354938,0.248145
3415,1,0.1,0,0,1,1,1,4.38977,0.00872665,0.00213059,0.00175983,0.308861,0.293262
3416,1,0.1,0,0,1,1,1,4.38977,0.00349066,0.0213059,0.00171886,0.0925243,0.372217
3417,1,0.1,0,0,1,1,1,4.38968,-0.0174533,0.0117183,0.00170265,0.19585,0.225586
3418,1,0.1,0,0,1,1,1,4.38968,0,0.00639178,0.0017075,0.25508,0.248145
3419,1,0.1,0,0,1,1,1,4.38968,-0.00174533,-0.00852238,0.00170599,0.418936,0.293262
3420,1,0.1,0,0,1,1,1,4.38968,0,-0.0117183,0.00168619,0.451478,0.259424
3421,1,0.1,0,0,1,1,1,4.38977,0.020944,1.23938e-18,0.001714,0.326248,0.349658
3422,1,0.1,0,0,1,1,1,4.38977,0,0.0351548,0.00170939,-0.0610627,0.428613
3423,1,0.1,0,0,1,1,1,4.38968,-0.0610865,0.00745708,0.00169289,0.241433,0.394775
3424,1,0.1,0,0,1,1,1,4.38968,0.0226893,0.0234365,0.00167526,0.0633322,0.203027
3425,1,0.1,0,0,1,1,1,4.38968,-0.0296706,0.0117183,0.00164621,0.188399,0.270703
3426,1,0.1,0,0,1,1,1,4.38968,0,0.00319589,0.0016333,0.280441,0.304541
3427,1,0.1,0,0,1,1,1,4.38968,0,0.0149142,0.0016297,0.151065,0.293262
3428,1,0.1,0,0,1,1,1,4.38968,0,0.0138489,0.0016102,0.160209,0.360938
3429,1,0.1,0,0,1,1,1,4.38968,-0.00349066,0.0170448,0.00155383,0.117614,0.270703
3430,1,0.1,0,0,1,1,1,4.38968,0.0122173,0.00745708,0.0015177,0.218308,0.338379
3431,1,0.1,0,0,1,1,1,4.38968,0,-0.00426119,0.00152923,0.348732,0.270703
3432,1,0.1,0,0,1,1,1,4.38968,0,-0.00639178,0.00152178,0.371184,0.428613
3433,1,0.1,0,0,1,1,1,4.38968,0.00872665,-0.00426119,0.00150285,0.34525,0.203027
3434,1,0.1,0,0,1,1,1,4.38968,0,-0.0127836,0.00147962,0.435929,0.349658
3435,1,0.1,0,0,1,1,1,4.38977,0.0279253,0.0170448,0.00144967,0.103864,0.293262
3436,1,0.1,0,0,1,1,1,4.38968,-0.0349066,-0.00852238,0.00142344,0.38164,0.124072
3437,1,0.1,0,0,1,1,1,4.38977,0.0279253,0.0117183,0.00140071,0.155993,0.236865
3438,1,0.1,0,0,1,1,1,4.38968,-0.020944,0.0170448,0.00137907,0.0945455,0.225586
3439,1,0.1,0,0,1,1,1,4.38968,-0.00872665,0.0127836,0.00133648,0.135796,0.135352
3440,1,0.1,0,0,1,1,1,4.38968,0.0418879,-0.0117183,0.00136886,0.409591,0.270703
3441,1,0.1,0,0,1,1,1,4.38968,-0.00872665,0.0138489,0.00137363,0.128982,0.31582
3442,1,0.1,0,0,1,1,1,4.38968,-0.0191986,-0.00745708,0.00135595,0.361013,0.124072
3443,1,0.1,0,0,1,1,1,4.38968,0.0174533,0.0149142,0.00132407,0.110636,0.293262
3444,1,0.1,0,0,1,1,1,4.38958,-0.0279253,-0.00426119,0.00133138,0.322616,0.259424
3445,1,0.1,0,0,1,1,1,4.38968,0,0.0010653,0.00130555,0.260589,0.180469
3446,1,0.1,0,0,1,1,1,4.38958,0,-0.00532648,0.00130041,0.330246,0.293262
3447,1,0.1,0,0,1,1,1,4.38968,0,-0.00958767,0.00129602,0.376539,0.203027
3448,1,0.1,0,0,1,1,1,4.38968,0.00523599,-0.00745708,0.00129653,0.35317,0.338379
3449,1,0.1,0,0,1,1,1,4.38968,0,0.0159795,0.00129675,0.0953973,0.214307
3450,1,0.1,0,0,1,1,1,4.38968,0,0.0202406,0.00126866,0.0448166,0.214307
3451,1,0.1,0,0,1,1,1,4.38968,-0.010472,0.0170448,0.00126233,0.0791349,0.293262
3452,1,0.1,0,0,1,1,1,4.38968,0,0.00639178,0.00124991,0.19464,0.270703
3453,1,0.1,0,0,1,1,1,4.38968,0,-0.0245018,0.00123783,0.532717,0.203027
3454,1,0.1,0,0,1,1,1,4.38958,-0.0174533,-4.56614e-19,0.00124963,0.264952,0.214307
3455,1,0.1,0,0,1,1,1,4.38968,0,-0.00319589,0.00125638,0.300997,0.293262
3456,1,0.1,0,0,1,1,1,4.38968,0.00349066,-0.0266324,0.00128346,0.562374,0.293262
3457,1,0.1,0,0,1,1,1,4.38968,0.0174533,0.00213059,0.00127059,0.244281,0.225586
3458,1,0.1,0,0,1,1,1,4.38968,0,-0.00319589,0.00128055,0.304187,0.31582
3459,1,0.1,0,0,1,1,1,4.38968,0,0.00213059,0.00128348,0.245983,0.214307
3460,1,0.1,0,0,1,1,1,4.38968,0.0122173,-0.00213059,0.00129271,0.294074,0.338379
3461,1,0.1,0,0,1,1,1,4.38968,0,-0.00213059,0.00128871,0.293547,0.31582
3462,1,0.1,0,0,1,1,1,4.38968,0,0.0117183,0.00129793,0.142425,0.259424
3463,1,0.1,0,0,1,1,1,4.38968,0,0.0127836,0.00129248,0.129988,0.394775
3464,1,0.1,0,0,1,1,1,4.38968,0.00872665,-0.0149142,0.00129105,0.434475,0.394775
3465,1,0.1,0,0,1,1,1,4.38968,0.0244346,-0.0223712,0.00127899,0.51491,0.236865
3466,1,0.1,0,0,1,1,1,4.38968,-0.00698132,0.0138489,0.00123981,0.111172,0.135352
3467,1,0.1,0,0,1,1,1,4.38968,0,0.0170448,0.00122777,0.0745731,0.248145
3468,1,0.1,0,0,1,1,1,4.38968,0,-0.010653,0.0012144,0.377483,0.236865
3469,1,0.1,0,0,1,1,1,4.38968,0.0122173,0.00745708,0.00120388,0.176885,0.112793
3470,1,0.1,0,0,1,1,1,4.38968,0,-0.00213059,0.00117753,0.278871,0.180469
3471,1,0.1,0,0,1,1,1,4.38968,0.00872665,0.00426119,0.00115439,0.205506,0.15791
3472,1,0.1,0,0,1,1,1,4.38968,0,-0.00319589,0.00114208,0.285909,0.259424
3473,1,0.1,0,0,1,1,1,4.38968,0,0.00745708,0.00112608,0.166614,0.248145
3474,1,0.1,0,0,1,1,1,4.38968,0,0.0117183,0.00113938,0.121498,0.248145
3475,1,0.1,0,0,1,1,1,4.38968,-0.00872665,0.0010653,0.00113019,0.237467,0.180469
3476,1,0.1,0,0,1,1,1,4.38968,0.0139626,-9.78459e-19,0.00113991,0.250469,0.417334
3477,1,0.1,0,0,1,1,1,4.38958,-0.00872665,-0.00745708,0.00112228,0.330169,0.180469
3478,1,0.099999,-0.000755166,-0.374688,1,1,1,4.38968,0.0191986,0.00852238,0.00113545,0.0937306,0.338379
3479,1,0.0999887,-0.00374808,-0.817777,1,1,1,4.38958,-0.0174533,-0.00319589,0.00113253,0.122615,0.191748
3480,1,0.0999579,-0.00888605,-1.23305,1,1,1,4.38958,0,0.00745708,0.00107777,-0.123932,0.124072
3481,1,0.0998964,-0.0160341,-1.62124,1,1,1,4.38949,-0.0139626,0.00213059,0.000992887,-0.220103,0.124072
3482,1,0.0997945,-0.0250551,-1.98276,1,1,1,4.38949,0,-0.0117183,0.000881349,-0.245823,-0.0225586
3483,1,0.099643,-0.0358167,-2.31819,1,1,1,4.38939,-0.00174533,-0.00958767,0.000768602,-0.465178,-0.0338379
3484,1,0.0994336,-0.0481952,-2.62826,1,1,1,4.38939,-0.0226893,0.00958767,0.000558331,-0.902932,-0.146631
3485,1,0.0991586,-0.0620587,-2.91338,1,1,1,4.38901,-0.0907571,-0.0202406,0.000347017,-0.817647,-0.48501
3486,1,0.0988108,-0.0772871,-3.1742,1,1,1,4.38834,-0.23911,-0.00745708,5.53253e-05,-1.22609,-0.755713
3487,1,0.0983836,-0.0937607,-3.41131,1,1,1,4.38699,-0.106465,-0.0479384,-0.000261572,-1.06555,-1.20688
3488,1,0.0978713,-0.111361,-3.62525,1,1,1,4.3869,-0.0314159,-0.0830932,-0.000479576,-0.959375,-1.0377
3489,1,0.0972683,-0.129975,-3.81661,1,1,1,4.38651,-0.0994838,-0.0937461,-0.000630546,-1.12151,-0.95874
3490,1,0.0965701,-0.149489,-3.98596,1,1,1,4.38594,-0.151844,-0.12677,-0.000785025,-1.04679,-0.981299
3491,1,0.0957721,-0.169799,-4.13391,1,1,1,4.38498,-0.144862,-0.134227,-0.000909058,-1.2554,-1.00386
3492,1,0.0948708,-0.190797,-4.261,1,1,1,4.38431,-0.188496,-0.175774,-0.000949065,-1.08205,-0.913623
3493,1,0.0938631,-0.212376,-4.36781,1,1,1,4.38316,-0.240855,-0.211994,-0.000985938,-0.971076,-0.981299
3494,1,0.0927465,-0.234438,-4.45491,1,1,1,4.3822,-0.235619,-0.230104,-0.00102598,-1.06286,-1.04897
3495,1,0.0915183,-0.256891,-4.52289,1,1,1,4.38076,-0.26529,-0.247149,-0.00112286,-1.17717,-1.19561
3496,1,0.0901768,-0.279641,-4.57234,1,1,1,4.37952,-0.310669,-0.272716,-0.00113966,-1.18683,-1.11665
3497,1,0.0887212,-0.302589,-4.60381,1,1,1,4.37789,-0.307178,-0.298283,-0.00116853,-1.198,-1.10537
3498,1,0.0871508,-0.325648,-4.61788,1,1,1,4.37654,-0.336849,-0.317458,-0.00118739,-1.27684,-1.19561
3499,1,0.0854649,-0.348737,-4.61513,1,1,1,4.37434,-0.385718,-0.361136,-0.00115973,-1.07757,-1.17305
3500,1,0.0836634,-0.371774,-4.59614,1,1,1,4.3729,-0.37001,-0.377115,-0.00111893,-1.17734,-1.22944
3501,1,0.0817472,-0.394675,-4.56148,1,1,1,4.3705,-0.383972,-0.411205,-0.00104252,-1.06901,-1.10537
3502,1,0.0797173,-0.417361,-4.51173,1,1,1,4.36897,-0.354302,-0.429315,-0.000907074,-1.12252,-0.936182
3503,1,0.077574,-0.439768,-4.44746,1,1,1,4.36619,-0.537561,-0.458078,-0.000806138,-1.05837,-0.981299
3504,1,0.0753204,-0.46181,-4.36927,1,1,1,4.36437,-0.436332,-0.471927,-0.000775434,-1.16209,-1.16177
3505,1,0.0729566,-0.483438,-4.27768,1,1,1,4.36149,-0.417134,-0.477253,-0.00073822,-1.35101,-1.12793
3506,1,0.0704863,-0.504571,-4.17333,1,1,1,4.35957,-0.555015,-0.511343,-0.000719154,-1.21911,-1.15049
3507,1,0.0679122,-0.525148,-4.05678,1,1,1,4.35612,-0.506145,-0.514538,-0.000652699,-1.41069,-1.15049
3508,1,0.0652361,-0.545117,-3.92857,1,1,1,4.3543,-0.476475,-0.55502,-0.000593156,-1.18466,-1.3084
3509,1,0.0624621,-0.564416,-3.78931,1,1,1,4.35075,-0.628319,-0.569934,-0.000548746,-1.23209,-1.3084
3510,1,0.0595933,-0.582992,-3.63957,1,1,1,4.34826,-0.619592,-0.59124,-0.000536423,-1.20352,-1.26328
3511,1,0.0566331,-0.600797,-3.4799,1,1,1,4.3449,-0.560251,-0.623199,-0.000497013,-1.04276,-1.06025
3512,1,0.0535866,-0.617776,-3.31093,1,1,1,4.34232,-0.712094,-0.631721,-0.000450765,-1.12726,-1.24072
3513,1,0.0504568,-0.633891,-3.13317,1,1,1,4.33867,-0.534071,-0.638113,-0.000427832,-1.22631,-1.22944
3514,1,0.0472493,-0.649094,-2.94727,1,1,1,4.33608,-0.708604,-0.66368,-0.0003246,-1.09033,-1.10537
3515,1,0.0439675,-0.66335,-2.75374,1,1,1,4.33187,-0.712094,-0.66368,-0.00033323,-1.23945,-1.15049
3516,1,0.0406174,-0.67662,-2.5532,1,1,1,4.32889,-0.71733,-0.68179,-0.000270947,-1.16532,-1.15049
3517,1,0.037203,-0.688872,-2.34618,1,1,1,4.32487,-0.719076,-0.707357,-0.000188839,-0.993065,-1.00386
3518,1,0.0337304,-0.700072,-2.13332,1,1,1,4.32209,-0.703368,-0.738251,-8.06643e-05,-0.744762,-0.857227
3519,1,0.0302044,-0.710195,-1.91515,1,1,1,4.31729,-0.689405,-0.713749,2.0004e-05,-1.0915,-0.936182
3520,1,0.0266299,-0.719216,-1.69222,1,1,1,4.3147,-0.682424,-0.757426,0.000149104,-0.670785,-0.891064
3521,1,0.0230141,-0.727111,-1.4652,1,1,1,4.3102,-0.757473,-0.735055,0.000235676,-0.967316,-0.868506
3522,1,0.019361,-0.733862,-1.23458,1,1,1,4.30732,-0.689405,-0.731859,0.000287293,-1.04396,-0.812109
3523,1,0.0156774,-0.739452,-1.00097,1,1,1,4.30224,-0.820305,-0.732924,0.0003398,-1.05893,-0.80083
3524,1,0.0119689,-0.743867,-0.764961,1,1,1,4.29994,-0.565487,-0.756361,0.000387551,-0.813869,-1.00386
3525,1,0.0082404,-0.747098,-0.527044,1,1,1,4.29486,-0.888373,-0.731859,0.000399397,-1.08629,-0.857227
3526,1,0.00449917,-0.749136,-0.287891,1,1,1,4.29217,-0.612611,-0.764883,0.000842562,-0.653616,-0.823389
3527,1,0.000751408,-0.749976,-0.0480899,1,1,1,4.28767,-0.806342,-0.764883,0.00053563,-0.667754,-0.575244
3528,1,-0.00299779,-0.749616,0.191842,1,1,1,4.28479,-0.689405,-0.748904,0.000532974,-0.804103,-0.733154
3529,1,-0.00674291,-0.748058,0.43136,1,1,1,4.2799,-0.790634,-0.738251,0.000536056,-0.865865,-0.541406
3530,1,-0.0104764,-0.745305,0.669783,1,1,1,4.27703,-0.731293,-0.774471,0.000964541,-0.341392,-0.879785
3531,1,-0.0141941,-0.741362,0.906661,1,1,1,4.27271,-0.68766,-0.768079,0.0010207,-0.319201,-0.48501
3532,1,-0.0178885,-0.736242,1.1413,1,1,1,4.26964,-0.781908,-0.755296,0.000696895,-0.403442,-0.496289
3533,1,-0.0215546,-0.729954,1.3732,1,1,1,4.26495,-0.694641,-0.737185,0.0011618,-0.427578,-0.451172
3534,1,-0.0251859,-0.722516,1.60173,1,1,1,4.26255,-0.603884,-0.747838,0.0012457,-0.17225,-0.372217
3535,1,-0.0287779,-0.713943,1.82638,1,1,1,4.25862,-0.651008,-0.730794,0.00135848,-0.206297,-0.281982
3536,1,-0.0323236,-0.704259,2.0465,1,1,1,4.25622,-0.570723,-0.706292,0.00134732,-0.327006,-0.3271
3537,1,-0.0358182,-0.693488,2.26156,1,1,1,4.25229,-0.764454,-0.678594,0.0012826,-0.477268,-0.383496
3538,1,-0.0392567,-0.681653,2.471,1,1,1,4.24874,-0.904081,-0.639178,0.0011726,-0.750362,-0.293262
3539,1,-0.042633,-0.668788,2.67418,1,1,1,4.24337,-0.842994,-0.665811,0.00108823,-0.281973,-0.552686
3540,1,-0.0459426,-0.654924,2.87059,1,1,1,4.24127,-0.413643,-0.658354,0.00106752,-0.16763,-0.552686
3541,1,-0.049181,-0.640093,3.05965,1,1,1,4.23772,-0.671952,-0.654092,0.00111953,0.00143952,-0.248145
3542,1,-0.0523425,-0.624338,3.24074,1,1,1,4.23513,-0.652753,-0.656223,0.00112963,0.245693,-0.225586
3543,1,-0.0554224,-0.607702,3.41327,1,1,1,4.23177,-0.45204,-0.607219,0.0011453,-0.0621517,-0.101514
3544,1,-0.0584179,-0.590221,3.57675,1,1,1,4.22995,-0.44855,-0.608285,0.00113425,0.18622,-0.0902344
3545,1,-0.0613235,-0.57195,3.73052,1,1,1,4.22698,-0.561996,-0.579522,0.00114119,0.117292,-0.0902344
3546,1,-0.0641363,-0.552932,3.87407,1,1,1,4.22449,-0.631809,-0.549693,0.00110579,0.0387823,-0.0789551
3547,1,-0.066852,-0.533226,4.00677,1,1,1,4.22113,-0.525344,-0.548628,0.00110377,0.287997,-0.0902344
3548,1,-0.0694674,-0.512885,4.12806,1,1,1,4.21912,-0.453786,-0.514538,0.00109527,0.179324,-0.112793
3549,1,-0.0719798,-0.491965,4.23738,1,1,1,4.21643,-0.492183,-0.487906,0.00114821,0.166174,-0.0676758
3550,1,-0.0743865,-0.470529,4.33415,1,1,1,4.21442,-0.493928,-0.471927,0.00113415,0.265957,0.0902344
3551,1,-0.0766843,-0.448646,4.41777,1,1,1,4.21183,-0.382227,-0.449555,0.00114066,0.301807,0.0225586
3552,1,-0.0788719,-0.426378,4.48769,1,1,1,4.21039,-0.366519,-0.416531,0.00114992,0.22362,0.281982
3553,1,-0.0809474,-0.403795,4.54332,1,1,1,4.208,-0.427606,-0.384572,0.00104944,0.144028,0.338379
3554,1,-0.0829097,-0.380966,4.5841,1,1,1,4.20637,-0.404916,-0.351548,0.000915394,0.0488214,0.146631
3555,1,-0.0847573,-0.357974,4.60944,1,1,1,4.20435,-0.296706,-0.329177,0.000785135,0.0707667,0.0676758
3556,1,-0.0864891,-0.334902,4.61876,1,1,1,4.2032,-0.296706,-0.300414,0.000629037,0.0170732,0.135352
3557,1,-0.0881058,-0.31182,4.6115,1,1,1,4.20109,-0.349066,-0.282304,0.000414122,0.0691759,0.0902344
3558,1,-0.0896076,-0.288813,4.58707,1,1,1,4.20004,-0.23911,-0.236496,0.000195128,-0.187581,0.0676758
3559,1,-0.0909944,-0.265976,4.5449,1,1,1,4.1987,-0.244346,-0.225843,-3.81495e-06,-0.0599262,-0.0112793
3560,1,-0.0922677,-0.243395,4.48442,1,1,1,4.19764,-0.246091,-0.223712,-0.000171857,0.160155,-0.0112793
3561,1,-0.0934288,-0.221165,4.40505,1,1,1,4.19668,-0.106465,-0.193884,-0.000291128,0.0761132,0.0789551
3562,1,-0.0944801,-0.199378,4.3062,1,1,1,4.19611,-0.169297,-0.164056,-0.000484024,-0.0272388,0.0676758
3563,1,-0.0954237,-0.178133,4.18729,1,1,1,4.19486,-0.179769,-0.155533,-0.000663449,0.0958103,-0.0338379
3564,1,-0.0962626,-0.157537,4.04778,1,1,1,4.19429,-0.106465,-0.120379,-0.000829923,-0.0828399,0.0789551
3565,1,-0.0970002,-0.137693,3.88708,1,1,1,4.19371,-0.129154,-0.120379,-0.000959827,0.11772,0.0451172
3566,1,-0.0976408,-0.118706,3.70462,1,1,1,4.19323,-0.109956,-0.101203,-0.0011238,0.0882822,0.0338379
3567,1,-0.0981889,-0.100683,3.49976,1,1,1,4.19266,-0.0715585,-0.0777667,-0.00128201,-0.00192645,0
3568,1,-0.0986495,-0.0837432,3.272,1,1,1,4.19237,-0.0628319,-0.0490037,-0.00141727,-0.164277,0.0563965
3569,1,-0.0990283,-0.0680022,3.02075,1,1,1,4.19199,-0.0645772,-0.0447425,-0.00155441,-0.0758,0
3570,1,-0.0993317,-0.053577,2.74543,1,1,1,4.1917,-0.0872665,-0.0234365,-0.00171253,-0.197268,0.0112793
3571,1,-0.0995665,-0.0405886,2.44542,1,1,1,4.19084,-0.167552,0.00639178,-0.00188916,-0.436598,-0.169189
3572,1,-0.0997402,-0.0291644,2.12023,1,1,1,4.19026,-0.1309,0.0191753,-0.00206141,-0.511372,-0.203027
3573,1,-0.099861,-0.019431,1.76925,1,1,1,4.19026,0,-0.0010653,-0.0021964,-0.242378,-0.270703
3574,1,-0.0999376,-0.0115164,1.39182,1,1,1,4.19016,-0.00523599,0.00213059,-0.00229013,-0.250451,-0.293262
3575,1,-0.0999794,-0.00555703,0.987476,1,1,1,4.19026,0,0.028763,-0.00236819,-0.541648,-0.248145
3576,1,-0.0999966,-0.00168752,0.555549,1,1,1,4.19016,0,0.00426119,-0.00243948,-0.299995,-0.338379
3577,1,-0.1,-4.79499e-05,0.0955655,1,1,1,4.19016,0,0.0117183,-0.00246869,-0.434285,-0.259424
3578,1,-0.1,-0,-0,1,1,1,4.19026,0,0.00532648,-0.00247561,-0.381102,-0.383496
3579,1,-0.1,-0,-0,1,1,1,4.19026,0,-0.0138489,-0.00249106,-0.175865,-0.349658
3580,1,-0.1,-0,-0,1,1,1,4.19016,0,0.0202406,-0.00250273,-0.555186,-0.31582
3581,1,-0.1,-0,-0,1,1,1,4.19016,-0.020944,-0.0010653,-0.00253338,-0.328854,-0.372217
3582,1,-0.1,-0,-0,1,1,1,4.19016,0.00872665,0.00532648,-0.00255663,-0.405788,-0.338379
3583,1,-0.1,-0,-0,1,1,1,4.19016,0,0.00319589,-0.00257665,-0.388527,-0.338379
3584,1,-0.1,-0,-0,1,1,1,4.19007,-0.0191986,0.00958767,-0.00256861,-0.460516,-0.496289
3585,1,-0.1,-0,-0,1,1,1,4.19016,-0.0191986,0.0010653,-0.00251965,-0.362454,-0.293262
3586,1,-0.1,-0,-0,1,1,1,4.19016,0.0122173,0.0117183,-0.00253607,-0.485094,-0.47373
3587,1,-0.1,-0,-0,1,1,1,4.19016,0,0.0159795,-0.00255849,-0.538446,-0.462451
3588,1,-0.1,-0,-0,1,1,1,4.19016,0.0296706,-0.00426119,-0.00258987,-0.323981,-0.31582
3589,1,-0.1,-0,-0,1,1,1,4.19007,0,-0.0010653,-0.0025775,-0.360624,-0.406055
3590,1,-0.1,-0,-0,1,1,1,4.19007,0,0.00639178,-0.00258088,-0.446202,-0.360938
3591,1,-0.1,-0,-0,1,1,1,4.19007,0,-0.00426119,-0.00259179,-0.333898,-0.439893
3592,1,-0.1,-0,-0,1,1,1,4.19007,0,0.0159795,-0.0026305,-0.565395,-0.541406
3593,1,-0.1,-0,-0,1,1,1,4.19007,0,-0.00426119,-0.00257417,-0.337564,-0.191748
3594,1,-0.1,-0,-0,1,1,1,4.19016,-0.00872665,-0.00532648,-0.00256136,-0.326811,-0.338379
3595,1,-0.1,-0,-0,1,1,1,4.19016,0.00523599,-0.0010653,-0.00252214,-0.370479,-0.31582
3596,1,-0.1,-0,-0,1,1,1,4.19016,0,-0.00639178,-0.00253664,-0.316899,-0.31582
3597,1,-0.1,-0,-0,1,1,1,4.19016,0,-0.00213059,-0.00254247,-0.367481,-0.349658
3598,1,-0.1,-0,-0,1,1,1,4.19007,-0.0122173,0.0117183,-0.00255361,-0.524175,-0.394775
3599,1,-0.1,-0,-0,1,1,1,4.19007,-0.0174533,0.0010653,-0.00255482,-0.410521,-0.383496
3600,1,-0.1,-0,-0,1,1,1,4.19007,0.00872665,0.0010653,-0.00257597,-0.416978,-0.270703
3601,1,-0.1,-0,-0,1,1,1,4.19007,0,0.0138489,-0.00258299,-0.561493,-0.304541
3602,1,-0.1,-0,-0,1,1,1,4.19007,0,0.0149142,-0.0026178,-0.581796,-0.428613
3603,1,-0.1,-0,-0,1,1,1,4.18997,-0.00872665,-0.00745708,-0.00264628,-0.343419,-0.47373
3604,1,-0.1,-0,-0,1,1,1,4.19007,0,0.0117183,-0.00269521,-0.564747,-0.451172
3605,1,-0.1,-0,-0,1,1,1,4.18997,0,0.00426119,-0.00270478,-0.487631,-0.462451
3606,1,-0.1,-0,-0,1,1,1,4.18997,0,0.0010653,-0.00266279,-0.449282,-0.31582
3607,1,-0.1,-0,-0,1,1,1,4.18997,0,0.0138489,-0.00267749,-0.595229,-0.406055
3608,1,-0.1,-0,-0,1,1,1,4.18997,-0.00872665,0.00532648,-0.00266201,-0.502597,-0.338379
3609,1,-0.1,-0,-0,1,1,1,4.18997,-0.00872665,0.0202406,-0.00268087,-0.67292,-0.586523
3610,1,-0.1,-0,-0,1,1,1,4.18997,0,0.00319589,-0.00267491,-0.488076,-0.64292
3611,1,-0.1,-0,-0,1,1,1,4.18997,0,0.00958767,-0.00268074,-0.559323,-0.47373
3612,1,-0.1,-0,-0,1,1,1,4.18997,0,8.47998e-19,-0.00269823,-0.456166,-0.575244
3613,1,-0.1,-0,-0,1,1,1,4.18997,0,-0.010653,-0.00265646,-0.333388,-0.676758
3614,1,-0.1,-0,-0,1,1,1,4.18997,0.0418879,-0.00852238,-0.00270089,-0.362771,-0.552686
3615,1,-0.1,-0,-0,1,1,1,4.18988,0.0383972,-0.0138489,-0.00267666,-0.300981,-0.575244
3616,1,-0.1,-0,-0,1,1,1,4.18988,-0.0174533,-0.00745708,-0.00269906,-0.374248,-0.688037
3617,1,-0.1,-0,-0,1,1,1,4.18988,0.0261799,-0.0127836,-0.00266729,-0.311464,-0.47373
3618,1,-0.1,-0,-0,1,1,1,4.18988,-0.0139626,-0.00639178,-0.00267532,-0.382832,-0.563965
3619,1,-0.1,-0,-0,1,1,1,4.18988,0,-0.00745708,-0.00262539,-0.364524,-0.575244
3620,1,-0.1,-0,-0,1,1,1,4.18988,0,0.0117183,-0.00259571,-0.571535,-0.451172
3621,1,-0.1,-0,-0,1,1,1,4.18988,-0.0191986,0.010653,-0.00262381,-0.563526,-0.406055
3622,1,-0.1,-0,-0,1,1,1,4.18978,0,-0.00213059,-0.0026499,-0.42635,-0.654199
3623,1,-0.1,-0,-0,1,1,1,4.18978,0,0.00745708,-0.00269336,-0.537551,-0.609082
3624,1,-0.1,-0,-0,1,1,1,4.18978,-0.00872665,0.0010653,-0.00270342,-0.46857,-0.48501
3625,1,-0.1,-0,-0,1,1,1,4.18978,0,0.0149142,-0.00270492,-0.621105,-0.496289
3626,1,-0.1,-0,-0,1,1,1,4.18988,0.0349066,0.00958767,-0.00269964,-0.561816,-0.394775
3627,1,-0.1,-0,-0,1,1,1,4.18978,-0.00349066,0.00319589,-0.00273402,-0.496045,-0.360938
3628,1,-0.1,-0,-0,1,1,1,4.18969,-0.0506145,5.21845e-19,-0.00271162,-0.457933,-0.507568
3629,1,-0.1,-0,-0,1,1,1,4.18978,0,-0.00532648,-0.00271301,-0.399526,-0.383496
3630,1,-0.1,-0,-0,1,1,1,4.18969,0,0.00213059,-0.00271594,-0.48194,-0.383496
3631,1,-0.1,-0,-0,1,1,1,4.18969,-0.00872665,-0.0149142,-0.00268267,-0.290056,-0.417334
3632,1,-0.1,-0,-0,1,1,1,4.18978,0.0191986,1.30461e-18,-0.00264195,-0.448737,-0.31582
3633,1,-0.1,-0,-0,1,1,1,4.18978,-0.010472,0.00213059,-0.00264187,-0.472163,-0.417334
3634,1,-0.1,-0,-0,1,1,1,4.18969,0,-0.0191753,-0.00264234,-0.237861,-0.406055
3635,1,-0.1,-0,-0,1,1,1,4.18969,0.0122173,0.00639178,-0.00266883,-0.522595,-0.47373
3636,1,-0.1,-0,-0,1,1,1,4.18969,0,-0.0138489,-0.00267856,-0.301232,-0.507568
3637,1,-0.1,-0,-0,1,1,1,4.18969,0.00872665,0.00213059,-0.00266608,-0.475358,-0.609082
3638,1,-0.1,-0,-0,1,1,1,4.18969,0.00872665,-0.0266324,-0.00265528,-0.15754,-0.439893
3639,1,-0.1,-0,-0,1,1,1,4.18978,0.0279253,0.0149142,-0.00264796,-0.613586,-0.349658
3640,1,-0.1,-0,-0,1,1,1,4.18969,-0.0191986,0.0127836,-0.00268461,-0.594987,-0.507568
3641,1,-0.1,-0,-0,1,1,1,4.18969,0,-0.0010653,-0.00270119,-0.444839,-0.462451
3642,1,-0.1,-0,-0,1,1,1,4.18969,0,-0.00852238,-0.00269371,-0.361823,-0.338379
3643,1,-0.1,-0,-0,1,1,1,4.18969,0,-0.01811,-0.00268242,-0.25487,-0.507568
3644,1,-0.1,-0,-0,1,1,1,4.18969,0.0174533,-0.00426119,-0.00266709,-0.405183,-0.372217
3645,1,-0.1,-0,-0,1,1,1,4.18969,0,0.0276977,-0.0026928,-0.760124,-0.417334
3646,1,-0.1,-0,-0,1,1,1,4.18969,0,0.0010653,-0.00272593,-0.471541,-0.541406
3647,1,-0.1,-0,-0,1,1,1,4.18969,0,-0.00213059,-0.00274835,-0.439346,-0.360938
3648,1,-0.1,-0,-0,1,1,1,4.18969,-0.0244346,-0.00426119,-0.00276264,-0.417795,-0.462451
3649,1,-0.1,-0,-0,1,1,1,4.18969,0,-0.00319589,-0.00276459,-0.429772,-0.428613
3650,1,-0.1,-0,-0,1,1,1,4.18969,0,0.0127836,-0.00275741,-0.604597,-0.349658
3651,1,-0.1,-0,-0,1,1,1,4.18959,-0.0174533,-0.0117183,-0.00276753,-0.336413,-0.428613
3652,1,-0.1,-0,-0,1,1,1,4.18969,0,-0.0149142,-0.00276499,-0.300923,-0.406055
3653,1,-0.1,-0,-0,1,1,1,4.18969,0.00523599,0.0117183,-0.00275627,-0.592729,-0.383496
3654,1,-0.1,-0,-0,1,1,1,4.18969,-0.00872665,-0.0010653,-0.00277546,-0.454643,-0.586523
3655,1,-0.1,-0,-0,1,1,1,4.18969,0.00872665,-0.0010653,-0.00277058,-0.453999,-0.428613
3656,1,-0.1,-0,-0,1,1,1,4.18969,0,-0.0191753,-0.0027538,-0.252573,-0.451172
3657,1,-0.1,-0,-0,1,1,1,4.18969,0.00698132,0.00639178,-0.00274485,-0.53263,-0.439893
3658,1,-0.1,-0,-0,1,1,1,4.18969,0,0.0149142,-0.00275198,-0.627318,-0.417334
3659,1,-0.1,-0,-0,1,1,1,4.18959,-0.020944,-3.26153e-19,-0.00279103,-0.468416,-0.439893
3660,1,-0.1,-0,-0,1,1,1,4.18959,0,0.010653,-0.00279449,-0.586056,-0.406055
3661,1,-0.1,-0,-0,1,1,1,4.18959,0,0.0010653,-0.00278986,-0.47998,-0.360938
3662,1,-0.1,-0,-0,1,1,1,4.18959,-0.0244346,0.0127836,-0.00279046,-0.60896,-0.530127
3663,1,-0.1,-0,-0,1,1,1,4.18959,-0.00872665,0.00213059,-0.00282475,-0.496304,-0.383496
3664,1,-0.1,-0,-0,1,1,1,4.18959,-0.0122173,0.0170448,-0.00284606,-0.663172,-0.496289
3665,1,-0.1,-0,-0,1,1,1,4.18959,-0.0261799,-0.00532648,-0.00289449,-0.423482,-0.575244
3666,1,-0.1,-0,-0,1,1,1,4.18959,0,-0.00852238,-0.00289202,-0.388,-0.541406
3667,1,-0.1,-0,-0,1,1,1,4.18959,0,-0.0010653,-0.00287792,-0.468167,-0.688037
3668,1,-0.1,-0,-0,1,1,1,4.18959,0,-0.00745708,-0.00288855,-0.399261,-0.496289
3669,1,-0.1,-0,-0,1,1,1,4.18959,0.00872665,-0.0138489,-0.00285597,-0.32465,-0.372217
3670,1,-0.1,-0,-0,1,1,1,4.18959,0,-0.00319589,-0.00282388,-0.437598,-0.3271
3671,1,-0.1,-0,-0,1,1,1,4.18959,0,0.0319589,-0.00287122,-0.830549,-0.428613
3672,1,-0.1,-0,-0,1,1,1,4.18959,-0.00872665,0.00426119,-0.0028644,-0.524973,-0.597803
3673,1,-0.1,-0,-0,1,1,1,4.18959,-0.0122173,0.0138489,-0.00291244,-0.63678,-0.676758
3674,1,-0.1,-0,-0,1,1,1,4.18949,0.0436332,-0.0010653,-0.00290448,-0.471674,-0.462451
3675,1,-0.1,-0,-0,1,1,1,4.18949,0,-0.00639178,-0.00291634,-0.414647,-0.462451
3676,1,-0.1,-0,-0,1,1,1,4.18949,-0.00698132,-0.0170448,-0.00288507,-0.293336,-0.360938
3677,1,-0.1,-0,-0,1,1,1,4.18949,0,-0.0159795,-0.00282906,-0.297662,-0.451172
3678,1,-0.1,-0,-0,1,1,1,4.18959,0,-0.00639178,-0.00284787,-0.405609,-0.496289
3679,1,-0.1,-0,-0,1,1,1,4.18949,0,-0.00745708,-0.00281026,-0.388927,-0.507568
3680,1,-0.1,-0,-0,1,1,1,4.18949,0,0.00532648,-0.00285294,-0.535179,-0.575244
3681,1,-0.1,-0,-0,1,1,1,4.18949,0,-0.0117183,-0.00285969,-0.348579,-0.688037
3682,1,-0.1,-0,-0,1,1,1,4.18949,0.0226893,-0.00958767,-0.00285337,-0.371181,-0.451172
3683,1,-0.1,-0,-0,1,1,1,4.18949,0.00872665,0.00319589,-0.00284441,-0.510617,-0.507568
3684,1,-0.1,-0,-0,1,1,1,4.18949,0,0.0138489,-0.0028698,-0.631151,-0.394775
3685,1,-0.1,-0,-0,1,1,1,4.18949,-0.00523599,-0.010653,-0.00289258,-0.364638,-0.676758
3686,1,-0.1,-0,-0,1,1,1,4.18949,0,0.0010653,-0.00287593,-0.491341,-0.620361
3687,1,-0.1,-0,-0,1,1,1,4.18949,0,0.00532648,-0.00291176,-0.542944,-0.507568
3688,1,-0.1,-0,-0,1,1,1,4.18949,0,0.00958767,-0.00290592,-0.589045,-0.631641
3689,1,-0.1,-0,-0,1,1,1,4.18949,0,0.010653,-0.00292098,-0.602751,-0.428613
3690,1,-0.1,-0,-0,1,1,1,4.18949,0,0.00639178,-0.00291428,-0.554994,-0.541406
3691,1,-0.1,-0,-0,1,1,1,4.18949,0,0.0213059,-0.00292487,-0.720448,-0.507568
3692,1,-0.1,-0,-0,1,1,1,4.18949,0.00872665,-0.0127836,-0.00293321,-0.346564,-0.417334
3693,1,-0.1,-0,-0,1,1,1,4.18949,0.00872665,0.00639178,-0.00295248,-0.560037,-0.654199
3694,1,-0.1,-0,-0,1,1,1,4.1894,0,-0.0138489,-0.00297027,-0.339738,-0.586523
3695,1,-0.1,-0,-0,1,1,1,4.18949,0.0331613,0.00532648,-0.00294254,-0.547006,-0.248145
3696,1,-0.1,-0,-0,1,1,1,4.18949,-0.0226893,0.00745708,-0.00295977,-0.572718,-0.439893
3697,1,-0.1,-0,-0,1,1,1,4.1894,0,0.00745708,-0.00299959,-0.577974,-0.541406
3698,1,-0.1,-0,-0,1,1,1,4.1894,0,-0.0138489,-0.00300802,-0.344721,-0.563965
3699,1,-0.1,-0,-0,1,1,1,4.1894,0,-0.00958767,-0.0029824,-0.388212,-0.563965
3700,1,-0.1,-0,-0,1,1,1,4.18949,0.0244346,-0.00319589,-0.00294231,-0.45323,-0.518848
3701,1,-0.1,-0,-0,1,1,1,4.1894,0,-0.010653,-0.00295744,-0.3732,-0.451172
3702,1,-0.1,-0,-0,1,1,1,4.1894,-0.00872665,0.00639178,-0.0029389,-0.558244,-0.349658
3703,1,-0.1,-0,-0,1,1,1,4.1894,0,-0.00319589,-0.00294464,-0.453537,-0.394775
3704,1,-0.1,-0,-0,1,1,1,4.1894,0,0.00426119,-0.00293557,-0.534369,-0.428613
3705,1,-0.1,-0,-0,1,1,1,4.1894,0,-0.01811,-0.00292057,-0.286305,-0.406055
3706,1,-0.1,-0,-0,1,1,1,4.1894,0,0.00213059,-0.0029288,-0.510039,-0.541406
3707,1,-0.1,-0,-0,1,1,1,4.1894,0,0.0234365,-0.00293985,-0.745862,-0.530127
3708,1,-0.1,-0,-0,1,1,1,4.1894,0,-0.00852238,-0.00293459,-0.39362,-0.518848
3709,1,-0.1,-0,-0,1,1,1,4.1894,0.0122173,-0.0149142,-0.00292429,-0.32195,-0.47373
3710,1,-0.1,-0,-0,1,1,1,4.1894,0,-0.00852238,-0.00289077,-0.387835,-0.349658
3711,1,-0.1,-0,-0,1,1,1,4.1894,0,0.0159795,-0.0028986,-0.658389,-0.64292
3712,1,-0.1,-0,-0,1,1,1,4.1894,0,-0.00958767,-0.00291406,-0.379191,-0.609082
3713,1,-0.1,-0,-0,1,1,1,4.1894,0.00872665,0.00426119,-0.0029376,-0.534636,-0.530127
3714,1,-0.1,-0,-0,1,1,1,4.1894,0.00174533,-0.0010653,-0.00292126,-0.473888,-0.383496
3715,1,-0.1,-0,-0,1,1,1,4.1894,0,0.00852238,-0.00294515,-0.582506,-0.462451
3716,1,-0.1,-0,-0,1,1,1,4.1894,-0.00174533,0.0010653,-0.00295461,-0.501727,-0.654199
3717,1,-0.1,-0,-0,1,1,1,4.1894,0.0122173,-0.0010653,-0.00295711,-0.478621,-0.406055
3718,1,-0.1,-0,-0,1,1,1,4.1894,0.00872665,0.00958767,-0.00294621,-0.594364,-0.406055
3719,1,-0.1,-0,-0,1,1,1,4.1894,-0.0226893,-0.010653,-0.00293977,-0.370867,-0.47373
3720,1,-0.1,-0,-0,1,1,1,4.1894,0.00523599,0.0010653,-0.00298041,-0.505132,-0.451172
3721,1,-0.1,-0,-0,1,1,1,4.1893,0,-0.00639178,-0.00300448,-0.426282,-0.48501
3722,1,-0.1,-0,-0,1,1,1,4.1893,0,1.5003e-18,-0.00302774,-0.499661,-0.417334
3723,1,-0.1,-0,-0,1,1,1,4.1893,0,-0.00745708,-0.00305867,-0.421717,-0.665479
3724,1,-0.1,-0,-0,1,1,1,4.1893,0.0139626,0.0149142,-0.00308147,-0.67081,-0.518848
3725,1,-0.1,-0,-0,1,1,1,4.1893,-0.00523599,0.0255671,-0.00312088,-0.793194,-0.563965
3726,1,-0.1,-0,-0,1,1,1,4.1893,0.00174533,0.0213059,-0.00312485,-0.746845,-0.462451
3727,1,-0.1,-0,-0,1,1,1,4.1893,-0.00872665,0.00319589,-0.00310272,-0.544714,-0.462451
3728,1,-0.1,-0,-0,1,1,1,4.1893,0.00523599,0.00213059,-0.00313316,-0.537014,-0.518848
3729,1,-0.1,-0,-0,1,1,1,4.18921,0.0261799,-0.010653,-0.00308432,-0.389948,-0.507568
3730,1,-0.1,-0,-0,1,1,1,4.1893,0.00872665,-0.00532648,-0.00307,-0.446648,-0.609082
3731,1,-0.1,-0,-0,1,1,1,4.1893,0.020944,-0.0149142,-0.00306485,-0.340504,-0.383496
3732,1,-0.1,-0,-0,1,1,1,4.18921,-0.0191986,-0.00213059,-0.00306625,-0.481309,-0.462451
3733,1,-0.1,-0,-0,1,1,1,4.18921,0,0.00852238,-0.00308722,-0.601259,-0.462451
3734,1,-0.1,-0,-0,1,1,1,4.18921,-0.0226893,0.00213059,-0.00306957,-0.52862,-0.496289
3735,1,-0.1,-0,-0,1,1,1,4.18921,-0.00349066,-0.0234365,-0.00305952,-0.246054,-0.631641
3736,1,-0.1,-0,-0,1,1,1,4.18921,0.0279253,0.00319589,-0.00307507,-0.541064,-0.620361
3737,1,-0.1,-0,-0,1,1,1,4.18921,0.00349066,0.00426119,-0.00305426,-0.550035,-0.530127
3738,1,-0.1,-0,-0,1,1,1,4.18921,-0.0122173,0.00213059,-0.00305755,-0.527033,-0.563965
3739,1,-0.1,-0,-0,1,1,1,4.18921,0,-0.0117183,-0.00308023,-0.37769,-0.676758
3740,1,-0.1,-0,-0,1,1,1,4.18921,0,-0.00213059,-0.00304878,-0.479002,-0.575244
3741,1,-0.1,-0,-0,1,1,1,4.18921,0,0.0117183,-0.00303465,-0.629474,-0.541406
3742,1,-0.1,-0,-0,1,1,1,4.18921,0,0.00852238,-0.00305314,-0.596761,-0.507568
3743,1,-0.1,-0,-0,1,1,1,4.18921,-0.00872665,0.0149142,-0.00307633,-0.670132,-0.428613
3744,1,-0.1,-0,-0,1,1,1,4.18921,-0.00349066,0.0159795,-0.00311825,-0.687382,-0.733154
3745,1,-0.1,-0,-0,1,1,1,4.18911,0,0.00852238,-0.00312438,-0.606164,-0.552686
3746,1,-0.1,-0,-0,1,1,1,4.18921,0,-0.00213059,-0.0031241,-0.488945,-0.439893
3747,1,-0.1,-0,-0,1,1,1,4.18921,0,-0.00532648,-0.00310748,-0.451596,-0.462451
3748,1,-0.1,-0,-0,1,1,1,4.18921,0,-0.00319589,-0.00311145,-0.475557,-0.406055
3749,1,-0.1,-0,-0,1,1,1,4.18921,-0.00174533,0.00319589,-0.00315719,-0.551903,-0.575244
3750,1,-0.1,-0,-0,1,1,1,4.18911,0,-0.00745708,-0.00317022,-0.436441,-0.631641
3751,1,-0.1,-0,-0,1,1,1,4.18911,0,0.010653,-0.00318929,-0.638169,-0.586523
3752,1,-0.1,-0,-0,1,1,1,4.18911,0,0.00639178,-0.00318616,-0.590883,-0.47373
3753,1,-0.1,-0,-0,1,1,1,4.18911,0,0.0010653,-0.00317204,-0.530428,-0.699316
3754,1,-0.1,-0,-0,1,1,1,4.18911,0.00872665,-0.0202406,-0.00314961,-0.293102,-0.428613
3755,1,-0.1,-0,-0,1,1,1,4.18921,0.0174533,0.00639178,-0.00315674,-0.586999,-0.48501
3756,1,-0.1,-0,-0,1,1,1,4.18911,-0.00698132,-0.00319589,-0.00315592,-0.481426,-0.699316
3757,1,-0.1,-0,-0,1,1,1,4.18911,0,0.0213059,-0.00319312,-0.755857,-0.586523
3758,1,-0.1,-0,-0,1,1,1,4.18911,0.00174533,0.00319589,-0.0031892,-0.55613,-0.507568
3759,1,-0.1,-0,-0,1,1,1,4.18911,0,2.60922e-19,-0.00320397,-0.522924,-0.530127
3760,1,-0.1,-0,-0,1,1,1,4.18911,0,-0.00426119,-0.00318819,-0.473968,-0.451172
3761,1,-0.1,-0,-0,1,1,1,4.18911,0,0.00958767,-0.00319724,-0.6275,-0.518848
3762,1,-0.1,-0,-0,1,1,1,4.18911,0,0.01811,-0.00321302,-0.72333,-0.507568
3763,1,-0.1,-0,-0,1,1,1,4.18911,-0.00349066,-0.00319589,-0.00322709,-0.490822,-0.575244
3764,1,-0.1,-0,-0,1,1,1,4.18911,-0.00872665,-0.01811,-0.00322426,-0.326391,-0.597803
3765,1,-0.1,-0,-0,1,1,1,4.18911,0.00872665,-0.0127836,-0.0032517,-0.388605,-0.64292
3766,1,-0.1,-0,-0,1,1,1,4.18901,0,-0.0149142,-0.0032491,-0.364825,-0.496289
3767,1,-0.1,-0,-0,1,1,1,4.18901,0,0.010653,-0.00323059,-0.643621,-0.428613
3768,1,-0.1,-0,-0,1,1,1,4.18911,0.0191986,0.0159795,-0.0032585,-0.705896,-0.3271
3769,1,-0.1,-0,-0,1,1,1,4.18901,0,-0.0149142,-0.00322382,-0.361489,-0.428613
3770,1,-0.1,-0,-0,1,1,1,4.18911,0,-0.0010653,-0.00323251,-0.514972,-0.417334
3771,1,-0.1,-0,-0,1,1,1,4.18901,0,0.0010653,-0.00325854,-0.541846,-0.496289
3772,1,-0.1,-0,-0,1,1,1,4.18901,-0.0122173,0.010653,-0.00325344,-0.646636,-0.439893
3773,1,-0.1,-0,-0,1,1,1,4.18901,-0.0261799,-0.00958767,-0.00324748,-0.423202,-0.518848
3774,1,-0.1,-0,-0,1,1,1,4.18901,0.0139626,-0.00319589,-0.00322497,-0.490541,-0.417334
3775,1,-0.1,-0,-0,1,1,1,4.18901,0,0.00213059,-0.00322888,-0.549649,-0.439893
3776,1,-0.1,-0,-0,1,1,1,4.18901,-0.00872665,-2.02215e-18,-0.00324763,-0.528687,-0.496289
3777,1,-0.1,-0,-0,1,1,1,4.18901,0,0.0117183,-0.0032488,-0.657742,-0.349658
3778,1,-0.0999995,0.000377569,0.18734,1,1,1,4.18901,-0.0279253,0.0149142,-0.00324974,-0.661815,-0.575244
3779,1,-0.0999943,0.00187403,0.408887,1,1,1,4.18901,0,0.00319589,-0.00325398,-0.483649,-0.552686
3780,1,-0.099979,0.00444313,0.616532,1,1,1,4.18901,0,0.010653,-0.00326075,-0.505519,-0.451172
3781,1,-0.0999482,0.008017,0.810617,1,1,1,4.18901,0,-0.00958767,-0.00326452,-0.211874,-0.462451
3782,1,-0.0998972,0.012527,0.991359,1,1,1,4.18901,0,-0.010653,-0.00320547,-0.111237,-0.293262
3783,1,-0.0998215,0.017908,1.15909,1,1,1,4.18911,0.0174533,0.0159795,-0.00316532,-0.308897,-0.383496
3784,1,-0.0997168,0.0240974,1.31413,1,1,1,4.18911,0,0.01811,-0.00304326,-0.218077,-0.101514
3785,1,-0.0995793,0.031029,1.45669,1,1,1,4.18921,0,0.00426119,-0.00295084,0.0519701,-0.101514
3786,1,-0.0994054,0.0386434,1.5871,1,1,1,4.1893,0.0174533,0.0127836,-0.00287487,0.0804437,-0.101514
3787,1,-0.0991918,0.0468807,1.70566,1,1,1,4.1893,0.0279253,0.00958767,-0.00270983,0.255639,-0.0338379
3788,1,-0.0989357,0.0556803,1.81262,1,1,1,4.1894,0.020944,0.01811,-0.00253975,0.308183,0.0338379
3789,1,-0.0986342,0.0649881,1.90831,1,1,1,4.18949,0.0174533,-0.00532648,-0.00227611,0.730639,0.124072
3790,1,-0.098285,0.074745,1.99299,1,1,1,4.18969,0.0506145,0.0404813,-0.00199753,0.399247,0.203027
3791,1,-0.0978861,0.084899,2.06695,1,1,1,4.18997,0.0488692,0.0202406,-0.00168549,0.80174,0.394775
3792,1,-0.0974354,0.0953977,2.1305,1,1,1,4.19045,0.151844,0.0340895,-0.00138216,0.831835,0.439893
3793,1,-0.0969316,0.106188,2.1839,1,1,1,4.19218,0.319395,0.0266324,-0.00101499,1.10819,0.981299
3794,1,-0.0963731,0.117222,2.22746,1,1,1,4.19266,0.00349066,0.0639178,-0.000672268,0.891499,1.20688
3795,1,-0.095759,0.128447,2.26145,1,1,1,4.19266,0.0383972,0.0948114,-0.000503866,0.719961,0.755713
3796,1,-0.0950885,0.139819,2.28617,1,1,1,4.19285,0.0959931,0.100138,-0.000294336,0.835844,0.778271
3797,1,-0.0943607,0.151293,2.3019,1,1,1,4.19381,0.158825,0.123574,-0.000116637,0.748389,0.868506
3798,1,-0.0935754,0.162825,2.30894,1,1,1,4.19419,0.0663225,0.151272,-3.84517e-05,0.598615,0.676758
3799,1,-0.0927324,0.174369,2.30756,1,1,1,4.19477,0.13439,0.133162,7.26862e-05,0.956075,0.620361
3800,1,-0.0918318,0.185886,2.29807,1,1,1,4.19563,0.256563,0.154468,0.000263414,0.891444,0.845947
3801,1,-0.0908736,0.197337,2.28074,1,1,1,4.19678,0.113446,0.154468,0.000398426,1.05072,0.857227
3802,1,-0.0898586,0.208681,2.25587,1,1,1,4.19735,0.15708,0.202406,0.000439418,0.667048,0.823389
3803,1,-0.0887872,0.219882,2.22373,1,1,1,4.19841,0.179769,0.216255,0.000530614,0.662154,0.721875
3804,1,-0.0876601,0.230906,2.18463,1,1,1,4.19927,0.223402,0.218386,0.000646809,0.786941,0.733154
3805,1,-0.0864783,0.241719,2.13884,1,1,1,4.2009,0.247837,0.225843,0.000751887,0.848363,1.00386
3806,1,-0.0852434,0.252283,2.08667,1,1,1,4.20167,0.172788,0.265259,0.00075144,0.538457,0.80083
3807,1,-0.083956,0.262574,2.02838,1,1,1,4.20282,0.261799,0.231169,0.00081326,1.04148,0.64292
3808,1,-0.082618,0.272559,1.96428,1,1,1,4.20445,0.42586,0.252475,0.000847963,0.927364,0.812109
3809,1,-0.081231,0.282208,1.89465,1,1,1,4.20598,0.218166,0.28763,0.000865118,0.653463,0.891064
3810,1,-0.0797965,0.291497,1.81978,1,1,1,4.20713,0.305433,0.304675,0.0008144,0.562982,0.676758
3811,1,-0.0783168,0.300397,1.73996,1,1,1,4.20876,0.296706,0.32172,0.000737338,0.46282,0.620361
3812,1,-0.0767933,0.308888,1.65546,1,1,1,4.20991,0.263545,0.313197,0.000750817,0.651538,0.530127
3813,1,-0.0752286,0.316945,1.5666,1,1,1,4.21202,0.366519,0.333438,0.000703994,0.509449,0.609082
3814,1,-0.0736247,0.324547,1.47364,1,1,1,4.21337,0.287979,0.34196,0.000608965,0.482461,0.654199
3815,1,-0.071984,0.331674,1.37688,1,1,1,4.21509,0.305433,0.351548,0.000546717,0.441951,0.620361
3816,1,-0.0703085,0.338311,1.27659,1,1,1,4.21653,0.363028,0.338764,0.00050661,0.643677,0.575244
3817,1,-0.0686015,0.344436,1.17309,1,1,1,4.21854,0.340339,0.334503,0.000541555,0.756869,0.676758
3818,1,-0.0668652,0.350036,1.06666,1,1,1,4.21998,0.389208,0.354744,0.000545883,0.589284,0.631641
3819,1,-0.0651023,0.355097,0.957578,1,1,1,4.22209,0.335103,0.351548,0.000599978,0.679674,0.857227
3820,1,-0.0633151,0.359608,0.846119,1,1,1,4.22362,0.378736,0.337699,0.000658631,0.881035,0.879785
3821,1,-0.0615069,0.363556,0.732592,1,1,1,4.22564,0.289725,0.35794,0.000671918,0.693968,0.620361
3822,1,-0.0596806,0.366931,0.617294,1,1,1,4.22679,0.34383,0.352613,0.000693956,0.781371,0.609082
3823,1,-0.0578385,0.369726,0.500474,1,1,1,4.22919,0.417134,0.380311,0.000700478,0.496374,0.654199
3824,1,-0.0559842,0.371934,0.382464,1,1,1,4.23081,0.390954,0.353679,0.000759609,0.80899,0.688037
3825,1,-0.0541204,0.373549,0.263532,1,1,1,4.23292,0.335103,0.379246,0.000807244,0.538924,0.699316
3826,1,-0.0522498,0.374568,0.143958,1,1,1,4.23427,0.333358,0.363266,0.000846843,0.716816,0.631641
3827,1,-0.0503756,0.374988,0.0240385,1,1,1,4.23666,0.39968,0.355809,0.000904799,0.796443,0.845947
3828,1,-0.048501,0.374808,-0.0959266,1,1,1,4.2381,0.333358,0.369658,0.0009157,0.627601,0.823389
3829,1,-0.0466286,0.374029,-0.215679,1,1,1,4.24011,0.331613,0.380311,0.000932436,0.487264,0.665479
3830,1,-0.0447618,0.372652,-0.334895,1,1,1,4.24146,0.34383,0.373919,0.00090811,0.520614,0.48501
3831,1,-0.0429031,0.370681,-0.453324,1,1,1,4.24366,0.383972,0.37605,0.000946258,0.462764,0.665479
3832,1,-0.0410557,0.368121,-0.570655,1,1,1,4.24529,0.366519,0.352613,0.00102125,0.684212,0.609082
3833,1,-0.0392228,0.364977,-0.686592,1,1,1,4.2475,0.363028,0.353679,0.00107179,0.625939,0.597803
3834,1,-0.037407,0.361258,-0.800866,1,1,1,4.24874,0.296706,0.350483,0.00113872,0.610287,0.48501
3835,1,-0.035611,0.356971,-0.913193,1,1,1,4.25114,0.385718,0.372854,0.00115392,0.299527,0.586523
3836,1,-0.0338382,0.35213,-1.02325,1,1,1,4.25239,0.305433,0.359005,0.00109849,0.36941,0.462451
3837,1,-0.0320907,0.346743,-1.13079,1,1,1,4.2543,0.350811,0.348352,0.00106608,0.400978,0.372217
3838,1,-0.0303715,0.340826,-1.23551,1,1,1,4.25574,0.361283,0.355809,0.00106341,0.232091,0.3271
3839,1,-0.0286834,0.334394,-1.3371,1,1,1,4.25804,0.333358,0.362201,0.00102787,0.063826,0.372217
3840,1,-0.0270286,0.327461,-1.4353,1,1,1,4.25919,0.282743,0.338764,0.000987292,0.216908,0.293262
3841,1,-0.0254096,0.320047,-1.52982,1,1,1,4.26121,0.347321,0.327046,0.000944956,0.235432,0.281982
3842,1,-0.0238289,0.31217,-1.62036,1,1,1,4.26245,0.272271,0.333438,0.000833957,0.0393337,0.146631
3843,1,-0.0222886,0.30385,-1.70664,1,1,1,4.26399,0.274017,0.317458,0.000797568,0.0955234,0.112793
3844,1,-0.0207911,0.295111,-1.78837,1,1,1,4.26523,0.296706,0.295087,0.000743096,0.2148,0.0902344
3845,1,-0.0193383,0.285975,-1.86526,1,1,1,4.26677,0.254818,0.28763,0.000726622,0.171759,0.281982
3846,1,-0.0179319,0.276467,-1.93703,1,1,1,4.26773,0.225147,0.278043,0.000736298,0.152138,0.214307
3847,1,-0.0165741,0.266613,-2.00338,1,1,1,4.26907,0.214675,0.260998,0.000765184,0.213724,0.259424
3848,1,-0.0152663,0.256442,-2.06403,1,1,1,4.26993,0.195477,0.254606,0.000812842,0.158419,0.259424
3849,1,-0.0140101,0.245983,-2.11869,1,1,1,4.27108,0.205949,0.222647,0.000897132,0.386702,0.293262
3850,1,-0.012807,0.235266,-2.16707,1,1,1,4.27204,0.235619,0.208798,0.00101165,0.418626,0.304541
3851,1,-0.0116578,0.224323,-2.20889,1,1,1,4.27367,0.284489,0.205602,0.00113773,0.333413,0.360938
3852,1,-0.010564,0.213189,-2.24384,1,1,1,4.27482,0.305433,0.17897,0.00129332,0.509125,0.439893
3853,1,-0.00952612,0.201895,-2.27167,1,1,1,4.27635,0.122173,0.182166,0.00140805,0.350045,0.428613
3854,1,-0.00854518,0.190484,-2.29205,1,1,1,4.27664,0.0925025,0.183231,0.00146496,0.205519,0.406055
3855,1,-0.00762154,0.178989,-2.30472,1,1,1,4.27741,0.151844,0.16299,0.00156079,0.300901,0.203027
3856,1,-0.00675549,0.167451,-2.30938,1,1,1,4.27808,0.176278,0.156599,0.00172312,0.255014,0.191748
3857,1,-0.005947,0.155909,-2.30575,1,1,1,4.27923,0.129154,0.128901,0.00184936,0.439031,0.349658
3858,1,-0.00519624,0.144407,-2.29354,1,1,1,4.27952,0.0610865,0.123574,0.00196054,0.376682,0.417334
3859,1,-0.00450285,0.132989,-2.27245,1,1,1,4.28019,0.13439,0.115052,0.00207694,0.352906,0.47373
3860,1,-0.00386616,0.121698,-2.24221,1,1,1,4.28077,0.111701,0.101203,0.0021843,0.389137,0.293262
3861,1,-0.00328553,0.110582,-2.20252,1,1,1,4.28115,0.0680678,0.0798973,0.00230846,0.513685,0.372217
3862,1,-0.00275995,0.0996885,-2.1531,1,1,1,4.28163,0.146608,0.0713749,0.00242484,0.500744,0.518848
3863,1,-0.00228821,0.0890679,-2.09365,1,1,1,4.2822,0.0698132,0.0809626,0.00253596,0.293084,0.507568
3864,1,-0.00186876,0.0787697,-2.0239,1,1,1,4.28249,0.0471239,0.0809626,0.00259864,0.188772,0.428613
3865,1,-0.00149987,0.0688461,-1.94354,1,1,1,4.28259,0.00872665,0.0628525,0.00266652,0.290601,0.293262
3866,1,-0.00117956,0.0593517,-1.8523,1,1,1,4.28297,0.10472,0.0468731,0.00271178,0.372455,0.135352
3867,1,-0.000905551,0.0503419,-1.74989,1,1,1,4.28335,0.0418879,0.039416,0.00275766,0.368164,0.304541
3868,1,-0.000675234,0.0418715,-1.636,1,1,1,4.28345,0.0191986,0.0266324,0.00278582,0.428085,0.360938
3869,1,-0.000485819,0.0340008,-1.51037,1,1,1,4.28355,0.0366519,0.01811,0.0028034,0.448885,0.236865
3870,1,-0.00033414,0.0267884,-1.37271,1,1,1,4.28374,0.0558505,0.0362201,0.002801,0.18375,0.259424
3871,1,-0.00021675,0.0202949,-1.22273,1,1,1,4.28374,-0.00872665,0.0245018,0.00283768,0.262751,0.293262
3872,1,-0.000129887,0.0145819,-1.0601,1,1,1,4.28393,0.0349066,0.00958767,0.00286648,0.387274,0.293262
3873,1,-6.95121e-05,0.00971482,-0.884598,1,1,1,4.28393,0,-0.0149142,0.00290649,0.630869,0.349658
3874,1,-3.12236e-05,0.00575809,-0.695902,1,1,1,4.28393,0,-0.00745708,0.00291101,0.531385,0.259424
3875,1,-1.03044e-05,0.00277846,-0.493733,1,1,1,4.28402,0.0174533,-0.0149142,0.00291498,0.609614,0.394775
3876,1,-1.69872e-06,0.000843941,-0.277804,1,1,1,4.28402,0.0349066,-0.00958767,0.00291627,0.561415,0.48501
3877,1,-8.02467e-09,2.40011e-05,-0.0478087,1,1,1,4.28402,0,-0.0138489,0.00293011,0.63263,0.417334
3878,1,0,0,0,1,1,1,4.28402,0,-0.0117183,0.00291948,0.614272,0.48501
3879,1,0,0,0,1,1,1,4.28402,0,0.0127836,0.00291648,0.344356,0.428613
3880,1,0,0,0,1,1,1,4.28402,0,0.00745708,0.00288409,0.398673,0.428613
3881,1,0,0,0,1,1,1,4.28402,0,-0.0117183,0.00289682,0.611281,0.507568
3882,1,0,0,0,1,1,1,4.28412,0.0261799,0.00532648,0.00290425,0.424769,0.64292
3883,1,0,0,0,1,1,1,4.28412,0,-0.00745708,0.00288744,0.56317,0.47373
3884,1,0,0,0,1,1,1,4.28412,0,-0.00319589,0.00288073,0.515411,0.451172
3885,1,0,0,0,1,1,1,4.28412,0,-0.00426119,0.00286604,0.52519,0.518848
3886,1,0,0,0,1,1,1,4.28412,0,0.0170448,0.00286843,0.29114,0.563965
3887,1,0,0,0,1,1,1,4.28412,-0.0383972,0.00958767,0.00287556,0.374109,0.575244
3888,1,0,0,0,1,1,1,4.28412,0,0.00639178,0.002814,0.401139,0.406055
3889,1,0,0,0,1,1,1,4.28412,0,0.00745708,0.00280073,0.387669,0.48501
3890,1,0,0,0,1,1,1,4.28412,0,-0.0149142,0.00280692,0.63457,0.541406
3891,1,0,0,0,1,1,1,4.28412,0.00872665,0.00213059,0.00278024,0.443555,0.304541
3892,1,0,0,0,1,1,1,4.28412,0,0.010653,0.00273527,0.343872,0.31582
3893,1,0,0,0,1,1,1,4.28412,0,-1.43507e-18,0.00274162,0.461894,0.439893
3894,1,0,0,0,1,1,1,4.28412,0,1.5003e-18,0.00275081,0.463108,0.518848
3895,1,0,0,0,1,1,1,4.28412,0,-7.17537e-19,0.0027142,0.458275,0.48501
3896,1,0,0,0,1,1,1,4.28412,0,-7.82767e-19,0.00271248,0.458048,0.541406
3897,1,0,0,0,1,1,1,4.28412,0,-1.95692e-18,0.00271511,0.458394,0.394775
3898,1,0,0,0,1,1,1,4.28412,0,0.00745708,0.00270185,0.374617,0.406055
3899,1,0,0,0,1,1,1,4.28412,0,-0.00532648,0.00267248,0.511359,0.428613
3900,1,0,0,0,1,1,1,4.28412,0,0.0276977,0.00267692,0.148678,0.530127
3901,1,0,0,0,1,1,1,4.28412,-0.0226893,-0.0117183,0.00269877,0.585139,0.552686
3902,1,0,0,0,1,1,1,4.28422,0.0191986,0.00532648,0.00267162,0.394062,0.462451
3903,1,0,0,0,1,1,1,4.28412,0,0.00745708,0.00263453,0.36573,0.406055
3904,1,0,0,0,1,1,1,4.28412,0,0.0117183,0.00260296,0.31469,0.383496
3905,1,0,0,0,1,1,1,4.28412,0,0.00319589,0.00258505,0.406071,0.372217
3906,1,0,0,0,1,1,1,4.28412,0.00872665,0.00639178,0.00256877,0.368768,0.417334
3907,1,0,0,0,1,1,1,4.28412,0,-0.00745708,0.00254538,0.518018,0.293262
3908,1,0,0,0,1,1,1,4.28412,0.00872665,-0.00319589,0.00253279,0.469483,0.462451
3909,1,0,0,0,1,1,1,4.28412,0,0.0255671,0.00250328,0.149195,0.383496
3910,1,0,0,0,1,1,1,4.28412,0,-0.00213059,0.00248387,0.451307,0.518848
3911,1,0,0,0,1,1,1,4.28412,0,-0.00426119,0.0024876,0.475237,0.417334
3912,1,0,0,0,1,1,1,4.28412,0.00698132,-0.00639178,0.00248503,0.498333,0.48501
3913,1,0,0,0,1,1,1,4.28412,0.010472,0.00639178,0.00247154,0.355934,0.439893
3914,1,0,0,0,1,1,1,4.28412,-0.0314159,0.0149142,0.00244965,0.259298,0.496289
3915,1,0,0,0,1,1,1,4.28412,0,0.00639178,0.00244674,0.35266,0.406055
3916,1,0,0,0,1,1,1,4.28412,0,3.26153e-19,0.00244982,0.423377,0.281982
3917,1,0,0,0,1,1,1,4.28412,0,-0.00639178,0.0024253,0.490449,0.383496
3918,1,0,0,0,1,1,1,4.28412,0,-0.00213059,0.00241008,0.441567,0.31582
3919,1,0,0,0,1,1,1,4.28412,0,0.00852238,0.00239911,0.322936,0.383496
3920,1,0,0,0,1,1,1,4.28412,0,0.0127836,0.00237369,0.272708,0.3271
3921,1,0,0,0,1,1,1,4.28412,0,-0.00639178,0.00233789,0.478911,0.3271
3922,1,0,0,0,1,1,1,4.28412,0,-0.0117183,0.00235383,0.539606,0.530127
3923,1,0,0,0,1,1,1,4.28412,0,0.0117183,0.0023766,0.28481,0.462451
3924,1,0,0,0,1,1,1,4.28412,0,0.00213059,0.00236824,0.389171,0.530127
3925,1,0,0,0,1,1,1,4.28412,0,0.0138489,0.00237029,0.260541,0.124072
3926,1,0,0,0,1,1,1,4.28412,0.0366519,0.00958767,0.00231779,0.300484,0.372217
3927,1,0,0,0,1,1,1,4.28402,0,-0.00745708,0.00234265,0.491258,0.428613
3928,1,0,0,0,1,1,1,4.28412,0,0.00958767,0.00231592,0.300236,0.338379
3929,1,0,0,0,1,1,1,4.28412,0,0.00532648,0.00230325,0.345438,0.417334
3930,1,0,0,0,1,1,1,4.28412,0,0.00213059,0.00230459,0.380769,0.451172
3931,1,0,0,0,1,1,1,4.28412,0,0.00745708,0.00228628,0.319761,0.439893
3932,1,0,0,0,1,1,1,4.28412,0,0.00745708,0.00229491,0.3209,0.451172
3933,1,0,0,0,1,1,1,4.28412,0,0.00213059,0.00226632,0.375717,0.451172
3934,1,0,0,0,1,1,1,4.28412,0,-0.00532648,0.0022824,0.459869,0.496289
3935,1,0,0,0,1,1,1,4.28412,0,0.00426119,0.00228089,0.354205,0.281982
3936,1,0,0,0,1,1,1,4.28412,0,-0.00319589,0.0022761,0.4356,0.451172
3937,1,0,0,0,1,1,1,4.28412,0,-0.010653,0.00226448,0.516094,0.338379
3938,1,0,0,0,1,1,1,4.28412,-0.00872665,-0.0223712,0.00226144,0.644594,0.281982
3939,1,0,0,0,1,1,1,4.28412,0.0226893,0.0127836,0.00226275,0.258064,0.394775
3940,1,0,0,0,1,1,1,4.28412,-0.00872665,-0.0223712,0.00225341,0.643534,0.417334
3941,1,0,0,0,1,1,1,4.28412,0.0244346,-0.0117183,0.00229005,0.531188,0.507568
3942,1,0,0,0,1,1,1,4.28412,-0.00872665,0.0010653,0.00227419,0.388474,0.48501
3943,1,0,0,0,1,1,1,4.28412,0,0.00426119,0.00225463,0.350738,0.428613
3944,1,0,0,0,1,1,1,4.28412,-0.0174533,-0.0010653,0.00225881,0.409881,0.428613
3945,1,0,0,0,1,1,1,4.28412,0,0.0234365,0.00221116,0.134071,0.383496
3946,1,0,0,0,1,1,1,4.28412,-0.0139626,-0.00852238,0.00221159,0.485676,0.304541
3947,1,0,0,0,1,1,1,4.28412,0,0.0010653,0.00219954,0.378622,0.259424
3948,1,0,0,0,1,1,1,4.28412,0,0.00852238,0.00217011,0.292709,0.281982
3949,1,0,0,0,1,1,1,4.28412,0,-0.0213059,0.00216503,0.620149,0.372217
3950,1,0,0,0,1,1,1,4.28412,0,0.00426119,0.00216158,0.338456,0.439893
3951,1,0,0,0,1,1,1,4.28412,0,0.0202406,0.00215465,0.161766,0.360938
3952,1,0,0,0,1,1,1,4.28412,0,-0.00745708,0.0021226,0.462211,0.281982
3953,1,0,0,0,1,1,1,4.28412,0.0139626,0.0191753,0.00212922,0.170128,0.451172
3954,1,0,0,0,1,1,1,4.28402,-0.0349066,0.00852238,0.002115,0.285433,0.338379
3955,1,0,0,0,1,1,1,4.28412,0,-0.00532648,0.00210143,0.43598,0.349658
3956,1,0,0,0,1,1,1,4.28412,0,0.00852238,0.00208275,0.281176,0.372217
3957,1,0,0,0,1,1,1,4.28412,0,-0.0138489,0.00208454,0.527497,0.338379
3958,1,0,0,0,1,1,1,4.28412,0.00872665,0.00958767,0.00205817,0.266214,0.406055
3959,1,0,0,0,1,1,1,4.28402,-0.00174533,-0.00639178,0.00206446,0.442819,0.349658
3960,1,0,0,0,1,1,1,4.28412,0,0.010653,0.0020575,0.254408,0.3271
3961,1,0,0,0,1,1,1,4.28412,0,0.00745708,0.00205168,0.288794,0.428613
3962,1,0,0,0,1,1,1,4.28412,0,0.00319589,0.00207904,0.339278,0.372217
3963,1,0,0,0,1,1,1,4.28412,-0.00174533,-0.00213059,0.00210719,0.401586,0.451172
3964,1,0,0,0,1,1,1,4.28412,0,0.010653,0.00206641,0.255583,0.349658
3965,1,0,0,0,1,1,1,4.28402,0,0.00426119,0.00205734,0.324696,0.31582
3966,1,0,0,0,1,1,1,4.28412,0,0.00426119,0.00205545,0.324446,0.349658
3967,1,0,0,0,1,1,1,4.28412,0,0.010653,0.00205901,0.254607,0.417334
3968,1,0,0,0,1,1,1,4.28412,0.00872665,-0.0010653,0.00200734,0.376687,0.428613
3969,1,0,0,0,1,1,1,4.28402,0,0.00319589,0.00199878,0.328684,0.31582
3970,1,0,0,0,1,1,1,4.28412,0,0.0223712,0.00200062,0.117998,0.293262
3971,1,0,0,0,1,1,1,4.28402,-0.0261799,0.00639178,0.00199694,0.293287,0.214307
3972,1,0,0,0,1,1,1,4.28412,0.0279253,-0.0245018,0.0020249,0.636807,0.372217
3973,1,0,0,0,1,1,1,4.28412,0.0191986,1.30461e-19,0.00202154,0.366843,0.338379
3974,1,0,0,0,1,1,1,4.28412,-0.00872665,0.00639178,0.00202988,0.297635,0.31582
3975,1,0,0,0,1,1,1,4.28412,0,-1.17415e-18,0.00200534,0.364705,0.383496
3976,1,0,0,0,1,1,1,4.28412,0,0.010653,0.00197487,0.2435,0.48501
3977,1,0,0,0,1,1,1,4.28402,-0.00174533,0.0191753,0.00192849,0.143632,0.349658
3978,1,0,0,0,1,1,1,4.28402,0,-0.00532648,0.00192968,0.413309,0.259424
3979,1,0,0,0,1,1,1,4.28412,0.0122173,0.0117183,0.00192582,0.225307,0.406055
3980,1,0,0,0,1,1,1,4.28412,0,-0.00532648,0.00192142,0.412219,0.417334
3981,1,0,0,0,1,1,1,4.28412,0,0.0127836,0.00191405,0.212035,0.281982
3982,1,0,0,0,1,1,1,4.28412,0,0.00639178,0.00187961,0.277799,0.372217
3983,1,0,0,0,1,1,1,4.28402,0,0.00213059,0.00188252,0.325056,0.349658
3984,1,0,0,0,1,1,1,4.28412,0.00872665,-0.0010653,0.00187784,0.359593,0.281982
3985,1,0,0,0,1,1,1,4.28412,0,-0.0010653,0.00186096,0.357365,0.338379
3986,1,0,0,0,1,1,1,4.28402,-0.00872665,-0.0266324,0.00187925,0.641017,0.293262
3987,1,0,0,0,1,1,1,4.28412,0.0226893,0.0234365,0.00185164,0.0866147,0.281982
3988,1,0,0,0,1,1,1,4.28402,-0.00872665,-0.00639178,0.00184856,0.414319,0.31582
3989,1,0,0,0,1,1,1,4.28402,0,0.010653,0.0018348,0.225011,0.270703
3990,1,0,0,0,1,1,1,4.28402,-0.00872665,-0.0308936,0.00183792,0.682435,0.259424
3991,1,0,0,0,1,1,1,4.28412,0.0366519,-0.0010653,0.00183675,0.354169,0.394775
3992,1,0,0,0,1,1,1,4.28402,-0.0279253,7.82767e-19,0.001822,0.340504,0.372217
3993,1,0,0,0,1,1,1,4.28402,0,0.00532648,0.00180139,0.279192,0.236865
3994,1,0,0,0,1,1,1,4.28402,0,-0.00958767,0.00180407,0.443602,0.169189
3995,1,0,0,0,1,1,1,4.28412,0,0.00213059,0.00178561,0.312264,0.236865
3996,1,0,0,0,1,1,1,4.28402,-0.0122173,-0.0276977,0.00179753,0.641949,0.236865
3997,1,0,0,0,1,1,1,4.28412,0.0366519,0.00532648,0.00178738,0.277343,0.360938
3998,1,0,0,0,1,1,1,4.28402,-0.0506145,-3.91384e-19,0.00175278,0.331192,0.31582
3999,1,0,0,0,1,1,1,4.28402,0.00523599,-0.00958767,0.00175831,0.437561,0.31582
4000,1,0,0,0,1,1,1,4.28402,0,-0.00745708,0.00179142,0.418495,0.248145
4001,1,0,0,0,1,1,1,4.28412,0,-0.010653,0.001798,0.454519,0.293262
4002,1,0,0,0,1,1,1,4.28402,0,0.00213059,0.00177665,0.311082,0.394775
4003,1,0,0,0,1,1,1,4.28402,0,-0.00532648,0.00174996,0.389496,0.259424
4004,1,0,0,0,1,1,1,4.28402,0,-0.00213059,0.00178081,0.358504,0.451172
4005,1,0,0,0,1,1,1,4.28402,-0.0226893,-0.0149142,0.00175949,0.496309,0.3271
4006,1,0,0,0,1,1,1,4.28402,0,0.00319589,0.00174856,0.295656,0.270703
4007,1,0,0,0,1,1,1,4.28402,0,-0.00426119,0.00175485,0.378513,0.293262
4008,1,0,0,0,1,1,1,4.28402,0,-0.00745708,0.00174318,0.412128,0.428613
4009,1,0,0,0,1,1,1,4.28402,0,0.0159795,0.00174033,0.15395,0.236865
4010,1,0,0,0,1,1,1,4.28402,0,-0.0127836,0.00171785,0.467376,0.349658
4011,1,0,0,0,1,1,1,4.28402,0.0139626,0.0170448,0.00170213,0.137189,0.349658
4012,1,0,0,0,1,1,1,4.28402,-0.00698132,0.0170448,0.00167929,0.134174,0.236865
4013,1,0,0,0,1,1,1,4.28402,0,-0.0149142,0.00168419,0.486368,0.31582
4014,1,0,0,0,1,1,1,4.28402,0,0.0191753,0.00166209,0.108467,0.383496
4015,1,0,0,0,1,1,1,4.28402,-0.00523599,-0.00426119,0.00167163,0.367528,0.259424
4016,1,0,0,0,1,1,1,4.28402,0.00872665,0.00639178,0.00163866,0.245994,0.169189
4017,1,0,0,0,1,1,1,4.28402,0,0.00639178,0.00165051,0.247558,0.349658
4018,1,0,0,0,1,1,1,4.28402,0,0.0159795,0.001647,0.14163,0.293262
4019,1,0,0,0,1,1,1,4.28402,0,0.00532648,0.00164535,0.258595,0.360938
4020,1,0,0,0,1,1,1,4.28402,0,-0.00426119,0.00163522,0.362722,0.31582
4021,1,0,0,0,1,1,1,4.28402,0.00174533,0.010653,0.00166926,0.20316,0.406055
4022,1,0,0,0,1,1,1,4.28412,0,0.01811,0.00162194,0.114885,0.293262
4023,1,0,0,0,1,1,1,4.28402,0,0.00213059,0.00159957,0.287706,0.3271
4024,1,0,0,0,1,1,1,4.28402,0,0.00958767,0.00157627,0.202603,0.270703
4025,1,0,0,0,1,1,1,4.28402,0,-0.00319589,0.00157158,0.342603,0.304541
4026,1,0,0,0,1,1,1,4.28402,0.00174533,-0.00213059,0.00157684,0.331579,0.372217
4027,1,0,0,0,1,1,1,4.28402,0,-0.010653,0.00158103,0.425878,0.304541
4028,1,0,0,0,1,1,1,4.28402,0,-0.00745708,0.00158608,0.391391,0.349658
4029,1,0,0,0,1,1,1,4.28402,0,0.00213059,0.0015677,0.283499,0.31582
4030,1,0,0,0,1,1,1,4.28402,0,0.0213059,0.00157181,0.0731138,0.31582
4031,1,0,0,0,1,1,1,4.28402,-0.00872665,-0.00426119,0.00155854,0.3526,0.304541
4032,1,0,0,0,1,1,1,4.28402,0,0.0170448,0.00150783,0.111542,0.3271
4033,1,0,0,0,1,1,1,4.28402,0,0.0149142,0.0014897,0.132585,0.31582
4034,1,0,0,0,1,1,1,4.28402,0,0.0170448,0.00147997,0.107864,0.225586
4035,1,0,0,0,1,1,1,4.28402,-0.0122173,-0.00213059,0.00142396,0.311399,0.281982
4036,1,0,0,0,1,1,1,4.28393,0,0.0159795,0.00143525,0.113679,0.225586
4037,1,0,0,0,1,1,1,4.28393,-0.0174533,0.00319589,0.00137393,0.246035,0.169189
4038,1,0,0,0,1,1,1,4.28393,0,-0.0159795,0.00136153,0.455497,0.124072
4039,1,0,0,0,1,1,1,4.28393,0,0.00745708,0.00135963,0.197444,0.304541
4040,1,0,0,0,1,1,1,4.28402,0,0.010653,0.00133357,0.158624,0.304541
4041,1,0,0,0,1,1,1,4.28393,0,-0.0276977,0.00134537,0.582263,0.248145
4042,1,0,0,0,1,1,1,4.28393,0,-0.0138489,0.00135294,0.430926,0.248145
4043,1,0,0,0,1,1,1,4.28393,0,-0.010653,0.00134162,0.394277,0.225586
4044,1,0,0,0,1,1,1,4.28393,0,0.0117183,0.00132187,0.145586,0.248145
4045,1,0,0,0,1,1,1,4.28393,0,0.00532648,0.00129624,0.212203,0.214307
4046,1,0,0,0,1,1,1,4.28393,0,0.0010653,0.00131365,0.261684,0.281982
4047,1,0,0,0,1,1,1,4.28393,0,0.00532648,0.00129944,0.212935,0.214307
4048,1,0,0,0,1,1,1,4.28393,0,0.01811,0.00128676,0.0705298,0.236865
4049,1,0,0,0,1,1,1,4.28402,-0.00698132,-0.0202406,0.00129959,0.494193,0.293262
4050,1,0,0,0,1,1,1,4.28402,0.00872665,-0.00426119,0.00128403,0.316365,0.225586
4051,1,0,0,0,1,1,1,4.28402,0,0.00852238,0.00126992,0.173884,0.259424
4052,1,0,0,0,1,1,1,4.28393,-0.0122173,-0.010653,0.00122192,0.378476,0.203027
4053,1,0,0,0,1,1,1,4.28393,0.00872665,-0.00852238,0.00123338,0.356553,0.225586
4054,1,0,0,0,1,1,1,4.28393,0,0.00532648,0.00123203,0.204036,0.248145
4055,1,0,0,0,1,1,1,4.28393,0,-0.0010653,0.00120225,0.270415,0.124072
4056,1,0,0,0,1,1,1,4.28393,0,-0.00532648,0.00117969,0.31426,0.203027
4057,1,0,0,0,1,1,1,4.28393,0,-0.0010653,0.00117755,0.267154,0.180469
4058,1,0,0,0,1,1,1,4.28393,0,0.00852238,0.00112907,0.154969,0.15791
4059,1,0,0,0,1,1,1,4.28393,0,-0.0191753,0.00111758,0.45845,0.124072
4060,1,0,0,0,1,1,1,4.28393,0,-0.0213059,0.00109028,0.478282,0.124072
4061,1,0,0,0,1,1,1,4.28393,0.00872665,-0.00745708,0.00110052,0.327297,0.169189
4062,1,0,0,0,1,1,1,4.28393,0,0.00852238,0.00107521,0.148038,0.169189
4063,1,0,0,0,1,1,1,4.28393,0,0.00639178,0.00105759,0.169016,0.15791
4064,1,0,0,0,1,1,1,4.28393,0,0.0202406,0.0010592,0.0171673,0.135352
4065,1,0,0,0,1,1,1,4.28393,-0.00872665,-0.0010653,0.00108388,0.254791,0.135352
4066,1,0,0,0,1,1,1,4.28393,0.00872665,-0.00639178,0.00110509,0.316182,0.146631
4067,1,0,0,0,1,1,1,4.28393,0,0.00852238,0.00106754,0.146882,0.293262
4068,1,0,0,0,1,1,1,4.28393,-0.0139626,-0.0138489,0.0010666,0.393128,0.112793
4069,1,0,0,0,1,1,1,4.28393,0,-0.00958767,0.00107584,0.347476,0.31582
4070,1,0,0,0,1,1,1,4.28393,0,0.00426119,0.00110159,0.198537,0.293262
4071,1,0,0,0,1,1,1,4.28393,0,-0.00319589,0.00112784,0.28403,0.248145
4072,1,0,0,0,1,1,1,4.28402,0.00872665,0.00213059,0.0010787,0.218649,0.281982
4073,1,0,0,0,1,1,1,4.28393,0,0.010653,0.00107653,0.124819,0.338379
4074,1,0,0,0,1,1,1,4.28393,-0.00698132,0.00852238,0.00108463,0.149425,0.180469
4075,1,0,0,0,1,1,1,4.28393,0,-0.00958767,0.00110567,0.351413,0.281982
4076,1,0,0,0,1,1,1,4.28393,0,-0.00213059,0.00112871,0.272426,0.293262
4077,1,0,0,0,1,1,1,4.28393,0,-0.0010653,0.00113461,0.261487,0.360938
