index,/gimbal/yaw_sweep/active,/gimbal/yaw_sweep/target_offset,/gimbal/yaw_sweep/reference_velocity,/gimbal/yaw_sweep/reference_acceleration,/gimbal/yaw_sweep/feedforward_scale,/gimbal/yaw_sweep/remote_ready,/gimbal/yaw_sweep/right_switch,/gimbal/yaw/angle,/gimbal/yaw/velocity,/gimbal/yaw/velocity_imu,/gimbal/yaw/control_angle_error,/gimbal/yaw/control_torque,/gimbal/yaw/torque
1029,1,0,0,0,1,1,1,4.24194,0,-0.0117183,3.35296e-19,0.0289009,-0.462451
1030,1,0,0,0,1,1,1,4.24194,0,0.0223712,-5.57062e-05,-0.353437,-0.248145
1031,1,0,0,0,1,1,1,4.24203,-0.015708,-0.0010653,-4.16564e-05,-0.0931416,-0.15791
1032,1,0,0,0,1,1,1,4.24213,0.0244346,0.01811,-1.65371e-05,-0.299744,-0.0789551
1033,1,0,0,0,1,1,1,4.24213,-0.0122173,-0.00319589,-2.88734e-05,-0.0675005,-0.0902344
1034,1,0,0,0,1,1,1,4.24213,0.00872665,0.00319589,-4.6339e-05,-0.140737,-0.112793
1035,1,0,0,0,1,1,1,4.24213,-0.00872665,0.0159795,-0.000119096,-0.291495,-0.214307
1036,1,0,0,0,1,1,1,4.24213,-0.0174533,-0.0010653,-0.000135158,-0.106123,-0.236865
1037,1,0,0,0,1,1,1,4.24213,0.00523599,0.010653,-0.000159376,-0.23822,-0.191748
1038,1,0,0,0,1,1,1,4.24213,0,-0.0010653,-0.000149557,-0.107805,-0.180469
1039,1,0,0,0,1,1,1,4.24213,0,-0.01811,-0.000144448,0.0801434,-0.135352
1040,1,0,0,0,1,1,1,4.24213,0,0.00532648,-0.000102084,-0.170811,-0.135352
1041,1,0,0,0,1,1,1,4.24222,0,0.00532648,-0.000125301,-0.174432,-0.135352
1042,1,0,0,0,1,1,1,4.24222,0,0.0010653,-0.000168162,-0.133916,-0.180469
1043,1,0,0,0,1,1,1,4.24222,0,0.00213059,-0.000164787,-0.145188,-0.135352
1044,1,0,0,0,1,1,1,4.24222,0,0.00213059,-0.000193942,-0.149037,-0.169189
1045,1,0,0,0,1,1,1,4.24222,0,-0.00745708,-0.000181532,-0.0419344,-0.112793
1046,1,0,0,0,1,1,1,4.24222,0,-0.0202406,-0.00011976,0.107673,-0.15791
1047,1,0,0,0,1,1,1,4.24222,0,0.00745708,-0.000113852,-0.195888,-0.146631
1048,1,0,0,0,1,1,1,4.24222,0,0.0010653,-0.000146326,-0.13087,-0.180469
1049,1,0,0,0,1,1,1,4.24222,0,0.0191753,-0.00018754,-0.335684,-0.225586
1050,1,0,0,0,1,1,1,4.24222,0,0.010653,-0.000241657,-0.248924,-0.225586
1051,1,0,0,0,1,1,1,4.24222,0,-0.0170448,-0.000228143,0.0573774,-0.180469
1052,1,0,0,0,1,1,1,4.24222,0,-0.0223712,-0.000206882,0.118944,-0.0563965
1053,1,0,0,0,1,1,1,4.24222,0,-0.00639178,-0.000247164,-0.062316,-0.191748
1054,1,0,0,0,1,1,1,4.24222,0,-0.0127836,-0.000241234,0.00877633,-0.15791
1055,1,0,0,0,1,1,1,4.24222,0,0.00213059,-0.000260345,-0.157674,-0.203027
1056,1,0,0,0,1,1,1,4.24222,0,0.00426119,-0.000293349,-0.185595,-0.180469
1057,1,0,0,0,1,1,1,4.24222,0,-0.00426119,-0.000285233,-0.0906474,-0.112793
1058,1,0,0,0,1,1,1,4.24222,0,-0.00532648,-0.000285824,-0.0789318,-0.180469
1059,1,0,0,0,1,1,1,4.24222,0,0.00639178,-0.000264023,-0.20474,-0.112793
1060,1,0,0,0,1,1,1,4.24222,0,-0.0159795,-0.000246841,0.0435312,-0.146631
1061,1,0,0,0,1,1,1,4.24222,0.0122173,0.0191753,-0.000304896,-0.351175,-0.0789551
1062,1,0,0,0,1,1,1,4.24222,-0.00523599,-0.00426119,-0.000337733,-0.0977077,-0.0789551
1063,1,0,0,0,1,1,1,4.24222,0,0.0010653,-0.000331169,-0.155418,-0.124072
1064,1,0,0,0,1,1,1,4.24222,0,-0.0149142,-0.000314219,0.0225788,-0.0676758
1065,1,0,0,0,1,1,1,4.24222,0,-0.0159795,-0.000297738,0.0364726,-0.101514
1066,1,0,0,0,1,1,1,4.24222,0,0.00639178,-0.000281599,-0.206796,-0.0789551
1067,1,0,0,0,1,1,1,4.24222,0,-0.00319589,-0.000285987,-0.102452,-0.0789551
1068,1,0,0,0,1,1,1,4.24222,0,0.0138489,-0.000338613,-0.297034,-0.135352
1069,1,0,0,0,1,1,1,4.24222,0,0.010653,-0.000353179,-0.263802,-0.146631
1070,1,0,0,0,1,1,1,4.24222,0,0.00213059,-0.000346937,-0.169071,-0.135352
1071,1,0,0,0,1,1,1,4.24222,0,-0.00532648,-0.000331744,-0.0851299,-0.169189
1072,1,0,0,0,1,1,1,4.24222,0,0.0117183,-0.000314892,-0.270188,-0.112793
1073,1,0,0,0,1,1,1,4.24222,0,0.0213059,-0.000348573,-0.380377,-0.15791
1074,1,0,0,0,1,1,1,4.24222,0,-0.0213059,-0.000352613,0.0878205,-0.15791
1075,1,0,0,0,1,1,1,4.24222,0,-0.00745708,-0.000335542,-0.062212,-0.169189
1076,1,0,0,0,1,1,1,4.24222,0,-0.00852238,-0.000347361,-0.0521055,-0.124072
1077,1,0,0,0,1,1,1,4.24222,0,0.0117183,-0.000321244,-0.270986,-0.135352
1078,1,0,0,0,1,1,1,4.24222,0,-0.0117183,-0.000325883,-0.0140359,-0.180469
1079,1,0,0,0,1,1,1,4.24222,0.00872665,-0.010653,-0.000312975,-0.0240795,-0.135352
1080,1,0,0,0,1,1,1,4.24222,0,0.0191753,-0.000291182,-0.348858,-0.0563965
1081,1,0,0,0,1,1,1,4.24222,-0.00872665,-0.00213059,-0.000302353,-0.116441,-0.146631
1082,1,0,0,0,1,1,1,4.24222,0,0.00639178,-0.000348407,-0.216299,-0.180469
1083,1,0,0,0,1,1,1,4.24222,0,-0.00745708,-0.000313173,-0.0591125,-0.180469
1084,1,0,0,0,1,1,1,4.24222,0,-0.010653,-0.00028212,-0.0197262,-0.0789551
1085,1,0,0,0,1,1,1,4.24222,0,0.00426119,-0.000306972,-0.187281,-0.135352
1086,1,0,0,0,1,1,1,4.24222,0,0.0127836,-0.000314278,-0.282017,-0.124072
1087,1,0,0,0,1,1,1,4.24222,0,-0.0245018,-0.000306573,0.129052,-0.112793
1088,1,0,0,0,1,1,1,4.24222,0,0.0117183,-0.000310329,-0.269573,-0.135352
1089,1,0,0,0,1,1,1,4.24222,0,0.01811,-0.00033213,-0.343052,-0.101514
1090,1,0,0,0,1,1,1,4.24222,0,0.00532648,-0.000356772,-0.205536,-0.214307
1091,1,0,0,0,1,1,1,4.24222,0,0.00319589,-0.000362611,-0.182895,-0.15791
1092,1,0,0,0,1,1,1,4.24222,0,-0.010653,-0.000394471,-0.0348874,-0.214307
1093,1,0,0,0,1,1,1,4.24213,0,0.00213059,-0.000367344,-0.171489,-0.236865
1094,1,0,0,0,1,1,1,4.24222,0,-0.0138489,-0.000384851,0.00153716,-0.135352
1095,1,0,0,0,1,1,1,4.24222,0,0.0149142,-0.000356346,-0.310233,-0.0902344
1096,1,0,0,0,1,1,1,4.24222,0,-0.00213059,-0.000397326,-0.12901,-0.259424
1097,1,0,0,0,1,1,1,4.24222,0.00349066,0.00213059,-0.000421487,-0.179073,-0.135352
1098,1,0,0,0,1,1,1,4.24222,0,-0.0117183,-0.000451366,-0.0304714,-0.191748
1099,1,0,0,0,1,1,1,4.24213,0,0.0117183,-0.000476888,-0.291835,-0.304541
1100,1,0,0,0,1,1,1,4.24213,0,0.00532648,-0.000490291,-0.22331,-0.259424
1101,1,0,0,0,1,1,1,4.24213,0,0.00639178,-0.000475984,-0.233139,-0.15791
1102,1,0,0,0,1,1,1,4.24222,0,0.0010653,-0.000454069,-0.171362,-0.146631
1103,1,0,0,0,1,1,1,4.24222,0,0.00426119,-0.000475645,-0.209535,-0.135352
1104,1,0,0,0,1,1,1,4.24222,0,0.00213059,-0.000475892,-0.186254,-0.135352
1105,1,0,0,0,1,1,1,4.24222,0,0.00532648,-0.000458478,-0.21911,-0.236865
1106,1,0,0,0,1,1,1,4.24222,0,-0.0138489,-0.000475086,-0.0103739,-0.191748
1107,1,0,0,0,1,1,1,4.24222,0,-0.0202406,-0.000436877,0.065351,-0.180469
1108,1,0,0,0,1,1,1,4.24222,0,-0.00426119,-0.000430904,-0.109661,-0.248145
1109,1,0,0,0,1,1,1,4.24222,0,-0.00426119,-0.000442315,-0.111513,-0.112793
1110,1,0,0,0,1,1,1,4.24222,0,7.17537e-19,-0.000437912,-0.157804,-0.15791
1111,1,0,0,0,1,1,1,4.24222,0,-0.00213059,-0.000434217,-0.133624,-0.259424
1112,1,0,0,0,1,1,1,4.24222,0,-0.0213059,-0.000412831,0.0802203,-0.248145
1113,1,0,0,0,1,1,1,4.24222,0.00698132,-0.00426119,-0.000380627,-0.102659,-0.0902344
1114,1,0,0,0,1,1,1,4.24222,0,-0.00958767,-0.000370838,-0.0430392,-0.124072
1115,1,0,0,0,1,1,1,4.24222,0,-0.00426119,-0.000413079,-0.107653,-0.180469
1116,1,0,0,0,1,1,1,4.24222,-0.00174533,-0.00852238,-0.000398767,-0.0586922,-0.124072
1117,1,0,0,0,1,1,1,4.24222,0,-0.00319589,-0.00043492,-0.122255,-0.146631
1118,1,0,0,0,1,1,1,4.24222,0,-0.00213059,-0.000443009,-0.135041,-0.169189
1119,1,0,0,0,1,1,1,4.24222,0,0.010653,-0.000435218,-0.274631,-0.15791
1120,1,0,0,0,1,1,1,4.24222,0,0.00319589,-0.000418373,-0.190158,-0.124072
1121,1,0,0,0,1,1,1,4.24222,0,-0.0170448,-0.000430496,0.0306668,-0.15791
1122,1,0,0,0,1,1,1,4.24222,0,-0.0159795,-0.000424785,0.0197024,-0.0789551
1123,1,0,0,0,1,1,1,4.24222,0,-0.0159795,-0.000423208,0.0199106,-0.135352
1124,1,0,0,0,1,1,1,4.24222,0,0.0117183,-0.000452742,-0.288663,-0.191748
1125,1,0,0,0,1,1,1,4.24222,0,0.00426119,-0.000448056,-0.205826,-0.112793
1126,1,0,0,0,1,1,1,4.24222,0,-0.00958767,-0.00046544,-0.0559737,-0.112793
1127,1,0,0,0,1,1,1,4.24222,0,0.010653,-0.000504804,-0.283817,-0.191748
1128,1,0,0,0,1,1,1,4.24222,0,-0.0117183,-0.000504262,-0.0376617,-0.15791
1129,1,0,0,0,1,1,1,4.24222,0,0.00426119,-0.000516789,-0.214851,-0.203027
1130,1,0,0,0,1,1,1,4.24222,0,0.00639178,-0.000533194,-0.240668,-0.135352
1131,1,0,0,0,1,1,1,4.24222,0,-0.010653,-0.000529016,-0.0525855,-0.225586
1132,1,0,0,0,1,1,1,4.24222,0,-0.010653,-0.000513349,-0.0502372,-0.225586
1133,1,0,0,0,1,1,1,4.24222,0.00872665,0.0191753,-0.000540042,-0.382214,-0.124072
1134,1,0,0,0,1,1,1,4.24213,-0.0174533,-0.0138489,-0.000526556,-0.0169149,-0.225586
1135,1,0,0,0,1,1,1,4.24222,0,-0.0138489,-0.000550971,-0.0203906,-0.169189
1136,1,0,0,0,1,1,1,4.24222,0,0.00852238,-0.000538365,-0.264728,-0.169189
1137,1,0,0,0,1,1,1,4.24222,0,-0.0170448,-0.000543184,0.015792,-0.124072
1138,1,0,0,0,1,1,1,4.24222,0,-0.0213059,-0.000541453,0.0628936,-0.112793
1139,1,0,0,0,1,1,1,4.24222,0,0.0202406,-0.000561065,-0.396708,-0.124072
1140,1,0,0,0,1,1,1,4.24213,-0.0174533,-0.00745708,-0.000535963,-0.0886145,-0.112793
1141,1,0,0,0,1,1,1,4.24222,0,0.0149142,-0.000578817,-0.34046,-0.236865
1142,1,0,0,0,1,1,1,4.24213,0,0.0202406,-0.000610474,-0.40323,-0.281982
1143,1,0,0,0,1,1,1,4.24213,-0.00872665,-0.0010653,-0.000629034,-0.171314,-0.135352
1144,1,0,0,0,1,1,1,4.24213,0,0.00426119,-0.000630515,-0.230101,-0.214307
1145,1,0,0,0,1,1,1,4.24213,0,0.01811,-0.00065247,-0.385337,-0.236865
1146,1,0,0,0,1,1,1,4.24213,0,0.00426119,-0.000677153,-0.236257,-0.259424
1147,1,0,0,0,1,1,1,4.24213,0,-0.00426119,-0.000695728,-0.14496,-0.248145
1148,1,0,0,0,1,1,1,4.24213,0,0.0127836,-0.000717109,-0.335278,-0.180469
1149,1,0,0,0,1,1,1,4.24213,0,0.00426119,-0.000732946,-0.243622,-0.191748
1150,1,0,0,0,1,1,1,4.24213,0,0.00213059,-0.00071661,-0.21795,-0.31582
1151,1,0,0,0,1,1,1,4.24213,0,-0.00213059,-0.000704316,-0.169513,-0.236865
1152,1,0,0,0,1,1,1,4.24213,0,-0.0159795,-0.000680769,-0.0140624,-0.225586
1153,1,0,0,0,1,1,1,4.24213,0,-0.0010653,-0.000685578,-0.178778,-0.180469
1154,1,0,0,0,1,1,1,4.24213,0,-0.0149142,-0.00068161,-0.0259169,-0.146631
1155,1,0,0,0,1,1,1,4.24213,0,-0.00319589,-0.00065721,-0.151597,-0.15791
1156,1,0,0,0,1,1,1,4.24213,0,-0.0191753,-0.000698233,0.018762,-0.225586
1157,1,0,0,0,1,1,1,4.24213,0,0.00639178,-0.000724485,-0.265942,-0.236865
1158,1,0,0,0,1,1,1,4.24213,-0.00523599,-0.0138489,-0.000763996,-0.04851,-0.270703
1159,1,0,0,0,1,1,1,4.24213,0.015708,-0.0213059,-0.00075279,0.034997,-0.225586
1160,1,0,0,0,1,1,1,4.24213,-0.00872665,0.00958767,-0.000773423,-0.307556,-0.15791
1161,1,0,0,0,1,1,1,4.24213,-0.00523599,0.0159795,-0.000776456,-0.378105,-0.248145
1162,1,0,0,0,1,1,1,4.24213,0.0174533,0.0127836,-0.000831841,-0.350422,-0.270703
1163,1,0,0,0,1,1,1,4.24213,0,0.0149142,-0.000895089,-0.382207,-0.349658
1164,1,0,0,0,1,1,1,4.24213,0,0.00639178,-0.000862319,-0.284136,-0.236865
1165,1,0,0,0,1,1,1,4.24213,-0.00698132,-0.00958767,-0.000829816,-0.10404,-0.191748
1166,1,0,0,0,1,1,1,4.24213,0,0.00532648,-0.000827307,-0.267576,-0.31582
1167,1,0,0,0,1,1,1,4.24213,0,0.0223712,-0.00086156,-0.459809,-0.270703
1168,1,0,0,0,1,1,1,4.24213,-0.0174533,-0.00213059,-0.000870891,-0.19137,-0.406055
1169,1,0,0,0,1,1,1,4.24213,0.00349066,-0.00532648,-0.000844663,-0.15279,-0.236865
1170,1,0,0,0,1,1,1,4.24213,0,0.00745708,-0.000869816,-0.296844,-0.338379
1171,1,0,0,0,1,1,1,4.24213,0,-0.00532648,-0.000831056,-0.151087,-0.135352
1172,1,0,0,0,1,1,1,4.24213,0,-0.0138489,-0.000833556,-0.0576919,-0.281982
1173,1,0,0,0,1,1,1,4.24213,0.00872665,-0.0127836,-0.000831149,-0.0690925,-0.236865
1174,1,0,0,0,1,1,1,4.24213,0,-0.0117183,-0.000818015,-0.0790209,-0.180469
1175,1,0,0,0,1,1,1,4.24213,0,-0.010653,-0.000838182,-0.0934574,-0.248145
1176,1,0,0,0,1,1,1,4.24213,0,0.0010653,-0.000870164,-0.22658,-0.15791
1177,1,0,0,0,1,1,1,4.24213,0,0.00745708,-0.000903466,-0.301285,-0.191748
1178,1,0,0,0,1,1,1,4.24213,0,-0.0117183,-0.000878224,-0.0870246,-0.203027
1179,1,0,0,0,1,1,1,4.24213,0,-0.00426119,-0.000893284,-0.17104,-0.225586
1180,1,0,0,0,1,1,1,4.24213,0,-0.00319589,-0.000899302,-0.183553,-0.270703
1181,1,0,0,0,1,1,1,4.24213,0,0.00213059,-0.000886675,-0.240478,-0.225586
1182,1,0,0,0,1,1,1,4.24213,0,0.00639178,-0.000923352,-0.292192,-0.180469
1183,1,0,0,0,1,1,1,4.24213,0,0.00745708,-0.000932858,-0.305165,-0.248145
1184,1,0,0,0,1,1,1,4.24213,0,0.00319589,-0.000967071,-0.262808,-0.236865
1185,1,0,0,0,1,1,1,4.24213,0,0.0213059,-0.000992187,-0.465334,-0.270703
1186,1,0,0,0,1,1,1,4.24213,0,0.01811,-0.00101196,-0.432789,-0.293262
1187,1,0,0,0,1,1,1,4.24213,-0.00872665,0.00745708,-0.000988369,-0.312493,-0.281982
1188,1,0,0,0,1,1,1,4.24213,0,0.00532648,-0.00101694,-0.292828,-0.349658
1189,1,0,0,0,1,1,1,4.24213,0.00698132,0.00958767,-0.000999772,-0.337434,-0.180469
1190,1,0,0,0,1,1,1,4.24213,0,-0.010653,-0.00099078,-0.1136,-0.15791
1191,1,0,0,0,1,1,1,4.24213,0.010472,0.00213059,-0.000994729,-0.254741,-0.191748
1192,1,0,0,0,1,1,1,4.24213,-0.00872665,0.0117183,-0.000983101,-0.35867,-0.135352
1193,1,0,0,0,1,1,1,4.24213,-0.0226893,-6.52306e-20,-0.000985769,-0.23006,-0.270703
1194,1,0,0,0,1,1,1,4.24213,0.020944,-0.0127836,-0.000953565,-0.0852063,-0.214307
1195,1,0,0,0,1,1,1,4.24213,0,-0.0266324,-0.000883757,0.0764882,-0.180469
1196,1,0,0,0,1,1,1,4.24213,0,-0.00319589,-0.000914618,-0.185575,-0.124072
1197,1,0,0,0,1,1,1,4.24213,0,-0.00639178,-0.000912794,-0.150179,-0.124072
1198,1,0,0,0,1,1,1,4.24213,0,0.0202406,-0.00093358,-0.44588,-0.236865
1199,1,0,0,0,1,1,1,4.24213,0,-0.00745708,-0.000916316,-0.138926,-0.236865
1200,1,0,0,0,1,1,1,4.24213,0.0174533,-0.00319589,-0.000910361,-0.185013,-0.191748
1201,1,0,0,0,1,1,1,4.24213,0,-0.00213059,-0.000923994,-0.198531,-0.236865
1202,1,0,0,0,1,1,1,4.24213,0,-0.00213059,-0.000925731,-0.198706,-0.169189
1203,1,0,0,0,1,1,1,4.24213,0,0.0010653,-0.000929073,-0.234356,-0.225586
1204,1,0,0,0,1,1,1,4.24213,-0.00349066,3.26153e-19,-0.000946207,-0.224899,-0.3271
1205,1,0,0,0,1,1,1,4.24213,0.0174533,0.00639178,-0.000919471,-0.291443,-0.270703
1206,1,0,0,0,1,1,1,4.24213,0,0.0010653,-0.0009246,-0.233765,-0.225586
1207,1,0,0,0,1,1,1,4.24213,0,-0.00639178,-0.000949969,-0.155086,-0.203027
1208,1,0,0,0,1,1,1,4.24213,0,0.0202406,-0.000994575,-0.453931,-0.281982
1209,1,0,0,0,1,1,1,4.24213,-0.00523599,0.00532648,-0.000996074,-0.290073,-0.180469
1210,1,0,0,0,1,1,1,4.24213,0,-0.00639178,-0.00101259,-0.163352,-0.180469
1211,1,0,0,0,1,1,1,4.24213,0,-0.0010653,-0.000990909,-0.218923,-0.31582
1212,1,0,0,0,1,1,1,4.24213,0,0.0149142,-0.000987696,-0.394432,-0.203027
1213,1,0,0,0,1,1,1,4.24213,0,0.01811,-0.00101119,-0.432688,-0.15791
1214,1,0,0,0,1,1,1,4.24213,0,-0.0010653,-0.00101134,-0.221778,-0.180469
1215,1,0,0,0,1,1,1,4.24213,0,-0.010653,-0.00102845,-0.118573,-0.293262
1216,1,0,0,0,1,1,1,4.24213,0,-0.00532648,-0.00102857,-0.17718,-0.214307
1217,1,0,0,0,1,1,1,4.24213,0,0.00213059,-0.00102833,-0.259176,-0.180469
1218,1,0,0,0,1,1,1,4.24213,0,0.00639178,-0.00102876,-0.306106,-0.236865
1219,1,0,0,0,1,1,1,4.24213,0,-0.0010653,-0.00105417,-0.227433,-0.349658
1220,1,0,0,0,1,1,1,4.24203,0,-0.00426119,-0.00103215,-0.189371,-0.225586
1221,1,0,0,0,1,1,1,4.24213,0,0.00426119,-0.00106427,-0.287357,-0.259424
1222,1,0,0,0,1,1,1,4.24213,-0.00872665,0.0127836,-0.00102976,-0.376519,-0.236865
1223,1,0,0,0,1,1,1,4.24213,0,0.00852238,-0.00104074,-0.331124,-0.15791
1224,1,0,0,0,1,1,1,4.24213,0,-0.00958767,-0.00105388,-0.133647,-0.180469
1225,1,0,0,0,1,1,1,4.24213,0.00872665,-0.00532648,-0.00102293,-0.176364,-0.293262
1226,1,0,0,0,1,1,1,4.24213,0,3.26153e-19,-0.0010573,-0.239564,-0.270703
1227,1,0,0,0,1,1,1,4.24213,0,0.00958767,-0.00106937,-0.346621,-0.31582
1228,1,0,0,0,1,1,1,4.24213,0,0.00852238,-0.0010824,-0.336623,-0.383496
1229,1,0,0,0,1,1,1,4.24213,0,-1.696e-18,-0.00108382,-0.243065,-0.360938
1230,1,0,0,0,1,1,1,4.24203,0,0.00319589,-0.00108845,-0.27883,-0.3271
1231,1,0,0,0,1,1,1,4.24213,0,0.00213059,-0.00109763,-0.268323,-0.338379
1232,1,0,0,0,1,1,1,4.24203,0,0.00426119,-0.00111864,-0.294534,-0.281982
1233,1,0,0,0,1,1,1,4.24213,0,-7.82767e-19,-0.00107689,-0.242149,-0.214307
1234,1,0,0,0,1,1,1,4.24213,0,0.0202406,-0.00111717,-0.470113,-0.225586
1235,1,0,0,0,1,1,1,4.24203,-0.0174533,1.5003e-18,-0.00113915,-0.250368,-0.417334
1236,1,0,0,0,1,1,1,4.24213,0.0261799,-0.0117183,-0.00117551,-0.126267,-0.360938
1237,1,0,0,0,1,1,1,4.24203,0.00698132,-0.00852238,-0.00116996,-0.160545,-0.518848
1238,1,0,0,0,1,1,1,4.24203,0.0191986,-0.00852238,-0.00120955,-0.165914,-0.394775
1239,1,0,0,0,1,1,1,4.24203,0.00523599,0.0202406,-0.00116383,-0.476168,-0.236865
1240,1,0,0,0,1,1,1,4.24213,0,-7.17537e-19,-0.00120222,-0.258693,-0.31582
1241,1,0,0,0,1,1,1,4.24203,0,-0.00532648,-0.00118762,-0.198175,-0.248145
1242,1,0,0,0,1,1,1,4.24213,0.00872665,0.00532648,-0.00116666,-0.312591,-0.169189
1243,1,0,0,0,1,1,1,4.24213,0,-0.0255671,-0.00112684,0.032495,-0.236865
1244,1,0,0,0,1,1,1,4.24213,0,0.00426119,-0.00116073,-0.300089,-0.203027
1245,1,0,0,0,1,1,1,4.24213,0,-0.0191753,-0.00118451,-0.0454262,-0.225586
1246,1,0,0,0,1,1,1,4.24213,0,-0.0138489,-0.00117401,-0.102632,-0.236865
1247,1,0,0,0,1,1,1,4.24213,0,-0.0010653,-0.00116975,-0.242689,-0.259424
1248,1,0,0,0,1,1,1,4.24213,0,-0.0010653,-0.00114689,-0.239671,-0.180469
1249,1,0,0,0,1,1,1,4.24213,0,0.00745708,-0.00112872,-0.331019,-0.101514
1250,1,0,0,0,1,1,1,4.24213,0,-0.0159795,-0.001085,-0.0672209,-0.225586
1251,1,0,0,0,1,1,1,4.24213,0.015708,-0.01811,-0.00110172,-0.0462165,-0.293262
1252,1,0,0,0,1,1,1,4.24213,0,0.00745708,-0.00108281,-0.324958,-0.0789551
1253,1,0,0,0,1,1,1,4.24213,-0.0244346,-0.00532648,-0.001123,-0.189644,-0.214307
1254,1,0,0,0,1,1,1,4.24213,0,0.0138489,-0.00116121,-0.405617,-0.372217
1255,1,0,0,0,1,1,1,4.24203,0,-0.0117183,-0.00114007,-0.121589,-0.214307
1256,1,0,0,0,1,1,1,4.24213,0,-0.00532648,-0.00113126,-0.190736,-0.135352
1257,1,0,0,0,1,1,1,4.24213,0,0.0149142,-0.0011475,-0.415526,-0.146631
1258,1,0,0,0,1,1,1,4.24213,-0.00872665,-0.00639178,-0.00113428,-0.179415,-0.214307
1259,1,0,0,0,1,1,1,4.24213,0,-0.00319589,-0.00112806,-0.213749,-0.270703
1260,1,0,0,0,1,1,1,4.24213,0,0.0010653,-0.00112192,-0.259812,-0.169189
1261,1,0,0,0,1,1,1,4.24213,-0.00349066,2.60922e-19,-0.00111052,-0.246588,-0.225586
1262,1,0,0,0,1,1,1,4.24213,0,-0.00532648,-0.00112834,-0.19035,-0.406055
1263,1,0,0,0,1,1,1,4.24213,0.0226893,-0.00852238,-0.00112763,-0.155101,-0.15791
1264,1,0,0,0,1,1,1,4.24213,-0.0261799,-0.00958767,-0.00108142,-0.137283,-0.203027
1265,1,0,0,0,1,1,1,4.24213,0.00349066,-0.0010653,-0.00107817,-0.2306,-0.180469
1266,1,0,0,0,1,1,1,4.24213,0,-0.0191753,-0.00106694,-0.0299079,-0.180469
1267,1,0,0,0,1,1,1,4.24213,0,0.0117183,-0.00107405,-0.370676,-0.203027
1268,1,0,0,0,1,1,1,4.24213,0,-0.00958767,-0.00103739,-0.131471,-0.191748
1269,1,0,0,0,1,1,1,4.24213,0,7.17537e-19,-0.00105073,-0.238696,-0.169189
1270,1,0,0,0,1,1,1,4.24213,-0.015708,-0.00426119,-0.00106826,-0.194138,-0.236865
1271,1,0,0,0,1,1,1,4.24213,0,0.01811,-0.00109354,-0.443558,-0.31582
1272,1,0,0,0,1,1,1,4.24213,0,0.0149142,-0.00110096,-0.409382,-0.349658
1273,1,0,0,0,1,1,1,4.24213,0,0.0010653,-0.001085,-0.254938,-0.15791
1274,1,0,0,0,1,1,1,4.24213,0,0.00426119,-0.00107516,-0.288292,-0.31582
1275,1,0,0,0,1,1,1,4.24213,0,0.010653,-0.00110791,-0.363427,-0.203027
1276,1,0,0,0,1,1,1,4.24213,0,0.00213059,-0.00113733,-0.273564,-0.236865
1277,1,0,0,0,1,1,1,4.24213,0,0.0117183,-0.00113569,-0.378811,-0.214307
1278,1,0,0,0,1,1,1,4.24213,0,-1.95692e-18,-0.00112933,-0.248961,-0.180469
1279,1,0,0,0,1,1,1,4.24213,0,-0.0127836,-0.00117877,-0.114979,-0.406055
1280,1,0,0,0,1,1,1,4.24203,-0.00872665,-0.00532648,-0.00113432,-0.191072,-0.180469
1281,1,0,0,0,1,1,1,4.24213,-0.00872665,0.0010653,-0.00115191,-0.263706,-0.259424
1282,1,0,0,0,1,1,1,4.24213,0,-0.00958767,-0.00117319,-0.149339,-0.270703
1283,1,0,0,0,1,1,1,4.24213,0,-0.0010653,-0.00118983,-0.245339,-0.203027
1284,1,0,0,0,1,1,1,4.24213,0,-0.0170448,-0.00119396,-0.0701022,-0.259424
1285,1,0,0,0,1,1,1,4.24213,0.00872665,0.00745708,-0.00122383,-0.343573,-0.281982
1286,1,0,0,0,1,1,1,4.24203,-0.0314159,0.0010653,-0.00124502,-0.276061,-0.383496
1287,1,0,0,0,1,1,1,4.24213,0.00523599,0.00213059,-0.00119959,-0.281422,-0.180469
1288,1,0,0,0,1,1,1,4.24213,0,0.00426119,-0.0012044,-0.305782,-0.304541
1289,1,0,0,0,1,1,1,4.24203,0,0.010653,-0.00120091,-0.375692,-0.281982
1290,1,0,0,0,1,1,1,4.24213,0,0.0202406,-0.00127832,-0.491386,-0.360938
1291,1,0,0,0,1,1,1,4.24203,0,0.0202406,-0.00127,-0.490287,-0.270703
1292,1,0,0,0,1,1,1,4.24213,-0.00349066,-0.0010653,-0.00127782,-0.256954,-0.462451
1293,1,0,0,0,1,1,1,4.24213,0.020944,0.0149142,-0.00128462,-0.433626,-0.31582
1294,1,0,0,0,1,1,1,4.24203,-0.00698132,0.0138489,-0.00126869,-0.419804,-0.203027
1295,1,0,0,0,1,1,1,4.24203,-0.020944,-0.0138489,-0.00124609,-0.112146,-0.214307
1296,1,0,0,0,1,1,1,4.24213,0.00872665,0.00213059,-0.0012739,-0.291592,-0.349658
1297,1,0,0,0,1,1,1,4.24203,0,-0.00213059,-0.00129662,-0.247717,-0.417334
1298,1,0,0,0,1,1,1,4.24203,0,0.0117183,-0.00130247,-0.400826,-0.3271
1299,1,0,0,0,1,1,1,4.24203,-0.020944,-0.0010653,-0.00130421,-0.260438,-0.3271
1300,1,0,0,0,1,1,1,4.24203,0.0139626,0.00852238,-0.00128721,-0.363658,-0.281982
1301,1,0,0,0,1,1,1,4.24203,-0.00872665,-0.0010653,-0.00131032,-0.261244,-0.383496
1302,1,0,0,0,1,1,1,4.24203,0,0.0159795,-0.00133099,-0.451464,-0.3271
1303,1,0,0,0,1,1,1,4.24203,-0.010472,0.00958767,-0.00133324,-0.381452,-0.31582
1304,1,0,0,0,1,1,1,4.24203,0,-0.0149142,-0.0013254,-0.110897,-0.3271
1305,1,0,0,0,1,1,1,4.24203,0.0279253,0.0213059,-0.00133154,-0.510124,-0.31582
1306,1,0,0,0,1,1,1,4.24213,0,-0.00958767,-0.00133001,-0.170096,-0.360938
1307,1,0,0,0,1,1,1,4.24213,0.00872665,-0.00745708,-0.00131018,-0.190916,-0.293262
1308,1,0,0,0,1,1,1,4.24213,0,0.00639178,-0.0013487,-0.348338,-0.360938
1309,1,0,0,0,1,1,1,4.24203,0,0.0266324,-0.00136995,-0.57379,-0.259424
1310,1,0,0,0,1,1,1,4.24203,-0.00698132,0.00319589,-0.0013787,-0.317144,-0.259424
1311,1,0,0,0,1,1,1,4.24203,-0.00349066,-0.00532648,-0.00144174,-0.231719,-0.383496
1312,1,0,0,0,1,1,1,4.24194,-0.0261799,-0.00852238,-0.00144796,-0.197384,-0.383496
1313,1,0,0,0,1,1,1,4.24203,0,0.00213059,-0.00142905,-0.311947,-0.304541
1314,1,0,0,0,1,1,1,4.24203,0.0122173,-0.00213059,-0.00141919,-0.263897,-0.236865
1315,1,0,0,0,1,1,1,4.24203,0,-0.00319589,-0.00141896,-0.252148,-0.281982
1316,1,0,0,0,1,1,1,4.24203,0,-0.0010653,-0.00144713,-0.279303,-0.31582
1317,1,0,0,0,1,1,1,4.24203,0,0.0149142,-0.00145988,-0.45676,-0.3271
1318,1,0,0,0,1,1,1,4.24203,-0.00349066,0.0149142,-0.00150442,-0.462639,-0.360938
1319,1,0,0,0,1,1,1,4.24203,-0.00523599,0.0138489,-0.00153771,-0.455315,-0.281982
1320,1,0,0,0,1,1,1,4.24203,0,0.00426119,-0.00153302,-0.349231,-0.360938
1321,1,0,0,0,1,1,1,4.24203,0,-0.00532648,-0.00153198,-0.24363,-0.248145
1322,1,0,0,0,1,1,1,4.24203,0.00872665,0.00319589,-0.00152739,-0.33677,-0.349658
1323,1,0,0,0,1,1,1,4.24203,0,-3.26153e-19,-0.00152976,-0.301928,-0.225586
1324,1,0,0,0,1,1,1,4.24203,0,-0.00319589,-0.00152775,-0.266508,-0.293262
1325,1,0,0,0,1,1,1,4.24203,0,-0.0149142,-0.00152003,-0.136588,-0.270703
1326,1,0,0,0,1,1,1,4.24203,0,0.00426119,-0.00151639,-0.347036,-0.281982
1327,1,0,0,0,1,1,1,4.24203,0,-0.0159795,-0.00152024,-0.124898,-0.360938
1328,1,0,0,0,1,1,1,4.24203,0.00872665,0.00639178,-0.00151443,-0.370215,-0.259424
1329,1,0,0,0,1,1,1,4.24203,-0.00349066,-0.00532648,-0.00150972,-0.240692,-0.203027
1330,1,9.84154e-07,0.000587701,0.232778,1,1,1,4.24203,0,0.00639178,-0.00151342,-0.331455,-0.214307
1331,1,7.7589e-06,0.00230437,0.451528,1,1,1,4.24203,0,0.00426119,-0.00152124,-0.258112,-0.293262
1332,1,2.57906e-05,0.0050797,0.656426,1,1,1,4.24203,0,-0.00745708,-0.00149096,-0.0628223,-0.259424
1333,1,6.02062e-05,0.0088459,0.847808,1,1,1,4.24213,0.00523599,0.00958767,-0.0014855,-0.176555,-0.124072
1334,1,0.00011579,0.0135358,1.02594,1,1,1,4.24213,0,0.0159795,-0.00146327,-0.161056,-0.101514
1335,1,0.000196996,0.0190839,1.19112,1,1,1,4.24213,0,-0.00532648,-0.0013884,0.175282,-0.0676758
1336,1,0.000307954,0.025426,1.34362,1,1,1,4.24213,0.00698132,0.00426119,-0.0013063,0.181193,-0.0225586
1337,1,0.000452475,0.0324994,1.48373,1,1,1,4.24222,0,0.0117183,-0.00118901,0.223189,0
1338,1,0.000634051,0.0402426,1.61175,1,1,1,4.24222,0.020944,6.52306e-20,-0.00104725,0.486529,0.0563965
1339,1,0.000855923,0.0485973,1.72796,1,1,1,4.24242,0.0174533,0.0010653,-0.000807277,0.630592,0.180469
1340,1,0.00112096,0.0575037,1.83266,1,1,1,4.24251,0.0733038,0.010653,-0.000603577,0.68121,0.383496
1341,1,0.00143179,0.0669052,1.92612,1,1,1,4.24357,0.230383,0.01811,-0.000397269,0.760714,0.496289
1342,1,0.00179075,0.0767467,2.00863,1,1,1,4.24452,0.237365,0.0159795,-0.000139135,0.957626,0.665479
1343,1,0.00219988,0.0869733,2.08049,1,1,1,4.24481,0,0.050069,5.89052e-05,0.751167,0.823389
1344,1,0.00266104,0.0975342,2.14198,1,1,1,4.24481,0,0.0735055,0.000233614,0.66166,0.733154
1345,1,0.00317568,0.108376,2.19339,1,1,1,4.24539,0.0715585,0.0617872,0.000398845,0.958909,0.744434
1346,1,0.0037452,0.119452,2.23501,1,1,1,4.24568,0.0837758,0.0873543,0.000589478,0.852174,0.744434
1347,1,0.00437052,0.130711,2.26713,1,1,1,4.24644,0.101229,0.10653,0.00073655,0.810219,0.778271
1348,1,0.00505245,0.142106,2.29002,1,1,1,4.24683,0.113446,0.128901,0.000824586,0.725177,0.699316
1349,1,0.00579174,0.153596,2.304,1,1,1,4.24759,0.150098,0.140619,0.000932704,0.759953,0.789551
1350,1,0.00658851,0.165132,2.30933,1,1,1,4.24836,0.174533,0.141684,0.000968184,0.900647,0.789551
1351,1,0.00744312,0.176676,2.30631,1,1,1,4.24913,0.197222,0.150207,0.00105102,0.965623,0.721875
1352,1,0.0083552,0.188182,2.29522,1,1,1,4.24999,0.190241,0.193884,0.00105443,0.630693,0.688037
1353,1,0.00932473,0.199614,2.27636,1,1,1,4.25095,0.18326,0.193884,0.00107697,0.776406,0.733154
1354,1,0.0103512,0.210934,2.25001,1,1,1,4.25181,0.218166,0.200276,0.00109718,0.849038,0.654199
1355,1,0.0114338,0.222102,2.21646,1,1,1,4.25315,0.275762,0.205602,0.0011248,0.931938,0.845947
1356,1,0.012572,0.233087,2.176,1,1,1,4.25411,0.179769,0.232235,0.00111852,0.772014,0.823389
1357,1,0.0137643,0.243852,2.12891,1,1,1,4.25545,0.256563,0.246084,0.00108423,0.744859,0.721875
1358,1,0.0150099,0.254364,2.0755,1,1,1,4.25651,0.296706,0.259932,0.00105871,0.715331,0.778271
1359,1,0.0163075,0.264596,2.01603,1,1,1,4.25823,0.237365,0.2855,0.00105365,0.555492,0.721875
1360,1,0.0176554,0.274515,1.9508,1,1,1,4.25919,0.249582,0.307871,0.000961561,0.41236,0.688037
1361,1,0.0190521,0.284095,1.88009,1,1,1,4.26082,0.280998,0.30361,0.000864647,0.556038,0.631641
1362,1,0.0204959,0.293308,1.8042,1,1,1,4.26217,0.324631,0.307871,0.000824841,0.60962,0.721875
1363,1,0.0219846,0.302129,1.72342,1,1,1,4.2638,0.254818,0.301479,0.000815904,0.779029,0.507568
1364,1,0.0235162,0.310534,1.63804,1,1,1,4.26514,0.404916,0.299348,0.000787892,0.893419,0.699316
1365,1,0.0250892,0.318502,1.54832,1,1,1,4.26715,0.31765,0.319589,0.000822041,0.76487,0.97002
1366,1,0.0267006,0.326011,1.45458,1,1,1,4.2683,0.268781,0.337699,0.000830995,0.649687,0.823389
1367,1,0.0283484,0.333041,1.3571,1,1,1,4.27012,0.296706,0.332373,0.000827861,0.783647,0.80083
1368,1,0.0300302,0.339576,1.25615,1,1,1,4.27137,0.319395,0.336634,0.000882513,0.814424,0.665479
1369,1,0.0317433,0.345598,1.15205,1,1,1,4.27348,0.347321,0.333438,0.000911244,0.916452,0.721875
1370,1,0.0334853,0.351092,1.04505,1,1,1,4.27492,0.357792,0.306806,0.00102851,1.28213,1.04897
1371,1,0.0352533,0.356044,0.935468,1,1,1,4.27722,0.356047,0.35794,0.00108087,0.777138,0.947461
1372,1,0.037045,0.360443,0.823568,1,1,1,4.27818,0.235619,0.361136,0.00110719,0.787283,0.913623
1373,1,0.0388569,0.364277,0.709672,1,1,1,4.28038,0.394444,0.332373,0.00116666,1.14632,0.902344
1374,1,0.0406868,0.367537,0.594029,1,1,1,4.28192,0.389208,0.359005,0.00122598,0.88944,0.981299
1375,1,0.0425312,0.370214,0.476974,1,1,1,4.28422,0.359538,0.371789,0.00125255,0.772323,0.823389
1376,1,0.0443878,0.372304,0.358748,1,1,1,4.28546,0.298451,0.380311,0.00127901,0.694447,0.778271
1377,1,0.0462533,0.3738,0.239663,1,1,1,4.28776,0.378736,0.37605,0.0012851,0.746115,0.812109
1378,1,0.0481249,0.3747,0.119989,1,1,1,4.2892,0.34383,0.385637,0.00130039,0.639667,0.845947
1379,1,0.0499993,0.375,4.5024e-05,1,1,1,4.29141,0.366519,0.370723,0.00127982,0.789326,0.766992
1380,1,0.0518739,0.3747,-0.119915,1,1,1,4.29294,0.359538,0.381376,0.00126251,0.651269,0.699316
1381,1,0.0537452,0.373801,-0.239566,1,1,1,4.29515,0.390954,0.383507,0.00126891,0.602721,0.710596
1382,1,0.0556108,0.372306,-0.35866,1,1,1,4.29668,0.364774,0.387768,0.00128042,0.523989,0.665479
1383,1,0.0574673,0.370216,-0.476882,1,1,1,4.29908,0.342085,0.364332,0.00124831,0.735664,0.575244
1384,1,0.0593121,0.367538,-0.593962,1,1,1,4.30042,0.347321,0.367527,0.00123466,0.650588,0.496289
1385,1,0.061142,0.364279,-0.7096,1,1,1,4.30272,0.413643,0.374985,0.00121901,0.510847,0.586523
1386,1,0.0629539,0.360445,-0.823499,1,1,1,4.30416,0.315905,0.359005,0.0012006,0.621394,0.552686
1387,1,0.0647454,0.356047,-0.935389,1,1,1,4.30617,0.397935,0.377115,0.00117229,0.349025,0.541406
1388,1,0.0665135,0.351095,-1.04498,1,1,1,4.30761,0.326377,0.362201,0.00110605,0.427055,0.394775
1389,1,0.0682553,0.345602,-1.15196,1,1,1,4.30972,0.385718,0.350483,0.00109189,0.471301,0.383496
1390,1,0.0699686,0.33958,-1.25608,1,1,1,4.31125,0.371755,0.369658,0.0010523,0.165619,0.496289
1391,1,0.0716504,0.333046,-1.35702,1,1,1,4.31298,0.274017,0.356874,0.00102488,0.206954,0.496289
1392,1,0.0732983,0.326016,-1.45452,1,1,1,4.31451,0.380482,0.337699,0.000945528,0.304955,0.3271
1393,1,0.0749097,0.318508,-1.54825,1,1,1,4.31595,0.268781,0.337699,0.000926841,0.196058,0.372217
1394,1,0.0764824,0.310541,-1.63797,1,1,1,4.31739,0.366519,0.294022,0.000950302,0.567995,0.214307
1395,1,0.0780143,0.302136,-1.72336,1,1,1,4.31921,0.275762,0.28763,0.000988735,0.527826,0.417334
1396,1,0.079503,0.293316,-1.80414,1,1,1,4.32027,0.280998,0.263128,0.00103436,0.683249,0.406055
1397,1,0.080947,0.284101,-1.88004,1,1,1,4.32209,0.335103,0.265259,0.00113935,0.551033,0.597803
1398,1,0.0823436,0.274523,-1.95074,1,1,1,4.32314,0.214675,0.257802,0.00111045,0.50256,0.552686
1399,1,0.0836915,0.264604,-2.01597,1,1,1,4.32458,0.256563,0.237561,0.00121904,0.608998,0.496289
1400,1,0.084989,0.254373,-2.07545,1,1,1,4.32563,0.258309,0.217321,0.00130786,0.709908,0.64292
1401,1,0.0862348,0.243859,-2.12888,1,1,1,4.32717,0.246091,0.246084,0.00135957,0.264283,0.507568
1402,1,0.0874273,0.233094,-2.17597,1,1,1,4.32784,0.174533,0.226908,0.00142687,0.345121,0.518848
1403,1,0.0885654,0.222111,-2.21643,1,1,1,4.32918,0.21293,0.199211,0.00148256,0.515913,0.360938
1404,1,0.0896481,0.210941,-2.24999,1,1,1,4.32985,0.188496,0.199211,0.00153938,0.38152,0.417334
1405,1,0.0906745,0.199623,-2.27634,1,1,1,4.33091,0.169297,0.194949,0.00157076,0.289144,0.338379
1406,1,0.0916441,0.18819,-2.29521,1,1,1,4.33167,0.191986,0.170448,0.00169908,0.433157,0.304541
1407,1,0.0925563,0.176684,-2.3063,1,1,1,4.33292,0.167552,0.164056,0.00178308,0.372088,0.507568
1408,1,0.0934108,0.165142,-2.30933,1,1,1,4.3333,0.0750492,0.156599,0.00185914,0.32243,0.47373
1409,1,0.0942078,0.153603,-2.304,1,1,1,4.33417,0.141372,0.14275,0.00196203,0.348206,0.360938
1410,1,0.094947,0.142115,-2.29004,1,1,1,4.33484,0.185005,0.122509,0.00204045,0.442161,0.394775
1411,1,0.095629,0.130719,-2.26715,1,1,1,4.3356,0.10821,0.113987,0.00215183,0.414912,0.372217
1412,1,0.0962545,0.119458,-2.23503,1,1,1,4.33618,0.178024,0.0937461,0.00223784,0.515972,0.417334
1413,1,0.096824,0.108383,-2.19342,1,1,1,4.33666,0.0750492,0.0958767,0.00224537,0.362818,0.248145
1414,1,0.0973386,0.0975421,-2.14202,1,1,1,4.33695,0.0733038,0.0830932,0.00224467,0.376512,0.236865
1415,1,0.0977998,0.0869802,-2.08053,1,1,1,4.33762,0.109956,0.0767014,0.0022723,0.329124,0.180469
1416,1,0.098209,0.0767532,-2.00868,1,1,1,4.33791,0.0750492,0.0649831,0.00226833,0.341329,0.259424
1417,1,0.098568,0.0669107,-1.92617,1,1,1,4.33829,0.0680678,0.0735055,0.0022724,0.138439,0.203027
1418,1,0.0988788,0.05751,-1.83273,1,1,1,4.33848,0.0506145,0.050069,0.00225532,0.290467,0.259424
1419,1,0.0991439,0.0486031,-1.72804,1,1,1,4.33877,0.0645772,0.0351548,0.00229575,0.365326,0.259424
1420,1,0.0993658,0.0402488,-1.61184,1,1,1,4.33906,0.0541052,0.0351548,0.00231904,0.282353,0.293262
1421,1,0.0995474,0.032505,-1.48383,1,1,1,4.33915,0.0122173,0.01811,0.00232949,0.39398,0.259424
1422,1,0.099692,0.0254309,-1.34373,1,1,1,4.33925,0.0541052,0.0362201,0.00236463,0.132774,0.406055
1423,1,0.0998029,0.0190881,-1.19123,1,1,1,4.33944,-0.020944,0.00639178,0.00239812,0.408823,0.3271
1424,1,0.0998842,0.0135392,-1.02606,1,1,1,4.33944,0.0314159,0.00745708,0.00243799,0.35841,0.203027
1425,1,0.0999398,0.00884902,-0.847944,1,1,1,4.33954,0.00872665,0.0170448,0.00247022,0.225706,0.338379
1426,1,0.0999742,0.0050819,-0.656559,1,1,1,4.33954,0.0174533,-0.0149142,0.00252497,0.566284,0.417334
1427,1,0.0999922,0.00230568,-0.451652,1,1,1,4.33963,0.0174533,-0.00319589,0.00255008,0.437137,0.439893
1428,1,0.099999,0.000588487,-0.232931,1,1,1,4.33963,0,0.00745708,0.00257929,0.334582,0.417334
1429,1,0.1,9.06049e-11,-9.32629e-05,1,1,1,4.33963,0,0.0010653,0.00261339,0.433236,0.507568
1430,1,0.1,0,0,1,1,1,4.33973,0.0383972,0.0245018,0.00258465,0.171654,0.609082
1431,1,0.1,0,0,1,1,1,4.33954,-0.0139626,0.0170448,0.00254426,0.24835,0.47373
1432,1,0.1,0,0,1,1,1,4.33963,0,0.00958767,0.002524,0.327703,0.383496
1433,1,0.1,0,0,1,1,1,4.33963,0,0.00426119,0.00252598,0.386556,0.47373
1434,1,0.1,0,0,1,1,1,4.33963,0.0122173,0.00213059,0.0025537,0.413652,0.451172
1435,1,0.1,0,0,1,1,1,4.33973,0,-0.0138489,0.0025554,0.58965,0.417334
1436,1,0.1,0,0,1,1,1,4.33963,0,0.00852238,0.0025533,0.343289,0.462451
1437,1,0.1,0,0,1,1,1,4.33963,0,0.00532648,0.0025483,0.377784,0.3271
1438,1,0.1,0,0,1,1,1,4.33963,0,-0.00958767,0.00252117,0.538258,0.293262
1439,1,0.1,0,0,1,1,1,4.33963,0.0488692,-0.0191753,0.00253213,0.64517,0.439893
1440,1,0.1,0,0,1,1,1,4.33973,0,0.00852238,0.00251374,0.338067,0.406055
1441,1,0.1,0,0,1,1,1,4.33963,0,-0.00426119,0.00253395,0.481354,0.47373
1442,1,0.1,0,0,1,1,1,4.33973,0,0.00852238,0.00250363,0.336733,0.417334
1443,1,0.1,0,0,1,1,1,4.33963,-0.015708,0.00958767,0.00243081,0.315402,0.214307
1444,1,0.1,0,0,1,1,1,4.33963,0.00174533,0.0138489,0.00244494,0.270395,0.406055
1445,1,0.1,0,0,1,1,1,4.33963,-0.0488692,0.00426119,0.00242477,0.373197,0.304541
1446,1,0.1,0,0,1,1,1,4.33963,0.0296706,0.00213059,0.00242531,0.396704,0.31582
1447,1,0.1,0,0,1,1,1,4.33963,0,0.0010653,0.00239384,0.404269,0.3271
1448,1,0.1,0,0,1,1,1,4.33963,0,-0.00639178,0.00238391,0.484985,0.417334
1449,1,0.1,0,0,1,1,1,4.33963,0.00698132,0.0117183,0.00238733,0.286226,0.360938
1450,1,0.1,0,0,1,1,1,4.33963,0,0.00532648,0.00236239,0.353244,0.338379
1451,1,0.1,0,0,1,1,1,4.33963,0,0.00532648,0.00232579,0.348413,0.3271
1452,1,0.1,0,0,1,1,1,4.33963,0,-0.0191753,0.00234368,0.620295,0.406055
1453,1,0.1,0,0,1,1,1,4.33963,0,-0.00426119,0.00235168,0.457295,0.360938
1454,1,0.1,0,0,1,1,1,4.33963,0,-0.00958767,0.00233576,0.513785,0.462451
1455,1,0.1,0,0,1,1,1,4.33963,0.00174533,0.00852238,0.00232253,0.312827,0.372217
1456,1,0.1,0,0,1,1,1,4.33963,-0.00872665,1.36984e-18,0.00232164,0.406456,0.462451
1457,1,0.1,0,0,1,1,1,4.33963,0,0.0117183,0.00233508,0.279329,0.304541
1458,1,0.1,0,0,1,1,1,4.33963,0.0244346,0.00745708,0.00233973,0.326817,0.372217
1459,1,0.1,0,0,1,1,1,4.33963,0,-0.00852238,0.0023421,0.502904,0.383496
1460,1,0.1,0,0,1,1,1,4.33963,0,0.00426119,0.00233952,0.361944,0.394775
1461,1,0.1,0,0,1,1,1,4.33963,0,0.0010653,0.00231492,0.393851,0.417334
1462,1,0.1,0,0,1,1,1,4.33963,0,-0.00213059,0.00231426,0.428918,0.417334
1463,1,0.1,0,0,1,1,1,4.33963,0,0.0159795,0.00231411,0.229688,0.496289
1464,1,0.1,0,0,1,1,1,4.33963,0,0.00319589,0.00231273,0.370125,0.383496
1465,1,0.1,0,0,1,1,1,4.33963,0,-0.00213059,0.00230256,0.427375,0.394775
1466,1,0.1,0,0,1,1,1,4.33963,0,-0.00426119,0.00230802,0.451531,0.496289
1467,1,0.1,0,0,1,1,1,4.33963,0,0.00426119,0.00227802,0.353825,0.406055
1468,1,0.1,0,0,1,1,1,4.33963,-0.015708,0.01811,0.00229237,0.203383,0.293262
1469,1,0.1,0,0,1,1,1,4.33963,-0.00523599,0.0170448,0.00222643,0.206381,0.394775
1470,1,0.1,0,0,1,1,1,4.33963,0,0.00532648,0.00221307,0.333534,0.406055
1471,1,0.1,0,0,1,1,1,4.33963,0,0.0010653,0.00218424,0.376602,0.338379
1472,1,0.1,0,0,1,1,1,4.33963,0,4.56614e-19,0.00219138,0.389262,0.31582
1473,1,0.1,0,0,1,1,1,4.33963,0,0.028763,0.00219969,0.0739654,0.451172
1474,1,0.1,0,0,1,1,1,4.33963,0,0.0170448,0.00215488,0.196952,0.3271
1475,1,0.1,0,0,1,1,1,4.33963,-0.00872665,0.00426119,0.00216079,0.338351,0.462451
1476,1,0.1,0,0,1,1,1,4.33963,0,0.00958767,0.00216085,0.279767,0.293262
1477,1,0.1,0,0,1,1,1,4.33973,0,0.00639178,0.00212981,0.310825,0.439893
1478,1,0.1,0,0,1,1,1,4.33963,0,0.010653,0.00214399,0.265824,0.349658
1479,1,0.1,0,0,1,1,1,4.33963,0,0.0010653,0.00213045,0.369502,0.338379
1480,1,0.1,0,0,1,1,1,4.33963,0,-0.0255671,0.00214797,0.664771,0.293262
1481,1,0.1,0,0,1,1,1,4.33973,0.0279253,-0.00319589,0.00212378,0.415493,0.406055
1482,1,0.1,0,0,1,1,1,4.33963,-0.0174533,-0.00852238,0.00212211,0.473864,0.417334
1483,1,0.1,0,0,1,1,1,4.33963,0,-0.00958767,0.00210959,0.48393,0.31582
1484,1,0.1,0,0,1,1,1,4.33963,0,0.00426119,0.00210533,0.33103,0.428613
1485,1,0.1,0,0,1,1,1,4.33963,0.00349066,0.00213059,0.00212275,0.356767,0.518848
1486,1,0.1,0,0,1,1,1,4.33963,-0.0471239,0.010653,0.00211273,0.261698,0.394775
1487,1,0.1,0,0,1,1,1,4.33963,0.010472,0.0266324,0.00210696,0.0851621,0.417334
1488,1,0.1,0,0,1,1,1,4.33963,0,-0.00639178,0.00214757,0.453789,0.248145
1489,1,0.1,0,0,1,1,1,4.33973,0,0.00213059,0.00216291,0.362068,0.541406
1490,1,0.1,0,0,1,1,1,4.33963,-0.00872665,-0.0117183,0.00219549,0.518706,0.530127
1491,1,0.1,0,0,1,1,1,4.33963,0,1.17415e-18,0.00217938,0.387678,0.372217
1492,1,0.1,0,0,1,1,1,4.33963,-0.0174533,-0.00745708,0.00217482,0.469104,0.281982
1493,1,0.1,0,0,1,1,1,4.33973,0.00174533,-0.00532648,0.00219457,0.448275,0.428613
1494,1,0.1,0,0,1,1,1,4.33973,0,-0.0245018,0.00218859,0.658414,0.47373
1495,1,0.1,0,0,1,1,1,4.33973,0.0279253,-5.21845e-19,0.0021901,0.389093,0.406055
1496,1,0.1,0,0,1,1,1,4.33963,-0.0191986,-0.0127836,0.00220008,0.53103,0.394775
1497,1,0.1,0,0,1,1,1,4.33973,0.00523599,-0.00532648,0.00218762,0.447358,0.293262
1498,1,0.1,0,0,1,1,1,4.33963,0.0122173,2.28307e-18,0.00219583,0.389849,0.496289
1499,1,0.1,0,0,1,1,1,4.33963,-0.0174533,-0.00639178,0.00221291,0.462413,0.417334
1500,1,0.1,0,0,1,1,1,4.33973,0,-0.0223712,0.00220002,0.636486,0.451172
1501,1,0.1,0,0,1,1,1,4.33973,0.0418879,0.0010653,0.00221872,0.381152,0.383496
1502,1,0.1,0,0,1,1,1,4.33973,-0.00523599,-0.0127836,0.00223697,0.535899,0.372217
1503,1,0.1,0,0,1,1,1,4.33973,0.00872665,0.0245018,0.00220649,0.121736,0.338379
1504,1,0.1,0,0,1,1,1,4.33963,0,0.00426119,0.00216264,0.338596,0.394775
1505,1,0.1,0,0,1,1,1,4.33963,0,-0.0117183,0.00217448,0.515932,0.439893
1506,1,0.1,0,0,1,1,1,4.33973,-0.0122173,-0.00319589,0.00218803,0.423975,0.383496
1507,1,0.1,0,0,1,1,1,4.33973,0,0.0223712,0.00216777,0.140062,0.428613
1508,1,0.1,0,0,1,1,1,4.33963,0,0.00639178,0.00211751,0.309201,0.406055
1509,1,0.1,0,0,1,1,1,4.33963,0,0.0117183,0.0021047,0.248919,0.406055
1510,1,0.1,0,0,1,1,1,4.33963,0,-0.0159795,0.0021192,0.555508,0.383496
1511,1,0.1,0,0,1,1,1,4.33973,0.0174533,0.00639178,0.0021012,0.307048,0.304541
1512,1,0.1,0,0,1,1,1,4.33963,0,0.00426119,0.00212265,0.333316,0.383496
1513,1,0.1,0,0,1,1,1,4.33963,-0.0122173,-0.0117183,0.0021274,0.509717,0.47373
1514,1,0.1,0,0,1,1,1,4.33973,0,0.0149142,0.0021085,0.214267,0.394775
1515,1,0.1,0,0,1,1,1,4.33963,0,0.00319589,0.00203595,0.333336,0.47373
1516,1,0.1,0,0,1,1,1,4.33963,-0.0558505,-3.91384e-19,0.00199841,0.363791,0.225586
1517,1,0.1,0,0,1,1,1,4.33963,0,-0.0255671,0.00200589,0.646016,0.293262
1518,1,0.1,0,0,1,1,1,4.33963,-0.00872665,-0.0159795,0.00202342,0.542865,0.439893
1519,1,0.1,0,0,1,1,1,4.33963,0,-0.0010653,0.0020526,0.382661,0.338379
1520,1,0.1,0,0,1,1,1,4.33963,0,0.0010653,0.00204699,0.358484,0.3271
1521,1,0.1,0,0,1,1,1,4.33963,0.00174533,0.00745708,0.00202987,0.285915,0.338379
1522,1,0.1,0,0,1,1,1,4.33963,0,-0.0202406,0.00202145,0.589479,0.31582
1523,1,0.1,0,0,1,1,1,4.33973,0.0226893,0.0117183,0.00200602,0.235893,0.338379
1524,1,0.1,0,0,1,1,1,4.33963,-0.0226893,-0.0202406,0.00201431,0.588536,0.349658
1525,1,0.1,0,0,1,1,1,4.33963,0.015708,-0.0010653,0.00203683,0.38058,0.47373
1526,1,0.1,0,0,1,1,1,4.33963,-0.0226893,0.0223712,0.00202641,0.121403,0.372217
1527,1,0.1,0,0,1,1,1,4.33963,-0.0558505,-0.00213059,0.00200624,0.38826,0.293262
1528,1,0.1,0,0,1,1,1,4.33963,0.0261799,0.0117183,0.00193801,0.226916,0.338379
1529,1,0.1,0,0,1,1,1,4.33954,0,-0.0234365,0.00195622,0.616023,0.259424
1530,1,0.1,0,0,1,1,1,4.33973,0.020944,-0.00639178,0.0019879,0.432712,0.417334
1531,1,0.1,0,0,1,1,1,4.33963,0,0.0202406,0.00200497,0.142009,0.428613
1532,1,0.1,0,0,1,1,1,4.33963,-0.0314159,0.0255671,0.00199561,0.0821818,0.281982
1533,1,0.1,0,0,1,1,1,4.33963,-0.0401426,0.010653,0.00198307,0.244583,0.293262
1534,1,0.1,0,0,1,1,1,4.33963,0.0261799,0.0117183,0.00200219,0.235388,0.349658
1535,1,0.1,0,0,1,1,1,4.33963,-0.0122173,0.00852238,0.00198535,0.26832,0.439893
1536,1,0.1,0,0,1,1,1,4.33963,0,-0.00852238,0.00196649,0.453322,0.293262
1537,1,0.1,0,0,1,1,1,4.33963,0.015708,0.0191753,0.00191571,0.141945,0.383496
1538,1,0.1,0,0,1,1,1,4.33963,-0.0174533,-0.010653,0.00193417,0.472494,0.360938
1539,1,0.1,0,0,1,1,1,4.33963,0,0.0127836,0.00191443,0.211974,0.451172
1540,1,0.1,0,0,1,1,1,4.33954,-0.0349066,-0.00426119,0.00191903,0.400186,0.248145
1541,1,0.1,0,0,1,1,1,4.33963,0.00174533,0.00852238,0.001888,0.25547,0.236865
1542,1,0.1,0,0,1,1,1,4.33963,0,7.17537e-19,0.0019278,0.35447,0.406055
1543,1,0.1,0,0,1,1,1,4.33963,-0.0226893,-0.00958767,0.00189684,0.455726,0.406055
1544,1,0.1,0,0,1,1,1,4.33963,-0.0174533,-0.00213059,0.00191457,0.37616,0.281982
1545,1,0.1,0,0,1,1,1,4.33963,0,0.00852238,0.001888,0.25547,0.281982
1546,1,0.1,0,0,1,1,1,4.33963,0,-0.0010653,0.00190854,0.363645,0.439893
1547,1,0.1,0,0,1,1,1,4.33963,0,0.00852238,0.00190735,0.257995,0.462451
1548,1,0.1,0,0,1,1,1,4.33963,-0.0226893,0.00426119,0.001913,0.305643,0.48501
1549,1,0.1,0,0,1,1,1,4.33963,0,0.00319589,0.0019102,0.316991,0.462451
1550,1,0.1,0,0,1,1,1,4.33963,0,-0.00745708,0.0019003,0.432868,0.270703
1551,1,0.1,0,0,1,1,1,4.33963,0.00523599,-2.60922e-19,0.00190031,0.350841,0.462451
1552,1,0.1,0,0,1,1,1,4.33963,-0.0122173,-0.00852238,0.00190357,0.445018,0.372217
1553,1,0.1,0,0,1,1,1,4.33963,0,0.00852238,0.00187863,0.254234,0.338379
1554,1,0.1,0,0,1,1,1,4.33963,0,0.0117183,0.00192814,0.225614,0.530127
1555,1,0.1,0,0,1,1,1,4.33963,-0.0226893,-0.00426119,0.00191568,0.399743,0.372217
1556,1,0.1,0,0,1,1,1,4.33963,0.00698132,0.00319589,0.00194355,0.321393,0.530127
1557,1,0.1,0,0,1,1,1,4.33963,-0.0261799,0.010653,0.00191296,0.235328,0.191748
1558,1,0.1,0,0,1,1,1,4.33963,0,-0.010653,0.00190616,0.468796,0.293262
1559,1,0.1,0,0,1,1,1,4.33963,0.0191986,0.0149142,0.00191066,0.188151,0.451172
1560,1,0.1,0,0,1,1,1,4.33963,-0.0226893,0.0010653,0.0019346,0.34365,0.428613
1561,1,0.1,0,0,1,1,1,4.33963,0,-0.00319589,0.00190332,0.386393,0.428613
1562,1,0.1,0,0,1,1,1,4.33963,-0.00872665,-0.00319589,0.0018873,0.384278,0.270703
1563,1,0.1,0,0,1,1,1,4.33963,0,0.00426119,0.00187161,0.300179,0.406055
1564,1,0.1,0,0,1,1,1,4.33963,-0.0174533,0.00213059,0.00187064,0.323488,0.31582
1565,1,0.1,0,0,1,1,1,4.33963,0,0.00958767,0.00188176,0.242928,0.31582
1566,1,0.1,0,0,1,1,1,4.33963,0.020944,-0.0149142,0.00189152,0.513736,0.360938
1567,1,0.1,0,0,1,1,1,4.33963,0.0226893,-0.0213059,0.00191426,0.587047,0.338379
1568,1,0.1,0,0,1,1,1,4.33963,0,0.00532648,0.00190139,0.292392,0.372217
1569,1,0.1,0,0,1,1,1,4.33963,0,-0.00319589,0.00188832,0.384414,0.304541
1570,1,0.1,0,0,1,1,1,4.33963,0,-0.0276977,0.00191838,0.657901,0.360938
1571,1,0.1,0,0,1,1,1,4.33973,0.010472,-0.00426119,0.00188227,0.395333,0.214307
1572,1,0.1,0,0,1,1,1,4.33963,0,-0.00639178,0.00187935,0.418384,0.304541
1573,1,0.1,0,0,1,1,1,4.33963,0,-0.0010653,0.00187941,0.3598,0.281982
1574,1,0.1,0,0,1,1,1,4.33963,0,0.0191753,0.00186652,0.135452,0.281982
1575,1,0.1,0,0,1,1,1,4.33963,-0.00174533,0.01811,0.00184574,0.144426,0.304541
1576,1,0.1,0,0,1,1,1,4.33963,0,0.0202406,0.0017997,0.114913,0.293262
1577,1,0.1,0,0,1,1,1,4.33963,0,-0.00745708,0.00183453,0.424186,0.372217
1578,1,0.1,0,0,1,1,1,4.33973,0.00349066,-0.00852238,0.00183219,0.435595,0.304541
1579,1,0.1,0,0,1,1,1,4.33963,0.00872665,-0.00639178,0.00183179,0.412106,0.248145
1580,1,0.1,0,0,1,1,1,4.33963,0,-0.0010653,0.00181812,0.35171,0.304541
1581,1,0.1,0,0,1,1,1,4.33963,0,-0.010653,0.00182325,0.457851,0.439893
1582,1,0.1,0,0,1,1,1,4.33963,0,0.00852238,0.00177268,0.240248,0.293262
1583,1,0.1,0,0,1,1,1,4.33963,0,-0.00426119,0.0017485,0.377676,0.293262
1584,1,0.1,0,0,1,1,1,4.33963,0,0.00319589,0.00170816,0.290244,0.259424
1585,1,0.1,0,0,1,1,1,4.33963,0,0.00319589,0.00168071,0.2867,0.248145
1586,1,0.1,0,0,1,1,1,4.33963,0,-2.47876e-18,0.00167665,0.321318,0.360938
1587,1,0.1,0,0,1,1,1,4.33963,0,0.010653,0.0016943,0.206465,0.338379
1588,1,0.1,0,0,1,1,1,4.33963,0,-0.0010653,0.00166367,0.331234,0.281982
1589,1,0.1,0,0,1,1,1,4.33963,0,0.00745708,0.0016726,0.238756,0.293262
1590,1,0.1,0,0,1,1,1,4.33963,0,-0.0010653,0.00168296,0.33387,0.338379
1591,1,0.1,0,0,1,1,1,4.33963,0,-0.0159795,0.00170621,0.500994,0.304541
1592,1,0.1,0,0,1,1,1,4.33963,0,-0.010653,0.00169667,0.441143,0.406055
1593,1,0.1,0,0,1,1,1,4.33963,0.00872665,0.00958767,0.00168583,0.217065,0.214307
1594,1,0.1,0,0,1,1,1,4.33963,0,0.0010653,0.00169683,0.312263,0.31582
1595,1,0.1,0,0,1,1,1,4.33963,-0.00523599,0.00426119,0.00165803,0.271986,0.248145
1596,1,0.1,0,0,1,1,1,4.33963,0,0.00745708,0.00158294,0.226648,0.236865
1597,1,0.1,0,0,1,1,1,4.33954,0,0.00639178,0.0015688,0.236773,0.259424
1598,1,0.1,0,0,1,1,1,4.33963,-0.0122173,0.0138489,0.00152214,0.148586,0.203027
1599,1,0.1,0,0,1,1,1,4.33954,0,-0.0010653,0.00152013,0.312376,0.31582
1600,1,0.1,0,0,1,1,1,4.33963,0,0.00319589,0.00152167,0.265705,0.304541
1601,1,0.1,0,0,1,1,1,4.33963,0,-1.23938e-18,0.00151432,0.29989,0.3271
1602,1,0.1,0,0,1,1,1,4.33963,0,-0.00639178,0.00152397,0.371473,0.304541
1603,1,0.1,0,0,1,1,1,4.33963,0,0.0191753,0.00149806,0.0868157,0.281982
1604,1,0.1,0,0,1,1,1,4.33954,0,0.00639178,0.00147988,0.225034,0.15791
1605,1,0.1,0,0,1,1,1,4.33963,0,0.010653,0.0014652,0.176223,0.214307
1606,1,0.1,0,0,1,1,1,4.33954,0,0.0149142,0.00143272,0.125064,0.191748
1607,1,0.1,0,0,1,1,1,4.33963,0,-0.00958767,0.00145553,0.397595,0.31582
1608,1,0.1,0,0,1,1,1,4.33963,0,5.87076e-19,0.00140976,0.286088,0.203027
1609,1,0.1,0,0,1,1,1,4.33963,0.0226893,0.0170448,0.00140787,0.0983462,0.214307
1610,1,0.1,0,0,1,1,1,4.33963,0,-0.00213059,0.00138849,0.306717,0.293262
1611,1,0.1,0,0,1,1,1,4.33954,0,0.00745708,0.00135816,0.197249,0.124072
1612,1,0.1,0,0,1,1,1,4.33954,0,-0.010653,0.00130811,0.389854,0.15791
1613,1,0.1,0,0,1,1,1,4.33954,0.0122173,-0.00426119,0.00127983,0.31581,0.203027
1614,1,0.1,0,0,1,1,1,4.33954,0,-0.0117183,0.00126811,0.396292,0.281982
1615,1,0.1,0,0,1,1,1,4.33954,0,-0.00532648,0.00124591,0.323051,0.293262
1616,1,0.1,0,0,1,1,1,4.33954,0,-1.95692e-19,0.00121509,0.26011,0.349658
1617,1,0.1,0,0,1,1,1,4.33954,0,0.010653,0.00117852,0.13822,0.191748
1618,1,0.1,0,0,1,1,1,4.33954,-0.0174533,0.0117183,0.00114395,0.122017,0.236865
1619,1,0.1,0,0,1,1,1,4.33954,0,0.00532648,0.00116073,0.194625,0.31582
1620,1,0.1,0,0,1,1,1,4.33954,0,-0.0127836,0.00112253,0.388793,0.124072
1621,1,0.1,0,0,1,1,1,4.33954,0.020944,0.00745708,0.00110843,0.164285,0.225586
1622,1,0.1,0,0,1,1,1,4.33954,0,0.00426119,0.00110951,0.199582,0.225586
1623,1,0.1,0,0,1,1,1,4.33954,0,-0.0117183,0.00107805,0.371203,0.146631
1624,1,0.1,0,0,1,1,1,4.33954,0,0.0117183,0.00107001,0.112304,0.259424
1625,1,0.1,0,0,1,1,1,4.33954,-0.0226893,0.00213059,0.00104896,0.215026,0.293262
1626,1,0.1,0,0,1,1,1,4.33954,0.0244346,-0.0138489,0.00106759,0.393259,0.31582
1627,1,0.1,0,0,1,1,1,4.33954,0,0.00958767,0.00106672,0.135343,0.203027
1628,1,0.1,0,0,1,1,1,4.33963,0.00349066,0.0191753,0.00103349,0.0251063,0.304541
1629,1,0.1,0,0,1,1,1,4.33954,0,0.00213059,0.0010663,0.217315,0.203027
1630,1,0.099998,-0.00117526,-0.465529,1,1,1,4.33954,0.010472,-0.00319589,0.00104669,0.196073,0.225586
1631,1,0.0999845,-0.00460862,-0.903046,1,1,1,4.33954,0,-0.00532648,0.00101263,0.113133,0.0563965
1632,1,0.0999484,-0.0101596,-1.31286,1,1,1,4.33954,0,-0.0010653,0.000958223,-0.0663109,0.101514
1633,1,0.0998796,-0.0176916,-1.69561,1,1,1,4.33944,-0.0174533,0.00532648,0.000901845,-0.29035,-0.0225586
1634,1,0.0997684,-0.0270721,-2.0519,1,1,1,4.33944,0,-0.00426119,0.000807198,-0.36426,0.0338379
1635,1,0.099606,-0.0381683,-2.38225,1,1,1,4.33934,-0.0296706,-0.00745708,0.000689618,-0.529795,-0.112793
1636,1,0.0993841,-0.0508502,-2.6872,1,1,1,4.33925,-0.0244346,0.00213059,0.00051262,-0.861211,-0.169189
1637,1,0.0990951,-0.0649965,-2.96743,1,1,1,4.33896,-0.102974,-0.0255671,0.000310223,-0.802749,-0.439893
1638,1,0.0987319,-0.0804862,-3.22351,1,1,1,4.3381,-0.29147,-0.00213059,-8.71206e-06,-1.33727,-0.857227
1639,1,0.0982882,-0.0971944,-3.45593,1,1,1,4.33656,-0.0802851,-0.0362201,-0.000328258,-1.2525,-1.38735
1640,1,0.0977581,-0.115006,-3.6653,1,1,1,4.33666,0.0383972,-0.0894849,-0.000544659,-0.952555,-1.0377
1641,1,0.0971365,-0.133808,-3.85221,1,1,1,4.33608,-0.122173,-0.0852238,-0.000735619,-1.29037,-1.19561
1642,1,0.0964185,-0.153493,-4.01726,1,1,1,4.33551,-0.118682,-0.135293,-0.000923463,-1.03878,-1.11665
1643,1,0.0956002,-0.173947,-4.16098,1,1,1,4.33465,-0.150098,-0.140619,-0.00104107,-1.27547,-1.09409
1644,1,0.094678,-0.195067,-4.28396,1,1,1,4.33388,-0.211185,-0.183231,-0.00113328,-1.1044,-1.15049
1645,1,0.0936486,-0.216753,-4.38678,1,1,1,4.33263,-0.179769,-0.194949,-0.00121819,-1.27608,-1.10537
1646,1,0.0925097,-0.238901,-4.47002,1,1,1,4.33158,-0.284489,-0.242888,-0.00126266,-1.04697,-1.27456
1647,1,0.091259,-0.261422,-4.53425,1,1,1,4.33014,-0.253073,-0.263128,-0.00128538,-1.12096,-1.21816
1648,1,0.089895,-0.284215,-4.58005,1,1,1,4.3288,-0.335103,-0.30361,-0.00123038,-0.961578,-1.11665
1649,1,0.0884165,-0.307192,-4.60799,1,1,1,4.32707,-0.307178,-0.322785,-0.00120153,-1.03994,-1.00386
1650,1,0.0868228,-0.330267,-4.61866,1,1,1,4.32554,-0.376991,-0.351548,-0.00113032,-1.00569,-0.913623
1651,1,0.0851138,-0.353351,-4.61261,1,1,1,4.32352,-0.361283,-0.373919,-0.00104183,-1.03683,-0.947461
1652,1,0.0832895,-0.376365,-4.59044,1,1,1,4.32161,-0.497419,-0.382442,-0.00100171,-1.22435,-1.15049
1653,1,0.0813505,-0.399229,-4.55272,1,1,1,4.31921,-0.39968,-0.446359,-0.000916415,-0.792187,-1.20688
1654,1,0.0792975,-0.421868,-4.50002,1,1,1,4.31758,-0.380482,-0.462339,-0.000579623,-0.847174,-0.868506
1655,1,0.0771323,-0.444205,-4.43292,1,1,1,4.3149,-0.509636,-0.457012,-0.000459447,-1.15908,-1.06025
1656,1,0.0748562,-0.466173,-4.352,1,1,1,4.31288,-0.485202,-0.48471,-0.000393107,-1.11061,-1.28584
1657,1,0.0724711,-0.487705,-4.25782,1,1,1,4.30991,-0.436332,-0.497494,-0.000318654,-1.21754,-1.3084
1658,1,0.0699801,-0.50873,-4.15099,1,1,1,4.30809,-0.472984,-0.515604,-0.00030912,-1.26724,-1.33096
1659,1,0.0673848,-0.529194,-4.03204,1,1,1,4.30445,-0.555015,-0.533714,-0.000525852,-1.33728,-1.40991
1660,1,0.064689,-0.549033,-3.90158,1,1,1,4.30243,-0.495674,-0.542236,-0.000227183,-1.43504,-1.38735
1661,1,0.0618957,-0.568191,-3.76018,1,1,1,4.29908,-0.621337,-0.57313,-0.000176338,-1.30972,-1.31968
1662,1,0.0590084,-0.586616,-3.60841,1,1,1,4.29649,-0.619592,-0.598697,-0.000141685,-1.23431,-1.21816
1663,1,0.056031,-0.604258,-3.44685,1,1,1,4.29304,-0.549779,-0.620003,-8.35525e-05,-1.19102,-1.33096
1664,1,0.0529673,-0.621069,-3.27607,1,1,1,4.29054,-0.649262,-0.613611,5.47578e-05,-1.42845,-1.12793
1665,1,0.0498214,-0.637006,-3.09663,1,1,1,4.28652,-0.678933,-0.653027,0.000156395,-1.15582,-1.20688
1666,1,0.0465989,-0.652021,-2.90917,1,1,1,4.28412,-0.600393,-0.662615,0.000242521,-1.1999,-1.27456
1667,1,0.0433029,-0.666084,-2.71417,1,1,1,4.27971,-0.692896,-0.679659,0.000315251,-1.15146,-1.01514
1668,1,0.0399393,-0.679153,-2.51229,1,1,1,4.27703,-0.682424,-0.716945,0.000401864,-0.864764,-1.07153
1669,1,0.036513,-0.691197,-2.30406,1,1,1,4.27262,-0.659734,-0.713749,0.000528134,-1.00313,-1.16177
1670,1,0.0330292,-0.702184,-2.09008,1,1,1,4.26993,-0.680678,-0.730794,0.000690298,-0.899387,-0.947461
1671,1,0.029493,-0.712089,-1.87092,1,1,1,4.26533,-0.755728,-0.71801,0.000835077,-1.11146,-0.755713
1672,1,0.0259099,-0.720886,-1.64713,1,1,1,4.26255,-0.706858,-0.758491,0.000977187,-0.724063,-0.913623
1673,1,0.0222863,-0.728553,-1.41935,1,1,1,4.25814,-0.750492,-0.729728,0.0010672,-1.09025,-0.80083
1674,1,0.0186267,-0.735073,-1.18808,1,1,1,4.25507,-0.745256,-0.757426,0.00110076,-0.830141,-0.913623
1675,1,0.0149372,-0.740429,-0.953928,1,1,1,4.25009,-0.734784,-0.7521,0.00118265,-0.910521,-0.845947
1676,1,0.0112242,-0.744609,-0.717483,1,1,1,4.2475,-0.680678,-0.771275,0.00125126,-0.708131,-1.04897
1677,1,0.00749316,-0.747601,-0.479306,1,1,1,4.24261,-0.764454,-0.737185,0.00128248,-1.08432,-0.857227
1678,1,0.0037505,-0.7494,-0.24,1,1,1,4.23973,-0.724312,-0.779797,0.00136989,-0.594475,-0.95874
1679,1,1.803e-06,-0.75,-0.000115392,1,1,1,4.23523,-0.745256,-0.755296,0.00146325,-0.827147,-0.789551
1680,1,-0.00374763,-0.749401,0.239817,1,1,1,4.23225,-0.685914,-0.771275,0.00154787,-0.600452,-0.97002
1681,1,-0.00749096,-0.747603,0.479165,1,1,1,4.22765,-0.809833,-0.742512,0.0016114,-0.853794,-0.631641
1682,1,-0.0112218,-0.744611,0.717332,1,1,1,4.22458,-0.706858,-0.757426,0.00169596,-0.609037,-0.744434
1683,1,-0.0149349,-0.740432,0.953776,1,1,1,4.22017,-0.750492,-0.767014,0.00177817,-0.408535,-0.406055
1684,1,-0.0186243,-0.735077,1.18793,1,1,1,4.21739,-0.71384,-0.756361,0.00182686,-0.420553,-0.439893
1685,1,-0.0222839,-0.728557,1.4192,1,1,1,4.21269,-0.734784,-0.725467,0.00188768,-0.639417,-0.383496
1686,1,-0.0259077,-0.720891,1.64699,1,1,1,4.21011,-0.630064,-0.737185,0.00196998,-0.372769,-0.48501
1687,1,-0.0294906,-0.712095,1.87076,1,1,1,4.20579,-0.757473,-0.724402,0.00201535,-0.366905,-0.428613
1688,1,-0.0330271,-0.70219,2.08996,1,1,1,4.20282,-0.698132,-0.694574,0.00203967,-0.537851,-0.406055
1689,1,-0.0365111,-0.691203,2.30394,1,1,1,4.19831,-0.76969,-0.678594,0.00200503,-0.55139,-0.383496
1690,1,-0.0399369,-0.679162,2.51214,1,1,1,4.19582,-0.567232,-0.677529,0.00202473,-0.381238,-0.530127
1691,1,-0.0433009,-0.666092,2.71405,1,1,1,4.1917,-0.745256,-0.697769,0.00210442,0.043291,-0.270703
1692,1,-0.0465963,-0.652033,2.90901,1,1,1,4.18901,-0.612611,-0.68179,0.00213619,0.0746202,-0.191748
1693,1,-0.0498192,-0.637017,3.0965,1,1,1,4.18537,-0.595157,-0.659419,0.00227131,0.0602457,-0.0451172
1694,1,-0.0529649,-0.621081,3.27593,1,1,1,4.18297,-0.602139,-0.635982,0.00230128,0.0307381,-0.135352
1695,1,-0.0560288,-0.60427,3.44673,1,1,1,4.17971,-0.460767,-0.616807,0.00239313,0.0660738,-0.0676758
1696,1,-0.0590063,-0.586629,3.60829,1,1,1,4.17808,-0.397935,-0.588044,0.00241189,-0.00440237,-0.112793
1697,1,-0.0618935,-0.568205,3.76007,1,1,1,4.17454,-0.741765,-0.581652,0.00246115,0.183697,-0.0112793
1698,1,-0.0646869,-0.549047,3.90148,1,1,1,4.17185,-0.647517,-0.55502,0.00244321,0.148174,-0.135352
1699,1,-0.0673828,-0.529209,4.03194,1,1,1,4.16859,-0.460767,-0.537975,0.00247572,0.23195,-0.146631
1700,1,-0.0699782,-0.508745,4.1509,1,1,1,4.16706,-0.34383,-0.501755,0.00247969,0.107216,-0.112793
1701,1,-0.0724697,-0.487717,4.25776,1,1,1,4.16428,-0.607375,-0.470861,0.00245541,0.0428367,0
1702,1,-0.0748545,-0.466189,4.35194,1,1,1,4.16198,-0.5044,-0.455947,0.00245172,0.161553,0.0451172
1703,1,-0.0771307,-0.444221,4.43287,1,1,1,4.15987,-0.310669,-0.450621,0.00244374,0.388965,0.15791
1704,1,-0.0792962,-0.421882,4.49998,1,1,1,4.15833,-0.446804,-0.404813,0.00241558,0.171184,0.304541
1705,1,-0.081349,-0.399246,4.55269,1,1,1,4.15575,-0.366519,-0.401617,0.00233934,0.417579,0.259424
1706,1,-0.0832883,-0.37638,4.59042,1,1,1,4.1544,-0.326377,-0.340895,0.002196,0.0232617,0.135352
1707,1,-0.0851125,-0.353368,4.6126,1,1,1,4.15229,-0.340339,-0.327046,0.00205405,0.144445,0.15791
1708,1,-0.0868218,-0.330282,4.61866,1,1,1,4.15124,-0.247837,-0.278043,0.00184436,-0.132237,0.146631
1709,1,-0.0884154,-0.307209,4.60801,1,1,1,4.14932,-0.340339,-0.278043,0.00162353,0.125082,0.169189
1710,1,-0.0898941,-0.284229,4.58007,1,1,1,4.14808,-0.260054,-0.243953,0.00141912,0.00670873,0.135352
1711,1,-0.0912582,-0.261436,4.53429,1,1,1,4.14693,-0.21293,-0.230104,0.00125822,0.112326,0.112793
1712,1,-0.0925088,-0.238919,4.47008,1,1,1,4.14597,-0.235619,-0.206668,0.00111248,0.108334,0.101514
1713,1,-0.0936479,-0.216768,4.38685,1,1,1,4.14482,-0.13439,-0.193884,0.000928456,0.208503,0.112793
1714,1,-0.0946772,-0.195084,4.28404,1,1,1,4.14424,-0.165806,-0.174709,0.000785498,0.236037,0.15791
1715,1,-0.0955996,-0.173961,4.16107,1,1,1,4.14328,-0.150098,-0.147011,0.000629009,0.15803,0.15791
1716,1,-0.096418,-0.153506,4.01736,1,1,1,4.1428,-0.118682,-0.12464,0.000429502,0.120442,0.124072
1717,1,-0.097136,-0.133822,3.85234,1,1,1,4.14204,-0.111701,-0.107595,0.000258821,0.133048,0.0902344
1718,1,-0.0977577,-0.115019,3.66544,1,1,1,4.14165,-0.0785398,-0.0617872,4.27808e-05,-0.191389,0.0563965
1719,1,-0.0982878,-0.0972067,3.45609,1,1,1,4.14127,-0.0767945,-0.0692443,-0.000143669,0.0577617,0.0112793
1720,1,-0.0987316,-0.0804968,3.22367,1,1,1,4.14098,-0.0523599,-0.057526,-0.000334249,0.0787059,0.0225586
1721,1,-0.0990948,-0.065009,2.96765,1,1,1,4.14079,-0.0174533,-0.0245018,-0.000548483,-0.156847,-0.0902344
1722,1,-0.0993839,-0.0508601,2.68741,1,1,1,4.14069,-0.0261799,-0.00852238,-0.00076682,-0.226226,-0.0112793
1723,1,-0.0996059,-0.0381757,2.38245,1,1,1,4.14041,-0.0541052,-0.0213059,-0.000977738,-0.000188613,-0.0676758
1724,1,-0.0997683,-0.0270781,2.0521,1,1,1,4.14002,-0.115192,0.0213059,-0.00119276,-0.406968,-0.0902344
1725,1,-0.0998795,-0.0176973,1.69585,1,1,1,4.13926,-0.111701,0.0372854,-0.00140209,-0.54562,-0.338379
1726,1,-0.0999484,-0.0101643,1.31315,1,1,1,4.13926,0.0645772,0.0266324,-0.00159075,-0.415876,-0.394775
1727,1,-0.0999845,-0.00461151,0.903317,1,1,1,4.13935,-0.0279253,0.0159795,-0.00166211,-0.297112,-0.31582
1728,1,-0.099998,-0.00117694,0.465854,1,1,1,4.13945,0.0471239,0.00639178,-0.00171234,-0.217124,-0.304541
1729,1,-0.1,-2.61927e-10,0.000224253,1,1,1,4.13935,0,-0.00213059,-0.00170399,-0.171864,-0.146631
1730,1,-0.1,-0,-0,1,1,1,4.13945,0,0.0159795,-0.00171461,-0.374649,-0.0789551
1731,1,-0.1,-0,-0,1,1,1,4.13935,-0.0139626,0.010653,-0.00171877,-0.318777,-0.180469
1732,1,-0.1,-0,-0,1,1,1,4.13935,0.00872665,0.0149142,-0.00178614,-0.378099,-0.259424
1733,1,-0.1,-0,-0,1,1,1,4.13926,0,0.00532648,-0.00180132,-0.277149,-0.349658
1734,1,-0.1,-0,-0,1,1,1,4.13935,0,1.5003e-18,-0.00178691,-0.218723,-0.338379
1735,1,-0.1,-0,-0,1,1,1,4.13935,0,0.00426119,-0.00178547,-0.267672,-0.124072
1736,1,-0.1,-0,-0,1,1,1,4.13926,-0.00698132,-0.00958767,-0.00178142,-0.117232,-0.394775
1737,1,-0.1,-0,-0,1,1,1,4.13935,0.0314159,-1.10892e-18,-0.00173812,-0.217979,-0.0451172
1738,1,-0.1,-0,-0,1,1,1,4.13935,-0.0436332,0.0213059,-0.0017813,-0.460512,-0.281982
1739,1,-0.1,-0,-0,1,1,1,4.13926,0,-0.0117183,-0.00179605,-0.102371,-0.281982
1740,1,-0.1,-0,-0,1,1,1,4.13935,0,-0.00213059,-0.00181662,-0.213076,-0.293262
1741,1,-0.1,-0,-0,1,1,1,4.13926,0,0.00639178,-0.00183067,-0.311032,-0.270703
1742,1,-0.1,-0,-0,1,1,1,4.13935,0,0.00532648,-0.00184912,-0.304316,-0.236865
1743,1,-0.1,-0,-0,1,1,1,4.13935,0,-0.0010653,-0.00186251,-0.238301,-0.236865
1744,1,-0.1,-0,-0,1,1,1,4.13935,0,-0.00426119,-0.00185682,-0.204272,-0.236865
1745,1,-0.1,-0,-0,1,1,1,4.13935,0,0.00958767,-0.0018227,-0.35341,-0.101514
1746,1,-0.1,-0,-0,1,1,1,4.13935,0,0.0127836,-0.00182198,-0.390886,-0.281982
1747,1,-0.1,-0,-0,1,1,1,4.13926,0,0.00319589,-0.00182769,-0.288579,-0.304541
1748,1,-0.1,-0,-0,1,1,1,4.13926,0,0.0170448,-0.00185201,-0.446595,-0.293262
1749,1,-0.1,-0,-0,1,1,1,4.13926,-0.00523599,0.00532648,-0.00188134,-0.324357,-0.349658
1750,1,-0.1,-0,-0,1,1,1,4.13926,0,-0.00852238,-0.00191632,-0.179751,-0.338379
1751,1,-0.1,-0,-0,1,1,1,4.13926,0.0174533,0.00958767,-0.00193958,-0.38441,-0.383496
1752,1,-0.1,-0,-0,1,1,1,4.13926,0,0.00319589,-0.00191747,-0.313412,-0.214307
1753,1,-0.1,-0,-0,1,1,1,4.13926,0,-0.00426119,-0.00193679,-0.236795,-0.293262
1754,1,-0.1,-0,-0,1,1,1,4.13926,-0.00872665,0.00213059,-0.00193912,-0.309839,-0.360938
1755,1,-0.1,-0,-0,1,1,1,4.13926,0,0.0010653,-0.00193493,-0.299949,-0.31582
1756,1,-0.1,-0,-0,1,1,1,4.13926,0.0226893,-0.00958767,-0.00193639,-0.185326,-0.293262
1757,1,-0.1,-0,-0,1,1,1,4.13926,0.0174533,0.00745708,-0.00191714,-0.371903,-0.293262
1758,1,-0.1,-0,-0,1,1,1,4.13926,-0.0122173,-0.00532648,-0.00195559,-0.239863,-0.507568
1759,1,-0.1,-0,-0,1,1,1,4.13926,0.0279253,0.00532648,-0.0019873,-0.364229,-0.383496
1760,1,-0.1,-0,-0,1,1,1,4.13916,-0.00872665,-0.00213059,-0.00199864,-0.286218,-0.31582
1761,1,-0.1,-0,-0,1,1,1,4.13926,0,-0.0010653,-0.00196664,-0.295415,-0.214307
1762,1,-0.1,-0,-0,1,1,1,4.13926,0,0.0266324,-0.00197681,-0.603614,-0.225586
1763,1,-0.1,-0,-0,1,1,1,4.13916,-0.0226893,-0.00958767,-0.00197736,-0.20844,-0.281982
1764,1,-0.1,-0,-0,1,1,1,4.13926,0.0261799,-0.00958767,-0.00196803,-0.209429,-0.225586
1765,1,-0.1,-0,-0,1,1,1,4.13926,0,0.0266324,-0.00197141,-0.610348,-0.293262
1766,1,-0.1,-0,-0,1,1,1,4.13926,0,0.0159795,-0.00201478,-0.502345,-0.259424
1767,1,-0.1,-0,-0,1,1,1,4.13916,-0.00872665,-0.00426119,-0.00199481,-0.279498,-0.259424
1768,1,-0.1,-0,-0,1,1,1,4.13926,0,-0.0223712,-0.00198613,-0.0816317,-0.293262
1769,1,-0.1,-0,-0,1,1,1,4.13926,0.0191986,0.00532648,-0.00195407,-0.38334,-0.360938
1770,1,-0.1,-0,-0,1,1,1,4.13926,0,0.0202406,-0.00197261,-0.552298,-0.3271
1771,1,-0.1,-0,-0,1,1,1,4.13916,-0.0314159,-0.00745708,-0.00198792,-0.252877,-0.383496
1772,1,-0.1,-0,-0,1,1,1,4.13916,0,-0.00639178,-0.00196953,-0.264113,-0.236865
1773,1,-0.1,-0,-0,1,1,1,4.13916,-0.00523599,0.00745708,-0.00198468,-0.420764,-0.293262
1774,1,-0.1,-0,-0,1,1,1,4.13916,0,-0.00319589,-0.00196463,-0.303051,-0.349658
1775,1,-0.1,-0,-0,1,1,1,4.13926,0,0.00745708,-0.00198229,-0.425279,-0.338379
1776,1,-0.1,-0,-0,1,1,1,4.13916,0,0.0202406,-0.00199309,-0.569834,-0.383496
1777,1,-0.1,-0,-0,1,1,1,4.13916,-0.0122173,-0.00319589,-0.00197798,-0.312658,-0.293262
1778,1,-0.1,-0,-0,1,1,1,4.13916,0,-4.56614e-19,-0.00196326,-0.347654,-0.248145
1779,1,-0.1,-0,-0,1,1,1,4.13916,0,0.01811,-0.00198227,-0.551811,-0.31582
1780,1,-0.1,-0,-0,1,1,1,4.13916,0,0.0010653,-0.00201588,-0.371908,-0.462451
1781,1,-0.1,-0,-0,1,1,1,4.13916,0,0.00745708,-0.00206212,-0.451596,-0.428613
1782,1,-0.1,-0,-0,1,1,1,4.13906,0,-0.0010653,-0.00205329,-0.359091,-0.406055
1783,1,-0.1,-0,-0,1,1,1,4.13916,0,-0.0010653,-0.00204197,-0.357822,-0.360938
1784,1,-0.1,-0,-0,1,1,1,4.13916,0.00872665,0.0170448,-0.00208459,-0.562658,-0.360938
1785,1,-0.1,-0,-0,1,1,1,4.13906,0,-0.0149142,-0.00208448,-0.211096,-0.372217
1786,1,-0.1,-0,-0,1,1,1,4.13906,0.00523599,-0.0191753,-0.00209096,-0.165077,-0.270703
1787,1,-0.1,-0,-0,1,1,1,4.13906,0.0279253,0.00852238,-0.00210822,-0.472031,-0.406055
1788,1,-0.1,-0,-0,1,1,1,4.13906,-0.015708,0.00745708,-0.00214315,-0.464924,-0.451172
1789,1,-0.1,-0,-0,1,1,1,4.13906,0,-0.00639178,-0.00212421,-0.310087,-0.360938
1790,1,-0.1,-0,-0,1,1,1,4.13906,0,-0.0138489,-0.00207568,-0.221622,-0.293262
1791,1,-0.1,-0,-0,1,1,1,4.13906,0,-0.0149142,-0.00206819,-0.208945,-0.383496
1792,1,-0.1,-0,-0,1,1,1,4.13906,0,0.00639178,-0.00206565,-0.442975,-0.259424
1793,1,-0.1,-0,-0,1,1,1,4.13906,-0.00872665,-0.00852238,-0.00207046,-0.279554,-0.48501
1794,1,-0.1,-0,-0,1,1,1,4.13906,0.00349066,0.00639178,-0.00208895,-0.446051,-0.349658
1795,1,-0.1,-0,-0,1,1,1,4.13897,-0.0139626,-0.0298283,-0.00210661,-0.049961,-0.507568
1796,1,-0.1,-0,-0,1,1,1,4.13897,0.0226893,0.00426119,-0.00206694,-0.419706,-0.360938
1797,1,-0.1,-0,-0,1,1,1,4.13897,-0.0349066,0.00319589,-0.0020751,-0.409068,-0.451172
1798,1,-0.1,-0,-0,1,1,1,4.13897,0,-0.0223712,-0.00207559,-0.127894,-0.518848
1799,1,-0.1,-0,-0,1,1,1,4.13906,0.020944,-0.00426119,-0.0020745,-0.32696,-0.31582
1800,1,-0.1,-0,-0,1,1,1,4.13897,-0.00523599,0.00532648,-0.00206464,-0.431124,-0.214307
1801,1,-0.1,-0,-0,1,1,1,4.13897,0,0.028763,-0.0021058,-0.694358,-0.360938
1802,1,-0.1,-0,-0,1,1,1,4.13897,0,0.0159795,-0.00212907,-0.556811,-0.530127
1803,1,-0.1,-0,-0,1,1,1,4.13897,0,-0.00426119,-0.00212508,-0.333637,-0.406055
1804,1,-0.1,-0,-0,1,1,1,4.13897,0,-0.0223712,-0.00210421,-0.131672,-0.383496
1805,1,-0.1,-0,-0,1,1,1,4.13897,0.0139626,-0.00958767,-0.00208272,-0.269454,-0.406055
1806,1,-0.1,-0,-0,1,1,1,4.13897,-0.0122173,1.76123e-18,-0.00210456,-0.377802,-0.360938
1807,1,-0.1,-0,-0,1,1,1,4.13897,0,-0.00958767,-0.00209242,-0.270735,-0.394775
1808,1,-0.1,-0,-0,1,1,1,4.13897,0,-0.00639178,-0.00212178,-0.309766,-0.394775
1809,1,-0.1,-0,-0,1,1,1,4.13887,0,0.01811,-0.00213441,-0.580953,-0.406055
1810,1,-0.1,-0,-0,1,1,1,4.13897,0,-0.00639178,-0.00211219,-0.3085,-0.496289
1811,1,-0.1,-0,-0,1,1,1,4.13897,0,-0.00745708,-0.00209824,-0.29494,-0.417334
1812,1,-0.1,-0,-0,1,1,1,4.13897,0,-0.00745708,-0.00208879,-0.293692,-0.293262
1813,1,-0.1,-0,-0,1,1,1,4.13897,0,-0.0117183,-0.00208795,-0.246708,-0.281982
1814,1,-0.1,-0,-0,1,1,1,4.13887,-0.0471239,0.010653,-0.00211664,-0.49658,-0.417334
1815,1,-0.1,-0,-0,1,1,1,4.13887,0,0.00958767,-0.00214469,-0.488564,-0.428613
1816,1,-0.1,-0,-0,1,1,1,4.13887,0,0.0202406,-0.00213899,-0.604994,-0.507568
1817,1,-0.1,-0,-0,1,1,1,4.13887,-0.00872665,0.00426119,-0.0021582,-0.431755,-0.281982
1818,1,-0.1,-0,-0,1,1,1,4.13887,-0.0191986,0.0010653,-0.00219315,-0.401214,-0.620361
1819,1,-0.1,-0,-0,1,1,1,4.13887,0.00523599,0.0117183,-0.00219851,-0.519104,-0.225586
1820,1,-0.1,-0,-0,1,1,1,4.13878,-0.0366519,-0.00213059,-0.00218859,-0.365457,-0.530127
1821,1,-0.1,-0,-0,1,1,1,4.13887,0,1.76123e-18,-0.00218344,-0.388214,-0.338379
1822,1,-0.1,-0,-0,1,1,1,4.13878,0,-0.0138489,-0.00216688,-0.233641,-0.304541
1823,1,-0.1,-0,-0,1,1,1,4.13878,0.00349066,-0.0149142,-0.00218409,-0.224244,-0.304541
1824,1,-0.1,-0,-0,1,1,1,4.13878,-0.0471239,-0.0010653,-0.00219791,-0.378405,-0.406055
1825,1,-0.1,-0,-0,1,1,1,4.13878,0,-0.00213059,-0.00222154,-0.369806,-0.293262
1826,1,-0.1,-0,-0,1,1,1,4.13868,-0.00698132,0.0117183,-0.00222981,-0.523235,-0.270703
1827,1,-0.1,-0,-0,1,1,1,4.13868,-0.020944,0.00213059,-0.00221144,-0.415347,-0.360938
1828,1,-0.1,-0,-0,1,1,1,4.13878,0.00698132,-0.0149142,-0.00215719,-0.220693,-0.236865
1829,1,-0.1,-0,-0,1,1,1,4.13878,0,0.00426119,-0.00215333,-0.431113,-0.270703
1830,1,-0.1,-0,-0,1,1,1,4.13868,-0.00523599,0.00852238,-0.00214486,-0.476868,-0.349658
1831,1,-0.1,-0,-0,1,1,1,4.13868,-0.00872665,0.00426119,-0.0021319,-0.428284,-0.372217
1832,1,-0.1,-0,-0,1,1,1,4.13868,0.00523599,0.0170448,-0.00214347,-0.570431,-0.383496
1833,1,-0.1,-0,-0,1,1,1,4.13868,0,-0.00639178,-0.0021614,-0.314995,-0.417334
1834,1,-0.1,-0,-0,1,1,1,4.13868,0.00174533,-0.00426119,-0.00211913,-0.332852,-0.259424
1835,1,-0.1,-0,-0,1,1,1,4.13868,-0.0122173,-0.00852238,-0.0021147,-0.285394,-0.394775
1836,1,-0.1,-0,-0,1,1,1,4.13868,0,0.0170448,-0.00207999,-0.56205,-0.383496
1837,1,-0.1,-0,-0,1,1,1,4.13868,-0.0541052,0.0138489,-0.00209871,-0.529367,-0.259424
1838,1,-0.1,-0,-0,1,1,1,4.13868,0,0.00213059,-0.00211449,-0.402549,-0.372217
1839,1,-0.1,-0,-0,1,1,1,4.13868,0,0.0191753,-0.00212761,-0.591774,-0.3271
1840,1,-0.1,-0,-0,1,1,1,4.13868,-0.0174533,0.010653,-0.00212258,-0.497363,-0.281982
1841,1,-0.1,-0,-0,1,1,1,4.13868,-0.0314159,0.00213059,-0.00212456,-0.403878,-0.293262
1842,1,-0.1,-0,-0,1,1,1,4.13868,0,-0.0149142,-0.00212566,-0.216531,-0.406055
1843,1,-0.1,-0,-0,1,1,1,4.13868,0.010472,-0.0149142,-0.00214048,-0.218488,-0.428613
1844,1,-0.1,-0,-0,1,1,1,4.13868,0,0.00852238,-0.00212521,-0.474273,-0.281982
1845,1,-0.1,-0,-0,1,1,1,4.13868,-0.0174533,-0.0298283,-0.00212102,-0.0518625,-0.394775
1846,1,-0.1,-0,-0,1,1,1,4.13868,0.0279253,-0.0149142,-0.00208309,-0.210913,-0.270703
1847,1,-0.1,-0,-0,1,1,1,4.13868,0,0.00639178,-0.00210384,-0.448016,-0.48501
1848,1,-0.1,-0,-0,1,1,1,4.13868,0,-0.00213059,-0.00211045,-0.355143,-0.406055
1849,1,-0.1,-0,-0,1,1,1,4.13868,0.00872665,0.00213059,-0.00211554,-0.402687,-0.360938
1850,1,-0.1,-0,-0,1,1,1,4.13868,-0.00872665,-0.0202406,-0.00212872,-0.158344,-0.360938
1851,1,-0.1,-0,-0,1,1,1,4.13868,0.0244346,-3.91384e-19,-0.00211762,-0.379526,-0.439893
1852,1,-0.1,-0,-0,1,1,1,4.13868,0,-0.00958767,-0.00211475,-0.273682,-0.31582
1853,1,-0.1,-0,-0,1,1,1,4.13868,0,-0.00213059,-0.00211727,-0.356043,-0.304541
1854,1,-0.1,-0,-0,1,1,1,4.13868,0,0.00639178,-0.00214078,-0.452892,-0.383496
1855,1,-0.1,-0,-0,1,1,1,4.13858,0,-0.00213059,-0.00211248,-0.355411,-0.338379
1856,1,-0.1,-0,-0,1,1,1,4.13868,0,0.00213059,-0.00210994,-0.401949,-0.383496
1857,1,-0.1,-0,-0,1,1,1,4.13868,0,0.00745708,-0.00214715,-0.465452,-0.281982
1858,1,-0.1,-0,-0,1,1,1,4.13858,-0.0279253,-0.010653,-0.00213271,-0.264335,-0.214307
1859,1,-0.1,-0,-0,1,1,1,4.13858,0,3.39199e-18,-0.00211602,-0.379315,-0.372217
1860,1,-0.1,-0,-0,1,1,1,4.13858,0,0.0170448,-0.00213067,-0.568741,-0.360938
1861,1,-0.1,-0,-0,1,1,1,4.13858,0,0.0117183,-0.00216242,-0.51434,-0.360938
1862,1,-0.1,-0,-0,1,1,1,4.13858,0,0.00319589,-0.00219304,-0.424636,-0.47373
1863,1,-0.1,-0,-0,1,1,1,4.13858,0,-0.0149142,-0.00215817,-0.220823,-0.281982
1864,1,-0.1,-0,-0,1,1,1,4.13858,0,-0.00852238,-0.0021276,-0.287097,-0.31582
1865,1,-0.1,-0,-0,1,1,1,4.13858,-0.010472,-0.010653,-0.00217352,-0.269722,-0.575244
1866,1,-0.1,-0,-0,1,1,1,4.13849,-0.00174533,0.00852238,-0.00221357,-0.485938,-0.597803
1867,1,-0.1,-0,-0,1,1,1,4.13849,0,-0.00532648,-0.00222739,-0.335424,-0.530127
1868,1,-0.1,-0,-0,1,1,1,4.13858,0.0174533,-0.0170448,-0.00219312,-0.202,-0.507568
1869,1,-0.1,-0,-0,1,1,1,4.13858,0.0174533,-0.00426119,-0.00216781,-0.339277,-0.3271
1870,1,-0.1,-0,-0,1,1,1,4.13858,-0.00698132,0.0010653,-0.0021442,-0.394753,-0.372217
1871,1,-0.1,-0,-0,1,1,1,4.13849,-0.0139626,-0.0010653,-0.00216701,-0.374327,-0.417334
1872,1,-0.1,-0,-0,1,1,1,4.13849,0,0.01811,-0.00219146,-0.588483,-0.507568
1873,1,-0.1,-0,-0,1,1,1,4.13849,-0.0122173,-0.00213059,-0.00219021,-0.365671,-0.507568
1874,1,-0.1,-0,-0,1,1,1,4.13849,0.0174533,0.0170448,-0.00219971,-0.577854,-0.518848
1875,1,-0.1,-0,-0,1,1,1,4.13849,-0.00872665,0.00426119,-0.00221232,-0.438899,-0.428613
1876,1,-0.1,-0,-0,1,1,1,4.13849,0,0.0159795,-0.00223109,-0.570278,-0.47373
1877,1,-0.1,-0,-0,1,1,1,4.13849,-0.00872665,-0.010653,-0.00221283,-0.274911,-0.417334
1878,1,-0.1,-0,-0,1,1,1,4.13849,0,-0.00639178,-0.00219842,-0.319882,-0.451172
1879,1,-0.1,-0,-0,1,1,1,4.13849,0,0.0245018,-0.00215574,-0.654,-0.372217
1880,1,-0.1,-0,-0,1,1,1,4.13849,0,0.00426119,-0.00216684,-0.432896,-0.3271
1881,1,-0.1,-0,-0,1,1,1,4.13849,0,0.00745708,-0.00217672,-0.469355,-0.47373
1882,1,-0.1,-0,-0,1,1,1,4.13849,-0.00872665,-0.0149142,-0.00214083,-0.218534,-0.428613
1883,1,-0.1,-0,-0,1,1,1,4.13858,0,-0.00319589,-0.00216685,-0.35087,-0.48501
1884,1,-0.1,-0,-0,1,1,1,4.13839,0,0.0223712,-0.00219128,-0.635332,-0.417334
1885,1,-0.1,-0,-0,1,1,1,4.13839,-0.0436332,0.00532648,-0.00220991,-0.450299,-0.451172
1886,1,-0.1,-0,-0,1,1,1,4.13849,0.0174533,0.0117183,-0.00224556,-0.525314,-0.541406
1887,1,-0.1,-0,-0,1,1,1,4.13839,0,-0.0213059,-0.00222811,-0.159745,-0.47373
1888,1,-0.1,-0,-0,1,1,1,4.13849,0.0296706,0.0170448,-0.00223469,-0.582471,-0.428613
1889,1,-0.1,-0,-0,1,1,1,4.13839,-0.020944,-6.52306e-20,-0.00224364,-0.396161,-0.451172
1890,1,-0.1,-0,-0,1,1,1,4.13839,0,-0.01811,-0.00225082,-0.197898,-0.406055
1891,1,-0.1,-0,-0,1,1,1,4.13849,0.0261799,-0.00852238,-0.00223045,-0.300673,-0.293262
1892,1,-0.1,-0,-0,1,1,1,4.13839,-0.0314159,-0.00958767,-0.00223058,-0.288972,-0.360938
1893,1,-0.1,-0,-0,1,1,1,4.13839,0,-0.00852238,-0.00220467,-0.297271,-0.349658
1894,1,-0.1,-0,-0,1,1,1,4.13839,0,0.0010653,-0.00224244,-0.40772,-0.507568
1895,1,-0.1,-0,-0,1,1,1,4.13839,0.0174533,-0.00426119,-0.00225509,-0.350799,-0.304541
1896,1,-0.1,-0,-0,1,1,1,4.13839,-0.0226893,0.00852238,-0.00223529,-0.488804,-0.259424
1897,1,-0.1,-0,-0,1,1,1,4.13839,-0.020944,0.00958767,-0.0022604,-0.503837,-0.462451
1898,1,-0.1,-0,-0,1,1,1,4.13839,0,-0.00426119,-0.00227837,-0.353872,-0.3271
1899,1,-0.1,-0,-0,1,1,1,4.13839,0,0.0159795,-0.00226876,-0.57525,-0.383496
1900,1,-0.1,-0,-0,1,1,1,4.13839,0,0.0117183,-0.00227087,-0.528656,-0.406055
1901,1,-0.1,-0,-0,1,1,1,4.13839,0,-0.00745708,-0.00228334,-0.319373,-0.3271
1902,1,-0.1,-0,-0,1,1,1,4.13839,0,0.00639178,-0.00231875,-0.476384,-0.3271
1903,1,-0.1,-0,-0,1,1,1,4.13839,0,0.0223712,-0.00232098,-0.652453,-0.394775
1904,1,-0.1,-0,-0,1,1,1,4.13839,-0.0139626,0.0010653,-0.0023431,-0.421008,-0.406055
1905,1,-0.1,-0,-0,1,1,1,4.13839,0,0.0117183,-0.00237652,-0.542602,-0.394775
1906,1,-0.1,-0,-0,1,1,1,4.1383,-0.0174533,-0.0149142,-0.00239052,-0.251492,-0.530127
1907,1,-0.1,-0,-0,1,1,1,4.13839,0.0261799,-0.0127836,-0.0023536,-0.270056,-0.372217
1908,1,-0.1,-0,-0,1,1,1,4.1383,-0.0122173,0.00426119,-0.00233744,-0.455416,-0.304541
1909,1,-0.1,-0,-0,1,1,1,4.1383,-0.0174533,0.00958767,-0.00234366,-0.514827,-0.48501
1910,1,-0.1,-0,-0,1,1,1,4.1383,0,-0.00958767,-0.00233978,-0.303386,-0.428613
1911,1,-0.1,-0,-0,1,1,1,4.1383,0,-0.00852238,-0.00232023,-0.312524,-0.496289
1912,1,-0.1,-0,-0,1,1,1,4.13839,0.0523599,0.00532648,-0.00229102,-0.461006,-0.3271
1913,1,-0.1,-0,-0,1,1,1,4.1383,-0.0174533,0.010653,-0.00234483,-0.526701,-0.406055
1914,1,-0.1,-0,-0,1,1,1,4.1383,0.00523599,0.00213059,-0.00236262,-0.435302,-0.462451
1915,1,-0.1,-0,-0,1,1,1,4.1383,0,0.00958767,-0.00235773,-0.516684,-0.47373
1916,1,-0.1,-0,-0,1,1,1,4.1383,0.00872665,0.0010653,-0.00237346,-0.425015,-0.48501
1917,1,-0.1,-0,-0,1,1,1,4.1383,0.00872665,-0.00852238,-0.00239836,-0.322837,-0.360938
1918,1,-0.1,-0,-0,1,1,1,4.1383,-0.015708,0.0010653,-0.00239733,-0.428166,-0.439893
1919,1,-0.1,-0,-0,1,1,1,4.1383,0,-0.010653,-0.00237866,-0.2968,-0.3271
1920,1,-0.1,-0,-0,1,1,1,4.1383,0,-0.00532648,-0.00243227,-0.362469,-0.394775
1921,1,-0.1,-0,-0,1,1,1,4.1383,0.0139626,-0.00319589,-0.00241409,-0.383505,-0.3271
1922,1,-0.1,-0,-0,1,1,1,4.1383,-0.0296706,-0.00852238,-0.00242869,-0.326842,-0.383496
1923,1,-0.1,-0,-0,1,1,1,4.1383,0,0.0127836,-0.00246398,-0.565865,-0.541406
1924,1,-0.1,-0,-0,1,1,1,4.1383,0.0139626,-0.00745708,-0.00246026,-0.342726,-0.406055
1925,1,-0.1,-0,-0,1,1,1,4.1383,0,0.00958767,-0.00246753,-0.531178,-0.383496
1926,1,-0.1,-0,-0,1,1,1,4.1383,0,0.00426119,-0.0024662,-0.472411,-0.496289
1927,1,-0.1,-0,-0,1,1,1,4.1383,0,-0.00213059,-0.00248371,-0.404413,-0.417334
1928,1,-0.1,-0,-0,1,1,1,4.1383,0,-0.00426119,-0.00249142,-0.381995,-0.439893
1929,1,-0.1,-0,-0,1,1,1,4.1383,0,-0.00319589,-0.0024836,-0.39268,-0.428613
1930,1,-0.099998,0.00117546,0.465568,1,1,1,4.1382,-0.015708,-0.00426119,-0.00244775,-0.298968,-0.360938
1931,1,-0.0999845,0.00460781,0.90297,1,1,1,4.1383,0,0.0117183,-0.00247149,-0.376013,-0.293262
1932,1,-0.0999484,0.0101597,1.31287,1,1,1,4.1383,-0.0122173,-0.00319589,-0.00246351,-0.0860803,-0.281982
1933,1,-0.0998796,0.017691,1.69558,1,1,1,4.1383,0,0.0213059,-0.00242059,-0.203865,-0.236865
1934,1,-0.0997684,0.0270711,2.05187,1,1,1,4.13839,0.00872665,-0.00319589,-0.00229018,0.248641,-0.135352
1935,1,-0.099606,0.0381678,2.38224,1,1,1,4.13849,0.00174533,0.0127836,-0.00217376,0.272114,-0.0789551
1936,1,-0.0993841,0.0508502,2.6872,1,1,1,4.13849,0,0.0191753,-0.00198765,0.428009,-0.0225586
1937,1,-0.0990951,0.0649967,2.96743,1,1,1,4.13868,0.0331613,0.00958767,-0.00175823,0.78126,0.180469
1938,1,-0.0987319,0.0804844,3.22348,1,1,1,4.13878,0.0331613,0.00532648,-0.00147018,1.09838,0.372217
1939,1,-0.0982882,0.0971932,3.45591,1,1,1,4.13983,0.329867,0.0234365,-0.00113355,1.19042,0.879785
1940,1,-0.0977581,0.115007,3.66531,1,1,1,4.14146,0.359538,0.0404813,-0.000772583,1.30883,1.20688
1941,1,-0.0971365,0.133809,3.85222,1,1,1,4.14136,-0.0279253,0.110791,-0.000463195,0.843983,1.19561
1942,1,-0.0964186,0.153492,4.01725,1,1,1,4.14184,0.113446,0.103334,-0.000238109,1.22877,1.01514
1943,1,-0.0956003,0.173945,4.16097,1,1,1,4.14252,0.188496,0.131032,-2.57532e-05,1.2329,1.01514
1944,1,-0.094678,0.195068,4.28396,1,1,1,4.14338,0.195477,0.141684,0.000117775,1.41967,1.12793
1945,1,-0.0936487,0.216751,4.38678,1,1,1,4.14424,0.223402,0.190688,0.000277763,1.192,1.252
1946,1,-0.0925097,0.238903,4.47002,1,1,1,4.1451,0.179769,0.208798,0.000436639,1.30684,1.07153
1947,1,-0.0912591,0.26142,4.53425,1,1,1,4.14654,0.253073,0.250345,0.000575524,1.1638,1.28584
1948,1,-0.0898949,0.284216,4.58005,1,1,1,4.1475,0.225147,0.2855,0.000700167,1.0895,1.43247
1949,1,-0.0884166,0.307191,4.60799,1,1,1,4.14913,0.221657,0.296153,0.000779178,1.27745,1.252
1950,1,-0.086823,0.330264,4.61866,1,1,1,4.15028,0.350811,0.318524,0.000821945,1.33037,1.29712
1951,1,-0.0851139,0.353351,4.61261,1,1,1,4.15249,0.390954,0.325981,0.000966792,1.56049,1.36479
1952,1,-0.0832895,0.376366,4.59044,1,1,1,4.15412,0.408407,0.363266,0.00105745,1.45183,1.51143
1953,1,-0.0813505,0.399229,4.55272,1,1,1,4.15632,0.347321,0.410139,0.00101276,1.21348,1.17305
1954,1,-0.0792976,0.421867,4.50002,1,1,1,4.15757,0.387463,0.421858,0.000960907,1.35526,1.13921
1955,1,-0.0771322,0.444206,4.43292,1,1,1,4.16054,0.532325,0.4666,0.000920831,1.13027,1.26328
1956,1,-0.0748564,0.466171,4.35201,1,1,1,4.16236,0.39968,0.479384,0.00088175,1.24984,1.42119
1957,1,-0.0724713,0.487703,4.25783,1,1,1,4.16514,0.467748,0.495363,0.000845514,1.3273,1.16177
1958,1,-0.0699798,0.508732,4.15097,1,1,1,4.16725,0.567232,0.535844,0.000781371,1.12366,1.20688
1959,1,-0.0673849,0.529193,4.03204,1,1,1,4.1707,0.534071,0.534779,0.000738476,1.37043,1.47759
1960,1,-0.064689,0.549033,3.90158,1,1,1,4.17281,0.523599,0.59124,0.000666098,0.971536,1.34224
1961,1,-0.061896,0.568189,3.76019,1,1,1,4.17588,0.549779,0.581652,0.000518264,1.27636,1.04897
1962,1,-0.0590082,0.586617,3.6084,1,1,1,4.17866,0.74002,0.595501,0.000411762,1.31933,1.17305
1963,1,-0.0560308,0.604259,3.44684,1,1,1,4.1824,0.537561,0.651962,0.000270706,0.877808,1.28584
1964,1,-0.0529671,0.62107,3.27606,1,1,1,4.1846,0.589921,0.640243,0.000141507,1.17545,1.33096
1965,1,-0.0498218,0.637004,3.09665,1,1,1,4.18863,0.637045,0.662615,1.96635e-05,1.08685,1.06025
1966,1,-0.0465989,0.652021,2.90917,1,1,1,4.19103,0.595157,0.673268,-0.000125787,1.11128,1.09409
1967,1,-0.0433029,0.666084,2.71418,1,1,1,4.19544,0.747001,0.661549,-0.000178287,1.38154,1.04897
1968,1,-0.0399393,0.679153,2.51228,1,1,1,4.19793,0.626573,0.682855,-0.000217232,1.27815,1.09409
1969,1,-0.0365132,0.691196,2.30407,1,1,1,4.20224,0.783653,0.693508,-0.000284873,1.27354,1.04897
1970,1,-0.0330293,0.702184,2.09009,1,1,1,4.20522,0.74351,0.73612,-0.000339549,0.905848,1.24072
1971,1,-0.0294931,0.712089,1.87092,1,1,1,4.20953,0.649262,0.720141,-0.000465013,1.15604,0.936182
1972,1,-0.0259101,0.720886,1.64714,1,1,1,4.21222,0.752237,0.764883,-0.000620244,0.72078,0.891064
1973,1,-0.0222863,0.728553,1.41935,1,1,1,4.21691,0.726057,0.758491,-0.000777398,0.831605,0.857227
1974,1,-0.0186265,0.735073,1.18807,1,1,1,4.21979,0.715585,0.765949,-0.000930221,0.775937,0.845947
1975,1,-0.0149374,0.740429,0.953938,1,1,1,4.2243,0.794125,0.761687,-0.00105422,0.8379,0.812109
1976,1,-0.0112244,0.744608,0.717494,1,1,1,4.22746,0.727802,0.747838,-0.00117188,0.991203,0.744434
1977,1,-0.0074934,0.747601,0.479321,1,1,1,4.23197,0.895354,0.775536,-0.00128269,0.673811,0.688037
1978,1,-0.00375036,0.7494,0.239991,1,1,1,4.23513,0.727802,0.768079,-0.00131689,0.738822,0.857227
1979,1,-1.2225e-06,0.75,7.824e-05,1,1,1,4.23954,0.767945,0.786189,-0.00144708,0.493955,0.721875
1980,1,0.00374769,0.749401,-0.23982,1,1,1,4.24232,0.694641,0.762753,-0.00149077,0.706301,0.789551
1981,1,0.00749048,0.747603,-0.479134,1,1,1,4.24711,0.839503,0.760622,-0.00159028,0.661703,0.64292
1982,1,0.0112216,0.744611,-0.717314,1,1,1,4.25018,0.701622,0.75423,-0.00164057,0.655919,0.631641
1983,1,0.014935,0.740432,-0.953782,1,1,1,4.25478,0.801106,0.746773,-0.00169461,0.646472,0.64292
1984,1,0.0186241,0.735077,-1.18792,1,1,1,4.25776,0.74351,0.748904,-0.00178919,0.511742,0.530127
1985,1,0.0222838,0.728558,-1.41919,1,1,1,4.26245,0.74002,0.742512,-0.00186869,0.458496,0.631641
1986,1,0.025908,0.72089,-1.64701,1,1,1,4.26504,0.649262,0.743577,-0.00198443,0.304444,0.383496
1987,1,0.0294907,0.712095,-1.87077,1,1,1,4.26916,0.724312,0.751034,-0.00213562,0.0617961,0.236865
1988,1,0.0330265,0.702192,-2.08992,1,1,1,4.27214,0.715585,0.731859,-0.00224363,0.104406,0.135352
1989,1,0.036511,0.691203,-2.30394,1,1,1,4.27616,0.671952,0.706292,-0.00233576,0.206476,0.236865
1990,1,0.039937,0.679162,-2.51214,1,1,1,4.27885,0.652753,0.691378,-0.00238223,0.184935,0.259424
1991,1,0.0433007,0.666093,-2.71404,1,1,1,4.28278,0.642281,0.689247,-0.00234856,0.0213501,0.372217
1992,1,0.0465967,0.652031,-2.90904,1,1,1,4.28575,0.783653,0.654092,-0.00235501,0.204051,0.146631
1993,1,0.0498196,0.637014,-3.09652,1,1,1,4.28997,0.558505,0.632786,-0.00234825,0.225298,0.293262
1994,1,0.0529649,0.621081,-3.27593,1,1,1,4.29198,0.541052,0.62959,-0.00234889,0.0358846,0.203027
1995,1,0.0560289,0.604269,-3.44673,1,1,1,4.29534,0.551524,0.618938,-0.00235481,-0.0822332,0.214307
1996,1,0.0590063,0.586629,-3.60829,1,1,1,4.29735,0.483456,0.582717,-0.00234204,0.0742979,0.259424
1997,1,0.0618935,0.568206,-3.76006,1,1,1,4.30032,0.507891,0.581652,-0.00234707,-0.166763,0.135352
1998,1,0.0646872,0.549045,-3.90149,1,1,1,4.30253,0.560251,0.549693,-0.00233268,-0.0733198,0.101514
1999,1,0.0673827,0.52921,-4.03194,1,1,1,4.3056,0.472984,0.541171,-0.00230395,-0.242772,0.124072
2000,1,0.0699784,0.508743,-4.15091,1,1,1,4.30761,0.513127,0.481514,-0.00226736,0.144848,0.0789551
2001,1,0.0724697,0.487717,-4.25776,1,1,1,4.31097,0.572468,0.488971,-0.00228264,-0.217993,0.0451172
2002,1,0.0748547,0.466187,-4.35194,1,1,1,4.31307,0.506145,0.471927,-0.00227931,-0.313439,0.0112793
2003,1,0.0771308,0.444221,-4.43287,1,1,1,4.31566,0.34383,0.453816,-0.00226764,-0.399863,-0.0451172
2004,1,0.0792963,0.421881,-4.49998,1,1,1,4.31672,0.263545,0.429315,-0.00228983,-0.423225,-0.101514
2005,1,0.0813491,0.399245,-4.55269,1,1,1,4.31911,0.420624,0.401617,-0.00231472,-0.413621,-0.203027
2006,1,0.0832884,0.376379,-4.59042,1,1,1,4.32046,0.300197,0.361136,-0.0024565,-0.279737,-0.372217
2007,1,0.0851126,0.353368,-4.6126,1,1,1,4.32257,0.361283,0.315328,-0.00234131,-0.053059,-0.338379
2008,1,0.0868218,0.330282,-4.61866,1,1,1,4.32381,0.310669,0.304675,-0.00216643,-0.203494,-0.248145
2009,1,0.0884154,0.307208,-4.60801,1,1,1,4.32563,0.237365,0.254606,-0.00196126,0.0863307,-0.101514
2010,1,0.0898941,0.284229,-4.58007,1,1,1,4.32659,0.247837,0.236496,-0.0017307,0.0327573,-0.0225586
2011,1,0.0912581,0.261437,-4.53429,1,1,1,4.32803,0.235619,0.217321,-0.00147705,-0.000577487,-0.0225586
2012,1,0.0925089,0.238918,-4.47007,1,1,1,4.32889,0.178024,0.176839,-0.00122304,0.206542,0
2013,1,0.0936478,0.216769,-4.38685,1,1,1,4.32976,0.155334,0.147011,-0.000889398,0.316545,0.0112793
2014,1,0.0946773,0.195081,-4.28403,1,1,1,4.33043,0.18326,0.132097,-0.000597471,0.265122,0.0789551
2015,1,0.0955996,0.173961,-4.16107,1,1,1,4.33139,0.1309,0.132097,-0.000315032,0.058513,0.135352
2016,1,0.0964181,0.153504,-4.01735,1,1,1,4.33177,0.0925025,0.0980073,-1.12519e-05,0.240909,0.112793
2017,1,0.097136,0.133822,-3.85234,1,1,1,4.33235,0.102974,0.0798973,0.000304148,0.262823,0.214307
2018,1,0.0977577,0.115018,-3.66543,1,1,1,4.33273,0.0872665,0.0553954,0.000613798,0.368379,0.225586
2019,1,0.0982878,0.0972064,-3.45608,1,1,1,4.3335,0.144862,0.0521996,0.000908378,0.253354,0.372217
2020,1,0.0987316,0.0804955,-3.22365,1,1,1,4.33417,0.181514,0.0308936,0.00118265,0.351224,0.3271
2021,1,0.0990948,0.0650094,-2.96766,1,1,1,4.33474,0.00174533,-0.0159795,0.00144966,0.748044,0.462451
2022,1,0.0993839,0.0508603,-2.68742,1,1,1,4.33474,-0.020944,0.010653,0.00161345,0.342238,0.394775
2023,1,0.0996059,0.0381758,-2.38245,1,1,1,4.33465,0,0.010653,0.00181097,0.255684,0.349658
2024,1,0.0997683,0.0270779,-2.0521,1,1,1,4.33474,0.0122173,-0.00532648,0.0020002,0.367143,0.360938
2025,1,0.0998795,0.0176984,-1.6959,1,1,1,4.33474,0,-0.00639178,0.0021471,0.333448,0.293262
2026,1,0.0999484,0.010164,-1.31313,1,1,1,4.33474,0,-0.00958767,0.00229476,0.350419,0.394775
2027,1,0.0999845,0.0046113,-0.903297,1,1,1,4.33474,-0.0279253,-0.0191753,0.00236222,0.454223,0.31582
2028,1,0.099998,0.00117689,-0.465845,1,1,1,4.33465,0,-0.00639178,0.00243385,0.343091,0.462451
2029,1,0.1,1.78053e-10,-0.000184894,1,1,1,4.33465,-0.0558505,-0.0191753,0.00245517,0.537436,0.293262
2030,1,0.1,0,0,1,1,1,4.33455,0.0174533,-0.0138489,0.00248206,0.48624,0.48501
2031,1,0.1,0,0,1,1,1,4.33465,-0.0174533,-0.0127836,0.00251804,0.482947,0.428613
2032,1,0.1,0,0,1,1,1,4.33465,0,0.0170448,0.00247271,0.151663,0.304541
2033,1,0.1,0,0,1,1,1,4.33445,-0.0139626,0.00426119,0.00243693,0.289472,0.214307
2034,1,0.1,0,0,1,1,1,4.33445,-0.00872665,0.00426119,0.00245916,0.29589,0.270703
2035,1,0.1,0,0,1,1,1,4.33465,0,-0.0266324,0.00242924,0.633975,0.293262
2036,1,0.1,0,0,1,1,1,4.33455,0,0.0010653,0.00237904,0.324898,0.259424
2037,1,0.1,0,0,1,1,1,4.33455,0,0.0159795,0.0023682,0.162093,0.31582
2038,1,0.1,0,0,1,1,1,4.33455,0,0.00852238,0.00233337,0.241277,0.236865
2039,1,0.1,0,0,1,1,1,4.33445,0,-0.00426119,0.00228867,0.377526,0.146631
2040,1,0.1,0,0,1,1,1,4.33445,0.00872665,-0.0255671,0.00230434,0.616766,0.281982
2041,1,0.1,0,0,1,1,1,4.33455,0.0575959,0.00745708,0.00232063,0.259191,0.439893
2042,1,0.1,0,0,1,1,1,4.33465,-0.0296706,0.00319589,0.00229322,0.304592,0.3271
2043,1,0.1,0,0,1,1,1,4.33455,0.0122173,0.00319589,0.00227378,0.304417,0.372217
2044,1,0.1,0,0,1,1,1,4.33455,0,-0.0117183,0.00227257,0.470615,0.236865
2045,1,0.1,0,0,1,1,1,4.33455,0.0541052,-0.00852238,0.00228424,0.439858,0.304541
2046,1,0.1,0,0,1,1,1,4.33455,-0.00698132,0.00532648,0.00226482,0.287666,0.281982
2047,1,0.1,0,0,1,1,1,4.33455,0,0.00639178,0.00224857,0.276113,0.259424
2048,1,0.1,0,0,1,1,1,4.33455,-0.00698132,-2.73969e-18,0.00224476,0.348228,0.259424
2049,1,0.1,0,0,1,1,1,4.33455,0,0.00319589,0.00225135,0.316977,0.270703
2050,1,0.1,0,0,1,1,1,4.33455,0,-0.00532648,0.002233,0.41033,0.338379
2051,1,0.1,0,0,1,1,1,4.33455,0.00174533,-0.00213059,0.00225039,0.380651,0.462451
2052,1,0.1,0,0,1,1,1,4.33465,-0.00523599,-0.010653,0.00224299,0.475905,0.406055
2053,1,0.1,0,0,1,1,1,4.33465,0.0174533,-0.00319589,0.00223708,0.395642,0.349658
2054,1,0.1,0,0,1,1,1,4.33455,-0.0139626,0.00852238,0.00224401,0.270796,0.417334
2055,1,0.1,0,0,1,1,1,4.33455,-0.010472,0.00213059,0.00221818,0.339822,0.3271
2056,1,0.1,0,0,1,1,1,4.33455,0,-1.04369e-18,0.00221826,0.365657,0.31582
2057,1,0.1,0,0,1,1,1,4.33455,0,-0.00852238,0.00217915,0.455704,0.259424
2058,1,0.1,0,0,1,1,1,4.33445,-0.00523599,0.00319589,0.00222,0.335897,0.31582
2059,1,0.1,0,0,1,1,1,4.33465,0,-0.0223712,0.00220337,0.616613,0.31582
2060,1,0.1,0,0,1,1,1,4.33445,0,-0.00426119,0.00223823,0.425672,0.48501
2061,1,0.1,0,0,1,1,1,4.33465,-0.0191986,0.0127836,0.00219958,0.23548,0.31582
2062,1,0.1,0,0,1,1,1,4.33455,0.00872665,-0.00319589,0.002167,0.40854,0.248145
2063,1,0.1,0,0,1,1,1,4.33455,0,-0.00745708,0.00216886,0.45808,0.31582
2064,1,0.1,0,0,1,1,1,4.33455,0.00872665,-7.82767e-19,0.00217419,0.379674,0.349658
2065,1,0.1,0,0,1,1,1,4.33455,0,0.00319589,0.00216439,0.345891,0.3271
2066,1,0.1,0,0,1,1,1,4.33455,0,0.0191753,0.00216685,0.173535,0.372217
2067,1,0.1,0,0,1,1,1,4.33455,-0.0610865,0.0010653,0.00211227,0.366896,0.304541
2068,1,0.1,0,0,1,1,1,4.33455,-0.00349066,0.010653,0.00209796,0.259748,0.304541
2069,1,0.1,0,0,1,1,1,4.33455,-0.0139626,-0.0138489,0.00212136,0.532357,0.3271
2070,1,0.1,0,0,1,1,1,4.33465,0.0541052,-0.028763,0.00211614,0.695724,0.383496
2071,1,0.1,0,0,1,1,1,4.33465,0.0279253,-0.00213059,0.00208301,0.398394,0.236865
2072,1,0.1,0,0,1,1,1,4.33455,0,-0.00852238,0.00209498,0.470283,0.47373
2073,1,0.1,0,0,1,1,1,4.33465,0,0.00532648,0.00210982,0.319905,0.507568
2074,1,0.1,0,0,1,1,1,4.33465,-0.0139626,-0.00319589,0.00209847,0.412152,0.394775
2075,1,0.1,0,0,1,1,1,4.33465,0,-0.0117183,0.00209168,0.505002,0.304541
2076,1,0.1,0,0,1,1,1,4.33455,0,-0.0191753,0.00209037,0.586858,0.349658
2077,1,0.1,0,0,1,1,1,4.33465,0.0191986,0.0149142,0.00205785,0.20758,0.383496
2078,1,0.1,0,0,1,1,1,4.33465,-0.0122173,-0.0010653,0.00205575,0.383077,0.360938
2079,1,0.1,0,0,1,1,1,4.33465,0,0.00319589,0.0020565,0.336303,0.496289
2080,1,0.1,0,0,1,1,1,4.33455,-0.0279253,0.0213059,0.00205201,0.1365,0.372217
2081,1,0.1,0,0,1,1,1,4.33455,-0.0279253,-0.0170448,0.00205367,0.558577,0.406055
2082,1,0.1,0,0,1,1,1,4.33465,0.0174533,-0.00745708,0.00210869,0.460375,0.451172
2083,1,0.1,0,0,1,1,1,4.33465,0,-0.0138489,0.00209109,0.528362,0.417334
2084,1,0.1,0,0,1,1,1,4.33455,-0.0331613,0.00745708,0.00204584,0.288024,0.248145
2085,1,0.1,0,0,1,1,1,4.33455,0,-0.0138489,0.00202376,0.519474,0.214307
2086,1,0.1,0,0,1,1,1,4.33455,0,-0.0010653,0.00204446,0.381587,0.281982
2087,1,0.1,0,0,1,1,1,4.33455,0,-0.0127836,0.00205107,0.51136,0.394775
2088,1,0.1,0,0,1,1,1,4.33455,0,0.00426119,0.00205063,0.32381,0.360938
2089,1,0.1,0,0,1,1,1,4.33455,0,-3.91384e-19,0.00202358,0.367113,0.360938
2090,1,0.1,0,0,1,1,1,4.33455,0,-0.00852238,0.00202267,0.460739,0.439893
2091,1,0.1,0,0,1,1,1,4.33455,0,-3.26153e-19,0.00199844,0.363794,0.31582
2092,1,0.1,0,0,1,1,1,4.33455,0,-0.0159795,0.00201014,0.541112,0.372217
2093,1,0.1,0,0,1,1,1,4.33465,0.0174533,-0.00958767,0.00199855,0.469273,0.31582
2094,1,0.1,0,0,1,1,1,4.33455,0,-0.00639178,0.00197679,0.431245,0.304541
2095,1,0.1,0,0,1,1,1,4.33455,0.00698132,0.0245018,0.00196237,0.0894131,0.360938
2096,1,0.1,0,0,1,1,1,4.33445,-0.0471239,0.00426119,0.00194904,0.3104,0.293262
2097,1,0.1,0,0,1,1,1,4.33455,0.00174533,0.010653,0.0019379,0.23862,0.304541
2098,1,0.1,0,0,1,1,1,4.33455,-0.00349066,0.00852238,0.00193807,0.26208,0.31582
2099,1,0.1,0,0,1,1,1,4.33455,-0.020944,0.0202406,0.00194289,0.133814,0.360938
2100,1,0.1,0,0,1,1,1,4.33455,0,0.0213059,0.00189959,0.116381,0.214307
2101,1,0.1,0,0,1,1,1,4.33455,0,-0.0117183,0.00189793,0.479428,0.304541
2102,1,0.1,0,0,1,1,1,4.33455,0.0139626,-0.00639178,0.00188403,0.419002,0.372217
2103,1,0.1,0,0,1,1,1,4.33445,0.00349066,-0.00639178,0.00185767,0.415522,0.338379
2104,1,0.1,0,0,1,1,1,4.33455,0,0.00745708,0.00187567,0.265561,0.428613
2105,1,0.1,0,0,1,1,1,4.33455,-0.0261799,-0.00745708,0.00186895,0.428729,0.281982
2106,1,0.1,0,0,1,1,1,4.33455,0,-0.00426119,0.00190476,0.398301,0.349658
2107,1,0.1,0,0,1,1,1,4.33455,0,0.0010653,0.00183575,0.330596,0.236865
2108,1,0.1,0,0,1,1,1,4.33445,-0.0174533,0.00745708,0.00178503,0.253516,0.293262
2109,1,0.1,0,0,1,1,1,4.33445,0,-0.0117183,0.00180395,0.467022,0.304541
2110,1,0.1,0,0,1,1,1,4.33455,0.0191986,-0.00426119,0.00182538,0.387823,0.349658
2111,1,0.1,0,0,1,1,1,4.33455,0,-0.0149142,0.00183977,0.506906,0.372217
2112,1,0.1,0,0,1,1,1,4.33455,0,-1.10892e-18,0.00181427,0.339484,0.281982
2113,1,0.1,0,0,1,1,1,4.33455,0,-1.10892e-18,0.00184123,0.343042,0.406055
2114,1,0.1,0,0,1,1,1,4.33455,0,0.01811,0.00184333,0.144109,0.349658
2115,1,0.1,0,0,1,1,1,4.33455,-0.0418879,0.0127836,0.00177366,0.193473,0.214307
2116,1,0.1,0,0,1,1,1,4.33445,-0.010472,0.00852238,0.00175168,0.237476,0.225586
2117,1,0.1,0,0,1,1,1,4.33455,0,0.00852238,0.00176624,0.239397,0.259424
2118,1,0.1,0,0,1,1,1,4.33455,0,-0.01811,0.00179482,0.536127,0.259424
2119,1,0.1,0,0,1,1,1,4.33465,0,-0.00213059,0.00179866,0.36086,0.349658
2120,1,0.1,0,0,1,1,1,4.33455,0,0.00852238,0.00178952,0.242471,0.360938
2121,1,0.1,0,0,1,1,1,4.33455,-0.0174533,0.010653,0.0017757,0.217209,0.270703
2122,1,0.1,0,0,1,1,1,4.33455,0.00872665,0.00958767,0.00176039,0.226907,0.236865
2123,1,0.1,0,0,1,1,1,4.33455,0,-0.00319589,0.00172379,0.362695,0.293262
2124,1,0.1,0,0,1,1,1,4.33455,0,0.00426119,0.0017034,0.277976,0.349658
2125,1,0.1,0,0,1,1,1,4.33455,-0.020944,-0.00852238,0.00172221,0.421078,0.372217
2126,1,0.1,0,0,1,1,1,4.33455,0,0.0191753,0.00170077,0.113572,0.360938
2127,1,0.1,0,0,1,1,1,4.33445,0,0.00852238,0.00167976,0.227982,0.349658
2128,1,0.1,0,0,1,1,1,4.33455,0,0.00532648,0.00166878,0.261687,0.281982
2129,1,0.1,0,0,1,1,1,4.33445,0,-0.0010653,0.00171133,0.337614,0.406055
2130,1,0.1,0,0,1,1,1,4.33465,0,0.0223712,0.00164516,0.071077,0.248145
2131,1,0.1,0,0,1,1,1,4.33445,0,-0.00532648,0.00163412,0.374295,0.146631
2132,1,0.1,0,0,1,1,1,4.33455,0.0279253,-0.01811,0.00163301,0.514768,0.214307
2133,1,0.1,0,0,1,1,1,4.33455,0.0279253,0.00639178,0.00162263,0.243878,0.3271
2134,1,0.1,0,0,1,1,1,4.33455,-0.0296706,-0.00319589,0.00162637,0.349836,0.259424
2135,1,0.1,0,0,1,1,1,4.33455,0.0122173,0.00958767,0.00162361,0.208851,0.281982
2136,1,0.1,0,0,1,1,1,4.33455,0,0.00213059,0.00158535,0.285829,0.338379
2137,1,0.1,0,0,1,1,1,4.33445,-0.00174533,0.00426119,0.00154256,0.256745,0.236865
2138,1,0.1,0,0,1,1,1,4.33445,0,-0.010653,0.00152034,0.417867,0.236865
2139,1,0.1,0,0,1,1,1,4.33445,0.0191986,0.0159795,0.00147861,0.119399,0.248145
2140,1,0.1,0,0,1,1,1,4.33445,-0.0401426,-0.00639178,0.00148877,0.366827,0.180469
2141,1,0.1,0,0,1,1,1,4.33455,0.0261799,0.0117183,0.00147139,0.165322,0.225586
2142,1,0.1,0,0,1,1,1,4.33445,-0.0174533,-0.0159795,0.00147808,0.47088,0.31582
2143,1,0.1,0,0,1,1,1,4.33455,0.0226893,0.00958767,0.00149764,0.192224,0.394775
2144,1,0.1,0,0,1,1,1,4.33455,0,-0.00213059,0.00147887,0.318648,0.47373
2145,1,0.1,0,0,1,1,1,4.33445,-0.00349066,-0.00745708,0.00148937,0.378625,0.293262
2146,1,0.1,0,0,1,1,1,4.33455,0.0174533,0.00852238,0.00148874,0.202768,0.383496
2147,1,0.1,0,0,1,1,1,4.33445,-0.020944,0.00639178,0.00146509,0.223083,0.236865
2148,1,0.1,0,0,1,1,1,4.33455,0.0331613,0.0138489,0.0014619,0.140633,0.270703
2149,1,0.1,0,0,1,1,1,4.33445,-0.0296706,-0.0010653,0.00145112,0.303266,0.236865
2150,1,0.1,0,0,1,1,1,4.33455,0.0366519,-0.010653,0.00145607,0.409384,0.293262
2151,1,0.1,0,0,1,1,1,4.33455,0,-0.00532648,0.00144867,0.349815,0.338379
2152,1,0.1,0,0,1,1,1,4.33455,0,0.00639178,0.00142459,0.217737,0.248145
2153,1,0.1,0,0,1,1,1,4.33445,0,-5.21845e-19,0.00143947,0.290011,0.214307
2154,1,0.1,0,0,1,1,1,4.33455,0.0349066,0.0138489,0.00143879,0.137583,0.281982
2155,1,0.1,0,0,1,1,1,4.33445,-0.010472,0.0415466,0.00141365,-0.17041,0.338379
2156,1,0.1,0,0,1,1,1,4.33445,0,0.0308936,0.00139569,-0.0555992,0.248145
2157,1,0.1,0,0,1,1,1,4.33445,0,-0.00532648,0.00139103,0.342207,0.349658
2158,1,0.1,0,0,1,1,1,4.33455,0.0174533,0.0170448,0.00138882,0.095832,0.248145
2159,1,0.1,0,0,1,1,1,4.33445,-0.00349066,-0.00426119,0.00139837,0.331458,0.270703
2160,1,0.1,0,0,1,1,1,4.33455,0.0174533,-0.00852238,0.00136949,0.374519,0.214307
2161,1,0.1,0,0,1,1,1,4.33445,0.00872665,0.0010653,0.00137379,0.269622,0.248145
2162,1,0.1,0,0,1,1,1,4.33445,-0.0174533,0.0127836,0.00137738,0.141195,0.293262
2163,1,0.1,0,0,1,1,1,4.33445,0,-0.00532648,0.00136954,0.339359,0.360938
2164,1,0.1,0,0,1,1,1,4.33445,0,0.00319589,0.00136195,0.244622,0.338379
2165,1,0.1,0,0,1,1,1,4.33445,0,-0.00639178,0.00136043,0.349886,0.293262
2166,1,0.1,0,0,1,1,1,4.33445,0.010472,0.0149142,0.00132893,0.111161,0.304541
2167,1,0.1,0,0,1,1,1,4.33436,0,2.02215e-18,0.00129354,0.270713,0.293262
2168,1,0.1,0,0,1,1,1,4.33445,0,-0.0149142,0.00129717,0.435282,0.259424
2169,1,0.1,0,0,1,1,1,4.33445,0.0261799,-0.00319589,0.00127165,0.303013,0.214307
2170,1,0.1,0,0,1,1,1,4.33445,-0.00872665,-0.0255671,0.00125806,0.547302,0.236865
2171,1,0.1,0,0,1,1,1,4.33445,0.0471239,-0.0010653,0.0012212,0.272723,0.293262
2172,1,0.1,0,0,1,1,1,4.33445,-0.0628319,0.00958767,0.00116783,0.148689,0.225586
2173,1,0.1,0,0,1,1,1,4.33436,0.00872665,0.00426119,0.00114593,0.204256,0.180469
2174,1,0.1,0,0,1,1,1,4.33436,0,0.00852238,0.00111263,0.153051,0.225586
2175,1,0.1,0,0,1,1,1,4.33436,0,-0.0213059,0.00115927,0.487389,0.225586
2176,1,0.1,0,0,1,1,1,4.33436,0,0.00532648,0.00115431,0.193778,0.225586
2177,1,0.1,0,0,1,1,1,4.33436,0,0.00532648,0.00114398,0.192413,0.3271
2178,1,0.1,0,0,1,1,1,4.33445,0,-0.0159795,0.00117914,0.431421,0.338379
2179,1,0.1,0,0,1,1,1,4.33445,0,-0.00213059,0.00117112,0.278024,0.236865
2180,1,0.1,0,0,1,1,1,4.33445,0,-0.00639178,0.00112476,0.318652,0.203027
2181,1,0.1,0,0,1,1,1,4.33445,0,0.00319589,0.00110744,0.211027,0.214307
2182,1,0.1,0,0,1,1,1,4.33445,0,0.00319589,0.00113856,0.215135,0.360938
2183,1,0.1,0,0,1,1,1,4.33445,-0.020944,0.00745708,0.0011682,0.172175,0.360938
2184,1,0.1,0,0,1,1,1,4.33445,0,0.0010653,0.00116589,0.24218,0.248145
2185,1,0.1,0,0,1,1,1,4.33436,0,0.0170448,0.00117497,0.0676034,0.146631
2186,1,0.1,0,0,1,1,1,4.33445,0.0331613,-0.00745708,0.00115848,0.334948,0.203027
2187,1,0.1,0,0,1,1,1,4.33436,0,0.00958767,0.00115945,0.147583,0.214307
2188,1,0.1,0,0,1,1,1,4.33445,0.00872665,0.00639178,0.00112737,0.178268,0.225586
2189,1,0.1,0,0,1,1,1,4.33445,0,-0.0010653,0.00113005,0.260885,0.270703
2190,1,0.1,0,0,1,1,1,4.33445,-0.00872665,0.0234365,0.00111631,-0.010449,0.180469
2191,1,0.1,0,0,1,1,1,4.33445,0,-0.00213059,0.00110919,0.269849,0.304541
2192,1,0.1,0,0,1,1,1,4.33445,0,-0.0191753,0.00111746,0.458434,0.225586
2193,1,0.1,0,0,1,1,1,4.33445,0.0244346,0.00426119,0.00112025,0.201,0.236865
2194,1,0.1,0,0,1,1,1,4.33436,-0.0261799,0.00319589,0.00110746,0.211029,0.236865
2195,1,0.1,0,0,1,1,1,4.33436,0.00872665,-0.01811,0.00110806,0.445475,0.225586
2196,1,0.1,0,0,1,1,1,4.33436,0,0.0159795,0.00108808,0.0678527,0.203027
2197,1,0.1,0,0,1,1,1,4.33445,-0.00872665,0.0266324,0.0010929,-0.0486938,0.225586
2198,1,0.1,0,0,1,1,1,4.33436,0.015708,0.00958767,0.00107276,0.135996,0.259424
2199,1,0.1,0,0,1,1,1,4.33436,-0.0174533,0.0127836,0.00106995,0.100614,0.236865
2200,1,0.1,0,0,1,1,1,4.33445,0.0226893,-0.0138489,0.00107486,0.394219,0.214307
2201,1,0.1,0,0,1,1,1,4.33436,0.00872665,-0.00213059,0.00106,0.263356,0.180469
2202,1,0.1,0,0,1,1,1,4.33436,0,0.0138489,0.00107253,0.0892359,0.304541
2203,1,0.1,0,0,1,1,1,4.33436,-0.0279253,0.0117183,0.00106768,0.112033,0.236865
2204,1,0.1,0,0,1,1,1,4.33436,0,-0.00532648,0.0010769,0.300742,0.225586
2205,1,0.1,0,0,1,1,1,4.33436,0,0.00213059,0.00105283,0.215536,0.15791
2206,1,0.1,0,0,1,1,1,4.33436,0,0.0202406,0.00100849,0.0103582,0.180469
2207,1,0.1,0,0,1,1,1,4.33436,-0.0174533,0.0010653,0.00101155,0.221806,0.259424
2208,1,0.1,0,0,1,1,1,4.33436,0,-0.0159795,0.000968454,0.40346,0.146631
2209,1,0.1,0,0,1,1,1,4.33436,0.0314159,-0.0191753,0.00095771,0.437346,0.191748
2210,1,0.1,0,0,1,1,1,4.33436,0,-0.0127836,0.00097479,0.369291,0.304541
2211,1,0.1,0,0,1,1,1,4.33445,0,0.00532648,0.000963333,0.168569,0.281982
2212,1,0.1,0,0,1,1,1,4.33436,-0.00174533,0.0127836,0.000918969,0.0806847,0.15791
2213,1,0.1,0,0,1,1,1,4.33436,0,0.0127836,0.000893497,0.0773224,0.248145
2214,1,0.1,0,0,1,1,1,4.33436,0,-0.01811,0.000912582,0.419671,0.180469
2215,1,0.1,0,0,1,1,1,4.33436,0.0191986,-0.00639178,0.000883959,0.286991,0.180469
2216,1,0.1,0,0,1,1,1,4.33436,-0.0139626,-0.00745708,0.000882274,0.298488,0.203027
2217,1,0.1,0,0,1,1,1,4.33436,0,0.00319589,0.000896096,0.18313,0.180469
2218,1,0.1,0,0,1,1,1,4.33436,0,2.60922e-19,0.000844312,0.211011,0.225586
2219,1,0.1,0,0,1,1,1,4.33436,0,-0.00852238,0.000822911,0.302237,0.225586
2220,1,0.1,0,0,1,1,1,4.33436,0,-0.00852238,0.000822049,0.30199,0.293262
2221,1,0.1,0,0,1,1,1,4.33436,0,-0.0010653,0.000821074,0.2201,0.15791
2222,1,0.1,0,0,1,1,1,4.33436,0,0.00319589,0.000796817,0.170025,0.146631
2223,1,0.1,0,0,1,1,1,4.33436,0,-0.0170448,0.000805007,0.393753,0.169189
2224,1,0.1,0,0,1,1,1,4.33436,0,-0.0010653,0.000821683,0.22018,0.214307
2225,1,0.1,0,0,1,1,1,4.33436,0,-0.0202406,0.000815764,0.430141,0.248145
2226,1,0.1,0,0,1,1,1,4.33436,0,0.00745708,0.00078997,0.122248,0.236865
2227,1,0.1,0,0,1,1,1,4.33436,0,-0.00852238,0.000800353,0.299393,0.236865
2228,1,0.1,0,0,1,1,1,4.33436,0,-0.00532648,0.000811014,0.265645,0.191748
2229,1,0.1,0,0,1,1,1,4.33436,0.00174533,0.0127836,0.000769881,0.0609373,0.15791
2230,1,0.099998,-0.00117539,-0.465554,1,1,1,4.33426,-0.0139626,-0.00852238,0.000751376,0.215478,0.169189
2231,1,0.0999845,-0.00460794,-0.902982,1,1,1,4.33436,0,0.00213059,0.000751496,-0.0033483,0.124072
2232,1,0.0999484,-0.0101597,-1.31287,1,1,1,4.33426,-0.00872665,-0.0298283,0.000734209,0.221107,0.101514
2233,1,0.0998796,-0.0176913,-1.6956,1,1,1,4.33426,0,0.00213059,0.000683601,-0.283627,0.0676758
2234,1,0.0997684,-0.0270704,-2.05185,1,1,1,4.33417,-0.0366519,0.0202406,0.000522722,-0.671686,0
2235,1,0.099606,-0.0381669,-2.38221,1,1,1,4.33388,-0.0715585,0.00852238,0.000372764,-0.748971,-0.124072
2236,1,0.0993841,-0.0508502,-2.6872,1,1,1,4.3333,-0.171042,-0.0138489,0.00018842,-0.731132,-0.203027
2237,1,0.0990951,-0.0649985,-2.96746,1,1,1,4.33206,-0.151844,-0.0149142,-4.45773e-05,-0.969905,-0.823389
2238,1,0.0987319,-0.0804856,-3.2235,1,1,1,4.33196,0,-0.0447425,-0.000201468,-0.895207,-0.857227
2239,1,0.0982882,-0.0971938,-3.45592,1,1,1,4.33148,-0.111701,-0.0777667,-0.000398372,-0.803434,-0.95874
2240,1,0.0977581,-0.115008,-3.66533,1,1,1,4.3311,-0.0663225,-0.103334,-0.00054474,-0.797057,-0.879785
2241,1,0.0971365,-0.133809,-3.85223,1,1,1,4.33043,-0.102974,-0.10653,-0.000642671,-1.03855,-0.733154
2242,1,0.0964186,-0.153491,-4.01725,1,1,1,4.32985,-0.188496,-0.154468,-0.000675325,-0.787276,-0.857227
2243,1,0.0956002,-0.173947,-4.16098,1,1,1,4.32889,-0.167552,-0.16086,-0.000752409,-1.00591,-1.04897
2244,1,0.094678,-0.195067,-4.28396,1,1,1,4.32803,-0.219911,-0.188558,-0.000805711,-0.992088,-1.11665
2245,1,0.0936486,-0.216753,-4.38678,1,1,1,4.32688,-0.216421,-0.204537,-0.000816474,-1.10534,-0.95874
2246,1,0.0925096,-0.238904,-4.47003,1,1,1,4.32592,-0.23911,-0.2333,-0.000820115,-1.08026,-0.902344
2247,1,0.0912589,-0.261422,-4.53425,1,1,1,4.3242,-0.242601,-0.260998,-0.000831475,-1.06995,-1.07153
2248,1,0.089895,-0.284215,-4.58005,1,1,1,4.32314,-0.315905,-0.291891,-0.000783356,-1.01689,-0.95874
2249,1,0.0884166,-0.30719,-4.60799,1,1,1,4.32122,-0.329867,-0.288695,-0.000783162,-1.34506,-1.252
2250,1,0.0868228,-0.330267,-4.61866,1,1,1,4.31988,-0.324631,-0.330242,-0.000769775,-1.17892,-1.17305
2251,1,0.0851138,-0.353352,-4.61261,1,1,1,4.31768,-0.3735,-0.372854,-0.00077634,-1.00154,-1.17305
2252,1,0.0832897,-0.376363,-4.59044,1,1,1,4.31633,-0.345575,-0.39629,-0.000724576,-1.02306,-1.08281
2253,1,0.0813506,-0.399227,-4.55272,1,1,1,4.31384,-0.434587,-0.379246,-0.000707584,-1.49024,-1.18433
2254,1,0.0792976,-0.421867,-4.50002,1,1,1,4.31212,-0.42586,-0.432511,-0.000695513,-1.18079,-1.31968
2255,1,0.0771324,-0.444204,-4.43293,1,1,1,4.30962,-0.380482,-0.446359,-0.000457251,-1.26852,-1.02642
2256,1,0.0748563,-0.466173,-4.352,1,1,1,4.30771,-0.55676,-0.453816,-0.000456666,-1.45183,-1.12793
2257,1,0.0724712,-0.487704,-4.25783,1,1,1,4.30454,-0.518363,-0.478318,-0.000489387,-1.44568,-1.29712
2258,1,0.0699801,-0.508729,-4.15099,1,1,1,4.30262,-0.47822,-0.499624,-0.000549509,-1.4709,-1.44375
2259,1,0.0673851,-0.529192,-4.03205,1,1,1,4.29956,-0.514872,-0.542236,-0.000538984,-1.24263,-1.3084
2260,1,0.0646892,-0.549031,-3.90159,1,1,1,4.29726,-0.607375,-0.553954,-0.000541208,-1.3463,-1.24072
2261,1,0.0618957,-0.568191,-3.76017,1,1,1,4.2939,-0.525344,-0.567803,-0.000507539,-1.411,-1.39863
2262,1,0.0590087,-0.586615,-3.60842,1,1,1,4.2915,-0.623083,-0.59124,-0.000437127,-1.35447,-1.31968
2263,1,0.0560306,-0.60426,-3.44683,1,1,1,4.28776,-0.614356,-0.618938,-0.000374971,-1.24044,-1.18433
2264,1,0.0529672,-0.621069,-3.27606,1,1,1,4.28546,-0.560251,-0.621068,-0.000278336,-1.39043,-1.06025
2265,1,0.0498214,-0.637006,-3.09663,1,1,1,4.28134,-0.771436,-0.675398,-0.000159106,-0.951433,-1.0377
2266,1,0.0465989,-0.652021,-2.90917,1,1,1,4.27885,-0.584685,-0.679659,-5.47346e-05,-1.052,-1.16177
2267,1,0.0433033,-0.666083,-2.7142,1,1,1,4.27463,-0.734784,-0.678594,6.74547e-05,-1.19507,-1.01514
2268,1,0.0399395,-0.679153,-2.51229,1,1,1,4.27194,-0.671952,-0.702031,0.000211542,-1.05234,-1.00386
2269,1,0.0365133,-0.691196,-2.30408,1,1,1,4.26763,-0.781908,-0.724402,0.000362078,-0.905989,-0.992578
2270,1,0.0330293,-0.702184,-2.09009,1,1,1,4.26475,-0.69115,-0.724402,0.000469556,-0.997885,-0.879785
2271,1,0.0294933,-0.712088,-1.87093,1,1,1,4.26044,-0.797615,-0.723337,0.000568585,-1.08844,-1.13921
2272,1,0.0259103,-0.720885,-1.64715,1,1,1,4.25737,-0.724312,-0.745708,0.000642438,-0.910936,-1.07153
2273,1,0.0222865,-0.728553,-1.41936,1,1,1,4.25296,-0.790634,-0.756361,0.000769774,-0.838944,-1.02642
2274,1,0.0186269,-0.735072,-1.1881,1,1,1,4.2498,-0.757473,-0.760622,0.000872732,-0.825814,-0.936182
2275,1,0.0149373,-0.740429,-0.953931,1,1,1,4.24548,-0.781908,-0.77234,0.000986298,-0.713744,-0.755713
2276,1,0.0112245,-0.744608,-0.717501,1,1,1,4.24222,-0.829031,-0.761687,0.00103075,-0.842921,-0.778271
2277,1,0.0074935,-0.747601,-0.479328,1,1,1,4.23781,-0.74351,-0.765949,0.00113797,-0.787231,-0.823389
2278,1,0.00375068,-0.7494,-0.240011,1,1,1,4.23475,-0.731293,-0.771275,0.00122732,-0.707387,-0.688037
2279,1,1.03425e-06,-0.75,-6.6192e-05,1,1,1,4.23034,-0.774926,-0.756361,0.00131076,-0.835863,-0.721875
2280,1,-0.00374734,-0.749401,0.239798,1,1,1,4.22708,-0.867429,-0.77234,0.00140351,-0.608175,-0.676758
2281,1,-0.00749079,-0.747603,0.479154,1,1,1,4.22267,-0.729548,-0.789385,0.0014729,-0.356728,-0.857227
2282,1,-0.0112214,-0.744611,0.717305,1,1,1,4.2196,-0.745256,-0.769144,0.00158818,-0.494668,-0.552686
2283,1,-0.0149348,-0.740432,0.95377,1,1,1,4.21519,-0.802851,-0.753165,0.00165408,-0.577591,-0.755713
2284,1,-0.0186244,-0.735077,1.18794,1,1,1,4.21202,-0.703368,-0.748904,0.00180735,-0.50557,-0.552686
2285,1,-0.0222835,-0.728558,1.41918,1,1,1,4.20828,-0.705113,-0.764883,0.00190327,-0.204166,-0.451172
2286,1,-0.0259078,-0.720891,1.64699,1,1,1,4.20522,-0.760964,-0.71588,0.00194804,-0.610425,-0.270703
2287,1,-0.0294907,-0.712095,1.87077,1,1,1,4.20052,-0.888373,-0.742512,0.00198827,-0.171484,-0.47373
2288,1,-0.0330267,-0.702191,2.08993,1,1,1,4.19726,-0.724312,-0.705227,0.00200724,-0.425389,-0.496289
2289,1,-0.0365107,-0.691204,2.30392,1,1,1,4.19352,-0.689405,-0.716945,0.00212475,-0.114093,-0.15791
2290,1,-0.0399372,-0.679161,2.51215,1,1,1,4.19074,-0.729548,-0.650896,0.00214005,-0.659335,-0.0789551
2291,1,-0.0433004,-0.666094,2.71403,1,1,1,4.18652,-0.705113,-0.695639,0.00221116,0.0335628,-0.15791
2292,1,-0.0466232,-0.651913,2.91059,1,1,1,4.18403,-0.567232,-0.673268,0.00228601,0.0019617,-0.0789551
2293,1,-0.0498195,-0.637015,3.09651,1,1,1,4.18058,-0.523599,-0.675398,0.00240024,0.252665,-0.101514
2294,1,-0.0529649,-0.621082,3.27593,1,1,1,4.17885,-0.415388,-0.625329,0.00244097,-0.0683549,-0.124072
2295,1,-0.0560289,-0.604269,3.44674,1,1,1,4.1755,-0.731293,-0.615742,0.00245878,0.0627486,-0.0902344
2296,1,-0.0590063,-0.586629,3.60829,1,1,1,4.17233,-0.724312,-0.579522,0.00244368,-0.0942934,-0.169189
2297,1,-0.0618934,-0.568206,3.76006,1,1,1,4.1684,-0.596903,-0.562477,0.00242933,-0.0316428,-0.0451172
2298,1,-0.0646871,-0.549046,3.90148,1,1,1,4.16639,-0.488692,-0.540106,0.0024642,-0.0133732,-0.15791
2299,1,-0.0673832,-0.529206,4.03196,1,1,1,4.1638,-0.39968,-0.568869,0.00250205,0.574909,0.0338379
2300,1,-0.0699782,-0.508745,4.15091,1,1,1,4.16207,-0.45204,-0.528387,0.00253045,0.406648,0.0902344
2301,1,-0.0724696,-0.487718,4.25776,1,1,1,4.15891,-0.509636,-0.486841,0.00255164,0.231012,0.0563965
2302,1,-0.0748545,-0.466189,4.35194,1,1,1,4.15718,-0.382227,-0.468731,0.00255852,0.316013,0.112793
2303,1,-0.0771309,-0.44422,4.43287,1,1,1,4.15479,-0.427606,-0.455947,0.00251349,0.456546,0.214307
2304,1,-0.0792962,-0.421882,4.49998,1,1,1,4.15297,-0.445059,-0.404813,0.00244029,0.174178,0.248145
2305,1,-0.0813492,-0.399244,4.55269,1,1,1,4.15066,-0.363028,-0.362201,0.00230077,-0.021272,0.191748
2306,1,-0.083288,-0.376383,4.59042,1,1,1,4.14894,-0.432842,-0.363266,0.00215516,0.263406,0.101514
2307,1,-0.0851127,-0.353365,4.6126,1,1,1,4.14683,-0.293215,-0.322785,0.00200243,0.0903231,0.135352
2308,1,-0.0868219,-0.33028,4.61866,1,1,1,4.14568,-0.280998,-0.289761,0.00190085,0.00502718,0.0902344
2309,1,-0.0884156,-0.307207,4.60801,1,1,1,4.14405,-0.272271,-0.265259,0.00173127,0.00119265,0.15791
2310,1,-0.0898938,-0.284233,4.58008,1,1,1,4.1429,-0.270526,-0.256737,0.00160522,0.17555,0.191748
2311,1,-0.0912581,-0.261437,4.53429,1,1,1,4.14136,-0.251327,-0.231169,0.00143808,0.151388,0.0676758
2312,1,-0.0925089,-0.238916,4.47007,1,1,1,4.14041,-0.219911,-0.232235,0.00132651,0.42241,0.0676758
2313,1,-0.0936478,-0.216769,4.38685,1,1,1,4.13926,-0.188496,-0.198145,0.00118969,0.295938,0.135352
2314,1,-0.0946774,-0.195081,4.28403,1,1,1,4.13849,-0.179769,-0.159795,0.00106697,0.116189,0.304541
2315,1,-0.0955997,-0.173961,4.16107,1,1,1,4.13763,-0.150098,-0.153403,0.000950969,0.278319,0.191748
2316,1,-0.096418,-0.153507,4.01737,1,1,1,4.13715,-0.10821,-0.14488,0.000871211,0.411367,0.225586
2317,1,-0.0971359,-0.133825,3.85236,1,1,1,4.13657,-0.0907571,-0.0990726,0.000727448,0.112723,0.191748
2318,1,-0.0977577,-0.11502,3.66545,1,1,1,4.13619,-0.0907571,-0.0585913,0.000521047,-0.151067,0.15791
2319,1,-0.0982878,-0.0972074,3.45609,1,1,1,4.13561,-0.0698132,-0.0628525,0.000292489,0.0572323,0.0451172
2320,1,-0.0987316,-0.0804967,3.22367,1,1,1,4.13542,-0.0174533,-0.0255671,8.12496e-05,-0.205464,0.0451172
2321,1,-0.0990948,-0.065009,2.96765,1,1,1,4.13532,-0.0401426,-0.0127836,-0.000157974,-0.221834,0.0112793
2322,1,-0.0993839,-0.0508602,2.68742,1,1,1,4.13513,-0.0244346,-0.0213059,-0.000435322,-0.0305112,-0.0225586
2323,1,-0.0996059,-0.0381763,2.38246,1,1,1,4.13513,0,0.0127836,-0.000682038,-0.324859,-0.0676758
2324,1,-0.0997683,-0.0270777,2.05209,1,1,1,4.13513,0,0.0223712,-0.000914342,-0.371478,-0.135352
2325,1,-0.0998795,-0.0176977,1.69587,1,1,1,4.13494,-0.0715585,0.0319589,-0.00117553,-0.447675,-0.214307
2326,1,-0.0999484,-0.0101645,1.31316,1,1,1,4.13446,-0.148353,0.0436772,-0.00143073,-0.573496,-0.360938
2327,1,-0.0999845,-0.00461135,0.903302,1,1,1,4.13398,0.00523599,0.0426119,-0.00162909,-0.579024,-0.541406
2328,1,-0.099998,-0.00117695,0.465857,1,1,1,4.13417,0.0296706,0.0426119,-0.00178244,-0.619826,-0.48501
2329,1,-0.1,-1.10899e-10,0.000145919,1,1,1,4.13417,-0.015708,-0.00426119,-0.00187726,-0.169082,-0.541406
2330,1,-0.1,-0,-0,1,1,1,4.13427,0.0698132,-0.0117183,-0.00186683,-0.0877197,-0.191748
2331,1,-0.1,-0,-0,1,1,1,4.13437,-0.0244346,-0.0010653,-0.00185634,-0.205654,-0.169189
2332,1,-0.1,-0,-0,1,1,1,4.13437,-0.00523599,0.01811,-0.00189619,-0.424644,-0.270703
2333,1,-0.1,-0,-0,1,1,1,4.13427,-0.020944,-7.17537e-19,-0.00189154,-0.22753,-0.270703
2334,1,-0.1,-0,-0,1,1,1,4.13427,0.0139626,-0.00745708,-0.00186622,-0.143955,-0.304541
2335,1,-0.1,-0,-0,1,1,1,4.13427,0,0.00639178,-0.00188408,-0.300843,-0.191748
2336,1,-0.1,-0,-0,1,1,1,4.13427,-0.00523599,-0.00213059,-0.0019028,-0.212351,-0.236865
2337,1,-0.1,-0,-0,1,1,1,4.13427,0.00872665,-0.0191753,-0.00186796,-0.0221451,-0.225586
2338,1,-0.1,-0,-0,1,1,1,4.13427,0,0.00213059,-0.00186963,-0.258673,-0.191748
2339,1,-0.1,-0,-0,1,1,1,4.13427,0,-0.00745708,-0.00186917,-0.155603,-0.248145
2340,1,-0.1,-0,-0,1,1,1,4.13427,0,0.0170448,-0.0018876,-0.429979,-0.304541
2341,1,-0.1,-0,-0,1,1,1,4.13427,0,-1.23938e-18,-0.00191722,-0.249397,-0.270703
2342,1,-0.1,-0,-0,1,1,1,4.13427,0.010472,-0.0159795,-0.00189372,-0.0726211,-0.214307
2343,1,-0.1,-0,-0,1,1,1,4.13427,0,0.0149142,-0.00186478,-0.409567,-0.15791
2344,1,-0.1,-0,-0,1,1,1,4.13427,0,-0.00532648,-0.00185788,-0.188418,-0.225586
2345,1,-0.1,-0,-0,1,1,1,4.13437,0,-0.00852238,-0.00187386,-0.157938,-0.225586
2346,1,-0.1,-0,-0,1,1,1,4.13427,-0.0174533,-0.00958767,-0.00190407,-0.153007,-0.270703
2347,1,-0.1,-0,-0,1,1,1,4.13427,0.00872665,1.696e-18,-0.00188013,-0.257013,-0.248145
2348,1,-0.1,-0,-0,1,1,1,4.13427,0,-0.0149142,-0.00190778,-0.0996433,-0.349658
2349,1,-0.1,-0,-0,1,1,1,4.13427,0.0506145,0.0159795,-0.00191435,-0.442185,-0.214307
2350,1,-0.1,-0,-0,1,1,1,4.13437,-0.00872665,-0.00213059,-0.00192806,-0.247497,-0.248145
2351,1,-0.1,-0,-0,1,1,1,4.13427,0.015708,0.00426119,-0.00193367,-0.321025,-0.225586
2352,1,-0.1,-0,-0,1,1,1,4.13427,-0.0331613,0.00639178,-0.00193326,-0.346663,-0.3271
2353,1,-0.1,-0,-0,1,1,1,4.13427,0,-0.00213059,-0.00196578,-0.260139,-0.281982
2354,1,-0.1,-0,-0,1,1,1,4.13417,-0.0122173,0.00958767,-0.001978,-0.393023,-0.259424
2355,1,-0.1,-0,-0,1,1,1,4.13427,-0.0244346,-0.00319589,-0.00195829,-0.252002,-0.281982
2356,1,-0.1,-0,-0,1,1,1,4.13427,0,0.00958767,-0.001969,-0.396557,-0.349658
2357,1,-0.1,-0,-0,1,1,1,4.13427,0,0.00426119,-0.0019806,-0.3421,-0.304541
2358,1,-0.1,-0,-0,1,1,1,4.13427,0,-0.0010653,-0.00196634,-0.283788,-0.3271
2359,1,-0.1,-0,-0,1,1,1,4.13427,0,0.01811,-0.00198197,-0.499319,-0.293262
2360,1,-0.1,-0,-0,1,1,1,4.13427,0,-0.00852238,-0.00200266,-0.212237,-0.439893
2361,1,-0.1,-0,-0,1,1,1,4.13427,0.020944,-0.00532648,-0.00197928,-0.245995,-0.259424
2362,1,-0.1,-0,-0,1,1,1,4.13427,0,0.0010653,-0.00199193,-0.320561,-0.248145
2363,1,-0.1,-0,-0,1,1,1,4.13417,0,-0.0202406,-0.00199042,-0.0888575,-0.349658
2364,1,-0.1,-0,-0,1,1,1,4.13417,0,-0.0010653,-0.00197995,-0.300101,-0.304541
2365,1,-0.1,-0,-0,1,1,1,4.13427,0,0.00426119,-0.00201264,-0.365985,-0.281982
2366,1,-0.1,-0,-0,1,1,1,4.13417,-0.015708,-0.0138489,-0.00201505,-0.169806,-0.31582
2367,1,-0.1,-0,-0,1,1,1,4.13427,0.0174533,-0.0117183,-0.00199269,-0.191857,-0.203027
2368,1,-0.1,-0,-0,1,1,1,4.13427,-0.00872665,-0.0117183,-0.00201788,-0.197996,-0.203027
2369,1,-0.1,-0,-0,1,1,1,4.13417,0,-0.010653,-0.00195426,-0.20241,-0.236865
2370,1,-0.1,-0,-0,1,1,1,4.13427,0.010472,-0.00532648,-0.00197241,-0.266155,-0.293262
2371,1,-0.1,-0,-0,1,1,1,4.13417,0,-0.00319589,-0.00200575,-0.296744,-0.417334
2372,1,-0.1,-0,-0,1,1,1,4.13417,0,0.00319589,-0.00197405,-0.364839,-0.338379
2373,1,-0.1,-0,-0,1,1,1,4.13417,0,0.0010653,-0.00197856,-0.344558,-0.383496
2374,1,-0.1,-0,-0,1,1,1,4.13417,-0.00523599,-0.00426119,-0.00191842,-0.279342,-0.259424
2375,1,-0.1,-0,-0,1,1,1,4.13427,-0.0139626,0.00852238,-0.00192954,-0.423793,-0.259424
2376,1,-0.1,-0,-0,1,1,1,4.13417,0,0.00639178,-0.0019592,-0.407365,-0.372217
2377,1,-0.1,-0,-0,1,1,1,4.13408,0,0.00319589,-0.00197464,-0.377212,-0.428613
2378,1,-0.1,-0,-0,1,1,1,4.13417,0,-0.010653,-0.00195768,-0.224939,-0.349658
2379,1,-0.1,-0,-0,1,1,1,4.13417,0.00523599,-0.0010653,-0.0019238,-0.327422,-0.225586
2380,1,-0.1,-0,-0,1,1,1,4.13417,-0.00174533,0.0010653,-0.00191953,-0.352539,-0.383496
2381,1,-0.1,-0,-0,1,1,1,4.13417,0.0139626,-0.00639178,-0.00191466,-0.272061,-0.3271
2382,1,-0.1,-0,-0,1,1,1,4.13417,0,0.0117183,-0.00192368,-0.474821,-0.349658
2383,1,-0.1,-0,-0,1,1,1,4.13417,-0.0174533,-0.00639178,-0.001931,-0.279237,-0.417334
2384,1,-0.1,-0,-0,1,1,1,4.13417,0.00872665,-0.00319589,-0.00195132,-0.319709,-0.417334
2385,1,-0.1,-0,-0,1,1,1,4.13417,0,-0.00958767,-0.00195985,-0.253092,-0.462451
2386,1,-0.1,-0,-0,1,1,1,4.13417,0,-0.00426119,-0.00198495,-0.315141,-0.394775
2387,1,-0.1,-0,-0,1,1,1,4.13417,0,-9.78459e-19,-0.00196457,-0.359323,-0.259424
2388,1,-0.1,-0,-0,1,1,1,4.13417,0,0.0149142,-0.00196501,-0.523438,-0.394775
2389,1,-0.1,-0,-0,1,1,1,4.13408,0,0.00852238,-0.0019705,-0.453853,-0.338379
2390,1,-0.1,-0,-0,1,1,1,4.13417,-0.00174533,-0.00532648,-0.00197562,-0.301944,-0.552686
2391,1,-0.1,-0,-0,1,1,1,4.13417,0.0244346,0.0170448,-0.00200275,-0.551855,-0.48501
2392,1,-0.1,-0,-0,1,1,1,4.13408,0,0.0117183,-0.00205348,-0.49996,-0.406055
2393,1,-0.1,-0,-0,1,1,1,4.13408,-0.015708,-0.0191753,-0.00204544,-0.15907,-0.428613
2394,1,-0.1,-0,-0,1,1,1,4.13408,0.0139626,0.00426119,-0.00198823,-0.409319,-0.349658
2395,1,-0.1,-0,-0,1,1,1,4.13417,-0.00174533,-0.0117183,-0.00198521,-0.233147,-0.270703
2396,1,-0.1,-0,-0,1,1,1,4.13417,0,0.00319589,-0.00198327,-0.396946,-0.338379
2397,1,-0.1,-0,-0,1,1,1,4.13417,0,0.00213059,-0.00201024,-0.388788,-0.31582
2398,1,-0.1,-0,-0,1,1,1,4.13408,-0.00872665,0.0127836,-0.00202193,-0.507513,-0.349658
2399,1,-0.1,-0,-0,1,1,1,4.13408,-0.00872665,-0.00639178,-0.00204038,-0.29902,-0.439893
2400,1,-0.1,-0,-0,1,1,1,4.13408,0.00872665,0.01811,-0.00210346,-0.576867,-0.439893
2401,1,-0.1,-0,-0,1,1,1,4.13408,-0.00872665,-0.00532648,-0.0020983,-0.318385,-0.417334
2402,1,-0.1,-0,-0,1,1,1,4.13408,0,-0.0255671,-0.00204453,-0.0886395,-0.451172
2403,1,-0.1,-0,-0,1,1,1,4.13417,0.020944,0.00532648,-0.0020169,-0.424822,-0.259424
2404,1,-0.1,-0,-0,1,1,1,4.13417,-0.0279253,-0.00852238,-0.00201159,-0.271784,-0.293262
2405,1,-0.1,-0,-0,1,1,1,4.13408,0.00174533,0.00852238,-0.00201862,-0.460203,-0.3271
2406,1,-0.1,-0,-0,1,1,1,4.13408,-0.0139626,0.0191753,-0.00204047,-0.580271,-0.451172
2407,1,-0.1,-0,-0,1,1,1,4.13408,-0.00872665,0.00532648,-0.00209277,-0.434838,-0.428613
2408,1,-0.1,-0,-0,1,1,1,4.13408,0,-0.00426119,-0.00201656,-0.319313,-0.31582
2409,1,-0.1,-0,-0,1,1,1,4.13417,-0.00872665,0.00426119,-0.00206485,-0.419433,-0.48501
2410,1,-0.1,-0,-0,1,1,1,4.13408,0.00523599,-0.00852238,-0.00205414,-0.277401,-0.417334
2411,1,-0.1,-0,-0,1,1,1,4.13408,0,0.00319589,-0.00205803,-0.406814,-0.338379
2412,1,-0.1,-0,-0,1,1,1,4.13408,0,0.0159795,-0.00204092,-0.545175,-0.281982
2413,1,-0.1,-0,-0,1,1,1,4.13408,-0.0366519,-0.00319589,-0.00205445,-0.336033,-0.417334
2414,1,-0.1,-0,-0,1,1,1,4.13408,0.0279253,-0.00213059,-0.00205234,-0.347472,-0.360938
2415,1,-0.1,-0,-0,1,1,1,4.13408,0,0.00745708,-0.00204149,-0.451504,-0.360938
2416,1,-0.1,-0,-0,1,1,1,4.13408,0,0.0191753,-0.00208947,-0.586738,-0.417334
2417,1,-0.1,-0,-0,1,1,1,4.13408,-0.00349066,-0.00213059,-0.00210037,-0.353812,-0.462451
2418,1,-0.1,-0,-0,1,1,1,4.13408,0,-0.010653,-0.00213545,-0.264697,-0.462451
2419,1,-0.1,-0,-0,1,1,1,4.13408,0.0523599,0.010653,-0.0021357,-0.499095,-0.372217
2420,1,-0.1,-0,-0,1,1,1,4.13408,-0.00872665,-0.00426119,-0.00213682,-0.335188,-0.47373
2421,1,-0.1,-0,-0,1,1,1,4.13408,0,0.00852238,-0.00214364,-0.476707,-0.428613
2422,1,-0.1,-0,-0,1,1,1,4.13408,0,0.00532648,-0.00216162,-0.443925,-0.349658
2423,1,-0.1,-0,-0,1,1,1,4.13408,0,-0.00426119,-0.00216103,-0.338383,-0.428613
2424,1,-0.1,-0,-0,1,1,1,4.13408,0,0.0127836,-0.00215106,-0.524559,-0.439893
2425,1,-0.1,-0,-0,1,1,1,4.13408,-0.00698132,0.0149142,-0.0021664,-0.550021,-0.439893
2426,1,-0.1,-0,-0,1,1,1,4.13408,0,0.0149142,-0.00217675,-0.551387,-0.451172
2427,1,-0.1,-0,-0,1,1,1,4.13398,-0.0174533,-1.30461e-19,-0.0021968,-0.389978,-0.518848
2428,1,-0.1,-0,-0,1,1,1,4.13398,0.00872665,0.00532648,-0.00218936,-0.447587,-0.451172
2429,1,-0.1,-0,-0,1,1,1,4.13408,0,-0.010653,-0.00217267,-0.26961,-0.360938
2430,1,-0.1,-0,-0,1,1,1,4.13408,0.015708,-0.00213059,-0.00219555,-0.366376,-0.31582
2431,1,-0.1,-0,-0,1,1,1,4.13398,0,0.00639178,-0.00220359,-0.461183,-0.541406
2432,1,-0.1,-0,-0,1,1,1,4.13398,0.00698132,-0.0170448,-0.00217802,-0.200006,-0.372217
2433,1,-0.1,-0,-0,1,1,1,4.13408,0,0.00213059,-0.00221787,-0.416196,-0.47373
2434,1,-0.1,-0,-0,1,1,1,4.13398,0,-0.0010653,-0.00223219,-0.38293,-0.575244
2435,1,-0.1,-0,-0,1,1,1,4.13408,0,0.00958767,-0.00223322,-0.500249,-0.31582
2436,1,-0.1,-0,-0,1,1,1,4.13408,-0.00872665,0.00532648,-0.00225068,-0.455681,-0.48501
2437,1,-0.1,-0,-0,1,1,1,4.13408,0,-0.0010653,-0.00224419,-0.384515,-0.3271
2438,1,-0.1,-0,-0,1,1,1,4.13398,-0.00872665,-0.0159795,-0.00221881,-0.217109,-0.372217
2439,1,-0.1,-0,-0,1,1,1,4.13408,0.015708,-0.0010653,-0.00218974,-0.377327,-0.270703
2440,1,-0.1,-0,-0,1,1,1,4.13408,-0.00349066,-0.0117183,-0.00221351,-0.263283,-0.428613
2441,1,-0.1,-0,-0,1,1,1,4.13408,0.0366519,-0.0149142,-0.0022014,-0.22653,-0.417334
2442,1,-0.1,-0,-0,1,1,1,4.13408,0,0.0149142,-0.00223227,-0.558715,-0.428613
2443,1,-0.1,-0,-0,1,1,1,4.13398,-0.00174533,-0.00319589,-0.00225263,-0.362192,-0.428613
2444,1,-0.1,-0,-0,1,1,1,4.13398,0,0.00532648,-0.00224799,-0.455327,-0.507568
2445,1,-0.1,-0,-0,1,1,1,4.13408,0,0.00426119,-0.00225658,-0.444742,-0.496289
2446,1,-0.1,-0,-0,1,1,1,4.13398,0.0191986,-0.00745708,-0.00225276,-0.315336,-0.47373
2447,1,-0.1,-0,-0,1,1,1,4.13408,0,-0.00532648,-0.00224605,-0.337887,-0.394775
2448,1,-0.1,-0,-0,1,1,1,4.13398,-0.00523599,0.0149142,-0.00229081,-0.566443,-0.496289
2449,1,-0.1,-0,-0,1,1,1,4.13398,0,-0.010653,-0.00232645,-0.289908,-0.439893
2450,1,-0.1,-0,-0,1,1,1,4.13398,0,-0.0213059,-0.00233377,-0.173692,-0.3271
2451,1,-0.1,-0,-0,1,1,1,4.13408,0.00349066,0.00319589,-0.00233151,-0.442914,-0.360938
2452,1,-0.1,-0,-0,1,1,1,4.13398,-0.0349066,0.0010653,-0.00231491,-0.417286,-0.451172
2453,1,-0.1,-0,-0,1,1,1,4.13408,0.00698132,-0.0010653,-0.00232627,-0.395349,-0.428613
2454,1,-0.1,-0,-0,1,1,1,4.13398,0,-0.00213059,-0.00235824,-0.387851,-0.462451
2455,1,-0.1,-0,-0,1,1,1,4.13398,0,0.00319589,-0.0023734,-0.448444,-0.47373
2456,1,-0.1,-0,-0,1,1,1,4.13398,0,0.0010653,-0.00239579,-0.427963,-0.406055
2457,1,-0.1,-0,-0,1,1,1,4.13398,0,-0.0245018,-0.00239132,-0.146134,-0.47373
2458,1,-0.1,-0,-0,1,1,1,4.13408,0.0296706,-0.0010653,-0.00241084,-0.406513,-0.360938
2459,1,-0.1,-0,-0,1,1,1,4.13398,0,-2.60922e-19,-0.00241954,-0.419379,-0.439893
2460,1,-0.1,-0,-0,1,1,1,4.13398,0,-0.010653,-0.00243851,-0.3047,-0.360938
2461,1,-0.1,-0,-0,1,1,1,4.13398,0.0349066,-0.0010653,-0.00243761,-0.410046,-0.439893
2462,1,-0.1,-0,-0,1,1,1,4.13398,-0.0279253,0.00852238,-0.00243016,-0.514527,-0.417334
2463,1,-0.1,-0,-0,1,1,1,4.13398,-0.00523599,0.0149142,-0.00243783,-0.585849,-0.530127
2464,1,-0.1,-0,-0,1,1,1,4.13398,0.020944,-0.0191753,-0.00243032,-0.209873,-0.462451
2465,1,-0.1,-0,-0,1,1,1,4.13398,0.0174533,-0.00426119,-0.00242812,-0.373639,-0.530127
2466,1,-0.1,-0,-0,1,1,1,4.13398,0,0.0010653,-0.00244086,-0.433912,-0.372217
2467,1,-0.1,-0,-0,1,1,1,4.13398,0,0.0213059,-0.00247378,-0.660904,-0.462451
2468,1,-0.1,-0,-0,1,1,1,4.13398,0,0.00319589,-0.00249386,-0.464344,-0.507568
2469,1,-0.1,-0,-0,1,1,1,4.13398,0,0.00213059,-0.00251217,-0.455043,-0.439893
2470,1,-0.1,-0,-0,1,1,1,4.13398,0,-0.00426119,-0.0024916,-0.381939,-0.394775
2471,1,-0.1,-0,-0,1,1,1,4.13398,0,0.00958767,-0.00251711,-0.537723,-0.462451
2472,1,-0.1,-0,-0,1,1,1,4.13398,0,-0.00745708,-0.00250707,-0.348906,-0.451172
2473,1,-0.1,-0,-0,1,1,1,4.13398,0.00872665,0.00958767,-0.00252687,-0.539012,-0.428613
2474,1,-0.1,-0,-0,1,1,1,4.13398,0,-0.00745708,-0.00250363,-0.348451,-0.3271
2475,1,-0.1,-0,-0,1,1,1,4.13398,0,-0.00213059,-0.00252105,-0.409343,-0.47373
2476,1,-0.1,-0,-0,1,1,1,4.13398,0,-0.00213059,-0.00254906,-0.41304,-0.406055
2477,1,-0.1,-0,-0,1,1,1,4.13398,0,0.00639178,-0.00254316,-0.506007,-0.439893
2478,1,-0.1,-0,-0,1,1,1,4.13398,0,0.00426119,-0.00252758,-0.480514,-0.48501
2479,1,-0.1,-0,-0,1,1,1,4.13398,0,0.0213059,-0.00254911,-0.670848,-0.349658
2480,1,-0.1,-0,-0,1,1,1,4.13398,0,0.0010653,-0.00255992,-0.449627,-0.428613
2481,1,-0.1,-0,-0,1,1,1,4.13398,0,0.00852238,-0.00256389,-0.53218,-0.349658
2482,1,-0.1,-0,-0,1,1,1,4.13398,0,-0.0223712,-0.00255062,-0.190599,-0.507568
2483,1,-0.1,-0,-0,1,1,1,4.13398,0.0261799,-0.00745708,-0.00257319,-0.357633,-0.620361
2484,1,-0.1,-0,-0,1,1,1,4.13389,-0.00349066,-0.0245018,-0.00255362,-0.167558,-0.530127
2485,1,-0.1,-0,-0,1,1,1,4.13408,0.0191986,-0.0149142,-0.00251059,-0.267342,-0.360938
2486,1,-0.1,-0,-0,1,1,1,4.13398,-0.00698132,0.00532648,-0.0025168,-0.490809,-0.394775
2487,1,-0.1,-0,-0,1,1,1,4.13398,-0.0349066,0.00213059,-0.00254728,-0.459678,-0.586523
2488,1,-0.1,-0,-0,1,1,1,4.13389,0,-0.0010653,-0.00251571,-0.420356,-0.406055
2489,1,-0.1,-0,-0,1,1,1,4.13398,-0.0314159,0.00426119,-0.00254731,-0.483119,-0.530127
2490,1,-0.1,-0,-0,1,1,1,4.13398,0.0244346,0.00958767,-0.00254195,-0.541002,-0.47373
2491,1,-0.1,-0,-0,1,1,1,4.13389,-0.0174533,-9.13229e-19,-0.00256016,-0.437941,-0.518848
2492,1,-0.1,-0,-0,1,1,1,4.13398,0.0279253,-0.00958767,-0.00257007,-0.333784,-0.417334
2493,1,-0.1,-0,-0,1,1,1,4.13398,0.020944,0.0127836,-0.00258754,-0.582175,-0.394775
2494,1,-0.1,-0,-0,1,1,1,4.13389,-0.0523599,0.010653,-0.00264209,-0.565939,-0.575244
2495,1,-0.1,-0,-0,1,1,1,4.13389,0.00872665,-7.82767e-19,-0.00266305,-0.451523,-0.417334
2496,1,-0.1,-0,-0,1,1,1,4.13389,-0.0191986,0.0117183,-0.0026507,-0.578794,-0.417334
2497,1,-0.1,-0,-0,1,1,1,4.13389,-0.0331613,-0.0330242,-0.00262078,-0.0826768,-0.372217
2498,1,-0.1,-0,-0,1,1,1,4.13389,0,-0.00213059,-0.00261653,-0.421945,-0.394775
2499,1,-0.1,-0,-0,1,1,1,4.13389,0,-0.00319589,-0.00266723,-0.41692,-0.451172
2500,1,-0.1,-0,-0,1,1,1,4.13389,-0.0314159,0.00319589,-0.00268579,-0.489679,-0.518848
2501,1,-0.1,-0,-0,1,1,1,4.13389,0.00349066,0.0138489,-0.00266922,-0.604675,-0.3271
2502,1,-0.1,-0,-0,1,1,1,4.13389,0,-0.00639178,-0.00264775,-0.379193,-0.406055
2503,1,-0.1,-0,-0,1,1,1,4.13398,0,-0.00745708,-0.00263694,-0.366048,-0.372217
2504,1,-0.1,-0,-0,1,1,1,4.13398,0,0.00319589,-0.00262166,-0.481214,-0.293262
2505,1,-0.1,-0,-0,1,1,1,4.13389,0,0.00213059,-0.00261453,-0.468554,-0.417334
2506,1,-0.1,-0,-0,1,1,1,4.13398,0.00872665,0.0117183,-0.00261845,-0.574536,-0.439893
2507,1,-0.1,-0,-0,1,1,1,4.13389,0,0.00532648,-0.00266887,-0.510882,-0.64292
2508,1,-0.1,-0,-0,1,1,1,4.13389,0,1.95692e-19,-0.00264321,-0.448904,-0.47373
2509,1,-0.1,-0,-0,1,1,1,4.13398,0,0.00319589,-0.00262773,-0.482015,-0.372217
2510,1,-0.1,-0,-0,1,1,1,4.13389,0,-0.00532648,-0.00258977,-0.383258,-0.451172
2511,1,-0.1,-0,-0,1,1,1,4.13389,0,-0.0010653,-0.00261352,-0.433266,-0.394775
2512,1,-0.1,-0,-0,1,1,1,4.13389,-0.0139626,0.010653,-0.00261656,-0.562569,-0.428613
2513,1,-0.1,-0,-0,1,1,1,4.13389,-0.0226893,0.0138489,-0.00264003,-0.600822,-0.48501
2514,1,-0.1,-0,-0,1,1,1,4.13389,0,0.0127836,-0.00262633,-0.587295,-0.451172
2515,1,-0.1,-0,-0,1,1,1,4.13389,0,-0.0010653,-0.00262466,-0.434736,-0.417334
2516,1,-0.1,-0,-0,1,1,1,4.13389,0,0.00319589,-0.00260919,-0.479568,-0.451172
2517,1,-0.1,-0,-0,1,1,1,4.13389,0,-0.0159795,-0.00261185,-0.268991,-0.530127
2518,1,-0.1,-0,-0,1,1,1,4.13389,0,-0.0010653,-0.0026299,-0.435429,-0.462451
2519,1,-0.1,-0,-0,1,1,1,4.13389,0,0.0010653,-0.00262411,-0.458101,-0.360938
2520,1,-0.1,-0,-0,1,1,1,4.13389,0,0.0149142,-0.00264659,-0.613406,-0.372217
2521,1,-0.1,-0,-0,1,1,1,4.13389,-0.00349066,0.00852238,-0.00265643,-0.544395,-0.372217
2522,1,-0.1,-0,-0,1,1,1,4.13389,0,0.00852238,-0.00267983,-0.547484,-0.406055
2523,1,-0.1,-0,-0,1,1,1,4.13379,0,0.00852238,-0.00267423,-0.546745,-0.541406
2524,1,-0.1,-0,-0,1,1,1,4.13389,0.00872665,1.76123e-18,-0.00271333,-0.45816,-0.64292
2525,1,-0.1,-0,-0,1,1,1,4.13389,0.0174533,0.00213059,-0.00270964,-0.481109,-0.518848
2526,1,-0.1,-0,-0,1,1,1,4.13389,0,-0.00213059,-0.00268178,-0.430559,-0.406055
2527,1,-0.1,-0,-0,1,1,1,4.13389,0,-0.00532648,-0.00267107,-0.39399,-0.383496
2528,1,-0.1,-0,-0,1,1,1,4.13379,-0.0314159,-0.00213059,-0.00267777,-0.430028,-0.518848
2529,1,-0.1,-0,-0,1,1,1,4.13389,0,-0.0191753,-0.00266232,-0.240497,-0.541406
2530,1,-0.099998,0.00117526,0.465529,1,1,1,4.13379,0,0.00532648,-0.00264464,-0.430426,-0.507568
2531,1,-0.0999845,0.00460834,0.90302,1,1,1,4.13389,0,0.0340895,-0.00267768,-0.649292,-0.462451
2532,1,-0.0999484,0.0101593,1.31284,1,1,1,4.13389,0.0244346,-0.0117183,-0.00262949,-0.0142381,-0.304541
2533,1,-0.0998796,0.0176926,1.69565,1,1,1,4.13408,0.0191986,-0.0138489,-0.00250442,0.172103,-0.135352
2534,1,-0.0997684,0.0270714,2.05188,1,1,1,4.13408,0.0174533,0.0138489,-0.00246131,0.038588,-0.0789551
2535,1,-0.099606,0.0381669,2.38221,1,1,1,4.13408,0,0.0127836,-0.0023636,0.247071,-0.0338379
2536,1,-0.0993841,0.0508518,2.68723,1,1,1,4.13427,0.0366519,0.00532648,-0.00217536,0.555025,0.0338379
2537,1,-0.0990951,0.0649979,2.96745,1,1,1,4.13456,0.0488692,0.010653,-0.00198426,0.738565,0.101514
2538,1,-0.0987319,0.0804855,3.2235,1,1,1,4.13485,0.122173,0.0202406,-0.00171328,0.901504,0.47373
2539,1,-0.0982881,0.0971956,3.45594,1,1,1,4.13667,0.326377,0.0308936,-0.00135591,1.07777,0.868506
2540,1,-0.0977581,0.115008,3.66532,1,1,1,4.13686,-0.0488692,0.0458078,-0.00103035,1.21387,1.15049
2541,1,-0.0971365,0.133808,3.85221,1,1,1,4.13705,0.120428,0.0798973,-0.000823181,1.13104,0.834668
2542,1,-0.0964185,0.153493,4.01727,1,1,1,4.13743,0.0994838,0.109726,-0.000573245,1.10993,1.07153
2543,1,-0.0956003,0.173946,4.16098,1,1,1,4.1383,0.109956,0.0948114,-0.00034052,1.58484,1.20688
2544,1,-0.094678,0.195068,4.28396,1,1,1,4.13868,0.10821,0.150207,-9.69972e-05,1.29495,1.28584
2545,1,-0.0936486,0.216754,4.38679,1,1,1,4.13993,0.198968,0.158729,0.000111115,1.51899,1.21816
2546,1,-0.0925096,0.238904,4.47003,1,1,1,4.14079,0.251327,0.19708,0.000334598,1.42127,1.43247
2547,1,-0.0912591,0.26142,4.53425,1,1,1,4.14213,0.169297,0.221582,0.000490391,1.46766,1.38735
2548,1,-0.0898949,0.284216,4.58005,1,1,1,4.14299,0.253073,0.266324,0.000607533,1.28702,1.46631
2549,1,-0.0884165,0.307193,4.60799,1,1,1,4.14482,0.301942,0.284434,0.00071045,1.39699,1.29712
2550,1,-0.086823,0.330265,4.61866,1,1,1,4.14606,0.305433,0.324916,0.000782424,1.25549,1.35352
2551,1,-0.0851137,0.353352,4.61261,1,1,1,4.14788,0.34383,0.331307,0.000841644,1.48461,1.40991
2552,1,-0.0832894,0.376366,4.59044,1,1,1,4.14942,0.397935,0.37605,0.000893953,1.28828,1.45503
2553,1,-0.0813504,0.39923,4.55272,1,1,1,4.15162,0.385718,0.381376,0.000954188,1.52202,1.35352
2554,1,-0.0792976,0.421867,4.50002,1,1,1,4.15354,0.483456,0.423988,0.000952398,1.33187,1.37607
2555,1,-0.0771322,0.444206,4.43292,1,1,1,4.15594,0.438078,0.454882,0.000939089,1.26325,1.37607
2556,1,-0.0748562,0.466173,4.352,1,1,1,4.15776,0.42586,0.464469,0.000864209,1.41275,1.17305
2557,1,-0.0724712,0.487704,4.25782,1,1,1,4.16064,0.588176,0.496428,0.000789002,1.30903,1.19561
2558,1,-0.0699802,0.508729,4.15099,1,1,1,4.16284,0.513127,0.526257,0.000758428,1.22715,1.29712
2559,1,-0.0673848,0.529194,4.03204,1,1,1,4.16581,0.443314,0.558216,0.000668826,1.10427,1.26328
2560,1,-0.0646891,0.549032,3.90158,1,1,1,4.16802,0.621337,0.568869,0.000583333,1.20628,1.12793
2561,1,-0.0618956,0.568192,3.76017,1,1,1,4.17176,0.570723,0.586979,0.000510381,1.21827,1.26328
2562,1,-0.0590085,0.586616,3.60841,1,1,1,4.17377,0.507891,0.614676,0.000393677,1.10786,1.22944
2563,1,-0.056031,0.604257,3.44685,1,1,1,4.1776,0.678933,0.598697,0.000312431,1.47117,1.17305
2564,1,-0.0529674,0.621068,3.27607,1,1,1,4.18058,0.729548,0.653027,0.000221226,1.04888,1.28584
2565,1,-0.0498215,0.637005,3.09663,1,1,1,4.18393,0.561996,0.672202,8.21116e-05,0.993083,1.34224
2566,1,-0.046599,0.652021,2.90917,1,1,1,4.18662,0.692896,0.665811,-1.71122e-05,1.2112,1.09409
2567,1,-0.0433031,0.666083,2.71419,1,1,1,4.19074,0.668461,0.686051,-0.000102547,1.12572,1.07153
2568,1,-0.0399392,0.679154,2.51227,1,1,1,4.19342,0.692896,0.679659,-0.00017477,1.32174,1.17305
2569,1,-0.0365134,0.691195,2.30408,1,1,1,4.19764,0.678933,0.709488,-0.000233598,1.10773,0.97002
2570,1,-0.033029,0.702185,2.09007,1,1,1,4.20052,0.760964,0.705227,-0.000300367,1.25286,1.08281
2571,1,-0.0294933,0.712088,1.87093,1,1,1,4.20522,0.781908,0.725467,-0.000372462,1.11374,1.24072
2572,1,-0.0259101,0.720886,1.64714,1,1,1,4.20809,0.696386,0.746773,-0.00050446,0.938864,1.08281
2573,1,-0.0222865,0.728552,1.41936,1,1,1,4.21222,0.710349,0.73612,-0.00063191,1.10126,0.902344
2574,1,-0.0186269,0.735073,1.1881,1,1,1,4.21548,0.846485,0.760622,-0.000785945,0.858024,1.08281
2575,1,-0.0149372,0.740429,0.953925,1,1,1,4.21969,0.682424,0.781928,-0.000930341,0.636569,0.879785
2576,1,-0.0112243,0.744609,0.717488,1,1,1,4.22286,0.815069,0.774471,-0.00107895,0.715187,0.868506
2577,1,-0.00749334,0.747601,0.479318,1,1,1,4.22746,0.668461,0.771275,-0.00121261,0.733454,0.733154
2578,1,-0.0037532,0.749399,0.240172,1,1,1,4.23034,0.801106,0.768079,-0.00130913,0.742506,0.676758
2579,1,-4.251e-06,0.75,0.000272064,1,1,1,4.23532,0.729548,0.75423,-0.00140064,0.85381,0.586523
2580,1,0.00374859,0.7494,-0.239878,1,1,1,4.23801,0.694641,0.773406,-0.00154948,0.581431,0.609082
2581,1,0.0074952,0.7476,-0.479436,1,1,1,4.24251,0.773181,0.779797,-0.00156818,0.453934,0.688037
2582,1,0.0112527,0.744581,-0.719302,1,1,1,4.24577,0.82205,0.746773,-0.00157765,0.745684,0.721875
2583,1,0.0149351,0.740432,-0.95379,1,1,1,4.25028,0.720821,0.765949,-0.00169089,0.436188,0.710596
2584,1,0.0186241,0.735077,-1.18792,1,1,1,4.25315,0.726057,0.763818,-0.00174704,0.353411,0.530127
2585,1,0.022284,0.728557,-1.4192,1,1,1,4.25776,0.757473,0.760622,-0.0018297,0.26446,0.462451
2586,1,0.0259052,0.720897,-1.64683,1,1,1,4.26082,0.74351,0.759557,-0.00197016,0.130823,0.428613
2587,1,0.0294906,0.712095,-1.87077,1,1,1,4.26475,0.616101,0.741447,-0.00211171,0.170417,0.293262
2588,1,0.0330246,0.702198,-2.0898,1,1,1,4.26734,0.670206,0.726533,-0.00221383,0.167091,0.360938
2589,1,0.0365559,0.691054,-2.30668,1,1,1,4.27147,0.671952,0.689247,-0.00222497,0.406464,0.281982
2590,1,0.0399373,0.679161,-2.51216,1,1,1,4.27415,0.66497,0.695639,-0.00231503,0.14697,0.3271
2591,1,0.0433008,0.666093,-2.71405,1,1,1,4.27827,0.677188,0.662615,-0.0023114,0.319166,0.31582
2592,1,0.0465943,0.652042,-2.9089,1,1,1,4.28096,0.666716,0.655158,-0.00231682,0.197636,0.259424
2593,1,0.049824,0.636993,-3.09677,1,1,1,4.28518,0.720821,0.643439,-0.00228913,0.115635,0.293262
2594,1,0.0529666,0.621073,-3.27603,1,1,1,4.28767,0.568977,0.624264,-0.00224645,0.107862,0.248145
2595,1,0.0560292,0.604268,-3.44675,1,1,1,4.29074,0.507891,0.602958,-0.00229764,0.101225,0.0789551
2596,1,0.0590572,0.586316,-3.61101,1,1,1,4.29265,0.466003,0.589109,-0.00253796,-0.0260636,0.112793
2597,1,0.0618917,0.568217,-3.75997,1,1,1,4.29543,0.47822,0.563542,-0.00255234,0.00560577,0.0225586
2598,1,0.0646852,0.549059,-3.90139,1,1,1,4.29754,0.537561,0.544367,-0.00220419,0.002497,-0.0338379
2599,1,0.0673832,0.529206,-4.03196,1,1,1,4.30099,0.570723,0.517734,-0.00236272,0.00727126,0
2600,1,0.0699765,0.508759,-4.15083,1,1,1,4.3032,0.549779,0.499624,-0.00230367,-0.0588478,0.0451172
2601,1,0.0724697,0.487717,-4.25776,1,1,1,4.30608,0.432842,0.463404,-0.0022444,0.0683613,-0.0112793
2602,1,0.0748548,0.466186,-4.35195,1,1,1,4.30771,0.382227,0.452751,-0.00217389,-0.0886287,0.0225586
2603,1,0.0771312,0.444216,-4.43289,1,1,1,4.31049,0.528835,0.436772,-0.00214413,-0.196055,0
2604,1,0.0792963,0.421881,-4.49998,1,1,1,4.3124,0.476475,0.414401,-0.0021129,-0.23583,0.0112793
2605,1,0.0813476,0.399261,-4.55266,1,1,1,4.31499,0.350811,0.403748,-0.00209201,-0.407443,0.0225586
2606,1,0.0832884,0.376378,-4.59043,1,1,1,4.31595,0.225147,0.392029,-0.00209834,-0.572228,-0.0112793
2607,1,0.0851125,0.353368,-4.6126,1,1,1,4.31796,0.390954,0.336634,-0.00210413,-0.256041,-0.270703
2608,1,0.0868206,0.330298,-4.61866,1,1,1,4.31911,0.253073,0.327046,-0.00209576,-0.440429,-0.383496
2609,1,0.0884177,0.307174,-4.60798,1,1,1,4.32074,0.308923,0.275912,-0.00200802,-0.15577,-0.394775
2610,1,0.089893,0.284246,-4.5801,1,1,1,4.32199,0.310669,0.226908,-0.00181641,0.124723,-0.146631
2611,1,0.0912582,0.261435,-4.53429,1,1,1,4.32352,0.228638,0.214125,-0.00163495,0.00983172,-0.135352
2612,1,0.0925098,0.238899,-4.47001,1,1,1,4.3242,0.171042,0.196015,-0.00137618,-0.0283265,-0.0676758
2613,1,0.0936471,0.216784,-4.38692,1,1,1,4.32554,0.188496,0.153403,-0.00111319,0.211137,-0.0112793
2614,1,0.0946766,0.195097,-4.28412,1,1,1,4.32611,0.106465,0.139554,-0.000868039,0.140585,0
2615,1,0.0955996,0.173962,-4.16107,1,1,1,4.32678,0.13439,0.103334,-0.00055782,0.335362,0.0338379
2616,1,0.096418,0.153508,-4.01738,1,1,1,4.32736,0.127409,0.0830932,-0.00023267,0.368818,0.0676758
2617,1,0.0971361,0.133821,-3.85233,1,1,1,4.32794,0.0802851,0.0585913,5.02387e-05,0.455511,0.0902344
2618,1,0.0977573,0.115033,-3.66559,1,1,1,4.32813,0.0575959,0.0607219,0.000349056,0.266681,0.112793
2619,1,0.0982875,0.0972173,-3.45622,1,1,1,4.32851,0.0523599,0.0436772,0.000641186,0.30335,0.203027
2620,1,0.0987313,0.0805081,-3.22384,1,1,1,4.32861,0.020944,0.0117183,0.000972105,0.527101,0.236865
2621,1,0.0990949,0.0650067,-2.96761,1,1,1,4.32899,0.109956,-0.00532648,0.0013078,0.606365,0.31582
2622,1,0.0993837,0.0508704,-2.68764,1,1,1,4.32985,0.247837,-0.00745708,0.00165228,0.543883,0.541406
2623,1,0.0996057,0.0381839,-2.38267,1,1,1,4.33033,-0.113446,-0.00958767,0.00194834,0.495799,0.541406
2624,1,0.0997683,0.0270773,-2.05208,1,1,1,4.33014,0,0.00852238,0.00211509,0.229442,0.496289
2625,1,0.0998795,0.0176968,-1.69583,1,1,1,4.33004,-0.0349066,-0.0159795,0.00227709,0.455788,0.394775
2626,1,0.0999488,0.0101136,-1.31009,1,1,1,4.33004,0,0.00852238,0.00234471,0.156251,0.236865
2627,1,0.0999845,0.00461159,-0.903324,1,1,1,4.32995,-0.0122173,-0.00958767,0.00240504,0.352758,0.225586
2628,1,0.099998,0.00117646,-0.465761,1,1,1,4.32995,0,-0.00958767,0.00243974,0.376629,0.281982
2629,1,0.1,1.37902e-10,-0.000162718,1,1,1,4.32995,0,-0.0191753,0.0024764,0.537903,0.225586
2630,1,0.1,0,0,1,1,1,4.32995,0,-0.0010653,0.00248738,0.343504,0.203027
2631,1,0.1,0,0,1,1,1,4.32995,0,-0.0170448,0.00251769,0.52648,0.293262
2632,1,0.1,0,0,1,1,1,4.32985,0,-0.0149142,0.00256918,0.513667,0.31582
2633,1,0.1,0,0,1,1,1,4.32995,0,0.00532648,0.00256853,0.294267,0.417334
2634,1,0.1,0,0,1,1,1,4.32985,-0.0436332,-0.00639178,0.00258899,0.429186,0.270703
2635,1,0.1,0,0,1,1,1,4.32985,0.0261799,0.00426119,0.00259065,0.315496,0.31582
2636,1,0.1,0,0,1,1,1,4.32995,0,0.0245018,0.00260733,0.0989002,0.3271
2637,1,0.1,0,0,1,1,1,4.32985,-0.0418879,0.0127836,0.00256406,0.224445,0.349658
2638,1,0.1,0,0,1,1,1,4.32985,0.00698132,-0.00319589,0.00255624,0.401709,0.406055
2639,1,0.1,0,0,1,1,1,4.32985,-0.00872665,-0.0010653,0.0025469,0.379939,0.248145
2640,1,0.1,0,0,1,1,1,4.32985,0.0244346,-0.0010653,0.00250883,0.37716,0.3271
2641,1,0.1,0,0,1,1,1,4.32985,0,0.0170448,0.00247829,0.176541,0.338379
2642,1,0.1,0,0,1,1,1,4.32985,0,-3.26153e-19,0.00249737,0.36934,0.3271
2643,1,0.1,0,0,1,1,1,4.32985,0,0.0117183,0.00245923,0.237792,0.338379
2644,1,0.1,0,0,1,1,1,4.32985,-0.00698132,-0.0138489,0.00247931,0.524574,0.304541
2645,1,0.1,0,0,1,1,1,4.32995,0.0122173,-0.0117183,0.00252169,0.510471,0.417334
2646,1,0.1,0,0,1,1,1,4.32995,0,0.00213059,0.00250142,0.358324,0.293262
2647,1,0.1,0,0,1,1,1,4.32995,0.00872665,0.00426119,0.00249648,0.33722,0.496289
2648,1,0.1,0,0,1,1,1,4.32995,0,-0.0010653,0.00250423,0.399814,0.417334
2649,1,0.1,0,0,1,1,1,4.32995,0,-0.010653,0.0024654,0.502354,0.439893
2650,1,0.1,0,0,1,1,1,4.32985,-0.0122173,-0.0202406,0.00246767,0.611196,0.394775
2651,1,0.1,0,0,1,1,1,4.32995,0.020944,-0.00958767,0.00249805,0.501684,0.383496
2652,1,0.1,0,0,1,1,1,4.32995,0,-0.00958767,0.00247925,0.501847,0.417334
2653,1,0.1,0,0,1,1,1,4.32995,0.00698132,-0.00852238,0.00249658,0.495565,0.394775
2654,1,0.1,0,0,1,1,1,4.32995,0,-0.0010653,0.00250112,0.417438,0.48501
2655,1,0.1,0,0,1,1,1,4.32995,0,0.00426119,0.00248572,0.359721,0.439893
2656,1,0.1,0,0,1,1,1,4.32995,0,0.00639178,0.00248128,0.338678,0.372217
2657,1,0.1,0,0,1,1,1,4.32995,0,0.0010653,0.00247168,0.398618,0.417334
2658,1,0.1,0,0,1,1,1,4.32995,0,0.00745708,0.00245284,0.328374,0.338379
2659,1,0.1,0,0,1,1,1,4.32995,0,0.00958767,0.00242401,0.303617,0.372217
2660,1,0.1,0,0,1,1,1,4.32995,0,-0.0010653,0.00244868,0.427321,0.48501
2661,1,0.1,0,0,1,1,1,4.32995,0,0.00532648,0.00248336,0.365434,0.496289
2662,1,0.1,0,0,1,1,1,4.33004,0.0401426,0.01811,0.00245931,0.224202,0.609082
2663,1,0.1,0,0,1,1,1,4.32985,-0.0261799,0.010653,0.00244905,0.306092,0.518848
2664,1,0.1,0,0,1,1,1,4.32995,0.0401426,-0.00213059,0.00244654,0.44638,0.552686
2665,1,0.1,0,0,1,1,1,4.32995,-0.0174533,-0.0170448,0.00242401,0.607462,0.372217
2666,1,0.1,0,0,1,1,1,4.32995,0,0.00426119,0.00236835,0.36575,0.406055
2667,1,0.1,0,0,1,1,1,4.32985,-0.00174533,-0.00639178,0.0023479,0.480232,0.338379
2668,1,0.1,0,0,1,1,1,4.32985,0,0.00532648,0.0023254,0.348361,0.451172
2669,1,0.1,0,0,1,1,1,4.32995,0,0.0127836,0.00236082,0.271008,0.462451
2670,1,0.1,0,0,1,1,1,4.32995,0,0.0010653,0.00233748,0.396829,0.372217
2671,1,0.1,0,0,1,1,1,4.32995,0.00174533,0.00426119,0.00236204,0.364916,0.428613
2672,1,0.1,0,0,1,1,1,4.32995,0,-0.00426119,0.00235013,0.457091,0.394775
2673,1,0.1,0,0,1,1,1,4.32995,0.00872665,-0.0159795,0.0023252,0.582701,0.394775
2674,1,0.1,0,0,1,1,1,4.32995,0,-0.010653,0.00233286,0.52512,0.518848
2675,1,0.1,0,0,1,1,1,4.32995,-0.00349066,-0.0138489,0.00230779,0.556965,0.383496
2676,1,0.1,0,0,1,1,1,4.32985,-0.020944,0.00532648,0.00229557,0.344424,0.394775
2677,1,0.1,0,0,1,1,1,4.32985,0,0.0170448,0.0022862,0.214286,0.541406
2678,1,0.1,0,0,1,1,1,4.32995,-0.0279253,0.0159795,0.00226552,0.223274,0.3271
2679,1,0.1,0,0,1,1,1,4.32985,0.015708,0.00639178,0.00226043,0.328067,0.406055
2680,1,0.1,0,0,1,1,1,4.32985,-0.00872665,0.0117183,0.00227289,0.271121,0.360938
2681,1,0.1,0,0,1,1,1,4.32995,0,0.00532648,0.00224851,0.338211,0.575244
2682,1,0.1,0,0,1,1,1,4.32995,-0.0383972,0.0010653,0.00222741,0.3823,0.383496
2683,1,0.1,0,0,1,1,1,4.32995,0,-0.00745708,0.0022064,0.473272,0.225586
2684,1,0.1,0,0,1,1,1,4.32985,0.00174533,0.0010653,0.00217181,0.374961,0.349658
2685,1,0.1,0,0,1,1,1,4.32985,0,0.0127836,0.00212133,0.239397,0.259424
2686,1,0.1,0,0,1,1,1,4.32985,0,0.00639178,0.00211243,0.308531,0.3271
2687,1,0.1,0,0,1,1,1,4.32995,0,0.01811,0.00207568,0.174779,0.383496
2688,1,0.1,0,0,1,1,1,4.32985,-0.015708,3.91384e-19,0.00205605,0.371398,0.349658
2689,1,0.1,0,0,1,1,1,4.32985,0,0.0117183,0.00204713,0.241321,0.31582
2690,1,0.1,0,0,1,1,1,4.32985,0,0.010653,0.0020069,0.247728,0.349658
2691,1,0.1,0,0,1,1,1,4.32985,0,-8.47998e-19,0.00195752,0.358393,0.248145
2692,1,0.1,0,0,1,1,1,4.32985,0,-0.0234365,0.00196808,0.617589,0.281982
2693,1,0.1,0,0,1,1,1,4.32985,0.0174533,-0.00639178,0.00194797,0.427441,0.203027
2694,1,0.1,0,0,1,1,1,4.32985,0,6.52306e-19,0.00193904,0.355953,0.304541
2695,1,0.1,0,0,1,1,1,4.32985,0,0.00213059,0.00192857,0.331135,0.406055
2696,1,0.1,0,0,1,1,1,4.32985,-0.00174533,-0.00426119,0.00193512,0.402309,0.417334
2697,1,0.1,0,0,1,1,1,4.32985,0,-0.00319589,0.00189154,0.384803,0.259424
2698,1,0.1,0,0,1,1,1,4.32985,-0.0122173,-0.0202406,0.00193033,0.57745,0.236865
2699,1,0.1,0,0,1,1,1,4.32995,0.0139626,0.0127836,0.00189083,0.20897,0.293262
2700,1,0.1,0,0,1,1,1,4.32985,-0.015708,-0.0117183,0.00188832,0.478159,0.270703
2701,1,0.1,0,0,1,1,1,4.32985,0.010472,-0.0010653,0.00189286,0.361575,0.270703
2702,1,0.1,0,0,1,1,1,4.32985,0,-0.0170448,0.00185738,0.532454,0.349658
2703,1,0.1,0,0,1,1,1,4.32985,0,-0.0149142,0.00190443,0.515441,0.259424
2704,1,0.1,0,0,1,1,1,4.32995,0.015708,0.00213059,0.00191499,0.329342,0.281982
2705,1,0.1,0,0,1,1,1,4.32985,0,-0.00319589,0.00190786,0.386992,0.214307
2706,1,0.1,0,0,1,1,1,4.32985,0,0.00532648,0.00191564,0.294274,0.304541
2707,1,0.1,0,0,1,1,1,4.32985,0,-0.00532648,0.001912,0.410975,0.338379
2708,1,0.1,0,0,1,1,1,4.32985,0,0.00213059,0.00196524,0.335974,0.383496
2709,1,0.1,0,0,1,1,1,4.32995,0,-0.00639178,0.00198982,0.432966,0.507568
2710,1,0.1,0,0,1,1,1,4.32995,0,0.00532648,0.00198632,0.303604,0.439893
2711,1,0.1,0,0,1,1,1,4.32995,-0.020944,-0.00958767,0.00199725,0.469102,0.3271
2712,1,0.1,0,0,1,1,1,4.32995,0.0349066,0.00958767,0.00197477,0.255193,0.496289
2713,1,0.1,0,0,1,1,1,4.32985,-0.0418879,-0.00319589,0.0019562,0.393374,0.349658
2714,1,0.1,0,0,1,1,1,4.32985,0.00523599,-0.00319589,0.00195384,0.393062,0.360938
2715,1,0.1,0,0,1,1,1,4.32985,-0.010472,0.00745708,0.0019645,0.277286,0.31582
2716,1,0.1,0,0,1,1,1,4.32985,0.0261799,-0.00745708,0.00191556,0.434882,0.338379
2717,1,0.1,0,0,1,1,1,4.32985,0.00872665,0.00639178,0.00194629,0.286601,0.439893
2718,1,0.1,0,0,1,1,1,4.32995,0,0.0213059,0.00194437,0.122291,0.372217
2719,1,0.1,0,0,1,1,1,4.32985,0,0.00639178,0.00192658,0.283998,0.349658
2720,1,0.1,0,0,1,1,1,4.32985,0,0.0138489,0.00189286,0.19752,0.270703
2721,1,0.1,0,0,1,1,1,4.32985,0,-0.00426119,0.00186754,0.393389,0.236865
2722,1,0.1,0,0,1,1,1,4.32985,0,0.0127836,0.00188358,0.208014,0.394775
2723,1,0.1,0,0,1,1,1,4.32985,-0.0314159,0.00745708,0.00186606,0.264292,0.406055
2724,1,0.1,0,0,1,1,1,4.32985,0,-0.00426119,0.00182495,0.387767,0.259424
2725,1,0.1,0,0,1,1,1,4.32985,0,0.00639178,0.00180242,0.26761,0.31582
2726,1,0.1,0,0,1,1,1,4.32985,0,0.00745708,0.00176203,0.25056,0.259424
2727,1,0.1,0,0,1,1,1,4.32985,0.00698132,0.00213059,0.00173671,0.305778,0.31582
2728,1,0.1,0,0,1,1,1,4.32985,0,-0.00745708,0.00176352,0.414813,0.451172
2729,1,0.1,0,0,1,1,1,4.32985,0,0.0138489,0.00173674,0.176912,0.281982
2730,1,0.1,0,0,1,1,1,4.32985,0,-0.0127836,0.00177671,0.475145,0.31582
2731,1,0.1,0,0,1,1,1,4.32995,0,0.0117183,0.00174359,0.201253,0.31582
2732,1,0.1,0,0,1,1,1,4.32985,0,0.00745708,0.00170616,0.243185,0.3271
2733,1,0.1,0,0,1,1,1,4.32985,0,0.0117183,0.00169119,0.194336,0.360938
2734,1,0.1,0,0,1,1,1,4.32985,0.0174533,0.00852238,0.00168575,0.228773,0.349658
2735,1,0.1,0,0,1,1,1,4.32985,0,0.0010653,0.00165516,0.306763,0.281982
2736,1,0.1,0,0,1,1,1,4.32985,0,0.00639178,0.0016438,0.246672,0.360938
2737,1,0.1,0,0,1,1,1,4.32985,0,0.00213059,0.00163166,0.291943,0.31582
2738,1,0.1,0,0,1,1,1,4.32985,0,0.00532648,0.00163523,0.257259,0.293262
2739,1,0.1,0,0,1,1,1,4.32985,0,0.0149142,0.00162366,0.150267,0.349658
2740,1,0.1,0,0,1,1,1,4.32985,0,-0.00745708,0.00159899,0.393095,0.3271
2741,1,0.1,0,0,1,1,1,4.32985,0,0.0159795,0.00159365,0.134587,0.31582
2742,1,0.1,0,0,1,1,1,4.32985,0,0.0117183,0.00159951,0.182235,0.304541
2743,1,0.1,0,0,1,1,1,4.32985,0,0.00426119,0.00158724,0.262643,0.31582
2744,1,0.1,0,0,1,1,1,4.32985,0,-0.00426119,0.0015774,0.355065,0.31582
2745,1,0.1,0,0,1,1,1,4.32985,0,0.010653,0.00158643,0.192225,0.394775
2746,1,0.1,0,0,1,1,1,4.32985,0,-0.00852238,0.00157933,0.402218,0.225586
2747,1,0.1,0,0,1,1,1,4.32985,0,0.0245018,0.00157726,0.0386783,0.304541
2748,1,0.1,0,0,1,1,1,4.32985,0,-0.00213059,0.00153779,0.326425,0.236865
2749,1,0.1,0,0,1,1,1,4.32985,0.0174533,-0.010653,0.00151661,0.417376,0.349658
2750,1,0.1,0,0,1,1,1,4.32985,-0.0244346,-0.0117183,0.00154675,0.433073,0.338379
2751,1,0.1,0,0,1,1,1,4.32985,0.00872665,0.010653,0.00152681,0.184356,0.3271
2752,1,0.1,0,0,1,1,1,4.32976,-0.0244346,-0.00532648,0.00154236,0.362183,0.236865
2753,1,0.1,0,0,1,1,1,4.32985,0,1.10892e-18,0.00153291,0.302344,0.281982
2754,1,0.1,0,0,1,1,1,4.32976,-0.015708,0.0149142,0.00154333,0.139664,0.225586
2755,1,0.1,0,0,1,1,1,4.32985,-0.0139626,0.00532648,0.00152658,0.242918,0.270703
2756,1,0.1,0,0,1,1,1,4.32985,0,-0.00958767,0.00155107,0.410206,0.3271
2757,1,0.1,0,0,1,1,1,4.32985,0,-0.00745708,0.00155788,0.387668,0.394775
2758,1,0.1,0,0,1,1,1,4.32985,-0.00523599,0.00852238,0.00154945,0.210782,0.338379
2759,1,0.1,0,0,1,1,1,4.32985,0,-0.00426119,0.00158244,0.355756,0.270703
2760,1,0.1,0,0,1,1,1,4.32985,0.015708,0.00958767,0.00156363,0.200935,0.214307
2761,1,0.1,0,0,1,1,1,4.32985,0,0.0308936,0.00154705,-0.0356191,0.304541
2762,1,0.1,0,0,1,1,1,4.32985,0,0.00319589,0.00153333,0.267245,0.169189
2763,1,0.1,0,0,1,1,1,4.32985,0.0174533,-0.0138489,0.00153763,0.455304,0.304541
2764,1,0.1,0,0,1,1,1,4.32985,0,0.00639178,0.00152913,0.231536,0.270703
2765,1,0.1,0,0,1,1,1,4.32976,-0.00872665,0.0117183,0.00151201,0.170684,0.15791
2766,1,0.1,0,0,1,1,1,4.32985,0.00872665,0.00639178,0.00150619,0.228507,0.203027
2767,1,0.1,0,0,1,1,1,4.32976,-0.00872665,-0.010653,0.00154633,0.421298,0.248145
2768,1,0.1,0,0,1,1,1,4.32985,0,-0.00639178,0.00153141,0.372455,0.304541
2769,1,0.1,0,0,1,1,1,4.32976,0.00349066,-0.0170448,0.00154422,0.491329,0.270703
2770,1,0.1,0,0,1,1,1,4.32976,0.00872665,-0.0010653,0.00154064,0.315082,0.225586
2771,1,0.1,0,0,1,1,1,4.32976,0,-6.52306e-20,0.00150826,0.299091,0.146631
2772,1,0.1,0,0,1,1,1,4.32976,0,-0.0138489,0.00151871,0.452808,0.169189
2773,1,0.1,0,0,1,1,1,4.32985,0,-0.00426119,0.00151198,0.346454,0.270703
2774,1,0.1,0,0,1,1,1,4.32976,0,-0.0127836,0.0015357,0.443332,0.180469
2775,1,0.1,0,0,1,1,1,4.32985,0,0.0127836,0.00151379,0.159164,0.338379
2776,1,0.1,0,0,1,1,1,4.32976,-0.0139626,-0.00745708,0.00153499,0.384647,0.349658
2777,1,0.1,0,0,1,1,1,4.32985,0,0.00639178,0.0015285,0.231452,0.203027
2778,1,0.1,0,0,1,1,1,4.32976,0,0.00319589,0.00152878,0.266644,0.270703
2779,1,0.1,0,0,1,1,1,4.32976,0,-0.00745708,0.00155578,0.38739,0.248145
2780,1,0.1,0,0,1,1,1,4.32985,0.010472,0.00745708,0.00157604,0.22601,0.259424
2781,1,0.1,0,0,1,1,1,4.32985,0,0.0245018,0.00156212,0.03668,0.349658
2782,1,0.1,0,0,1,1,1,4.32985,0,0.0010653,0.00152389,0.289435,0.304541
2783,1,0.1,0,0,1,1,1,4.32976,0,1.56553e-18,0.00149844,0.297794,0.31582
2784,1,0.1,0,0,1,1,1,4.32985,0,0.0159795,0.00148881,0.120749,0.3271
2785,1,0.1,0,0,1,1,1,4.32976,0,0.01811,0.00148029,0.0961878,0.293262
2786,1,0.1,0,0,1,1,1,4.32976,0,0.0117183,0.00144352,0.161589,0.360938
2787,1,0.1,0,0,1,1,1,4.32976,0,0.0223712,0.00142176,0.0415885,0.270703
2788,1,0.1,0,0,1,1,1,4.32976,0.00872665,0.00532648,0.00143276,0.230533,0.293262
2789,1,0.1,0,0,1,1,1,4.32976,0,0.00958767,0.00142776,0.182981,0.360938
2790,1,0.1,0,0,1,1,1,4.32976,-0.00698132,-0.00426119,0.00138468,0.329651,0.270703
2791,1,0.1,0,0,1,1,1,4.32976,0,0.0117183,0.00135777,0.150324,0.236865
2792,1,0.1,0,0,1,1,1,4.32976,0,-0.00213059,0.00134745,0.3013,0.304541
2793,1,0.1,0,0,1,1,1,4.32976,0,0.00852238,0.0013289,0.181669,0.236865
2794,1,0.1,0,0,1,1,1,4.32976,-0.00872665,-0.00319589,0.00132196,0.309653,0.248145
2795,1,0.1,0,0,1,1,1,4.32976,0,-0.00213059,0.00135233,0.301945,0.248145
2796,1,0.1,0,0,1,1,1,4.32976,0.0349066,0.0117183,0.00135701,0.150224,0.31582
2797,1,0.1,0,0,1,1,1,4.32976,-0.0174533,0.0010653,0.00131274,0.261563,0.248145
2798,1,0.1,0,0,1,1,1,4.32976,0,-4.56614e-19,0.0013376,0.276563,0.248145
2799,1,0.1,0,0,1,1,1,4.32976,0,0.00426119,0.00134374,0.230501,0.214307
2800,1,0.1,0,0,1,1,1,4.32976,0,0.00639178,0.00131868,0.203631,0.349658
2801,1,0.1,0,0,1,1,1,4.32976,-0.00872665,0.00213059,0.00128093,0.245646,0.248145
2802,1,0.1,0,0,1,1,1,4.32976,0,0.0127836,0.0012843,0.128908,0.248145
2803,1,0.1,0,0,1,1,1,4.32976,0,0.0245018,0.00127934,-0.000647818,0.31582
2804,1,0.1,0,0,1,1,1,4.32976,0,0.0127836,0.00125774,0.125387,0.293262
2805,1,0.1,0,0,1,1,1,4.32976,0,0.00639178,0.00124547,0.194011,0.281982
2806,1,0.1,0,0,1,1,1,4.32976,0,-0.0149142,0.0012373,0.427379,0.214307
2807,1,0.1,0,0,1,1,1,4.32976,0.0174533,0.00745708,0.00123962,0.181603,0.270703
2808,1,0.1,0,0,1,1,1,4.32976,0,0.0170448,0.00124773,0.0772084,0.394775
2809,1,0.1,0,0,1,1,1,4.32976,-0.0279253,0.0149142,0.00122095,0.0971098,0.270703
2810,1,0.1,0,0,1,1,1,4.32976,0.00872665,-0.00319589,0.00118782,0.291947,0.281982
2811,1,0.1,0,0,1,1,1,4.32976,0,0.00532648,0.00113819,0.191649,0.225586
2812,1,0.1,0,0,1,1,1,4.32976,0,0.00426119,0.00111495,0.200301,0.225586
2813,1,0.1,0,0,1,1,1,4.32976,0,0.00745708,0.00108934,0.161765,0.248145
2814,1,0.1,0,0,1,1,1,4.32976,0,0.00958767,0.00107166,0.135994,0.214307
2815,1,0.1,0,0,1,1,1,4.32976,0,-0.00426119,0.0010665,0.287651,0.236865
2816,1,0.1,0,0,1,1,1,4.32976,0,0.0170448,0.00104095,0.0499137,0.191748
2817,1,0.1,0,0,1,1,1,4.32966,0,0.00852238,0.00102164,0.14111,0.15791
2818,1,0.1,0,0,1,1,1,4.32966,0,-0.01811,0.00104257,0.436829,0.225586
2819,1,0.1,0,0,1,1,1,4.32966,0.00872665,0.00319589,0.00106552,0.205494,0.248145
2820,1,0.1,0,0,1,1,1,4.32966,0,0.0149142,0.001064,0.0763925,0.236865
2821,1,0.1,0,0,1,1,1,4.32966,0,-0.00639178,0.00105736,0.309881,0.225586
2822,1,0.1,0,0,1,1,1,4.32966,0,0.0245018,0.00102329,-0.0344456,0.270703
2823,1,0.1,0,0,1,1,1,4.32966,-0.00349066,0.0149142,0.00100112,0.0680916,0.248145
2824,1,0.1,0,0,1,1,1,4.32966,0,0.00639178,0.00098214,0.159333,0.214307
2825,1,0.1,0,0,1,1,1,4.32966,0,0.00213059,0.000987585,0.206925,0.236865
2826,1,0.1,0,0,1,1,1,4.32966,0,-8.47998e-19,0.000961867,0.226966,0.191748
2827,1,0.1,0,0,1,1,1,4.32966,0,0.00426119,0.00092889,0.175657,0.124072
2828,1,0.1,0,0,1,1,1,4.32966,0,0.0117183,0.000896177,0.0892083,0.135352
2829,1,0.1,0,0,1,1,1,4.32966,0,0.00213059,0.000896334,0.194879,0.112793
2830,1,0.099998,-0.00117547,-0.465571,1,1,1,4.32966,0,0.0117183,0.000884668,0.0106212,0.101514
2831,1,0.0999845,-0.00460885,-0.903067,1,1,1,4.32966,0,0.0010653,0.000852457,0.02153,0.124072
2832,1,0.0999484,-0.0101593,-1.31285,1,1,1,4.32956,-0.00523599,0.00745708,0.000799544,-0.180399,0.0338379
2833,1,0.0998796,-0.0176922,-1.69564,1,1,1,4.32947,-0.0174533,-0.00639178,0.000717077,-0.185816,-0.0112793
2834,1,0.0997685,-0.0270638,-2.05162,1,1,1,4.32947,-0.0279253,-0.0159795,0.000590117,-0.264482,-0.0902344
2835,1,0.099606,-0.0381665,-2.3822,1,1,1,4.32918,-0.0506145,-0.00745708,0.000495035,-0.555719,-0.0563965
2836,1,0.0993843,-0.050841,-2.687,1,1,1,4.3288,-0.165806,-0.00426119,0.000322972,-0.816464,-0.248145
2837,1,0.0990953,-0.0649875,-2.96726,1,1,1,4.32717,-0.205949,-0.00745708,9.70729e-05,-1.03072,-0.766992
2838,1,0.0987319,-0.0804852,-3.22349,1,1,1,4.32707,0.0401426,-0.0436772,-9.71673e-05,-0.891349,-0.812109
2839,1,0.0982885,-0.0971813,-3.45576,1,1,1,4.32669,-0.0767945,-0.0756361,-0.000179363,-0.793669,-0.665479
2840,1,0.0977585,-0.114994,-3.66517,1,1,1,4.3265,-0.113446,-0.0926808,-0.000306983,-0.877924,-0.834668
2841,1,0.0971356,-0.133835,-3.85246,1,1,1,4.32554,-0.115192,-0.111856,-0.000394788,-0.943091,-0.913623
2842,1,0.0964186,-0.153491,-4.01725,1,1,1,4.32506,-0.162316,-0.135293,-0.000473781,-0.967235,-0.95874
2843,1,0.0956009,-0.173932,-4.16088,1,1,1,4.3241,-0.146608,-0.167252,-0.00052312,-0.900421,-0.879785
2844,1,0.0946779,-0.195069,-4.28397,1,1,1,4.32333,-0.214675,-0.17897,-0.000594459,-1.06502,-0.947461
2845,1,0.0936493,-0.216738,-4.38672,1,1,1,4.32189,-0.235619,-0.229039,-0.000657357,-0.811118,-1.24072
2846,1,0.0925096,-0.238904,-4.47003,1,1,1,4.32103,-0.185005,-0.245018,-0.000618393,-0.919765,-0.823389
2847,1,0.0912589,-0.261423,-4.53426,1,1,1,4.3195,-0.331613,-0.265259,-0.000605745,-0.98758,-0.924902
2848,1,0.089895,-0.284214,-4.58005,1,1,1,4.31825,-0.253073,-0.288695,-0.000602845,-1.02272,-0.913623
2849,1,0.0884176,-0.307176,-4.60798,1,1,1,4.31653,-0.296706,-0.30574,-0.000593472,-1.12669,-0.992578
2850,1,0.0868225,-0.330271,-4.61866,1,1,1,4.31518,-0.368264,-0.302544,-0.000651646,-1.46286,-1.13921
2851,1,0.0851137,-0.353353,-4.61261,1,1,1,4.31288,-0.375246,-0.354744,-0.000665001,-1.18128,-1.3084
2852,1,0.0832872,-0.376394,-4.5904,1,1,1,4.31154,-0.338594,-0.390964,-0.000659582,-1.06944,-1.17305
2853,1,0.0813505,-0.399228,-4.55272,1,1,1,4.30934,-0.376991,-0.373919,-0.000675627,-1.54156,-1.21816
2854,1,0.0792976,-0.421868,-4.50002,1,1,1,4.30742,-0.511381,-0.411205,-0.000734861,-1.41866,-1.50015
2855,1,0.0771323,-0.444206,-4.43292,1,1,1,4.30473,-0.429351,-0.44849,-0.000767018,-1.28637,-1.61294
2856,1,0.0748556,-0.466178,-4.35198,1,1,1,4.30282,-0.44855,-0.475122,-0.000778184,-1.26131,-1.51143
2857,1,0.072471,-0.487706,-4.25781,1,1,1,4.30023,-0.485202,-0.479384,-0.000773099,-1.47217,-1.39863
2858,1,0.0699796,-0.508734,-4.15097,1,1,1,4.29793,-0.602139,-0.509212,-0.000815168,-1.40086,-1.52271
2859,1,0.0673711,-0.529298,-4.03139,1,1,1,4.29486,-0.469494,-0.530518,-0.000791335,-1.40551,-1.37607
2860,1,0.0646732,-0.549145,-3.90079,1,1,1,4.29265,-0.541052,-0.55502,-0.000736854,-1.36014,-1.18433
2861,1,0.0618955,-0.568192,-3.76017,1,1,1,4.28901,-0.66148,-0.563542,-0.00035963,-1.43617,-1.39863
2862,1,0.0590065,-0.586628,-3.60831,1,1,1,4.2869,-0.450295,-0.605089,-0.000620691,-1.2242,-1.29712
2863,1,0.0560332,-0.604245,-3.44697,1,1,1,4.28316,-0.682424,-0.638113,-0.000174797,-0.999985,-1.17305
2864,1,0.0529695,-0.621057,-3.27619,1,1,1,4.28048,-0.637045,-0.644505,-7.79584e-05,-1.103,-1.0377
2865,1,0.0498241,-0.636993,-3.09678,1,1,1,4.27674,-0.644026,-0.642374,3.72537e-05,-1.28434,-1.11665
2866,1,0.0466009,-0.652012,-2.90929,1,1,1,4.27396,-0.694641,-0.648766,0.000153154,-1.35976,-1.07153
2867,1,0.0433028,-0.666085,-2.71417,1,1,1,4.26993,-0.734784,-0.689247,-0.000117454,-1.09851,-1.10537
2868,1,0.0399355,-0.679168,-2.51205,1,1,1,4.26706,-0.680678,-0.712684,0.000371603,-0.910452,-1.08281
2869,1,0.0365126,-0.691198,-2.30404,1,1,1,4.26303,-0.6353,-0.721206,0.000542432,-0.91344,-0.936182
2870,1,0.0330319,-0.702176,-2.09025,1,1,1,4.26006,-0.762709,-0.726533,0.000662246,-0.944977,-0.981299
2871,1,0.0294959,-0.712081,-1.8711,1,1,1,4.25555,-0.649262,-0.723337,0.000710168,-1.06627,-1.04897
2872,1,0.0259107,-0.720884,-1.64718,1,1,1,4.25267,-0.84823,-0.738251,0.000785312,-0.970057,-0.947461
2873,1,0.0222856,-0.728554,-1.41931,1,1,1,4.24817,-0.623083,-0.71801,0.000793809,-1.25568,-1.08281
2874,1,0.0186293,-0.735069,-1.18825,1,1,1,4.2451,-0.883137,-0.742512,0.000834636,-1.02985,-1.13921
2875,1,0.01494,-0.740426,-0.9541,1,1,1,4.24069,-0.600393,-0.763818,0.000910066,-0.818746,-0.992578
2876,1,0.0112271,-0.744606,-0.717666,1,1,1,4.23772,-0.811578,-0.761687,0.00102087,-0.844556,-0.812109
2877,1,0.00749589,-0.747599,-0.47948,1,1,1,4.23302,-0.692896,-0.769144,0.00107435,-0.76092,-1.08281
2878,1,0.0037532,-0.749399,-0.240173,1,1,1,4.23005,-0.741765,-0.779797,0.00120398,-0.617047,-0.733154
2879,1,3.99825e-06,-0.75,-0.000255888,1,1,1,4.22525,-0.748746,-0.771275,0.00132548,-0.670153,-0.766992
2880,1,-0.00374486,-0.749401,0.239639,1,1,1,4.22238,-0.753982,-0.764883,0.0014459,-0.684978,-0.688037
2881,1,-0.00748822,-0.747604,0.47899,1,1,1,4.21787,-0.74351,-0.787254,0.00159224,-0.364852,-0.563965
2882,1,-0.011219,-0.744614,0.71715,1,1,1,4.21471,-0.794125,-0.774471,0.00170608,-0.421012,-0.563965
2883,1,-0.0149592,-0.740401,0.955322,1,1,1,4.2103,-0.637045,-0.764883,0.0017628,-0.434144,-0.451172
2884,1,-0.0186213,-0.735082,1.18774,1,1,1,4.20742,-0.797615,-0.75423,0.00191103,-0.433616,-0.496289
2885,1,-0.0222812,-0.728563,1.41903,1,1,1,4.20292,-0.68766,-0.740381,0.00196561,-0.465977,-0.47373
2886,1,-0.0259051,-0.720897,1.64683,1,1,1,4.19985,-0.834267,-0.719075,0.00197223,-0.572492,-0.48501
2887,1,-0.0294886,-0.7121,1.87064,1,1,1,4.19534,-0.595157,-0.708422,0.00200918,-0.544115,-0.552686
2888,1,-0.0330245,-0.702198,2.08979,1,1,1,4.19256,-0.764454,-0.714814,0.002088,-0.309613,-0.417334
2889,1,-0.0365082,-0.691213,2.30377,1,1,1,4.18834,-0.633555,-0.714814,0.00217171,-0.131829,-0.304541
2890,1,-0.0399348,-0.67917,2.51201,1,1,1,4.18566,-0.678933,-0.697769,0.00227621,-0.126194,-0.203027
2891,1,-0.0432983,-0.666103,2.7139,1,1,1,4.18154,-0.645772,-0.688182,0.00238766,-0.0256015,-0.203027
2892,1,-0.0465939,-0.652044,2.90887,1,1,1,4.17933,-0.539307,-0.654092,0.00247531,-0.186155,-0.169189
2893,1,-0.0498173,-0.637026,3.09639,1,1,1,4.17636,-0.500909,-0.658354,0.00251738,0.0801911,-0.135352
2894,1,-0.0529626,-0.621094,3.2758,1,1,1,4.17377,-0.68766,-0.613611,0.00254132,-0.184514,-0.15791
2895,1,-0.0560291,-0.604269,3.44674,1,1,1,4.16974,-0.637045,-0.615742,0.0025531,0.0749388,-0.169189
2896,1,-0.0590073,-0.586623,3.60835,1,1,1,4.16744,-0.551524,-0.601893,0.002583,0.170058,-0.214307
2897,1,-0.061896,-0.568189,3.76019,1,1,1,4.16428,-0.558505,-0.580587,0.00264631,0.196111,0.0112793
2898,1,-0.0646853,-0.549059,3.9014,1,1,1,4.16188,-0.58294,-0.561411,0.00265873,0.24631,0.0338379
2899,1,-0.0673811,-0.529222,4.03186,1,1,1,4.15881,-0.45204,-0.532648,0.00264011,0.194341,0.0225586
2900,1,-0.0699763,-0.50876,4.15082,1,1,1,4.1569,-0.516617,-0.52093,0.00267405,0.343104,0.0902344
2901,1,-0.0724678,-0.487734,4.25768,1,1,1,4.15383,-0.481711,-0.50069,0.00261765,0.391605,0.112793
2902,1,-0.0748529,-0.466204,4.35188,1,1,1,4.15201,-0.431096,-0.44849,0.00258663,0.096671,0.225586
2903,1,-0.077129,-0.444238,4.43281,1,1,1,4.14932,-0.495674,-0.415466,0.00250765,0.0099589,0.101514
2904,1,-0.0792948,-0.421897,4.49994,1,1,1,4.1474,-0.467748,-0.39416,0.00240955,0.0525305,0.0676758
2905,1,-0.0813475,-0.399263,4.55265,1,1,1,4.1452,-0.315905,-0.408009,0.00233794,0.487092,0.0451172
2906,1,-0.0833001,-0.376235,4.59061,1,1,1,4.14395,-0.331613,-0.346222,0.00224982,0.0904191,0.203027
2907,1,-0.085124,-0.353218,4.61269,1,1,1,4.14156,-0.403171,-0.343026,0.00216235,0.336061,0.146631
2908,1,-0.0868323,-0.330134,4.61864,1,1,1,4.14021,-0.296706,-0.313197,0.0020563,0.285033,0.169189
2909,1,-0.0884169,-0.307187,4.60799,1,1,1,4.13858,-0.286234,-0.289761,0.00199712,0.306524,0.281982
2910,1,-0.0898938,-0.284233,4.58008,1,1,1,4.13743,-0.253073,-0.279108,0.00196162,0.469529,0.293262
2911,1,-0.0912581,-0.261436,4.53429,1,1,1,4.13619,-0.190241,-0.242888,0.00187619,0.340342,0.349658
2912,1,-0.0925088,-0.238919,4.47008,1,1,1,4.13523,-0.272271,-0.217321,0.00174457,0.315668,0.31582
2913,1,-0.0936479,-0.216767,4.38684,1,1,1,4.13389,-0.139626,-0.176839,0.00160608,0.119283,0.281982
2914,1,-0.0946772,-0.195083,4.28404,1,1,1,4.13341,-0.139626,-0.158729,0.00146266,0.15921,0.293262
2915,1,-0.0955996,-0.173961,4.16107,1,1,1,4.13245,-0.178024,-0.12677,0.00124835,0.0262839,0.169189
2916,1,-0.0964179,-0.153508,4.01738,1,1,1,4.13187,-0.116937,-0.102269,0.000986722,-0.0433107,0.112793
2917,1,-0.097136,-0.133822,3.85234,1,1,1,4.1313,-0.0872665,-0.0777667,0.000707311,-0.128665,0.0225586
2918,1,-0.0977577,-0.115019,3.66544,1,1,1,4.13101,-0.0855211,-0.0724402,0.000461172,-0.0124048,-0.0112793
2919,1,-0.0982878,-0.0972058,3.45607,1,1,1,4.13072,-0.0279253,-0.0436772,0.000180026,-0.174951,-0.0451172
2920,1,-0.0987316,-0.0804959,3.22365,1,1,1,4.13053,-0.0314159,-0.0149142,-8.94027e-05,-0.35282,-0.0676758
2921,1,-0.0990949,-0.0650078,2.96763,1,1,1,4.13034,-0.015708,-0.00213059,-0.000401781,-0.380508,-0.124072
2922,1,-0.0993839,-0.0508608,2.68743,1,1,1,4.13034,0,-0.00852238,-0.000669784,-0.21141,-0.146631
2923,1,-0.0996059,-0.0381762,2.38246,1,1,1,4.13034,0,0.00426119,-0.000965496,-0.278958,-0.236865
2924,1,-0.0997683,-0.027078,2.0521,1,1,1,4.13024,-0.0418879,0.0628525,-0.00128243,-0.8765,-0.270703
2925,1,-0.0998795,-0.0176975,1.69586,1,1,1,4.12976,-0.178024,0.0426119,-0.00156605,-0.629022,-0.349658
2926,1,-0.0999484,-0.0101641,1.31314,1,1,1,4.12919,-0.0820305,0.0447425,-0.00182699,-0.650755,-0.586523
2927,1,-0.0999845,-0.0046117,0.903335,1,1,1,4.12948,0.0296706,0.0117183,-0.00199382,-0.300869,-0.47373
2928,1,-0.099998,-0.00117695,0.465857,1,1,1,4.12957,0,0.0127836,-0.00214263,-0.352962,-0.372217
2929,1,-0.1,-1.26592e-10,0.000155902,1,1,1,4.12957,0.0139626,0.00958767,-0.00221489,-0.379171,-0.428613
2930,1,-0.1,-0,-0,1,1,1,4.12967,0,0.00426119,-0.00226446,-0.330809,-0.417334
2931,1,-0.1,-0,-0,1,1,1,4.12967,0.0139626,-0.0170448,-0.00230163,-0.104911,-0.406055
2932,1,-0.1,-0,-0,1,1,1,4.12976,0.0174533,-0.00319589,-0.00228651,-0.257167,-0.349658
2933,1,-0.1,-0,-0,1,1,1,4.12976,0,0.0159795,-0.002333,-0.4776,-0.360938
2934,1,-0.1,-0,-0,1,1,1,4.12976,0,0.00532648,-0.00232859,-0.362852,-0.349658
2935,1,-0.1,-0,-0,1,1,1,4.12976,0,0.00532648,-0.00234771,-0.368525,-0.3271
2936,1,-0.1,-0,-0,1,1,1,4.12976,0,0.0149142,-0.00237852,-0.481232,-0.349658
2937,1,-0.1,-0,-0,1,1,1,4.12976,-0.00872665,-0.0202406,-0.00232023,-0.0891163,-0.31582
2938,1,-0.1,-0,-0,1,1,1,4.12976,0.0174533,-0.0138489,-0.00230418,-0.159694,-0.372217
2939,1,-0.1,-0,-0,1,1,1,4.12976,0.0122173,0.0234365,-0.00228696,-0.569194,-0.248145
2940,1,-0.1,-0,-0,1,1,1,4.12976,0,0.00852238,-0.00231807,-0.412838,-0.3271
2941,1,-0.1,-0,-0,1,1,1,4.12976,0,-0.0138489,-0.00236068,-0.175946,-0.304541
2942,1,-0.1,-0,-0,1,1,1,4.12967,-0.0331613,-0.010653,-0.00237441,-0.215712,-0.349658
2943,1,-0.1,-0,-0,1,1,1,4.12976,0.0122173,-0.0010653,-0.00235726,-0.321283,-0.3271
2944,1,-0.1,-0,-0,1,1,1,4.12976,0,1.89169e-18,-0.00229543,-0.326489,-0.281982
2945,1,-0.1,-0,-0,1,1,1,4.12976,0,-0.0117183,-0.00230731,-0.202008,-0.293262
2946,1,-0.1,-0,-0,1,1,1,4.12976,0,-0.00639178,-0.00227962,-0.258805,-0.203027
2947,1,-0.1,-0,-0,1,1,1,4.12976,-0.00349066,-0.0298283,-0.00228705,-0.0055255,-0.383496
2948,1,-0.1,-0,-0,1,1,1,4.12967,0,-0.0138489,-0.00230639,-0.186648,-0.338379
2949,1,-0.1,-0,-0,1,1,1,4.12976,0,-0.00532648,-0.00231581,-0.284632,-0.394775
2950,1,-0.1,-0,-0,1,1,1,4.12976,0,-0.00745708,-0.00232298,-0.265249,-0.360938
2951,1,-0.1,-0,-0,1,1,1,4.12967,0,-0.00532648,-0.00233952,-0.294188,-0.462451
2952,1,-0.1,-0,-0,1,1,1,4.12967,0,-0.0010653,-0.00231556,-0.339958,-0.417334
2953,1,-0.1,-0,-0,1,1,1,4.12976,0,-0.0276977,-0.00235097,-0.0554641,-0.462451
2954,1,-0.1,-0,-0,1,1,1,4.12967,0,0.0138489,-0.00236035,-0.516133,-0.31582
2955,1,-0.1,-0,-0,1,1,1,4.12967,-0.0244346,-0.00532648,-0.00235307,-0.30732,-0.383496
2956,1,-0.1,-0,-0,1,1,1,4.12967,0.0383972,-0.00852238,-0.00233399,-0.272149,-0.31582
2957,1,-0.1,-0,-0,1,1,1,4.12967,-0.00174533,0.00319589,-0.00236795,-0.408598,-0.338379
2958,1,-0.1,-0,-0,1,1,1,4.12967,-0.00872665,0.0127836,-0.00238417,-0.519195,-0.31582
2959,1,-0.1,-0,-0,1,1,1,4.12967,-0.00523599,0.0138489,-0.00238995,-0.534428,-0.338379
2960,1,-0.1,-0,-0,1,1,1,4.12967,0,-0.00213059,-0.00240757,-0.364364,-0.304541
2961,1,-0.1,-0,-0,1,1,1,4.12967,0,0.00213059,-0.00242452,-0.416714,-0.563965
2962,1,-0.1,-0,-0,1,1,1,4.12967,0,0.0202406,-0.00244606,-0.622176,-0.394775
2963,1,-0.1,-0,-0,1,1,1,4.12967,-0.0191986,-0.00745708,-0.00244647,-0.320932,-0.451172
2964,1,-0.1,-0,-0,1,1,1,4.12967,0.0383972,-0.00639178,-0.00242633,-0.332481,-0.383496
2965,1,-0.1,-0,-0,1,1,1,4.12967,-0.00523599,-0.00426119,-0.00240866,-0.356035,-0.338379
2966,1,-0.1,-0,-0,1,1,1,4.12967,0,-0.0159795,-0.0024172,-0.231343,-0.248145
2967,1,-0.1,-0,-0,1,1,1,4.12967,0,0.010653,-0.00240168,-0.524423,-0.372217
2968,1,-0.1,-0,-0,1,1,1,4.12967,-0.0418879,-1.23938e-18,-0.00245318,-0.418329,-0.496289
2969,1,-0.1,-0,-0,1,1,1,4.12967,0.0436332,-0.00426119,-0.0024315,-0.371072,-0.428613
2970,1,-0.1,-0,-0,1,1,1,4.12967,0,0.00532648,-0.0024717,-0.484856,-0.462451
2971,1,-0.1,-0,-0,1,1,1,4.12957,0,0.00958767,-0.00247111,-0.531651,-0.496289
2972,1,-0.1,-0,-0,1,1,1,4.12967,0,-0.00319589,-0.00245287,-0.388624,-0.360938
2973,1,-0.1,-0,-0,1,1,1,4.12967,-0.00698132,0.00213059,-0.00249415,-0.452664,-0.496289
2974,1,-0.1,-0,-0,1,1,1,4.12957,0,0.00639178,-0.00249116,-0.499142,-0.394775
2975,1,-0.1,-0,-0,1,1,1,4.12957,-0.015708,0.0159795,-0.00249232,-0.60476,-0.48501
2976,1,-0.1,-0,-0,1,1,1,4.12967,0.0122173,-0.00532648,-0.00252907,-0.375245,-0.552686
2977,1,-0.1,-0,-0,1,1,1,4.12957,0.0122173,-0.00958767,-0.00256329,-0.33289,-0.47373
2978,1,-0.1,-0,-0,1,1,1,4.12957,-0.020944,0.0298283,-0.00259705,-0.770922,-0.530127
2979,1,-0.1,-0,-0,1,1,1,4.12957,-0.0349066,0.0170448,-0.00265097,-0.63742,-0.48501
2980,1,-0.1,-0,-0,1,1,1,4.12957,0,0.00639178,-0.00265312,-0.520522,-0.462451
2981,1,-0.1,-0,-0,1,1,1,4.12957,0,0.00213059,-0.00264703,-0.472845,-0.451172
2982,1,-0.1,-0,-0,1,1,1,4.12957,0,0.0138489,-0.00266272,-0.603816,-0.609082
2983,1,-0.1,-0,-0,1,1,1,4.12967,0,-8.47998e-19,-0.00267023,-0.452471,-0.451172
2984,1,-0.1,-0,-0,1,1,1,4.12957,0,-0.0117183,-0.00271449,-0.329412,-0.496289
2985,1,-0.1,-0,-0,1,1,1,4.12957,0.0139626,0.010653,-0.00267923,-0.570841,-0.552686
2986,1,-0.1,-0,-0,1,1,1,4.12967,0.0174533,0.010653,-0.0026866,-0.571814,-0.462451
2987,1,-0.1,-0,-0,1,1,1,4.12957,-0.00872665,0.010653,-0.00273927,-0.578766,-0.597803
2988,1,-0.1,-0,-0,1,1,1,4.12957,0,-0.00745708,-0.0027223,-0.377316,-0.620361
2989,1,-0.1,-0,-0,1,1,1,4.12957,0.00174533,0.00213059,-0.00274074,-0.485214,-0.47373
2990,1,-0.1,-0,-0,1,1,1,4.12957,-0.0261799,0.00426119,-0.0027674,-0.512169,-0.507568
2991,1,-0.1,-0,-0,1,1,1,4.12957,0,0.00958767,-0.00278007,-0.572434,-0.48501
2992,1,-0.1,-0,-0,1,1,1,4.12957,0,0.01811,-0.00275301,-0.662608,-0.428613
2993,1,-0.1,-0,-0,1,1,1,4.12957,-0.0296706,0.00745708,-0.00275824,-0.546116,-0.394775
2994,1,-0.1,-0,-0,1,1,1,4.12957,0,0.0170448,-0.00279431,-0.656341,-0.676758
2995,1,-0.1,-0,-0,1,1,1,4.12957,0,0.00745708,-0.00283228,-0.555889,-0.518848
2996,1,-0.1,-0,-0,1,1,1,4.12957,0,0.00745708,-0.00285386,-0.558737,-0.451172
2997,1,-0.1,-0,-0,1,1,1,4.12957,0,0.010653,-0.00287787,-0.597061,-0.462451
2998,1,-0.1,-0,-0,1,1,1,4.12957,0,-0.00213059,-0.0029067,-0.460248,-0.462451
2999,1,-0.1,-0,-0,1,1,1,4.12957,0,0.010653,-0.00288643,-0.598191,-0.383496
3000,1,-0.1,-0,-0,1,1,1,4.12957,0,-0.00958767,-0.00286754,-0.373051,-0.530127
3001,1,-0.1,-0,-0,1,1,1,4.12957,0,-0.00745708,-0.00287694,-0.397728,-0.507568
3002,1,-0.1,-0,-0,1,1,1,4.12957,0,-0.00852238,-0.00288108,-0.386557,-0.552686
3003,1,-0.1,-0,-0,1,1,1,4.12957,0.00872665,9.13229e-19,-0.00287182,-0.47908,-0.518848
3004,1,-0.1,-0,-0,1,1,1,4.12957,0.00872665,-0.00213059,-0.00290135,-0.459541,-0.48501
3005,1,-0.1,-0,-0,1,1,1,4.12957,0.00872665,-0.00532648,-0.00286525,-0.419622,-0.281982
3006,1,-0.1,-0,-0,1,1,1,4.12957,-0.0593412,-0.00852238,-0.00289915,-0.388941,-0.496289
3007,1,-0.1,-0,-0,1,1,1,4.12957,0.0401426,0.00532648,-0.00286476,-0.53674,-0.439893
3008,1,-0.1,-0,-0,1,1,1,4.12957,0,0.00532648,-0.00289271,-0.540429,-0.451172
3009,1,-0.1,-0,-0,1,1,1,4.12957,0,0.0117183,-0.00290336,-0.612145,-0.462451
3010,1,-0.1,-0,-0,1,1,1,4.12957,0,-0.00532648,-0.00294948,-0.43074,-0.541406
3011,1,-0.1,-0,-0,1,1,1,4.12957,0,8.47998e-19,-0.00294751,-0.489071,-0.48501
3012,1,-0.1,-0,-0,1,1,1,4.12957,0,9.78459e-19,-0.00293689,-0.48767,-0.406055
3013,1,-0.1,-0,-0,1,1,1,4.12957,-0.0174533,0.00532648,-0.00293228,-0.545652,-0.597803
3014,1,-0.1,-0,-0,1,1,1,4.12957,0,0.00532648,-0.00294226,-0.54697,-0.586523
3015,1,-0.1,-0,-0,1,1,1,4.12957,0,0.0127836,-0.002968,-0.632396,-0.507568
3016,1,-0.1,-0,-0,1,1,1,4.12957,0,-0.00532648,-0.00298764,-0.435777,-0.518848
3017,1,-0.1,-0,-0,1,1,1,4.12957,0,0.00745708,-0.00297773,-0.575088,-0.439893
3018,1,-0.1,-0,-0,1,1,1,4.12957,0,-5.21845e-19,-0.00301374,-0.497813,-0.462451
3019,1,-0.1,-0,-0,1,1,1,4.12957,0,0.00639178,-0.00301297,-0.568022,-0.518848
3020,1,-0.1,-0,-0,1,1,1,4.12957,0,0.00745708,-0.00301685,-0.580252,-0.47373
3021,1,-0.1,-0,-0,1,1,1,4.12957,0,-0.00213059,-0.00302421,-0.475759,-0.417334
3022,1,-0.1,-0,-0,1,1,1,4.12957,0,0.01811,-0.0030596,-0.703078,-0.451172
3023,1,-0.1,-0,-0,1,1,1,4.12948,-0.00174533,1.10892e-18,-0.00308128,-0.506729,-0.530127
3024,1,-0.1,-0,-0,1,1,1,4.12948,0,-0.00745708,-0.00308828,-0.425625,-0.451172
3025,1,-0.1,-0,-0,1,1,1,4.12957,0,0.0149142,-0.00311298,-0.674969,-0.462451
3026,1,-0.1,-0,-0,1,1,1,4.12957,0,0.00639178,-0.00313419,-0.584022,-0.518848
3027,1,-0.1,-0,-0,1,1,1,4.12957,0,9.78459e-19,-0.00316079,-0.517224,-0.597803
3028,1,-0.1,-0,-0,1,1,1,4.12948,0,0.0010653,-0.00316396,-0.529361,-0.47373
3029,1,-0.1,-0,-0,1,1,1,4.12948,0,-0.00426119,-0.00315977,-0.470216,-0.462451
3030,1,-0.1,-0,-0,1,1,1,4.12948,0,-0.0010653,-0.00313589,-0.502219,-0.507568
3031,1,-0.1,-0,-0,1,1,1,4.12948,0,-0.00745708,-0.00312995,-0.431126,-0.563965
3032,1,-0.1,-0,-0,1,1,1,4.12948,0,0.00639178,-0.00312604,-0.582947,-0.64292
3033,1,-0.1,-0,-0,1,1,1,4.12948,0,-0.0117183,-0.00315741,-0.387877,-0.609082
3034,1,-0.1,-0,-0,1,1,1,4.12948,0,-0.00426119,-0.00317476,-0.472196,-0.552686
3035,1,-0.1,-0,-0,1,1,1,4.12948,0,0.00639178,-0.00317523,-0.58944,-0.597803
3036,1,-0.1,-0,-0,1,1,1,4.12948,0,-2.08738e-18,-0.00316303,-0.51752,-0.609082
3037,1,-0.1,-0,-0,1,1,1,4.12948,0.00872665,-0.00639178,-0.00315074,-0.445588,-0.428613
3038,1,-0.1,-0,-0,1,1,1,4.12948,0,0.00319589,-0.003194,-0.556763,-0.439893
3039,1,-0.1,-0,-0,1,1,1,4.12948,0,-0.0117183,-0.00316802,-0.389278,-0.586523
3040,1,-0.1,-0,-0,1,1,1,4.12948,0,-0.00426119,-0.00316803,-0.471307,-0.552686
3041,1,-0.1,-0,-0,1,1,1,4.12948,0.0174533,0.0191753,-0.00317702,-0.730295,-0.417334
3042,1,-0.1,-0,-0,1,1,1,4.12957,-0.0139626,-0.0191753,-0.00314647,-0.304406,-0.507568
3043,1,-0.1,-0,-0,1,1,1,4.12957,0,0.00426119,-0.00319159,-0.568162,-0.631641
3044,1,-0.1,-0,-0,1,1,1,4.12948,-0.00349066,0.00532648,-0.0031737,-0.577519,-0.372217
3045,1,-0.1,-0,-0,1,1,1,4.12948,-0.0349066,0.00745708,-0.00317309,-0.600876,-0.575244
3046,1,-0.1,-0,-0,1,1,1,4.12957,0.0314159,-0.00958767,-0.00318499,-0.414954,-0.575244
3047,1,-0.1,-0,-0,1,1,1,4.12948,0.0139626,0.0010653,-0.00320207,-0.534392,-0.507568
3048,1,-0.1,-0,-0,1,1,1,4.12948,0,0.00319589,-0.00319446,-0.556824,-0.507568
3049,1,-0.1,-0,-0,1,1,1,4.12957,0,0.0202406,-0.0031898,-0.743701,-0.47373
3050,1,-0.1,-0,-0,1,1,1,4.12957,0,0.00213059,-0.00320756,-0.546834,-0.563965
3051,1,-0.1,-0,-0,1,1,1,4.12948,0,0.010653,-0.0032012,-0.639741,-0.541406
3052,1,-0.1,-0,-0,1,1,1,4.12948,0,0.00532648,-0.00322926,-0.584854,-0.575244
3053,1,-0.1,-0,-0,1,1,1,4.12948,0,-0.0170448,-0.00323222,-0.339161,-0.620361
3054,1,-0.1,-0,-0,1,1,1,4.12948,0,0.00532648,-0.00324698,-0.587192,-0.507568
3055,1,-0.1,-0,-0,1,1,1,4.12948,0,0.00745708,-0.00327636,-0.614508,-0.665479
3056,1,-0.1,-0,-0,1,1,1,4.12948,0,0.00639178,-0.00331206,-0.607502,-0.721875
3057,1,-0.1,-0,-0,1,1,1,4.12948,0.0139626,-0.0138489,-0.00328556,-0.381356,-0.439893
3058,1,-0.1,-0,-0,1,1,1,4.12948,0,0.0149142,-0.00326573,-0.695133,-0.406055
3059,1,-0.1,-0,-0,1,1,1,4.12948,-0.0226893,0.00319589,-0.00329773,-0.570455,-0.609082
3060,1,-0.1,-0,-0,1,1,1,4.12948,0.00872665,-0.0010653,-0.00331206,-0.525473,-0.575244
3061,1,-0.1,-0,-0,1,1,1,4.12948,0,0.00532648,-0.00331575,-0.596271,-0.609082
3062,1,-0.1,-0,-0,1,1,1,4.12948,0.0244346,0.00532648,-0.00331229,-0.595814,-0.48501
3063,1,-0.1,-0,-0,1,1,1,4.12948,-0.020944,0.0138489,-0.00331895,-0.690439,-0.597803
3064,1,-0.1,-0,-0,1,1,1,4.12948,0.00872665,0.00639178,-0.00333219,-0.610159,-0.530127
3065,1,-0.1,-0,-0,1,1,1,4.12938,0,0.00958767,-0.00332768,-0.644718,-0.530127
3066,1,-0.1,-0,-0,1,1,1,4.12948,0.00872665,-0.00852238,-0.0033351,-0.446487,-0.552686
3067,1,-0.1,-0,-0,1,1,1,4.12948,0.0279253,1.30461e-19,-0.00335213,-0.542481,-0.507568
3068,1,-0.1,-0,-0,1,1,1,4.12948,-0.0122173,-0.00426119,-0.00333225,-0.492984,-0.47373
3069,1,-0.1,-0,-0,1,1,1,4.12948,0,-0.010653,-0.00330439,-0.418997,-0.586523
3070,1,-0.1,-0,-0,1,1,1,4.12948,0,0.0117183,-0.00331722,-0.666774,-0.507568
3071,1,-0.1,-0,-0,1,1,1,4.12938,0,-0.00852238,-0.00333088,-0.445931,-0.665479
3072,1,-0.1,-0,-0,1,1,1,4.12948,0,-0.0202406,-0.00332723,-0.316547,-0.609082
3073,1,-0.1,-0,-0,1,1,1,4.12948,0.0314159,-1.23938e-18,-0.00333867,-0.540704,-0.609082
3074,1,-0.1,-0,-0,1,1,1,4.12948,-0.0122173,0.00319589,-0.00334538,-0.576745,-0.47373
3075,1,-0.1,-0,-0,1,1,1,4.12948,-0.0261799,0.0138489,-0.00336189,-0.696107,-0.609082
3076,1,-0.1,-0,-0,1,1,1,4.12948,0,0.01811,-0.00339285,-0.747067,-0.64292
3077,1,-0.1,-0,-0,1,1,1,4.12938,-0.0174533,0.00745708,-0.0034009,-0.630947,-0.609082
3078,1,-0.1,-0,-0,1,1,1,4.12938,0,0.0170448,-0.00342267,-0.739285,-0.541406
3079,1,-0.1,-0,-0,1,1,1,4.12938,-0.0244346,0.00319589,-0.00342578,-0.587357,-0.541406
3080,1,-0.1,-0,-0,1,1,1,4.12948,0.0244346,-0.0127836,-0.00336635,-0.403739,-0.406055
3081,1,-0.1,-0,-0,1,1,1,4.12948,0,0.00745708,-0.00338294,-0.628575,-0.518848
3082,1,-0.1,-0,-0,1,1,1,4.12948,0,0.00319589,-0.0033857,-0.582067,-0.597803
3083,1,-0.1,-0,-0,1,1,1,4.12948,0,0.00958767,-0.003444,-0.660072,-0.496289
3084,1,-0.1,-0,-0,1,1,1,4.12938,-0.0191986,-0.010653,-0.00347564,-0.441602,-0.597803
3085,1,-0.1,-0,-0,1,1,1,4.12948,0.0366519,0.00958767,-0.00349391,-0.66666,-0.575244
3086,1,-0.1,-0,-0,1,1,1,4.12948,-0.0174533,-0.0149142,-0.00346479,-0.393297,-0.530127
3087,1,-0.1,-0,-0,1,1,1,4.12948,0.015708,-0.00213059,-0.00346865,-0.534425,-0.462451
3088,1,-0.1,-0,-0,1,1,1,4.12948,-0.0279253,0.00639178,-0.00347887,-0.62952,-0.541406
3089,1,-0.1,-0,-0,1,1,1,4.12948,0,0.00745708,-0.00347157,-0.640276,-0.541406
3090,1,-0.1,-0,-0,1,1,1,4.12948,0,-0.00213059,-0.00347689,-0.535512,-0.541406
3091,1,-0.1,-0,-0,1,1,1,4.12948,0,0.0170448,-0.00346864,-0.745353,-0.575244
3092,1,-0.1,-0,-0,1,1,1,4.12948,0,0.00426119,-0.00346552,-0.604322,-0.496289
3093,1,-0.1,-0,-0,1,1,1,4.12948,0,0.00745708,-0.00349096,-0.642834,-0.417334
3094,1,-0.1,-0,-0,1,1,1,4.12938,-0.0296706,0.00745708,-0.00345584,-0.638199,-0.48501
3095,1,-0.1,-0,-0,1,1,1,4.12948,-0.0191986,-0.00958767,-0.0034434,-0.449064,-0.541406
3096,1,-0.1,-0,-0,1,1,1,4.12948,0.00872665,-7.17537e-19,-0.0035196,-0.564588,-0.665479
3097,1,-0.1,-0,-0,1,1,1,4.12938,0.0471239,0.00852238,-0.0035,-0.655747,-0.48501
3098,1,-0.1,-0,-0,1,1,1,4.12948,0,-0.00958767,-0.00347927,-0.453799,-0.586523
3099,1,-0.1,-0,-0,1,1,1,4.12948,0.0226893,0.00852238,-0.00350269,-0.656101,-0.64292
3100,1,-0.1,-0,-0,1,1,1,4.12938,-0.00174533,0.028763,-0.00351081,-0.87982,-0.563965
3101,1,-0.1,-0,-0,1,1,1,4.12938,-0.0279253,-0.00745708,-0.00350366,-0.480455,-0.541406
3102,1,-0.1,-0,-0,1,1,1,4.12948,0.0226893,0.0202406,-0.0035043,-0.785215,-0.609082
3103,1,-0.1,-0,-0,1,1,1,4.12938,-0.0401426,0.00852238,-0.00354052,-0.661095,-0.575244
3104,1,-0.1,-0,-0,1,1,1,4.12938,0.00698132,-0.0010653,-0.00355949,-0.558134,-0.733154
3105,1,-0.1,-0,-0,1,1,1,4.12938,0,0.0010653,-0.00354471,-0.57962,-0.575244
3106,1,-0.1,-0,-0,1,1,1,4.12938,0,-0.00745708,-0.00355074,-0.48667,-0.609082
3107,1,-0.1,-0,-0,1,1,1,4.12938,0,0.0010653,-0.00356236,-0.581949,-0.597803
3108,1,-0.1,-0,-0,1,1,1,4.12938,-0.0122173,-0.00745708,-0.00355853,-0.487698,-0.676758
3109,1,-0.1,-0,-0,1,1,1,4.12948,0.015708,0.00213059,-0.00353153,-0.589599,-0.530127
3110,1,-0.1,-0,-0,1,1,1,4.12938,-0.0191986,0.0159795,-0.00353938,-0.742972,-0.541406
3111,1,-0.1,-0,-0,1,1,1,4.12938,-0.0366519,-0.00213059,-0.00355989,-0.546469,-0.744434
3112,1,-0.1,-0,-0,1,1,1,4.12938,0.00872665,0.010653,-0.00359221,-0.691354,-0.654199
3113,1,-0.1,-0,-0,1,1,1,4.12928,0,-0.00426119,-0.00360451,-0.528922,-0.64292
3114,1,-0.1,-0,-0,1,1,1,4.12938,0.00523599,-0.0117183,-0.0035668,-0.441917,-0.575244
3115,1,-0.1,-0,-0,1,1,1,4.12938,0.0174533,0.00213059,-0.00352067,-0.588165,-0.48501
3116,1,-0.1,-0,-0,1,1,1,4.12948,0.00872665,-0.00958767,-0.00350881,-0.457698,-0.620361
3117,1,-0.1,-0,-0,1,1,1,4.12938,0.0401426,0.010653,-0.00353901,-0.684332,-0.552686
3118,1,-0.1,-0,-0,1,1,1,4.12938,-0.0314159,0.0213059,-0.0035671,-0.805223,-0.597803
3119,1,-0.1,-0,-0,1,1,1,4.12938,0,0.00319589,-0.00355186,-0.604001,-0.597803
3120,1,-0.1,-0,-0,1,1,1,4.12938,0,0.00319589,-0.00354601,-0.603228,-0.620361
3121,1,-0.1,-0,-0,1,1,1,4.12938,0,0.00426119,-0.00355039,-0.615525,-0.48501
3122,1,-0.1,-0,-0,1,1,1,4.12938,0,-0.010653,-0.00356632,-0.453571,-0.710596
3123,1,-0.1,-0,-0,1,1,1,4.12938,0.0174533,0.0117183,-0.00354921,-0.697396,-0.552686
3124,1,-0.1,-0,-0,1,1,1,4.12938,-0.010472,-0.0010653,-0.00354773,-0.556582,-0.552686
3125,1,-0.1,-0,-0,1,1,1,4.12938,0,0.00639178,-0.00353977,-0.637559,-0.462451
3126,1,-0.1,-0,-0,1,1,1,4.12938,-0.00872665,0.00852238,-0.0035438,-0.661528,-0.609082
3127,1,-0.1,-0,-0,1,1,1,4.12938,0,-0.00426119,-0.0035519,-0.521978,-0.541406
3128,1,-0.1,-0,-0,1,1,1,4.12938,0,0.010653,-0.00355521,-0.68647,-0.394775
3129,1,-0.1,-0,-0,1,1,1,4.12938,-0.0191986,0.0245018,-0.00358532,-0.842783,-0.676758
3130,1,-0.099998,0.00117545,0.465566,1,1,1,4.12938,0.0331613,0.00213059,-0.00354408,-0.51399,-0.597803
3131,1,-0.0999845,0.00460823,0.903009,1,1,1,4.12938,-0.00523599,-0.00213059,-0.0035532,-0.366443,-0.721875
3132,1,-0.0999484,0.0101596,1.31287,1,1,1,4.12948,0.0610865,0.0159795,-0.00351452,-0.435729,-0.541406
3133,1,-0.0998796,0.0176925,1.69565,1,1,1,4.12948,0,0.010653,-0.00348443,-0.227061,-0.360938
3134,1,-0.0997684,0.027071,2.05187,1,1,1,4.12957,0.0226893,0.00532648,-0.00339357,0.00927029,-0.259424
3135,1,-0.099606,0.0381674,2.38223,1,1,1,4.12976,0.015708,0.0245018,-0.00328089,-0.00289943,-0.15791
3136,1,-0.0993841,0.0508519,2.68724,1,1,1,4.12976,0.0139626,-0.0117183,-0.00314592,0.613796,-0.112793
3137,1,-0.0990951,0.0649987,2.96747,1,1,1,4.12996,0.0471239,0.01811,-0.00295624,0.526608,0
3138,1,-0.0987319,0.0804854,3.22349,1,1,1,4.13024,0.0802851,0.0191753,-0.0026851,0.781528,0.124072
3139,1,-0.0982882,0.0971946,3.45593,1,1,1,4.1313,0.287979,0.0223712,-0.00230115,1.04268,0.721875
3140,1,-0.0977581,0.115006,3.6653,1,1,1,4.13235,0.169297,0.0521996,-0.00192074,1.02225,1.12793
3141,1,-0.0971365,0.133809,3.85222,1,1,1,4.13245,-0.00349066,0.0767014,-0.00163943,1.05526,1.17305
3142,1,-0.0964185,0.153494,4.01727,1,1,1,4.13274,0.0750492,0.096942,-0.00138072,1.13979,1.01514
3143,1,-0.0956002,0.173947,4.16098,1,1,1,4.13369,0.172788,0.112921,-0.00116566,1.2716,1.00386
3144,1,-0.094678,0.195066,4.28395,1,1,1,4.13417,0.122173,0.148076,-0.000918943,1.20368,1.26328
3145,1,-0.0936486,0.216753,4.38678,1,1,1,4.13523,0.1309,0.177905,-0.000758374,1.1855,1.04897
3146,1,-0.0925096,0.238903,4.47002,1,1,1,4.13571,0.148353,0.209863,-0.000567977,1.1519,1.06025
3147,1,-0.0912589,0.261422,4.53426,1,1,1,4.13743,0.26529,0.223712,-0.000373874,1.31991,1.31968
3148,1,-0.0898952,0.284212,4.58005,1,1,1,4.1382,0.15708,0.250345,-0.000207433,1.34454,1.34224
3149,1,-0.0884165,0.307193,4.60799,1,1,1,4.13983,0.329867,0.278043,-4.45749e-05,1.35737,1.48887
3150,1,-0.0868229,0.330266,4.61866,1,1,1,4.14127,0.328122,0.306806,0.000143302,1.36085,1.51143
3151,1,-0.0851138,0.353351,4.61261,1,1,1,4.1429,0.249582,0.337699,0.000254664,1.32762,1.21816
3152,1,-0.0832895,0.376365,4.59044,1,1,1,4.14424,0.383972,0.36007,0.000315831,1.3774,1.0377
3153,1,-0.0813506,0.399227,4.55272,1,1,1,4.14664,0.429351,0.381376,0.000424627,1.44216,1.45503
3154,1,-0.0792977,0.421866,4.50002,1,1,1,4.14836,0.394444,0.413335,0.000524884,1.38411,1.37607
3155,1,-0.0771322,0.444206,4.43292,1,1,1,4.15066,0.380482,0.419727,0.000560382,1.59164,1.24072
3156,1,-0.0748562,0.466173,4.352,1,1,1,4.15268,0.542797,0.469796,0.000579139,1.31011,1.22944
3157,1,-0.0724715,0.487702,4.25783,1,1,1,4.15565,0.467748,0.511343,0.000595066,1.11461,1.5791
3158,1,-0.0699798,0.508732,4.15098,1,1,1,4.15757,0.438078,0.5188,0.000547469,1.27566,1.12793
3159,1,-0.0673847,0.529194,4.03204,1,1,1,4.16054,0.602139,0.534779,0.000482327,1.33173,1.04897
3160,1,-0.0646891,0.549032,3.90158,1,1,1,4.16294,0.58294,0.560346,0.000395466,1.26966,1.21816
3161,1,-0.0618958,0.56819,3.76018,1,1,1,4.166,0.539307,0.595501,0.000328344,1.09526,1.19561
3162,1,-0.0590085,0.586615,3.60841,1,1,1,4.16859,0.649262,0.578456,0.000289024,1.48763,1.04897
3163,1,-0.0560309,0.604258,3.44684,1,1,1,4.17252,0.614356,0.634917,0.000186473,1.05185,1.29712
3164,1,-0.0529671,0.62107,3.27606,1,1,1,4.17454,0.513127,0.64557,6.65498e-05,1.10477,1.15049
3165,1,-0.0498215,0.637005,3.09663,1,1,1,4.17885,0.788889,0.643439,-3.72094e-05,1.28788,1.12793
3166,1,-0.0465988,0.652022,2.90916,1,1,1,4.18163,0.657989,0.673268,-0.000147458,1.10689,1.22944
3167,1,-0.043303,0.666084,2.71418,1,1,1,4.18518,0.623083,0.694574,-0.000326511,0.995558,1.10537
3168,1,-0.0399394,0.679153,2.51229,1,1,1,4.18796,0.68766,0.700965,-0.000478121,1.03877,0.981299
3169,1,-0.0365131,0.691196,2.30407,1,1,1,4.19227,0.710349,0.688182,-0.000517197,1.29592,1.17305
3170,1,-0.0330293,0.702184,2.09009,1,1,1,4.19534,0.762709,0.735055,-0.00066384,0.867132,1.0377
3171,1,-0.0294933,0.712088,1.87093,1,1,1,4.19918,0.66497,0.728663,-0.000747442,1.01841,0.97002
3172,1,-0.02591,0.720886,1.64713,1,1,1,4.20234,0.858702,0.712684,-0.000795328,1.2659,0.992578
3173,1,-0.0222862,0.728553,1.41934,1,1,1,4.20713,0.771436,0.742512,-0.000826344,0.998334,1.16177
3174,1,-0.0186267,0.735073,1.18808,1,1,1,4.2102,0.708604,0.763818,-0.000982242,0.789875,1.15049
3175,1,-0.0149375,0.740429,0.953943,1,1,1,4.21404,0.745256,0.77021,-0.00119733,0.721447,0.710596
3176,1,-0.0112241,0.744609,0.717478,1,1,1,4.2172,0.788889,0.751034,-0.00128435,0.937539,0.688037
3177,1,-0.00749347,0.747601,0.479326,1,1,1,4.22199,0.787143,0.75423,-0.00136567,0.893337,0.721875
3178,1,-0.00375006,0.7494,0.239972,1,1,1,4.22487,0.71733,0.79045,-0.00148721,0.466453,0.665479
3179,1,-1.03425e-06,0.75,6.6192e-05,1,1,1,4.22919,0.71384,0.762753,-0.00159131,0.732709,0.541406
3180,1,0.00374776,0.749401,-0.239824,1,1,1,4.23254,0.919789,0.759557,-0.00164169,0.721419,0.575244
3181,1,0.00749091,0.747603,-0.479162,1,1,1,4.23705,0.637045,0.765949,-0.00173862,0.583603,0.744434
3182,1,0.0112219,0.744611,-0.717336,1,1,1,4.23992,0.736529,0.763818,-0.00180806,0.528206,0.552686
3183,1,0.0149349,0.740432,-0.953779,1,1,1,4.24443,0.762709,0.738251,-0.00184119,0.720696,0.688037
3184,1,0.0186241,0.735077,-1.18792,1,1,1,4.24759,0.794125,0.735055,-0.0018662,0.653739,0.507568
3185,1,0.0222836,0.728558,-1.41918,1,1,1,4.25191,0.719076,0.732924,-0.00186216,0.5647,0.64292
3186,1,0.0259074,0.720892,-1.64697,1,1,1,4.25488,0.738274,0.726533,-0.00192271,0.49996,0.48501
3187,1,0.0294909,0.712094,-1.87078,1,1,1,4.25929,0.7662,0.73399,-0.00197306,0.270584,0.439893
3188,1,0.033027,0.70219,-2.08995,1,1,1,4.26226,0.715585,0.721206,-0.00202404,0.250459,0.406055
3189,1,0.0365107,0.691204,-2.30392,1,1,1,4.266,0.614356,0.728663,-0.00214953,-0.0150686,0.236865
3190,1,0.0399374,0.67916,-2.51217,1,1,1,4.26849,0.610865,0.698835,-0.00227055,0.117586,0.349658
3191,1,0.0433008,0.666093,-2.71405,1,1,1,4.27214,0.574213,0.693508,-0.00233742,-0.0241933,0.203027
3192,1,0.0465963,0.652033,-2.90902,1,1,1,4.27444,0.549779,0.647701,-0.00237644,0.271506,0.180469
3193,1,0.0498194,0.637015,-3.09651,1,1,1,4.27837,0.710349,0.62746,-0.00235525,0.28283,0.101514
3194,1,0.0529651,0.62108,-3.27594,1,1,1,4.28096,0.645772,0.612546,-0.00235848,0.221894,0.191748
3195,1,0.056029,0.604269,-3.44674,1,1,1,4.2847,0.649262,0.602958,-0.00259681,0.0614931,0.203027
3196,1,0.0590063,0.586629,-3.60829,1,1,1,4.28757,0.706858,0.580587,-0.00223286,0.111978,0.0902344
3197,1,0.0618937,0.568204,-3.76008,1,1,1,4.29122,0.565487,0.57313,-0.00220192,-0.0540128,0.112793
3198,1,0.0646871,0.549046,-3.90149,1,1,1,4.29332,0.502655,0.560346,-0.00251581,-0.214796,0.0563965
3199,1,0.0673832,0.529206,-4.03196,1,1,1,4.29601,0.380482,0.516669,-0.00216916,0.0443612,0.0338379
3200,1,0.0699782,0.508745,-4.1509,1,1,1,4.29735,0.312414,0.509212,-0.00237327,-0.173862,0
3201,1,0.0724695,0.487719,-4.25775,1,1,1,4.30023,0.596903,0.50282,-0.002351,-0.379446,-0.0338379
3202,1,0.0748546,0.466188,-4.35194,1,1,1,4.30253,0.535816,0.483645,-0.00228622,-0.443413,0.0338379
3203,1,0.0771308,0.44422,-4.43287,1,1,1,4.30502,0.322886,0.444229,-0.0022464,-0.291733,0.0563965
3204,1,0.0792961,0.421883,-4.49998,1,1,1,4.30617,0.305433,0.397356,-0.00219485,-0.059312,-0.0563965
3205,1,0.081349,0.399245,-4.55269,1,1,1,4.30886,0.490438,0.385637,-0.00212345,-0.212782,-0.112793
3206,1,0.0832883,0.37638,-4.59042,1,1,1,4.31068,0.417134,0.368593,-0.00202496,-0.304845,-0.0338379
3207,1,0.0851126,0.353367,-4.6126,1,1,1,4.3126,0.237365,0.328111,-0.00197267,-0.145071,-0.0789551
3208,1,0.0868218,0.330282,-4.61866,1,1,1,4.31365,0.301942,0.296153,-0.00188489,-0.0730812,-0.101514
3209,1,0.0884155,0.307208,-4.60801,1,1,1,4.31557,0.298451,0.298283,-0.00182236,-0.376984,-0.214307
3210,1,0.089894,0.28423,-4.58008,1,1,1,4.31662,0.246091,0.281238,-0.00179073,-0.470556,-0.225586
3211,1,0.0912582,0.261435,-4.53429,1,1,1,4.31787,0.202458,0.253541,-0.00173767,-0.439395,-0.304541
3212,1,0.0925089,0.238918,-4.47007,1,1,1,4.31873,0.214675,0.203472,-0.00156539,-0.139473,-0.3271
3213,1,0.0936479,0.216767,-4.38685,1,1,1,4.31998,0.197222,0.182166,-0.0013443,-0.140659,-0.203027
3214,1,0.0946773,0.195081,-4.28403,1,1,1,4.32074,0.176278,0.147011,-0.0010769,0.0261458,-0.135352
3215,1,0.0955996,0.173961,-4.16107,1,1,1,4.32151,0.0872665,0.123574,-0.000801491,0.0750884,0.0225586
3216,1,0.096418,0.153507,-4.01737,1,1,1,4.32189,0.0959931,0.103334,-0.000526643,0.100397,-0.0789551
3217,1,0.097136,0.133822,-3.85234,1,1,1,4.32237,0.0593412,0.068179,-0.000216848,0.307736,0.0563965
3218,1,0.0977577,0.11502,-3.66545,1,1,1,4.32266,0.0523599,0.0607219,0.00014792,0.233705,0
3219,1,0.0982878,0.0972061,-3.45608,1,1,1,4.32295,0.0366519,0.0223712,0.00054605,0.519862,0.191748
3220,1,0.0987316,0.0804969,-3.22367,1,1,1,4.32314,0.0488692,-2.08738e-18,0.000923032,0.645009,0.124072
3221,1,0.0990949,0.0650078,-2.96763,1,1,1,4.32362,0.139626,-0.0255671,0.00132382,0.827512,0.31582
3222,1,0.0993839,0.0508609,-2.68743,1,1,1,4.32448,0.253073,-0.0362201,0.00172285,0.866815,0.496289
3223,1,0.0996059,0.0381756,-2.38244,1,1,1,4.32496,-0.116937,-0.0202406,0.0019884,0.615315,0.766992
3224,1,0.0997683,0.0270786,-2.05212,1,1,1,4.32448,-0.0820305,-0.00426119,0.00215769,0.372968,0.530127
3225,1,0.0998795,0.0176977,-1.69588,1,1,1,4.32458,0.0139626,-0.0191753,0.00230595,0.491716,0.3271
3226,1,0.0999484,0.0101637,-1.31311,1,1,1,4.32458,0,-0.00639178,0.0023926,0.323846,0.406055
3227,1,0.0999845,0.00461131,-0.903299,1,1,1,4.32448,0,0.00319589,0.00248556,0.220588,0.406055
3228,1,0.099998,0.00117697,-0.465862,1,1,1,4.32458,0.00872665,-0.0213059,0.00251174,0.512366,0.214307
3229,1,0.1,1.24884e-10,-0.000154847,1,1,1,4.32448,0.00523599,-0.0117183,0.00249871,0.45596,0.293262
3230,1,0.1,0,0,1,1,1,4.32448,-0.00698132,-0.010653,0.00254262,0.453804,0.507568
3231,1,0.1,0,0,1,1,1,4.32458,0,-8.47998e-19,0.00254031,0.339429,0.394775
3232,1,0.1,0,0,1,1,1,4.32448,0,0.00532648,0.0025141,0.279982,0.462451
3233,1,0.1,0,0,1,1,1,4.32448,0,-0.010653,0.00251899,0.459387,0.417334
3234,1,0.1,0,0,1,1,1,4.32448,0.00698132,0.00532648,0.00255123,0.291668,0.372217
3235,1,0.1,0,0,1,1,1,4.32458,0,-0.0010653,0.00254774,0.364303,0.406055
3236,1,0.1,0,0,1,1,1,4.32448,0,-0.00319589,0.00254279,0.390141,0.3271
3237,1,0.1,0,0,1,1,1,4.32448,0,-0.0117183,0.00251251,0.482129,0.3271
3238,1,0.1,0,0,1,1,1,4.32448,0,0.010653,0.00245827,0.231074,0.349658
3239,1,0.1,0,0,1,1,1,4.32448,0,-0.0010653,0.00246266,0.363511,0.462451
3240,1,0.1,0,0,1,1,1,4.32448,0,-0.00319589,0.0024371,0.385891,0.3271
3241,1,0.1,0,0,1,1,1,4.32448,0.0139626,-0.00213059,0.00241955,0.374353,0.372217
3242,1,0.1,0,0,1,1,1,4.32448,0,0.0010653,0.00240337,0.339552,0.372217
3243,1,0.1,0,0,1,1,1,4.32448,0,-1.23938e-18,0.00242626,0.357723,0.248145
3244,1,0.1,0,0,1,1,1,4.32458,0.0366519,-0.00639178,0.00241231,0.428956,0.406055
3245,1,0.1,0,0,1,1,1,4.32448,0,-0.00213059,0.00238968,0.381457,0.31582
3246,1,0.1,0,0,1,1,1,4.32448,0.0174533,0.0138489,0.00234531,0.202163,0.191748
3247,1,0.1,0,0,1,1,1,4.32448,-0.00698132,0.01811,0.00232659,0.155504,0.338379
3248,1,0.1,0,0,1,1,1,4.32448,0,0.00745708,0.00231536,0.273635,0.3271
3249,1,0.1,0,0,1,1,1,4.32448,0,-0.00958767,0.00233658,0.466958,0.3271
3250,1,0.1,0,0,1,1,1,4.32458,0.0418879,-0.00532648,0.00235322,0.425569,0.417334
3251,1,0.1,0,0,1,1,1,4.32458,-0.00698132,0.0010653,0.0023469,0.357321,0.248145
3252,1,0.1,0,0,1,1,1,4.32448,0,-0.00958767,0.00237792,0.482151,0.406055
3253,1,0.1,0,0,1,1,1,4.32458,0.00698132,-0.00426119,0.00240472,0.430515,0.48501
3254,1,0.1,0,0,1,1,1,4.32458,0,-0.00532648,0.00242574,0.448384,0.428613
3255,1,0.1,0,0,1,1,1,4.32458,0.00872665,-0.0010653,0.00239869,0.400419,0.394775
3256,1,0.1,0,0,1,1,1,4.32448,-0.0191986,-0.0010653,0.0023889,0.40173,0.417334
3257,1,0.1,0,0,1,1,1,4.32448,0,-0.01811,0.00241365,0.595597,0.462451
3258,1,0.1,0,0,1,1,1,4.32458,0,0.0127836,0.00238548,0.254832,0.360938
3259,1,0.1,0,0,1,1,1,4.32448,0,0.00319589,0.00238541,0.363032,0.293262
3260,1,0.1,0,0,1,1,1,4.32458,0,-0.01811,0.00239571,0.601646,0.451172
3261,1,0.1,0,0,1,1,1,4.32458,0.0331613,-0.00532648,0.00243009,0.469419,0.462451
3262,1,0.1,0,0,1,1,1,4.32458,0,0.00639178,0.00239725,0.338694,0.48501
3263,1,0.1,0,0,1,1,1,4.32448,0,0.00745708,0.00235931,0.323836,0.372217
3264,1,0.1,0,0,1,1,1,4.32448,-0.00174533,0.0245018,0.00232856,0.134627,0.293262
3265,1,0.1,0,0,1,1,1,4.32448,0,-0.0138489,0.00231729,0.55688,0.293262
3266,1,0.1,0,0,1,1,1,4.32448,0,0.00639178,0.00233634,0.338087,0.417334
3267,1,0.1,0,0,1,1,1,4.32458,0,0.00213059,0.00232377,0.383301,0.507568
3268,1,0.1,0,0,1,1,1,4.32458,-0.015708,0.0117183,0.00229299,0.273773,0.394775
3269,1,0.1,0,0,1,1,1,4.32458,0,0.0149142,0.00230416,0.240093,0.462451
3270,1,0.1,0,0,1,1,1,4.32458,0,0.01811,0.00227163,0.20062,0.259424
3271,1,0.1,0,0,1,1,1,4.32448,-0.010472,-0.00426119,0.00230748,0.451461,0.406055
3272,1,0.1,0,0,1,1,1,4.32458,0.0453786,-0.010653,0.0022938,0.519964,0.259424
3273,1,0.1,0,0,1,1,1,4.32458,0,-0.0010653,0.00231628,0.417467,0.439893
3274,1,0.1,0,0,1,1,1,4.32458,0,0.00852238,0.00234461,0.315743,0.383496
3275,1,0.1,0,0,1,1,1,4.32458,-0.0174533,0.00958767,0.00227992,0.295485,0.383496
3276,1,0.1,0,0,1,1,1,4.32448,0,0.00213059,0.00225469,0.374183,0.31582
3277,1,0.1,0,0,1,1,1,4.32448,-0.0139626,0.0170448,0.00225212,0.209787,0.417334
3278,1,0.1,0,0,1,1,1,4.32458,0.0174533,0.00426119,0.00225487,0.35077,0.248145
3279,1,0.1,0,0,1,1,1,4.32458,0,-0.00958767,0.00227634,0.505942,0.338379
3280,1,0.1,0,0,1,1,1,4.32458,-0.00872665,0.00319589,0.00226815,0.364242,0.394775
3281,1,0.1,0,0,1,1,1,4.32458,-0.0296706,0.0266324,0.00220638,0.0982855,0.406055
3282,1,0.1,0,0,1,1,1,4.32448,0,-0.00745708,0.00219426,0.471671,0.203027
3283,1,0.1,0,0,1,1,1,4.32458,0.0174533,0.00745708,0.00216768,0.304106,0.428613
3284,1,0.1,0,0,1,1,1,4.32448,-0.0174533,-0.0010653,0.00218646,0.400331,0.462451
3285,1,0.1,0,0,1,1,1,4.32458,0,0.0149142,0.00222398,0.22951,0.48501
3286,1,0.1,0,0,1,1,1,4.32458,0.0122173,0.00958767,0.00219555,0.284348,0.48501
3287,1,0.1,0,0,1,1,1,4.32448,-0.0139626,-0.010653,0.00220902,0.508773,0.394775
3288,1,0.1,0,0,1,1,1,4.32458,0.0174533,-0.0149142,0.00218419,0.552369,0.31582
3289,1,0.1,0,0,1,1,1,4.32458,0.0471239,0.00532648,0.00219192,0.330742,0.496289
3290,1,0.1,0,0,1,1,1,4.32458,-0.0418879,0.00532648,0.00212798,0.322302,0.349658
3291,1,0.1,0,0,1,1,1,4.32448,0.0296706,0.00426119,0.00212915,0.334175,0.383496
3292,1,0.1,0,0,1,1,1,4.32458,0.0122173,-0.00958767,0.00212056,0.485379,0.48501
3293,1,0.1,0,0,1,1,1,4.32448,0,-0.00319589,0.00210426,0.412917,0.417334
3294,1,0.1,0,0,1,1,1,4.32448,0,-0.0010653,0.00210854,0.390046,0.48501
3295,1,0.1,0,0,1,1,1,4.32448,-0.00872665,0.0213059,0.00214084,0.148225,0.394775
3296,1,0.1,0,0,1,1,1,4.32458,0.0279253,-0.00213059,0.00214006,0.405924,0.417334
3297,1,0.1,0,0,1,1,1,4.32458,0,-0.00639178,0.0021454,0.453503,0.48501
3298,1,0.1,0,0,1,1,1,4.32448,-0.015708,-0.00852238,0.00210889,0.47212,0.360938
3299,1,0.1,0,0,1,1,1,4.32448,0.0349066,0.0149142,0.00207607,0.209985,0.225586
3300,1,0.1,0,0,1,1,1,4.32448,-0.0314159,0.0127836,0.0020788,0.233783,0.225586
3301,1,0.1,0,0,1,1,1,4.32448,0,-0.00852238,0.00210317,0.471364,0.394775
3302,1,0.1,0,0,1,1,1,4.32448,0,-0.00532648,0.00212422,0.438989,0.236865
3303,1,0.1,0,0,1,1,1,4.32448,0,-0.00426119,0.00212911,0.427916,0.360938
3304,1,0.1,0,0,1,1,1,4.32448,0.0139626,0.0149142,0.00207135,0.209363,0.406055
3305,1,0.1,0,0,1,1,1,4.32448,-0.00872665,0.00426119,0.00207429,0.326933,0.360938
3306,1,0.1,0,0,1,1,1,4.32448,0.010472,0.0117183,0.00205355,0.242167,0.360938
3307,1,0.1,0,0,1,1,1,4.32448,-0.00174533,-0.00426119,0.00203165,0.415051,0.31582
3308,1,0.1,0,0,1,1,1,4.32448,0,-0.0010653,0.00205355,0.382786,0.3271
3309,1,0.1,0,0,1,1,1,4.32448,0,-0.0010653,0.00205549,0.383043,0.3271
3310,1,0.1,0,0,1,1,1,4.32448,0,-0.00745708,0.00206745,0.454932,0.417334
3311,1,0.1,0,0,1,1,1,4.32448,0,0.01811,0.00203497,0.169406,0.383496
3312,1,0.1,0,0,1,1,1,4.32448,0,0.00745708,0.00202368,0.285098,0.349658
3313,1,0.1,0,0,1,1,1,4.32448,0,0.00426119,0.00200519,0.317813,0.496289
3314,1,0.1,0,0,1,1,1,4.32448,0,-4.56614e-19,0.00203343,0.368412,0.439893
3315,1,0.1,0,0,1,1,1,4.32458,0,-0.0010653,0.00199909,0.375598,0.383496
3316,1,0.1,0,0,1,1,1,4.32448,-0.0122173,-0.0010653,0.00199153,0.3746,0.31582
3317,1,0.1,0,0,1,1,1,4.32448,0,-0.00213059,0.00199716,0.387062,0.406055
3318,1,0.1,0,0,1,1,1,4.32448,0,-0.0298283,0.00202208,0.695026,0.372217
3319,1,0.1,0,0,1,1,1,4.32458,0.010472,0.00319589,0.00203723,0.33376,0.31582
3320,1,0.1,0,0,1,1,1,4.32448,0,0.00852238,0.00199715,0.269878,0.225586
3321,1,0.1,0,0,1,1,1,4.32448,0,-0.00532648,0.00203607,0.427352,0.394775
3322,1,0.1,0,0,1,1,1,4.32458,0.00872665,-0.0010653,0.00200666,0.376597,0.31582
3323,1,0.1,0,0,1,1,1,4.32448,0.00349066,0.010653,0.00200627,0.247644,0.462451
3324,1,0.1,0,0,1,1,1,4.32458,-0.0122173,-0.00532648,0.00200309,0.423,0.304541
3325,1,0.1,0,0,1,1,1,4.32448,0.0296706,-0.00745708,0.00202646,0.44952,0.3271
3326,1,0.1,0,0,1,1,1,4.32458,0,0.0117183,0.00200442,0.235683,0.383496
3327,1,0.1,0,0,1,1,1,4.32448,-0.00174533,0.00426119,0.00201919,0.31966,0.439893
3328,1,0.1,0,0,1,1,1,4.32448,0,-0.00532648,0.00203749,0.42754,0.462451
3329,1,0.1,0,0,1,1,1,4.32448,-0.00872665,0.0010653,0.00205758,0.359882,0.248145
3330,1,0.1,0,0,1,1,1,4.32458,0,6.52306e-19,0.00205879,0.37176,0.406055
3331,1,0.1,0,0,1,1,1,4.32448,0,0.00213059,0.00204943,0.347088,0.225586
3332,1,0.1,0,0,1,1,1,4.32458,0.0174533,0.0170448,0.00203265,0.180818,0.225586
3333,1,0.1,0,0,1,1,1,4.32448,-0.0174533,0.00213059,0.00204483,0.346481,0.236865
3334,1,0.1,0,0,1,1,1,4.32458,0.0331613,-0.00852238,0.00208221,0.468598,0.518848
3335,1,0.1,0,0,1,1,1,4.32458,0,0.00213059,0.00204427,0.346407,0.439893
3336,1,0.1,0,0,1,1,1,4.32448,-0.0174533,-0.0010653,0.00201685,0.377942,0.417334
3337,1,0.1,0,0,1,1,1,4.32448,0,0.00213059,0.00202395,0.343725,0.349658
3338,1,0.1,0,0,1,1,1,4.32448,0,0.0170448,0.00198738,0.174842,0.349658
3339,1,0.1,0,0,1,1,1,4.32448,0,-0.00213059,0.00197165,0.383695,0.31582
3340,1,0.1,0,0,1,1,1,4.32448,-0.00523599,0.0213059,0.00194679,0.122611,0.214307
3341,1,0.1,0,0,1,1,1,4.32448,0,0.0159795,0.00190798,0.176079,0.236865
3342,1,0.1,0,0,1,1,1,4.32448,0,1.23938e-18,0.00193214,0.355042,0.293262
3343,1,0.1,0,0,1,1,1,4.32448,0,-2.08738e-18,0.00195264,0.357748,0.304541
3344,1,0.1,0,0,1,1,1,4.32448,0,-0.0159795,0.00195357,0.533645,0.236865
3345,1,0.1,0,0,1,1,1,4.32458,0.0139626,-0.00639178,0.00194765,0.4274,0.169189
3346,1,0.1,0,0,1,1,1,4.32448,0,0,0.00190999,0.352118,0.349658
3347,1,0.1,0,0,1,1,1,4.32448,0,-0.0117183,0.00190543,0.480418,0.124072
3348,1,0.1,0,0,1,1,1,4.32448,0,-0.00319589,0.00189187,0.384881,0.372217
3349,1,0.1,0,0,1,1,1,4.32448,0,-0.0117183,0.00191128,0.481189,0.31582
3350,1,0.1,0,0,1,1,1,4.32448,0.00872665,-0.00532648,0.00187332,0.40587,0.31582
3351,1,0.1,0,0,1,1,1,4.32448,0.00872665,0.0149142,0.00184497,0.17948,0.236865
3352,1,0.1,0,0,1,1,1,4.32448,-0.0279253,-0.00532648,0.00184487,0.402115,0.214307
3353,1,0.1,0,0,1,1,1,4.32448,0.0139626,-0.00958767,0.00186886,0.452153,0.349658
3354,1,0.1,0,0,1,1,1,4.32448,0,-0.00958767,0.00189566,0.455691,0.225586
3355,1,0.1,0,0,1,1,1,4.32448,0,-0.0010653,0.00185814,0.356992,0.383496
3356,1,0.1,0,0,1,1,1,4.32448,-0.0191986,-0.00213059,0.00181776,0.36338,0.3271
3357,1,0.1,0,0,1,1,1,4.32448,0.015708,0.0138489,0.00180054,0.185334,0.3271
3358,1,0.1,0,0,1,1,1,4.32448,0,0.0010653,0.00180541,0.326595,0.349658
3359,1,0.1,0,0,1,1,1,4.32448,0,-0.0149142,0.00179298,0.500729,0.417334
3360,1,0.1,0,0,1,1,1,4.32448,0,0.00319589,0.00181128,0.303935,0.360938
3361,1,0.1,0,0,1,1,1,4.32448,0,-0.00958767,0.00178943,0.441669,0.3271
3362,1,0.1,0,0,1,1,1,4.32448,0,-0.00532648,0.00179256,0.39521,0.304541
3363,1,0.1,0,0,1,1,1,4.32448,0,0.00958767,0.00181003,0.233459,0.428613
3364,1,0.1,0,0,1,1,1,4.32448,-0.00698132,0.0127836,0.00177765,0.194031,0.349658
3365,1,0.1,0,0,1,1,1,4.32448,0,-0.0234365,0.00178286,0.593139,0.394775
3366,1,0.1,0,0,1,1,1,4.32448,0,0.00532648,0.00177049,0.275113,0.406055
3367,1,0.1,0,0,1,1,1,4.32448,-0.00698132,0.0191753,0.001777,0.123636,0.304541
3368,1,0.1,0,0,1,1,1,4.32448,0.00872665,-0.00639178,0.00178693,0.406185,0.3271
3369,1,0.1,0,0,1,1,1,4.32448,0,-0.0149142,0.00178137,0.499197,0.15791
3370,1,0.1,0,0,1,1,1,4.32448,0,-7.17537e-19,0.00179736,0.337251,0.3271
3371,1,0.1,0,0,1,1,1,4.32448,0,0.00745708,0.00176261,0.250636,0.383496
3372,1,0.1,0,0,1,1,1,4.32448,0,0.0223712,0.00173728,0.0832378,0.180469
3373,1,0.1,0,0,1,1,1,4.32448,0,-0.00319589,0.00174964,0.366108,0.360938
3374,1,0.1,0,0,1,1,1,4.32448,0,-0.00745708,0.00177641,0.416515,0.439893
3375,1,0.1,0,0,1,1,1,4.32448,-0.00872665,0.0010653,0.00174667,0.318843,0.293262
3376,1,0.1,0,0,1,1,1,4.32448,0,1.30461e-19,0.00178245,0.335283,0.406055
3377,1,0.1,0,0,1,1,1,4.32448,-0.0331613,-0.0202406,0.00174403,0.552859,0.293262
3378,1,0.1,0,0,1,1,1,4.32448,0.00349066,-0.00319589,0.00176309,0.367883,0.417334
3379,1,0.1,0,0,1,1,1,4.32448,-0.0226893,0.00213059,0.0017499,0.30755,0.338379
3380,1,0.1,0,0,1,1,1,4.32448,0,0.0138489,0.00173168,0.176244,0.3271
3381,1,0.1,0,0,1,1,1,4.32448,-0.0174533,-0.00852238,0.00174096,0.423552,0.191748
3382,1,0.1,0,0,1,1,1,4.32448,0.00872665,0.0159795,0.00176939,0.157786,0.349658
3383,1,0.1,0,0,1,1,1,4.32448,-0.0383972,1.30461e-18,0.00171524,0.326412,0.225586
3384,1,0.1,0,0,1,1,1,4.32439,0.010472,0.0276977,0.00167764,0.016774,0.31582
3385,1,0.1,0,0,1,1,1,4.32439,-0.0296706,0.00745708,0.00168569,0.240483,0.406055
3386,1,0.1,0,0,1,1,1,4.32448,0.00872665,0.00213059,0.00167953,0.298261,0.3271
3387,1,0.1,0,0,1,1,1,4.32439,0,-0.010653,0.00169709,0.441198,0.225586
3388,1,0.1,0,0,1,1,1,4.32448,0,0.0159795,0.00168333,0.146426,0.372217
3389,1,0.1,0,0,1,1,1,4.32448,0,0.00958767,0.00163739,0.210671,0.31582
3390,1,0.1,0,0,1,1,1,4.32439,0,-0.0159795,0.00164336,0.492698,0.191748
3391,1,0.1,0,0,1,1,1,4.32448,0.00523599,1.17415e-18,0.00164384,0.316986,0.360938
3392,1,0.1,0,0,1,1,1,4.32448,-0.0174533,-0.0010653,0.00166586,0.331612,0.225586
3393,1,0.1,0,0,1,1,1,4.32448,0,0.00852238,0.00163826,0.222495,0.360938
3394,1,0.1,0,0,1,1,1,4.32439,-0.00523599,0.010653,0.00162921,0.197873,0.304541
3395,1,0.1,0,0,1,1,1,4.32448,0,0.00532648,0.00164459,0.258494,0.360938
3396,1,0.1,0,0,1,1,1,4.32448,0,-7.17537e-19,0.00162464,0.314452,0.135352
3397,1,0.1,0,0,1,1,1,4.32448,0,0.00532648,0.00161275,0.254291,0.214307
3398,1,0.1,0,0,1,1,1,4.32448,0,0.00319589,0.00159081,0.274833,0.259424
3399,1,0.1,0,0,1,1,1,4.32439,0,0.0149142,0.00158116,0.144572,0.225586
3400,1,0.1,0,0,1,1,1,4.32448,0,-0.0010653,0.00156876,0.318683,0.169189
3401,1,0.1,0,0,1,1,1,4.32448,0,0.00745708,0.00156366,0.224375,0.214307
3402,1,0.1,0,0,1,1,1,4.32448,0,-0.0010653,0.00151799,0.312093,0.146631
3403,1,0.1,0,0,1,1,1,4.32439,0,-0.010653,0.00153058,0.41922,0.236865
3404,1,0.1,0,0,1,1,1,4.32439,0,0.00532648,0.0015178,0.241758,0.304541
3405,1,0.1,0,0,1,1,1,4.32439,0,-0.00852238,0.00154969,0.398305,0.406055
3406,1,0.1,0,0,1,1,1,4.32448,0,0.0159795,0.00152202,0.125133,0.135352
3407,1,0.1,0,0,1,1,1,4.32439,0.00698132,-0.00319589,0.00151479,0.335107,0.203027
3408,1,0.1,0,0,1,1,1,4.32439,0,-9.78459e-19,0.0015034,0.298449,0.15791
3409,1,0.1,0,0,1,1,1,4.32439,0,0.00852238,0.00148285,0.20199,0.135352
3410,1,0.1,0,0,1,1,1,4.32439,0,-0.0234365,0.00144365,0.548302,0.101514
3411,1,0.1,0,0,1,1,1,4.32448,0.0191986,-0.010653,0.0014897,0.413823,0.169189
3412,1,0.1,0,0,1,1,1,4.32448,0,0.00532648,0.00148431,0.237338,0.31582
3413,1,0.1,0,0,1,1,1,4.32439,0,0.00532648,0.00147478,0.23608,0.15791
3414,1,0.1,0,0,1,1,1,4.32439,0,-0.00745708,0.00150586,0.380801,0.225586
3415,1,0.1,0,0,1,1,1,4.32448,0,0.0245018,0.00145014,0.0218983,0.304541
3416,1,0.1,0,0,1,1,1,4.32439,0,-0.0010653,0.0014707,0.305851,0.31582
3417,1,0.1,0,0,1,1,1,4.32448,0,-0.0159795,0.00149683,0.473355,0.394775
3418,1,0.1,0,0,1,1,1,4.32448,0,0.0010653,0.00148149,0.283839,0.360938
3419,1,0.1,0,0,1,1,1,4.32448,0,0.0234365,0.00146332,0.035357,0.372217
3420,1,0.1,0,0,1,1,1,4.32448,0,6.52306e-19,0.0014457,0.290832,0.236865
3421,1,0.1,0,0,1,1,1,4.32448,0,0.00426119,0.00142514,0.241245,0.304541
3422,1,0.1,0,0,1,1,1,4.32439,0,0.00426119,0.00141025,0.23928,0.3271
3423,1,0.1,0,0,1,1,1,4.32448,0,-0.00213059,0.00141038,0.309607,0.3271
3424,1,0.1,0,0,1,1,1,4.32448,0,0.01811,0.00137219,0.0819187,0.180469
3425,1,0.1,0,0,1,1,1,4.32439,0,-0.00532648,0.00136501,0.338772,0.293262
3426,1,0.1,0,0,1,1,1,4.32439,0,-0.00426119,0.00138313,0.329446,0.3271
3427,1,0.1,0,0,1,1,1,4.32448,0,0.0127836,0.00136907,0.140098,0.406055
3428,1,0.1,0,0,1,1,1,4.32439,-0.00349066,-0.0202406,0.00133505,0.498874,0.270703
3429,1,0.1,0,0,1,1,1,4.32448,0.00349066,-0.00958767,0.00133821,0.382108,0.270703
3430,1,0.099998,-0.00117521,-0.465519,1,1,1,4.32439,-0.010472,-0.0117183,0.00131448,0.325167,0.3271
3431,1,0.0999845,-0.00460871,-0.903054,1,1,1,4.32439,0,1.89169e-18,0.00128489,0.0904782,0.191748
3432,1,0.0999484,-0.0101592,-1.31284,1,1,1,4.32439,-0.015708,0.00532648,0.00123551,-0.099412,0.236865
3433,1,0.0998796,-0.0176919,-1.69562,1,1,1,4.32439,-0.010472,-0.00426119,0.00118761,-0.14635,0.191748
3434,1,0.0997684,-0.0270712,-2.05187,1,1,1,4.32429,-0.00698132,-0.00213059,0.00104214,-0.356246,0.135352
3435,1,0.099606,-0.0381682,-2.38225,1,1,1,4.3241,-0.0488692,-0.0127836,0.000924245,-0.439737,-0.0338379
3436,1,0.0993841,-0.050851,-2.68722,1,1,1,4.32381,-0.0802851,-0.00213059,0.000751073,-0.782131,-0.124072
3437,1,0.0990951,-0.0649969,-2.96743,1,1,1,4.32228,-0.37001,-0.0255671,0.000526271,-0.773332,-0.575244
3438,1,0.0987319,-0.0804851,-3.22349,1,1,1,4.32161,-0.015708,-0.0308936,0.000272124,-0.981763,-0.879785
3439,1,0.0982882,-0.0971939,-3.45592,1,1,1,4.32151,-0.101229,-0.0767014,0.000113298,-0.743423,-0.766992
3440,1,0.0977581,-0.115007,-3.66531,1,1,1,4.32113,-0.0837758,-0.0948114,7.3748e-06,-0.812583,-0.755713
3441,1,0.0971365,-0.133809,-3.85222,1,1,1,4.32036,-0.137881,-0.121444,-9.74019e-05,-0.797213,-0.902344
3442,1,0.0964186,-0.153491,-4.01725,1,1,1,4.31979,-0.122173,-0.136358,-0.000142813,-0.909593,-0.879785
3443,1,0.0956002,-0.173948,-4.16099,1,1,1,4.31883,-0.178024,-0.159795,-0.000209592,-0.938812,-0.812109
3444,1,0.094678,-0.195068,-4.28396,1,1,1,4.31806,-0.216421,-0.192819,-0.000236793,-0.862316,-0.857227
3445,1,0.0936486,-0.216753,-4.38679,1,1,1,4.31701,-0.164061,-0.185362,-0.000323407,-1.24375,-0.981299
3446,1,0.0925096,-0.238904,-4.47003,1,1,1,4.31585,-0.296706,-0.226908,-0.000392014,-1.08755,-1.10537
3447,1,0.091259,-0.261421,-4.53425,1,1,1,4.31442,-0.237365,-0.265259,-0.000442719,-0.965671,-1.09409
3448,1,0.0898949,-0.284216,-4.58005,1,1,1,4.31327,-0.29147,-0.294022,-0.000469069,-0.946502,-1.12793
3449,1,0.0884165,-0.307192,-4.60799,1,1,1,4.31164,-0.274017,-0.299348,-0.000543256,-1.19196,-1.21816
3450,1,0.0868229,-0.330266,-4.61866,1,1,1,4.31029,-0.338594,-0.329177,-0.000636769,-1.17011,-1.19561
3451,1,0.0851138,-0.353351,-4.61261,1,1,1,4.30838,-0.331613,-0.344091,-0.000688303,-1.30392,-1.31968
3452,1,0.0832894,-0.376366,-4.59044,1,1,1,4.30675,-0.417134,-0.33983,-0.000787532,-1.65291,-1.38735
3453,1,0.0813505,-0.399229,-4.55272,1,1,1,4.30416,-0.415388,-0.409074,-0.000850602,-1.18429,-1.26328
3454,1,0.0792976,-0.421867,-4.50002,1,1,1,4.30282,-0.361283,-0.423988,-0.00084218,-1.29707,-1.19561
3455,1,0.0771323,-0.444205,-4.43292,1,1,1,4.30032,-0.481711,-0.442098,-0.000844193,-1.37072,-1.19561
3456,1,0.0748563,-0.466172,-4.352,1,1,1,4.29841,-0.497419,-0.458078,-0.000891613,-1.46825,-1.43247
3457,1,0.0724711,-0.487705,-4.25782,1,1,1,4.29534,-0.45204,-0.471927,-0.000709815,-1.5515,-1.39863
3458,1,0.0699802,-0.508729,-4.15099,1,1,1,4.29361,-0.453786,-0.532648,-0.00092668,-1.1628,-1.33096
3459,1,0.0673851,-0.529192,-4.03205,1,1,1,4.29035,-0.549779,-0.527322,-0.000634522,-1.42419,-1.31968
3460,1,0.0646891,-0.549032,-3.90158,1,1,1,4.28796,-0.589921,-0.57313,-0.000608883,-1.14966,-1.39863
3461,1,0.0618958,-0.56819,-3.76018,1,1,1,4.28489,-0.492183,-0.592305,-0.000463175,-1.13876,-1.3084
3462,1,0.0590085,-0.586615,-3.60841,1,1,1,4.28249,-0.657989,-0.579522,-0.000399244,-1.48077,-1.13921
3463,1,0.0560311,-0.604257,-3.44685,1,1,1,4.27846,-0.621337,-0.640243,-0.000353465,-1.00687,-1.51143
3464,1,0.052967,-0.62107,-3.27605,1,1,1,4.27607,-0.602139,-0.651962,-0.000210785,-1.04446,-1.15049
3465,1,0.0498218,-0.637004,-3.09665,1,1,1,4.27214,-0.657989,-0.659419,-9.06683e-05,-1.12014,-1.06025
3466,1,0.0465984,-0.652024,-2.90914,1,1,1,4.26945,-0.68766,-0.653027,6.22805e-05,-1.33051,-1.07153
3467,1,0.0433028,-0.666084,-2.71417,1,1,1,4.26514,-0.750492,-0.705227,0.000167045,-0.890936,-1.18433
3468,1,0.0399396,-0.679152,-2.5123,1,1,1,4.26264,-0.568977,-0.711618,0.000306079,-0.935783,-1.09409
3469,1,0.036513,-0.691197,-2.30406,1,1,1,4.25823,-0.767945,-0.709488,0.000409466,-1.06612,-0.879785
3470,1,0.0330296,-0.702183,-2.09011,1,1,1,4.25536,-0.675442,-0.720141,0.000524677,-1.0401,-0.902344
3471,1,0.0294936,-0.712087,-1.87095,1,1,1,4.25076,-0.827286,-0.712684,0.000604381,-1.20386,-1.02642
3472,1,0.0259107,-0.720884,-1.64718,1,1,1,4.24807,-0.612611,-0.743577,0.000695609,-0.929697,-1.07153
3473,1,0.0222861,-0.728553,-1.41934,1,1,1,4.24337,-0.829031,-0.724402,0.000726538,-1.1999,-0.97002
3474,1,0.0186263,-0.735073,-1.18806,1,1,1,4.2404,-0.682424,-0.742512,0.000795399,-1.04017,-1.13921
3475,1,0.0149374,-0.740429,-0.953937,1,1,1,4.2359,-0.801106,-0.765949,0.000912076,-0.799262,-0.902344
3476,1,0.0112244,-0.744608,-0.717497,1,1,1,4.23312,-0.656244,-0.782993,0.00104604,-0.61068,-0.902344
3477,1,0.00749357,-0.747601,-0.479332,1,1,1,4.22851,-0.823795,-0.762753,0.00118729,-0.816256,-0.721875
3478,1,0.00375006,-0.7494,-0.239972,1,1,1,4.22535,-0.733038,-0.775536,0.00126798,-0.65554,-0.879785
3479,1,1.04025e-06,-0.75,-6.6576e-05,1,1,1,4.22094,-0.74351,-0.780863,0.00137507,-0.558135,-0.699316
3480,1,-0.00374792,-0.7494,0.239835,1,1,1,4.21797,-0.736529,-0.769144,0.00145922,-0.63623,-0.688037
3481,1,-0.00749059,-0.747603,0.479141,1,1,1,4.21327,-0.79587,-0.758491,0.0015387,-0.688308,-0.688037
3482,1,-0.0112218,-0.744611,0.717333,1,1,1,4.21039,-0.684169,-0.748904,0.0015791,-0.718909,-0.721875
3483,1,-0.0149347,-0.740433,0.953767,1,1,1,4.20579,-0.797615,-0.768079,0.00166788,-0.412096,-0.541406
3484,1,-0.0186242,-0.735077,1.18793,1,1,1,4.20292,-0.694641,-0.751034,0.00174696,-0.490488,-0.507568
3485,1,-0.0222837,-0.728558,1.41919,1,1,1,4.19812,-0.813323,-0.731859,0.00175791,-0.587035,-0.47373
3486,1,-0.0259078,-0.720891,1.64699,1,1,1,4.19534,-0.647517,-0.737185,0.00185159,-0.389134,-0.575244
3487,1,-0.0294906,-0.712095,1.87076,1,1,1,4.19103,-0.774926,-0.748904,0.00197565,-0.103275,-0.180469
3488,1,-0.033027,-0.702191,2.08995,1,1,1,4.18806,-0.657989,-0.725467,0.00208513,-0.192772,-0.372217
3489,1,-0.036511,-0.691203,2.30394,1,1,1,4.18403,-0.684169,-0.698835,0.00218671,-0.305535,-0.146631
3490,1,-0.0399369,-0.679162,2.51214,1,1,1,4.18125,-0.69115,-0.690312,0.00219888,-0.218396,-0.394775
3491,1,-0.0433007,-0.666093,2.71404,1,1,1,4.17732,-0.617847,-0.680725,0.0023172,-0.116878,-0.146631
3492,1,-0.0465966,-0.652031,2.90903,1,1,1,4.17502,-0.596903,-0.671137,0.00238796,-0.0101081,-0.236865
3493,1,-0.0498198,-0.637014,3.09653,1,1,1,4.17137,-0.558505,-0.644505,0.00245745,-0.0799486,-0.191748
3494,1,-0.0529651,-0.62108,3.27594,1,1,1,4.16917,-0.542797,-0.651962,0.00252701,0.235647,-0.191748
3495,1,-0.0560288,-0.60427,3.44673,1,1,1,4.16581,-0.584685,-0.614676,0.00257658,0.0662583,-0.146631
3496,1,-0.0590064,-0.586629,3.6083,1,1,1,4.16322,-0.657989,-0.588044,0.0026025,0.0201438,-0.0902344
3497,1,-0.0618935,-0.568205,3.76006,1,1,1,4.15977,-0.521853,-0.584848,0.00263153,0.240808,-0.0451172
3498,1,-0.0646874,-0.549044,3.9015,1,1,1,4.15795,-0.466003,-0.560346,0.00267653,0.237091,0
3499,1,-0.067383,-0.529207,4.03196,1,1,1,4.1546,-0.558505,-0.515604,0.00265998,0.00959971,0.0563965
3500,1,-0.069978,-0.508746,4.1509,1,1,1,4.15258,-0.462512,-0.485775,0.00260497,-0.0525821,0.101514
3501,1,-0.0724693,-0.48772,4.25775,1,1,1,4.1498,-0.511381,-0.4666,0.00254556,0.00732256,0.146631
3502,1,-0.0748543,-0.466191,4.35193,1,1,1,4.1476,-0.532325,-0.439968,0.00243063,-0.0175664,0.146631
3503,1,-0.0771308,-0.44422,4.43287,1,1,1,4.14501,-0.37001,-0.428249,0.00237381,0.133206,0.146631
3504,1,-0.079296,-0.421885,4.49997,1,1,1,4.14367,-0.342085,-0.429315,0.00232034,0.42768,0.146631
3505,1,-0.081349,-0.399245,4.55269,1,1,1,4.14108,-0.467748,-0.364332,0.00224117,-0.0059208,0.135352
3506,1,-0.0832881,-0.376382,4.59042,1,1,1,4.13945,-0.366519,-0.365397,0.0021695,0.28889,0.191748
3507,1,-0.0851125,-0.353368,4.6126,1,1,1,4.13753,-0.296706,-0.356874,0.00211343,0.480081,0.0902344
3508,1,-0.0868217,-0.330282,4.61866,1,1,1,4.13638,-0.287979,-0.322785,0.00201719,0.38347,0.191748
3509,1,-0.0884155,-0.307208,4.60801,1,1,1,4.13456,-0.287979,-0.307871,0.00193977,0.497914,0.248145
3510,1,-0.089894,-0.28423,4.58008,1,1,1,4.1336,-0.225147,-0.2855,0.00187388,0.528298,0.259424
3511,1,-0.0912581,-0.261437,4.53429,1,1,1,4.13216,-0.230383,-0.229039,0.00176941,0.173854,0.248145
3512,1,-0.0925087,-0.23892,4.47008,1,1,1,4.13111,-0.253073,-0.209863,0.00158994,0.212572,0.124072
3513,1,-0.0936478,-0.216769,4.38685,1,1,1,4.13005,-0.101229,-0.183231,0.00141649,0.162789,0.146631
3514,1,-0.0946773,-0.195081,4.28403,1,1,1,4.12957,-0.148353,-0.149142,0.00123148,0.0204233,0.191748
3515,1,-0.0955997,-0.17396,4.16106,1,1,1,4.12861,-0.132645,-0.122509,0.000990325,-0.0583731,0.0902344
3516,1,-0.096418,-0.153508,4.01738,1,1,1,4.12823,-0.0977384,-0.103334,0.000738691,-0.0682767,0.0112793
3517,1,-0.097136,-0.133822,3.85234,1,1,1,4.12765,-0.0645772,-0.0724402,0.000436827,-0.227439,0
3518,1,-0.0977577,-0.115019,3.66544,1,1,1,4.12746,-0.0610865,-0.0458078,7.70364e-05,-0.362989,0.0225586
3519,1,-0.0982879,-0.0972049,3.45606,1,1,1,4.12718,-0.0436332,-0.01811,-0.000309054,-0.53045,-0.180469
3520,1,-0.0987316,-0.0804964,3.22366,1,1,1,4.12708,-0.0174533,0.00426119,-0.000724849,-0.661015,-0.169189
3521,1,-0.0990948,-0.0650098,2.96767,1,1,1,4.12679,-0.0645772,0.0213059,-0.00109156,-0.74495,-0.293262
3522,1,-0.0993839,-0.0508605,2.68742,1,1,1,4.12641,-0.146608,0.0213059,-0.00147231,-0.664115,-0.575244
3523,1,-0.0996059,-0.0381759,2.38245,1,1,1,4.12535,-0.0925025,0.00958767,-0.00182986,-0.47311,-0.733154
3524,1,-0.0997683,-0.0270788,2.05213,1,1,1,4.12555,0.102974,0.0117183,-0.00205411,-0.437643,-0.609082
3525,1,-0.0998795,-0.017698,1.69589,1,1,1,4.12574,0.00349066,0.010653,-0.00218089,-0.377368,-0.372217
3526,1,-0.0999484,-0.0101637,1.31311,1,1,1,4.12593,0.0314159,-0.00852238,-0.00229821,-0.143566,-0.214307
3527,1,-0.0999845,-0.00461161,0.903326,1,1,1,4.12593,0,0.0117183,-0.00238487,-0.366942,-0.394775
3528,1,-0.099998,-0.00117692,0.465851,1,1,1,4.12593,0.00872665,0.00958767,-0.00248593,-0.377358,-0.338379
3529,1,-0.1,-1.01898e-10,0.000139871,1,1,1,4.12583,0.00349066,0.0191753,-0.00257987,-0.547748,-0.406055
3530,1,-0.1,-0,-0,1,1,1,4.12583,-0.020944,-0.00319589,-0.00261666,-0.31105,-0.563965
3531,1,-0.1,-0,-0,1,1,1,4.12593,0.0296706,-0.00319589,-0.00268049,-0.32382,-0.406055
3532,1,-0.1,-0,-0,1,1,1,4.12593,-0.0366519,0.010653,-0.00267113,-0.477908,-0.360938
3533,1,-0.1,-0,-0,1,1,1,4.12593,0,0.00213059,-0.00264546,-0.383837,-0.417334
3534,1,-0.1,-0,-0,1,1,1,4.12593,0,-0.00532648,-0.00264478,-0.304875,-0.462451
3535,1,-0.1,-0,-0,1,1,1,4.12593,0,-0.00532648,-0.00264954,-0.308595,-0.225586
3536,1,-0.1,-0,-0,1,1,1,4.12593,-0.0244346,-1.95692e-19,-0.0026429,-0.369299,-0.3271
3537,1,-0.1,-0,-0,1,1,1,4.12602,0.015708,-0.00532648,-0.00266047,-0.316459,-0.360938
3538,1,-0.1,-0,-0,1,1,1,4.12593,-0.0244346,-0.0170448,-0.00266058,-0.190892,-0.248145
3539,1,-0.1,-0,-0,1,1,1,4.12602,0.0296706,0.0213059,-0.00261779,-0.609093,-0.349658
3540,1,-0.1,-0,-0,1,1,1,4.12612,0,-0.0191753,-0.00261685,-0.167603,-0.451172
3541,1,-0.1,-0,-0,1,1,1,4.12602,0.0453786,-0.0127836,-0.00260264,-0.238554,-0.417334
3542,1,-0.1,-0,-0,1,1,1,4.12602,-0.020944,0.0117183,-0.00262584,-0.514438,-0.349658
3543,1,-0.1,-0,-0,1,1,1,4.12602,-0.00349066,0.010653,-0.002646,-0.509161,-0.394775
3544,1,-0.1,-0,-0,1,1,1,4.12602,0,-0.00639178,-0.00261817,-0.320912,-0.3271
3545,1,-0.1,-0,-0,1,1,1,4.12602,0,0.010653,-0.00262097,-0.511704,-0.439893
3546,1,-0.1,-0,-0,1,1,1,4.12602,0,-7.17537e-19,-0.00264402,-0.401378,-0.439893
3547,1,-0.1,-0,-0,1,1,1,4.12602,0,-5.87076e-19,-0.00257179,-0.393597,-0.360938
3548,1,-0.1,-0,-0,1,1,1,4.12612,0.0174533,0.00532648,-0.00260683,-0.46028,-0.439893
3549,1,-0.1,-0,-0,1,1,1,4.12593,0,-0.0159795,-0.00260844,-0.229404,-0.31582
3550,1,-0.1,-0,-0,1,1,1,4.12612,0.0383972,0.00852238,-0.00263504,-0.505698,-0.360938
3551,1,-0.1,-0,-0,1,1,1,4.12593,-0.0191986,0,-0.00265611,-0.418583,-0.507568
3552,1,-0.1,-0,-0,1,1,1,4.12593,0,0.0308936,-0.00268299,-0.765121,-0.462451
3553,1,-0.1,-0,-0,1,1,1,4.12583,-0.0575959,0.0010653,-0.0027336,-0.448509,-0.609082
3554,1,-0.1,-0,-0,1,1,1,4.12583,0.010472,-0.010653,-0.00275724,-0.32656,-0.541406
3555,1,-0.1,-0,-0,1,1,1,4.12593,0.00872665,-0.0202406,-0.00269649,-0.215411,-0.439893
3556,1,-0.1,-0,-0,1,1,1,4.12593,0,-0.00745708,-0.00269953,-0.359324,-0.417334
3557,1,-0.1,-0,-0,1,1,1,4.12593,0,-0.0117183,-0.00271511,-0.318138,-0.518848
3558,1,-0.1,-0,-0,1,1,1,4.12593,-0.00872665,0.0159795,-0.00275037,-0.630869,-0.417334
3559,1,-0.1,-0,-0,1,1,1,4.12583,-0.0244346,0.01811,-0.0027914,-0.66404,-0.507568
3560,1,-0.1,-0,-0,1,1,1,4.12593,0,-0.00639178,-0.00278196,-0.396599,-0.586523
3561,1,-0.1,-0,-0,1,1,1,4.12602,0,-1.23938e-18,-0.002764,-0.464848,-0.496289
3562,1,-0.1,-0,-0,1,1,1,4.12593,0,-0.00745708,-0.00275592,-0.381753,-0.417334
3563,1,-0.1,-0,-0,1,1,1,4.12593,0,0.00213059,-0.0027728,-0.489446,-0.462451
3564,1,-0.1,-0,-0,1,1,1,4.12593,0,-0.00213059,-0.00277507,-0.442872,-0.507568
3565,1,-0.1,-0,-0,1,1,1,4.12593,0,-0.00426119,-0.00275818,-0.417206,-0.530127
3566,1,-0.1,-0,-0,1,1,1,4.12593,0.00698132,0.00319589,-0.00276996,-0.500789,-0.406055
3567,1,-0.1,-0,-0,1,1,1,4.12593,-0.00872665,0.028763,-0.00278002,-0.783356,-0.451172
3568,1,-0.1,-0,-0,1,1,1,4.12593,0,-0.00639178,-0.00277401,-0.395859,-0.518848
3569,1,-0.1,-0,-0,1,1,1,4.12593,0.00698132,-0.00958767,-0.00282216,-0.367061,-0.575244
3570,1,-0.1,-0,-0,1,1,1,4.12583,-0.0261799,-0.00745708,-0.00278947,-0.386183,-0.439893
3571,1,-0.1,-0,-0,1,1,1,4.12593,0,-0.00958767,-0.00276989,-0.360161,-0.417334
3572,1,-0.1,-0,-0,1,1,1,4.12593,0,-0.0010653,-0.00275392,-0.451799,-0.406055
3573,1,-0.1,-0,-0,1,1,1,4.12593,-0.00872665,0.010653,-0.00275539,-0.580894,-0.451172
3574,1,-0.1,-0,-0,1,1,1,4.12593,0,0.00532648,-0.00276239,-0.523227,-0.563965
3575,1,-0.1,-0,-0,1,1,1,4.12593,0.00698132,-0.00639178,-0.00276634,-0.394847,-0.394775
3576,1,-0.1,-0,-0,1,1,1,4.12593,-0.0279253,-0.00319589,-0.00281039,-0.435816,-0.360938
3577,1,-0.1,-0,-0,1,1,1,4.12593,0,0.0170448,-0.00283354,-0.66152,-0.609082
3578,1,-0.1,-0,-0,1,1,1,4.12583,-0.015708,0.00745708,-0.00281236,-0.55326,-0.563965
3579,1,-0.1,-0,-0,1,1,1,4.12593,0,-0.00852238,-0.00283748,-0.380801,-0.530127
3580,1,-0.1,-0,-0,1,1,1,4.12583,0,-0.00319589,-0.00283741,-0.439383,-0.48501
3581,1,-0.1,-0,-0,1,1,1,4.12593,0,5.87076e-19,-0.002839,-0.474749,-0.541406
3582,1,-0.1,-0,-0,1,1,1,4.12583,-0.00174533,-0.00426119,-0.0028535,-0.429789,-0.394775
3583,1,-0.1,-0,-0,1,1,1,4.12593,0.00698132,0.010653,-0.00285475,-0.59401,-0.31582
3584,1,-0.1,-0,-0,1,1,1,4.12593,0,0.00532648,-0.00285982,-0.536088,-0.360938
3585,1,-0.1,-0,-0,1,1,1,4.12593,0,0.00852238,-0.00287159,-0.572796,-0.417334
3586,1,-0.1,-0,-0,1,1,1,4.12593,-0.0122173,-0.00426119,-0.00287251,-0.432298,-0.64292
3587,1,-0.1,-0,-0,1,1,1,4.12593,0.020944,0.0127836,-0.00290332,-0.623858,-0.451172
3588,1,-0.1,-0,-0,1,1,1,4.12593,-0.00698132,0.0127836,-0.00291774,-0.625761,-0.439893
3589,1,-0.1,-0,-0,1,1,1,4.12583,-0.0261799,-0.00852238,-0.00286285,-0.38415,-0.394775
3590,1,-0.1,-0,-0,1,1,1,4.12602,0.0349066,-0.010653,-0.0029015,-0.365815,-0.48501
3591,1,-0.1,-0,-0,1,1,1,4.12593,0,0.00319589,-0.0029439,-0.52375,-0.462451
3592,1,-0.1,-0,-0,1,1,1,4.12583,-0.0226893,0.010653,-0.00296898,-0.609087,-0.496289
3593,1,-0.1,-0,-0,1,1,1,4.12583,0,-0.00852238,-0.00297611,-0.3991,-0.417334
3594,1,-0.1,-0,-0,1,1,1,4.12583,-0.00698132,-0.00319589,-0.00298755,-0.459202,-0.417334
3595,1,-0.1,-0,-0,1,1,1,4.12583,0,0.0149142,-0.00299911,-0.659939,-0.451172
3596,1,-0.1,-0,-0,1,1,1,4.12583,0,0.0245018,-0.00303995,-0.770794,-0.394775
3597,1,-0.1,-0,-0,1,1,1,4.12574,-0.015708,0.00213059,-0.00305003,-0.52604,-0.439893
3598,1,-0.1,-0,-0,1,1,1,4.12583,0.0139626,-0.00852238,-0.00304051,-0.407602,-0.439893
3599,1,-0.1,-0,-0,1,1,1,4.12583,0.015708,0.00639178,-0.0030255,-0.569675,-0.3271
3600,1,-0.1,-0,-0,1,1,1,4.12583,0,0.01811,-0.00308718,-0.706718,-0.575244
3601,1,-0.1,-0,-0,1,1,1,4.12583,-0.00349066,-3.91384e-19,-0.00308764,-0.507569,-0.609082
3602,1,-0.1,-0,-0,1,1,1,4.12583,0,0.0149142,-0.00313543,-0.677933,-0.631641
3603,1,-0.1,-0,-0,1,1,1,4.12583,0,0.0138489,-0.00315164,-0.668354,-0.383496
3604,1,-0.1,-0,-0,1,1,1,4.12583,0,0.0149142,-0.00310705,-0.674186,-0.462451
3605,1,-0.1,-0,-0,1,1,1,4.12583,-0.0488692,0.00532648,-0.00314093,-0.573194,-0.541406
3606,1,-0.1,-0,-0,1,1,1,4.12574,-0.00523599,-1.95692e-19,-0.00313291,-0.513544,-0.631641
3607,1,-0.1,-0,-0,1,1,1,4.12583,0,0.0138489,-0.00317901,-0.671967,-0.552686
3608,1,-0.1,-0,-0,1,1,1,4.12574,-0.015708,0.0149142,-0.00318166,-0.684035,-0.552686
3609,1,-0.1,-0,-0,1,1,1,4.12574,-0.00872665,0.00852238,-0.00322135,-0.618964,-0.620361
3610,1,-0.1,-0,-0,1,1,1,4.12574,0,0.00319589,-0.00323722,-0.562468,-0.665479
3611,1,-0.1,-0,-0,1,1,1,4.12583,0,0.0010653,-0.00320735,-0.535088,-0.530127
3612,1,-0.1,-0,-0,1,1,1,4.12583,0,0.00532648,-0.00324566,-0.587018,-0.676758
3613,1,-0.1,-0,-0,1,1,1,4.12574,0.00349066,0.010653,-0.00323419,-0.644095,-0.530127
3614,1,-0.1,-0,-0,1,1,1,4.12583,0,0.00745708,-0.00325855,-0.612157,-0.541406
3615,1,-0.1,-0,-0,1,1,1,4.12583,0,0.00426119,-0.0032726,-0.578856,-0.530127
3616,1,-0.1,-0,-0,1,1,1,4.12583,-0.00174533,-0.0191753,-0.00325165,-0.318288,-0.665479
3617,1,-0.1,-0,-0,1,1,1,4.12583,0.0366519,-0.0191753,-0.00329118,-0.323507,-0.620361
3618,1,-0.1,-0,-0,1,1,1,4.12574,-0.0453786,0.0223712,-0.00329412,-0.780908,-0.597803
3619,1,-0.1,-0,-0,1,1,1,4.12574,-0.0383972,0.00958767,-0.00329493,-0.640395,-0.597803
3620,1,-0.1,-0,-0,1,1,1,4.12583,0.0331613,0.00319589,-0.00325576,-0.564915,-0.541406
3621,1,-0.1,-0,-0,1,1,1,4.12583,-0.0279253,0.00852238,-0.00324244,-0.621748,-0.530127
3622,1,-0.1,-0,-0,1,1,1,4.12583,0.0453786,0.00426119,-0.00323982,-0.57453,-0.631641
3623,1,-0.1,-0,-0,1,1,1,4.12583,0,0.00852238,-0.00328496,-0.627361,-0.631641
3624,1,-0.1,-0,-0,1,1,1,4.12574,0,-0.00639178,-0.0033262,-0.468749,-0.64292
3625,1,-0.1,-0,-0,1,1,1,4.12574,0.0279253,-0.00426119,-0.00332318,-0.491786,-0.620361
3626,1,-0.1,-0,-0,1,1,1,4.12583,0.0139626,-0.010653,-0.00334334,-0.424138,-0.530127
3627,1,-0.1,-0,-0,1,1,1,4.12583,0,-0.00532648,-0.00337602,-0.487043,-0.699316
3628,1,-0.1,-0,-0,1,1,1,4.12564,-0.0174533,0.01811,-0.00339206,-0.746962,-0.620361
3629,1,-0.1,-0,-0,1,1,1,4.12574,-0.0174533,0.00852238,-0.00341979,-0.645159,-0.552686
3630,1,-0.1,-0,-0,1,1,1,4.12574,0,-0.00745708,-0.00342158,-0.469621,-0.575244
3631,1,-0.1,-0,-0,1,1,1,4.12574,0.0139626,-0.00852238,-0.00339841,-0.454844,-0.507568
3632,1,-0.1,-0,-0,1,1,1,4.12574,-0.0244346,-0.0255671,-0.00341166,-0.2691,-0.64292
3633,1,-0.1,-0,-0,1,1,1,4.12583,0.0279253,-0.01811,-0.00341245,-0.351233,-0.665479
3634,1,-0.1,-0,-0,1,1,1,4.12574,-0.0122173,0.0127836,-0.00344701,-0.695624,-0.530127
3635,1,-0.1,-0,-0,1,1,1,4.12574,-0.00174533,0.0127836,-0.00348012,-0.699996,-0.563965
3636,1,-0.1,-0,-0,1,1,1,4.12574,0,-0.00745708,-0.00346966,-0.475968,-0.575244
3637,1,-0.1,-0,-0,1,1,1,4.12574,0,0.00852238,-0.00351525,-0.657759,-0.688037
3638,1,-0.1,-0,-0,1,1,1,4.12574,0,0.01811,-0.00353654,-0.766033,-0.620361
3639,1,-0.1,-0,-0,1,1,1,4.12574,-0.0296706,0.0138489,-0.0035301,-0.718311,-0.665479
3640,1,-0.1,-0,-0,1,1,1,4.12583,0.0314159,-6.52306e-19,-0.0035534,-0.569049,-0.563965
3641,1,-0.1,-0,-0,1,1,1,4.12574,0,0.0127836,-0.00355363,-0.709699,-0.620361
3642,1,-0.1,-0,-0,1,1,1,4.12574,0,-0.0202406,-0.00353543,-0.344029,-0.631641
3643,1,-0.1,-0,-0,1,1,1,4.12574,0.0244346,0.01811,-0.00356198,-0.769392,-0.654199
3644,1,-0.1,-0,-0,1,1,1,4.12574,-0.0174533,-0.00213059,-0.00359122,-0.550604,-0.665479
3645,1,-0.1,-0,-0,1,1,1,4.12574,0.0122173,0.00426119,-0.0035875,-0.620424,-0.530127
3646,1,-0.1,-0,-0,1,1,1,4.12574,-0.00174533,-0.0202406,-0.00358368,-0.350399,-0.620361
3647,1,-0.1,-0,-0,1,1,1,4.12583,0.0226893,-0.0117183,-0.00355246,-0.440024,-0.507568
3648,1,-0.1,-0,-0,1,1,1,4.12583,-0.0244346,0.00958767,-0.00359529,-0.680043,-0.676758
3649,1,-0.1,-0,-0,1,1,1,4.12574,0.020944,-0.00852238,-0.00357205,-0.477765,-0.552686
3650,1,-0.1,-0,-0,1,1,1,4.12574,0,0.00213059,-0.00355382,-0.592541,-0.597803
3651,1,-0.1,-0,-0,1,1,1,4.12574,0,-0.01811,-0.00356391,-0.371225,-0.451172
3652,1,-0.1,-0,-0,1,1,1,4.12574,0,0.00213059,-0.00357297,-0.595068,-0.541406
3653,1,-0.1,-0,-0,1,1,1,4.12574,0,0.0138489,-0.0035836,-0.725372,-0.47373
3654,1,-0.1,-0,-0,1,1,1,4.12574,0,-0.0127836,-0.00356309,-0.429708,-0.372217
3655,1,-0.1,-0,-0,1,1,1,4.12574,0,0.00319589,-0.00357549,-0.60712,-0.609082
3656,1,-0.1,-0,-0,1,1,1,4.12574,0.020944,0.0255671,-0.0036082,-0.85752,-0.48501
3657,1,-0.1,-0,-0,1,1,1,4.12564,-0.0453786,-0.010653,-0.00362246,-0.460983,-0.733154
3658,1,-0.1,-0,-0,1,1,1,4.12574,0.0453786,0.00213059,-0.0036493,-0.605145,-0.834668
3659,1,-0.1,-0,-0,1,1,1,4.12564,0.00698132,-0.00958767,-0.00362932,-0.473606,-0.541406
3660,1,-0.1,-0,-0,1,1,1,4.12574,0,0.0170448,-0.0036421,-0.768249,-0.620361
3661,1,-0.1,-0,-0,1,1,1,4.12564,-0.0139626,-0.010653,-0.00365154,-0.464821,-0.451172
3662,1,-0.1,-0,-0,1,1,1,4.12564,0,-0.00958767,-0.00366591,-0.478436,-0.462451
3663,1,-0.1,-0,-0,1,1,1,4.12564,0.00174533,0.00426119,-0.00365372,-0.629165,-0.563965
3664,1,-0.1,-0,-0,1,1,1,4.12564,0,0.00852238,-0.00369316,-0.681243,-0.575244
3665,1,-0.1,-0,-0,1,1,1,4.12564,0,-0.0191753,-0.00370665,-0.378349,-0.721875
3666,1,-0.1,-0,-0,1,1,1,4.12564,-0.0174533,-0.00745708,-0.00369557,-0.505787,-0.575244
3667,1,-0.1,-0,-0,1,1,1,4.12574,0.00349066,0.0010653,-0.00367434,-0.596731,-0.518848
3668,1,-0.1,-0,-0,1,1,1,4.12574,0,-0.00532648,-0.00370334,-0.530249,-0.665479
3669,1,-0.1,-0,-0,1,1,1,4.12574,0,0.00639178,-0.00371624,-0.660853,-0.597803
3670,1,-0.1,-0,-0,1,1,1,4.12564,-0.0279253,0.00639178,-0.00372221,-0.661641,-0.64292
3671,1,-0.1,-0,-0,1,1,1,4.12564,0,0.0138489,-0.00372093,-0.7435,-0.541406
3672,1,-0.1,-0,-0,1,1,1,4.12564,0,0.0159795,-0.00374542,-0.770169,-0.575244
3673,1,-0.1,-0,-0,1,1,1,4.12564,0,-0.0117183,-0.00376463,-0.46803,-0.665479
3674,1,-0.1,-0,-0,1,1,1,4.12564,0,0.0010653,-0.00377127,-0.609526,-0.721875
3675,1,-0.1,-0,-0,1,1,1,4.12564,0.00523599,0.00745708,-0.00378541,-0.681702,-0.507568
3676,1,-0.1,-0,-0,1,1,1,4.12564,-0.0226893,-0.0138489,-0.00377431,-0.445871,-0.586523
3677,1,-0.1,-0,-0,1,1,1,4.12564,0.0122173,0.0149142,-0.00376274,-0.760738,-0.64292
3678,1,-0.1,-0,-0,1,1,1,4.12564,0,0.00745708,-0.00377878,-0.680827,-0.710596
3679,1,-0.1,-0,-0,1,1,1,4.12564,0,-0.0010653,-0.00375288,-0.583662,-0.496289
3680,1,-0.1,-0,-0,1,1,1,4.12574,0,0.00319589,-0.00377226,-0.633093,-0.597803
3681,1,-0.1,-0,-0,1,1,1,4.12564,0,0.0138489,-0.00377469,-0.750597,-0.676758
3682,1,-0.1,-0,-0,1,1,1,4.12564,0,-0.00958767,-0.00377032,-0.492218,-0.721875
3683,1,-0.1,-0,-0,1,1,1,4.12574,0.00698132,0.00319589,-0.00374976,-0.630123,-0.676758
3684,1,-0.1,-0,-0,1,1,1,4.12564,-0.00872665,-0.00213059,-0.00373373,-0.569416,-0.721875
3685,1,-0.1,-0,-0,1,1,1,4.12564,0,0.00958767,-0.00371337,-0.695629,-0.462451
3686,1,-0.1,-0,-0,1,1,1,4.12574,-0.015708,0.00532648,-0.00373058,-0.651028,-0.64292
3687,1,-0.1,-0,-0,1,1,1,4.12564,0,-0.00958767,-0.00373506,-0.487563,-0.688037
3688,1,-0.1,-0,-0,1,1,1,4.12564,0,-0.0127836,-0.00373438,-0.452319,-0.665479
3689,1,-0.1,-0,-0,1,1,1,4.12574,0.0244346,0.00745708,-0.003738,-0.675444,-0.530127
3690,1,-0.1,-0,-0,1,1,1,4.12564,-0.0366519,-0.00319589,-0.00373715,-0.558149,-0.766992
3691,1,-0.1,-0,-0,1,1,1,4.12574,0.00523599,0.00639178,-0.00375468,-0.665927,-0.654199
3692,1,-0.1,-0,-0,1,1,1,4.12564,-0.00174533,0.00852238,-0.00376447,-0.690656,-0.439893
3693,1,-0.1,-0,-0,1,1,1,4.12564,-0.00872665,-0.00745708,-0.00377643,-0.516461,-0.507568
3694,1,-0.1,-0,-0,1,1,1,4.12564,0,0.00426119,-0.00375767,-0.642886,-0.507568
3695,1,-0.1,-0,-0,1,1,1,4.12564,0,0.00213059,-0.00375183,-0.618678,-0.654199
3696,1,-0.1,-0,-0,1,1,1,4.12564,0,-0.00319589,-0.00374184,-0.558768,-0.710596
3697,1,-0.1,-0,-0,1,1,1,4.12564,0,-0.00532648,-0.00373072,-0.533864,-0.631641
3698,1,-0.1,-0,-0,1,1,1,4.12574,0.0174533,0.00745708,-0.00376789,-0.679389,-0.699316
3699,1,-0.1,-0,-0,1,1,1,4.12564,0,0.0010653,-0.00377478,-0.609989,-0.575244
3700,1,-0.1,-0,-0,1,1,1,4.12574,0.00872665,-0.00319589,-0.0037723,-0.562788,-0.496289
3701,1,-0.1,-0,-0,1,1,1,4.12564,0,-0.00426119,-0.00379891,-0.554584,-0.744434
3702,1,-0.1,-0,-0,1,1,1,4.12564,0.0226893,-0.0010653,-0.00380656,-0.590748,-0.563965
3703,1,-0.1,-0,-0,1,1,1,4.12564,0,-0.0010653,-0.00383684,-0.594745,-0.823389
3704,1,-0.1,-0,-0,1,1,1,4.12564,0,-0.0127836,-0.00385732,-0.468547,-0.778271
3705,1,-0.1,-0,-0,1,1,1,4.12564,0.0261799,-0.0010653,-0.00385996,-0.597797,-0.586523
3706,1,-0.1,-0,-0,1,1,1,4.12564,0,0.0117183,-0.00386841,-0.739532,-0.530127
3707,1,-0.1,-0,-0,1,1,1,4.12564,-0.00698132,-0.0159795,-0.00384793,-0.432153,-0.541406
3708,1,-0.1,-0,-0,1,1,1,4.12564,0,0.0138489,-0.00389734,-0.766786,-0.710596
3709,1,-0.1,-0,-0,1,1,1,4.12564,0,0.00319589,-0.00389634,-0.649472,-0.597803
3710,1,-0.1,-0,-0,1,1,1,4.12564,0,0.0245018,-0.00394433,-0.890171,-0.609082
3711,1,-0.1,-0,-0,1,1,1,4.12564,0,0.00639178,-0.00392489,-0.688395,-0.586523
3712,1,-0.1,-0,-0,1,1,1,4.12564,0,0.00213059,-0.00393831,-0.643294,-0.812109
3713,1,-0.1,-0,-0,1,1,1,4.12564,0,-0.00639178,-0.00394261,-0.550115,-0.609082
3714,1,-0.1,-0,-0,1,1,1,4.12564,0,0.010653,-0.00394586,-0.738036,-0.620361
3715,1,-0.1,-0,-0,1,1,1,4.12564,-0.0139626,0.00958767,-0.00396103,-0.728321,-0.676758
3716,1,-0.1,-0,-0,1,1,1,4.12564,0.0296706,0.00745708,-0.00394238,-0.702422,-0.575244
3717,1,-0.1,-0,-0,1,1,1,4.12564,-0.00872665,-0.00532648,-0.00395003,-0.562813,-0.654199
3718,1,-0.1,-0,-0,1,1,1,4.12564,0,-0.00426119,-0.00391623,-0.570069,-0.620361
3719,1,-0.1,-0,-0,1,1,1,4.12564,0,0.0255671,-0.0039297,-0.899959,-0.597803
3720,1,-0.1,-0,-0,1,1,1,4.12555,-0.0296706,0.0117183,-0.00392866,-0.747484,-0.665479
3721,1,-0.1,-0,-0,1,1,1,4.12564,-0.0122173,-0.0170448,-0.00391691,-0.42954,-0.530127
3722,1,-0.1,-0,-0,1,1,1,4.12564,0,0.0117183,-0.00394076,-0.749081,-0.676758
3723,1,-0.1,-0,-0,1,1,1,4.12564,-0.00872665,0.0117183,-0.00395096,-0.750428,-0.552686
3724,1,-0.1,-0,-0,1,1,1,4.12564,0,1.04369e-18,-0.00398325,-0.625789,-0.586523
3725,1,-0.1,-0,-0,1,1,1,4.12564,0.00174533,0.00532648,-0.00401233,-0.688219,-0.631641
3726,1,-0.1,-0,-0,1,1,1,4.12564,0,-0.0117183,-0.00400126,-0.499265,-0.586523
3727,1,-0.1,-0,-0,1,1,1,4.12564,0,0.00319589,-0.00399344,-0.662289,-0.721875
3728,1,-0.1,-0,-0,1,1,1,4.12564,0,-0.0010653,-0.00397953,-0.613579,-0.47373
3729,1,-0.1,-0,-0,1,1,1,4.12564,0,0.00958767,-0.00398634,-0.731662,-0.586523
3730,1,-0.099999,0.000587675,0.232773,1,1,1,4.12564,-0.0244346,-0.0149142,-0.00397174,-0.421583,-0.744434
3731,1,-0.0999922,0.00230432,0.451524,1,1,1,4.12574,0.00872665,0.00852238,-0.00400639,-0.633012,-0.721875
3732,1,-0.0999742,0.00507991,0.656438,1,1,1,4.12555,-0.015708,0.0010653,-0.00402544,-0.49109,-0.744434
3733,1,-0.0999398,0.00884621,0.847822,1,1,1,4.12564,0.0174533,0.00213059,-0.00400009,-0.426411,-0.541406
3734,1,-0.0998842,0.0135355,1.02593,1,1,1,4.12574,0.015708,0.0202406,-0.00398179,-0.540329,-0.530127
3735,1,-0.099803,0.0190839,1.19112,1,1,1,4.12574,0,0.00745708,-0.00387747,-0.293994,-0.439893
3736,1,-0.099692,0.0254259,1.34362,1,1,1,4.12583,0.0471239,0.00958767,-0.00378216,-0.204624,-0.338379
3737,1,-0.0995475,0.0325,1.48374,1,1,1,4.12602,0.0174533,0.00852238,-0.00369555,-0.0737035,-0.248145
3738,1,-0.0993659,0.0402433,1.61176,1,1,1,4.12602,0,-0.0191753,-0.00356652,0.362564,-0.203027
3739,1,-0.0991441,0.0485978,1.72797,1,1,1,4.12622,0.0383972,0.00319589,-0.00342433,0.255912,-0.203027
3740,1,-0.0988791,0.0575027,1.83265,1,1,1,4.12631,0.0383972,0.0362201,-0.00328086,0.037627,-0.0902344
3741,1,-0.0985682,0.0669057,1.92612,1,1,1,4.1267,0.0663225,0.039416,-0.0030832,0.159779,-0.0451172
3742,1,-0.0982093,0.0767463,2.00863,1,1,1,4.12708,0.120428,0.0223712,-0.00283172,0.515964,0.0225586
3743,1,-0.0978001,0.0869739,2.08049,1,1,1,4.12813,0.18326,0.0255671,-0.00256234,0.656478,0.417334
3744,1,-0.097339,0.0975334,2.14198,1,1,1,4.12852,0.0453786,0.0490037,-0.00231357,0.574639,0.507568
3745,1,-0.0968243,0.108376,2.19339,1,1,1,4.12861,0.0925025,0.0724402,-0.00209004,0.491771,0.575244
3746,1,-0.0962548,0.119451,2.23501,1,1,1,4.12909,0.10472,0.0841585,-0.00187835,0.537625,0.609082
3747,1,-0.0956296,0.130709,2.26712,1,1,1,4.12957,0.0680678,0.10653,-0.00165839,0.468978,0.64292
3748,1,-0.0949475,0.142107,2.29003,1,1,1,4.13005,0.118682,0.107595,-0.0014794,0.62884,0.552686
3749,1,-0.0942083,0.153596,2.304,1,1,1,4.13063,0.113446,0.137423,-0.00133693,0.467129,0.609082
3750,1,-0.0934115,0.165132,2.30933,1,1,1,4.13111,0.111701,0.133162,-0.00119818,0.679151,0.563965
3751,1,-0.0925569,0.176676,2.30631,1,1,1,4.13206,0.188496,0.158729,-0.00105677,0.562806,0.721875
3752,1,-0.0916447,0.188183,2.29522,1,1,1,4.13274,0.143117,0.150207,-0.000949936,0.81458,0.688037
3753,1,-0.0906752,0.199615,2.27636,1,1,1,4.13369,0.214675,0.182166,-0.000823742,0.622542,0.778271
3754,1,-0.0896488,0.210934,2.25001,1,1,1,4.13437,0.127409,0.183231,-0.000667248,0.772224,0.721875
3755,1,-0.0885661,0.222104,2.21646,1,1,1,4.13552,0.221657,0.185362,-0.000562549,0.899688,0.721875
3756,1,-0.087428,0.233087,2.176,1,1,1,4.13628,0.169297,0.198145,-0.000448997,0.908165,0.688037
3757,1,-0.0862357,0.243851,2.12891,1,1,1,4.13753,0.23911,0.196015,-0.000375627,1.07094,0.609082
3758,1,-0.0849899,0.254366,2.07549,1,1,1,4.1383,0.20944,0.218386,-0.000238969,0.970537,0.812109
3759,1,-0.0836925,0.264596,2.01602,1,1,1,4.13993,0.289725,0.227974,-8.08226e-05,1.00956,1.04897
3760,1,-0.0823445,0.274517,1.95079,1,1,1,4.14098,0.216421,0.231169,8.56678e-05,1.11549,0.913623
3761,1,-0.0809478,0.284096,1.88009,1,1,1,4.14252,0.279253,0.264194,0.000171692,0.876681,0.981299
3762,1,-0.0795044,0.293307,1.80422,1,1,1,4.14328,0.178024,0.289761,0.000231436,0.710355,0.834668
3763,1,-0.0780153,0.30213,1.72342,1,1,1,4.14501,0.319395,0.295087,0.000313866,0.764628,0.857227
3764,1,-0.0764835,0.310535,1.63802,1,1,1,4.14635,0.310669,0.295087,0.000407229,0.873275,0.981299
3765,1,-0.0749107,0.318503,1.54831,1,1,1,4.14788,0.293215,0.30574,0.000450643,0.851392,0.992578
3766,1,-0.0732993,0.326011,1.45458,1,1,1,4.14913,0.296706,0.273781,0.000582775,1.30474,0.868506
3767,1,-0.0716515,0.333042,1.35709,1,1,1,4.15134,0.394444,0.317458,0.000628424,0.907917,0.823389
3768,1,-0.0699696,0.339577,1.25614,1,1,1,4.15249,0.289725,0.356874,0.000653368,0.547653,0.95874
3769,1,-0.0682565,0.345598,1.15203,1,1,1,4.1544,0.280998,0.336634,0.000633012,0.828958,0.699316
3770,1,-0.0665147,0.351092,1.04505,1,1,1,4.15584,0.415388,0.34196,0.000626419,0.824677,0.823389
3771,1,-0.0647465,0.356044,0.935456,1,1,1,4.15795,0.305433,0.355809,0.000640388,0.723048,0.902344
3772,1,-0.0629552,0.360443,0.823577,1,1,1,4.15948,0.368264,0.35794,0.000602018,0.734562,0.721875
3773,1,-0.0611431,0.364277,0.709672,1,1,1,4.1615,0.359538,0.370723,0.000561513,0.621482,0.586523
3774,1,-0.0593133,0.367537,0.594039,1,1,1,4.16303,0.366519,0.35794,0.000504932,0.779032,0.631641
3775,1,-0.0574686,0.370215,0.476965,1,1,1,4.16514,0.401426,0.367527,0.00047731,0.687795,0.563965
3776,1,-0.0556121,0.372304,0.358741,1,1,1,4.16668,0.357792,0.37818,0.0004672,0.580186,0.721875
3777,1,-0.0537466,0.373801,0.239655,1,1,1,4.16917,0.352557,0.359005,0.000466735,0.793673,0.439893
3778,1,-0.0518751,0.3747,0.119987,1,1,1,4.1707,0.432842,0.380311,0.000420796,0.54822,0.699316
3779,1,-0.0500008,0.375,4.8456e-05,1,1,1,4.17272,0.324631,0.384572,0.000382893,0.483271,0.496289
3780,1,-0.0481262,0.3747,-0.119905,1,1,1,4.17415,0.394444,0.410139,0.000305784,0.171029,0.406055
3781,1,-0.0462546,0.373801,-0.23958,1,1,1,4.17636,0.34383,0.340895,0.000308934,0.904851,0.518848
3782,1,-0.044389,0.372305,-0.358668,1,1,1,4.17808,0.464258,0.343026,0.000319147,0.848246,0.507568
3783,1,-0.0425324,0.370216,-0.476896,1,1,1,4.18058,0.371755,0.36007,0.000343343,0.62268,0.541406
3784,1,-0.0406878,0.367538,-0.593969,1,1,1,4.18173,0.286234,0.361136,0.000280586,0.552479,0.338379
3785,1,-0.0388582,0.364279,-0.709588,1,1,1,4.18364,0.382227,0.35794,0.000240013,0.525367,0.360938
3786,1,-0.0370461,0.360445,-0.823497,1,1,1,4.18527,0.406662,0.350483,0.000247409,0.544891,0.462451
3787,1,-0.0352547,0.356048,-0.935381,1,1,1,4.18748,0.301942,0.366462,0.000249184,0.299411,0.394775
3788,1,-0.0334866,0.351096,-1.04497,1,1,1,4.18853,0.258309,0.349417,0.000295088,0.416884,0.31582
3789,1,-0.0317445,0.345602,-1.15197,1,1,1,4.19074,0.3735,0.337699,0.000370188,0.4738,0.394775
3790,1,-0.0300314,0.339581,-1.25608,1,1,1,4.19208,0.310669,0.336634,0.000376916,0.39734,0.428613
3791,1,-0.0283497,0.333047,-1.35702,1,1,1,4.19381,0.298451,0.327046,0.000426616,0.414951,0.31582
3792,1,-0.0267018,0.326016,-1.45451,1,1,1,4.19515,0.350811,0.30361,0.000516808,0.585119,0.439893
3793,1,-0.0250902,0.318507,-1.54826,1,1,1,4.19707,0.300197,0.295087,0.000606505,0.585916,0.48501
3794,1,-0.0235175,0.310541,-1.63797,1,1,1,4.19822,0.26529,0.315328,0.000656277,0.259465,0.48501
3795,1,-0.0219856,0.302135,-1.72336,1,1,1,4.19966,0.244346,0.295087,0.000714141,0.374186,0.383496
3796,1,-0.0204968,0.293314,-1.80415,1,1,1,4.2009,0.366519,0.282304,0.000788862,0.404914,0.439893
3797,1,-0.0190531,0.284102,-1.88004,1,1,1,4.20263,0.226893,0.271651,0.000904583,0.414144,0.552686
3798,1,-0.0176565,0.274523,-1.95074,1,1,1,4.20378,0.286234,0.263128,0.0009414,0.384294,0.372217
3799,1,-0.0163084,0.264603,-2.01598,1,1,1,4.20541,0.253073,0.263128,0.000841055,0.239305,0.394775
3800,1,-0.0150109,0.254373,-2.07545,1,1,1,4.20637,0.244346,0.264194,0.0008525,0.0937422,0.496289
3801,1,-0.0137654,0.243861,-2.12887,1,1,1,4.20752,0.188496,0.247149,0.000901453,0.147778,0.112793
3802,1,-0.0125726,0.233094,-2.17597,1,1,1,4.20838,0.230383,0.235431,0.000804705,0.122778,0.0225586
3803,1,-0.0114346,0.222111,-2.21643,1,1,1,4.20991,0.235619,0.225843,0.000806412,0.0855398,0.101514
3804,1,-0.0103519,0.210941,-2.24999,1,1,1,4.21068,0.172788,0.211994,0.000854711,0.100352,0.0225586
3805,1,-0.00932553,0.199623,-2.27634,1,1,1,4.21183,0.221657,0.190688,0.000880802,0.19336,0.112793
3806,1,-0.00835591,0.188191,-2.29521,1,1,1,4.2126,0.16057,0.196015,0.000899615,-0.00768811,0.180469
3807,1,-0.00744371,0.176684,-2.3063,1,1,1,4.21337,0.10472,0.177905,0.000932166,0.051303,0.101514
3808,1,-0.00658906,0.16514,-2.30933,1,1,1,4.21385,0.132645,0.152337,0.000969276,0.193282,0.124072
3809,1,-0.00579225,0.153604,-2.304,1,1,1,4.21471,0.141372,0.132097,0.00105369,0.285065,0.101514
3810,1,-0.00505302,0.142116,-2.29004,1,1,1,4.21538,0.195477,0.138489,0.00115446,0.0886935,0.180469
3811,1,-0.00437092,0.130718,-2.26714,1,1,1,4.21624,0.0418879,0.112921,0.00125838,0.246384,0.281982
3812,1,-0.00374559,0.119459,-2.23504,1,1,1,4.21643,0.0401426,0.0830932,0.00141383,0.461923,0.191748
3813,1,-0.00317612,0.108385,-2.19343,1,1,1,4.2172,0.155334,0.068179,0.00158255,0.519586,0.236865
3814,1,-0.0026614,0.0975421,-2.14202,1,1,1,4.21749,0.0767945,0.068179,0.00170474,0.410786,0.394775
3815,1,-0.00220019,0.0869808,-2.08054,1,1,1,4.21768,0.0401426,0.0596566,0.00181589,0.399009,0.248145
3816,1,-0.001791,0.0767532,-2.00868,1,1,1,4.21797,0.0645772,0.0585913,0.00196447,0.316561,0.31582
3817,1,-0.00143199,0.066911,-1.92617,1,1,1,4.21835,0.0506145,0.028763,0.00213065,0.559283,0.496289
3818,1,-0.00112113,0.0575091,-1.83272,1,1,1,4.21854,0.0122173,0.0191753,0.00224869,0.579762,0.439893
3819,1,-0.00085609,0.0486032,-1.72804,1,1,1,4.21864,0.0506145,0.0351548,0.00237773,0.328548,0.383496
3820,1,-0.00063418,0.0402478,-1.61182,1,1,1,4.21883,0.0453786,0.0159795,0.00249822,0.470798,0.406055
3821,1,-0.000452578,0.0325041,-1.48382,1,1,1,4.21893,0.00872665,0.0117183,0.00261469,0.458182,0.406055
3822,1,-0.000308043,0.0254307,-1.34372,1,1,1,4.21893,0.0226893,0.0223712,0.00267751,0.283752,0.451172
3823,1,-0.000197071,0.0190885,-1.19124,1,1,1,4.21893,-0.00872665,-0.0010653,0.00279708,0.503109,0.383496
3824,1,-0.000115839,0.0135395,-1.02607,1,1,1,4.21912,0.0558505,-0.0117183,0.00288278,0.588987,0.439893
3825,1,-6.02361e-05,0.00884876,-0.847933,1,1,1,4.21902,0,-0.00532648,0.00293437,0.495211,0.496289
3826,1,-2.5808e-05,0.00508195,-0.656562,1,1,1,4.21902,0,-0.0159795,0.00296771,0.599275,0.48501
3827,1,-7.76617e-06,0.00230579,-0.451662,1,1,1,4.21902,0.0261799,-0.00745708,0.00304344,0.513349,0.597803
3828,1,-9.86255e-07,0.000588533,-0.23294,1,1,1,4.21902,-0.0506145,0.00319589,0.00302989,0.405755,0.406055
3829,1,0,4.43897e-11,-6.52795e-05,1,1,1,4.21902,0.0226893,-0.0138489,0.00305116,0.623782,0.417334
3830,1,0,0,0,1,1,1,4.21902,0.00523599,-0.00532648,0.00305067,0.533872,0.462451
3831,1,0,0,0,1,1,1,4.21902,0,-0.0138489,0.00304337,0.629979,0.48501
3832,1,0,0,0,1,1,1,4.21902,0,-0.0010653,0.00303522,0.491875,0.47373
3833,1,0,0,0,1,1,1,4.21902,0,0.00426119,0.00304357,0.438267,0.597803
3834,1,0,0,0,1,1,1,4.21912,-0.0122173,-0.0010653,0.00302882,0.497993,0.451172
3835,1,0,0,0,1,1,1,4.21902,0.00872665,-0.0010653,0.00302001,0.500231,0.48501
3836,1,0,0,0,1,1,1,4.21902,0,-0.0127836,0.00303226,0.634396,0.48501
3837,1,0,0,0,1,1,1,4.21912,0.00872665,-0.00745708,0.0030213,0.577702,0.47373
3838,1,0,0,0,1,1,1,4.21902,-0.0244346,-0.00852238,0.00300898,0.590932,0.48501
3839,1,0,0,0,1,1,1,4.21902,0.0139626,0.00532648,0.00301945,0.439976,0.47373
3840,1,0,0,0,1,1,1,4.21902,0,0.010653,0.00296944,0.374783,0.552686
3841,1,0,0,0,1,1,1,4.21893,-0.00698132,-0.00958767,0.00300489,0.60211,0.48501
3842,1,0,0,0,1,1,1,4.21912,0.0191986,-0.0127836,0.00301188,0.638188,0.64292
3843,1,0,0,0,1,1,1,4.21902,0.00872665,0.0170448,0.00298168,0.306089,0.530127
3844,1,0,0,0,1,1,1,4.21902,-0.0279253,0.00745708,0.00293061,0.404813,0.383496
3845,1,0,0,0,1,1,1,4.21902,0,0.0010653,0.00294012,0.476377,0.563965
3846,1,0,0,0,1,1,1,4.21912,0,0.00319589,0.00297125,0.457051,0.609082
3847,1,0,0,0,1,1,1,4.21902,-0.00523599,0.00852238,0.00297253,0.398628,0.462451
3848,1,0,0,0,1,1,1,4.21912,0.0383972,0.00745708,0.00296499,0.409351,0.64292
3849,1,0,0,0,1,1,1,4.21902,-0.00872665,0.010653,0.00295672,0.373104,0.48501
3850,1,0,0,0,1,1,1,4.21902,0.00872665,-1.5003e-18,0.00296303,0.49112,0.47373
3851,1,0,0,0,1,1,1,4.21912,0,-0.0170448,0.0029744,0.680113,0.428613
3852,1,0,0,0,1,1,1,4.21902,0,-0.00852238,0.00297598,0.586575,0.462451
3853,1,0,0,0,1,1,1,4.21912,0.00698132,-0.00745708,0.00298631,0.576221,0.552686
3854,1,0,0,0,1,1,1,4.21902,-0.0261799,-0.00319589,0.00299837,0.53094,0.48501
3855,1,0,0,0,1,1,1,4.21912,0.00872665,0.00426119,0.00300756,0.450125,0.451172
3856,1,0,0,0,1,1,1,4.21912,0,0.00958767,0.0029674,0.386232,0.428613
3857,1,0,0,0,1,1,1,4.21902,0,-0.00639178,0.00293165,0.557288,0.439893
3858,1,0,0,0,1,1,1,4.21902,0,0.010653,0.00291161,0.36715,0.372217
3859,1,0,0,0,1,1,1,4.21902,0,0.00319589,0.00289323,0.446752,0.417334
3860,1,0,0,0,1,1,1,4.21902,0,0.00426119,0.0028931,0.435016,0.439893
3861,1,0,0,0,1,1,1,4.21912,-0.015708,0.0127836,0.00287541,0.338935,0.451172
3862,1,0,0,0,1,1,1,4.21902,0,-0.01811,0.00290166,0.68223,0.383496
3863,1,0,0,0,1,1,1,4.21912,0.00872665,0.010653,0.00291413,0.367483,0.541406
3864,1,0,0,0,1,1,1,4.21912,-0.0174533,-0.00426119,0.0028834,0.527482,0.349658
3865,1,0,0,0,1,1,1,4.21902,0.020944,-0.0127836,0.00283917,0.61539,0.338379
3866,1,0,0,0,1,1,1,4.21902,-0.0174533,0.0127836,0.00280564,0.329725,0.360938
3867,1,0,0,0,1,1,1,4.21902,0,0.00958767,0.00277881,0.361338,0.372217
3868,1,0,0,0,1,1,1,4.21902,0.015708,0.010653,0.00276795,0.348186,0.439893
3869,1,0,0,0,1,1,1,4.21902,-0.00872665,0.0010653,0.00280737,0.458855,0.451172
3870,1,0,0,0,1,1,1,4.21912,0.0139626,0.00426119,0.00282455,0.425968,0.428613
3871,1,0,0,0,1,1,1,4.21902,0,0.00532648,0.00278878,0.409527,0.3271
3872,1,0,0,0,1,1,1,4.21912,0.0366519,-0.00745708,0.00278495,0.549642,0.530127
3873,1,0,0,0,1,1,1,4.21902,0,-0.0010653,0.00275732,0.475685,0.394775
3874,1,0,0,0,1,1,1,4.21902,0,-0.00958767,0.00277734,0.572073,0.451172
3875,1,0,0,0,1,1,1,4.21902,0,0.0149142,0.00274979,0.298916,0.3271
3876,1,0,0,0,1,1,1,4.21902,0,0.0138489,0.00272823,0.307788,0.372217
3877,1,0,0,0,1,1,1,4.21902,-0.00698132,-0.00852238,0.00274448,0.556017,0.428613
3878,1,0,0,0,1,1,1,4.21912,0,0.01811,0.0026939,0.256384,0.496289
3879,1,0,0,0,1,1,1,4.21902,-0.00872665,-0.00319589,0.00267814,0.48867,0.462451
3880,1,0,0,0,1,1,1,4.21902,0,-0.0010653,0.00265283,0.461892,0.304541
3881,1,0,0,0,1,1,1,4.21902,0.0174533,-0.00426119,0.00262924,0.493932,0.360938
3882,1,0,0,0,1,1,1,4.21902,0,0.00426119,0.00263933,0.401518,0.417334
3883,1,0,0,0,1,1,1,4.21902,0,-0.010653,0.00264729,0.566625,0.428613
3884,1,0,0,0,1,1,1,4.21902,0.00872665,0.00532648,0.00265725,0.392166,0.462451
3885,1,0,0,0,1,1,1,4.21912,0,-0.00745708,0.00263304,0.529589,0.48501
3886,1,0,0,0,1,1,1,4.21902,0,0.0117183,0.00262692,0.317852,0.349658
3887,1,0,0,0,1,1,1,4.21902,-0.00523599,-0.00852238,0.00262508,0.540257,0.372217
3888,1,0,0,0,1,1,1,4.21902,0.0314159,0.0170448,0.00261765,0.258038,0.428613
3889,1,0,0,0,1,1,1,4.21902,-0.0366519,-0.00745708,0.00256917,0.521159,0.281982
3890,1,0,0,0,1,1,1,4.21902,0.00349066,0.0117183,0.00253536,0.305766,0.372217
3891,1,0,0,0,1,1,1,4.21902,-0.0244346,0.010653,0.00251078,0.314241,0.31582
3892,1,0,0,0,1,1,1,4.21902,0.0366519,-0.0127836,0.00251118,0.572095,0.31582
3893,1,0,0,0,1,1,1,4.21902,0,0.0138489,0.00252116,0.280456,0.417334
3894,1,0,0,0,1,1,1,4.21902,0,-0.00426119,0.00252064,0.479597,0.3271
3895,1,0,0,0,1,1,1,4.21912,0.0122173,-0.0010653,0.00248646,0.439931,0.360938
3896,1,0,0,0,1,1,1,4.21902,0,0.00852238,0.00247897,0.333478,0.338379
3897,1,0,0,0,1,1,1,4.21902,-0.00872665,0.00745708,0.0024622,0.342983,0.293262
3898,1,0,0,0,1,1,1,4.21902,0.0418879,-1.04369e-18,0.00246241,0.425038,0.338379
3899,1,0,0,0,1,1,1,4.21902,0,0.00745708,0.00243912,0.339936,0.360938
3900,1,0,0,0,1,1,1,4.21902,0,0.00745708,0.00242318,0.337832,0.31582
3901,1,0,0,0,1,1,1,4.21902,0,-0.00745708,0.00242137,0.501649,0.439893
3902,1,0,0,0,1,1,1,4.21902,0.00698132,0.00852238,0.00240835,0.324156,0.518848
3903,1,0,0,0,1,1,1,4.21902,-0.0279253,0.00213059,0.00237533,0.390107,0.270703
3904,1,0,0,0,1,1,1,4.21902,0.0418879,0.0159795,0.0023681,0.236816,0.372217
3905,1,0,0,0,1,1,1,4.21902,-0.0191986,0.00745708,0.00234336,0.327296,0.462451
3906,1,0,0,0,1,1,1,4.21902,0.010472,-0.010653,0.00235855,0.528512,0.462451
3907,1,0,0,0,1,1,1,4.21902,0.00872665,0.00532648,0.00237146,0.354442,0.349658
3908,1,0,0,0,1,1,1,4.21902,0,0.0127836,0.00234939,0.269501,0.406055
3909,1,0,0,0,1,1,1,4.21902,0,0.010653,0.00234497,0.292354,0.31582
3910,1,0,0,0,1,1,1,4.21902,0,-0.00319589,0.00234563,0.444778,0.496289
3911,1,0,0,0,1,1,1,4.21902,0,-0.0010653,0.00233553,0.420008,0.360938
3912,1,0,0,0,1,1,1,4.21902,0.0244346,-0.00532648,0.00234066,0.467558,0.48501
3913,1,0,0,0,1,1,1,4.21902,0,-0.0213059,0.00233964,0.643197,0.496289
3914,1,0,0,0,1,1,1,4.21902,-0.015708,-2.08738e-18,0.00231779,0.405948,0.3271
3915,1,0,0,0,1,1,1,4.21902,0,0.0191753,0.00230432,0.193241,0.394775
3916,1,0,0,0,1,1,1,4.21902,0,0.00852238,0.00228631,0.308046,0.507568
3917,1,0,0,0,1,1,1,4.21902,-0.00523599,-0.00426119,0.00230708,0.451408,0.530127
3918,1,0,0,0,1,1,1,4.21902,0,-7.17537e-19,0.00231724,0.405876,0.48501
3919,1,0,0,0,1,1,1,4.21902,0,-0.00852238,0.0022888,0.495868,0.451172
3920,1,0,0,0,1,1,1,4.21902,-0.0139626,-1.95692e-18,0.00230473,0.404224,0.439893
3921,1,0,0,0,1,1,1,4.21902,0,0.00319589,0.00227887,0.365657,0.439893
3922,1,0,0,0,1,1,1,4.21902,0,-0.0213059,0.00231733,0.640253,0.349658
3923,1,0,0,0,1,1,1,4.21912,0.0296706,0.00319589,0.00232396,0.371608,0.530127
3924,1,0,0,0,1,1,1,4.21902,-0.0541052,0.00213059,0.00231175,0.381714,0.338379
3925,1,0,0,0,1,1,1,4.21902,0.0174533,0.00639178,0.00230396,0.333813,0.281982
3926,1,0,0,0,1,1,1,4.21902,0,-0.00639178,0.00230292,0.474295,0.349658
3927,1,0,0,0,1,1,1,4.21902,0,0.0149142,0.00226918,0.235475,0.360938
3928,1,0,0,0,1,1,1,4.21902,0,-0.00745708,0.00224502,0.478371,0.304541
3929,1,0,0,0,1,1,1,4.21902,0.00698132,-0.00213059,0.00223686,0.418702,0.428613
3930,1,0,0,0,1,1,1,4.21902,-0.010472,-0.00958767,0.00221327,0.497615,0.3271
3931,1,0,0,0,1,1,1,4.21902,0.0418879,-0.00426119,0.00223748,0.442221,0.439893
3932,1,0,0,0,1,1,1,4.21902,-0.0453786,0.0202406,0.00220761,0.168757,0.360938
3933,1,0,0,0,1,1,1,4.21902,0,0.00852238,0.0021919,0.295584,0.360938
3934,1,0,0,0,1,1,1,4.21902,0,0.0159795,0.00217498,0.211324,0.372217
3935,1,0,0,0,1,1,1,4.21902,-0.0279253,0.010653,0.00214098,0.265427,0.293262
3936,1,0,0,0,1,1,1,4.21902,0.00872665,0.00319589,0.00210037,0.342095,0.270703
3937,1,0,0,0,1,1,1,4.21902,0,0.00745708,0.00210012,0.295188,0.270703
3938,1,0,0,0,1,1,1,4.21902,0,0.00639178,0.00209048,0.305633,0.349658
3939,1,0,0,0,1,1,1,4.21902,0,-0.00532648,0.00208848,0.434271,0.270703
3940,1,0,0,0,1,1,1,4.21902,0.0261799,0.0298283,0.00211619,0.0512259,0.451172
3941,1,0,0,0,1,1,1,4.21893,-0.0541052,0.00319589,0.00207283,0.338458,0.259424
3942,1,0,0,0,1,1,1,4.21893,0.0366519,-0.00319589,0.00205717,0.406702,0.248145
3943,1,0,0,0,1,1,1,4.21902,0,0.00745708,0.00204689,0.288161,0.293262
3944,1,0,0,0,1,1,1,4.21902,0,0.00532648,0.00207204,0.314917,0.3271
3945,1,0,0,0,1,1,1,4.21902,0,0.0117183,0.00204938,0.241617,0.304541
3946,1,0,0,0,1,1,1,4.21902,0.00349066,-0.00532648,0.00206334,0.430952,0.417334
3947,1,0,0,0,1,1,1,4.21902,-0.00872665,-0.00532648,0.00202915,0.426394,0.406055
3948,1,0,0,0,1,1,1,4.21893,-0.0226893,0.0223712,0.00203428,0.122442,0.394775
3949,1,0,0,0,1,1,1,4.21902,-0.0349066,0.00426119,0.0020335,0.321548,0.507568
3950,1,0,0,0,1,1,1,4.21902,0,-7.17537e-19,0.00202007,0.366649,0.248145
3951,1,0,0,0,1,1,1,4.21893,0.010472,-0.00213059,0.00197387,0.383987,0.203027
3952,1,0,0,0,1,1,1,4.21893,0,-0.00213059,0.00197027,0.383512,0.383496
3953,1,0,0,0,1,1,1,4.21893,-0.00872665,0.0213059,0.00195889,0.124208,0.349658
3954,1,0,0,0,1,1,1,4.21902,0.00872665,-0.00958767,0.00194409,0.462085,0.31582
3955,1,0,0,0,1,1,1,4.21902,0.0279253,0.00639178,0.00191164,0.282026,0.270703
3956,1,0,0,0,1,1,1,4.21893,-0.00872665,0.010653,0.00192449,0.236851,0.270703
3957,1,0,0,0,1,1,1,4.21902,-0.00872665,-0.00532648,0.00192636,0.412871,0.462451
3958,1,0,0,0,1,1,1,4.21902,-0.00174533,0.0149142,0.00187066,0.182871,0.281982
3959,1,0,0,0,1,1,1,4.21893,0,-0.00532648,0.00189182,0.408312,0.383496
3960,1,0,0,0,1,1,1,4.21902,0,-0.00213059,0.00188419,0.37215,0.3271
3961,1,0,0,0,1,1,1,4.21902,0.00872665,-0.00319589,0.00192726,0.389553,0.31582
3962,1,0,0,0,1,1,1,4.21902,0.00698132,0.00319589,0.00188426,0.313567,0.191748
3963,1,0,0,0,1,1,1,4.21893,0.0174533,0.00639178,0.00183674,0.27214,0.259424
3964,1,0,0,0,1,1,1,4.21893,-0.00872665,-0.0117183,0.001797,0.466105,0.406055
3965,1,0,0,0,1,1,1,4.21893,0.015708,-0.0149142,0.00184,0.506936,0.406055
3966,1,0,0,0,1,1,1,4.21902,0,0.0010653,0.00182096,0.328648,0.293262
3967,1,0,0,0,1,1,1,4.21893,0.010472,-0.00639178,0.00185529,0.415208,0.3271
3968,1,0,0,0,1,1,1,4.21902,0,-0.00639178,0.00183569,0.41262,0.259424
3969,1,0,0,0,1,1,1,4.21893,0.0279253,0.00532648,0.00181385,0.280837,0.225586
3970,1,0,0,0,1,1,1,4.21893,0,0.0191753,0.00175092,0.120086,0.304541
3971,1,0,0,0,1,1,1,4.21893,-0.00523599,0.00319589,0.00177913,0.299691,0.406055
3972,1,0,0,0,1,1,1,4.21893,0.00698132,0.00213059,0.00175516,0.308245,0.304541
3973,1,0,0,0,1,1,1,4.21893,0.00698132,-0.00639178,0.00175902,0.4025,0.462451
3974,1,0,0,0,1,1,1,4.21902,-0.00698132,0.0234365,0.00169632,0.0660566,0.31582
3975,1,0,0,0,1,1,1,4.21893,0,0.0010653,0.00173605,0.317441,0.47373
3976,1,0,0,0,1,1,1,4.21902,0.00349066,-0.010653,0.00178259,0.452485,0.496289
3977,1,0,0,0,1,1,1,4.21902,0,-9.78459e-19,0.00176521,0.333008,0.338379
3978,1,0,0,0,1,1,1,4.21902,0,0.00532648,0.00175192,0.272662,0.417334
3979,1,0,0,0,1,1,1,4.21893,0,0.00319589,0.00172709,0.292821,0.304541
3980,1,0,0,0,1,1,1,4.21893,0,-0.010653,0.00174004,0.446868,0.31582
3981,1,0,0,0,1,1,1,4.21893,0.00523599,-1.696e-18,0.00172604,0.327838,0.270703
3982,1,0,0,0,1,1,1,4.21893,0,0.0127836,0.0017081,0.18485,0.281982
3983,1,0,0,0,1,1,1,4.21893,-0.00523599,0.00532648,0.00171588,0.267904,0.281982
3984,1,0,0,0,1,1,1,4.21893,0.00872665,-0.0127836,0.0017127,0.466696,0.304541
3985,1,0,0,0,1,1,1,4.21902,0.015708,0.0170448,0.00165611,0.131114,0.248145
3986,1,0,0,0,1,1,1,4.21893,-0.0191986,0.010653,0.00162853,0.197783,0.270703
3987,1,0,0,0,1,1,1,4.21893,0,0.0127836,0.00159114,0.169411,0.293262
3988,1,0,0,0,1,1,1,4.21893,0,0.010653,0.00157368,0.190543,0.191748
3989,1,0,0,0,1,1,1,4.21893,0,-0.0010653,0.00155396,0.316842,0.372217
3990,1,0,0,0,1,1,1,4.21893,0,-0.00426119,0.00152339,0.347821,0.293262
3991,1,0,0,0,1,1,1,4.21893,0,-0.00958767,0.00151129,0.404954,0.270703
3992,1,0,0,0,1,1,1,4.21893,0,0.00639178,0.00148092,0.225172,0.270703
3993,1,0,0,0,1,1,1,4.21893,0,0.00958767,0.00145489,0.186581,0.248145
3994,1,0,0,0,1,1,1,4.21893,0,0.010653,0.00144822,0.173982,0.304541
3995,1,0,0,0,1,1,1,4.21893,-0.015708,0.028763,0.00143163,-0.0274183,0.304541
3996,1,0,0,0,1,1,1,4.21893,0,0.00319589,0.00140658,0.250514,0.169189
3997,1,0,0,0,1,1,1,4.21893,0,0.00639178,0.00141412,0.216355,0.3271
3998,1,0,0,0,1,1,1,4.21893,-0.0261799,0.0127836,0.0014091,0.145382,0.236865
3999,1,0,0,0,1,1,1,4.21893,0,0.0308936,0.0013728,-0.058708,0.349658
4000,1,0,0,0,1,1,1,4.21893,-0.0174533,0.0170448,0.00133955,0.089017,0.248145
4001,1,0,0,0,1,1,1,4.21893,-0.0122173,0.00958767,0.00130873,0.167288,0.248145
4002,1,0,0,0,1,1,1,4.21893,0,1.76123e-18,0.00133228,0.275862,0.259424
4003,1,0,0,0,1,1,1,4.21893,0,-0.00426119,0.00134111,0.323899,0.135352
4004,1,0,0,0,1,1,1,4.21893,0.0279253,-0.00532648,0.00133507,0.334821,0.248145
4005,1,0,0,0,1,1,1,4.21893,0,0.00639178,0.0013197,0.203891,0.248145
4006,1,0,0,0,1,1,1,4.21893,-0.0139626,0.0159795,0.00134255,0.101442,0.203027
4007,1,0,0,0,1,1,1,4.21893,-0.0279253,-0.00852238,0.00130312,0.365758,0.191748
4008,1,0,0,0,1,1,1,4.21883,0,-0.0127836,0.00129821,0.411983,0.203027
4009,1,0,0,0,1,1,1,4.21893,0,0.01811,0.00131112,0.0738573,0.236865
4010,1,0,0,0,1,1,1,4.21893,0,0.00426119,0.00128862,0.223109,0.270703
4011,1,0,0,0,1,1,1,4.21883,-0.00349066,-0.0170448,0.00131101,0.460545,0.203027
4012,1,0,0,0,1,1,1,4.21893,0.00698132,-0.00639178,0.00129746,0.341575,0.15791
4013,1,0,0,0,1,1,1,4.21893,0.0174533,0.00213059,0.00127796,0.245255,0.259424
4014,1,0,0,0,1,1,1,4.21883,-0.0296706,0.0010653,0.0012549,0.253928,0.214307
4015,1,0,0,0,1,1,1,4.21893,0,-0.00532648,0.00123496,0.321606,0.135352
4016,1,0,0,0,1,1,1,4.21883,0,-0.00319589,0.00122259,0.296537,0.293262
4017,1,0,0,0,1,1,1,4.21893,0,0.0138489,0.00121674,0.108164,0.372217
4018,1,0,0,0,1,1,1,4.21893,0,0.00426119,0.00123039,0.215539,0.248145
4019,1,0,0,0,1,1,1,4.21893,0,0.00639178,0.00119139,0.186859,0.281982
4020,1,0,0,0,1,1,1,4.21883,-0.0174533,0.00639178,0.00116413,0.183356,0.203027
4021,1,0,0,0,1,1,1,4.21883,0,0.00958767,0.00116061,0.147736,0.214307
4022,1,0,0,0,1,1,1,4.21883,0,0.0159795,0.00116387,0.07782,0.214307
4023,1,0,0,0,1,1,1,4.21883,-0.0174533,0.00639178,0.00114678,0.181065,0.236865
4024,1,0,0,0,1,1,1,4.21893,0.0226893,-0.0010653,0.00115838,0.264624,0.31582
4025,1,0,0,0,1,1,1,4.21893,-0.0401426,0.00213059,0.00111809,0.224151,0.135352
4026,1,0,0,0,1,1,1,4.21883,0,0.0010653,0.00108431,0.231411,0.248145
4027,1,0,0,0,1,1,1,4.21883,0,-0.00319589,0.00111028,0.281712,0.259424
4028,1,0,0,0,1,1,1,4.21883,0,-0.01811,0.00110619,0.445227,0.31582
4029,1,0,0,0,1,1,1,4.21893,0.0279253,-0.0010653,0.00111483,0.258876,0.31582
