index,/gimbal/yaw_sweep/active,/gimbal/yaw_sweep/target_offset,/gimbal/yaw_sweep/reference_velocity,/gimbal/yaw_sweep/reference_acceleration,/gimbal/yaw_sweep/feedforward_scale,/gimbal/yaw_sweep/remote_ready,/gimbal/yaw_sweep/right_switch,/gimbal/yaw/angle,/gimbal/yaw/velocity,/gimbal/yaw/velocity_imu,/gimbal/yaw/control_angle_error,/gimbal/yaw/control_torque,/gimbal/yaw/torque
3048,1,0,0,0,1,1,1,5.35839,-0.0174533,0.00319589,1.31841e-18,-0.285155,-0.789551
3049,1,0,0,0,1,1,1,5.35848,0.0558505,-0.0127836,-8.72343e-06,-0.110532,-0.360938
3050,1,0,0,0,1,1,1,5.35848,-0.00349066,0.0117183,-2.89833e-05,-0.382411,-0.203027
3051,1,0,0,0,1,1,1,5.35858,0,0.00426119,-3.22141e-05,-0.30015,-0.248145
3052,1,0,0,0,1,1,1,5.35858,0.00174533,0.00852238,-3.63438e-05,-0.347527,-0.203027
3053,1,0,0,0,1,1,1,5.35858,0,0.00319589,-0.000114116,-0.300218,-0.349658
3054,1,0,0,0,1,1,1,5.35858,0,0.00426119,-0.000135072,-0.314703,-0.428613
3055,1,0,0,0,1,1,1,5.35867,0,0.0298283,-0.000161729,-0.599279,-0.214307
3056,1,0,0,0,1,1,1,5.35867,0,0.0191753,-0.000182787,-0.484623,-0.304541
3057,1,0,0,0,1,1,1,5.35867,0,-0.01811,-0.000196726,-0.0767572,-0.417334
3058,1,0,0,0,1,1,1,5.35867,0,0.010653,-0.000173179,-0.387363,-0.236865
3059,1,0,0,0,1,1,1,5.35877,-0.00349066,-0.00319589,-0.000141154,-0.230155,-0.281982
3060,1,0,0,0,1,1,1,5.35877,0,-0.00745708,-0.000166712,-0.188593,-0.3271
3061,1,0,0,0,1,1,1,5.35877,0,0.0266324,-0.000197179,-0.568276,-0.270703
3062,1,0,0,0,1,1,1,5.35877,0,0.0138489,-0.000224042,-0.431911,-0.383496
3063,1,0,0,0,1,1,1,5.35877,0,1.82646e-18,-0.000192862,-0.274276,-0.191748
3064,1,0,0,0,1,1,1,5.35877,-0.00174533,0.00745708,-0.000229518,-0.362324,-0.383496
3065,1,0,0,0,1,1,1,5.35877,0,0.00852238,-0.000225325,-0.372548,-0.180469
3066,1,0,0,0,1,1,1,5.35877,0,-0.0223712,-0.00020771,-0.0313341,-0.417334
3067,1,0,0,0,1,1,1,5.35877,0.010472,0.00213059,-0.000227771,-0.303502,-0.293262
3068,1,0,0,0,1,1,1,5.35877,0,0.00319589,-0.000226249,-0.31502,-0.169189
3069,1,0,0,0,1,1,1,5.35877,0.00174533,0.00639178,-0.000250147,-0.353329,-0.270703
3070,1,0,0,0,1,1,1,5.35877,-0.015708,0.0138489,-0.000265038,-0.437322,-0.248145
3071,1,0,0,0,1,1,1,5.35877,0,0.00958767,-0.00030341,-0.395515,-0.293262
3072,1,0,0,0,1,1,1,5.35877,0,0.00639178,-0.000319866,-0.362339,-0.31582
3073,1,0,0,0,1,1,1,5.35877,-0.00872665,-0.00532648,-0.00032406,-0.233905,-0.349658
3074,1,0,0,0,1,1,1,5.35877,0.00872665,0.00852238,-0.000342021,-0.388456,-0.417334
3075,1,0,0,0,1,1,1,5.35877,0,0.0276977,-0.000358063,-0.600975,-0.31582
3076,1,0,0,0,1,1,1,5.35877,0.00523599,0.0010653,-0.000349218,-0.307815,-0.225586
3077,1,0,0,0,1,1,1,5.35877,0,-0.00745708,-0.000307726,-0.207687,-0.236865
3078,1,0,0,0,1,1,1,5.35877,0,-0.00958767,-0.000281527,-0.179967,-0.15791
3079,1,0,0,0,1,1,1,5.35877,0,-0.00852238,-0.00032858,-0.199626,-0.338379
3080,1,0,0,0,1,1,1,5.35877,0.010472,0.0127836,-0.000333054,-0.434582,-0.15791
3081,1,0,0,0,1,1,1,5.35877,0,0.0149142,-0.0003546,-0.460638,-0.31582
3082,1,0,0,0,1,1,1,5.35877,0,0.0010653,-0.000375751,-0.310957,-0.281982
3083,1,0,0,0,1,1,1,5.35877,0,-0.00958767,-0.000386201,-0.195431,-0.417334
3084,1,0,0,0,1,1,1,5.35877,0.00872665,-0.0117183,-0.000353473,-0.166608,-0.203027
3085,1,0,0,0,1,1,1,5.35877,0,0.01811,-0.000357032,-0.495332,-0.15791
3086,1,0,0,0,1,1,1,5.35877,0,-0.01811,-0.000414295,-0.105476,-0.349658
3087,1,0,0,0,1,1,1,5.35887,0.0314159,-0.00639178,-0.000445869,-0.238545,-0.439893
3088,1,0,0,0,1,1,1,5.35877,0,0.0159795,-0.000453759,-0.48567,-0.31582
3089,1,0,0,0,1,1,1,5.35877,-0.00349066,0.00958767,-0.000468155,-0.417261,-0.203027
3090,1,0,0,0,1,1,1,5.35877,-0.0314159,-0.0191753,-0.000467548,-0.100018,-0.406055
3091,1,0,0,0,1,1,1,5.35887,0.00872665,0.00639178,-0.000467414,-0.381783,-0.236865
3092,1,0,0,0,1,1,1,5.35877,0,-0.0010653,-0.000455248,-0.298375,-0.3271
3093,1,0,0,0,1,1,1,5.35877,0,0.00213059,-0.000481236,-0.33696,-0.394775
3094,1,0,0,0,1,1,1,5.35877,0,0.0170448,-0.000534331,-0.508024,-0.462451
3095,1,0,0,0,1,1,1,5.35877,0,0.0138489,-0.000569606,-0.477525,-0.406055
3096,1,0,0,0,1,1,1,5.35877,-0.0174533,-0.00213059,-0.00054377,-0.297917,-0.191748
3097,1,0,0,0,1,1,1,5.35877,0,-0.0234365,-0.000550416,-0.0648531,-0.383496
3098,1,0,0,0,1,1,1,5.35877,-0.00872665,0.00213059,-0.000569509,-0.348529,-0.383496
3099,1,0,0,0,1,1,1,5.35877,0,0.0149142,-0.000594502,-0.49253,-0.47373
3100,1,0,0,0,1,1,1,5.35877,0,-0.0138489,-0.000586987,-0.174919,-0.372217
3101,1,0,0,0,1,1,1,5.35877,0.00872665,0.00319589,-0.000631311,-0.368488,-0.394775
3102,1,0,0,0,1,1,1,5.35877,0,-0.0010653,-0.000670495,-0.326787,-0.349658
3103,1,0,0,0,1,1,1,5.35877,0,-0.0010653,-0.000668023,-0.326461,-0.552686
3104,1,0,0,0,1,1,1,5.35877,0,-0.0191753,-0.000639499,-0.122264,-0.496289
3105,1,0,0,0,1,1,1,5.35877,-0.00349066,-2.15261e-18,-0.000665012,-0.337648,-0.597803
3106,1,0,0,0,1,1,1,5.35887,0.0541052,0.0202406,-0.000706474,-0.565902,-0.293262
3107,1,0,0,0,1,1,1,5.35877,0.0366519,-0.0127836,-0.00068007,-0.199109,-0.304541
3108,1,0,0,0,1,1,1,5.35877,-0.0401426,-0.0138489,-0.000666556,-0.185648,-0.372217
3109,1,0,0,0,1,1,1,5.35877,0.00698132,-0.00426119,-0.000708016,-0.296585,-0.541406
3110,1,0,0,0,1,1,1,5.35877,0.00872665,-5.21845e-19,-0.000718839,-0.344735,-0.552686
3111,1,0,0,0,1,1,1,5.35877,0,-0.0010653,-0.000741368,-0.335925,-0.541406
3112,1,0,0,0,1,1,1,5.35877,0.00698132,0.00319589,-0.000775082,-0.387451,-0.609082
3113,1,0,0,0,1,1,1,5.35877,0,0.01811,-0.000796413,-0.554337,-0.281982
3114,1,0,0,0,1,1,1,5.35877,0,-0.00852238,-0.000793406,-0.260983,-0.417334
3115,1,0,0,0,1,1,1,5.35877,-0.015708,-0.0117183,-0.000821799,-0.229577,-0.462451
3116,1,0,0,0,1,1,1,5.35877,0.020944,0.00213059,-0.000844322,-0.384887,-0.417334
3117,1,0,0,0,1,1,1,5.35877,0,0.0149142,-0.000861725,-0.527803,-0.191748
3118,1,0,0,0,1,1,1,5.35877,-0.0366519,0.00958767,-0.000905563,-0.474999,-0.496289
3119,1,0,0,0,1,1,1,5.35877,0,-0.0191753,-0.000878027,-0.154971,-0.293262
3120,1,0,0,0,1,1,1,5.35877,0,-0.00532648,-0.000891894,-0.309139,-0.304541
3121,1,0,0,0,1,1,1,5.35877,0,0.00852238,-0.000920187,-0.465211,-0.3271
3122,1,0,0,0,1,1,1,5.35877,0,-0.00213059,-0.000905216,-0.346052,-0.281982
3123,1,0,0,0,1,1,1,5.35877,-0.00349066,-4.0443e-18,-0.00096829,-0.377814,-0.541406
3124,1,0,0,0,1,1,1,5.35877,0.0226893,-0.00319589,-0.000940906,-0.339045,-0.462451
3125,1,0,0,0,1,1,1,5.35877,0,0.00639178,-0.000953692,-0.446197,-0.394775
3126,1,0,0,0,1,1,1,5.35877,0,1.36984e-18,-0.000979025,-0.379231,-0.349658
3127,1,0,0,0,1,1,1,5.35877,0,-0.00426119,-0.000955028,-0.329191,-0.31582
3128,1,0,0,0,1,1,1,5.35877,0,0.0117183,-0.000978733,-0.508094,-0.270703
3129,1,0,0,0,1,1,1,5.35877,0,0.00639178,-0.000990262,-0.451024,-0.270703
3130,1,0,0,0,1,1,1,5.35877,-0.0226893,0.00532648,-0.000991065,-0.439412,-0.451172
3131,1,0,0,0,1,1,1,5.35877,-0.00872665,0.00532648,-0.00100733,-0.441559,-0.451172
3132,1,0,0,0,1,1,1,5.35877,0,-0.00426119,-0.00100441,-0.335708,-0.575244
3133,1,0,0,0,1,1,1,5.35877,0,-0.0159795,-0.000999145,-0.206113,-0.31582
3134,1,0,0,0,1,1,1,5.35877,0,0.00745708,-0.00101613,-0.466157,-0.293262
3135,1,0,0,0,1,1,1,5.35877,0,-0.00958767,-0.00099634,-0.276053,-0.248145
3136,1,0,0,0,1,1,1,5.35877,-0.0174533,0.0159795,-0.00102148,-0.560609,-0.338379
3137,1,0,0,0,1,1,1,5.35877,-0.0174533,0.0159795,-0.00102412,-0.560958,-0.372217
3138,1,0,0,0,1,1,1,5.35877,0,0.00532648,-0.00104184,-0.446114,-0.372217
3139,1,0,0,0,1,1,1,5.35877,0,0.00213059,-0.00104515,-0.411396,-0.293262
3140,1,0,0,0,1,1,1,5.35877,0,-0.00639178,-0.0010629,-0.319993,-0.462451
3141,1,0,0,0,1,1,1,5.35877,0,0.00319589,-0.00102886,-0.420964,-0.3271
3142,1,0,0,0,1,1,1,5.35877,0,-0.00426119,-0.00107763,-0.345375,-0.47373
3143,1,0,0,0,1,1,1,5.35877,0,-0.0010653,-0.00109865,-0.383304,-0.349658
3144,1,0,0,0,1,1,1,5.35877,0,0.00426119,-0.00111757,-0.444392,-0.31582
3145,1,0,0,0,1,1,1,5.35877,0.020944,-0.0266324,-0.00110259,-0.102586,-0.439893
3146,1,0,0,0,1,1,1,5.35877,0,0.0202406,-0.0011518,-0.624685,-0.360938
3147,1,0,0,0,1,1,1,5.35877,0,-0.0010653,-0.00115743,-0.391062,-0.338379
3148,1,0,0,0,1,1,1,5.35877,-0.015708,0.00213059,-0.00114989,-0.425222,-0.31582
3149,1,0,0,0,1,1,1,5.35877,0,0.00532648,-0.00117072,-0.463127,-0.439893
3150,1,0,0,0,1,1,1,5.35877,0,-3.26153e-19,-0.00119249,-0.407408,-0.349658
3151,1,0,0,0,1,1,1,5.35877,0,0.00319589,-0.00120827,-0.444647,-0.597803
3152,1,0,0,0,1,1,1,5.35877,0,0.00213059,-0.00122045,-0.434536,-0.394775
3153,1,0,0,0,1,1,1,5.35877,0,-0.01811,-0.00122727,-0.212789,-0.304541
3154,1,0,0,0,1,1,1,5.35877,-0.00872665,0.00852238,-0.00123225,-0.506404,-0.31582
3155,1,0,0,0,1,1,1,5.35877,0,0.0159795,-0.00124211,-0.589732,-0.496289
3156,1,0,0,0,1,1,1,5.35877,0,-0.0010653,-0.00126511,-0.405276,-0.631641
3157,1,0,0,0,1,1,1,5.35877,0,0.010653,-0.00125035,-0.532141,-0.586523
3158,1,0,0,0,1,1,1,5.35877,0,0.0127836,-0.00130523,-0.56291,-0.665479
3159,1,0,0,0,1,1,1,5.35877,0,0.010653,-0.00132924,-0.542642,-0.417334
3160,1,0,0,0,1,1,1,5.35877,0,0.0010653,-0.00130501,-0.433979,-0.417334
3161,1,0,0,0,1,1,1,5.35877,0,-0.00213059,-0.00130526,-0.398858,-0.462451
3162,1,0,0,0,1,1,1,5.35877,-0.00349066,0.0213059,-0.00128624,-0.654149,-0.462451
3163,1,0,0,0,1,1,1,5.35867,-0.0279253,0.00852238,-0.00133868,-0.520452,-0.530127
3164,1,0,0,0,1,1,1,5.35877,0.00523599,0.00852238,-0.00135205,-0.522216,-0.462451
3165,1,0,0,0,1,1,1,5.35877,0,0.00532648,-0.00141073,-0.494808,-0.439893
3166,1,0,0,0,1,1,1,5.35867,-0.00349066,0.0010653,-0.00139523,-0.445888,-0.349658
3167,1,0,0,0,1,1,1,5.35877,0,-0.0138489,-0.00138501,-0.280484,-0.394775
3168,1,0,0,0,1,1,1,5.35877,-0.00872665,0.00958767,-0.00139166,-0.53888,-0.518848
3169,1,0,0,0,1,1,1,5.35877,0,-0.00319589,-0.00144213,-0.405206,-0.518848
3170,1,0,0,0,1,1,1,5.35867,-0.00174533,-0.00426119,-0.00141823,-0.390334,-0.48501
3171,1,0,0,0,1,1,1,5.35877,-0.010472,0.00319589,-0.00143653,-0.474777,-0.496289
3172,1,0,0,0,1,1,1,5.35877,0.00698132,-0.0159795,-0.001422,-0.261931,-0.541406
3173,1,0,0,0,1,1,1,5.35877,0.010472,-1.82646e-18,-0.00141461,-0.436728,-0.417334
3174,1,0,0,0,1,1,1,5.35877,0,-0.0149142,-0.00140194,-0.271001,-0.349658
3175,1,0,0,0,1,1,1,5.35877,0,-0.0202406,-0.00142136,-0.214973,-0.575244
3176,1,0,0,0,1,1,1,5.35877,0,0.00213059,-0.00143582,-0.462965,-0.406055
3177,1,0,0,0,1,1,1,5.35877,0,0.00639178,-0.00143374,-0.509564,-0.507568
3178,1,0,0,0,1,1,1,5.35877,0,0.00745708,-0.00146511,-0.525422,-0.575244
3179,1,0,0,0,1,1,1,5.35877,0,-0.00745708,-0.00146745,-0.361675,-0.597803
3180,1,0,0,0,1,1,1,5.35877,0,-0.0159795,-0.00143708,-0.263921,-0.293262
3181,1,0,0,0,1,1,1,5.35877,0,-0.00426119,-0.00145355,-0.394995,-0.654199
3182,1,0,0,0,1,1,1,5.35877,0.015708,-0.00213059,-0.0014348,-0.41581,-0.518848
3183,1,0,0,0,1,1,1,5.35877,0,-0.00852238,-0.00146547,-0.349697,-0.48501
3184,1,0,0,0,1,1,1,5.35877,0,0.0010653,-0.00146872,-0.455589,-0.31582
3185,1,0,0,0,1,1,1,5.35877,0,0.00745708,-0.00149207,-0.528982,-0.597803
3186,1,0,0,0,1,1,1,5.35877,0,-0.010653,-0.00146796,-0.326588,-0.248145
3187,1,0,0,0,1,1,1,5.35877,0.00872665,0.0170448,-0.00149244,-0.634495,-0.394775
3188,1,0,0,0,1,1,1,5.35877,0,0.0138489,-0.00152063,-0.603061,-0.507568
3189,1,0,0,0,1,1,1,5.35877,0,-0.0010653,-0.00148113,-0.43379,-0.31582
3190,1,0,0,0,1,1,1,5.35877,0,0.00639178,-0.00149425,-0.517551,-0.406055
3191,1,0,0,0,1,1,1,5.35877,0,0.00319589,-0.0015157,-0.485227,-0.462451
3192,1,0,0,0,1,1,1,5.35877,-0.0226893,0.0138489,-0.00152456,-0.60358,-0.530127
3193,1,0,0,0,1,1,1,5.35867,-0.0279253,-0.00852238,-0.00156573,-0.36293,-0.439893
3194,1,0,0,0,1,1,1,5.35867,0,-0.0191753,-0.00153549,-0.241757,-0.417334
3195,1,0,0,0,1,1,1,5.35877,0.0191986,6.52306e-20,-0.001512,-0.449584,-0.31582
3196,1,0,0,0,1,1,1,5.35877,-0.00523599,0.00958767,-0.00154023,-0.558774,-0.48501
3197,1,0,0,0,1,1,1,5.35877,0,-0.0149142,-0.00151038,-0.285315,-0.372217
3198,1,0,0,0,1,1,1,5.35877,0,0.00213059,-0.0015436,-0.477192,-0.552686
3199,1,0,0,0,1,1,1,5.35877,0,0.0159795,-0.00155834,-0.631475,-0.620361
3200,1,0,0,0,1,1,1,5.35877,0,0.00852238,-0.0015739,-0.551501,-0.631641
3201,1,0,0,0,1,1,1,5.35867,-0.0261799,0.00852238,-0.00160171,-0.555173,-0.541406
3202,1,0,0,0,1,1,1,5.35877,0.00872665,0.0010653,-0.00160276,-0.473282,-0.530127
3203,1,0,0,0,1,1,1,5.35867,0,0.00745708,-0.00163021,-0.547215,-0.496289
3204,1,0,0,0,1,1,1,5.35867,0,0.0213059,-0.00164376,-0.701342,-0.417334
3205,1,0,0,0,1,1,1,5.35867,-0.00174533,0.00319589,-0.00164799,-0.50269,-0.451172
3206,1,0,0,0,1,1,1,5.35877,0,0.00958767,-0.00168345,-0.577679,-0.48501
3207,1,0,0,0,1,1,1,5.35867,0,0.0245018,-0.00169826,-0.74369,-0.541406
3208,1,0,0,0,1,1,1,5.35867,0,0.00532648,-0.00172052,-0.5357,-0.609082
3209,1,0,0,0,1,1,1,5.35867,0,-0.00319589,-0.00175036,-0.445893,-0.518848
3210,1,0,0,0,1,1,1,5.35867,0,-0.010653,-0.00173655,-0.362042,-0.48501
3211,1,0,0,0,1,1,1,5.35867,0.00872665,-0.010653,-0.00172534,-0.360562,-0.406055
3212,1,0,0,0,1,1,1,5.35867,0,-0.0010653,-0.00170869,-0.463829,-0.439893
3213,1,0,0,0,1,1,1,5.35867,0,0.0234365,-0.00175566,-0.739549,-0.496289
3214,1,0,0,0,1,1,1,5.35867,0,-0.00639178,-0.0017554,-0.411404,-0.406055
3215,1,0,0,0,1,1,1,5.35867,0,6.52306e-19,-0.00174469,-0.480299,-0.47373
3216,1,0,0,0,1,1,1,5.35877,0.00523599,-0.0117183,-0.0017892,-0.357273,-0.575244
3217,1,0,0,0,1,1,1,5.35877,0.00872665,0.00426119,-0.00179858,-0.534285,-0.47373
3218,1,0,0,0,1,1,1,5.35867,0,-0.0213059,-0.00178378,-0.251093,-0.406055
3219,1,0,0,0,1,1,1,5.35867,0,0.00213059,-0.00176545,-0.506476,-0.462451
3220,1,0,0,0,1,1,1,5.35867,0,-0.00213059,-0.00179882,-0.464007,-0.586523
3221,1,0,0,0,1,1,1,5.35867,0,-0.0223712,-0.00180041,-0.24157,-0.586523
3222,1,0,0,0,1,1,1,5.35867,0,0.0191753,-0.00179604,-0.698006,-0.462451
3223,1,0,0,0,1,1,1,5.35867,-0.00349066,-0.00213059,-0.00178006,-0.461532,-0.428613
3224,1,0,0,0,1,1,1,5.35867,0,-0.010653,-0.00181772,-0.372757,-0.439893
3225,1,0,0,0,1,1,1,5.35867,0,0.01811,-0.00185285,-0.693787,-0.575244
3226,1,0,0,0,1,1,1,5.35867,0,-0.00852238,-0.00181206,-0.395446,-0.394775
3227,1,0,0,0,1,1,1,5.35867,0,-0.0191753,-0.001832,-0.280895,-0.64292
3228,1,0,0,0,1,1,1,5.35867,0.0279253,-0.00319589,-0.00184391,-0.458241,-0.349658
3229,1,0,0,0,1,1,1,5.35867,0.0174533,0.0223712,-0.00190951,-0.748139,-0.676758
3230,1,0,0,0,1,1,1,5.35867,0,0.00532648,-0.00194774,-0.565693,-0.766992
3231,1,0,0,0,1,1,1,5.35867,0,-0.00213059,-0.00196717,-0.48623,-0.688037
3232,1,0,0,0,1,1,1,5.35867,0.00872665,-0.00852238,-0.00195948,-0.414905,-0.383496
3233,1,0,0,0,1,1,1,5.35867,0.00872665,0.0138489,-0.00198818,-0.664777,-0.575244
3234,1,0,0,0,1,1,1,5.35867,0,-0.0149142,-0.00201786,-0.352302,-0.688037
3235,1,0,0,0,1,1,1,5.35867,0.00349066,-0.00958767,-0.00198496,-0.40655,-0.631641
3236,1,0,0,0,1,1,1,5.35867,0,-0.00958767,-0.00200627,-0.409363,-0.688037
3237,1,0,0,0,1,1,1,5.35867,0.00174533,0.0117183,-0.00201725,-0.645178,-0.631641
3238,1,0,0,0,1,1,1,5.35867,0,0.00319589,-0.00204022,-0.554464,-0.710596
3239,1,0,0,0,1,1,1,5.35867,0,0.00958767,-0.00210048,-0.632728,-0.518848
3240,1,0,0,0,1,1,1,5.35867,-0.00523599,0.0159795,-0.00214746,-0.709238,-0.518848
3241,1,0,0,0,1,1,1,5.35867,0,-0.0170448,-0.00212816,-0.343425,-0.507568
3242,1,0,0,0,1,1,1,5.35867,0,0.00319589,-0.00210166,-0.562573,-0.586523
3243,1,0,0,0,1,1,1,5.35867,0,0.01811,-0.0020968,-0.725988,-0.439893
3244,1,0,0,0,1,1,1,5.35867,0,-0.00532648,-0.0021226,-0.471592,-0.676758
3245,1,0,0,0,1,1,1,5.35867,0,-0.010653,-0.0021478,-0.416327,-0.586523
3246,1,0,0,0,1,1,1,5.35867,0,0.00426119,-0.00215496,-0.581328,-0.518848
3247,1,0,0,0,1,1,1,5.35867,0,-0.00213059,-0.00217556,-0.513738,-0.586523
3248,1,0,0,0,1,1,1,5.35867,0,-0.00532648,-0.00219892,-0.481666,-0.654199
3249,1,0,0,0,1,1,1,5.35867,0,0.0010653,-0.00221072,-0.553533,-0.552686
3250,1,0,0,0,1,1,1,5.35867,0,0.00319589,-0.00220481,-0.576189,-0.530127
3251,1,0,0,0,1,1,1,5.35867,0,-0.00319589,-0.00226166,-0.513385,-0.575244
3252,1,0,0,0,1,1,1,5.35867,0,0.00213059,-0.00227336,-0.57352,-0.586523
3253,1,0,0,0,1,1,1,5.35867,0,0.00639178,-0.00228161,-0.621482,-0.597803
3254,1,0,0,0,1,1,1,5.35867,0,-0.00426119,-0.00229188,-0.505655,-0.575244
3255,1,0,0,0,1,1,1,5.35867,0,0.0159795,-0.00228613,-0.727543,-0.462451
3256,1,0,0,0,1,1,1,5.35867,0,0.0127836,-0.0022898,-0.692872,-0.609082
3257,1,0,0,0,1,1,1,5.35867,-0.015708,-0.0117183,-0.00231345,-0.426475,-0.563965
3258,1,0,0,0,1,1,1,5.35867,0.00174533,-0.00532648,-0.0023116,-0.496541,-0.47373
3259,1,0,0,0,1,1,1,5.35867,0,-0.00426119,-0.0023007,-0.506819,-0.575244
3260,1,0,0,0,1,1,1,5.35867,0,-0.00639178,-0.00226994,-0.479323,-0.541406
3261,1,0,0,0,1,1,1,5.35867,0,-0.00213059,-0.00230046,-0.530224,-0.620361
3262,1,0,0,0,1,1,1,5.35867,0.00523599,0.00852238,-0.0023222,-0.650277,-0.530127
3263,1,0,0,0,1,1,1,5.35867,0,0.0117183,-0.00232783,-0.686175,-0.530127
3264,1,0,0,0,1,1,1,5.35867,0,-0.00958767,-0.00234887,-0.454586,-0.823389
3265,1,0,0,0,1,1,1,5.35867,0,-0.0298283,-0.00238432,-0.236619,-0.665479
3266,1,0,0,0,1,1,1,5.35858,0.0296706,0.00426119,-0.00238717,-0.61198,-0.597803
3267,1,0,0,0,1,1,1,5.35858,0,0.0170448,-0.00238587,-0.752427,-0.575244
3268,1,0,0,0,1,1,1,5.35867,0,0.0117183,-0.00242007,-0.698351,-0.586523
3269,1,0,0,0,1,1,1,5.35858,0,-0.00852238,-0.00237911,-0.470297,-0.530127
3270,1,0,0,0,1,1,1,5.35867,0,0.00852238,-0.00237628,-0.657415,-0.462451
3271,1,0,0,0,1,1,1,5.35867,0,0.00639178,-0.00234755,-0.630186,-0.496289
3272,1,0,0,0,1,1,1,5.35867,0,0.00532648,-0.00236796,-0.621162,-0.620361
3273,1,0,0,0,1,1,1,5.35858,0,-0.00319589,-0.00240911,-0.532848,-0.47373
3274,1,0,0,0,1,1,1,5.35858,0,0.0010653,-0.0024086,-0.579654,-0.575244
3275,1,0,0,0,1,1,1,5.35858,0,-0.00319589,-0.0023928,-0.530695,-0.530127
3276,1,0,0,0,1,1,1,5.35858,0,0.00319589,-0.00240473,-0.60258,-0.518848
3277,1,0,0,0,1,1,1,5.35858,0,-0.0127836,-0.00240973,-0.427465,-0.64292
3278,1,0,0,0,1,1,1,5.35858,0,0.0010653,-0.00242141,-0.581344,-0.665479
3279,1,0,0,0,1,1,1,5.35858,0,0.0213059,-0.00243852,-0.80625,-0.575244
3280,1,0,0,0,1,1,1,5.35858,0,0.00213059,-0.00247328,-0.599909,-0.676758
3281,1,0,0,0,1,1,1,5.35858,0,0.0170448,-0.00253126,-0.771619,-0.64292
3282,1,0,0,0,1,1,1,5.35858,0,0.00319589,-0.00249876,-0.614991,-0.541406
3283,1,0,0,0,1,1,1,5.35858,0,-0.0202406,-0.00249153,-0.356234,-0.665479
3284,1,0,0,0,1,1,1,5.35858,0.00872665,0.00532648,-0.00250744,-0.639574,-0.451172
3285,1,0,0,0,1,1,1,5.35858,0.00523599,0.0202406,-0.00250856,-0.803777,-0.462451
3286,1,0,0,0,1,1,1,5.35858,-0.0139626,-0.0010653,-0.00252573,-0.571678,-0.631641
3287,1,0,0,0,1,1,1,5.35858,0,0.0138489,-0.00254606,-0.738418,-0.64292
3288,1,0,0,0,1,1,1,5.35858,0,0.00745708,-0.00255403,-0.66916,-0.620361
3289,1,0,0,0,1,1,1,5.35858,0,0.00852238,-0.00254243,-0.679347,-0.575244
3290,1,0,0,0,1,1,1,5.35858,0,0.00532648,-0.0025395,-0.643806,-0.439893
3291,1,0,0,0,1,1,1,5.35858,0,-0.00426119,-0.00258694,-0.544603,-0.834668
3292,1,0,0,0,1,1,1,5.35858,0.00872665,0.00639178,-0.00257777,-0.660575,-0.597803
3293,1,0,0,0,1,1,1,5.35858,0,-0.00852238,-0.00257764,-0.496502,-0.609082
3294,1,0,0,0,1,1,1,5.35858,0,-0.00426119,-0.00258879,-0.544847,-0.676758
3295,1,0,0,0,1,1,1,5.35858,0,-0.0117183,-0.00262004,-0.466945,-0.665479
3296,1,0,0,0,1,1,1,5.35858,0,-0.0191753,-0.00258405,-0.380166,-0.620361
3297,1,0,0,0,1,1,1,5.35858,0,0.00532648,-0.00262528,-0.655128,-0.710596
3298,1,0,0,0,1,1,1,5.35858,0,-0.0138489,-0.00264378,-0.446642,-0.586523
3299,1,0,0,0,1,1,1,5.35867,0.0418879,0.0223712,-0.00269689,-0.852073,-0.394775
3300,1,0,0,0,1,1,1,5.35848,-0.0366519,0.00745708,-0.00270003,-0.688431,-0.541406
3301,1,0,0,0,1,1,1,5.35858,0,0.0117183,-0.00269765,-0.73499,-0.563965
3302,1,0,0,0,1,1,1,5.35858,0,-0.0138489,-0.00264905,-0.447337,-0.439893
3303,1,0,0,0,1,1,1,5.35858,0,0.0010653,-0.00266218,-0.613126,-0.563965
3304,1,0,0,0,1,1,1,5.35858,0,0.00319589,-0.00268218,-0.639203,-0.654199
3305,1,0,0,0,1,1,1,5.35858,0,0.00745708,-0.00271751,-0.690739,-0.710596
3306,1,0,0,0,1,1,1,5.35858,0,-0.010653,-0.00271083,-0.490647,-0.766992
3307,1,0,0,0,1,1,1,5.35858,0,-0.0010653,-0.00274886,-0.601132,-0.789551
3308,1,0,0,0,1,1,1,5.35858,0.00872665,-0.00639178,-0.00274323,-0.541797,-0.631641
3309,1,0,0,0,1,1,1,5.35858,0.00872665,-0.0138489,-0.00273875,-0.459178,-0.710596
3310,1,0,0,0,1,1,1,5.35858,0,0.0138489,-0.00275982,-0.766633,-0.721875
3311,1,0,0,0,1,1,1,5.35858,-0.00872665,-0.0010653,-0.0027742,-0.604476,-0.80083
3312,1,0,0,0,1,1,1,5.35858,0,0.0191753,-0.00280467,-0.831146,-0.631641
3313,1,0,0,0,1,1,1,5.35848,-0.00349066,0.00745708,-0.00283095,-0.705713,-0.665479
3314,1,0,0,0,1,1,1,5.35848,0,-0.00213059,-0.00283899,-0.60131,-0.789551
3315,1,0,0,0,1,1,1,5.35858,0,0.00745708,-0.00281915,-0.704156,-0.496289
3316,1,0,0,0,1,1,1,5.35858,0,0.0159795,-0.00280028,-0.795412,-0.721875
3317,1,0,0,0,1,1,1,5.35848,-0.0174533,0.00319589,-0.00286101,-0.662808,-0.64292
3318,1,0,0,0,1,1,1,5.35858,0,0.0010653,-0.00286176,-0.639471,-0.552686
3319,1,0,0,0,1,1,1,5.35858,0,0.00639178,-0.00288211,-0.700749,-0.530127
3320,1,0,0,0,1,1,1,5.35848,-0.00872665,0.00958767,-0.00284639,-0.731188,-0.428613
3321,1,0,0,0,1,1,1,5.35848,-0.00872665,-0.00639178,-0.00285785,-0.556927,-0.575244
3322,1,0,0,0,1,1,1,5.35858,0,0.0117183,-0.00291368,-0.763507,-0.755713
3323,1,0,0,0,1,1,1,5.35858,0,0.0170448,-0.00292138,-0.823115,-0.462451
3324,1,0,0,0,1,1,1,5.35848,-0.0349066,-0.00213059,-0.00290611,-0.61017,-0.744434
3325,1,0,0,0,1,1,1,5.35858,0,0.00213059,-0.00289392,-0.655434,-0.530127
3326,1,0,0,0,1,1,1,5.35858,0,0.0117183,-0.00288437,-0.759638,-0.563965
3327,1,0,0,0,1,1,1,5.35848,-0.00872665,0.00319589,-0.00289217,-0.666922,-0.575244
3328,1,0,0,0,1,1,1,5.35848,0,0.010653,-0.00290745,-0.750966,-0.563965
3329,1,0,0,0,1,1,1,5.35848,-0.00872665,-0.00532648,-0.00292056,-0.576922,-0.789551
3330,1,0,0,0,1,1,1,5.35848,0.0122173,-0.00639178,-0.00295216,-0.569375,-0.575244
3331,1,0,0,0,1,1,1,5.35858,0.0349066,-0.00319589,-0.00296353,-0.606031,-0.631641
3332,1,0,0,0,1,1,1,5.35848,-0.00872665,0.0170448,-0.00298053,-0.830922,-0.575244
3333,1,0,0,0,1,1,1,5.35848,0,0.0255671,-0.00300072,-0.927334,-0.710596
3334,1,0,0,0,1,1,1,5.35848,-0.020944,0.00852238,-0.00300452,-0.740343,-0.699316
3335,1,0,0,0,1,1,1,5.35848,0,0.00745708,-0.00302034,-0.730713,-0.518848
3336,1,0,0,0,1,1,1,5.35848,0,-0.0138489,-0.00300941,-0.494905,-0.778271
3337,1,0,0,0,1,1,1,5.35848,0,0.0362201,-0.00305326,-1.05145,-0.609082
3338,1,0,0,0,1,1,1,5.35848,-0.00523599,-0.00213059,-0.00305507,-0.629833,-0.609082
3339,1,0,0,0,1,1,1,5.35848,0,-0.0202406,-0.00304997,-0.42995,-0.721875
3340,1,0,0,0,1,1,1,5.35848,0.00872665,-0.0127836,-0.00306563,-0.514044,-0.64292
3341,1,0,0,0,1,1,1,5.35848,0.00349066,-0.00745708,-0.00309784,-0.576887,-0.755713
3342,1,0,0,0,1,1,1,5.35848,0,1.23938e-18,-0.00306809,-0.654988,-0.778271
3343,1,0,0,0,1,1,1,5.35848,0,-0.010653,-0.00306259,-0.53708,-0.699316
3344,1,0,0,0,1,1,1,5.35848,0.00872665,-0.00213059,-0.003078,-0.63286,-0.609082
3345,1,0,0,0,1,1,1,5.35848,0.00872665,-0.00319589,-0.00307022,-0.620114,-0.766992
3346,1,0,0,0,1,1,1,5.35858,0.0349066,0.00745708,-0.00303697,-0.732908,-0.563965
3347,1,0,0,0,1,1,1,5.35848,0,0.00319589,-0.00305158,-0.687963,-0.665479
3348,1,0,0,0,1,1,1,5.35848,-0.00174533,-0.00532648,-0.00307269,-0.597004,-0.620361
3349,1,9.90156e-08,5.93076e-05,0.0236227,1,1,1,5.35848,0,-0.0127836,-0.00306355,-0.509698,-0.721875
3350,1,7.87227e-07,0.000235061,0.0465538,1,1,1,5.35848,0.0122173,0.00639178,-0.00306017,-0.714777,-0.48501
3351,1,2.64104e-06,0.000524109,0.0688043,1,1,1,5.35848,0.00698132,-0.00319589,-0.00308531,-0.605932,-0.733154
3352,1,6.21034e-06,0.000922062,0.0903205,1,1,1,5.35848,0,-0.00745708,-0.0030576,-0.547468,-0.631641
3353,1,1.20396e-05,0.00142622,0.11116,1,1,1,5.35848,0,0.00958767,-0.00308267,-0.729128,-0.631641
3354,1,2.06403e-05,0.00203238,0.1313,1,1,1,5.35848,0,0.00532648,-0.00307674,-0.671177,-0.631641
3355,1,3.2528e-05,0.002738,0.150777,1,1,1,5.35848,0.0122173,-1.30461e-19,-0.00306118,-0.599108,-0.507568
3356,1,4.81723e-05,0.00353871,0.169569,1,1,1,5.35848,-0.0471239,0.00958767,-0.00304029,-0.68932,-0.530127
3357,1,6.80705e-05,0.00443256,0.187717,1,1,1,5.35848,-0.015708,-0.00852238,-0.00300991,-0.472552,-0.620361
3358,1,9.26525e-05,0.0054151,0.205202,1,1,1,5.35848,-0.00872665,-0.00639178,-0.00300874,-0.481292,-0.586523
3359,1,0.000122372,0.00648375,0.222043,1,1,1,5.35858,0.00872665,0.00532648,-0.00296631,-0.589082,-0.518848
3360,1,0.000157618,0.00763421,0.238232,1,1,1,5.35848,-0.0191986,0.00319589,-0.00292952,-0.544366,-0.631641
3361,1,0.000198802,0.00886367,0.253785,1,1,1,5.35858,-0.0261799,-0.00532648,-0.0029085,-0.430544,-0.530127
3362,1,0.000246403,0.0101714,0.268735,1,1,1,5.35858,0.0174533,-0.010653,-0.00286538,-0.348081,-0.609082
3363,1,0.000300682,0.0115512,0.283053,1,1,1,5.35858,0.0174533,-0.00532648,-0.00281122,-0.38055,-0.552686
3364,1,0.000361996,0.0130001,0.29675,1,1,1,5.35858,0,-0.00213059,-0.00276254,-0.389543,-0.676758
3365,1,0.000430821,0.0145182,0.309861,1,1,1,5.35858,-0.00174533,0.0117183,-0.002745,-0.519064,-0.654199
3366,1,0.000507339,0.016099,0.322364,1,1,1,5.35858,0.00872665,-0.00532648,-0.00268025,-0.301838,-0.394775
3367,1,0.000591801,0.0177387,0.334261,1,1,1,5.35858,0,0.00532648,-0.00258251,-0.384295,-0.236865
3368,1,0.000684737,0.0194389,0.345593,1,1,1,5.35858,0,0.00319589,-0.00248185,-0.325084,-0.406055
3369,1,0.000786297,0.021194,0.356346,1,1,1,5.35858,0,-0.0340895,-0.00234908,0.125843,-0.146631
3370,1,0.00089688,0.0230032,0.366541,1,1,1,5.35867,0.00174533,0.0010653,-0.00225718,-0.225245,-0.248145
3371,1,0.00101652,0.0248602,0.376164,1,1,1,5.35867,0,0.00852238,-0.00212876,-0.265752,-0.304541
3372,1,0.00114553,0.0267636,0.38523,1,1,1,5.35867,0,0.0159795,-0.00205794,-0.314168,-0.236865
3373,1,0.0012843,0.0287126,0.393757,1,1,1,5.35867,0,0.0276977,-0.00198916,-0.408842,-0.3271
3374,1,0.00143282,0.0307016,0.401738,1,1,1,5.35867,0,0.0255671,-0.00187773,-0.343752,-0.146631
3375,1,0.00159114,0.0327261,0.409175,1,1,1,5.35877,0,-0.00639178,-0.00172469,0.0546869,-0.0451172
3376,1,0.00176007,0.0347913,0.416104,1,1,1,5.35877,0,-0.0255671,-0.00151181,0.324876,-0.169189
3377,1,0.00193911,0.0368864,0.422504,1,1,1,5.35887,0.00174533,0.00213059,-0.00135032,0.0725491,-0.112793
3378,1,0.00212904,0.039016,0.428403,1,1,1,5.35887,0,0.0159795,-0.00120983,-0.0314821,-0.112793
3379,1,0.00232926,0.0411691,0.433786,1,1,1,5.35887,0.015708,0.0213059,-0.00106683,-0.0409567,-0.0902344
3380,1,0.00254072,0.0433523,0.438682,1,1,1,5.35896,0.0174533,-0.00852238,-0.000857862,0.348588,-0.0789551
3381,1,0.00276303,0.0455574,0.443086,1,1,1,5.35896,0.0139626,0.00745708,-0.000670156,0.233224,0.101514
3382,1,0.0029964,0.047783,0.447006,1,1,1,5.35906,0.0174533,0.0213059,-0.000495479,0.13891,0.180469
3383,1,0.00324093,0.050027,0.450452,1,1,1,5.35915,0,0.0159795,-0.000323557,0.254635,0.0225586
3384,1,0.00349639,0.0522841,0.453425,1,1,1,5.35925,0.0314159,0.00958767,-0.000179129,0.378192,0.169189
3385,1,0.00376377,0.0545601,0.455944,1,1,1,5.35935,0.0244346,0.0266324,-1.94171e-05,0.248404,0.225586
3386,1,0.00404206,0.0568433,0.458005,1,1,1,5.35935,0.00523599,0.0170448,0.000115194,0.40629,0.236865
3387,1,0.00433223,0.0591394,0.459623,1,1,1,5.35954,0.0296706,0.0191753,0.000296216,0.445068,0.281982
3388,1,0.00463339,0.0614384,0.460799,1,1,1,5.35963,0.0436332,0.0202406,0.000526254,0.504896,0.496289
3389,1,0.00494632,0.0637443,0.461545,1,1,1,5.35992,0.0331613,0.0213059,0.000720122,0.558485,0.48501
3390,1,0.00527087,0.0660534,0.461866,1,1,1,5.36011,0.0314159,0.0511343,0.000831282,0.282651,0.338379
3391,1,0.00560715,0.0683643,0.461768,1,1,1,5.3603,0.0401426,0.0415466,0.000929934,0.43683,0.48501
3392,1,0.00595443,0.07067,0.461261,1,1,1,5.3605,0.0261799,0.0553954,0.00103297,0.333993,0.394775
3393,1,0.00631388,0.0729763,0.46035,1,1,1,5.36078,0.0506145,0.0511343,0.00112806,0.42864,0.338379
3394,1,0.00668425,0.0752733,0.459044,1,1,1,5.36107,0.0663225,0.0468731,0.00119854,0.519863,0.349658
3395,1,0.00706675,0.0775668,0.457347,1,1,1,5.36145,0.0698132,0.0692443,0.0012495,0.315013,0.349658
3396,1,0.00746013,0.0798476,0.45527,1,1,1,5.36165,0.0750492,0.0745708,0.00131691,0.300209,0.451172
3397,1,0.00786482,0.0821167,0.45282,1,1,1,5.36203,0.0331613,0.0735055,0.00137483,0.354089,0.338379
3398,1,0.00828096,0.0843734,0.450002,1,1,1,5.36241,0.116937,0.0617872,0.00144918,0.527744,0.349658
3399,1,0.00870886,0.0866178,0.44682,1,1,1,5.3628,0.0680678,0.0862891,0.00146371,0.292829,0.383496
3400,1,0.00914752,0.0888433,0.443289,1,1,1,5.36308,0.0733038,0.0905502,0.00148361,0.281141,0.360938
3401,1,0.00959679,0.0910479,0.439415,1,1,1,5.36356,0.0715585,0.0841585,0.00150183,0.385805,0.48501
3402,1,0.0100576,0.0932352,0.435199,1,1,1,5.36385,0.0436332,0.103334,0.00150449,0.206392,0.293262
3403,1,0.0105296,0.0954018,0.430648,1,1,1,5.36433,0.0890118,0.0745708,0.0015476,0.559489,0.31582
3404,1,0.0110115,0.0975407,0.425783,1,1,1,5.36471,0.10821,0.0713749,0.00160455,0.634379,0.372217
3405,1,0.0115045,0.099657,0.420595,1,1,1,5.36529,0.115192,0.0830932,0.00166972,0.547567,0.507568
3406,1,0.0120088,0.101749,0.415089,1,1,1,5.36558,0.0610865,0.096942,0.00167486,0.42776,0.48501
3407,1,0.0125219,0.103807,0.409299,1,1,1,5.36615,0.0872665,0.0958767,0.00171544,0.475809,0.428613
3408,1,0.0130467,0.105841,0.403197,1,1,1,5.36644,0.0994838,0.0767014,0.00185441,0.738041,0.48501
3409,1,0.0135803,0.107839,0.396821,1,1,1,5.36721,0.122173,0.0948114,0.00187147,0.574067,0.47373
3410,1,0.0141244,0.109806,0.390158,1,1,1,5.36759,0.115192,0.119313,0.00188956,0.337289,0.631641
3411,1,0.0146783,0.11174,0.38322,1,1,1,5.36797,0.0698132,0.0767014,0.00189685,0.833541,0.394775
3412,1,0.0152452,0.11365,0.375973,1,1,1,5.36855,0.13439,0.103334,0.00196342,0.581155,0.48501
3413,1,0.0158146,0.1155,0.368555,1,1,1,5.36912,0.0907571,0.0990726,0.00202927,0.667312,0.530127
3414,1,0.0163974,0.117325,0.360831,1,1,1,5.3696,0.120428,0.110791,0.00203826,0.567671,0.597803
3415,1,0.0169884,0.11911,0.352873,1,1,1,5.37018,0.125664,0.137423,0.00204439,0.303166,0.451172
3416,1,0.0175883,0.120854,0.344675,1,1,1,5.37075,0.143117,0.127836,0.0021175,0.447041,0.439893
3417,1,0.0181962,0.122554,0.336256,1,1,1,5.37152,0.0994838,0.132097,0.0021046,0.423566,0.64292
3418,1,0.0188132,0.124214,0.327605,1,1,1,5.372,0.101229,0.129966,0.00204202,0.461057,0.48501
3419,1,0.0194384,0.12583,0.318738,1,1,1,5.37277,0.179769,0.156599,0.00200938,0.187653,0.541406
3420,1,0.0200721,0.127403,0.309654,1,1,1,5.37325,0.0733038,0.141684,0.00195638,0.365361,0.507568
3421,1,0.0207121,0.128926,0.300388,1,1,1,5.37401,0.148353,0.133162,0.00188947,0.469566,0.360938
3422,1,0.0213616,0.130407,0.290899,1,1,1,5.37459,0.155334,0.134227,0.00183075,0.469,0.372217
3423,1,0.0220163,0.131835,0.281254,1,1,1,5.37545,0.16057,0.140619,0.00181986,0.41788,0.496289
3424,1,0.0226796,0.133218,0.271407,1,1,1,5.37593,0.0959931,0.135293,0.00176492,0.487014,0.383496
3425,1,0.0233489,0.13455,0.261396,1,1,1,5.37679,0.162316,0.147011,0.00169258,0.364858,0.3271
3426,1,0.024025,0.135832,0.251217,1,1,1,5.37727,0.136136,0.139554,0.0016976,0.465777,0.496289
3427,1,0.0247073,0.137062,0.240881,1,1,1,5.37823,0.115192,0.148076,0.00170189,0.391217,0.665479
3428,1,0.0253947,0.138239,0.230407,1,1,1,5.37871,0.125664,0.150207,0.00166954,0.379477,0.406055
3429,1,0.0260889,0.139365,0.219774,1,1,1,5.37967,0.1309,0.14488,0.00163345,0.448378,0.541406
3430,1,0.0267883,0.140437,0.209008,1,1,1,5.38015,0.136136,0.161925,0.00156572,0.265914,0.563965
3431,1,0.027493,0.141455,0.198112,1,1,1,5.38101,0.0872665,0.148076,0.00150885,0.422673,0.394775
3432,1,0.0282038,0.142419,0.187076,1,1,1,5.38168,0.233874,0.14488,0.00146862,0.465187,0.372217
3433,1,0.028917,0.143325,0.175959,1,1,1,5.38264,0.10472,0.154468,0.0013857,0.358468,0.338379
3434,1,0.029636,0.144177,0.164714,1,1,1,5.38312,0.139626,0.157664,0.00129398,0.319252,0.214307
3435,1,0.0303589,0.144972,0.153371,1,1,1,5.38408,0.141372,0.158729,0.00124469,0.309534,0.304541
3436,1,0.0310866,0.145712,0.141917,1,1,1,5.38475,0.185005,0.158729,0.00115742,0.304642,0.3271
3437,1,0.031816,0.146392,0.130407,1,1,1,5.38552,0.137881,0.157664,0.00112082,0.319598,0.293262
3438,1,0.0325494,0.147015,0.118808,1,1,1,5.38619,0.178024,0.154468,0.00108551,0.357525,0.3271
3439,1,0.0332859,0.14758,0.107132,1,1,1,5.38705,0.146608,0.139554,0.00112246,0.536194,0.597803
3440,1,0.0340257,0.148086,0.0953826,1,1,1,5.38772,0.115192,0.145946,0.00112957,0.47517,0.439893
3441,1,0.0347667,0.148533,0.0835945,1,1,1,5.38849,0.153589,0.14488,0.0010905,0.4867,0.394775
3442,1,0.0355111,0.148922,0.0717364,1,1,1,5.38897,0.129154,0.148076,0.00109018,0.457769,0.47373
3443,1,0.0362557,0.149251,0.0598583,1,1,1,5.38993,0.13439,0.117183,0.00116366,0.815129,0.541406
3444,1,0.0370027,0.14952,0.0479314,1,1,1,5.3906,0.185005,0.152337,0.00118499,0.439156,0.710596
3445,1,0.0377509,0.14973,0.0359752,1,1,1,5.39118,0.0977384,0.157664,0.00119841,0.387585,0.597803
3446,1,0.0385,0.14988,0.0239961,1,1,1,5.39185,0.141372,0.14275,0.00124001,0.561942,0.507568
3447,1,0.0392504,0.14997,0.0119931,1,1,1,5.39261,0.136136,0.127836,0.00127882,0.735865,0.47373
3448,1,0.04,0.15,-5.208e-07,1,1,1,5.39319,0.15708,0.121444,0.00134072,0.820269,0.620361
3449,1,0.0407494,0.14997,-0.0119895,1,1,1,5.39396,0.15708,0.138489,0.00140021,0.645637,0.507568
3450,1,0.0415,0.14988,-0.0239971,1,1,1,5.39444,0.106465,0.123574,0.00150463,0.828299,0.47373
3451,1,0.0422482,0.14973,-0.0359606,1,1,1,5.3953,0.150098,0.149142,0.00159069,0.56398,0.721875
3452,1,0.0429963,0.149521,-0.0479148,1,1,1,5.39578,0.113446,0.117183,0.00170348,0.934397,0.778271
3453,1,0.043748,0.149249,-0.0599172,1,1,1,5.39664,0.15708,0.131032,0.00177702,0.79539,0.80083
3454,1,0.0444895,0.148922,-0.0717457,1,1,1,5.39702,0.106465,0.119313,0.00187012,0.939706,0.744434
3455,1,0.0452335,0.148533,-0.083599,1,1,1,5.39798,0.165806,0.133162,0.00195513,0.802813,0.97002
3456,1,0.0459747,0.148086,-0.0953903,1,1,1,5.39846,0.116937,0.154468,0.00203321,0.582049,1.09409
3457,1,0.0467131,0.14758,-0.107116,1,1,1,5.39913,0.0698132,0.158729,0.00202344,0.531444,0.654199
3458,1,0.0474503,0.147015,-0.118802,1,1,1,5.3998,0.190241,0.136358,0.00204546,0.777569,0.620361
3459,1,0.0481843,0.146391,-0.130412,1,1,1,5.40076,0.144862,0.161925,0.00203573,0.491469,0.688037
3460,1,0.048914,0.145711,-0.141927,1,1,1,5.40124,0.120428,0.182166,0.00202309,0.262608,0.654199
3461,1,0.0496411,0.144972,-0.15337,1,1,1,5.40201,0.0855211,0.167252,0.0019995,0.417173,0.766992
3462,1,0.0503638,0.144177,-0.16471,1,1,1,5.40268,0.174533,0.136358,0.00200535,0.751617,0.563965
3463,1,0.0510819,0.143326,-0.175943,1,1,1,5.40345,0.13439,0.136358,0.00198019,0.741111,0.64292
3464,1,0.0517962,0.142419,-0.187077,1,1,1,5.40393,0.146608,0.138489,0.00200406,0.714117,0.789551
3465,1,0.0525066,0.141455,-0.198107,1,1,1,5.40489,0.0959931,0.149142,0.00204064,0.588366,0.744434
3466,1,0.0532113,0.140437,-0.209003,1,1,1,5.40546,0.148353,0.151272,0.00200737,0.54649,0.597803
3467,1,0.0539141,0.13936,-0.21982,1,1,1,5.40613,0.127409,0.12677,0.00200667,0.801151,0.631641
3468,1,0.0546045,0.13824,-0.230395,1,1,1,5.40671,0.172788,0.129966,0.00203664,0.754698,0.676758
3469,1,0.0552925,0.137063,-0.240878,1,1,1,5.40757,0.162316,0.118248,0.0020756,0.872795,0.755713
3470,1,0.0559758,0.135831,-0.25123,1,1,1,5.40824,0.150098,0.122509,0.00206009,0.807272,0.823389
3471,1,0.0566514,0.13455,-0.261401,1,1,1,5.40891,0.15708,0.14488,0.00200983,0.537379,0.507568
3472,1,0.0573205,0.133218,-0.271407,1,1,1,5.40939,0.116937,0.153403,0.00194482,0.41716,0.462451
3473,1,0.057983,0.131837,-0.281243,1,1,1,5.41035,0.125664,0.14275,0.00187672,0.506612,0.575244
3474,1,0.0586391,0.130405,-0.29091,1,1,1,5.41083,0.120428,0.159795,0.00183186,0.294751,0.575244
3475,1,0.0592876,0.128927,-0.300383,1,1,1,5.41169,0.0750492,0.148076,0.00175008,0.393345,0.48501
3476,1,0.0599278,0.127403,-0.309652,1,1,1,5.41227,0.16057,0.137423,0.00169324,0.482908,0.439893
3477,1,0.0605614,0.125831,-0.318735,1,1,1,5.41303,0.0890118,0.139554,0.00166226,0.434866,0.48501
3478,1,0.0611868,0.124214,-0.327605,1,1,1,5.41351,0.146608,0.139554,0.0015757,0.402219,0.406055
3479,1,0.0618032,0.122556,-0.336248,1,1,1,5.41428,0.122173,0.118248,0.00154793,0.611433,0.462451
3480,1,0.0624116,0.120854,-0.344673,1,1,1,5.41486,0.125664,0.0990726,0.00155198,0.800797,0.439893
3481,1,0.0630114,0.11911,-0.352869,1,1,1,5.41562,0.174533,0.117183,0.00153857,0.577236,0.563965
3482,1,0.0636032,0.117324,-0.360838,1,1,1,5.41601,0.0959931,0.133162,0.00155237,0.380212,0.575244
3483,1,0.0641853,0.1155,-0.368554,1,1,1,5.41668,0.0663225,0.116117,0.00154576,0.543343,0.47373
3484,1,0.0647582,0.113639,-0.376016,1,1,1,5.41716,0.144862,0.107595,0.00154665,0.61328,0.507568
3485,1,0.065321,0.111743,-0.383212,1,1,1,5.41783,0.102974,0.112921,0.00151837,0.526643,0.563965
3486,1,0.0658749,0.109809,-0.390149,1,1,1,5.41821,0.10472,0.125705,0.00148477,0.356838,0.563965
3487,1,0.0664196,0.10784,-0.396819,1,1,1,5.41888,0.0680678,0.12464,0.00146753,0.341154,0.462451
3488,1,0.0669532,0.105841,-0.403196,1,1,1,5.41936,0.151844,0.0980073,0.00140247,0.600082,0.372217
3489,1,0.0674774,0.10381,-0.409291,1,1,1,5.41994,0.0977384,0.107595,0.00142899,0.472312,0.518848
3490,1,0.0679917,0.101747,-0.415096,1,1,1,5.42032,0.0925025,0.103334,0.00140104,0.489338,0.383496
3491,1,0.0684953,0.0996577,-0.420593,1,1,1,5.4209,0.0767945,0.0905502,0.00142323,0.606442,0.349658
3492,1,0.0689887,0.0975399,-0.425785,1,1,1,5.42118,0.116937,0.0862891,0.00146736,0.632387,0.518848
3493,1,0.0694707,0.0954002,-0.430652,1,1,1,5.42176,0.0750492,0.103334,0.00152868,0.426015,0.541406
3494,1,0.0699424,0.0932351,-0.435199,1,1,1,5.42205,0.102974,0.0926808,0.00155333,0.519216,0.563965
3495,1,0.0704025,0.0910511,-0.439409,1,1,1,5.42262,0.0872665,0.0798973,0.00164859,0.644986,0.789551
3496,1,0.0708527,0.0888422,-0.44329,1,1,1,5.42301,0.0855211,0.0862891,0.00170364,0.554259,0.721875
3497,1,0.0712915,0.0866158,-0.446823,1,1,1,5.42339,0.0959931,0.0948114,0.00169896,0.432046,0.699316
3498,1,0.0717184,0.0843768,-0.449998,1,1,1,5.42377,0.0523599,0.068179,0.00174457,0.703073,0.631641
3499,1,0.0721347,0.0821195,-0.452817,1,1,1,5.42435,0.0785398,0.096942,0.00172764,0.356318,0.462451
3500,1,0.0725397,0.0798488,-0.455269,1,1,1,5.42454,0.0698132,0.0926808,0.0016523,0.365009,0.406055
3501,1,0.0729331,0.0775675,-0.457346,1,1,1,5.42502,0.0645772,0.0628525,0.00165373,0.664989,0.304541
3502,1,0.0733157,0.0752736,-0.459044,1,1,1,5.42531,0.1309,0.0926808,0.00168456,0.312529,0.530127
3503,1,0.0736862,0.0729756,-0.46035,1,1,1,5.42569,0.0244346,0.0745708,0.00167922,0.48262,0.609082
3504,1,0.074045,0.0706736,-0.46126,1,1,1,5.42598,0.0872665,0.068179,0.00168356,0.52509,0.631641
3505,1,0.074393,0.0683635,-0.461768,1,1,1,5.42646,0.0610865,0.078832,0.0016895,0.38025,0.530127
3506,1,0.0747287,0.0660561,-0.461866,1,1,1,5.42674,0.0855211,0.0585913,0.00169853,0.575732,0.620361
3507,1,0.0750536,0.0637446,-0.461545,1,1,1,5.42703,0.0628319,0.0756361,0.00166563,0.355548,0.563965
3508,1,0.0753666,0.0614386,-0.460799,1,1,1,5.42722,0.0506145,0.0596566,0.00169228,0.506617,0.609082
3509,1,0.0756678,0.0591395,-0.459623,1,1,1,5.4277,0.0349066,0.0521996,0.00173248,0.565876,0.597803
3510,1,0.0759576,0.0568458,-0.458007,1,1,1,5.4279,0.0837758,0.0564607,0.00170946,0.488022,0.665479
3511,1,0.0762367,0.0545561,-0.45594,1,1,1,5.42809,0.0558505,0.0468731,0.00169348,0.563544,0.394775
3512,1,0.0765035,0.0522854,-0.453427,1,1,1,5.42837,0.0593412,0.0511343,0.00166584,0.485268,0.563965
3513,1,0.076759,0.0500276,-0.450452,1,1,1,5.42866,0.0488692,0.0553954,0.00169358,0.41496,0.563965
3514,1,0.0770039,0.0477805,-0.447002,1,1,1,5.42885,0.0401426,0.0308936,0.001687,0.656498,0.541406
3515,1,0.0772369,0.0455576,-0.443086,1,1,1,5.42914,0.101229,0.0170448,0.00174863,0.79022,0.530127
3516,1,0.0774606,0.043339,-0.438654,1,1,1,5.42933,0,0.0447425,0.0018208,0.468445,0.575244
3517,1,0.0776705,0.0411722,-0.433793,1,1,1,5.42952,0.00872665,0.0213059,0.00183796,0.702586,0.383496
3518,1,0.0778711,0.039014,-0.428397,1,1,1,5.42962,0.0837758,0.0234365,0.00183901,0.653542,0.462451
3519,1,0.0780607,0.0368889,-0.422511,1,1,1,5.42981,0.0645772,0.0245018,0.00187765,0.621655,0.575244
3520,1,0.07824,0.0347903,-0.416101,1,1,1,5.42991,0,0.0170448,0.00193808,0.686787,0.609082
3521,1,0.0784097,0.0327161,-0.40914,1,1,1,5.4301,0.0506145,0.0223712,0.00195625,0.606101,0.64292
3522,1,0.0785674,0.0306983,-0.401725,1,1,1,5.4302,0.0122173,0.0255671,0.0019839,0.550859,0.48501
3523,1,0.0787158,0.0287107,-0.393749,1,1,1,5.43029,0.0122173,0.0245018,0.00199646,0.54095,0.383496
3524,1,0.0788552,0.0267527,-0.385181,1,1,1,5.43039,0.0698132,0.0223712,0.00201074,0.543435,0.575244
3525,1,0.0789834,0.0248608,-0.376167,1,1,1,5.43048,0,0.0159795,0.00204594,0.596429,0.518848
3526,1,0.0791031,0.0230037,-0.366543,1,1,1,5.43058,0.0261799,-0.00639178,0.00207766,0.825248,0.654199
3527,1,0.0792137,0.0211949,-0.356352,1,1,1,5.43068,0.0610865,0.028763,0.00207877,0.417916,0.586523
3528,1,0.0793152,0.0194395,-0.345597,1,1,1,5.43068,-0.020944,0.0234365,0.00210896,0.460453,0.620361
3529,1,0.0794081,0.0177413,-0.334279,1,1,1,5.43077,0,0.0127836,0.00209022,0.555905,0.507568
3530,1,0.0794927,0.0160989,-0.322363,1,1,1,5.43077,0,0.0138489,0.00209696,0.526587,0.451172
3531,1,0.0795692,0.0145173,-0.309854,1,1,1,5.43087,0.00872665,0.00532648,0.0021192,0.605612,0.597803
3532,1,0.079638,0.0130005,-0.296754,1,1,1,5.43087,0,-0.0138489,0.00218618,0.808607,0.530127
3533,1,0.0796994,0.01155,-0.283041,1,1,1,5.43096,0.010472,-1.30461e-18,0.00218854,0.640703,0.507568
3534,1,0.0797536,0.0101707,-0.268727,1,1,1,5.43096,0,0.00532648,0.00218194,0.566324,0.47373
3535,1,0.0798012,0.00886438,-0.253793,1,1,1,5.43096,0,0.0213059,0.00218202,0.376629,0.451172
3536,1,0.0798424,0.00763408,-0.238231,1,1,1,5.43106,0.0191986,0.0010653,0.00220643,0.589588,0.48501
3537,1,0.0798776,0.00648421,-0.22205,1,1,1,5.43106,0,-0.00426119,0.00222388,0.638649,0.563965
3538,1,0.0799074,0.00541461,-0.205194,1,1,1,5.43106,0.010472,-0.0149142,0.00223963,0.747157,0.507568
3539,1,0.0799319,0.00443208,-0.187708,1,1,1,5.43106,0.0191986,0.00532648,0.00225939,0.517524,0.47373
3540,1,0.0799518,0.00353853,-0.169565,1,1,1,5.43106,0.00349066,-0.00319589,0.00227367,0.604747,0.530127
3541,1,0.0799675,0.00273745,-0.150763,1,1,1,5.43106,0,0.0117183,0.00226494,0.432361,0.552686
3542,1,0.0799794,0.00203198,-0.131288,1,1,1,5.43106,0,0.010653,0.00228753,0.441151,0.575244
3543,1,0.079988,0.0014256,-0.111137,1,1,1,5.43106,0,0.0010653,0.00228389,0.541539,0.47373
3544,1,0.0799938,0.000921781,-0.0903073,1,1,1,5.43106,0,0.0159795,0.00226556,0.371823,0.518848
3545,1,0.0799974,0.000523861,-0.0687886,1,1,1,5.43106,0,-0.00852238,0.00223565,0.635552,0.541406
3546,1,0.0799992,0.000235131,-0.0465606,1,1,1,5.43106,0,0.00639178,0.0022803,0.476989,0.654199
3547,1,0.0799999,5.94907e-05,-0.0236588,1,1,1,5.43115,-0.020944,-0.00319589,0.00226142,0.581045,0.417334
3548,1,0.08,2.75972e-11,-1.62766e-05,1,1,1,5.43115,0.00872665,-0.00958767,0.00226142,0.653969,0.552686
3549,1,0.08,0,0,1,1,1,5.43115,0,-0.0010653,0.00223265,0.556427,0.428613
3550,1,0.08,0,0,1,1,1,5.43115,0.0261799,-0.010653,0.00226454,0.666102,0.654199
3551,1,0.08,0,0,1,1,1,5.43115,0.00872665,-0.00213059,0.00226501,0.572417,0.518848
3552,1,0.08,0,0,1,1,1,5.43115,0,0.0170448,0.0021986,0.352723,0.541406
3553,1,0.08,0,0,1,1,1,5.43115,0,-0.00319589,0.00218403,0.573446,0.575244
3554,1,0.08,0,0,1,1,1,5.43115,0,0.0149142,0.00215896,0.370927,0.518848
3555,1,0.08,0,0,1,1,1,5.43115,0,0.0245018,0.00213419,0.262193,0.439893
3556,1,0.08,0,0,1,1,1,5.43115,0,0.00213059,0.00213286,0.508101,0.496289
3557,1,0.08,0,0,1,1,1,5.43115,0,0.0202406,0.00214377,0.310331,0.530127
3558,1,0.08,0,0,1,1,1,5.43115,0,-0.0117183,0.0021286,0.659877,0.451172
3559,1,0.08,0,0,1,1,1,5.43115,0.0191986,0.0191753,0.00210607,0.317072,0.48501
3560,1,0.08,0,0,1,1,1,5.43115,0,-0.00319589,0.00210063,0.562438,0.451172
3561,1,0.08,0,0,1,1,1,5.43115,0,0.00958767,0.00209383,0.420922,0.48501
3562,1,0.08,0,0,1,1,1,5.43115,0,0.00319589,0.00207181,0.488325,0.349658
3563,1,0.08,0,0,1,1,1,5.43115,0.00698132,-0.00426119,0.00209405,0.573287,0.530127
3564,1,0.08,0,0,1,1,1,5.43115,0,0.0159795,0.00203537,0.342894,0.530127
3565,1,0.08,0,0,1,1,1,5.43115,0,-0.0170448,0.00202427,0.704696,0.518848
3566,1,0.08,0,0,1,1,1,5.43115,0,-0.00745708,0.00205191,0.60288,0.609082
3567,1,0.08,0,0,1,1,1,5.43125,0,-0.0117183,0.00203125,0.647026,0.530127
3568,1,0.08,0,0,1,1,1,5.43115,0,0.0223712,0.00204562,0.273939,0.518848
3569,1,0.08,0,0,1,1,1,5.43115,0,-0.00319589,0.00201322,0.5509,0.507568
3570,1,0.08,0,0,1,1,1,5.43115,-0.00174533,0.0117183,0.00198355,0.382928,0.439893
3571,1,0.08,0,0,1,1,1,5.43115,-0.00349066,-0.0010653,0.00195433,0.519689,0.270703
3572,1,0.08,0,0,1,1,1,5.43115,0.0331613,0.00745708,0.00197454,0.428611,0.47373
3573,1,0.08,0,0,1,1,1,5.43115,-0.00872665,-0.00213059,0.00196643,0.533006,0.496289
3574,1,0.08,0,0,1,1,1,5.43115,0,0.00426119,0.00195571,0.461281,0.48501
3575,1,0.08,0,0,1,1,1,5.43115,0,0.0127836,0.00193128,0.36431,0.496289
3576,1,0.08,0,0,1,1,1,5.43115,0,-0.0010653,0.00193918,0.51769,0.372217
3577,1,0.08,0,0,1,1,1,5.43125,-0.00698132,-0.00639178,0.00191157,0.572637,0.439893
3578,1,0.08,0,0,1,1,1,5.43115,0,0.00852238,0.00192071,0.409788,0.462451
3579,1,0.08,0,0,1,1,1,5.43125,0,-0.00319589,0.00190716,0.5369,0.48501
3580,1,0.08,0,0,1,1,1,5.43125,0,-0.00852238,0.00191476,0.596495,0.609082
3581,1,0.08,0,0,1,1,1,5.43125,0,-0.00213059,0.0019,0.524236,0.518848
3582,1,0.08,0,0,1,1,1,5.43125,0,0.0010653,0.00185953,0.48374,0.541406
3583,1,0.08,0,0,1,1,1,5.43125,0,-0.0159795,0.00185623,0.670679,0.462451
3584,1,0.08,0,0,1,1,1,5.43115,-0.0122173,0.00639178,0.00185198,0.424152,0.417334
3585,1,0.08,0,0,1,1,1,5.43125,-0.00872665,-0.00745708,0.00184597,0.575696,0.439893
3586,1,0.08,0,0,1,1,1,5.43125,0,0.0159795,0.00181464,0.313758,0.451172
3587,1,0.08,0,0,1,1,1,5.43125,-0.00349066,0.0138489,0.00179408,0.334482,0.406055
3588,1,0.08,0,0,1,1,1,5.43125,0,-0.00426119,0.00179199,0.533416,0.428613
3589,1,0.08,0,0,1,1,1,5.43125,0,-0.00426119,0.0018017,0.534697,0.417334
3590,1,0.08,0,0,1,1,1,5.43125,0.0122173,-0.00426119,0.00177691,0.531425,0.451172
3591,1,0.08,0,0,1,1,1,5.43125,0.00698132,-0.0138489,0.00180512,0.640613,0.518848
3592,1,0.08,0,0,1,1,1,5.43125,0,-0.0159795,0.00184044,0.668712,0.507568
3593,1,0.08,0,0,1,1,1,5.43125,0,-1.17415e-18,0.00176702,0.482671,0.360938
3594,1,0.08,0,0,1,1,1,5.43115,0,0.0170448,0.00173792,0.291914,0.451172
3595,1,0.08,0,0,1,1,1,5.43115,-0.00698132,0.00745708,0.00171214,0.393974,0.417334
3596,1,0.08,0,0,1,1,1,5.43125,0,-0.0138489,0.00170986,0.628039,0.349658
3597,1,0.08,0,0,1,1,1,5.43125,0.00872665,0.0138489,0.00167999,0.319421,0.406055
3598,1,0.08,0,0,1,1,1,5.43125,0,0.01811,0.00166879,0.271069,0.451172
3599,1,0.08,0,0,1,1,1,5.43115,-0.00872665,-0.0127836,0.0016494,0.60834,0.394775
3600,1,0.08,0,0,1,1,1,5.43125,0,0.00852238,0.00161573,0.36953,0.428613
3601,1,0.08,0,0,1,1,1,5.43125,0,-0.0170448,0.00160619,0.64951,0.451172
3602,1,0.08,0,0,1,1,1,5.43125,0,-0.0223712,0.0015956,0.706703,0.665479
3603,1,0.08,0,0,1,1,1,5.43125,0.0366519,0.0010653,0.00164744,0.455744,0.64292
3604,1,0.08,0,0,1,1,1,5.43125,-0.0226893,-0.0010653,0.00160974,0.474203,0.451172
3605,1,0.08,0,0,1,1,1,5.43125,0,0.00319589,0.00159036,0.424773,0.394775
3606,1,0.08,0,0,1,1,1,5.43125,0,0.0117183,0.00156469,0.327639,0.451172
3607,1,0.08,0,0,1,1,1,5.43125,0,0.00745708,0.00155587,0.373348,0.530127
3608,1,0.08,0,0,1,1,1,5.43125,-0.00872665,-0.00426119,0.0015807,0.505525,0.518848
3609,1,0.08,0,0,1,1,1,5.43125,0,0.0117183,0.00153801,0.324117,0.360938
3610,1,0.08,0,0,1,1,1,5.43125,0,-0.0117183,0.00155351,0.583965,0.293262
3611,1,0.08,0,0,1,1,1,5.43125,0,0.00639178,0.00152858,0.381464,0.349658
3612,1,0.08,0,0,1,1,1,5.43125,0,0.0149142,0.00149724,0.28358,0.439893
3613,1,0.08,0,0,1,1,1,5.43125,0,-0.0010653,0.00148692,0.457991,0.293262
3614,1,0.08,0,0,1,1,1,5.43125,0,-0.0170448,0.00146079,0.630316,0.349658
3615,1,0.08,0,0,1,1,1,5.43125,0.00349066,-0.00213059,0.00146129,0.466326,0.507568
3616,1,0.08,0,0,1,1,1,5.43125,0,-4.56614e-19,0.00143456,0.439362,0.406055
3617,1,0.08,0,0,1,1,1,5.43125,0,0.00958767,0.00144659,0.335485,0.439893
3618,1,0.08,0,0,1,1,1,5.43125,0,-0.00745708,0.00147467,0.526684,0.496289
3619,1,0.08,0,0,1,1,1,5.43125,0,-0.0010653,0.0014965,0.459256,0.428613
3620,1,0.08,0,0,1,1,1,5.43125,0,-1.10892e-18,0.00149029,0.446719,0.48501
3621,1,0.08,0,0,1,1,1,5.43125,0,0.00532648,0.00146859,0.385263,0.451172
3622,1,0.08,0,0,1,1,1,5.43125,-0.00872665,-0.0213059,0.00144507,0.675114,0.349658
3623,1,0.08,0,0,1,1,1,5.43125,0.0174533,-0.00745708,0.00146449,0.52534,0.530127
3624,1,0.08,0,0,1,1,1,5.43125,0,0.0255671,0.00141961,0.156151,0.518848
3625,1,0.08,0,0,1,1,1,5.43125,-0.00872665,0.0127836,0.00139866,0.294004,0.394775
3626,1,0.08,0,0,1,1,1,5.43125,0,-0.00319589,0.00139942,0.469878,0.360938
3627,1,0.08,0,0,1,1,1,5.43125,0,-0.00639178,0.00141725,0.507387,0.406055
3628,1,0.08,0,0,1,1,1,5.43125,0,0.0191753,0.00136233,0.218899,0.214307
3629,1,0.08,0,0,1,1,1,5.43125,0,0.0149142,0.00135905,0.265339,0.349658
3630,1,0.08,0,0,1,1,1,5.43125,0,-0.00958767,0.00138517,0.538306,0.360938
3631,1,0.08,0,0,1,1,1,5.43125,0,-0.00745708,0.00136115,0.5117,0.428613
3632,1,0.08,0,0,1,1,1,5.43125,0,-0.0010653,0.00138896,0.44506,0.507568
3633,1,0.08,0,0,1,1,1,5.43125,0,0.0010653,0.00138383,0.420948,0.462451
3634,1,0.08,0,0,1,1,1,5.43125,0,-0.0223712,0.00133682,0.672238,0.48501
3635,1,0.08,0,0,1,1,1,5.43125,0.0471239,0.0138489,0.00133453,0.27382,0.394775
3636,1,0.08,0,0,1,1,1,5.43115,-0.00872665,0.00319589,0.00132222,0.389164,0.439893
3637,1,0.08,0,0,1,1,1,5.43125,-0.00349066,-0.0117183,0.00132745,0.554125,0.428613
3638,1,0.08,0,0,1,1,1,5.43125,0.00872665,-0.0127836,0.00130831,0.563316,0.439893
3639,1,0.08,0,0,1,1,1,5.43125,0.0122173,0.00213059,0.00133117,0.402278,0.496289
3640,1,0.08,0,0,1,1,1,5.43125,-0.00523599,0.0010653,0.0013161,0.412007,0.360938
3641,1,0.08,0,0,1,1,1,5.43125,0,0.00319589,0.00132266,0.389436,0.383496
3642,1,0.08,0,0,1,1,1,5.43125,0.00872665,-0.0202406,0.00132608,0.64769,0.462451
3643,1,0.08,0,0,1,1,1,5.43125,0.0366519,0.0127836,0.00133366,0.285424,0.496289
3644,1,0.08,0,0,1,1,1,5.43125,-0.0122173,-0.0010653,0.00136494,0.441891,0.496289
3645,1,0.08,0,0,1,1,1,5.43125,-0.0244346,0.00213059,0.00130956,0.399415,0.31582
3646,1,0.08,0,0,1,1,1,5.43125,0,0.010653,0.00130417,0.304968,0.406055
3647,1,0.08,0,0,1,1,1,5.43125,0,-0.0223712,0.00131138,0.669186,0.338379
3648,1,0.08,-1.38067e-11,-1.62815e-05,1,1,1,5.43125,0,0.00319589,0.0012775,0.383473,0.349658
3649,1,0.0799998,-0.000118861,-0.0472937,1,1,1,5.43125,0.015708,0.00532648,0.00127578,0.35166,0.439893
3650,1,0.0799984,-0.00047083,-0.0931762,1,1,1,5.43125,-0.0122173,-0.00745708,0.00127083,0.480809,0.338379
3651,1,0.0799947,-0.00104733,-0.137552,1,1,1,5.43125,0,0.00319589,0.00126431,0.349405,0.304541
3652,1,0.0799876,-0.00184438,-0.180653,1,1,1,5.43125,0,0.00852238,0.00123114,0.270517,0.372217
3653,1,0.0799759,-0.00285225,-0.222314,1,1,1,5.43125,0,-0.00426119,0.0012437,0.394547,0.281982
3654,1,0.0799587,-0.00406517,-0.262613,1,1,1,5.43125,0,0.00213059,0.00119339,0.296626,0.191748
3655,1,0.079935,-0.00547442,-0.301513,1,1,1,5.43115,0,0.0117183,0.00121091,0.171029,0.338379
3656,1,0.0799036,-0.0070789,-0.339171,1,1,1,5.43115,0,-0.0213059,0.00116718,0.503485,0.293262
3657,1,0.0798639,-0.00886505,-0.375433,1,1,1,5.43125,0.00872665,0.00745708,0.00112317,0.153887,0.281982
3658,1,0.0798147,-0.0108313,-0.410422,1,1,1,5.43115,0,0.0308936,0.00105388,-0.142611,0.214307
3659,1,0.0797553,-0.0129652,-0.444051,1,1,1,5.43115,0,-0.01811,0.00100605,0.35906,0.191748
3660,1,0.0796848,-0.0152669,-0.476445,1,1,1,5.43115,0,-0.0149142,0.000930227,0.281108,0.169189
3661,1,0.0796017,-0.0177465,-0.5078,1,1,1,5.43115,0,0.00426119,0.000861101,0.0257236,0.248145
3662,1,0.0795072,-0.0203419,-0.53746,1,1,1,5.43115,-0.0139626,-0.00639178,0.000766078,0.0920754,0.0676758
3663,1,0.0793983,-0.0231107,-0.566187,1,1,1,5.43106,0,0.0149142,0.000664785,-0.195355,0.0563965
3664,1,0.0792756,-0.0260104,-0.593591,1,1,1,5.43106,0,0.00639178,0.000499376,-0.169489,0.0225586
3665,1,0.0791384,-0.0290356,-0.619716,1,1,1,5.43106,0,-0.00745708,0.000377713,-0.0791205,0.0112793
3666,1,0.0789853,-0.0321988,-0.644734,1,1,1,5.43106,-0.0174533,-0.00745708,0.000231754,-0.146847,-0.0112793
3667,1,0.0788162,-0.0354814,-0.66855,1,1,1,5.43106,0,-0.00639178,0.000120017,-0.221376,-0.0112793
3668,1,0.0786304,-0.0388808,-0.691205,1,1,1,5.43096,-0.0139626,-0.00319589,-8.11421e-05,-0.337911,-0.0902344
3669,1,0.0784272,-0.0423909,-0.71271,1,1,1,5.43096,-0.0174533,-0.00852238,-0.000257564,-0.358352,-0.124072
3670,1,0.0782065,-0.0460029,-0.733063,1,1,1,5.43087,-0.0122173,-0.0223712,-0.000457432,-0.290299,-0.15791
3671,1,0.0779672,-0.0497162,-0.752306,1,1,1,5.43077,-0.0139626,-0.0117183,-0.00065291,-0.492635,-0.372217
3672,1,0.0777087,-0.0535299,-0.770473,1,1,1,5.43068,0,-0.00532648,-0.000881514,-0.655535,-0.360938
3673,1,0.0774319,-0.0574188,-0.787487,1,1,1,5.43048,-0.020944,-0.0170448,-0.00102948,-0.605774,-0.248145
3674,1,0.0771344,-0.0614021,-0.803472,1,1,1,5.43039,-0.0523599,-0.0223712,-0.00117598,-0.628517,-0.563965
3675,1,0.0768177,-0.0654519,-0.818349,1,1,1,5.4302,-0.0593412,-0.039416,-0.00135378,-0.529894,-0.699316
3676,1,0.0764799,-0.0695824,-0.832208,1,1,1,5.43,-0.0122173,-0.0383507,-0.00148046,-0.621733,-0.631641
3677,1,0.0761215,-0.0737761,-0.845017,1,1,1,5.42972,-0.0593412,-0.028763,-0.00160198,-0.806368,-0.417334
3678,1,0.0757399,-0.0780543,-0.856864,1,1,1,5.42952,-0.0907571,-0.0564607,-0.00171417,-0.581751,-0.654199
3679,1,0.0753415,-0.082338,-0.86757,1,1,1,5.42914,-0.0174533,-0.0564607,-0.00181801,-0.65976,-0.530127
3680,1,0.0749189,-0.0867016,-0.877358,1,1,1,5.42885,-0.109956,-0.0713749,-0.00187973,-0.567784,-0.439893
3681,1,0.0744744,-0.09111,-0.886162,1,1,1,5.42847,-0.0890118,-0.0724402,-0.00192316,-0.625644,-0.586523
3682,1,0.0740072,-0.0955663,-0.894013,1,1,1,5.42809,-0.0802851,-0.0671137,-0.00201939,-0.76333,-0.665479
3683,1,0.0735181,-0.100054,-0.900903,1,1,1,5.42761,-0.102974,-0.0767014,-0.00212472,-0.739268,-0.789551
3684,1,0.0730067,-0.104573,-0.906856,1,1,1,5.42732,-0.0453786,-0.100138,-0.00216206,-0.55129,-0.688037
3685,1,0.0724722,-0.109122,-0.911891,1,1,1,5.42674,-0.127409,-0.100138,-0.00219245,-0.619121,-0.563965
3686,1,0.0719124,-0.113714,-0.916033,1,1,1,5.42636,-0.109956,-0.0884196,-0.00228724,-0.82744,-0.755713
3687,1,0.0713346,-0.118286,-0.919251,1,1,1,5.42569,-0.127409,-0.0958767,-0.00235266,-0.821104,-0.676758
3688,1,0.0707325,-0.122882,-0.921601,1,1,1,5.42521,-0.129154,-0.10866,-0.00240618,-0.754189,-0.766992
3689,1,0.0701066,-0.127494,-0.923091,1,1,1,5.42464,-0.143117,-0.103334,-0.00243627,-0.881457,-0.665479
3690,1,0.0694577,-0.13211,-0.923731,1,1,1,5.42416,-0.0890118,-0.121444,-0.00246673,-0.752266,-0.530127
3691,1,0.0687855,-0.13673,-0.923537,1,1,1,5.42329,-0.148353,-0.121444,-0.00255672,-0.832872,-0.766992
3692,1,0.0680904,-0.141345,-0.922521,1,1,1,5.42281,-0.132645,-0.129966,-0.00263394,-0.817579,-0.834668
3693,1,0.0673729,-0.145949,-0.920702,1,1,1,5.42195,-0.141372,-0.140619,-0.0026556,-0.768201,-0.823389
3694,1,0.0666316,-0.150546,-0.918089,1,1,1,5.42138,-0.151844,-0.172578,-0.00269114,-0.488026,-0.789551
3695,1,0.0658664,-0.155134,-0.914693,1,1,1,5.42051,-0.0855211,-0.169382,-0.00270434,-0.588501,-0.778271
3696,1,0.0650797,-0.159696,-0.91054,1,1,1,5.41975,-0.230383,-0.156599,-0.00268448,-0.788577,-0.755713
3697,1,0.0642706,-0.164232,-0.905642,1,1,1,5.41879,-0.16057,-0.184296,-0.00263212,-0.538216,-0.688037
3698,1,0.0634373,-0.168751,-0.899999,1,1,1,5.41821,-0.148353,-0.172578,-0.00256804,-0.715885,-0.462451
3699,1,0.0625784,-0.173256,-0.89361,1,1,1,5.41706,-0.232129,-0.157664,-0.00259415,-0.945812,-0.721875
3700,1,0.0617045,-0.177689,-0.886573,1,1,1,5.41629,-0.167552,-0.192819,-0.00260338,-0.623109,-0.902344
3701,1,0.0608056,-0.182099,-0.878824,1,1,1,5.41534,-0.150098,-0.175774,-0.0026098,-0.871294,-0.879785
3702,1,0.059885,-0.186469,-0.8704,1,1,1,5.41447,-0.216421,-0.196015,-0.00257664,-0.703113,-0.778271
3703,1,0.0589401,-0.190806,-0.86129,1,1,1,5.41332,-0.191986,-0.193884,-0.00255893,-0.78193,-0.879785
3704,1,0.057977,-0.195082,-0.851565,1,1,1,5.41256,-0.150098,-0.210929,-0.00254575,-0.650474,-0.789551
3705,1,0.0569911,-0.199313,-0.841191,1,1,1,5.41131,-0.178024,-0.224778,-0.00253043,-0.553716,-0.812109
3706,1,0.055984,-0.203492,-0.830197,1,1,1,5.41045,-0.226893,-0.201341,-0.00251666,-0.865148,-0.778271
3707,1,0.0549549,-0.20762,-0.818583,1,1,1,5.4093,-0.20944,-0.214125,-0.00249084,-0.776927,-0.891064
3708,1,0.0539062,-0.211684,-0.806388,1,1,1,5.40853,-0.167552,-0.208798,-0.00246096,-0.884642,-0.721875
3709,1,0.0528385,-0.215681,-0.793631,1,1,1,5.40709,-0.287979,-0.204537,-0.00249444,-0.991711,-0.97002
3710,1,0.0517503,-0.219616,-0.780305,1,1,1,5.40613,-0.190241,-0.213059,-0.0025229,-0.957471,-0.981299
3711,1,0.0506434,-0.22348,-0.766441,1,1,1,5.40479,-0.225147,-0.202406,-0.00249886,-1.12278,-0.936182
3712,1,0.0495165,-0.227277,-0.752034,1,1,1,5.40393,-0.235619,-0.254606,-0.00248038,-0.598652,-0.947461
3713,1,0.0483709,-0.230999,-0.737111,1,1,1,5.40258,-0.137881,-0.230104,-0.00244486,-0.911358,-0.778271
3714,1,0.0472058,-0.234649,-0.721668,1,1,1,5.40153,-0.335103,-0.25141,-0.002367,-0.712839,-0.868506
3715,1,0.046022,-0.238223,-0.705729,1,1,1,5.40019,-0.225147,-0.248214,-0.00229934,-0.783591,-0.721875
3716,1,0.0448245,-0.241704,-0.689365,1,1,1,5.39913,-0.26529,-0.234365,-0.00227347,-0.97695,-0.699316
3717,1,0.0436059,-0.245113,-0.67249,1,1,1,5.39741,-0.284489,-0.237561,-0.00229282,-0.990871,-0.924902
3718,1,0.0423726,-0.248431,-0.655195,1,1,1,5.39645,-0.223402,-0.249279,-0.00224699,-0.898377,-0.766992
3719,1,0.0411235,-0.25166,-0.637478,1,1,1,5.39491,-0.274017,-0.259932,-0.00217991,-0.812838,-0.766992
3720,1,0.0398554,-0.254806,-0.6193,1,1,1,5.39396,-0.244346,-0.254606,-0.00210299,-0.899495,-0.857227
3721,1,0.0385744,-0.257855,-0.600756,1,1,1,5.39242,-0.267035,-0.250345,-0.00203453,-0.974971,-0.64292
3722,1,0.0372678,-0.260834,-0.581668,1,1,1,5.39127,-0.326377,-0.257802,-0.00196949,-0.919886,-0.879785
3723,1,0.0359666,-0.263672,-0.562497,1,1,1,5.38983,-0.308923,-0.282304,-0.00197263,-0.689747,-0.924902
3724,1,0.0346423,-0.266434,-0.542834,1,1,1,5.38859,-0.244346,-0.275912,-0.00190345,-0.783228,-0.812109
3725,1,0.0333022,-0.2691,-0.522793,1,1,1,5.38715,-0.308923,-0.275912,-0.00191272,-0.819397,-0.80083
3726,1,0.0319505,-0.271663,-0.502442,1,1,1,5.38609,-0.221657,-0.274847,-0.00190876,-0.863979,-0.891064
3727,1,0.0305858,-0.274124,-0.481768,1,1,1,5.38456,-0.296706,-0.257802,-0.00195649,-1.09103,-0.947461
3728,1,0.0292094,-0.27648,-0.460797,1,1,1,5.38351,-0.258309,-0.254606,-0.00204833,-1.17442,-1.17305
3729,1,0.0278223,-0.27873,-0.439551,1,1,1,5.38178,-0.277507,-0.26739,-0.00214514,-1.07743,-1.24072
3730,1,0.0264235,-0.280873,-0.418019,1,1,1,5.38063,-0.267035,-0.271651,-0.00218146,-1.05862,-1.10537
3731,1,0.0250121,-0.282912,-0.396195,1,1,1,5.37919,-0.272271,-0.308936,-0.00218444,-0.670806,-1.10537
3732,1,0.0235934,-0.284837,-0.374167,1,1,1,5.37814,-0.233874,-0.272716,-0.002282,-1.10263,-1.02642
3733,1,0.0221645,-0.286652,-0.351896,1,1,1,5.37622,-0.279253,-0.266324,-0.00229688,-1.19406,-0.947461
3734,1,0.0207282,-0.288354,-0.329429,1,1,1,5.37526,-0.275762,-0.276977,-0.00233618,-1.09979,-1.02642
3735,1,0.0192825,-0.289945,-0.306744,1,1,1,5.37344,-0.277507,-0.275912,-0.00235082,-1.12975,-1.07153
3736,1,0.0178277,-0.291422,-0.283849,1,1,1,5.37248,-0.233874,-0.28763,-0.00237837,-1.01939,-0.924902
3737,1,0.0163664,-0.292785,-0.260789,1,1,1,5.37066,-0.274017,-0.30574,-0.002359,-0.831108,-0.936182
3738,1,0.0149011,-0.294029,-0.237613,1,1,1,5.36951,-0.314159,-0.296153,-0.00237925,-0.951236,-1.06025
3739,1,0.0134284,-0.295159,-0.214268,1,1,1,5.36769,-0.207694,-0.295087,-0.00240651,-0.977118,-0.936182
3740,1,0.01195,-0.296172,-0.190788,1,1,1,5.36644,-0.39619,-0.32172,-0.00236941,-0.68835,-0.902344
3741,1,0.0104666,-0.297067,-0.167191,1,1,1,5.36491,-0.244346,-0.299348,-0.00231555,-0.935,-0.812109
3742,1,0.00897067,-0.297848,-0.143358,1,1,1,5.36347,-0.357792,-0.313197,-0.00226663,-0.782412,-0.845947
3743,1,0.00748862,-0.298501,-0.119718,1,1,1,5.36174,-0.34383,-0.298283,-0.00226265,-0.95063,-0.981299
3744,1,0.00599463,-0.29904,-0.0958628,1,1,1,5.3603,-0.301942,-0.291891,-0.00225117,-1.02268,-1.02642
3745,1,0.00449676,-0.29946,-0.0719266,1,1,1,5.35867,-0.357792,-0.304675,-0.00224518,-0.883043,-0.857227
3746,1,0.00300013,-0.29976,-0.0479956,1,1,1,5.35752,-0.226893,-0.311067,-0.00217969,-0.804385,-0.744434
3747,1,0.00150097,-0.29994,-0.0240147,1,1,1,5.3557,-0.356047,-0.292957,-0.0021985,-1.00488,-0.834668
3748,1,1.2225e-06,-0.3,-1.956e-05,1,1,1,5.35436,-0.331613,-0.2855,-0.00222825,-1.0882,-0.95874
3749,1,-0.00149879,-0.29994,0.0239799,1,1,1,5.35254,-0.345575,-0.312132,-0.00224474,-0.793263,-1.01514
3750,1,-0.00299827,-0.29976,0.047966,1,1,1,5.35139,-0.235619,-0.294022,-0.00225901,-0.988757,-0.834668
3751,1,-0.004498,-0.29946,0.0719464,1,1,1,5.34957,-0.277507,-0.313197,-0.00219222,-0.761919,-0.902344
3752,1,-0.00599271,-0.299041,0.0958322,1,1,1,5.3487,-0.247837,-0.301479,-0.00212189,-0.873022,-0.665479
3753,1,-0.00749529,-0.298499,0.119824,1,1,1,5.34669,-0.338594,-0.300414,-0.00194056,-0.850791,-0.879785
3754,1,-0.00897874,-0.297844,0.143487,1,1,1,5.34554,-0.272271,-0.296153,-0.00218352,-0.918322,-1.0377
3755,1,-0.0104648,-0.297068,0.167162,1,1,1,5.34362,-0.237365,-0.295087,-0.00204679,-0.899106,-1.10537
3756,1,-0.0119479,-0.296173,0.190756,1,1,1,5.34266,-0.263545,-0.299348,-0.00202067,-0.833611,-0.947461
3757,1,-0.0134353,-0.295154,0.214377,1,1,1,5.34094,-0.242601,-0.286565,-0.00205699,-0.964019,-0.947461
3758,1,-0.0149008,-0.29403,0.237608,1,1,1,5.33969,-0.336849,-0.292957,-0.00209456,-0.881572,-1.02642
3759,1,-0.0163665,-0.292785,0.260792,1,1,1,5.33806,-0.254818,-0.279108,-0.0021445,-1.02195,-1.00386
3760,1,-0.0178274,-0.291423,0.283844,1,1,1,5.33672,-0.329867,-0.290826,-0.00218394,-0.878259,-1.0377
3761,1,-0.0192819,-0.289945,0.306734,1,1,1,5.33528,-0.230383,-0.280173,-0.00222663,-0.979701,-0.924902
3762,1,-0.0207275,-0.288355,0.329418,1,1,1,5.33423,-0.256563,-0.272716,-0.00226847,-1.04452,-0.857227
3763,1,-0.0221654,-0.286651,0.35191,1,1,1,5.3325,-0.310669,-0.25141,-0.00235586,-1.26634,-1.01514
3764,1,-0.0235943,-0.284836,0.374182,1,1,1,5.33145,-0.279253,-0.271651,-0.00246918,-1.0332,-1.24072
3765,1,-0.0250118,-0.282912,0.396191,1,1,1,5.32991,-0.267035,-0.274847,-0.00255944,-0.98322,-1.09409
3766,1,-0.0264214,-0.280877,0.417986,1,1,1,5.32876,-0.254818,-0.256737,-0.00262374,-1.16282,-0.992578
3767,1,-0.0278223,-0.27873,0.43955,1,1,1,5.32713,-0.301942,-0.304675,-0.00266043,-0.610915,-1.10537
3768,1,-0.0292087,-0.276482,0.460785,1,1,1,5.32627,-0.197222,-0.26952,-0.00273204,-0.976457,-0.981299
3769,1,-0.0305865,-0.274123,0.481778,1,1,1,5.32445,-0.275762,-0.247149,-0.00279371,-1.19875,-1.02642
3770,1,-0.0319496,-0.271665,0.502428,1,1,1,5.32339,-0.293215,-0.282304,-0.00283459,-0.784319,-1.11665
3771,1,-0.0333018,-0.269101,0.522787,1,1,1,5.32195,-0.242601,-0.289761,-0.00279168,-0.662253,-0.857227
3772,1,-0.0346417,-0.266435,0.542826,1,1,1,5.3208,-0.254818,-0.268455,-0.0027572,-0.856512,-0.665479
3773,1,-0.035967,-0.263671,0.562504,1,1,1,5.31917,-0.296706,-0.283369,-0.00272588,-0.651581,-0.733154
3774,1,-0.0372783,-0.26081,0.581821,1,1,1,5.31812,-0.261799,-0.263128,-0.00270806,-0.834016,-0.789551
3775,1,-0.0385757,-0.257852,0.600775,1,1,1,5.31639,-0.296706,-0.265259,-0.00269822,-0.770268,-0.992578
3776,1,-0.0398581,-0.2548,0.619339,1,1,1,5.31534,-0.256563,-0.276977,-0.00267482,-0.598137,-1.15049
3777,1,-0.0411231,-0.251661,0.637473,1,1,1,5.314,-0.188496,-0.255671,-0.00257049,-0.777604,-0.688037
3778,1,-0.0423721,-0.248432,0.655188,1,1,1,5.31294,-0.296706,-0.238627,-0.00251615,-0.915773,-0.778271
3779,1,-0.0436074,-0.245109,0.67251,1,1,1,5.31141,-0.254818,-0.252475,-0.00249367,-0.717205,-0.778271
3780,1,-0.0448231,-0.241708,0.689346,1,1,1,5.31026,-0.267035,-0.271651,-0.00243814,-0.454802,-0.654199
3781,1,-0.0460239,-0.238217,0.705753,1,1,1,5.30892,-0.226893,-0.248214,-0.00240618,-0.663202,-0.766992
3782,1,-0.0472062,-0.234648,0.721674,1,1,1,5.30786,-0.219911,-0.247149,-0.0023559,-0.62221,-0.665479
3783,1,-0.0483703,-0.231001,0.737103,1,1,1,5.30642,-0.235619,-0.235431,-0.00235965,-0.704639,-0.609082
3784,1,-0.0495163,-0.227277,0.752032,1,1,1,5.30556,-0.228638,-0.211994,-0.0023277,-0.910376,-0.597803
3785,1,-0.0506428,-0.223482,0.766434,1,1,1,5.30422,-0.272271,-0.21519,-0.00230368,-0.823401,-0.597803
3786,1,-0.0517568,-0.219593,0.780385,1,1,1,5.30345,-0.216421,-0.17897,-0.002364,-1.18007,-0.744434
3787,1,-0.052838,-0.215683,0.793625,1,1,1,5.30192,-0.254818,-0.219451,-0.00242678,-0.693157,-0.868506
3788,1,-0.0539077,-0.211678,0.806406,1,1,1,5.30115,-0.15708,-0.230104,-0.00243381,-0.525892,-0.733154
3789,1,-0.0549546,-0.207621,0.81858,1,1,1,5.3,-0.188496,-0.196015,-0.00243133,-0.848999,-0.676758
3790,1,-0.0559825,-0.203498,0.830181,1,1,1,5.29914,-0.247837,-0.206668,-0.00244969,-0.681973,-0.812109
3791,1,-0.056995,-0.199297,0.841233,1,1,1,5.29799,-0.129154,-0.210929,-0.00247063,-0.584687,-0.688037
3792,1,-0.0579768,-0.195082,0.851563,1,1,1,5.29732,-0.218166,-0.194949,-0.00244809,-0.704275,-0.654199
3793,1,-0.0589403,-0.190805,0.861293,1,1,1,5.29616,-0.169297,-0.175774,-0.00248126,-0.865683,-0.676758
3794,1,-0.0598893,-0.186449,0.870441,1,1,1,5.2953,-0.23911,-0.190688,-0.00252567,-0.652693,-0.902344
3795,1,-0.0608051,-0.182102,0.878819,1,1,1,5.29434,-0.115192,-0.161925,-0.0025996,-0.924283,-0.868506
3796,1,-0.0617058,-0.177682,0.886584,1,1,1,5.29358,-0.205949,-0.151272,-0.00267461,-0.995974,-0.834668
3797,1,-0.062583,-0.173232,0.893646,1,1,1,5.29252,-0.207694,-0.145946,-0.00273508,-1.0069,-0.902344
3798,1,-0.0634379,-0.168748,0.900003,1,1,1,5.29185,-0.153589,-0.16086,-0.00277182,-0.791713,-0.936182
3799,1,-0.0642694,-0.164239,0.905634,1,1,1,5.29099,-0.171042,-0.155533,-0.00280419,-0.798388,-0.744434
3800,1,-0.0650794,-0.159697,0.910538,1,1,1,5.29041,-0.1309,-0.16086,-0.00281363,-0.684583,-0.609082
3801,1,-0.0658663,-0.155135,0.914692,1,1,1,5.28955,-0.169297,-0.161925,-0.00280538,-0.615154,-0.778271
3802,1,-0.0666314,-0.150548,0.918087,1,1,1,5.28907,-0.0959931,-0.131032,-0.00286797,-0.906425,-0.823389
3803,1,-0.0673718,-0.145955,0.920698,1,1,1,5.28811,-0.143117,-0.107595,-0.00295,-1.11828,-0.823389
3804,1,-0.0680904,-0.141345,0.922521,1,1,1,5.28763,-0.125664,-0.129966,-0.00301814,-0.824304,-0.823389
3805,1,-0.0687862,-0.136725,0.923537,1,1,1,5.28686,-0.13439,-0.127836,-0.00307157,-0.797922,-1.00386
3806,1,-0.0694583,-0.132107,0.923731,1,1,1,5.28648,-0.0733038,-0.110791,-0.00316389,-0.940839,-0.789551
3807,1,-0.070107,-0.127491,0.92309,1,1,1,5.28571,-0.169297,-0.0926808,-0.00326289,-1.09651,-0.936182
3808,1,-0.0707333,-0.122876,0.921599,1,1,1,5.28523,-0.0942478,-0.0948114,-0.00335812,-1.02919,-0.97002
3809,1,-0.0713353,-0.118281,0.919248,1,1,1,5.28456,-0.122173,-0.111856,-0.00339064,-0.789872,-0.868506
3810,1,-0.0719152,-0.113692,0.916016,1,1,1,5.28428,-0.0785398,-0.116117,-0.00345788,-0.695972,-0.845947
3811,1,-0.0724731,-0.109115,0.911883,1,1,1,5.28361,-0.0436332,-0.0990726,-0.00351488,-0.835355,-0.924902
3812,1,-0.0730071,-0.104569,0.906852,1,1,1,5.28322,-0.109956,-0.113987,-0.00355999,-0.622138,-0.868506
3813,1,-0.073518,-0.100055,0.900905,1,1,1,5.28274,-0.0645772,-0.103334,-0.00360675,-0.690888,-0.981299
3814,1,-0.0740075,-0.0955632,0.894008,1,1,1,5.28226,-0.0610865,-0.0905502,-0.00365689,-0.78393,-0.834668
3815,1,-0.0744738,-0.0911165,0.886175,1,1,1,5.28178,-0.113446,-0.068179,-0.00373415,-0.986707,-0.97002
3816,1,-0.0749187,-0.0867031,0.877361,1,1,1,5.2815,-0.0261799,-0.0809626,-0.00380167,-0.802042,-0.812109
3817,1,-0.075341,-0.0823437,0.867584,1,1,1,5.28102,-0.0837758,-0.0830932,-0.00389645,-0.738953,-0.992578
3818,1,-0.0757423,-0.0780281,0.856795,1,1,1,5.28082,-0.0418879,-0.0628525,-0.00397114,-0.919978,-0.857227
3819,1,-0.0761213,-0.0737783,0.845023,1,1,1,5.28035,-0.0575959,-0.0415466,-0.00406475,-1.11617,-1.00386
3820,1,-0.0764798,-0.0695837,0.832212,1,1,1,5.28025,-0.0541052,-0.0607219,-0.00416652,-0.868964,-1.10537
3821,1,-0.0768173,-0.0654576,0.818369,1,1,1,5.27987,0,-0.0532648,-0.00423481,-0.911285,-0.868506
3822,1,-0.0771344,-0.0614029,0.803474,1,1,1,5.27967,-0.0872665,-0.0553954,-0.00425835,-0.843259,-0.891064
3823,1,-0.0774317,-0.0574208,0.787496,1,1,1,5.27939,-0.0453786,-0.0596566,-0.00430947,-0.756487,-1.01514
3824,1,-0.0777088,-0.0535283,0.770466,1,1,1,5.2791,-0.0226893,-0.0543301,-0.0043504,-0.775079,-0.857227
3825,1,-0.0779672,-0.0497165,0.752308,1,1,1,5.27891,-0.0610865,-0.0447425,-0.00439881,-0.84268,-0.902344
3826,1,-0.0782062,-0.0460079,0.73309,1,1,1,5.27862,-0.0610865,-0.0223712,-0.00447085,-1.05544,-0.924902
3827,1,-0.0784274,-0.0423882,0.712694,1,1,1,5.27843,-0.0279253,-0.0340895,-0.00449119,-0.887652,-0.744434
3828,1,-0.0786305,-0.0388788,0.691192,1,1,1,5.27833,-0.0558505,-0.0585913,-0.00452313,-0.582283,-0.857227
3829,1,-0.0788163,-0.0354792,0.668535,1,1,1,5.27814,0,-0.0308936,-0.00457154,-0.854799,-0.823389
3830,1,-0.0789853,-0.0321984,0.644731,1,1,1,5.27795,-0.0820305,-0.0362201,-0.00458714,-0.761337,-0.891064
3831,1,-0.0791392,-0.0290181,0.619572,1,1,1,5.27785,-0.015708,-0.0149142,-0.00464051,-0.967245,-0.868506
3832,1,-0.0792759,-0.0260036,0.59353,1,1,1,5.27766,-0.0453786,-0.028763,-0.00462826,-0.779947,-0.845947
3833,1,-0.0793986,-0.023104,0.566121,1,1,1,5.27757,-0.0366519,-0.0426119,-0.00460957,-0.593404,-0.823389
3834,1,-0.0795071,-0.0203442,0.537485,1,1,1,5.27747,-0.00174533,-0.0234365,-0.00459347,-0.772363,-0.778271
3835,1,-0.0796023,-0.0177311,0.507614,1,1,1,5.27728,-0.0349066,-0.0255671,-0.00458838,-0.720385,-0.733154
3836,1,-0.0796847,-0.0152705,0.476493,1,1,1,5.27718,-0.0191986,-0.0276977,-0.00455789,-0.667105,-0.721875
3837,1,-0.0797553,-0.0129656,0.444057,1,1,1,5.27709,0,-0.0223712,-0.00453853,-0.69942,-0.766992
3838,1,-0.0798148,-0.010828,0.410366,1,1,1,5.27709,-0.020944,-0.0191753,-0.0045293,-0.711867,-0.834668
3839,1,-0.0798638,-0.00886608,0.375452,1,1,1,5.27699,0,0.0010653,-0.00453655,-0.916314,-0.699316
3840,1,-0.0799037,-0.00707729,0.339136,1,1,1,5.27689,-0.0279253,2.60922e-19,-0.00447719,-0.879928,-0.665479
3841,1,-0.079935,-0.00547498,0.301527,1,1,1,5.2768,-0.0383972,-0.0202406,-0.00443926,-0.637914,-0.699316
3842,1,-0.0799587,-0.00406369,0.262568,1,1,1,5.2768,0,-0.0191753,-0.00443184,-0.636832,-0.857227
3843,1,-0.0799759,-0.00285269,0.22233,1,1,1,5.2767,-0.00174533,-0.00745708,-0.00445517,-0.759632,-0.95874
3844,1,-0.0799876,-0.00184376,0.180624,1,1,1,5.27661,0,-0.0170448,-0.00441649,-0.642571,-0.823389
3845,1,-0.0799947,-0.00104835,0.137617,1,1,1,5.27661,0,0.00426119,-0.00435706,-0.865408,-0.688037
3846,1,-0.0799984,-0.000470098,0.0931053,1,1,1,5.27651,-0.0174533,-0.0245018,-0.00429444,-0.539945,-0.733154
3847,1,-0.0799998,-0.000118744,0.0472707,1,1,1,5.27651,-0.0174533,-0.00745708,-0.00422784,-0.720817,-0.744434
3848,1,-0.08,-0,-0,1,1,1,5.27651,0.00349066,-0.00745708,-0.00412739,-0.712788,-0.428613
3849,1,-0.08,-0,-0,1,1,1,5.27641,-0.00872665,-0.00319589,-0.00406335,-0.751208,-0.699316
3850,1,-0.08,-0,-0,1,1,1,5.27641,0,0.00745708,-0.00406352,-0.868412,-0.789551
3851,1,-0.08,-0,-0,1,1,1,5.27632,-0.00698132,-0.00852238,-0.004071,-0.693625,-0.744434
3852,1,-0.08,-0,-0,1,1,1,5.27632,0,0.0202406,-0.00408484,-1.01185,-0.857227
3853,1,-0.08,-0,-0,1,1,1,5.27622,-0.0314159,0.0010653,-0.00409019,-0.801623,-0.80083
3854,1,-0.08,-0,-0,1,1,1,5.27622,0,-0.00426119,-0.00406129,-0.739218,-0.834668
3855,1,-0.08,-0,-0,1,1,1,5.27622,0,-0.01811,-0.0040177,-0.581126,-0.721875
3856,1,-0.08,-0,-0,1,1,1,5.27622,-0.00872665,-0.00213059,-0.00391079,-0.742788,-0.575244
3857,1,-0.08,-0,-0,1,1,1,5.27613,-0.0174533,0.00532648,-0.00389262,-0.822417,-0.654199
3858,1,-0.08,-0,-0,1,1,1,5.27613,0,0.0010653,-0.00388195,-0.774136,-0.631641
3859,1,-0.08,-0,-0,1,1,1,5.27613,-0.00872665,0.0138489,-0.00387444,-0.913764,-0.710596
3860,1,-0.08,-0,-0,1,1,1,5.27613,-0.00523599,-0.00639178,-0.00384503,-0.687234,-0.812109
3861,1,-0.08,-0,-0,1,1,1,5.27603,0,0.00319589,-0.00381081,-0.788182,-0.631641
3862,1,-0.08,-0,-0,1,1,1,5.27603,-0.00872665,-0.0223712,-0.0038012,-0.505675,-0.857227
3863,1,-0.08,-0,-0,1,1,1,5.27603,0,-0.00852238,-0.00377991,-0.655202,-0.64292
3864,1,-0.08,-0,-0,1,1,1,5.27603,0,0.00319589,-0.00375002,-0.780158,-0.575244
3865,1,-0.08,-0,-0,1,1,1,5.27594,-0.00872665,-0.00852238,-0.00374478,-0.650565,-0.823389
3866,1,-0.08,-0,-0,1,1,1,5.27594,0,-0.01811,-0.00372713,-0.542771,-0.620361
3867,1,-0.08,-0,-0,1,1,1,5.27594,0.015708,-0.00213059,-0.0036856,-0.713063,-0.428613
3868,1,-0.08,-0,-0,1,1,1,5.27594,-0.0314159,-0.0117183,-0.00365748,-0.603887,-0.710596
3869,1,-0.08,-0,-0,1,1,1,5.27594,0,0.00639178,-0.0036613,-0.803601,-0.789551
3870,1,-0.08,-0,-0,1,1,1,5.27584,0,0.00639178,-0.00366833,-0.804529,-0.744434
3871,1,-0.08,-0,-0,1,1,1,5.27584,0,0.0138489,-0.00362918,-0.881389,-0.620361
3872,1,-0.08,-0,-0,1,1,1,5.27584,-0.00698132,-0.0159795,-0.00361126,-0.550912,-0.699316
3873,1,-0.08,-0,-0,1,1,1,5.27584,0,-0.00639178,-0.00359483,-0.654208,-0.755713
3874,1,-0.08,-0,-0,1,1,1,5.27584,0.00349066,-0.010653,-0.00359431,-0.607266,-0.48501
3875,1,-0.08,-0,-0,1,1,1,5.27574,0.0122173,-0.00639178,-0.00354235,-0.64728,-0.507568
3876,1,-0.08,-0,-0,1,1,1,5.27574,-0.0174533,0.00745708,-0.00356552,-0.802677,-0.665479
3877,1,-0.08,-0,-0,1,1,1,5.27574,0,-0.0010653,-0.00355712,-0.707821,-0.676758
3878,1,-0.08,-0,-0,1,1,1,5.27574,0,-0.00426119,-0.0035478,-0.671437,-0.676758
3879,1,-0.08,-0,-0,1,1,1,5.27574,0,-0.00213059,-0.00352786,-0.692241,-0.789551
3880,1,-0.08,-0,-0,1,1,1,5.27574,0,0.00852238,-0.00353917,-0.810916,-0.631641
3881,1,-0.08,-0,-0,1,1,1,5.27574,-0.010472,0.0010653,-0.00359527,-0.736294,-0.789551
3882,1,-0.08,-0,-0,1,1,1,5.27565,0,0.0010653,-0.00357969,-0.734238,-0.620361
3883,1,-0.08,-0,-0,1,1,1,5.27565,0,-0.0170448,-0.00358027,-0.535104,-0.676758
3884,1,-0.08,-0,-0,1,1,1,5.27565,0,-0.00426119,-0.00358618,-0.676502,-0.688037
3885,1,-0.08,-0,-0,1,1,1,5.27565,0,0.00532648,-0.00360472,-0.784414,-0.654199
3886,1,-0.08,-0,-0,1,1,1,5.27555,-0.0174533,0.0138489,-0.0036044,-0.878119,-0.789551
3887,1,-0.08,-0,-0,1,1,1,5.27555,-0.0122173,-0.00852238,-0.00358698,-0.629735,-0.654199
3888,1,-0.08,-0,-0,1,1,1,5.27555,0,-0.0010653,-0.00357782,-0.710553,-0.620361
3889,1,-0.08,-0,-0,1,1,1,5.27555,0,-0.0117183,-0.00356082,-0.591128,-0.733154
3890,1,-0.08,-0,-0,1,1,1,5.27555,0,-0.0170448,-0.00351182,-0.526068,-0.541406
3891,1,-0.08,-0,-0,1,1,1,5.27546,0,0.00958767,-0.0034957,-0.816897,-0.676758
3892,1,-0.08,-0,-0,1,1,1,5.27546,0,-0.00213059,-0.00348381,-0.686427,-0.710596
3893,1,-0.08,-0,-0,1,1,1,5.27546,0,-0.0191753,-0.00345258,-0.494812,-0.755713
3894,1,-0.08,-0,-0,1,1,1,5.27546,0,0.00319589,-0.00347264,-0.743543,-0.654199
3895,1,-0.08,-0,-0,1,1,1,5.27546,0,0.0117183,-0.00349026,-0.839615,-0.688037
3896,1,-0.08,-0,-0,1,1,1,5.27546,0,-0.00745708,-0.00349197,-0.628912,-0.710596
3897,1,-0.08,-0,-0,1,1,1,5.27546,0,-0.00745708,-0.00348611,-0.628139,-0.721875
3898,1,-0.08,-0,-0,1,1,1,5.27546,-0.0139626,-0.0010653,-0.00350911,-0.701484,-0.845947
3899,1,-0.08,-0,-0,1,1,1,5.27536,0,-0.00639178,-0.00353653,-0.646513,-0.778271
3900,1,-0.08,-0,-0,1,1,1,5.27536,0,0.00426119,-0.00353975,-0.76412,-0.699316
3901,1,-0.08,-0,-0,1,1,1,5.27536,0,0.00745708,-0.00353124,-0.798152,-0.721875
3902,1,-0.08,-0,-0,1,1,1,5.27536,-0.00698132,-0.010653,-0.00348079,-0.592281,-0.744434
3903,1,-0.08,-0,-0,1,1,1,5.27536,0,-0.00426119,-0.00347068,-0.661257,-0.64292
3904,1,-0.08,-0,-0,1,1,1,5.27536,0,0.0127836,-0.00347636,-0.849499,-0.755713
3905,1,-0.08,-0,-0,1,1,1,5.27536,0,0.00639178,-0.00350281,-0.78268,-0.710596
3906,1,-0.08,-0,-0,1,1,1,5.27536,0,-0.00852238,-0.0035135,-0.620036,-0.631641
3907,1,-0.08,-0,-0,1,1,1,5.27526,0,-1.10892e-18,-0.00351891,-0.714496,-0.823389
3908,1,-0.08,-0,-0,1,1,1,5.27526,0,0.00319589,-0.00348651,-0.745374,-0.631641
3909,1,-0.08,-0,-0,1,1,1,5.27526,0,0.0010653,-0.00348145,-0.721269,-0.710596
3910,1,-0.08,-0,-0,1,1,1,5.27526,0,-0.0159795,-0.00345862,-0.530764,-0.552686
3911,1,-0.08,-0,-0,1,1,1,5.27526,0,-0.01811,-0.00346396,-0.508032,-0.789551
3912,1,-0.08,-0,-0,1,1,1,5.27517,0.00349066,0.0159795,-0.00346867,-0.883638,-0.586523
3913,1,-0.08,-0,-0,1,1,1,5.27517,0,0.0138489,-0.00348412,-0.862241,-0.812109
3914,1,-0.08,-0,-0,1,1,1,5.27517,0,-0.0117183,-0.00351529,-0.585117,-0.710596
3915,1,-0.08,-0,-0,1,1,1,5.27517,0,-0.0127836,-0.00350642,-0.572228,-0.733154
3916,1,-0.08,-0,-0,1,1,1,5.27517,0,-0.00745708,-0.0034589,-0.624547,-0.609082
3917,1,-0.08,-0,-0,1,1,1,5.27517,0,0.00213059,-0.00343872,-0.727347,-0.620361
3918,1,-0.08,-0,-0,1,1,1,5.27517,0,0.0159795,-0.00341519,-0.87658,-0.597803
3919,1,-0.08,-0,-0,1,1,1,5.27507,-0.00174533,-0.0010653,-0.00339282,-0.686134,-0.48501
3920,1,-0.08,-0,-0,1,1,1,5.27507,-0.0139626,0.0127836,-0.00342099,-0.84219,-0.699316
3921,1,-0.08,-0,-0,1,1,1,5.27507,-0.0191986,0.00319589,-0.00344335,-0.739677,-0.766992
3922,1,-0.08,-0,-0,1,1,1,5.27507,0,-0.0159795,-0.00341756,-0.525345,-0.631641
3923,1,-0.08,-0,-0,1,1,1,5.27507,0,-0.0149142,-0.00337937,-0.532021,-0.676758
3924,1,-0.08,-0,-0,1,1,1,5.27507,0,-0.00319589,-0.00338174,-0.661235,-0.688037
3925,1,-0.08,-0,-0,1,1,1,5.27507,0,-0.00319589,-0.003388,-0.662061,-0.766992
3926,1,-0.08,-0,-0,1,1,1,5.27507,0,0.010653,-0.00337189,-0.812272,-0.552686
3927,1,-0.08,-0,-0,1,1,1,5.27507,-0.00174533,0.00319589,-0.00334447,-0.726625,-0.518848
3928,1,-0.08,-0,-0,1,1,1,5.27498,-0.0139626,-0.00745708,-0.00335563,-0.610915,-0.744434
3929,1,-0.08,-0,-0,1,1,1,5.27498,0,-0.0117183,-0.00336127,-0.564787,-0.778271
3930,1,-0.08,-0,-0,1,1,1,5.27498,0,0.0138489,-0.00339894,-0.850998,-0.631641
3931,1,-0.08,-0,-0,1,1,1,5.27498,0,0.0170448,-0.00339638,-0.885815,-0.586523
3932,1,-0.08,-0,-0,1,1,1,5.27498,-0.0349066,-0.0149142,-0.0033814,-0.532289,-0.879785
3933,1,-0.08,-0,-0,1,1,1,5.27498,0,-0.0127836,-0.00339146,-0.557053,-0.755713
3934,1,-0.08,-0,-0,1,1,1,5.27498,0.00872665,0.00745708,-0.00335187,-0.774475,-0.631641
3935,1,-0.08,-0,-0,1,1,1,5.27488,-0.00872665,0.0010653,-0.00331803,-0.699698,-0.620361
3936,1,-0.08,-0,-0,1,1,1,5.27488,0,-0.010653,-0.00329512,-0.567774,-0.518848
3937,1,-0.08,-0,-0,1,1,1,5.27488,0.0174533,0.00319589,-0.00327407,-0.717331,-0.64292
3938,1,-0.08,-0,-0,1,1,1,5.27488,0,0.00426119,-0.00326574,-0.727951,-0.552686
3939,1,-0.08,-0,-0,1,1,1,5.27488,0,0.0010653,-0.00323688,-0.688986,-0.654199
3940,1,-0.08,-0,-0,1,1,1,5.27488,0,0.00958767,-0.00325014,-0.784483,-0.778271
3941,1,-0.08,-0,-0,1,1,1,5.27488,0,0.00852238,-0.00328751,-0.777697,-0.665479
3942,1,-0.08,-0,-0,1,1,1,5.27488,-0.0122173,0.0117183,-0.00327553,-0.811271,-0.586523
3943,1,-0.08,-0,-0,1,1,1,5.27488,0,-0.00426119,-0.00327209,-0.635043,-0.676758
3944,1,-0.08,-0,-0,1,1,1,5.27488,0,-0.010653,-0.00328496,-0.566432,-0.744434
3945,1,-0.08,-0,-0,1,1,1,5.27488,0,-0.00958767,-0.0032903,-0.578855,-0.676758
3946,1,-0.08,-0,-0,1,1,1,5.27478,0,0.0127836,-0.00332782,-0.829892,-0.845947
3947,1,-0.08,-0,-0,1,1,1,5.27478,-0.00872665,-0.0149142,-0.00332719,-0.525134,-0.654199
3948,1,-0.08,-0,-0,1,1,1,5.27478,0,0.00745708,-0.00333051,-0.771655,-0.586523
3949,1,-0.0799998,0.00011885,0.0472918,1,1,1,5.27478,0,0.0127836,-0.00331925,-0.820608,-0.64292
3950,1,-0.0799984,0.000470084,0.0931039,1,1,1,5.27478,0,-0.00852238,-0.00328647,-0.571119,-0.541406
3951,1,-0.0799947,0.00104822,0.137609,1,1,1,5.27478,0,-0.0010653,-0.00327033,-0.637617,-0.654199
3952,1,-0.0799875,0.00185058,0.180943,1,1,1,5.27478,0,-0.00319589,-0.00327694,-0.599065,-0.654199
3953,1,-0.0799758,0.00286015,0.222605,1,1,1,5.27478,0,0.0223712,-0.00329512,-0.864408,-0.665479
3954,1,-0.0799586,0.00407361,0.262867,1,1,1,5.27478,0,0.0127836,-0.00330373,-0.739476,-0.631641
3955,1,-0.0799344,0.00550838,0.302374,1,1,1,5.27478,0,0.0117183,-0.00327025,-0.700126,-0.563965
3956,1,-0.0799034,0.00708919,0.339395,1,1,1,5.27478,0,0.00852238,-0.00326386,-0.639471,-0.563965
3957,1,-0.0798634,0.00888603,0.375831,1,1,1,5.27478,0,-0.00319589,-0.00321476,-0.476862,-0.507568
3958,1,-0.0798136,0.0108699,0.411067,1,1,1,5.27478,0,-0.00852238,-0.00313108,-0.377869,-0.47373
3959,1,-0.0797542,0.0130048,0.44464,1,1,1,5.27478,0.00174533,0.00319589,-0.00309448,-0.470964,-0.575244
3960,1,-0.0796842,0.0152851,0.476686,1,1,1,5.27478,0.010472,0.0149142,-0.00303645,-0.559664,-0.48501
3961,1,-0.0796013,0.0177582,0.50794,1,1,1,5.27478,0,0.0149142,-0.00296622,-0.515592,-0.575244
3962,1,-0.0795047,0.0204096,0.538195,1,1,1,5.27488,0.00872665,0.0010653,-0.00286506,-0.313052,-0.428613
3963,1,-0.0793953,0.0231839,0.56691,1,1,1,5.27488,0,0.0149142,-0.00277948,-0.415954,-0.451172
3964,1,-0.0792746,0.0260321,0.593787,1,1,1,5.27488,0.00174533,-0.0138489,-0.0026594,-0.0449217,-0.259424
3965,1,-0.0791373,0.0290589,0.619909,1,1,1,5.27488,0,0.010653,-0.00252255,-0.255407,-0.31582
3966,1,-0.0789843,0.032219,0.644887,1,1,1,5.27488,0,0.00319589,-0.00240637,-0.115787,-0.236865
3967,1,-0.0788145,0.0355136,0.668774,1,1,1,5.27488,0.00523599,0.00532648,-0.00222987,-0.0698046,-0.101514
3968,1,-0.0786291,0.0389036,0.69135,1,1,1,5.27498,0.00349066,0.00852238,-0.00206037,-0.0355521,-0.0902344
3969,1,-0.0784257,0.0424164,0.71286,1,1,1,5.27498,0,0.0138489,-0.00185729,-0.0169216,-0.0563965
3970,1,-0.0782048,0.0460296,0.733207,1,1,1,5.27507,0.015708,0.0010653,-0.00166929,0.198892,-0.0112793
3971,1,-0.0779653,0.0497452,0.75245,1,1,1,5.27507,0.0174533,0.0170448,-0.00148604,0.100184,-0.0112793
3972,1,-0.0777062,0.053566,0.770638,1,1,1,5.27507,0,0.0213059,-0.00125142,0.140714,0.0112793
3973,1,-0.0774295,0.0574517,0.787625,1,1,1,5.27517,0.00872665,0.0255671,-0.00103509,0.179918,0.112793
3974,1,-0.0771325,0.0614274,0.803569,1,1,1,5.27526,0.0139626,-0.00745708,-0.000765697,0.639002,0.112793
3975,1,-0.0768142,0.0654958,0.818503,1,1,1,5.27546,0.0401426,-0.00745708,-0.000494319,0.737575,0.270703
3976,1,-0.0764776,0.0696095,0.832294,1,1,1,5.27555,0.0226893,0.0340895,-0.000253009,0.377383,0.406055
3977,1,-0.0761189,0.0738053,0.845102,1,1,1,5.27565,0.0174533,0.0266324,-4.40565e-05,0.549988,0.428613
3978,1,-0.0757394,0.0780593,0.856877,1,1,1,5.27584,0.0715585,0.0447425,0.000191355,0.448161,0.518848
3979,1,-0.0753381,0.0823738,0.867655,1,1,1,5.27603,0.0279253,0.0553954,0.000407617,0.425611,0.496289
3980,1,-0.0749157,0.0867332,0.877425,1,1,1,5.27632,0.0715585,0.0468731,0.000566995,0.604017,0.47373
3981,1,-0.0744665,0.0911871,0.886307,1,1,1,5.27661,0.0959931,0.0490037,0.000701795,0.66244,0.48501
3982,1,-0.0740025,0.0956105,0.894086,1,1,1,5.27689,0.0436332,0.0490037,0.000857437,0.748271,0.597803
3983,1,-0.0735145,0.100086,0.900949,1,1,1,5.27747,0.10472,0.0607219,0.00103726,0.711291,0.575244
3984,1,-0.0730033,0.104602,0.906892,1,1,1,5.27776,0.0959931,0.0916155,0.00117646,0.457143,0.609082
3985,1,-0.0724669,0.109166,0.911935,1,1,1,5.27824,0.0663225,0.100138,0.0012528,0.437914,0.462451
3986,1,-0.0719069,0.113759,0.916069,1,1,1,5.27862,0.146608,0.100138,0.00132143,0.510528,0.496289
3987,1,-0.0713314,0.118311,0.919266,1,1,1,5.27929,0.102974,0.133162,0.00132628,0.209508,0.462451
3988,1,-0.0707287,0.122911,0.921613,1,1,1,5.27967,0.0872665,0.112921,0.00134259,0.49489,0.31582
3989,1,-0.0701024,0.127524,0.923098,1,1,1,5.28054,0.164061,0.134227,0.00135861,0.325195,0.47373
3990,1,-0.0694513,0.132156,0.923733,1,1,1,5.28102,0.0872665,0.135293,0.00138319,0.378259,0.507568
3991,1,-0.0687806,0.136763,0.923532,1,1,1,5.28188,0.113446,0.147011,0.00134261,0.302909,0.31582
3992,1,-0.0680858,0.141375,0.922512,1,1,1,5.28236,0.164061,0.150207,0.00129545,0.319293,0.507568
3993,1,-0.0673591,0.146036,0.92066,1,1,1,5.28313,0.0959931,0.134227,0.00129632,0.555407,0.281982
3994,1,-0.066626,0.15058,0.918066,1,1,1,5.28389,0.211185,0.173643,0.00125654,0.175296,0.406055
3995,1,-0.0658616,0.155163,0.914669,1,1,1,5.28466,0.109956,0.154468,0.00126368,0.44634,0.48501
3996,1,-0.0650707,0.159747,0.910489,1,1,1,5.28543,0.197222,0.139554,0.00128465,0.672676,0.462451
3997,1,-0.0642614,0.164283,0.905582,1,1,1,5.28639,0.205949,0.173643,0.00128602,0.357978,0.496289
3998,1,-0.0634316,0.168781,0.899958,1,1,1,5.28696,0.0977384,0.168317,0.00130279,0.477589,0.563965
3999,1,-0.0625765,0.173266,0.893596,1,1,1,5.28802,0.20944,0.177905,0.00132262,0.434196,0.620361
4000,1,-0.0616949,0.177737,0.886493,1,1,1,5.28869,0.122173,0.177905,0.00134778,0.495677,0.64292
4001,1,-0.060799,0.182132,0.878765,1,1,1,5.28974,0.171042,0.168317,0.00137285,0.661219,0.439893
4002,1,-0.0598672,0.186552,0.870233,1,1,1,5.29041,0.179769,0.185362,0.00141074,0.537249,0.575244
4003,1,-0.0589311,0.190847,0.861202,1,1,1,5.29156,0.167552,0.174709,0.0014337,0.713483,0.710596
4004,1,-0.0579688,0.195117,0.85148,1,1,1,5.29233,0.219911,0.202406,0.00145677,0.469414,0.823389
4005,1,-0.0569639,0.199428,0.8409,1,1,1,5.29348,0.153589,0.208798,0.00141683,0.451205,0.710596
4006,1,-0.0559731,0.203537,0.830076,1,1,1,5.29434,0.237365,0.199211,0.00149698,0.619565,0.541406
4007,1,-0.0549485,0.207645,0.81851,1,1,1,5.29549,0.228638,0.191753,0.00148144,0.751514,0.496289
4008,1,-0.0538945,0.211728,0.80625,1,1,1,5.29636,0.225147,0.220516,0.00141172,0.480409,0.620361
4009,1,-0.052827,0.215723,0.793493,1,1,1,5.2976,0.204204,0.232235,0.00143693,0.407654,0.766992
4010,1,-0.0517273,0.219698,0.780019,1,1,1,5.29856,0.195477,0.209863,0.00143715,0.702552,0.575244
4011,1,-0.0506354,0.223508,0.766339,1,1,1,5.29981,0.280998,0.201341,0.00153171,0.85724,0.518848
4012,1,-0.0495074,0.227307,0.751917,1,1,1,5.30077,0.235619,0.219451,0.00150137,0.707739,0.755713
4013,1,-0.0483557,0.231048,0.736911,1,1,1,5.30211,0.169297,0.236496,0.00150436,0.569239,0.721875
4014,1,-0.0471977,0.234674,0.721561,1,1,1,5.30288,0.219911,0.219451,0.00149342,0.800102,0.507568
4015,1,-0.0460158,0.238241,0.705644,1,1,1,5.30441,0.286234,0.210929,0.00155083,0.949609,0.766992
4016,1,-0.0448101,0.241745,0.689168,1,1,1,5.30537,0.216421,0.243953,0.00162844,0.645942,0.913623
4017,1,-0.0436075,0.245109,0.672512,1,1,1,5.30661,0.195477,0.249279,0.00173224,0.644791,0.710596
4018,1,-0.0423738,0.248428,0.655212,1,1,1,5.30777,0.301942,0.254606,0.00169582,0.622525,0.721875
4019,1,-0.0411215,0.251665,0.63745,1,1,1,5.30911,0.256563,0.259932,0.00169981,0.606585,0.778271
4020,1,-0.039856,0.254805,0.619309,1,1,1,5.31016,0.218166,0.259932,0.00155104,0.62652,0.733154
4021,1,-0.0385746,0.257855,0.600758,1,1,1,5.3117,0.29147,0.253541,0.00157312,0.739491,0.744434
4022,1,-0.0372775,0.260812,0.581809,1,1,1,5.31275,0.246091,0.237561,0.00161638,0.959798,0.744434
4023,1,-0.0359675,0.26367,0.562511,1,1,1,5.31428,0.280998,0.276977,0.0015718,0.55636,0.733154
4024,1,-0.0346408,0.266437,0.542812,1,1,1,5.31505,0.214675,0.271651,0.00167902,0.669419,0.676758
4025,1,-0.0333036,0.269098,0.522814,1,1,1,5.31678,0.179769,0.259932,0.00174396,0.843498,0.868506
4026,1,-0.0319503,0.271663,0.502439,1,1,1,5.31774,0.279253,0.257802,0.0017331,0.897967,0.710596
4027,1,-0.0305854,0.274125,0.481762,1,1,1,5.31927,0.296706,0.248214,0.00181256,1.04903,0.766992
4028,1,-0.029202,0.276493,0.460684,1,1,1,5.32052,0.307178,0.265259,0.00195747,0.918478,1.08281
4029,1,-0.0278223,0.27873,0.439551,1,1,1,5.32195,0.233874,0.273781,0.00197457,0.858095,0.834668
4030,1,-0.0264217,0.280876,0.417991,1,1,1,5.32311,0.324631,0.2855,0.00195534,0.75495,0.834668
4031,1,-0.025012,0.282912,0.396194,1,1,1,5.32473,0.261799,0.26739,0.00200732,0.990262,0.891064
4032,1,-0.0235931,0.284837,0.374163,1,1,1,5.32598,0.289725,0.288695,0.00204671,0.790074,0.879785
4033,1,-0.0221657,0.286651,0.351914,1,1,1,5.32761,0.270526,0.294022,0.00199923,0.747235,0.80083
4034,1,-0.0207271,0.288355,0.329412,1,1,1,5.32876,0.307178,0.297218,0.00198316,0.732459,0.879785
4035,1,-0.0192824,0.289945,0.306743,1,1,1,5.33058,0.296706,0.30574,0.00192224,0.64982,0.778271
4036,1,-0.0178275,0.291423,0.283846,1,1,1,5.33173,0.270526,0.307871,0.00183302,0.630534,0.575244
4037,1,-0.0163684,0.292783,0.260821,1,1,1,5.33346,0.329867,0.290826,0.00176888,0.823938,0.64292
4038,1,-0.0149001,0.29403,0.237596,1,1,1,5.33471,0.314159,0.319589,0.00168876,0.510708,0.620361
4039,1,-0.0134266,0.29516,0.21424,1,1,1,5.33643,0.263545,0.32385,0.00162495,0.467152,0.710596
4040,1,-0.01195,0.296172,0.190789,1,1,1,5.33768,0.31765,0.289761,0.00160286,0.850182,0.665479
4041,1,-0.0104651,0.297068,0.167166,1,1,1,5.3396,0.272271,0.299348,0.00150862,0.739555,0.496289
4042,1,-0.00897807,0.297844,0.143476,1,1,1,5.34055,0.293215,0.30361,0.00143402,0.689907,0.688037
4043,1,-0.00748714,0.298502,0.119694,1,1,1,5.34257,0.305433,0.300414,0.00140903,0.728344,0.665479
4044,1,-0.00599479,0.29904,0.0958653,1,1,1,5.34372,0.296706,0.294022,0.00138561,0.800803,0.733154
4045,1,-0.00449678,0.29946,0.0719269,1,1,1,5.34554,0.340339,0.300414,0.00137052,0.733559,0.789551
4046,1,-0.00299803,0.29976,0.0479621,1,1,1,5.34679,0.280998,0.319589,0.00132453,0.518413,0.789551
4047,1,-0.00149967,0.29994,0.0239939,1,1,1,5.34832,0.29147,0.28763,0.00132533,0.870682,0.620361
4048,1,4.776e-07,0.3,-7.6416e-06,1,1,1,5.34966,0.308923,0.306806,0.0013548,0.666465,0.597803
4049,1,0.00150053,0.29994,-0.0240076,1,1,1,5.35139,0.256563,0.304675,0.00138376,0.694961,0.936182
4050,1,0.00299978,0.29976,-0.0479901,1,1,1,5.35244,0.280998,0.280173,0.0014067,0.965565,0.845947
4051,1,0.00449846,0.29946,-0.0719537,1,1,1,5.35436,0.310669,0.295087,0.00146533,0.808353,0.778271
4052,1,0.00599244,0.299041,-0.0958279,1,1,1,5.35541,0.267035,0.2855,0.00148553,0.91212,0.676758
4053,1,0.00748846,0.298501,-0.119715,1,1,1,5.35733,0.366519,0.291891,0.00152019,0.84245,0.97002
4054,1,0.00897716,0.297844,-0.143461,1,1,1,5.35839,0.211185,0.315328,0.00154275,0.582833,0.902344
4055,1,0.0104671,0.297066,-0.167199,1,1,1,5.36011,0.267035,0.274847,0.00151348,1.01297,0.789551
4056,1,0.0119501,0.296172,-0.19079,1,1,1,5.36136,0.328122,0.310001,0.00148551,0.612654,0.812109
4057,1,0.0134276,0.295159,-0.214255,1,1,1,5.36289,0.235619,0.325981,0.00148313,0.425132,0.812109
4058,1,0.0149007,0.29403,-0.237607,1,1,1,5.36423,0.315905,0.295087,0.00143126,0.741297,0.654199
4059,1,0.016368,0.292783,-0.260815,1,1,1,5.36586,0.296706,0.282304,0.00141854,0.864334,0.778271
4060,1,0.0178288,0.291421,-0.283866,1,1,1,5.36702,0.275762,0.300414,0.00146906,0.658881,0.789551
4061,1,0.0192804,0.289947,-0.306712,1,1,1,5.36874,0.232129,0.298283,0.00146077,0.663856,0.834668
4062,1,0.0207275,0.288355,-0.329419,1,1,1,5.3697,0.244346,0.295087,0.00146003,0.679756,0.755713
4063,1,0.0221651,0.286651,-0.351906,1,1,1,5.37152,0.282743,0.26952,0.00147661,0.942623,0.631641
4064,1,0.023594,0.284836,-0.374177,1,1,1,5.37277,0.340339,0.289761,0.00151435,0.705888,0.834668
4065,1,0.0250118,0.282912,-0.396191,1,1,1,5.3743,0.277507,0.306806,0.00152895,0.496217,0.868506
4066,1,0.0264307,0.280863,-0.41813,1,1,1,5.37555,0.274017,0.255671,0.00152403,1.02976,0.676758
4067,1,0.0278218,0.278731,-0.439543,1,1,1,5.37718,0.354302,0.291891,0.00147972,0.596107,0.575244
4068,1,0.0292104,0.276479,-0.460812,1,1,1,5.37804,0.221657,0.291891,0.00143742,0.560002,0.620361
4069,1,0.0305852,0.274125,-0.481759,1,1,1,5.37986,0.26529,0.276977,0.00143851,0.692332,0.631641
4070,1,0.0319512,0.271662,-0.502454,1,1,1,5.38092,0.272271,0.280173,0.00140172,0.619136,0.507568
4071,1,0.0333035,0.269098,-0.522813,1,1,1,5.38264,0.319395,0.279108,0.00136561,0.591519,0.631641
4072,1,0.0346489,0.26642,-0.542933,1,1,1,5.3837,0.237365,0.279108,0.00136964,0.556488,0.778271
4073,1,0.0359674,0.263671,-0.562509,1,1,1,5.38533,0.200713,0.286565,0.00125228,0.420884,0.462451
4074,1,0.0372772,0.260813,-0.581805,1,1,1,5.38629,0.300197,0.255671,0.00121249,0.717978,0.552686
4075,1,0.0385755,0.257853,-0.600771,1,1,1,5.38792,0.225147,0.254606,0.00116764,0.685118,0.496289
4076,1,0.0398568,0.254803,-0.61932,1,1,1,5.38897,0.29147,0.262063,0.00113628,0.559684,0.597803
4077,1,0.0411218,0.251664,-0.637455,1,1,1,5.39041,0.254818,0.270585,0.00112968,0.423913,0.699316
4078,1,0.042373,0.24843,-0.655201,1,1,1,5.39146,0.228638,0.246084,0.00111023,0.648635,0.563965
4079,1,0.0436071,0.24511,-0.672506,1,1,1,5.39281,0.293215,0.252475,0.00107864,0.530371,0.654199
4080,1,0.0448244,0.241704,-0.689364,1,1,1,5.39367,0.169297,0.231169,0.001114,0.725703,0.64292
4081,1,0.0460245,0.238216,-0.705761,1,1,1,5.39501,0.251327,0.235431,0.00115555,0.639146,0.710596
4082,1,0.047205,0.234652,-0.721659,1,1,1,5.39578,0.171042,0.217321,0.00122539,0.801523,0.575244
4083,1,0.0483702,0.231001,-0.737102,1,1,1,5.39722,0.230383,0.210929,0.00129661,0.834194,0.766992
4084,1,0.0495149,0.227282,-0.752014,1,1,1,5.39798,0.214675,0.214125,0.00138824,0.763353,0.95874
4085,1,0.0506421,0.223485,-0.766424,1,1,1,5.39913,0.141372,0.202406,0.00144669,0.851272,0.699316
4086,1,0.0517499,0.219618,-0.7803,1,1,1,5.4,0.247837,0.208798,0.00152111,0.741312,0.766992
4087,1,0.052839,0.21568,-0.793637,1,1,1,5.40115,0.193732,0.204537,0.00158474,0.746331,0.879785
4088,1,0.0539064,0.211683,-0.80639,1,1,1,5.40191,0.141372,0.188558,0.00167875,0.883616,0.609082
4089,1,0.0549548,0.20762,-0.818582,1,1,1,5.40316,0.221657,0.1811,0.00175652,0.924261,0.755713
4090,1,0.0559825,0.203498,-0.83018,1,1,1,5.40383,0.172788,0.199211,0.00181655,0.680708,0.834668
4091,1,0.0569896,0.19932,-0.841175,1,1,1,5.40498,0.143117,0.182166,0.00189843,0.826123,0.834668
4092,1,0.0579767,0.195083,-0.851562,1,1,1,5.40575,0.204204,0.182166,0.00194859,0.779227,0.744434
4093,1,0.0589417,0.190799,-0.861306,1,1,1,5.4068,0.167552,0.190688,0.00202281,0.641291,0.755713
4094,1,0.0598898,0.186447,-0.870445,1,1,1,5.40747,0.204204,0.184296,0.00205128,0.660586,0.631641
4095,1,0.060806,0.182098,-0.878827,1,1,1,5.40853,0.204204,0.191753,0.00210326,0.530823,0.812109
4096,1,0.0617057,0.177683,-0.886584,1,1,1,5.4093,0.136136,0.176839,0.00210777,0.640146,0.631641
4097,1,0.0625822,0.173236,-0.89364,1,1,1,5.41035,0.200713,0.174709,0.00204089,0.599002,0.552686
4098,1,0.0634381,0.168747,-0.900004,1,1,1,5.41093,0.139626,0.175774,0.00202765,0.529289,0.631641
4099,1,0.0642704,0.164233,-0.90564,1,1,1,5.41198,0.158825,0.156599,0.00200829,0.681757,0.688037
4100,1,0.0650801,0.159693,-0.910543,1,1,1,5.41265,0.137881,0.16299,0.00196025,0.548631,0.586523
4101,1,0.0658665,0.155134,-0.914693,1,1,1,5.41351,0.15708,0.153403,0.00193535,0.594215,0.451172
4102,1,0.0666308,0.150551,-0.918085,1,1,1,5.41419,0.16057,0.143815,0.00194247,0.64383,0.518848
4103,1,0.0673719,0.145955,-0.920699,1,1,1,5.41514,0.15708,0.157664,0.00192024,0.431731,0.586523
4104,1,0.0680901,0.141347,-0.922521,1,1,1,5.41562,0.125664,0.16299,0.00189435,0.312856,0.609082
4105,1,0.0687862,0.136725,-0.923537,1,1,1,5.41649,0.0977384,0.133162,0.00187766,0.581848,0.530127
4106,1,0.0694585,0.132105,-0.923731,1,1,1,5.41697,0.16057,0.134227,0.00190821,0.517385,0.575244
4107,1,0.0701067,0.127494,-0.923091,1,1,1,5.41773,0.0959931,0.120379,0.00190731,0.613049,0.631641
4108,1,0.0707324,0.122883,-0.921601,1,1,1,5.41821,0.10821,0.120379,0.00188279,0.553383,0.439893
4109,1,0.0713359,0.118276,-0.919245,1,1,1,5.41898,0.143117,0.110791,0.00189899,0.604729,0.575244
4110,1,0.0719159,0.113686,-0.916011,1,1,1,5.41936,0.0855211,0.103334,0.00190546,0.631674,0.563965
4111,1,0.0724723,0.109121,-0.911889,1,1,1,5.42003,0.109956,0.112921,0.0019193,0.472555,0.48501
4112,1,0.073007,0.10457,-0.906852,1,1,1,5.42042,0.0942478,0.0894849,0.00193779,0.6776,0.552686
4113,1,0.0735184,0.100051,-0.900899,1,1,1,5.42099,0.111701,0.101203,0.00198639,0.50045,0.541406
4114,1,0.0740106,0.0955344,-0.893961,1,1,1,5.42118,0.0767945,0.0703096,0.00206685,0.796399,0.631641
4115,1,0.0744772,0.0910826,-0.886111,1,1,1,5.42186,0.0279253,0.0777667,0.00210211,0.665449,0.530127
4116,1,0.0749219,0.0866704,-0.877292,1,1,1,5.42205,0.116937,0.0798973,0.00215788,0.59643,0.64292
4117,1,0.075344,0.0823119,-0.867508,1,1,1,5.42253,0.020944,0.0852238,0.00217037,0.487329,0.518848
4118,1,0.0757447,0.078001,-0.856724,1,1,1,5.42272,0.0698132,0.0617872,0.00218838,0.696085,0.47373
4119,1,0.0761241,0.073746,-0.844929,1,1,1,5.42329,0.0855211,0.0521996,0.00229971,0.765645,0.665479
4120,1,0.0764826,0.06955,-0.832104,1,1,1,5.42358,0.0575959,0.0713749,0.00234889,0.511483,0.64292
4121,1,0.0768209,0.0654121,-0.818209,1,1,1,5.42377,0.0750492,0.0639178,0.00236748,0.547103,0.676758
4122,1,0.0771367,0.0613719,-0.803355,1,1,1,5.42416,0.0261799,0.0564607,0.00239656,0.585443,0.541406
4123,1,0.0774346,0.0573815,-0.787331,1,1,1,5.42444,0.0593412,0.0458078,0.00238389,0.654208,0.507568
4124,1,0.0777131,0.0534665,-0.770183,1,1,1,5.42454,0.0296706,0.0511343,0.00237642,0.548967,0.462451
4125,1,0.0779687,0.0496937,-0.752194,1,1,1,5.42492,0.0523599,0.0468731,0.00239873,0.554985,0.586523
4126,1,0.0782079,0.0459795,-0.732937,1,1,1,5.42511,0.0226893,0.068179,0.00243096,0.28198,0.586523
4127,1,0.0784287,0.0423655,-0.712561,1,1,1,5.42531,0,0.0340895,0.00238867,0.609872,0.349658
4128,1,0.0786318,0.0388546,-0.691038,1,1,1,5.4255,0.0750492,0.0426119,0.00238621,0.475722,0.541406
4129,1,0.0788181,0.0354455,-0.6683,1,1,1,5.42569,0.0296706,0.0426119,0.00244391,0.44468,0.563965
4130,1,0.0789865,0.0321744,-0.644549,1,1,1,5.42598,0.0471239,0.0202406,0.00244669,0.654312,0.518848
4131,1,0.0791394,0.0290145,-0.619542,1,1,1,5.42607,0.0593412,0.0202406,0.00241714,0.615136,0.507568
4132,1,0.0792769,0.0259788,-0.593306,1,1,1,5.42607,0,0.0298283,0.00247885,0.484242,0.541406
4133,1,0.0793995,0.0230822,-0.565905,1,1,1,5.42636,0,0.0245018,0.00246619,0.50946,0.575244
4134,1,0.0795083,0.0203146,-0.537162,1,1,1,5.42636,0,0.0308936,0.0024504,0.407137,0.563965
4135,1,0.0796032,0.0177032,-0.507279,1,1,1,5.42646,0,0.0223712,0.00246603,0.475097,0.699316
4136,1,0.0796853,0.0152506,-0.476226,1,1,1,5.42655,0.010472,0.0202406,0.0025004,0.477338,0.654199
4137,1,0.0797568,0.012914,-0.443289,1,1,1,5.42674,0,0.0202406,0.00249543,0.452644,0.552686
4138,1,0.0798151,0.0108157,-0.410161,1,1,1,5.42674,0.0139626,0.0223712,0.00245942,0.403368,0.417334
4139,1,0.0798643,0.00884541,-0.37506,1,1,1,5.42684,0.0191986,0.00213059,0.00246018,0.606881,0.620361
4140,1,0.0799039,0.00706538,-0.338876,1,1,1,5.42694,0.020944,0.0159795,0.00242913,0.433701,0.609082
4141,1,0.0799351,0.0054653,-0.301282,1,1,1,5.42694,0,0.00745708,0.00239305,0.508351,0.439893
4142,1,0.0799589,0.00405593,-0.262334,1,1,1,5.42694,0.0244346,0.00319589,0.00240985,0.545641,0.609082
4143,1,0.079976,0.00284428,-0.22202,1,1,1,5.42703,-0.00698132,0.00639178,0.00241439,0.501908,0.47373
4144,1,0.0799877,0.00183707,-0.18031,1,1,1,5.42703,-0.00872665,0.00958767,0.00239918,0.458277,0.688037
4145,1,0.0799948,0.00104307,-0.137281,1,1,1,5.42703,-0.00872665,0.00532648,0.00234133,0.49385,0.360938
4146,1,0.0799984,0.000467336,-0.0928369,1,1,1,5.42703,0.00872665,0.00532648,0.00232068,0.490341,0.281982
4147,1,0.0799998,0.000114676,-0.0464622,1,1,1,5.42713,0,0.0117183,0.00229167,0.418434,0.563965
4148,1,0.08,0,0,1,1,1,5.42713,0,-0.00426119,0.00226811,0.596264,0.597803
4149,1,0.08,0,0,1,1,1,5.42713,0,-0.00958767,0.00224542,0.65186,0.552686
4150,1,0.08,0,0,1,1,1,5.42713,0,0.0202406,0.00224857,0.324164,0.665479
4151,1,0.08,0,0,1,1,1,5.42713,-0.0331613,-0.00426119,0.00226445,0.59578,0.665479
4152,1,0.08,0,0,1,1,1,5.42713,0,0.00532648,0.00223497,0.486424,0.597803
4153,1,0.08,0,0,1,1,1,5.42713,0,0.00532648,0.00217718,0.478797,0.406055
4154,1,0.08,0,0,1,1,1,5.42713,0,0.0159795,0.00213724,0.356342,0.597803
4155,1,0.08,0,0,1,1,1,5.42713,-0.00349066,0.01811,0.00211144,0.3295,0.518848
4156,1,0.08,0,0,1,1,1,5.42713,0,0.00426119,0.0020861,0.478492,0.462451
4157,1,0.08,0,0,1,1,1,5.42713,0,0.0010653,0.00206075,0.5103,0.428613
4158,1,0.08,0,0,1,1,1,5.42713,0,0.0170448,0.00207623,0.336569,0.541406
4159,1,0.08,0,0,1,1,1,5.42713,-0.00872665,0.0213059,0.0021027,0.293191,0.620361
4160,1,0.08,0,0,1,1,1,5.42722,0,-0.0010653,0.00208415,0.536826,0.451172
4161,1,0.08,0,0,1,1,1,5.42722,0.00698132,0.0223712,0.00207463,0.277768,0.699316
4162,1,0.08,0,0,1,1,1,5.42722,-0.00872665,0.00532648,0.00206061,0.463409,0.586523
4163,1,0.08,0,0,1,1,1,5.42722,0,-0.0010653,0.00204445,0.531585,0.372217
4164,1,0.08,0,0,1,1,1,5.42722,0.020944,0.0138489,0.0020157,0.363735,0.428613
4165,1,0.08,0,0,1,1,1,5.42722,0,0.00958767,0.00197981,0.40587,0.597803
4166,1,0.08,0,0,1,1,1,5.42722,-0.0174533,-0.0138489,0.00198819,0.664778,0.507568
4167,1,0.08,0,0,1,1,1,5.42722,0.0139626,-0.0117183,0.00199659,0.642451,0.575244
4168,1,0.08,0,0,1,1,1,5.42722,0,-1.10892e-18,0.00198136,0.511539,0.631641
4169,1,0.08,0,0,1,1,1,5.42722,0,0.0127836,0.00197661,0.370294,0.721875
4170,1,0.08,0,0,1,1,1,5.42722,0,0.0138489,0.00196872,0.357534,0.665479
4171,1,0.08,0,0,1,1,1,5.42722,-0.0226893,-0.0010653,0.00192693,0.516073,0.48501
4172,1,0.08,0,0,1,1,1,5.42722,0.00349066,-1.30461e-19,0.00190796,0.501851,0.496289
4173,1,0.08,0,0,1,1,1,5.42722,0.00349066,0.00958767,0.00194352,0.40108,0.575244
4174,1,0.08,0,0,1,1,1,5.42732,0.0122173,-0.00852238,0.00192489,0.597832,0.47373
4175,1,0.08,0,0,1,1,1,5.42732,0,0.0138489,0.00188507,0.346492,0.428613
4176,1,0.08,0,0,1,1,1,5.42722,0,-0.010653,0.00186638,0.613545,0.563965
4177,1,0.08,0,0,1,1,1,5.42722,0,-0.00532648,0.00185666,0.55367,0.360938
4178,1,0.08,0,0,1,1,1,5.42722,0,0.00852238,0.00180332,0.394292,0.406055
4179,1,0.08,0,0,1,1,1,5.42722,0,0.0159795,0.00176637,0.307387,0.507568
4180,1,0.08,0,0,1,1,1,5.42722,0,0.0117183,0.00171284,0.347194,0.518848
4181,1,0.08,0,0,1,1,1,5.42722,0,0.0149142,0.00170656,0.31121,0.530127
4182,1,0.08,0,0,1,1,1,5.42722,0,-0.0223712,0.00174414,0.72631,0.338379
4183,1,0.08,0,0,1,1,1,5.42732,0,0.00319589,0.00168568,0.437355,0.383496
4184,1,0.08,0,0,1,1,1,5.42722,0.00523599,0.0170448,0.00168027,0.284202,0.439893
4185,1,0.08,0,0,1,1,1,5.42722,-0.0174533,0.00852238,0.00167057,0.376769,0.383496
4186,1,0.08,0,0,1,1,1,5.42732,0.0122173,0.00852238,0.00164213,0.373015,0.360938
4187,1,0.08,0,0,1,1,1,5.42732,0,0.0223712,0.00158326,0.212906,0.338379
4188,1,0.08,0,0,1,1,1,5.42732,0,-0.0010653,0.00155737,0.467291,0.507568
4189,1,0.08,0,0,1,1,1,5.42732,0,-0.00852238,0.00153783,0.546739,0.383496
4190,1,0.08,0,0,1,1,1,5.42732,0,0.0117183,0.00152536,0.322447,0.338379
4191,1,0.08,0,0,1,1,1,5.42732,0,0.0191753,0.00152164,0.239928,0.451172
4192,1,0.08,0,0,1,1,1,5.42732,0.00872665,0.00426119,0.00149941,0.40105,0.518848
4193,1,0.08,0,0,1,1,1,5.42732,0.010472,-0.00958767,0.00154326,0.559174,0.518848
4194,1,0.08,0,0,1,1,1,5.42732,-0.00349066,-0.0117183,0.00152231,0.579846,0.383496
4195,1,0.08,0,0,1,1,1,5.42732,0.0331613,-0.00852238,0.00155459,0.548951,0.462451
4196,1,0.08,0,0,1,1,1,5.42732,-0.0122173,0.0170448,0.00155108,0.26725,0.428613
4197,1,0.08,0,0,1,1,1,5.42722,-0.0471239,0.0117183,0.00152772,0.322758,0.259424
4198,1,0.08,0,0,1,1,1,5.42732,0.0244346,-0.0127836,0.00153198,0.59284,0.293262
4199,1,0.08,0,0,1,1,1,5.42732,0.00174533,-0.010653,0.00154108,0.570605,0.372217
4200,1,0.08,0,0,1,1,1,5.42732,0,0.0117183,0.00150613,0.319908,0.439893
4201,1,0.08,0,0,1,1,1,5.42732,0,-0.0159795,0.00150368,0.62426,0.462451
4202,1,0.08,0,0,1,1,1,5.42732,0,-0.00426119,0.0014695,0.490847,0.394775
4203,1,0.08,0,0,1,1,1,5.42732,0.00872665,-0.00958767,0.0015171,0.555722,0.462451
4204,1,0.08,0,0,1,1,1,5.42732,0,-0.00319589,0.00151947,0.485725,0.439893
4205,1,0.08,0,0,1,1,1,5.42732,0,0.0117183,0.00151484,0.321058,0.439893
4206,1,0.08,0,0,1,1,1,5.42732,0,0.00426119,0.00150727,0.402087,0.507568
4207,1,0.08,0,0,1,1,1,5.42732,0,0.0170448,0.00153054,0.264539,0.552686
4208,1,0.08,0,0,1,1,1,5.42732,-0.0331613,-0.0170448,0.00149548,0.634896,0.406055
4209,1,0.08,0,0,1,1,1,5.42742,0.0122173,-0.0149142,0.00146747,0.607762,0.417334
4210,1,0.08,0,0,1,1,1,5.42732,0.00349066,0.00213059,0.00148345,0.422379,0.428613
4211,1,0.08,0,0,1,1,1,5.42732,-0.0279253,-0.01811,0.00152181,0.650089,0.349658
4212,1,0.08,0,0,1,1,1,5.42742,0.0331613,0.0127836,0.00154082,0.31277,0.496289
4213,1,0.08,0,0,1,1,1,5.42732,-0.0296706,-0.00213059,0.00148025,0.468389,0.372217
4214,1,0.08,0,0,1,1,1,5.42732,0,0.00745708,0.00147808,0.362539,0.47373
4215,1,0.08,0,0,1,1,1,5.42732,-0.00872665,0.00319589,0.00148667,0.411085,0.304541
4216,1,0.08,0,0,1,1,1,5.42732,0.0174533,-0.00852238,0.0014784,0.538895,0.47373
4217,1,0.08,0,0,1,1,1,5.42732,0,0.0191753,0.00144993,0.230462,0.406055
4218,1,0.08,0,0,1,1,1,5.42732,0,-0.0010653,0.00145096,0.453245,0.304541
4219,1,0.08,0,0,1,1,1,5.42732,0,-0.00532648,0.00143888,0.498524,0.349658
4220,1,0.08,0,0,1,1,1,5.42732,0.0331613,-0.010653,0.00143735,0.556913,0.47373
4221,1,0.08,0,0,1,1,1,5.42732,0,0.01811,0.00142453,0.238828,0.383496
4222,1,0.08,0,0,1,1,1,5.42732,0,-0.00426119,0.00141841,0.484103,0.293262
4223,1,0.08,0,0,1,1,1,5.42732,0,0.0117183,0.00142128,0.308708,0.417334
4224,1,0.08,0,0,1,1,1,5.42742,0.00872665,0.00213059,0.00140082,0.411472,0.575244
4225,1,0.08,0,0,1,1,1,5.42732,0.00872665,0.00213059,0.00135881,0.405397,0.451172
4226,1,0.08,0,0,1,1,1,5.42732,-0.0261799,0.00532648,0.00135197,0.369869,0.47373
4227,1,0.08,0,0,1,1,1,5.42732,-0.0279253,-0.00213059,0.00133107,0.449138,0.406055
4228,1,0.08,0,0,1,1,1,5.42732,0.020944,0.00319589,0.00132349,0.389545,0.304541
4229,1,0.08,0,0,1,1,1,5.42732,0,-0.010653,0.00134017,0.544085,0.439893
4230,1,0.08,0,0,1,1,1,5.42732,0,-0.00213059,0.00130493,0.445688,0.47373
4231,1,0.08,0,0,1,1,1,5.42732,0,-0.00639178,0.00128263,0.489617,0.417334
4232,1,0.08,0,0,1,1,1,5.42732,0,0.00426119,0.00128126,0.372253,0.259424
4233,1,0.08,0,0,1,1,1,5.42732,0,0.00532648,0.00131311,0.364739,0.710596
4234,1,0.08,0,0,1,1,1,5.42732,-0.00872665,0.00958767,0.00126046,0.310916,0.428613
4235,1,0.08,0,0,1,1,1,5.42732,0,-0.00745708,0.00121185,0.491992,0.169189
4236,1,0.08,0,0,1,1,1,5.42732,0.0436332,0.0255671,0.00120303,0.12734,0.48501
4237,1,0.08,0,0,1,1,1,5.42722,0,-0.0010653,0.00122326,0.423189,0.383496
4238,1,0.08,0,0,1,1,1,5.42732,-0.00872665,-0.00852238,0.00120747,0.503133,0.383496
4239,1,0.08,0,0,1,1,1,5.42742,0.00872665,3.26153e-19,0.00116997,0.404077,0.496289
4240,1,0.08,0,0,1,1,1,5.42732,-0.0174533,0.0255671,0.00115895,0.121388,0.428613
4241,1,0.08,0,0,1,1,1,5.42722,-0.0523599,0.0117183,0.00113618,0.271075,0.146631
4242,1,0.08,0,0,1,1,1,5.42732,0.0331613,0.00532648,0.00111375,0.338423,0.124072
4243,1,0.08,0,0,1,1,1,5.42732,0,0.010653,0.00112929,0.281884,0.48501
4244,1,0.08,0,0,1,1,1,5.42732,0,0.0159795,0.00114927,0.225929,0.372217
4245,1,0.08,0,0,1,1,1,5.42732,-0.0279253,0.00958767,0.00116451,0.298251,0.338379
4246,1,0.08,0,0,1,1,1,5.42742,0.010472,-0.00426119,0.00114403,0.447885,0.281982
4247,1,0.08,0,0,1,1,1,5.42732,0.0279253,0.0191753,0.00107899,0.179543,0.518848
4248,1,0.08,0,0,1,1,1,5.42722,-0.0349066,0.00532648,0.00108801,0.335026,0.259424
4249,1,0.0799998,-0.000118899,-0.0473014,1,1,1,5.42732,-0.0488692,0.0127836,0.00108154,0.243954,0.406055
4250,1,0.0799984,-0.000470116,-0.093107,1,1,1,5.42732,0,-0.00426119,0.00109731,0.422768,0.383496
4251,1,0.0799947,-0.00104736,-0.137554,1,1,1,5.42732,-0.00523599,0.00745708,0.00108841,0.279312,0.214307
4252,1,0.0799876,-0.00184446,-0.180657,1,1,1,5.42732,0,0.00319589,0.0010432,0.304326,0.259424
4253,1,0.0799759,-0.00285246,-0.222322,1,1,1,5.42732,0,0.0117183,0.00101103,0.188007,0.225586
4254,1,0.0799586,-0.0040706,-0.262777,1,1,1,5.42732,0,0.0117183,0.000948855,0.158575,0.248145
4255,1,0.079935,-0.00547446,-0.301514,1,1,1,5.42732,0,0.0191753,0.000888439,0.0454972,0.180469
4256,1,0.0799036,-0.00707934,-0.339181,1,1,1,5.42732,0,-0.00426119,0.000852275,0.273521,0.169189
4257,1,0.0798639,-0.00886466,-0.375425,1,1,1,5.42732,0,0.0127836,0.000815555,0.0545302,0.135352
4258,1,0.0798147,-0.0108287,-0.410378,1,1,1,5.42722,0,-0.010653,0.000776325,0.277443,0.112793
4259,1,0.0797553,-0.0129651,-0.444051,1,1,1,5.42722,0,8.47998e-19,0.000727738,0.123532,0.0563965
4260,1,0.0796848,-0.0152671,-0.476447,1,1,1,5.42722,0,-0.0149142,0.00065047,0.241967,0.146631
4261,1,0.0796024,-0.0177283,-0.507581,1,1,1,5.42722,0,0.0138489,0.000551058,-0.124267,0.0338379
4262,1,0.0795072,-0.0203433,-0.537475,1,1,1,5.42722,0,0.0223712,0.000461087,-0.268269,0
4263,1,0.0793986,-0.0231027,-0.566108,1,1,1,5.42713,-0.0226893,0.00852238,0.00036708,-0.170125,0.0225586
4264,1,0.0792761,-0.0259992,-0.593491,1,1,1,5.42713,0,-2.60922e-19,0.000240877,-0.137855,-0.0676758
4265,1,0.0791378,-0.0290491,-0.619828,1,1,1,5.42713,0,-0.00958767,0.0001349,-0.0924319,-0.0563965
4266,1,0.0789855,-0.0321947,-0.644703,1,1,1,5.42713,-0.00174533,-0.00958767,1.91099e-05,-0.156007,-0.0902344
4267,1,0.0788162,-0.0354811,-0.668548,1,1,1,5.42703,0,0.0223712,-0.00015469,-0.581789,-0.135352
4268,1,0.0786293,-0.0389004,-0.69133,1,1,1,5.42703,0,-0.0138489,-0.000308082,-0.258251,-0.203027
4269,1,0.0784272,-0.0423917,-0.712715,1,1,1,5.42694,-0.015708,-0.0213059,-0.000496885,-0.257676,-0.203027
4270,1,0.0782064,-0.0460032,-0.733065,1,1,1,5.42694,-0.0191986,0.00213059,-0.000705758,-0.601279,-0.270703
4271,1,0.0779672,-0.0497168,-0.752309,1,1,1,5.42674,-0.0506145,-0.0340895,-0.00087795,-0.285543,-0.462451
4272,1,0.0777091,-0.0535242,-0.770447,1,1,1,5.42665,0,-0.0127836,-0.00109473,-0.609496,-0.451172
4273,1,0.0774315,-0.0574232,-0.787506,1,1,1,5.42636,-0.0331613,-0.0191753,-0.00123601,-0.618076,-0.417334
4274,1,0.0771348,-0.0613974,-0.803454,1,1,1,5.42636,-0.0558505,-0.039416,-0.00138126,-0.477758,-0.530127
4275,1,0.0768178,-0.0654516,-0.818348,1,1,1,5.42607,0,-0.0671137,-0.00147899,-0.247305,-0.507568
4276,1,0.0764796,-0.0695862,-0.83222,1,1,1,5.42588,-0.0715585,-0.0404813,-0.00158165,-0.614894,-0.31582
4277,1,0.0761214,-0.0737767,-0.845018,1,1,1,5.4255,-0.0890118,-0.039416,-0.00170649,-0.707277,-0.451172
4278,1,0.0757419,-0.0780327,-0.856807,1,1,1,5.42521,-0.0628319,-0.0607219,-0.00178936,-0.547588,-0.665479
4279,1,0.0753406,-0.0823477,-0.867593,1,1,1,5.42492,-0.0785398,-0.0713749,-0.00187712,-0.506094,-0.496289
4280,1,0.0749184,-0.086706,-0.877367,1,1,1,5.42454,-0.0907571,-0.0532648,-0.00196468,-0.780799,-0.530127
4281,1,0.074474,-0.0911145,-0.886171,1,1,1,5.42406,-0.0994838,-0.0607219,-0.00204964,-0.775846,-0.586523
4282,1,0.0740077,-0.0955617,-0.894005,1,1,1,5.42387,-0.0733038,-0.096942,-0.00210979,-0.451312,-0.620361
4283,1,0.0735161,-0.100072,-0.900929,1,1,1,5.42329,-0.0994838,-0.0862891,-0.00221161,-0.648946,-0.823389
4284,1,0.0730072,-0.104568,-0.90685,1,1,1,5.42281,-0.0820305,-0.0884196,-0.00224363,-0.69461,-0.733154
4285,1,0.0724725,-0.10912,-0.911888,1,1,1,5.42233,-0.122173,-0.0980073,-0.00227403,-0.657306,-0.552686
4286,1,0.0719153,-0.113692,-0.916015,1,1,1,5.42186,-0.101229,-0.109726,-0.0022747,-0.591731,-0.597803
4287,1,0.071336,-0.118275,-0.919244,1,1,1,5.42118,-0.139626,-0.103334,-0.00232778,-0.734759,-0.755713
4288,1,0.0707325,-0.122882,-0.921601,1,1,1,5.42061,-0.0837758,-0.119313,-0.00237474,-0.630622,-0.586523
4289,1,0.0701073,-0.127489,-0.92309,1,1,1,5.41984,-0.158825,-0.156599,-0.0023396,-0.277792,-0.665479
4290,1,0.0694583,-0.132106,-0.923731,1,1,1,5.41955,-0.0663225,-0.140619,-0.00232797,-0.513539,-0.631641
4291,1,0.0687852,-0.136732,-0.923536,1,1,1,5.4186,-0.1309,-0.14488,-0.00233934,-0.531652,-0.665479
4292,1,0.068091,-0.141341,-0.922522,1,1,1,5.41802,-0.132645,-0.145946,-0.00233974,-0.582484,-0.620361
4293,1,0.0673729,-0.145948,-0.920702,1,1,1,5.41716,-0.139626,-0.161925,-0.00222594,-0.453658,-0.597803
4294,1,0.0666212,-0.150609,-0.918047,1,1,1,5.41649,-0.15708,-0.154468,-0.00223559,-0.599667,-0.597803
4295,1,0.0658664,-0.155134,-0.914693,1,1,1,5.41562,-0.155334,-0.138489,-0.00226073,-0.84129,-0.755713
4296,1,0.0650804,-0.159691,-0.910544,1,1,1,5.41495,-0.129154,-0.129966,-0.00232023,-1.00765,-0.755713
4297,1,0.0642654,-0.164261,-0.905608,1,1,1,5.4139,-0.197222,-0.139554,-0.00236286,-0.972012,-0.721875
4298,1,0.063437,-0.168753,-0.899996,1,1,1,5.41332,-0.150098,-0.16086,-0.00237433,-0.802145,-0.80083
4299,1,0.0625812,-0.173241,-0.893632,1,1,1,5.41227,-0.158825,-0.174709,-0.00235731,-0.708573,-0.64292
4300,1,0.0617059,-0.177682,-0.886585,1,1,1,5.4115,-0.233874,-0.180035,-0.00234015,-0.708414,-0.766992
4301,1,0.0608007,-0.182123,-0.87878,1,1,1,5.41054,-0.143117,-0.205602,-0.00226257,-0.473944,-0.620361
4302,1,0.059884,-0.186474,-0.870391,1,1,1,5.40977,-0.207694,-0.175774,-0.00223077,-0.854358,-0.631641
4303,1,0.0589409,-0.190803,-0.861298,1,1,1,5.40853,-0.232129,-0.166186,-0.00229731,-1.0295,-0.812109
4304,1,0.0579771,-0.195081,-0.851566,1,1,1,5.40767,-0.191986,-0.194949,-0.00233541,-0.777983,-0.879785
4305,1,0.0569903,-0.199317,-0.841182,1,1,1,5.40652,-0.205949,-0.200276,-0.00235615,-0.779871,-0.879785
4306,1,0.0559829,-0.203497,-0.830184,1,1,1,5.40565,-0.221657,-0.204537,-0.00232661,-0.783592,-0.891064
4307,1,0.0549562,-0.207614,-0.818598,1,1,1,5.40441,-0.214675,-0.214125,-0.00230751,-0.729815,-0.733154
4308,1,0.0539069,-0.211681,-0.806397,1,1,1,5.40354,-0.246091,-0.208798,-0.00223511,-0.83029,-0.620361
4309,1,0.0528334,-0.2157,-0.793569,1,1,1,5.40211,-0.23911,-0.237561,-0.00218673,-0.559271,-0.80083
4310,1,0.0517501,-0.219617,-0.780302,1,1,1,5.40143,-0.141372,-0.232235,-0.00209593,-0.653849,-0.631641
4311,1,0.0506425,-0.223483,-0.76643,1,1,1,5.3999,-0.242601,-0.238627,-0.00201251,-0.619852,-0.609082
4312,1,0.0495133,-0.227287,-0.751994,1,1,1,5.39913,-0.233874,-0.2333,-0.00203594,-0.732407,-0.721875
4313,1,0.0483699,-0.231002,-0.737098,1,1,1,5.3975,-0.16057,-0.238627,-0.0019901,-0.714668,-0.80083
4314,1,0.0472054,-0.234651,-0.721664,1,1,1,5.39664,-0.263545,-0.258867,-0.0019236,-0.528154,-0.631641
4315,1,0.0460237,-0.238218,-0.70575,1,1,1,5.3952,-0.21293,-0.232235,-0.0019088,-0.863989,-0.620361
4316,1,0.0448222,-0.241711,-0.689334,1,1,1,5.39415,-0.277507,-0.264194,-0.00183699,-0.545833,-0.744434
4317,1,0.0436067,-0.245111,-0.6725,1,1,1,5.3929,-0.230383,-0.258867,-0.00177881,-0.637786,-0.597803
4318,1,0.0423724,-0.248431,-0.655194,1,1,1,5.39165,-0.282743,-0.25141,-0.00173499,-0.753696,-0.586523
4319,1,0.0411223,-0.251663,-0.637462,1,1,1,5.39022,-0.301942,-0.256737,-0.00177974,-0.745313,-0.913623
4320,1,0.0398495,-0.254821,-0.619215,1,1,1,5.38916,-0.207694,-0.260998,-0.0017615,-0.736241,-0.789551
4321,1,0.0385746,-0.257855,-0.600759,1,1,1,5.38763,-0.287979,-0.263128,-0.00174651,-0.749859,-0.80083
4322,1,0.0372774,-0.260812,-0.581808,1,1,1,5.38677,-0.195477,-0.247149,-0.00175958,-0.965419,-0.733154
4323,1,0.0359666,-0.263672,-0.562497,1,1,1,5.38523,-0.300197,-0.260998,-0.00174081,-0.847938,-0.778271
4324,1,0.0346415,-0.266435,-0.542823,1,1,1,5.38427,-0.21293,-0.235431,-0.00180189,-1.17494,-0.834668
4325,1,0.0333024,-0.2691,-0.522795,1,1,1,5.38255,-0.270526,-0.226908,-0.00192519,-1.32511,-1.0377
4326,1,0.0319502,-0.271664,-0.502438,1,1,1,5.38149,-0.305433,-0.25141,-0.00201479,-1.10722,-1.0377
4327,1,0.030586,-0.274124,-0.481771,1,1,1,5.38005,-0.216421,-0.272716,-0.00205293,-0.91284,-0.95874
4328,1,0.0292096,-0.27648,-0.4608,1,1,1,5.379,-0.275762,-0.295087,-0.00204408,-0.69788,-0.80083
4329,1,0.0278227,-0.278729,-0.439556,1,1,1,5.37747,-0.249582,-0.265259,-0.00208379,-1.06191,-1.0377
4330,1,0.026422,-0.280876,-0.417996,1,1,1,5.37622,-0.298451,-0.281238,-0.00211095,-0.920554,-1.04897
4331,1,0.0250064,-0.28292,-0.396108,1,1,1,5.37469,-0.267035,-0.301479,-0.00214981,-0.732761,-1.01514
4332,1,0.0235918,-0.284839,-0.374143,1,1,1,5.37344,-0.29147,-0.281238,-0.00218483,-0.987511,-0.924902
4333,1,0.0221643,-0.286652,-0.351893,1,1,1,5.37181,-0.270526,-0.291891,-0.00218386,-0.895068,-0.95874
4334,1,0.0207267,-0.288356,-0.329406,1,1,1,5.37075,-0.272271,-0.276977,-0.00216868,-1.07785,-1.01514
4335,1,0.0192825,-0.289945,-0.306744,1,1,1,5.36884,-0.315905,-0.307871,-0.00216725,-0.75415,-1.00386
4336,1,0.0178278,-0.291422,-0.283851,1,1,1,5.36769,-0.268781,-0.295087,-0.00216265,-0.909052,-0.902344
4337,1,0.0163671,-0.292784,-0.260801,1,1,1,5.36596,-0.315905,-0.304675,-0.00209364,-0.807944,-0.755713
4338,1,0.0148998,-0.29403,-0.237593,1,1,1,5.36481,-0.272271,-0.301479,-0.00204216,-0.848325,-0.699316
4339,1,0.0134251,-0.295161,-0.214216,1,1,1,5.36299,-0.287979,-0.318524,-0.00197688,-0.66275,-0.631641
4340,1,0.0119487,-0.296172,-0.190768,1,1,1,5.36174,-0.3735,-0.307871,-0.00193311,-0.783324,-0.834668
4341,1,0.0104656,-0.297067,-0.167174,1,1,1,5.35992,-0.277507,-0.301479,-0.00190269,-0.856914,-0.913623
4342,1,0.00897602,-0.297845,-0.143443,1,1,1,5.35877,-0.29147,-0.292957,-0.00188754,-0.955198,-0.845947
4343,1,0.00748739,-0.298502,-0.119698,1,1,1,5.35685,-0.305433,-0.302544,-0.00188815,-0.854525,-0.913623
4344,1,0.00599351,-0.299041,-0.0958448,1,1,1,5.3557,-0.293215,-0.312132,-0.00182859,-0.74442,-0.936182
4345,1,0.00449853,-0.29946,-0.0719549,1,1,1,5.35369,-0.342085,-0.306806,-0.00181387,-0.802787,-0.981299
4346,1,0.00299856,-0.29976,-0.0479706,1,1,1,5.35244,-0.267035,-0.320654,-0.00175159,-0.641877,-0.992578
4347,1,0.00149068,-0.299941,-0.0238501,1,1,1,5.35081,-0.300197,-0.300414,-0.00171418,-0.859074,-0.64292
4348,1,-1.1697e-06,-0.3,1.87152e-05,1,1,1,5.34957,-0.293215,-0.298283,-0.00161769,-0.866584,-0.552686
4349,1,-0.00150012,-0.29994,0.0240012,1,1,1,5.34784,-0.361283,-0.319589,-0.00154327,-0.618835,-0.620361
4350,1,-0.00300019,-0.29976,0.0479966,1,1,1,5.34659,-0.293215,-0.301479,-0.00153476,-0.81133,-0.654199
4351,1,-0.00449746,-0.29946,0.0719377,1,1,1,5.34458,-0.315905,-0.283369,-0.00155181,-1.00571,-0.868506
4352,1,-0.00599344,-0.299041,0.0958438,1,1,1,5.34343,-0.324631,-0.295087,-0.00156527,-0.869992,-0.981299
4353,1,-0.00750128,-0.298496,0.11992,1,1,1,5.3418,-0.253073,-0.30361,-0.00156211,-0.765727,-0.778271
4354,1,-0.00897754,-0.297844,0.143467,1,1,1,5.34065,-0.305433,-0.302544,-0.0015157,-0.76004,-0.688037
4355,1,-0.0104661,-0.297067,0.167182,1,1,1,5.33873,-0.296706,-0.296153,-0.00154421,-0.821197,-0.789551
4356,1,-0.0119491,-0.296172,0.190774,1,1,1,5.33758,-0.279253,-0.300414,-0.00155819,-0.761798,-0.879785
4357,1,-0.0134275,-0.295159,0.214255,1,1,1,5.33586,-0.284489,-0.297218,-0.00156209,-0.781769,-0.868506
4358,1,-0.0149008,-0.29403,0.237608,1,1,1,5.3348,-0.235619,-0.273781,-0.00162381,-1.03053,-0.80083
4359,1,-0.0163677,-0.292784,0.260811,1,1,1,5.33308,-0.287979,-0.282304,-0.00166879,-0.92415,-0.857227
4360,1,-0.0178267,-0.291423,0.283834,1,1,1,5.33202,-0.303687,-0.255671,-0.00175568,-1.20863,-1.04897
4361,1,-0.0192817,-0.289945,0.306731,1,1,1,5.3302,-0.289725,-0.265259,-0.00189811,-1.10057,-1.11665
4362,1,-0.0207262,-0.288356,0.329399,1,1,1,5.32915,-0.242601,-0.268455,-0.0019804,-1.05354,-1.06025
4363,1,-0.0221637,-0.286653,0.351884,1,1,1,5.32752,-0.275762,-0.270585,-0.0019992,-1.00848,-0.857227
4364,1,-0.023596,-0.284833,0.374208,1,1,1,5.32656,-0.26529,-0.26739,-0.00206693,-1.02706,-0.902344
4365,1,-0.025012,-0.282912,0.396194,1,1,1,5.32473,-0.274017,-0.26952,-0.00208902,-0.979855,-0.80083
4366,1,-0.0264249,-0.280871,0.418041,1,1,1,5.32368,-0.312414,-0.284434,-0.00212486,-0.792342,-1.0377
4367,1,-0.0278217,-0.278731,0.439541,1,1,1,5.32205,-0.230383,-0.290826,-0.00205672,-0.683123,-0.902344
4368,1,-0.0292086,-0.276482,0.460785,1,1,1,5.321,-0.270526,-0.276977,-0.00202674,-0.801312,-0.812109
4369,1,-0.0305878,-0.274121,0.481798,1,1,1,5.31927,-0.267035,-0.26739,-0.00204728,-0.877683,-0.812109
4370,1,-0.0319529,-0.271659,0.502479,1,1,1,5.31802,-0.322886,-0.271651,-0.00203107,-0.795494,-0.845947
4371,1,-0.0333015,-0.269102,0.522782,1,1,1,5.31649,-0.284489,-0.280173,-0.00200205,-0.663658,-0.868506
4372,1,-0.0346417,-0.266435,0.542825,1,1,1,5.31534,-0.272271,-0.280173,-0.00197277,-0.624187,-0.891064
4373,1,-0.0359658,-0.263674,0.562486,1,1,1,5.31381,-0.260054,-0.256737,-0.00193176,-0.839873,-0.552686
4374,1,-0.0372797,-0.260807,0.581842,1,1,1,5.31275,-0.240855,-0.266324,-0.00175069,-0.672554,-0.518848
4375,1,-0.0385828,-0.257836,0.600878,1,1,1,5.31112,-0.277507,-0.250345,-0.00169953,-0.802409,-0.744434
4376,1,-0.0398565,-0.254804,0.619316,1,1,1,5.31007,-0.256563,-0.264194,-0.0016712,-0.606384,-0.902344
4377,1,-0.0411229,-0.251661,0.63747,1,1,1,5.30853,-0.223402,-0.253541,-0.00169672,-0.685879,-0.812109
4378,1,-0.0423735,-0.248429,0.655208,1,1,1,5.30748,-0.256563,-0.231169,-0.00167523,-0.886916,-0.620361
4379,1,-0.0436059,-0.245113,0.672489,1,1,1,5.30594,-0.280998,-0.259932,-0.00164467,-0.523328,-0.778271
4380,1,-0.044824,-0.241705,0.689358,1,1,1,5.30527,-0.155334,-0.237561,-0.00162575,-0.722663,-0.563965
4381,1,-0.0460239,-0.238217,0.705754,1,1,1,5.30374,-0.300197,-0.221582,-0.00167282,-0.859515,-0.812109
4382,1,-0.0472051,-0.234652,0.721659,1,1,1,5.30278,-0.207694,-0.238627,-0.00175988,-0.637463,-0.936182
4383,1,-0.0483719,-0.230996,0.737124,1,1,1,5.30144,-0.176278,-0.2333,-0.00180085,-0.654379,-0.845947
4384,1,-0.0495165,-0.227277,0.752035,1,1,1,5.30057,-0.223402,-0.252475,-0.0018092,-0.396761,-0.710596
4385,1,-0.0506429,-0.223482,0.766434,1,1,1,5.29923,-0.176278,-0.210929,-0.00188025,-0.814505,-0.857227
4386,1,-0.0517555,-0.219598,0.780369,1,1,1,5.29827,-0.214675,-0.213059,-0.00196689,-0.75282,-0.744434
4387,1,-0.052838,-0.215683,0.793625,1,1,1,5.29712,-0.162316,-0.200276,-0.00196549,-0.843313,-0.688037
4388,1,-0.0539064,-0.211683,0.806391,1,1,1,5.29645,-0.207694,-0.192819,-0.00200196,-0.87921,-0.676758
4389,1,-0.0549557,-0.207616,0.818592,1,1,1,5.29501,-0.221657,-0.188558,-0.00213002,-0.891335,-0.823389
4390,1,-0.0559837,-0.203493,0.830193,1,1,1,5.29415,-0.216421,-0.188558,-0.00218179,-0.845884,-0.834668
4391,1,-0.0569904,-0.199316,0.841184,1,1,1,5.2931,-0.205949,-0.193884,-0.00220025,-0.736857,-0.834668
4392,1,-0.0579764,-0.195084,0.851559,1,1,1,5.29243,-0.176278,-0.183231,-0.00226484,-0.809124,-0.823389
4393,1,-0.0589411,-0.190802,0.861301,1,1,1,5.29127,-0.162316,-0.152337,-0.0023573,-1.10718,-0.857227
4394,1,-0.0598844,-0.186472,0.870395,1,1,1,5.29051,-0.185005,-0.182166,-0.00239551,-0.729646,-0.80083
4395,1,-0.0608111,-0.182073,0.878873,1,1,1,5.28965,-0.155334,-0.174709,-0.00241355,-0.758821,-0.789551
4396,1,-0.0617052,-0.177685,0.886579,1,1,1,5.28907,-0.15708,-0.150207,-0.00251213,-0.986368,-0.845947
4397,1,-0.0625883,-0.173205,0.893687,1,1,1,5.28782,-0.146608,-0.161925,-0.00257229,-0.809387,-0.857227
4398,1,-0.0634379,-0.168748,0.900003,1,1,1,5.28734,-0.162316,-0.170448,-0.00264481,-0.669571,-0.95874
4399,1,-0.06427,-0.164235,0.905638,1,1,1,5.28648,-0.0890118,-0.16299,-0.00271958,-0.705247,-0.823389
4400,1,-0.0650801,-0.159693,0.910543,1,1,1,5.28571,-0.233874,-0.135293,-0.00279691,-0.963643,-0.879785
4401,1,-0.065867,-0.155131,0.914696,1,1,1,5.28495,-0.15708,-0.153403,-0.00287021,-0.717486,-0.924902
4402,1,-0.0666313,-0.150548,0.918087,1,1,1,5.28428,-0.136136,-0.122509,-0.0029359,-1.00922,-0.981299
4403,1,-0.0673725,-0.145951,0.9207,1,1,1,5.28351,-0.167552,-0.132097,-0.00305949,-0.863231,-0.857227
4404,1,-0.0680906,-0.141343,0.922522,1,1,1,5.28293,-0.115192,-0.123574,-0.00309511,-0.904829,-0.80083
4405,1,-0.0687858,-0.136728,0.923537,1,1,1,5.28226,-0.150098,-0.139554,-0.00309881,-0.672706,-0.676758
4406,1,-0.0694581,-0.132108,0.923731,1,1,1,5.28188,-0.0977384,-0.122509,-0.00316584,-0.812284,-0.665479
4407,1,-0.0701069,-0.127492,0.92309,1,1,1,5.28102,-0.118682,-0.107595,-0.00325127,-0.931007,-0.868506
4408,1,-0.0707365,-0.122852,0.921588,1,1,1,5.28063,-0.127409,-0.0862891,-0.00340402,-1.12876,-1.01514
4409,1,-0.0713358,-0.118277,0.919245,1,1,1,5.27987,-0.120428,-0.0916155,-0.00353281,-1.03131,-1.16177
4410,1,-0.0719152,-0.113692,0.916015,1,1,1,5.27958,-0.0401426,-0.0926808,-0.0036617,-0.980742,-1.0377
4411,1,-0.0724722,-0.109122,0.911891,1,1,1,5.27891,-0.0890118,-0.104399,-0.0037317,-0.805536,-1.00386
4412,1,-0.0730069,-0.104571,0.906854,1,1,1,5.27852,-0.102974,-0.102269,-0.00375644,-0.777045,-0.857227
4413,1,-0.0735255,-0.0999876,0.900808,1,1,1,5.27814,-0.10821,-0.0884196,-0.0038335,-0.884108,-0.812109
4414,1,-0.0740076,-0.0955625,0.894007,1,1,1,5.27757,-0.1309,-0.107595,-0.00389617,-0.628066,-0.924902
4415,1,-0.0744742,-0.0911123,0.886167,1,1,1,5.27718,-0.0296706,-0.0756361,-0.0039379,-0.931567,-0.879785
4416,1,-0.0749187,-0.0867034,0.877362,1,1,1,5.2767,-0.0925025,-0.0809626,-0.00392954,-0.818965,-0.744434
4417,1,-0.0753412,-0.0823409,0.867577,1,1,1,5.27613,-0.120428,-0.100138,-0.0039145,-0.553848,-0.812109
4418,1,-0.0757482,-0.0779629,0.856623,1,1,1,5.27594,-0.0331613,-0.0926808,-0.00395681,-0.589233,-0.812109
4419,1,-0.0761281,-0.0737,0.844795,1,1,1,5.27536,-0.0349066,-0.0809626,-0.00393965,-0.665178,-0.789551
4420,1,-0.07648,-0.0695812,0.832203,1,1,1,5.27517,-0.0680678,-0.0884196,-0.00386873,-0.524979,-0.699316
4421,1,-0.076818,-0.0654492,0.81834,1,1,1,5.27469,-0.0610865,-0.0841585,-0.00381273,-0.515668,-0.699316
4422,1,-0.0771351,-0.0613939,0.80344,1,1,1,5.2744,-0.0663225,-0.068179,-0.00380408,-0.642597,-0.721875
4423,1,-0.0774314,-0.057425,0.787513,1,1,1,5.27402,-0.0680678,-0.0852238,-0.0037811,-0.405575,-0.766992
4424,1,-0.0777088,-0.0535296,0.770472,1,1,1,5.27383,-0.0331613,-0.078832,-0.00376547,-0.428384,-0.665479
4425,1,-0.077969,-0.04969,0.752176,1,1,1,5.27354,-0.0139626,-0.057526,-0.00376605,-0.618253,-0.665479
4426,1,-0.0782067,-0.0459992,0.733043,1,1,1,5.27325,-0.0645772,-0.0383507,-0.0037745,-0.78767,-0.688037
4427,1,-0.0784273,-0.0423899,0.712705,1,1,1,5.27287,-0.0436332,-0.0415466,-0.00381827,-0.716836,-0.789551
4428,1,-0.0786304,-0.0388796,0.691198,1,1,1,5.27277,-0.0314159,-0.0372854,-0.00380475,-0.721849,-0.676758
4429,1,-0.0788163,-0.0354793,0.668536,1,1,1,5.27258,-0.0436332,-0.0362201,-0.00378783,-0.692774,-0.631641
4430,1,-0.0789863,-0.0321788,0.644582,1,1,1,5.27248,-0.0401426,-0.028763,-0.00374846,-0.732453,-0.394775
4431,1,-0.0791387,-0.0290299,0.61967,1,1,1,5.2722,-0.0698132,-0.0266324,-0.00375605,-0.72174,-0.744434
4432,1,-0.0792763,-0.0259936,0.59344,1,1,1,5.2721,-0.0366519,-0.0383507,-0.00375393,-0.558975,-0.924902
4433,1,-0.0793988,-0.0230979,0.566061,1,1,1,5.27191,0,-0.028763,-0.00371797,-0.627996,-0.688037
4434,1,-0.0795073,-0.0203411,0.537451,1,1,1,5.27191,-0.0191986,-0.0010653,-0.00377954,-0.910984,-0.676758
4435,1,-0.0796023,-0.0177312,0.507616,1,1,1,5.27162,-0.0366519,-0.0234365,-0.00379991,-0.639752,-0.721875
4436,1,-0.0796848,-0.015268,0.47646,1,1,1,5.27162,0,-0.0404813,-0.00376613,-0.421953,-0.64292
4437,1,-0.0797555,-0.0129574,0.443936,1,1,1,5.27152,0,-0.0127836,-0.00377208,-0.703634,-0.744434
4438,1,-0.0798147,-0.0108294,0.410389,1,1,1,5.27143,-0.0401426,0.00958767,-0.00380343,-0.932463,-0.812109
4439,1,-0.0798639,-0.00886458,0.375424,1,1,1,5.27133,-0.0401426,-0.00639178,-0.00380494,-0.737702,-0.879785
4440,1,-0.0799037,-0.00707754,0.339141,1,1,1,5.27133,0.00349066,-0.0202406,-0.0038073,-0.56886,-0.812109
4441,1,-0.0799352,-0.0054642,0.301254,1,1,1,5.27124,0,0.00958767,-0.00378636,-0.879751,-0.710596
4442,1,-0.0799587,-0.00406433,0.262588,1,1,1,5.27124,0,-0.0159795,-0.0037553,-0.582689,-0.733154
4443,1,-0.0799759,-0.00285166,0.222292,1,1,1,5.27114,-0.00872665,-0.0191753,-0.00378789,-0.542643,-0.97002
4444,1,-0.0799876,-0.00184388,0.180629,1,1,1,5.27105,0,0.00213059,-0.0037653,-0.767544,-0.710596
4445,1,-0.0799947,-0.0010478,0.137582,1,1,1,5.27105,-0.00523599,-0.0149142,-0.0037338,-0.572206,-0.609082
4446,1,-0.0799984,-0.000470301,0.0931249,1,1,1,5.27105,0,7.17537e-19,-0.00370846,-0.732115,-0.654199
4447,1,-0.0799998,-0.000118985,0.0473183,1,1,1,5.27105,-0.015708,0.00319589,-0.00367237,-0.764673,-0.688037
4448,1,-0.08,-0,-0,1,1,1,5.27105,0.00698132,0.010653,-0.00367852,-0.852747,-0.654199
4449,1,-0.08,-0,-0,1,1,1,5.27095,0,0.00958767,-0.00365928,-0.838489,-0.80083
4450,1,-0.08,-0,-0,1,1,1,5.27095,0,-0.028763,-0.00364495,-0.41474,-0.789551
4451,1,-0.08,-0,-0,1,1,1,5.27095,0,-0.00319589,-0.00364657,-0.696193,-0.631641
4452,1,-0.08,-0,-0,1,1,1,5.27085,-0.015708,-0.0138489,-0.00361784,-0.575217,-0.845947
4453,1,-0.08,-0,-0,1,1,1,5.27095,0,-0.0010653,-0.003608,-0.714537,-0.699316
4454,1,-0.08,-0,-0,1,1,1,5.27085,0,0.0127836,-0.00359575,-0.865258,-0.688037
4455,1,-0.08,-0,-0,1,1,1,5.27085,-0.00698132,0.0117183,-0.00360238,-0.854415,-0.654199
4456,1,-0.08,-0,-0,1,1,1,5.27085,0,-0.00319589,-0.00358247,-0.687732,-0.654199
4457,1,-0.08,-0,-0,1,1,1,5.27076,0,-0.00852238,-0.00351803,-0.620634,-0.778271
4458,1,-0.08,-0,-0,1,1,1,5.27076,0,-0.00639178,-0.0034961,-0.641176,-0.721875
4459,1,-0.08,-0,-0,1,1,1,5.27076,-0.015708,-0.0117183,-0.00349672,-0.582666,-0.778271
4460,1,-0.08,-0,-0,1,1,1,5.27076,0.0139626,0.00639178,-0.00349702,-0.781916,-0.665479
4461,1,-0.08,-0,-0,1,1,1,5.27076,0,-0.0191753,-0.00346208,-0.496066,-0.620361
4462,1,-0.08,-0,-0,1,1,1,5.27076,0,-0.0213059,-0.00340931,-0.465663,-0.518848
4463,1,-0.08,-0,-0,1,1,1,5.27076,0,-0.010653,-0.00341811,-0.584008,-0.676758
4464,1,-0.08,-0,-0,1,1,1,5.27076,0,0.00745708,-0.00341494,-0.7828,-0.620361
4465,1,-0.08,-0,-0,1,1,1,5.27076,0,-1.36984e-18,-0.0034236,-0.701915,-0.665479
4466,1,-0.08,-0,-0,1,1,1,5.27076,0,0.00958767,-0.00345761,-0.811869,-0.665479
4467,1,-0.08,-0,-0,1,1,1,5.27076,0,0.0138489,-0.00346536,-0.859765,-0.64292
4468,1,-0.08,-0,-0,1,1,1,5.27076,-0.00174533,0.00213059,-0.00346084,-0.730268,-0.812109
4469,1,-0.08,-0,-0,1,1,1,5.27066,0,-0.00213059,-0.003486,-0.686716,-0.778271
4470,1,-0.08,-0,-0,1,1,1,5.27066,0,0.0191753,-0.00351729,-0.925211,-0.688037
4471,1,-0.08,-0,-0,1,1,1,5.27057,0,-0.00532648,-0.00348879,-0.651929,-0.699316
4472,1,-0.08,-0,-0,1,1,1,5.27066,0,-0.0170448,-0.00345796,-0.518958,-0.721875
4473,1,-0.08,-0,-0,1,1,1,5.27066,0,0.00426119,-0.00346936,-0.754829,-0.563965
4474,1,-0.08,-0,-0,1,1,1,5.27057,-0.00523599,-0.00958767,-0.00343647,-0.598149,-0.552686
4475,1,-0.08,-0,-0,1,1,1,5.27057,0,0.00639178,-0.00345047,-0.775771,-0.654199
4476,1,-0.08,-0,-0,1,1,1,5.27057,0,0.0010653,-0.00345885,-0.718286,-0.699316
4477,1,-0.08,-0,-0,1,1,1,5.27057,0,-0.0010653,-0.00345622,-0.694502,-0.620361
4478,1,-0.08,-0,-0,1,1,1,5.27047,-0.00698132,0.0159795,-0.00342638,-0.878056,-0.563965
4479,1,-0.08,-0,-0,1,1,1,5.27047,-0.00872665,-0.00319589,-0.00343903,-0.668798,-0.778271
4480,1,-0.08,-0,-0,1,1,1,5.27047,0,-0.0191753,-0.00342752,-0.491504,-0.755713
4481,1,-0.08,-0,-0,1,1,1,5.27047,0.00872665,0.00639178,-0.00340424,-0.769669,-0.699316
4482,1,-0.08,-0,-0,1,1,1,5.27047,0,-0.00213059,-0.00337229,-0.671705,-0.575244
4483,1,-0.08,-0,-0,1,1,1,5.27047,0,-0.0117183,-0.00329357,-0.555851,-0.609082
4484,1,-0.08,-0,-0,1,1,1,5.27047,0,0.00426119,-0.00328968,-0.731111,-0.688037
4485,1,-0.08,-0,-0,1,1,1,5.27047,0,-0.0149142,-0.00330517,-0.522226,-0.676758
4486,1,-0.08,-0,-0,1,1,1,5.27047,0,0.00639178,-0.00333769,-0.760884,-0.789551
4487,1,-0.08,-0,-0,1,1,1,5.27047,0,-0.0010653,-0.0033071,-0.674818,-0.654199
4488,1,-0.08,-0,-0,1,1,1,5.27047,0,-0.00639178,-0.00331071,-0.616704,-0.710596
4489,1,-0.08,-0,-0,1,1,1,5.27047,0,-0.0010653,-0.00330627,-0.67471,-0.845947
4490,1,-0.08,-0,-0,1,1,1,5.27047,0.00872665,0.00426119,-0.00329732,-0.732119,-0.676758
4491,1,-0.08,-0,-0,1,1,1,5.27047,0,-0.0149142,-0.00327524,-0.518276,-0.654199
4492,1,-0.08,-0,-0,1,1,1,5.27047,0,-0.0010653,-0.00332965,-0.677796,-0.710596
4493,1,-0.08,-0,-0,1,1,1,5.27037,0,2.60922e-19,-0.00333634,-0.690397,-0.609082
4494,1,-0.08,-0,-0,1,1,1,5.27037,-0.0191986,-0.00319589,-0.0033585,-0.658167,-0.766992
4495,1,-0.08,-0,-0,1,1,1,5.27037,0,-0.0010653,-0.00337346,-0.683578,-0.823389
4496,1,-0.08,-0,-0,1,1,1,5.27037,0.0174533,-0.00745708,-0.00334162,-0.609066,-0.518848
4497,1,-0.08,-0,-0,1,1,1,5.27037,0.00872665,0.00319589,-0.00331029,-0.722113,-0.631641
4498,1,-0.08,-0,-0,1,1,1,5.27037,-0.00872665,0.0010653,-0.00332426,-0.70052,-0.834668
4499,1,-0.08,-0,-0,1,1,1,5.27037,0,-1.10892e-18,-0.00334047,-0.690943,-0.710596
4500,1,-0.08,-0,-0,1,1,1,5.27037,0,-0.0202406,-0.0033379,-0.467956,-0.733154
4501,1,-0.08,-0,-0,1,1,1,5.27037,0,0.010653,-0.00335076,-0.809484,-0.778271
4502,1,-0.08,-0,-0,1,1,1,5.27028,-0.00872665,-0.00745708,-0.00331445,-0.605479,-0.778271
4503,1,-0.08,-0,-0,1,1,1,5.27028,0,-0.01811,-0.00332856,-0.49016,-0.823389
4504,1,-0.08,-0,-0,1,1,1,5.27028,0,-0.0127836,-0.00331411,-0.546843,-0.654199
4505,1,-0.08,-0,-0,1,1,1,5.27028,0,-0.00639178,-0.00329477,-0.6146,-0.857227
4506,1,-0.08,-0,-0,1,1,1,5.27028,0,-0.0159795,-0.00334323,-0.515533,-0.755713
4507,1,-0.08,-0,-0,1,1,1,5.27028,0.00349066,0.00319589,-0.00333704,-0.725644,-0.609082
4508,1,-0.08,-0,-0,1,1,1,5.27028,0,0.00319589,-0.00334768,-0.727048,-0.789551
4509,1,-0.08,-0,-0,1,1,1,5.27028,0,0.0149142,-0.00336543,-0.858292,-0.857227
4510,1,-0.08,-0,-0,1,1,1,5.27028,0,-0.0213059,-0.00334485,-0.457155,-0.812109
4511,1,-0.08,-0,-0,1,1,1,5.27028,0,-0.0149142,-0.00333233,-0.525811,-0.789551
4512,1,-0.08,-0,-0,1,1,1,5.27028,0,0.0351548,-0.00331611,-1.07443,-0.733154
4513,1,-0.08,-0,-0,1,1,1,5.27018,-0.0488692,-0.0138489,-0.00335771,-0.54088,-0.699316
4514,1,-0.08,-0,-0,1,1,1,5.27018,0,-0.00852238,-0.00332871,-0.595643,-0.721875
4515,1,-0.08,-0,-0,1,1,1,5.27018,0,-0.0127836,-0.00338225,-0.555838,-0.879785
4516,1,-0.08,-0,-0,1,1,1,5.27018,0,-0.0159795,-0.00336808,-0.518812,-0.64292
4517,1,-0.08,-0,-0,1,1,1,5.27018,0,0.00958767,-0.00333814,-0.796099,-0.654199
4518,1,-0.08,-0,-0,1,1,1,5.27018,0,-0.0149142,-0.00330955,-0.522805,-0.518848
4519,1,-0.08,-0,-0,1,1,1,5.27018,0,0.0234365,-0.00332012,-0.946058,-0.563965
4520,1,-0.08,-0,-0,1,1,1,5.27009,0,-0.00639178,-0.00329831,-0.615067,-0.575244
4521,1,-0.08,-0,-0,1,1,1,5.27009,0,0.00639178,-0.00329897,-0.755773,-0.609082
4522,1,-0.08,-0,-0,1,1,1,5.27009,0,-0.0170448,-0.00335688,-0.505616,-0.755713
4523,1,-0.08,-0,-0,1,1,1,5.27009,0.0261799,-0.0202406,-0.00333761,-0.467917,-0.64292
4524,1,-0.08,-0,-0,1,1,1,5.27009,0,-0.0319589,-0.00328832,-0.332511,-0.586523
4525,1,-0.08,-0,-0,1,1,1,5.27009,0.0174533,0.00319589,-0.00328263,-0.718462,-0.575244
4526,1,-0.08,-0,-0,1,1,1,5.27009,0,0.0127836,-0.00326675,-0.821831,-0.575244
4527,1,-0.08,-0,-0,1,1,1,5.27009,-0.0174533,0.00639178,-0.00326866,-0.751772,-0.710596
4528,1,-0.08,-0,-0,1,1,1,5.27009,0,-0.0138489,-0.00324496,-0.525997,-0.552686
4529,1,-0.08,-0,-0,1,1,1,5.27009,0,-0.0191753,-0.00323793,-0.466478,-0.721875
4530,1,-0.08,-0,-0,1,1,1,5.27009,0,0.0191753,-0.00324834,-0.88971,-0.620361
4531,1,-0.08,-0,-0,1,1,1,5.26999,0,0.00745708,-0.00323245,-0.758712,-0.496289
4532,1,-0.08,-0,-0,1,1,1,5.27009,-0.010472,0.00213059,-0.00321783,-0.69819,-0.575244
4533,1,-0.08,-0,-0,1,1,1,5.26999,-0.00349066,0.0266324,-0.00325333,-0.972397,-0.755713
4534,1,-0.08,-0,-0,1,1,1,5.26999,0,0.00958767,-0.00324284,-0.783519,-0.755713
4535,1,-0.08,-0,-0,1,1,1,5.26999,-0.0279253,-0.00745708,-0.00326481,-0.598927,-0.80083
4536,1,-0.08,-0,-0,1,1,1,5.26999,0.0122173,-0.00852238,-0.00325048,-0.585317,-0.609082
4537,1,-0.08,-0,-0,1,1,1,5.26999,0,1.95692e-19,-0.00325653,-0.679862,-0.755713
4538,1,-0.08,-0,-0,1,1,1,5.26999,0,-0.0191753,-0.00326941,-0.470634,-0.733154
4539,1,-0.08,-0,-0,1,1,1,5.26999,0,-0.00532648,-0.0032401,-0.619102,-0.721875
4540,1,-0.08,-0,-0,1,1,1,5.26999,0.020944,-0.0202406,-0.00325507,-0.457022,-0.631641
4541,1,-0.08,-0,-0,1,1,1,5.26999,0.0139626,0.00426119,-0.00323826,-0.724324,-0.654199
4542,1,-0.08,-0,-0,1,1,1,5.2699,0,0.010653,-0.00324628,-0.795691,-0.699316
4543,1,-0.08,-0,-0,1,1,1,5.2699,0,0.00319589,-0.00326395,-0.715996,-0.688037
4544,1,-0.08,-0,-0,1,1,1,5.2699,0,0.00426119,-0.00328955,-0.731094,-0.575244
4545,1,-0.08,-0,-0,1,1,1,5.2699,0,-0.010653,-0.00330832,-0.569515,-0.597803
4546,1,-0.08,-0,-0,1,1,1,5.2699,-0.00523599,0.00426119,-0.00331443,-0.734378,-0.609082
4547,1,-0.08,-0,-0,1,1,1,5.2699,0,-0.0138489,-0.00329932,-0.533173,-0.845947
4548,1,-0.08,8.98281e-12,1.31327e-05,1,1,1,5.26999,0.0174533,-0.0117183,-0.00327946,-0.553986,-0.609082
4549,1,-0.0799998,0.000118837,0.0472892,1,1,1,5.2699,0,0.0138489,-0.00327684,-0.826728,-0.676758
4550,1,-0.0799984,0.00047061,0.0931549,1,1,1,5.2699,-0.00174533,0.0191753,-0.00329242,-0.876565,-0.665479
4551,1,-0.0799947,0.00104902,0.13766,1,1,1,5.2699,-0.00872665,-0.010653,-0.00332003,-0.538695,-0.789551
4552,1,-0.0799876,0.00184326,0.1806,1,1,1,5.2699,-0.00349066,-0.0138489,-0.00330591,-0.485842,-0.575244
4553,1,-0.0799759,0.00285101,0.222268,1,1,1,5.2699,0.00872665,0.00532648,-0.00332382,-0.68086,-0.665479
4554,1,-0.0799587,0.00406388,0.262574,1,1,1,5.2699,0,0.0159795,-0.0032769,-0.771246,-0.597803
4555,1,-0.0799349,0.00547572,0.301546,1,1,1,5.2699,-0.00523599,-0.00852238,-0.00329134,-0.480775,-0.609082
4556,1,-0.0799033,0.00709403,0.3395,1,1,1,5.2699,0,-0.00426119,-0.00322123,-0.493144,-0.48501
4557,1,-0.0798639,0.00886542,0.37544,1,1,1,5.2699,0,0.00852238,-0.00315455,-0.598114,-0.530127
4558,1,-0.0798147,0.0108306,0.41041,1,1,1,5.2699,0,-0.0127836,-0.00315754,-0.335055,-0.439893
4559,1,-0.0797552,0.0129695,0.444115,1,1,1,5.26999,0.0453786,-0.010653,-0.00308167,-0.317434,-0.48501
4560,1,-0.0796847,0.0152689,0.476471,1,1,1,5.2699,0,0.028763,-0.00301319,-0.709148,-0.31582
4561,1,-0.0796024,0.0177272,0.507568,1,1,1,5.2699,-0.00174533,0.0234365,-0.00296906,-0.610131,-0.304541
4562,1,-0.0795068,0.0203521,0.537571,1,1,1,5.2699,-0.0296706,-0.00426119,-0.00292555,-0.263224,-0.586523
4563,1,-0.0793986,0.0231025,0.566106,1,1,1,5.26999,0,0.00639178,-0.0028083,-0.327107,-0.3271
4564,1,-0.0792741,0.0260434,0.593889,1,1,1,5.26999,0,-0.0010653,-0.00270543,-0.191443,-0.439893
4565,1,-0.0791384,0.0290351,0.619712,1,1,1,5.26999,0.0174533,0.0138489,-0.00259424,-0.300416,-0.270703
4566,1,-0.0789853,0.0321977,0.644725,1,1,1,5.26999,0,-0.0127836,-0.00243459,0.0565047,-0.270703
4567,1,-0.0788162,0.0354808,0.668546,1,1,1,5.27009,0,0.00852238,-0.00229486,-0.115657,-0.203027
4568,1,-0.0786304,0.0388803,0.691202,1,1,1,5.27009,0,0.0213059,-0.00218889,-0.197886,-0.15791
4569,1,-0.0784274,0.0423874,0.71269,1,1,1,5.27009,0,0.00852238,-0.00202553,0.0123634,-0.135352
4570,1,-0.0782062,0.046007,0.733085,1,1,1,5.27018,0.0174533,0.00852238,-0.00184964,0.0860174,-0.0902344
4571,1,-0.077967,0.0497198,0.752324,1,1,1,5.27018,0.00872665,0.0202406,-0.00167,0.0327766,0.0563965
4572,1,-0.0777092,0.0535236,0.770444,1,1,1,5.27028,0.015708,0.01811,-0.00144416,0.141483,-0.0789551
4573,1,-0.0774307,0.0574348,0.787554,1,1,1,5.27037,0.0174533,0.00745708,-0.00120409,0.348145,0.15791
4574,1,-0.0771345,0.0614014,0.803469,1,1,1,5.27047,0.00174533,0.00852238,-0.00101056,0.418467,0.0563965
4575,1,-0.0768175,0.0654548,0.81836,1,1,1,5.27057,0.0296706,0.0351548,-0.000790807,0.215158,0.101514
4576,1,-0.0764801,0.0695795,0.832198,1,1,1,5.27066,0.015708,0.01811,-0.00054782,0.496204,0.203027
4577,1,-0.0761219,0.0737716,0.845003,1,1,1,5.27085,0.0279253,0.0159795,-0.000357324,0.605507,0.124072
4578,1,-0.0757424,0.0780272,0.856793,1,1,1,5.27095,0.0645772,0.0266324,-0.000121052,0.58482,0.439893
4579,1,-0.0753412,0.0823418,0.867579,1,1,1,5.27124,0.0401426,0.0308936,0.000160949,0.643904,0.699316
4580,1,-0.0749185,0.0867047,0.877364,1,1,1,5.27143,0.00872665,0.0383507,0.000362986,0.654762,0.530127
4581,1,-0.074474,0.0911144,0.886171,1,1,1,5.27172,0.0733038,0.050069,0.000532604,0.613743,0.530127
4582,1,-0.0740067,0.0955704,0.89402,1,1,1,5.27191,0.0558505,0.0916155,0.000719363,0.249786,0.620361
4583,1,-0.0735181,0.100054,0.900904,1,1,1,5.27229,0,0.0617872,0.00089687,0.666852,0.744434
4584,1,-0.073004,0.104596,0.906884,1,1,1,5.27268,0.0890118,0.0660484,0.000988533,0.695678,0.552686
4585,1,-0.0724726,0.109119,0.911887,1,1,1,5.27306,0.151844,0.0745708,0.00112204,0.685633,0.530127
4586,1,-0.0719148,0.113696,0.916018,1,1,1,5.27344,0.0628319,0.104399,0.00123444,0.438784,0.654199
4587,1,-0.0713313,0.118311,0.919266,1,1,1,5.27402,0.0733038,0.10653,0.00137131,0.500039,0.64292
4588,1,-0.0707241,0.122945,0.921627,1,1,1,5.2744,0.0959931,0.0862891,0.00147701,0.802459,0.552686
4589,1,-0.0701026,0.127523,0.923098,1,1,1,5.27517,0.143117,0.102269,0.0015768,0.706706,0.755713
4590,1,-0.0694506,0.13216,0.923734,1,1,1,5.27546,0.0471239,0.12464,0.00168109,0.541933,0.688037
4591,1,-0.0687806,0.136763,0.923532,1,1,1,5.27632,0.1309,0.134227,0.00174463,0.509692,0.744434
4592,1,-0.0680833,0.141391,0.922507,1,1,1,5.2767,0.0890118,0.12677,0.00181088,0.665015,0.654199
4593,1,-0.0673647,0.146,0.920677,1,1,1,5.27766,0.150098,0.132097,0.00180678,0.667335,0.575244
4594,1,-0.0666159,0.150642,0.918025,1,1,1,5.27814,0.136136,0.136358,0.00185954,0.6916,0.609082
4595,1,-0.0658611,0.155166,0.914667,1,1,1,5.2791,0.137881,0.150207,0.00190818,0.608856,0.451172
4596,1,-0.0650743,0.159726,0.91051,1,1,1,5.27977,0.211185,0.168317,0.00189645,0.469163,0.530127
4597,1,-0.0642615,0.164282,0.905583,1,1,1,5.28063,0.13439,0.169382,0.00185189,0.50908,0.428613
4598,1,-0.0634287,0.168797,0.899937,1,1,1,5.2814,0.211185,0.176839,0.00179806,0.47709,0.394775
4599,1,-0.0625759,0.173269,0.893591,1,1,1,5.28245,0.202458,0.164056,0.00173824,0.666361,0.563965
4600,1,-0.0616943,0.17774,0.886488,1,1,1,5.28322,0.153589,0.177905,0.00170896,0.567658,0.47373
4601,1,-0.0607998,0.182128,0.878772,1,1,1,5.28437,0.218166,0.206668,0.00162348,0.294283,0.394775
4602,1,-0.0598779,0.186502,0.870333,1,1,1,5.28504,0.178024,0.187492,0.00157665,0.552788,0.47373
4603,1,-0.0589306,0.190849,0.861197,1,1,1,5.28639,0.195477,0.183231,0.00157536,0.655331,0.518848
4604,1,-0.0579672,0.195124,0.851464,1,1,1,5.28706,0.190241,0.191753,0.00150877,0.605294,0.496289
4605,1,-0.0569801,0.19936,0.841073,1,1,1,5.28821,0.232129,0.204537,0.00148067,0.5143,0.383496
4606,1,-0.0559763,0.203524,0.830111,1,1,1,5.28907,0.195477,0.186427,0.00150458,0.770468,0.518848
4607,1,-0.0549472,0.20765,0.818494,1,1,1,5.29041,0.221657,0.211994,0.00150466,0.543634,0.699316
4608,1,-0.0538999,0.211708,0.806314,1,1,1,5.29108,0.143117,0.224778,0.00149875,0.454242,0.609082
4609,1,-0.0528314,0.215708,0.793545,1,1,1,5.29233,0.193732,0.230104,0.00148412,0.444788,0.563965
4610,1,-0.0517392,0.219656,0.780167,1,1,1,5.29319,0.216421,0.214125,0.00148112,0.670044,0.507568
4611,1,-0.05063,0.223526,0.766272,1,1,1,5.29463,0.195477,0.21519,0.00148516,0.708439,0.620361
4612,1,-0.049508,0.227305,0.751925,1,1,1,5.29549,0.246091,0.218386,0.00149583,0.724047,0.676758
4613,1,-0.0483623,0.231027,0.736998,1,1,1,5.29684,0.237365,0.224778,0.00154689,0.710558,0.676758
4614,1,-0.0471981,0.234673,0.721566,1,1,1,5.29789,0.230383,0.239692,0.00153043,0.590569,0.699316
4615,1,-0.04601,0.238258,0.705565,1,1,1,5.29914,0.228638,0.232235,0.00153366,0.717808,0.609082
4616,1,-0.0448155,0.24173,0.689241,1,1,1,5.30019,0.280998,0.239692,0.00155828,0.684976,0.676758
4617,1,-0.0435986,0.245133,0.672388,1,1,1,5.30163,0.219911,0.239692,0.001616,0.738374,0.609082
4618,1,-0.0423645,0.248452,0.655081,1,1,1,5.30259,0.296706,0.232235,0.00163716,0.867248,0.744434
4619,1,-0.0411082,0.251698,0.637261,1,1,1,5.30403,0.247837,0.248214,0.00167326,0.739638,0.586523
4620,1,-0.0398573,0.254802,0.619328,1,1,1,5.30508,0.289725,0.252475,0.00170063,0.738558,0.766992
4621,1,-0.0385737,0.257857,0.600745,1,1,1,5.30661,0.232129,0.263128,0.00171146,0.663013,0.80083
4622,1,-0.0372777,0.260812,0.581813,1,1,1,5.30767,0.268781,0.265259,0.0016638,0.669312,0.891064
4623,1,-0.0359667,0.263672,0.562499,1,1,1,5.30911,0.274017,0.276977,0.00165359,0.575568,0.688037
4624,1,-0.0346424,0.266433,0.542836,1,1,1,5.31026,0.244346,0.276977,0.00164104,0.608676,0.597803
4625,1,-0.0333017,0.269101,0.522786,1,1,1,5.31189,0.280998,0.275912,0.00167369,0.660283,0.64292
4626,1,-0.0319503,0.271663,0.502439,1,1,1,5.31294,0.277507,0.279108,0.00167519,0.65793,0.902344
4627,1,-0.0305862,0.274123,0.481774,1,1,1,5.31438,0.286234,0.264194,0.00172488,0.86147,0.733154
4628,1,-0.0292095,0.27648,0.460798,1,1,1,5.31563,0.274017,0.259932,0.0017334,0.940598,0.766992
4629,1,-0.0278215,0.278731,0.439539,1,1,1,5.31716,0.315905,0.268455,0.0017922,0.887336,0.789551
4630,1,-0.0264221,0.280876,0.417997,1,1,1,5.31822,0.226893,0.264194,0.00184532,0.971646,0.834668
4631,1,-0.0250121,0.282912,0.396195,1,1,1,5.32004,0.335103,0.263128,0.00189198,1.01885,0.913623
4632,1,-0.0235842,0.284849,0.374024,1,1,1,5.32109,0.240855,0.276977,0.00184834,0.890533,1.10537
4633,1,-0.0221645,0.286652,0.351896,1,1,1,5.32282,0.244346,0.294022,0.00196815,0.742891,0.834668
4634,1,-0.0207266,0.288356,0.329404,1,1,1,5.32387,0.310669,0.286565,0.00196788,0.847411,0.834668
4635,1,-0.0192786,0.289949,0.306683,1,1,1,5.3255,0.286234,0.308936,0.00194163,0.618322,0.710596
4636,1,-0.017818,0.291432,0.283697,1,1,1,5.32684,0.347321,0.299348,0.00179192,0.723307,0.823389
4637,1,-0.0163672,0.292784,0.260802,1,1,1,5.32847,0.253073,0.290826,0.00192689,0.852932,0.902344
4638,1,-0.0148984,0.294032,0.237569,1,1,1,5.32982,0.336849,0.32385,0.0019406,0.509168,0.936182
4639,1,-0.0134262,0.29516,0.214233,1,1,1,5.33154,0.251327,0.304675,0.00170465,0.70109,0.891064
4640,1,-0.0119476,0.296173,0.19075,1,1,1,5.33269,0.279253,0.295087,0.00176509,0.822865,0.496289
4641,1,-0.0104652,0.297068,0.167168,1,1,1,5.33471,0.392699,0.289761,0.00170616,0.882368,0.710596
4642,1,-0.0089794,0.297843,0.143497,1,1,1,5.33586,0.249582,0.331307,0.00147161,0.401768,0.766992
4643,1,-0.00748064,0.298505,0.11959,1,1,1,5.33749,0.329867,0.30361,0.00139241,0.698704,0.631641
4644,1,-0.00599466,0.29904,0.0958633,1,1,1,5.33892,0.324631,0.306806,0.00131966,0.656883,0.597803
4645,1,-0.00449805,0.29946,0.0719472,1,1,1,5.34055,0.307178,0.311067,0.00125851,0.604192,0.586523
4646,1,-0.00299854,0.29976,0.0479703,1,1,1,5.3417,0.280998,0.30574,0.00124976,0.664103,0.518848
4647,1,-0.0014996,0.29994,0.0239928,1,1,1,5.34362,0.251327,0.290826,0.00124157,0.828188,0.710596
4648,1,-1.0293e-06,0.3,1.64688e-05,1,1,1,5.34477,0.319395,0.2855,0.0012556,0.889349,0.812109
4649,1,0.00149881,0.29994,-0.0239802,1,1,1,5.34659,0.312414,0.316393,0.00123214,0.546381,0.857227
4650,1,0.00299836,0.29976,-0.0479674,1,1,1,5.34765,0.246091,0.291891,0.00129164,0.823458,0.891064
4651,1,0.00449796,0.29946,-0.0719457,1,1,1,5.34947,0.287979,0.288695,0.00130122,0.856934,0.64292
4652,1,0.00599435,0.299041,-0.0958583,1,1,1,5.35062,0.294961,0.314263,0.0012945,0.569933,0.766992
4653,1,0.00749574,0.298499,-0.119831,1,1,1,5.35225,0.277507,0.314263,0.00131533,0.566634,0.766992
4654,1,0.00897951,0.297843,-0.143499,1,1,1,5.3535,0.338594,0.290826,0.00138822,0.828969,0.879785
4655,1,0.0104647,0.297068,-0.16716,1,1,1,5.35513,0.246091,0.284434,0.00142806,0.896683,0.654199
4656,1,0.0119479,0.296173,-0.190755,1,1,1,5.35637,0.345575,0.271651,0.00143372,1.0276,0.778271
4657,1,0.0134262,0.29516,-0.214234,1,1,1,5.35819,0.331613,0.283369,0.00152178,0.90255,0.879785
4658,1,0.0148991,0.294031,-0.237581,1,1,1,5.35935,0.260054,0.288695,0.00152017,0.830261,0.80083
4659,1,0.0163661,0.292785,-0.260785,1,1,1,5.36098,0.347321,0.278043,0.00152938,0.934421,0.812109
4660,1,0.0178293,0.291421,-0.283874,1,1,1,5.36203,0.219911,0.302544,0.00153934,0.652026,0.755713
4661,1,0.0192821,0.289945,-0.306737,1,1,1,5.36376,0.305433,0.30361,0.00153168,0.621105,0.721875
4662,1,0.0207275,0.288355,-0.329419,1,1,1,5.36491,0.282743,0.294022,0.00157296,0.715119,0.766992
4663,1,0.0221712,0.286644,-0.352,1,1,1,5.36663,0.221657,0.265259,0.00158223,1.01164,0.755713
4664,1,0.0235945,0.284835,-0.374184,1,1,1,5.36778,0.361283,0.289761,0.00159415,0.719216,0.857227
4665,1,0.025012,0.282912,-0.396194,1,1,1,5.36922,0.181514,0.281238,0.0016314,0.79115,0.733154
4666,1,0.0264215,0.280876,-0.417988,1,1,1,5.37047,0.357792,0.271651,0.0016188,0.866841,0.699316
4667,1,0.027822,0.27873,-0.439546,1,1,1,5.3721,0.307178,0.279108,0.00162509,0.756224,0.834668
4668,1,0.0292087,0.276481,-0.460787,1,1,1,5.37325,0.226893,0.290826,0.00164113,0.598812,0.834668
4669,1,0.0305867,0.274122,-0.481782,1,1,1,5.37488,0.26529,0.262063,0.00161092,0.879266,0.789551
4670,1,0.0319499,0.271664,-0.502433,1,1,1,5.37593,0.268781,0.278043,0.00159868,0.668741,0.721875
4671,1,0.0333018,0.269101,-0.522787,1,1,1,5.37737,0.246091,0.275912,0.00157,0.654027,0.665479
4672,1,0.0346406,0.266437,-0.542809,1,1,1,5.37852,0.270526,0.291891,0.00151463,0.435359,0.609082
4673,1,0.0359658,0.263674,-0.562485,1,1,1,5.38005,0.240855,0.265259,0.00157972,0.700189,0.766992
4674,1,0.0372771,0.260813,-0.581804,1,1,1,5.3813,0.286234,0.250345,0.00155242,0.82275,0.688037
4675,1,0.0385739,0.257856,-0.600749,1,1,1,5.38283,0.324631,0.264194,0.00152213,0.627411,0.620361
4676,1,0.0398554,0.254807,-0.6193,1,1,1,5.38379,0.197222,0.272716,0.00150089,0.490772,0.563965
4677,1,0.041122,0.251663,-0.637457,1,1,1,5.38533,0.225147,0.250345,0.00143505,0.686985,0.394775
4678,1,0.0423721,0.248432,-0.655188,1,1,1,5.38629,0.286234,0.241822,0.00136646,0.729274,0.48501
4679,1,0.043606,0.245113,-0.67249,1,1,1,5.38772,0.249582,0.272716,0.0013055,0.33825,0.563965
4680,1,0.0448229,0.241708,-0.689344,1,1,1,5.38868,0.232129,0.246084,0.00131328,0.588122,0.676758
4681,1,0.0460242,0.238216,-0.705758,1,1,1,5.39012,0.223402,0.219451,0.00131096,0.835544,0.586523
4682,1,0.0472068,0.234646,-0.721682,1,1,1,5.39108,0.253073,0.224778,0.00138004,0.739949,0.766992
4683,1,0.0483704,0.231001,-0.737105,1,1,1,5.39233,0.191986,0.250345,0.00142337,0.417465,0.744434
4684,1,0.049515,0.227282,-0.752015,1,1,1,5.39319,0.207694,0.211994,0.00144125,0.793882,0.563965
4685,1,0.0506432,0.223481,-0.766438,1,1,1,5.39444,0.247837,0.21519,0.0015033,0.718182,0.676758
4686,1,0.0517498,0.219618,-0.780299,1,1,1,5.3952,0.181514,0.202406,0.00157763,0.819191,0.665479
4687,1,0.0528392,0.215679,-0.79364,1,1,1,5.39645,0.235619,0.209863,0.00164141,0.695302,0.947461
4688,1,0.0539076,0.211679,-0.806405,1,1,1,5.39722,0.136136,0.171513,0.00176483,1.08251,0.879785
4689,1,0.0549558,0.207616,-0.818594,1,1,1,5.39846,0.205949,0.182166,0.00182102,0.921102,0.80083
4690,1,0.0559827,0.203497,-0.830183,1,1,1,5.39904,0.178024,0.177905,0.00193604,0.930922,0.913623
4691,1,0.0569908,0.199314,-0.841188,1,1,1,5.40019,0.155334,0.171513,0.00206621,0.965471,0.823389
4692,1,0.0579757,0.195087,-0.851552,1,1,1,5.40105,0.235619,0.202406,0.00211266,0.578382,0.868506
4693,1,0.0589405,0.190804,-0.861295,1,1,1,5.40191,0.116937,0.183231,0.00209698,0.733247,0.710596
4694,1,0.0598893,0.186449,-0.87044,1,1,1,5.40268,0.226893,0.191753,0.00215091,0.591814,0.699316
4695,1,0.0608065,0.182095,-0.878832,1,1,1,5.40364,0.10821,0.161925,0.00221576,0.873819,0.766992
4696,1,0.0617049,0.177687,-0.886576,1,1,1,5.40441,0.204204,0.177905,0.00220685,0.641609,0.744434
4697,1,0.0625819,0.173237,-0.893638,1,1,1,5.40527,0.174533,0.155533,0.00227577,0.841123,0.823389
4698,1,0.0634369,0.168753,-0.899996,1,1,1,5.40613,0.15708,0.166186,0.00232649,0.674646,0.789551
4699,1,0.0642696,0.164238,-0.905635,1,1,1,5.4068,0.18326,0.150207,0.00234686,0.796842,0.541406
4700,1,0.0650801,0.159693,-0.910542,1,1,1,5.40757,0.165806,0.148076,0.0024089,0.771935,0.688037
4701,1,0.0658673,0.155129,-0.914697,1,1,1,5.40853,0.16057,0.16086,0.0025247,0.589959,0.924902
4702,1,0.0666305,0.150553,-0.918084,1,1,1,5.4091,0.111701,0.161925,0.00250739,0.51926,0.631641
4703,1,0.0673726,0.14595,-0.920701,1,1,1,5.40977,0.178024,0.149142,0.00248572,0.600116,0.586523
4704,1,0.0680902,0.141346,-0.922521,1,1,1,5.41045,0.137881,0.125705,0.00248453,0.800925,0.518848
4705,1,0.0687859,0.136727,-0.923537,1,1,1,5.4114,0.200713,0.150207,0.00245216,0.47026,0.710596
4706,1,0.0694574,0.132113,-0.923731,1,1,1,5.41179,0.0401426,0.148076,0.00245269,0.437045,0.48501
4707,1,0.0701071,0.12749,-0.92309,1,1,1,5.41275,0.111701,0.127836,0.00241919,0.598582,0.552686
4708,1,0.0707325,0.122882,-0.921601,1,1,1,5.41313,0.1309,0.118248,0.00240165,0.645332,0.620361
4709,1,0.0713362,0.118273,-0.919243,1,1,1,5.4138,0.0959931,0.113987,0.00235105,0.629241,0.48501
4710,1,0.0719157,0.113688,-0.916012,1,1,1,5.41428,0.106465,0.111856,0.00231952,0.592647,0.451172
4711,1,0.0724723,0.109122,-0.91189,1,1,1,5.41495,0.118682,0.10866,0.0023452,0.575678,0.530127
4712,1,0.073007,0.10457,-0.906853,1,1,1,5.41543,0.102974,0.12464,0.00234195,0.344275,0.688037
4713,1,0.0735188,0.100048,-0.900895,1,1,1,5.41591,0.0488692,0.10653,0.00237848,0.493604,0.710596
4714,1,0.0740092,0.0955476,-0.893982,1,1,1,5.41649,0.116937,0.0820279,0.00236722,0.707328,0.575244
4715,1,0.0744738,0.0911162,-0.886174,1,1,1,5.41687,0.125664,0.0713749,0.00240826,0.776599,0.620361
4716,1,0.0749188,0.0867025,-0.87736,1,1,1,5.41735,0.0837758,0.0820279,0.00243043,0.609369,0.710596
4717,1,0.0753431,0.0823215,-0.867531,1,1,1,5.41764,0.0890118,0.0948114,0.00243668,0.417153,0.744434
4718,1,0.0757419,0.0780321,-0.856805,1,1,1,5.41802,0.0471239,0.0841585,0.00245404,0.485456,0.597803
4719,1,0.0761214,0.073777,-0.845019,1,1,1,5.4184,0.0523599,0.0756361,0.00242661,0.524979,0.496289
4720,1,0.0764797,0.0695841,-0.832213,1,1,1,5.4186,0.0663225,0.0724402,0.00245866,0.51467,0.620361
4721,1,0.0768173,0.0654575,-0.818369,1,1,1,5.41907,0.0174533,0.0585913,0.00252254,0.626711,0.563965
4722,1,0.0771344,0.0614023,-0.803472,1,1,1,5.41936,0.106465,0.0735055,0.00255766,0.419585,0.518848
4723,1,0.0774314,0.0574247,-0.787512,1,1,1,5.41955,0.00872665,0.0330242,0.00259478,0.823178,0.541406
4724,1,0.077709,0.0535256,-0.770453,1,1,1,5.41984,0.0820305,0.0266324,0.00261869,0.851161,0.586523
4725,1,0.0779671,0.0497181,-0.752316,1,1,1,5.42003,0.0855211,0.0340895,0.00272119,0.738462,0.665479
4726,1,0.0782065,0.0460028,-0.733063,1,1,1,5.42023,0.0122173,0.0266324,0.00274124,0.780223,0.609082
4727,1,0.0784274,0.0423876,-0.712691,1,1,1,5.42042,0.0750492,0.0404813,0.00275364,0.587997,0.586523
4728,1,0.0786303,0.0388824,-0.691215,1,1,1,5.42051,0,0.0436772,0.00276447,0.514254,0.676758
4729,1,0.0788163,0.0354791,-0.668534,1,1,1,5.4207,0.0261799,0.0202406,0.0028365,0.742968,0.665479
4730,1,0.0789855,0.0321944,-0.644701,1,1,1,5.4209,0.0244346,0.0276977,0.00287503,0.62905,0.631641
4731,1,0.0791385,0.0290342,-0.619705,1,1,1,5.42099,0.015708,0.0330242,0.00288776,0.53686,0.563965
4732,1,0.0792759,0.0260033,-0.593528,1,1,1,5.42099,0,0.0170448,0.00293083,0.684794,0.620361
4733,1,0.0793986,0.023104,-0.566121,1,1,1,5.42118,0,0.01811,0.00296499,0.645848,0.518848
4734,1,0.0795073,0.020341,-0.53745,1,1,1,5.42118,0.0366519,-0.00958767,0.00300597,0.926052,0.654199
4735,1,0.0796023,0.0177311,-0.507614,1,1,1,5.42128,0.0436332,0.01811,0.00308049,0.603376,0.721875
4736,1,0.0796847,0.0152701,-0.476487,1,1,1,5.42128,-0.0122173,0.0245018,0.00311742,0.512118,0.676758
4737,1,0.0797553,0.0129656,-0.444058,1,1,1,5.42138,-0.00872665,0.00852238,0.00311329,0.663629,0.676758
4738,1,0.0798147,0.0108314,-0.410423,1,1,1,5.42138,0,0.0191753,0.00308631,0.521428,0.710596
4739,1,0.0798638,0.008866,-0.375451,1,1,1,5.42138,0,0.0117183,0.00309471,0.585373,0.620361
4740,1,0.0799036,0.00707885,-0.33917,1,1,1,5.42138,0,-0.00958767,0.00311333,0.805379,0.609082
4741,1,0.079935,0.00547503,-0.301529,1,1,1,5.42147,0.00872665,0.00745708,0.00307908,0.598991,0.575244
4742,1,0.0799587,0.00406378,-0.262571,1,1,1,5.42138,0,-0.0010653,0.00312298,0.68671,0.845947
4743,1,0.0799759,0.00285114,-0.222273,1,1,1,5.42147,0,0.010653,0.00310644,0.546434,0.586523
4744,1,0.0799876,0.00184125,-0.180506,1,1,1,5.42147,0,0.00213059,0.00310804,0.633898,0.665479
4745,1,0.0799947,0.00104822,-0.137609,1,1,1,5.42147,0,-0.0191753,0.00313865,0.868633,0.563965
4746,1,0.0799984,0.000470756,-0.093169,1,1,1,5.42147,0.0122173,0.00745708,0.00308654,0.567993,0.631641
4747,1,0.0799998,0.000118616,-0.0472455,1,1,1,5.42147,0.0191986,0.0010653,0.00309889,0.642107,0.676758
4748,1,0.08,0,0,1,1,1,5.42147,0,0.00319589,0.0030802,0.621432,0.563965
4749,1,0.08,0,0,1,1,1,5.42147,0,0.00852238,0.0030406,0.557613,0.462451
4750,1,0.08,0,0,1,1,1,5.42147,0,0.00426119,0.00306,0.607047,0.812109
4751,1,0.08,0,0,1,1,1,5.42147,-0.00174533,-0.0149142,0.00305645,0.817508,0.530127
4752,1,0.08,0,0,1,1,1,5.42147,0.00349066,-0.010653,0.00301333,0.764942,0.507568
4753,1,0.08,0,0,1,1,1,5.42157,0.0191986,0.0149142,0.00298697,0.480224,0.631641
4754,1,0.08,0,0,1,1,1,5.42147,0,0.0213059,0.00301201,0.413219,0.688037
4755,1,0.08,0,0,1,1,1,5.42147,-0.0279253,0.00852238,0.00301049,0.553639,0.654199
4756,1,0.08,0,0,1,1,1,5.42157,0,0.00745708,0.00299265,0.563003,0.620361
4757,1,0.08,0,0,1,1,1,5.42147,0,0.00213059,0.0029711,0.618749,0.575244
4758,1,0.08,0,0,1,1,1,5.42157,0,-0.00639178,0.00296492,0.711679,0.665479
4759,1,0.08,0,0,1,1,1,5.42157,0,1.30461e-18,0.00297678,0.642935,0.575244
4760,1,0.08,0,0,1,1,1,5.42157,0,-0.00426119,0.00295892,0.687451,0.676758
4761,1,0.08,0,0,1,1,1,5.42157,0.00872665,-0.00532648,0.00301286,0.706289,0.778271
4762,1,0.08,0,0,1,1,1,5.42157,0,0.00532648,0.00299612,0.586896,0.597803
4763,1,0.08,0,0,1,1,1,5.42157,0,0.00319589,0.00299875,0.61068,0.665479
4764,1,0.08,0,0,1,1,1,5.42157,0,-0.00213059,0.00297259,0.665818,0.64292
4765,1,0.08,0,0,1,1,1,5.42157,0.0436332,-0.00319589,0.00296461,0.676484,0.665479
4766,1,0.08,0,0,1,1,1,5.42157,-0.0174533,-0.010653,0.00296749,0.758891,0.665479
4767,1,0.08,0,0,1,1,1,5.42157,0,0.0010653,0.00297916,0.631531,0.563965
4768,1,0.08,0,0,1,1,1,5.42166,0.0366519,0.00958767,0.00297125,0.536741,0.699316
4769,1,0.08,0,0,1,1,1,5.42166,0,0.0191753,0.00296692,0.430705,0.812109
4770,1,0.08,0,0,1,1,1,5.42157,-0.0331613,0.00639178,0.00296048,0.570474,0.834668
4771,1,0.08,0,0,1,1,1,5.42157,0,-0.00745708,0.00293771,0.719805,0.541406
4772,1,0.08,0,0,1,1,1,5.42166,0.0191986,0.00639178,0.00293029,0.566488,0.654199
4773,1,0.08,0,0,1,1,1,5.42157,0,0.00426119,0.00291548,0.58797,0.586523
4774,1,0.08,0,0,1,1,1,5.42157,0,0.0010653,0.00290757,0.622081,0.620361
4775,1,0.08,0,0,1,1,1,5.42157,0.010472,0.00426119,0.00292059,0.588645,0.586523
4776,1,0.08,0,0,1,1,1,5.42166,0,0.00639178,0.00290905,0.563685,0.586523
4777,1,0.08,0,0,1,1,1,5.42166,0,-0.00958767,0.00294341,0.743995,0.755713
4778,1,0.08,0,0,1,1,1,5.42166,0,0.00639178,0.00291149,0.564007,0.597803
4779,1,0.08,0,0,1,1,1,5.42166,0,0.0149142,0.00289652,0.468285,0.80083
4780,1,0.08,0,0,1,1,1,5.42157,-0.0366519,-0.0117183,0.00286506,0.757089,0.439893
4781,1,0.08,0,0,1,1,1,5.42166,0,-0.00319589,0.0028855,0.66604,0.530127
4782,1,0.08,0,0,1,1,1,5.42166,0,-0.0138489,0.00284682,0.778118,0.609082
4783,1,0.08,0,0,1,1,1,5.42166,0.0174533,-0.00958767,0.00283756,0.730022,0.631641
4784,1,0.08,0,0,1,1,1,5.42157,-0.00523599,0.00532648,0.0028493,0.567516,0.530127
4785,1,0.08,0,0,1,1,1,5.42166,-0.0174533,0.0117183,0.00283929,0.495885,0.563965
4786,1,0.08,0,0,1,1,1,5.42166,0.00349066,-0.00426119,0.00281942,0.669036,0.541406
4787,1,0.08,0,0,1,1,1,5.42166,0,0.0159795,0.00282092,0.446587,0.857227
4788,1,0.08,0,0,1,1,1,5.42166,-0.0226893,-0.028763,0.00284859,0.942407,0.541406
4789,1,0.08,0,0,1,1,1,5.42176,0.0366519,-0.00213059,0.00284181,0.648555,0.552686
4790,1,0.08,0,0,1,1,1,5.42166,0,0.00426119,0.00284936,0.579243,0.755713
4791,1,0.08,0,0,1,1,1,5.42166,-0.00698132,0.00852238,0.00284418,0.531686,0.530127
4792,1,0.08,0,0,1,1,1,5.42166,0,0.0117183,0.00281169,0.492242,0.586523
4793,1,0.08,0,0,1,1,1,5.42166,0,-0.00958767,0.00281595,0.72717,0.541406
4794,1,0.08,0,0,1,1,1,5.42166,0,0.0010653,0.00278886,0.606412,0.64292
4795,1,0.08,0,0,1,1,1,5.42166,0.015708,0.00426119,0.00278892,0.571264,0.755713
4796,1,0.08,0,0,1,1,1,5.42166,-0.0226893,-0.0127836,0.00281988,0.762844,0.620361
4797,1,0.08,0,0,1,1,1,5.42176,-0.00872665,-0.00319589,0.00276387,0.649986,0.451172
4798,1,0.08,0,0,1,1,1,5.42166,0.015708,0.0117183,0.00278127,0.488226,0.586523
4799,1,0.08,0,0,1,1,1,5.42166,-0.00174533,-0.0276977,0.00280253,0.924609,0.733154
4800,1,0.08,0,0,1,1,1,5.42176,0,0.00639178,0.00275626,0.543517,0.64292
4801,1,0.08,0,0,1,1,1,5.42166,0.0174533,0.00532648,0.00272581,0.551216,0.778271
4802,1,0.08,0,0,1,1,1,5.42166,-0.0226893,0.00852238,0.00271302,0.514373,0.563965
4803,1,0.08,0,0,1,1,1,5.42166,0,0.00213059,0.00269095,0.581768,0.586523
4804,1,0.08,0,0,1,1,1,5.42166,0,0.00213059,0.00271075,0.584383,0.665479
4805,1,0.08,0,0,1,1,1,5.42166,0,-0.00639178,0.00267876,0.673907,0.428613
4806,1,0.08,0,0,1,1,1,5.42166,0,0.0138489,0.00265613,0.448271,0.406055
4807,1,0.08,0,0,1,1,1,5.42166,-0.00872665,-0.00532648,0.00268519,0.663037,0.665479
4808,1,0.08,0,0,1,1,1,5.42176,0,0.00745708,0.00264423,0.517011,0.654199
4809,1,0.08,0,0,1,1,1,5.42166,-0.00698132,-0.00426119,0.00261034,0.641438,0.518848
4810,1,0.08,0,0,1,1,1,5.42166,0,-0.00532648,0.0026192,0.654326,0.699316
4811,1,0.08,0,0,1,1,1,5.42176,0,1.10892e-18,0.00260173,0.593428,0.688037
4812,1,0.08,0,0,1,1,1,5.42176,0,-0.00426119,0.00258345,0.637888,0.586523
4813,1,0.08,0,0,1,1,1,5.42176,0,0.00852238,0.00258062,0.496896,0.64292
4814,1,0.08,0,0,1,1,1,5.42166,-0.0139626,0.0298283,0.00259661,0.264641,0.575244
4815,1,0.08,0,0,1,1,1,5.42166,-0.0541052,0.0127836,0.00253105,0.443479,0.394775
4816,1,0.08,0,0,1,1,1,5.42176,0.0314159,-0.0117183,0.00256429,0.717388,0.496289
4817,1,0.08,0,0,1,1,1,5.42176,0.00872665,-0.00213059,0.00254333,0.609156,0.48501
4818,1,0.08,0,0,1,1,1,5.42166,0.00523599,-0.00213059,0.00255812,0.611108,0.530127
4819,1,0.08,0,0,1,1,1,5.42176,0,-1.696e-18,0.00253462,0.584569,0.541406
4820,1,0.08,0,0,1,1,1,5.42166,-0.00872665,0.00532648,0.00251724,0.523684,0.541406
4821,1,0.08,0,0,1,1,1,5.42166,0,0.0149142,0.00250948,0.417195,0.778271
4822,1,0.08,0,0,1,1,1,5.42176,-0.00872665,0.010653,0.00253519,0.467462,0.710596
4823,1,0.08,0,0,1,1,1,5.42166,-0.0244346,0.00532648,0.0024762,0.518267,0.563965
4824,1,0.08,0,0,1,1,1,5.42166,-0.0139626,-0.00532648,0.00245852,0.633116,0.563965
4825,1,0.08,0,0,1,1,1,5.42176,0,0.010653,0.00244671,0.455783,0.609082
4826,1,0.08,0,0,1,1,1,5.42166,-0.00872665,-0.0010653,0.00246971,0.587719,0.563965
4827,1,0.08,0,0,1,1,1,5.42176,-0.00872665,0.010653,0.00243336,0.454021,0.507568
4828,1,0.08,0,0,1,1,1,5.42166,0,0.00319589,0.00240249,0.531973,0.47373
4829,1,0.08,0,0,1,1,1,5.42166,0,0.0117183,0.0023683,0.433715,0.530127
4830,1,0.08,0,0,1,1,1,5.42166,0,0.00745708,0.00232145,0.474404,0.609082
4831,1,0.08,0,0,1,1,1,5.42166,0,-0.01811,0.00231153,0.754333,0.631641
4832,1,0.08,0,0,1,1,1,5.42166,0,0.00852238,0.00229251,0.458865,0.609082
4833,1,0.08,0,0,1,1,1,5.42166,-0.010472,0.00213059,0.00230618,0.530979,0.699316
4834,1,0.08,0,0,1,1,1,5.42176,-0.00523599,-0.0010653,0.00228704,0.563607,0.372217
4835,1,0.08,0,0,1,1,1,5.42176,0,0.00319589,0.00227687,0.515393,0.47373
4836,1,0.08,0,0,1,1,1,5.42166,0.00698132,0.00213059,0.0022614,0.525068,0.48501
4837,1,0.08,0,0,1,1,1,5.42166,0,0.0010653,0.00226898,0.537787,0.575244
4838,1,0.08,0,0,1,1,1,5.42166,-0.0174533,0.0010653,0.0022653,0.537301,0.563965
4839,1,0.08,0,0,1,1,1,5.42166,-0.00523599,0.00852238,0.00223868,0.45176,0.417334
4840,1,0.08,0,0,1,1,1,5.42166,0,-0.00745708,0.00227389,0.632181,0.428613
4841,1,0.08,0,0,1,1,1,5.42176,-0.00174533,-0.0234365,0.00227758,0.808442,0.394775
4842,1,0.08,0,0,1,1,1,5.42176,0.0471239,-0.00958767,0.00228825,0.657513,0.620361
4843,1,0.08,0,0,1,1,1,5.42176,0,0.0010653,0.00231952,0.544459,0.541406
4844,1,0.08,0,0,1,1,1,5.42176,-0.00872665,-0.00426119,0.00228627,0.598661,0.451172
4845,1,0.08,0,0,1,1,1,5.42176,0,-0.0159795,0.00227994,0.726726,0.451172
4846,1,0.08,0,0,1,1,1,5.42176,0,0.00426119,0.00225487,0.500769,0.586523
4847,1,0.08,0,0,1,1,1,5.42176,0.00349066,-0.00213059,0.00228541,0.57511,0.631641
4848,1,0.08,-5.47815e-09,-0.000324294,1,1,1,5.42176,-0.00523599,-0.00958767,0.00223811,0.650849,0.394775
4849,1,0.0799998,-0.000120426,-0.047601,1,1,1,5.42176,0.0174533,-0.0138489,0.00225305,0.691524,0.541406
4850,1,0.0799984,-0.000475789,-0.0936555,1,1,1,5.42176,0,0.00639178,0.00223857,0.456084,0.563965
4851,1,0.0799947,-0.00105251,-0.137881,1,1,1,5.42166,0,0.0117183,0.00223414,0.383565,0.665479
4852,1,0.0799875,-0.00185095,-0.18096,1,1,1,5.42166,-0.0261799,0.0010653,0.00225291,0.487322,0.462451
4853,1,0.0799758,-0.00285977,-0.222591,1,1,1,5.42166,-0.00698132,0.00532648,0.00217887,0.412393,0.394775
4854,1,0.0799586,-0.00407467,-0.262899,1,1,1,5.42166,0,0.00745708,0.00216963,0.36711,0.496289
4855,1,0.0799348,-0.00548597,-0.301806,1,1,1,5.42166,-0.00349066,-0.00532648,0.00217634,0.485773,0.372217
4856,1,0.0799033,-0.00709547,-0.339532,1,1,1,5.42176,0.00349066,-0.0234365,0.00211385,0.651626,0.360938
4857,1,0.0798636,-0.0088776,-0.375671,1,1,1,5.42176,0.015708,-0.00532648,0.00206867,0.419448,0.360938
4858,1,0.0798143,-0.0108441,-0.410636,1,1,1,5.42157,0,0.0010653,0.00194831,0.303528,0.259424
4859,1,0.0797548,-0.0129835,-0.444324,1,1,1,5.42166,0,-0.0213059,0.00192912,0.51665,0.270703
4860,1,0.079684,-0.0152937,-0.476801,1,1,1,5.42166,0,0.00639178,0.00187111,0.171346,0.360938
4861,1,0.0796017,-0.0177472,-0.507807,1,1,1,5.42157,-0.0174533,-0.00639178,0.00182612,0.271502,0.236865
4862,1,0.0795061,-0.0203708,-0.537774,1,1,1,5.42157,0,0.0010653,0.00173805,0.141346,0.15791
4863,1,0.0793978,-0.0231238,-0.566317,1,1,1,5.42157,0,-0.0138489,0.00163231,0.252993,0.135352
4864,1,0.0792738,-0.0260506,-0.593954,1,1,1,5.42157,0,-0.00639178,0.00152223,0.116277,0.135352
4865,1,0.0791374,-0.0290562,-0.619886,1,1,1,5.42157,-0.0174533,0.0202406,0.00137043,-0.238927,0.0789551
4866,1,0.0789843,-0.0322188,-0.644886,1,1,1,5.42147,0,0.00958767,0.00121576,-0.188218,0.0225586
4867,1,0.0788142,-0.035519,-0.668811,1,1,1,5.42147,-0.0122173,-0.010653,0.0010877,-0.0293367,0.180469
4868,1,0.0786284,-0.038916,-0.69143,1,1,1,5.42147,-0.00872665,-0.0117183,0.000902938,-0.092824,-0.0338379
4869,1,0.0784258,-0.0424148,-0.712851,1,1,1,5.42138,-0.00698132,-6.52306e-20,0.000776551,-0.28771,0
4870,1,0.0782048,-0.0460294,-0.733206,1,1,1,5.42138,-0.0244346,-0.00532648,0.00057854,-0.310057,-0.124072
4871,1,0.077964,-0.0497649,-0.752548,1,1,1,5.42128,-0.00872665,-0.0010653,0.000326534,-0.449545,-0.191748
4872,1,0.0777072,-0.0535527,-0.770577,1,1,1,5.42118,-0.015708,-0.00852238,0.000134942,-0.451397,-0.15791
4873,1,0.0774286,-0.0574633,-0.787673,1,1,1,5.42109,-0.020944,-0.00958767,-4.23147e-05,-0.521782,-0.0902344
4874,1,0.0771314,-0.0614417,-0.803624,1,1,1,5.42099,-0.0383972,-0.00639178,-0.000253782,-0.646814,-0.428613
4875,1,0.076815,-0.0654856,-0.818468,1,1,1,5.4207,-0.0506145,-0.0330242,-0.000482826,-0.449101,-0.372217
4876,1,0.0764775,-0.0696104,-0.832297,1,1,1,5.42051,-0.0366519,-0.0543301,-0.000676051,-0.304808,-0.439893
4877,1,0.076119,-0.0738047,-0.8451,1,1,1,5.42042,-0.020944,-0.050069,-0.000810745,-0.430751,-0.406055
4878,1,0.0757394,-0.0780596,-0.856878,1,1,1,5.42013,-0.0698132,-0.0426119,-0.000938851,-0.592041,-0.518848
4879,1,0.0753381,-0.0823744,-0.867657,1,1,1,5.41975,-0.0680678,-0.0649831,-0.00107305,-0.428285,-0.417334
4880,1,0.0749141,-0.0867496,-0.877459,1,1,1,5.41955,-0.0541052,-0.050069,-0.00119349,-0.671912,-0.383496
4881,1,0.0744693,-0.0911596,-0.886256,1,1,1,5.41907,-0.0872665,-0.0596566,-0.00135245,-0.654453,-0.428613
4882,1,0.0740041,-0.095595,-0.89406,1,1,1,5.41879,-0.0837758,-0.0671137,-0.00144288,-0.648182,-0.530127
4883,1,0.0735146,-0.100086,-0.900949,1,1,1,5.41831,-0.10472,-0.0820279,-0.00147618,-0.550664,-0.417334
4884,1,0.0730032,-0.104603,-0.906892,1,1,1,5.41802,-0.0750492,-0.0841585,-0.00156888,-0.603609,-0.563965
4885,1,0.0724669,-0.109166,-0.911935,1,1,1,5.41744,-0.0872665,-0.0607219,-0.00169714,-0.944699,-0.541406
4886,1,0.0719117,-0.11372,-0.916038,1,1,1,5.41697,-0.123918,-0.0980073,-0.00178067,-0.612949,-0.676758
4887,1,0.071322,-0.118384,-0.91931,1,1,1,5.41639,-0.10472,-0.100138,-0.0019159,-0.676465,-0.755713
4888,1,0.0707187,-0.122986,-0.921644,1,1,1,5.41591,-0.120428,-0.103334,-0.00194791,-0.709442,-0.64292
4889,1,0.0701026,-0.127523,-0.923097,1,1,1,5.41524,-0.179769,-0.10866,-0.00200125,-0.72268,-0.688037
4890,1,0.0694531,-0.132143,-0.923733,1,1,1,5.41476,-0.0785398,-0.140619,-0.00209611,-0.451949,-0.710596
4891,1,0.0687782,-0.136779,-0.92353,1,1,1,5.41399,-0.111701,-0.118248,-0.00217365,-0.774307,-0.812109
4892,1,0.0680778,-0.141427,-0.922496,1,1,1,5.41342,-0.129154,-0.123574,-0.00217268,-0.781649,-0.766992
4893,1,0.0673644,-0.146002,-0.920676,1,1,1,5.41265,-0.150098,-0.134227,-0.00225733,-0.739417,-0.575244
4894,1,0.0666258,-0.150581,-0.918065,1,1,1,5.41198,-0.167552,-0.143815,-0.00230611,-0.705763,-0.654199
4895,1,0.0658609,-0.155167,-0.914666,1,1,1,5.41112,-0.13439,-0.141684,-0.00230924,-0.791563,-0.609082
4896,1,0.0650718,-0.15974,-0.910496,1,1,1,5.41054,-0.158825,-0.148076,-0.00230521,-0.782461,-0.541406
4897,1,0.0642613,-0.164283,-0.905582,1,1,1,5.40949,-0.178024,-0.170448,-0.00221259,-0.586357,-0.64292
4898,1,0.0634287,-0.168797,-0.899937,1,1,1,5.40901,-0.120428,-0.156599,-0.00229567,-0.814074,-0.676758
4899,1,0.0625746,-0.173275,-0.893581,1,1,1,5.40786,-0.150098,-0.151272,-0.00242871,-0.953682,-0.812109
4900,1,0.0616948,-0.177737,-0.886493,1,1,1,5.40719,-0.188496,-0.172578,-0.0024787,-0.789197,-0.868506
4901,1,0.0607998,-0.182128,-0.878772,1,1,1,5.40613,-0.16057,-0.193884,-0.002437,-0.611939,-0.744434
4902,1,0.059878,-0.186502,-0.870334,1,1,1,5.40536,-0.205949,-0.187492,-0.00243766,-0.742441,-0.654199
4903,1,0.0589288,-0.190857,-0.861179,1,1,1,5.40421,-0.191986,-0.187492,-0.0024128,-0.796887,-0.778271
4904,1,0.0579699,-0.195112,-0.851492,1,1,1,5.40345,-0.190241,-0.198145,-0.00237751,-0.731217,-0.845947
4905,1,0.0569798,-0.199361,-0.84107,1,1,1,5.4022,-0.18326,-0.211994,-0.00235936,-0.633078,-0.597803
4906,1,0.0559726,-0.203539,-0.83007,1,1,1,5.40134,-0.237365,-0.225843,-0.00228301,-0.523152,-0.654199
4907,1,0.0549475,-0.207649,-0.818499,1,1,1,5.40019,-0.225147,-0.203472,-0.00220472,-0.810426,-0.586523
4908,1,0.0538998,-0.211708,-0.806313,1,1,1,5.39913,-0.246091,-0.226908,-0.00216784,-0.600286,-0.789551
4909,1,0.052828,-0.21572,-0.793504,1,1,1,5.39789,-0.214675,-0.225843,-0.00212532,-0.657931,-0.710596
4910,1,0.0517503,-0.219616,-0.780304,1,1,1,5.39693,-0.230383,-0.227974,-0.00209715,-0.68271,-0.733154
4911,1,0.0506423,-0.223484,-0.766427,1,1,1,5.39549,-0.218166,-0.238627,-0.00206435,-0.612675,-0.676758
4912,1,0.0495154,-0.22728,-0.752021,1,1,1,5.39463,-0.20944,-0.252475,-0.00195425,-0.490467,-0.575244
4913,1,0.0483709,-0.230999,-0.737112,1,1,1,5.39338,-0.254818,-0.237561,-0.00193277,-0.699196,-0.609082
4914,1,0.0472054,-0.234651,-0.721664,1,1,1,5.39233,-0.237365,-0.221582,-0.00191792,-0.919846,-0.620361
4915,1,0.0460232,-0.238219,-0.705745,1,1,1,5.39079,-0.280998,-0.245018,-0.00189395,-0.704815,-0.812109
4916,1,0.0448235,-0.241707,-0.689352,1,1,1,5.39002,-0.167552,-0.243953,-0.00187887,-0.759491,-0.834668
4917,1,0.0436064,-0.245112,-0.672496,1,1,1,5.3884,-0.228638,-0.224778,-0.00191616,-1.02058,-0.665479
4918,1,0.0423738,-0.248428,-0.655213,1,1,1,5.38753,-0.277507,-0.268455,-0.00186644,-0.575972,-0.766992
4919,1,0.0411219,-0.251664,-0.637456,1,1,1,5.38629,-0.226893,-0.254606,-0.00186916,-0.771106,-0.857227
4920,1,0.0398562,-0.254804,-0.619312,1,1,1,5.38504,-0.254818,-0.220516,-0.00195147,-1.20076,-0.992578
4921,1,0.0385757,-0.257852,-0.600775,1,1,1,5.3836,-0.296706,-0.238627,-0.00206391,-1.06295,-1.0377
4922,1,0.0372789,-0.260809,-0.581831,1,1,1,5.38264,-0.221657,-0.245018,-0.00208781,-1.03685,-0.924902
4923,1,0.0359676,-0.26367,-0.562512,1,1,1,5.38111,-0.34383,-0.252475,-0.00216111,-1.00581,-1.02642
4924,1,0.0346409,-0.266437,-0.542813,1,1,1,5.38005,-0.200713,-0.265259,-0.00220806,-0.910837,-1.06025
4925,1,0.0333019,-0.269101,-0.522788,1,1,1,5.37871,-0.249582,-0.26739,-0.00223047,-0.926455,-0.936182
4926,1,0.0319503,-0.271663,-0.50244,1,1,1,5.37756,-0.293215,-0.250345,-0.00227831,-1.15711,-1.10537
4927,1,0.0305853,-0.274125,-0.48176,1,1,1,5.37593,-0.268781,-0.264194,-0.00231948,-1.04655,-1.10537
4928,1,0.0292105,-0.276479,-0.460813,1,1,1,5.37488,-0.249582,-0.280173,-0.00234482,-0.908472,-1.10537
4929,1,0.0278225,-0.278729,-0.439554,1,1,1,5.37325,-0.235619,-0.279108,-0.00231524,-0.946041,-0.868506
4930,1,0.0264222,-0.280875,-0.417999,1,1,1,5.37219,-0.303687,-0.296153,-0.00232781,-0.791412,-0.936182
4931,1,0.0250138,-0.282909,-0.396222,1,1,1,5.37047,-0.214675,-0.297218,-0.00236824,-0.815217,-1.02642
4932,1,0.0235943,-0.284836,-0.374181,1,1,1,5.36912,-0.387463,-0.278043,-0.00234871,-1.04812,-0.992578
4933,1,0.0221643,-0.286652,-0.351892,1,1,1,5.36749,-0.305433,-0.319589,-0.00229272,-0.607578,-0.879785
4934,1,0.0207194,-0.288364,-0.329293,1,1,1,5.36634,-0.268781,-0.310001,-0.00218322,-0.715954,-0.631641
4935,1,0.0192812,-0.289946,-0.306723,1,1,1,5.36462,-0.319395,-0.298283,-0.00212091,-0.853348,-0.733154
4936,1,0.0178287,-0.291422,-0.283864,1,1,1,5.36337,-0.280998,-0.297218,-0.0020331,-0.86834,-0.699316
4937,1,0.0163591,-0.292791,-0.260674,1,1,1,5.36155,-0.364774,-0.300414,-0.00197859,-0.839557,-0.744434
4938,1,0.0148992,-0.294031,-0.237583,1,1,1,5.3603,-0.29147,-0.289761,-0.00190803,-0.958207,-0.981299
4939,1,0.013427,-0.29516,-0.214246,1,1,1,5.35858,-0.364774,-0.319589,-0.00185649,-0.635044,-0.823389
4940,1,0.0119483,-0.296173,-0.190761,1,1,1,5.35733,-0.261799,-0.296153,-0.0018626,-0.902796,-0.778271
4941,1,0.0104669,-0.297067,-0.167195,1,1,1,5.35551,-0.333358,-0.290826,-0.00179622,-0.959397,-0.857227
4942,1,0.0089782,-0.297844,-0.143478,1,1,1,5.35436,-0.263545,-0.313197,-0.00184597,-0.726909,-1.06025
4943,1,0.00748705,-0.298502,-0.119693,1,1,1,5.35235,-0.232129,-0.307871,-0.00182622,-0.787646,-0.924902
4944,1,0.00599443,-0.299041,-0.0958596,1,1,1,5.3512,-0.31765,-0.283369,-0.00176306,-1.05193,-0.575244
4945,1,0.00449681,-0.29946,-0.0719273,1,1,1,5.34937,-0.340339,-0.311067,-0.00166214,-0.734593,-0.699316
4946,1,0.00299856,-0.29976,-0.0479706,1,1,1,5.34832,-0.267035,-0.317458,-0.0016043,-0.658,-0.80083
4947,1,0.00150088,-0.29994,-0.0240133,1,1,1,5.3464,-0.289725,-0.302544,-0.00156049,-0.815279,-0.755713
4948,1,-6.207e-07,-0.3,9.9312e-06,1,1,1,5.34506,-0.340339,-0.317458,-0.00150314,-0.640321,-0.789551
4949,1,-0.00150043,-0.29994,0.0240061,1,1,1,5.34333,-0.272271,-0.319589,-0.00147832,-0.610111,-0.834668
4950,1,-0.00299976,-0.29976,0.0479898,1,1,1,5.34209,-0.284489,-0.327046,-0.00144281,-0.517642,-0.688037
4951,1,-0.00449793,-0.29946,0.0719452,1,1,1,5.34046,-0.286234,-0.266324,-0.00141859,-1.17531,-0.64292
4952,1,-0.0059938,-0.299041,0.0958495,1,1,1,5.33912,-0.357792,-0.295087,-0.00143888,-0.853224,-0.902344
4953,1,-0.00748652,-0.298502,0.119684,1,1,1,5.33739,-0.293215,-0.279108,-0.00154576,-1.03317,-0.947461
4954,1,-0.00897736,-0.297844,0.143465,1,1,1,5.33605,-0.298451,-0.280173,-0.00157948,-1.01445,-1.00386
4955,1,-0.0104661,-0.297067,0.167183,1,1,1,5.33461,-0.300197,-0.302544,-0.0015647,-0.753504,-0.721875
4956,1,-0.0119479,-0.296173,0.190755,1,1,1,5.33356,-0.277507,-0.274847,-0.00161864,-1.05101,-0.981299
4957,1,-0.0134265,-0.29516,0.214237,1,1,1,5.33164,-0.280998,-0.2855,-0.00173223,-0.933035,-1.08281
4958,1,-0.0149007,-0.29403,0.237606,1,1,1,5.33049,-0.272271,-0.289761,-0.0018444,-0.8838,-1.04897
4959,1,-0.0163662,-0.292785,0.260787,1,1,1,5.32895,-0.244346,-0.294022,-0.00187509,-0.822394,-0.992578
4960,1,-0.0178288,-0.291421,0.283866,1,1,1,5.32771,-0.300197,-0.284434,-0.00191303,-0.912846,-1.04897
4961,1,-0.019288,-0.289939,0.306831,1,1,1,5.32617,-0.261799,-0.291891,-0.00201836,-0.823245,-1.01514
4962,1,-0.0207279,-0.288354,0.329425,1,1,1,5.32483,-0.312414,-0.266324,-0.00205055,-1.08609,-0.981299
4963,1,-0.0221638,-0.286653,0.351885,1,1,1,5.3232,-0.319395,-0.279108,-0.00205778,-0.922338,-0.902344
4964,1,-0.0235924,-0.284838,0.374152,1,1,1,5.32215,-0.247837,-0.288695,-0.00204466,-0.789701,-0.823389
4965,1,-0.0250141,-0.282909,0.396227,1,1,1,5.32032,-0.29147,-0.26739,-0.0020314,-0.995544,-0.766992
4966,1,-0.0264232,-0.280874,0.418015,1,1,1,5.31927,-0.284489,-0.294022,-0.00202911,-0.674202,-0.913623
4967,1,-0.027822,-0.27873,0.439546,1,1,1,5.31754,-0.272271,-0.299348,-0.00197256,-0.578793,-0.823389
4968,1,-0.02921,-0.276479,0.460807,1,1,1,5.3163,-0.284489,-0.26952,-0.00192596,-0.870102,-0.789551
4969,1,-0.0305924,-0.274112,0.481869,1,1,1,5.31467,-0.333358,-0.282304,-0.00194185,-0.699514,-0.868506
4970,1,-0.0319512,-0.271662,0.502453,1,1,1,5.31342,-0.247837,-0.2855,-0.00186715,-0.621459,-0.654199
4971,1,-0.0333016,-0.269102,0.522783,1,1,1,5.31198,-0.280998,-0.300414,-0.00175352,-0.407278,-0.47373
4972,1,-0.0346406,-0.266437,0.54281,1,1,1,5.31102,-0.253073,-0.268455,-0.00174608,-0.723145,-0.721875
4973,1,-0.035967,-0.263672,0.562503,1,1,1,5.30911,-0.23911,-0.263128,-0.00178499,-0.750124,-0.936182
4974,1,-0.0372787,-0.260809,0.581828,1,1,1,5.30805,-0.272271,-0.275912,-0.00173377,-0.564808,-0.924902
4975,1,-0.0385752,-0.257853,0.600767,1,1,1,5.30681,-0.225147,-0.260998,-0.00169661,-0.685012,-0.48501
4976,1,-0.039857,-0.254803,0.619323,1,1,1,5.30566,-0.308923,-0.242888,-0.00172137,-0.847409,-0.552686
4977,1,-0.0411231,-0.251661,0.637472,1,1,1,5.30422,-0.240855,-0.223712,-0.00177967,-1.02484,-0.845947
4978,1,-0.0423722,-0.248432,0.655191,1,1,1,5.30307,-0.282743,-0.236496,-0.00181145,-0.846286,-0.857227
4979,1,-0.0436075,-0.245109,0.672511,1,1,1,5.30173,-0.274017,-0.223712,-0.00187661,-0.952254,-0.879785
4980,1,-0.0448228,-0.241709,0.689343,1,1,1,5.30067,-0.221657,-0.236496,-0.00188875,-0.769082,-0.789551
4981,1,-0.0460227,-0.238221,0.705738,1,1,1,5.29933,-0.261799,-0.209863,-0.00192005,-1.02101,-0.710596
4982,1,-0.0472062,-0.234648,0.721674,1,1,1,5.29837,-0.240855,-0.227974,-0.00191802,-0.775411,-0.834668
4983,1,-0.0483711,-0.230999,0.737113,1,1,1,5.29703,-0.218166,-0.234365,-0.00197031,-0.664988,-0.755713
4984,1,-0.0495163,-0.227277,0.752032,1,1,1,5.29616,-0.197222,-0.213059,-0.0019565,-0.84973,-0.597803
4985,1,-0.0506434,-0.22348,0.766441,1,1,1,5.29473,-0.282743,-0.216255,-0.0020083,-0.772743,-0.80083
4986,1,-0.0517496,-0.219618,0.780296,1,1,1,5.29396,-0.165806,-0.216255,-0.00212289,-0.738447,-1.12793
4987,1,-0.0528383,-0.215682,0.793628,1,1,1,5.29271,-0.190241,-0.219451,-0.00216591,-0.658777,-1.0377
4988,1,-0.0539074,-0.211679,0.806402,1,1,1,5.29185,-0.191986,-0.206668,-0.00223745,-0.757873,-0.947461
4989,1,-0.0549547,-0.20762,0.81858,1,1,1,5.2906,-0.15708,-0.198145,-0.0022571,-0.802628,-0.778271
4990,1,-0.0559851,-0.203488,0.830209,1,1,1,5.28993,-0.178024,-0.210929,-0.00227192,-0.611571,-0.778271
4991,1,-0.0569913,-0.199312,0.841193,1,1,1,5.28888,-0.18675,-0.174709,-0.00231174,-0.962428,-0.80083
4992,1,-0.057977,-0.195081,0.851565,1,1,1,5.28792,-0.218166,-0.184296,-0.00240961,-0.816447,-0.95874
4993,1,-0.0589415,-0.1908,0.861304,1,1,1,5.28696,-0.139626,-0.155533,-0.00247724,-1.08781,-0.744434
4994,1,-0.0598837,-0.186475,0.870388,1,1,1,5.28619,-0.214675,-0.166186,-0.00256641,-0.927988,-0.992578
4995,1,-0.0608062,-0.182097,0.878829,1,1,1,5.28523,-0.158825,-0.167252,-0.00264187,-0.87126,-0.924902
4996,1,-0.0617056,-0.177683,0.886582,1,1,1,5.28456,-0.162316,-0.167252,-0.00260647,-0.811282,-0.902344
4997,1,-0.0625827,-0.173234,0.893644,1,1,1,5.28361,-0.118682,-0.161925,-0.00261536,-0.815396,-0.676758
4998,1,-0.063437,-0.168753,0.899996,1,1,1,5.28303,-0.197222,-0.16299,-0.00269152,-0.757788,-0.823389
4999,1,-0.0642701,-0.164235,0.905639,1,1,1,5.28217,-0.101229,-0.154468,-0.00274697,-0.802574,-0.902344
5000,1,-0.0650803,-0.159692,0.910543,1,1,1,5.2815,-0.174533,-0.123574,-0.0028311,-1.09701,-0.936182
5001,1,-0.0658665,-0.155134,0.914693,1,1,1,5.28063,-0.185005,-0.131032,-0.00294827,-0.973882,-1.00386
5002,1,-0.0666306,-0.150552,0.918084,1,1,1,5.28006,-0.10821,-0.139554,-0.00307316,-0.839865,-1.07153
5003,1,-0.067372,-0.145954,0.920699,1,1,1,5.27929,-0.113446,-0.123574,-0.00317533,-0.972278,-0.95874
5004,1,-0.068091,-0.141341,0.922522,1,1,1,5.27881,-0.136136,-0.132097,-0.00321975,-0.827478,-0.913623
5005,1,-0.0687853,-0.136731,0.923536,1,1,1,5.27804,-0.13439,-0.117183,-0.00331443,-0.947259,-0.924902
5006,1,-0.0694575,-0.132112,0.923731,1,1,1,5.27747,-0.137881,-0.101203,-0.00343814,-1.0826,-0.97002
5007,1,-0.0701072,-0.12749,0.92309,1,1,1,5.2767,-0.141372,-0.110791,-0.00350355,-0.929086,-0.868506
5008,1,-0.0707327,-0.122881,0.9216,1,1,1,5.27622,-0.0959931,-0.112921,-0.00351566,-0.850845,-0.778271
5009,1,-0.0713354,-0.11828,0.919247,1,1,1,5.27555,-0.158825,-0.109726,-0.00350479,-0.828386,-0.665479
5010,1,-0.0719153,-0.113691,0.916015,1,1,1,5.27517,-0.0750492,-0.118248,-0.0035349,-0.682714,-0.620361
5011,1,-0.0724729,-0.109117,0.911885,1,1,1,5.2744,-0.106465,-0.101203,-0.00346599,-0.805508,-0.710596
5012,1,-0.073007,-0.10457,0.906853,1,1,1,5.27411,-0.102974,-0.10866,-0.00348994,-0.671509,-0.755713
5013,1,-0.0735211,-0.100028,0.900865,1,1,1,5.27335,-0.0453786,-0.115052,-0.00348288,-0.545324,-0.733154
5014,1,-0.0740077,-0.0955616,0.894005,1,1,1,5.27306,-0.113446,-0.116117,-0.00347354,-0.478482,-0.688037
5015,1,-0.0744738,-0.0911164,0.886175,1,1,1,5.27248,-0.0488692,-0.0798973,-0.00345655,-0.821169,-0.721875
5016,1,-0.0749183,-0.0867076,0.877371,1,1,1,5.27191,-0.174533,-0.0980073,-0.00346515,-0.570191,-0.947461
5017,1,-0.0753413,-0.08234,0.867575,1,1,1,5.27162,-0.020944,-0.10653,-0.00341859,-0.418034,-0.699316
5018,1,-0.0757423,-0.0780278,0.856794,1,1,1,5.27114,-0.0837758,-0.0830932,-0.00337132,-0.618156,-0.530127
5019,1,-0.0761213,-0.0737779,0.845022,1,1,1,5.27066,-0.0977384,-0.057526,-0.00336546,-0.84809,-0.552686
5020,1,-0.0764802,-0.0695791,0.832197,1,1,1,5.27037,-0.101229,-0.0724402,-0.00339145,-0.637706,-0.879785
5021,1,-0.0768176,-0.065454,0.818356,1,1,1,5.26999,-0.0383972,-0.0905502,-0.00337691,-0.387868,-0.699316
5022,1,-0.0771348,-0.0613977,0.803454,1,1,1,5.2697,-0.0750492,-0.068179,-0.00335019,-0.582709,-0.48501
5023,1,-0.0774318,-0.0574199,0.787492,1,1,1,5.26932,-0.0698132,-0.0532648,-0.0033728,-0.703153,-0.710596
5024,1,-0.0777091,-0.0535246,0.770449,1,1,1,5.26913,-0.0610865,-0.0607219,-0.00335931,-0.57391,-0.755713
5025,1,-0.0779669,-0.0497219,0.752334,1,1,1,5.26884,-0.0593412,-0.0511343,-0.00340632,-0.641434,-0.710596
5026,1,-0.0782064,-0.0460047,0.733073,1,1,1,5.26846,-0.0593412,-0.0340895,-0.00341026,-0.786514,-0.631641
5027,1,-0.0784282,-0.0423739,0.71261,1,1,1,5.26827,-0.115192,-0.0415466,-0.00343689,-0.666298,-0.868506
5028,1,-0.0786303,-0.0388818,0.691211,1,1,1,5.26817,0.00872665,-0.0351548,-0.00349084,-0.703863,-0.766992
5029,1,-0.0788163,-0.0354792,0.668535,1,1,1,5.26779,-0.00349066,-0.0266324,-0.00348375,-0.758086,-0.620361
5030,1,-0.0789854,-0.0321959,0.644712,1,1,1,5.26788,-0.0139626,-0.0468731,-0.00341963,-0.490019,-0.47373
5031,1,-0.0791383,-0.0290368,0.619727,1,1,1,5.26769,-0.0436332,-0.0362201,-0.00339724,-0.56898,-0.710596
5032,1,-0.0792759,-0.026003,0.593525,1,1,1,5.2675,-0.010472,-0.00958767,-0.00343587,-0.83348,-0.721875
5033,1,-0.0793987,-0.0231008,0.56609,1,1,1,5.26721,-0.0331613,-0.028763,-0.00348363,-0.597089,-0.924902
5034,1,-0.0795073,-0.0203412,0.537452,1,1,1,5.26721,0,-0.0170448,-0.00352316,-0.701364,-0.891064
5035,1,-0.0796024,-0.0177286,0.507585,1,1,1,5.26721,-0.00872665,-0.0170448,-0.00354083,-0.675832,-0.766992
5036,1,-0.0796848,-0.0152673,0.47645,1,1,1,5.26711,0,-0.00958767,-0.00358321,-0.737626,-0.586523
5037,1,-0.0797552,-0.0129682,0.444097,1,1,1,5.26692,-0.00872665,-0.00745708,-0.00360658,-0.740488,-0.733154
5038,1,-0.0798147,-0.0108316,0.410426,1,1,1,5.26692,-0.0331613,-0.0245018,-0.00361785,-0.533003,-0.755713
5039,1,-0.0798639,-0.00886436,0.37542,1,1,1,5.26692,0,-0.00852238,-0.00362663,-0.690725,-0.755713
5040,1,-0.0799037,-0.00707705,0.339131,1,1,1,5.26683,-0.0139626,0.00745708,-0.00364823,-0.852531,-0.834668
5041,1,-0.0799349,-0.00547669,0.301571,1,1,1,5.26683,0,0.00319589,-0.00365214,-0.791833,-0.609082
5042,1,-0.0799587,-0.00406429,0.262586,1,1,1,5.26673,-0.0331613,-0.00639178,-0.00361048,-0.669037,-0.699316
5043,1,-0.0799759,-0.00285264,0.222328,1,1,1,5.26673,-0.00872665,-0.00213059,-0.00359852,-0.705145,-0.733154
5044,1,-0.0799876,-0.00184443,0.180655,1,1,1,5.26673,0,-0.00426119,-0.00360209,-0.675694,-0.563965
5045,1,-0.0799947,-0.00104839,0.137619,1,1,1,5.26673,0,-0.00319589,-0.00363572,-0.688162,-0.654199
5046,1,-0.0799984,-0.000470346,0.0931293,1,1,1,5.26664,-0.0122173,-0.0191753,-0.0036085,-0.507991,-0.733154
5047,1,-0.0799998,-0.000118772,0.0472763,1,1,1,5.26673,0.00872665,0.0117183,-0.0036299,-0.852817,-0.721875
5048,1,-0.08,-0,-0,1,1,1,5.26664,-0.00698132,0.0340895,-0.00361864,-1.10264,-0.496289
5049,1,-0.08,-0,-0,1,1,1,5.26654,-0.0331613,0.0223712,-0.00362566,-0.974671,-0.64292
5050,1,-0.08,-0,-0,1,1,1,5.26664,0,-0.0223712,-0.00358184,-0.476719,-0.789551
5051,1,-0.08,-0,-0,1,1,1,5.26664,0,-9.13229e-19,-0.00358344,-0.723014,-0.631641
5052,1,-0.08,-0,-0,1,1,1,5.26654,-0.0366519,0.010653,-0.00357322,-0.838848,-0.868506
5053,1,-0.08,-0,-0,1,1,1,5.26654,-0.0191986,-0.00213059,-0.00354364,-0.694324,-0.676758
5054,1,-0.08,-0,-0,1,1,1,5.26654,0,-0.00639178,-0.00349777,-0.641397,-0.620361
5055,1,-0.08,-0,-0,1,1,1,5.26654,-0.00872665,-0.00958767,-0.00351082,-0.607964,-0.778271
5056,1,-0.08,-0,-0,1,1,1,5.26644,0,-0.0117183,-0.00348168,-0.580681,-0.631641
5057,1,-0.08,-0,-0,1,1,1,5.26644,0,-0.0234365,-0.00343809,-0.446027,-0.631641
5058,1,-0.08,-0,-0,1,1,1,5.26644,0.00349066,0.0010653,-0.00344162,-0.716012,-0.597803
5059,1,-0.08,-0,-0,1,1,1,5.26644,0,-0.010653,-0.00341614,-0.583748,-0.597803
5060,1,-0.08,-0,-0,1,1,1,5.26644,0,0.00319589,-0.00339186,-0.73288,-0.609082
5061,1,-0.08,-0,-0,1,1,1,5.26644,0,0.00852238,-0.00340475,-0.793173,-0.563965
5062,1,-0.08,-0,-0,1,1,1,5.26644,0,-0.0117183,-0.00337802,-0.566998,-0.766992
5063,1,-0.08,-0,-0,1,1,1,5.26644,0,0.00745708,-0.00339238,-0.779822,-0.665479
5064,1,-0.08,-0,-0,1,1,1,5.26644,0,-0.0149142,-0.00340282,-0.535116,-0.834668
5065,1,-0.08,-0,-0,1,1,1,5.26644,0,0.0010653,-0.00340494,-0.71117,-0.936182
5066,1,-0.08,-0,-0,1,1,1,5.26635,0.0279253,-0.00213059,-0.00340403,-0.675895,-0.721875
5067,1,-0.08,-0,-0,1,1,1,5.26635,0,-0.00958767,-0.00341016,-0.594676,-0.586523
5068,1,-0.08,-0,-0,1,1,1,5.26635,-0.00349066,-0.00319589,-0.00336416,-0.658914,-0.64292
5069,1,-0.08,-0,-0,1,1,1,5.26635,0,-0.0191753,-0.00335845,-0.482387,-0.823389
5070,1,-0.08,-0,-0,1,1,1,5.26635,0,-0.00639178,-0.00333854,-0.620378,-0.688037
5071,1,-0.08,-0,-0,1,1,1,5.26635,0,-0.00319589,-0.00334491,-0.656373,-0.688037
5072,1,-0.08,-0,-0,1,1,1,5.26625,0,-0.0170448,-0.00330523,-0.498798,-0.563965
5073,1,-0.08,-0,-0,1,1,1,5.26625,0.00872665,-0.010653,-0.00326753,-0.564131,-0.676758
5074,1,-0.08,-0,-0,1,1,1,5.26635,0.0174533,-0.00213059,-0.00328712,-0.660463,-0.665479
5075,1,-0.08,-0,-0,1,1,1,5.26625,0,-0.0159795,-0.00324046,-0.501966,-0.586523
5076,1,-0.08,-0,-0,1,1,1,5.26625,0,0.0170448,-0.00326969,-0.869091,-0.699316
5077,1,-0.08,-0,-0,1,1,1,5.26625,-0.00523599,-0.0138489,-0.00323673,-0.524911,-0.64292
5078,1,-0.08,-0,-0,1,1,1,5.26625,0,0.0127836,-0.00321259,-0.814681,-0.64292
5079,1,-0.08,-0,-0,1,1,1,5.26625,-0.0418879,-0.00639178,-0.00322257,-0.60507,-0.676758
5080,1,-0.08,-0,-0,1,1,1,5.26625,0.00698132,-0.0213059,-0.00319064,-0.436799,-0.586523
5081,1,-0.08,-0,-0,1,1,1,5.26625,0,-0.0266324,-0.00315206,-0.373116,-0.64292
5082,1,-0.08,-0,-0,1,1,1,5.26625,0,1.43507e-18,-0.00313385,-0.663668,-0.676758
5083,1,-0.08,-0,-0,1,1,1,5.26625,0,0.0117183,-0.0031511,-0.794847,-0.563965
5084,1,-0.08,-0,-0,1,1,1,5.26625,0,-0.010653,-0.00313626,-0.546804,-0.676758
5085,1,-0.08,-0,-0,1,1,1,5.26625,0,-0.00745708,-0.00315373,-0.584264,-0.733154
5086,1,-0.08,-0,-0,1,1,1,5.26616,0,-0.00639178,-0.00313097,-0.592978,-0.665479
5087,1,-0.08,-0,-0,1,1,1,5.26625,0,0.0138489,-0.00311288,-0.813238,-0.789551
5088,1,-0.08,-0,-0,1,1,1,5.26625,0,-0.0149142,-0.00311098,-0.496594,-0.665479
5089,1,-0.08,-0,-0,1,1,1,5.26625,0,-0.0127836,-0.00312359,-0.521694,-0.766992
5090,1,-0.08,-0,-0,1,1,1,5.26616,0,0.00852238,-0.00310802,-0.754004,-0.676758
5091,1,-0.08,-0,-0,1,1,1,5.26616,-0.00523599,-0.0127836,-0.00311693,-0.520816,-0.778271
5092,1,-0.08,-0,-0,1,1,1,5.26616,0,1.30461e-19,-0.00313476,-0.663789,-0.631641
5093,1,-0.08,-0,-0,1,1,1,5.26616,0,0.00319589,-0.00314863,-0.700774,-0.586523
5094,1,-0.08,-0,-0,1,1,1,5.26616,-0.0122173,0.00639178,-0.00318771,-0.741087,-0.620361
5095,1,-0.08,-0,-0,1,1,1,5.26616,0,0.00639178,-0.0032393,-0.747897,-0.80083
5096,1,-0.08,-0,-0,1,1,1,5.26616,-0.00349066,-0.0276977,-0.00322092,-0.370487,-0.688037
5097,1,-0.08,-0,-0,1,1,1,5.26616,0.00174533,-0.00852238,-0.00321073,-0.58007,-0.688037
5098,1,-0.08,-0,-0,1,1,1,5.26616,0,0.0010653,-0.00319341,-0.683249,-0.654199
5099,1,-0.08,-0,-0,1,1,1,5.26616,0,0.0159795,-0.00317895,-0.845396,-0.563965
5100,1,-0.08,-0,-0,1,1,1,5.26616,0,-0.0117183,-0.00321782,-0.545851,-0.688037
5101,1,-0.08,-0,-0,1,1,1,5.26616,0,-0.0117183,-0.00317122,-0.5397,-0.631641
5102,1,-0.08,-0,-0,1,1,1,5.26616,0.0122173,-0.0010653,-0.00315002,-0.654084,-0.778271
5103,1,-0.08,-0,-0,1,1,1,5.26616,0,0.00745708,-0.00319908,-0.754306,-0.721875
5104,1,-0.08,-0,-0,1,1,1,5.26606,0,0.00426119,-0.00322699,-0.722835,-0.778271
5105,1,-0.08,-0,-0,1,1,1,5.26606,0,-1.30461e-18,-0.003176,-0.669232,-0.721875
5106,1,-0.08,-0,-0,1,1,1,5.26606,0,-0.01811,-0.00315686,-0.467495,-0.721875
5107,1,-0.08,-0,-0,1,1,1,5.26606,0,0.0010653,-0.00318745,-0.682461,-0.924902
5108,1,-0.08,-0,-0,1,1,1,5.26596,0,-0.0127836,-0.00316973,-0.527786,-0.778271
5109,1,-0.08,-0,-0,1,1,1,5.26596,0,-0.00213059,-0.00315705,-0.643295,-0.676758
5110,1,-0.08,-0,-0,1,1,1,5.26596,0,-0.0127836,-0.00314894,-0.525041,-0.631641
5111,1,-0.08,-0,-0,1,1,1,5.26596,0,-4.56614e-19,-0.00311797,-0.661572,-0.699316
5112,1,-0.08,-0,-0,1,1,1,5.26596,0,-0.00852238,-0.00307641,-0.562339,-0.541406
5113,1,-0.08,-0,-0,1,1,1,5.26596,0,-0.00532648,-0.00311071,-0.602023,-0.665479
5114,1,-0.08,-0,-0,1,1,1,5.26596,0,0.00426119,-0.00313172,-0.71026,-0.64292
5115,1,-0.08,-0,-0,1,1,1,5.26596,0,-0.00319589,-0.00318248,-0.634933,-0.631641
5116,1,-0.08,-0,-0,1,1,1,5.26596,-0.00698132,0.0127836,-0.00321799,-0.815394,-0.744434
5117,1,-0.08,-0,-0,1,1,1,5.26596,0,-0.00426119,-0.0032041,-0.626068,-0.654199
5118,1,-0.08,-0,-0,1,1,1,5.26596,0,0.00213059,-0.00321603,-0.697952,-0.563965
5119,1,-0.08,-0,-0,1,1,1,5.26596,0,0.00213059,-0.00324146,-0.701309,-0.766992
5120,1,-0.08,-0,-0,1,1,1,5.26587,0,0,-0.00325234,-0.679309,-0.586523
5121,1,-0.08,-0,-0,1,1,1,5.26587,0,-1.30461e-19,-0.00324868,-0.678825,-0.80083
5122,1,-0.08,-0,-0,1,1,1,5.26587,0.00523599,-0.0234365,-0.00324017,-0.4199,-0.541406
5123,1,-0.08,-0,-0,1,1,1,5.26587,0.0174533,0.00852238,-0.00321838,-0.768573,-0.530127
5124,1,-0.08,-0,-0,1,1,1,5.26587,0,4.56614e-19,-0.00324705,-0.678611,-0.654199
5125,1,-0.08,-0,-0,1,1,1,5.26587,0,-0.00852238,-0.00323606,-0.583414,-0.597803
5126,1,-0.08,-0,-0,1,1,1,5.26587,0,-0.00319589,-0.00326988,-0.646469,-0.575244
5127,1,-0.08,-0,-0,1,1,1,5.26577,0,0.00532648,-0.00326251,-0.739243,-0.654199
5128,1,-0.08,-0,-0,1,1,1,5.26577,0,-0.00426119,-0.00328671,-0.636972,-0.80083
5129,1,-0.08,-0,-0,1,1,1,5.26577,0,-0.01811,-0.0033002,-0.486416,-0.552686
5130,1,-0.08,-0,-0,1,1,1,5.26577,0,-5.21845e-19,-0.00327602,-0.682434,-0.575244
5131,1,-0.08,-0,-0,1,1,1,5.26577,0,0.00958767,-0.00323965,-0.783098,-0.654199
5132,1,-0.08,-0,-0,1,1,1,5.26577,0.00698132,-0.00745708,-0.00324925,-0.596873,-0.778271
5133,1,-0.08,-0,-0,1,1,1,5.26577,0.0174533,-2.60922e-19,-0.00326952,-0.681576,-0.575244
5134,1,-0.08,-0,-0,1,1,1,5.26568,-0.00872665,0.0149142,-0.00324852,-0.84286,-0.64292
5135,1,-0.08,-0,-0,1,1,1,5.26568,-0.0471239,-0.0319589,-0.00325888,-0.328624,-0.834668
5136,1,-0.08,-0,-0,1,1,1,5.26568,0.0418879,0.00639178,-0.00328462,-0.753879,-0.462451
5137,1,-0.08,-0,-0,1,1,1,5.26558,0,-0.010653,-0.00326795,-0.564187,-0.755713
5138,1,-0.08,-0,-0,1,1,1,5.26558,-0.00872665,-0.0266324,-0.00320521,-0.380131,-0.620361
5139,1,-0.08,-0,-0,1,1,1,5.26568,-0.00174533,-0.00213059,-0.00318877,-0.647481,-0.755713
5140,1,-0.08,-0,-0,1,1,1,5.26558,0,-0.010653,-0.00316163,-0.550153,-0.710596
5141,1,-0.08,-0,-0,1,1,1,5.26558,0,-0.0191753,-0.00311793,-0.450638,-0.733154
5142,1,-0.08,-0,-0,1,1,1,5.26558,0.020944,0.00426119,-0.00310333,-0.706513,-0.552686
5143,1,-0.08,-0,-0,1,1,1,5.26558,0,0.028763,-0.0031357,-0.980305,-0.586523
5144,1,-0.08,-0,-0,1,1,1,5.26558,-0.0174533,0.0138489,-0.00318276,-0.822462,-0.721875
5145,1,-0.08,-0,-0,1,1,1,5.26548,-0.00872665,0.00426119,-0.00319995,-0.719266,-0.834668
5146,1,-0.08,-0,-0,1,1,1,5.26548,0,0.00639178,-0.00317736,-0.739721,-0.665479
5147,1,-0.08,-0,-0,1,1,1,5.26548,0,-0.00532648,-0.00311816,-0.603005,-0.47373
5148,1,-0.08,2.0488e-11,1.98335e-05,1,1,1,5.26558,-0.00872665,0.0117183,-0.00316074,-0.796116,-0.575244
5149,1,-0.0799998,0.000118846,0.0472908,1,1,1,5.26548,-0.00349066,-0.0010653,-0.00313361,-0.643766,-0.620361
5150,1,-0.0799984,0.000470176,0.0931128,1,1,1,5.26548,0,-0.0149142,-0.00315901,-0.483982,-0.744434
5151,1,-0.0799947,0.00104813,0.137603,1,1,1,5.26548,0.020944,-0.0010653,-0.0031909,-0.627134,-0.823389
5152,1,-0.0799875,0.00184784,0.180815,1,1,1,5.26539,0.020944,-0.00319589,-0.00316103,-0.583816,-0.47373
5153,1,-0.0799759,0.00285209,0.222308,1,1,1,5.26539,0,0.00426119,-0.00313428,-0.644106,-0.552686
5154,1,-0.0799587,0.00406398,0.262577,1,1,1,5.26539,-0.015708,0.0010653,-0.00314036,-0.589169,-0.676758
5155,1,-0.079935,0.00547448,0.301515,1,1,1,5.26539,0,-0.0010653,-0.00310567,-0.538318,-0.496289
5156,1,-0.0799037,0.00707687,0.339127,1,1,1,5.26539,0,0.01811,-0.00307282,-0.719904,-0.530127
5157,1,-0.0798639,0.00886338,0.375401,1,1,1,5.26539,-0.0244346,0.00852238,-0.00308269,-0.588665,-0.654199
5158,1,-0.0798147,0.0108313,0.410422,1,1,1,5.26539,0,0.00426119,-0.003066,-0.51046,-0.563965
5159,1,-0.0797552,0.012968,0.444094,1,1,1,5.26539,0.0174533,0.00639178,-0.003015,-0.496153,-0.47373
5160,1,-0.0796848,0.015267,0.476445,1,1,1,5.26539,-0.00872665,0.01811,-0.00296505,-0.585645,-0.428613
5161,1,-0.0796023,0.0177295,0.507596,1,1,1,5.26539,0,0.00639178,-0.00291045,-0.41488,-0.552686
5162,1,-0.0795071,0.0203442,0.537485,1,1,1,5.26548,0,0.0127836,-0.00285877,-0.442022,-0.462451
5163,1,-0.0793987,0.0230999,0.566081,1,1,1,5.26548,0,-0.0159795,-0.00276637,-0.075535,-0.417334
5164,1,-0.0792753,0.0260175,0.593656,1,1,1,5.26548,0,0.00532648,-0.00265959,-0.256064,-0.248145
5165,1,-0.0791384,0.0290361,0.619721,1,1,1,5.26548,0,0.00532648,-0.00251777,-0.196577,-0.259424
5166,1,-0.0789853,0.0321976,0.644725,1,1,1,5.26548,0,0.00319589,-0.00236376,-0.109659,-0.349658
5167,1,-0.0788162,0.0354821,0.668555,1,1,1,5.26558,0,0.0202406,-0.00224487,-0.23824,-0.225586
5168,1,-0.0786304,0.0388806,0.691204,1,1,1,5.26558,0,0.0010653,-0.0020465,0.0468186,-0.191748
5169,1,-0.0784274,0.042388,0.712693,1,1,1,5.26558,0,-0.0010653,-0.00187647,0.140746,-0.169189
5170,1,-0.0782062,0.0460075,0.733088,1,1,1,5.26568,0.015708,0.0149142,-0.00169508,0.0413362,-0.135352
5171,1,-0.0779669,0.0497208,0.752329,1,1,1,5.26568,0.0174533,0.0266324,-0.00148029,-0.00492461,-0.0789551
5172,1,-0.0777089,0.0535279,0.770464,1,1,1,5.26577,0.015708,0.0010653,-0.00128938,0.354513,-0.0676758
5173,1,-0.0774316,0.0574225,0.787503,1,1,1,5.26587,0.0279253,0.028763,-0.00109725,0.13229,0.112793
5174,1,-0.0771345,0.0614008,0.803467,1,1,1,5.26587,0,0.0223712,-0.000901359,0.286293,0.15791
5175,1,-0.0768169,0.0654626,0.818387,1,1,1,5.26596,0.010472,0.0202406,-0.000628879,0.408849,0.112793
5176,1,-0.0764801,0.0695797,0.832199,1,1,1,5.26606,0.0331613,-0.00639178,-0.000344783,0.804382,0.191748
5177,1,-0.0761196,0.0737975,0.845079,1,1,1,5.26635,0.0645772,0.0298283,-0.000111366,0.50182,0.360938
5178,1,-0.0757419,0.0780319,0.856805,1,1,1,5.26635,0,0.0479384,0.000132788,0.40096,0.417334
5179,1,-0.0753411,0.0823426,0.867581,1,1,1,5.26664,0.0139626,0.0553954,0.000286867,0.402704,0.563965
5180,1,-0.0749189,0.0867011,0.877357,1,1,1,5.26683,0.0418879,0.0426119,0.000492271,0.634289,0.406055
5181,1,-0.0744739,0.0911148,0.886172,1,1,1,5.26721,0.101229,0.0607219,0.000677012,0.527073,0.676758
5182,1,-0.0740048,0.0955885,0.89405,1,1,1,5.2675,0.0349066,0.0724402,0.000849987,0.487995,0.631641
5183,1,-0.0735188,0.100048,0.900895,1,1,1,5.26788,0.0471239,0.0777667,0.00100321,0.5138,0.609082
5184,1,-0.0730072,0.104569,0.906851,1,1,1,5.26817,0.101229,0.0607219,0.0011342,0.786118,0.64292
5185,1,-0.0724725,0.10912,0.911888,1,1,1,5.26874,0.0715585,0.0905502,0.00121624,0.534031,0.597803
5186,1,-0.0719155,0.11369,0.916014,1,1,1,5.26903,0.10821,0.109726,0.00128112,0.395944,0.676758
5187,1,-0.0713362,0.118274,0.919243,1,1,1,5.26961,0.0541052,0.112921,0.00132613,0.429517,0.360938
5188,1,-0.0707326,0.122882,0.921601,1,1,1,5.27009,0.172788,0.0873543,0.00141558,0.786948,0.451172
5189,1,-0.0701067,0.127493,0.923091,1,1,1,5.27085,0.113446,0.117183,0.00147081,0.530958,0.688037
5190,1,-0.0694576,0.132112,0.923731,1,1,1,5.27114,0.0802851,0.131032,0.00156786,0.457646,0.620361
5191,1,-0.0687854,0.13673,0.923536,1,1,1,5.27191,0.0698132,0.122509,0.00159838,0.618032,0.428613
5192,1,-0.0680866,0.141369,0.922514,1,1,1,5.27248,0.18326,0.118248,0.00164853,0.734954,0.530127
5193,1,-0.0673722,0.145953,0.9207,1,1,1,5.27325,0.141372,0.136358,0.00171124,0.608455,0.676758
5194,1,-0.0666315,0.150547,0.918088,1,1,1,5.27383,0.1309,0.131032,0.00178372,0.741021,0.654199
5195,1,-0.0658666,0.155133,0.914694,1,1,1,5.27469,0.148353,0.131032,0.00185295,0.814425,0.552686
5196,1,-0.0650797,0.159695,0.91054,1,1,1,5.27526,0.174533,0.141684,0.00187627,0.76233,0.64292
5197,1,-0.0642695,0.164238,0.905635,1,1,1,5.27622,0.197222,0.157664,0.00193505,0.658527,0.823389
5198,1,-0.0634372,0.168752,0.899998,1,1,1,5.27689,0.116937,0.17897,0.00193821,0.484997,0.744434
5199,1,-0.0625821,0.173237,0.893639,1,1,1,5.27785,0.197222,0.164056,0.00194224,0.708418,0.563965
5200,1,-0.0617057,0.177683,0.886583,1,1,1,5.27862,0.197222,0.169382,0.00196341,0.712303,0.676758
5201,1,-0.0608063,0.182096,0.87883,1,1,1,5.27967,0.202458,0.19708,0.0019709,0.46866,0.631641
5202,1,-0.059885,0.186469,0.8704,1,1,1,5.28054,0.188496,0.198145,0.00193598,0.509015,0.563965
5203,1,-0.0589407,0.190804,0.861296,1,1,1,5.28169,0.228638,0.203472,0.00187482,0.496227,0.597803
5204,1,-0.0579771,0.195081,0.851566,1,1,1,5.28245,0.158825,0.224778,0.00181602,0.307829,0.597803
5205,1,-0.05699,0.199318,0.84118,1,1,1,5.28361,0.195477,0.234365,0.00173432,0.243587,0.586523
5206,1,-0.055984,0.203492,0.830197,1,1,1,5.28456,0.190241,0.208798,0.0017026,0.571969,0.48501
5207,1,-0.0549552,0.207618,0.818587,1,1,1,5.28591,0.223402,0.196015,0.00168532,0.762351,0.518848
5208,1,-0.0539063,0.211684,0.806389,1,1,1,5.28677,0.214675,0.240757,0.00161916,0.312905,0.47373
5209,1,-0.0528386,0.215681,0.793632,1,1,1,5.28802,0.18326,0.217321,0.00156333,0.611443,0.631641
5210,1,-0.0517502,0.219617,0.780303,1,1,1,5.28897,0.244346,0.206668,0.00154022,0.774463,0.586523
5211,1,-0.0506436,0.22348,0.766444,1,1,1,5.29032,0.228638,0.226908,0.0015071,0.596905,0.563965
5212,1,-0.0495165,0.227277,0.752034,1,1,1,5.29118,0.202458,0.239692,0.00151981,0.507766,0.631641
5213,1,-0.0483697,0.231003,0.737095,1,1,1,5.29262,0.205949,0.2333,0.0015218,0.625914,0.676758
5214,1,-0.0472057,0.23465,0.721668,1,1,1,5.29367,0.287979,0.246084,0.00150477,0.528309,0.676758
5215,1,-0.0460229,0.23822,0.705741,1,1,1,5.29492,0.225147,0.239692,0.00146476,0.636596,0.552686
5216,1,-0.0448231,0.241708,0.689347,1,1,1,5.29597,0.230383,0.222647,0.00143786,0.862127,0.372217
5217,1,-0.0436065,0.245111,0.672498,1,1,1,5.2976,0.322886,0.227974,0.00150038,0.858489,0.654199
5218,1,-0.042373,0.24843,0.655201,1,1,1,5.29856,0.214675,0.260998,0.00149651,0.537826,0.744434
5219,1,-0.0411219,0.251664,0.637456,1,1,1,5.2999,0.268781,0.256737,0.001434,0.614638,0.620361
5220,1,-0.0398562,0.254805,0.619312,1,1,1,5.30096,0.249582,0.263128,0.00139608,0.577449,0.64292
5221,1,-0.0385754,0.257853,0.600771,1,1,1,5.30249,0.23911,0.25141,0.00145473,0.755004,0.744434
5222,1,-0.0372773,0.260813,0.581806,1,1,1,5.30355,0.258309,0.256737,0.00145425,0.733675,0.575244
5223,1,-0.0359665,0.263673,0.562495,1,1,1,5.30518,0.310669,0.250345,0.00150655,0.849603,0.947461
5224,1,-0.0346423,0.266434,0.542834,1,1,1,5.30614,0.171042,0.271651,0.00152188,0.653663,0.80083
5225,1,-0.0333033,0.269098,0.52281,1,1,1,5.30777,0.29147,0.255671,0.00152619,0.86283,0.710596
5226,1,-0.0319503,0.271663,0.50244,1,1,1,5.30882,0.280998,0.252475,0.00156046,0.936614,0.913623
5227,1,-0.0305799,0.274134,0.481678,1,1,1,5.31045,0.235619,0.290826,0.00154959,0.545306,0.710596
5228,1,-0.0292106,0.276478,0.460815,1,1,1,5.31141,0.261799,0.286565,0.00151892,0.616895,0.609082
5229,1,-0.0278224,0.27873,0.439552,1,1,1,5.31313,0.246091,0.262063,0.00151693,0.913351,0.631641
5230,1,-0.0264105,0.280893,0.417818,1,1,1,5.31419,0.286234,0.2855,0.00155341,0.68958,0.721875
5231,1,-0.025014,0.282909,0.396225,1,1,1,5.31582,0.256563,0.295087,0.0015645,0.613284,0.699316
5232,1,-0.0235927,0.284838,0.374157,1,1,1,5.31697,0.305433,0.282304,0.00160126,0.784184,0.778271
5233,1,-0.0221642,0.286653,0.351891,1,1,1,5.3185,0.300197,0.282304,0.00166797,0.819661,0.766992
5234,1,-0.020728,0.288354,0.329427,1,1,1,5.31975,0.301942,0.298283,0.00172976,0.677887,0.913623
5235,1,-0.0192761,0.289951,0.306644,1,1,1,5.32128,0.254818,0.274847,0.00180185,0.969422,0.924902
5236,1,-0.0178291,0.291421,0.283871,1,1,1,5.32263,0.357792,0.289761,0.00184535,0.833469,1.10537
5237,1,-0.0163672,0.292784,0.260802,1,1,1,5.32406,0.267035,0.281238,0.00185426,0.947577,0.812109
5238,1,-0.0148996,0.294031,0.237588,1,1,1,5.32531,0.272271,0.299348,0.00179721,0.754858,0.64292
5239,1,-0.0134268,0.29516,0.214244,1,1,1,5.32704,0.376991,0.290826,0.00181944,0.868067,0.80083
5240,1,-0.0119485,0.296173,0.190765,1,1,1,5.32828,0.233874,0.283369,0.00186164,0.971645,0.834668
5241,1,-0.010465,0.297068,0.167165,1,1,1,5.3301,0.371755,0.300414,0.00187791,0.800542,0.902344
5242,1,-0.0089781,0.297844,0.143476,1,1,1,5.33135,0.258309,0.314263,0.00182462,0.650974,0.80083
5243,1,-0.00748851,0.298501,0.119716,1,1,1,5.33298,0.282743,0.329177,0.00171389,0.476332,0.688037
5244,1,-0.00599318,0.299041,0.0958396,1,1,1,5.33423,0.305433,0.325981,0.00157482,0.493171,0.507568
5245,1,-0.00449678,0.29946,0.0719268,1,1,1,5.33605,0.296706,0.319589,0.00144755,0.546502,0.597803
5246,1,-0.00300035,0.29976,0.0479992,1,1,1,5.3372,0.315905,0.298283,0.00144674,0.784147,0.755713
5247,1,-0.00149977,0.29994,0.0239956,1,1,1,5.33921,0.240855,0.304675,0.00139969,0.708338,0.609082
5248,1,-9.393e-07,0.3,1.50288e-05,1,1,1,5.34027,0.321141,0.316393,0.00131628,0.566272,0.586523
5249,1,0.00149902,0.29994,-0.0239835,1,1,1,5.34209,0.315905,0.312132,0.00125335,0.601212,0.676758
5250,1,0.00299848,0.29976,-0.0479694,1,1,1,5.34333,0.258309,0.292957,0.00123995,0.806357,0.688037
5251,1,0.00449644,0.29946,-0.0719214,1,1,1,5.34516,0.347321,0.306806,0.00122849,0.649177,0.789551
5252,1,0.00599254,0.299041,-0.0958295,1,1,1,5.34631,0.253073,0.301479,0.00125964,0.707821,0.778271
5253,1,0.00748647,0.298502,-0.119683,1,1,1,5.34803,0.246091,0.310001,0.00128823,0.613499,0.812109
5254,1,0.00897751,0.297844,-0.143467,1,1,1,5.34918,0.298451,0.290826,0.00126305,0.811872,0.710596
5255,1,0.0104663,0.297067,-0.167186,1,1,1,5.35091,0.267035,0.2855,0.00126244,0.860378,0.64292
5256,1,0.0119496,0.296172,-0.190782,1,1,1,5.35196,0.303687,0.297218,0.00130319,0.728291,0.992578
5257,1,0.0134263,0.29516,-0.214235,1,1,1,5.35369,0.230383,0.280173,0.00137033,0.915328,0.902344
5258,1,0.0148995,0.294031,-0.237587,1,1,1,5.35494,0.293215,0.289761,0.00141104,0.804893,0.676758
5259,1,0.0163666,0.292785,-0.260793,1,1,1,5.35657,0.284489,0.2855,0.00141337,0.836738,0.744434
5260,1,0.0178271,0.291423,-0.28384,1,1,1,5.35781,0.321141,0.284434,0.00145138,0.840288,0.879785
5261,1,0.0192806,0.289947,-0.306714,1,1,1,5.35944,0.268781,0.308936,0.00145087,0.55434,0.902344
5262,1,0.020735,0.288346,-0.329536,1,1,1,5.36069,0.314159,0.281238,0.0013197,0.820339,0.868506
5263,1,0.0221639,0.286653,-0.351886,1,1,1,5.36222,0.26529,0.281238,0.00130484,0.797815,0.688037
5264,1,0.0235941,0.284836,-0.374178,1,1,1,5.36337,0.282743,0.283369,0.0012486,0.741719,0.597803
5265,1,0.0250139,0.282909,-0.396224,1,1,1,5.3651,0.31765,0.266324,0.00129407,0.910486,0.766992
5266,1,0.026423,0.280874,-0.418012,1,1,1,5.36625,0.258309,0.286565,0.00143383,0.678198,0.834668
5267,1,0.0278229,0.278729,-0.439559,1,1,1,5.36778,0.280998,0.289761,0.00132363,0.599093,0.823389
5268,1,0.0292101,0.276479,-0.460808,1,1,1,5.36874,0.21293,0.266324,0.00134732,0.829357,0.733154
5269,1,0.0305852,0.274125,-0.481759,1,1,1,5.37037,0.301942,0.259932,0.00139402,0.873961,0.80083
5270,1,0.0319567,0.271652,-0.502536,1,1,1,5.37152,0.246091,0.248214,0.00145522,0.977608,0.812109
5271,1,0.0333034,0.269098,-0.522811,1,1,1,5.37306,0.289725,0.271651,0.0014715,0.68771,0.755713
5272,1,0.0346406,0.266437,-0.542809,1,1,1,5.37392,0.207694,0.263128,0.00151845,0.75215,0.665479
5273,1,0.0359728,0.263659,-0.562589,1,1,1,5.37564,0.242601,0.252475,0.00158733,0.841503,0.868506
5274,1,0.0372771,0.260813,-0.581804,1,1,1,5.3766,0.244346,0.250345,0.00153116,0.81966,0.823389
5275,1,0.0385739,0.257856,-0.600749,1,1,1,5.37804,0.284489,0.282304,0.00149623,0.424678,0.530127
5276,1,0.0398556,0.254806,-0.619303,1,1,1,5.3791,0.268781,0.246084,0.00151524,0.785503,0.721875
5277,1,0.0411231,0.251661,-0.637473,1,1,1,5.38053,0.211185,0.254606,0.00147805,0.645646,0.47373
5278,1,0.042372,0.248432,-0.655187,1,1,1,5.38159,0.321141,0.254606,0.00146793,0.602124,0.654199
5279,1,0.043606,0.245113,-0.672491,1,1,1,5.38312,0.214675,0.255671,0.0014846,0.549377,0.789551
5280,1,0.0448244,0.241704,-0.689364,1,1,1,5.38408,0.20944,0.250345,0.0014735,0.56227,0.575244
5281,1,0.0460229,0.23822,-0.705741,1,1,1,5.38552,0.253073,0.232235,0.00144074,0.712009,0.518848
5282,1,0.0472064,0.234647,-0.721677,1,1,1,5.38648,0.242601,0.253541,0.00137395,0.422643,0.609082
5283,1,0.0483693,0.231004,-0.73709,1,1,1,5.38763,0.190241,0.231169,0.0013438,0.617851,0.451172
5284,1,0.0495171,0.227275,-0.752042,1,1,1,5.38868,0.277507,0.227974,0.00132252,0.602159,0.541406
5285,1,0.050642,0.223485,-0.766424,1,1,1,5.39002,0.200713,0.189623,0.00137744,0.982771,0.64292
5286,1,0.0517513,0.219613,-0.780317,1,1,1,5.39098,0.258309,0.206668,0.00137568,0.745497,0.845947
5287,1,0.0528392,0.215679,-0.793639,1,1,1,5.39204,0.218166,0.207733,0.00136821,0.682583,0.597803
5288,1,0.0539065,0.211683,-0.806391,1,1,1,5.39281,0.172788,0.173643,0.00138988,1.00953,0.541406
5289,1,0.0549551,0.207619,-0.818585,1,1,1,5.39405,0.277507,0.214125,0.00145241,0.520834,0.665479
5290,1,0.0559825,0.203498,-0.830181,1,1,1,5.39472,0.120428,0.192819,0.00152465,0.712473,0.710596
5291,1,0.0569908,0.199315,-0.841188,1,1,1,5.39587,0.178024,0.177905,0.00160088,0.833645,0.789551
5292,1,0.0579756,0.195087,-0.851551,1,1,1,5.39645,0.172788,0.183231,0.00170561,0.735487,0.789551
5293,1,0.0589405,0.190804,-0.861295,1,1,1,5.3975,0.137881,0.168317,0.0018265,0.861496,0.947461
5294,1,0.0598836,0.186476,-0.870387,1,1,1,5.39827,0.190241,0.168317,0.00195218,0.823636,0.947461
5295,1,0.0608054,0.182101,-0.878822,1,1,1,5.39904,0.0994838,0.173643,0.00199432,0.715667,0.699316
5296,1,0.0617046,0.177688,-0.886574,1,1,1,5.39971,0.188496,0.152337,0.00206675,0.904309,0.530127
5297,1,0.062582,0.173237,-0.893639,1,1,1,5.40076,0.178024,0.137423,0.00215843,1.02477,0.744434
5298,1,0.0634369,0.168753,-0.899996,1,1,1,5.40134,0.165806,0.16299,0.00226953,0.702224,0.868506
5299,1,0.0642702,0.164234,-0.905639,1,1,1,5.40211,0.109956,0.154468,0.00231537,0.745721,0.80083
5300,1,0.0650793,0.159698,-0.910538,1,1,1,5.40268,0.16057,0.134227,0.00233555,0.914606,0.665479
5301,1,0.0658675,0.155128,-0.914698,1,1,1,5.40354,0.190241,0.152337,0.00243923,0.67234,0.834668
5302,1,0.0666306,0.150552,-0.918085,1,1,1,5.40412,0.109956,0.128901,0.00254787,0.887805,0.699316
5303,1,0.0673718,0.145955,-0.920698,1,1,1,5.40489,0.172788,0.137423,0.00261338,0.745861,0.812109
5304,1,0.0680908,0.141342,-0.922522,1,1,1,5.40536,0.0767945,0.136358,0.00268255,0.709795,0.857227
5305,1,0.0687863,0.136724,-0.923537,1,1,1,5.40613,0.10472,0.132097,0.00271882,0.704585,0.699316
5306,1,0.0694575,0.132112,-0.923731,1,1,1,5.40652,0.0977384,0.100138,0.00278613,1.00834,0.721875
5307,1,0.0701072,0.127489,-0.92309,1,1,1,5.40738,0.164061,0.0862891,0.00286235,1.11404,0.766992
5308,1,0.070733,0.122878,-0.921599,1,1,1,5.40776,0.122173,0.103334,0.00292261,0.878075,0.902344
5309,1,0.0713353,0.11828,-0.919247,1,1,1,5.40853,0.0959931,0.10653,0.00296194,0.791961,0.665479
5310,1,0.0719152,0.113692,-0.916015,1,1,1,5.40882,0.0959931,0.110791,0.00297368,0.690739,0.620361
5311,1,0.0724722,0.109122,-0.911891,1,1,1,5.40958,0.0820305,0.0980073,0.00294789,0.7724,0.530127
5312,1,0.073007,0.10457,-0.906852,1,1,1,5.40987,0.127409,0.123574,0.00288894,0.428174,0.654199
5313,1,0.0735181,0.100054,-0.900903,1,1,1,5.41054,0.0645772,0.110791,0.00285581,0.509792,0.530127
5314,1,0.0740071,0.095567,-0.894014,1,1,1,5.41102,0.146608,0.0990726,0.00283104,0.581283,0.563965
5315,1,0.0744738,0.0911163,-0.886174,1,1,1,5.4116,0.0802851,0.104399,0.00278656,0.463256,0.552686
5316,1,0.0749183,0.0867071,-0.87737,1,1,1,5.41198,0.0994838,0.0841585,0.00274732,0.627804,0.575244
5317,1,0.075341,0.0823435,-0.867584,1,1,1,5.41246,0.102974,0.0916155,0.00273213,0.49156,0.47373
5318,1,0.0757422,0.078029,-0.856797,1,1,1,5.41284,0.0994838,0.078832,0.00273449,0.581018,0.64292
5319,1,0.0761213,0.0737781,-0.845022,1,1,1,5.41323,0.0506145,0.0617872,0.00273126,0.717531,0.575244
5320,1,0.0764797,0.0695845,-0.832214,1,1,1,5.41351,0.0750492,0.0703096,0.00269146,0.568831,0.518848
5321,1,0.0768177,0.0654522,-0.81835,1,1,1,5.4138,0.10821,0.0628525,0.00272701,0.606754,0.631641
5322,1,0.0771349,0.0613967,-0.803451,1,1,1,5.41419,0.0418879,0.0628525,0.00275956,0.563344,0.688037
5323,1,0.0774315,0.0574245,-0.787511,1,1,1,5.41447,0.0645772,0.0585913,0.00278903,0.56757,0.64292
5324,1,0.077709,0.0535259,-0.770455,1,1,1,5.41466,0.0226893,0.0436772,0.00281498,0.689575,0.518848
5325,1,0.0779669,0.0497218,-0.752334,1,1,1,5.41495,0.0785398,0.0490037,0.00287846,0.5952,0.710596
5326,1,0.0782062,0.0460072,-0.733086,1,1,1,5.41514,0.0174533,0.0468731,0.00290951,0.57983,0.665479
5327,1,0.0784273,0.0423896,-0.712703,1,1,1,5.41534,0.0453786,0.050069,0.0029125,0.503518,0.688037
5328,1,0.0786303,0.0388823,-0.691214,1,1,1,5.41553,0.0401426,0.0276977,0.00298683,0.719373,0.710596
5329,1,0.0788161,0.0354823,-0.668556,1,1,1,5.41572,0.0139626,0.057526,0.00292732,0.344852,0.496289
5330,1,0.0789853,0.0321983,-0.64473,1,1,1,5.41582,0.0279253,0.039416,0.00286532,0.498908,0.620361
5331,1,0.0791383,0.0290375,-0.619732,1,1,1,5.41601,0.0122173,0.0511343,0.00288941,0.337899,0.575244
5332,1,0.0792759,0.0260033,-0.593527,1,1,1,5.4162,0.0314159,0.0362201,0.00288695,0.46807,0.530127
5333,1,0.0793992,0.023089,-0.565973,1,1,1,5.4162,0.00349066,0.0266324,0.00288371,0.541208,0.575244
5334,1,0.0795071,0.0203441,-0.537483,1,1,1,5.41629,0.0191986,0.00852238,0.00292155,0.715728,0.586523
5335,1,0.0796023,0.0177311,-0.507614,1,1,1,5.41649,0.0296706,0.00213059,0.00293231,0.759589,0.755713
5336,1,0.0796847,0.0152701,-0.476487,1,1,1,5.41649,0,0.0436772,0.00289882,0.272333,0.654199
5337,1,0.0797552,0.0129682,-0.444096,1,1,1,5.41649,0,0.00532648,0.00290283,0.671028,0.439893
5338,1,0.0798147,0.010831,-0.410417,1,1,1,5.41658,0.00698132,0.0159795,0.00290514,0.532664,0.541406
5339,1,0.0798638,0.00886599,-0.375451,1,1,1,5.41658,0.00523599,0.00852238,0.00299076,0.606806,0.733154
5340,1,0.0799036,0.0070791,-0.339175,1,1,1,5.41668,0,-0.00426119,0.00300836,0.732932,0.64292
5341,1,0.0799349,0.00547665,-0.30157,1,1,1,5.41668,0.015708,0.00745708,0.00295651,0.582826,0.541406
5342,1,0.0799587,0.0040654,-0.26262,1,1,1,5.41658,-0.00174533,-0.00426119,0.00297493,0.702336,0.586523
5343,1,0.0799759,0.00285195,-0.222303,1,1,1,5.41668,-0.00698132,0.01811,0.00296267,0.445434,0.394775
5344,1,0.0799876,0.00184454,-0.18066,1,1,1,5.41677,0.0575959,0.00532648,0.002912,0.572883,0.654199
5345,1,0.0799947,0.00104686,-0.137522,1,1,1,5.41677,0.015708,0.0149142,0.00292527,0.465477,0.620361
5346,1,0.0799984,0.000470657,-0.0931595,1,1,1,5.41677,-0.015708,0.00852238,0.00290117,0.531806,0.439893
5347,1,0.0799998,0.000118687,-0.0472595,1,1,1,5.41677,0,0.0127836,0.00289467,0.486248,0.507568
5348,1,0.08,0,0,1,1,1,5.41677,0.0139626,0.00319589,0.00289083,0.596434,0.563965
5349,1,0.08,0,0,1,1,1,5.41677,0,-0.0010653,0.00282691,0.634871,0.541406
5350,1,0.08,0,0,1,1,1,5.41677,0,-0.0138489,0.00282959,0.775844,0.609082
5351,1,0.08,0,0,1,1,1,5.41677,0.015708,0.00213059,0.00285477,0.603392,0.575244
5352,1,0.08,0,0,1,1,1,5.41677,0,-0.0266324,0.00286898,0.921661,0.575244
5353,1,0.08,0,0,1,1,1,5.41687,0.0244346,0.0234365,0.00285691,0.36931,0.552686
5354,1,0.08,0,0,1,1,1,5.41687,0,-0.0010653,0.00282387,0.634469,0.631641
5355,1,0.08,0,0,1,1,1,5.41687,0,-0.00426119,0.00279954,0.666413,0.541406
5356,1,0.08,0,0,1,1,1,5.41687,0,0.00639178,0.00275495,0.543344,0.47373
5357,1,0.08,0,0,1,1,1,5.41687,0,0.010653,0.00272356,0.492327,0.575244
5358,1,0.08,0,0,1,1,1,5.41687,0,0.00639178,0.00271182,0.537651,0.530127
5359,1,0.08,0,0,1,1,1,5.41687,0,-0.00745708,0.00268803,0.686848,0.47373
5360,1,0.08,0,0,1,1,1,5.41687,0.0139626,0.00319589,0.00271147,0.572759,0.665479
5361,1,0.08,0,0,1,1,1,5.41687,0.00174533,0.00532648,0.00270599,0.5486,0.823389
5362,1,0.08,0,0,1,1,1,5.41687,-0.0366519,-0.00958767,0.00270343,0.712317,0.733154
5363,1,0.08,0,0,1,1,1,5.41687,0,0.00319589,0.00264141,0.563512,0.48501
5364,1,0.08,0,0,1,1,1,5.41687,0,0.0213059,0.0025807,0.356287,0.563965
5365,1,0.08,0,0,1,1,1,5.41687,0,0.00958767,0.00258497,0.485751,0.496289
5366,1,0.08,0,0,1,1,1,5.41687,0,-0.00532648,0.00260352,0.652257,0.541406
5367,1,0.08,0,0,1,1,1,5.41697,0,0.00426119,0.00254828,0.539499,0.518848
5368,1,0.08,0,0,1,1,1,5.41687,0.015708,-0.0010653,0.00251742,0.594018,0.597803
5369,1,0.08,0,0,1,1,1,5.41687,0.0314159,0.0266324,0.00250155,0.287248,0.64292
5370,1,0.08,0,0,1,1,1,5.41697,-0.00872665,-0.00426119,0.00250516,0.627554,0.64292
5371,1,0.08,0,0,1,1,1,5.41697,0,0.0117183,0.00244562,0.443921,0.48501
5372,1,0.08,0,0,1,1,1,5.41687,0,0.00319589,0.00242185,0.534529,0.518848
5373,1,0.08,0,0,1,1,1,5.41687,0,0.00958767,0.00241672,0.463542,0.47373
5374,1,0.08,0,0,1,1,1,5.41697,0.00174533,3.91384e-19,0.00240378,0.5673,0.530127
5375,1,0.08,0,0,1,1,1,5.41697,0.0244346,0.0127836,0.00240049,0.426246,0.64292
5376,1,0.08,0,0,1,1,1,5.41687,0,0.0245018,0.0024,0.297279,0.586523
5377,1,0.08,0,0,1,1,1,5.41687,-0.0349066,0.00426119,0.00236134,0.514824,0.541406
5378,1,0.08,0,0,1,1,1,5.41687,0.010472,-0.00639178,0.00234415,0.629737,0.631641
5379,1,0.08,0,0,1,1,1,5.41687,0,0.0223712,0.00231324,0.309264,0.530127
5380,1,0.08,0,0,1,1,1,5.41687,0,0.0117183,0.00229796,0.42443,0.451172
5381,1,0.08,0,0,1,1,1,5.41687,-0.00872665,-0.0159795,0.00230844,0.730487,0.631641
5382,1,0.08,0,0,1,1,1,5.41697,0.00523599,0.00958767,0.00226135,0.443034,0.552686
5383,1,0.08,0,0,1,1,1,5.41687,0,0.00639178,0.00223918,0.475262,0.47373
5384,1,0.08,0,0,1,1,1,5.41687,0,0.0213059,0.00225983,0.313932,0.586523
5385,1,0.08,0,0,1,1,1,5.41687,-0.0174533,0.00426119,0.00224368,0.499293,0.530127
5386,1,0.08,0,0,1,1,1,5.41697,0,-0.00319589,0.00222223,0.578489,0.451172
5387,1,0.08,0,0,1,1,1,5.41697,0.0139626,0.0117183,0.00221951,0.414074,0.563965
5388,1,0.08,0,0,1,1,1,5.41687,-0.0174533,-0.00426119,0.00220499,0.587932,0.349658
5389,1,0.08,0,0,1,1,1,5.41697,0,0.0138489,0.00216983,0.38408,0.462451
5390,1,0.08,0,0,1,1,1,5.41697,0.015708,0.00426119,0.00218439,0.491466,0.552686
5391,1,0.08,0,0,1,1,1,5.41697,0,0.00532648,0.00221824,0.484217,0.699316
5392,1,0.08,0,0,1,1,1,5.41697,-0.00174533,1.95692e-19,0.00219793,0.540126,0.417334
5393,1,0.08,0,0,1,1,1,5.41697,0,0.00532648,0.00218496,0.479824,0.496289
5394,1,0.08,0,0,1,1,1,5.41697,0,0.00852238,0.00219698,0.446255,0.439893
5395,1,0.08,0,0,1,1,1,5.41697,-0.00872665,0.00958767,0.0021685,0.430778,0.496289
5396,1,0.08,0,0,1,1,1,5.41697,0,0.00319589,0.00218074,0.502703,0.428613
5397,1,0.08,0,0,1,1,1,5.41697,0,-0.00319589,0.00221019,0.5769,0.563965
5398,1,0.08,0,0,1,1,1,5.41697,0,0.010653,0.00221358,0.42501,0.507568
5399,1,0.08,0,0,1,1,1,5.41697,0,-0.0010653,0.00219043,0.550856,0.597803
5400,1,0.08,0,0,1,1,1,5.41697,0,0.00532648,0.00217445,0.478435,0.496289
5401,1,0.08,0,0,1,1,1,5.41697,0,0.0170448,0.0021612,0.347786,0.518848
5402,1,0.08,0,0,1,1,1,5.41697,-0.00698132,0.028763,0.00216066,0.218814,0.451172
5403,1,0.08,0,0,1,1,1,5.41687,-0.0645772,-0.00958767,0.00218749,0.644213,0.428613
5404,1,0.08,0,0,1,1,1,5.41697,0.0314159,-0.0159795,0.00217189,0.712464,0.541406
5405,1,0.08,0,0,1,1,1,5.41697,0.0663225,0.0159795,0.00214788,0.357746,0.496289
5406,1,0.08,0,0,1,1,1,5.41687,-0.020944,0.00426119,0.00218703,0.491814,0.462451
5407,1,0.08,0,0,1,1,1,5.41697,-0.0331613,-0.0117183,0.00216798,0.665075,0.507568
5408,1,0.08,0,0,1,1,1,5.41697,0,-0.00852238,0.00215622,0.628367,0.620361
5409,1,0.08,0,0,1,1,1,5.41697,0.00872665,0.0117183,0.00214052,0.403647,0.451172
5410,1,0.08,0,0,1,1,1,5.41697,0,0.00319589,0.00214525,0.498018,0.451172
5411,1,0.08,0,0,1,1,1,5.41697,-0.00523599,-0.0117183,0.00215009,0.662713,0.563965
5412,1,0.08,0,0,1,1,1,5.41697,0,-0.0010653,0.00215347,0.545977,0.620361
5413,1,0.08,0,0,1,1,1,5.41697,0,0.00958767,0.00214117,0.42717,0.586523
5414,1,0.08,0,0,1,1,1,5.41697,-0.0174533,0.00958767,0.00211382,0.42356,0.349658
5415,1,0.08,0,0,1,1,1,5.41697,-0.0279253,0.0117183,0.00212124,0.401102,0.518848
5416,1,0.08,0,0,1,1,1,5.41697,0,0.00852238,0.00204446,0.426123,0.406055
5417,1,0.08,0,0,1,1,1,5.41687,0.00872665,-0.0234365,0.0020333,0.776197,0.428613
5418,1,0.08,0,0,1,1,1,5.41697,0.00523599,-0.0149142,0.00209762,0.690941,0.676758
5419,1,0.08,0,0,1,1,1,5.41697,0,-0.00852238,0.00208846,0.619422,0.496289
5420,1,0.08,0,0,1,1,1,5.41697,0,1.95692e-19,0.00208696,0.525479,0.563965
5421,1,0.08,0,0,1,1,1,5.41697,0,0.0213059,0.00207138,0.289057,0.575244
5422,1,0.08,0,0,1,1,1,5.41697,0,0.00426119,0.00206348,0.475506,0.383496
5423,1,0.08,0,0,1,1,1,5.41697,0,-0.0127836,0.00205015,0.661239,0.417334
5424,1,0.08,0,0,1,1,1,5.41697,0,-1.36984e-18,0.00202008,0.516321,0.586523
5425,1,0.08,0,0,1,1,1,5.41697,0.00872665,0.0149142,0.00199237,0.348937,0.575244
5426,1,0.08,0,0,1,1,1,5.41687,-0.0174533,-0.00852238,0.00199767,0.607439,0.530127
5427,1,0.08,0,0,1,1,1,5.41697,0,0.0010653,0.00197622,0.499143,0.496289
5428,1,0.08,0,0,1,1,1,5.41697,0,0.00532648,0.0019552,0.449494,0.47373
5429,1,0.08,0,0,1,1,1,5.41697,0,-0.00852238,0.00193655,0.599308,0.575244
5430,1,0.08,0,0,1,1,1,5.41687,-0.0226893,-0.0127836,0.00192893,0.645238,0.417334
5431,1,0.08,0,0,1,1,1,5.41697,0,0.0127836,0.00191656,0.362367,0.496289
5432,1,0.08,0,0,1,1,1,5.41697,0,0.00213059,0.00189953,0.477301,0.462451
5433,1,0.08,0,0,1,1,1,5.41697,0,-0.00745708,0.00188819,0.581268,0.406055
5434,1,0.08,0,0,1,1,1,5.41697,0.0296706,-0.0138489,0.00185543,0.647145,0.552686
5435,1,0.08,0,0,1,1,1,5.41697,0.0471239,-0.00319589,0.00183789,0.527756,0.451172
5436,1,0.08,0,0,1,1,1,5.41687,0,-0.0117183,0.00184188,0.622028,0.507568
5437,1,0.08,0,0,1,1,1,5.41697,0.0174533,-0.00213059,0.0018632,0.519378,0.507568
5438,1,0.08,0,0,1,1,1,5.41697,0,0.0159795,0.0018935,0.324169,0.676758
5439,1,0.08,0,0,1,1,1,5.41687,-0.0174533,0.010653,0.00189577,0.383059,0.586523
5440,1,0.08,0,0,1,1,1,5.41697,0,0.0191753,0.00186557,0.285326,0.47373
5441,1,0.08,0,0,1,1,1,5.41687,0,-0.010653,0.00190652,0.618844,0.563965
5442,1,0.08,0,0,1,1,1,5.41697,0,-0.0159795,0.00190624,0.677397,0.541406
5443,1,0.08,0,0,1,1,1,5.41697,0,0.01811,0.00191514,0.303588,0.530127
5444,1,0.08,0,0,1,1,1,5.41697,0,-0.00319589,0.00191272,0.537633,0.31582
5445,1,0.08,0,0,1,1,1,5.41697,0,0.00213059,0.00190381,0.477866,0.609082
5446,1,0.08,0,0,1,1,1,5.41687,-0.0174533,0.0117183,0.00189125,0.370744,0.48501
5447,1,0.08,0,0,1,1,1,5.41697,0,7.82767e-19,0.00187629,0.49767,0.541406
5448,1,0.08,-5.68009e-11,-3.30237e-05,1,1,1,5.41687,-0.0244346,0.0010653,0.00183921,0.481053,0.47373
5449,1,0.0799998,-0.000118626,-0.0472475,1,1,1,5.41687,0,-0.0223712,0.00181825,0.727949,0.338379
5450,1,0.0799984,-0.000470587,-0.0931527,1,1,1,5.41697,0.0279253,-0.00958767,0.00183092,0.578183,0.428613
5451,1,0.0799947,-0.00104739,-0.137556,1,1,1,5.41697,0.015708,0.00426119,0.00184042,0.413731,0.575244
5452,1,0.0799876,-0.00184359,-0.180616,1,1,1,5.41697,0,0.00319589,0.00180506,0.404908,0.360938
5453,1,0.0799759,-0.00285113,-0.222273,1,1,1,5.41687,0,-0.00745708,0.00177764,0.5002,0.406055
5454,1,0.0799586,-0.00407085,-0.262784,1,1,1,5.41687,0,0.00213059,0.00177672,0.373899,0.383496
5455,1,0.079935,-0.00547455,-0.301516,1,1,1,5.41687,0,0.0149142,0.00171734,0.202443,0.383496
5456,1,0.0799037,-0.00707691,-0.339128,1,1,1,5.41687,-0.015708,0.00213059,0.00171981,0.318659,0.372217
5457,1,0.0798639,-0.00886514,-0.375434,1,1,1,5.41687,-0.00698132,-0.0117183,0.00166251,0.436175,0.281982
5458,1,0.0798147,-0.0108284,-0.410373,1,1,1,5.41687,0,0.0149142,0.00159771,0.105524,0.338379
5459,1,0.0797553,-0.0129652,-0.444051,1,1,1,5.41687,0,-0.00532648,0.00153012,0.288472,0.270703
5460,1,0.0796847,-0.0152691,-0.476473,1,1,1,5.41687,0,-0.0010653,0.00143724,0.195787,0.236865
5461,1,0.0796024,-0.0177276,-0.507573,1,1,1,5.41687,0,-0.0010653,0.00126901,0.135013,0.146631
5462,1,0.0795073,-0.0203404,-0.537443,1,1,1,5.41677,-0.00698132,0.00319589,0.00120929,0.0447463,0.135352
5463,1,0.0793986,-0.0231029,-0.56611,1,1,1,5.41677,-0.00872665,5.87076e-19,0.00108795,0.0229502,0.0902344
5464,1,0.0792759,-0.0260033,-0.593527,1,1,1,5.41677,-0.015708,-0.00958767,0.00100697,0.0766945,0.0676758
5465,1,0.079138,-0.0290442,-0.619787,1,1,1,5.41677,-0.00872665,-0.00958767,0.000931683,0.0245105,0.0451172
5466,1,0.0789855,-0.0321942,-0.644699,1,1,1,5.41677,0,-0.00639178,0.00073942,-0.0846908,0
5467,1,0.0788162,-0.0354813,-0.66855,1,1,1,5.41668,-0.00698132,0.00958767,0.000574947,-0.331368,-0.0338379
5468,1,0.0786304,-0.0388808,-0.691205,1,1,1,5.41668,0,-0.00213059,0.000435609,-0.271351,-0.0225586
5469,1,0.0784272,-0.0423921,-0.712717,1,1,1,5.41658,-0.0174533,0.0149142,0.00026848,-0.533472,-0.0789551
5470,1,0.0782051,-0.046025,-0.733182,1,1,1,5.41658,-0.0174533,5.87076e-19,5.62321e-05,-0.455345,-0.15791
5471,1,0.0779672,-0.0497164,-0.752307,1,1,1,5.41658,-0.0174533,0.00426119,-0.000163516,-0.5901,-0.259424
5472,1,0.0777092,-0.0535238,-0.770445,1,1,1,5.41649,-0.00698132,-0.0127836,-0.000381181,-0.492577,-0.293262
5473,1,0.0774318,-0.0574198,-0.787491,1,1,1,5.41629,-0.0226893,-0.0202406,-0.000601915,-0.501884,-0.394775
5474,1,0.0771344,-0.0614022,-0.803472,1,1,1,5.4162,-0.0331613,-0.0351548,-0.000774626,-0.422501,-0.48501
5475,1,0.0768174,-0.065456,-0.818364,1,1,1,5.4161,-0.0296706,-0.0159795,-0.000986839,-0.725575,-0.620361
5476,1,0.0764798,-0.0695829,-0.832209,1,1,1,5.41582,-0.0261799,-0.0255671,-0.00114978,-0.705352,-0.541406
5477,1,0.0761218,-0.0737725,-0.845006,1,1,1,5.41562,-0.102974,-0.0436772,-0.00132302,-0.594904,-0.710596
5478,1,0.0757424,-0.078027,-0.856792,1,1,1,5.41543,-0.00174533,-0.0511343,-0.00145817,-0.595095,-0.620361
5479,1,0.0753415,-0.0823382,-0.867571,1,1,1,5.41505,-0.0698132,-0.050069,-0.00156156,-0.684125,-0.530127
5480,1,0.0749185,-0.0867047,-0.877364,1,1,1,5.41486,-0.0750492,-0.0649831,-0.00168755,-0.602832,-0.575244
5481,1,0.0744739,-0.0911153,-0.886173,1,1,1,5.41447,-0.0506145,-0.0585913,-0.0018201,-0.757232,-0.64292
5482,1,0.0740072,-0.095566,-0.894012,1,1,1,5.41419,-0.0733038,-0.0703096,-0.0019029,-0.705323,-0.609082
5483,1,0.0735181,-0.100054,-0.900904,1,1,1,5.41361,-0.0907571,-0.0884196,-0.0019834,-0.582669,-0.541406
5484,1,0.0730066,-0.104574,-0.906857,1,1,1,5.41332,-0.106465,-0.0980073,-0.00207595,-0.555737,-0.575244
5485,1,0.0724729,-0.109117,-0.911885,1,1,1,5.41275,-0.0610865,-0.0809626,-0.00214018,-0.816692,-0.530127
5486,1,0.0719154,-0.113691,-0.916014,1,1,1,5.41227,-0.155334,-0.0948114,-0.00220104,-0.73947,-0.609082
5487,1,0.0713355,-0.118279,-0.919246,1,1,1,5.41169,-0.0977384,-0.0980073,-0.00227858,-0.781416,-0.530127
5488,1,0.0707322,-0.122884,-0.921602,1,1,1,5.41112,-0.15708,-0.109726,-0.00230373,-0.721261,-0.586523
5489,1,0.0701067,-0.127493,-0.923091,1,1,1,5.41054,-0.16057,-0.109726,-0.00235846,-0.794603,-0.631641
5490,1,0.0694575,-0.132112,-0.923731,1,1,1,5.40987,-0.132645,-0.135293,-0.00238023,-0.582583,-0.789551
5491,1,0.0687862,-0.136725,-0.923537,1,1,1,5.4092,-0.122173,-0.139554,-0.00238118,-0.599276,-0.744434
5492,1,0.0680905,-0.141344,-0.922521,1,1,1,5.40872,-0.0994838,-0.120379,-0.00238094,-0.872257,-0.654199
5493,1,0.0673722,-0.145953,-0.9207,1,1,1,5.40776,-0.211185,-0.150207,-0.002413,-0.613931,-0.733154
5494,1,0.066631,-0.15055,-0.918086,1,1,1,5.40719,-0.109956,-0.155533,-0.00245704,-0.62599,-0.80083
5495,1,0.0658673,-0.155129,-0.914697,1,1,1,5.40632,-0.158825,-0.157664,-0.00246488,-0.666525,-0.609082
5496,1,0.0650802,-0.159692,-0.910543,1,1,1,5.40556,-0.211185,-0.147011,-0.00244757,-0.841962,-0.721875
5497,1,0.0642705,-0.164233,-0.905641,1,1,1,5.4046,-0.205949,-0.176839,-0.00246526,-0.580359,-0.744434
5498,1,0.0634373,-0.168751,-0.899999,1,1,1,5.40393,-0.13439,-0.175774,-0.00241753,-0.644913,-0.575244
5499,1,0.0625821,-0.173236,-0.893639,1,1,1,5.40278,-0.188496,-0.204537,-0.00232921,-0.374591,-0.530127
5500,1,0.061705,-0.177686,-0.886577,1,1,1,5.4022,-0.174533,-0.180035,-0.00225546,-0.69086,-0.530127
5501,1,0.0608064,-0.182096,-0.878831,1,1,1,5.40095,-0.18326,-0.206668,-0.00218634,-0.445936,-0.631641
5502,1,0.0598838,-0.186474,-0.870389,1,1,1,5.40019,-0.21293,-0.196015,-0.00214238,-0.613308,-0.518848
5503,1,0.0589417,-0.190799,-0.861306,1,1,1,5.39894,-0.171042,-0.19708,-0.00205606,-0.64441,-0.631641
5504,1,0.0579771,-0.195081,-0.851566,1,1,1,5.39817,-0.230383,-0.180035,-0.0020502,-0.887773,-0.721875
5505,1,0.0569902,-0.199317,-0.841181,1,1,1,5.39683,-0.21293,-0.200276,-0.00205964,-0.723237,-0.721875
5506,1,0.0559826,-0.203498,-0.830182,1,1,1,5.39607,-0.179769,-0.213059,-0.0020121,-0.62984,-0.688037
5507,1,0.0549547,-0.20762,-0.818581,1,1,1,5.39482,-0.204204,-0.216255,-0.00192509,-0.633415,-0.518848
5508,1,0.0539079,-0.211677,-0.806408,1,1,1,5.39405,-0.195477,-0.230104,-0.00190166,-0.530335,-0.631641
5509,1,0.0528391,-0.215679,-0.793639,1,1,1,5.39271,-0.185005,-0.235431,-0.00185755,-0.516112,-0.64292
5510,1,0.05175,-0.219617,-0.780301,1,1,1,5.39175,-0.251327,-0.231169,-0.00182397,-0.607522,-0.631641
5511,1,0.0506434,-0.22348,-0.766441,1,1,1,5.3905,-0.211185,-0.209863,-0.00181087,-0.889168,-0.755713
5512,1,0.0495166,-0.227276,-0.752037,1,1,1,5.38955,-0.242601,-0.223712,-0.00180762,-0.785992,-0.823389
5513,1,0.0483699,-0.231002,-0.737098,1,1,1,5.3882,-0.235619,-0.220516,-0.00183481,-0.874458,-0.744434
5514,1,0.0472057,-0.23465,-0.721668,1,1,1,5.38724,-0.216421,-0.240757,-0.00182433,-0.697993,-0.699316
5515,1,0.0460232,-0.238219,-0.705744,1,1,1,5.386,-0.244346,-0.245018,-0.00181112,-0.694848,-0.812109
5516,1,0.0448182,-0.241722,-0.689279,1,1,1,5.38514,-0.150098,-0.2333,-0.00187054,-0.879168,-0.812109
5517,1,0.0436065,-0.245111,-0.672498,1,1,1,5.38351,-0.26529,-0.245018,-0.00196906,-0.813309,-1.15049
5518,1,0.0423724,-0.248431,-0.655193,1,1,1,5.38264,-0.20944,-0.220516,-0.00204485,-1.1394,-1.04897
5519,1,0.0411214,-0.251665,-0.637449,1,1,1,5.38111,-0.300197,-0.265259,-0.00206118,-0.694256,-0.913623
5520,1,0.0398557,-0.254806,-0.619304,1,1,1,5.38025,-0.219911,-0.223712,-0.00213417,-1.20438,-0.868506
5521,1,0.0385741,-0.257856,-0.600752,1,1,1,5.37862,-0.246091,-0.257802,-0.00214372,-0.872959,-0.812109
5522,1,0.0372789,-0.260809,-0.581831,1,1,1,5.37775,-0.260054,-0.253541,-0.0021407,-0.958958,-0.95874
5523,1,0.0359661,-0.263673,-0.56249,1,1,1,5.37612,-0.258309,-0.264194,-0.00215012,-0.882442,-1.04897
5524,1,0.0346413,-0.266436,-0.542819,1,1,1,5.37507,-0.260054,-0.258867,-0.00215936,-0.979324,-0.947461
5525,1,0.033302,-0.269101,-0.522791,1,1,1,5.37363,-0.284489,-0.274847,-0.00214137,-0.836148,-0.778271
5526,1,0.0319517,-0.271661,-0.50246,1,1,1,5.37248,-0.26529,-0.275912,-0.00199088,-0.838546,-0.778271
5527,1,0.0305853,-0.274125,-0.481761,1,1,1,5.37085,-0.267035,-0.2855,-0.00199654,-0.766932,-0.868506
5528,1,0.0292019,-0.276493,-0.460683,1,1,1,5.3697,-0.303687,-0.282304,-0.00204376,-0.842153,-0.992578
5529,1,0.0278213,-0.278731,-0.439535,1,1,1,5.36807,-0.200713,-0.284434,-0.00200158,-0.840541,-0.789551
5530,1,0.0264222,-0.280875,-0.417998,1,1,1,5.36692,-0.34383,-0.299348,-0.00195714,-0.69818,-0.733154
5531,1,0.0250139,-0.282909,-0.396223,1,1,1,5.36519,-0.260054,-0.288695,-0.00193661,-0.83891,-0.936182
5532,1,0.0235946,-0.284835,-0.374185,1,1,1,5.36404,-0.254818,-0.289761,-0.00185523,-0.837849,-0.688037
5533,1,0.0221659,-0.286651,-0.351917,1,1,1,5.36232,-0.371755,-0.28763,-0.00181916,-0.879017,-0.755713
5534,1,0.0207268,-0.288356,-0.329408,1,1,1,5.36107,-0.272271,-0.301479,-0.00186193,-0.75794,-0.868506
5535,1,0.0192823,-0.289945,-0.306742,1,1,1,5.35935,-0.242601,-0.299348,-0.00178682,-0.788946,-0.913623
5536,1,0.0178289,-0.291421,-0.283868,1,1,1,5.35829,-0.289725,-0.296153,-0.0016696,-0.822024,-0.64292
5537,1,0.0163671,-0.292784,-0.260802,1,1,1,5.35647,-0.329867,-0.316393,-0.00164218,-0.612263,-0.665479
5538,1,0.0148924,-0.294036,-0.237475,1,1,1,5.35532,-0.310669,-0.295087,-0.00166751,-0.866391,-0.789551
5539,1,0.0134263,-0.29516,-0.214235,1,1,1,5.35331,-0.314159,-0.301479,-0.00168913,-0.812211,-0.936182
5540,1,0.0119482,-0.296173,-0.190761,1,1,1,5.35215,-0.286234,-0.30361,-0.00166391,-0.794539,-0.924902
5541,1,0.0104655,-0.297067,-0.167172,1,1,1,5.35043,-0.289725,-0.281238,-0.00162235,-1.04278,-0.631641
5542,1,0.00897785,-0.297844,-0.143473,1,1,1,5.34918,-0.315905,-0.316393,-0.0015676,-0.655054,-0.744434
5543,1,0.00748608,-0.298502,-0.119677,1,1,1,5.34755,-0.308923,-0.298283,-0.00154897,-0.856513,-0.766992
5544,1,0.00599478,-0.29904,-0.0958653,1,1,1,5.34611,-0.335103,-0.291891,-0.00154099,-0.929025,-0.789551
5545,1,0.00449635,-0.29946,-0.0719199,1,1,1,5.34429,-0.342085,-0.307871,-0.00155342,-0.756668,-0.924902
5546,1,0.00300016,-0.29976,-0.0479962,1,1,1,5.34314,-0.267035,-0.298283,-0.00157317,-0.865009,-0.879785
5547,1,0.00149125,-0.299941,-0.0238592,1,1,1,5.34142,-0.272271,-0.315328,-0.00151637,-0.668812,-0.654199
5548,1,-8.055e-07,-0.3,1.2888e-05,1,1,1,5.34036,-0.328122,-0.30574,-0.00146654,-0.764545,-0.699316
5549,1,-0.00150007,-0.29994,0.0240003,1,1,1,5.33835,-0.315905,-0.295087,-0.0014811,-0.879485,-0.947461
5550,1,-0.003,-0.29976,0.0479936,1,1,1,5.33729,-0.244346,-0.308936,-0.00154313,-0.730306,-0.913623
5551,1,-0.00449644,-0.29946,0.0719214,1,1,1,5.33547,-0.244346,-0.291891,-0.00157971,-0.915579,-0.868506
5552,1,-0.00599431,-0.299041,0.0958576,1,1,1,5.33432,-0.280998,-0.278043,-0.00159331,-1.06116,-0.913623
5553,1,-0.00748647,-0.298502,0.119683,1,1,1,5.33269,-0.335103,-0.279108,-0.00162987,-1.04432,-0.789551
5554,1,-0.00897872,-0.297844,0.143486,1,1,1,5.33145,-0.289725,-0.278043,-0.00173316,-1.05822,-0.992578
5555,1,-0.010466,-0.297067,0.16718,1,1,1,5.32982,-0.298451,-0.26739,-0.00185561,-1.17866,-1.09409
5556,1,-0.0119501,-0.296172,0.19079,1,1,1,5.32857,-0.305433,-0.280173,-0.00192494,-1.03287,-1.16177
5557,1,-0.0134278,-0.295159,0.214259,1,1,1,5.32704,-0.270526,-0.292957,-0.00195081,-0.879884,-0.924902
5558,1,-0.0148995,-0.294031,0.237587,1,1,1,5.32589,-0.284489,-0.278043,-0.00197459,-1.02992,-0.845947
5559,1,-0.0163677,-0.292784,0.26081,1,1,1,5.32397,-0.354302,-0.265259,-0.00202954,-1.15919,-1.0377
5560,1,-0.0178287,-0.291421,0.283865,1,1,1,5.32291,-0.218166,-0.311067,-0.00201994,-0.634029,-1.01514
5561,1,-0.0192807,-0.289946,0.306715,1,1,1,5.32119,-0.253073,-0.284434,-0.00200875,-0.904168,-0.665479
5562,1,-0.0207279,-0.288355,0.329425,1,1,1,5.32004,-0.329867,-0.278043,-0.0020266,-0.954066,-0.699316
5563,1,-0.0221652,-0.286651,0.351906,1,1,1,5.31812,-0.279253,-0.280173,-0.00201654,-0.905199,-0.913623
5564,1,-0.0235937,-0.284836,0.374172,1,1,1,5.31707,-0.293215,-0.298283,-0.00197089,-0.674516,-0.891064
5565,1,-0.0250136,-0.28291,0.396219,1,1,1,5.31534,-0.270526,-0.311067,-0.00187837,-0.494717,-0.778271
5566,1,-0.0264228,-0.280874,0.418008,1,1,1,5.31419,-0.298451,-0.297218,-0.00180719,-0.609764,-0.766992
5567,1,-0.0278205,-0.278733,0.439523,1,1,1,5.31256,-0.251327,-0.308936,-0.00174557,-0.443335,-0.721875
5568,1,-0.0292171,-0.276467,0.460915,1,1,1,5.31141,-0.272271,-0.264194,-0.00174563,-0.904742,-0.699316
5569,1,-0.0305855,-0.274125,0.481764,1,1,1,5.30949,-0.319395,-0.257802,-0.00176084,-0.945327,-0.891064
5570,1,-0.0319496,-0.271665,0.502429,1,1,1,5.30844,-0.251327,-0.286565,-0.00172005,-0.590405,-0.902344
5571,1,-0.0333028,-0.269099,0.522801,1,1,1,5.307,-0.26529,-0.258867,-0.00166234,-0.851851,-0.575244
5572,1,-0.034642,-0.266434,0.54283,1,1,1,5.30594,-0.263545,-0.276977,-0.00166612,-0.61881,-0.620361
5573,1,-0.0359674,-0.263671,0.562509,1,1,1,5.30441,-0.197222,-0.240757,-0.00168323,-0.982767,-0.64292
5574,1,-0.0372783,-0.26081,0.581822,1,1,1,5.30326,-0.356047,-0.258867,-0.00175997,-0.755833,-0.879785
5575,1,-0.0385807,-0.25784,0.600847,1,1,1,5.30182,-0.200713,-0.229039,-0.00185315,-1.05707,-0.992578
5576,1,-0.0398576,-0.254801,0.619331,1,1,1,5.30067,-0.263545,-0.229039,-0.00185743,-1.01767,-0.902344
5577,1,-0.0411232,-0.25166,0.637474,1,1,1,5.29923,-0.322886,-0.252475,-0.001885,-0.72237,-0.744434
5578,1,-0.0423731,-0.248429,0.655203,1,1,1,5.29818,-0.21293,-0.25141,-0.00190378,-0.694372,-0.699316
5579,1,-0.0436072,-0.245109,0.672507,1,1,1,5.29693,-0.230383,-0.236496,-0.00189222,-0.81368,-0.710596
5580,1,-0.0448245,-0.241704,0.689365,1,1,1,5.29607,-0.225147,-0.25141,-0.00192589,-0.609876,-0.609082
5581,1,-0.046023,-0.23822,0.705742,1,1,1,5.29444,-0.223402,-0.213059,-0.00202742,-1.00004,-1.00386
5582,1,-0.0472061,-0.234648,0.721673,1,1,1,5.29348,-0.226893,-0.231169,-0.00205888,-0.758859,-0.857227
5583,1,-0.0483701,-0.231002,0.737101,1,1,1,5.29233,-0.244346,-0.242888,-0.00208359,-0.586244,-0.834668
5584,1,-0.049516,-0.227278,0.752028,1,1,1,5.29127,-0.204204,-0.213059,-0.00215598,-0.876071,-0.64292
5585,1,-0.0506433,-0.223481,0.76644,1,1,1,5.29003,-0.21293,-0.225843,-0.00219213,-0.691532,-0.913623
5586,1,-0.0517506,-0.219615,0.780309,1,1,1,5.28945,-0.132645,-0.19708,-0.00223475,-0.964124,-0.755713
5587,1,-0.052838,-0.215683,0.793626,1,1,1,5.28802,-0.261799,-0.185362,-0.00234231,-1.05706,-0.891064
5588,1,-0.0539074,-0.211679,0.806403,1,1,1,5.28715,-0.18675,-0.196015,-0.00244542,-0.902493,-0.95874
5589,1,-0.0549556,-0.207617,0.818592,1,1,1,5.2861,-0.148353,-0.191753,-0.0025045,-0.905552,-0.845947
5590,1,-0.0559827,-0.203498,0.830182,1,1,1,5.28533,-0.242601,-0.199211,-0.0025957,-0.783328,-0.992578
5591,1,-0.0570107,-0.19923,0.841402,1,1,1,5.28418,-0.10472,-0.169382,-0.0027303,-1.0752,-0.947461
5592,1,-0.057977,-0.195081,0.851565,1,1,1,5.28341,-0.218166,-0.177905,-0.00273547,-0.929748,-0.789551
5593,1,-0.0589405,-0.190805,0.861294,1,1,1,5.28245,-0.197222,-0.161925,-0.00279898,-1.06001,-0.733154
5594,1,-0.0598885,-0.186453,0.870433,1,1,1,5.28169,-0.191986,-0.184296,-0.0028883,-0.770974,-0.845947
5595,1,-0.0608052,-0.182102,0.87882,1,1,1,5.28073,-0.122173,-0.161925,-0.00299428,-0.976418,-0.823389
5596,1,-0.0617047,-0.177688,0.886575,1,1,1,5.27996,-0.230383,-0.136358,-0.00308536,-1.21438,-0.789551
5597,1,-0.0625837,-0.173228,0.893652,1,1,1,5.279,-0.235619,-0.148076,-0.00322861,-1.04861,-1.11665
5598,1,-0.0634369,-0.168753,0.899995,1,1,1,5.27833,-0.0820305,-0.156599,-0.00328296,-0.906178,-0.992578
5599,1,-0.0642706,-0.164232,0.905642,1,1,1,5.27747,-0.197222,-0.148076,-0.00336388,-0.95427,-0.879785
5600,1,-0.06508,-0.159694,0.910542,1,1,1,5.2768,-0.148353,-0.132097,-0.00341665,-1.08057,-0.80083
5601,1,-0.065867,-0.155131,0.914696,1,1,1,5.27584,-0.200713,-0.151272,-0.00342826,-0.814546,-0.699316
5602,1,-0.0666315,-0.150547,0.918088,1,1,1,5.27536,-0.125664,-0.155533,-0.00343968,-0.712394,-0.755713
5603,1,-0.0673719,-0.145955,0.920699,1,1,1,5.2744,-0.116937,-0.133162,-0.00344946,-0.902991,-0.688037
5604,1,-0.0680908,-0.141342,0.922522,1,1,1,5.27383,-0.169297,-0.14488,-0.00340246,-0.710981,-0.631641
5605,1,-0.0687853,-0.136731,0.923536,1,1,1,5.27296,-0.158825,-0.128901,-0.00343388,-0.834127,-0.665479
5606,1,-0.069458,-0.132108,0.923731,1,1,1,5.27229,-0.153589,-0.134227,-0.00341134,-0.715748,-0.733154
5607,1,-0.0701069,-0.127492,0.92309,1,1,1,5.27162,-0.137881,-0.115052,-0.0034128,-0.870248,-0.755713
5608,1,-0.0707324,-0.122883,0.921601,1,1,1,5.27105,-0.155334,-0.12464,-0.00338122,-0.704222,-0.80083
5609,1,-0.0713358,-0.118277,0.919245,1,1,1,5.27028,-0.129154,-0.135293,-0.00334071,-0.525445,-0.631641
5610,1,-0.0719152,-0.113692,0.916015,1,1,1,5.2699,-0.0959931,-0.125705,-0.00331031,-0.571046,-0.451172
5611,1,-0.0724728,-0.109117,0.911885,1,1,1,5.26903,-0.127409,-0.0990726,-0.0033017,-0.807259,-0.676758
5612,1,-0.0730065,-0.104575,0.906858,1,1,1,5.26855,-0.10472,-0.133162,-0.00331168,-0.37851,-0.744434
5613,1,-0.0735187,-0.100048,0.900895,1,1,1,5.26807,-0.0349066,-0.101203,-0.00326999,-0.669808,-0.64292
5614,1,-0.0740075,-0.0955632,0.894008,1,1,1,5.26759,-0.113446,-0.0937461,-0.00323023,-0.692474,-0.428613
5615,1,-0.0744742,-0.0911121,0.886166,1,1,1,5.26692,-0.141372,-0.0745708,-0.00322334,-0.848932,-0.688037
5616,1,-0.0749183,-0.0867073,0.87737,1,1,1,5.26654,-0.0610865,-0.0809626,-0.00318826,-0.721134,-0.575244
5617,1,-0.0753435,-0.082317,0.867521,1,1,1,5.26606,-0.136136,-0.078832,-0.00317089,-0.689745,-0.631641
5618,1,-0.0757425,-0.0780261,0.85679,1,1,1,5.26577,-0.0593412,-0.0767014,-0.00318978,-0.664486,-0.665479
5619,1,-0.0761218,-0.0737729,0.845007,1,1,1,5.26529,-0.0820305,-0.0756361,-0.00319861,-0.6268,-0.631641
5620,1,-0.0764799,-0.0695823,0.832207,1,1,1,5.26501,-0.0488692,-0.0692443,-0.00316884,-0.643517,-0.597803
5621,1,-0.0768176,-0.0654536,0.818355,1,1,1,5.26453,-0.0942478,-0.0585913,-0.00313654,-0.707683,-0.586523
5622,1,-0.0771345,-0.0614019,0.803471,1,1,1,5.26433,-0.0610865,-0.0830932,-0.00310387,-0.386188,-0.64292
5623,1,-0.0774315,-0.057424,0.787509,1,1,1,5.26405,0,-0.0532648,-0.00308073,-0.664646,-0.439893
5624,1,-0.0777091,-0.0535246,0.770449,1,1,1,5.26366,-0.120428,-0.0543301,-0.00309871,-0.609822,-0.710596
5625,1,-0.0779671,-0.0497185,0.752318,1,1,1,5.26347,-0.0174533,-0.0628525,-0.00311358,-0.47385,-0.563965
5626,1,-0.0782064,-0.0460032,0.733065,1,1,1,5.26309,-0.0977384,-0.0351548,-0.00304827,-0.726995,-0.563965
5627,1,-0.0784284,-0.0423706,0.712591,1,1,1,5.2629,-0.102974,-0.0596566,-0.00303969,-0.414618,-0.665479
5628,1,-0.0786305,-0.0388781,0.691188,1,1,1,5.2628,0,-0.0170448,-0.00308723,-0.849756,-0.710596
5629,1,-0.0788161,-0.0354825,0.668558,1,1,1,5.26242,-0.0645772,-0.0298283,-0.00309845,-0.672111,-0.575244
5630,1,-0.0789855,-0.0321952,0.644706,1,1,1,5.26232,-0.020944,-0.0490037,-0.00305843,-0.418897,-0.417334
5631,1,-0.0791384,-0.0290344,0.619707,1,1,1,5.26223,-0.015708,-0.0255671,-0.00305354,-0.640768,-0.733154
5632,1,-0.079276,-0.0260011,0.593508,1,1,1,5.26203,-0.0314159,-0.0553954,-0.00301668,-0.27424,-0.631641
5633,1,-0.0793986,-0.0231034,0.566115,1,1,1,5.26194,0.00872665,-0.0159795,-0.00303395,-0.678379,-0.676758
5634,1,-0.0795071,-0.0203442,0.537484,1,1,1,5.26175,-0.0418879,-0.0117183,-0.00303338,-0.695337,-0.676758
5635,1,-0.0796027,-0.0177176,0.507452,1,1,1,5.26175,-0.0506145,-0.0138489,-0.00306815,-0.648476,-0.631641
5636,1,-0.0796847,-0.0152702,0.476489,1,1,1,5.26165,0,-0.01811,-0.00311727,-0.582408,-0.586523
5637,1,-0.0797553,-0.0129663,0.444067,1,1,1,5.26146,0.00349066,-0.00213059,-0.00310815,-0.733265,-0.586523
5638,1,-0.0798147,-0.0108288,0.41038,1,1,1,5.26146,-0.0645772,-0.0138489,-0.00311838,-0.584227,-0.699316
5639,1,-0.0798641,-0.00885437,0.37523,1,1,1,5.26146,0,-0.0127836,-0.00315027,-0.580877,-0.586523
5640,1,-0.0799036,-0.00707884,0.33917,1,1,1,5.26136,-0.015708,-0.0127836,-0.0031286,-0.56131,-0.676758
5641,1,-0.079935,-0.00547504,0.301529,1,1,1,5.26136,0,-0.00639178,-0.00311402,-0.615322,-0.586523
5642,1,-0.0799587,-0.00406545,0.262621,1,1,1,5.26127,-0.0279253,0.01811,-0.00315224,-0.878079,-0.631641
5643,1,-0.0799759,-0.00285162,0.222291,1,1,1,5.26117,-0.0174533,-0.00639178,-0.00317135,-0.601878,-0.744434
5644,1,-0.0799876,-0.00184458,0.180662,1,1,1,5.26117,0,0.00213059,-0.00319772,-0.692627,-0.654199
5645,1,-0.0799947,-0.0010478,0.137582,1,1,1,5.26117,0,0.0159795,-0.00319507,-0.840924,-0.620361
5646,1,-0.0799984,-0.000470128,0.0931082,1,1,1,5.26117,0,-0.010653,-0.0031704,-0.543908,-0.64292
5647,1,-0.0799998,-0.000118772,0.0472763,1,1,1,5.26117,0,0.010653,-0.00319781,-0.784062,-0.631641
5648,1,-0.08,-0,-0,1,1,1,5.26117,0,0.0191753,-0.00317654,-0.880232,-0.507568
5649,1,-0.08,-0,-0,1,1,1,5.26107,-0.0191986,-0.00213059,-0.00318982,-0.64762,-0.518848
5650,1,-0.08,-0,-0,1,1,1,5.26117,0,-0.0159795,-0.00316452,-0.491943,-0.530127
5651,1,-0.08,-0,-0,1,1,1,5.26117,0,-1.36984e-18,-0.00315706,-0.666732,-0.552686
5652,1,-0.08,-0,-0,1,1,1,5.26117,0,-0.00213059,-0.0031711,-0.645149,-0.64292
5653,1,-0.08,-0,-0,1,1,1,5.26107,0,-0.01811,-0.00317267,-0.469581,-0.676758
5654,1,-0.08,-0,-0,1,1,1,5.26107,0,0.00639178,-0.00318471,-0.740692,-0.609082
5655,1,-0.08,-0,-0,1,1,1,5.26107,0,-0.00213059,-0.00320727,-0.649923,-0.676758
5656,1,-0.08,-0,-0,1,1,1,5.26107,0,-0.0127836,-0.00317575,-0.52858,-0.688037
5657,1,-0.08,-0,-0,1,1,1,5.26107,0,0.00532648,-0.00314608,-0.723874,-0.586523
5658,1,-0.08,-0,-0,1,1,1,5.26107,0,0.0010653,-0.0031635,-0.679301,-0.654199
5659,1,-0.08,-0,-0,1,1,1,5.26107,0,0.01811,-0.00320772,-0.872629,-0.586523
5660,1,-0.08,-0,-0,1,1,1,5.26107,-0.0122173,-0.00213059,-0.00319259,-0.647986,-0.879785
5661,1,-0.08,-0,-0,1,1,1,5.26107,-0.0296706,-0.010653,-0.00319034,-0.553942,-0.823389
5662,1,-0.08,-0,-0,1,1,1,5.26107,0.0645772,-0.0117183,-0.00319823,-0.543266,-0.507568
5663,1,-0.08,-0,-0,1,1,1,5.26107,0.0645772,0.00532648,-0.00315256,-0.724729,-0.417334
5664,1,-0.08,-0,-0,1,1,1,5.26098,-0.0750492,-0.00213059,-0.00312514,-0.639082,-0.665479
5665,1,-0.08,-0,-0,1,1,1,5.26098,-0.0418879,0.00532648,-0.00311376,-0.719607,-0.575244
5666,1,-0.08,-0,-0,1,1,1,5.26098,0,0.0191753,-0.00311968,-0.872727,-0.654199
5667,1,-0.08,-0,-0,1,1,1,5.26088,-0.0261799,-0.0202406,-0.00311349,-0.438333,-0.654199
5668,1,-0.08,-0,-0,1,1,1,5.26098,0,0.0010653,-0.00311428,-0.672803,-0.654199
5669,1,-0.08,-0,-0,1,1,1,5.26088,0,-0.00639178,-0.00309742,-0.58855,-0.563965
5670,1,-0.08,-0,-0,1,1,1,5.26098,0,0.00532648,-0.00309187,-0.716718,-0.530127
5671,1,-0.08,-0,-0,1,1,1,5.26088,0,0.00745708,-0.00310284,-0.741603,-0.699316
5672,1,-0.08,-0,-0,1,1,1,5.26088,0,1.76123e-18,-0.00310578,-0.659963,-0.710596
5673,1,-0.08,-0,-0,1,1,1,5.26088,0,-1.30461e-18,-0.0031446,-0.665088,-0.733154
5674,1,-0.08,-0,-0,1,1,1,5.26088,0,0.0191753,-0.00316442,-0.878633,-0.541406
5675,1,-0.08,-0,-0,1,1,1,5.26088,-0.00872665,0.0213059,-0.003168,-0.902542,-0.676758
5676,1,-0.08,-0,-0,1,1,1,5.26088,0,-0.00532648,-0.00317788,-0.610889,-0.665479
5677,1,-0.08,-0,-0,1,1,1,5.26088,0.00872665,0.00958767,-0.00317554,-0.774636,-0.676758
5678,1,-0.08,-0,-0,1,1,1,5.26088,0,0.0010653,-0.00318936,-0.682714,-0.733154
5679,1,-0.08,-0,-0,1,1,1,5.26088,0,0.00639178,-0.00319002,-0.741392,-0.496289
5680,1,-0.08,-0,-0,1,1,1,5.26079,-0.020944,-0.0010653,-0.0032017,-0.660906,-0.665479
5681,1,-0.08,-0,-0,1,1,1,5.26088,0,0.0127836,-0.00318873,-0.811531,-0.609082
5682,1,-0.08,-0,-0,1,1,1,5.26088,0,0.0255671,-0.00324288,-0.959299,-0.710596
5683,1,-0.08,-0,-0,1,1,1,5.26079,-0.010472,0.00319589,-0.00326772,-0.716494,-0.609082
5684,1,-0.08,-0,-0,1,1,1,5.26079,0,-0.010653,-0.00330712,-0.569357,-0.620361
5685,1,-0.08,-0,-0,1,1,1,5.26079,0.0279253,-0.00532648,-0.00328133,-0.624544,-0.733154
5686,1,-0.08,-0,-0,1,1,1,5.26079,0,0.0159795,-0.00326265,-0.856443,-0.575244
5687,1,-0.08,-0,-0,1,1,1,5.26069,-0.00349066,-0.00958767,-0.00324488,-0.57286,-0.631641
5688,1,-0.08,-0,-0,1,1,1,5.26079,0,0.00639178,-0.00325251,-0.74964,-0.597803
5689,1,-0.08,-0,-0,1,1,1,5.26069,0,0.00213059,-0.00326982,-0.705052,-0.766992
5690,1,-0.08,-0,-0,1,1,1,5.26069,0.00872665,-0.00213059,-0.003266,-0.657675,-0.688037
5691,1,-0.08,-0,-0,1,1,1,5.26069,0,-0.0223712,-0.00322821,-0.43004,-0.710596
5692,1,-0.08,-0,-0,1,1,1,5.26069,0,-0.0117183,-0.00322866,-0.547283,-0.597803
5693,1,-0.08,-0,-0,1,1,1,5.26069,0,-0.00852238,-0.00321952,-0.58123,-0.823389
5694,1,-0.08,-0,-0,1,1,1,5.26069,0,-0.00532648,-0.00318112,-0.611316,-0.631641
5695,1,-0.08,-0,-0,1,1,1,5.26069,-0.010472,-0.00532648,-0.00320544,-0.614527,-0.755713
5696,1,-0.08,-0,-0,1,1,1,5.26069,0.00349066,-0.00958767,-0.00320591,-0.567716,-0.620361
5697,1,-0.08,-0,-0,1,1,1,5.26069,0,0.0010653,-0.00320519,-0.684804,-0.575244
5698,1,-0.08,-0,-0,1,1,1,5.26069,-0.00523599,0.010653,-0.00319568,-0.789012,-0.710596
5699,1,-0.08,-0,-0,1,1,1,5.26069,0,0.00532648,-0.00318501,-0.729013,-0.64292
5700,1,-0.08,-0,-0,1,1,1,5.26069,0,0.0149142,-0.00319238,-0.835449,-0.64292
5701,1,-0.08,-0,-0,1,1,1,5.26069,-0.0139626,-0.00213059,-0.00318489,-0.646969,-0.744434
5702,1,-0.08,-0,-0,1,1,1,5.26069,0,-0.00639178,-0.00318737,-0.600423,-0.631641
5703,1,-0.08,-0,-0,1,1,1,5.26069,0,0.00852238,-0.00321231,-0.767771,-0.80083
5704,1,-0.08,-0,-0,1,1,1,5.26069,0,0.0138489,-0.00320672,-0.825625,-0.812109
5705,1,-0.08,-0,-0,1,1,1,5.26069,-0.0122173,0.0138489,-0.00321484,-0.826696,-0.755713
5706,1,-0.08,-0,-0,1,1,1,5.26069,0.00698132,0.00532648,-0.00323674,-0.73584,-0.778271
5707,1,-0.08,-0,-0,1,1,1,5.26069,0,-0.0138489,-0.00319772,-0.519761,-0.597803
5708,1,-0.08,-0,-0,1,1,1,5.26069,0,-0.00532648,-0.00322172,-0.616676,-0.699316
5709,1,-0.08,-0,-0,1,1,1,5.26069,0,-0.00213059,-0.00321491,-0.650932,-0.665479
5710,1,-0.08,-0,-0,1,1,1,5.26069,0,-0.00532648,-0.00320805,-0.614872,-0.710596
5711,1,-0.08,-0,-0,1,1,1,5.26069,0,0.00319589,-0.00322212,-0.710475,-0.64292
5712,1,-0.08,-0,-0,1,1,1,5.26069,0.00872665,0.00745708,-0.0032105,-0.755814,-0.609082
5713,1,-0.08,-0,-0,1,1,1,5.26069,0,0.010653,-0.00322002,-0.792225,-0.80083
5714,1,-0.08,-0,-0,1,1,1,5.26069,0,-0.00639178,-0.00324211,-0.607649,-0.823389
5715,1,-0.08,-0,-0,1,1,1,5.26069,0,-0.0117183,-0.00323482,-0.548096,-0.665479
5716,1,-0.08,-0,-0,1,1,1,5.2606,0,0.010653,-0.00321277,-0.791268,-0.631641
5717,1,-0.08,-0,-0,1,1,1,5.2606,-0.0122173,0.0010653,-0.00322208,-0.687033,-0.778271
5718,1,-0.08,-0,-0,1,1,1,5.2606,0,0.0010653,-0.00321373,-0.685931,-0.620361
5719,1,-0.08,-0,-0,1,1,1,5.2606,0,0.0010653,-0.00321225,-0.685735,-0.563965
5720,1,-0.08,-0,-0,1,1,1,5.2606,0,-0.0127836,-0.00321509,-0.533773,-0.766992
5721,1,-0.08,-0,-0,1,1,1,5.2606,0,-0.00319589,-0.00321908,-0.639764,-0.721875
5722,1,-0.08,-0,-0,1,1,1,5.2606,0,-0.010653,-0.00323288,-0.559557,-0.755713
5723,1,-0.08,-0,-0,1,1,1,5.2606,0.00872665,0.0117183,-0.00322842,-0.805052,-0.766992
5724,1,-0.08,-0,-0,1,1,1,5.2606,0,-0.00532648,-0.00324046,-0.619149,-0.755713
5725,1,-0.08,-0,-0,1,1,1,5.2606,0,-0.00852238,-0.00325739,-0.586229,-0.676758
5726,1,-0.08,-0,-0,1,1,1,5.2606,0,0.00319589,-0.00326194,-0.71573,-0.665479
5727,1,-0.08,-0,-0,1,1,1,5.2606,0,0.0010653,-0.00326736,-0.69301,-0.755713
5728,1,-0.08,-0,-0,1,1,1,5.2606,-0.00523599,0.0191753,-0.00329883,-0.896374,-0.699316
5729,1,-0.08,-0,-0,1,1,1,5.2606,-0.00174533,-0.0138489,-0.00328058,-0.530699,-0.654199
5730,1,-0.08,-0,-0,1,1,1,5.2606,0.010472,0.00745708,-0.0033031,-0.768037,-0.665479
5731,1,-0.08,-0,-0,1,1,1,5.2605,0,0.00426119,-0.00331982,-0.735089,-0.733154
5732,1,-0.08,-0,-0,1,1,1,5.2605,0,-0.00639178,-0.00329263,-0.614318,-0.789551
5733,1,-0.08,-0,-0,1,1,1,5.2606,0,-0.0149142,-0.00327674,-0.518474,-0.597803
5734,1,-0.08,-0,-0,1,1,1,5.2606,0,0.0010653,-0.00329024,-0.696029,-0.778271
5735,1,-0.08,-0,-0,1,1,1,5.2605,0,-0.0010653,-0.00330469,-0.674501,-0.721875
5736,1,-0.08,-0,-0,1,1,1,5.2605,0,-0.0213059,-0.0033053,-0.451934,-0.744434
5737,1,-0.08,-0,-0,1,1,1,5.2606,0.0139626,0.00958767,-0.00332075,-0.793803,-0.620361
5738,1,-0.08,-0,-0,1,1,1,5.2605,0,-0.00213059,-0.00333467,-0.66674,-0.597803
5739,1,-0.08,-0,-0,1,1,1,5.2605,0,0.00852238,-0.00333572,-0.784062,-0.64292
5740,1,-0.08,-0,-0,1,1,1,5.2605,0,-0.0191753,-0.00333561,-0.479371,-0.755713
5741,1,-0.08,-0,-0,1,1,1,5.2606,0,0.0138489,-0.00334357,-0.843689,-0.721875
5742,1,-0.08,-0,-0,1,1,1,5.2605,0,-0.00319589,-0.00339334,-0.662766,-0.744434
5743,1,-0.08,-0,-0,1,1,1,5.2605,0,0.0127836,-0.00337808,-0.836526,-0.733154
5744,1,-0.08,-0,-0,1,1,1,5.2605,0,-0.00532648,-0.00337994,-0.637561,-0.868506
5745,1,-0.08,-0,-0,1,1,1,5.2605,0,0.00532648,-0.00334672,-0.750358,-0.688037
5746,1,-0.08,-0,-0,1,1,1,5.2605,0.00872665,0.0127836,-0.0033488,-0.832661,-0.631641
5747,1,-0.08,-0,-0,1,1,1,5.2605,0,-0.0213059,-0.00334479,-0.457148,-0.733154
5748,1,-0.08,1.27512e-11,1.10639e-05,1,1,1,5.2605,0,-0.00639178,-0.00334866,-0.621712,-0.733154
5749,1,-0.0799999,5.94231e-05,0.0236455,1,1,1,5.2605,0,0.00852238,-0.00335368,-0.782356,-0.834668
5750,1,-0.0799992,0.000235066,0.0465542,1,1,1,5.2605,0,0.00745708,-0.00336016,-0.766093,-0.80083
5751,1,-0.0799974,0.000523975,0.0687958,1,1,1,5.2605,0,0.00639178,-0.00336635,-0.748497,-0.721875
5752,1,-0.0799938,0.000922344,0.0903337,1,1,1,5.2605,0,-0.00639178,-0.00333647,-0.595992,-0.665479
5753,1,-0.079988,0.00142551,0.111134,1,1,1,5.2605,0,0.0117183,-0.00332512,-0.784579,-0.563965
5754,1,-0.0799794,0.00203255,0.131305,1,1,1,5.2605,-0.0122173,0.0149142,-0.00335297,-0.813099,-0.665479
5755,1,-0.0799675,0.00273834,0.150785,1,1,1,5.2605,0,-0.0319589,-0.00334305,-0.28476,-0.710596
5756,1,-0.0799518,0.00353944,0.169585,1,1,1,5.2605,0,-0.00426119,-0.00329756,-0.57093,-0.541406
5757,1,-0.0799319,0.00443259,0.187718,1,1,1,5.2605,0,0.00852238,-0.00322756,-0.688772,-0.451172
5758,1,-0.0799073,0.0054152,0.205203,1,1,1,5.2605,-0.00872665,0.00639178,-0.00323518,-0.651797,-0.733154
5759,1,-0.0798776,0.0064837,0.222042,1,1,1,5.2605,-0.00174533,-0.00639178,-0.00323723,-0.495941,-0.586523
5760,1,-0.0798422,0.00764087,0.238321,1,1,1,5.2605,0,-0.00426119,-0.00316601,-0.49346,-0.451172
5761,1,-0.0798012,0.00886394,0.253788,1,1,1,5.2605,0,0.0149142,-0.00314344,-0.684197,-0.699316
5762,1,-0.0797536,0.0101703,0.268723,1,1,1,5.2605,0,-1.30461e-19,-0.00310694,-0.497162,-0.530127
5763,1,-0.0796993,0.0115515,0.283055,1,1,1,5.2605,0,-0.00426119,-0.00306177,-0.425334,-0.575244
5764,1,-0.0796379,0.0130017,0.296764,1,1,1,5.2605,0,0.00639178,-0.00301939,-0.51717,-0.586523
5765,1,-0.0795692,0.0145169,0.309851,1,1,1,5.2605,0,-0.00532648,-0.00288398,-0.34993,-0.304541
5766,1,-0.0794927,0.0160991,0.322365,1,1,1,5.2606,0,0.00213059,-0.00281712,-0.401927,-0.349658
5767,1,-0.0794082,0.0177392,0.334265,1,1,1,5.2606,0,0.00852238,-0.00271936,-0.437503,-0.406055
5768,1,-0.0793152,0.0194405,0.345603,1,1,1,5.2606,-0.00174533,0.00426119,-0.00265604,-0.35977,-0.394775
5769,1,-0.0792136,0.0211959,0.356358,1,1,1,5.2606,0,0.00852238,-0.00258218,-0.373806,-0.428613
5770,1,-0.0791031,0.0230032,0.366541,1,1,1,5.2606,0,0.00532648,-0.00249132,-0.302977,-0.349658
5771,1,-0.0789829,0.0248683,0.376204,1,1,1,5.2606,0,-0.00426119,-0.00235242,-0.154798,-0.281982
5772,1,-0.0788545,0.0267636,0.38523,1,1,1,5.2606,0,0.0138489,-0.0022089,-0.308998,-0.203027
5773,1,-0.0787157,0.0287119,0.393754,1,1,1,5.2606,0,-0.00213059,-0.00210352,-0.095036,-0.225586
5774,1,-0.0785672,0.0307007,0.401734,1,1,1,5.2606,0,-1.76123e-18,-0.00199697,-0.0791606,-0.236865
5775,1,-0.0784089,0.0327259,0.409174,1,1,1,5.26069,0,0.00319589,-0.00185752,-0.0691219,-0.169189
5776,1,-0.0782401,0.034789,0.416097,1,1,1,5.26069,0.00698132,0.00319589,-0.00174433,-0.0274145,-0.225586
5777,1,-0.0780609,0.0368863,0.422503,1,1,1,5.26069,0.0174533,-0.0202406,-0.00161112,0.275975,-0.146631
5778,1,-0.0778709,0.0390161,0.428403,1,1,1,5.26069,0.0174533,0.0170448,-0.00143856,-0.0790739,-0.0338379
5779,1,-0.0776707,0.0411691,0.433785,1,1,1,5.26079,0,0.00426119,-0.00126204,0.115781,-0.0902344
5780,1,-0.0774595,0.0433504,0.438678,1,1,1,5.26079,0,-0.00745708,-0.00107816,0.301889,0
5781,1,-0.0772372,0.0455552,0.443082,1,1,1,5.26079,0.00872665,-0.0138489,-0.000868489,0.434612,-0.0451172
5782,1,-0.0770036,0.0477827,0.447006,1,1,1,5.26088,0.0139626,0.010653,-0.000652464,0.23041,0.0225586
5783,1,-0.0767591,0.0500265,0.450451,1,1,1,5.26088,0.00174533,-0.010653,-0.00043848,0.529039,0.112793
5784,1,-0.0765033,0.0522865,0.453428,1,1,1,5.26098,0.0191986,0.0010653,-0.000229657,0.466307,0.180469
5785,1,-0.0762361,0.0545615,0.455946,1,1,1,5.26107,0.0191986,0.010653,-3.88722e-05,0.42412,0.259424
5786,1,-0.0759578,0.0568448,0.458007,1,1,1,5.26117,0.0366519,0.0266324,0.000154074,0.312665,0.439893
5787,1,-0.0756677,0.0591395,0.459623,1,1,1,5.26127,0,0.00532648,0.000353241,0.611045,0.304541
5788,1,-0.0753666,0.0614386,0.460799,1,1,1,5.26136,0.0558505,0.0223712,0.000555553,0.489545,0.417334
5789,1,-0.0750535,0.0637453,0.461545,1,1,1,5.26146,0.0261799,0.0234365,0.00069988,0.53413,0.31582
5790,1,-0.0747292,0.066053,0.461866,1,1,1,5.26165,0.0663225,0.0436772,0.000869702,0.37431,0.48501
5791,1,-0.0743928,0.0683649,0.461768,1,1,1,5.26184,0.00349066,0.0351548,0.00106571,0.534641,0.552686
5792,1,-0.0740452,0.0706722,0.461261,1,1,1,5.26213,0.0907571,0.028763,0.00119845,0.66178,0.620361
5793,1,-0.073686,0.072977,0.46035,1,1,1,5.26242,0.0610865,0.0436772,0.00129561,0.545852,0.518848
5794,1,-0.0733158,0.0752729,0.459044,1,1,1,5.26242,0,0.0532648,0.00137908,0.488309,0.3271
5795,1,-0.0729335,0.0775653,0.457348,1,1,1,5.2629,0.0593412,0.0351548,0.00153248,0.745311,0.541406
5796,1,-0.0725401,0.0798461,0.455272,1,1,1,5.26309,0.0750492,0.0639178,0.00165513,0.485692,0.710596
5797,1,-0.0721347,0.0821192,0.452817,1,1,1,5.26338,0.00523599,0.0660484,0.00175676,0.513155,0.48501
5798,1,-0.0717187,0.0843755,0.449999,1,1,1,5.26376,0.136136,0.0798973,0.00185797,0.411684,0.586523
5799,1,-0.0712916,0.0866154,0.446824,1,1,1,5.26405,0.0575959,0.0809626,0.00196763,0.454019,0.620361
5800,1,-0.070853,0.0888408,0.443293,1,1,1,5.26462,0.111701,0.0692443,0.00204663,0.629152,0.676758
5801,1,-0.0704014,0.0910567,0.439399,1,1,1,5.26481,0.127409,0.0852238,0.00205984,0.488643,0.530127
5802,1,-0.069942,0.0932368,0.435196,1,1,1,5.2651,0.0191986,0.0745708,0.00216078,0.655864,0.654199
5803,1,-0.0694704,0.0954015,0.430649,1,1,1,5.26577,0.0907571,0.0628525,0.00227954,0.838367,0.631641
5804,1,-0.0689885,0.0975409,0.425782,1,1,1,5.26616,0.109956,0.0862891,0.00233202,0.623114,0.744434
5805,1,-0.0684949,0.0996594,0.420588,1,1,1,5.26654,0.127409,0.0905502,0.00238492,0.618382,0.699316
5806,1,-0.067992,0.101746,0.415099,1,1,1,5.26702,0.0733038,0.100138,0.0024336,0.553712,0.64292
5807,1,-0.0674775,0.10381,0.409292,1,1,1,5.26759,0.0890118,0.102269,0.00244276,0.56417,0.609082
5808,1,-0.0669534,0.105841,0.403198,1,1,1,5.26798,0.0959931,0.0884196,0.0024215,0.743534,0.507568
5809,1,-0.0664165,0.107851,0.396782,1,1,1,5.26874,0.155334,0.116117,0.00240955,0.468511,0.609082
5810,1,-0.0658756,0.109807,0.390158,1,1,1,5.26913,0.0575959,0.117183,0.00236995,0.48062,0.439893
5811,1,-0.0653213,0.111742,0.383215,1,1,1,5.2698,0.13439,0.0852238,0.00233446,0.854846,0.48501
5812,1,-0.0647583,0.113638,0.376018,1,1,1,5.27018,0.111701,0.120379,0.00233067,0.497797,0.620361
5813,1,-0.0641855,0.1155,0.368556,1,1,1,5.27095,0.0645772,0.131032,0.00230299,0.403826,0.530127
5814,1,-0.0635996,0.117335,0.360791,1,1,1,5.27143,0.132645,0.111856,0.00229213,0.639598,0.552686
5815,1,-0.0630115,0.11911,0.35287,1,1,1,5.2722,0.0837758,0.0948114,0.00225967,0.848132,0.338379
5816,1,-0.0624118,0.120853,0.344676,1,1,1,5.27268,0.18675,0.128901,0.00223845,0.497179,0.586523
5817,1,-0.0618031,0.122556,0.336247,1,1,1,5.27325,0.0890118,0.147011,0.0022375,0.323691,0.48501
5818,1,-0.0611862,0.124216,0.327597,1,1,1,5.27402,0.153589,0.131032,0.00222707,0.522323,0.428613
5819,1,-0.0605617,0.12583,0.318738,1,1,1,5.27459,0.151844,0.122509,0.00225576,0.645453,0.710596
5820,1,-0.0599279,0.127403,0.309653,1,1,1,5.27526,0.106465,0.152337,0.00228154,0.347664,0.710596
5821,1,-0.0592878,0.128926,0.300387,1,1,1,5.27594,0.0750492,0.148076,0.00223809,0.41028,0.451172
5822,1,-0.0586389,0.130406,0.290907,1,1,1,5.27651,0.179769,0.138489,0.00219348,0.530614,0.47373
5823,1,-0.0579838,0.131835,0.281256,1,1,1,5.27728,0.127409,0.136358,0.00217163,0.571835,0.47373
5824,1,-0.0573171,0.133225,0.271356,1,1,1,5.27785,0.172788,0.138489,0.00218077,0.571688,0.597803
5825,1,-0.0566518,0.134549,0.261407,1,1,1,5.27872,0.120428,0.12677,0.00216522,0.718119,0.496289
5826,1,-0.0559752,0.135832,0.251221,1,1,1,5.27939,0.169297,0.141684,0.00203411,0.550602,0.462451
5827,1,-0.0552927,0.137062,0.24088,1,1,1,5.28015,0.226893,0.148076,0.00195043,0.484598,0.462451
5828,1,-0.0546045,0.13824,0.230396,1,1,1,5.28082,0.101229,0.14488,0.00188105,0.525312,0.439893
5829,1,-0.0539103,0.139366,0.219762,1,1,1,5.28178,0.198968,0.16086,0.00183504,0.35939,0.541406
5830,1,-0.0532111,0.140438,0.209,1,1,1,5.28236,0.122173,0.141684,0.00179182,0.578783,0.586523
5831,1,-0.052507,0.141455,0.198112,1,1,1,5.28332,0.155334,0.166186,0.00169037,0.30751,0.47373
5832,1,-0.0517965,0.142419,0.18708,1,1,1,5.2838,0.150098,0.157664,0.00162532,0.404225,0.530127
5833,1,-0.0510829,0.143325,0.175959,1,1,1,5.28485,0.1309,0.150207,0.00158222,0.491636,0.507568
5834,1,-0.0503635,0.144178,0.164706,1,1,1,5.28543,0.164061,0.141684,0.00151416,0.585282,0.462451
5835,1,-0.0496413,0.144972,0.153373,1,1,1,5.28639,0.185005,0.154468,0.00145495,0.447081,0.451172
5836,1,-0.0489139,0.145711,0.141924,1,1,1,5.28696,0.125664,0.161925,0.00143414,0.373089,0.530127
5837,1,-0.0481839,0.146392,0.130407,1,1,1,5.28782,0.136136,0.153403,0.00140628,0.472239,0.620361
5838,1,-0.0474462,0.147018,0.118738,1,1,1,5.28849,0.164061,0.155533,0.00139297,0.456488,0.631641
5839,1,-0.0467134,0.14758,0.107121,1,1,1,5.28936,0.153589,0.165121,0.00135917,0.355322,0.699316
5840,1,-0.0459741,0.148086,0.0953802,1,1,1,5.29003,0.113446,0.147011,0.0013501,0.560866,0.48501
5841,1,-0.0452324,0.148534,0.0835807,1,1,1,5.29089,0.143117,0.120379,0.00131457,0.854142,0.496289
5842,1,-0.0444889,0.148922,0.0717364,1,1,1,5.29137,0.169297,0.16086,0.00131067,0.416698,0.744434
5843,1,-0.0437442,0.149251,0.0598578,1,1,1,5.29233,0.0785398,0.149142,0.0013457,0.557251,0.552686
5844,1,-0.0429967,0.14952,0.0479211,1,1,1,5.2929,0.178024,0.132097,0.00135552,0.750795,0.530127
5845,1,-0.0422491,0.14973,0.0359751,1,1,1,5.29386,0.190241,0.155533,0.00135154,0.497736,0.552686
5846,1,-0.0415,0.14988,0.0239972,1,1,1,5.29434,0.123918,0.167252,0.00138631,0.379321,0.80083
5847,1,-0.0407497,0.14997,0.0119954,1,1,1,5.29521,0.0907571,0.156599,0.00136548,0.495417,0.530127
5848,1,-0.0399996,0.15,-6.72e-06,1,1,1,5.29588,0.172788,0.139554,0.00138253,0.687498,0.451172
5849,1,-0.0392493,0.14997,-0.0120104,1,1,1,5.29684,0.171042,0.140619,0.00142344,0.685811,0.688037
5850,1,-0.0385003,0.14988,-0.0239923,1,1,1,5.29741,0.120428,0.156599,0.00143779,0.514671,0.631641
5851,1,-0.0377509,0.14973,-0.0359755,1,1,1,5.29827,0.125664,0.16299,0.00136784,0.432077,0.530127
5852,1,-0.0370029,0.14952,-0.0479273,1,1,1,5.29875,0.136136,0.139554,0.00134714,0.684187,0.563965
5853,1,-0.0362563,0.149251,-0.0598487,1,1,1,5.29981,0.185005,0.153403,0.00134652,0.531432,0.609082
5854,1,-0.0355103,0.148922,-0.0717485,1,1,1,5.30038,0.1309,0.16086,0.0013985,0.457261,0.620361
5855,1,-0.0347669,0.148533,-0.0835921,1,1,1,5.30125,0.101229,0.143815,0.00143843,0.64892,0.733154
5856,1,-0.0340252,0.148086,-0.0953908,1,1,1,5.30182,0.165806,0.135293,0.00145559,0.742654,0.631641
5857,1,-0.0332861,0.14758,-0.107129,1,1,1,5.30268,0.148353,0.150207,0.00148334,0.580335,0.721875
5858,1,-0.0325497,0.147015,-0.118802,1,1,1,5.30326,0.106465,0.154468,0.00149492,0.531213,0.631641
5859,1,-0.0318159,0.146392,-0.130409,1,1,1,5.30412,0.13439,0.154468,0.00151821,0.530431,0.631641
5860,1,-0.0310859,0.145711,-0.141928,1,1,1,5.30479,0.167552,0.121444,0.00152118,0.884716,0.518848
5861,1,-0.030356,0.144969,-0.153416,1,1,1,5.30566,0.197222,0.155533,0.00155274,0.503172,0.699316
5862,1,-0.0296361,0.144177,-0.164712,1,1,1,5.30614,0.0890118,0.147011,0.00152547,0.58199,0.631641
5863,1,-0.0289172,0.143325,-0.175956,1,1,1,5.307,0.176278,0.133162,0.00149057,0.717656,0.530127
5864,1,-0.0282037,0.142419,-0.187077,1,1,1,5.30757,0.144862,0.151272,0.00146866,0.502841,0.597803
5865,1,-0.0274936,0.141455,-0.198103,1,1,1,5.30834,0.125664,0.150207,0.00143727,0.496686,0.552686
5866,1,-0.0267885,0.140437,-0.209006,1,1,1,5.30892,0.137881,0.105464,0.00145808,0.977888,0.620361
5867,1,-0.0260897,0.139366,-0.219763,1,1,1,5.30987,0.165806,0.134227,0.00142972,0.64307,0.552686
5868,1,-0.0253956,0.138241,-0.230393,1,1,1,5.31016,0.106465,0.147011,0.00143636,0.487999,0.620361
5869,1,-0.0247067,0.137061,-0.240891,1,1,1,5.31102,0.113446,0.131032,0.00147233,0.652539,0.676758
5870,1,-0.0240243,0.135831,-0.251228,1,1,1,5.3116,0.153589,0.107595,0.00157935,0.907887,0.80083
5871,1,-0.0233482,0.134549,-0.261407,1,1,1,5.31237,0.116937,0.149142,0.00159441,0.435678,0.665479
5872,1,-0.0226797,0.133219,-0.271404,1,1,1,5.31275,0.115192,0.122509,0.00163329,0.716006,0.676758
5873,1,-0.0220171,0.131837,-0.281243,1,1,1,5.31352,0.136136,0.113987,0.00171233,0.801825,0.823389
5874,1,-0.0213554,0.130393,-0.29099,1,1,1,5.314,0.101229,0.12464,0.0017201,0.666554,0.744434
5875,1,-0.0207122,0.128926,-0.300386,1,1,1,5.31476,0.111701,0.119313,0.00182143,0.719174,0.812109
5876,1,-0.0200715,0.127401,-0.309661,1,1,1,5.31515,0.115192,0.10653,0.00189024,0.848826,0.823389
5877,1,-0.0194386,0.125831,-0.318735,1,1,1,5.31591,0.129154,0.115052,0.00192647,0.739286,0.733154
5878,1,-0.0188132,0.124214,-0.327605,1,1,1,5.3163,0.0837758,0.109726,0.0020035,0.786925,0.733154
5879,1,-0.0181963,0.122554,-0.336256,1,1,1,5.31697,0.0977384,0.107595,0.00204549,0.794293,0.631641
5880,1,-0.0175878,0.120852,-0.344682,1,1,1,5.31735,0.125664,0.125705,0.00212955,0.584077,0.64292
5881,1,-0.0169886,0.11911,-0.352869,1,1,1,5.31802,0.0366519,0.0926808,0.00214778,0.92719,0.812109
5882,1,-0.0163974,0.117326,-0.360831,1,1,1,5.31841,0.136136,0.0958767,0.00221261,0.877551,0.823389
5883,1,-0.0158154,0.115502,-0.368544,1,1,1,5.31898,0.113446,0.100138,0.0022457,0.811558,0.766992
5884,1,-0.0152417,0.113638,-0.376018,1,1,1,5.31946,0.0872665,0.102269,0.0023088,0.772495,0.778271
5885,1,-0.0146791,0.111743,-0.383211,1,1,1,5.32004,0.0890118,0.0937461,0.00237194,0.850277,0.699316
5886,1,-0.0141252,0.109809,-0.390149,1,1,1,5.32052,0.144862,0.0980073,0.0023902,0.781078,0.778271
5887,1,-0.013581,0.107842,-0.396813,1,1,1,5.321,0.118682,0.116117,0.00244195,0.563584,0.789551
5888,1,-0.0130467,0.105841,-0.403196,1,1,1,5.32148,0.0663225,0.10653,0.00242709,0.641612,0.665479
5889,1,-0.0125226,0.10381,-0.409291,1,1,1,5.32205,0.148353,0.0958767,0.00247527,0.739342,0.80083
5890,1,-0.0120083,0.101747,-0.415095,1,1,1,5.32243,0.0453786,0.0809626,0.00252385,0.883652,0.789551
5891,1,-0.0115048,0.0996579,-0.420592,1,1,1,5.32301,0.111701,0.0926808,0.00250702,0.726087,0.609082
5892,1,-0.0110115,0.0975409,-0.425782,1,1,1,5.3233,0.0802851,0.111856,0.00248365,0.485333,0.575244
5893,1,-0.0105292,0.0953997,-0.430653,1,1,1,5.32387,0.0890118,0.0916155,0.00251637,0.685305,0.733154
5894,1,-0.0100578,0.0932357,-0.435198,1,1,1,5.32435,0.0890118,0.0980073,0.00252017,0.58827,0.699316
5895,1,-0.00959706,0.0910492,-0.439413,1,1,1,5.32473,0.0855211,0.102269,0.00250725,0.512237,0.676758
5896,1,-0.00914772,0.0888442,-0.443287,1,1,1,5.32512,0.0645772,0.0820279,0.00253992,0.711562,0.552686
5897,1,-0.00870854,0.0866162,-0.446823,1,1,1,5.32569,0.0610865,0.0916155,0.00251056,0.574352,0.609082
5898,1,-0.00828118,0.0843746,-0.45,1,1,1,5.32589,0.101229,0.0926808,0.00252148,0.536088,0.631641
5899,1,-0.00786491,0.0821173,-0.452819,1,1,1,5.32636,0.0401426,0.0862891,0.00252139,0.57826,0.676758
5900,1,-0.00745997,0.0798467,-0.455271,1,1,1,5.32684,0.132645,0.0745708,0.00252518,0.679423,0.710596
5901,1,-0.00706651,0.0775655,-0.457348,1,1,1,5.32713,0.0698132,0.0777667,0.0025285,0.616392,0.609082
5902,1,-0.00668424,0.0752733,-0.459044,1,1,1,5.32752,0.0837758,0.0809626,0.00250844,0.550186,0.688037
5903,1,-0.00631404,0.0729773,-0.460349,1,1,1,5.3279,0.0802851,0.0841585,0.00251766,0.487863,0.710596
5904,1,-0.00595451,0.0706705,-0.461261,1,1,1,5.32828,0.0698132,0.0777667,0.00249501,0.526717,0.665479
5905,1,-0.00560701,0.0683633,-0.461768,1,1,1,5.32857,0.0942478,0.0777667,0.00243747,0.490588,0.586523
5906,1,-0.00527077,0.0660527,-0.461866,1,1,1,5.32876,0.0139626,0.0585913,0.00243935,0.673486,0.518848
5907,1,-0.00494648,0.0637454,-0.461545,1,1,1,5.32934,0.0733038,0.0617872,0.00240627,0.605669,0.530127
5908,1,-0.00463358,0.0614398,-0.4608,1,1,1,5.32953,0.0698132,0.0521996,0.00242932,0.685957,0.789551
5909,1,-0.00433209,0.0591383,-0.459622,1,1,1,5.32991,0.0471239,0.0585913,0.002454,0.590801,0.733154
5910,1,-0.00404242,0.0568463,-0.458008,1,1,1,5.3302,0.0767945,0.0671137,0.00242761,0.465649,0.552686
5911,1,-0.00376354,0.0545582,-0.455942,1,1,1,5.33049,0.0471239,0.0585913,0.00237191,0.524228,0.417334
5912,1,-0.00349653,0.0522853,-0.453427,1,1,1,5.33068,0.0698132,0.0660484,0.00228166,0.402725,0.360938
5913,1,-0.00324077,0.0500256,-0.450449,1,1,1,5.33106,0.0628319,0.0639178,0.00220995,0.388977,0.338379
5914,1,-0.00299628,0.0477819,-0.447004,1,1,1,5.33125,0.0418879,0.0585913,0.00217984,0.416902,0.541406
5915,1,-0.00276277,0.0455548,-0.443081,1,1,1,5.33164,0.0279253,0.0468731,0.00215917,0.51627,0.48501
5916,1,-0.0025406,0.0433511,-0.43868,1,1,1,5.33173,0.0349066,0.0511343,0.00213931,0.440332,0.372217
5917,1,-0.00232954,0.0411722,-0.433793,1,1,1,5.33202,0.0349066,0.0436772,0.00208605,0.489255,0.349658
5918,1,-0.0021289,0.0390144,-0.428398,1,1,1,5.33221,0.0506145,0.0426119,0.00205895,0.471655,0.372217
5919,1,-0.00193886,0.0368835,-0.422495,1,1,1,5.3325,0.0174533,0.0308936,0.00202094,0.5702,0.349658
5920,1,-0.00176014,0.0347922,-0.416107,1,1,1,5.3326,0.0541052,0.0596566,0.00194739,0.218729,0.372217
5921,1,-0.00159137,0.0327289,-0.409185,1,1,1,5.33279,0,0.0276977,0.00191373,0.542052,0.293262
5922,1,-0.00143265,0.0306993,-0.401729,1,1,1,5.33308,0.0698132,0.0532648,0.00190107,0.235268,0.47373
5923,1,-0.00128429,0.0287125,-0.393756,1,1,1,5.33317,-0.00872665,0.0308936,0.0018842,0.455848,0.259424
5924,1,-0.00114554,0.0267636,-0.38523,1,1,1,5.33336,0.0523599,0.0276977,0.00184271,0.462794,0.259424
5925,1,-0.00101654,0.0248606,-0.376165,1,1,1,5.33346,0.0575959,0.00958767,0.00185851,0.641995,0.349658
5926,1,-0.000896804,0.023002,-0.366535,1,1,1,5.33365,0.0261799,0.0127836,0.00184857,0.584065,0.462451
5927,1,-0.00078645,0.0211966,-0.356362,1,1,1,5.33375,0.0558505,0.0490037,0.00177691,0.155447,0.270703
5928,1,-0.000684866,0.0194412,-0.345607,1,1,1,5.33384,0,0.0330242,0.00171381,0.302579,0.203027
5929,1,-0.000591837,0.0177394,-0.334266,1,1,1,5.33394,0.0174533,0.0245018,0.00170811,0.376545,0.507568
5930,1,-0.000507266,0.0160975,-0.322353,1,1,1,5.33403,0,0.0127836,0.00173367,0.490338,0.417334
5931,1,-0.000430835,0.0145185,-0.309864,1,1,1,5.33423,0,0.00958767,0.00166971,0.498777,0.383496
5932,1,-0.000362,0.0130002,-0.296751,1,1,1,5.33423,0,0.0191753,0.00169867,0.380987,0.552686
5933,1,-0.000300702,0.0115517,-0.283058,1,1,1,5.33432,0,0.00213059,0.00168976,0.551447,0.372217
5934,1,-0.000246375,0.0101707,-0.268727,1,1,1,5.33442,0.010472,0.0223712,0.00163551,0.306705,0.270703
5935,1,-0.000198869,0.00886558,-0.253808,1,1,1,5.33442,0,0.01811,0.00160438,0.335549,0.372217
5936,1,-0.000157612,0.007634,-0.23823,1,1,1,5.33442,0.00174533,0.0191753,0.0015949,0.309364,0.394775
5937,1,-0.000122336,0.00648252,-0.222025,1,1,1,5.33451,0,-0.010653,0.00165089,0.633307,0.462451
5938,1,-9.26668e-05,0.00541564,-0.205211,1,1,1,5.33461,0.0139626,0.0010653,0.00160504,0.487629,0.417334
5939,1,-6.80841e-05,0.00443313,-0.187728,1,1,1,5.33461,0.010472,0.00958767,0.00155074,0.37706,0.360938
5940,1,-4.81735e-05,0.00353877,-0.169571,1,1,1,5.33461,0.00174533,0.00745708,0.00157639,0.395526,0.496289
5941,1,-3.25125e-05,0.00273714,-0.150755,1,1,1,5.33471,-0.00174533,0.00852238,0.00158603,0.377897,0.31582
5942,1,-2.06455e-05,0.00203272,-0.131311,1,1,1,5.33471,0.0174533,0.00213059,0.00158359,0.441983,0.428613
5943,1,-1.20334e-05,0.00142574,-0.111143,1,1,1,5.33471,0,0.00639178,0.00158808,0.391102,0.507568
5944,1,-6.2077e-06,0.000921804,-0.0903083,1,1,1,5.3348,0,0.0330242,0.00153037,0.087285,0.31582
5945,1,-2.62723e-06,0.000522294,-0.0686888,1,1,1,5.3348,0,0.010653,0.0015105,0.328899,0.394775
5946,1,-7.87325e-07,0.000235081,-0.0465557,1,1,1,5.3348,0,0.00319589,0.00144926,0.40237,0.304541
5947,1,-9.83006e-08,5.90224e-05,-0.0235664,1,1,1,5.3348,0,0.00852238,0.00141628,0.340593,0.439893
5948,1,0,3.10001e-11,-1.7251e-05,1,1,1,5.3348,0,-0.0117183,0.00144671,0.569864,0.417334
5949,1,0,0,0,1,1,1,5.3348,0,-0.0117183,0.00143265,0.568011,0.3271
5950,1,0,0,0,1,1,1,5.3348,0,1.30461e-19,0.00141937,0.43688,0.428613
5951,1,0,0,0,1,1,1,5.3348,0,-0.00426119,0.00143963,0.486904,0.518848
5952,1,0,0,0,1,1,1,5.3348,0,-0.00532648,0.00144778,0.499698,0.383496
5953,1,0,0,0,1,1,1,5.3349,0,0.00745708,0.00140905,0.353967,0.304541
5954,1,0,0,0,1,1,1,5.3349,0,-0.00745708,0.00137256,0.513206,0.3271
5955,1,0,0,0,1,1,1,5.3349,0,0.0159795,0.00131087,0.246463,0.360938
5956,1,0,0,0,1,1,1,5.3348,-0.00523599,-0.00319589,0.00130985,0.458055,0.406055
5957,1,0,0,0,1,1,1,5.3349,0,-0.00532648,0.00128308,0.477957,0.47373
5958,1,0,0,0,1,1,1,5.3349,0,0.0117183,0.00126123,0.287582,0.360938
5959,1,0,0,0,1,1,1,5.3349,0,0.0138489,0.0012556,0.263402,0.439893
5960,1,0,0,0,1,1,1,5.3349,0,-0.0117183,0.00121333,0.538232,0.47373
5961,1,0,0,0,1,1,1,5.3349,0.0314159,0.00319589,0.00119222,0.372219,0.372217
5962,1,0,0,0,1,1,1,5.3349,0,-0.0159795,0.00121462,0.586104,0.417334
5963,1,0,0,0,1,1,1,5.3349,0,0.0191753,0.00121963,0.200063,0.563965
5964,1,0,0,0,1,1,1,5.3349,0,0.0159795,0.00122503,0.23593,0.552686
5965,1,0,0,0,1,1,1,5.3349,0,0.00639178,0.00122145,0.340921,0.48501
5966,1,0,0,0,1,1,1,5.3349,0,0.0255671,0.00118754,0.125391,0.3271
5967,1,0,0,0,1,1,1,5.3349,-0.0122173,-0.00426119,0.00114247,0.447413,0.3271
5968,1,0,0,0,1,1,1,5.3349,0,0.00745708,0.00112631,0.316645,0.304541
5969,1,0,0,0,1,1,1,5.3349,-0.00872665,-0.00319589,0.00112355,0.433463,0.270703
5970,1,0,0,0,1,1,1,5.3349,0,0.0127836,0.00112059,0.257235,0.507568
5971,1,0,0,0,1,1,1,5.3349,0,0.0127836,0.00109888,0.254433,0.451172
5972,1,0,0,0,1,1,1,5.33499,0.0122173,-0.00213059,0.00113924,0.423817,0.64292
5973,1,0,0,0,1,1,1,5.33499,0,0.00639178,0.00112219,0.327819,0.304541
5974,1,0,0,0,1,1,1,5.33499,0,0.00958767,0.00109027,0.288451,0.406055
5975,1,0,0,0,1,1,1,5.33499,0,-0.00639178,0.00106016,0.460251,0.3271
5976,1,0,0,0,1,1,1,5.33499,0,0.00852238,0.0010772,0.298444,0.417334
5977,1,0,0,0,1,1,1,5.33499,0,0.00745708,0.0010673,0.308855,0.507568
5978,1,0,0,0,1,1,1,5.33499,-0.00872665,-0.00532648,0.0010597,0.448472,0.180469
5979,1,0,0,0,1,1,1,5.33499,0,-0.00213059,0.00102158,0.408284,0.281982
5980,1,0,0,0,1,1,1,5.33499,0,0.00319589,0.000984474,0.344796,0.259424
5981,1,0,0,0,1,1,1,5.33499,0,0.01811,0.000964728,0.178134,0.293262
5982,1,0,0,0,1,1,1,5.33499,0,-0.0298283,0.000978372,0.707257,0.259424
5983,1,0,0,0,1,1,1,5.33499,0,-0.0138489,0.0010031,0.534747,0.417334
5984,1,0,0,0,1,1,1,5.33499,0,0.00639178,0.000985004,0.309711,0.360938
5985,1,0,0,0,1,1,1,5.33499,0,0.0170448,0.00101451,0.196423,0.406055
5986,1,0,0,0,1,1,1,5.33499,0,0.010653,0.00097256,0.261195,0.293262
5987,1,0,0,0,1,1,1,5.33499,0,0.010653,0.000942518,0.25723,0.304541
5988,1,0,0,0,1,1,1,5.33499,0,0.00745708,0.000915579,0.288829,0.270703
5989,1,0,0,0,1,1,1,5.33499,0,-0.0191753,0.000889859,0.57839,0.214307
5990,1,0,0,0,1,1,1,5.33499,0,-0.0117183,0.000872215,0.49352,0.3271
5991,1,0,0,0,1,1,1,5.33499,0,0.0159795,0.000811775,0.180398,0.203027
5992,1,0,0,0,1,1,1,5.33499,0,0.00852238,0.000786875,0.259843,0.281982
5993,1,0,0,0,1,1,1,5.33499,0,0.0127836,0.000762625,0.210047,0.203027
5994,1,0,0,0,1,1,1,5.33499,0,-0.00213059,0.000736941,0.37057,0.135352
5995,1,0,0,0,1,1,1,5.33499,0,-0.00213059,0.000737291,0.370759,0.338379
5996,1,0,0,0,1,1,1,5.33499,0,-0.0010653,0.00073052,0.358109,0.417334
5997,1,0,0,0,1,1,1,5.33499,0,-0.00639178,0.000721217,0.41551,0.214307
5998,1,0,0,0,1,1,1,5.33499,0,-0.0149142,0.000731761,0.510505,0.530127
5999,1,0,0,0,1,1,1,5.33499,0.00872665,-0.0117183,0.000737798,0.47629,0.3271
6000,1,0,0,0,1,1,1,5.33499,0,0.010653,0.00071386,0.226858,0.293262
6001,1,0,0,0,1,1,1,5.33499,0,0.00639178,0.000696599,0.271641,0.225586
6002,1,0,0,0,1,1,1,5.33499,0,-0.0117183,0.000676704,0.468117,0.304541
6003,1,0,0,0,1,1,1,5.33499,0.00872665,-0.00745708,0.000699579,0.424372,0.428613
6004,1,0,0,0,1,1,1,5.33499,0,-0.0010653,0.000680973,0.35122,0.225586
6005,1,0,0,0,1,1,1,5.33499,0,-0.00319589,0.000707988,0.378609,0.48501
6006,1,0,0,0,1,1,1,5.33499,0,-0.0010653,0.000668575,0.349122,0.3271
6007,1,0,0,0,1,1,1,5.33499,0,0.00745708,0.000659573,0.254984,0.293262
6008,1,0,0,0,1,1,1,5.33499,0,-0.0010653,0.000653954,0.34804,0.281982
6009,1,0,0,0,1,1,1,5.33499,0,-0.00213059,0.000636056,0.357396,0.304541
6010,1,0,0,0,1,1,1,5.33499,0,0.00745708,0.000622843,0.250187,0.406055
6011,1,0,0,0,1,1,1,5.33499,0,0.0170448,0.000598873,0.141545,0.338379
6012,1,0,0,0,1,1,1,5.33499,0,-0.00639178,0.000595174,0.398873,0.225586
6013,1,0,0,0,1,1,1,5.33499,0,0.0117183,0.000567533,0.19577,0.135352
6014,1,0,0,0,1,1,1,5.33499,0,0.00745708,0.000554704,0.241193,0.191748
6015,1,0,0,0,1,1,1,5.33499,0,-0.00319589,0.000535719,0.35587,0.180469
6016,1,0,0,0,1,1,1,5.33499,0.00872665,-0.0266324,0.000546252,0.613797,0.372217
6017,1,0,0,0,1,1,1,5.33499,0.00698132,-0.00319589,0.000546781,0.357234,0.304541
6018,1,0,0,0,1,1,1,5.33499,0,0.00639178,0.000536077,0.25014,0.383496
6019,1,0,0,0,1,1,1,5.33499,0,-0.00426119,0.000570809,0.37222,0.3271
6020,1,0,0,0,1,1,1,5.33499,0,-0.00958767,0.000583532,0.432491,0.428613
6021,1,0,0,0,1,1,1,5.33499,0,0.00532648,0.000571068,0.26679,0.394775
6022,1,0,0,0,1,1,1,5.33499,0,-0.0117183,0.000593878,0.457293,0.360938
6023,1,0,0,0,1,1,1,5.33499,0,-0.00426119,0.000584118,0.373977,0.248145
6024,1,0,0,0,1,1,1,5.33499,0,0.00532648,0.000618195,0.27301,0.338379
6025,1,0,0,0,1,1,1,5.33499,-0.00872665,-0.0138489,0.000584782,0.478744,0.360938
6026,1,0,0,0,1,1,1,5.33499,0,-0.0010653,0.000550662,0.332619,0.383496
6027,1,0,0,0,1,1,1,5.33499,0.00174533,-9.78459e-19,0.000563757,0.324416,0.236865
6028,1,0,0,0,1,1,1,5.33499,0,0.0245018,0.000537111,0.0513785,0.236865
6029,1,0,0,0,1,1,1,5.33499,0,-0.00852238,0.000527865,0.413301,0.225586
6030,1,0,0,0,1,1,1,5.33499,0,-0.00532648,0.000528866,0.378402,0.225586
6031,1,0,0,0,1,1,1,5.33499,0,0.00426119,0.000479545,0.265697,0.270703
6032,1,0,0,0,1,1,1,5.33499,0,-0.00852238,0.000437031,0.39948,0.281982
6033,1,0,0,0,1,1,1,5.33499,0,-0.0191753,0.00041565,0.513537,0.338379
6034,1,0,0,0,1,1,1,5.33499,0,0.0159795,0.000418478,0.129192,0.47373
6035,1,0,0,0,1,1,1,5.33499,0,-0.00319589,0.000417262,0.339862,0.293262
6036,1,0,0,0,1,1,1,5.33499,0,0.00639178,0.000393708,0.231558,0.180469
6037,1,0,0,0,1,1,1,5.33499,0,0.00213059,0.000383716,0.276704,0.338379
6038,1,0,0,0,1,1,1,5.33499,0,0.00213059,0.000400341,0.279408,0.394775
6039,1,0,0,0,1,1,1,5.33499,0,0.0170448,0.000391729,0.114216,0.236865
6040,1,0,0,0,1,1,1,5.33499,0,0.00213059,0.000370389,0.274992,0.135352
6041,1,0,0,0,1,1,1,5.33499,0,0.0234365,0.00035962,0.0394179,0.417334
6042,1,0,0,0,1,1,1,5.33499,0,0.0159795,0.000368134,0.12282,0.259424
6043,1,0,0,0,1,1,1,5.33499,-0.00872665,-0.00639178,0.000354965,0.366853,0.236865
6044,1,0,0,0,1,1,1,5.33499,0,0.0010653,0.000361201,0.28596,0.349658
6045,1,0,0,0,1,1,1,5.33499,0,-0.00213059,0.000351364,0.319817,0.304541
6046,1,0,0,0,1,1,1,5.33499,0,-0.00532648,0.000352754,0.355155,0.47373
6047,1,0,0,0,1,1,1,5.33499,0,-0.00426119,0.000322516,0.338282,0.214307
6048,1,0,0,0,1,1,1,5.33499,0,-0.00532648,0.000344138,0.354017,0.214307
