index,/gimbal/yaw_sweep/active,/gimbal/yaw_sweep/target_offset,/gimbal/yaw_sweep/reference_velocity,/gimbal/yaw_sweep/reference_acceleration,/gimbal/yaw_sweep/feedforward_scale,/gimbal/yaw_sweep/remote_ready,/gimbal/yaw_sweep/right_switch,/gimbal/yaw/angle,/gimbal/yaw/velocity,/gimbal/yaw/velocity_imu,/gimbal/yaw/control_angle_error,/gimbal/yaw/control_torque,/gimbal/yaw/torque
945,1,0,0,0,1,1,1,5.28504,0,-0.01811,1.91062e-19,-0.0507895,-0.563965
946,1,0,0,0,1,1,1,5.28504,0.015708,-0.01811,5.16792e-05,-0.0408291,-0.214307
947,1,0,0,0,1,1,1,5.28504,0.0122173,0.00532648,8.53424e-05,-0.291228,-0.203027
948,1,0,0,0,1,1,1,5.28504,0,0.0138489,9.64226e-05,-0.382024,-0.281982
949,1,0,0,0,1,1,1,5.28504,0,-0.0308936,0.000108995,0.111522,-0.101514
950,1,0,0,0,1,1,1,5.28514,0,0.00426119,0.000124323,-0.270965,-0.101514
951,1,0,0,0,1,1,1,5.28514,0,-0.00958767,0.000100184,-0.122303,-0.180469
952,1,0,0,0,1,1,1,5.28514,0,-0.00426119,9.87642e-05,-0.181055,-0.169189
953,1,0,0,0,1,1,1,5.28514,0,-0.00213059,6.52673e-05,-0.210402,-0.281982
954,1,0,0,0,1,1,1,5.28514,0.0174533,-0.00958767,0.00010101,-0.122164,-0.270703
955,1,0,0,0,1,1,1,5.28514,0,-0.0138489,0.000115656,-0.0721865,-0.31582
956,1,0,0,0,1,1,1,5.28514,0.010472,-0.0266324,0.000177935,0.0801463,-0.191748
957,1,0,0,0,1,1,1,5.28514,0,-0.0127836,0.000173013,-0.0718992,-0.101514
958,1,0,0,0,1,1,1,5.28514,0,0.0149142,0.000154626,-0.378156,-0.15791
959,1,0,0,0,1,1,1,5.28514,0,-0.0149142,0.000145353,-0.0523288,-0.203027
960,1,0,0,0,1,1,1,5.28514,0,0.0010653,0.000151514,-0.225559,-0.248145
961,1,0,0,0,1,1,1,5.28514,0,-0.00852238,0.000150956,-0.11971,-0.225586
962,1,0,0,0,1,1,1,5.28514,0,1.23938e-18,0.000174367,-0.208245,-0.225586
963,1,0,0,0,1,1,1,5.28514,0,-0.0202406,0.000209974,0.0207551,-0.203027
964,1,0,0,0,1,1,1,5.28514,0,0.0010653,0.00020359,-0.214586,-0.270703
965,1,0,0,0,1,1,1,5.28514,0,0.00426119,0.000210789,-0.247919,-0.259424
966,1,0,0,0,1,1,1,5.28514,0,-0.00532648,0.000185563,-0.146203,-0.293262
967,1,0,0,0,1,1,1,5.28514,0,0.00213059,0.000121323,-0.239553,-0.360938
968,1,0,0,0,1,1,1,5.28514,0,0.00213059,7.65726e-05,-0.247387,-0.360938
969,1,0,0,0,1,1,1,5.28514,0,7.17537e-19,0.000113332,-0.216862,-0.214307
970,1,0,0,0,1,1,1,5.28514,0,0.00532648,0.000136576,-0.270951,-0.236865
971,1,0,0,0,1,1,1,5.28514,0,0.00213059,7.58306e-05,-0.247305,-0.3271
972,1,0,0,0,1,1,1,5.28514,0.00523599,0.0010653,6.07758e-05,-0.237963,-0.135352
973,1,0,0,0,1,1,1,5.28514,0,-0.0149142,7.03251e-05,-0.06071,-0.236865
974,1,0,0,0,1,1,1,5.28514,0,-0.0234365,7.74403e-05,0.0338403,-0.304541
975,1,0,0,0,1,1,1,5.28514,0,-0.00639178,4.06047e-05,-0.158923,-0.31582
976,1,0,0,0,1,1,1,5.28514,0,0.0234365,2.93217e-05,-0.487945,-0.259424
977,1,0,0,0,1,1,1,5.28514,0,0.00319589,5.17965e-06,-0.270541,-0.248145
978,1,0,0,0,1,1,1,5.28514,0,-0.00426119,-9.12508e-07,-0.189549,-0.248145
979,1,0,0,0,1,1,1,5.28514,0,-0.0010653,-1.25684e-05,-0.226836,-0.248145
980,1,0,0,0,1,1,1,5.28514,0,0.0202406,-1.49195e-06,-0.457583,-0.214307
981,1,0,0,0,1,1,1,5.28514,0,0.0191753,-1.24106e-05,-0.448208,-0.180469
982,1,0,0,0,1,1,1,5.28514,0,0.00426119,-5.14126e-05,-0.292201,-0.248145
983,1,0,0,0,1,1,1,5.28514,0,-0.00852238,-8.76347e-05,-0.158983,-0.406055
984,1,0,0,0,1,1,1,5.28514,0,-0.0159795,-8.74271e-05,-0.0774627,-0.270703
985,1,0,0,0,1,1,1,5.28514,0,-0.0149142,-7.81613e-05,-0.08694,-0.270703
986,1,0,0,0,1,1,1,5.28514,0,-9.13229e-19,-0.00014061,-0.261508,-0.248145
987,1,0,0,0,1,1,1,5.28514,0,-0.00532648,-0.00013357,-0.201662,-0.281982
988,1,0,0,0,1,1,1,5.28514,0,-0.0117183,-9.37515e-05,-0.12453,-0.281982
989,1,0,0,0,1,1,1,5.28514,0,0.00639178,-0.000121742,-0.328541,-0.146631
990,1,0,0,0,1,1,1,5.28514,0,0.0010653,-0.000134505,-0.272797,-0.225586
991,1,0,0,0,1,1,1,5.28514,0,-0.00426119,-0.000135209,-0.215167,-0.225586
992,1,0,0,0,1,1,1,5.28514,0,0.0191753,-0.000101777,-0.466079,-0.270703
993,1,0,0,0,1,1,1,5.28514,0,-0.0117183,-9.29664e-05,-0.126519,-0.248145
994,1,0,0,0,1,1,1,5.28514,0,0.0170448,-9.90413e-05,-0.443614,-0.293262
995,1,0,0,0,1,1,1,5.28514,0,0.00319589,-9.73539e-05,-0.291571,-0.214307
996,1,0,0,0,1,1,1,5.28514,0,0.0010653,-0.000128664,-0.273942,-0.293262
997,1,0,0,0,1,1,1,5.28514,0,-0.00745708,-0.000129167,-0.180613,-0.338379
998,1,0,0,0,1,1,1,5.28514,0,0.0117183,-0.000164871,-0.397891,-0.360938
999,1,0,0,0,1,1,1,5.28514,0,0.0138489,-0.000162294,-0.421695,-0.31582
1000,1,0,0,0,1,1,1,5.28514,0,0.00958767,-0.000164836,-0.376275,-0.304541
1001,1,0,0,0,1,1,1,5.28514,0,-0.0372854,-0.00019428,0.134494,-0.394775
1002,1,0,0,0,1,1,1,5.28514,0,9.13229e-19,-0.00017326,-0.270983,-0.0902344
1003,1,0,0,0,1,1,1,5.28514,0,0.0170448,-0.000192839,-0.462339,-0.270703
1004,1,0,0,0,1,1,1,5.28514,0,0.0191753,-0.000206025,-0.487263,-0.451172
1005,1,0,0,0,1,1,1,5.28514,0,-0.00532648,-0.000231995,-0.222032,-0.281982
1006,1,0,0,0,1,1,1,5.28514,0,0.00852238,-0.000223378,-0.372502,-0.304541
1007,1,0,0,0,1,1,1,5.28514,0,0.00745708,-0.000239508,-0.363643,-0.203027
1008,1,0,0,0,1,1,1,5.28514,0,-3.91384e-19,-0.000238848,-0.281268,-0.259424
1009,1,0,0,0,1,1,1,5.28514,0,0.00639178,-0.000236777,-0.351564,-0.248145
1010,1,0,0,0,1,1,1,5.28514,0,-0.00532648,-0.00021429,-0.218199,-0.281982
1011,1,0,0,0,1,1,1,5.28514,0,-0.01811,-0.000221778,-0.0800641,-0.191748
1012,1,0,0,0,1,1,1,5.28514,0,-0.00852238,-0.000217151,-0.184684,-0.281982
1013,1,0,0,0,1,1,1,5.28514,0,0.0138489,-0.000234137,-0.433244,-0.214307
1014,1,0,0,0,1,1,1,5.28514,0,0.01811,-0.000266028,-0.484326,-0.259424
1015,1,0,0,0,1,1,1,5.28514,0,0.00426119,-0.000246125,-0.328694,-0.191748
1016,1,0,0,0,1,1,1,5.28514,0,0.00532648,-0.000290285,-0.346909,-0.304541
1017,1,0,0,0,1,1,1,5.28514,0,-0.00213059,-0.000277289,-0.262938,-0.180469
1018,1,0,0,0,1,1,1,5.28514,0,-0.0298283,-0.000252097,0.0450934,-0.203027
1019,1,0,0,0,1,1,1,5.28514,0,0.0191753,-0.000253498,-0.493704,-0.236865
1020,1,0,0,0,1,1,1,5.28514,0,-0.0127836,-0.000294193,-0.148214,-0.3271
1021,1,0,0,0,1,1,1,5.28514,0,0.0149142,-0.000302242,-0.453952,-0.304541
1022,1,0,0,0,1,1,1,5.28514,0,-0.01811,-0.00029092,-0.0887683,-0.394775
1023,1,0,0,0,1,1,1,5.28514,0,-0.0234365,-0.00026435,-0.0260279,-0.394775
1024,1,0,0,0,1,1,1,5.28514,0,0.0127836,-0.000280407,-0.426291,-0.281982
1025,1,0,0,0,1,1,1,5.28514,0,7.17537e-19,-0.000302247,-0.289897,-0.31582
1026,1,0,0,0,1,1,1,5.28514,0,0.00958767,-0.000310263,-0.395986,-0.259424
1027,1,0,0,0,1,1,1,5.28514,0,0.00426119,-0.000297711,-0.335076,-0.293262
1028,1,0,0,0,1,1,1,5.28514,0,-0.00532648,-0.000307954,-0.232059,-0.304541
1029,1,0,0,0,1,1,1,5.28514,0,0.00319589,-0.000293255,-0.322999,-0.293262
1030,1,0,0,0,1,1,1,5.28514,0,-0.00745708,-0.000284739,-0.205194,-0.248145
1031,1,0,0,0,1,1,1,5.28514,0,0.0319589,-0.000286298,-0.638784,-0.281982
1032,1,0,0,0,1,1,1,5.28514,0,0.00426119,-0.000306122,-0.337281,-0.31582
1033,1,0,0,0,1,1,1,5.28514,0,0.0149142,-0.000312312,-0.455281,-0.304541
1034,1,0,0,0,1,1,1,5.28514,0,-0.00639178,-0.000297076,-0.218904,-0.270703
1035,1,0,0,0,1,1,1,5.28514,0,-0.0010653,-0.000324961,-0.281177,-0.31582
1036,1,0,0,0,1,1,1,5.28514,0,0.0117183,-0.000321932,-0.421332,-0.304541
1037,1,0,0,0,1,1,1,5.28514,0,-0.00852238,-0.00034707,-0.202003,-0.360938
1038,1,0,0,0,1,1,1,5.28514,0,-0.0138489,-0.000322994,-0.139908,-0.146631
1039,1,0,0,0,1,1,1,5.28514,0,0.00426119,-0.000320488,-0.33874,-0.101514
1040,1,0,0,0,1,1,1,5.28514,0,0.0149142,-0.000306664,-0.453634,-0.203027
1041,1,0,0,0,1,1,1,5.28514,0,-0.00639178,-0.000277795,-0.214169,-0.304541
1042,1,0,0,0,1,1,1,5.28514,0,-0.00319589,-0.000323997,-0.257613,-0.349658
1043,1,0,0,0,1,1,1,5.28514,0,0.00639178,-0.000377142,-0.370092,-0.428613
1044,1,0,0,0,1,1,1,5.28514,0,-0.0117183,-0.000362783,-0.168986,-0.360938
1045,1,0,0,0,1,1,1,5.28514,0,-0.00639178,-0.000360024,-0.227214,-0.406055
1046,1,0,0,0,1,1,1,5.28514,0,0.0191753,-0.000381423,-0.511277,-0.293262
1047,1,0,0,0,1,1,1,5.28514,0,0.0127836,-0.000417539,-0.445734,-0.248145
1048,1,0,0,0,1,1,1,5.28514,0,-0.00426119,-0.000414087,-0.257786,-0.236865
1049,1,0,0,0,1,1,1,5.28514,0,0.00426119,-0.000452933,-0.35666,-0.394775
1050,1,0,0,0,1,1,1,5.28514,0,-0.00639178,-0.000452377,-0.239363,-0.31582
1051,1,0,0,0,1,1,1,5.28514,0,-0.0010653,-0.000433813,-0.295545,-0.270703
1052,1,0,0,0,1,1,1,5.28514,0,-0.01811,-0.000422488,-0.106558,-0.304541
1053,1,0,0,0,1,1,1,5.28514,0,0.0149142,-0.000440333,-0.47218,-0.248145
1054,1,0,0,0,1,1,1,5.28514,0,-0.00639178,-0.000424374,-0.235708,-0.191748
1055,1,0,0,0,1,1,1,5.28514,0,-0.00639178,-0.000407851,-0.232432,-0.349658
1056,1,0,0,0,1,1,1,5.28514,0,0.00426119,-0.000422558,-0.35237,-0.439893
1057,1,0,0,0,1,1,1,5.28514,0,-0.00958767,-0.000483323,-0.208334,-0.451172
1058,1,0,0,0,1,1,1,5.28514,0,-0.00639178,-0.00054259,-0.251312,-0.496289
1059,1,0,0,0,1,1,1,5.28514,0,-0.00958767,-0.000475052,-0.205523,-0.248145
1060,1,0,0,0,1,1,1,5.28514,0,-0.00745708,-0.000468139,-0.227765,-0.518848
1061,1,0,0,0,1,1,1,5.28514,0,-0.00213059,-0.000459129,-0.285639,-0.281982
1062,1,0,0,0,1,1,1,5.28514,0,0.0149142,-0.000462703,-0.474696,-0.248145
1063,1,0,0,0,1,1,1,5.28514,0,0.0213059,-0.000511083,-0.551828,-0.3271
1064,1,0,0,0,1,1,1,5.28514,0,-0.00426119,-0.000518583,-0.27158,-0.47373
1065,1,0,0,0,1,1,1,5.28514,0,0.00319589,-0.000563645,-0.359556,-0.462451
1066,1,0,0,0,1,1,1,5.28514,0,0.0202406,-0.000540142,-0.543323,-0.338379
1067,1,0,0,0,1,1,1,5.28514,0,-0.0010653,-0.000535234,-0.308467,-0.428613
1068,1,0,0,0,1,1,1,5.28514,0,0.00745708,-0.000559825,-0.405512,-0.248145
1069,1,0,0,0,1,1,1,5.28514,0,-0.00958767,-0.000600254,-0.223769,-0.394775
1070,1,0,0,0,1,1,1,5.28514,0,0.00213059,-0.000596118,-0.352124,-0.293262
1071,1,0,0,0,1,1,1,5.28514,0,-0.0138489,-0.000566087,-0.171604,-0.31582
1072,1,0,0,0,1,1,1,5.28514,0.00872665,-0.00639178,-0.000599588,-0.258836,-0.428613
1073,1,0,0,0,1,1,1,5.28514,0,0.00213059,-0.000602056,-0.352845,-0.394775
1074,1,0,0,0,1,1,1,5.28514,0,-0.00213059,-0.000591057,-0.304583,-0.349658
1075,1,0,0,0,1,1,1,5.28514,0,0.0010653,-0.000576943,-0.337343,-0.203027
1076,1,0,0,0,1,1,1,5.28514,0,-1.95692e-19,-0.000563904,-0.324423,-0.214307
1077,1,0,0,0,1,1,1,5.28514,0,-0.00639178,-0.00057821,-0.256014,-0.180469
1078,1,0,0,0,1,1,1,5.28514,0,0.00426119,-0.000571862,-0.372359,-0.259424
1079,1,0,0,0,1,1,1,5.28514,0,-0.0138489,-0.000603571,-0.177334,-0.3271
1080,1,0,0,0,1,1,1,5.28514,0,-0.010653,-0.000549175,-0.203889,-0.169189
1081,1,0,0,0,1,1,1,5.28514,0,0.0149142,-0.00057073,-0.489377,-0.394775
1082,1,0,0,0,1,1,1,5.28514,0,0.0213059,-0.000604576,-0.564169,-0.293262
1083,1,0,0,0,1,1,1,5.28514,0,0.00639178,-0.000607706,-0.400527,-0.31582
1084,1,0,0,0,1,1,1,5.28514,0,0.0202406,-0.000654889,-0.559092,-0.394775
1085,1,0,0,0,1,1,1,5.28514,0,0.01811,-0.000645595,-0.534139,-0.214307
1086,1,0,0,0,1,1,1,5.28514,0,-0.010653,-0.000654693,-0.219237,-0.259424
1087,1,0,0,0,1,1,1,5.28514,0,0.010653,-0.000673031,-0.456023,-0.451172
1088,1,0,0,0,1,1,1,5.28514,0,-0.0010653,-0.000688711,-0.329128,-0.293262
1089,1,0,0,0,1,1,1,5.28514,0,-0.00319589,-0.000669542,-0.303218,-0.214307
1090,1,0,0,0,1,1,1,5.28514,0,-0.0276977,-0.00066262,-0.0327909,-0.48501
1091,1,0,0,0,1,1,1,5.28514,0,0.00426119,-0.000661162,-0.384146,-0.338379
1092,1,0,0,0,1,1,1,5.28514,0,-0.00426119,-0.000646766,-0.2885,-0.281982
1093,1,0,0,0,1,1,1,5.28514,0,0.00639178,-0.000654601,-0.406717,-0.270703
1094,1,0,0,0,1,1,1,5.28514,0,-0.010653,-0.000653245,-0.219046,-0.360938
1095,1,0,0,0,1,1,1,5.28514,0,-1.30461e-18,-0.000661995,-0.337383,-0.304541
1096,1,0,0,0,1,1,1,5.28514,0,-0.0202406,-0.000676752,-0.116684,-0.360938
1097,1,0,0,0,1,1,1,5.28514,0.00698132,-0.0138489,-0.000682445,-0.187745,-0.451172
1098,1,0,0,0,1,1,1,5.28514,0,-0.00319589,-0.000709721,-0.308528,-0.394775
1099,1,0,0,0,1,1,1,5.28514,0,-0.010653,-0.000751547,-0.232022,-0.586523
1100,1,0,0,0,1,1,1,5.28504,0.00872665,0.0191753,-0.000792078,-0.565483,-0.372217
1101,1,0,0,0,1,1,1,5.28504,0,0.00319589,-0.000800384,-0.390805,-0.360938
1102,1,0,0,0,1,1,1,5.28504,0,-0.0202406,-0.000798523,-0.132758,-0.383496
1103,1,0,0,0,1,1,1,5.28514,0.00523599,0.00319589,-0.000771579,-0.386984,-0.293262
1104,1,0,0,0,1,1,1,5.28514,0,0.00958767,-0.000772283,-0.457406,-0.439893
1105,1,0,0,0,1,1,1,5.28514,0,0.00958767,-0.000801726,-0.461292,-0.428613
1106,1,0,0,0,1,1,1,5.28514,0,-0.00532648,-0.000819585,-0.299594,-0.496289
1107,1,0,0,0,1,1,1,5.28504,0,0.0170448,-0.00081304,-0.544814,-0.349658
1108,1,0,0,0,1,1,1,5.28504,0,3.26153e-19,-0.000765123,-0.350335,-0.304541
1109,1,0,0,0,1,1,1,5.28504,0,0.00745708,-0.000820508,-0.440335,-0.394775
1110,1,0,0,0,1,1,1,5.28504,0,-0.010653,-0.00080412,-0.238961,-0.304541
1111,1,0,0,0,1,1,1,5.28514,0.00872665,-0.00426119,-0.000782341,-0.306396,-0.281982
1112,1,0,0,0,1,1,1,5.28514,0,0.00319589,-0.000785566,-0.388849,-0.349658
1113,1,0,0,0,1,1,1,5.28514,0,-0.0117183,-0.000760338,-0.221464,-0.304541
1114,1,0,0,0,1,1,1,5.28514,0,0.010653,-0.000763307,-0.46786,-0.47373
1115,1,0,0,0,1,1,1,5.28504,-0.00872665,0.0149142,-0.000827478,-0.523283,-0.496289
1116,1,0,0,0,1,1,1,5.28504,-0.0191986,0.0010653,-0.000794982,-0.365289,-0.575244
1117,1,0,0,0,1,1,1,5.28504,-0.00872665,-0.00852238,-0.000818584,-0.263848,-0.48501
1118,1,0,0,0,1,1,1,5.28504,0.00872665,0.0117183,-0.000819846,-0.487121,-0.428613
1119,1,0,0,0,1,1,1,5.28504,0,0.0138489,-0.000836885,-0.512806,-0.225586
1120,1,0,0,0,1,1,1,5.28504,-0.0174533,0.0245018,-0.000863893,-0.633554,-0.530127
1121,1,0,0,0,1,1,1,5.28504,-0.0261799,-0.00958767,-0.00092982,-0.267272,-0.428613
1122,1,0,0,0,1,1,1,5.28504,0,-0.0159795,-0.000868128,-0.188819,-0.31582
1123,1,0,0,0,1,1,1,5.28514,0,-0.0213059,-0.000828364,-0.124479,-0.259424
1124,1,0,0,0,1,1,1,5.28514,0,0.00852238,-0.000845483,-0.45535,-0.304541
1125,1,0,0,0,1,1,1,5.28504,0,0.0191753,-0.000879857,-0.57707,-0.462451
1126,1,0,0,0,1,1,1,5.28504,0,0.00639178,-0.000888408,-0.437579,-0.372217
1127,1,0,0,0,1,1,1,5.28504,0,-0.0159795,-0.000894932,-0.192357,-0.47373
1128,1,0,0,0,1,1,1,5.28504,0,-0.00639178,-0.000908767,-0.299648,-0.406055
1129,1,0,0,0,1,1,1,5.28504,0,0.010653,-0.000904326,-0.48624,-0.496289
1130,1,0,0,0,1,1,1,5.28504,0.00174533,-0.0010653,-0.000891892,-0.356011,-0.293262
1131,1,0,0,0,1,1,1,5.28504,0,-0.0117183,-0.000875004,-0.236081,-0.451172
1132,1,0,0,0,1,1,1,5.28504,0,0.00852238,-0.000892593,-0.461568,-0.428613
1133,1,0,0,0,1,1,1,5.28504,0,0.00745708,-0.000921688,-0.453691,-0.281982
1134,1,0,0,0,1,1,1,5.28504,0,-0.0127836,-0.000933666,-0.232625,-0.609082
1135,1,0,0,0,1,1,1,5.28504,0,-0.00745708,-0.000963721,-0.295183,-0.48501
1136,1,0,0,0,1,1,1,5.28504,0.00872665,-0.010653,-0.000975817,-0.261625,-0.236865
1137,1,0,0,0,1,1,1,5.28504,0.00872665,-0.00213059,-0.000970347,-0.354649,-0.451172
1138,1,0,0,0,1,1,1,5.28504,0,-0.00426119,-0.000980123,-0.332503,-0.406055
1139,1,0,0,0,1,1,1,5.28504,0,0.00852238,-0.00100062,-0.475629,-0.541406
1140,1,0,0,0,1,1,1,5.28504,0.00872665,0.0117183,-0.00102574,-0.514298,-0.383496
1141,1,0,0,0,1,1,1,5.28504,0,0.010653,-0.00101609,-0.501307,-0.15791
1142,1,0,0,0,1,1,1,5.28504,-0.00872665,0.00958767,-0.001005,-0.487886,-0.349658
1143,1,0,0,0,1,1,1,5.28504,0,0.00426119,-0.00102523,-0.432203,-0.372217
1144,1,0,0,0,1,1,1,5.28504,0,0.00213059,-0.00103044,-0.409454,-0.293262
1145,1,0,0,0,1,1,1,5.28504,0,-0.00745708,-0.00101827,-0.302384,-0.3271
1146,1,0,0,0,1,1,1,5.28504,0,-0.00639178,-0.000984328,-0.309622,-0.259424
1147,1,0,0,0,1,1,1,5.28504,0,-0.00639178,-0.000990191,-0.310396,-0.349658
1148,1,0,0,0,1,1,1,5.28504,0,0.0255671,-0.00105135,-0.670017,-0.518848
1149,1,0,0,0,1,1,1,5.28504,-0.00523599,0.00639178,-0.00103363,-0.456749,-0.293262
1150,1,0,0,0,1,1,1,5.28504,0,-0.0010653,-0.00103803,-0.374967,-0.349658
1151,1,0,0,0,1,1,1,5.28504,0,0.00426119,-0.00104567,-0.434901,-0.31582
1152,1,0,0,0,1,1,1,5.28504,0,0.00639178,-0.00103836,-0.457374,-0.360938
1153,1,0,0,0,1,1,1,5.28504,0,-0.00426119,-0.00101979,-0.337739,-0.236865
1154,1,0,0,0,1,1,1,5.28504,0,-0.0010653,-0.0010509,-0.377001,-0.3271
1155,1,0,0,0,1,1,1,5.28504,0,-0.0127836,-0.00108248,-0.252269,-0.462451
1156,1,0,0,0,1,1,1,5.28504,0,0.00532648,-0.00111322,-0.455536,-0.3271
1157,1,0,0,0,1,1,1,5.28504,0,-0.00745708,-0.00108612,-0.311096,-0.372217
1158,1,0,0,0,1,1,1,5.28504,0,-0.0159795,-0.00104517,-0.21144,-0.360938
1159,1,0,0,0,1,1,1,5.28504,0,0.0117183,-0.00104374,-0.516674,-0.383496
1160,1,0,0,0,1,1,1,5.28504,0,0.00958767,-0.0010078,-0.487591,-0.462451
1161,1,0,0,0,1,1,1,5.28504,0,1.23938e-18,-0.000998772,-0.381713,-0.360938
1162,1,0,0,0,1,1,1,5.28504,0,0.0149142,-0.00103855,-0.551145,-0.451172
1163,1,0,0,0,1,1,1,5.28504,0,0.0138489,-0.00104904,-0.54081,-0.439893
1164,1,0,0,0,1,1,1,5.28504,0,0.00958767,-0.00107555,-0.497437,-0.586523
1165,1,0,0,0,1,1,1,5.28504,-0.00872665,-0.00213059,-0.00108224,-0.36942,-0.47373
1166,1,0,0,0,1,1,1,5.28504,0,0.0117183,-0.00110644,-0.524951,-0.372217
1167,1,0,0,0,1,1,1,5.28504,0,0.0149142,-0.00110732,-0.560222,-0.451172
1168,1,0,0,0,1,1,1,5.28504,0,-0.00213059,-0.00106155,-0.366688,-0.349658
1169,1,0,0,0,1,1,1,5.28504,0,-0.00213059,-0.00105235,-0.36526,-0.48501
1170,1,0,0,0,1,1,1,5.28504,0.00523599,0.0213059,-0.00106786,-0.625322,-0.48501
1171,1,0,0,0,1,1,1,5.28504,-0.00698132,0.00426119,-0.00108349,-0.439894,-0.439893
1172,1,0,0,0,1,1,1,5.28504,0,-0.00745708,-0.00107271,-0.30957,-0.338379
1173,1,0,0,0,1,1,1,5.28504,0,0.0202406,-0.00109062,-0.616609,-0.383496
1174,1,0,0,0,1,1,1,5.28504,0,-0.0010653,-0.00109561,-0.382902,-0.47373
1175,1,0,0,0,1,1,1,5.28504,0,-0.0138489,-0.00106917,-0.238793,-0.563965
1176,1,0,0,0,1,1,1,5.28504,0.00698132,0.00852238,-0.00110107,-0.489088,-0.462451
1177,1,0,0,0,1,1,1,5.28504,0,0.00958767,-0.00115255,-0.507601,-0.541406
1178,1,0,0,0,1,1,1,5.28504,0,0.0170448,-0.00114926,-0.589195,-0.47373
1179,1,0,0,0,1,1,1,5.28504,0,-0.00426119,-0.00113567,-0.352765,-0.48501
1180,1,0,0,0,1,1,1,5.28504,0,0.00745708,-0.00117594,-0.487251,-0.439893
1181,1,0,0,0,1,1,1,5.28504,0,0.010653,-0.00116813,-0.521376,-0.394775
1182,1,0,0,0,1,1,1,5.28504,0,0.0138489,-0.00116434,-0.556031,-0.406055
1183,1,0,0,0,1,1,1,5.28504,0,0.00852238,-0.00119197,-0.501086,-0.451172
1184,1,0,0,0,1,1,1,5.28504,0,-0.00426119,-0.00118172,-0.359114,-0.428613
1185,1,0,0,0,1,1,1,5.28504,0,0.00532648,-0.00118431,-0.46492,-0.462451
1186,1,0,0,0,1,1,1,5.28504,0,-0.0010653,-0.0011757,-0.393474,-0.552686
1187,1,0,0,0,1,1,1,5.28504,0,-0.0127836,-0.0011713,-0.263993,-0.47373
1188,1,0,0,0,1,1,1,5.28504,0,-0.0149142,-0.00119839,-0.244132,-0.417334
1189,1,0,0,0,1,1,1,5.28504,0,-0.010653,-0.00117572,-0.288012,-0.439893
1190,1,0,0,0,1,1,1,5.28504,0,-0.00319589,-0.00116248,-0.367627,-0.47373
1191,1,0,0,0,1,1,1,5.28504,0,0.00852238,-0.00120122,-0.502307,-0.47373
1192,1,0,0,0,1,1,1,5.28504,0,0.0255671,-0.00124882,-0.696083,-0.518848
1193,1,0,0,0,1,1,1,5.28504,0,-0.00639178,-0.0012251,-0.341404,-0.338379
1194,1,0,0,0,1,1,1,5.28504,0,-0.0234365,-0.00120593,-0.151381,-0.496289
1195,1,0,0,0,1,1,1,5.28504,0,0.00213059,-0.00122766,-0.435487,-0.428613
1196,1,0,0,0,1,1,1,5.28504,0,0.0255671,-0.00124117,-0.695073,-0.383496
1197,1,0,0,0,1,1,1,5.28504,0,0.0010653,-0.00122463,-0.42337,-0.31582
1198,1,0,0,0,1,1,1,5.28504,0,0.0127836,-0.00123806,-0.554043,-0.496289
1199,1,0,0,0,1,1,1,5.28504,0,-0.0202406,-0.00119162,-0.184646,-0.338379
1200,1,0,0,0,1,1,1,5.28504,0,0.0117183,-0.00119724,-0.536936,-0.439893
1201,1,0,0,0,1,1,1,5.28504,0,-0.0010653,-0.00119249,-0.395691,-0.360938
1202,1,0,0,0,1,1,1,5.28504,0,0.00426119,-0.00120936,-0.456509,-0.439893
1203,1,0,0,0,1,1,1,5.28504,0,0.0138489,-0.00120141,-0.560923,-0.293262
1204,1,0,0,0,1,1,1,5.28504,0,0.00852238,-0.00118594,-0.500222,-0.462451
1205,1,0,0,0,1,1,1,5.28504,-0.00872665,-0.00319589,-0.00117196,-0.369544,-0.203027
1206,1,0,0,0,1,1,1,5.28504,0,-0.00426119,-0.00119093,-0.360329,-0.349658
1207,1,0,0,0,1,1,1,5.28504,0,0.0298283,-0.0012544,-0.743692,-0.439893
1208,1,0,0,0,1,1,1,5.28495,-0.00523599,-0.0127836,-0.0012277,-0.271437,-0.394775
1209,1,0,0,0,1,1,1,5.28504,0,0.0010653,-0.00123047,-0.424141,-0.428613
1210,1,0,0,0,1,1,1,5.28504,0,-0.00532648,-0.00124391,-0.355604,-0.48501
1211,1,0,0,0,1,1,1,5.28504,0,-0.00532648,-0.00126351,-0.358192,-0.394775
1212,1,0,0,0,1,1,1,5.28504,0,0.00745708,-0.00126641,-0.499194,-0.349658
1213,1,0,0,0,1,1,1,5.28504,-0.00523599,-0.00213059,-0.0012939,-0.397358,-0.552686
1214,1,0,0,0,1,1,1,5.28495,0,-0.0170448,-0.00127861,-0.231284,-0.518848
1215,1,0,0,0,1,1,1,5.28504,0.00349066,-0.0138489,-0.0012889,-0.267798,-0.406055
1216,1,0,0,0,1,1,1,5.28495,0,0.00319589,-0.00127745,-0.453779,-0.349658
1217,1,0,0,0,1,1,1,5.28495,0,0.00852238,-0.00128329,-0.51314,-0.428613
1218,1,0,0,0,1,1,1,5.28495,0,0.00213059,-0.0012997,-0.444997,-0.338379
1219,1,0,0,0,1,1,1,5.28495,0,0.00852238,-0.00131104,-0.516803,-0.293262
1220,1,0,0,0,1,1,1,5.28495,0,0.00213059,-0.00129709,-0.444652,-0.3271
1221,1,0,0,0,1,1,1,5.28495,0,-0.00958767,-0.00135273,-0.323095,-0.530127
1222,1,0,0,0,1,1,1,5.28495,0,-3.91384e-19,-0.00139514,-0.434159,-0.428613
1223,1,0,0,0,1,1,1,5.28495,0,0.00745708,-0.00138337,-0.514633,-0.372217
1224,1,0,0,0,1,1,1,5.28495,0,0.0202406,-0.00140396,-0.657969,-0.48501
1225,1,0,0,0,1,1,1,5.28495,-0.0122173,0.00319589,-0.00139345,-0.46909,-0.372217
1226,1,0,0,0,1,1,1,5.28495,0,0.00745708,-0.00142088,-0.519584,-0.406055
1227,1,0,0,0,1,1,1,5.28495,0,0.00319589,-0.00142122,-0.472756,-0.439893
1228,1,0,0,0,1,1,1,5.28495,-0.00349066,-0.0319589,-0.00143516,-0.0878925,-0.688037
1229,1,0,0,0,1,1,1,5.28495,0.00698132,0.0010653,-0.00146623,-0.45526,-0.496289
1230,1,0,0,0,1,1,1,5.28495,0,0.0223712,-0.00147427,-0.690687,-0.48501
1231,1,0,0,0,1,1,1,5.28495,-0.00872665,0.010653,-0.00146146,-0.560096,-0.48501
1232,1,0,0,0,1,1,1,5.28495,0,-0.00958767,-0.00151334,-0.344297,-0.620361
1233,1,0,0,0,1,1,1,5.28495,0,-0.00958767,-0.00150731,-0.3435,-0.48501
1234,1,0,0,0,1,1,1,5.28495,0,1.36984e-18,-0.00151084,-0.449431,-0.31582
1235,1,0,0,0,1,1,1,5.28495,0,-0.0149142,-0.00148894,-0.282485,-0.462451
1236,1,0,0,0,1,1,1,5.28495,0,-0.00319589,-0.00145879,-0.407363,-0.586523
1237,1,0,0,0,1,1,1,5.28495,-0.00174533,0.0010653,-0.00149181,-0.458638,-0.47373
1238,1,0,0,0,1,1,1,5.28495,0,-0.00319589,-0.00147238,-0.409199,-0.451172
1239,1,0,0,0,1,1,1,5.28495,0,0.00213059,-0.00145346,-0.465293,-0.518848
1240,1,0,0,0,1,1,1,5.28495,0,-0.01811,-0.00144217,-0.240859,-0.406055
1241,1,0,0,0,1,1,1,5.28495,0,-0.010653,-0.00144394,-0.323418,-0.575244
1242,1,0,0,0,1,1,1,5.28495,0,0.00852238,-0.00142499,-0.531845,-0.462451
1243,1,0,0,0,1,1,1,5.28495,0,-0.00426119,-0.00145802,-0.395585,-0.462451
1244,1,0,0,0,1,1,1,5.28495,0,-0.01811,-0.00149014,-0.247488,-0.541406
1245,1,0,0,0,1,1,1,5.28495,0,0.0010653,-0.00146216,-0.454724,-0.372217
1246,1,9.92073e-08,5.93839e-05,0.0236377,1,1,1,5.28495,-0.00698132,0.00639178,-0.00145058,-0.507713,-0.406055
1247,1,7.87832e-07,0.000235181,0.0465655,1,1,1,5.28495,0,0.01811,-0.00146374,-0.632948,-0.31582
1248,1,2.63944e-06,0.000523899,0.068791,1,1,1,5.28495,-0.00349066,-0.00639178,-0.00141762,-0.35065,-0.293262
1249,1,6.20872e-06,0.000921904,0.0903131,1,1,1,5.28495,-0.00872665,4.56614e-19,-0.0013912,-0.409538,-0.394775
1250,1,1.20352e-05,0.00142588,0.111148,1,1,1,5.28495,0,0.00532648,-0.00141016,-0.460528,-0.48501
1251,1,2.06387e-05,0.00203228,0.131297,1,1,1,5.28495,0,-0.0149142,-0.00141638,-0.229375,-0.394775
1252,1,3.25223e-05,0.00273768,0.150769,1,1,1,5.28495,0,0.00958767,-0.00143662,-0.49015,-0.406055
1253,1,4.81739e-05,0.00353879,0.169571,1,1,1,5.28495,0,0.00532648,-0.00140314,-0.42636,-0.372217
1254,1,6.80666e-05,0.00443239,0.187714,1,1,1,5.28495,0,-0.01811,-0.00142086,-0.157357,-0.394775
1255,1,9.26469e-05,0.00541488,0.205198,1,1,1,5.28495,0.0191986,0.00426119,-0.00145816,-0.393825,-0.406055
1256,1,0.000122357,0.00648322,0.222035,1,1,1,5.28495,0,-0.00958767,-0.00136636,-0.213361,-0.383496
1257,1,0.000157618,0.0076342,0.238232,1,1,1,5.28495,0,-0.00319589,-0.0013302,-0.26298,-0.304541
1258,1,0.000198828,0.00886442,0.253794,1,1,1,5.28495,0,0.010653,-0.00134844,-0.400416,-0.394775
1259,1,0.000246385,0.010171,0.26873,1,1,1,5.28495,0,0.00639178,-0.0013289,-0.332806,-0.372217
1260,1,0.000300663,0.0115507,0.283048,1,1,1,5.28495,0,0.0234365,-0.00129392,-0.496713,-0.293262
1261,1,0.000362013,0.0130005,0.296754,1,1,1,5.28495,0,-0.0117183,-0.00121618,-0.0793008,-0.281982
1262,1,0.000430782,0.0145173,0.309854,1,1,1,5.28495,0,-0.00745708,-0.00117112,-0.100087,-0.293262
1263,1,0.000507297,0.0160982,0.322358,1,1,1,5.28495,0,-7.82767e-19,-0.00111728,-0.153986,-0.236865
1264,1,0.000591864,0.0177399,0.33427,1,1,1,5.28495,0,0.00745708,-0.00107224,-0.208427,-0.225586
1265,1,0.000684787,0.0194398,0.345599,1,1,1,5.28495,0,-0.0117183,-0.000979178,0.038361,-0.214307
1266,1,0.000786357,0.021195,0.356352,1,1,1,5.28495,0,-0.00639178,-0.000879219,0.0189206,-0.191748
1267,1,0.000896825,0.0230024,0.366536,1,1,1,5.28504,0,-0.00745708,-0.000798703,0.0664651,-0.180469
1268,1,0.00101646,0.0248594,0.376159,1,1,1,5.28504,0,0.0266324,-0.000677064,-0.263096,-0.15791
1269,1,0.0011455,0.0267631,0.385228,1,1,1,5.28504,0,0.00426119,-0.000584452,0.0219555,-0.124072
1270,1,0.00128416,0.0287107,0.393749,1,1,1,5.28504,0,0.00213059,-0.000432832,0.0964639,-0.0563965
1271,1,0.00143267,0.0306996,0.40173,1,1,1,5.28504,0.00872665,0.00426119,-0.000264894,0.128157,0.0902344
1272,1,0.00159124,0.0327273,0.409179,1,1,1,5.28514,0.00872665,5.21845e-19,-0.000160843,0.21954,0
1273,1,0.00176,0.0347905,0.416102,1,1,1,5.28514,0.0174533,-0.00426119,-3.43221e-05,0.315434,0.0225586
1274,1,0.00193917,0.0368871,0.422506,1,1,1,5.28514,0.0174533,0.00745708,6.5445e-05,0.231853,0.135352
1275,1,0.00212893,0.0390147,0.428399,1,1,1,5.28523,0.0244346,0.0266324,0.000249108,0.0819232,0.293262
1276,1,0.00232937,0.0411703,0.433788,1,1,1,5.28533,0.00872665,0.00958767,0.000419619,0.327641,0.214307
1277,1,0.00254066,0.0433516,0.438681,1,1,1,5.28543,0,0.0191753,0.000563566,0.277876,0.349658
1278,1,0.00276294,0.0455565,0.443084,1,1,1,5.28552,0.0401426,0.0255671,0.000659472,0.25501,0.372217
1279,1,0.00299627,0.0477819,0.447004,1,1,1,5.28562,0.0331613,0.0447425,0.000764631,0.0934311,0.281982
1280,1,0.00324079,0.0500257,0.45045,1,1,1,5.28571,0,0.0511343,0.000851863,0.0690737,0.203027
1281,1,0.00349656,0.0522856,0.453427,1,1,1,5.28581,0,0.0245018,0.000990404,0.416394,0.293262
1282,1,0.00376367,0.0545592,0.455943,1,1,1,5.286,0.0244346,0.0479384,0.00111856,0.213282,0.214307
1283,1,0.00404218,0.0568444,0.458006,1,1,1,5.2861,0.0244346,0.0330242,0.00129563,0.440406,0.586523
1284,1,0.00433211,0.0591384,0.459623,1,1,1,5.28629,0.0139626,0.00426119,0.00147525,0.820896,0.518848
1285,1,0.00463356,0.0614397,0.4608,1,1,1,5.28658,0.0663225,0.0308936,0.00161845,0.588603,0.631641
1286,1,0.00494653,0.0637458,0.461545,1,1,1,5.28658,0,0.0458078,0.00175197,0.482564,0.631641
1287,1,0.00527103,0.0660545,0.461866,1,1,1,5.28686,0.00523599,0.028763,0.00187568,0.724657,0.451172
1288,1,0.00560708,0.0683638,0.461768,1,1,1,5.28706,0.109956,0.0415466,0.00195728,0.63375,0.552686
1289,1,0.00595468,0.0706716,0.461261,1,1,1,5.28734,0.0733038,0.0660484,0.00202169,0.411088,0.64292
1290,1,0.00631373,0.0729754,0.46035,1,1,1,5.28744,0,0.0564607,0.00212934,0.569608,0.462451
1291,1,0.00668442,0.0752744,0.459043,1,1,1,5.28792,0.0663225,0.0617872,0.00220565,0.560422,0.552686
1292,1,0.00706652,0.0775655,0.457348,1,1,1,5.28821,0.0680678,0.0521996,0.00230807,0.719033,0.64292
1293,1,0.00746004,0.0798471,0.455271,1,1,1,5.28859,0.0628319,0.0607219,0.00239018,0.676019,0.676758
1294,1,0.00786496,0.0821175,0.452819,1,1,1,5.28888,0.0645772,0.0937461,0.00244821,0.359157,0.609082
1295,1,0.00828119,0.0843747,0.45,1,1,1,5.28926,0.0331613,0.0724402,0.00246982,0.630174,0.552686
1296,1,0.0087087,0.086617,0.446822,1,1,1,5.28965,0.141372,0.102269,0.00246878,0.337213,0.64292
1297,1,0.00914737,0.0888425,0.44329,1,1,1,5.28993,0.0506145,0.0692443,0.00249175,0.737511,0.507568
1298,1,0.00959705,0.0910491,0.439413,1,1,1,5.29041,0.10821,0.0724402,0.00252933,0.742959,0.518848
1299,1,0.0100577,0.0932357,0.435198,1,1,1,5.29089,0.129154,0.0713749,0.00258463,0.798661,0.710596
1300,1,0.0105294,0.0954007,0.43065,1,1,1,5.29118,0.0226893,0.0937461,0.00262408,0.593471,0.676758
1301,1,0.0110118,0.0975419,0.42578,1,1,1,5.29166,0.0994838,0.0809626,0.00269807,0.780208,0.744434
1302,1,0.0115048,0.099658,0.420592,1,1,1,5.29204,0.0645772,0.0745708,0.00281588,0.9053,0.733154
1303,1,0.0120083,0.101747,0.415095,1,1,1,5.29271,0.0750492,0.104399,0.00289108,0.624523,0.710596
1304,1,0.0125222,0.103808,0.409296,1,1,1,5.2929,0.0994838,0.0916155,0.00295826,0.809314,0.755713
1305,1,0.0130463,0.10584,0.403201,1,1,1,5.29358,0.102974,0.113987,0.00302242,0.608505,0.891064
1306,1,0.0135806,0.10784,0.396817,1,1,1,5.29396,0.0645772,0.112921,0.00304459,0.656608,0.676758
1307,1,0.0141247,0.109808,0.390154,1,1,1,5.29453,0.0872665,0.0948114,0.00305207,0.888553,0.609082
1308,1,0.0146786,0.111741,0.383217,1,1,1,5.29501,0.143117,0.12677,0.00307803,0.574878,0.744434
1309,1,0.015242,0.113639,0.376014,1,1,1,5.29559,0.0558505,0.135293,0.0030869,0.513838,0.80083
1310,1,0.0158149,0.115501,0.368551,1,1,1,5.29616,0.15708,0.119313,0.00306762,0.715755,0.812109
1311,1,0.016397,0.117324,0.360836,1,1,1,5.29674,0.141372,0.128901,0.00305739,0.639147,0.699316
1312,1,0.0169881,0.119109,0.352876,1,1,1,5.29741,0.132645,0.125705,0.00304436,0.7012,0.845947
1313,1,0.017588,0.120853,0.34468,1,1,1,5.29789,0.148353,0.128901,0.00302635,0.691397,0.823389
1314,1,0.0181965,0.122555,0.336252,1,1,1,5.29856,0.0680678,0.113987,0.00302256,0.882712,0.688037
1315,1,0.0188134,0.124215,0.327602,1,1,1,5.29933,0.174533,0.111856,0.00298766,0.931213,0.913623
1316,1,0.0194386,0.125831,0.318735,1,1,1,5.29971,0.0558505,0.113987,0.00307739,0.949027,0.992578
1317,1,0.0200717,0.127402,0.309658,1,1,1,5.30057,0.15708,0.119313,0.00313512,0.927967,0.936182
1318,1,0.0207126,0.128927,0.300381,1,1,1,5.30105,0.101229,0.139554,0.00312203,0.729688,0.80083
1319,1,0.0213609,0.130405,0.290909,1,1,1,5.30173,0.158825,0.136358,0.00311378,0.788065,0.97002
1320,1,0.0220166,0.131836,0.281251,1,1,1,5.3022,0.0663225,0.12464,0.00306472,0.93674,0.812109
1321,1,0.0226791,0.133217,0.271413,1,1,1,5.30316,0.132645,0.119313,0.00310183,1.02141,0.95874
1322,1,0.0233486,0.13455,0.261401,1,1,1,5.30364,0.1309,0.133162,0.00306446,0.879087,0.902344
1323,1,0.0240246,0.135831,0.251224,1,1,1,5.30441,0.164061,0.14275,0.00304601,0.785483,0.834668
1324,1,0.0247068,0.137062,0.240889,1,1,1,5.30498,0.136136,0.140619,0.00302887,0.820303,0.913623
1325,1,0.0253951,0.13824,0.230402,1,1,1,5.30575,0.1309,0.139554,0.00298201,0.838828,0.823389
1326,1,0.0260891,0.139365,0.219771,1,1,1,5.30642,0.150098,0.158729,0.00293282,0.633715,0.834668
1327,1,0.0267887,0.140437,0.209003,1,1,1,5.30719,0.125664,0.16086,0.00286693,0.613225,0.80083
1328,1,0.0274934,0.141455,0.198106,1,1,1,5.30777,0.129154,0.156599,0.00285614,0.669639,0.789551
1329,1,0.0282031,0.142418,0.187086,1,1,1,5.30863,0.0698132,0.131032,0.00280608,0.954535,0.518848
1330,1,0.0289176,0.143326,0.175951,1,1,1,5.3092,0.195477,0.152337,0.00276414,0.724207,0.688037
1331,1,0.0296363,0.144178,0.164708,1,1,1,5.30997,0.118682,0.147011,0.00280446,0.796986,0.924902
1332,1,0.0303592,0.144973,0.153365,1,1,1,5.31064,0.13439,0.128901,0.00287948,1.01426,0.902344
1333,1,0.0310859,0.145711,0.141928,1,1,1,5.3116,0.132645,0.132097,0.0029557,0.99662,0.924902
1334,1,0.0318162,0.146392,0.130404,1,1,1,5.31208,0.13439,0.149142,0.00293934,0.813702,0.913623
1335,1,0.0325498,0.147015,0.118801,1,1,1,5.31275,0.179769,0.149142,0.00293892,0.819656,0.868506
1336,1,0.0332862,0.14758,0.107127,1,1,1,5.31342,0.132645,0.113987,0.00300631,1.22054,0.733154
1337,1,0.0340254,0.148086,0.0953875,1,1,1,5.31438,0.165806,0.14275,0.00303704,0.912764,0.924902
1338,1,0.0347671,0.148534,0.083589,1,1,1,5.31467,0.0959931,0.153403,0.00301744,0.796821,0.891064
1339,1,0.0355107,0.148922,0.071742,1,1,1,5.31563,0.136136,0.158729,0.00306509,0.747609,0.913623
1340,1,0.0362562,0.149251,0.0598515,1,1,1,5.3162,0.144862,0.125705,0.003131,1.12194,0.95874
1341,1,0.0370031,0.14952,0.0479248,1,1,1,5.31707,0.136136,0.148076,0.00316173,0.88153,0.936182
1342,1,0.0377513,0.14973,0.0359684,1,1,1,5.31754,0.127409,0.127836,0.00320575,1.11087,0.936182
1343,1,0.0385003,0.14988,0.0239916,1,1,1,5.31841,0.174533,0.137423,0.00327569,1.0148,0.868506
1344,1,0.03925,0.14997,0.0119996,1,1,1,5.31908,0.137881,0.149142,0.00329992,0.888508,0.778271
1345,1,0.0399999,0.15,1.9368e-06,1,1,1,5.31985,0.167552,0.12464,0.00335967,1.16458,1.08281
1346,1,0.0407498,0.14997,-0.0119968,1,1,1,5.32042,0.0994838,0.137423,0.00342123,1.03002,1.02642
1347,1,0.0414995,0.14988,-0.0239883,1,1,1,5.32128,0.15708,0.157664,0.00341831,0.804199,0.947461
1348,1,0.0422486,0.14973,-0.0359661,1,1,1,5.32186,0.127409,0.164056,0.00339377,0.727108,0.857227
1349,1,0.0429967,0.14952,-0.0479222,1,1,1,5.32272,0.143117,0.147011,0.0034182,0.913554,0.95874
1350,1,0.0437437,0.149251,-0.0598489,1,1,1,5.3233,0.120428,0.145946,0.00341256,0.91954,0.80083
1351,1,0.0444891,0.148922,-0.0717391,1,1,1,5.32426,0.158825,0.132097,0.0034138,1.06632,0.823389
1352,1,0.0452328,0.148534,-0.0835878,1,1,1,5.32483,0.132645,0.148076,0.00339515,0.881633,0.834668
1353,1,0.0459743,0.148086,-0.0953838,1,1,1,5.32569,0.171042,0.16299,0.00336664,0.706653,0.823389
1354,1,0.0467136,0.14758,-0.107124,1,1,1,5.32627,0.136136,0.152337,0.00337052,0.816464,0.879785
1355,1,0.0474501,0.147015,-0.118799,1,1,1,5.32723,0.111701,0.14275,0.00335888,0.911811,0.868506
1356,1,0.0481836,0.146392,-0.130402,1,1,1,5.32771,0.167552,0.141684,0.00335121,0.913221,0.95874
1357,1,0.0489139,0.145711,-0.141926,1,1,1,5.32867,0.139626,0.153403,0.00331923,0.770102,0.913623
1358,1,0.0496406,0.144973,-0.153362,1,1,1,5.32915,0.137881,0.154468,0.00331296,0.746875,0.823389
1359,1,0.0503635,0.144178,-0.164706,1,1,1,5.3302,0.13439,0.148076,0.00327853,0.801273,0.947461
1360,1,0.0510824,0.143326,-0.17595,1,1,1,5.33077,0.144862,0.153403,0.00319107,0.719104,0.80083
1361,1,0.0517967,0.142418,-0.187084,1,1,1,5.33164,0.155334,0.173643,0.0031015,0.471923,0.766992
1362,1,0.0525064,0.141455,-0.198104,1,1,1,5.33221,0.136136,0.145946,0.00302872,0.7536,0.744434
1363,1,0.0532112,0.140438,-0.209,1,1,1,5.33317,0.176278,0.158729,0.00291979,0.584563,0.383496
1364,1,0.0539106,0.139366,-0.219767,1,1,1,5.33375,0.15708,0.141684,0.00284011,0.746848,0.518848
1365,1,0.0546047,0.13824,-0.230399,1,1,1,5.3348,0.151844,0.156599,0.00279175,0.561076,0.620361
1366,1,0.0552929,0.137062,-0.240885,1,1,1,5.33538,0.132645,0.157664,0.00266627,0.516855,0.563965
1367,1,0.0559752,0.135832,-0.251221,1,1,1,5.33605,0.185005,0.164056,0.00257801,0.418305,0.530127
1368,1,0.0566571,0.134538,-0.261487,1,1,1,5.33672,0.132645,0.132097,0.00254305,0.747898,0.710596
1369,1,0.0573207,0.133218,-0.27141,1,1,1,5.33768,0.167552,0.149142,0.00248516,0.535152,0.766992
1370,1,0.0579833,0.131836,-0.281248,1,1,1,5.33806,0.0872665,0.12677,0.00247787,0.761909,0.766992
1371,1,0.0586389,0.130406,-0.290907,1,1,1,5.33892,0.146608,0.165121,0.00239191,0.309348,0.563965
1372,1,0.0592873,0.128927,-0.30038,1,1,1,5.33921,0.0802851,0.138489,0.00235962,0.578969,0.530127
1373,1,0.0599281,0.127402,-0.309657,1,1,1,5.34017,0.0837758,0.118248,0.00238137,0.784436,0.631641
1374,1,0.0605613,0.125831,-0.318732,1,1,1,5.34065,0.164061,0.0937461,0.00239514,1.0352,0.699316
1375,1,0.0611863,0.124215,-0.327599,1,1,1,5.34142,0.150098,0.109726,0.00243752,0.843913,0.699316
1376,1,0.0618034,0.122555,-0.33625,1,1,1,5.3419,0.1309,0.115052,0.0024744,0.768584,0.778271
1377,1,0.0624119,0.120853,-0.344677,1,1,1,5.34247,0.0959931,0.12677,0.0025073,0.621928,0.676758
1378,1,0.0630118,0.119109,-0.352874,1,1,1,5.34295,0.116937,0.104399,0.00250165,0.844683,0.609082
1379,1,0.0636028,0.117325,-0.360833,1,1,1,5.34353,0.158825,0.112921,0.00255669,0.735155,0.721875
1380,1,0.064185,0.115501,-0.368549,1,1,1,5.34401,0.0925025,0.0990726,0.00267056,0.879041,0.981299
1381,1,0.0647578,0.11364,-0.376012,1,1,1,5.34458,0.0837758,0.100138,0.00277117,0.856683,0.857227
1382,1,0.0653213,0.111742,-0.383215,1,1,1,5.34506,0.120428,0.096942,0.0028469,0.877497,0.913623
1383,1,0.0658752,0.109808,-0.390153,1,1,1,5.34564,0.0715585,0.0884196,0.00293274,0.957854,0.913623
1384,1,0.0664194,0.10784,-0.396817,1,1,1,5.34592,0.102974,0.109726,0.00294265,0.699691,0.879785
1385,1,0.0669535,0.10584,-0.403199,1,1,1,5.3465,0.0802851,0.0990726,0.00292712,0.789352,0.631641
1386,1,0.0674777,0.103809,-0.409294,1,1,1,5.34698,0.16057,0.104399,0.0029446,0.707257,0.812109
1387,1,0.0679916,0.101748,-0.415094,1,1,1,5.34736,0.0488692,0.104399,0.00297907,0.685674,0.710596
1388,1,0.0684951,0.0996586,-0.420591,1,1,1,5.34784,0.109956,0.0798973,0.002947,0.924524,0.676758
1389,1,0.0689881,0.0975425,-0.425778,1,1,1,5.34832,0.146608,0.0830932,0.00302935,0.873515,0.733154
1390,1,0.0694705,0.0954013,-0.430649,1,1,1,5.3487,0.0610865,0.0916155,0.00309519,0.761469,0.688037
1391,1,0.0699421,0.0932366,-0.435196,1,1,1,5.34928,0.0872665,0.0862891,0.00312576,0.796874,0.845947
1392,1,0.0704028,0.0910498,-0.439412,1,1,1,5.34947,0.0418879,0.0884196,0.00310912,0.743788,0.766992
1393,1,0.0708526,0.0888427,-0.443289,1,1,1,5.34995,0.0994838,0.0841585,0.00314138,0.767264,0.665479
1394,1,0.0712912,0.0866174,-0.446821,1,1,1,5.35024,0.0837758,0.0852238,0.00325853,0.743177,0.97002
1395,1,0.0717187,0.0843752,-0.45,1,1,1,5.35062,0,0.0862891,0.00332271,0.711947,0.947461
1396,1,0.072135,0.082118,-0.452819,1,1,1,5.35091,0.0837758,0.0777667,0.00334905,0.781056,0.80083
1397,1,0.0725399,0.0798477,-0.45527,1,1,1,5.35129,0.0802851,0.0479384,0.00339442,1.08692,0.936182
1398,1,0.0729334,0.0775659,-0.457347,1,1,1,5.35158,0.0331613,0.0468731,0.00346206,1.07926,0.879785
1399,1,0.0733155,0.0752747,-0.459043,1,1,1,5.35206,0.0994838,0.0692443,0.00352096,0.812568,0.845947
1400,1,0.0736861,0.0729761,-0.46035,1,1,1,5.35225,0.0453786,0.0490037,0.00358215,1.01488,0.902344
1401,1,0.0740452,0.0706721,-0.461261,1,1,1,5.35263,0.0750492,0.0756361,0.00361597,0.697959,0.80083
1402,1,0.0743929,0.0683642,-0.461768,1,1,1,5.35283,0.0628319,0.0692443,0.00365989,0.745653,0.80083
1403,1,0.0747289,0.0660552,-0.461866,1,1,1,5.35311,0.00349066,0.057526,0.00369468,0.850773,0.688037
1404,1,0.0750534,0.0637463,-0.461545,1,1,1,5.3534,0.129154,0.0735055,0.00372193,0.650286,0.80083
1405,1,0.0753664,0.0614403,-0.4608,1,1,1,5.35359,0.010472,0.0521996,0.00378073,0.864196,0.812109
1406,1,0.0756678,0.059139,-0.459623,1,1,1,5.35398,0.0994838,0.0436772,0.00385947,0.940242,0.812109
1407,1,0.0759578,0.0568447,-0.458007,1,1,1,5.35417,0.0366519,0.0298283,0.00390327,1.07042,0.665479
1408,1,0.0762363,0.0545598,-0.455944,1,1,1,5.35436,0.0471239,0.0351548,0.00394286,0.98928,0.755713
1409,1,0.0765034,0.0522862,-0.453428,1,1,1,5.35465,0.102974,0.0340895,0.00398509,0.979006,0.766992
1410,1,0.0767592,0.0500262,-0.45045,1,1,1,5.35484,0.010472,0.039416,0.00408086,0.905729,0.845947
1411,1,0.0770037,0.0477823,-0.447005,1,1,1,5.35503,0.0383972,0.0532648,0.00412672,0.732374,0.789551
1412,1,0.077237,0.045557,-0.443085,1,1,1,5.35513,0.0401426,0.0468731,0.00414814,0.778736,0.744434
1413,1,0.0774593,0.0433525,-0.438682,1,1,1,5.35532,0.0226893,0.057526,0.00412721,0.632343,0.688037
1414,1,0.0776706,0.0411711,-0.43379,1,1,1,5.35551,0.0331613,0.0543301,0.00414684,0.643992,0.665479
1415,1,0.077871,0.0390153,-0.428401,1,1,1,5.3558,0.0314159,0.0117183,0.00415012,1.08744,0.879785
1416,1,0.0780608,0.0368878,-0.422508,1,1,1,5.35599,0.0383972,0.0245018,0.00416707,0.923764,0.721875
1417,1,0.07824,0.034791,-0.416103,1,1,1,5.35618,0.0366519,0.0532648,0.00415463,0.580886,0.563965
1418,1,0.0784087,0.0327275,-0.40918,1,1,1,5.35628,0.0401426,0.0266324,0.00415732,0.849838,0.530127
1419,1,0.0785673,0.0307004,-0.401733,1,1,1,5.35657,0.0558505,0.0383507,0.00414319,0.695229,0.676758
1420,1,0.0787158,0.0287113,-0.393752,1,1,1,5.35666,0,0.0564607,0.00408701,0.465304,0.631641
1421,1,0.0788545,0.0267634,-0.385229,1,1,1,5.35685,0,0.0372854,0.00404291,0.647696,0.620361
1422,1,0.0789835,0.02486,-0.376162,1,1,1,5.35695,0.0733038,0.0351548,0.00399523,0.642746,0.676758
1423,1,0.0791031,0.0230029,-0.366539,1,1,1,5.35714,0.015708,0.0564607,0.00395646,0.381817,0.812109
1424,1,0.0792138,0.021193,-0.356341,1,1,1,5.35724,0.0174533,0.00426119,0.00393676,0.932628,0.688037
1425,1,0.0793152,0.0194402,-0.345601,1,1,1,5.35752,0.0628319,0.01811,0.00389489,0.754757,0.744434
1426,1,0.0794081,0.0177403,-0.334272,1,1,1,5.35752,-0.0191986,0.0234365,0.00383874,0.66948,0.620361
1427,1,0.0794927,0.0160986,-0.322361,1,1,1,5.35762,0.00872665,0.0213059,0.00376212,0.664327,0.575244
1428,1,0.0795692,0.0145176,-0.309856,1,1,1,5.35772,0.015708,0.0276977,0.00377803,0.578471,0.766992
1429,1,0.079638,0.013001,-0.296758,1,1,1,5.35791,-0.0226893,0.0010653,0.003773,0.853992,0.766992
1430,1,0.0796993,0.0115513,-0.283054,1,1,1,5.358,0.0296706,6.52306e-20,0.00370405,0.840745,0.575244
1431,1,0.0797536,0.0101714,-0.268735,1,1,1,5.3581,0.0959931,0.0117183,0.00368882,0.694913,0.755713
1432,1,0.0798012,0.00886482,-0.253799,1,1,1,5.3581,0,0.0234365,0.0036738,0.550097,0.665479
1433,1,0.0798424,0.00763455,-0.238237,1,1,1,5.3581,0,0.0170448,0.00362347,0.600856,0.688037
1434,1,0.0798776,0.00648348,-0.222039,1,1,1,5.35819,0.0139626,0.00958767,0.00359262,0.666967,0.609082
1435,1,0.0799073,0.00541513,-0.205202,1,1,1,5.35819,0.0122173,0.00213059,0.00359944,0.739158,0.789551
1436,1,0.0799319,0.00443263,-0.187718,1,1,1,5.35829,0,0.0213059,0.00359107,0.517533,0.834668
1437,1,0.0799518,0.00353901,-0.169576,1,1,1,5.35829,-0.00872665,0.0245018,0.00355673,0.469437,0.676758
1438,1,0.0799675,0.00273791,-0.150774,1,1,1,5.35829,0,0.00532648,0.00357581,0.675707,0.778271
1439,1,0.0799794,0.00203248,-0.131303,1,1,1,5.35829,0,0.0010653,0.00359869,0.719692,0.778271
1440,1,0.079988,0.00142605,-0.111154,1,1,1,5.35829,0,-0.0117183,0.00358325,0.853677,0.462451
1441,1,0.0799938,0.000922054,-0.0903201,1,1,1,5.35839,0.00698132,-0.00426119,0.00355176,0.76425,0.64292
1442,1,0.0799974,0.000523965,-0.0687952,1,1,1,5.35829,0,0.00426119,0.00355388,0.66894,0.575244
1443,1,0.0799992,0.000235233,-0.0465705,1,1,1,5.35839,-0.020944,-0.00745708,0.00352959,0.794234,0.372217
1444,1,0.0799999,5.94111e-05,-0.0236431,1,1,1,5.35839,0.0488692,-0.0149142,0.00353751,0.878392,0.699316
1445,1,0.08,1.85878e-12,-4.22399e-06,1,1,1,5.35839,0.00349066,-0.00958767,0.00352463,0.820715,0.631641
1446,1,0.08,0,0,1,1,1,5.35839,0.00523599,9.78459e-19,0.00354212,0.71756,0.710596
1447,1,0.08,0,0,1,1,1,5.35839,0,0.0117183,0.00349665,0.582656,0.676758
1448,1,0.08,0,0,1,1,1,5.35839,0,-0.0202406,0.00349396,0.93385,0.552686
1449,1,0.08,0,0,1,1,1,5.35848,0.00349066,-0.00958767,0.00343924,0.809444,0.552686
1450,1,0.08,0,0,1,1,1,5.35839,0.00523599,-0.00745708,0.00344491,0.786756,0.699316
1451,1,0.08,0,0,1,1,1,5.35848,0,0.00958767,0.00344835,0.599717,0.699316
1452,1,0.08,0,0,1,1,1,5.35848,0,-0.0117183,0.00343337,0.832106,0.766992
1453,1,0.08,0,0,1,1,1,5.35848,0.00872665,0.00639178,0.00339292,0.627556,0.688037
1454,1,0.08,0,0,1,1,1,5.35848,-0.00698132,0.00319589,0.00335067,0.657133,0.541406
1455,1,0.08,0,0,1,1,1,5.35848,0,-0.0117183,0.0033578,0.82213,0.688037
1456,1,0.08,0,0,1,1,1,5.35848,0,-0.00213059,0.00332655,0.712541,0.64292
1457,1,0.08,0,0,1,1,1,5.35848,0.00523599,1.36984e-18,0.00331,0.68692,0.744434
1458,1,0.08,0,0,1,1,1,5.35848,0,0.00213059,0.00330761,0.663168,0.609082
1459,1,0.08,0,0,1,1,1,5.35848,0,0.00639178,0.00329647,0.614824,0.710596
1460,1,0.08,0,0,1,1,1,5.35848,0,0.00213059,0.00331302,0.663882,0.563965
1461,1,0.08,0,0,1,1,1,5.35848,0,0.0159795,0.00330957,0.51109,0.631641
1462,1,0.08,0,0,1,1,1,5.35848,0,-0.00319589,0.00326694,0.716391,0.586523
1463,1,0.08,0,0,1,1,1,5.35848,0.00174533,-0.0170448,0.00322661,0.863405,0.597803
1464,1,0.08,0,0,1,1,1,5.35848,0,-0.0010653,0.00320299,0.684513,0.721875
1465,1,0.08,0,0,1,1,1,5.35848,0,0.0117183,0.0032104,0.544872,0.586523
1466,1,0.08,0,0,1,1,1,5.35848,0,-0.00426119,0.00319915,0.719161,0.496289
1467,1,0.08,0,0,1,1,1,5.35848,0,-0.010653,0.00322361,0.792699,0.699316
1468,1,0.08,0,0,1,1,1,5.35858,0.0174533,0.00958767,0.00319723,0.56657,0.755713
1469,1,0.08,0,0,1,1,1,5.35848,0,0.01811,0.00320265,0.473539,0.575244
1470,1,0.08,0,0,1,1,1,5.35858,0.015708,-0.00639178,0.003211,0.744161,0.530127
1471,1,0.08,0,0,1,1,1,5.35858,0,0.00319589,0.00315743,0.631626,0.360938
1472,1,0.08,0,0,1,1,1,5.35858,0.0593412,0.00319589,0.00311461,0.625974,0.609082
1473,1,0.08,0,0,1,1,1,5.35858,0,0.0117183,0.00311562,0.532361,0.665479
1474,1,0.08,0,0,1,1,1,5.35858,0,-0.00426119,0.00312876,0.709869,0.620361
1475,1,0.08,0,0,1,1,1,5.35858,0,0.00745708,0.00310712,0.578113,0.665479
1476,1,0.08,0,0,1,1,1,5.35858,-0.00698132,0.0170448,0.00308059,0.469146,0.575244
1477,1,0.08,0,0,1,1,1,5.35858,0,0.00745708,0.00309164,0.576069,0.868506
1478,1,0.08,0,0,1,1,1,5.35858,-0.0558505,-0.0223712,0.00308246,0.902968,0.688037
1479,1,0.08,0,0,1,1,1,5.35867,0.00174533,0.00639178,0.00303576,0.58041,0.631641
1480,1,0.08,0,0,1,1,1,5.35858,0,0.00745708,0.0030358,0.568697,0.552686
1481,1,0.08,0,0,1,1,1,5.35858,-0.00698132,0.0138489,0.00305,0.500262,0.518848
1482,1,0.08,0,0,1,1,1,5.35858,0,0.00639178,0.00298343,0.573503,0.530127
1483,1,0.08,0,0,1,1,1,5.35858,0,0.00958767,0.0029757,0.537329,0.507568
1484,1,0.08,0,0,1,1,1,5.35858,0,0.0010653,0.00295543,0.628399,0.372217
1485,1,0.08,0,0,1,1,1,5.35858,0,-0.00213059,0.00295874,0.66399,0.563965
1486,1,0.08,0,0,1,1,1,5.35858,0,-0.0159795,0.00296832,0.817592,0.496289
1487,1,0.08,0,0,1,1,1,5.35867,0.00349066,0.0245018,0.0029428,0.368929,0.563965
1488,1,0.08,0,0,1,1,1,5.35858,0,0.00213059,0.00290768,0.610378,0.462451
1489,1,0.08,0,0,1,1,1,5.35858,0,0.00958767,0.00287029,0.523414,0.462451
1490,1,0.08,0,0,1,1,1,5.35858,0,-0.0170448,0.00290462,0.820902,0.439893
1491,1,0.08,0,0,1,1,1,5.35867,0,0.00426119,0.00291544,0.587965,0.462451
1492,1,0.08,0,0,1,1,1,5.35858,0,-0.00426119,0.00292196,0.682572,0.552686
1493,1,0.08,0,0,1,1,1,5.35858,0.00872665,-0.00213059,0.00291258,0.657897,0.586523
1494,1,0.08,0,0,1,1,1,5.35858,0.00872665,-0.00213059,0.00286135,0.651135,0.48501
1495,1,0.08,0,0,1,1,1,5.35858,0.0279253,-0.0159795,0.00287035,0.80466,0.575244
1496,1,0.08,0,0,1,1,1,5.35858,0.00698132,0.00319589,0.0028345,0.588999,0.507568
1497,1,0.08,0,0,1,1,1,5.35858,0,-7.17537e-19,0.00279405,0.618815,0.64292
1498,1,0.08,0,0,1,1,1,5.35858,0,0.00958767,0.00278571,0.512249,0.597803
1499,1,0.08,0,0,1,1,1,5.35858,0,-0.00213059,0.00276022,0.637786,0.64292
1500,1,0.08,0,0,1,1,1,5.35858,0,-0.00958767,0.00278197,0.722684,0.721875
1501,1,0.08,0,0,1,1,1,5.35858,0,-0.00639178,0.00276182,0.68487,0.552686
1502,1,0.08,0,0,1,1,1,5.35858,0.00872665,0.0191753,0.00275286,0.402449,0.654199
1503,1,0.08,0,0,1,1,1,5.35858,-0.00349066,-0.00639178,0.00277455,0.68655,0.710596
1504,1,0.08,0,0,1,1,1,5.35858,-0.0122173,-0.00319589,0.00277276,0.651158,0.563965
1505,1,0.08,0,0,1,1,1,5.35867,-0.0122173,0.00745708,0.00274312,0.530064,0.631641
1506,1,0.08,0,0,1,1,1,5.35858,0,-0.010653,0.00271582,0.72567,0.563965
1507,1,0.08,0,0,1,1,1,5.35867,0.015708,0.00745708,0.00275738,0.531946,0.755713
1508,1,0.08,0,0,1,1,1,5.35867,0,-0.0010653,0.00272637,0.621599,0.654199
1509,1,0.08,0,0,1,1,1,5.35858,0.0191986,0.0138489,0.00270696,0.454981,0.451172
1510,1,0.08,0,0,1,1,1,5.35858,0,-0.00532648,0.00272436,0.668207,0.654199
1511,1,0.08,0,0,1,1,1,5.35867,0,-0.0170448,0.00277106,0.803272,0.496289
1512,1,0.08,0,0,1,1,1,5.35867,0.00523599,-0.0149142,0.00274288,0.776116,0.733154
1513,1,0.08,0,0,1,1,1,5.35867,0.020944,-0.0010653,0.00272003,0.620763,0.620361
1514,1,0.08,0,0,1,1,1,5.35858,-0.00523599,0.00639178,0.00272436,0.539306,0.654199
1515,1,0.08,0,0,1,1,1,5.35867,-0.00523599,0.00213059,0.0027011,0.583108,0.586523
1516,1,0.08,0,0,1,1,1,5.35867,0,0.0149142,0.0026612,0.437222,0.710596
1517,1,0.08,0,0,1,1,1,5.35858,0.0139626,-0.0170448,0.00264729,0.786934,0.563965
1518,1,0.08,0,0,1,1,1,5.35867,0,0.010653,0.002704,0.489746,0.654199
1519,1,0.08,0,0,1,1,1,5.35858,-0.0279253,0.00532648,0.00267,0.543848,0.563965
1520,1,0.08,0,0,1,1,1,5.35858,0,-0.00532648,0.00266847,0.660829,0.710596
1521,1,0.08,0,0,1,1,1,5.35867,0.020944,-0.00639178,0.00266702,0.672356,0.563965
1522,1,0.08,0,0,1,1,1,5.35867,0,0.0234365,0.00261355,0.337187,0.654199
1523,1,0.08,0,0,1,1,1,5.35858,-0.00872665,-0.0191753,0.00263003,0.808093,0.530127
1524,1,0.08,0,0,1,1,1,5.35867,0.0139626,-0.00958767,0.00263277,0.702991,0.676758
1525,1,0.08,0,0,1,1,1,5.35867,0.0174533,0.0202406,0.00261004,0.371878,0.64292
1526,1,0.08,0,0,1,1,1,5.35867,0,-0.01811,0.00260228,0.792712,0.530127
1527,1,0.08,0,0,1,1,1,5.35867,0.00872665,-0.00745708,0.00256901,0.671137,0.462451
1528,1,0.08,0,0,1,1,1,5.35858,0.00698132,-0.0159795,0.00258544,0.767052,0.439893
1529,1,0.08,0,0,1,1,1,5.35867,0.00349066,0.00426119,0.00257556,0.543101,0.733154
1530,1,0.08,0,0,1,1,1,5.35867,-0.0139626,-0.0191753,0.00256688,0.799757,0.451172
1531,1,0.08,0,0,1,1,1,5.35867,0.00349066,-0.00958767,0.00254479,0.691376,0.428613
1532,1,0.08,0,0,1,1,1,5.35867,0.0279253,-0.0010653,0.00254418,0.597551,0.721875
1533,1,0.08,0,0,1,1,1,5.35867,-0.00523599,-0.00426119,0.00254803,0.633213,0.507568
1534,1,0.08,0,0,1,1,1,5.35867,0.00349066,-0.00639178,0.00250539,0.651021,0.496289
1535,1,0.08,0,0,1,1,1,5.35867,0.0174533,0.00532648,0.00249838,0.521195,0.48501
1536,1,0.08,0,0,1,1,1,5.35858,0,1.43507e-18,0.00249649,0.579537,0.462451
1537,1,0.08,0,0,1,1,1,5.35867,0,-0.00532648,0.00248758,0.636951,0.462451
1538,1,0.08,0,0,1,1,1,5.35867,0,0.00958767,0.00250351,0.474999,0.496289
1539,1,0.08,0,0,1,1,1,5.35867,0,0.00532648,0.00245729,0.51577,0.597803
1540,1,0.08,0,0,1,1,1,5.35858,0,0.00213059,0.00243489,0.547969,0.563965
1541,1,0.08,0,0,1,1,1,5.35858,0,0.00532648,0.00243888,0.513341,0.349658
1542,1,0.08,0,0,1,1,1,5.35867,0.00349066,-0.0170448,0.00245008,0.760903,0.530127
1543,1,0.08,0,0,1,1,1,5.35867,0.00523599,0.00852238,0.00243907,0.478211,0.744434
1544,1,0.08,0,0,1,1,1,5.35858,-0.00523599,0.0117183,0.00243399,0.442386,0.586523
1545,1,0.08,0,0,1,1,1,5.35858,0,-0.0010653,0.00245323,0.585545,0.552686
1546,1,0.0799998,-0.000118761,-0.0472741,1,1,1,5.35867,-0.0174533,0.0127836,0.00240555,0.418767,0.575244
1547,1,0.0799984,-0.000470371,-0.0931317,1,1,1,5.35867,0,0.0255671,0.00239982,0.266584,0.541406
1548,1,0.0799947,-0.00104775,-0.137579,1,1,1,5.35858,-0.0558505,-0.01811,0.00237503,0.730383,0.406055
1549,1,0.0799876,-0.00184383,-0.180627,1,1,1,5.35867,0,-0.028763,0.00236484,0.830353,0.270703
1550,1,0.0799759,-0.00285171,-0.222294,1,1,1,5.35867,0.0506145,-0.00852238,0.00235279,0.587843,0.530127
1551,1,0.0799587,-0.00406438,-0.262589,1,1,1,5.35858,0,0.00426119,0.0023255,0.423028,0.451172
1552,1,0.079935,-0.0054754,-0.301538,1,1,1,5.35858,0,-0.00319589,0.0022876,0.477213,0.349658
1553,1,0.0799037,-0.0070776,-0.339143,1,1,1,5.35858,0,-0.010653,0.00225288,0.529662,0.360938
1554,1,0.0798639,-0.00886461,-0.375425,1,1,1,5.35858,-0.00872665,-0.00213059,0.00219042,0.400593,0.541406
1555,1,0.0798147,-0.0108297,-0.410396,1,1,1,5.35858,0.0174533,0.0159795,0.00216418,0.168836,0.530127
1556,1,0.0797553,-0.0129664,-0.444069,1,1,1,5.35858,-0.0366519,-0.0010653,0.00211805,0.319236,0.293262
1557,1,0.0796848,-0.0152682,-0.476462,1,1,1,5.35858,0,0.00426119,0.00202979,0.216142,0.293262
1558,1,0.0796023,-0.017729,-0.507589,1,1,1,5.35858,0,1.696e-18,0.00197832,0.2216,0.281982
1559,1,0.0795072,-0.020342,-0.537461,1,1,1,5.35858,0,0.00745708,0.00188014,0.090296,0.304541
1560,1,0.0793987,-0.0231015,-0.566096,1,1,1,5.35858,0,-0.00852238,0.00175339,0.210036,0.281982
1561,1,0.079276,-0.0260009,-0.593506,1,1,1,5.35848,0,0.00958767,0.00163149,-0.0445453,0.270703
1562,1,0.0791384,-0.0290345,-0.619708,1,1,1,5.35848,0,0.00745708,0.00151524,-0.078205,0.203027
1563,1,0.0789854,-0.032196,-0.644713,1,1,1,5.35848,0,0.0213059,0.00132627,-0.303095,0.169189
1564,1,0.0788163,-0.0354796,-0.668538,1,1,1,5.35848,0,0.00319589,0.00112432,-0.180729,-0.0112793
1565,1,0.0786304,-0.0388795,-0.691197,1,1,1,5.35839,0,0.0127836,0.000919986,-0.364411,0.0112793
1566,1,0.0784273,-0.0423898,-0.712704,1,1,1,5.35839,-0.00698132,0.00213059,0.000738627,-0.324066,0.0112793
1567,1,0.0782064,-0.0460045,-0.733072,1,1,1,5.35829,-0.015708,0.00213059,0.00055004,-0.403517,-0.0112793
1568,1,0.0779671,-0.0497185,-0.752317,1,1,1,5.35829,-0.0191986,-0.0159795,0.000351732,-0.28772,-0.180469
1569,1,0.077709,-0.0535259,-0.770455,1,1,1,5.3581,-0.015708,-0.0159795,0.000168652,-0.369478,-0.270703
1570,1,0.0774317,-0.0574211,-0.787497,1,1,1,5.358,-0.0261799,-0.00213059,-4.74901e-05,-0.610478,-0.31582
1571,1,0.0771347,-0.061399,-0.80346,1,1,1,5.35781,-0.0802851,-0.0330242,-0.000239328,-0.358766,-0.507568
1572,1,0.0768176,-0.065454,-0.818357,1,1,1,5.35762,0,-0.039416,-0.000416183,-0.373013,-0.383496
1573,1,0.07648,-0.0695811,-0.832203,1,1,1,5.35743,-0.0279253,-0.0479384,-0.000535665,-0.355875,-0.383496
1574,1,0.0761217,-0.0737741,-0.845011,1,1,1,5.35733,-0.0453786,-0.0415466,-0.000678729,-0.506773,-0.406055
1575,1,0.0757422,-0.0780292,-0.856798,1,1,1,5.35695,-0.0453786,-0.0511343,-0.000843088,-0.487207,-0.383496
1576,1,0.0753413,-0.0823407,-0.867577,1,1,1,5.35666,-0.0925025,-0.0511343,-0.00101471,-0.574901,-0.518848
1577,1,0.0749186,-0.0867039,-0.877363,1,1,1,5.35637,-0.0488692,-0.0490037,-0.00110296,-0.672875,-0.439893
1578,1,0.0744741,-0.0911127,-0.886168,1,1,1,5.35618,-0.0575959,-0.0490037,-0.00121545,-0.7521,-0.451172
1579,1,0.0740075,-0.0955636,-0.894009,1,1,1,5.35561,-0.116937,-0.0841585,-0.00134329,-0.450206,-0.541406
1580,1,0.0735185,-0.100051,-0.900898,1,1,1,5.35522,-0.0715585,-0.0798973,-0.00145747,-0.577312,-0.575244
1581,1,0.0730069,-0.104571,-0.906853,1,1,1,5.35484,-0.10472,-0.101203,-0.00151793,-0.415023,-0.541406
1582,1,0.0724727,-0.109118,-0.911886,1,1,1,5.35446,-0.0890118,-0.113987,-0.00157935,-0.347598,-0.64292
1583,1,0.0719156,-0.113689,-0.916012,1,1,1,5.35378,-0.0733038,-0.111856,-0.00163589,-0.442325,-0.688037
1584,1,0.0713358,-0.118277,-0.919245,1,1,1,5.35321,-0.127409,-0.120379,-0.00165979,-0.413525,-0.406055
1585,1,0.0707329,-0.122879,-0.9216,1,1,1,5.35254,-0.120428,-0.127836,-0.00156923,-0.380118,-0.417334
1586,1,0.070107,-0.127491,-0.92309,1,1,1,5.35206,-0.120428,-0.138489,-0.00152593,-0.316409,-0.31582
1587,1,0.0694579,-0.132109,-0.923731,1,1,1,5.35129,-0.153589,-0.12677,-0.00150662,-0.502758,-0.349658
1588,1,0.0687801,-0.136767,-0.923532,1,1,1,5.35072,-0.129154,-0.119313,-0.00150459,-0.645072,-0.439893
1589,1,0.0680907,-0.141343,-0.922522,1,1,1,5.34985,-0.169297,-0.143815,-0.00145357,-0.428331,-0.451172
1590,1,0.0673725,-0.145951,-0.9207,1,1,1,5.34937,-0.0767945,-0.140619,-0.00144424,-0.522259,-0.338379
1591,1,0.0666312,-0.150549,-0.918087,1,1,1,5.34842,-0.139626,-0.14488,-0.00143727,-0.533594,-0.406055
1592,1,0.065867,-0.155131,-0.914696,1,1,1,5.34794,-0.155334,-0.151272,-0.00146717,-0.529331,-0.64292
1593,1,0.0650799,-0.159694,-0.910542,1,1,1,5.34688,-0.0977384,-0.14488,-0.00150812,-0.666168,-0.597803
1594,1,0.0642701,-0.164235,-0.905639,1,1,1,5.34621,-0.198968,-0.180035,-0.00154316,-0.346363,-0.654199
1595,1,0.0634376,-0.168749,-0.900001,1,1,1,5.34535,-0.0890118,-0.183231,-0.00155636,-0.372441,-0.541406
1596,1,0.0625826,-0.173234,-0.893643,1,1,1,5.34448,-0.242601,-0.139554,-0.00160006,-0.918286,-0.609082
1597,1,0.0617053,-0.177685,-0.88658,1,1,1,5.34353,-0.207694,-0.164056,-0.00163385,-0.713831,-0.64292
1598,1,0.0608058,-0.182099,-0.878826,1,1,1,5.34286,-0.1309,-0.194949,-0.00162338,-0.430552,-0.676758
1599,1,0.0598844,-0.186472,-0.870395,1,1,1,5.3419,-0.169297,-0.168317,-0.00162911,-0.780608,-0.451172
1600,1,0.0589413,-0.190801,-0.861302,1,1,1,5.34103,-0.221657,-0.184296,-0.0016291,-0.661822,-0.563965
1601,1,0.0579764,-0.195084,-0.851559,1,1,1,5.33998,-0.205949,-0.216255,-0.00165402,-0.372019,-0.631641
1602,1,0.0569906,-0.199315,-0.841186,1,1,1,5.33921,-0.172788,-0.183231,-0.00170757,-0.798927,-0.721875
1603,1,0.0559834,-0.203495,-0.83019,1,1,1,5.33806,-0.223402,-0.184296,-0.00179064,-0.857392,-0.857227
1604,1,0.0549555,-0.207617,-0.81859,1,1,1,5.3372,-0.188496,-0.191753,-0.00183137,-0.837619,-0.778271
1605,1,0.0539074,-0.211679,-0.806402,1,1,1,5.33605,-0.225147,-0.210929,-0.00188922,-0.691388,-0.879785
1606,1,0.052839,-0.21568,-0.793637,1,1,1,5.33538,-0.151844,-0.189623,-0.00192793,-0.984414,-0.688037
1607,1,0.0517507,-0.219615,-0.780309,1,1,1,5.33413,-0.247837,-0.193884,-0.00197863,-0.999156,-0.665479
1608,1,0.0506429,-0.223482,-0.766435,1,1,1,5.33336,-0.225147,-0.201341,-0.00210897,-0.992796,-1.04897
1609,1,0.0495159,-0.227279,-0.752027,1,1,1,5.33193,-0.164061,-0.210929,-0.00224492,-0.962627,-1.02642
1610,1,0.0483702,-0.231002,-0.737101,1,1,1,5.33116,-0.21293,-0.205602,-0.00230377,-1.0818,-1.10537
1611,1,0.0472062,-0.234648,-0.721674,1,1,1,5.32982,-0.254818,-0.217321,-0.00237259,-1.01514,-0.924902
1612,1,0.0460238,-0.238218,-0.705752,1,1,1,5.32886,-0.20944,-0.242888,-0.0024558,-0.798393,-0.947461
1613,1,0.044824,-0.241705,-0.689359,1,1,1,5.32752,-0.167552,-0.238627,-0.00251637,-0.903069,-0.95874
1614,1,0.0436069,-0.24511,-0.672503,1,1,1,5.32646,-0.279253,-0.259932,-0.00252873,-0.717785,-0.857227
1615,1,0.042373,-0.24843,-0.655201,1,1,1,5.32512,-0.230383,-0.252475,-0.00249153,-0.837961,-0.857227
1616,1,0.0411228,-0.251661,-0.637469,1,1,1,5.32397,-0.282743,-0.254606,-0.00250059,-0.860642,-0.936182
1617,1,0.0398566,-0.254804,-0.619318,1,1,1,5.32234,-0.228638,-0.278043,-0.00245577,-0.639044,-0.95874
1618,1,0.0385749,-0.257854,-0.600763,1,1,1,5.32138,-0.237365,-0.263128,-0.00235263,-0.825209,-0.721875
1619,1,0.0372781,-0.260811,-0.581819,1,1,1,5.31975,-0.326377,-0.291891,-0.00224453,-0.530789,-0.631641
1620,1,0.035967,-0.263671,-0.562503,1,1,1,5.3186,-0.272271,-0.298283,-0.00217638,-0.486849,-0.778271
1621,1,0.0346416,-0.266435,-0.542825,1,1,1,5.31687,-0.270526,-0.280173,-0.00210372,-0.709867,-0.891064
1622,1,0.0333028,-0.269099,-0.522802,1,1,1,5.31563,-0.296706,-0.295087,-0.00201485,-0.565915,-0.845947
1623,1,0.0319509,-0.271662,-0.502448,1,1,1,5.314,-0.29147,-0.291891,-0.00195488,-0.624328,-0.812109
1624,1,0.0305864,-0.274123,-0.481777,1,1,1,5.31285,-0.218166,-0.307871,-0.00180509,-0.453813,-0.665479
1625,1,0.0292098,-0.27648,-0.460803,1,1,1,5.31131,-0.328122,-0.304675,-0.00165631,-0.492212,-0.349658
1626,1,0.0278217,-0.278731,-0.439541,1,1,1,5.30987,-0.345575,-0.2855,-0.00161252,-0.723026,-0.563965
1627,1,0.0264226,-0.280875,-0.418006,1,1,1,5.30815,-0.282743,-0.318524,-0.00155801,-0.37941,-0.755713
1628,1,0.0250132,-0.28291,-0.396212,1,1,1,5.30709,-0.251327,-0.299348,-0.00151353,-0.607178,-0.64292
1629,1,0.0235938,-0.284836,-0.374173,1,1,1,5.30537,-0.260054,-0.26739,-0.00148514,-0.976672,-0.64292
1630,1,0.022165,-0.286652,-0.351903,1,1,1,5.30422,-0.301942,-0.282304,-0.00152436,-0.843186,-0.755713
1631,1,0.0207273,-0.288355,-0.329416,1,1,1,5.3024,-0.298451,-0.297218,-0.00153197,-0.702433,-0.913623
1632,1,0.0192817,-0.289945,-0.306731,1,1,1,5.30125,-0.277507,-0.286565,-0.00156243,-0.844787,-0.902344
1633,1,0.017828,-0.291422,-0.283854,1,1,1,5.29942,-0.286234,-0.2855,-0.00158652,-0.879059,-0.857227
1634,1,0.0163674,-0.292784,-0.260806,1,1,1,5.29827,-0.296706,-0.271651,-0.00159712,-1.05017,-0.812109
1635,1,0.0149006,-0.29403,-0.237604,1,1,1,5.29655,-0.300197,-0.318524,-0.00159808,-0.553093,-0.778271
1636,1,0.0134275,-0.295159,-0.214255,1,1,1,5.2954,-0.294961,-0.294022,-0.00153691,-0.825658,-0.64292
1637,1,0.011949,-0.296172,-0.190773,1,1,1,5.29348,-0.321141,-0.294022,-0.0015543,-0.84176,-0.857227
1638,1,0.010466,-0.297067,-0.167181,1,1,1,5.29233,-0.296706,-0.306806,-0.00156072,-0.714468,-0.947461
1639,1,0.00897861,-0.297844,-0.143485,1,1,1,5.2906,-0.240855,-0.292957,-0.00158145,-0.880301,-0.913623
1640,1,0.00748785,-0.298502,-0.119705,1,1,1,5.28945,-0.287979,-0.276977,-0.00161426,-1.0705,-0.868506
1641,1,0.00599379,-0.299041,-0.0958493,1,1,1,5.28763,-0.319395,-0.283369,-0.0016089,-1.00723,-0.778271
1642,1,0.00449745,-0.29946,-0.0719376,1,1,1,5.28648,-0.305433,-0.294022,-0.00165161,-0.90477,-0.936182
1643,1,0.00299947,-0.29976,-0.0479851,1,1,1,5.28466,-0.279253,-0.281238,-0.00170113,-1.05879,-0.981299
1644,1,0.00150005,-0.29994,-0.024,1,1,1,5.28341,-0.307178,-0.273781,-0.00172096,-1.14756,-0.823389
1645,1,1.284e-07,-0.3,-2.0544e-06,1,1,1,5.28188,-0.293215,-0.274847,-0.00175426,-1.14202,-0.812109
1646,1,-0.00149958,-0.29994,0.0239925,1,1,1,5.28073,-0.322886,-0.301479,-0.0017834,-0.848793,-1.00386
1647,1,-0.002999,-0.29976,0.0479777,1,1,1,5.27891,-0.251327,-0.288695,-0.00182233,-0.988945,-0.913623
1648,1,-0.00449714,-0.29946,0.0719326,1,1,1,5.27766,-0.357792,-0.2855,-0.00187102,-1.02346,-1.00386
1649,1,-0.00599329,-0.299041,0.0958414,1,1,1,5.27584,-0.282743,-0.295087,-0.00191323,-0.915044,-0.913623
1650,1,-0.0074873,-0.298502,0.119697,1,1,1,5.27469,-0.287979,-0.295087,-0.0019661,-0.911995,-1.01514
1651,1,-0.00897826,-0.297844,0.143479,1,1,1,5.27287,-0.280998,-0.28763,-0.0019689,-0.982943,-0.868506
1652,1,-0.0104656,-0.297067,0.167174,1,1,1,5.27162,-0.315905,-0.291891,-0.00189799,-0.913401,-0.868506
1653,1,-0.0119487,-0.296172,0.190768,1,1,1,5.2699,-0.338594,-0.311067,-0.00181628,-0.67777,-0.64292
1654,1,-0.013427,-0.29516,0.214247,1,1,1,5.26855,-0.315905,-0.302544,-0.00175702,-0.747948,-0.620361
1655,1,-0.0149,-0.29403,0.237596,1,1,1,5.26683,-0.338594,-0.28763,-0.00172931,-0.891145,-0.80083
1656,1,-0.0163672,-0.292784,0.260802,1,1,1,5.26558,-0.310669,-0.312132,-0.00167801,-0.596302,-0.688037
1657,1,-0.0178278,-0.291422,0.28385,1,1,1,5.26376,-0.315905,-0.316393,-0.00161162,-0.519594,-0.891064
1658,1,-0.0192813,-0.289946,0.306725,1,1,1,5.26261,-0.235619,-0.292957,-0.00159002,-0.754233,-0.778271
1659,1,-0.0207271,-0.288355,0.329413,1,1,1,5.26069,-0.289725,-0.264194,-0.00156231,-1.04425,-0.676758
1660,1,-0.0221645,-0.286652,0.351896,1,1,1,5.25973,-0.282743,-0.280173,-0.001533,-0.83953,-0.868506
1661,1,-0.0236071,-0.284819,0.37438,1,1,1,5.25791,-0.298451,-0.283369,-0.00154108,-0.780721,-0.778271
1662,1,-0.0250127,-0.282911,0.396204,1,1,1,5.25657,-0.319395,-0.295087,-0.00153014,-0.623872,-0.868506
1663,1,-0.0264224,-0.280875,0.418002,1,1,1,5.25513,-0.237365,-0.279108,-0.00151585,-0.769659,-0.834668
1664,1,-0.0278212,-0.278731,0.439534,1,1,1,5.25388,-0.310669,-0.278043,-0.0015044,-0.750515,-0.755713
1665,1,-0.0292094,-0.27648,0.460797,1,1,1,5.25235,-0.230383,-0.275912,-0.00151578,-0.744809,-0.64292
1666,1,-0.0305859,-0.274124,0.481769,1,1,1,5.2513,-0.296706,-0.259932,-0.00154176,-0.892102,-0.744434
1667,1,-0.0319506,-0.271663,0.502444,1,1,1,5.24957,-0.305433,-0.248214,-0.00164931,-1.00208,-0.902344
1668,1,-0.0333025,-0.2691,0.522797,1,1,1,5.24842,-0.272271,-0.227974,-0.00177472,-1.20691,-1.10537
1669,1,-0.0346413,-0.266436,0.54282,1,1,1,5.24689,-0.279253,-0.246084,-0.00189047,-0.987413,-0.947461
1670,1,-0.0359666,-0.263672,0.562496,1,1,1,5.24593,-0.230383,-0.249279,-0.00191118,-0.918271,-0.823389
1671,1,-0.0372777,-0.260812,0.581813,1,1,1,5.24439,-0.282743,-0.266324,-0.0019144,-0.693357,-0.699316
1672,1,-0.0385746,-0.257855,0.600759,1,1,1,5.24353,-0.216421,-0.257802,-0.00183281,-0.737343,-0.902344
1673,1,-0.0398563,-0.254804,0.619313,1,1,1,5.242,-0.244346,-0.249279,-0.00206311,-0.82142,-0.857227
1674,1,-0.0411224,-0.251662,0.637463,1,1,1,5.24085,-0.286234,-0.2333,-0.00204144,-0.953189,-1.04897
1675,1,-0.0423727,-0.248431,0.655197,1,1,1,5.2395,-0.247837,-0.245018,-0.00220061,-0.803104,-0.913623
1676,1,-0.0436066,-0.245111,0.672499,1,1,1,5.23854,-0.204204,-0.242888,-0.00212123,-0.772855,-0.845947
1677,1,-0.0448236,-0.241706,0.689353,1,1,1,5.2372,-0.219911,-0.237561,-0.00213847,-0.78952,-0.80083
1678,1,-0.0460236,-0.238218,0.70575,1,1,1,5.23624,-0.228638,-0.238627,-0.00215176,-0.734412,-0.778271
1679,1,-0.0472058,-0.234649,0.721669,1,1,1,5.2349,-0.256563,-0.191753,-0.00219803,-1.21007,-0.845947
1680,1,-0.0483699,-0.231002,0.737098,1,1,1,5.23394,-0.218166,-0.214125,-0.002341,-0.935884,-1.09409
1681,1,-0.0495157,-0.227279,0.752024,1,1,1,5.2326,-0.155334,-0.201341,-0.00241087,-1.03789,-0.936182
1682,1,-0.0506426,-0.223483,0.766431,1,1,1,5.23174,-0.23911,-0.225843,-0.00243473,-0.722869,-0.845947
1683,1,-0.0517504,-0.219616,0.780306,1,1,1,5.2304,-0.178024,-0.231169,-0.00246736,-0.619145,-0.95874
1684,1,-0.0528387,-0.215681,0.793633,1,1,1,5.22963,-0.181514,-0.234365,-0.00246673,-0.533695,-0.778271
1685,1,-0.0539071,-0.21168,0.806399,1,1,1,5.22848,-0.185005,-0.202406,-0.00247908,-0.83596,-0.721875
1686,1,-0.0549553,-0.207618,0.818588,1,1,1,5.22752,-0.258309,-0.182166,-0.00250325,-1.0102,-0.699316
1687,1,-0.0559832,-0.203495,0.830188,1,1,1,5.22627,-0.240855,-0.206668,-0.00255794,-0.695638,-0.891064
1688,1,-0.0569902,-0.199317,0.841182,1,1,1,5.2256,-0.16057,-0.202406,-0.00264614,-0.701291,-0.857227
1689,1,-0.0579763,-0.195085,0.851558,1,1,1,5.22436,-0.144862,-0.161925,-0.00268153,-1.09783,-0.823389
1690,1,-0.058941,-0.190802,0.861299,1,1,1,5.22359,-0.240855,-0.192819,-0.00270748,-0.70746,-0.924902
1691,1,-0.0598842,-0.186473,0.870393,1,1,1,5.22263,-0.144862,-0.199211,-0.00272855,-0.585476,-0.845947
1692,1,-0.0608055,-0.1821,0.878823,1,1,1,5.22186,-0.165806,-0.182166,-0.00274281,-0.719971,-0.518848
1693,1,-0.0617051,-0.177686,0.886579,1,1,1,5.22071,-0.165806,-0.167252,-0.00278386,-0.834152,-0.755713
1694,1,-0.0625824,-0.173235,0.893641,1,1,1,5.22004,-0.178024,-0.17897,-0.0028025,-0.652055,-0.812109
1695,1,-0.0634374,-0.168751,0.899999,1,1,1,5.21908,-0.144862,-0.159795,-0.00281717,-0.808962,-0.64292
1696,1,-0.0642698,-0.164237,0.905636,1,1,1,5.21832,-0.219911,-0.171513,-0.0028177,-0.623904,-0.665479
1697,1,-0.0650797,-0.159695,0.91054,1,1,1,5.21745,-0.129154,-0.141684,-0.00282004,-0.895861,-0.721875
1698,1,-0.0658668,-0.155132,0.914695,1,1,1,5.21678,-0.188496,-0.155533,-0.00277879,-0.681469,-0.676758
1699,1,-0.0666311,-0.150549,0.918086,1,1,1,5.21582,-0.18326,-0.141684,-0.00282981,-0.783785,-0.733154
1700,1,-0.0673723,-0.145952,0.9207,1,1,1,5.21515,-0.102974,-0.136358,-0.00284372,-0.78739,-0.64292
1701,1,-0.0680906,-0.141344,0.922522,1,1,1,5.21438,-0.200713,-0.171513,-0.00279937,-0.33799,-0.530127
1702,1,-0.0687857,-0.136729,0.923537,1,1,1,5.214,-0.0942478,-0.135293,-0.00280418,-0.68024,-0.597803
1703,1,-0.0694578,-0.13211,0.923731,1,1,1,5.21314,-0.129154,-0.120379,-0.00284215,-0.792556,-0.597803
1704,1,-0.0701068,-0.127493,0.923091,1,1,1,5.21256,-0.165806,-0.0926808,-0.00290789,-1.04931,-0.845947
1705,1,-0.0707327,-0.122881,0.9216,1,1,1,5.2118,-0.141372,-0.116117,-0.00296014,-0.741983,-0.879785
1706,1,-0.0713356,-0.118278,0.919246,1,1,1,5.21141,-0.0575959,-0.128901,-0.00298268,-0.548156,-0.778271
1707,1,-0.0719158,-0.113687,0.916011,1,1,1,5.21074,-0.0855211,-0.117183,-0.00295604,-0.617626,-0.688037
1708,1,-0.0724725,-0.10912,0.911888,1,1,1,5.21026,-0.137881,-0.0980073,-0.0029667,-0.774454,-0.676758
1709,1,-0.0730067,-0.104572,0.906855,1,1,1,5.20959,-0.0925025,-0.112921,-0.00298315,-0.557448,-0.64292
1710,1,-0.0735183,-0.100053,0.900901,1,1,1,5.20921,-0.10472,-0.120379,-0.00295666,-0.417266,-0.575244
1711,1,-0.0740074,-0.0955645,0.89401,1,1,1,5.20873,-0.0645772,-0.102269,-0.00294479,-0.56077,-0.575244
1712,1,-0.074474,-0.0911139,0.88617,1,1,1,5.20825,-0.122173,-0.0884196,-0.00295566,-0.661005,-0.620361
1713,1,-0.0749185,-0.0867048,0.877365,1,1,1,5.20777,-0.0767945,-0.0830932,-0.00301702,-0.674806,-0.744434
1714,1,-0.0753411,-0.0823421,0.86758,1,1,1,5.20748,-0.0628319,-0.0830932,-0.00307071,-0.629702,-0.665479
1715,1,-0.0757421,-0.0780305,0.856801,1,1,1,5.2071,-0.0610865,-0.0596566,-0.00309861,-0.839771,-0.744434
1716,1,-0.0761215,-0.0737757,0.845015,1,1,1,5.20681,-0.0593412,-0.0383507,-0.00315236,-1.03066,-0.688037
1717,1,-0.0764799,-0.0695821,0.832207,1,1,1,5.20643,-0.116937,-0.039416,-0.0032801,-0.986115,-0.857227
1718,1,-0.0768174,-0.0654556,0.818362,1,1,1,5.20614,-0.0453786,-0.0415466,-0.00338417,-0.927702,-0.947461
1719,1,-0.0771346,-0.0614004,0.803465,1,1,1,5.20595,-0.0523599,-0.0266324,-0.00343725,-1.05108,-0.845947
1720,1,-0.0774316,-0.0574225,0.787503,1,1,1,5.20585,-0.0506145,-0.0564607,-0.00350512,-0.685338,-0.981299
1721,1,-0.077709,-0.0535269,0.770459,1,1,1,5.20556,0,-0.0223712,-0.00362176,-1.03029,-0.902344
1722,1,-0.077967,-0.0497194,0.752322,1,1,1,5.20537,-0.0401426,-0.0159795,-0.00369208,-1.0657,-0.902344
1723,1,-0.0782063,-0.0460056,0.733077,1,1,1,5.20508,-0.0698132,-0.0266324,-0.0037776,-0.91692,-0.913623
1724,1,-0.0784272,-0.0423911,0.712711,1,1,1,5.20499,0,-0.0362201,-0.00384002,-0.778191,-0.902344
1725,1,-0.0786304,-0.0388804,0.691203,1,1,1,5.20489,-0.0471239,-0.0319589,-0.00392228,-0.795853,-0.913623
1726,1,-0.0788162,-0.0354804,0.668543,1,1,1,5.20461,-0.0383972,-0.0266324,-0.0039405,-0.818304,-0.80083
1727,1,-0.0789854,-0.0321971,0.644721,1,1,1,5.20461,-0.015708,-0.0149142,-0.00401679,-0.920327,-0.879785
1728,1,-0.0791384,-0.0290354,0.619714,1,1,1,5.20451,-0.0174533,-0.0223712,-0.00407139,-0.810219,-0.936182
1729,1,-0.0792759,-0.0260017,0.593513,1,1,1,5.20451,0,-0.0159795,-0.00411665,-0.852957,-0.766992
1730,1,-0.0793986,-0.0231023,0.566105,1,1,1,5.20441,-0.0174533,-0.00532648,-0.0041564,-0.943659,-0.710596
1731,1,-0.0795072,-0.020343,0.537472,1,1,1,5.20432,-0.0174533,-0.00958767,-0.00421994,-0.875341,-0.913623
1732,1,-0.0796023,-0.0177295,0.507596,1,1,1,5.20422,-0.00872665,-0.0330242,-0.00427366,-0.596763,-0.947461
1733,1,-0.0796848,-0.0152687,0.476469,1,1,1,5.20422,0.015708,0.0127836,-0.00433784,-1.0833,-0.891064
1734,1,-0.0797558,-0.012949,0.44381,1,1,1,5.20422,0,-0.00745708,-0.00435322,-0.838822,-0.845947
1735,1,-0.0798147,-0.0108302,0.410403,1,1,1,5.20422,-0.0244346,0.0010653,-0.0044054,-0.918164,-0.95874
1736,1,-0.0798639,-0.00886532,0.375438,1,1,1,5.20413,0,-0.00213059,-0.00445849,-0.870835,-0.891064
1737,1,-0.0799036,-0.0070781,0.339153,1,1,1,5.20413,0.0139626,0.00852238,-0.00450075,-0.976782,-0.766992
1738,1,-0.0799349,-0.00547593,0.301551,1,1,1,5.20403,-0.0226893,-0.0149142,-0.00451395,-0.706368,-0.823389
1739,1,-0.0799587,-0.00406479,0.262601,1,1,1,5.20413,0.00872665,-0.0223712,-0.00452101,-0.613454,-0.868506
1740,1,-0.0799759,-0.00285194,0.222302,1,1,1,5.20403,0,-0.00532648,-0.00451222,-0.790593,-0.823389
1741,1,-0.0799876,-0.00184408,0.180639,1,1,1,5.20403,0,0.0010653,-0.0045236,-0.855923,-0.721875
1742,1,-0.0799947,-0.00104789,0.137588,1,1,1,5.20403,-0.015708,0.00958767,-0.00451755,-0.945183,-0.620361
1743,1,-0.0799984,-0.000470493,0.0931436,1,1,1,5.20403,0,0.00213059,-0.00450765,-0.861046,-0.80083
1744,1,-0.0799998,-0.000118848,0.0472914,1,1,1,5.20403,0,-0.00532648,-0.00455094,-0.786901,-0.924902
1745,1,-0.08,-3.75223e-12,8.48638e-06,1,1,1,5.20403,0.0191986,-0.00532648,-0.00452865,-0.789189,-0.868506
1746,1,-0.08,-0,-0,1,1,1,5.20403,0,-0.0149142,-0.00451542,-0.681979,-0.879785
1747,1,-0.08,-0,-0,1,1,1,5.20403,0,-0.0117183,-0.00450384,-0.715606,-0.812109
1748,1,-0.08,-0,-0,1,1,1,5.20403,0,0.0234365,-0.00454685,-1.10799,-0.733154
1749,1,-0.08,-0,-0,1,1,1,5.20393,-0.00698132,0.0159795,-0.00456392,-1.02821,-0.766992
1750,1,-0.08,-0,-0,1,1,1,5.20393,-0.010472,0.00319589,-0.00454985,-0.885736,-0.902344
1751,1,-0.08,-0,-0,1,1,1,5.20403,-0.0436332,-0.0234365,-0.00453751,-0.591149,-0.789551
1752,1,-0.08,-0,-0,1,1,1,5.20393,0.00872665,0.00639178,-0.00448378,-0.912169,-0.778271
1753,1,-0.08,-0,-0,1,1,1,5.20393,-0.0401426,-0.0138489,-0.00443822,-0.683508,-0.755713
1754,1,-0.08,-0,-0,1,1,1,5.20403,0.00698132,0.010653,-0.00446873,-0.957056,-0.913623
1755,1,-0.08,-0,-0,1,1,1,5.20393,0,0.00958767,-0.00451606,-0.951584,-0.868506
1756,1,-0.08,-0,-0,1,1,1,5.20384,0,0.00745708,-0.00451239,-0.927663,-0.845947
1757,1,-0.08,-0,-0,1,1,1,5.20393,0,-0.00426119,-0.00447203,-0.793435,-0.64292
1758,1,-0.08,-0,-0,1,1,1,5.20393,0,-0.0266324,-0.00443209,-0.54208,-0.575244
1759,1,-0.08,-0,-0,1,1,1,5.20393,0.0139626,-0.0149142,-0.00441314,-0.668479,-0.755713
1760,1,-0.08,-0,-0,1,1,1,5.20393,0,-0.0149142,-0.00439037,-0.665474,-0.823389
1761,1,-0.08,-0,-0,1,1,1,5.20393,0,0.00639178,-0.00443035,-0.905116,-0.913623
1762,1,-0.08,-0,-0,1,1,1,5.20393,0.0261799,0.00426119,-0.00444812,-0.884024,-0.80083
1763,1,-0.08,-0,-0,1,1,1,5.20384,0.0174533,-0.0117183,-0.00445822,-0.709584,-0.688037
1764,1,-0.08,-0,-0,1,1,1,5.20384,-0.0279253,0.00852238,-0.00445235,-0.931456,-0.80083
1765,1,-0.08,-0,-0,1,1,1,5.20384,0,-0.00426119,-0.00444735,-0.790177,-0.812109
1766,1,-0.08,-0,-0,1,1,1,5.20384,0,-0.00426119,-0.0044396,-0.789155,-0.823389
1767,1,-0.08,-0,-0,1,1,1,5.20384,0,0.0010653,-0.00448109,-0.853222,-0.95874
1768,1,-0.08,-0,-0,1,1,1,5.20384,0,0.00319589,-0.00449958,-0.879099,-0.879785
1769,1,-0.08,-0,-0,1,1,1,5.20384,0,-0.0149142,-0.00449796,-0.679675,-0.834668
1770,1,-0.08,-0,-0,1,1,1,5.20384,0,0.0127836,-0.00450151,-0.984819,-0.80083
1771,1,-0.08,-0,-0,1,1,1,5.20384,0,0.0149142,-0.0044956,-1.00748,-0.891064
1772,1,-0.08,-0,-0,1,1,1,5.20384,0.00174533,-0.0010653,-0.00447742,-0.829301,-0.981299
1773,1,-0.08,-0,-0,1,1,1,5.20384,0,-0.0266324,-0.0044618,-0.546001,-0.789551
1774,1,-0.08,-0,-0,1,1,1,5.20384,0,0.0010653,-0.00447109,-0.851902,-0.766992
1775,1,-0.08,-0,-0,1,1,1,5.20384,0,0.00958767,-0.00446208,-0.94446,-0.823389
1776,1,-0.08,-0,-0,1,1,1,5.20384,-0.00872665,-0.00319589,-0.00447679,-0.805782,-1.00386
1777,1,-0.08,-0,-0,1,1,1,5.20384,0,-0.00639178,-0.00446996,-0.769725,-1.00386
1778,1,-0.08,-0,-0,1,1,1,5.20384,0.020944,0.00319589,-0.00446062,-0.873956,-0.936182
1779,1,-0.08,-0,-0,1,1,1,5.20384,0,0.00426119,-0.0044587,-0.885421,-0.891064
1780,1,-0.08,-0,-0,1,1,1,5.20384,0,-0.00639178,-0.00449148,-0.772565,-0.936182
1781,1,-0.08,-0,-0,1,1,1,5.20384,0.020944,0.0245018,-0.00450955,-1.11478,-0.766992
1782,1,-0.08,-0,-0,1,1,1,5.20374,-0.0279253,0.0127836,-0.00454385,-0.990407,-0.95874
1783,1,-0.08,-0,-0,1,1,1,5.20374,0,-0.0138489,-0.00451235,-0.693293,-0.857227
1784,1,-0.08,-0,-0,1,1,1,5.20374,0,-0.0127836,-0.00452451,-0.706616,-0.924902
1785,1,-0.08,-0,-0,1,1,1,5.20374,0.0191986,0.00639178,-0.00451604,-0.916427,-0.891064
1786,1,-0.08,-0,-0,1,1,1,5.20374,0,0.0149142,-0.00450957,-1.00932,-0.992578
1787,1,-0.08,-0,-0,1,1,1,5.20374,-0.0174533,0.0159795,-0.00451127,-1.02126,-0.710596
1788,1,-0.08,-0,-0,1,1,1,5.20374,-0.010472,-9.78459e-19,-0.00450677,-0.844894,-0.924902
1789,1,-0.08,-0,-0,1,1,1,5.20374,0,-0.00639178,-0.00452091,-0.77645,-0.879785
1790,1,-0.08,-0,-0,1,1,1,5.20374,0,0.00852238,-0.00451079,-0.93917,-0.766992
1791,1,-0.08,-0,-0,1,1,1,5.20374,0,-0.00213059,-0.00449512,-0.81992,-0.924902
1792,1,-0.08,-0,-0,1,1,1,5.20374,0.0139626,-0.00852238,-0.00446952,-0.746231,-0.699316
1793,1,-0.08,-0,-0,1,1,1,5.20374,0,3.26153e-19,-0.00448513,-0.842037,-0.80083
1794,1,-0.08,-0,-0,1,1,1,5.20374,-0.0244346,-0.01811,-0.00447876,-0.641986,-0.891064
1795,1,-0.08,-0,-0,1,1,1,5.20374,0.0174533,0.0117183,-0.00449332,-0.97202,-0.755713
1796,1,-0.08,-0,-0,1,1,1,5.20374,-0.010472,0.00639178,-0.00453772,-0.919288,-0.879785
1797,1,-0.08,-0,-0,1,1,1,5.20374,0,-0.00213059,-0.00451391,-0.8224,-0.823389
1798,1,-0.08,-0,-0,1,1,1,5.20374,-0.00872665,0.00852238,-0.00450789,-0.938788,-0.936182
1799,1,-0.08,-0,-0,1,1,1,5.20374,-0.0244346,-0.00213059,-0.00449946,-0.820492,-0.733154
1800,1,-0.08,-0,-0,1,1,1,5.20374,0,-1.696e-18,-0.00453778,-0.848986,-0.845947
1801,1,-0.08,-0,-0,1,1,1,5.20374,0.0174533,0.00532648,-0.0045596,-0.910458,-0.891064
1802,1,-0.08,-0,-0,1,1,1,5.20365,-0.00872665,-0.00958767,-0.00451389,-0.740369,-0.789551
1803,1,-0.08,-0,-0,1,1,1,5.20374,-0.00872665,-0.0117183,-0.0045627,-0.723375,-0.992578
1804,1,-0.08,-0,-0,1,1,1,5.20365,0,0.00852238,-0.0045415,-0.943224,-0.755713
1805,1,-0.08,-0,-0,1,1,1,5.20365,-0.0226893,0.00319589,-0.00452808,-0.882861,-0.789551
1806,1,-0.08,-0,-0,1,1,1,5.20365,0,0.00639178,-0.00450051,-0.914377,-0.699316
1807,1,-0.08,-0,-0,1,1,1,5.20365,0,-0.00319589,-0.00448012,-0.806221,-0.699316
1808,1,-0.08,-0,-0,1,1,1,5.20365,0,-0.00532648,-0.00449414,-0.784636,-0.789551
1809,1,-0.08,-0,-0,1,1,1,5.20365,0.010472,-0.0010653,-0.00447408,-0.828861,-0.868506
1810,1,-0.08,-0,-0,1,1,1,5.20365,0,-0.00213059,-0.00447155,-0.816809,-0.95874
1811,1,-0.08,-0,-0,1,1,1,5.20365,0,-0.00639178,-0.00445068,-0.767181,-0.699316
1812,1,-0.08,-0,-0,1,1,1,5.20365,0,-0.0010653,-0.00445485,-0.826323,-0.834668
1813,1,-0.08,-0,-0,1,1,1,5.20365,0,0.00213059,-0.00445743,-0.861818,-0.721875
1814,1,-0.08,-0,-0,1,1,1,5.20365,-0.0139626,0.0127836,-0.00453178,-0.988815,-1.06025
1815,1,-0.08,-0,-0,1,1,1,5.20365,0,0.00639178,-0.00455388,-0.921421,-0.936182
1816,1,-0.08,-0,-0,1,1,1,5.20365,0.00872665,0.00426119,-0.00455237,-0.897786,-0.733154
1817,1,-0.08,-0,-0,1,1,1,5.20365,0,-0.0010653,-0.00452812,-0.835994,-0.80083
1818,1,-0.08,-0,-0,1,1,1,5.20365,0.00698132,0.00532648,-0.00451348,-0.904371,-0.710596
1819,1,-0.08,-0,-0,1,1,1,5.20365,-0.00872665,0.0138489,-0.004539,-1.00149,-0.665479
1820,1,-0.08,-0,-0,1,1,1,5.20355,-0.0314159,-0.010653,-0.00452033,-0.7295,-0.80083
1821,1,-0.08,-0,-0,1,1,1,5.20365,-0.00349066,-0.00852238,-0.00454391,-0.75605,-0.823389
1822,1,-0.08,-0,-0,1,1,1,5.20355,0,-0.00319589,-0.00457181,-0.818324,-0.733154
1823,1,-0.08,-0,-0,1,1,1,5.20355,0.0226893,0.0245018,-0.0045436,-1.11927,-0.654199
1824,1,-0.08,-0,-0,1,1,1,5.20355,-0.0610865,-0.00426119,-0.00457772,-0.807385,-0.913623
1825,1,-0.08,-0,-0,1,1,1,5.20355,0,-0.0127836,-0.00457736,-0.713593,-0.823389
1826,1,-0.08,-0,-0,1,1,1,5.20355,0,-0.0127836,-0.00453299,-0.707735,-0.721875
1827,1,-0.08,-0,-0,1,1,1,5.20355,0,0.01811,-0.00452919,-1.04706,-0.789551
1828,1,-0.08,-0,-0,1,1,1,5.20355,-0.00174533,0.00639178,-0.004522,-0.917213,-0.823389
1829,1,-0.08,-0,-0,1,1,1,5.20355,0,-3.1963e-18,-0.00454501,-0.849941,-0.823389
1830,1,-0.08,-0,-0,1,1,1,5.20355,-0.015708,0.0138489,-0.00458298,-1.00729,-0.80083
1831,1,-0.08,-0,-0,1,1,1,5.20355,0,0.00745708,-0.00455515,-0.933308,-0.845947
1832,1,-0.08,-0,-0,1,1,1,5.20355,-0.0226893,-0.00213059,-0.00456674,-0.829374,-1.15049
1833,1,-0.08,-0,-0,1,1,1,5.20355,0,-0.00958767,-0.00455396,-0.745658,-0.823389
1834,1,-0.08,-0,-0,1,1,1,5.20355,0,0.00426119,-0.0045671,-0.89973,-0.845947
1835,1,-0.08,-0,-0,1,1,1,5.20345,-0.00872665,-0.0117183,-0.00451937,-0.717656,-0.936182
1836,1,-0.08,-0,-0,1,1,1,5.20355,0.0174533,-0.0191753,-0.00453744,-0.638013,-0.868506
1837,1,-0.08,-0,-0,1,1,1,5.20355,0.0279253,0.00745708,-0.00455446,-0.933216,-0.981299
1838,1,-0.08,-0,-0,1,1,1,5.20345,0,-0.0223712,-0.00455656,-0.605383,-0.913623
1839,1,-0.08,-0,-0,1,1,1,5.20345,0.00698132,0.00426119,-0.00456325,-0.899222,-1.02642
1840,1,-0.08,-0,-0,1,1,1,5.20345,0,0.00426119,-0.004567,-0.899718,-0.879785
1841,1,-0.08,-0,-0,1,1,1,5.20345,-0.0191986,-0.00958767,-0.00458718,-0.750043,-0.947461
1842,1,-0.08,-0,-0,1,1,1,5.20345,0,0.028763,-0.00462328,-1.17667,-1.0377
1843,1,-0.08,-0,-0,1,1,1,5.20336,-0.0349066,0,-0.00463734,-0.862129,-0.924902
1844,1,-0.08,-0,-0,1,1,1,5.20345,0,-0.00745708,-0.00466761,-0.784097,-1.00386
1845,1,-0.08,-0,-0,1,1,1,5.20345,0.0226893,0.00213059,-0.00465423,-0.887795,-0.834668
1846,1,-0.0799998,0.000118773,0.0472765,1,1,1,5.20345,0,0.00852238,-0.00461384,-0.944625,-0.654199
1847,1,-0.0799984,0.000470326,0.0931274,1,1,1,5.20345,-0.010472,-0.0117183,-0.00461019,-0.710692,-0.812109
1848,1,-0.0799947,0.0010477,0.137576,1,1,1,5.20345,0,0.0159795,-0.00461851,-1.00309,-0.845947
1849,1,-0.0799876,0.00184391,0.180631,1,1,1,5.20345,-0.00523599,0.00319589,-0.00461964,-0.846747,-0.789551
1850,1,-0.0799759,0.00285167,0.222292,1,1,1,5.20345,0,0.00745708,-0.00459882,-0.872602,-0.97002
1851,1,-0.0799587,0.0040645,0.262593,1,1,1,5.20345,0,-0.00852238,-0.00458599,-0.674538,-0.902344
1852,1,-0.079935,0.00547535,0.301537,1,1,1,5.20345,0.0366519,-0.00532648,-0.00458142,-0.686254,-0.766992
1853,1,-0.0799036,0.00707768,0.339144,1,1,1,5.20345,0.0383972,0.00639178,-0.00456301,-0.787726,-0.789551
1854,1,-0.0798639,0.00886469,0.375426,1,1,1,5.20345,-0.015708,0.0138489,-0.0045437,-0.840126,-0.857227
1855,1,-0.0798147,0.0108298,0.410397,1,1,1,5.20345,0,-0.00745708,-0.00447852,-0.568076,-0.575244
1856,1,-0.0797553,0.0129664,0.44407,1,1,1,5.20345,-0.020944,0.00745708,-0.00445222,-0.697658,-0.80083
1857,1,-0.0796848,0.0152683,0.476462,1,1,1,5.20345,0,0.010653,-0.00437218,-0.689396,-0.575244
1858,1,-0.0796023,0.0177288,0.507587,1,1,1,5.20345,0,-0.0117183,-0.00430577,-0.399925,-0.631641
1859,1,-0.0795072,0.0203422,0.537463,1,1,1,5.20355,0.0191986,-0.00852238,-0.00419691,-0.38439,-0.541406
1860,1,-0.0793987,0.0231015,0.566097,1,1,1,5.20355,0.020944,-0.0127836,-0.00406447,-0.282099,-0.31582
1861,1,-0.079276,0.0260011,0.593508,1,1,1,5.20355,0,0.0138489,-0.00395457,-0.52106,-0.530127
1862,1,-0.0791384,0.0290344,0.619707,1,1,1,5.20365,0.00872665,0.0117183,-0.00386408,-0.44472,-0.428613
1863,1,-0.0789854,0.0321961,0.644714,1,1,1,5.20365,0,0.0170448,-0.00375904,-0.447083,-0.3271
1864,1,-0.0788163,0.0354799,0.66854,1,1,1,5.20365,0.0174533,0.010653,-0.00363598,-0.316832,-0.349658
1865,1,-0.0786304,0.0388795,0.691197,1,1,1,5.20365,0,0.00745708,-0.00346327,-0.213484,-0.304541
1866,1,-0.0784273,0.0423898,0.712704,1,1,1,5.20374,0.020944,-0.00213059,-0.00325621,-0.0343327,-0.225586
1867,1,-0.0782064,0.0460046,0.733072,1,1,1,5.20384,0.0174533,0.0010653,-0.00307297,0.00154819,-0.112793
1868,1,-0.0779671,0.0497186,0.752318,1,1,1,5.20384,0.0139626,0.0255671,-0.00286797,-0.190483,-0.15791
1869,1,-0.077709,0.0535258,0.770454,1,1,1,5.20393,0.00174533,0.0255671,-0.00262506,-0.105708,-0.101514
1870,1,-0.0774317,0.0574213,0.787498,1,1,1,5.20393,0.0174533,0.0213059,-0.00247697,0.010224,-0.124072
1871,1,-0.0771347,0.0613987,0.803458,1,1,1,5.20403,0.0191986,0.0266324,-0.00222938,0.0400117,0.0338379
1872,1,-0.0768176,0.0654542,0.818357,1,1,1,5.20413,0.0139626,0.0202406,-0.00198593,0.199549,0
1873,1,-0.07648,0.0695811,0.832203,1,1,1,5.20422,0.0174533,0.0351548,-0.00172441,0.130262,0.0789551
1874,1,-0.0761216,0.0737746,0.845012,1,1,1,5.20432,0.0314159,0.0234365,-0.00148575,0.350117,0.0112793
1875,1,-0.0757421,0.0780298,0.856799,1,1,1,5.20461,0.0436332,0.0127836,-0.0011933,0.570199,0.451172
1876,1,-0.0753412,0.0823409,0.867577,1,1,1,5.2047,0.0279253,0.0372854,-0.000904994,0.404831,0.48501
1877,1,-0.0749186,0.0867041,0.877363,1,1,1,5.20489,0.0191986,0.0404813,-0.00068766,0.460817,0.428613
1878,1,-0.0744741,0.0911128,0.886168,1,1,1,5.20508,0.0488692,0.0564607,-0.000499389,0.372764,0.349658
1879,1,-0.0740075,0.0955634,0.894008,1,1,1,5.20547,0.0698132,0.0458078,-0.000278935,0.583543,0.597803
1880,1,-0.0735184,0.100052,0.9009,1,1,1,5.20566,0.0226893,0.0479384,-8.68858e-05,0.650284,0.406055
1881,1,-0.0730069,0.104571,0.906854,1,1,1,5.20623,0.109956,0.0458078,0.000111225,0.76589,0.552686
1882,1,-0.0724727,0.109118,0.911887,1,1,1,5.20652,0.0645772,0.102269,0.000246227,0.228805,0.530127
1883,1,-0.0719157,0.113688,0.916012,1,1,1,5.20691,0.0453786,0.0990726,0.000363134,0.34244,0.530127
1884,1,-0.0713358,0.118277,0.919245,1,1,1,5.20739,0.0925025,0.0884196,0.0004966,0.541135,0.338379
1885,1,-0.0707329,0.122879,0.9216,1,1,1,5.20796,0.113446,0.0926808,0.000584258,0.569405,0.451172
1886,1,-0.070107,0.127491,0.92309,1,1,1,5.20825,0.0925025,0.0980073,0.0006873,0.587514,0.518848
1887,1,-0.069458,0.132109,0.923731,1,1,1,5.20892,0.120428,0.117183,0.000802245,0.456056,0.428613
1888,1,-0.0687858,0.136728,0.923537,1,1,1,5.2094,0.127409,0.0990726,0.00095738,0.741527,0.609082
1889,1,-0.0680907,0.141343,0.922522,1,1,1,5.21017,0.113446,0.121444,0.00102496,0.567694,0.530127
1890,1,-0.0673725,0.145951,0.9207,1,1,1,5.21055,0.116937,0.127836,0.00114875,0.579311,0.609082
1891,1,-0.0666312,0.150549,0.918087,1,1,1,5.21132,0.0872665,0.14275,0.00126078,0.495209,0.609082
1892,1,-0.065867,0.155131,0.914696,1,1,1,5.21189,0.171042,0.118248,0.00136029,0.841302,0.64292
1893,1,-0.06508,0.159694,0.910542,1,1,1,5.21275,0.169297,0.154468,0.00143467,0.517184,0.620361
1894,1,-0.0642701,0.164235,0.905638,1,1,1,5.21333,0.13439,0.173643,0.0015173,0.381098,0.688037
1895,1,-0.0634376,0.168749,0.900001,1,1,1,5.2141,0.111701,0.16086,0.00159066,0.593018,0.586523
1896,1,-0.0625827,0.173234,0.893643,1,1,1,5.21486,0.178024,0.159795,0.00166908,0.677511,0.496289
1897,1,-0.0617053,0.177685,0.88658,1,1,1,5.21582,0.150098,0.157664,0.00180769,0.783715,0.778271
1898,1,-0.0608059,0.182098,0.878826,1,1,1,5.21649,0.188496,0.188558,0.0018933,0.519024,0.755713
1899,1,-0.0598844,0.186472,0.870395,1,1,1,5.21745,0.15708,0.188558,0.00195259,0.58756,0.834668
1900,1,-0.0589412,0.190801,0.861302,1,1,1,5.21832,0.205949,0.171513,0.00200064,0.839753,0.744434
1901,1,-0.0579765,0.195084,0.85156,1,1,1,5.21937,0.21293,0.189623,0.00198841,0.69558,0.586523
1902,1,-0.0569905,0.199316,0.841185,1,1,1,5.22004,0.179769,0.193884,0.0019833,0.704029,0.710596
1903,1,-0.0559834,0.203495,0.83019,1,1,1,5.22119,0.195477,0.194949,0.00202015,0.753847,0.631641
1904,1,-0.0549556,0.207617,0.818592,1,1,1,5.22215,0.244346,0.199211,0.00201625,0.760652,0.755713
1905,1,-0.0539074,0.211679,0.806403,1,1,1,5.2233,0.223402,0.203472,0.00206156,0.775754,0.699316
1906,1,-0.052839,0.21568,0.793637,1,1,1,5.22416,0.18326,0.201341,0.00211378,0.862549,0.812109
1907,1,-0.0517507,0.219615,0.780309,1,1,1,5.2256,0.225147,0.204537,0.00211715,0.880837,0.766992
1908,1,-0.0506429,0.223482,0.766435,1,1,1,5.22627,0.214675,0.21519,0.00210743,0.813643,0.812109
1909,1,-0.0495159,0.227279,0.752027,1,1,1,5.22771,0.221657,0.219451,0.00209687,0.814593,0.620361
1910,1,-0.0483704,0.231001,0.737104,1,1,1,5.22857,0.246091,0.255671,0.002016,0.452212,0.48501
1911,1,-0.047206,0.234649,0.721672,1,1,1,5.23001,0.216421,0.235431,0.0019991,0.719045,0.597803
1912,1,-0.0460239,0.238217,0.705754,1,1,1,5.23097,0.282743,0.249279,0.00195506,0.606388,0.766992
1913,1,-0.0448241,0.241705,0.68936,1,1,1,5.23231,0.253073,0.240757,0.0019553,0.745553,0.688037
1914,1,-0.0436069,0.24511,0.672504,1,1,1,5.23346,0.272271,0.240757,0.00194871,0.788968,0.699316
1915,1,-0.042373,0.24843,0.655201,1,1,1,5.23481,0.258309,0.246084,0.00189488,0.764281,0.496289
1916,1,-0.0411227,0.251662,0.637468,1,1,1,5.23586,0.29147,0.25141,0.00187663,0.744775,0.710596
1917,1,-0.0398567,0.254803,0.619318,1,1,1,5.23739,0.260054,0.263128,0.00188757,0.659607,0.80083
1918,1,-0.038575,0.257854,0.600764,1,1,1,5.23845,0.21293,0.274847,0.00180004,0.555224,0.563965
1919,1,-0.0372782,0.260811,0.58182,1,1,1,5.23998,0.342085,0.246084,0.00178972,0.907333,0.710596
1920,1,-0.0359669,0.263672,0.562502,1,1,1,5.24123,0.267035,0.258867,0.00185811,0.816296,0.778271
1921,1,-0.0346417,0.266435,0.542826,1,1,1,5.24267,0.244346,0.276977,0.00183738,0.650068,0.609082
1922,1,-0.0333029,0.269099,0.522803,1,1,1,5.24382,0.305433,0.260998,0.00180167,0.853251,0.620361
1923,1,-0.0319508,0.271662,0.502447,1,1,1,5.24554,0.300197,0.273781,0.00176685,0.740871,0.688037
1924,1,-0.0305862,0.274123,0.481774,1,1,1,5.2465,0.240855,0.2855,0.00177857,0.646839,0.845947
1925,1,-0.0292098,0.27648,0.460803,1,1,1,5.24832,0.242601,0.265259,0.00175823,0.895766,0.733154
1926,1,-0.0278218,0.278731,0.439542,1,1,1,5.24938,0.296706,0.284434,0.0017368,0.71077,0.710596
1927,1,-0.0264225,0.280875,0.418004,1,1,1,5.2512,0.298451,0.272716,0.00171531,0.863014,0.744434
1928,1,-0.0250131,0.28291,0.396211,1,1,1,5.25245,0.287979,0.280173,0.00167075,0.799657,0.721875
1929,1,-0.0235938,0.284836,0.374174,1,1,1,5.25417,0.352557,0.292957,0.00164283,0.679641,0.789551
1930,1,-0.022165,0.286652,0.351903,1,1,1,5.25542,0.246091,0.292957,0.00156249,0.687985,0.676758
1931,1,-0.0207275,0.288355,0.329419,1,1,1,5.25705,0.347321,0.300414,0.00148686,0.614068,0.620361
1932,1,-0.0192817,0.289945,0.306731,1,1,1,5.2581,0.23911,0.256737,0.00150046,1.11607,0.676758
1933,1,-0.0178281,0.291422,0.283855,1,1,1,5.26012,0.331613,0.2855,0.00154894,0.828382,0.710596
1934,1,-0.0163676,0.292784,0.26081,1,1,1,5.26117,0.284489,0.280173,0.00155937,0.906696,0.789551
1935,1,-0.0149005,0.29403,0.237603,1,1,1,5.2629,0.331613,0.308936,0.00155482,0.606434,0.845947
1936,1,-0.0134274,0.29516,0.214253,1,1,1,5.26386,0.207694,0.288695,0.0016153,0.854122,0.868506
1937,1,-0.0119491,0.296172,0.190775,1,1,1,5.26568,0.240855,0.268455,0.00164185,1.09375,0.812109
1938,1,-0.010466,0.297067,0.167181,1,1,1,5.26673,0.324631,0.2855,0.00172097,0.932946,0.95874
1939,1,-0.0089785,0.297844,0.143483,1,1,1,5.26846,0.256563,0.276977,0.00177593,1.04663,1.02642
1940,1,-0.00748763,0.298502,0.119702,1,1,1,5.2697,0.301942,0.295087,0.00187133,0.874374,1.0377
1941,1,-0.00599391,0.299041,0.0958513,1,1,1,5.27143,0.244346,0.268455,0.00194708,1.18895,1.00386
1942,1,-0.00449754,0.29946,0.0719391,1,1,1,5.27258,0.310669,0.301479,0.00199149,0.841301,1.06025
1943,1,-0.00299938,0.29976,0.0479837,1,1,1,5.27411,0.300197,0.284434,0.00208735,1.05046,0.891064
1944,1,-0.0015002,0.29994,0.0240024,1,1,1,5.27555,0.300197,0.274847,0.00213241,1.16807,0.992578
1945,1,-1.029e-07,0.3,1.6464e-06,1,1,1,5.27728,0.380482,0.296153,0.00220086,0.949011,0.992578
1946,1,0.0014996,0.29994,-0.0239928,1,1,1,5.27852,0.275762,0.306806,0.00222392,0.837833,1.0377
1947,1,0.00299896,0.29976,-0.0479769,1,1,1,5.28025,0.272271,0.316393,0.00197778,0.696927,0.721875
1948,1,0.00449722,0.29946,-0.0719339,1,1,1,5.2814,0.350811,0.290826,0.00193329,0.967144,0.879785
1949,1,0.00599323,0.299041,-0.0958405,1,1,1,5.28332,0.321141,0.30574,0.00189835,0.794179,0.823389
1950,1,0.00748744,0.298502,-0.119699,1,1,1,5.28456,0.305433,0.312132,0.00184168,0.708838,0.834668
1951,1,0.00897822,0.297844,-0.143478,1,1,1,5.28648,0.312414,0.314263,0.00179562,0.668016,0.868506
1952,1,0.0104656,0.297067,-0.167175,1,1,1,5.28763,0.268781,0.319589,0.00169845,0.58334,0.755713
1953,1,0.0119487,0.296172,-0.190768,1,1,1,5.28945,0.357792,0.315328,0.00157596,0.598089,0.733154
1954,1,0.0134272,0.29516,-0.214249,1,1,1,5.2906,0.240855,0.314263,0.00148243,0.580791,0.563965
1955,1,0.0149002,0.29403,-0.237598,1,1,1,5.29252,0.308923,0.30574,0.0014205,0.649761,0.766992
1956,1,0.0163672,0.292784,-0.260803,1,1,1,5.29367,0.300197,0.296153,0.00137396,0.731479,0.834668
1957,1,0.0178276,0.291423,-0.283848,1,1,1,5.29549,0.270526,0.307871,0.00134484,0.580016,0.755713
1958,1,0.0192813,0.289946,-0.306725,1,1,1,5.29664,0.29147,0.318524,0.00127769,0.432591,0.631641
1959,1,0.020727,0.288355,-0.329412,1,1,1,5.29837,0.247837,0.296153,0.0012808,0.656439,0.766992
1960,1,0.0221647,0.286652,-0.351899,1,1,1,5.29962,0.308923,0.279108,0.00124226,0.814707,0.654199
1961,1,0.0235934,0.284837,-0.374167,1,1,1,5.30134,0.34383,0.297218,0.00127307,0.594147,0.834668
1962,1,0.0250128,0.282911,-0.396206,1,1,1,5.30249,0.211185,0.301479,0.00125561,0.518196,0.64292
1963,1,0.0264223,0.280875,-0.418001,1,1,1,5.30412,0.310669,0.272716,0.00124852,0.805551,0.563965
1964,1,0.0278212,0.278731,-0.439534,1,1,1,5.30527,0.322886,0.248214,0.00128218,1.05013,0.868506
1965,1,0.0292094,0.27648,-0.460797,1,1,1,5.3069,0.29147,0.279108,0.00131896,0.684517,0.834668
1966,1,0.030586,0.274124,-0.481772,1,1,1,5.30796,0.253073,0.275912,0.00129275,0.684299,0.755713
1967,1,0.0319505,0.271663,-0.502442,1,1,1,5.30959,0.286234,0.291891,0.00127946,0.473632,0.755713
1968,1,0.0333025,0.2691,-0.522797,1,1,1,5.31055,0.225147,0.278043,0.00126548,0.589753,0.699316
1969,1,0.0346413,0.266436,-0.54282,1,1,1,5.31218,0.279253,0.263128,0.00124729,0.715848,0.710596
1970,1,0.0359666,0.263672,-0.562497,1,1,1,5.31313,0.244346,0.239692,0.00129006,0.942555,0.789551
1971,1,0.0372778,0.260811,-0.581814,1,1,1,5.31476,0.268781,0.259932,0.00132284,0.686374,0.857227
1972,1,0.0385746,0.257855,-0.600759,1,1,1,5.31563,0.20944,0.268455,0.00136319,0.558939,0.823389
1973,1,0.0398561,0.254805,-0.619311,1,1,1,5.31707,0.211185,0.239692,0.00144936,0.846618,0.947461
1974,1,0.0411224,0.251662,-0.637463,1,1,1,5.31802,0.218166,0.250345,0.0015059,0.695741,0.64292
1975,1,0.0423728,0.24843,-0.655198,1,1,1,5.31946,0.247837,0.226908,0.00158839,0.922206,0.902344
1976,1,0.0436067,0.245111,-0.6725,1,1,1,5.32042,0.214675,0.232235,0.00164957,0.828475,0.868506
1977,1,0.0448236,0.241707,-0.689353,1,1,1,5.32176,0.235619,0.224778,0.00172487,0.87626,1.01514
1978,1,0.0460236,0.238218,-0.70575,1,1,1,5.32263,0.178024,0.222647,0.00176719,0.860106,0.778271
1979,1,0.0472058,0.234649,-0.721669,1,1,1,5.32406,0.232129,0.243953,0.00178212,0.581623,0.733154
1980,1,0.0483699,0.231002,-0.737098,1,1,1,5.32483,0.179769,0.232235,0.00183807,0.670937,0.597803
1981,1,0.0495157,0.227279,-0.752025,1,1,1,5.32627,0.181514,0.194949,0.00183987,1.03345,0.631641
1982,1,0.0506426,0.223483,-0.766431,1,1,1,5.32713,0.274017,0.2333,0.00183513,0.562322,0.744434
1983,1,0.0517503,0.219616,-0.780304,1,1,1,5.32828,0.162316,0.218386,0.00182991,0.676219,0.563965
1984,1,0.0528386,0.215681,-0.793632,1,1,1,5.32924,0.279253,0.199211,0.00185071,0.839668,0.676758
1985,1,0.0539071,0.21168,-0.806398,1,1,1,5.33058,0.207694,0.207733,0.00181781,0.690659,0.552686
1986,1,0.0549553,0.207618,-0.818588,1,1,1,5.33145,0.240855,0.220516,0.00178986,0.494728,0.620361
1987,1,0.0559831,0.203496,-0.830187,1,1,1,5.3325,0.226893,0.223712,0.00176678,0.404275,0.518848
1988,1,0.0569902,0.199317,-0.841182,1,1,1,5.33346,0.188496,0.205602,0.00166679,0.536112,0.372217
1989,1,0.0579762,0.195085,-0.851557,1,1,1,5.33461,0.277507,0.208798,0.00160271,0.440098,0.406055
1990,1,0.0589409,0.190803,-0.861298,1,1,1,5.33528,0.123918,0.188558,0.00157849,0.605809,0.48501
1991,1,0.0598842,0.186473,-0.870393,1,1,1,5.33653,0.230383,0.182166,0.00159378,0.623661,0.541406
1992,1,0.0608056,0.1821,-0.878823,1,1,1,5.3372,0.151844,0.177905,0.0015816,0.614029,0.586523
1993,1,0.061705,0.177686,-0.886577,1,1,1,5.33825,0.205949,0.182166,0.00158189,0.511889,0.541406
1994,1,0.0625825,0.173235,-0.893642,1,1,1,5.33902,0.174533,0.16086,0.00160436,0.693536,0.64292
1995,1,0.0634374,0.16875,-0.899999,1,1,1,5.33998,0.171042,0.159795,0.00160602,0.649503,0.654199
1996,1,0.0642699,0.164236,-0.905637,1,1,1,5.34046,0.0837758,0.164056,0.0016377,0.550558,0.496289
1997,1,0.0650797,0.159696,-0.91054,1,1,1,5.34151,0.153589,0.14488,0.0016161,0.702173,0.462451
1998,1,0.0658668,0.155132,-0.914695,1,1,1,5.34199,0.148353,0.154468,0.0016811,0.548642,0.710596
1999,1,0.066631,0.15055,-0.918086,1,1,1,5.34295,0.0837758,0.138489,0.00176168,0.678287,0.755713
2000,1,0.0673722,0.145953,-0.9207,1,1,1,5.34343,0.15708,0.134227,0.00183583,0.678118,0.710596
2001,1,0.0680906,0.141344,-0.922522,1,1,1,5.3442,0.0994838,0.115052,0.00194464,0.846536,0.688037
2002,1,0.0687856,0.136729,-0.923537,1,1,1,5.34477,0.188496,0.131032,0.00202285,0.624263,0.857227
2003,1,0.0694578,0.13211,-0.923731,1,1,1,5.34535,0.0750492,0.115052,0.00211871,0.75594,0.721875
2004,1,0.0701068,0.127493,-0.923091,1,1,1,5.34592,0.146608,0.120379,0.002147,0.644462,0.620361
2005,1,0.0707327,0.122881,-0.9216,1,1,1,5.34659,0.148353,0.102269,0.00224704,0.800438,0.789551
2006,1,0.0713356,0.118278,-0.919246,1,1,1,5.34707,0.0820305,0.102269,0.0023152,0.753238,0.789551
2007,1,0.0719156,0.113689,-0.916013,1,1,1,5.34765,0.137881,0.0980073,0.0023299,0.746155,0.609082
2008,1,0.0724725,0.10912,-0.911888,1,1,1,5.34794,0.0663225,0.0916155,0.00232037,0.759664,0.563965
2009,1,0.0730068,0.104572,-0.906855,1,1,1,5.34851,0.153589,0.0916155,0.00239777,0.714731,0.597803
2010,1,0.0735184,0.100052,-0.9009,1,1,1,5.34899,0.0785398,0.10653,0.00247146,0.505733,0.733154
2011,1,0.0740073,0.095565,-0.894011,1,1,1,5.34928,0.0366519,0.0798973,0.00251922,0.750864,0.563965
2012,1,0.074474,0.0911138,-0.88617,1,1,1,5.34966,0.122173,0.0767014,0.00257486,0.739799,0.721875
2013,1,0.0749185,0.0867048,-0.877365,1,1,1,5.35014,0.0785398,0.068179,0.00267681,0.794099,0.913623
2014,1,0.0753412,0.0823418,-0.867579,1,1,1,5.35043,0.0244346,0.0745708,0.00272883,0.678454,0.733154
2015,1,0.075742,0.0780307,-0.856802,1,1,1,5.35072,0.0925025,0.0639178,0.00285277,0.760578,0.924902
2016,1,0.0761216,0.0737753,-0.845014,1,1,1,5.3511,0.0436332,0.0671137,0.00292851,0.684824,0.845947
2017,1,0.0764799,0.0695821,-0.832207,1,1,1,5.35129,0.0331613,0.0937461,0.00295745,0.346001,0.64292
2018,1,0.0768174,0.0654556,-0.818362,1,1,1,5.35148,0.0610865,0.0479384,0.00302214,0.809702,0.586523
2019,1,0.0771346,0.0614006,-0.803466,1,1,1,5.35187,0.0593412,0.0383507,0.00313456,0.882309,0.710596
2020,1,0.0774316,0.0574227,-0.787504,1,1,1,5.35206,0.0471239,0.028763,0.00322301,0.952851,0.755713
2021,1,0.0777089,0.053527,-0.77046,1,1,1,5.35225,0.0733038,0.0543301,0.00327263,0.632727,0.721875
2022,1,0.077967,0.0497201,-0.752325,1,1,1,5.35244,0.0174533,0.0479384,0.00337517,0.672388,0.834668
2023,1,0.0782063,0.0460057,-0.733078,1,1,1,5.35263,0,0.0255671,0.00338051,0.876279,0.586523
2024,1,0.0784272,0.0423906,-0.712708,1,1,1,5.35273,0.0663225,0.0426119,0.00341631,0.651995,0.755713
2025,1,0.0786304,0.0388808,-0.691205,1,1,1,5.35283,0,0.0191753,0.00351724,0.883056,0.665479
2026,1,0.0788162,0.0354807,-0.668545,1,1,1,5.35311,0.0558505,-0.00532648,0.00358058,1.12239,0.812109
2027,1,0.0789854,0.0321969,-0.644719,1,1,1,5.35321,0.0628319,0.00639178,0.0035843,0.957017,0.586523
2028,1,0.0791384,0.0290351,-0.619713,1,1,1,5.35321,-0.00872665,0.01811,0.00361082,0.796324,0.789551
2029,1,0.0792759,0.0260018,-0.593514,1,1,1,5.35331,0.0436332,0.0191753,0.00366754,0.758546,0.710596
2030,1,0.0793986,0.0231022,-0.566103,1,1,1,5.3534,0,0.00852238,0.00372243,0.851242,0.812109
2031,1,0.0795072,0.0203427,-0.537468,1,1,1,5.3534,0,-0.00639178,0.00376053,0.990487,0.676758
2032,1,0.0796023,0.0177295,-0.507596,1,1,1,5.3535,0.0349066,0.00426119,0.00382305,0.853691,0.891064
2033,1,0.0796847,0.0152691,-0.476474,1,1,1,5.3535,0,1.82646e-18,0.00393421,0.889424,0.857227
2034,1,0.0797553,0.0129672,-0.444082,1,1,1,5.35359,0.015708,0.00745708,0.00396458,0.787717,0.688037
2035,1,0.0798147,0.0108302,-0.410403,1,1,1,5.35359,0,0.00532648,0.00394107,0.78657,0.766992
2036,1,0.0798639,0.00886498,-0.375431,1,1,1,5.35359,0.00523599,0.00426119,0.00398102,0.784375,0.80083
2037,1,0.0799036,0.00707803,-0.339152,1,1,1,5.35359,0,-0.0127836,0.00399907,0.957436,0.710596
2038,1,0.0799355,0.00544515,-0.300769,1,1,1,5.35359,0.00698132,-0.0010653,0.00401154,0.815559,0.597803
2039,1,0.0799588,0.00405649,-0.262351,1,1,1,5.35359,0,0.0149142,0.00400962,0.627913,0.755713
2040,1,0.0799759,0.00285143,-0.222284,1,1,1,5.35359,0,1.10892e-18,0.00403862,0.786666,0.676758
2041,1,0.0799876,0.00184419,-0.180644,1,1,1,5.35359,0,-8.47998e-19,0.00405592,0.78247,0.879785
2042,1,0.0799947,0.00104794,-0.137591,1,1,1,5.35359,0,-0.00958767,0.00404688,0.883054,0.857227
2043,1,0.0799984,0.000470542,-0.0931483,1,1,1,5.35359,0,-0.0149142,0.00403145,0.938806,0.620361
2044,1,0.0799998,0.000118828,-0.0472874,1,1,1,5.35359,0.00349066,0.010653,0.00400193,0.655841,0.699316
2045,1,0.08,1.48361e-13,-1.6896e-06,1,1,1,5.35359,0,-0.01811,0.00401604,0.979328,0.721875
2046,1,0.08,0,0,1,1,1,5.35359,0.00872665,0.00426119,0.00402469,0.734386,0.834668
2047,1,0.08,0,0,1,1,1,5.35359,0,-0.00426119,0.00401182,0.826433,0.97002
2048,1,0.08,0,0,1,1,1,5.35359,-0.0244346,-0.0010653,0.00403704,0.794607,0.789551
2049,1,0.08,0,0,1,1,1,5.35369,-0.015708,-0.0213059,0.00400473,1.01299,0.518848
2050,1,0.08,0,0,1,1,1,5.35369,0.0366519,0.0170448,0.00397316,0.586965,0.812109
2051,1,0.08,0,0,1,1,1,5.35369,0,0.0127836,0.00394209,0.629737,0.823389
2052,1,0.08,0,0,1,1,1,5.35369,-0.0314159,0.0127836,0.00392791,0.627865,0.721875
2053,1,0.08,0,0,1,1,1,5.35369,-0.00349066,0.00958767,0.00392641,0.662822,0.744434
2054,1,0.08,0,0,1,1,1,5.35369,0,0.00958767,0.00392598,0.662766,0.744434
2055,1,0.08,0,0,1,1,1,5.35369,-0.00872665,0.00532648,0.00389589,0.705667,0.688037
2056,1,0.08,0,0,1,1,1,5.35369,0.0139626,-0.00319589,0.00388746,0.798299,0.766992
2057,1,0.08,0,0,1,1,1,5.35369,0,-0.0127836,0.00385284,0.899194,0.710596
2058,1,0.08,0,0,1,1,1,5.35369,0,0.0127836,0.00383686,0.615846,0.812109
2059,1,0.08,0,0,1,1,1,5.35369,0,-0.00532648,0.00386122,0.818272,0.857227
2060,1,0.08,0,0,1,1,1,5.35369,0,0.00319589,0.00385679,0.723941,0.778271
2061,1,0.08,0,0,1,1,1,5.35369,0,0.0010653,0.00383163,0.744057,0.766992
2062,1,0.08,0,0,1,1,1,5.35369,0,0.00958767,0.00385569,0.653486,0.879785
2063,1,0.08,0,0,1,1,1,5.35369,-0.00349066,0.0138489,0.00385886,0.607032,0.789551
2064,1,0.08,0,0,1,1,1,5.35369,0,-0.0138489,0.00383541,0.908611,0.766992
2065,1,0.08,0,0,1,1,1,5.35369,0.00872665,0.00532648,0.00383127,0.697136,0.744434
2066,1,0.08,0,0,1,1,1,5.35369,0,-0.00745708,0.00384125,0.839073,0.868506
2067,1,0.08,0,0,1,1,1,5.35378,0,-0.0202406,0.00386621,0.982987,0.609082
2068,1,0.08,0,0,1,1,1,5.35378,0.0174533,0.00426119,0.00384354,0.710474,0.812109
2069,1,0.08,0,0,1,1,1,5.35378,0,0.00639178,0.00382432,0.6845,0.766992
2070,1,0.08,0,0,1,1,1,5.35378,-0.00349066,0.0255671,0.00378196,0.46798,0.609082
2071,1,0.08,0,0,1,1,1,5.35369,-0.0261799,0.0010653,0.0037816,0.737453,0.812109
2072,1,0.08,0,0,1,1,1,5.35378,0.00872665,-0.010653,0.00380613,0.869592,0.879785
2073,1,0.08,0,0,1,1,1,5.35378,0,0.0308936,0.00379833,0.41155,0.913623
2074,1,0.08,0,0,1,1,1,5.35378,0,-0.010653,0.00378088,0.866258,0.665479
2075,1,0.08,0,0,1,1,1,5.35378,0,-0.00213059,0.00375107,0.768578,0.744434
2076,1,0.08,0,0,1,1,1,5.35378,0,0.0213059,0.00376766,0.512966,0.766992
2077,1,0.08,0,0,1,1,1,5.35369,-0.010472,0.00532648,0.00377651,0.689908,0.755713
2078,1,0.08,0,0,1,1,1,5.35378,-0.00523599,-0.00852238,0.00377312,0.841798,0.575244
2079,1,0.08,0,0,1,1,1,5.35378,0.0174533,0.00745708,0.0037736,0.666088,0.834668
2080,1,0.08,0,0,1,1,1,5.35378,-0.0174533,0.00852238,0.00375918,0.652466,0.699316
2081,1,0.08,0,0,1,1,1,5.35378,0,0.0213059,0.00374031,0.509356,0.766992
2082,1,0.08,0,0,1,1,1,5.35378,0,-0.0159795,0.00370377,0.914671,0.563965
2083,1,0.08,0,0,1,1,1,5.35378,0.00349066,0.00745708,0.00371789,0.658733,0.699316
2084,1,0.08,0,0,1,1,1,5.35378,0.0139626,0.00745708,0.00373369,0.660819,0.631641
2085,1,0.08,0,0,1,1,1,5.35378,0,0.0255671,0.00377176,0.466634,0.891064
2086,1,0.08,0,0,1,1,1,5.35378,0,0.00532648,0.00372716,0.683394,0.631641
2087,1,0.08,0,0,1,1,1,5.35378,0,-9.13229e-19,0.00373694,0.743277,0.733154
2088,1,0.08,0,0,1,1,1,5.35378,0,0.00745708,0.00372159,0.659223,0.733154
2089,1,0.08,0,0,1,1,1,5.35378,0,-0.00532648,0.00375432,0.804161,0.609082
2090,1,0.08,0,0,1,1,1,5.35388,0.0174533,-0.0138489,0.00372692,0.894291,0.688037
2091,1,0.08,0,0,1,1,1,5.35388,0.0122173,0.0223712,0.00371538,0.494347,0.688037
2092,1,0.08,0,0,1,1,1,5.35378,0,0.00745708,0.0037068,0.65727,0.744434
2093,1,0.08,0,0,1,1,1,5.35378,0,-0.00213059,0.00370769,0.762852,0.586523
2094,1,0.08,0,0,1,1,1,5.35378,0,-0.00639178,0.00367413,0.805294,0.744434
2095,1,0.08,0,0,1,1,1,5.35378,0,0.00745708,0.00370871,0.657522,0.812109
2096,1,0.08,0,0,1,1,1,5.35388,0.00174533,0.0159795,0.00367215,0.558949,0.755713
2097,1,0.08,0,0,1,1,1,5.35378,-0.0191986,-0.0138489,0.0036615,0.885656,0.47373
2098,1,0.08,0,0,1,1,1,5.35378,0.010472,0.00532648,0.00364296,0.672279,0.676758
2099,1,0.08,0,0,1,1,1,5.35378,0,0.0319589,0.0036132,0.375394,0.812109
2100,1,0.08,0,0,1,1,1,5.35378,0,-0.0010653,0.00357503,0.733622,0.654199
2101,1,0.08,0,0,1,1,1,5.35378,0,-0.0010653,0.00357468,0.733576,0.609082
2102,1,0.08,0,0,1,1,1,5.35378,0,-0.00852238,0.00359057,0.817702,0.609082
2103,1,0.08,0,0,1,1,1,5.35378,0,0.00532648,0.00360304,0.66701,0.823389
2104,1,0.08,0,0,1,1,1,5.35378,0,0.00213059,0.00357839,0.698911,0.688037
2105,1,0.08,0,0,1,1,1,5.35378,0,0.0127836,0.00354843,0.577773,0.823389
2106,1,0.08,0,0,1,1,1,5.35378,0,-0.010653,0.00354082,0.83457,0.766992
2107,1,0.08,0,0,1,1,1,5.35388,0.0279253,0.00745708,0.00356843,0.639005,0.823389
2108,1,0.08,0,0,1,1,1,5.35378,-0.00349066,0.00639178,0.00352127,0.644498,0.688037
2109,1,0.08,0,0,1,1,1,5.35378,0,-0.00426119,0.00350906,0.760069,0.710596
2110,1,0.08,0,0,1,1,1,5.35378,0,0.00852238,0.00348229,0.615916,0.845947
2111,1,0.08,0,0,1,1,1,5.35378,0,-0.0010653,0.00347824,0.720847,0.688037
2112,1,0.08,0,0,1,1,1,5.35378,0,-0.0138489,0.00349458,0.863623,0.676758
2113,1,0.08,0,0,1,1,1,5.35378,0,-0.00319589,0.00346158,0.742083,0.609082
2114,1,0.08,0,0,1,1,1,5.35378,0.0122173,-5.87076e-19,0.00345528,0.706097,0.744434
2115,1,0.08,0,0,1,1,1,5.35378,0,-0.00958767,0.00342755,0.807901,0.654199
2116,1,0.08,0,0,1,1,1,5.35378,0,-0.0127836,0.00340907,0.840616,0.721875
2117,1,0.08,0,0,1,1,1,5.35388,0.0226893,0.028763,0.003362,0.377391,0.823389
2118,1,0.08,0,0,1,1,1,5.35369,-0.0314159,0.0149142,0.00335671,0.529029,0.654199
2119,1,0.08,0,0,1,1,1,5.35378,-0.0314159,-0.0127836,0.00337709,0.836396,0.654199
2120,1,0.08,0,0,1,1,1,5.35378,0.00349066,-0.00852238,0.00338855,0.791035,0.64292
2121,1,0.08,0,0,1,1,1,5.35388,0,0.0117183,0.003367,0.565543,0.688037
2122,1,0.08,0,0,1,1,1,5.35378,0,0.0127836,0.003338,0.549997,0.699316
2123,1,0.08,0,0,1,1,1,5.35378,0,0.0159795,0.00333811,0.514856,0.733154
2124,1,0.08,0,0,1,1,1,5.35388,0,0.00426119,0.00331384,0.640554,0.733154
2125,1,0.08,0,0,1,1,1,5.35378,0,-0.0127836,0.00331859,0.828672,0.688037
2126,1,0.08,0,0,1,1,1,5.35378,0,0.0159795,0.00328107,0.507327,0.586523
2127,1,0.08,0,0,1,1,1,5.35378,0,-0.00852238,0.00328527,0.777402,0.710596
2128,1,0.08,0,0,1,1,1,5.35378,0,0.00213059,0.00328824,0.660612,0.631641
2129,1,0.08,0,0,1,1,1,5.35378,0,0.0223712,0.00329409,0.438736,0.789551
2130,1,0.08,0,0,1,1,1,5.35378,0,0.0170448,0.00329335,0.497229,0.609082
2131,1,0.08,0,0,1,1,1,5.35378,-0.0349066,-0.0117183,0.00326649,0.810078,0.654199
2132,1,0.08,0,0,1,1,1,5.35378,0,-0.00213059,0.0032346,0.700404,0.586523
2133,1,0.08,0,0,1,1,1,5.35378,0,0.0010653,0.00321606,0.662801,0.597803
2134,1,0.08,0,0,1,1,1,5.35378,0,-0.00639178,0.00323362,0.747147,0.654199
2135,1,0.08,0,0,1,1,1,5.35378,0,-0.00426119,0.0032488,0.725715,0.64292
2136,1,0.08,0,0,1,1,1,5.35378,0,0.00958767,0.00329101,0.578949,0.913623
2137,1,0.08,0,0,1,1,1,5.35378,-0.0122173,0.00639178,0.00327176,0.611563,0.676758
2138,1,0.08,0,0,1,1,1,5.35378,0,-0.010653,0.00325217,0.796469,0.541406
2139,1,0.08,0,0,1,1,1,5.35388,0,-0.0149142,0.00323516,0.841097,0.620361
2140,1,0.08,0,0,1,1,1,5.35378,0.0261799,0.0117183,0.00321236,0.54513,0.665479
2141,1,0.08,0,0,1,1,1,5.35378,0.00523599,0.00426119,0.00321818,0.627927,0.563965
2142,1,0.08,0,0,1,1,1,5.35378,-0.010472,1.5003e-18,0.00320216,0.672684,0.496289
2143,1,0.08,0,0,1,1,1,5.35378,0,-0.0191753,0.00321206,0.884921,0.654199
2144,1,0.08,0,0,1,1,1,5.35378,0,-0.00213059,0.00319157,0.694723,0.518848
2145,1,0.08,0,0,1,1,1,5.35378,0.0122173,-0.00958767,0.00318866,0.776368,0.552686
2146,1,0.0799998,-0.000118756,-0.0472732,1,1,1,5.35378,0,0.0010653,0.00320577,0.653296,0.710596
2147,1,0.0799984,-0.000470333,-0.0931281,1,1,1,5.35378,0,0.00532648,0.00317325,0.591324,0.64292
2148,1,0.0799947,-0.00104779,-0.137581,1,1,1,5.35378,-0.0174533,0.00426119,0.00318935,0.591786,0.496289
2149,1,0.0799876,-0.00184377,-0.180624,1,1,1,5.35378,-0.0279253,0.0266324,0.00319458,0.330526,0.609082
2150,1,0.0799759,-0.00285166,-0.222292,1,1,1,5.35378,0,-0.00745708,0.00319484,0.687271,0.530127
2151,1,0.0799587,-0.0040644,-0.26259,1,1,1,5.35378,0,0.00213059,0.00314919,0.555186,0.496289
2152,1,0.079935,-0.00547558,-0.301543,1,1,1,5.35378,-0.00872665,0.00532648,0.00314307,0.49638,0.496289
2153,1,0.0799037,-0.0070776,-0.339143,1,1,1,5.35378,-0.00872665,0.00852238,0.00311138,0.432047,0.597803
2154,1,0.0798639,-0.0088644,-0.37542,1,1,1,5.35378,0,0.00213059,0.00304431,0.466426,0.439893
2155,1,0.0798147,-0.0108297,-0.410395,1,1,1,5.35378,0,-0.0117183,0.00296917,0.57976,0.383496
2156,1,0.0797553,-0.0129666,-0.444073,1,1,1,5.35378,-0.00872665,0.00213059,0.00294105,0.3927,0.496289
2157,1,0.0796848,-0.0152683,-0.476463,1,1,1,5.35378,-0.00872665,-0.00958767,0.00284794,0.47646,0.406055
2158,1,0.0796023,-0.0177289,-0.507588,1,1,1,5.35369,-0.00872665,0.00532648,0.00272032,0.260936,0.203027
2159,1,0.0795072,-0.0203423,-0.537464,1,1,1,5.35369,0,-0.00852238,0.00266631,0.36982,0.383496
2160,1,0.0793987,-0.0231015,-0.566096,1,1,1,5.35369,0,-0.00213059,0.00256321,0.247962,0.394775
2161,1,0.079276,-0.026001,-0.593507,1,1,1,5.35369,-0.0122173,-0.00958767,0.0024487,0.275385,0.3271
2162,1,0.0791384,-0.0290344,-0.619706,1,1,1,5.35359,-0.0174533,0.00426119,0.0022928,0.0611213,0.0902344
2163,1,0.0789854,-0.0321961,-0.644713,1,1,1,5.35359,0,-0.0159795,0.00214482,0.221203,0.0902344
2164,1,0.0788163,-0.0354797,-0.668539,1,1,1,5.35359,-0.0226893,-0.0213059,0.00197025,0.2105,0.0451172
2165,1,0.0786304,-0.0388798,-0.691199,1,1,1,5.3535,0,0.00319589,0.00181679,-0.125615,0.0338379
2166,1,0.0784273,-0.0423896,-0.712703,1,1,1,5.3535,-0.0139626,-0.00745708,0.00164227,-0.0813848,0.146631
2167,1,0.0782064,-0.0460046,-0.733072,1,1,1,5.3534,-0.00872665,-0.00532648,0.00146531,-0.179582,0.112793
2168,1,0.0779671,-0.0497187,-0.752319,1,1,1,5.3534,-0.010472,-0.0170448,0.00129104,-0.126726,0.0563965
2169,1,0.077709,-0.0535259,-0.770455,1,1,1,5.35331,-0.0174533,-0.0213059,0.00104544,-0.169573,-0.0112793
2170,1,0.0774317,-0.0574211,-0.787497,1,1,1,5.35321,-0.0174533,-0.0117183,0.000848983,-0.357133,-0.0112793
2171,1,0.0771347,-0.0613988,-0.803459,1,1,1,5.35302,-0.0401426,-0.01811,0.00063973,-0.373891,-0.214307
2172,1,0.0768176,-0.0654537,-0.818356,1,1,1,5.35292,-0.015708,-0.0213059,0.000412333,-0.430342,-0.259424
2173,1,0.07648,-0.0695813,-0.832204,1,1,1,5.35263,-0.0471239,-0.0255671,0.000170702,-0.479039,-0.530127
2174,1,0.0761216,-0.0737749,-0.845013,1,1,1,5.35254,0,-0.0468731,2.37323e-05,-0.324884,-0.439893
2175,1,0.0757421,-0.0780299,-0.8568,1,1,1,5.35225,-0.0628319,-0.0628525,-0.000110672,-0.228002,-0.394775
2176,1,0.0753412,-0.0823409,-0.867577,1,1,1,5.35206,-0.0174533,-0.0735055,-0.000266681,-0.193667,-0.236865
2177,1,0.0749186,-0.0867039,-0.877363,1,1,1,5.35158,-0.00698132,-0.0564607,-0.000376222,-0.455596,-0.304541
2178,1,0.0744742,-0.0911124,-0.886167,1,1,1,5.35139,-0.116937,-0.0617872,-0.00048264,-0.472575,-0.281982
2179,1,0.0740074,-0.0955639,-0.894009,1,1,1,5.35091,-0.0767945,-0.0852238,-0.000554949,-0.285152,-0.259424
2180,1,0.0735184,-0.100051,-0.900899,1,1,1,5.35062,-0.0907571,-0.0916155,-0.000696377,-0.297846,-0.428613
2181,1,0.0730069,-0.104571,-0.906853,1,1,1,5.35024,-0.00872665,-0.0628525,-0.000801354,-0.689822,-0.259424
2182,1,0.0724727,-0.109118,-0.911887,1,1,1,5.34976,-0.171042,-0.0916155,-0.000896506,-0.45053,-0.518848
2183,1,0.0719157,-0.113688,-0.916012,1,1,1,5.34928,-0.0680678,-0.0948114,-0.00100184,-0.493356,-0.439893
2184,1,0.0713358,-0.118276,-0.919245,1,1,1,5.3488,-0.116937,-0.0926808,-0.00105415,-0.585886,-0.383496
2185,1,0.0707329,-0.122879,-0.9216,1,1,1,5.34822,-0.125664,-0.0852238,-0.00116952,-0.748471,-0.394775
2186,1,0.070107,-0.127491,-0.92309,1,1,1,5.34784,-0.116937,-0.0948114,-0.00128977,-0.725114,-0.575244
2187,1,0.069458,-0.132109,-0.923731,1,1,1,5.34707,-0.102974,-0.10653,-0.00140465,-0.677478,-0.620361
2188,1,0.0687859,-0.136727,-0.923537,1,1,1,5.34669,-0.102974,-0.116117,-0.00151813,-0.653054,-0.597803
2189,1,0.0680907,-0.141343,-0.922522,1,1,1,5.34592,-0.132645,-0.103334,-0.00162726,-0.874106,-0.597803
2190,1,0.0673725,-0.145951,-0.9207,1,1,1,5.34535,-0.171042,-0.141684,-0.00168881,-0.525281,-0.676758
2191,1,0.0666312,-0.150549,-0.918087,1,1,1,5.34458,-0.155334,-0.153403,-0.00174571,-0.468609,-0.676758
2192,1,0.0658671,-0.15513,-0.914696,1,1,1,5.34391,-0.136136,-0.139554,-0.0018149,-0.693607,-0.631641
2193,1,0.0650799,-0.159695,-0.910541,1,1,1,5.34305,-0.151844,-0.133162,-0.001857,-0.83206,-0.586523
2194,1,0.0642701,-0.164235,-0.905639,1,1,1,5.34247,-0.150098,-0.155533,-0.00188246,-0.652257,-0.64292
2195,1,0.0634376,-0.16875,-0.9,1,1,1,5.34151,-0.155334,-0.168317,-0.0019024,-0.575786,-0.597803
2196,1,0.0625827,-0.173233,-0.893644,1,1,1,5.34084,-0.165806,-0.165121,-0.00194246,-0.677595,-0.563965
2197,1,0.0617053,-0.177685,-0.88658,1,1,1,5.33979,-0.172788,-0.164056,-0.0019581,-0.750843,-0.620361
2198,1,0.0608059,-0.182098,-0.878827,1,1,1,5.33912,-0.178024,-0.186427,-0.00199076,-0.56993,-0.812109
2199,1,0.0598844,-0.186472,-0.870395,1,1,1,5.33816,-0.118682,-0.171513,-0.00205018,-0.801548,-0.620361
2200,1,0.0589412,-0.190801,-0.861302,1,1,1,5.33729,-0.280998,-0.170448,-0.00213073,-0.884907,-0.789551
2201,1,0.0579765,-0.195084,-0.851559,1,1,1,5.33614,-0.16057,-0.192819,-0.00220909,-0.710895,-0.868506
2202,1,0.0569906,-0.199315,-0.841186,1,1,1,5.33547,-0.167552,-0.222647,-0.00221054,-0.440953,-0.766992
2203,1,0.0559834,-0.203494,-0.830191,1,1,1,5.33451,-0.162316,-0.189623,-0.00227605,-0.870581,-0.721875
2204,1,0.0549557,-0.207617,-0.818592,1,1,1,5.33356,-0.237365,-0.180035,-0.00224944,-1.03123,-0.766992
2205,1,0.0539066,-0.211682,-0.806393,1,1,1,5.3324,-0.230383,-0.209863,-0.00242564,-0.78564,-0.97002
2206,1,0.052839,-0.21568,-0.793637,1,1,1,5.33173,-0.13439,-0.202406,-0.00251212,-0.936404,-1.07153
2207,1,0.0517507,-0.219615,-0.780309,1,1,1,5.33039,-0.190241,-0.200276,-0.00261875,-1.03271,-1.00386
2208,1,0.0506429,-0.223482,-0.766435,1,1,1,5.32953,-0.233874,-0.191753,-0.00265022,-1.18892,-1.01514
2209,1,0.049516,-0.227278,-0.752028,1,1,1,5.32819,-0.233874,-0.224778,-0.00272394,-0.892594,-0.936182
2210,1,0.0483701,-0.231002,-0.737101,1,1,1,5.32742,-0.221657,-0.229039,-0.00274378,-0.900065,-0.868506
2211,1,0.0472056,-0.23465,-0.721667,1,1,1,5.32598,-0.263545,-0.231169,-0.00275326,-0.929801,-0.981299
2212,1,0.046024,-0.238217,-0.705755,1,1,1,5.32502,-0.218166,-0.25141,-0.00275633,-0.757558,-0.936182
2213,1,0.044824,-0.241705,-0.689359,1,1,1,5.32358,-0.235619,-0.245018,-0.00274051,-0.872662,-0.845947
2214,1,0.0436071,-0.24511,-0.672506,1,1,1,5.32253,-0.280998,-0.26952,-0.00267917,-0.639793,-0.857227
2215,1,0.0423731,-0.24843,-0.655202,1,1,1,5.32109,-0.221657,-0.264194,-0.00260359,-0.729752,-0.597803
2216,1,0.0411228,-0.251661,-0.637469,1,1,1,5.31994,-0.319395,-0.255671,-0.00254487,-0.856939,-0.699316
2217,1,0.0398553,-0.254807,-0.619299,1,1,1,5.31831,-0.275762,-0.274847,-0.00246029,-0.673451,-0.64292
2218,1,0.0385749,-0.257854,-0.600763,1,1,1,5.31726,-0.267035,-0.265259,-0.0023832,-0.80639,-0.755713
2219,1,0.0372782,-0.260811,-0.581819,1,1,1,5.31553,-0.260054,-0.275912,-0.0022305,-0.701772,-0.654199
2220,1,0.0359671,-0.263671,-0.562504,1,1,1,5.31457,-0.301942,-0.272716,-0.00212626,-0.756435,-0.845947
2221,1,0.0346416,-0.266435,-0.542823,1,1,1,5.31285,-0.228638,-0.295087,-0.0020408,-0.532634,-0.676758
2222,1,0.0333029,-0.269099,-0.522803,1,1,1,5.3117,-0.286234,-0.28763,-0.0019684,-0.636452,-0.688037
2223,1,0.031949,-0.271666,-0.50242,1,1,1,5.31007,-0.272271,-0.274847,-0.00189931,-0.797572,-0.64292
2224,1,0.0305862,-0.274123,-0.481775,1,1,1,5.30882,-0.349066,-0.279108,-0.00185955,-0.775354,-0.924902
2225,1,0.0292099,-0.276479,-0.460805,1,1,1,5.30719,-0.251327,-0.298283,-0.00182327,-0.589551,-0.891064
2226,1,0.0278218,-0.278731,-0.439542,1,1,1,5.30594,-0.328122,-0.292957,-0.00178996,-0.671693,-0.710596
2227,1,0.0264226,-0.280875,-0.418005,1,1,1,5.30441,-0.296706,-0.297218,-0.00172972,-0.642083,-0.902344
2228,1,0.0250132,-0.28291,-0.396212,1,1,1,5.30316,-0.263545,-0.283369,-0.00170753,-0.81661,-0.733154
2229,1,0.0235924,-0.284838,-0.374152,1,1,1,5.30125,-0.363028,-0.317458,-0.00174716,-0.475082,-0.936182
2230,1,0.0221649,-0.286652,-0.351902,1,1,1,5.3001,-0.240855,-0.275912,-0.00173761,-0.952151,-0.710596
2231,1,0.0207274,-0.288355,-0.329417,1,1,1,5.29827,-0.350811,-0.301479,-0.00169776,-0.686608,-0.733154
2232,1,0.0192818,-0.289945,-0.306732,1,1,1,5.29732,-0.226893,-0.319589,-0.00162958,-0.49582,-0.552686
2233,1,0.0178281,-0.291422,-0.283855,1,1,1,5.29569,-0.267035,-0.26952,-0.00164322,-1.06518,-0.64292
2234,1,0.0163676,-0.292784,-0.260809,1,1,1,5.29434,-0.3735,-0.256737,-0.00171177,-1.23555,-0.857227
2235,1,0.0149006,-0.29403,-0.237606,1,1,1,5.29243,-0.29147,-0.292957,-0.00174931,-0.86212,-0.981299
2236,1,0.0134277,-0.295159,-0.214256,1,1,1,5.29137,-0.282743,-0.300414,-0.00177866,-0.800325,-0.868506
2237,1,0.011949,-0.296172,-0.190772,1,1,1,5.28974,-0.216421,-0.284434,-0.00175844,-0.985589,-0.812109
2238,1,0.0104661,-0.297067,-0.167183,1,1,1,5.28859,-0.336849,-0.286565,-0.00177282,-0.976752,-0.845947
2239,1,0.00897865,-0.297844,-0.143485,1,1,1,5.28667,-0.282743,-0.276977,-0.00179579,-1.09676,-0.97002
2240,1,0.00748784,-0.298502,-0.119705,1,1,1,5.28552,-0.324631,-0.276977,-0.00186732,-1.11903,-1.07153
2241,1,0.00599401,-0.299041,-0.0958529,1,1,1,5.2837,-0.282743,-0.295087,-0.00191452,-0.936997,-0.913623
2242,1,0.00449765,-0.29946,-0.0719407,1,1,1,5.28265,-0.289725,-0.304675,-0.0018703,-0.831067,-0.823389
2243,1,0.00299944,-0.29976,-0.0479847,1,1,1,5.28092,-0.322886,-0.30574,-0.00188498,-0.823602,-0.947461
2244,1,0.00150019,-0.29994,-0.0240023,1,1,1,5.27967,-0.296706,-0.263128,-0.00197435,-1.30292,-1.0377
2245,1,2.064e-07,-0.3,-3.3024e-06,1,1,1,5.27766,-0.321141,-0.266324,-0.00202476,-1.27182,-1.00386
2246,1,-0.00149951,-0.29994,0.0239914,1,1,1,5.27661,-0.308923,-0.311067,-0.00206363,-0.780605,-1.0377
2247,1,-0.00300108,-0.29976,0.0480109,1,1,1,5.27488,-0.237365,-0.322785,-0.00203151,-0.641833,-0.845947
2248,1,-0.00449699,-0.29946,0.0719302,1,1,1,5.27363,-0.315905,-0.324916,-0.00200738,-0.608133,-0.789551
2249,1,-0.00599331,-0.299041,0.0958417,1,1,1,5.27181,-0.286234,-0.283369,-0.00200617,-1.05652,-0.868506
2250,1,-0.00748723,-0.298502,0.119696,1,1,1,5.27047,-0.305433,-0.294022,-0.00195667,-0.922759,-0.857227
2251,1,-0.00897824,-0.297844,0.143479,1,1,1,5.26874,-0.345575,-0.311067,-0.00189726,-0.715974,-0.586523
2252,1,-0.0104654,-0.297067,0.167172,1,1,1,5.2675,-0.284489,-0.310001,-0.00185468,-0.70918,-0.676758
2253,1,-0.0119509,-0.296171,0.190803,1,1,1,5.26568,-0.338594,-0.316393,-0.0018166,-0.619503,-0.80083
2254,1,-0.013427,-0.29516,0.214246,1,1,1,5.26433,-0.305433,-0.32172,-0.00175638,-0.536831,-0.778271
2255,1,-0.0149001,-0.29403,0.237597,1,1,1,5.26261,-0.272271,-0.30361,-0.00170411,-0.712349,-0.778271
2256,1,-0.0163673,-0.292784,0.260804,1,1,1,5.26136,-0.315905,-0.300414,-0.00165143,-0.721979,-0.676758
2257,1,-0.0178278,-0.291422,0.28385,1,1,1,5.25964,-0.253073,-0.302544,-0.00156779,-0.666428,-0.699316
2258,1,-0.019281,-0.289946,0.306721,1,1,1,5.25858,-0.261799,-0.300414,-0.00152026,-0.663325,-0.676758
2259,1,-0.0207269,-0.288356,0.32941,1,1,1,5.25657,-0.282743,-0.288695,-0.00153864,-0.771932,-0.778271
2260,1,-0.0221647,-0.286652,0.351898,1,1,1,5.25551,-0.286234,-0.28763,-0.00153359,-0.758911,-0.755713
2261,1,-0.0235934,-0.284837,0.374167,1,1,1,5.25379,-0.29147,-0.289761,-0.00153023,-0.709572,-0.755713
2262,1,-0.0250127,-0.282911,0.396205,1,1,1,5.25273,-0.267035,-0.274847,-0.00161929,-0.858661,-0.789551
2263,1,-0.0264223,-0.280875,0.418,1,1,1,5.2511,-0.253073,-0.249279,-0.00169636,-1.12195,-0.857227
2264,1,-0.0278213,-0.278731,0.439535,1,1,1,5.24986,-0.34383,-0.25141,-0.00178245,-1.08052,-0.947461
2265,1,-0.0292112,-0.276477,0.460824,1,1,1,5.24823,-0.249582,-0.259932,-0.0018638,-0.966815,-1.00386
2266,1,-0.0305859,-0.274124,0.48177,1,1,1,5.24717,-0.254818,-0.279108,-0.00190717,-0.729716,-0.902344
2267,1,-0.0319505,-0.271663,0.502443,1,1,1,5.24554,-0.251327,-0.256737,-0.00196719,-0.950621,-0.95874
2268,1,-0.0333024,-0.2691,0.522796,1,1,1,5.24458,-0.20944,-0.268455,-0.00195239,-0.785384,-0.699316
2269,1,-0.0346413,-0.266436,0.54282,1,1,1,5.24305,-0.331613,-0.262063,-0.00200354,-0.826914,-0.857227
2270,1,-0.0359665,-0.263672,0.562496,1,1,1,5.2418,-0.263545,-0.25141,-0.00211093,-0.9216,-0.97002
2271,1,-0.0372777,-0.260812,0.581813,1,1,1,5.24027,-0.260054,-0.241822,-0.00218643,-0.999106,-1.04897
2272,1,-0.0385745,-0.257855,0.600757,1,1,1,5.23922,-0.268781,-0.260998,-0.00219688,-0.750576,-0.913623
2273,1,-0.0398563,-0.254804,0.619313,1,1,1,5.23778,-0.23911,-0.2855,-0.00217816,-0.438477,-0.845947
2274,1,-0.0411225,-0.251662,0.637464,1,1,1,5.23682,-0.225147,-0.253541,-0.00217387,-0.748308,-0.654199
2275,1,-0.0423727,-0.248431,0.655197,1,1,1,5.23519,-0.270526,-0.247149,-0.00213313,-0.771086,-0.676758
2276,1,-0.0436066,-0.245111,0.672498,1,1,1,5.23433,-0.240855,-0.254606,-0.00213051,-0.645478,-0.845947
2277,1,-0.0448237,-0.241706,0.689355,1,1,1,5.23289,-0.219911,-0.238627,-0.00217326,-0.782676,-0.902344
2278,1,-0.0460236,-0.238218,0.70575,1,1,1,5.23183,-0.23911,-0.225843,-0.0021946,-0.881018,-0.834668
2279,1,-0.0472057,-0.23465,0.721668,1,1,1,5.23049,-0.235619,-0.241822,-0.00216252,-0.654885,-0.563965
2280,1,-0.04837,-0.231002,0.737099,1,1,1,5.22963,-0.240855,-0.226908,-0.00218764,-0.775291,-0.823389
2281,1,-0.0495157,-0.227279,0.752024,1,1,1,5.22829,-0.214675,-0.213059,-0.00223179,-0.885632,-0.879785
2282,1,-0.0506427,-0.223483,0.766432,1,1,1,5.22733,-0.228638,-0.222647,-0.00229451,-0.739826,-0.879785
2283,1,-0.0517503,-0.219616,0.780305,1,1,1,5.22608,-0.172788,-0.217321,-0.0022867,-0.747942,-0.823389
2284,1,-0.0528385,-0.215681,0.793632,1,1,1,5.22531,-0.226893,-0.227974,-0.00229766,-0.581993,-0.766992
2285,1,-0.0539071,-0.21168,0.806399,1,1,1,5.22397,-0.179769,-0.19708,-0.00234602,-0.87727,-0.766992
2286,1,-0.0549553,-0.207618,0.818588,1,1,1,5.22301,-0.219911,-0.185362,-0.00237836,-0.958825,-0.936182
2287,1,-0.0559831,-0.203496,0.830187,1,1,1,5.22196,-0.233874,-0.191753,-0.00238695,-0.837389,-0.609082
2288,1,-0.0569902,-0.199317,0.841182,1,1,1,5.2211,-0.193732,-0.217321,-0.00239111,-0.503833,-0.733154
2289,1,-0.0579763,-0.195084,0.851558,1,1,1,5.21994,-0.150098,-0.196015,-0.00242009,-0.688579,-0.733154
2290,1,-0.058941,-0.190802,0.861299,1,1,1,5.21908,-0.242601,-0.189623,-0.00241701,-0.704527,-0.823389
2291,1,-0.0598926,-0.186434,0.870471,1,1,1,5.21803,-0.181514,-0.173643,-0.00231138,-0.8114,-0.755713
2292,1,-0.0608055,-0.1821,0.878823,1,1,1,5.21726,-0.178024,-0.187492,-0.00237682,-0.613276,-0.778271
2293,1,-0.0617051,-0.177686,0.886578,1,1,1,5.21621,-0.181514,-0.189623,-0.00226418,-0.51969,-0.563965
2294,1,-0.0625824,-0.173235,0.893641,1,1,1,5.21544,-0.169297,-0.161925,-0.00223118,-0.764351,-0.609082
2295,1,-0.0634374,-0.16875,0.899999,1,1,1,5.21448,-0.200713,-0.154468,-0.0022814,-0.79705,-0.609082
2296,1,-0.0642699,-0.164236,0.905637,1,1,1,5.21381,-0.136136,-0.172578,-0.0023436,-0.549809,-0.699316
2297,1,-0.0650796,-0.159696,0.91054,1,1,1,5.21285,-0.148353,-0.143815,-0.00238314,-0.814975,-0.80083
2298,1,-0.0658668,-0.155132,0.914695,1,1,1,5.21227,-0.127409,-0.16086,-0.00237625,-0.569939,-0.710596
2299,1,-0.066631,-0.15055,0.918086,1,1,1,5.21132,-0.151844,-0.175774,-0.00237013,-0.348324,-0.778271
2300,1,-0.0673722,-0.145953,0.9207,1,1,1,5.21074,-0.10472,-0.135293,-0.00244259,-0.746362,-0.64292
2301,1,-0.0680904,-0.141345,0.922521,1,1,1,5.20978,-0.137881,-0.136358,-0.00244481,-0.678092,-0.631641
2302,1,-0.0687856,-0.136729,0.923537,1,1,1,5.2094,-0.144862,-0.145946,-0.00241591,-0.511969,-0.64292
2303,1,-0.0694578,-0.13211,0.923731,1,1,1,5.20863,-0.129154,-0.113987,-0.00244129,-0.810141,-0.710596
2304,1,-0.0701068,-0.127493,0.92309,1,1,1,5.20806,-0.102974,-0.123574,-0.00245234,-0.649519,-0.563965
2305,1,-0.0707327,-0.122881,0.9216,1,1,1,5.20739,-0.150098,-0.133162,-0.0024538,-0.487825,-0.710596
2306,1,-0.0713356,-0.118278,0.919246,1,1,1,5.207,-0.0541052,-0.10653,-0.00253531,-0.735338,-0.733154
2307,1,-0.0719156,-0.113689,0.916013,1,1,1,5.20633,-0.0837758,-0.10866,-0.00262035,-0.667229,-0.755713
2308,1,-0.0724726,-0.109119,0.911888,1,1,1,5.20595,-0.102974,-0.10653,-0.00272746,-0.649277,-0.766992
2309,1,-0.0730068,-0.104572,0.906855,1,1,1,5.20537,-0.0383972,-0.0873543,-0.00280005,-0.814669,-0.845947
2310,1,-0.0735183,-0.100053,0.900901,1,1,1,5.20508,-0.0977384,-0.0628525,-0.00290627,-1.04353,-0.834668
2311,1,-0.0740073,-0.095565,0.894011,1,1,1,5.20451,-0.106465,-0.0703096,-0.00300332,-0.920185,-0.845947
2312,1,-0.074474,-0.0911145,0.886171,1,1,1,5.20422,-0.0645772,-0.0617872,-0.00309931,-0.973059,-0.936182
2313,1,-0.0749185,-0.0867049,0.877365,1,1,1,5.20374,-0.0855211,-0.068179,-0.00318401,-0.861013,-0.879785
2314,1,-0.075345,-0.0823011,0.867483,1,1,1,5.20355,-0.0488692,-0.0713749,-0.00329122,-0.787335,-0.789551
2315,1,-0.0757457,-0.0779901,0.856695,1,1,1,5.20317,-0.0296706,-0.0330242,-0.00336543,-1.16757,-0.845947
2316,1,-0.0761231,-0.0737576,0.844963,1,1,1,5.20288,-0.10821,-0.0564607,-0.00343201,-0.868237,-0.924902
2317,1,-0.07648,-0.0695814,0.832204,1,1,1,5.20259,-0.0366519,-0.0617872,-0.00349733,-0.768789,-0.924902
2318,1,-0.0768174,-0.0654556,0.818362,1,1,1,5.2023,-0.0471239,-0.0767014,-0.00359776,-0.569279,-0.857227
2319,1,-0.0771346,-0.0614003,0.803465,1,1,1,5.20221,-0.0174533,-0.0564607,-0.0036685,-0.753567,-0.812109
2320,1,-0.0774316,-0.0574227,0.787503,1,1,1,5.20192,-0.0436332,-0.0298283,-0.00376143,-1.0122,-0.766992
2321,1,-0.0777089,-0.0535272,0.770461,1,1,1,5.20163,-0.0855211,-0.0340895,-0.00385539,-0.932301,-0.936182
2322,1,-0.077967,-0.0497193,0.752322,1,1,1,5.20154,0,-0.0255671,-0.00393892,-0.992873,-0.857227
2323,1,-0.0782063,-0.0460055,0.733077,1,1,1,5.20135,-0.0383972,-0.0127836,-0.00402774,-1.10233,-0.868506
2324,1,-0.0784272,-0.0423907,0.712709,1,1,1,5.20125,-0.0558505,-0.0170448,-0.00415838,-1.03119,-1.0377
2325,1,-0.0786304,-0.0388808,0.691205,1,1,1,5.20115,0,-0.0426119,-0.00425043,-0.722036,-1.09409
2326,1,-0.0788162,-0.0354809,0.668547,1,1,1,5.20106,-0.00349066,-0.0191753,-0.00430046,-0.947893,-0.97002
2327,1,-0.0789854,-0.0321968,0.644719,1,1,1,5.20096,-0.0366519,-0.0276977,-0.00438567,-0.828433,-0.924902
2328,1,-0.0791384,-0.0290355,0.619715,1,1,1,5.20087,-0.0174533,-0.00639178,-0.00452935,-1.04648,-1.09409
2329,1,-0.0792759,-0.0260018,0.593514,1,1,1,5.20067,0,-0.0234365,-0.00463642,-0.839568,-1.04897
2330,1,-0.0793986,-0.0231021,0.566102,1,1,1,5.20067,-0.0191986,-0.0127836,-0.00466369,-0.928616,-0.857227
2331,1,-0.0795072,-0.0203431,0.537473,1,1,1,5.20058,0,0.00319589,-0.00471787,-1.08171,-0.913623
2332,1,-0.0796023,-0.0177298,0.507599,1,1,1,5.20058,-0.0174533,-0.0159795,-0.00473003,-0.844516,-0.902344
2333,1,-0.0796848,-0.0152688,0.47647,1,1,1,5.20058,-0.0191986,-0.0511343,-0.00476555,-0.436683,-0.97002
2334,1,-0.0797553,-0.0129673,0.444082,1,1,1,5.20048,0,0.00958767,-0.00481026,-1.08684,-0.981299
2335,1,-0.0798147,-0.0108303,0.410406,1,1,1,5.20048,-0.015708,0.00532648,-0.00487035,-1.02642,-0.845947
2336,1,-0.0798639,-0.00886521,0.375436,1,1,1,5.20039,-0.015708,-0.0213059,-0.00495925,-0.726013,-1.11665
2337,1,-0.0799036,-0.00707826,0.339157,1,1,1,5.20039,0.0541052,-0.00639178,-0.00502915,-0.882482,-1.02642
2338,1,-0.0799349,-0.00547574,0.301547,1,1,1,5.20029,-0.0139626,0.00852238,-0.00504847,-1.03473,-1.0377
2339,1,-0.0799587,-0.00406494,0.262606,1,1,1,5.20039,-0.0279253,-0.0117183,-0.00505612,-0.801274,-0.879785
2340,1,-0.0799759,-0.00285196,0.222303,1,1,1,5.20039,0,-0.0117183,-0.00503288,-0.789011,-0.845947
2341,1,-0.0799876,-0.00184415,0.180642,1,1,1,5.20039,0,-0.0202406,-0.00504325,-0.690152,-0.97002
2342,1,-0.0799947,-0.00104791,0.137589,1,1,1,5.20029,0,0.00958767,-0.00503472,-1.01345,-0.766992
2343,1,-0.0799984,-0.000470517,0.0931459,1,1,1,5.20029,-0.0122173,0.00958767,-0.00505212,-1.01494,-0.778271
2344,1,-0.0799998,-0.000118835,0.0472887,1,1,1,5.20029,0,0.00319589,-0.00506904,-0.949036,-1.10537
2345,1,-0.08,-1.63709e-12,5.60639e-06,1,1,1,5.20029,0,-0.010653,-0.00513244,-0.810299,-0.913623
2346,1,-0.08,-0,-0,1,1,1,5.20019,-0.00523599,0.00319589,-0.00513344,-0.962769,-0.95874
2347,1,-0.08,-0,-0,1,1,1,5.20029,-0.00174533,-0.0138489,-0.00513055,-0.774895,-0.936182
2348,1,-0.08,-0,-0,1,1,1,5.20029,0,-0.00213059,-0.00513902,-0.904914,-0.902344
2349,1,-0.08,-0,-0,1,1,1,5.20029,0,0.0202406,-0.00511652,-1.14803,-0.688037
2350,1,-0.08,-0,-0,1,1,1,5.20029,0,0.00426119,-0.00506924,-0.966013,-0.857227
2351,1,-0.08,-0,-0,1,1,1,5.20029,-0.0174533,-0.00532648,-0.00508152,-0.862169,-0.845947
2352,1,-0.08,-0,-0,1,1,1,5.20029,0,0.0170448,-0.00514339,-1.11642,-0.879785
2353,1,-0.08,-0,-0,1,1,1,5.20019,0,0.00426119,-0.00511037,-0.971443,-0.733154
2354,1,-0.08,-0,-0,1,1,1,5.20029,-0.0244346,-0.00639178,-0.00509694,-0.852487,-1.02642
2355,1,-0.08,-0,-0,1,1,1,5.20029,0,0.0010653,-0.00511549,-0.936963,-0.879785
2356,1,-0.08,-0,-0,1,1,1,5.20019,0,0.00213059,-0.00514978,-0.953208,-1.18433
2357,1,-0.08,-0,-0,1,1,1,5.20019,0.00698132,0.00639178,-0.00509903,-0.993382,-0.823389
2358,1,-0.08,-0,-0,1,1,1,5.20019,-0.0383972,-0.00958767,-0.00508451,-0.81569,-0.857227
2359,1,-0.08,-0,-0,1,1,1,5.20019,0,0.00532648,-0.00509807,-0.981537,-0.868506
2360,1,-0.08,-0,-0,1,1,1,5.20019,0,0.00213059,-0.00513947,-0.951847,-0.947461
2361,1,-0.08,-0,-0,1,1,1,5.20019,0.00872665,1.89169e-18,-0.00511216,-0.924805,-0.778271
2362,1,-0.08,-0,-0,1,1,1,5.2001,-0.0837758,-0.00319589,-0.00511588,-0.890141,-1.12793
2363,1,-0.08,-0,-0,1,1,1,5.20019,0,-0.00852238,-0.00508352,-0.827279,-0.97002
2364,1,-0.08,-0,-0,1,1,1,5.20019,0.00872665,0.00958767,-0.00505988,-1.02337,-0.823389
2365,1,-0.08,-0,-0,1,1,1,5.20019,0,0.00745708,-0.00504729,-0.99827,-0.710596
2366,1,-0.08,-0,-0,1,1,1,5.20019,-0.00174533,-0.00213059,-0.00507427,-0.896367,-0.947461
2367,1,-0.08,-0,-0,1,1,1,5.20019,0.00872665,-0.0117183,-0.00506272,-0.789378,-0.913623
2368,1,-0.08,-0,-0,1,1,1,5.2001,-0.00872665,0.0117183,-0.00503322,-1.04329,-0.857227
2369,1,-0.08,-0,-0,1,1,1,5.2001,-0.015708,0.00319589,-0.00501903,-0.947666,-0.947461
2370,1,-0.08,-0,-0,1,1,1,5.20019,0.00174533,0.00639178,-0.00507683,-0.990452,-1.11665
2371,1,-0.08,-0,-0,1,1,1,5.2001,0.0314159,-0.0149142,-0.00500004,-0.745949,-0.857227
2372,1,-0.08,-0,-0,1,1,1,5.20019,0,-0.00639178,-0.00500316,-0.840107,-0.823389
2373,1,-0.08,-0,-0,1,1,1,5.2001,0.0261799,-0.00745708,-0.00499872,-0.827803,-0.947461
2374,1,-0.08,-0,-0,1,1,1,5.2001,0,0.0159795,-0.0050205,-1.08848,-0.913623
2375,1,-0.08,-0,-0,1,1,1,5.2001,0,0.00852238,-0.00504038,-1.00908,-0.924902
2376,1,-0.08,-0,-0,1,1,1,5.2001,0,0.00639178,-0.00502366,-0.983432,-1.00386
2377,1,-0.08,-0,-0,1,1,1,5.2001,-0.0383972,-0.0010653,-0.00503949,-0.903494,-1.07153
2378,1,-0.08,-0,-0,1,1,1,5.2001,0.0383972,-0.010653,-0.00504867,-0.799242,-0.913623
2379,1,-0.08,-0,-0,1,1,1,5.2001,0.0349066,-0.00213059,-0.00498441,-0.884506,-0.857227
2380,1,-0.08,-0,-0,1,1,1,5.2001,0,0.00639178,-0.00496517,-0.975712,-1.00386
2381,1,-0.08,-0,-0,1,1,1,5.2001,-0.0331613,0.0170448,-0.00496397,-1.09274,-0.913623
2382,1,-0.08,-0,-0,1,1,1,5.2001,0,0.00426119,-0.00495084,-0.950385,-0.902344
2383,1,-0.08,-0,-0,1,1,1,5.2001,0,-0.01811,-0.0049455,-0.703595,-0.868506
2384,1,-0.08,-0,-0,1,1,1,5.2001,0,-0.0127836,-0.00491289,-0.757882,-0.947461
2385,1,-0.08,-0,-0,1,1,1,5.2001,-0.00872665,0.0117183,-0.00493306,-1.03007,-1.0377
2386,1,-0.08,-0,-0,1,1,1,5.2001,0.0174533,-0.010653,-0.00495209,-0.786493,-0.857227
2387,1,-0.08,-0,-0,1,1,1,5.2001,0.0174533,0.00852238,-0.00490915,-0.991753,-0.676758
2388,1,-0.08,-0,-0,1,1,1,5.2001,-0.0279253,0.010653,-0.00489025,-1.0127,-0.857227
2389,1,-0.08,-0,-0,1,1,1,5.2001,-0.0471239,0.00213059,-0.00486287,-0.915336,-0.721875
2390,1,-0.08,-0,-0,1,1,1,5.2001,0,0.00745708,-0.00485979,-0.97352,-0.868506
2391,1,-0.08,-0,-0,1,1,1,5.2001,-0.00872665,2.60922e-19,-0.0048309,-0.887679,-0.845947
2392,1,-0.08,-0,-0,1,1,1,5.2001,0,0.00852238,-0.00485079,-0.98405,-1.02642
2393,1,-0.08,-0,-0,1,1,1,5.2001,0,0.00532648,-0.00488186,-0.952997,-0.913623
2394,1,-0.08,-0,-0,1,1,1,5.2001,0,0.00852238,-0.00486008,-0.985277,-0.981299
2395,1,-0.08,-0,-0,1,1,1,5.2001,-0.00872665,5.21845e-19,-0.00487983,-0.894138,-0.913623
2396,1,-0.08,-0,-0,1,1,1,5.2001,0,0.00319589,-0.00488359,-0.929789,-1.00386
2397,1,-0.08,-0,-0,1,1,1,5.2001,0,0.0127836,-0.00489622,-1.03692,-0.834668
2398,1,-0.08,-0,-0,1,1,1,5.2001,-0.00872665,-0.00213059,-0.00489842,-0.873156,-0.936182
2399,1,-0.08,-0,-0,1,1,1,5.2001,0,-0.01811,-0.00491077,-0.699012,-1.00386
2400,1,-0.08,-0,-0,1,1,1,5.2001,0,-0.00319589,-0.00491634,-0.863802,-0.868506
2401,1,-0.08,-0,-0,1,1,1,5.2001,0.0122173,0.0149142,-0.00492206,-1.06377,-0.834668
2402,1,-0.08,-0,-0,1,1,1,5.2001,-0.0453786,0.00639178,-0.00494072,-0.972484,-1.0377
2403,1,-0.08,-0,-0,1,1,1,5.2001,-0.0279253,-0.0159795,-0.0049406,-0.726385,-0.947461
2404,1,-0.08,-0,-0,1,1,1,5.2001,0.0349066,-0.00639178,-0.00491436,-0.828386,-0.766992
2405,1,-0.08,-0,-0,1,1,1,5.2001,0,6.52306e-19,-0.00492695,-0.900357,-0.868506
2406,1,-0.08,-0,-0,1,1,1,5.2001,0,-0.010653,-0.00492689,-0.783167,-0.947461
2407,1,-0.08,-0,-0,1,1,1,5.2001,0,-0.00213059,-0.00490922,-0.87458,-0.812109
2408,1,-0.08,-0,-0,1,1,1,5.2001,0,0.00745708,-0.00494243,-0.984429,-0.733154
2409,1,-0.08,-0,-0,1,1,1,5.2001,0,2.28307e-18,-0.00493635,-0.901598,-0.823389
2410,1,-0.08,-0,-0,1,1,1,5.2001,0,-0.010653,-0.00490502,-0.78028,-0.913623
2411,1,-0.08,-0,-0,1,1,1,5.2001,-0.00174533,0.010653,-0.00493392,-1.01846,-0.981299
2412,1,-0.08,-0,-0,1,1,1,5.2,0.00174533,0.0138489,-0.00496648,-1.05791,-0.924902
2413,1,-0.08,-0,-0,1,1,1,5.2,0,-0.00639178,-0.00496688,-0.835318,-0.766992
2414,1,-0.08,-0,-0,1,1,1,5.2001,-0.0296706,0.00426119,-0.00496275,-0.951956,-0.97002
2415,1,-0.08,-0,-0,1,1,1,5.2001,0,-0.0010653,-0.00497813,-0.895395,-0.879785
2416,1,-0.08,-0,-0,1,1,1,5.2001,0,0.00319589,-0.00501545,-0.947194,-0.778271
2417,1,-0.08,-0,-0,1,1,1,5.2,0,-0.010653,-0.00505013,-0.799434,-1.02642
2418,1,-0.08,-0,-0,1,1,1,5.2,0,0.00319589,-0.0050542,-0.952309,-0.823389
2419,1,-0.08,-0,-0,1,1,1,5.2,0,0.00745708,-0.00505254,-0.998964,-0.812109
2420,1,-0.08,-0,-0,1,1,1,5.2001,0,0.00745708,-0.00503595,-0.996773,-0.823389
2421,1,-0.08,-0,-0,1,1,1,5.2001,0,-0.00426119,-0.00503749,-0.868076,-0.823389
2422,1,-0.08,-0,-0,1,1,1,5.2001,0,0.00532648,-0.00503228,-0.972852,-0.64292
2423,1,-0.08,-0,-0,1,1,1,5.2001,0,-0.00319589,-0.00504811,-0.881195,-0.812109
2424,1,-0.08,-0,-0,1,1,1,5.2001,0,0.00745708,-0.00502764,-0.995676,-0.721875
2425,1,-0.08,-0,-0,1,1,1,5.2,-0.0174533,0.00319589,-0.00506935,-0.954309,-0.97002
2426,1,-0.08,-0,-0,1,1,1,5.2,0,-0.0159795,-0.00504684,-0.740409,-1.02642
2427,1,-0.08,-0,-0,1,1,1,5.2001,0.00872665,0.00639178,-0.00508435,-0.991444,-1.12793
2428,1,-0.08,-0,-0,1,1,1,5.2,0.0139626,-0.00213059,-0.0050927,-0.8988,-0.992578
2429,1,-0.08,-0,-0,1,1,1,5.2,0,-0.00426119,-0.00512569,-0.879718,-1.0377
2430,1,-0.08,-0,-0,1,1,1,5.2,0,-0.00639178,-0.0051348,-0.857484,-1.15049
2431,1,-0.08,-0,-0,1,1,1,5.2,0,-0.00319589,-0.00515118,-0.894801,-0.913623
2432,1,-0.08,-0,-0,1,1,1,5.2,-0.0174533,-0.010653,-0.00512508,-0.809327,-0.981299
2433,1,-0.08,-0,-0,1,1,1,5.2,0,-0.0010653,-0.0051295,-0.915375,-0.947461
2434,1,-0.08,-0,-0,1,1,1,5.2,0,0.0202406,-0.00517535,-1.15579,-0.981299
2435,1,-0.08,-0,-0,1,1,1,5.2,-0.00174533,0.0383507,-0.00523007,-1.36223,-0.97002
2436,1,-0.08,-0,-0,1,1,1,5.2,0,0.00426119,-0.00522732,-0.986879,-1.10537
2437,1,-0.08,-0,-0,1,1,1,5.2,0,-0.0127836,-0.00523704,-0.80067,-0.902344
2438,1,-0.08,-0,-0,1,1,1,5.2,0,-0.00532648,-0.00525989,-0.885714,-1.04897
2439,1,-0.08,-0,-0,1,1,1,5.2,0,4.56614e-19,-0.00530812,-0.950672,-1.09409
2440,1,-0.08,-0,-0,1,1,1,5.2,0.00349066,0.00319589,-0.00530368,-0.985241,-0.913623
2441,1,-0.08,-0,-0,1,1,1,5.19991,0,0.0010653,-0.00530854,-0.962446,-1.0377
2442,1,-0.08,-0,-0,1,1,1,5.2,0,0.00745708,-0.0053494,-1.03815,-0.845947
2443,1,-0.08,-0,-0,1,1,1,5.2,0,-0.00319589,-0.00531417,-0.916316,-0.778271
2444,1,-0.08,-0,-0,1,1,1,5.2,-0.0523599,0.00426119,-0.00528686,-0.994738,-0.936182
2445,1,-0.08,-0,-0,1,1,1,5.2,0,-0.00852238,-0.00531259,-0.857515,-0.913623
2446,1,-0.0799998,0.000118793,0.0472804,1,1,1,5.19991,-0.00174533,0.00213059,-0.00530976,-0.966176,-0.857227
2447,1,-0.0799984,0.000470356,0.0931303,1,1,1,5.19991,-0.00349066,-0.00852238,-0.00529872,-0.83673,-0.992578
2448,1,-0.0799947,0.00104776,0.137579,1,1,1,5.2,0,-0.0149142,-0.00527589,-0.750027,-0.947461
2449,1,-0.0799876,0.0018438,0.180626,1,1,1,5.2,0,-0.0138489,-0.0052923,-0.748043,-1.12793
2450,1,-0.0799759,0.00285169,0.222293,1,1,1,5.2,0.0401426,0.00958767,-0.0052857,-0.986699,-0.947461
2451,1,-0.0799587,0.00406462,0.262596,1,1,1,5.2,0,0.0223712,-0.00527708,-1.10558,-0.947461
2452,1,-0.0799349,0.00547663,0.301569,1,1,1,5.2,0,0.0330242,-0.00527564,-1.19972,-0.879785
2453,1,-0.0799037,0.00707755,0.339141,1,1,1,5.19991,-0.010472,0.0127836,-0.00524532,-0.948088,-0.857227
2454,1,-0.0798639,0.00886467,0.375426,1,1,1,5.2,0,0.00426119,-0.00519555,-0.82069,-0.812109
2455,1,-0.0798147,0.0108297,0.410395,1,1,1,5.2,0,-0.0362201,-0.00511399,-0.335545,-0.857227
2456,1,-0.0797553,0.0129662,0.444066,1,1,1,5.2001,0.0261799,-0.0010653,-0.00504443,-0.682065,-0.710596
2457,1,-0.0796848,0.015268,0.47646,1,1,1,5.2,0,0.0127836,-0.00499985,-0.795661,-0.733154
2458,1,-0.0796023,0.017729,0.50759,1,1,1,5.2,0,0.0138489,-0.00492878,-0.763368,-0.721875
2459,1,-0.0795072,0.0203418,0.537458,1,1,1,5.2001,0,-0.00213059,-0.00485,-0.54088,-0.597803
2460,1,-0.0793987,0.0231015,0.566096,1,1,1,5.2001,0,0.0159795,-0.00478102,-0.693039,-0.688037
2461,1,-0.079276,0.026001,0.593507,1,1,1,5.2001,0,-0.00213059,-0.00467412,-0.440228,-0.428613
2462,1,-0.0791384,0.0290348,0.61971,1,1,1,5.2001,0,-0.00426119,-0.00459338,-0.365165,-0.676758
2463,1,-0.0789854,0.0321959,0.644712,1,1,1,5.20019,0.00349066,-0.00532648,-0.00446754,-0.294474,-0.541406
2464,1,-0.0788163,0.0354798,0.668539,1,1,1,5.20019,0,0.0138489,-0.00433777,-0.444569,-0.406055
2465,1,-0.0786304,0.0388794,0.691196,1,1,1,5.20019,0,0.0149142,-0.00418253,-0.390834,-0.394775
2466,1,-0.0784273,0.0423901,0.712705,1,1,1,5.20029,0,0.00745708,-0.00404541,-0.244546,-0.439893
2467,1,-0.0782064,0.0460045,0.733072,1,1,1,5.20029,0,0.0117183,-0.00386287,-0.220048,-0.281982
2468,1,-0.0779671,0.0497187,0.752319,1,1,1,5.20029,0.00872665,0.0010653,-0.00366072,-0.0278416,-0.15791
2469,1,-0.077709,0.0535256,0.770453,1,1,1,5.20039,0.0191986,0.00426119,-0.00342148,0.0188978,-0.203027
2470,1,-0.0774317,0.0574214,0.787498,1,1,1,5.20048,0.00523599,0.0266324,-0.00323852,-0.153035,-0.191748
2471,1,-0.0771347,0.0613992,0.80346,1,1,1,5.20048,0.0139626,0.00745708,-0.00300697,0.141531,-0.146631
2472,1,-0.0768176,0.0654543,0.818358,1,1,1,5.20058,0.020944,0.00639178,-0.00274202,0.244772,0.0112793
2473,1,-0.07648,0.0695812,0.832203,1,1,1,5.20077,0.0226893,0.0245018,-0.00249979,0.134767,-0.0338379
2474,1,-0.0761216,0.0737745,0.845012,1,1,1,5.20087,0.0174533,0.0127836,-0.00224019,0.356449,-0.0225586
2475,1,-0.0757421,0.0780296,0.856799,1,1,1,5.20096,0.0349066,0.0127836,-0.00198953,0.44842,0.15791
2476,1,-0.0753412,0.0823411,0.867578,1,1,1,5.20115,0.0331613,0.0436772,-0.00172586,0.206509,0.31582
2477,1,-0.0749187,0.0867032,0.877361,1,1,1,5.20135,0.0174533,0.0255671,-0.0014845,0.49898,0.406055
2478,1,-0.0744742,0.0911125,0.886167,1,1,1,5.20154,0.0471239,0.0521996,-0.00126211,0.297223,0.270703
2479,1,-0.0740074,0.095564,0.894009,1,1,1,5.20182,0.0506145,0.0564607,-0.00106279,0.340461,0.360938
2480,1,-0.0735184,0.100051,0.900899,1,1,1,5.20211,0.0855211,0.0884196,-0.00087152,0.0775598,0.406055
2481,1,-0.0730069,0.104571,0.906854,1,1,1,5.2024,0.00872665,0.0596566,-0.000663292,0.484223,0.451172
2482,1,-0.0724727,0.109118,0.911886,1,1,1,5.20288,0.118682,0.0830932,-0.000532747,0.305054,0.394775
2483,1,-0.0719156,0.113689,0.916013,1,1,1,5.20317,0.123918,0.0873543,-0.000365067,0.344008,0.541406
2484,1,-0.0713357,0.118277,0.919245,1,1,1,5.20365,0.0471239,0.0767014,-0.000184824,0.548879,0.47373
2485,1,-0.0707329,0.12288,0.9216,1,1,1,5.20422,0.116937,0.0948114,-7.24812e-05,0.426808,0.259424
2486,1,-0.070107,0.127491,0.92309,1,1,1,5.20451,0.102974,0.0830932,4.06425e-05,0.632287,0.451172
2487,1,-0.069458,0.132109,0.923731,1,1,1,5.20518,0.151844,0.123574,0.000138438,0.262747,0.417334
2488,1,-0.0687859,0.136727,0.923537,1,1,1,5.20547,0.0733038,0.0980073,0.000283283,0.625718,0.281982
2489,1,-0.0680907,0.141343,0.922522,1,1,1,5.20633,0.13439,0.116117,0.000391601,0.504441,0.406055
2490,1,-0.0673725,0.145951,0.9207,1,1,1,5.20671,0.141372,0.111856,0.000497411,0.628135,0.552686
2491,1,-0.0666311,0.150549,0.918087,1,1,1,5.20748,0.141372,0.119313,0.00064821,0.630903,0.64292
2492,1,-0.065867,0.155131,0.914696,1,1,1,5.20796,0.0925025,0.121444,0.000801269,0.69195,0.575244
2493,1,-0.0650799,0.159695,0.910541,1,1,1,5.20882,0.16057,0.132097,0.000918662,0.654253,0.609082
2494,1,-0.0642692,0.16424,0.905633,1,1,1,5.2094,0.139626,0.167252,0.000975833,0.336865,0.64292
2495,1,-0.0634377,0.168749,0.900001,1,1,1,5.21017,0.127409,0.164056,0.00106988,0.446334,0.597803
2496,1,-0.0625827,0.173234,0.893643,1,1,1,5.21093,0.188496,0.125705,0.00117812,0.94326,0.541406
2497,1,-0.0617053,0.177685,0.88658,1,1,1,5.21189,0.233874,0.170448,0.00125079,0.523771,0.766992
2498,1,-0.0608059,0.182098,0.878826,1,1,1,5.21237,0.0733038,0.161925,0.00134482,0.691428,0.733154
2499,1,-0.0598844,0.186472,0.870395,1,1,1,5.21352,0.171042,0.161925,0.00142628,0.761978,0.631641
2500,1,-0.0589412,0.190801,0.861301,1,1,1,5.2141,0.167552,0.154468,0.00153696,0.919611,0.609082
2501,1,-0.0579766,0.195083,0.851561,1,1,1,5.21525,0.195477,0.17897,0.00162577,0.722566,0.80083
2502,1,-0.0569905,0.199316,0.841185,1,1,1,5.21592,0.162316,0.185362,0.00171416,0.72336,0.812109
2503,1,-0.0559834,0.203494,0.83019,1,1,1,5.21707,0.167552,0.1811,0.00177792,0.835698,0.721875
2504,1,-0.0549555,0.207617,0.81859,1,1,1,5.21784,0.228638,0.19708,0.00182562,0.72264,0.699316
2505,1,-0.0539074,0.211679,0.806402,1,1,1,5.21908,0.188496,0.209863,0.00183811,0.638159,0.766992
2506,1,-0.052839,0.21568,0.793637,1,1,1,5.21985,0.205949,0.202406,0.0018671,0.777828,0.789551
2507,1,-0.0517506,0.219615,0.780308,1,1,1,5.2211,0.211185,0.204537,0.00191398,0.814615,0.699316
2508,1,-0.0506429,0.223482,0.766435,1,1,1,5.22205,0.253073,0.208798,0.00194894,0.824775,0.766992
2509,1,-0.049516,0.227278,0.752028,1,1,1,5.2233,0.244346,0.224778,0.0019943,0.707712,0.879785
2510,1,-0.0483591,0.231037,0.736956,1,1,1,5.22416,0.185005,0.218386,0.00206072,0.839317,0.845947
2511,1,-0.047206,0.234649,0.721672,1,1,1,5.2257,0.233874,0.223712,0.00208283,0.833653,0.812109
2512,1,-0.0460229,0.23822,0.70574,1,1,1,5.22656,0.216421,0.235431,0.00206056,0.747786,0.778271
2513,1,-0.044824,0.241705,0.689359,1,1,1,5.2279,0.256563,0.240757,0.00208332,0.739498,0.699316
2514,1,-0.043607,0.24511,0.672505,1,1,1,5.22905,0.279253,0.255671,0.00207102,0.619072,0.631641
2515,1,-0.042373,0.24843,0.655202,1,1,1,5.2304,0.225147,0.249279,0.00206056,0.731203,0.755713
2516,1,-0.0411229,0.251661,0.63747,1,1,1,5.23135,0.235619,0.260998,0.0019766,0.630672,0.654199
2517,1,-0.0398566,0.254803,0.619318,1,1,1,5.23298,0.315905,0.250345,0.00200325,0.793829,0.778271
2518,1,-0.038575,0.257854,0.600765,1,1,1,5.23413,0.20944,0.254606,0.00199113,0.785393,0.688037
2519,1,-0.0372782,0.260811,0.58182,1,1,1,5.23557,0.277507,0.270585,0.00194272,0.639885,0.496289
2520,1,-0.0359671,0.263671,0.562505,1,1,1,5.23653,0.280998,0.2333,0.00196517,1.09018,0.64292
2521,1,-0.0346417,0.266435,0.542825,1,1,1,5.23835,0.277507,0.274847,0.00197261,0.672285,0.80083
2522,1,-0.0333028,0.269099,0.522802,1,1,1,5.23912,0.21293,0.2855,0.00197732,0.591036,0.665479
2523,1,-0.031951,0.271662,0.50245,1,1,1,5.24104,0.244346,0.26952,0.00190477,0.786682,0.597803
2524,1,-0.0305863,0.274123,0.481776,1,1,1,5.24209,0.310669,0.278043,0.00188949,0.722959,0.654199
2525,1,-0.0292099,0.27648,0.460804,1,1,1,5.24372,0.253073,0.313197,0.00185811,0.36239,0.710596
2526,1,-0.0278216,0.278731,0.43954,1,1,1,5.24497,0.307178,0.279108,0.00179523,0.753565,0.64292
2527,1,-0.0264227,0.280875,0.418006,1,1,1,5.2466,0.324631,0.30574,0.00177643,0.486558,0.766992
2528,1,-0.0250132,0.28291,0.396213,1,1,1,5.24775,0.256563,0.292957,0.00175505,0.648828,0.721875
2529,1,-0.0235938,0.284836,0.374174,1,1,1,5.24947,0.298451,0.279108,0.00172086,0.819225,0.654199
2530,1,-0.0221634,0.286654,0.351878,1,1,1,5.25062,0.272271,0.302544,0.00166675,0.57618,0.620361
2531,1,-0.0207274,0.288355,0.329417,1,1,1,5.25245,0.289725,0.28763,0.0016204,0.753404,0.586523
2532,1,-0.0192816,0.289945,0.30673,1,1,1,5.2536,0.282743,0.302544,0.0016127,0.608303,0.80083
2533,1,-0.017828,0.291422,0.283854,1,1,1,5.25532,0.272271,0.283369,0.00163717,0.841989,0.845947
2534,1,-0.0163675,0.292784,0.260807,1,1,1,5.25657,0.282743,0.290826,0.00165478,0.781182,0.778271
2535,1,-0.0149005,0.29403,0.237603,1,1,1,5.25829,0.294961,0.330242,0.00163497,0.361965,0.755713
2536,1,-0.0134275,0.295159,0.214254,1,1,1,5.25944,0.287979,0.30574,0.0016202,0.642368,0.575244
2537,1,-0.011949,0.296172,0.190773,1,1,1,5.26107,0.305433,0.2855,0.00163431,0.880376,0.766992
2538,1,-0.010466,0.297067,0.16718,1,1,1,5.26232,0.282743,0.284434,0.00168245,0.913048,0.789551
2539,1,-0.00897867,0.297844,0.143486,1,1,1,5.26405,0.275762,0.292957,0.00174904,0.84269,1.02642
2540,1,-0.00748771,0.298502,0.119703,1,1,1,5.26501,0.20944,0.28763,0.00184233,0.927606,0.823389
2541,1,-0.00599381,0.299041,0.0958497,1,1,1,5.26692,0.300197,0.279108,0.00193947,1.04684,1.04897
2542,1,-0.00449752,0.29946,0.0719386,1,1,1,5.26798,0.267035,0.301479,0.00204231,0.827726,1.02642
2543,1,-0.00299941,0.29976,0.0479842,1,1,1,5.2697,0.211185,0.288695,0.00210126,0.984853,1.00386
2544,1,-0.00150008,0.29994,0.0240005,1,1,1,5.27105,0.383972,0.271651,0.00217939,1.19109,1.01514
2545,1,-2.175e-07,0.3,3.48e-06,1,1,1,5.27258,0.267035,0.298283,0.00221469,0.909205,0.947461
2546,1,0.00149973,0.29994,-0.0239949,1,1,1,5.27383,0.296706,0.294022,0.00217717,0.951148,0.913623
2547,1,0.00299885,0.29976,-0.0479753,1,1,1,5.27565,0.340339,0.315328,0.00220158,0.721646,0.936182
2548,1,0.0044971,0.29946,-0.0719321,1,1,1,5.2768,0.26529,0.288695,0.00224217,1.01928,0.924902
2549,1,0.00599325,0.299041,-0.0958408,1,1,1,5.27881,0.331613,0.298283,0.00222666,0.90866,0.913623
2550,1,0.00748732,0.298502,-0.119697,1,1,1,5.27987,0.251327,0.316393,0.00217889,0.697639,0.766992
2551,1,0.00897814,0.297844,-0.143477,1,1,1,5.28169,0.293215,0.297218,0.00213999,0.895191,0.699316
2552,1,0.0104655,0.297067,-0.167173,1,1,1,5.28303,0.34383,0.320654,0.00203214,0.61152,0.665479
2553,1,0.0119487,0.296172,-0.190768,1,1,1,5.28466,0.300197,0.30574,0.00191796,0.744908,0.541406
2554,1,0.013427,0.29516,-0.214246,1,1,1,5.286,0.356047,0.30361,0.0018732,0.749299,0.665479
2555,1,0.0149001,0.29403,-0.237596,1,1,1,5.28782,0.277507,0.295087,0.00180946,0.818813,0.64292
2556,1,0.0163672,0.292784,-0.260803,1,1,1,5.28907,0.329867,0.32385,0.00174326,0.477232,0.665479
2557,1,0.0178277,0.291422,-0.283849,1,1,1,5.2908,0.247837,0.32172,0.0016645,0.470117,0.733154
2558,1,0.0192811,0.289946,-0.306723,1,1,1,5.29204,0.293215,0.317458,0.00140767,0.460932,0.586523
2559,1,0.0207271,0.288355,-0.329412,1,1,1,5.29377,0.29147,0.310001,0.00135202,0.512816,0.688037
2560,1,0.0221645,0.286652,-0.351896,1,1,1,5.29511,0.321141,0.299348,0.00129615,0.599312,0.631641
2561,1,0.0235933,0.284837,-0.374165,1,1,1,5.29674,0.301942,0.310001,0.00118451,0.440367,0.586523
2562,1,0.0250127,0.282911,-0.396205,1,1,1,5.29789,0.268781,0.304675,0.00116217,0.470592,0.733154
2563,1,0.0264223,0.280875,-0.418001,1,1,1,5.29952,0.263545,0.297218,0.00114451,0.5226,0.699316
2564,1,0.0278214,0.278731,-0.439536,1,1,1,5.30086,0.329867,0.256737,0.00111673,0.9339,0.710596
2565,1,0.0292095,0.27648,-0.460799,1,1,1,5.3024,0.342085,0.313197,0.00113218,0.285138,0.766992
2566,1,0.0305871,0.274122,-0.481788,1,1,1,5.30355,0.205949,0.289761,0.00113976,0.51199,0.620361
2567,1,0.0319505,0.271663,-0.502442,1,1,1,5.30518,0.303687,0.274847,0.00117176,0.647183,0.823389
2568,1,0.0333025,0.2691,-0.522798,1,1,1,5.30623,0.195477,0.262063,0.00121607,0.759282,0.733154
2569,1,0.0346414,0.266436,-0.542821,1,1,1,5.30786,0.274017,0.274847,0.00121752,0.583299,0.789551
2570,1,0.0359665,0.263673,-0.562495,1,1,1,5.30872,0.221657,0.270585,0.00122984,0.595087,0.710596
2571,1,0.0372777,0.260812,-0.581813,1,1,1,5.31026,0.20944,0.263128,0.00119641,0.634814,0.710596
2572,1,0.0385745,0.257855,-0.600757,1,1,1,5.31122,0.258309,0.247149,0.0012186,0.774503,0.586523
2573,1,0.0398563,0.254804,-0.619313,1,1,1,5.31285,0.246091,0.257802,0.00128759,0.626309,0.879785
2574,1,0.0411226,0.251662,-0.637466,1,1,1,5.31371,0.23911,0.243953,0.00138858,0.75083,0.95874
2575,1,0.0423727,0.248431,-0.655197,1,1,1,5.31515,0.172788,0.235431,0.00140265,0.804217,0.823389
2576,1,0.0436066,0.245111,-0.672499,1,1,1,5.31601,0.270526,0.247149,0.00146194,0.639913,0.80083
2577,1,0.0448236,0.241706,-0.689354,1,1,1,5.31735,0.16057,0.229039,0.00154511,0.805895,0.834668
2578,1,0.0460234,0.238219,-0.705747,1,1,1,5.31831,0.270526,0.214125,0.00165421,0.93918,0.891064
2579,1,0.0472058,0.234649,-0.721669,1,1,1,5.31975,0.218166,0.219451,0.00174845,0.846923,0.891064
2580,1,0.04837,0.231002,-0.737099,1,1,1,5.32061,0.195477,0.236496,0.0018073,0.620231,0.778271
2581,1,0.0495156,0.227279,-0.752023,1,1,1,5.32186,0.20944,0.204537,0.00184871,0.929393,0.80083
2582,1,0.0506427,0.223483,-0.766432,1,1,1,5.32272,0.221657,0.219451,0.00190517,0.724125,0.733154
2583,1,0.0517606,0.21958,-0.780432,1,1,1,5.32397,0.18326,0.196015,0.00193034,0.935321,0.620361
2584,1,0.0528387,0.215681,-0.793633,1,1,1,5.32473,0.228638,0.210929,0.00195306,0.724497,0.721875
2585,1,0.0539071,0.21168,-0.806399,1,1,1,5.32598,0.188496,0.194949,0.0020302,0.85951,0.834668
2586,1,0.0549554,0.207618,-0.818589,1,1,1,5.32694,0.216421,0.174709,0.00207464,1.03639,0.721875
2587,1,0.0559832,0.203496,-0.830187,1,1,1,5.32809,0.256563,0.205602,0.00208182,0.645227,0.575244
2588,1,0.0569902,0.199317,-0.841181,1,1,1,5.32886,0.179769,0.209863,0.0020618,0.54284,0.755713
2589,1,0.0579763,0.195085,-0.851558,1,1,1,5.33001,0.18675,0.174709,0.00208806,0.879558,0.676758
2590,1,0.058941,0.190802,-0.861299,1,1,1,5.33087,0.221657,0.200276,0.00206014,0.540647,0.676758
2591,1,0.0598842,0.186473,-0.870392,1,1,1,5.33183,0.162316,0.216255,0.00198951,0.301086,0.383496
2592,1,0.0608057,0.182099,-0.878824,1,1,1,5.3326,0.214675,0.204537,0.00193521,0.367895,0.31582
2593,1,0.0617051,0.177686,-0.886578,1,1,1,5.33375,0.197222,0.176839,0.00189457,0.611891,0.597803
2594,1,0.0625823,0.173235,-0.893641,1,1,1,5.33451,0.172788,0.192819,0.00187945,0.37846,0.575244
2595,1,0.0634373,0.168751,-0.899999,1,1,1,5.33547,0.158825,0.184296,0.00182502,0.409037,0.530127
2596,1,0.0642699,0.164236,-0.905637,1,1,1,5.33614,0.153589,0.182166,0.00176179,0.367864,0.428613
2597,1,0.0650797,0.159695,-0.91054,1,1,1,5.3371,0.165806,0.16299,0.00173042,0.518184,0.439893
2598,1,0.0658668,0.155132,-0.914695,1,1,1,5.33787,0.181514,0.14488,0.00175123,0.663486,0.372217
2599,1,0.066631,0.15055,-0.918086,1,1,1,5.33883,0.158825,0.157664,0.00174401,0.465157,0.631641
2600,1,0.0673723,0.145952,-0.9207,1,1,1,5.33921,0.0750492,0.149142,0.0017169,0.498511,0.620361
2601,1,0.0680905,0.141344,-0.922521,1,1,1,5.34007,0.13439,0.120379,0.00169353,0.754942,0.586523
2602,1,0.0687857,0.136729,-0.923537,1,1,1,5.34046,0.0994838,0.131032,0.00175414,0.588918,0.552686
2603,1,0.0694577,0.13211,-0.923731,1,1,1,5.34132,0.0890118,0.116117,0.00182771,0.705935,0.575244
2604,1,0.0701068,0.127493,-0.923091,1,1,1,5.3419,0.165806,0.119313,0.00185482,0.617728,0.631641
2605,1,0.0707327,0.122881,-0.9216,1,1,1,5.34238,0.115192,0.117183,0.00191321,0.592431,0.541406
2606,1,0.0713356,0.118278,-0.919246,1,1,1,5.34295,0.139626,0.121444,0.00195647,0.495063,0.721875
2607,1,0.0719156,0.113689,-0.916013,1,1,1,5.34333,0.0506145,0.0980073,0.00205628,0.710135,0.823389
2608,1,0.0724725,0.10912,-0.911888,1,1,1,5.34381,0.10821,0.0862891,0.00213389,0.793739,0.744434
2609,1,0.0730067,0.104572,-0.906855,1,1,1,5.34429,0.101229,0.0852238,0.00219966,0.758987,0.654199
2610,1,0.0735183,0.100053,-0.900901,1,1,1,5.34458,0.0855211,0.0809626,0.00230582,0.765207,0.778271
2611,1,0.0740073,0.0955649,-0.894011,1,1,1,5.34516,0.0750492,0.0884196,0.00243216,0.645704,0.834668
2612,1,0.0744741,0.0911136,-0.886169,1,1,1,5.34554,0.102974,0.0777667,0.00247718,0.715264,0.913623
2613,1,0.0749186,0.0867042,-0.877363,1,1,1,5.34583,0.0663225,0.0852238,0.00251073,0.584748,0.665479
2614,1,0.0753412,0.0823418,-0.867579,1,1,1,5.34611,0.0610865,0.0617872,0.00254743,0.795195,0.64292
2615,1,0.075742,0.0780306,-0.856802,1,1,1,5.34659,0.0907571,0.0820279,0.00262699,0.531624,0.64292
2616,1,0.0761215,0.0737756,-0.845015,1,1,1,5.34679,0.0680678,0.0564607,0.0026985,0.771707,0.834668
2617,1,0.0764799,0.0695821,-0.832207,1,1,1,5.34707,0.0401426,0.0767014,0.00269908,0.499441,0.586523
2618,1,0.0768175,0.0654551,-0.818361,1,1,1,5.34727,0.0523599,0.0490037,0.00277368,0.76523,0.609082
2619,1,0.0771346,0.0614004,-0.803465,1,1,1,5.34774,0.0349066,0.0245018,0.00287528,1.00047,0.688037
2620,1,0.0774316,0.0574227,-0.787503,1,1,1,5.34784,0.0383972,0.0511343,0.00289964,0.664129,0.665479
2621,1,0.0777089,0.0535271,-0.77046,1,1,1,5.34803,0.0366519,0.0521996,0.00290036,0.607068,0.586523
2622,1,0.077967,0.0497195,-0.752323,1,1,1,5.34822,0.0575959,0.0276977,0.00297003,0.84159,0.789551
2623,1,0.0782063,0.0460053,-0.733076,1,1,1,5.34842,0.0191986,0.0330242,0.00303087,0.748133,0.665479
2624,1,0.0784272,0.0423908,-0.71271,1,1,1,5.34861,0.0558505,0.0458078,0.00301287,0.563623,0.631641
2625,1,0.0786304,0.0388803,-0.691202,1,1,1,5.3487,0.0366519,0.0490037,0.00305971,0.494577,0.80083
2626,1,0.0788162,0.0354806,-0.668545,1,1,1,5.3489,0,0.0308936,0.00312307,0.6636,0.733154
2627,1,0.0789854,0.0321967,-0.644718,1,1,1,5.34899,0.00872665,0.00213059,0.00312675,0.943518,0.620361
2628,1,0.0791384,0.0290351,-0.619713,1,1,1,5.34909,0.0541052,0.0245018,0.00317709,0.668784,0.812109
2629,1,0.0792759,0.0260018,-0.593514,1,1,1,5.34918,0,0.0138489,0.00320573,0.756197,0.755713
2630,1,0.0793986,0.0231023,-0.566104,1,1,1,5.34928,0,0.00958767,0.00321583,0.772669,0.710596
2631,1,0.0795072,0.0203431,-0.537472,1,1,1,5.34937,0.0139626,-0.0010653,0.00325467,0.865141,0.699316
2632,1,0.0796023,0.0177299,-0.5076,1,1,1,5.34937,0.020944,0.0340895,0.00325951,0.451208,0.778271
2633,1,0.0796847,0.015269,-0.476472,1,1,1,5.34947,-0.00349066,0.0351548,0.0032962,0.418512,0.755713
2634,1,0.0797553,0.0129672,-0.444082,1,1,1,5.34957,0,0.0351548,0.00329166,0.394226,0.665479
2635,1,0.0798147,0.0108302,-0.410403,1,1,1,5.34947,-0.00872665,0.0234365,0.00328515,0.500784,0.710596
2636,1,0.0798639,0.00886496,-0.375431,1,1,1,5.34957,0,0.00319589,0.00330414,0.706749,0.609082
2637,1,0.0799036,0.00707797,-0.339151,1,1,1,5.34957,0,-0.0127836,0.00336185,0.873327,0.676758
2638,1,0.0799349,0.00547583,-0.301549,1,1,1,5.34957,0.020944,0.00639178,0.00336274,0.648158,0.823389
2639,1,0.0799587,0.00406489,-0.262604,1,1,1,5.34957,0,-0.00852238,0.00336431,0.800601,0.699316
2640,1,0.0799759,0.00285192,-0.222302,1,1,1,5.34957,0,-3.91384e-19,0.00341251,0.704024,0.778271
2641,1,0.0799876,0.0018441,-0.18064,1,1,1,5.34957,0,0.00213059,0.00341934,0.675006,0.631641
2642,1,0.0799947,0.00104795,-0.137591,1,1,1,5.34957,0,0.0127836,0.00337825,0.548711,0.64292
2643,1,0.0799984,0.000470504,-0.0931447,1,1,1,5.34957,0,0.00532648,0.0033728,0.629217,0.688037
2644,1,0.0799998,0.00011883,-0.0472877,1,1,1,5.34957,0,6.52306e-20,0.00333644,0.685178,0.575244
2645,1,0.08,9.28821e-13,-4.22399e-06,1,1,1,5.34957,0,-0.00958767,0.00331931,0.793613,0.518848
2646,1,0.08,0,0,1,1,1,5.34966,0.010472,0.0372854,0.00327148,0.271695,0.597803
2647,1,0.08,0,0,1,1,1,5.34957,-0.010472,-0.00958767,0.00330381,0.791567,0.857227
2648,1,0.08,0,0,1,1,1,5.34966,-0.00349066,-0.010653,0.00335102,0.809517,0.812109
2649,1,0.08,0,0,1,1,1,5.34966,0,0.00639178,0.00333079,0.619354,0.710596
2650,1,0.08,0,0,1,1,1,5.34966,0,0.0202406,0.00325948,0.457604,0.665479
2651,1,0.08,0,0,1,1,1,5.34966,0,-0.00852238,0.00324574,0.772184,0.654199
2652,1,0.08,0,0,1,1,1,5.34966,0,-0.00852238,0.00324743,0.772406,0.755713
2653,1,0.08,0,0,1,1,1,5.34966,0,-0.00958767,0.00322646,0.781357,0.530127
2654,1,0.08,0,0,1,1,1,5.34966,0.0122173,-0.0202406,0.00322595,0.898472,0.654199
2655,1,0.08,0,0,1,1,1,5.34966,0.0279253,0.00852238,0.00326264,0.586922,0.80083
2656,1,0.08,0,0,1,1,1,5.34966,-0.00872665,-0.010653,0.00328748,0.80113,0.552686
2657,1,0.08,0,0,1,1,1,5.34966,-0.00174533,-0.00319589,0.0032272,0.711146,0.507568
2658,1,0.08,0,0,1,1,1,5.34966,0.00872665,0.0191753,0.00321574,0.463549,0.688037
2659,1,0.08,0,0,1,1,1,5.34966,0,0.00745708,0.00318645,0.588583,0.64292
2660,1,0.08,0,0,1,1,1,5.34966,0,0.00532648,0.0031906,0.612568,0.563965
2661,1,0.08,0,0,1,1,1,5.34966,-0.00174533,-0.00426119,0.00316662,0.714867,0.688037
2662,1,0.08,0,0,1,1,1,5.34966,0,6.52306e-19,0.00313844,0.664274,0.710596
2663,1,0.08,0,0,1,1,1,5.34966,0,-0.00958767,0.00312988,0.768609,0.563965
2664,1,0.08,0,0,1,1,1,5.34976,0.00872665,-0.0159795,0.00312519,0.838299,0.597803
2665,1,0.08,0,0,1,1,1,5.34976,0,0.0213059,0.00307662,0.421749,0.541406
2666,1,0.08,0,0,1,1,1,5.34966,0,-0.00745708,0.00307464,0.737881,0.620361
2667,1,0.08,0,0,1,1,1,5.34966,0,0.00426119,0.00309663,0.611882,0.665479
2668,1,0.08,0,0,1,1,1,5.34966,0,-0.0372854,0.00312316,1.0724,0.575244
2669,1,0.08,0,0,1,1,1,5.34976,0.0122173,0.00639178,0.00313018,0.592874,0.733154
2670,1,0.08,0,0,1,1,1,5.34966,-0.00523599,0.0117183,0.00310693,0.531214,0.665479
2671,1,0.08,0,0,1,1,1,5.34976,0,0.00426119,0.00309317,0.611426,0.552686
2672,1,0.08,0,0,1,1,1,5.34976,0,0.00745708,0.00306764,0.572901,0.552686
2673,1,0.08,0,0,1,1,1,5.34976,0,0.0170448,0.00307206,0.46802,0.620361
2674,1,0.08,0,0,1,1,1,5.34976,0,0.00745708,0.00305504,0.571238,0.541406
2675,1,0.08,0,0,1,1,1,5.34976,0,-0.010653,0.00308858,0.774876,0.597803
2676,1,0.08,0,0,1,1,1,5.34976,0,0.0138489,0.00311138,0.508364,0.733154
2677,1,0.08,0,0,1,1,1,5.34976,0,0.00958767,0.0031162,0.555874,0.563965
2678,1,0.08,0,0,1,1,1,5.34976,0,0.0138489,0.00310234,0.507172,0.575244
2679,1,0.08,0,0,1,1,1,5.34976,0,-0.00639178,0.00309496,0.728844,0.552686
2680,1,0.08,0,0,1,1,1,5.34976,0,-0.0170448,0.0030755,0.843458,0.676758
2681,1,0.08,0,0,1,1,1,5.34976,0.010472,0.00213059,0.00307715,0.632747,0.518848
2682,1,0.08,0,0,1,1,1,5.34976,0,0.00852238,0.00306897,0.561357,0.530127
2683,1,0.08,0,0,1,1,1,5.34976,0,-0.00745708,0.00308222,0.738881,0.48501
2684,1,0.08,0,0,1,1,1,5.34976,0,0.00852238,0.00306594,0.560958,0.620361
2685,1,0.08,0,0,1,1,1,5.34976,0,0.0202406,0.00305929,0.431179,0.80083
2686,1,0.08,0,0,1,1,1,5.34976,-0.015708,-0.00958767,0.00303171,0.75565,0.552686
2687,1,0.08,0,0,1,1,1,5.34976,0.00872665,0.00745708,0.00299313,0.563066,0.676758
2688,1,0.08,0,0,1,1,1,5.34976,0,0.0117183,0.0029863,0.51529,0.676758
2689,1,0.08,0,0,1,1,1,5.34976,0,0.0159795,0.00295199,0.463889,0.699316
2690,1,0.08,0,0,1,1,1,5.34976,0,0.00213059,0.0029484,0.615752,0.676758
2691,1,0.08,0,0,1,1,1,5.34976,0,0.0213059,0.00290012,0.398451,0.676758
2692,1,0.08,0,0,1,1,1,5.34966,-0.0139626,0.0149142,0.00291621,0.470885,0.518848
2693,1,0.08,0,0,1,1,1,5.34976,-0.0314159,-0.00639178,0.00290515,0.703789,0.620361
2694,1,0.08,0,0,1,1,1,5.34976,0,0.00532648,0.0029079,0.575251,0.609082
2695,1,0.08,0,0,1,1,1,5.34976,0,0.00426119,0.00285346,0.579784,0.563965
2696,1,0.08,0,0,1,1,1,5.34976,0,0.0202406,0.00283057,0.400988,0.597803
2697,1,0.08,0,0,1,1,1,5.34976,-0.00174533,-0.0170448,0.00282808,0.810798,0.417334
2698,1,0.08,0,0,1,1,1,5.34976,0.0139626,-0.0213059,0.00283179,0.858161,0.609082
2699,1,0.08,0,0,1,1,1,5.34976,0,-0.00852238,0.00287433,0.723158,0.789551
2700,1,0.08,0,0,1,1,1,5.34976,0,-0.00852238,0.00287698,0.723508,0.654199
2701,1,0.08,0,0,1,1,1,5.34976,0,0.0159795,0.00284597,0.449894,0.575244
2702,1,0.08,0,0,1,1,1,5.34976,0,0.00426119,0.00281528,0.574744,0.676758
2703,1,0.08,0,0,1,1,1,5.34976,0.00349066,0.0234365,0.00283544,0.366476,0.789551
2704,1,0.08,0,0,1,1,1,5.34976,-0.0139626,0.00958767,0.00280584,0.514906,0.541406
2705,1,0.08,0,0,1,1,1,5.34976,0,0.00213059,0.00277642,0.593051,0.586523
2706,1,0.08,0,0,1,1,1,5.34976,0,-0.00532648,0.00275469,0.67221,0.575244
2707,1,0.08,0,0,1,1,1,5.34976,0,-0.00745708,0.0027519,0.695279,0.721875
2708,1,0.08,0,0,1,1,1,5.34976,-0.00872665,-4.56614e-19,0.00273584,0.61113,0.609082
2709,1,0.08,0,0,1,1,1,5.34976,0,-0.00852238,0.00273435,0.704681,0.48501
2710,1,0.08,0,0,1,1,1,5.34976,0.00872665,0.00852238,0.00273419,0.517167,0.575244
2711,1,0.08,0,0,1,1,1,5.34976,-0.00872665,0.00745708,0.00274544,0.530371,0.665479
2712,1,0.08,0,0,1,1,1,5.34976,0,-0.00426119,0.00273772,0.658252,0.47373
2713,1,0.08,0,0,1,1,1,5.34976,0,-0.010653,0.00271035,0.724948,0.496289
2714,1,0.08,0,0,1,1,1,5.34976,0.00698132,0.0149142,0.00268952,0.440961,0.676758
2715,1,0.08,0,0,1,1,1,5.34976,0,-1.30461e-19,0.00269351,0.605544,0.631641
2716,1,0.08,0,0,1,1,1,5.34976,0,-0.00639178,0.00268116,0.674223,0.48501
2717,1,0.08,0,0,1,1,1,5.34976,0,-0.00213059,0.00263547,0.621318,0.496289
2718,1,0.08,0,0,1,1,1,5.34976,0,0.00639178,0.00266319,0.531231,0.64292
2719,1,0.08,0,0,1,1,1,5.34976,0,0.0117183,0.00267542,0.474254,0.597803
2720,1,0.08,0,0,1,1,1,5.34976,0,-0.00639178,0.0026801,0.674083,0.631641
2721,1,0.08,0,0,1,1,1,5.34976,0,0.0234365,0.00265555,0.342731,0.552686
2722,1,0.08,0,0,1,1,1,5.34976,0,0.00745708,0.00265578,0.518536,0.575244
2723,1,0.08,0,0,1,1,1,5.34976,0,-0.00319589,0.00264558,0.634372,0.597803
2724,1,0.08,0,0,1,1,1,5.34976,0,0.00958767,0.00258872,0.486246,0.575244
2725,1,0.08,0,0,1,1,1,5.34976,0,0.00213059,0.00257743,0.566784,0.575244
2726,1,0.08,0,0,1,1,1,5.34976,0,-0.0170448,0.00259943,0.780618,0.496289
2727,1,0.08,0,0,1,1,1,5.34976,0,0.0255671,0.00261207,0.313555,0.507568
2728,1,0.08,0,0,1,1,1,5.34976,0.010472,0.00639178,0.0026074,0.523867,0.575244
2729,1,0.08,0,0,1,1,1,5.34976,-0.00872665,-0.00426119,0.00259437,0.63933,0.462451
2730,1,0.08,0,0,1,1,1,5.34976,0.00349066,-0.00532648,0.00255588,0.645968,0.439893
2731,1,0.08,0,0,1,1,1,5.34976,0,-0.00532648,0.00257538,0.648542,0.64292
2732,1,0.08,0,0,1,1,1,5.34976,0,-0.0149142,0.00258567,0.755365,0.597803
2733,1,0.08,0,0,1,1,1,5.34976,0.00698132,0.0138489,0.0025676,0.436586,0.733154
2734,1,0.08,0,0,1,1,1,5.34976,0,-0.0159795,0.00257039,0.765065,0.507568
2735,1,0.08,0,0,1,1,1,5.34976,0,-0.0010653,0.00253347,0.596136,0.406055
2736,1,0.08,0,0,1,1,1,5.34976,0.0436332,-0.00532648,0.00253147,0.642746,0.631641
2737,1,0.08,0,0,1,1,1,5.34976,0.0174533,0.00532648,0.00253534,0.526074,0.563965
2738,1,0.08,0,0,1,1,1,5.34976,0,-0.0149142,0.00251858,0.746508,0.48501
2739,1,0.08,0,0,1,1,1,5.34976,0.00872665,-0.00852238,0.00251846,0.676183,0.609082
2740,1,0.08,0,0,1,1,1,5.34976,0,-0.0010653,0.00251393,0.593557,0.47373
2741,1,0.08,0,0,1,1,1,5.34976,0,-0.00958767,0.00249065,0.68423,0.631641
2742,1,0.08,0,0,1,1,1,5.34976,-0.010472,0.0170448,0.0024387,0.384416,0.394775
2743,1,0.08,0,0,1,1,1,5.34976,0,0.00319589,0.00240174,0.531782,0.609082
2744,1,0.08,0,0,1,1,1,5.34966,-0.00872665,0.00319589,0.00246272,0.539924,0.755713
2745,1,0.08,0,0,1,1,1,5.34976,-0.0174533,-0.00426119,0.0024594,0.621514,0.518848
2746,1,0.0799998,-0.000118773,-0.0472765,1,1,1,5.34976,0,0.0138489,0.00244641,0.41244,0.428613
2747,1,0.0799984,-0.000470361,-0.0931308,1,1,1,5.34976,-0.0139626,-0.00213059,0.00241279,0.57297,0.507568
2748,1,0.0799947,-0.00104774,-0.137578,1,1,1,5.34976,0,0.0127836,0.00241956,0.396425,0.530127
2749,1,0.0799876,-0.00184392,-0.180631,1,1,1,5.34976,0,0.00319589,0.00241793,0.485804,0.552686
2750,1,0.0799759,-0.00285161,-0.22229,1,1,1,5.34976,-0.00872665,-0.00213059,0.00241142,0.525265,0.541406
2751,1,0.0799587,-0.00406438,-0.262589,1,1,1,5.34976,0,0.00745708,0.00241473,0.399639,0.48501
2752,1,0.079935,-0.00547528,-0.301535,1,1,1,5.34976,0,0.00639178,0.00239425,0.385812,0.417334
2753,1,0.0799037,-0.00707763,-0.339143,1,1,1,5.34976,0,0.0010653,0.00235959,0.414586,0.507568
2754,1,0.0798639,-0.0088646,-0.375424,1,1,1,5.34966,-0.015708,0.0117183,0.00231853,0.265141,0.620361
2755,1,0.0798147,-0.0108297,-0.410395,1,1,1,5.34966,0,-0.00745708,0.00226776,0.440283,0.507568
2756,1,0.0797553,-0.0129665,-0.444071,1,1,1,5.34966,-0.0261799,-0.00319589,0.00216174,0.348404,0.281982
2757,1,0.0796848,-0.0152684,-0.476464,1,1,1,5.34966,0,-0.0223712,0.00212216,0.521251,0.259424
2758,1,0.0796023,-0.0177289,-0.507588,1,1,1,5.34966,0,0.00213059,0.00207295,0.210611,0.270703
2759,1,0.0795072,-0.020342,-0.537461,1,1,1,5.34966,0,0.0159795,0.0019962,0.0118191,0.281982
2760,1,0.0793987,-0.0231017,-0.566098,1,1,1,5.34966,-0.00872665,0.0159795,0.0018819,-0.0414485,0.293262
2761,1,0.079276,-0.0260009,-0.593506,1,1,1,5.34957,-0.0174533,-0.00426119,0.00173614,0.119836,0.0676758
2762,1,0.0791384,-0.0290346,-0.619708,1,1,1,5.34957,0,-0.00639178,0.00163277,0.0883708,0.180469
2763,1,0.0789854,-0.0321959,-0.644712,1,1,1,5.34957,0,0.00958767,0.00150177,-0.148434,0.180469
2764,1,0.0788163,-0.0354794,-0.668536,1,1,1,5.34957,-0.00698132,0.0117183,0.00132179,-0.243659,0.101514
2765,1,0.0786304,-0.0388797,-0.691198,1,1,1,5.34947,-0.0174533,0.00213059,0.00118632,-0.204574,0.0789551
2766,1,0.0784273,-0.0423898,-0.712704,1,1,1,5.34947,-0.0139626,-0.00958767,0.000989689,-0.154417,0.0563965
2767,1,0.0782064,-0.0460047,-0.733073,1,1,1,5.34947,-0.00698132,6.52306e-20,0.000772005,-0.343311,0.0112793
2768,1,0.0779671,-0.0497189,-0.752319,1,1,1,5.34937,-0.0174533,-0.01811,0.000554465,-0.230642,-0.101514
2769,1,0.077709,-0.053526,-0.770455,1,1,1,5.34928,-0.00698132,-0.0117183,0.000283842,-0.397891,-0.304541
2770,1,0.0774317,-0.0574216,-0.787499,1,1,1,5.34909,-0.015708,-0.01811,4.94158e-05,-0.419782,-0.259424
2771,1,0.0771347,-0.0613991,-0.80346,1,1,1,5.34899,-0.0244346,-0.0415466,-0.000138033,-0.248255,-0.451172
2772,1,0.0768176,-0.0654542,-0.818357,1,1,1,5.3489,-0.0191986,-0.0351548,-0.000310847,-0.401741,-0.3271
2773,1,0.07648,-0.0695812,-0.832204,1,1,1,5.3487,-0.0471239,-0.0404813,-0.000498351,-0.430894,-0.462451
2774,1,0.0761216,-0.0737745,-0.845012,1,1,1,5.34851,-0.0453786,-0.0426119,-0.000660313,-0.491831,-0.47373
2775,1,0.0757422,-0.0780291,-0.856798,1,1,1,5.34832,-0.0523599,-0.0415466,-0.00080095,-0.584756,-0.360938
2776,1,0.0753413,-0.0823407,-0.867577,1,1,1,5.34803,-0.0663225,-0.0596566,-0.000981355,-0.476127,-0.507568
2777,1,0.0749186,-0.0867039,-0.877363,1,1,1,5.34765,-0.0244346,-0.0521996,-0.00112927,-0.644048,-0.609082
2778,1,0.0744742,-0.0911124,-0.886167,1,1,1,5.34736,-0.0907571,-0.0713749,-0.00122017,-0.508925,-0.597803
2779,1,0.0740075,-0.0955636,-0.894009,1,1,1,5.34707,-0.101229,-0.0820279,-0.00134074,-0.473208,-0.518848
2780,1,0.0735184,-0.100051,-0.900899,1,1,1,5.34659,-0.0750492,-0.0809626,-0.0014525,-0.565121,-0.620361
2781,1,0.0730069,-0.104571,-0.906853,1,1,1,5.34611,-0.0750492,-0.0862891,-0.00156217,-0.586713,-0.609082
2782,1,0.0724727,-0.109118,-0.911886,1,1,1,5.34573,-0.0925025,-0.105464,-0.00159773,-0.443775,-0.541406
2783,1,0.0719157,-0.113688,-0.916012,1,1,1,5.34516,-0.122173,-0.10653,-0.0016028,-0.494506,-0.507568
2784,1,0.0713358,-0.118277,-0.919245,1,1,1,5.34477,-0.0942478,-0.107595,-0.00168674,-0.559217,-0.552686
2785,1,0.0707329,-0.12288,-0.9216,1,1,1,5.34391,-0.125664,-0.10866,-0.00172038,-0.615379,-0.575244
2786,1,0.070107,-0.127491,-0.92309,1,1,1,5.34343,-0.125664,-0.136358,-0.00175854,-0.381113,-0.609082
2787,1,0.069458,-0.132109,-0.923731,1,1,1,5.34276,-0.10472,-0.150207,-0.00175446,-0.290688,-0.552686
2788,1,0.0687859,-0.136727,-0.923537,1,1,1,5.34218,-0.125664,-0.147011,-0.00174822,-0.385978,-0.372217
2789,1,0.0680907,-0.141343,-0.922522,1,1,1,5.34142,-0.111701,-0.150207,-0.00170321,-0.403714,-0.304541
2790,1,0.0673724,-0.145951,-0.9207,1,1,1,5.34094,-0.146608,-0.140619,-0.00172091,-0.573316,-0.428613
2791,1,0.0666312,-0.150548,-0.918087,1,1,1,5.33998,-0.15708,-0.125705,-0.00180681,-0.814021,-0.688037
2792,1,0.0658671,-0.15513,-0.914696,1,1,1,5.3394,-0.132645,-0.140619,-0.0019118,-0.729827,-0.744434
2793,1,0.0650799,-0.159694,-0.910541,1,1,1,5.33854,-0.148353,-0.131032,-0.0020051,-0.912808,-0.755713
2794,1,0.06427,-0.164235,-0.905638,1,1,1,5.33787,-0.193732,-0.166186,-0.0020781,-0.600634,-0.834668
2795,1,0.0634376,-0.168749,-0.900001,1,1,1,5.3371,-0.144862,-0.149142,-0.00215337,-0.862224,-0.789551
2796,1,0.0625827,-0.173233,-0.893644,1,1,1,5.33624,-0.172788,-0.165121,-0.00215829,-0.748597,-0.733154
2797,1,0.0617054,-0.177684,-0.88658,1,1,1,5.33538,-0.172788,-0.165121,-0.00216753,-0.809917,-0.575244
2798,1,0.0608059,-0.182098,-0.878826,1,1,1,5.3348,-0.167552,-0.168317,-0.00225208,-0.849301,-0.778271
2799,1,0.0598844,-0.186472,-0.870395,1,1,1,5.33365,-0.158825,-0.174709,-0.00232434,-0.851131,-0.902344
2800,1,0.0589413,-0.190801,-0.861302,1,1,1,5.33288,-0.202458,-0.152337,-0.00239859,-1.16811,-0.97002
2801,1,0.0579764,-0.195084,-0.851559,1,1,1,5.33183,-0.228638,-0.183231,-0.00247555,-0.901228,-0.981299
2802,1,0.0569904,-0.199316,-0.841184,1,1,1,5.33106,-0.179769,-0.200276,-0.00257839,-0.790697,-1.06025
2803,1,0.0559835,-0.203494,-0.830191,1,1,1,5.33001,-0.137881,-0.187492,-0.00258826,-0.989768,-0.913623
2804,1,0.0549556,-0.207617,-0.818592,1,1,1,5.32915,-0.237365,-0.19708,-0.00259228,-0.941117,-0.879785
2805,1,0.0539073,-0.21168,-0.806401,1,1,1,5.32799,-0.216421,-0.207733,-0.0026516,-0.891067,-0.879785
2806,1,0.052839,-0.21568,-0.793637,1,1,1,5.32694,-0.223402,-0.227974,-0.00266624,-0.726867,-0.924902
2807,1,0.0517506,-0.219615,-0.780309,1,1,1,5.32579,-0.198968,-0.234365,-0.00263837,-0.705533,-0.766992
2808,1,0.0506428,-0.223482,-0.766434,1,1,1,5.32493,-0.237365,-0.222647,-0.00261777,-0.883183,-0.845947
2809,1,0.0495159,-0.227279,-0.752027,1,1,1,5.32339,-0.26529,-0.249279,-0.00263899,-0.646575,-1.02642
2810,1,0.0483703,-0.231001,-0.737103,1,1,1,5.32243,-0.195477,-0.245018,-0.00257936,-0.73317,-0.891064
2811,1,0.0472062,-0.234648,-0.721674,1,1,1,5.321,-0.26529,-0.26952,-0.00250974,-0.500971,-0.789551
2812,1,0.0460238,-0.238217,-0.705753,1,1,1,5.32004,-0.214675,-0.253541,-0.00238327,-0.70085,-0.609082
2813,1,0.0448241,-0.241705,-0.68936,1,1,1,5.3185,-0.329867,-0.25141,-0.00232439,-0.760551,-0.721875
2814,1,0.043607,-0.24511,-0.672504,1,1,1,5.31745,-0.246091,-0.259932,-0.00228785,-0.705504,-0.834668
2815,1,0.0423731,-0.24843,-0.655203,1,1,1,5.31582,-0.223402,-0.279108,-0.00217863,-0.519893,-0.586523
2816,1,0.0411229,-0.251661,-0.63747,1,1,1,5.31486,-0.287979,-0.268455,-0.00204183,-0.654396,-0.609082
2817,1,0.0398566,-0.254804,-0.619318,1,1,1,5.31323,-0.305433,-0.292957,-0.00195234,-0.410954,-0.665479
2818,1,0.0385748,-0.257854,-0.600762,1,1,1,5.31218,-0.225147,-0.280173,-0.00185758,-0.57391,-0.575244
2819,1,0.0372782,-0.260811,-0.581819,1,1,1,5.31064,-0.303687,-0.270585,-0.00173388,-0.694832,-0.48501
2820,1,0.0359669,-0.263672,-0.562502,1,1,1,5.30949,-0.277507,-0.256737,-0.00176924,-0.890243,-0.902344
2821,1,0.0346418,-0.266435,-0.542826,1,1,1,5.30777,-0.207694,-0.254606,-0.00179709,-0.954018,-0.766992
2822,1,0.0333029,-0.269099,-0.522804,1,1,1,5.30671,-0.329867,-0.268455,-0.00177866,-0.833094,-0.845947
2823,1,0.0319508,-0.271663,-0.502447,1,1,1,5.30518,-0.253073,-0.266324,-0.00175365,-0.884937,-0.699316
2824,1,0.0305863,-0.274123,-0.481777,1,1,1,5.30403,-0.315905,-0.289761,-0.00173415,-0.656979,-0.857227
2825,1,0.0292098,-0.27648,-0.460803,1,1,1,5.3024,-0.277507,-0.276977,-0.00180718,-0.839617,-1.02642
2826,1,0.0278217,-0.278731,-0.439541,1,1,1,5.30105,-0.270526,-0.271651,-0.00184788,-0.934293,-0.95874
2827,1,0.0264226,-0.280875,-0.418006,1,1,1,5.29942,-0.315905,-0.299348,-0.00180886,-0.651641,-0.845947
2828,1,0.0250133,-0.28291,-0.396214,1,1,1,5.29837,-0.251327,-0.291891,-0.00175527,-0.749421,-0.879785
2829,1,0.0235937,-0.284836,-0.374171,1,1,1,5.29684,-0.268781,-0.28763,-0.00170894,-0.812819,-0.620361
2830,1,0.0221649,-0.286652,-0.351903,1,1,1,5.29559,-0.324631,-0.28763,-0.00167986,-0.83098,-0.620361
2831,1,0.0207275,-0.288355,-0.329418,1,1,1,5.29377,-0.315905,-0.295087,-0.0017554,-0.784123,-1.09409
2832,1,0.0192815,-0.289946,-0.306728,1,1,1,5.29262,-0.223402,-0.281238,-0.00177809,-0.959839,-0.823389
2833,1,0.0178281,-0.291422,-0.283855,1,1,1,5.29089,-0.310669,-0.283369,-0.00181058,-0.961056,-0.857227
2834,1,0.0163674,-0.292784,-0.260807,1,1,1,5.28993,-0.214675,-0.268455,-0.00182474,-1.14591,-0.744434
2835,1,0.0149006,-0.29403,-0.237604,1,1,1,5.28802,-0.342085,-0.281238,-0.0016936,-1.00687,-0.95874
2836,1,0.0134275,-0.29516,-0.214254,1,1,1,5.28696,-0.289725,-0.299348,-0.00178105,-0.839208,-1.21816
2837,1,0.011949,-0.296172,-0.190773,1,1,1,5.28533,-0.207694,-0.286565,-0.00180722,-0.998012,-1.02642
2838,1,0.0104661,-0.297067,-0.167182,1,1,1,5.28399,-0.361283,-0.317458,-0.0017997,-0.667617,-0.947461
2839,1,0.00897857,-0.297844,-0.143484,1,1,1,5.28255,-0.211185,-0.304675,-0.00181606,-0.816577,-0.857227
2840,1,0.00748788,-0.298502,-0.119706,1,1,1,5.2813,-0.331613,-0.274847,-0.00187706,-1.15744,-0.936182
2841,1,0.00599374,-0.299041,-0.0958486,1,1,1,5.27939,-0.347321,-0.268455,-0.00198425,-1.24516,-1.21816
2842,1,0.00449748,-0.29946,-0.0719381,1,1,1,5.27814,-0.26529,-0.268455,-0.00206681,-1.25783,-1.29712
2843,1,0.00299932,-0.29976,-0.0479827,1,1,1,5.27632,-0.349066,-0.302544,-0.002061,-0.882359,-0.902344
2844,1,0.00149997,-0.29994,-0.0239987,1,1,1,5.27526,-0.240855,-0.299348,-0.00202319,-0.911323,-0.80083
2845,1,1.536e-07,-0.3,-2.4576e-06,1,1,1,5.27344,-0.340339,-0.294022,-0.00194925,-0.956612,-0.733154
2846,1,-0.00149973,-0.29994,0.0239949,1,1,1,5.27229,-0.279253,-0.318524,-0.00192831,-0.681005,-0.924902
2847,1,-0.00299896,-0.29976,0.047977,1,1,1,5.27037,-0.246091,-0.292957,-0.00193904,-0.958133,-1.00386
2848,1,-0.00449711,-0.29946,0.0719321,1,1,1,5.26913,-0.312414,-0.279108,-0.0019099,-1.09953,-0.710596
2849,1,-0.00599336,-0.299041,0.0958426,1,1,1,5.26721,-0.371755,-0.301479,-0.00189931,-0.84354,-0.710596
2850,1,-0.00748741,-0.298502,0.119698,1,1,1,5.26606,-0.301942,-0.312132,-0.00185331,-0.710311,-0.755713
2851,1,-0.00897816,-0.297844,0.143477,1,1,1,5.26414,-0.333358,-0.313197,-0.00180122,-0.680244,-0.80083
2852,1,-0.0104656,-0.297067,0.167174,1,1,1,5.2629,-0.277507,-0.304675,-0.00175734,-0.755324,-0.80083
2853,1,-0.0119487,-0.296172,0.190768,1,1,1,5.26107,-0.324631,-0.307871,-0.0016607,-0.691786,-0.575244
2854,1,-0.0134269,-0.29516,0.214245,1,1,1,5.25992,-0.301942,-0.311067,-0.00162701,-0.637725,-0.688037
2855,1,-0.0149002,-0.29403,0.237598,1,1,1,5.2582,-0.272271,-0.313197,-0.00156272,-0.588624,-0.631641
2856,1,-0.0163673,-0.292784,0.260804,1,1,1,5.25686,-0.357792,-0.292957,-0.00158643,-0.79582,-0.766992
2857,1,-0.0178278,-0.291422,0.28385,1,1,1,5.25503,-0.256563,-0.291891,-0.00159898,-0.789228,-0.902344
2858,1,-0.0192814,-0.289946,0.306726,1,1,1,5.25388,-0.322886,-0.283369,-0.00164216,-0.867307,-0.992578
2859,1,-0.0207269,-0.288356,0.329409,1,1,1,5.25225,-0.216421,-0.278043,-0.00169319,-0.909878,-0.755713
2860,1,-0.0221645,-0.286652,0.351895,1,1,1,5.25101,-0.34383,-0.279108,-0.00167729,-0.871978,-0.699316
2861,1,-0.0235934,-0.284837,0.374167,1,1,1,5.24928,-0.338594,-0.2855,-0.00170641,-0.780076,-0.868506
2862,1,-0.0250128,-0.282911,0.396206,1,1,1,5.24804,-0.260054,-0.271651,-0.00177992,-0.915333,-1.08281
2863,1,-0.0264223,-0.280875,0.418,1,1,1,5.24641,-0.26529,-0.271651,-0.00185043,-0.896559,-0.95874
2864,1,-0.0278213,-0.278731,0.439534,1,1,1,5.24535,-0.263545,-0.2855,-0.00186159,-0.71631,-0.924902
2865,1,-0.0292095,-0.27648,0.460799,1,1,1,5.24382,-0.228638,-0.271651,-0.00182575,-0.833258,-0.789551
2866,1,-0.0305858,-0.274124,0.481769,1,1,1,5.24267,-0.296706,-0.268455,-0.00184924,-0.839624,-0.744434
2867,1,-0.0319504,-0.271663,0.502441,1,1,1,5.24094,-0.247837,-0.238627,-0.0019371,-1.14619,-0.755713
2868,1,-0.0333023,-0.2691,0.522794,1,1,1,5.23979,-0.315905,-0.255671,-0.00196643,-0.928201,-0.95874
2869,1,-0.0346414,-0.266436,0.54282,1,1,1,5.23835,-0.249582,-0.26739,-0.00203632,-0.772955,-0.891064
2870,1,-0.0359666,-0.263672,0.562498,1,1,1,5.2372,-0.251327,-0.252475,-0.0020324,-0.899758,-0.721875
2871,1,-0.0372778,-0.260811,0.581815,1,1,1,5.23567,-0.287979,-0.246084,-0.00203737,-0.932861,-0.778271
2872,1,-0.0385746,-0.257855,0.600759,1,1,1,5.23461,-0.270526,-0.258867,-0.00204115,-0.753756,-0.891064
2873,1,-0.0398562,-0.254804,0.619313,1,1,1,5.23318,-0.232129,-0.25141,-0.00205525,-0.797551,-0.778271
2874,1,-0.0411225,-0.251662,0.637464,1,1,1,5.23212,-0.279253,-0.236496,-0.00205263,-0.920113,-0.665479
2875,1,-0.0423727,-0.24843,0.655198,1,1,1,5.23059,-0.296706,-0.230104,-0.002066,-0.949978,-0.733154
2876,1,-0.0436066,-0.245111,0.672499,1,1,1,5.22972,-0.18675,-0.248214,-0.00207805,-0.709141,-0.868506
2877,1,-0.0448237,-0.241706,0.689354,1,1,1,5.22838,-0.233874,-0.230104,-0.00207609,-0.863894,-0.766992
2878,1,-0.0460235,-0.238218,0.705749,1,1,1,5.22742,-0.244346,-0.223712,-0.00216005,-0.900125,-0.902344
2879,1,-0.0472057,-0.23465,0.721668,1,1,1,5.22598,-0.200713,-0.229039,-0.00221108,-0.802199,-0.891064
2880,1,-0.0483698,-0.231003,0.737097,1,1,1,5.22512,-0.240855,-0.224778,-0.00225432,-0.807814,-0.981299
2881,1,-0.0495157,-0.227279,0.752025,1,1,1,5.22378,-0.21293,-0.221582,-0.00229303,-0.800229,-0.845947
2882,1,-0.0506427,-0.223483,0.766433,1,1,1,5.22282,-0.218166,-0.210929,-0.00233812,-0.874698,-0.744434
2883,1,-0.0517503,-0.219616,0.780305,1,1,1,5.22157,-0.218166,-0.216255,-0.00235497,-0.768888,-0.766992
2884,1,-0.0528385,-0.215681,0.793631,1,1,1,5.22071,-0.256563,-0.218386,-0.00240715,-0.702127,-0.936182
2885,1,-0.0539071,-0.211681,0.806398,1,1,1,5.21937,-0.139626,-0.219451,-0.00238257,-0.636203,-0.812109
2886,1,-0.0549553,-0.207618,0.818588,1,1,1,5.2187,-0.235619,-0.2333,-0.00233751,-0.426305,-0.721875
2887,1,-0.0559832,-0.203496,0.830188,1,1,1,5.21736,-0.16057,-0.201341,-0.00234368,-0.726414,-0.812109
2888,1,-0.0569902,-0.199317,0.841182,1,1,1,5.21649,-0.247837,-0.209863,-0.0024008,-0.587323,-0.95874
2889,1,-0.0579762,-0.195085,0.851557,1,1,1,5.21544,-0.101229,-0.201341,-0.00237038,-0.623612,-0.688037
2890,1,-0.0589409,-0.190803,0.861299,1,1,1,5.21448,-0.263545,-0.189623,-0.00233085,-0.69332,-0.620361
2891,1,-0.0598842,-0.186473,0.870393,1,1,1,5.21352,-0.235619,-0.170448,-0.0023254,-0.849076,-0.665479
2892,1,-0.0608055,-0.1821,0.878823,1,1,1,5.21266,-0.151844,-0.171513,-0.00235997,-0.787028,-0.654199
2893,1,-0.061705,-0.177686,0.886578,1,1,1,5.21151,-0.225147,-0.192819,-0.00233436,-0.493979,-0.778271
2894,1,-0.0625824,-0.173235,0.893641,1,1,1,5.21093,-0.0907571,-0.184296,-0.00231977,-0.530131,-0.609082
2895,1,-0.0634373,-0.168751,0.899999,1,1,1,5.20988,-0.167552,-0.161925,-0.00231524,-0.719649,-0.586523
2896,1,-0.0642699,-0.164236,0.905637,1,1,1,5.20921,-0.174533,-0.161925,-0.00231834,-0.663807,-0.552686
2897,1,-0.0650798,-0.159695,0.910541,1,1,1,5.20825,-0.1309,-0.157664,-0.00231881,-0.654281,-0.676758
2898,1,-0.0658668,-0.155132,0.914695,1,1,1,5.20777,-0.158825,-0.16299,-0.00237019,-0.545853,-0.733154
2899,1,-0.066631,-0.15055,0.918086,1,1,1,5.20691,-0.0767945,-0.138489,-0.00242372,-0.765682,-0.710596
2900,1,-0.0673722,-0.145953,0.920699,1,1,1,5.20623,-0.181514,-0.147011,-0.00246369,-0.620391,-0.744434
2901,1,-0.0680904,-0.141345,0.922521,1,1,1,5.20547,-0.116937,-0.133162,-0.00252957,-0.724571,-0.812109
2902,1,-0.0687856,-0.136729,0.923537,1,1,1,5.2048,-0.158825,-0.135293,-0.00256667,-0.649211,-0.789551
2903,1,-0.0694578,-0.13211,0.923731,1,1,1,5.20422,-0.111701,-0.116117,-0.00267575,-0.81778,-0.857227
2904,1,-0.0701067,-0.127493,0.923091,1,1,1,5.20365,-0.127409,-0.0926808,-0.00278614,-1.03354,-0.744434
2905,1,-0.0707327,-0.12288,0.9216,1,1,1,5.20298,-0.120428,-0.0916155,-0.00287882,-1.00105,-0.778271
2906,1,-0.0713357,-0.118278,0.919246,1,1,1,5.20269,-0.106465,-0.0990726,-0.00291321,-0.867374,-0.80083
2907,1,-0.0719156,-0.113689,0.916013,1,1,1,5.20202,-0.113446,-0.100138,-0.0030203,-0.813893,-0.891064
2908,1,-0.0724725,-0.109119,0.911888,1,1,1,5.20163,-0.0820305,-0.0820279,-0.00311986,-0.970705,-0.778271
2909,1,-0.0730068,-0.104572,0.906855,1,1,1,5.20106,-0.0942478,-0.102269,-0.00321446,-0.705405,-0.936182
2910,1,-0.0735183,-0.100052,0.900901,1,1,1,5.20087,-0.020944,-0.102269,-0.00328003,-0.659394,-0.789551
2911,1,-0.0740074,-0.0955646,0.89401,1,1,1,5.20029,-0.0628319,-0.0745708,-0.00339223,-0.92474,-0.902344
2912,1,-0.074474,-0.091114,0.88617,1,1,1,5.2,-0.0890118,-0.0830932,-0.00346606,-0.787187,-0.902344
2913,1,-0.0749186,-0.0867046,0.877364,1,1,1,5.19962,-0.0645772,-0.057526,-0.00364647,-1.03933,-1.11665
2914,1,-0.0753411,-0.0823419,0.86758,1,1,1,5.19924,-0.0750492,-0.0532648,-0.00377863,-1.05145,-1.06025
2915,1,-0.075742,-0.0780307,0.856802,1,1,1,5.19904,-0.0750492,-0.0447425,-0.00394088,-1.11518,-1.09409
2916,1,-0.0761215,-0.0737758,0.845016,1,1,1,5.19866,-0.0785398,-0.0511343,-0.0041129,-1.017,-1.15049
2917,1,-0.0764799,-0.069582,0.832206,1,1,1,5.19847,-0.0383972,-0.0415466,-0.00421291,-1.08596,-1.06025
2918,1,-0.0768174,-0.0654558,0.818363,1,1,1,5.19828,-0.0471239,-0.0745708,-0.0043079,-0.686523,-1.07153
2919,1,-0.0771346,-0.0614004,0.803465,1,1,1,5.19799,0,-0.039416,-0.00438892,-1.03622,-1.00386
2920,1,-0.0774316,-0.0574225,0.787502,1,1,1,5.1977,-0.0733038,-0.0362201,-0.00448399,-1.03732,-0.992578
2921,1,-0.0777089,-0.0535275,0.770462,1,1,1,5.19741,-0.0645772,-0.039416,-0.00460887,-0.973221,-1.10537
2922,1,-0.077967,-0.0497196,0.752323,1,1,1,5.19722,-0.0174533,-0.050069,-0.00461143,-0.812174,-0.913623
2923,1,-0.0782063,-0.0460055,0.733077,1,1,1,5.19703,-0.0558505,-0.0521996,-0.00464869,-0.750759,-0.902344
2924,1,-0.0784272,-0.0423906,0.712709,1,1,1,5.19684,-0.0366519,-0.0415466,-0.00463598,-0.824749,-0.766992
2925,1,-0.0786304,-0.0388805,0.691203,1,1,1,5.19665,-0.0558505,-0.0266324,-0.00468345,-0.955001,-0.97002
2926,1,-0.0788162,-0.0354806,0.668545,1,1,1,5.19646,-0.0174533,-0.0649831,-0.00470597,-0.497563,-0.992578
2927,1,-0.0789854,-0.0321969,0.64472,1,1,1,5.19636,0,-0.0223712,-0.00470479,-0.929177,-0.834668
2928,1,-0.0791384,-0.0290355,0.619716,1,1,1,5.19607,-0.102974,-0.0383507,-0.00470313,-0.71789,-0.947461
2929,1,-0.0792759,-0.0260018,0.593514,1,1,1,5.19598,0,-0.0617872,-0.00470132,-0.426298,-0.891064
2930,1,-0.0793987,-0.0231019,0.566101,1,1,1,5.19578,-0.0174533,-0.0521996,-0.00463987,-0.491914,-0.755713
2931,1,-0.0795072,-0.0203428,0.537469,1,1,1,5.19578,-0.0296706,-0.0255671,-0.00459622,-0.749271,-0.823389
2932,1,-0.0796023,-0.0177298,0.507599,1,1,1,5.1955,-0.0261799,-0.039416,-0.00461505,-0.571552,-0.834668
2933,1,-0.0796847,-0.0152689,0.476471,1,1,1,5.1954,0.0261799,-0.0362201,-0.0046102,-0.580244,-0.688037
2934,1,-0.0797553,-0.0129672,0.444081,1,1,1,5.1954,-0.0279253,-0.0234365,-0.00455143,-0.689417,-0.620361
2935,1,-0.0798147,-0.0108302,0.410404,1,1,1,5.19521,-0.0383972,-0.00426119,-0.00453583,-0.876806,-0.913623
2936,1,-0.0798639,-0.00886533,0.375438,1,1,1,5.19521,0.0174533,-0.0010653,-0.00457483,-0.897923,-0.80083
2937,1,-0.0799036,-0.00707812,0.339154,1,1,1,5.19511,-0.00872665,-0.00532648,-0.0045607,-0.832367,-0.744434
2938,1,-0.0799349,-0.00547584,0.301549,1,1,1,5.19502,-0.0314159,-0.0117183,-0.00454328,-0.745398,-0.823389
2939,1,-0.0799587,-0.00406481,0.262602,1,1,1,5.19502,0,-0.00958767,-0.00451245,-0.752946,-0.665479
2940,1,-0.0799759,-0.00285202,0.222305,1,1,1,5.19502,-0.0191986,-0.0127836,-0.00447483,-0.703631,-0.744434
2941,1,-0.0799876,-0.00184411,0.18064,1,1,1,5.19502,0,0.00319589,-0.00447743,-0.873264,-0.710596
2942,1,-0.0799947,-0.00104795,0.137592,1,1,1,5.19492,-0.00174533,-0.010653,-0.00446009,-0.71495,-0.879785
2943,1,-0.0799984,-0.00047053,0.0931472,1,1,1,5.19492,0,-0.0010653,-0.00445429,-0.818846,-0.620361
2944,1,-0.0799998,-0.000118839,0.0472895,1,1,1,5.19483,-0.0261799,-0.00426119,-0.00449331,-0.791011,-0.857227
2945,1,-0.08,-4.29168e-13,2.8704e-06,1,1,1,5.19483,0,0.00213059,-0.00445825,-0.861925,-0.936182
2946,1,-0.08,-0,-0,1,1,1,5.19483,0.00872665,-0.00319589,-0.0044615,-0.803763,-0.845947
2947,1,-0.08,-0,-0,1,1,1,5.19483,0,0.00213059,-0.00441247,-0.855882,-0.733154
2948,1,-0.08,-0,-0,1,1,1,5.19483,0.00872665,-0.00852238,-0.0043847,-0.735035,-0.778271
2949,1,-0.08,-0,-0,1,1,1,5.19483,0.010472,-0.00532648,-0.00435242,-0.765927,-0.812109
2950,1,-0.08,-0,-0,1,1,1,5.19483,0,-0.00532648,-0.00433464,-0.763582,-0.80083
2951,1,-0.08,-0,-0,1,1,1,5.19473,-0.00174533,-0.0159795,-0.00437084,-0.651177,-0.891064
2952,1,-0.08,-0,-0,1,1,1,5.19463,0,-0.00639178,-0.004355,-0.754551,-0.733154
2953,1,-0.08,-0,-0,1,1,1,5.19463,0,-0.01811,-0.00427568,-0.61518,-0.620361
2954,1,-0.08,-0,-0,1,1,1,5.19473,0,-0.0149142,-0.00427698,-0.650505,-0.80083
2955,1,-0.08,-0,-0,1,1,1,5.19463,0.0331613,-0.00745708,-0.00423908,-0.72753,-0.609082
2956,1,-0.08,-0,-0,1,1,1,5.19463,-0.010472,0.0117183,-0.00424956,-0.939842,-0.631641
2957,1,-0.08,-0,-0,1,1,1,5.19454,-0.0174533,-0.00426119,-0.00423963,-0.762759,-0.766992
2958,1,-0.08,-0,-0,1,1,1,5.19454,0,-0.00958767,-0.00422839,-0.702683,-0.857227
2959,1,-0.08,-0,-0,1,1,1,5.19454,0,-0.0127836,-0.00419304,-0.662862,-0.744434
2960,1,-0.08,-0,-0,1,1,1,5.19454,0,0.00852238,-0.00422418,-0.901338,-0.913623
2961,1,-0.08,-0,-0,1,1,1,5.19444,0,-0.00426119,-0.00418468,-0.755505,-0.721875
2962,1,-0.08,-0,-0,1,1,1,5.19444,0,-0.0149142,-0.00418007,-0.637713,-0.80083
2963,1,-0.08,-0,-0,1,1,1,5.19444,0.00872665,0.00958767,-0.00417617,-0.906719,-0.857227
2964,1,-0.08,-0,-0,1,1,1,5.19444,0,0.00852238,-0.00417042,-0.894241,-0.766992
2965,1,-0.08,-0,-0,1,1,1,5.19444,-0.00349066,-0.0149142,-0.0041378,-0.632134,-0.699316
2966,1,-0.08,-0,-0,1,1,1,5.19444,-0.0174533,-0.00639178,-0.00411782,-0.723243,-0.755713
2967,1,-0.08,-0,-0,1,1,1,5.19444,0,-0.01811,-0.00412364,-0.59511,-0.834668
2968,1,-0.08,-0,-0,1,1,1,5.19444,0,0.0213059,-0.00412375,-1.0287,-0.699316
2969,1,-0.08,-0,-0,1,1,1,5.19425,-0.0191986,0.00213059,-0.00414822,-0.821001,-0.80083
2970,1,-0.08,-0,-0,1,1,1,5.19435,0,-0.00852238,-0.00415269,-0.704409,-0.676758
2971,1,-0.08,-0,-0,1,1,1,5.19435,0.0122173,0.00213059,-0.00413883,-0.819763,-0.654199
2972,1,-0.08,-0,-0,1,1,1,5.19425,-0.0523599,0.00426119,-0.00410303,-0.838472,-0.721875
2973,1,-0.08,-0,-0,1,1,1,5.19425,-0.0226893,0.00213059,-0.00407514,-0.811355,-0.64292
2974,1,-0.08,-0,-0,1,1,1,5.19435,0,0.00745708,-0.0040665,-0.868806,-0.631641
2975,1,-0.08,-0,-0,1,1,1,5.19425,-0.00872665,0.00532648,-0.00406069,-0.844602,-0.688037
2976,1,-0.08,-0,-0,1,1,1,5.19425,-0.0314159,-0.0159795,-0.00405132,-0.609,-0.812109
2977,1,-0.08,-0,-0,1,1,1,5.19425,0.00872665,-0.0308936,-0.00406044,-0.446149,-1.02642
2978,1,-0.08,-0,-0,1,1,1,5.19425,0.0541052,-0.0127836,-0.00406144,-0.64549,-0.778271
2979,1,-0.08,-0,-0,1,1,1,5.19425,0,-0.0117183,-0.00402504,-0.652405,-0.823389
2980,1,-0.08,-0,-0,1,1,1,5.19425,0.00872665,-0.00852238,-0.00398787,-0.682653,-0.688037
2981,1,-0.08,-0,-0,1,1,1,5.19425,0,-0.0170448,-0.00398539,-0.58858,-0.834668
2982,1,-0.08,-0,-0,1,1,1,5.19415,0,-0.00213059,-0.00399596,-0.754031,-0.744434
2983,1,-0.08,-0,-0,1,1,1,5.19415,0,0.00745708,-0.00398224,-0.857684,-0.654199
2984,1,-0.08,-0,-0,1,1,1,5.19415,-0.0593412,-0.00958767,-0.00401201,-0.674121,-0.936182
2985,1,-0.08,-0,-0,1,1,1,5.19415,0.0296706,7.17537e-19,-0.00402643,-0.781489,-0.857227
2986,1,-0.08,-0,-0,1,1,1,5.19415,0,-0.00426119,-0.00398664,-0.729363,-0.823389
2987,1,-0.08,-0,-0,1,1,1,5.19406,0,0.00319589,-0.00397991,-0.810502,-0.744434
2988,1,-0.08,-0,-0,1,1,1,5.19406,-0.015708,-0.0149142,-0.00399368,-0.613109,-0.834668
2989,1,-0.08,-0,-0,1,1,1,5.19406,0.0244346,0.010653,-0.00398173,-0.892771,-0.755713
2990,1,-0.08,-0,-0,1,1,1,5.19406,-0.00872665,0.0149142,-0.00396569,-0.937527,-0.710596
2991,1,-0.08,-0,-0,1,1,1,5.19396,-0.0261799,0.00426119,-0.00397485,-0.821553,-0.744434
2992,1,-0.08,-0,-0,1,1,1,5.19396,0,0.00426119,-0.00399378,-0.824053,-0.778271
2993,1,-0.08,-0,-0,1,1,1,5.19396,0,0.0223712,-0.00400739,-1.02506,-0.64292
2994,1,-0.08,-0,-0,1,1,1,5.19396,-0.0523599,-0.0010653,-0.00401428,-0.768167,-0.733154
2995,1,-0.08,-0,-0,1,1,1,5.19396,0,-0.00639178,-0.00398294,-0.705439,-0.845947
2996,1,-0.08,-0,-0,1,1,1,5.19396,0.0226893,0.0159795,-0.0039576,-0.948177,-0.721875
2997,1,-0.08,-0,-0,1,1,1,5.19387,-0.0139626,-0.0010653,-0.00396027,-0.761037,-0.699316
2998,1,-0.08,-0,-0,1,1,1,5.19396,0,0.0010653,-0.00394757,-0.782797,-0.733154
2999,1,-0.08,-0,-0,1,1,1,5.19387,0,0.00532648,-0.00394329,-0.829105,-0.766992
3000,1,-0.08,-0,-0,1,1,1,5.19387,-0.010472,0.010653,-0.00390271,-0.88234,-0.733154
3001,1,-0.08,-0,-0,1,1,1,5.19387,-0.00174533,0.00426119,-0.00390042,-0.811728,-0.834668
3002,1,-0.08,-0,-0,1,1,1,5.19387,0,-0.00852238,-0.00387954,-0.668354,-0.766992
3003,1,-0.08,-0,-0,1,1,1,5.19387,0,-0.0010653,-0.00386924,-0.749022,-0.812109
3004,1,-0.08,-0,-0,1,1,1,5.19387,0.015708,0.00958767,-0.00383934,-0.862257,-0.64292
3005,1,-0.08,-0,-0,1,1,1,5.19387,-0.00349066,0.0245018,-0.00388578,-1.03244,-0.721875
3006,1,-0.08,-0,-0,1,1,1,5.19387,0,-0.0117183,-0.00386692,-0.631533,-0.857227
3007,1,-0.08,-0,-0,1,1,1,5.19387,0,-0.00426119,-0.00387309,-0.714374,-0.812109
3008,1,-0.08,-0,-0,1,1,1,5.19387,0.00698132,-0.00745708,-0.00385472,-0.676795,-0.688037
3009,1,-0.08,-0,-0,1,1,1,5.19387,0,0.00319589,-0.00382077,-0.789497,-0.744434
3010,1,-0.08,-0,-0,1,1,1,5.19387,0,9.13229e-19,-0.00379561,-0.75102,-0.710596
3011,1,-0.08,-0,-0,1,1,1,5.19387,-0.00698132,-0.00426119,-0.00381469,-0.706666,-0.80083
3012,1,-0.08,-0,-0,1,1,1,5.19387,0,0.0010653,-0.00378194,-0.760934,-0.845947
3013,1,-0.08,-0,-0,1,1,1,5.19387,0,1.23938e-18,-0.00377891,-0.748816,-0.541406
3014,1,-0.08,-0,-0,1,1,1,5.19387,-0.015708,0.00852238,-0.0037449,-0.838073,-0.586523
3015,1,-0.08,-0,-0,1,1,1,5.19377,-0.0331613,-0.00319589,-0.003768,-0.712221,-0.812109
3016,1,-0.08,-0,-0,1,1,1,5.19387,0.0174533,-0.010653,-0.00375944,-0.629064,-0.654199
3017,1,-0.08,-0,-0,1,1,1,5.19377,0.010472,-0.00745708,-0.00373933,-0.661564,-0.733154
3018,1,-0.08,-0,-0,1,1,1,5.19377,0,-0.0149142,-0.00373313,-0.578717,-0.845947
3019,1,-0.08,-0,-0,1,1,1,5.19387,0,-0.00532648,-0.00376316,-0.688146,-0.80083
3020,1,-0.08,-0,-0,1,1,1,5.19377,0.010472,-0.0010653,-0.00373255,-0.730978,-0.552686
3021,1,-0.08,-0,-0,1,1,1,5.19377,-0.00872665,-0.00532648,-0.00371342,-0.681581,-0.597803
3022,1,-0.08,-0,-0,1,1,1,5.19377,0,-0.0138489,-0.00372705,-0.589633,-0.699316
3023,1,-0.08,-0,-0,1,1,1,5.19377,0.0174533,-0.00745708,-0.00371744,-0.658674,-0.710596
3024,1,-0.08,-0,-0,1,1,1,5.19377,0,0.0202406,-0.003694,-0.960255,-0.688037
3025,1,-0.08,-0,-0,1,1,1,5.19368,-0.0418879,-0.00852238,-0.00368771,-0.643032,-0.676758
3026,1,-0.08,-0,-0,1,1,1,5.19377,0,0.010653,-0.00370907,-0.85678,-0.699316
3027,1,-0.08,-0,-0,1,1,1,5.19368,0,-0.00426119,-0.00372134,-0.694344,-0.823389
3028,1,-0.08,-0,-0,1,1,1,5.19377,0,0.0138489,-0.00371679,-0.892954,-0.64292
3029,1,-0.08,-0,-0,1,1,1,5.19368,-0.0226893,0.00213059,-0.00370281,-0.762208,-0.620361
3030,1,-0.08,-0,-0,1,1,1,5.19377,0.00872665,-0.00213059,-0.00372331,-0.71804,-0.710596
3031,1,-0.08,-0,-0,1,1,1,5.19368,0.00872665,0.00319589,-0.00371513,-0.775553,-0.778271
3032,1,-0.08,-0,-0,1,1,1,5.19368,-0.00872665,0.00213059,-0.00374838,-0.768222,-0.845947
3033,1,-0.08,-0,-0,1,1,1,5.19368,0,0.00958767,-0.00372252,-0.846837,-0.789551
3034,1,-0.08,-0,-0,1,1,1,5.19368,0,-0.00213059,-0.00373898,-0.720109,-0.778271
3035,1,-0.08,-0,-0,1,1,1,5.19368,0,-3.26153e-19,-0.00371952,-0.740977,-0.64292
3036,1,-0.08,-0,-0,1,1,1,5.19368,-0.0349066,-0.0138489,-0.00376862,-0.59512,-0.891064
3037,1,-0.08,-0,-0,1,1,1,5.19368,0.020944,-0.010653,-0.00373096,-0.625304,-0.710596
3038,1,-0.08,-0,-0,1,1,1,5.19368,0,-0.0010653,-0.00373406,-0.731177,-0.665479
3039,1,-0.08,-0,-0,1,1,1,5.19368,0,-0.00532648,-0.00374911,-0.686291,-0.766992
3040,1,-0.08,-0,-0,1,1,1,5.19368,-0.015708,0.00319589,-0.00372538,-0.776905,-0.823389
3041,1,-0.08,-0,-0,1,1,1,5.19368,-0.00872665,-0.0191753,-0.00371787,-0.52983,-0.778271
3042,1,-0.08,-0,-0,1,1,1,5.19368,0.020944,0.0010653,-0.00373842,-0.755189,-0.80083
3043,1,-0.08,-0,-0,1,1,1,5.19368,0,0.00319589,-0.00374301,-0.779233,-0.733154
3044,1,-0.08,-0,-0,1,1,1,5.19368,-0.00523599,-0.0159795,-0.00373533,-0.56729,-0.834668
3045,1,-0.08,-0,-0,1,1,1,5.19368,0.00174533,0.0127836,-0.00374708,-0.885234,-0.688037
3046,1,-0.0799998,0.00011878,0.0472779,1,1,1,5.19358,-0.015708,-1.95692e-19,-0.00374077,-0.735632,-0.789551
3047,1,-0.0799984,0.000470334,0.0931282,1,1,1,5.19368,0,0.00958767,-0.00372749,-0.828539,-0.721875
3048,1,-0.0799947,0.00104778,0.137581,1,1,1,5.19368,0,0.010653,-0.00371919,-0.825778,-0.721875
3049,1,-0.0799876,0.00184382,0.180627,1,1,1,5.19368,0,0.00958767,-0.00370615,-0.796472,-0.654199
3050,1,-0.0799759,0.00285165,0.222292,1,1,1,5.19368,0,0.0138489,-0.00373491,-0.828867,-0.733154
3051,1,-0.0799587,0.00406447,0.262592,1,1,1,5.19368,0,0.0170448,-0.00373512,-0.843451,-0.733154
3052,1,-0.079935,0.00547535,0.301537,1,1,1,5.19368,0,0.0010653,-0.00373371,-0.644652,-0.733154
3053,1,-0.0799037,0.00707768,0.339144,1,1,1,5.19368,0.00523599,-0.00213059,-0.00372152,-0.582886,-0.64292
3054,1,-0.0798639,0.00886463,0.375425,1,1,1,5.19368,0,0.0127836,-0.00368672,-0.715268,-0.609082
3055,1,-0.0798147,0.0108296,0.410393,1,1,1,5.19368,-0.020944,-0.01811,-0.0036418,-0.340426,-0.676758
3056,1,-0.0797553,0.0129662,0.444067,1,1,1,5.19368,0.015708,0.00745708,-0.00361724,-0.587415,-0.530127
3057,1,-0.0796848,0.0152681,0.476461,1,1,1,5.19368,0,0.00319589,-0.00358486,-0.503412,-0.586523
3058,1,-0.0796023,0.0177292,0.507591,1,1,1,5.19368,0,0.01811,-0.00350008,-0.621646,-0.541406
3059,1,-0.0795072,0.0203419,0.53746,1,1,1,5.19368,-0.00872665,0.00213059,-0.00341617,-0.398477,-0.496289
3060,1,-0.0793987,0.0231017,0.566099,1,1,1,5.19377,0,0.0117183,-0.00334036,-0.455987,-0.372217
3061,1,-0.079276,0.0260006,0.593503,1,1,1,5.19377,0,0.01811,-0.00322249,-0.471256,-0.304541
3062,1,-0.0791384,0.0290347,0.619709,1,1,1,5.19377,0,0.00852238,-0.00314002,-0.313931,-0.541406
3063,1,-0.0789854,0.0321962,0.644714,1,1,1,5.19387,0,0.00958767,-0.0030324,-0.269074,-0.349658
3064,1,-0.0788163,0.0354794,0.668536,1,1,1,5.19377,0.00349066,0.0010653,-0.00289425,-0.1134,-0.248145
3065,1,-0.0786304,0.0388796,0.691197,1,1,1,5.19387,0,-0.00319589,-0.00272129,0.00156025,-0.214307
3066,1,-0.0784273,0.0423899,0.712704,1,1,1,5.19387,0,0.00958767,-0.00255022,-0.0694504,-0.191748
3067,1,-0.0782064,0.0460045,0.733071,1,1,1,5.19387,0.00872665,0.00319589,-0.00236444,0.0732084,-0.203027
3068,1,-0.0779671,0.0497187,0.752319,1,1,1,5.19396,0.0174533,0.0245018,-0.00216928,-0.0834587,-0.124072
3069,1,-0.077709,0.0535262,0.770456,1,1,1,5.19396,0.0174533,0.00745708,-0.00192205,0.191059,-0.0563965
3070,1,-0.0774317,0.0574212,0.787497,1,1,1,5.19406,0.0261799,0.00532648,-0.00172446,0.29547,0.0789551
3071,1,-0.0771347,0.061399,0.80346,1,1,1,5.19415,0.015708,0.0245018,-0.00149292,0.172807,0.0225586
3072,1,-0.0768175,0.0654543,0.818358,1,1,1,5.19415,0,0.0138489,-0.00124216,0.382719,0.0563965
3073,1,-0.07648,0.0695809,0.832203,1,1,1,5.19444,0.0733038,0.0245018,-0.000951057,0.367862,0.417334
3074,1,-0.0761217,0.0737742,0.845011,1,1,1,5.19463,0.0139626,0.0234365,-0.000700858,0.475755,0.383496
3075,1,-0.0757422,0.0780294,0.856798,1,1,1,5.19473,0.0541052,0.0319589,-0.000492446,0.47321,0.383496
3076,1,-0.0753413,0.0823403,0.867576,1,1,1,5.19492,0.0418879,0.0383507,-0.000279948,0.495902,0.541406
3077,1,-0.0749187,0.0867031,0.877361,1,1,1,5.19531,0.0279253,0.0671137,-0.00011091,0.265421,0.552686
3078,1,-0.0744742,0.0911126,0.886167,1,1,1,5.1954,0.0575959,0.0767014,2.40647e-05,0.239548,0.338379
3079,1,-0.0740075,0.0955636,0.894009,1,1,1,5.19578,0.0366519,0.0639178,0.000110803,0.450888,0.349658
3080,1,-0.0735184,0.100051,0.900899,1,1,1,5.19607,0.0907571,0.0756361,0.000281757,0.40929,0.293262
3081,1,-0.0730069,0.104571,0.906854,1,1,1,5.19665,0.0401426,0.0809626,0.000401125,0.430531,0.417334
3082,1,-0.0724727,0.109118,0.911886,1,1,1,5.19684,0.0837758,0.0649831,0.000515449,0.684882,0.349658
3083,1,-0.0719157,0.113688,0.916012,1,1,1,5.19751,0.141372,0.0937461,0.000650827,0.451871,0.518848
3084,1,-0.0713358,0.118276,0.919245,1,1,1,5.1978,0.0506145,0.096942,0.000814024,0.505176,0.64292
3085,1,-0.0707329,0.122879,0.9216,1,1,1,5.19857,0.0837758,0.103334,0.000878083,0.507095,0.64292
3086,1,-0.070107,0.127491,0.92309,1,1,1,5.19904,0.120428,0.134227,0.000900947,0.231806,0.563965
3087,1,-0.069458,0.132109,0.923731,1,1,1,5.19972,0.109956,0.131032,0.000930006,0.331238,0.47373
3088,1,-0.0687859,0.136727,0.923537,1,1,1,5.20029,0.136136,0.138489,0.000939633,0.310486,0.541406
3089,1,-0.0680907,0.141343,0.922522,1,1,1,5.20106,0.13439,0.10653,0.000948636,0.721914,0.394775
3090,1,-0.0673725,0.145951,0.9207,1,1,1,5.20173,0.191986,0.133162,0.000909035,0.482383,0.338379
3091,1,-0.0666312,0.150548,0.918087,1,1,1,5.20259,0.205949,0.16299,0.00087764,0.207909,0.451172
3092,1,-0.065867,0.155131,0.914696,1,1,1,5.20317,0.0994838,0.138489,0.000829396,0.526298,0.248145
3093,1,-0.0650799,0.159694,0.910541,1,1,1,5.20422,0.205949,0.149142,0.000715884,0.450717,0.225586
3094,1,-0.0642702,0.164235,0.905639,1,1,1,5.2047,0.143117,0.156599,0.000758088,0.434012,0.552686
3095,1,-0.0634377,0.168749,0.900001,1,1,1,5.20576,0.118682,0.14275,0.000789989,0.648163,0.394775
3096,1,-0.0625827,0.173234,0.893644,1,1,1,5.20643,0.200713,0.16299,0.000838203,0.491551,0.496289
3097,1,-0.0617054,0.177684,0.886581,1,1,1,5.20748,0.123918,0.152337,0.000911315,0.677638,0.563965
3098,1,-0.0608059,0.182098,0.878826,1,1,1,5.20815,0.211185,0.171513,0.00093782,0.527361,0.64292
3099,1,-0.0598844,0.186472,0.870395,1,1,1,5.20902,0.190241,0.167252,0.00101457,0.643562,0.507568
3100,1,-0.0589412,0.190802,0.861301,1,1,1,5.20997,0.207694,0.17897,0.00108936,0.583514,0.654199
3101,1,-0.0579765,0.195084,0.85156,1,1,1,5.21093,0.176278,0.177905,0.00113655,0.658543,0.665479
3102,1,-0.0569905,0.199315,0.841186,1,1,1,5.2116,0.158825,0.185362,0.00118342,0.639137,0.597803
3103,1,-0.0559834,0.203494,0.830191,1,1,1,5.21275,0.233874,0.183231,0.0012852,0.733562,0.80083
3104,1,-0.0549555,0.207617,0.81859,1,1,1,5.21352,0.122173,0.173643,0.00140074,0.911979,0.744434
3105,1,-0.0539073,0.211679,0.806402,1,1,1,5.21477,0.249582,0.183231,0.00149553,0.875806,0.710596
3106,1,-0.0528388,0.21568,0.793635,1,1,1,5.21534,0.136136,0.21519,0.00159945,0.596096,0.755713
3107,1,-0.0517276,0.219697,0.780023,1,1,1,5.21669,0.148353,0.193884,0.00171474,0.900915,0.778271
3108,1,-0.0506357,0.223507,0.766343,1,1,1,5.21745,0.268781,0.221582,0.00179152,0.662072,0.97002
3109,1,-0.0495087,0.227302,0.751934,1,1,1,5.2187,0.115192,0.224778,0.00185151,0.687356,0.891064
3110,1,-0.0483701,0.231002,0.7371,1,1,1,5.21956,0.261799,0.225843,0.00187408,0.728697,0.913623
3111,1,-0.047206,0.234649,0.721672,1,1,1,5.22081,0.205949,0.194949,0.00195564,1.12963,0.721875
3112,1,-0.0460239,0.238217,0.705753,1,1,1,5.22196,0.286234,0.217321,0.00205615,0.949848,0.902344
3113,1,-0.0448241,0.241705,0.68936,1,1,1,5.2233,0.230383,0.241822,0.0021055,0.736854,1.02642
3114,1,-0.043607,0.24511,0.672505,1,1,1,5.22416,0.193732,0.249279,0.00213072,0.705256,0.992578
3115,1,-0.0423731,0.248429,0.655203,1,1,1,5.2257,0.258309,0.242888,0.00218164,0.82837,0.947461
3116,1,-0.0411228,0.251661,0.637469,1,1,1,5.22675,0.228638,0.260998,0.00211351,0.660747,0.733154
3117,1,-0.0398566,0.254804,0.619317,1,1,1,5.22809,0.301942,0.270585,0.00208657,0.592323,0.620361
3118,1,-0.0385749,0.257854,0.600764,1,1,1,5.22924,0.277507,0.248214,0.00211702,0.883509,0.778271
3119,1,-0.0372781,0.260811,0.581819,1,1,1,5.23078,0.258309,0.275912,0.0020703,0.611269,0.744434
3120,1,-0.035967,0.263672,0.562502,1,1,1,5.23164,0.225147,0.280173,0.00202792,0.594505,0.699316
3121,1,-0.0346419,0.266435,0.542828,1,1,1,5.23346,0.284489,0.280173,0.00201614,0.628705,0.721875
3122,1,-0.0333029,0.269099,0.522803,1,1,1,5.23452,0.263545,0.26952,0.00198125,0.77431,0.733154
3123,1,-0.0319508,0.271663,0.502447,1,1,1,5.23605,0.319395,0.274847,0.00194605,0.742917,0.688037
3124,1,-0.0305862,0.274123,0.481774,1,1,1,5.2372,0.246091,0.260998,0.00196061,0.930023,0.676758
3125,1,-0.0292099,0.27648,0.460804,1,1,1,5.23893,0.294961,0.2855,0.00196781,0.694501,0.936182
3126,1,-0.0278218,0.278731,0.439542,1,1,1,5.23998,0.237365,0.278043,0.00194884,0.802792,0.812109
3127,1,-0.0264227,0.280875,0.418007,1,1,1,5.2418,0.308923,0.295087,0.00193558,0.64206,0.733154
3128,1,-0.0250132,0.28291,0.396212,1,1,1,5.24276,0.26529,0.28763,0.0019373,0.750494,0.665479
3129,1,-0.0235938,0.284836,0.374173,1,1,1,5.24458,0.280998,0.275912,0.00186255,0.891387,0.64292
3130,1,-0.0221649,0.286652,0.351902,1,1,1,5.24573,0.298451,0.298283,0.00181221,0.661362,0.721875
3131,1,-0.0207275,0.288355,0.329418,1,1,1,5.24746,0.263545,0.2855,0.0017566,0.813712,0.699316
3132,1,-0.0192815,0.289946,0.306728,1,1,1,5.24871,0.314159,0.292957,0.00170617,0.744113,0.766992
3133,1,-0.0178283,0.291422,0.283859,1,1,1,5.25043,0.312414,0.300414,0.00168497,0.677378,0.676758
3134,1,-0.0163677,0.292784,0.260811,1,1,1,5.25177,0.294961,0.312132,0.00165188,0.560785,0.620361
3135,1,-0.0149006,0.29403,0.237605,1,1,1,5.2535,0.260054,0.297218,0.00156397,0.724644,0.530127
3136,1,-0.0134275,0.29516,0.214254,1,1,1,5.25475,0.378736,0.290826,0.00157407,0.811123,0.857227
3137,1,-0.0119491,0.296172,0.190774,1,1,1,5.25657,0.249582,0.312132,0.00159302,0.594093,0.879785
3138,1,-0.010466,0.297067,0.16718,1,1,1,5.25782,0.282743,0.312132,0.00152573,0.593193,0.631641
3139,1,-0.00897868,0.297844,0.143486,1,1,1,5.25954,0.310669,0.311067,0.00149133,0.608883,0.586523
3140,1,-0.00748757,0.298502,0.119701,1,1,1,5.26079,0.296706,0.30361,0.00149159,0.699288,0.597803
3141,1,-0.00599376,0.299041,0.0958488,1,1,1,5.26251,0.296706,0.286565,0.00154316,0.902746,0.812109
3142,1,-0.00449765,0.29946,0.0719407,1,1,1,5.26376,0.296706,0.300414,0.0015497,0.757463,0.80083
3143,1,-0.00299957,0.29976,0.0479866,1,1,1,5.26539,0.301942,0.284434,0.00163949,0.953309,0.924902
3144,1,-0.0015001,0.29994,0.0240008,1,1,1,5.26664,0.300197,0.270585,0.00174694,1.12752,0.981299
3145,1,-1.236e-07,0.3,1.9776e-06,1,1,1,5.26846,0.342085,0.280173,0.00184002,1.04141,0.913623
3146,1,0.00149979,0.29994,-0.0239958,1,1,1,5.26951,0.237365,0.279108,0.00189203,1.06281,0.845947
3147,1,0.0029989,0.29976,-0.047976,1,1,1,5.27143,0.321141,0.301479,0.00193552,0.825651,0.845947
3148,1,0.00449722,0.29946,-0.0719339,1,1,1,5.27229,0.246091,0.283369,0.00194308,1.02333,0.857227
3149,1,0.00599325,0.299041,-0.0958408,1,1,1,5.27411,0.329867,0.282304,0.00193869,1.03116,0.665479
3150,1,0.00748723,0.298502,-0.119695,1,1,1,5.27526,0.296706,0.296153,0.00201532,0.888061,0.834668
3151,1,0.00897831,0.297844,-0.14348,1,1,1,5.27718,0.279253,0.290826,0.00206444,0.949677,1.13921
3152,1,0.0104657,0.297067,-0.167175,1,1,1,5.27843,0.296706,0.300414,0.00207901,0.839851,0.992578
3153,1,0.0119487,0.296172,-0.190769,1,1,1,5.28006,0.261799,0.324916,0.00198299,0.544853,0.766992
3154,1,0.013427,0.29516,-0.214246,1,1,1,5.28111,0.286234,0.297218,0.00196779,0.835297,0.586523
3155,1,0.0149001,0.29403,-0.237596,1,1,1,5.28322,0.301942,0.301479,0.00196122,0.770623,1.01514
3156,1,0.0163672,0.292784,-0.260803,1,1,1,5.28437,0.275762,0.295087,0.00189618,0.813785,0.766992
3157,1,0.0178276,0.291423,-0.283847,1,1,1,5.28619,0.340339,0.298283,0.00178073,0.74209,0.597803
3158,1,0.0192811,0.289946,-0.306722,1,1,1,5.28734,0.298451,0.300414,0.00168705,0.68538,0.688037
3159,1,0.020727,0.288355,-0.329411,1,1,1,5.28917,0.314159,0.295087,0.00167317,0.720215,0.597803
3160,1,0.0221646,0.286652,-0.351897,1,1,1,5.29041,0.296706,0.279108,0.0016077,0.862203,0.699316
3161,1,0.0235934,0.284837,-0.374167,1,1,1,5.29204,0.331613,0.295087,0.00152167,0.649972,0.586523
3162,1,0.0250127,0.282911,-0.396205,1,1,1,5.29319,0.294961,0.301479,0.00147891,0.547888,0.699316
3163,1,0.0264222,0.280875,-0.418,1,1,1,5.29492,0.244346,0.273781,0.00145385,0.821174,0.710596
3164,1,0.0278213,0.278731,-0.439534,1,1,1,5.29616,0.336849,0.28763,0.00139233,0.630001,0.688037
3165,1,0.0292093,0.27648,-0.460795,1,1,1,5.2977,0.289725,0.272716,0.00137048,0.761849,0.631641
3166,1,0.030586,0.274124,-0.481771,1,1,1,5.29894,0.275762,0.2855,0.00130952,0.580505,0.721875
3167,1,0.0319505,0.271663,-0.502443,1,1,1,5.30048,0.308923,0.279108,0.00130482,0.617808,0.789551
3168,1,0.0333024,0.2691,-0.522796,1,1,1,5.30173,0.256563,0.281238,0.00126537,0.554774,0.64292
3169,1,0.0346414,0.266436,-0.54282,1,1,1,5.30316,0.312414,0.266324,0.00127538,0.684588,0.64292
3170,1,0.0359667,0.263672,-0.562498,1,1,1,5.30431,0.253073,0.248214,0.00130533,0.851005,0.631641
3171,1,0.0372778,0.260811,-0.581814,1,1,1,5.30594,0.300197,0.249279,0.00136162,0.808871,0.766992
3172,1,0.0385746,0.257855,-0.600758,1,1,1,5.30681,0.207694,0.241822,0.00134755,0.850029,0.80083
3173,1,0.0398562,0.254805,-0.619312,1,1,1,5.30844,0.321141,0.26739,0.00135877,0.52992,0.80083
3174,1,0.0411224,0.251663,-0.637463,1,1,1,5.3092,0.137881,0.236496,0.00140546,0.835007,0.654199
3175,1,0.0423728,0.24843,-0.655199,1,1,1,5.31083,0.253073,0.2333,0.00140198,0.827483,0.586523
3176,1,0.0436067,0.245111,-0.672501,1,1,1,5.3117,0.251327,0.247149,0.00144006,0.636947,0.688037
3177,1,0.0448238,0.241706,-0.689356,1,1,1,5.31313,0.174533,0.236496,0.0014647,0.713164,0.868506
3178,1,0.0460235,0.238218,-0.705748,1,1,1,5.314,0.223402,0.222647,0.00151632,0.827164,0.575244
3179,1,0.0472057,0.23465,-0.721667,1,1,1,5.31534,0.235619,0.214125,0.00149625,0.872157,0.823389
3180,1,0.0483699,0.231003,-0.737097,1,1,1,5.3162,0.226893,0.218386,0.00168621,0.803379,0.857227
3181,1,0.0495157,0.227279,-0.752025,1,1,1,5.31735,0.190241,0.201341,0.00178141,0.955589,0.812109
3182,1,0.0506425,0.223483,-0.76643,1,1,1,5.31831,0.230383,0.217321,0.00174462,0.726295,0.823389
3183,1,0.0517503,0.219616,-0.780305,1,1,1,5.31946,0.198968,0.199211,0.00183489,0.88795,0.857227
3184,1,0.0528387,0.215681,-0.793634,1,1,1,5.32032,0.216421,0.219451,0.00192512,0.626985,0.913623
3185,1,0.0539071,0.21168,-0.806399,1,1,1,5.32148,0.16057,0.222647,0.00197735,0.54779,0.936182
3186,1,0.0549554,0.207617,-0.818589,1,1,1,5.32234,0.191986,0.198145,0.00199666,0.768232,0.789551
3187,1,0.0559832,0.203495,-0.830188,1,1,1,5.32349,0.230383,0.196015,0.00203541,0.744502,0.80083
3188,1,0.0569902,0.199317,-0.841182,1,1,1,5.32426,0.144862,0.208798,0.00207764,0.556574,0.688037
3189,1,0.0579763,0.195085,-0.851558,1,1,1,5.32531,0.165806,0.206668,0.00209791,0.529231,0.665479
3190,1,0.0589409,0.190803,-0.861298,1,1,1,5.32608,0.218166,0.182166,0.0021254,0.748399,0.789551
3191,1,0.0598842,0.186473,-0.870393,1,1,1,5.32713,0.178024,0.192819,0.00212472,0.576658,0.676758
3192,1,0.0608057,0.182099,-0.878824,1,1,1,5.3279,0.146608,0.172578,0.0021303,0.745124,0.597803
3193,1,0.0617051,0.177686,-0.886579,1,1,1,5.32895,0.216421,0.193884,0.00213796,0.456457,0.665479
3194,1,0.0625824,0.173235,-0.893642,1,1,1,5.32962,0.164061,0.168317,0.00215284,0.683982,0.47373
3195,1,0.0634374,0.168751,-0.899999,1,1,1,5.33077,0.171042,0.183231,0.00214776,0.463276,0.654199
3196,1,0.0642698,0.164236,-0.905637,1,1,1,5.33125,0.113446,0.168317,0.00212449,0.568028,0.597803
3197,1,0.0650797,0.159695,-0.91054,1,1,1,5.33221,0.153589,0.145946,0.00209181,0.753328,0.47373
3198,1,0.0658667,0.155132,-0.914695,1,1,1,5.33288,0.15708,0.153403,0.00205921,0.610355,0.428613
3199,1,0.066631,0.15055,-0.918086,1,1,1,5.33384,0.165806,0.16299,0.00207736,0.450517,0.575244
3200,1,0.0673722,0.145953,-0.920699,1,1,1,5.33451,0.155334,0.151272,0.00205436,0.519567,0.518848
3201,1,0.0680906,0.141344,-0.922522,1,1,1,5.33528,0.137881,0.141684,0.00200922,0.562196,0.439893
3202,1,0.0687857,0.136728,-0.923537,1,1,1,5.33586,0.150098,0.145946,0.00196559,0.45272,0.507568
3203,1,0.0694577,0.132111,-0.923731,1,1,1,5.33662,0.118682,0.139554,0.00188909,0.456186,0.360938
3204,1,0.0701068,0.127493,-0.923091,1,1,1,5.3372,0.146608,0.12464,0.00186334,0.560212,0.586523
3205,1,0.0707327,0.122881,-0.9216,1,1,1,5.33797,0.122173,0.101203,0.0019124,0.768053,0.496289
3206,1,0.0713356,0.118278,-0.919246,1,1,1,5.33844,0.129154,0.123574,0.00186801,0.459909,0.507568
3207,1,0.0719155,0.113689,-0.916013,1,1,1,5.33902,0.158825,0.115052,0.00191315,0.503708,0.676758
3208,1,0.0724725,0.109119,-0.911888,1,1,1,5.3395,0.0523599,0.096942,0.0019517,0.65246,0.575244
3209,1,0.0730067,0.104572,-0.906855,1,1,1,5.34007,0.129154,0.0990726,0.00197802,0.57736,0.530127
3210,1,0.0735183,0.100053,-0.900901,1,1,1,5.34027,0.0628319,0.0841585,0.0020563,0.697073,0.563965
3211,1,0.0740074,0.0955645,-0.89401,1,1,1,5.34094,0.0907571,0.0745708,0.00216734,0.763045,0.710596
3212,1,0.074474,0.0911139,-0.88617,1,1,1,5.34123,0.0750492,0.0671137,0.00224537,0.801822,0.710596
3213,1,0.0749185,0.0867047,-0.877364,1,1,1,5.3417,0.0733038,0.0841585,0.00225346,0.562488,0.609082
3214,1,0.0753411,0.0823424,-0.867581,1,1,1,5.3418,0.0436332,0.0724402,0.00229087,0.644132,0.710596
3215,1,0.0757421,0.0780304,-0.856801,1,1,1,5.34228,0.0733038,0.0735055,0.00236613,0.59091,0.80083
3216,1,0.0761215,0.0737759,-0.845016,1,1,1,5.34257,0.0349066,0.0628525,0.00244062,0.667336,0.744434
3217,1,0.0764799,0.0695822,-0.832207,1,1,1,5.34286,0.0645772,0.0735055,0.00250706,0.509227,0.834668
3218,1,0.0768174,0.0654556,-0.818362,1,1,1,5.34305,0.015708,0.0671137,0.00262115,0.545873,0.710596
3219,1,0.0771346,0.0614003,-0.803464,1,1,1,5.34333,0.00523599,0.0447425,0.00266253,0.749718,0.699316
3220,1,0.0774316,0.0574223,-0.787502,1,1,1,5.34353,0.0837758,0.0351548,0.00274751,0.819799,0.845947
3221,1,0.0777089,0.0535271,-0.77046,1,1,1,5.34372,0.0401426,0.0458078,0.00284555,0.670126,0.868506
3222,1,0.077967,0.0497194,-0.752322,1,1,1,5.34391,0,0.0330242,0.00291386,0.775563,0.64292
3223,1,0.0782063,0.046006,-0.733079,1,1,1,5.3441,0.0471239,0.0330242,0.00301534,0.746072,0.845947
3224,1,0.0784272,0.0423909,-0.71271,1,1,1,5.3442,0.00523599,0.0351548,0.00310926,0.693515,0.857227
3225,1,0.0786304,0.0388803,-0.691202,1,1,1,5.34429,0.0174533,0.0159795,0.00320697,0.877268,0.755713
3226,1,0.0788162,0.0354803,-0.668542,1,1,1,5.34448,0.0331613,0.010653,0.00331323,0.911333,0.721875
3227,1,0.0789854,0.0321969,-0.64472,1,1,1,5.34468,0.0244346,0.00532648,0.00338472,0.942405,0.789551
3228,1,0.0791384,0.0290353,-0.619714,1,1,1,5.34468,0.0122173,0.0191753,0.00345212,0.763673,0.80083
3229,1,0.0792759,0.0260019,-0.593515,1,1,1,5.34477,0.0174533,0.028763,0.00344187,0.623305,0.789551
3230,1,0.0793986,0.0231024,-0.566105,1,1,1,5.34477,0,0.0170448,0.00350659,0.729017,0.834668
3231,1,0.0795072,0.0203428,-0.53747,1,1,1,5.34496,0,0.0266324,0.00347779,0.589909,0.654199
3232,1,0.0796023,0.0177294,-0.507595,1,1,1,5.34496,0.0244346,0.0127836,0.00351904,0.719822,0.710596
3233,1,0.0796847,0.0152691,-0.476473,1,1,1,5.34506,0.015708,0.0191753,0.0035472,0.627415,0.676758
3234,1,0.0797553,0.0129671,-0.444079,1,1,1,5.34506,0.00349066,0.0191753,0.00356761,0.60642,0.654199
3235,1,0.0798147,0.0108302,-0.410403,1,1,1,5.34516,0.0139626,0.00852238,0.00360073,0.706494,0.755713
3236,1,0.0798639,0.0088651,-0.375434,1,1,1,5.34516,0,0.0340895,0.00357214,0.402295,0.631641
3237,1,0.0799036,0.00707812,-0.339154,1,1,1,5.34516,-0.00872665,0.00532648,0.00361307,0.707276,0.812109
3238,1,0.0799349,0.00547591,-0.301551,1,1,1,5.34525,0,-0.0138489,0.00363424,0.906643,0.688037
3239,1,0.0799587,0.00406479,-0.262601,1,1,1,5.34525,0.0122173,-0.0010653,0.00363862,0.754782,0.710596
3240,1,0.0799759,0.00285204,-0.222306,1,1,1,5.34525,0,0.0127836,0.00360821,0.589237,0.620361
3241,1,0.0799876,0.00184403,-0.180636,1,1,1,5.34525,0,0.0170448,0.0035678,0.530546,0.64292
3242,1,0.0799947,0.00104797,-0.137593,1,1,1,5.34525,-0.00872665,-0.00426119,0.0035865,0.763693,0.563965
3243,1,0.0799984,0.000470501,-0.0931444,1,1,1,5.34525,0,-1.43507e-18,0.00355656,0.712065,0.789551
3244,1,0.0799998,0.000118825,-0.0472868,1,1,1,5.34525,-0.00523599,0.0191753,0.00355937,0.503677,0.778271
3245,1,0.08,6.67285e-12,-1.13184e-05,1,1,1,5.34525,-0.00174533,-0.00213059,0.00355664,0.742911,0.766992
3246,1,0.08,0,0,1,1,1,5.34525,0,0.0170448,0.00354184,0.53003,0.710596
3247,1,0.08,0,0,1,1,1,5.34525,-0.0174533,0.00852238,0.00346565,0.61372,0.676758
3248,1,0.08,0,0,1,1,1,5.34525,-0.00698132,0.0127836,0.00346166,0.566319,0.654199
3249,1,0.08,0,0,1,1,1,5.34525,-0.0174533,0.0010653,0.00344914,0.693569,0.699316
3250,1,0.08,0,0,1,1,1,5.34525,0,-0.0202406,0.00343481,0.926042,0.755713
3251,1,0.08,0,0,1,1,1,5.34535,0.0244346,0.00532648,0.00341049,0.641593,0.710596
3252,1,0.08,0,0,1,1,1,5.34525,0,0.00639178,0.00344965,0.635045,0.688037
3253,1,0.08,0,0,1,1,1,5.34535,-0.00872665,0.00852238,0.00345535,0.61236,0.80083
3254,1,0.08,0,0,1,1,1,5.34535,0,-0.0276977,0.00342882,1.00728,0.620361
3255,1,0.08,0,0,1,1,1,5.34535,0.0191986,0.00958767,0.00339658,0.592884,0.64292
3256,1,0.08,0,0,1,1,1,5.34535,0,0.00532648,0.00340136,0.640389,0.620361
3257,1,0.08,0,0,1,1,1,5.34535,0,0.00532648,0.00337343,0.636702,0.575244
3258,1,0.08,0,0,1,1,1,5.34535,0,-8.47998e-19,0.00335969,0.693479,0.631641
3259,1,0.08,0,0,1,1,1,5.34535,0,0.0127836,0.00336481,0.553536,0.654199
3260,1,0.08,0,0,1,1,1,5.34535,0,-0.01811,0.00338231,0.895676,0.733154
3261,1,0.08,0,0,1,1,1,5.34535,0.00698132,-0.00213059,0.00336157,0.717164,0.575244
3262,1,0.08,0,0,1,1,1,5.34535,0,-0.0010653,0.00337012,0.706575,0.744434
3263,1,0.08,0,0,1,1,1,5.34535,0.0174533,0.01811,0.00336129,0.49448,0.80083
3264,1,0.08,0,0,1,1,1,5.34535,-0.020944,-0.0213059,0.00336157,0.928093,0.710596
3265,1,0.08,0,0,1,1,1,5.34535,0.00349066,0.00319589,0.00331579,0.652529,0.462451
3266,1,0.08,0,0,1,1,1,5.34535,0.0366519,0.0010653,0.0033073,0.674845,0.688037
3267,1,0.08,0,0,1,1,1,5.34544,0,0.00532648,0.0033278,0.630678,0.699316
3268,1,0.08,0,0,1,1,1,5.34544,0,-0.0149142,0.00331443,0.85156,0.766992
3269,1,0.08,0,0,1,1,1,5.34544,0.0174533,0.00639178,0.00325188,0.608874,0.778271
3270,1,0.08,0,0,1,1,1,5.34535,-0.0314159,0.00958767,0.00322746,0.57056,0.541406
3271,1,0.08,0,0,1,1,1,5.34535,0,-0.00213059,0.00327238,0.705391,0.778271
3272,1,0.08,0,0,1,1,1,5.34544,0,0.0010653,0.00326791,0.669646,0.665479
3273,1,0.08,0,0,1,1,1,5.34544,0,0.00639178,0.00324933,0.608603,0.766992
3274,1,0.08,0,0,1,1,1,5.34544,0,0.00213059,0.003234,0.653451,0.755713
3275,1,0.08,0,0,1,1,1,5.34544,0,0.0138489,0.00321543,0.522099,0.699316
3276,1,0.08,0,0,1,1,1,5.34544,-0.00872665,-0.0170448,0.00319917,0.859783,0.631641
3277,1,0.08,0,0,1,1,1,5.34544,0,0.0117183,0.00316313,0.538633,0.654199
3278,1,0.08,0,0,1,1,1,5.34544,0,0.00639178,0.00317339,0.598579,0.699316
3279,1,0.08,0,0,1,1,1,5.34544,0,-0.0117183,0.00316518,0.796704,0.654199
3280,1,0.08,0,0,1,1,1,5.34544,0,0.0010653,0.00318465,0.658656,0.676758
3281,1,0.08,0,0,1,1,1,5.34544,0.00174533,0.0010653,0.00318238,0.658356,0.699316
3282,1,0.08,0,0,1,1,1,5.34544,0,0.0117183,0.00317778,0.540566,0.609082
3283,1,0.08,0,0,1,1,1,5.34544,0,-0.00426119,0.00315695,0.713591,0.597803
3284,1,0.08,0,0,1,1,1,5.34544,0,0.00639178,0.0031678,0.59784,0.699316
3285,1,0.08,0,0,1,1,1,5.34544,0,0.00213059,0.00317155,0.645208,0.688037
3286,1,0.08,0,0,1,1,1,5.34544,0,0.0202406,0.00317743,0.446774,0.733154
3287,1,0.08,0,0,1,1,1,5.34544,-0.00698132,-0.00745708,0.00315487,0.748471,0.688037
3288,1,0.08,0,0,1,1,1,5.34544,-0.00523599,-0.0010653,0.0031251,0.674232,0.710596
3289,1,0.08,0,0,1,1,1,5.34544,0,-0.0255671,0.00312251,0.943409,0.586523
3290,1,0.08,0,0,1,1,1,5.34544,0,-0.00852238,0.00311278,0.754634,0.654199
3291,1,0.08,0,0,1,1,1,5.34544,0,-0.00319589,0.00315088,0.701071,0.699316
3292,1,0.08,0,0,1,1,1,5.34544,0,0.00745708,0.00316721,0.586043,0.710596
3293,1,0.08,0,0,1,1,1,5.34544,0,0.00319589,0.00318393,0.635124,0.744434
3294,1,0.08,0,0,1,1,1,5.34544,0,0.00426119,0.00318611,0.623694,0.575244
3295,1,0.08,0,0,1,1,1,5.34544,0,-0.00426119,0.00315484,0.713312,0.789551
3296,1,0.08,0,0,1,1,1,5.34544,0,0.00745708,0.00314338,0.582898,0.755713
3297,1,0.08,0,0,1,1,1,5.34544,0,0.0010653,0.00315179,0.654318,0.620361
3298,1,0.08,0,0,1,1,1,5.34544,0,-0.00532648,0.00315138,0.724574,0.586523
3299,1,0.08,0,0,1,1,1,5.34544,0,0.00532648,0.00312897,0.604432,0.755713
3300,1,0.08,0,0,1,1,1,5.34544,-0.00349066,0.00319589,0.00310375,0.62454,0.631641
3301,1,0.08,0,0,1,1,1,5.34544,0,-0.01811,0.0031265,0.861908,0.609082
3302,1,0.08,0,0,1,1,1,5.34544,0,0.00745708,0.00311012,0.578508,0.688037
3303,1,0.08,0,0,1,1,1,5.34544,0,-0.01811,0.00309727,0.85805,0.789551
3304,1,0.08,0,0,1,1,1,5.34544,0,0.0010653,0.00310275,0.647845,0.766992
3305,1,0.08,0,0,1,1,1,5.34544,0,-0.00852238,0.00311272,0.754626,0.744434
3306,1,0.08,0,0,1,1,1,5.34544,0,-0.00532648,0.00309082,0.71658,0.64292
3307,1,0.08,0,0,1,1,1,5.34544,0,0.00319589,0.00314603,0.630121,0.812109
3308,1,0.08,0,0,1,1,1,5.34544,0,-0.0170448,0.00316077,0.854714,0.688037
3309,1,0.08,0,0,1,1,1,5.34554,0.00349066,-0.0010653,0.00314801,0.677256,0.733154
3310,1,0.08,0,0,1,1,1,5.34544,0,-0.00319589,0.00313747,0.6993,0.766992
3311,1,0.08,0,0,1,1,1,5.34544,0.0174533,-0.00213059,0.00311928,0.685182,0.676758
3312,1,0.08,0,0,1,1,1,5.34544,-0.00872665,0.00958767,0.00308092,0.551217,0.586523
3313,1,0.08,0,0,1,1,1,5.34544,0,-0.01811,0.00309955,0.858352,0.733154
3314,1,0.08,0,0,1,1,1,5.34544,0,-0.010653,0.00306172,0.77133,0.688037
3315,1,0.08,0,0,1,1,1,5.34544,0.0261799,0.00745708,0.00306593,0.572675,0.665479
3316,1,0.08,0,0,1,1,1,5.34544,0,-0.0138489,0.00307605,0.808376,0.710596
3317,1,0.08,0,0,1,1,1,5.34544,0.00872665,0.00319589,0.00308442,0.621989,0.710596
3318,1,0.08,0,0,1,1,1,5.34544,0,-0.00213059,0.00307742,0.679656,0.620361
3319,1,0.08,0,0,1,1,1,5.34544,0,1.82646e-18,0.00309117,0.658034,0.665479
3320,1,0.08,0,0,1,1,1,5.34544,0,5.87076e-19,0.00310122,0.659361,0.631641
3321,1,0.08,0,0,1,1,1,5.34544,0,-0.0127836,0.00312187,0.802706,0.834668
3322,1,0.08,0,0,1,1,1,5.34554,-0.0174533,0.0010653,0.00312058,0.650199,0.676758
3323,1,0.08,0,0,1,1,1,5.34554,0,0.00852238,0.00309925,0.565355,0.710596
3324,1,0.08,0,0,1,1,1,5.34544,-0.0122173,-0.0149142,0.00315228,0.830156,0.552686
3325,1,0.08,0,0,1,1,1,5.34554,0,0.00852238,0.00309981,0.565429,0.507568
3326,1,0.08,0,0,1,1,1,5.34554,0.0279253,-0.0010653,0.00308706,0.66921,0.631641
3327,1,0.08,0,0,1,1,1,5.34554,0,0.00745708,0.0030697,0.573173,0.654199
3328,1,0.08,0,0,1,1,1,5.34544,-0.00698132,-0.00958767,0.00308663,0.7629,0.575244
3329,1,0.08,0,0,1,1,1,5.34554,0.00698132,0.00958767,0.00307401,0.550305,0.518848
3330,1,0.08,0,0,1,1,1,5.34554,0.00698132,-0.0127836,0.00304923,0.793117,0.563965
3331,1,0.08,0,0,1,1,1,5.34554,0,0.00745708,0.00308304,0.574934,0.64292
3332,1,0.08,0,0,1,1,1,5.34554,0,-0.00639178,0.00306434,0.724802,0.597803
3333,1,0.08,0,0,1,1,1,5.34554,0,0.00532648,0.00308592,0.59875,0.676758
3334,1,0.08,0,0,1,1,1,5.34554,0,-0.0138489,0.00309586,0.810991,0.620361
3335,1,0.08,0,0,1,1,1,5.34554,0,0.00532648,0.00309418,0.59984,0.609082
3336,1,0.08,0,0,1,1,1,5.34554,0,0.00426119,0.00307557,0.609102,0.665479
3337,1,0.08,0,0,1,1,1,5.34554,0,0.0159795,0.0030624,0.478462,0.552686
3338,1,0.08,0,0,1,1,1,5.34554,0,0.0170448,0.00307134,0.467924,0.552686
3339,1,0.08,0,0,1,1,1,5.34554,-0.0436332,0.0117183,0.00308529,0.528358,0.654199
3340,1,0.08,0,0,1,1,1,5.34554,0,0.0127836,0.00303392,0.509858,0.676758
3341,1,0.08,0,0,1,1,1,5.34554,0,0.0149142,0.00302314,0.484999,0.609082
3342,1,0.08,0,0,1,1,1,5.34554,0,0.010653,0.00302817,0.532535,0.744434
3343,1,0.08,0,0,1,1,1,5.34554,0,-0.00319589,0.00304114,0.686585,0.654199
3344,1,0.08,0,0,1,1,1,5.34554,0,0.00745708,0.00302061,0.566693,0.654199
3345,1,0.08,0,0,1,1,1,5.34554,0,0.00319589,0.0030063,0.611677,0.64292
3346,1,0.0799998,-0.000118785,-0.0472788,1,1,1,5.34554,0,0.010653,0.00299924,0.520568,0.586523
3347,1,0.0799984,-0.000470357,-0.0931304,1,1,1,5.34554,0,0.0010653,0.00298436,0.613263,0.575244
3348,1,0.0799947,-0.00104779,-0.137581,1,1,1,5.34554,0,0.0202406,0.00294486,0.383738,0.620361
3349,1,0.0799876,-0.00184384,-0.180628,1,1,1,5.34554,-0.00698132,0.00213059,0.00296255,0.569416,0.586523
3350,1,0.0799759,-0.0028518,-0.222297,1,1,1,5.34554,0,5.87076e-19,0.00294928,0.572825,0.586523
3351,1,0.0799587,-0.00406448,-0.262592,1,1,1,5.34554,0,0.0149142,0.0028854,0.379741,0.665479
3352,1,0.079935,-0.00547551,-0.301541,1,1,1,5.34544,-0.0174533,0.0010653,0.00285006,0.504573,0.541406
3353,1,0.0799037,-0.00707765,-0.339144,1,1,1,5.34544,0,-0.00213059,0.00280741,0.509098,0.47373
3354,1,0.0798639,-0.00886464,-0.375425,1,1,1,5.34544,0,0.00213059,0.00281907,0.436684,0.563965
3355,1,0.0798147,-0.0108297,-0.410396,1,1,1,5.34544,0,0.00532648,0.00276019,0.364674,0.394775
3356,1,0.0797553,-0.0129665,-0.444071,1,1,1,5.34544,0,-0.00639178,0.00265893,0.4492,0.293262
3357,1,0.0796848,-0.0152683,-0.476464,1,1,1,5.34544,0,-0.00426119,0.00260857,0.386261,0.48501
3358,1,0.0796023,-0.0177289,-0.507588,1,1,1,5.34544,0,-0.0159795,0.00256602,0.47492,0.394775
3359,1,0.0795072,-0.0203421,-0.537462,1,1,1,5.34544,0,-0.00958767,0.00246534,0.354998,0.360938
3360,1,0.0793987,-0.0231017,-0.566098,1,1,1,5.34544,0,0.00532648,0.00237395,0.140082,0.406055
3361,1,0.079276,-0.026001,-0.593507,1,1,1,5.34535,0,-0.0010653,0.00229441,0.161256,0.169189
3362,1,0.0791384,-0.0290348,-0.61971,1,1,1,5.34535,0,-0.00958767,0.00210996,0.187312,0.15791
3363,1,0.0789854,-0.0321962,-0.644714,1,1,1,5.34535,0,0.00852238,0.00196768,-0.0727675,0.180469
3364,1,0.0788163,-0.0354796,-0.668538,1,1,1,5.34525,-0.0174533,-0.00958767,0.00186021,0.0688484,0.135352
3365,1,0.0786303,-0.0388822,-0.691214,1,1,1,5.34525,-0.00349066,-0.00745708,0.00169478,-0.0237715,0.0902344
3366,1,0.0784273,-0.0423899,-0.712705,1,1,1,5.34516,0,-9.13229e-19,0.00150607,-0.180831,0.0563965
3367,1,0.0782064,-0.0460045,-0.733071,1,1,1,5.34516,-0.00872665,-0.00213059,0.00132725,-0.232877,0.0563965
3368,1,0.0779671,-0.049719,-0.75232,1,1,1,5.34506,-0.0279253,0.00639178,0.00112549,-0.408213,-0.0112793
3369,1,0.077709,-0.0535259,-0.770455,1,1,1,5.34496,-0.020944,-0.0255671,0.000899442,-0.14491,-0.112793
3370,1,0.0774317,-0.0574212,-0.787497,1,1,1,5.34496,0,-0.00319589,0.000659339,-0.48115,-0.101514
3371,1,0.0771343,-0.0614038,-0.803478,1,1,1,5.34477,-0.0453786,-0.010653,0.000396562,-0.496495,-0.293262
3372,1,0.0768175,-0.0654546,-0.818359,1,1,1,5.34458,-0.0366519,-0.0202406,0.000165055,-0.484465,-0.451172
3373,1,0.07648,-0.069581,-0.832203,1,1,1,5.34439,-0.0331613,-0.0404813,-3.1709e-05,-0.350228,-0.47373
3374,1,0.0761216,-0.0737747,-0.845013,1,1,1,5.34429,-0.0331613,-0.0319589,-0.000215032,-0.530729,-0.417334
3375,1,0.0757422,-0.0780293,-0.856798,1,1,1,5.34391,-0.0558505,-0.0436772,-0.000340696,-0.479294,-0.383496
3376,1,0.0753413,-0.0823401,-0.867575,1,1,1,5.34381,-0.0349066,-0.0596566,-0.000480592,-0.384546,-0.439893
3377,1,0.0749186,-0.0867038,-0.877363,1,1,1,5.34343,-0.0349066,-0.0468731,-0.00063747,-0.609268,-0.349658
3378,1,0.0744742,-0.0911123,-0.886167,1,1,1,5.34305,-0.109956,-0.0447425,-0.000738219,-0.708518,-0.428613
3379,1,0.0740075,-0.0955636,-0.894009,1,1,1,5.34266,-0.113446,-0.0713749,-0.000841527,-0.492997,-0.507568
3380,1,0.0735184,-0.100052,-0.900899,1,1,1,5.34247,-0.0314159,-0.0894849,-0.0009375,-0.369278,-0.47373
3381,1,0.0730069,-0.104571,-0.906854,1,1,1,5.34199,-0.0855211,-0.0852238,-0.00106758,-0.498582,-0.48501
3382,1,0.0724726,-0.109119,-0.911887,1,1,1,5.34151,-0.0890118,-0.0820279,-0.00115263,-0.608379,-0.530127
3383,1,0.0719157,-0.113688,-0.916012,1,1,1,5.34103,-0.1309,-0.0820279,-0.0012909,-0.693289,-0.518848
3384,1,0.0713358,-0.118277,-0.919245,1,1,1,5.34065,-0.0890118,-0.102269,-0.00141248,-0.553822,-0.665479
3385,1,0.0707328,-0.12288,-0.9216,1,1,1,5.34007,-0.10472,-0.102269,-0.00151914,-0.634414,-0.744434
3386,1,0.070107,-0.127491,-0.92309,1,1,1,5.3396,-0.0925025,-0.0990726,-0.00161769,-0.748497,-0.755713
3387,1,0.0694579,-0.132109,-0.923731,1,1,1,5.33902,-0.120428,-0.105464,-0.00170964,-0.756781,-0.676758
3388,1,0.0687858,-0.136728,-0.923537,1,1,1,5.33854,-0.0837758,-0.120379,-0.00183836,-0.677812,-0.733154
3389,1,0.0680907,-0.141343,-0.922522,1,1,1,5.33777,-0.102974,-0.113987,-0.00194822,-0.829144,-0.744434
3390,1,0.0673724,-0.145951,-0.9207,1,1,1,5.3372,-0.169297,-0.157664,-0.00199633,-0.421659,-0.744434
3391,1,0.0666312,-0.150549,-0.918087,1,1,1,5.33653,-0.0977384,-0.135293,-0.00206097,-0.740473,-0.733154
3392,1,0.065867,-0.155131,-0.914696,1,1,1,5.33586,-0.181514,-0.148076,-0.00218627,-0.684556,-0.778271
3393,1,0.0650799,-0.159694,-0.910541,1,1,1,5.33509,-0.0942478,-0.136358,-0.00223294,-0.883717,-0.789551
3394,1,0.0642701,-0.164235,-0.905638,1,1,1,5.33451,-0.144862,-0.150207,-0.00226845,-0.800379,-0.710596
3395,1,0.0634376,-0.16875,-0.900001,1,1,1,5.33356,-0.188496,-0.155533,-0.00234084,-0.81693,-0.95874
3396,1,0.0625826,-0.173234,-0.893643,1,1,1,5.33288,-0.113446,-0.149142,-0.00243981,-0.965736,-0.80083
3397,1,0.0617053,-0.177685,-0.88658,1,1,1,5.33193,-0.172788,-0.161925,-0.00252721,-0.902072,-0.902344
3398,1,0.0608059,-0.182098,-0.878826,1,1,1,5.33135,-0.150098,-0.149142,-0.00262895,-1.12148,-0.947461
3399,1,0.0598844,-0.186472,-0.870395,1,1,1,5.3301,-0.188496,-0.155533,-0.00274886,-1.13379,-1.0377
3400,1,0.0589411,-0.190802,-0.8613,1,1,1,5.32934,-0.207694,-0.180035,-0.00275477,-0.926014,-0.981299
3401,1,0.0579765,-0.195084,-0.85156,1,1,1,5.32828,-0.214675,-0.198145,-0.00274088,-0.784026,-0.80083
3402,1,0.0569905,-0.199316,-0.841185,1,1,1,5.32761,-0.164061,-0.190688,-0.00276902,-0.928755,-0.733154
3403,1,0.0559834,-0.203494,-0.830191,1,1,1,5.32627,-0.247837,-0.211994,-0.00275606,-0.750419,-0.902344
3404,1,0.0549556,-0.207617,-0.818591,1,1,1,5.3255,-0.176278,-0.224778,-0.0027394,-0.663745,-0.868506
3405,1,0.0539073,-0.21168,-0.806401,1,1,1,5.32406,-0.193732,-0.21519,-0.00266096,-0.81043,-0.710596
3406,1,0.0528389,-0.21568,-0.793636,1,1,1,5.3233,-0.23911,-0.229039,-0.00261512,-0.704872,-0.823389
3407,1,0.0517507,-0.219615,-0.78031,1,1,1,5.32186,-0.193732,-0.241822,-0.00256132,-0.60806,-0.631641
3408,1,0.050643,-0.223482,-0.766436,1,1,1,5.3209,-0.280998,-0.224778,-0.00246889,-0.831652,-0.676758
3409,1,0.0495159,-0.227278,-0.752027,1,1,1,5.31956,-0.242601,-0.240757,-0.00241605,-0.697632,-0.699316
3410,1,0.0483702,-0.231001,-0.737102,1,1,1,5.3185,-0.247837,-0.245018,-0.0023825,-0.69518,-0.823389
3411,1,0.0472061,-0.234648,-0.721673,1,1,1,5.31697,-0.216421,-0.241822,-0.0023294,-0.76987,-0.755713
3412,1,0.0460238,-0.238217,-0.705753,1,1,1,5.31591,-0.305433,-0.262063,-0.00222253,-0.576164,-0.721875
3413,1,0.044824,-0.241705,-0.689359,1,1,1,5.31457,-0.272271,-0.259932,-0.00209376,-0.622684,-0.64292
3414,1,0.0436069,-0.24511,-0.672503,1,1,1,5.31333,-0.274017,-0.255671,-0.00200065,-0.697698,-0.676758
3415,1,0.042373,-0.24843,-0.655202,1,1,1,5.31189,-0.282743,-0.255671,-0.00192807,-0.728243,-0.733154
3416,1,0.0411228,-0.251661,-0.637469,1,1,1,5.31074,-0.247837,-0.250345,-0.00184983,-0.813882,-0.586523
3417,1,0.0398565,-0.254804,-0.619317,1,1,1,5.30911,-0.312414,-0.274847,-0.00179359,-0.57522,-0.733154
3418,1,0.0385749,-0.257854,-0.600763,1,1,1,5.30815,-0.233874,-0.273781,-0.00179078,-0.625418,-0.879785
3419,1,0.0372782,-0.260811,-0.581819,1,1,1,5.30652,-0.235619,-0.257802,-0.00177365,-0.835915,-0.812109
3420,1,0.0359669,-0.263672,-0.562502,1,1,1,5.30546,-0.280998,-0.254606,-0.00178349,-0.908967,-0.744434
3421,1,0.0346417,-0.266435,-0.542826,1,1,1,5.30383,-0.300197,-0.278043,-0.00181901,-0.694306,-0.981299
3422,1,0.0333028,-0.269099,-0.522801,1,1,1,5.30268,-0.244346,-0.260998,-0.00186546,-0.924324,-0.823389
3423,1,0.0319507,-0.271663,-0.502446,1,1,1,5.30086,-0.315905,-0.236496,-0.00190841,-1.23495,-1.06025
3424,1,0.0305862,-0.274123,-0.481775,1,1,1,5.2999,-0.242601,-0.294022,-0.0018812,-0.631682,-0.97002
3425,1,0.0292098,-0.27648,-0.460803,1,1,1,5.29827,-0.233874,-0.298283,-0.00176479,-0.59541,-0.654199
3426,1,0.0278217,-0.278731,-0.439541,1,1,1,5.29722,-0.274017,-0.291891,-0.00171684,-0.685569,-0.47373
3427,1,0.0264226,-0.280875,-0.418006,1,1,1,5.2954,-0.287979,-0.272716,-0.00172199,-0.924,-0.755713
3428,1,0.0250132,-0.28291,-0.396213,1,1,1,5.29425,-0.307178,-0.295087,-0.00177286,-0.714018,-0.913623
3429,1,0.0235937,-0.284836,-0.374173,1,1,1,5.29252,-0.218166,-0.28763,-0.00179266,-0.824343,-0.879785
3430,1,0.0221525,-0.286667,-0.351709,1,1,1,5.29137,-0.305433,-0.279108,-0.00183124,-0.948176,-0.902344
3431,1,0.0207273,-0.288355,-0.329416,1,1,1,5.28984,-0.225147,-0.270585,-0.00183487,-1.06545,-0.857227
3432,1,0.0192816,-0.289946,-0.30673,1,1,1,5.28869,-0.310669,-0.299348,-0.00185093,-0.774518,-0.924902
3433,1,0.0178281,-0.291422,-0.283855,1,1,1,5.28696,-0.254818,-0.280173,-0.00189102,-1.01265,-1.08281
3434,1,0.0163676,-0.292784,-0.260809,1,1,1,5.28571,-0.305433,-0.275912,-0.00196803,-1.09201,-1.01514
3435,1,0.0149005,-0.29403,-0.237603,1,1,1,5.28389,-0.296706,-0.286565,-0.00201697,-1.00054,-1.09409
3436,1,0.0134273,-0.29516,-0.214251,1,1,1,5.28293,-0.233874,-0.282304,-0.00205356,-1.06895,-0.97002
3437,1,0.0119491,-0.296172,-0.190775,1,1,1,5.28111,-0.307178,-0.266324,-0.0020587,-1.25651,-0.845947
3438,1,0.0104659,-0.297067,-0.16718,1,1,1,5.27996,-0.342085,-0.295087,-0.00209462,-0.952518,-1.10537
3439,1,0.00897854,-0.297844,-0.143483,1,1,1,5.27824,-0.272271,-0.2855,-0.00214845,-1.07127,-1.02642
3440,1,0.00748773,-0.298502,-0.119703,1,1,1,5.27689,-0.331613,-0.294022,-0.00217519,-0.985767,-0.868506
3441,1,0.0059937,-0.299041,-0.095848,1,1,1,5.27517,-0.324631,-0.300414,-0.00219565,-0.921379,-0.879785
3442,1,0.0044975,-0.29946,-0.0719384,1,1,1,5.27383,-0.305433,-0.288695,-0.00217818,-1.04975,-1.00386
3443,1,0.00299933,-0.29976,-0.0479828,1,1,1,5.2721,-0.368264,-0.288695,-0.00217502,-1.04962,-0.95874
3444,1,0.00150016,-0.29994,-0.0240018,1,1,1,5.27085,-0.232129,-0.292957,-0.00218482,-1.00287,-0.879785
3445,1,2.799e-07,-0.3,-4.4784e-06,1,1,1,5.26884,-0.329867,-0.302544,-0.00195099,-0.86316,-0.845947
3446,1,-0.00149979,-0.29994,0.0239958,1,1,1,5.26788,-0.26529,-0.30361,-0.00203502,-0.859118,-0.845947
3447,1,-0.00299911,-0.29976,0.0479793,1,1,1,5.26587,-0.29147,-0.304675,-0.00184102,-0.816214,-0.789551
3448,1,-0.00449724,-0.29946,0.0719342,1,1,1,5.26472,-0.349066,-0.306806,-0.00180233,-0.780585,-0.766992
3449,1,-0.00599338,-0.299041,0.0958428,1,1,1,5.2628,-0.277507,-0.310001,-0.00176343,-0.731751,-0.755713
3450,1,-0.00748739,-0.298502,0.119698,1,1,1,5.26155,-0.349066,-0.319589,-0.00165111,-0.599997,-0.733154
3451,1,-0.00897829,-0.297844,0.14348,1,1,1,5.25983,-0.29147,-0.308936,-0.00161677,-0.702683,-0.699316
3452,1,-0.0104656,-0.297067,0.167175,1,1,1,5.25858,-0.294961,-0.288695,-0.00157573,-0.907033,-0.597803
3453,1,-0.0119488,-0.296172,0.19077,1,1,1,5.25657,-0.347321,-0.300414,-0.00154195,-0.759349,-0.733154
3454,1,-0.0134272,-0.29516,0.214249,1,1,1,5.25551,-0.277507,-0.298283,-0.00155392,-0.768607,-0.879785
3455,1,-0.0149001,-0.29403,0.237598,1,1,1,5.25379,-0.286234,-0.295087,-0.00155412,-0.786616,-0.868506
3456,1,-0.0163672,-0.292784,0.260802,1,1,1,5.25264,-0.237365,-0.291891,-0.00156936,-0.805194,-0.64292
3457,1,-0.0178278,-0.291422,0.28385,1,1,1,5.25091,-0.319395,-0.28763,-0.00157601,-0.832983,-0.834668
3458,1,-0.0192812,-0.289946,0.306723,1,1,1,5.24967,-0.326377,-0.276977,-0.0016853,-0.943243,-1.0377
3459,1,-0.020727,-0.288355,0.329412,1,1,1,5.24794,-0.233874,-0.284434,-0.00180365,-0.854062,-1.15049
3460,1,-0.0221646,-0.286652,0.351897,1,1,1,5.24679,-0.29147,-0.263128,-0.00181836,-1.06626,-0.913623
3461,1,-0.0235933,-0.284837,0.374166,1,1,1,5.24516,-0.301942,-0.265259,-0.00185132,-1.02172,-0.721875
3462,1,-0.0250128,-0.282911,0.396207,1,1,1,5.24411,-0.277507,-0.289761,-0.00184058,-0.724009,-0.913623
3463,1,-0.0264223,-0.280875,0.418001,1,1,1,5.24248,-0.289725,-0.263128,-0.00186416,-0.991996,-0.80083
3464,1,-0.0278213,-0.278731,0.439535,1,1,1,5.24123,-0.274017,-0.241822,-0.00192259,-1.20472,-0.891064
3465,1,-0.0292094,-0.27648,0.460797,1,1,1,5.2395,-0.349066,-0.271651,-0.00196667,-0.851774,-0.924902
3466,1,-0.0305861,-0.274124,0.481773,1,1,1,5.23854,-0.197222,-0.288695,-0.0019712,-0.632974,-0.755713
3467,1,-0.0319504,-0.271663,0.502441,1,1,1,5.23701,-0.247837,-0.26952,-0.0019873,-0.812887,-0.789551
3468,1,-0.0333024,-0.2691,0.522797,1,1,1,5.23586,-0.305433,-0.238627,-0.00206766,-1.12897,-0.95874
3469,1,-0.0346414,-0.266436,0.542821,1,1,1,5.23423,-0.293215,-0.26952,-0.00207859,-0.755037,-1.02642
3470,1,-0.0359665,-0.263673,0.562495,1,1,1,5.23337,-0.185005,-0.263128,-0.00211217,-0.793057,-0.879785
3471,1,-0.0372778,-0.260812,0.581814,1,1,1,5.23164,-0.230383,-0.232235,-0.00211612,-1.09554,-0.744434
3472,1,-0.0385746,-0.257855,0.600759,1,1,1,5.23068,-0.282743,-0.253541,-0.00213168,-0.82424,-0.97002
3473,1,-0.0398563,-0.254804,0.619313,1,1,1,5.22924,-0.172788,-0.255671,-0.00209469,-0.755856,-0.654199
3474,1,-0.0411224,-0.251662,0.637463,1,1,1,5.22829,-0.29147,-0.263128,-0.00207734,-0.630378,-0.699316
3475,1,-0.0423727,-0.24843,0.655197,1,1,1,5.22675,-0.226893,-0.241822,-0.0021543,-0.832713,-0.924902
3476,1,-0.0436066,-0.245111,0.672499,1,1,1,5.2256,-0.310669,-0.248214,-0.00220263,-0.725572,-0.992578
3477,1,-0.0448238,-0.241706,0.689355,1,1,1,5.22436,-0.223402,-0.230104,-0.0022594,-0.888067,-0.936182
3478,1,-0.0460235,-0.238218,0.705749,1,1,1,5.2233,-0.247837,-0.232235,-0.00227754,-0.821869,-0.902344
3479,1,-0.0472059,-0.234649,0.72167,1,1,1,5.22196,-0.240855,-0.231169,-0.00228378,-0.788323,-0.733154
3480,1,-0.04837,-0.231002,0.737099,1,1,1,5.221,-0.214675,-0.226908,-0.0022681,-0.786171,-0.766992
3481,1,-0.0495157,-0.227279,0.752024,1,1,1,5.21956,-0.275762,-0.255671,-0.00228119,-0.42367,-0.845947
3482,1,-0.0506426,-0.223483,0.766431,1,1,1,5.2186,-0.195477,-0.207733,-0.00225525,-0.898894,-0.845947
3483,1,-0.0517505,-0.219616,0.780307,1,1,1,5.21726,-0.289725,-0.222647,-0.0022195,-0.680645,-0.755713
3484,1,-0.0528386,-0.215681,0.793633,1,1,1,5.21649,-0.16057,-0.217321,-0.00212715,-0.67648,-0.710596
3485,1,-0.053907,-0.211681,0.806398,1,1,1,5.21515,-0.258309,-0.206668,-0.00212275,-0.742524,-0.575244
3486,1,-0.0549554,-0.207618,0.818588,1,1,1,5.21438,-0.191986,-0.176839,-0.00218579,-1.02735,-0.688037
3487,1,-0.0559832,-0.203496,0.830187,1,1,1,5.21285,-0.237365,-0.198145,-0.00220106,-0.742732,-0.879785
3488,1,-0.0569901,-0.199318,0.84118,1,1,1,5.21237,-0.116937,-0.220516,-0.00217121,-0.43984,-0.699316
3489,1,-0.0579762,-0.195085,0.851557,1,1,1,5.21112,-0.169297,-0.203472,-0.00215686,-0.57199,-0.620361
3490,1,-0.058941,-0.190802,0.861299,1,1,1,5.21026,-0.249582,-0.192819,-0.00221582,-0.642985,-0.789551
3491,1,-0.0598843,-0.186473,0.870393,1,1,1,5.20921,-0.111701,-0.190688,-0.00216402,-0.604791,-0.676758
3492,1,-0.0608056,-0.1821,0.878823,1,1,1,5.20863,-0.176278,-0.200276,-0.00218051,-0.446938,-0.597803
3493,1,-0.0617052,-0.177685,0.886579,1,1,1,5.20748,-0.102974,-0.173643,-0.0022091,-0.688365,-0.699316
3494,1,-0.0625824,-0.173235,0.893641,1,1,1,5.20671,-0.191986,-0.175774,-0.00219485,-0.607392,-0.665479
3495,1,-0.0634374,-0.168751,0.899999,1,1,1,5.20595,-0.15708,-0.156599,-0.00221512,-0.765038,-0.552686
3496,1,-0.0642699,-0.164236,0.905637,1,1,1,5.20508,-0.204204,-0.128901,-0.00232918,-1.02852,-0.744434
3497,1,-0.0650797,-0.159696,0.91054,1,1,1,5.20422,-0.150098,-0.120379,-0.00243137,-1.07929,-0.95874
3498,1,-0.0658668,-0.155132,0.914695,1,1,1,5.20365,-0.122173,-0.140619,-0.00252318,-0.812134,-0.823389
3499,1,-0.066631,-0.150549,0.918086,1,1,1,5.20278,-0.139626,-0.137423,-0.0025924,-0.799667,-0.812109
3500,1,-0.0673723,-0.145952,0.9207,1,1,1,5.2023,-0.122173,-0.148076,-0.00268861,-0.638348,-0.924902
3501,1,-0.0680905,-0.141344,0.922521,1,1,1,5.20163,-0.0994838,-0.12464,-0.00276762,-0.849731,-0.902344
3502,1,-0.0687857,-0.136729,0.923537,1,1,1,5.20106,-0.136136,-0.116117,-0.00284957,-0.897467,-0.891064
3503,1,-0.0694578,-0.13211,0.923731,1,1,1,5.20039,-0.141372,-0.113987,-0.00298227,-0.88167,-1.00386
3504,1,-0.0701068,-0.127493,0.923091,1,1,1,5.19991,-0.0453786,-0.120379,-0.00307071,-0.766419,-0.845947
3505,1,-0.0707327,-0.12288,0.9216,1,1,1,5.19933,-0.136136,-0.0926808,-0.00318463,-1.0297,-0.97002
3506,1,-0.0713357,-0.118278,0.919246,1,1,1,5.19895,-0.0715585,-0.0894849,-0.00334257,-1.0295,-1.07153
3507,1,-0.0719155,-0.113689,0.916013,1,1,1,5.19828,-0.0698132,-0.0830932,-0.00350196,-1.06495,-0.95874
3508,1,-0.0724725,-0.10912,0.911888,1,1,1,5.19789,-0.143117,-0.0809626,-0.00361746,-1.04809,-0.992578
3509,1,-0.0730067,-0.104573,0.906856,1,1,1,5.19741,-0.0959931,-0.0884196,-0.00373924,-0.927007,-1.06025
3510,1,-0.0735183,-0.100052,0.9009,1,1,1,5.19703,-0.0802851,-0.0756361,-0.00383875,-1.02608,-1.00386
3511,1,-0.0740073,-0.0955648,0.894011,1,1,1,5.19646,-0.109956,-0.0809626,-0.0039113,-0.922931,-0.924902
3512,1,-0.074474,-0.0911136,0.886169,1,1,1,5.19626,-0.0715585,-0.078832,-0.00398569,-0.902625,-0.947461
3513,1,-0.0749186,-0.0867046,0.877364,1,1,1,5.19559,-0.0575959,-0.0937461,-0.00398376,-0.685411,-0.857227
3514,1,-0.0753411,-0.0823422,0.86758,1,1,1,5.1954,-0.0907571,-0.078832,-0.0039689,-0.795311,-0.857227
3515,1,-0.075742,-0.0780312,0.856803,1,1,1,5.19492,-0.0715585,-0.0628525,-0.0039848,-0.921764,-0.823389
3516,1,-0.0761215,-0.0737755,0.845015,1,1,1,5.19454,-0.0837758,-0.0703096,-0.0039865,-0.789358,-0.823389
3517,1,-0.0764799,-0.0695819,0.832206,1,1,1,5.19406,-0.0680678,-0.0639178,-0.00399698,-0.811362,-0.80083
3518,1,-0.0768175,-0.065455,0.81836,1,1,1,5.19377,-0.0890118,-0.0852238,-0.00398324,-0.526454,-0.823389
3519,1,-0.0771346,-0.0614004,0.803465,1,1,1,5.19358,-0.00174533,-0.0564607,-0.00397221,-0.793698,-0.631641
3520,1,-0.0774316,-0.0574221,0.787501,1,1,1,5.1932,-0.101229,-0.0404813,-0.0039549,-0.920591,-0.609082
3521,1,-0.077709,-0.0535268,0.770459,1,1,1,5.19281,-0.0959931,-0.057526,-0.0039544,-0.687602,-0.620361
3522,1,-0.077967,-0.0497198,0.752324,1,1,1,5.19272,-0.0244346,-0.039416,-0.00395406,-0.842572,-0.665479
3523,1,-0.0782063,-0.0460057,0.733078,1,1,1,5.19233,-0.0663225,-0.0436772,-0.0039754,-0.755625,-0.778271
3524,1,-0.0784272,-0.0423907,0.712709,1,1,1,5.19233,-0.00349066,-0.0383507,-0.00399689,-0.775536,-0.902344
3525,1,-0.0786304,-0.0388803,0.691202,1,1,1,5.19214,-0.0331613,-0.0319589,-0.00405298,-0.813177,-0.868506
3526,1,-0.0788162,-0.0354805,0.668544,1,1,1,5.19185,-0.0383972,-0.0149142,-0.0041216,-0.971179,-0.891064
3527,1,-0.0789854,-0.0321974,0.644723,1,1,1,5.19176,-0.0471239,-0.00639178,-0.00421149,-1.03984,-0.947461
3528,1,-0.0791384,-0.0290352,0.619713,1,1,1,5.19166,-0.00523599,-0.01811,-0.00422666,-0.877638,-0.97002
3529,1,-0.0792759,-0.0260019,0.593515,1,1,1,5.19157,-0.0436332,-0.0351548,-0.00426101,-0.66113,-0.879785
3530,1,-0.0793986,-0.0231023,0.566104,1,1,1,5.19147,0.00872665,-0.0234365,-0.00430229,-0.763745,-0.778271
3531,1,-0.0795072,-0.0203429,0.537471,1,1,1,5.19137,0,0.00319589,-0.00436118,-1.03464,-0.845947
3532,1,-0.0796023,-0.0177296,0.507597,1,1,1,5.19128,-0.0541052,-0.01811,-0.00439491,-0.776853,-0.97002
3533,1,-0.0796847,-0.0152689,0.476471,1,1,1,5.19128,-0.00523599,-5.21845e-19,-0.00446768,-0.959849,-1.04897
3534,1,-0.0797553,-0.012967,0.444078,1,1,1,5.19118,0.020944,-0.01811,-0.00451678,-0.743431,-0.879785
3535,1,-0.0798147,-0.0108303,0.410404,1,1,1,5.19118,0,-0.0159795,-0.00454371,-0.748943,-0.947461
3536,1,-0.0798639,-0.00886504,0.375433,1,1,1,5.19118,0,-0.00426119,-0.00456503,-0.861469,-0.902344
3537,1,-0.0799036,-0.00707803,0.339152,1,1,1,5.19118,-0.0122173,-0.00745708,-0.00460424,-0.814676,-0.913623
3538,1,-0.0799349,-0.00547582,0.301549,1,1,1,5.19109,0,0.00745708,-0.00465934,-0.971647,-0.755713
3539,1,-0.0799587,-0.00406488,0.262604,1,1,1,5.19099,-0.00698132,0.0010653,-0.00466339,-0.890053,-0.936182
3540,1,-0.0799759,-0.00285201,0.222305,1,1,1,5.19109,0.00523599,0.00426119,-0.00468311,-0.918616,-1.00386
3541,1,-0.0799876,-0.00184413,0.180641,1,1,1,5.19109,0,-0.00958767,-0.00471075,-0.763443,-0.981299
3542,1,-0.0799947,-0.00104796,0.137593,1,1,1,5.19099,0.00523599,-0.0117183,-0.00466525,-0.730314,-0.755713
3543,1,-0.0799984,-0.000470471,0.0931414,1,1,1,5.19099,-0.0314159,-0.00532648,-0.00467567,-0.801196,-1.00386
3544,1,-0.0799998,-0.000118826,0.0472869,1,1,1,5.19099,0.00872665,0.00958767,-0.00469298,-0.969706,-1.00386
3545,1,-0.08,-1.35344e-12,5.09759e-06,1,1,1,5.19099,0,0.00639178,-0.00470296,-0.941099,-0.879785
3546,1,-0.08,-0,-0,1,1,1,5.19099,0,0.00639178,-0.00467035,-0.936796,-0.857227
3547,1,-0.08,-0,-0,1,1,1,5.19099,-0.0401426,0.00532648,-0.00469539,-0.928382,-0.97002
3548,1,-0.08,-0,-0,1,1,1,5.19099,0,-0.00532648,-0.00474624,-0.817912,-0.913623
3549,1,-0.08,-0,-0,1,1,1,5.19099,0.00174533,0.0149142,-0.00472324,-1.03752,-0.744434
3550,1,-0.08,-0,-0,1,1,1,5.19099,0,-0.0223712,-0.00472798,-0.62801,-0.936182
3551,1,-0.08,-0,-0,1,1,1,5.19099,0,-0.00745708,-0.00473094,-0.792457,-0.812109
3552,1,-0.08,-0,-0,1,1,1,5.19099,0,0.00426119,-0.00473963,-0.922504,-0.891064
3553,1,-0.08,-0,-0,1,1,1,5.1909,0,0.0010653,-0.00474461,-0.888007,-0.924902
3554,1,-0.08,-0,-0,1,1,1,5.1909,0.00174533,0.0010653,-0.00472391,-0.885275,-0.868506
3555,1,-0.08,-0,-0,1,1,1,5.1909,-0.00349066,-0.00426119,-0.00472404,-0.8267,-0.992578
3556,1,-0.08,-0,-0,1,1,1,5.1909,0.0226893,-0.00852238,-0.0047078,-0.777683,-0.744434
3557,1,-0.08,-0,-0,1,1,1,5.1909,0,0.00319589,-0.00471016,-0.906896,-0.857227
3558,1,-0.08,-0,-0,1,1,1,5.1909,-0.00872665,-0.00852238,-0.00468502,-0.774677,-0.845947
3559,1,-0.08,-0,-0,1,1,1,5.1909,0,-0.00639178,-0.00463155,-0.791054,-0.913623
3560,1,-0.08,-0,-0,1,1,1,5.1909,0.0139626,0.00532648,-0.00463955,-0.921012,-0.789551
3561,1,-0.08,-0,-0,1,1,1,5.1909,0,0.00639178,-0.00462438,-0.930728,-0.755713
3562,1,-0.08,-0,-0,1,1,1,5.1909,-0.0174533,0.00213059,-0.00467217,-0.890163,-1.02642
3563,1,-0.08,-0,-0,1,1,1,5.1909,0,-0.0170448,-0.00468277,-0.680633,-0.947461
3564,1,-0.08,-0,-0,1,1,1,5.1908,0,0.00213059,-0.00467792,-0.890922,-0.879785
3565,1,-0.08,-0,-0,1,1,1,5.1908,0,0.00852238,-0.00463603,-0.955702,-0.631641
3566,1,-0.08,-0,-0,1,1,1,5.1909,-0.0523599,0.00319589,-0.00465464,-0.899568,-0.845947
3567,1,-0.08,-0,-0,1,1,1,5.1908,0,0.0202406,-0.00465502,-1.08711,-0.812109
3568,1,-0.08,-0,-0,1,1,1,5.1908,-0.010472,0.00319589,-0.00467447,-0.902185,-0.97002
3569,1,-0.08,-0,-0,1,1,1,5.1908,0,-0.00532648,-0.00464229,-0.804192,-0.789551
3570,1,-0.08,-0,-0,1,1,1,5.1908,0,-0.00958767,-0.00464124,-0.757179,-0.913623
3571,1,-0.08,-0,-0,1,1,1,5.1908,-0.00349066,0.00426119,-0.00467332,-0.913751,-0.981299
3572,1,-0.08,-0,-0,1,1,1,5.1907,0,0.00319589,-0.00466957,-0.901538,-0.924902
3573,1,-0.08,-0,-0,1,1,1,5.1908,-0.00872665,0.0010653,-0.00465298,-0.875912,-0.891064
3574,1,-0.08,-0,-0,1,1,1,5.1908,0,-0.00426119,-0.00464922,-0.816824,-0.857227
3575,1,-0.08,-0,-0,1,1,1,5.1908,0,-0.00426119,-0.00467457,-0.82017,-0.97002
3576,1,-0.08,-0,-0,1,1,1,5.1907,0,0.00532648,-0.00463258,-0.920092,-0.857227
3577,1,-0.08,-0,-0,1,1,1,5.1907,-0.00872665,-0.01811,-0.00463376,-0.662446,-0.891064
3578,1,-0.08,-0,-0,1,1,1,5.1907,0,0.00745708,-0.00464871,-0.945657,-0.924902
3579,1,-0.08,-0,-0,1,1,1,5.1907,0,0.00958767,-0.00467148,-0.972099,-0.947461
3580,1,-0.08,-0,-0,1,1,1,5.1907,0,0.00852238,-0.00469115,-0.962979,-0.992578
3581,1,-0.08,-0,-0,1,1,1,5.1907,0,-0.01811,-0.00471725,-0.673467,-1.00386
3582,1,-0.08,-0,-0,1,1,1,5.1907,0,-0.0138489,-0.00471439,-0.719962,-0.924902
3583,1,-0.08,-0,-0,1,1,1,5.1907,0.00174533,5.87076e-19,-0.00471552,-0.872448,-0.789551
3584,1,-0.08,-0,-0,1,1,1,5.1907,-0.015708,-0.0117183,-0.0046638,-0.736721,-0.834668
3585,1,-0.08,-0,-0,1,1,1,5.1907,0,-0.00532648,-0.00469784,-0.811524,-0.936182
3586,1,-0.08,-0,-0,1,1,1,5.19061,0,0.00852238,-0.00472217,-0.967072,-0.857227
3587,1,-0.08,-0,-0,1,1,1,5.19061,0,0.0010653,-0.00469462,-0.881409,-0.868506
3588,1,-0.08,-0,-0,1,1,1,5.1907,0,-0.0127836,-0.00465045,-0.72324,-0.766992
3589,1,-0.08,-0,-0,1,1,1,5.19061,0,-0.00213059,-0.00462673,-0.837292,-0.823389
3590,1,-0.08,-0,-0,1,1,1,5.19061,-0.0139626,-0.0138489,-0.00461187,-0.70643,-0.823389
3591,1,-0.08,-0,-0,1,1,1,5.19061,0,-0.00532648,-0.00462402,-0.80178,-0.891064
3592,1,-0.08,-0,-0,1,1,1,5.19061,-0.00349066,-0.0010653,-0.00462011,-0.848137,-0.857227
3593,1,-0.08,-0,-0,1,1,1,5.19061,0,0.0010653,-0.0046286,-0.872693,-0.812109
3594,1,-0.08,-0,-0,1,1,1,5.19061,0,-0.00639178,-0.00459161,-0.785783,-0.891064
3595,1,-0.08,-0,-0,1,1,1,5.19061,0,-0.00426119,-0.00459486,-0.809649,-0.868506
3596,1,-0.08,-0,-0,1,1,1,5.19061,0,-0.00213059,-0.00457135,-0.829982,-0.902344
3597,1,-0.08,-0,-0,1,1,1,5.19061,-0.00523599,-0.0010653,-0.00459583,-0.844932,-0.891064
3598,1,-0.08,-0,-0,1,1,1,5.19061,0,0.0245018,-0.00462601,-1.13015,-0.857227
3599,1,-0.08,-0,-0,1,1,1,5.19051,-0.010472,-0.00319589,-0.00454764,-0.815134,-0.80083
3600,1,-0.08,-0,-0,1,1,1,5.1907,0.0122173,0.0170448,-0.00453486,-1.03609,-0.879785
3601,1,-0.08,-0,-0,1,1,1,5.19061,0,-0.0117183,-0.00453559,-0.719797,-0.823389
3602,1,-0.08,-0,-0,1,1,1,5.19061,0,-0.00852238,-0.00452892,-0.754072,-0.733154
3603,1,-0.08,-0,-0,1,1,1,5.19061,0.00174533,0.00958767,-0.00452232,-0.95241,-0.857227
3604,1,-0.08,-0,-0,1,1,1,5.19061,0,0.0127836,-0.00455862,-0.992358,-0.823389
3605,1,-0.08,-0,-0,1,1,1,5.19051,-0.00349066,0.00319589,-0.00462013,-0.895012,-0.879785
3606,1,-0.08,-0,-0,1,1,1,5.19051,0,1.56553e-18,-0.00459776,-0.856904,-0.789551
3607,1,-0.08,-0,-0,1,1,1,5.19051,-0.0331613,0.00319589,-0.00459196,-0.891294,-0.902344
3608,1,-0.08,-0,-0,1,1,1,5.19061,0.0366519,-0.00532648,-0.00458925,-0.79719,-0.812109
3609,1,-0.08,-0,-0,1,1,1,5.19051,0.0244346,-0.00852238,-0.00453473,-0.754838,-0.699316
3610,1,-0.08,-0,-0,1,1,1,5.19051,-0.0418879,6.52306e-19,-0.00453387,-0.848471,-0.823389
3611,1,-0.08,-0,-0,1,1,1,5.19051,0.00872665,0.00639178,-0.0045279,-0.917993,-0.789551
3612,1,-0.08,-0,-0,1,1,1,5.19051,0,0.00639178,-0.00453896,-0.919452,-0.857227
3613,1,-0.08,-0,-0,1,1,1,5.19051,0,0.0117183,-0.0045683,-0.981916,-0.845947
3614,1,-0.08,-0,-0,1,1,1,5.19051,0,0.00213059,-0.00459246,-0.879641,-0.936182
3615,1,-0.08,-0,-0,1,1,1,5.19051,0,-0.0159795,-0.00457456,-0.678068,-0.665479
3616,1,-0.08,-0,-0,1,1,1,5.19051,0,-0.00639178,-0.00452232,-0.776636,-0.699316
3617,1,-0.08,-0,-0,1,1,1,5.19051,0,0.0159795,-0.00454167,-1.02527,-0.868506
3618,1,-0.08,-0,-0,1,1,1,5.19051,0,-0.0308936,-0.00450998,-0.505488,-0.95874
3619,1,-0.08,-0,-0,1,1,1,5.19061,0.0174533,-0.00532648,-0.0044811,-0.782913,-0.744434
3620,1,-0.08,-0,-0,1,1,1,5.19051,0,0.0149142,-0.0044809,-1.00554,-0.823389
3621,1,-0.08,-0,-0,1,1,1,5.19051,-0.0279253,0.010653,-0.00454301,-0.96686,-0.924902
3622,1,-0.08,-0,-0,1,1,1,5.19051,0.00698132,-0.010653,-0.00449458,-0.726102,-0.812109
3623,1,-0.08,-0,-0,1,1,1,5.19051,0,-0.00532648,-0.0045065,-0.786267,-0.755713
3624,1,-0.08,-0,-0,1,1,1,5.19051,-0.0174533,-0.0138489,-0.00450166,-0.691882,-0.879785
3625,1,-0.08,-0,-0,1,1,1,5.19051,0.0174533,-0.00745708,-0.00448142,-0.75952,-0.789551
3626,1,-0.08,-0,-0,1,1,1,5.19051,0,0.0234365,-0.00452074,-1.10454,-0.823389
3627,1,-0.08,-0,-0,1,1,1,5.19042,-0.00872665,-0.00532648,-0.00454172,-0.790916,-0.789551
3628,1,-0.08,-0,-0,1,1,1,5.19042,0,-0.00532648,-0.00448884,-0.783936,-0.766992
3629,1,-0.08,-0,-0,1,1,1,5.19042,-0.0558505,-0.00532648,-0.00448742,-0.783748,-1.04897
3630,1,-0.08,-0,-0,1,1,1,5.19042,0.0349066,0.00958767,-0.00452215,-0.952389,-0.936182
3631,1,-0.08,-0,-0,1,1,1,5.19032,0,0.00213059,-0.00452941,-0.871318,-0.845947
3632,1,-0.08,-0,-0,1,1,1,5.19042,-0.00872665,0.00745708,-0.00451923,-0.928566,-0.913623
3633,1,-0.08,-0,-0,1,1,1,5.19032,-0.010472,0.00745708,-0.00451878,-0.928507,-1.01514
3634,1,-0.08,-0,-0,1,1,1,5.19042,0.0523599,-0.01811,-0.00451275,-0.646473,-0.823389
3635,1,-0.08,-0,-0,1,1,1,5.19032,0.0279253,-0.0010653,-0.00452286,-0.8353,-0.857227
3636,1,-0.08,-0,-0,1,1,1,5.19032,-0.0191986,0.0170448,-0.00456424,-1.03997,-0.857227
3637,1,-0.08,-0,-0,1,1,1,5.19022,-0.0174533,0.010653,-0.00462911,-0.978225,-0.992578
3638,1,-0.08,-0,-0,1,1,1,5.19022,0,-0.00213059,-0.00459317,-0.832862,-0.902344
3639,1,-0.08,-0,-0,1,1,1,5.19022,0,0.00426119,-0.00460621,-0.904893,-0.845947
3640,1,-0.08,-0,-0,1,1,1,5.19022,0,-0.00852238,-0.0045867,-0.761699,-0.812109
3641,1,-0.08,-0,-0,1,1,1,5.19022,0,-0.00319589,-0.00460915,-0.823253,-0.902344
3642,1,-0.08,-0,-0,1,1,1,5.19022,0,-0.00639178,-0.00459277,-0.785936,-0.733154
3643,1,-0.08,-0,-0,1,1,1,5.19013,0,0.00852238,-0.00461223,-0.952561,-0.992578
3644,1,-0.08,-0,-0,1,1,1,5.19013,0,-0.0138489,-0.00458926,-0.703444,-0.924902
3645,1,-0.08,-0,-0,1,1,1,5.19022,0.010472,-0.00319589,-0.0046137,-0.823854,-0.924902
3646,1,-0.0799999,5.93951e-05,0.0236399,1,1,1,5.19013,0,-0.00639178,-0.00458419,-0.780729,-0.812109
3647,1,-0.0799992,0.000235194,0.0465667,1,1,1,5.19013,0,0.010653,-0.00458967,-0.96354,-0.981299
3648,1,-0.0799974,0.000523886,0.0687902,1,1,1,5.19022,0.0279253,-0.01811,-0.0045781,-0.63893,-0.845947
3649,1,-0.0799938,0.000921954,0.0903154,1,1,1,5.19013,0.00872665,0.00852238,-0.00463731,-0.931767,-1.0377
3650,1,-0.079988,0.00142592,0.111149,1,1,1,5.19003,0,0.00745708,-0.00460003,-0.905991,-0.879785
3651,1,-0.0799794,0.00203227,0.131297,1,1,1,5.19013,-0.0191986,-0.00426119,-0.0045966,-0.766339,-0.80083
3652,1,-0.0799675,0.00273765,0.150768,1,1,1,5.19013,0,-0.00852238,-0.00456404,-0.703748,-0.721875
3653,1,-0.0799518,0.00353889,0.169573,1,1,1,5.19013,0,-0.00426119,-0.00450986,-0.730968,-0.789551
3654,1,-0.0799319,0.00443224,0.187711,1,1,1,5.19013,0,0.0127836,-0.00451161,-0.905152,-0.812109
3655,1,-0.0799074,0.00541487,0.205198,1,1,1,5.19013,0,0.00745708,-0.00447899,-0.827711,-0.665479
3656,1,-0.0798776,0.00648318,0.222035,1,1,1,5.19013,-0.00698132,0.0138489,-0.00446767,-0.881023,-0.755713
3657,1,-0.0798424,0.00763419,0.238232,1,1,1,5.19013,0,0.00426119,-0.00444626,-0.756304,-0.879785
3658,1,-0.0798012,0.00886448,0.253794,1,1,1,5.19013,0.0261799,-0.00745708,-0.00437312,-0.600435,-0.676758
3659,1,-0.0797536,0.0101711,0.268731,1,1,1,5.19013,0,0.00319589,-0.00434667,-0.695966,-0.733154
3660,1,-0.0796993,0.0115507,0.283048,1,1,1,5.19013,0,0.0255671,-0.00435312,-0.92393,-0.733154
3661,1,-0.079638,0.0130006,0.296754,1,1,1,5.19013,0,-0.00213059,-0.00429077,-0.591276,-0.744434
3662,1,-0.0795692,0.0145174,0.309855,1,1,1,5.19013,0.00349066,-0.00852238,-0.00424641,-0.494628,-0.665479
3663,1,-0.0794927,0.0160981,0.322357,1,1,1,5.19013,0.00872665,0.00426119,-0.00415735,-0.602307,-0.665479
3664,1,-0.0794081,0.0177399,0.334269,1,1,1,5.19013,0,0.00745708,-0.00410729,-0.609005,-0.654199
3665,1,-0.0793152,0.0194397,0.345598,1,1,1,5.19013,0,0.0191753,-0.00406054,-0.709255,-0.552686
3666,1,-0.0792136,0.0211949,0.356352,1,1,1,5.19013,0,-0.00639178,-0.00392509,-0.387056,-0.631641
3667,1,-0.0791032,0.0230023,0.366536,1,1,1,5.19022,0,0.0117183,-0.00382244,-0.549077,-0.406055
3668,1,-0.0789835,0.0248593,0.376159,1,1,1,5.19022,0.00872665,0.0149142,-0.00373012,-0.547877,-0.47373
3669,1,-0.0788545,0.0267632,0.385228,1,1,1,5.19022,0,0.0127836,-0.00363398,-0.487082,-0.48501
3670,1,-0.0787158,0.0287107,0.393749,1,1,1,5.19022,0.0226893,-0.00852238,-0.00349572,-0.209339,-0.3271
3671,1,-0.0785673,0.0306994,0.401729,1,1,1,5.19032,0,-0.010653,-0.00336749,-0.143423,-0.406055
3672,1,-0.0784088,0.0327269,0.409178,1,1,1,5.19032,0.0122173,0.0351548,-0.0032328,-0.603575,-0.304541
3673,1,-0.07824,0.0347905,0.416101,1,1,1,5.19032,-0.00872665,0.010653,-0.00306075,-0.284464,-0.203027
3674,1,-0.0780608,0.0368872,0.422506,1,1,1,5.19042,0,-0.0010653,-0.00292225,-0.11056,-0.270703
3675,1,-0.0778711,0.0390146,0.428399,1,1,1,5.19042,0.015708,-0.0010653,-0.00281961,-0.0706636,-0.293262
3676,1,-0.0776706,0.0411705,0.433789,1,1,1,5.19042,0,0.0149142,-0.00266186,-0.198371,-0.259424
3677,1,-0.0774593,0.0433518,0.438681,1,1,1,5.19051,0,0.00745708,-0.00244276,-0.056816,-0.0789551
3678,1,-0.0772371,0.0455563,0.443084,1,1,1,5.19051,0,-0.00213059,-0.00230427,0.0934226,-0.225586
3679,1,-0.0770037,0.047782,0.447005,1,1,1,5.19061,0.0174533,0.00639178,-0.00211976,0.055517,-0.146631
3680,1,-0.0767592,0.0500255,0.450449,1,1,1,5.19061,0.0122173,0.00745708,-0.00190168,0.105432,-0.0563965
3681,1,-0.0765034,0.0522855,0.453427,1,1,1,5.1907,0.00872665,0.0159795,-0.00172513,0.0670337,-0.0902344
3682,1,-0.0762363,0.0545592,0.455943,1,1,1,5.1908,0.0244346,0.0170448,-0.0015147,0.11697,0.0338379
3683,1,-0.0759578,0.0568441,0.458006,1,1,1,5.1908,0,0.0319589,-0.00131345,0.0135789,0.0451172
3684,1,-0.0756679,0.0591383,0.459623,1,1,1,5.1909,0.015708,0.0458078,-0.00112926,-0.0807936,0.0451172
3685,1,-0.0753664,0.0614397,0.4608,1,1,1,5.19099,0.00872665,0.00319589,-0.000883893,0.456003,0.0902344
3686,1,-0.0750535,0.0637459,0.461545,1,1,1,5.19118,0.0366519,0.0149142,-0.000690782,0.388775,0.135352
3687,1,-0.074729,0.0660545,0.461866,1,1,1,5.19137,0.0349066,0.0447425,-0.000529073,0.117585,0.203027
3688,1,-0.0743929,0.0683638,0.461768,1,1,1,5.19137,0.015708,0.0415466,-0.000341885,0.213199,0.31582
3689,1,-0.0740453,0.0706715,0.461261,1,1,1,5.19166,0,0.0479384,-0.000181455,0.199448,0.248145
3690,1,-0.0736862,0.0729758,0.46035,1,1,1,5.19185,0.0942478,0.0415466,-3.94201e-05,0.323114,0.383496
3691,1,-0.0733156,0.0752741,0.459044,1,1,1,5.19214,0.0471239,0.0564607,0.000131142,0.218281,0.462451
3692,1,-0.0729335,0.0775655,0.457348,1,1,1,5.19233,0.0314159,0.0340895,0.000254989,0.514291,0.338379
3693,1,-0.0725399,0.0798473,0.455271,1,1,1,5.19272,0.109956,0.0308936,0.000421567,0.608075,0.383496
3694,1,-0.072135,0.0821175,0.452819,1,1,1,5.19291,0.0383972,0.0777667,0.000524814,0.141539,0.31582
3695,1,-0.0717188,0.0843749,0.45,1,1,1,5.1932,0.0471239,0.0703096,0.000624079,0.270148,0.270703
3696,1,-0.0712913,0.0866169,0.446822,1,1,1,5.19348,0.0680678,0.0607219,0.000731492,0.423497,0.338379
3697,1,-0.0708527,0.0888423,0.44329,1,1,1,5.19387,0.0785398,0.0809626,0.000796604,0.242602,0.372217
3698,1,-0.0704029,0.0910494,0.439413,1,1,1,5.19406,0.0401426,0.068179,0.000945137,0.43862,0.31582
3699,1,-0.0699422,0.093236,0.435197,1,1,1,5.19473,0.0523599,0.0713749,0.0010754,0.455569,0.349658
3700,1,-0.0694706,0.0954005,0.430651,1,1,1,5.19492,0.101229,0.0809626,0.00114083,0.391457,0.31582
3701,1,-0.0689882,0.0975419,0.42578,1,1,1,5.1954,0.0872665,0.068179,0.00119266,0.570194,0.394775
3702,1,-0.0684952,0.0996581,0.420592,1,1,1,5.19578,0.0837758,0.0862891,0.00129565,0.419522,0.417334
3703,1,-0.0679917,0.101747,0.415095,1,1,1,5.19626,0.0785398,0.0841585,0.00143587,0.497395,0.541406
3704,1,-0.0674778,0.103808,0.409296,1,1,1,5.19674,0.102974,0.0894849,0.00144051,0.468396,0.360938
3705,1,-0.0669536,0.10584,0.4032,1,1,1,5.19722,0.167552,0.0894849,0.00150176,0.50775,0.338379
3706,1,-0.0664194,0.10784,0.396818,1,1,1,5.1977,0.0750492,0.0948114,0.00155202,0.486338,0.372217
3707,1,-0.0658754,0.109807,0.390155,1,1,1,5.19837,0.129154,0.112921,0.00156101,0.317271,0.270703
3708,1,-0.0653215,0.111741,0.383218,1,1,1,5.19885,0.137881,0.131032,0.00152136,0.139174,0.281982
3709,1,-0.064758,0.113639,0.376014,1,1,1,5.19943,0.10821,0.113987,0.0014602,0.341875,0.191748
3710,1,-0.0641852,0.115501,0.368552,1,1,1,5.2,0.113446,0.128901,0.0014034,0.194157,0.146631
3711,1,-0.063603,0.117324,0.360836,1,1,1,5.20077,0.125664,0.123574,0.00136268,0.270522,0.236865
3712,1,-0.0630119,0.119109,0.352876,1,1,1,5.20125,0.13439,0.129966,0.00130121,0.214353,0.203027
3713,1,-0.062412,0.120853,0.344679,1,1,1,5.20192,0.151844,0.136358,0.00120802,0.150312,0.101514
3714,1,-0.0618035,0.122555,0.336252,1,1,1,5.2025,0.13439,0.120379,0.00121023,0.349136,0.180469
3715,1,-0.0611865,0.124215,0.327601,1,1,1,5.20326,0.102974,0.128901,0.00116736,0.26986,0.270703
3716,1,-0.0605614,0.125831,0.318734,1,1,1,5.20365,0.123918,0.134227,0.00115852,0.230753,0.383496
3717,1,-0.0599283,0.127402,0.309659,1,1,1,5.20441,0.111701,0.131032,0.00119102,0.293166,0.406055
3718,1,-0.0592875,0.128927,0.300382,1,1,1,5.20499,0.139626,0.120379,0.00116582,0.429383,0.3271
3719,1,-0.0586391,0.130405,0.290911,1,1,1,5.20576,0.143117,0.135293,0.00121147,0.290494,0.451172
3720,1,-0.0579835,0.131836,0.281251,1,1,1,5.20614,0.0575959,0.14275,0.00117789,0.225204,0.281982
3721,1,-0.0573209,0.133217,0.271413,1,1,1,5.207,0.125664,0.127836,0.00130806,0.427722,0.563965
3722,1,-0.0566514,0.13455,0.2614,1,1,1,5.20739,0.0750492,0.133162,0.00129936,0.390609,0.406055
3723,1,-0.0559754,0.135831,0.251223,1,1,1,5.20825,0.0994838,0.121444,0.00135968,0.547985,0.462451
3724,1,-0.0552932,0.137062,0.240888,1,1,1,5.20863,0.13439,0.119313,0.00139632,0.595716,0.394775
3725,1,-0.0546048,0.13824,0.230401,1,1,1,5.20949,0.150098,0.137423,0.00148615,0.430834,0.631641
3726,1,-0.0539109,0.139365,0.219771,1,1,1,5.20997,0.106465,0.12677,0.00157963,0.581604,0.541406
3727,1,-0.0532114,0.140437,0.209003,1,1,1,5.21074,0.111701,0.132097,0.00158541,0.540963,0.552686
3728,1,-0.0525066,0.141455,0.198106,1,1,1,5.21112,0.136136,0.122509,0.00164152,0.67162,0.575244
3729,1,-0.0517968,0.142418,0.187086,1,1,1,5.21208,0.115192,0.145946,0.00172614,0.444498,0.676758
3730,1,-0.0510825,0.143326,0.175951,1,1,1,5.21256,0.127409,0.140619,0.00178503,0.52776,0.541406
3731,1,-0.0503637,0.144177,0.164709,1,1,1,5.21323,0.122173,0.139554,0.00179974,0.555018,0.48501
3732,1,-0.0496408,0.144973,0.153366,1,1,1,5.21381,0.143117,0.138489,0.00185846,0.590532,0.552686
3733,1,-0.0489141,0.145711,0.141928,1,1,1,5.21458,0.0890118,0.113987,0.00195509,0.889384,0.609082
3734,1,-0.0481838,0.146392,0.130404,1,1,1,5.21525,0.198968,0.128901,0.00206122,0.757397,0.80083
3735,1,-0.0474502,0.147015,0.118801,1,1,1,5.21582,0.127409,0.134227,0.00215475,0.72821,0.744434
3736,1,-0.0467137,0.14758,0.107126,1,1,1,5.21649,0.141372,0.141684,0.00218597,0.664503,0.654199
3737,1,-0.0459745,0.148086,0.095387,1,1,1,5.21726,0.132645,0.147011,0.00224601,0.627277,0.64292
3738,1,-0.045233,0.148534,0.0835907,1,1,1,5.21784,0.155334,0.14488,0.00223737,0.659321,0.609082
3739,1,-0.0444893,0.148922,0.0717424,1,1,1,5.2186,0.172788,0.150207,0.00227517,0.617378,0.789551
3740,1,-0.0437439,0.149251,0.0598516,1,1,1,5.21918,0.0942478,0.12677,0.00231683,0.890995,0.721875
3741,1,-0.0429969,0.14952,0.0479245,1,1,1,5.22014,0.172788,0.135293,0.00235122,0.81206,0.597803
3742,1,-0.0422487,0.14973,0.035969,1,1,1,5.22062,0.148353,0.12677,0.00240214,0.922116,0.721875
3743,1,-0.0414997,0.14988,0.0239918,1,1,1,5.22157,0.162316,0.145946,0.00245565,0.728764,0.857227
3744,1,-0.04075,0.14997,0.0120003,1,1,1,5.22205,0.113446,0.156599,0.00250025,0.62703,0.823389
3745,1,-0.0400001,0.15,8.304e-07,1,1,1,5.22292,0.0733038,0.132097,0.00249108,0.899641,0.507568
3746,1,-0.0392501,0.14997,-0.0119975,1,1,1,5.22349,0.211185,0.153403,0.00243909,0.662288,0.609082
3747,1,-0.0385005,0.14988,-0.0239888,1,1,1,5.22436,0.123918,0.158729,0.00243941,0.608622,0.665479
3748,1,-0.0377515,0.14973,-0.035966,1,1,1,5.22512,0.188496,0.140619,0.00244691,0.812355,0.744434
3749,1,-0.0370033,0.14952,-0.0479216,1,1,1,5.22608,0.172788,0.155533,0.00245124,0.652579,0.766992
3750,1,-0.0362563,0.149251,-0.0598488,1,1,1,5.22666,0.148353,0.169382,0.00241478,0.49637,0.812109
3751,1,-0.0355109,0.148922,-0.0717393,1,1,1,5.22752,0.129154,0.166186,0.00240077,0.530333,0.699316
3752,1,-0.0347672,0.148534,-0.0835876,1,1,1,5.22829,0.188496,0.159795,0.00230704,0.584049,0.597803
3753,1,-0.0340256,0.148086,-0.0953851,1,1,1,5.22905,0.198968,0.170448,0.00223512,0.45376,0.64292
3754,1,-0.0332865,0.14758,-0.107124,1,1,1,5.22972,0.106465,0.157664,0.00217239,0.581119,0.563965
3755,1,-0.0325499,0.147015,-0.118799,1,1,1,5.23068,0.155334,0.16299,0.00209988,0.507435,0.597803
3756,1,-0.0318164,0.146392,-0.130402,1,1,1,5.23126,0.150098,0.148076,0.00204254,0.65717,0.597803
3757,1,-0.0310861,0.145711,-0.141926,1,1,1,5.23222,0.158825,0.143815,0.0020058,0.692378,0.507568
3758,1,-0.0303594,0.144973,-0.153361,1,1,1,5.23279,0.162316,0.151272,0.00199231,0.603253,0.609082
3759,1,-0.0296364,0.144178,-0.164707,1,1,1,5.23375,0.115192,0.138489,0.00198799,0.73664,0.699316
3760,1,-0.0289178,0.143326,-0.175948,1,1,1,5.23433,0.151844,0.139554,0.00194487,0.707176,0.699316
3761,1,-0.0282033,0.142418,-0.187084,1,1,1,5.23519,0.18675,0.153403,0.00189692,0.535782,0.586523
3762,1,-0.0274936,0.141455,-0.198104,1,1,1,5.23586,0.125664,0.148076,0.00184942,0.574714,0.530127
3763,1,-0.0267889,0.140438,-0.209,1,1,1,5.23663,0.176278,0.120379,0.00184041,0.864161,0.597803
3764,1,-0.0260893,0.139366,-0.219768,1,1,1,5.2373,0.125664,0.118248,0.00182645,0.871058,0.654199
3765,1,-0.0253953,0.13824,-0.230398,1,1,1,5.23816,0.197222,0.158729,0.00181081,0.40837,0.778271
3766,1,-0.024707,0.137062,-0.240885,1,1,1,5.23854,0.0558505,0.14275,0.00179714,0.566386,0.575244
3767,1,-0.0240247,0.135831,-0.251222,1,1,1,5.2395,0.141372,0.14488,0.00174988,0.520135,0.47373
3768,1,-0.0233488,0.13455,-0.261398,1,1,1,5.23989,0.127409,0.145946,0.00175347,0.491705,0.48501
3769,1,-0.0226793,0.133218,-0.27141,1,1,1,5.24094,0.0715585,0.12677,0.00178277,0.68872,0.721875
3770,1,-0.0220167,0.131836,-0.281249,1,1,1,5.24142,0.181514,0.145946,0.00175319,0.455531,0.518848
3771,1,-0.0213611,0.130406,-0.290908,1,1,1,5.24209,0.0907571,0.115052,0.00172835,0.77312,0.518848
3772,1,-0.0207127,0.128927,-0.30038,1,1,1,5.24276,0.18326,0.110791,0.00173632,0.801559,0.530127
3773,1,-0.0200719,0.127402,-0.309656,1,1,1,5.24353,0.188496,0.14275,0.0017899,0.437046,0.665479
3774,1,-0.0194388,0.125831,-0.318732,1,1,1,5.2442,0.10821,0.140619,0.0017763,0.438103,0.507568
3775,1,-0.0188136,0.124215,-0.327599,1,1,1,5.24478,0.125664,0.112921,0.00169489,0.710025,0.338379
3776,1,-0.0181967,0.122556,-0.336249,1,1,1,5.24526,0.136136,0.132097,0.00163954,0.470855,0.48501
3777,1,-0.0175882,0.120853,-0.344677,1,1,1,5.24602,0.113446,0.135293,0.00161612,0.410729,0.507568
3778,1,-0.0169882,0.119109,-0.352874,1,1,1,5.2466,0.10821,0.140619,0.00158215,0.325071,0.428613
3779,1,-0.0163972,0.117325,-0.360834,1,1,1,5.24717,0.0994838,0.117183,0.00155771,0.556598,0.428613
3780,1,-0.015815,0.115501,-0.368549,1,1,1,5.24775,0.144862,0.109726,0.00158996,0.619386,0.563965
3781,1,-0.0152422,0.11364,-0.376012,1,1,1,5.24832,0.0959931,0.113987,0.00160049,0.549985,0.552686
3782,1,-0.0146787,0.111741,-0.383216,1,1,1,5.2488,0.0959931,0.0926808,0.00163805,0.764974,0.552686
3783,1,-0.0141248,0.109808,-0.390153,1,1,1,5.24947,0.113446,0.0852238,0.00167067,0.826576,0.563965
3784,1,-0.0135807,0.10784,-0.396816,1,1,1,5.24976,0.0942478,0.096942,0.00174178,0.68195,0.699316
3785,1,-0.0130465,0.10584,-0.403199,1,1,1,5.25043,0.0628319,0.0905502,0.00177383,0.731021,0.586523
3786,1,-0.0125223,0.103809,-0.409294,1,1,1,5.25082,0.122173,0.0980073,0.00177893,0.623855,0.530127
3787,1,-0.0120084,0.101748,-0.415094,1,1,1,5.25139,0.125664,0.10653,0.00179477,0.506056,0.654199
3788,1,-0.0115049,0.0996586,-0.420591,1,1,1,5.25177,0.0575959,0.109726,0.00179331,0.444272,0.676758
3789,1,-0.0110119,0.0975425,-0.425778,1,1,1,5.25235,0.0628319,0.0916155,0.00178914,0.616208,0.406055
3790,1,-0.0105295,0.0954012,-0.430649,1,1,1,5.25273,0.143117,0.109726,0.00177695,0.388394,0.496289
3791,1,-0.0100579,0.0932366,-0.435196,1,1,1,5.25321,0.0453786,0.104399,0.00176226,0.417818,0.530127
3792,1,-0.0095972,0.0910498,-0.439412,1,1,1,5.2536,0.101229,0.104399,0.00177689,0.392292,0.563965
3793,1,-0.00914743,0.0888428,-0.443289,1,1,1,5.25408,0.0698132,0.0777667,0.0018124,0.662277,0.744434
3794,1,-0.00870884,0.0866177,-0.44682,1,1,1,5.25456,0.0820305,0.0841585,0.0018342,0.567016,0.654199
3795,1,-0.00828129,0.0843752,-0.45,1,1,1,5.25503,0.0890118,0.0958767,0.0018648,0.414161,0.654199
3796,1,-0.00786507,0.0821181,-0.452818,1,1,1,5.25532,0.0593412,0.0841585,0.00184209,0.511931,0.496289
3797,1,-0.0074601,0.0798475,-0.45527,1,1,1,5.2558,0.0994838,0.0756361,0.00184373,0.577668,0.47373
3798,1,-0.0070666,0.077566,-0.457347,1,1,1,5.25609,0.0593412,0.0798973,0.00184218,0.502266,0.451172
3799,1,-0.00668451,0.0752749,-0.459043,1,1,1,5.25647,0.0593412,0.0735055,0.00183495,0.543242,0.462451
3800,1,-0.00631388,0.0729763,-0.46035,1,1,1,5.25666,0.0715585,0.0468731,0.00186185,0.811335,0.507568
3801,1,-0.00595474,0.070672,-0.461261,1,1,1,5.25714,0.0488692,0.0521996,0.00191821,0.731747,0.631641
3802,1,-0.00560716,0.0683643,-0.461768,1,1,1,5.25724,0.0506145,0.0415466,0.00198852,0.829795,0.744434
3803,1,-0.00527112,0.0660551,-0.461866,1,1,1,5.25762,0.0366519,0.0767014,0.00205438,0.423409,0.530127
3804,1,-0.00494657,0.0637461,-0.461545,1,1,1,5.25791,0.0820305,0.0372854,0.00212642,0.838181,0.620361
3805,1,-0.00463363,0.0614402,-0.4608,1,1,1,5.2582,0.0471239,0.0266324,0.00218021,0.934246,0.631641
3806,1,-0.00433218,0.059139,-0.459623,1,1,1,5.25829,0.0558505,0.0564607,0.00224763,0.586933,0.733154
3807,1,-0.00404224,0.0568448,-0.458007,1,1,1,5.25858,0.0314159,0.0596566,0.00233526,0.535398,0.845947
3808,1,-0.00376374,0.0545598,-0.455944,1,1,1,5.25887,0.0401426,0.0191753,0.00241888,0.96396,0.766992
3809,1,-0.00349661,0.052286,-0.453427,1,1,1,5.25906,0.0872665,0.0671137,0.00246847,0.415611,0.789551
3810,1,-0.00324083,0.0500261,-0.45045,1,1,1,5.25916,0.00872665,0.0490037,0.00250221,0.591941,0.597803
3811,1,-0.00299632,0.0477823,-0.447005,1,1,1,5.25944,0.0418879,0.0585913,0.00256655,0.467899,0.631641
3812,1,-0.00276299,0.045557,-0.443085,1,1,1,5.25954,0.0174533,0.0276977,0.00260671,0.786251,0.552686
3813,1,-0.00254074,0.0433524,-0.438682,1,1,1,5.25973,0.0750492,0.0298283,0.00267962,0.745984,0.688037
3814,1,-0.00232943,0.041171,-0.43379,1,1,1,5.25992,0.0314159,0.0255671,0.00273949,0.774659,0.64292
3815,1,-0.00212898,0.0390153,-0.428401,1,1,1,5.26002,0.0401426,0.0468731,0.0027508,0.516076,0.676758
3816,1,-0.00193925,0.036888,-0.422508,1,1,1,5.26012,0.0174533,0.0255671,0.00279993,0.731623,0.676758
3817,1,-0.00176004,0.034791,-0.416103,1,1,1,5.26031,0.0349066,0.01811,0.00281734,0.791107,0.676758
3818,1,-0.00159126,0.0327276,-0.40918,1,1,1,5.2604,0,0.0351548,0.00288468,0.588139,0.688037
3819,1,-0.00143271,0.0307002,-0.401732,1,1,1,5.2605,0,0.00852238,0.0029625,0.867521,0.744434
3820,1,-0.0012842,0.0287113,-0.393751,1,1,1,5.26069,0.0575959,0.0010653,0.00301403,0.933051,0.665479
3821,1,-0.00114553,0.0267636,-0.38523,1,1,1,5.26079,0.0436332,0.0234365,0.00307649,0.672498,0.710596
3822,1,-0.00101649,0.0248598,-0.376161,1,1,1,5.26079,0,0.0202406,0.00313246,0.69294,0.665479
3823,1,-0.000896849,0.0230028,-0.366539,1,1,1,5.26088,0,0.00532648,0.00315492,0.838514,0.755713
3824,1,-0.000786385,0.0211954,-0.356355,1,1,1,5.26088,0.0523599,0.0191753,0.00319871,0.671199,0.857227
3825,1,-0.00068481,0.0194402,-0.345601,1,1,1,5.26098,0,0.00319589,0.00328853,0.838794,0.834668
3826,1,-0.000591883,0.0177403,-0.334272,1,1,1,5.26107,0,0.00319589,0.00332713,0.824613,0.665479
3827,1,-0.000507309,0.0160984,-0.322359,1,1,1,5.26117,0.015708,0.00532648,0.0033702,0.788382,0.688037
3828,1,-0.000430801,0.0145177,-0.309858,1,1,1,5.26117,0,0.0191753,0.00337475,0.619001,0.721875
3829,1,-0.000362032,0.0130009,-0.296757,1,1,1,5.26117,0,0.010653,0.00336186,0.69427,0.665479
3830,1,-0.000300675,0.011551,-0.283051,1,1,1,5.26117,0,0.0170448,0.00337307,0.609572,0.710596
3831,1,-0.000246401,0.0101714,-0.268734,1,1,1,5.26117,0,0.0127836,0.00340855,0.646208,0.688037
3832,1,-0.000198838,0.00886469,-0.253797,1,1,1,5.26127,0,0.0202406,0.00344147,0.554591,0.609082
3833,1,-0.000157624,0.00763437,-0.238235,1,1,1,5.26127,-0.0279253,0.00213059,0.00347079,0.744763,0.812109
3834,1,-0.000122366,0.00648353,-0.22204,1,1,1,5.26127,0,-0.0149142,0.00349985,0.924248,0.710596
3835,1,-9.26547e-05,0.00541518,-0.205203,1,1,1,5.26127,0.00872665,-0.00319589,0.00352784,0.788303,0.789551
3836,1,-6.80716e-05,0.0044326,-0.187718,1,1,1,5.26127,0,0.0127836,0.00353358,0.603693,0.733154
3837,1,-4.81797e-05,0.00353907,-0.169577,1,1,1,5.26127,0,0.00639178,0.00357987,0.671705,0.699316
3838,1,-3.25263e-05,0.0027379,-0.150774,1,1,1,5.26127,0,-0.0170448,0.00353849,0.916866,0.676758
3839,1,-2.06417e-05,0.00203248,-0.131303,1,1,1,5.26136,0.0279253,-0.0010653,0.0035482,0.736465,0.733154
3840,1,-1.20366e-05,0.00142599,-0.111152,1,1,1,5.26127,-0.00872665,-0.00426119,0.00357396,0.770422,0.80083
3841,1,-6.21029e-06,0.000922058,-0.0903203,1,1,1,5.26127,-0.00872665,0.00532648,0.00356757,0.660873,0.688037
3842,1,-2.64004e-06,0.000523977,-0.0687959,1,1,1,5.26127,0,-0.0138489,0.00352719,0.864627,0.789551
3843,1,-7.8826e-07,0.000235266,-0.0465737,1,1,1,5.26136,0.020944,0.0117183,0.00352242,0.582358,0.699316
3844,1,-9.9292e-08,5.94176e-05,-0.0236444,1,1,1,5.26127,0,-0.0159795,0.00350279,0.885526,0.64292
3845,1,0,5.3717e-13,-2.2704e-06,1,1,1,5.26136,0.0122173,-3.26153e-19,0.00351,0.71332,0.778271
3846,1,0,0,0,1,1,1,5.26136,0,0.00532648,0.00349151,0.652288,0.665479
3847,1,0,0,0,1,1,1,5.26136,0,-0.00426119,0.0034881,0.757302,0.710596
3848,1,0,0,0,1,1,1,5.26136,0,0.01811,0.00344606,0.505669,0.676758
3849,1,0,0,0,1,1,1,5.26127,-0.0174533,0.00319589,0.00344893,0.670103,0.507568
3850,1,0,0,0,1,1,1,5.26127,0.0122173,0.00426119,0.0034395,0.657141,0.733154
3851,1,0,0,0,1,1,1,5.26127,0,0.00852238,0.00346143,0.613162,0.80083
3852,1,0,0,0,1,1,1,5.26127,-0.0331613,0.00319589,0.00346711,0.672504,0.586523
3853,1,0,0,0,1,1,1,5.26136,-0.020944,0.00639178,0.0034212,0.631288,0.609082
3854,1,0,0,0,1,1,1,5.26136,0.015708,0.00958767,0.003397,0.59294,0.721875
3855,1,0,0,0,1,1,1,5.26136,0.00349066,0.0127836,0.00341615,0.560313,0.868506
3856,1,0,0,0,1,1,1,5.26136,-0.00872665,0.0010653,0.00340462,0.687691,0.721875
3857,1,0,0,0,1,1,1,5.26136,0,-0.00213059,0.00340158,0.722446,0.744434
3858,1,0,0,0,1,1,1,5.26136,0,0.00426119,0.00337807,0.649033,0.631641
3859,1,0,0,0,1,1,1,5.26136,0,0.0127836,0.00335553,0.552311,0.620361
3860,1,0,0,0,1,1,1,5.26136,0,-0.00532648,0.00333757,0.74915,0.620361
3861,1,0,0,0,1,1,1,5.26136,0,0.0159795,0.00326797,0.505598,0.665479
3862,1,0,0,0,1,1,1,5.26127,-0.00174533,0.00426119,0.00330901,0.639916,0.857227
3863,1,0,0,0,1,1,1,5.26136,0,0.00213059,0.00336071,0.670178,0.879785
3864,1,0,0,0,1,1,1,5.26136,-0.0261799,0.00532648,0.00331152,0.628529,0.586523
3865,1,0,0,0,1,1,1,5.26136,0,-0.010653,0.00323774,0.794565,0.48501
3866,1,0,0,0,1,1,1,5.26136,0.0261799,0.00213059,0.00321781,0.651315,0.721875
3867,1,0,0,0,1,1,1,5.26136,0,-0.00426119,0.00321326,0.721023,0.654199
3868,1,0,0,0,1,1,1,5.26136,-0.0174533,0.00213059,0.00315533,0.643067,0.597803
3869,1,0,0,0,1,1,1,5.26136,0.00872665,0.00745708,0.00312957,0.581075,0.665479
3870,1,0,0,0,1,1,1,5.26136,0,0.00213059,0.00311622,0.637905,0.609082
3871,1,0,0,0,1,1,1,5.26136,0.0174533,0.0127836,0.00313566,0.523288,0.857227
3872,1,0,0,0,1,1,1,5.26136,-0.0471239,0.0010653,0.00312311,0.650532,0.48501
3873,1,0,0,0,1,1,1,5.26136,0,0.0138489,0.0031026,0.507206,0.688037
3874,1,0,0,0,1,1,1,5.26136,0,0.010653,0.00309714,0.54164,0.631641
3875,1,0,0,0,1,1,1,5.26136,-0.00872665,-0.0138489,0.00308965,0.810171,0.563965
3876,1,0,0,0,1,1,1,5.26136,0.00872665,-2.15261e-18,0.00305771,0.653618,0.64292
3877,1,0,0,0,1,1,1,5.26136,0,-0.00532648,0.0030833,0.715587,0.586523
3878,1,0,0,0,1,1,1,5.26136,0,-0.0010653,0.00308474,0.668904,0.462451
3879,1,0,0,0,1,1,1,5.26136,0,-0.0330242,0.00305508,1.01654,0.552686
3880,1,0,0,0,1,1,1,5.26136,0,-0.00426119,0.00302544,0.696231,0.631641
3881,1,0,0,0,1,1,1,5.26136,0.00872665,0.0351548,0.00302836,0.263041,0.64292
3882,1,0,0,0,1,1,1,5.26136,-0.0191986,0.010653,0.00303399,0.533305,0.631641
3883,1,0,0,0,1,1,1,5.26136,-0.0174533,0.0010653,0.00301694,0.636518,0.64292
3884,1,0,0,0,1,1,1,5.26136,0,0.00639178,0.00299486,0.575012,0.597803
3885,1,0,0,0,1,1,1,5.26136,0,-0.0138489,0.00301874,0.800811,0.609082
3886,1,0,0,0,1,1,1,5.26146,0,-0.0138489,0.00303597,0.803085,0.778271
3887,1,0,0,0,1,1,1,5.26146,0.00872665,-0.01811,0.00300527,0.845906,0.563965
3888,1,0,0,0,1,1,1,5.26136,0,6.52306e-20,0.00302905,0.649834,0.48501
3889,1,0,0,0,1,1,1,5.26146,0,0.00745708,0.002996,0.563444,0.688037
3890,1,0,0,0,1,1,1,5.26136,0,-0.00213059,0.00302217,0.672362,0.676758
3891,1,0,0,0,1,1,1,5.26146,-0.00174533,-0.00532648,0.00301268,0.706265,0.620361
3892,1,0,0,0,1,1,1,5.26146,0,0.0298283,0.00302347,0.320986,0.64292
3893,1,0,0,0,1,1,1,5.26136,-0.0296706,0.0159795,0.00301924,0.472766,0.812109
3894,1,0,0,0,1,1,1,5.26146,-0.0191986,0.00319589,0.00295361,0.604721,0.552686
3895,1,0,0,0,1,1,1,5.26136,0.00349066,-0.0127836,0.0029173,0.775703,0.552686
3896,1,0,0,0,1,1,1,5.26136,0,0.0245018,0.00285832,0.357778,0.462451
3897,1,0,0,0,1,1,1,5.26136,0,-0.00426119,0.00285458,0.673678,0.552686
3898,1,0,0,0,1,1,1,5.26146,0,0.00532648,0.00282592,0.56443,0.586523
3899,1,0,0,0,1,1,1,5.26136,0,3.26153e-19,0.00281692,0.621833,0.699316
3900,1,0,0,0,1,1,1,5.26136,0,-0.00745708,0.0027975,0.701298,0.575244
3901,1,0,0,0,1,1,1,5.26136,0,0.00213059,0.00277724,0.593159,0.64292
3902,1,0,0,0,1,1,1,5.26136,0,-0.00426119,0.00276813,0.662266,0.530127
3903,1,0,0,0,1,1,1,5.26136,0,0.0159795,0.00274122,0.436067,0.654199
3904,1,0,0,0,1,1,1,5.26136,0,0.00213059,0.00273622,0.587744,0.620361
3905,1,0,0,0,1,1,1,5.26136,0,-0.0010653,0.0027043,0.618686,0.654199
3906,1,0,0,0,1,1,1,5.26136,0,0.0266324,0.00272762,0.317089,0.766992
3907,1,0,0,0,1,1,1,5.26136,-0.0139626,0.00213059,0.00271372,0.584775,0.64292
3908,1,0,0,0,1,1,1,5.26146,0,-0.00639178,0.00272965,0.680623,0.665479
3909,1,0,0,0,1,1,1,5.26146,0,0.00745708,0.00273561,0.529072,0.710596
3910,1,0,0,0,1,1,1,5.26146,0,0.00319589,0.00274045,0.576585,0.620361
3911,1,0,0,0,1,1,1,5.26146,0,-7.82767e-19,0.00273532,0.611063,0.676758
3912,1,0,0,0,1,1,1,5.26146,0,-0.0298283,0.00274055,0.939865,0.496289
3913,1,0,0,0,1,1,1,5.26146,0.0122173,-0.00639178,0.00274485,0.68263,0.665479
3914,1,0,0,0,1,1,1,5.26136,0,0.00745708,0.00274207,0.529925,0.597803
3915,1,0,0,0,1,1,1,5.26136,0,0.01811,0.00271871,0.409659,0.64292
3916,1,0,0,0,1,1,1,5.26136,0,0.0149142,0.00274667,0.448504,0.620361
3917,1,0,0,0,1,1,1,5.26136,0,-0.00213059,0.00273603,0.634593,0.575244
3918,1,0,0,0,1,1,1,5.26136,0,0.00958767,0.00274907,0.507413,0.744434
3919,1,0,0,0,1,1,1,5.26136,0,0.010653,0.00274725,0.495455,0.609082
3920,1,0,0,0,1,1,1,5.26146,0,0.00426119,0.0027301,0.5635,0.530127
3921,1,0,0,0,1,1,1,5.26136,0,0.0127836,0.00270269,0.466137,0.609082
3922,1,0,0,0,1,1,1,5.26146,0.0139626,0.00745708,0.00268769,0.522747,0.620361
3923,1,0,0,0,1,1,1,5.26146,0,-0.00745708,0.00269159,0.687318,0.676758
3924,1,0,0,0,1,1,1,5.26146,0,0.00639178,0.00270439,0.53667,0.64292
3925,1,0,0,0,1,1,1,5.26146,0,-0.00319589,0.00267511,0.63827,0.586523
3926,1,0,0,0,1,1,1,5.26136,-0.00872665,0.00213059,0.00268315,0.580739,0.64292
3927,1,0,0,0,1,1,1,5.26136,0,-0.00639178,0.00268482,0.674705,0.552686
3928,1,0,0,0,1,1,1,5.26146,0.00872665,-0.0010653,0.00267837,0.615264,0.676758
3929,1,0,0,0,1,1,1,5.26146,0,-0.00639178,0.0026917,0.675614,0.631641
3930,1,0,0,0,1,1,1,5.26146,0,0.010653,0.00268035,0.486624,0.518848
3931,1,0,0,0,1,1,1,5.26136,-0.0279253,-0.0159795,0.00265704,0.776503,0.372217
3932,1,0,0,0,1,1,1,5.26146,0.0383972,0.0149142,0.00262326,0.432215,0.563965
3933,1,0,0,0,1,1,1,5.26136,0,0.0245018,0.00258301,0.321437,0.665479
3934,1,0,0,0,1,1,1,5.26136,-0.0314159,-0.00639178,0.00258996,0.662184,0.47373
3935,1,0,0,0,1,1,1,5.26146,0,-0.0245018,0.00257817,0.859838,0.541406
3936,1,0,0,0,1,1,1,5.26136,0,0.0149142,0.00258874,0.427657,0.665479
3937,1,0,0,0,1,1,1,5.26136,0,-0.00532648,0.00259606,0.651272,0.676758
3938,1,0,0,0,1,1,1,5.26136,-0.00872665,-0.00213059,0.00259786,0.616354,0.609082
3939,1,0,0,0,1,1,1,5.26136,0,-0.0127836,0.00259709,0.733435,0.620361
3940,1,0,0,0,1,1,1,5.26136,0,-0.00852238,0.00260447,0.687536,0.597803
3941,1,0,0,0,1,1,1,5.26136,0,0.00639178,0.00258303,0.520651,0.563965
3942,1,0,0,0,1,1,1,5.26136,0,0.00958767,0.00252122,0.477337,0.394775
3943,1,0,0,0,1,1,1,5.26136,0,-0.0149142,0.0025715,0.753494,0.654199
3944,1,0,0,0,1,1,1,5.26146,0,3.26153e-19,0.00257086,0.589353,0.733154
3945,1,0,0,0,1,1,1,5.26146,0,0.00319589,0.00258012,0.555421,0.530127
