index,/gimbal/yaw_sweep/active,/gimbal/yaw_sweep/target_offset,/gimbal/yaw_sweep/reference_velocity,/gimbal/yaw_sweep/reference_acceleration,/gimbal/yaw_sweep/feedforward_scale,/gimbal/yaw_sweep/remote_ready,/gimbal/yaw_sweep/right_switch,/gimbal/yaw/angle,/gimbal/yaw/velocity,/gimbal/yaw/velocity_imu,/gimbal/yaw/control_angle_error,/gimbal/yaw/control_torque,/gimbal/yaw/torque
0,0,nan,0,0,0,1,1,2.55274,0,0.0117183,-1.67033e-06,-0.129121,0
1,0,nan,0,0,0,1,1,0.4531,0.0837758,0.00532648,-2.98648e-05,-0.0641575,-0.225586
2,0,nan,0,0,0,1,1,0.453195,0.00872665,0.00319589,-3.71566e-05,-0.0424956,-0.191748
3,0,nan,0,0,0,1,1,0.453195,0.015708,-0.00319589,-4.3813e-05,0.0259232,-0.112793
4,0,nan,0,0,0,1,1,0.453291,0,0.01811,-0.000116002,-0.221297,-0.112793
5,0,nan,0,0,0,1,1,0.453291,0,0.00426119,-0.000204461,-0.0865151,-0.169189
6,0,nan,0,0,0,1,1,0.453291,0.00523599,0.0159795,-0.000267453,-0.227162,-0.248145
7,0,nan,0,0,0,1,1,0.453387,0.00174533,0.0170448,-0.000402238,-0.264445,-0.304541
8,0,nan,0,0,0,1,1,0.453387,0,0.010653,-0.000458733,-0.206034,-0.225586
9,0,nan,0,0,0,1,1,0.453483,0,0.0117183,-0.000518178,-0.229892,-0.180469
10,0,nan,0,0,0,1,1,0.453483,0,0.00639178,-0.0005393,-0.176902,-0.248145
11,0,nan,0,0,0,1,1,0.453579,0.0139626,-0.00319589,-0.000566723,-0.0792442,-0.180469
12,0,nan,0,0,0,1,1,0.453579,0,-0.0117183,-0.00059138,0.00774822,-0.169189
13,0,nan,0,0,0,1,1,0.453579,0.00872665,0.00213059,-0.000619901,-0.150683,-0.15791
14,0,nan,0,0,0,1,1,0.453579,0,0.00532648,-0.000662819,-0.195431,-0.15791
15,0,nan,0,0,0,1,1,0.453579,0,0.00639178,-0.00067922,-0.211803,-0.225586
16,0,nan,0,0,0,1,1,0.453579,0.00523599,-0.0010653,-0.000668338,-0.129765,-0.135352
17,0,nan,0,0,0,1,1,0.453579,0,0.00532648,-0.000637671,-0.196485,-0.112793
18,0,nan,0,0,0,1,1,0.453579,0,-0.0149142,-0.000660795,0.0186541,-0.203027
19,0,nan,0,0,0,1,1,0.453579,0.0122173,-0.0127836,-0.000684222,-0.0112313,-0.180469
20,0,nan,0,0,0,1,1,0.453579,-0.00872665,0.01811,-0.00072253,-0.359123,-0.146631
21,0,nan,0,0,0,1,1,0.453579,-0.00872665,-0.00639178,-0.000733521,-0.0946002,-0.180469
22,0,nan,0,0,0,1,1,0.453579,0,0.00532648,-0.000766528,-0.231136,-0.270703
23,0,nan,0,0,0,1,1,0.453579,0,0.00213059,-0.00075526,-0.196265,-0.203027
24,0,nan,0,0,0,1,1,0.453579,0,-0.0234365,-0.000714361,0.0891252,-0.225586
25,0,nan,0,0,0,1,1,0.453675,0.00872665,0.00426119,-0.000704924,-0.214861,-0.146631
26,0,nan,0,0,0,1,1,0.453675,-0.00872665,-0.0010653,-0.000739317,-0.164802,-0.180469
27,0,nan,0,0,0,1,1,0.453579,0,0.010653,-0.00080588,-0.307321,-0.180469
28,0,nan,0,0,0,1,1,0.453579,-0.0279253,-0.00852238,-0.000798869,-0.0986223,-0.203027
29,0,nan,0,0,0,1,1,0.453675,0,-0.00745708,-0.000780252,-0.109998,-0.191748
30,0,nan,0,0,0,1,1,0.453579,-0.010472,-0.00745708,-0.000807361,-0.118019,-0.338379
31,0,nan,0,0,0,1,1,0.453579,0.0191986,0.01811,-0.000830906,-0.405867,-0.293262
32,0,nan,0,0,0,1,1,0.453579,-0.015708,0.00532648,-0.00086236,-0.273818,-0.3271
33,0,nan,0,0,0,1,1,0.453579,0,-0.00532648,-0.000790777,-0.146818,-0.180469
34,0,nan,0,0,0,1,1,0.453579,0,0.00532648,-0.000788653,-0.26549,-0.169189
35,0,nan,0,0,0,1,1,0.453579,0,-6.52306e-20,-0.000774826,-0.206343,-0.15791
36,0,nan,0,0,0,1,1,0.453675,0,0.0404813,-0.000801126,-0.656772,-0.146631
37,0,nan,0,0,0,1,1,0.453579,-0.0279253,-0.00745708,-0.000849956,-0.143439,-0.203027
38,0,nan,0,0,0,1,1,0.453579,0,-0.00426119,-0.000880898,-0.186978,-0.31582
39,0,nan,0,0,0,1,1,0.453579,0.0174533,0.00426119,-0.000884651,-0.283413,-0.248145
40,0,nan,0,0,0,1,1,0.453579,0,0.010653,-0.00086344,-0.352538,-0.259424
41,0,nan,0,0,0,1,1,0.453579,0,-0.00532648,-0.000887846,-0.184076,-0.304541
42,0,nan,0,0,0,1,1,0.453579,0,-0.0010653,-0.000868376,-0.230004,-0.248145
43,0,nan,0,0,0,1,1,0.453579,0,1.36984e-18,-0.000914012,-0.252439,-0.236865
44,0,nan,0,0,0,1,1,0.453579,0,-0.00639178,-0.000930801,-0.18747,-0.225586
45,0,nan,0,0,0,1,1,0.453579,0,0.00532648,-0.000940937,-0.320728,-0.338379
46,0,nan,0,0,0,1,1,0.453579,0,-0.00426119,-0.00094337,-0.21868,-0.270703
47,0,nan,0,0,0,1,1,0.453579,0,-0.0010653,-0.000948143,-0.257097,-0.214307
48,0,nan,0,0,0,1,1,0.453579,0,-0.0010653,-0.000960373,-0.261526,-0.214307
49,0,nan,0,0,0,1,1,0.453579,0,-0.00426119,-0.00100109,-0.237526,-0.406055
50,0,nan,0,0,0,1,1,0.453483,-0.00174533,-0.0010653,-0.00104754,-0.283416,-0.383496
51,0,nan,0,0,0,1,1,0.453579,0,0.0127836,-0.00105487,-0.439941,-0.417334
52,0,nan,0,0,0,1,1,0.453579,0,-0.00319589,-0.00105428,-0.267675,-0.3271
53,0,nan,0,0,0,1,1,0.453579,0,-0.028763,-0.00102397,0.0152164,-0.304541
54,0,nan,0,0,0,1,1,0.453579,0.0174533,0.0117183,-0.00101467,-0.429586,-0.236865
55,0,nan,0,0,0,1,1,0.453579,-0.0349066,6.52306e-19,-0.00105827,-0.312778,-0.439893
56,0,nan,0,0,0,1,1,0.453483,0,-0.00958767,-0.00100359,-0.201244,-0.281982
57,0,nan,0,0,0,1,1,0.453579,0,-0.00319589,-0.00099965,-0.273652,-0.248145
58,0,nan,0,0,0,1,1,0.453579,-0.0122173,-0.00426119,-0.00102783,-0.270106,-0.360938
59,0,nan,0,0,0,1,1,0.453579,0,-0.0127836,-0.00105297,-0.183923,-0.304541
60,0,nan,0,0,0,1,1,0.453483,-0.0174533,0.00639178,-0.0010565,-0.397778,-0.281982
61,0,nan,0,0,0,1,1,0.453579,0,0.00639178,-0.00108127,-0.405504,-0.259424
62,0,nan,0,0,0,1,1,0.453483,-0.020944,0.00532648,-0.00109018,-0.398975,-0.383496
63,0,nan,0,0,0,1,1,0.453483,0,-0.0149142,-0.00106994,-0.176914,-0.31582
64,0,nan,0,0,0,1,1,0.453483,0,-0.0170448,-0.0010477,-0.152483,-0.281982
65,0,nan,0,0,0,1,1,0.453579,0.015708,0.00745708,-0.00103624,-0.422065,-0.225586
66,0,nan,0,0,0,1,1,0.453579,-0.020944,0.0170448,-0.00102142,-0.528065,-0.293262
67,0,nan,0,0,0,1,1,0.453483,-0.0331613,-0.0255671,-0.00104039,-0.0675912,-0.451172
68,0,nan,0,0,0,1,1,0.453483,0.0244346,0.0138489,-0.00106202,-0.50626,-0.383496
69,0,nan,0,0,0,1,1,0.453483,-0.00872665,-0.00958767,-0.00109075,-0.258218,-0.383496
70,0,nan,0,0,0,1,1,0.453483,0,-0.0010653,-0.00108838,-0.354986,-0.439893
71,0,nan,0,0,0,1,1,0.453483,0,-0.00958767,-0.00105709,-0.259239,-0.281982
72,0,nan,0,0,0,1,1,0.453483,0,0.0010653,-0.00104059,-0.375485,-0.293262
73,0,nan,0,0,0,1,1,0.453579,-0.00349066,-0.00639178,-0.00104858,-0.298383,-0.383496
74,0,nan,0,0,0,1,1,0.453483,0,0.00639178,-0.00106255,-0.443393,-0.428613
75,0,nan,0,0,0,1,1,0.453483,0,0.00213059,-0.00108676,-0.40434,-0.372217
76,0,nan,0,0,0,1,1,0.453483,0,-0.00213059,-0.00110227,-0.363557,-0.47373
77,0,nan,0,0,0,1,1,0.453483,0,-0.00532648,-0.00108474,-0.328139,-0.406055
78,0,nan,0,0,0,1,1,0.453483,0.00698132,-0.0245018,-0.00103756,-0.112267,-0.293262
79,0,nan,0,0,0,1,1,0.453579,0,-2.15261e-18,-0.00102231,-0.381124,-0.439893
80,0,nan,0,0,0,1,1,0.453579,0.00698132,0.0191753,-0.00105001,-0.59953,-0.31582
81,0,nan,0,0,0,1,1,0.453483,-0.0383972,-0.00213059,-0.00108628,-0.369952,-0.575244
82,0,nan,0,0,0,1,1,0.453483,0.0471239,0.00745708,-0.00109977,-0.477198,-0.394775
83,0,nan,0,0,0,1,1,0.453483,-0.00872665,-2.60922e-19,-0.0011062,-0.396018,-0.372217
84,0,nan,0,0,0,1,1,0.453483,0,0.00639178,-0.00115482,-0.472746,-0.496289
85,0,nan,0,0,0,1,1,0.453483,0,0.0127836,-0.00118363,-0.546859,-0.47373
86,0,nan,0,0,0,1,1,0.453483,0,-0.0149142,-0.00116362,-0.239542,-0.394775
87,0,nan,0,0,0,1,1,0.453483,0.0174533,0.00745708,-0.00112708,-0.480803,-0.259424
88,0,nan,0,0,0,1,1,0.453483,0,0.00745708,-0.00115077,-0.48393,-0.383496
89,0,nan,0,0,0,1,1,0.453483,0,0.00852238,-0.00117316,-0.498603,-0.394775
90,0,nan,0,0,0,1,1,0.453483,0,-0.0149142,-0.00115998,-0.239062,-0.406055
91,0,nan,0,0,0,1,1,0.453483,0.0418879,0.0127836,-0.00116203,-0.544007,-0.372217
92,0,nan,0,0,0,1,1,0.453483,-0.010472,0.0159795,-0.00117935,-0.581448,-0.417334
93,0,nan,0,0,0,1,1,0.453483,-0.00872665,-0.0138489,-0.00116989,-0.252089,-0.383496
94,0,nan,0,0,0,1,1,0.453483,0,0.00319589,-0.00118159,-0.441124,-0.281982
95,0,nan,0,0,0,1,1,0.453483,0,0.00958767,-0.00116477,-0.509214,-0.417334
96,0,nan,0,0,0,1,1,0.453483,0.00174533,0.00639178,-0.00118664,-0.476946,-0.496289
97,0,nan,0,0,0,1,1,0.453483,0.00174533,0.00532648,-0.00120229,-0.467293,-0.406055
98,0,nan,0,0,0,1,1,0.453483,0,0.0245018,-0.00119234,-0.676909,-0.417334
99,0,nan,0,0,0,1,1,0.453387,-0.0226893,-0.0138489,-0.00119927,-0.255966,-0.360938
100,0,nan,0,0,0,1,1,0.453483,0.015708,0.0010653,-0.00120767,-0.421131,-0.360938
101,0,nan,0,0,0,1,1,0.453483,0,0.0117183,-0.001214,-0.539149,-0.406055
102,0,nan,0,0,0,1,1,0.453483,0,0.0276977,-0.00124808,-0.719421,-0.518848
103,0,nan,0,0,0,1,1,0.453387,-0.0279253,-0.01811,-0.00127004,-0.218434,-0.451172
104,0,nan,0,0,0,1,1,0.453483,0.0366519,0.0010653,-0.00122885,-0.423926,-0.248145
105,0,nan,0,0,0,1,1,0.453483,-0.0471239,0.00852238,-0.00124302,-0.507825,-0.496289
106,0,nan,0,0,0,1,1,0.453483,0.0418879,0.00426119,-0.0012291,-0.459114,-0.439893
107,0,nan,0,0,0,1,1,0.453483,-0.0191986,-1.23938e-18,-0.0012606,-0.416399,-0.530127
108,0,nan,0,0,0,1,1,0.453483,0.00872665,0.0010653,-0.0012466,-0.426269,-0.496289
109,0,nan,0,0,0,1,1,0.453483,0,0.0223712,-0.00128342,-0.665495,-0.496289
110,0,nan,0,0,0,1,1,0.453483,0,-0.00213059,-0.00127982,-0.3955,-0.48501
111,0,nan,0,0,0,1,1,0.453483,0,0.0159795,-0.00129022,-0.596083,-0.372217
112,0,nan,0,0,0,1,1,0.453387,-0.0191986,0.00213059,-0.00128608,-0.4432,-0.394775
113,0,nan,0,0,0,1,1,0.453483,0,0.0202406,-0.00130292,-0.644633,-0.428613
114,0,nan,0,0,0,1,1,0.453387,-0.0174533,0.010653,-0.00127191,-0.534187,-0.530127
115,0,nan,0,0,0,1,1,0.453483,0,0.00319589,-0.00127921,-0.454011,-0.31582
116,0,nan,0,0,0,1,1,0.453483,-0.00872665,-0.010653,-0.00130376,-0.304914,-0.394775
117,0,nan,0,0,0,1,1,0.453483,0.0226893,-0.00319589,-0.0012501,-0.379859,-0.349658
118,0,nan,0,0,0,1,1,0.453483,0,-0.0127836,-0.0011905,-0.266294,-0.31582
119,0,nan,0,0,0,1,1,0.453483,0,-0.0117183,-0.00119055,-0.277963,-0.47373
120,0,nan,0,0,0,1,1,0.453483,0.0174533,0.00958767,-0.00117074,-0.510003,-0.293262
121,0,nan,0,0,0,1,1,0.453483,-0.020944,0.00852238,-0.00119236,-0.501138,-0.349658
122,0,nan,0,0,0,1,1,0.453483,0,0.00319589,-0.0012482,-0.449917,-0.439893
123,0,nan,0,0,0,1,1,0.453387,0.0279253,0.010653,-0.00126167,-0.533723,-0.360938
124,0,nan,0,0,0,1,1,0.453483,-0.0488692,0.00958767,-0.00127016,-0.523125,-0.47373
125,0,nan,0,0,0,1,1,0.453483,0,0.00319589,-0.00126198,-0.451736,-0.406055
126,0,nan,0,0,0,1,1,0.453483,0.00349066,6.52306e-20,-0.00128005,-0.418967,-0.47373
127,0,nan,0,0,0,1,1,0.453387,0.00349066,-0.00852238,-0.00127068,-0.323984,-0.439893
128,0,nan,0,0,0,1,1,0.453387,-0.00872665,0.0255671,-0.00132617,-0.706292,-0.428613
129,0,nan,0,0,0,1,1,0.453387,-0.00523599,0.0245018,-0.00133627,-0.695907,-0.439893
130,0,nan,0,0,0,1,1,0.453483,0.0244346,-0.00958767,-0.0013256,-0.319515,-0.360938
131,0,nan,0,0,0,1,1,0.453483,0,-0.0149142,-0.00133277,-0.261869,-0.428613
132,0,nan,0,0,0,1,1,0.453483,0,0.0266324,-0.00133335,-0.718959,-0.372217
133,0,nan,0,0,0,1,1,0.453387,-0.0436332,-0.00745708,-0.00132952,-0.343008,-0.48501
134,0,nan,0,0,0,1,1,0.453483,0.0593412,0.01811,-0.00131952,-0.623387,-0.31582
135,0,nan,0,0,0,1,1,0.453387,-0.020944,-0.01811,-0.0012697,-0.21839,-0.293262
136,0,nan,0,0,0,1,1,0.453483,0,0.00319589,-0.00129377,-0.455933,-0.496289
137,0,nan,0,0,0,1,1,0.453483,0.00872665,0.00426119,-0.0013219,-0.471364,-0.451172
138,0,nan,0,0,0,1,1,0.453483,0,0.00532648,-0.00132892,-0.484009,-0.451172
139,0,nan,0,0,0,1,1,0.453387,0,-0.00319589,-0.00134619,-0.392543,-0.462451
140,0,nan,0,0,0,1,1,0.453387,0,-0.00958767,-0.00133239,-0.320411,-0.439893
141,0,nan,0,0,0,1,1,0.453483,0,0.010653,-0.00131951,-0.541359,-0.394775
142,0,nan,0,0,0,1,1,0.453483,0,-0.00958767,-0.00136118,-0.324211,-0.417334
143,0,nan,0,0,0,1,1,0.453387,0.0139626,0.0149142,-0.00139228,-0.597836,-0.541406
144,0,nan,0,0,0,1,1,0.453387,0,-0.00852238,-0.00138107,-0.338555,-0.541406
145,0,nan,0,0,0,1,1,0.453483,0.00523599,0.00426119,-0.0013891,-0.480235,-0.439893
146,0,nan,0,0,0,1,1,0.453387,0,0.0010653,-0.00139038,-0.445248,-0.428613
147,0,nan,0,0,0,1,1,0.453483,0,-0.0127836,-0.00139431,-0.29343,-0.406055
148,0,nan,0,0,0,1,1,0.453483,0,0.0117183,-0.0013939,-0.562896,-0.360938
149,0,nan,0,0,0,1,1,0.453387,0,0.00532648,-0.00142989,-0.497337,-0.575244
150,0,nan,0,0,0,1,1,0.453387,0.0244346,-0.00852238,-0.00146272,-0.349333,-0.451172
151,0,nan,0,0,0,1,1,0.453387,0,-0.00426119,-0.00145618,-0.395343,-0.462451
152,0,nan,0,0,0,1,1,0.453387,0,-0.010653,-0.0014011,-0.317762,-0.3271
153,0,nan,0,0,0,1,1,0.453483,0,-0.00852238,-0.00142615,-0.344505,-0.496289
154,0,nan,0,0,0,1,1,0.453387,0,-0.00639178,-0.00140722,-0.365443,-0.383496
155,0,nan,0,0,0,1,1,0.453483,0,0.00426119,-0.00139417,-0.480904,-0.406055
156,0,nan,0,0,0,1,1,0.453483,0,0.0159795,-0.00141187,-0.612141,-0.439893
157,0,nan,0,0,0,1,1,0.453387,-0.0279253,0.00532648,-0.00144692,-0.499585,-0.586523
158,0,nan,0,0,0,1,1,0.453387,0,-0.01811,-0.00145702,-0.243117,-0.620361
159,0,nan,0,0,0,1,1,0.453483,0.0279253,-0.00745708,-0.00144109,-0.358197,-0.48501
160,0,nan,0,0,0,1,1,0.453483,0,-0.00639178,-0.00146142,-0.372598,-0.462451
161,0,nan,0,0,0,1,1,0.453387,0,0.00852238,-0.00146368,-0.536952,-0.563965
162,0,nan,0,0,0,1,1,0.453387,0,0.00639178,-0.0014623,-0.513333,-0.496289
163,0,nan,0,0,0,1,1,0.453387,0,0.0159795,-0.00148553,-0.621865,-0.48501
164,0,nan,0,0,0,1,1,0.453387,0.00872665,-0.00213059,-0.00152263,-0.427551,-0.439893
165,0,nan,0,0,0,1,1,0.453387,0,-0.01811,-0.00152712,-0.252369,-0.530127
166,0,nan,0,0,0,1,1,0.453387,0,0.0170448,-0.00150359,-0.635966,-0.3271
167,0,nan,0,0,0,1,1,0.453387,-0.020944,-0.00213059,-0.0014998,-0.424538,-0.48501
168,0,nan,0,0,0,1,1,0.453483,0.0174533,0.00852238,-0.00154741,-0.548004,-0.530127
169,0,nan,0,0,0,1,1,0.453387,0,0.010653,-0.00155186,-0.572029,-0.439893
170,0,nan,0,0,0,1,1,0.453387,0,-0.00745708,-0.00153955,-0.371193,-0.394775
171,0,nan,0,0,0,1,1,0.453483,0,-0.00426119,-0.00156942,-0.41029,-0.518848
172,0,nan,0,0,0,1,1,0.453387,0,-0.0213059,-0.00159263,-0.225861,-0.417334
173,0,nan,0,0,0,1,1,0.453387,0.0122173,0.00852238,-0.00161584,-0.557038,-0.48501
174,0,nan,0,0,0,1,1,0.453387,-0.0244346,-0.0149142,-0.0016247,-0.300405,-0.575244
175,0,nan,0,0,0,1,1,0.453483,0,-0.00426119,-0.00160957,-0.41559,-0.462451
176,0,nan,0,0,0,1,1,0.453387,0,-0.00532648,-0.00160275,-0.402971,-0.383496
177,0,nan,0,0,0,1,1,0.453387,0,-0.00532648,-0.00158449,-0.400562,-0.406055
178,0,nan,0,0,0,1,1,0.453387,0,0.00319589,-0.00160741,-0.497333,-0.394775
179,0,nan,0,0,0,1,1,0.453387,0,0.00426119,-0.00165875,-0.515828,-0.439893
180,0,nan,0,0,0,1,1,0.453387,-0.00872665,0.00958767,-0.00166219,-0.574873,-0.417334
181,0,nan,0,0,0,1,1,0.453387,-0.00872665,0.0213059,-0.00173578,-0.713489,-0.518848
182,0,nan,0,0,0,1,1,0.453291,-0.00872665,-0.0191753,-0.00172144,-0.266301,-0.518848
183,0,nan,0,0,0,1,1,0.453387,0.0174533,-0.0202406,-0.0017375,-0.256703,-0.496289
184,0,nan,0,0,0,1,1,0.453387,-0.0122173,-0.00639178,-0.0017952,-0.416657,-0.575244
185,0,nan,0,0,0,1,1,0.453387,0.010472,0.00213059,-0.00180881,-0.512199,-0.597803
186,0,nan,0,0,0,1,1,0.453387,0.00872665,-0.0213059,-0.00178301,-0.250992,-0.360938
187,0,nan,0,0,0,1,1,0.453387,0,-0.00426119,-0.00180671,-0.441613,-0.439893
188,0,nan,0,0,0,1,1,0.453291,-0.0331613,0.00426119,-0.00177856,-0.531643,-0.462451
189,0,nan,0,0,0,1,1,0.453387,-0.00523599,-0.00532648,-0.00174087,-0.421029,-0.496289
190,0,nan,0,0,0,1,1,0.453387,0.0314159,-0.0308936,-0.00171571,-0.136644,-0.530127
191,0,nan,0,0,0,1,1,0.453483,0.0401426,-0.00426119,-0.00169029,-0.426245,-0.304541
192,0,nan,0,0,0,1,1,0.453387,-0.0610865,0.0138489,-0.00172504,-0.630042,-0.496289
193,0,nan,0,0,0,1,1,0.453387,0,0.0010653,-0.00175634,-0.493555,-0.586523
194,0,nan,0,0,0,1,1,0.453387,0.00174533,0.00426119,-0.00174419,-0.527107,-0.496289
195,0,nan,0,0,0,1,1,0.453387,0,-0.00426119,-0.00170811,-0.428597,-0.383496
196,0,nan,0,0,0,1,1,0.453387,0,0.00213059,-0.00170085,-0.497949,-0.439893
197,0,nan,0,0,0,1,1,0.453387,0,0.0010653,-0.0016954,-0.485511,-0.417334
198,0,nan,0,0,0,1,1,0.453387,0,0.00319589,-0.0017136,-0.51135,-0.552686
199,0,nan,0,0,0,1,1,0.453387,0,0.00639178,-0.00170377,-0.545208,-0.530127
200,0,nan,0,0,0,1,1,0.453387,0,0.00852238,-0.00171067,-0.569554,-0.64292
201,0,nan,0,0,0,1,1,0.453387,0,-0.0223712,-0.00170444,-0.228903,-0.530127
202,0,nan,0,0,0,1,1,0.453387,0.010472,0.00532648,-0.00173019,-0.536976,-0.48501
203,0,nan,0,0,0,1,1,0.453387,0,0.0223712,-0.00173816,-0.725521,-0.462451
204,0,nan,0,0,0,1,1,0.453387,-0.00523599,-0.010653,-0.00178156,-0.367983,-0.631641
205,0,nan,0,0,0,1,1,0.453387,0.0226893,0.00319589,-0.00179902,-0.522626,-0.462451
206,0,nan,0,0,0,1,1,0.453387,-0.0226893,0.00852238,-0.00181354,-0.583133,-0.451172
207,0,nan,0,0,0,1,1,0.453291,0,-2.60922e-19,-0.00182257,-0.490579,-0.575244
208,0,nan,0,0,0,1,1,0.453387,0,-0.00745708,-0.00184968,-0.41213,-0.507568
209,0,nan,0,0,0,1,1,0.453387,0.020944,0.00639178,-0.00187952,-0.568406,-0.462451
210,0,nan,0,0,0,1,1,0.453291,-0.0401426,0.0127836,-0.00190548,-0.642143,-0.609082
211,0,nan,0,0,0,1,1,0.453291,0,0.00532648,-0.0019058,-0.560156,-0.451172
212,0,nan,0,0,0,1,1,0.453387,0,-0.00958767,-0.00189859,-0.395149,-0.64292
213,0,nan,0,0,0,1,1,0.453387,0.0244346,0.0010653,-0.00191481,-0.514474,-0.451172
214,0,nan,0,0,0,1,1,0.453291,-0.0296706,0.0127836,-0.00189399,-0.640626,-0.47373
215,0,nan,0,0,0,1,1,0.453291,-0.0436332,-0.00426119,-0.00191654,-0.45611,-0.609082
216,0,nan,0,0,0,1,1,0.453291,0.00872665,0.00426119,-0.001925,-0.550974,-0.575244
217,0,nan,0,0,0,1,1,0.453291,0,-0.00213059,-0.00193365,-0.481805,-0.507568
218,0,nan,0,0,0,1,1,0.453291,0,0.0191753,-0.00195233,-0.718636,-0.451172
219,0,nan,0,0,0,1,1,0.453291,-0.0139626,-0.0234365,-0.00192284,-0.246013,-0.451172
220,0,nan,0,0,0,1,1,0.453387,0.0174533,0.00532648,-0.00195095,-0.566117,-0.451172
221,0,nan,0,0,0,1,1,0.453291,0,-0.00319589,-0.00195563,-0.472988,-0.496289
222,0,nan,0,0,0,1,1,0.453291,-0.0174533,0.00426119,-0.00200001,-0.560874,-0.586523
223,0,nan,0,0,0,1,1,0.453291,0,0.00639178,-0.00201408,-0.586168,-0.563965
224,0,nan,0,0,0,1,1,0.453291,0.00872665,-0.00639178,-0.00201787,-0.446049,-0.48501
225,0,nan,0,0,0,1,1,0.453291,0,0.0223712,-0.00207608,-0.770126,-0.496289
226,0,nan,0,0,0,1,1,0.453291,-0.00872665,0.0149142,-0.00205208,-0.684931,-0.552686
227,0,nan,0,0,0,1,1,0.453387,-0.0279253,0.00426119,-0.00205573,-0.56823,-0.439893
228,0,nan,0,0,0,1,1,0.453291,0,0.00958767,-0.0020535,-0.626526,-0.451172
229,0,nan,0,0,0,1,1,0.453291,0,-0.0223712,-0.0020144,-0.269817,-0.360938
230,0,nan,0,0,0,1,1,0.453387,-0.00349066,-0.0213059,-0.00206456,-0.288157,-0.428613
231,0,nan,0,0,0,1,1,0.453387,0.0401426,0.0117183,-0.00207427,-0.652704,-0.541406
232,0,nan,0,0,0,1,1,0.453291,-0.0296706,0.0010653,-0.00207895,-0.53614,-0.631641
233,0,nan,0,0,0,1,1,0.453387,0,-0.00852238,-0.00212813,-0.437166,-0.563965
234,0,nan,0,0,0,1,1,0.453291,0,0.00426119,-0.002105,-0.574733,-0.462451
235,0,nan,0,0,0,1,1,0.453291,-0.020944,-6.52306e-20,-0.00212587,-0.530614,-0.575244
236,0,nan,0,0,0,1,1,0.453291,0,-0.0138489,-0.00211301,-0.376579,-0.541406
237,0,nan,0,0,0,1,1,0.453291,0,0.010653,-0.00210592,-0.645165,-0.631641
238,0,nan,0,0,0,1,1,0.453291,0.0174533,0.00958767,-0.00211751,-0.634975,-0.507568
239,0,nan,0,0,0,1,1,0.453291,-0.00523599,0.00213059,-0.00212601,-0.554069,-0.597803
240,0,nan,0,0,0,1,1,0.453291,0,-0.00213059,-0.00217597,-0.513791,-0.676758
241,0,nan,0,0,0,1,1,0.453291,0.0139626,-0.0223712,-0.00214145,-0.286588,-0.597803
242,0,nan,0,0,0,1,1,0.453291,0,-0.0159795,-0.00213239,-0.355701,-0.620361
243,0,nan,0,0,0,1,1,0.453387,0.00872665,-0.00426119,-0.00212983,-0.484264,-0.563965
244,0,nan,0,0,0,1,1,0.453291,-0.010472,0.00532648,-0.0021252,-0.589118,-0.541406
245,0,nan,0,0,0,1,1,0.453291,-0.0122173,-0.00532648,-0.00215951,-0.476465,-0.507568
246,0,nan,0,0,0,1,1,0.453291,-0.00872665,-0.0010653,-0.00221452,-0.530599,-0.631641
247,0,nan,0,0,0,1,1,0.453291,0,-0.0010653,-0.00222995,-0.532635,-0.575244
248,0,nan,0,0,0,1,1,0.453291,-0.00872665,0.00639178,-0.00225449,-0.617902,-0.64292
249,0,nan,0,0,0,1,1,0.453291,0,0.0138489,-0.00222382,-0.695881,-0.496289
250,0,nan,0,0,0,1,1,0.453291,0,0.0010653,-0.00221379,-0.553938,-0.518848
251,0,nan,0,0,0,1,1,0.453291,0,0.0010653,-0.00221015,-0.553458,-0.507568
252,0,nan,0,0,0,1,1,0.453291,0,0.00319589,-0.00222773,-0.579216,-0.721875
253,0,nan,0,0,0,1,1,0.453291,0,-0.0245018,-0.00222871,-0.274669,-0.688037
254,0,nan,0,0,0,1,1,0.453291,0.0349066,0.00426119,-0.00222401,-0.590442,-0.462451
255,0,nan,0,0,0,1,1,0.453291,0,-0.0117183,-0.00220524,-0.412191,-0.518848
256,0,nan,0,0,0,1,1,0.453291,0,-0.00745708,-0.00221264,-0.460041,-0.428613
257,0,nan,0,0,0,1,1,0.453291,0,0.010653,-0.00221434,-0.659475,-0.676758
258,0,nan,0,0,0,1,1,0.453291,0.0244346,-0.00319589,-0.00219801,-0.504982,-0.417334
259,0,nan,0,0,0,1,1,0.453291,0,0.0127836,-0.00218905,-0.679574,-0.417334
260,0,nan,0,0,0,1,1,0.453291,0,-0.00319589,-0.00221691,-0.507477,-0.563965
261,0,nan,0,0,0,1,1,0.453291,0.0139626,-0.00213059,-0.00220911,-0.518166,-0.575244
262,0,nan,0,0,0,1,1,0.453291,0,0.0138489,-0.00223684,-0.697601,-0.518848
263,0,nan,0,0,0,1,1,0.453291,0,0.0223712,-0.00226175,-0.794634,-0.507568
264,0,nan,0,0,0,1,1,0.453291,-0.00174533,0.01811,-0.00229223,-0.751785,-0.710596
265,0,nan,0,0,0,1,1,0.453291,0,0.00745708,-0.00232291,-0.638651,-0.586523
266,0,nan,0,0,0,1,1,0.453291,0,5.87076e-19,-0.0023025,-0.55393,-0.530127
267,0,nan,0,0,0,1,1,0.453291,0,-0.00426119,-0.00226641,-0.502293,-0.496289
268,0,nan,0,0,0,1,1,0.453291,0,0.00639178,-0.00226821,-0.619714,-0.563965
269,0,nan,0,0,0,1,1,0.453291,0,-0.00745708,-0.00225382,-0.465477,-0.47373
270,0,nan,0,0,0,1,1,0.453291,0,-0.0010653,-0.00229367,-0.541046,-0.597803
271,0,nan,0,0,0,1,1,0.453291,0,-0.00532648,-0.00227317,-0.491467,-0.541406
272,0,nan,0,0,0,1,1,0.453291,0,-0.0255671,-0.00229284,-0.271416,-0.597803
273,0,nan,0,0,0,1,1,0.453291,0.0436332,0.0138489,-0.00227932,-0.703208,-0.586523
274,0,nan,0,0,0,1,1,0.453291,-0.0174533,0.00958767,-0.0022893,-0.657651,-0.563965
275,0,nan,0,0,0,1,1,0.453291,0,-0.00958767,-0.00230052,-0.448205,-0.563965
276,0,nan,0,0,0,1,1,0.453291,0,0.00213059,-0.00229821,-0.5768,-0.383496
277,0,nan,0,0,0,1,1,0.453291,-0.0139626,0.0170448,-0.00231103,-0.742548,-0.47373
278,0,nan,0,0,0,1,1,0.453291,-0.00174533,-0.0010653,-0.00236357,-0.550273,-0.733154
279,0,nan,0,0,0,1,1,0.453291,0.0139626,-0.0191753,-0.00242407,-0.359049,-0.733154
280,0,nan,0,0,0,1,1,0.453195,0.0174533,-0.0127836,-0.002435,-0.4308,-0.406055
281,0,nan,0,0,0,1,1,0.453291,0,0.0117183,-0.00235726,-0.69006,-0.372217
282,0,nan,0,0,0,1,1,0.453291,-0.0139626,0.00319589,-0.00237223,-0.598289,-0.64292
283,0,nan,0,0,0,1,1,0.453291,0,0.00532648,-0.0023937,-0.624559,-0.710596
284,0,nan,0,0,0,1,1,0.453195,0,0.00319589,-0.00242493,-0.605246,-0.699316
285,0,nan,0,0,0,1,1,0.453195,0,0.0351548,-0.00243253,-0.957797,-0.530127
286,0,nan,0,0,0,1,1,0.453195,0,-0.00532648,-0.00242963,-0.51212,-0.688037
287,0,nan,0,0,0,1,1,0.453291,0,0.0117183,-0.00243159,-0.699871,-0.428613
288,0,nan,0,0,0,1,1,0.453195,-0.0488692,0.0138489,-0.00243775,-0.724121,-0.586523
289,0,nan,0,0,0,1,1,0.453195,-0.0331613,-0.00958767,-0.00245187,-0.468183,-0.597803
290,0,nan,0,0,0,1,1,0.453195,0,0.00852238,-0.00250163,-0.673962,-0.721875
291,0,nan,0,0,0,1,1,0.453195,0,-0.0170448,-0.00255233,-0.399415,-0.812109
292,0,nan,0,0,0,1,1,0.453195,0.00698132,0.0138489,-0.00258956,-0.744159,-0.64292
293,0,nan,0,0,0,1,1,0.453195,0,-0.00319589,-0.0026208,-0.56079,-0.721875
294,0,nan,0,0,0,1,1,0.453195,0,-0.0127836,-0.00260507,-0.45325,-0.586523
295,0,nan,0,0,0,1,1,0.453195,0,0.00426119,-0.0025916,-0.638964,-0.462451
296,0,nan,0,0,0,1,1,0.453195,-0.00523599,0.00319589,-0.00261369,-0.630162,-0.47373
297,0,nan,0,0,0,1,1,0.453195,0,-0.0117183,-0.0026269,-0.46785,-0.64292
298,0,nan,0,0,0,1,1,0.453195,0,-1.30461e-18,-0.00264004,-0.598485,-0.586523
299,0,nan,0,0,0,1,1,0.453195,0,0.00745708,-0.00265163,-0.682043,-0.530127
300,0,nan,0,0,0,1,1,0.453195,-0.00872665,-0.00639178,-0.00261494,-0.524863,-0.631641
301,0,nan,0,0,0,1,1,0.453291,0,-0.00319589,-0.00261109,-0.559509,-0.575244
302,0,nan,0,0,0,1,1,0.453195,0,0.0149142,-0.00262571,-0.76065,-0.541406
303,0,nan,0,0,0,1,1,0.453195,-0.0226893,0.0255671,-0.00270353,-0.888105,-0.733154
304,0,nan,0,0,0,1,1,0.4531,0,-0.0149142,-0.00272137,-0.445165,-0.744434
305,0,nan,0,0,0,1,1,0.453195,0.0191986,0.010653,-0.0027575,-0.731172,-0.631641
306,0,nan,0,0,0,1,1,0.4531,-0.0139626,0.00958767,-0.00276615,-0.720596,-0.688037
307,0,nan,0,0,0,1,1,0.453195,-0.0279253,-0.0010653,-0.00274824,-0.601049,-0.575244
308,0,nan,0,0,0,1,1,0.453195,0,-0.010653,-0.0027529,-0.4962,-0.676758
309,0,nan,0,0,0,1,1,0.453195,0.0191986,-0.0010653,-0.00278276,-0.605606,-0.609082
310,0,nan,0,0,0,1,1,0.453195,-0.00872665,0.010653,-0.00282221,-0.739715,-0.597803
311,0,nan,0,0,0,1,1,0.4531,0,-0.00639178,-0.00280036,-0.549338,-0.586523
312,0,nan,0,0,0,1,1,0.453195,0,0.0138489,-0.00279327,-0.771049,-0.665479
313,0,nan,0,0,0,1,1,0.453195,-0.0226893,-0.00213059,-0.00282852,-0.599928,-0.699316
314,0,nan,0,0,0,1,1,0.4531,0,-0.00213059,-0.00285709,-0.603699,-0.665479
315,0,nan,0,0,0,1,1,0.4531,0,0.00958767,-0.00286419,-0.733537,-0.699316
316,0,nan,0,0,0,1,1,0.4531,0,-0.0117183,-0.00286925,-0.499841,-0.710596
317,0,nan,0,0,0,1,1,0.453195,0.015708,-0.00213059,-0.0028851,-0.607396,-0.586523
318,0,nan,0,0,0,1,1,0.4531,-0.00698132,0.0266324,-0.00287294,-0.922184,-0.688037
319,0,nan,0,0,0,1,1,0.4531,-0.0366519,0.0159795,-0.00286529,-0.803992,-0.586523
320,0,nan,0,0,0,1,1,0.4531,0,-0.01811,-0.00289569,-0.43302,-0.733154
321,0,nan,0,0,0,1,1,0.453195,0.0261799,0.00532648,-0.00288598,-0.68954,-0.710596
322,0,nan,0,0,0,1,1,0.453195,0.00872665,0.00213059,-0.00289077,-0.655018,-0.597803
323,0,nan,0,0,0,1,1,0.4531,0.00349066,0.0245018,-0.00288953,-0.900938,-0.47373
324,0,nan,0,0,0,1,1,0.4531,-0.0418879,0.00958767,-0.0029002,-0.738291,-0.609082
325,0,nan,0,0,0,1,1,0.4531,-0.00349066,0.00319589,-0.00297034,-0.67724,-0.924902
326,0,nan,0,0,0,1,1,0.453004,0.0122173,-0.00958767,-0.00294007,-0.532624,-0.721875
327,0,nan,0,0,0,1,1,0.4531,0,-0.00745708,-0.00289994,-0.550765,-0.507568
328,0,nan,0,0,0,1,1,0.4531,0,-0.0010653,-0.00289792,-0.620807,-0.586523
329,0,nan,0,0,0,1,1,0.4531,0,-0.00745708,-0.00293425,-0.555293,-0.688037
330,0,nan,0,0,0,1,1,0.4531,0,0.00958767,-0.00290716,-0.73921,-0.631641
331,0,nan,0,0,0,1,1,0.4531,-0.0418879,0.00639178,-0.00292855,-0.706878,-0.744434
332,0,nan,0,0,0,1,1,0.4531,0.0261799,0.0159795,-0.00296433,-0.817065,-0.64292
333,0,nan,0,0,0,1,1,0.4531,0,-0.0149142,-0.00296742,-0.477643,-0.597803
334,0,nan,0,0,0,1,1,0.4531,0,-0.00319589,-0.00301182,-0.612405,-0.688037
335,0,nan,0,0,0,1,1,0.4531,0.00872665,-0.010653,-0.00302797,-0.532509,-0.699316
336,0,nan,0,0,0,1,1,0.4531,0,0.00213059,-0.00301328,-0.67119,-0.665479
337,0,nan,0,0,0,1,1,0.4531,0,-0.00852238,-0.00297424,-0.548854,-0.507568
338,0,nan,0,0,0,1,1,0.4531,-0.00872665,0.00852238,-0.00300417,-0.740297,-0.710596
339,0,nan,0,0,0,1,1,0.4531,0,-0.0138489,-0.00301111,-0.495129,-0.699316
340,0,nan,0,0,0,1,1,0.4531,0,0.00958767,-0.00304492,-0.757394,-0.665479
341,0,nan,0,0,0,1,1,0.4531,0,-0.00745708,-0.00302654,-0.567475,-0.688037
342,0,nan,0,0,0,1,1,0.4531,0.00174533,0.00319589,-0.00303605,-0.685913,-0.620361
343,0,nan,0,0,0,1,1,0.4531,0,0.00319589,-0.00302247,-0.68412,-0.48501
344,0,nan,0,0,0,1,1,0.4531,-0.0174533,0.0159795,-0.00305974,-0.829659,-0.597803
345,0,nan,0,0,0,1,1,0.4531,-0.00349066,0.0138489,-0.00307532,-0.808279,-0.654199
346,0,nan,0,0,0,1,1,0.4531,0,-1.56553e-18,-0.00306159,-0.65413,-0.597803
347,0,nan,0,0,0,1,1,0.4531,0,0.00532648,-0.00302183,-0.707472,-0.530127
348,0,nan,0,0,0,1,1,0.4531,0,-0.0117183,-0.00303666,-0.521938,-0.721875
349,0,nan,0,0,0,1,1,0.4531,0.0122173,0.00852238,-0.00304173,-0.745254,-0.665479
350,0,nan,0,0,0,1,1,0.4531,0,-0.00852238,-0.00305775,-0.559877,-0.676758
351,0,nan,0,0,0,1,1,0.4531,0,0.00532648,-0.00304685,-0.710775,-0.586523
352,0,nan,0,0,0,1,1,0.4531,0,-0.0170448,-0.00304406,-0.464323,-0.699316
353,0,nan,0,0,0,1,1,0.4531,0.015708,-0.00319589,-0.00304871,-0.617275,-0.733154
354,0,nan,0,0,0,1,1,0.4531,0,0.00213059,-0.0030404,-0.67477,-0.654199
355,0,nan,0,0,0,1,1,0.4531,0,-0.00319589,-0.00304612,-0.616934,-0.586523
356,0,nan,0,0,0,1,1,0.4531,0,0.0245018,-0.00308873,-0.927233,-0.609082
357,0,nan,0,0,0,1,1,0.453004,-0.00349066,-0.00213059,-0.00304863,-0.628983,-0.631641
358,0,nan,0,0,0,1,1,0.4531,0.00698132,-0.00319589,-0.00304733,-0.617093,-0.631641
359,0,nan,0,0,0,1,1,0.4531,0,-0.0127836,-0.00304758,-0.511661,-0.688037
360,0,nan,0,0,0,1,1,0.4531,0,0.00426119,-0.00306417,-0.701343,-0.688037
361,0,nan,0,0,0,1,1,0.4531,0,-0.00532648,-0.00307272,-0.597008,-0.631641
362,0,nan,0,0,0,1,1,0.4531,0,-0.00639178,-0.00306858,-0.584743,-0.597803
363,0,nan,0,0,0,1,1,0.4531,0,0.0149142,-0.0030761,-0.820101,-0.631641
364,0,nan,0,0,0,1,1,0.453004,-0.0122173,0.0255671,-0.00309204,-0.939388,-0.688037
365,0,nan,0,0,0,1,1,0.453004,-0.0244346,-0.0010653,-0.00306794,-0.64325,-0.64292
366,0,nan,0,0,0,1,1,0.4531,0.0174533,0.00745708,-0.00304162,-0.733521,-0.586523
367,0,nan,0,0,0,1,1,0.4531,0,0.0191753,-0.00304036,-0.862256,-0.530127
368,0,nan,0,0,0,1,1,0.453004,-0.0314159,-0.00319589,-0.00302188,-0.613733,-0.676758
369,0,nan,0,0,0,1,1,0.4531,0.00872665,0.00745708,-0.00306368,-0.736434,-0.710596
370,0,nan,0,0,0,1,1,0.453004,0,-0.00639178,-0.00304646,-0.581824,-0.64292
371,0,nan,0,0,0,1,1,0.4531,0.00174533,0.0149142,-0.0030456,-0.816075,-0.507568
372,0,nan,0,0,0,1,1,0.453004,-0.0383972,0.00852238,-0.00300978,-0.741037,-0.64292
373,0,nan,0,0,0,1,1,0.4531,-0.0645772,-0.0010653,-0.00304188,-0.63981,-0.688037
374,0,nan,0,0,0,1,1,0.453004,0.0244346,0.00532648,-0.00308146,-0.715344,-0.597803
375,0,nan,0,0,0,1,1,0.453004,0,-0.010653,-0.0030693,-0.537965,-0.744434
376,0,nan,0,0,0,1,1,0.453004,0,0.0170448,-0.00309729,-0.846335,-0.789551
377,0,nan,0,0,0,1,1,0.453004,0,0.00426119,-0.00309219,-0.705042,-0.64292
378,0,nan,0,0,0,1,1,0.453004,0,-0.0170448,-0.00309405,-0.470922,-0.699316
379,0,nan,0,0,0,1,1,0.4531,0.00174533,-0.0149142,-0.00305613,-0.489353,-0.609082
380,0,nan,0,0,0,1,1,0.4531,0,-0.00532648,-0.00308171,-0.598195,-0.676758
381,0,nan,0,0,0,1,1,0.453004,0.010472,0.0117183,-0.00309489,-0.787427,-0.665479
382,0,nan,0,0,0,1,1,0.453004,-0.00872665,0.010653,-0.0031038,-0.776884,-0.812109
383,0,nan,0,0,0,1,1,0.453004,0,-0.0276977,-0.00310135,-0.354703,-0.688037
384,0,nan,0,0,0,1,1,0.453004,0.0139626,0.00958767,-0.00314075,-0.770044,-0.597803
385,0,nan,0,0,0,1,1,0.453004,0,0.01811,-0.00316532,-0.867032,-0.688037
386,0,nan,0,0,0,1,1,0.453004,0,-0.0234365,-0.0031251,-0.404712,-0.676758
387,0,nan,0,0,0,1,1,0.4531,0.0139626,0.010653,-0.00314593,-0.782445,-0.755713
388,0,nan,0,0,0,1,1,0.453004,0,-0.00426119,-0.00315978,-0.620218,-0.699316
389,0,nan,0,0,0,1,1,0.453004,0,0.00319589,-0.00319346,-0.706692,-0.64292
390,0,nan,0,0,0,1,1,0.453004,-0.0191986,0.00213059,-0.00316906,-0.691752,-0.789551
391,0,nan,0,0,0,1,1,0.453004,0,-0.0159795,-0.00312414,-0.486613,-0.597803
392,0,nan,0,0,0,1,1,0.453004,0,-0.00532648,-0.00314911,-0.607091,-0.733154
393,0,nan,0,0,0,1,1,0.453004,0,-0.0276977,-0.0031541,-0.361666,-0.699316
394,0,nan,0,0,0,1,1,0.453004,0,0.0234365,-0.00316154,-0.925125,-0.789551
395,0,nan,0,0,0,1,1,0.453004,0,-0.0127836,-0.00312371,-0.521711,-0.654199
396,0,nan,0,0,0,1,1,0.453004,0,-0.00319589,-0.00313062,-0.628088,-0.699316
397,0,nan,0,0,0,1,1,0.453004,0,0.0234365,-0.00314818,-0.923362,-0.654199
398,0,nan,0,0,0,1,1,0.453004,0,0.00532648,-0.00317905,-0.728226,-0.699316
399,0,nan,0,0,0,1,1,0.453004,0,0.00319589,-0.00318908,-0.706114,-0.530127
400,0,nan,0,0,0,1,1,0.453004,-0.0453786,-0.00213059,-0.00320045,-0.649022,-0.688037
401,0,nan,0,0,0,1,1,0.453004,0,0.0170448,-0.00323764,-0.864861,-0.80083
402,0,nan,0,0,0,1,1,0.453004,0,0.0010653,-0.0032496,-0.690665,-0.688037
403,0,nan,0,0,0,1,1,0.453004,0,-0.00319589,-0.00326132,-0.64534,-0.721875
404,0,nan,0,0,0,1,1,0.453004,0,0.0223712,-0.00326342,-0.926855,-0.676758
405,0,nan,0,0,0,1,1,0.453004,-0.00872665,-0.00213059,-0.00322693,-0.652518,-0.64292
406,0,nan,0,0,0,1,1,0.453004,0.00349066,0.0138489,-0.00328484,-0.835936,-0.755713
407,0,nan,0,0,0,1,1,0.453004,0,0.00532648,-0.00331576,-0.746271,-0.823389
408,0,nan,0,0,0,1,1,0.452908,0,-0.00532648,-0.00329294,-0.626076,-0.744434
409,0,nan,0,0,0,1,1,0.453004,0,-0.00426119,-0.00331417,-0.640597,-0.789551
410,0,nan,0,0,0,1,1,0.453004,0,0.0010653,-0.00333577,-0.70204,-0.812109
411,0,nan,0,0,0,1,1,0.453004,0,0.0159795,-0.0033331,-0.865743,-0.812109
412,0,nan,0,0,0,1,1,0.453004,0.0366519,0.0117183,-0.00334481,-0.820416,-0.654199
413,0,nan,0,0,0,1,1,0.453004,-0.00523599,-0.0234365,-0.0033421,-0.433355,-0.721875
414,0,nan,0,0,0,1,1,0.453004,0.015708,0.0191753,-0.00337185,-0.906013,-0.620361
415,0,nan,0,0,0,1,1,0.452908,-0.00174533,-0.00958767,-0.00336365,-0.588537,-0.733154
416,0,nan,0,0,0,1,1,0.452908,0,0.00213059,-0.00339846,-0.722033,-0.812109
417,0,nan,0,0,0,1,1,0.452908,0,0.00426119,-0.00338756,-0.744031,-0.541406
418,0,nan,0,0,0,1,1,0.453004,0,-0.0191753,-0.00341484,-0.48983,-0.552686
419,0,nan,0,0,0,1,1,0.453004,0.015708,0.0138489,-0.00341055,-0.85253,-0.676758
420,0,nan,0,0,0,1,1,0.452908,-0.0174533,0.0149142,-0.00341914,-0.865382,-0.789551
421,0,nan,0,0,0,1,1,0.452908,0,0.00958767,-0.00347191,-0.813756,-0.688037
422,0,nan,0,0,0,1,1,0.452908,-0.00872665,0.00745708,-0.00347645,-0.790919,-0.721875
423,0,nan,0,0,0,1,1,0.452908,0,0.0234365,-0.00350666,-0.970681,-0.744434
424,0,nan,0,0,0,1,1,0.452908,-0.0174533,-0.028763,-0.00351733,-0.397894,-0.845947
425,0,nan,0,0,0,1,1,0.453004,0.0122173,0.00319589,-0.00356044,-0.755133,-0.733154
426,0,nan,0,0,0,1,1,0.452908,-0.00872665,0.00426119,-0.00360489,-0.772718,-0.733154
427,0,nan,0,0,0,1,1,0.452908,0,0.00426119,-0.00357169,-0.768336,-0.631641
428,0,nan,0,0,0,1,1,0.453004,0,0.0234365,-0.00358978,-0.981653,-0.609082
429,0,nan,0,0,0,1,1,0.452908,-0.00698132,-0.00532648,-0.00358032,-0.664011,-0.665479
430,0,nan,0,0,0,1,1,0.452908,0,0.0127836,-0.00360977,-0.867109,-0.699316
431,0,nan,0,0,0,1,1,0.452908,0,-0.00426119,-0.00359789,-0.678049,-0.699316
432,0,nan,0,0,0,1,1,0.452908,0,-0.0149142,-0.003606,-0.561936,-0.812109
433,0,nan,0,0,0,1,1,0.452908,0.00523599,0.0149142,-0.00364391,-0.895052,-0.778271
434,0,nan,0,0,0,1,1,0.452812,-0.0191986,-0.0202406,-0.00364259,-0.508175,-0.812109
435,0,nan,0,0,0,1,1,0.452908,0.0279253,-0.00958767,-0.00363712,-0.624635,-0.744434
436,0,nan,0,0,0,1,1,0.452812,-0.0139626,-0.0202406,-0.00361016,-0.503893,-0.699316
437,0,nan,0,0,0,1,1,0.452908,0.0174533,0.01811,-0.00363471,-0.928992,-0.665479
438,0,nan,0,0,0,1,1,0.452812,-0.020944,-0.0191753,-0.00366932,-0.523422,-0.834668
439,0,nan,0,0,0,1,1,0.452908,0.00523599,0.00213059,-0.00370918,-0.763048,-0.868506
440,0,nan,0,0,0,1,1,0.452812,0,-0.0266324,-0.00370572,-0.446199,-0.755713
441,0,nan,0,0,0,1,1,0.452908,0.0279253,0.00532648,-0.00371456,-0.798913,-0.744434
442,0,nan,0,0,0,1,1,0.452812,0,0.010653,-0.00372394,-0.858742,-0.665479
443,0,nan,0,0,0,1,1,0.452812,-0.0314159,0.01811,-0.00373275,-0.941934,-0.879785
444,0,nan,0,0,0,1,1,0.452812,0.0296706,0.00426119,-0.00375191,-0.792125,-0.778271
445,0,nan,0,0,0,1,1,0.452812,0,-0.0117183,-0.00373358,-0.613931,-0.845947
446,0,nan,0,0,0,1,1,0.452812,0.0191986,-0.00213059,-0.00374723,-0.721198,-0.721875
447,0,nan,0,0,0,1,1,0.452812,0,0.00426119,-0.00378144,-0.796024,-0.710596
448,0,nan,0,0,0,1,1,0.452812,-0.0226893,-0.010653,-0.00378901,-0.632966,-0.778271
449,0,nan,0,0,0,1,1,0.452812,0.0122173,0.01811,-0.00379259,-0.949833,-0.778271
450,0,nan,0,0,0,1,1,0.452812,0,0.00532648,-0.00381912,-0.812716,-0.823389
451,0,nan,0,0,0,1,1,0.452812,0,0.00319589,-0.00384324,-0.792463,-0.857227
452,0,nan,0,0,0,1,1,0.452812,0,0.00532648,-0.00384099,-0.815602,-0.868506
453,0,nan,0,0,0,1,1,0.452812,0,-0.0170448,-0.00379919,-0.564001,-0.789551
454,0,nan,0,0,0,1,1,0.452812,0,0.00319589,-0.00381397,-0.788598,-0.631641
455,0,nan,0,0,0,1,1,0.452716,0.0139626,-0.01811,-0.00378,-0.549749,-0.778271
456,0,nan,0,0,0,1,1,0.452812,0,-0.0117183,-0.00376513,-0.618096,-0.609082
457,0,nan,0,0,0,1,1,0.452812,0,0.00745708,-0.00378537,-0.831696,-0.868506
458,0,nan,0,0,0,1,1,0.452716,0,-0.0010653,-0.00379446,-0.739151,-0.868506
459,0,nan,0,0,0,1,1,0.452812,-0.015708,0.00532648,-0.00385534,-0.817497,-0.845947
460,0,nan,0,0,0,1,1,0.452716,0,0.0138489,-0.00385151,-0.910737,-0.778271
461,0,nan,0,0,0,1,1,0.452716,0,0.0213059,-0.00381178,-0.98752,-0.64292
462,0,nan,0,0,0,1,1,0.452812,-0.0174533,-0.00426119,-0.00381444,-0.706633,-0.868506
463,0,nan,0,0,0,1,1,0.452812,0.010472,0.00426119,-0.00380531,-0.799174,-0.586523
464,0,nan,0,0,0,1,1,0.452716,-0.0279253,-0.0223712,-0.00381073,-0.506933,-0.665479
465,0,nan,0,0,0,1,1,0.452812,0.015708,-0.00852238,-0.00381834,-0.660274,-0.823389
466,0,nan,0,0,0,1,1,0.452716,-0.0122173,0.00319589,-0.00385025,-0.793388,-0.845947
467,0,nan,0,0,0,1,1,0.452716,0,-0.0010653,-0.00384035,-0.745208,-0.812109
468,0,nan,0,0,0,1,1,0.452716,0.0191986,0.010653,-0.0038477,-0.87508,-0.721875
469,0,nan,0,0,0,1,1,0.452716,-0.00349066,0.0170448,-0.00385244,-0.946014,-0.857227
470,0,nan,0,0,0,1,1,0.452716,0.00872665,0.00532648,-0.0038589,-0.817966,-0.744434
471,0,nan,0,0,0,1,1,0.452716,0,-0.0149142,-0.00386548,-0.596188,-0.868506
472,0,nan,0,0,0,1,1,0.452716,0,-0.00852238,-0.00384846,-0.664251,-0.744434
473,0,nan,0,0,0,1,1,0.452716,0,-0.00319589,-0.00385648,-0.723901,-0.744434
474,0,nan,0,0,0,1,1,0.452716,0,-0.00958767,-0.00384592,-0.652197,-0.64292
475,0,nan,0,0,0,1,1,0.452716,0,-0.00213059,-0.00384528,-0.734141,-0.755713
476,0,nan,0,0,0,1,1,0.452716,0,-0.0245018,-0.0038315,-0.486238,-0.80083
477,0,nan,0,0,0,1,1,0.452812,0.0174533,-0.00213059,-0.00384887,-0.734615,-0.778271
478,0,nan,0,0,0,1,1,0.452716,-0.00872665,0.0255671,-0.00387515,-1.04276,-0.665479
479,0,nan,0,0,0,1,1,0.45262,-0.0174533,-0.0159795,-0.00385214,-0.582708,-0.699316
480,0,nan,0,0,0,1,1,0.452812,0,0.010653,-0.00388656,-0.880208,-0.857227
481,0,nan,0,0,0,1,1,0.452716,0,-0.00213059,-0.00387696,-0.738322,-0.665479
482,0,nan,0,0,0,1,1,0.452716,-0.00872665,0.00852238,-0.00386964,-0.854539,-0.654199
483,0,nan,0,0,0,1,1,0.452716,0,-0.00532648,-0.00384019,-0.698313,-0.699316
484,0,nan,0,0,0,1,1,0.452716,0,0.0010653,-0.00387979,-0.773851,-0.789551
485,0,nan,0,0,0,1,1,0.45262,0,0.00319589,-0.00390809,-0.801022,-0.857227
486,0,nan,0,0,0,1,1,0.45262,0,0.0127836,-0.00392711,-0.908998,-0.823389
487,0,nan,0,0,0,1,1,0.452716,0,-0.0117183,-0.00388277,-0.633625,-0.744434
488,0,nan,0,0,0,1,1,0.452716,0.0139626,-0.0159795,-0.00383985,-0.581087,-0.665479
489,0,nan,0,0,0,1,1,0.452716,0,0.00426119,-0.0038907,-0.810446,-0.812109
490,0,nan,0,0,0,1,1,0.45262,0,-0.00426119,-0.0039102,-0.719273,-0.924902
491,0,nan,0,0,0,1,1,0.452716,0,0.0127836,-0.00390634,-0.906256,-0.80083
492,0,nan,0,0,0,1,1,0.452716,0.00872665,-0.0202406,-0.00389214,-0.541116,-0.879785
493,0,nan,0,0,0,1,1,0.452716,0.0226893,0.0127836,-0.00388463,-0.90339,-0.64292
494,0,nan,0,0,0,1,1,0.45262,-0.0418879,0.0255671,-0.00391202,-1.04763,-0.766992
495,0,nan,0,0,0,1,1,0.45262,-0.0401426,0.00852238,-0.00395457,-0.865749,-0.823389
496,0,nan,0,0,0,1,1,0.45262,0.00872665,-0.00852238,-0.00394814,-0.677409,-0.710596
497,0,nan,0,0,0,1,1,0.45262,0.00872665,-0.00639178,-0.00387973,-0.691814,-0.733154
498,0,nan,0,0,0,1,1,0.45262,0,0.00213059,-0.00390488,-0.788881,-0.766992
499,0,nan,0,0,0,1,1,0.45262,0,-0.0159795,-0.00389036,-0.587754,-0.744434
500,0,nan,0,0,0,1,1,0.45262,0,0.00319589,-0.00386755,-0.795672,-0.676758
501,0,nan,0,0,0,1,1,0.45262,-0.0174533,0.00639178,-0.00387122,-0.831311,-0.834668
502,0,nan,0,0,0,1,1,0.45262,0.00698132,-0.0127836,-0.00389632,-0.623695,-0.947461
503,0,nan,0,0,0,1,1,0.45262,0,0.00319589,-0.0039127,-0.801631,-0.80083
504,0,nan,0,0,0,1,1,0.45262,-0.00174533,-0.00319589,-0.00391274,-0.731327,-0.80083
505,0,nan,0,0,0,1,1,0.45262,0.015708,0.0340895,-0.00388465,-1.13776,-0.563965
506,0,nan,0,0,0,1,1,0.45262,-0.0628319,-0.0010653,-0.00388459,-0.751047,-0.924902
507,0,nan,0,0,0,1,1,0.45262,0.00174533,0.00532648,-0.00393661,-0.828223,-0.868506
508,0,nan,0,0,0,1,1,0.452524,0,0.00958767,-0.00393854,-0.875352,-0.755713
509,0,nan,0,0,0,1,1,0.452524,-0.0226893,0.00213059,-0.00393294,-0.792584,-0.812109
510,0,nan,0,0,0,1,1,0.452524,0.010472,0.00319589,-0.00392572,-0.80335,-0.744434
511,0,nan,0,0,0,1,1,0.45262,0,-0.0149142,-0.0039363,-0.605536,-0.789551
512,0,nan,0,0,0,1,1,0.452524,0,-0.0010653,-0.00393274,-0.757404,-0.710596
513,0,nan,0,0,0,1,1,0.452524,0,0.00213059,-0.00396439,-0.796736,-0.902344
514,0,nan,0,0,0,1,1,0.452524,0.00872665,-0.00639178,-0.00398907,-0.706248,-0.845947
515,0,nan,0,0,0,1,1,0.452524,0,0.0245018,-0.00397549,-1.04428,-0.744434
516,0,nan,0,0,0,1,1,0.452524,0,0.00852238,-0.00396374,-0.866959,-0.744434
517,0,nan,0,0,0,1,1,0.452524,-0.010472,-0.00213059,-0.00398537,-0.752633,-0.891064
518,0,nan,0,0,0,1,1,0.45262,0.0349066,0.00532648,-0.00401141,-0.838098,-0.744434
519,0,nan,0,0,0,1,1,0.452428,0,-0.00319589,-0.00403928,-0.748031,-0.947461
520,0,nan,0,0,0,1,1,0.452524,0.00872665,-0.00639178,-0.00403651,-0.712509,-0.766992
521,0,nan,0,0,0,1,1,0.452524,0.0122173,0.00426119,-0.00403476,-0.829462,-0.665479
522,0,nan,0,0,0,1,1,0.452524,-0.0279253,0.0138489,-0.00405934,-0.93817,-0.80083
523,0,nan,0,0,0,1,1,0.452524,0,-0.0159795,-0.00406799,-0.611201,-0.845947
524,0,nan,0,0,0,1,1,0.452524,0.00872665,-0.0298283,-0.004038,-0.454905,-0.834668
525,0,nan,0,0,0,1,1,0.45262,0.015708,0.0117183,-0.0040295,-0.910795,-0.665479
526,0,nan,0,0,0,1,1,0.452428,-0.0261799,-0.00319589,-0.0040068,-0.743742,-0.710596
527,0,nan,0,0,0,1,1,0.452524,0,-0.00745708,-0.00400435,-0.696547,-0.676758
528,0,nan,0,0,0,1,1,0.452428,-0.0244346,0.00426119,-0.00401752,-0.827186,-0.766992
529,0,nan,0,0,0,1,1,0.452524,0,-0.00532648,-0.00400127,-0.719577,-0.744434
530,0,nan,0,0,0,1,1,0.452524,0.00698132,-0.0010653,-0.00399039,-0.765014,-0.665479
531,0,nan,0,0,0,1,1,0.452524,0,0.00426119,-0.00397408,-0.821452,-0.812109
532,0,nan,0,0,0,1,1,0.452524,0.00698132,0.0117183,-0.0039955,-0.906307,-0.766992
533,0,nan,0,0,0,1,1,0.452524,0,0.0159795,-0.00407125,-0.963179,-0.902344
534,0,nan,0,0,0,1,1,0.452524,0.00349066,0.0266324,-0.00404633,-1.07707,-0.518848
535,0,nan,0,0,0,1,1,0.452333,-0.0628319,0.00958767,-0.0040751,-0.893377,-0.924902
536,0,nan,0,0,0,1,1,0.452524,0.0366519,0.00639178,-0.00408926,-0.860092,-0.80083
537,0,nan,0,0,0,1,1,0.452428,0,-0.00745708,-0.00410863,-0.710312,-0.879785
538,0,nan,0,0,0,1,1,0.452428,0,-0.0223712,-0.00409442,-0.54438,-0.609082
539,0,nan,0,0,0,1,1,0.452428,0.0226893,-0.00532648,-0.00401665,-0.721607,-0.575244
540,0,nan,0,0,0,1,1,0.452428,-0.0296706,0.00958767,-0.00405103,-0.8902,-0.789551
541,0,nan,0,0,0,1,1,0.452333,0.00872665,0.00426119,-0.00410604,-0.838871,-0.947461
542,0,nan,0,0,0,1,1,0.452333,0,-0.0010653,-0.00410339,-0.77993,-0.902344
543,0,nan,0,0,0,1,1,0.452333,0,0.00213059,-0.00407954,-0.811936,-0.80083
544,0,nan,0,0,0,1,1,0.452333,0,-0.0138489,-0.00409032,-0.637585,-0.789551
545,0,nan,0,0,0,1,1,0.452333,0.015708,-1.30461e-19,-0.00408373,-0.789053,-0.823389
546,0,nan,0,0,0,1,1,0.452333,0,-0.0159795,-0.00400798,-0.60328,-0.676758
547,0,nan,0,0,0,1,1,0.452428,-0.00174533,-0.00319589,-0.00398381,-0.740708,-0.778271
548,0,nan,0,0,0,1,1,0.452428,0.0279253,0.00639178,-0.00396778,-0.844057,-0.789551
549,0,nan,0,0,0,1,1,0.452333,-0.0279253,0.0255671,-0.00401118,-1.06071,-0.857227
550,0,nan,0,0,0,1,1,0.452333,0.00872665,0.010653,-0.00402512,-0.898499,-0.879785
551,0,nan,0,0,0,1,1,0.452333,0,-0.00319589,-0.0040162,-0.744984,-0.755713
552,0,nan,0,0,0,1,1,0.452428,0.0174533,0.00958767,-0.00405256,-0.890402,-0.721875
553,0,nan,0,0,0,1,1,0.452333,0,0.0159795,-0.00403983,-0.959031,-0.710596
554,0,nan,0,0,0,1,1,0.452428,0,0.00319589,-0.0040459,-0.819213,-0.789551
555,0,nan,0,0,0,1,1,0.452333,0,0.01811,-0.0040677,-0.986147,-0.778271
556,0,nan,0,0,0,1,1,0.452333,0,-0.010653,-0.00408443,-0.671962,-0.891064
557,0,nan,0,0,0,1,1,0.452333,0,-0.00426119,-0.00406823,-0.740134,-0.812109
558,0,nan,0,0,0,1,1,0.452333,0,0.0138489,-0.00407961,-0.940846,-0.812109
559,0,nan,0,0,0,1,1,0.452333,0,-0.00532648,-0.00406154,-0.727532,-0.710596
560,0,nan,0,0,0,1,1,0.452333,0,-0.0010653,-0.0040304,-0.770294,-0.789551
561,0,nan,0,0,0,1,1,0.452333,0,0.00213059,-0.00404001,-0.806718,-0.710596
562,0,nan,0,0,0,1,1,0.452333,0,0.010653,-0.00407539,-0.905134,-0.868506
563,0,nan,0,0,0,1,1,0.452333,0,0.00852238,-0.00411965,-0.88754,-0.823389
564,0,nan,0,0,0,1,1,0.452333,0,0.00213059,-0.00412891,-0.818452,-0.789551
565,0,nan,0,0,0,1,1,0.452333,0,-0.0010653,-0.00411784,-0.781836,-0.902344
566,0,nan,0,0,0,1,1,0.452333,0.015708,-0.0010653,-0.00413675,-0.784333,-0.834668
567,0,nan,0,0,0,1,1,0.452333,0,0.0138489,-0.00415505,-0.950804,-0.778271
568,0,nan,0,0,0,1,1,0.452333,-0.0226893,0.0138489,-0.00419919,-0.956631,-0.913623
569,0,nan,0,0,0,1,1,0.452237,0,-0.0127836,-0.00417822,-0.660906,-0.845947
570,0,nan,0,0,0,1,1,0.452333,0.015708,0.00852238,-0.00413529,-0.889604,-0.676758
571,0,nan,0,0,0,1,1,0.452333,0,0.00532648,-0.00412365,-0.852913,-0.755713
572,0,nan,0,0,0,1,1,0.452333,0,0.0117183,-0.00410257,-0.92044,-0.710596
573,0,nan,0,0,0,1,1,0.452237,-0.0261799,-0.00958767,-0.00413133,-0.689871,-0.879785
574,0,nan,0,0,0,1,1,0.452333,0.0226893,-0.00213059,-0.00414581,-0.77381,-0.744434
575,0,nan,0,0,0,1,1,0.452333,0,0.0117183,-0.00415826,-0.927791,-0.676758
576,0,nan,0,0,0,1,1,0.452237,-0.0418879,-0.0117183,-0.00413635,-0.667097,-0.699316
577,0,nan,0,0,0,1,1,0.452237,0,-0.0127836,-0.00418167,-0.661361,-0.913623
578,0,nan,0,0,0,1,1,0.452237,0,0.00319589,-0.00418746,-0.837899,-0.879785
579,0,nan,0,0,0,1,1,0.452237,0,-0.00958767,-0.00418106,-0.696436,-0.710596
580,0,nan,0,0,0,1,1,0.452237,0,0.00639178,-0.00418554,-0.8728,-0.789551
581,0,nan,0,0,0,1,1,0.452237,0,0.0149142,-0.00424452,-0.974332,-0.80083
582,0,nan,0,0,0,1,1,0.452237,-0.0191986,0.0127836,-0.00422823,-0.948746,-0.857227
583,0,nan,0,0,0,1,1,0.452237,-0.0244346,0.00532648,-0.00421413,-0.864857,-0.789551
584,0,nan,0,0,0,1,1,0.452237,0.010472,-0.00639178,-0.00424304,-0.739771,-0.902344
585,0,nan,0,0,0,1,1,0.452237,0,-0.00426119,-0.00427806,-0.767831,-0.913623
586,0,nan,0,0,0,1,1,0.452237,0,-0.00213059,-0.00426396,-0.789406,-0.766992
587,0,nan,0,0,0,1,1,0.452237,0,-0.0351548,-0.00424446,-0.423566,-0.766992
588,0,nan,0,0,0,1,1,0.452237,0,-0.00745708,-0.00421152,-0.723893,-0.733154
589,0,nan,0,0,0,1,1,0.452237,0,-0.00532648,-0.00418082,-0.743278,-0.891064
590,0,nan,0,0,0,1,1,0.452237,0.0296706,0.00532648,-0.00417961,-0.8603,-0.857227
591,0,nan,0,0,0,1,1,0.452237,0,-0.0191753,-0.00418724,-0.591787,-0.80083
592,0,nan,0,0,0,1,1,0.452237,-0.00872665,-0.0127836,-0.00419274,-0.662823,-0.845947
593,0,nan,0,0,0,1,1,0.452237,0.00174533,0.01811,-0.00423414,-1.00812,-0.755713
594,0,nan,0,0,0,1,1,0.452141,-0.0244346,1.30461e-18,-0.00426753,-0.813314,-0.936182
595,0,nan,0,0,0,1,1,0.452141,0.00872665,-0.0138489,-0.0042262,-0.655521,-0.879785
596,0,nan,0,0,0,1,1,0.452141,0.0122173,0.00213059,-0.0041912,-0.826675,-0.766992
597,0,nan,0,0,0,1,1,0.452141,0,-0.00639178,-0.00418145,-0.731641,-0.766992
598,0,nan,0,0,0,1,1,0.452141,0,-0.00745708,-0.00419926,-0.722274,-0.823389
599,0,nan,0,0,0,1,1,0.452141,0,-0.0117183,-0.00421889,-0.677992,-0.789551
600,0,nan,0,0,0,1,1,0.452141,-0.00349066,-0.0010653,-0.00422916,-0.796531,-0.902344
601,0,nan,0,0,0,1,1,0.452141,0,0.010653,-0.00424968,-0.92814,-0.834668
602,0,nan,0,0,0,1,1,0.452141,0,-0.00213059,-0.00421858,-0.783416,-0.80083
603,0,nan,0,0,0,1,1,0.452141,0,-0.0149142,-0.00423551,-0.645032,-0.80083
604,0,nan,0,0,0,1,1,0.452141,-0.00872665,0.0213059,-0.0042369,-1.04364,-0.789551
605,0,nan,0,0,0,1,1,0.452045,-0.00872665,-0.00426119,-0.00425357,-0.764599,-0.789551
606,0,nan,0,0,0,1,1,0.452141,0,0.0127836,-0.00421676,-0.947231,-0.721875
607,0,nan,0,0,0,1,1,0.452141,-0.0314159,-0.0170448,-0.0042191,-0.619428,-0.733154
608,0,nan,0,0,0,1,1,0.452141,0,-0.00426119,-0.00425043,-0.764183,-0.721875
609,0,nan,0,0,0,1,1,0.452141,0.0191986,-0.00745708,-0.00426366,-0.730775,-0.834668
610,0,nan,0,0,0,1,1,0.452141,0,-0.010653,-0.00424403,-0.693029,-0.913623
611,0,nan,0,0,0,1,1,0.452141,0,-0.00639178,-0.00422345,-0.737186,-0.744434
612,0,nan,0,0,0,1,1,0.452141,0,-0.010653,-0.0042206,-0.689937,-0.755713
613,0,nan,0,0,0,1,1,0.452141,0,0.0010653,-0.00421488,-0.818083,-0.744434
614,0,nan,0,0,0,1,1,0.452045,-0.0226893,0.00213059,-0.00420976,-0.829125,-0.868506
615,0,nan,0,0,0,1,1,0.452141,0,0.0245018,-0.00423194,-1.07814,-0.766992
616,0,nan,0,0,0,1,1,0.452141,0,0.0202406,-0.00422925,-1.03091,-0.654199
617,0,nan,0,0,0,1,1,0.452045,-0.0471239,0.0010653,-0.00421122,-0.8176,-0.936182
618,0,nan,0,0,0,1,1,0.452141,0.0436332,-0.00639178,-0.00419558,-0.733507,-0.789551
619,0,nan,0,0,0,1,1,0.452045,0.00698132,0.00213059,-0.00419266,-0.826867,-0.823389
620,0,nan,0,0,0,1,1,0.452045,0,0.0159795,-0.00417045,-0.976274,-0.699316
621,0,nan,0,0,0,1,1,0.452045,0,0.00213059,-0.00415093,-0.82136,-0.766992
622,0,nan,0,0,0,1,1,0.452045,0,-0.00852238,-0.00416824,-0.706462,-0.891064
623,0,nan,0,0,0,1,1,0.452045,0.00349066,-0.0010653,-0.00418567,-0.790791,-0.845947
624,0,nan,0,0,0,1,1,0.452045,0,0.00958767,-0.00419819,-0.909625,-0.823389
625,0,nan,0,0,0,1,1,0.452045,-0.00872665,-0.0159795,-0.0041629,-0.623728,-0.812109
626,0,nan,0,0,0,1,1,0.452045,0,-7.82767e-19,-0.00415805,-0.798862,-0.789551
627,0,nan,0,0,0,1,1,0.452045,0,0.0010653,-0.00416781,-0.81187,-0.710596
628,0,nan,0,0,0,1,1,0.451949,-0.0383972,0.01811,-0.00421509,-1.0056,-0.981299
629,0,nan,0,0,0,1,1,0.451949,0,0.0202406,-0.00422928,-1.03091,-0.778271
630,0,nan,0,0,0,1,1,0.451949,0,-0.0202406,-0.00418059,-0.57919,-0.857227
631,0,nan,0,0,0,1,1,0.452045,0,0.010653,-0.00419313,-0.920676,-0.936182
632,0,nan,0,0,0,1,1,0.451949,0.00872665,-0.0213059,-0.00418536,-0.568102,-0.845947
633,0,nan,0,0,0,1,1,0.451949,0.0139626,-0.00532648,-0.00418972,-0.744452,-0.857227
634,0,nan,0,0,0,1,1,0.451949,0.00698132,0.0127836,-0.00417342,-0.94151,-0.744434
635,0,nan,0,0,0,1,1,0.451949,0,0.00958767,-0.00420549,-0.91059,-0.744434
636,0,nan,0,0,0,1,1,0.451949,0,0.00319589,-0.00419207,-0.838508,-0.755713
637,0,nan,0,0,0,1,1,0.451949,0,-0.0127836,-0.00420819,-0.664862,-0.95874
638,0,nan,0,0,0,1,1,0.451949,0.0261799,0.0010653,-0.00427319,-0.825779,-0.913623
639,0,nan,0,0,0,1,1,0.451949,0.0174533,-0.00319589,-0.00420422,-0.769802,-0.766992
640,0,nan,0,0,0,1,1,0.451949,0,-0.00958767,-0.00423383,-0.703402,-0.902344
641,0,nan,0,0,0,1,1,0.451949,0.0349066,-0.00426119,-0.00426763,-0.766454,-0.766992
642,0,nan,0,0,0,1,1,0.451853,-0.0261799,0.0255671,-0.00428896,-1.09738,-0.744434
643,0,nan,0,0,0,1,1,0.451853,-0.0349066,0.0223712,-0.00428753,-1.06204,-0.789551
644,0,nan,0,0,0,1,1,0.451949,0,-0.00532648,-0.00425659,-0.753279,-0.823389
645,0,nan,0,0,0,1,1,0.451853,0,0.0202406,-0.00425027,-1.03368,-0.721875
646,0,nan,0,0,0,1,1,0.451853,0,-0.0127836,-0.00425498,-0.671039,-0.902344
647,0,nan,0,0,0,1,1,0.451949,0.00349066,-0.00958767,-0.00423979,-0.704188,-0.766992
648,0,nan,0,0,0,1,1,0.451853,0,0.0149142,-0.00426194,-0.976632,-0.834668
649,0,nan,0,0,0,1,1,0.451853,-0.0279253,0.00319589,-0.00428987,-0.851418,-0.879785
650,0,nan,0,0,0,1,1,0.451853,0.00174533,-0.00213059,-0.00424984,-0.787542,-0.902344
651,0,nan,0,0,0,1,1,0.451853,0,0.00426119,-0.00428542,-0.862549,-0.868506
652,0,nan,0,0,0,1,1,0.451853,0.0139626,-0.0138489,-0.00433781,-0.670253,-1.01514
653,0,nan,0,0,0,1,1,0.451853,0.0174533,0.00319589,-0.00434902,-0.859226,-0.95874
654,0,nan,0,0,0,1,1,0.451757,0,-0.0117183,-0.00431463,-0.69063,-0.812109
655,0,nan,0,0,0,1,1,0.451853,0,0.0170448,-0.00431838,-1.00752,-0.823389
656,0,nan,0,0,0,1,1,0.451853,0,0.0170448,-0.00436356,-1.01348,-0.868506
657,0,nan,0,0,0,1,1,0.451757,0,0.00532648,-0.00442877,-0.893189,-0.913623
658,0,nan,0,0,0,1,1,0.451757,-0.010472,-0.00852238,-0.00439313,-0.736147,-0.778271
659,0,nan,0,0,0,1,1,0.451757,0,-0.00532648,-0.00436813,-0.768001,-0.665479
660,0,nan,0,0,0,1,1,0.451757,-0.0244346,0.0159795,-0.00436085,-1.00141,-0.789551
661,0,nan,0,0,0,1,1,0.451757,-0.0558505,0.010653,-0.00435987,-0.942686,-0.834668
662,0,nan,0,0,0,1,1,0.451757,0.0174533,-1.36984e-18,-0.00438132,-0.828334,-0.924902
663,0,nan,0,0,0,1,1,0.451757,0,0.00639178,-0.00436775,-0.896852,-0.947461
664,0,nan,0,0,0,1,1,0.451757,0.0366519,0.0234365,-0.00438742,-1.08694,-0.834668
665,0,nan,0,0,0,1,1,0.451661,0,-0.00639178,-0.00434679,-0.753467,-0.823389
666,0,nan,0,0,0,1,1,0.451757,0.00872665,-0.00639178,-0.00432073,-0.750026,-0.812109
667,0,nan,0,0,0,1,1,0.451757,0,-0.0255671,-0.00430848,-0.537482,-0.80083
668,0,nan,0,0,0,1,1,0.451757,0,0.0213059,-0.00429414,-1.05119,-0.64292
669,0,nan,0,0,0,1,1,0.451661,-0.0366519,-0.0255671,-0.00429134,-0.535219,-0.868506
670,0,nan,0,0,0,1,1,0.451757,0.0191986,-0.00745708,-0.00430253,-0.735906,-0.789551
671,0,nan,0,0,0,1,1,0.451661,0.00872665,-0.0117183,-0.00431065,-0.690105,-0.913623
672,0,nan,0,0,0,1,1,0.451661,0,-0.00852238,-0.00426354,-0.719041,-0.80083
673,0,nan,0,0,0,1,1,0.451661,0,-0.00426119,-0.00427148,-0.766962,-0.755713
674,0,nan,0,0,0,1,1,0.451661,-0.00872665,-0.00852238,-0.00425121,-0.717414,-0.744434
675,0,nan,0,0,0,1,1,0.451661,0,-0.00426119,-0.00428101,-0.76822,-0.913623
676,0,nan,0,0,0,1,1,0.451661,0,-0.0010653,-0.00431691,-0.808114,-0.80083
677,0,nan,0,0,0,1,1,0.451661,0,0.00426119,-0.00428397,-0.862357,-0.823389
678,0,nan,0,0,0,1,1,0.451661,0,-0.0191753,-0.00428279,-0.604399,-0.857227
679,0,nan,0,0,0,1,1,0.451661,0.0226893,-0.00426119,-0.00425941,-0.765369,-0.902344
680,0,nan,0,0,0,1,1,0.451661,0.00872665,-0.0159795,-0.00426148,-0.636741,-0.80083
681,0,nan,0,0,0,1,1,0.451661,0.0279253,0.00426119,-0.00427684,-0.861416,-0.812109
682,0,nan,0,0,0,1,1,0.451566,-0.0122173,-0.00213059,-0.00428822,-0.792608,-0.744434
683,0,nan,0,0,0,1,1,0.451661,-0.00698132,-0.00639178,-0.00430853,-0.748416,-0.755713
684,0,nan,0,0,0,1,1,0.451661,-0.0191986,0.00532648,-0.00433284,-0.880527,-0.879785
685,0,nan,0,0,0,1,1,0.451566,0,-0.01811,-0.00429451,-0.617665,-0.812109
686,0,nan,0,0,0,1,1,0.451661,0,-0.0276977,-0.00423629,-0.504515,-0.744434
687,0,nan,0,0,0,1,1,0.451661,0.0139626,0.00852238,-0.00427784,-0.908421,-0.834668
688,0,nan,0,0,0,1,1,0.451566,-0.00174533,-0.0149142,-0.00421935,-0.642899,-0.676758
689,0,nan,0,0,0,1,1,0.451661,-0.0558505,-0.00532648,-0.00420644,-0.746659,-0.789551
690,0,nan,0,0,0,1,1,0.451566,0.00349066,-0.0308936,-0.00422902,-0.468401,-0.789551
691,0,nan,0,0,0,1,1,0.451661,0.0174533,0.00213059,-0.00422824,-0.831565,-0.778271
692,0,nan,0,0,0,1,1,0.451661,0,-0.00426119,-0.00423266,-0.761838,-0.80083
693,0,nan,0,0,0,1,1,0.451661,0,-0.010653,-0.00418131,-0.68475,-0.755713
694,0,nan,0,0,0,1,1,0.451661,0,-0.010653,-0.00419286,-0.686274,-0.733154
695,0,nan,0,0,0,1,1,0.451661,0,0.00213059,-0.00418436,-0.825771,-0.845947
696,0,nan,0,0,0,1,1,0.451661,0,0.00213059,-0.00417376,-0.824373,-0.733154
697,0,nan,0,0,0,1,1,0.451661,0,0.00745708,-0.00418778,-0.884815,-0.823389
698,0,nan,0,0,0,1,1,0.451661,0,0.0202406,-0.00419292,-1.02611,-0.744434
699,0,nan,0,0,0,1,1,0.451566,-0.020944,-0.0127836,-0.00415644,-0.65803,-0.733154
700,0,nan,0,0,0,1,1,0.451661,0,-0.0149142,-0.00417286,-0.636761,-0.924902
701,0,nan,0,0,0,1,1,0.451661,0.0366519,-0.00532648,-0.00417004,-0.741854,-0.755713
702,0,nan,0,0,0,1,1,0.451566,-0.0296706,0.00852238,-0.00421472,-0.900089,-0.857227
703,0,nan,0,0,0,1,1,0.451566,0,-3.26153e-19,-0.00419881,-0.804243,-0.812109
704,0,nan,0,0,0,1,1,0.451566,0.0174533,0.010653,-0.00416173,-0.916531,-0.688037
705,0,nan,0,0,0,1,1,0.451566,-0.0314159,-0.00852238,-0.00417232,-0.707,-0.834668
706,0,nan,0,0,0,1,1,0.451566,0,-0.00319589,-0.00419093,-0.768048,-0.812109
707,0,nan,0,0,0,1,1,0.451566,0,-0.00426119,-0.00421968,-0.760125,-0.879785
708,0,nan,0,0,0,1,1,0.45147,0,-0.0149142,-0.00421343,-0.642118,-0.902344
709,0,nan,0,0,0,1,1,0.451566,0.015708,-0.00319589,-0.00419497,-0.768582,-0.766992
710,0,nan,0,0,0,1,1,0.451566,-0.00523599,0.00213059,-0.00417633,-0.824711,-0.80083
711,0,nan,0,0,0,1,1,0.451566,0,0.0010653,-0.00420101,-0.816252,-0.834668
712,0,nan,0,0,0,1,1,0.451566,0.00349066,0.0245018,-0.00422251,-1.07689,-0.688037
713,0,nan,0,0,0,1,1,0.45147,-0.00698132,0.0170448,-0.00423734,-0.996821,-0.721875
714,0,nan,0,0,0,1,1,0.451566,-0.010472,0.0159795,-0.00424684,-0.986357,-0.823389
715,0,nan,0,0,0,1,1,0.45147,0,-0.00213059,-0.00421639,-0.783127,-0.857227
716,0,nan,0,0,0,1,1,0.45147,0,-0.00213059,-0.00422064,-0.783688,-0.845947
717,0,nan,0,0,0,1,1,0.45147,0,-0.00852238,-0.00417815,-0.70777,-0.733154
718,0,nan,0,0,0,1,1,0.45147,-0.015708,0.0138489,-0.00414182,-0.949057,-0.778271
719,0,nan,0,0,0,1,1,0.45147,-0.0401426,0.00745708,-0.00413752,-0.878181,-0.733154
720,0,nan,0,0,0,1,1,0.45147,0,0.00319589,-0.0041349,-0.830961,-0.834668
721,0,nan,0,0,0,1,1,0.45147,0,-0.00213059,-0.00412355,-0.770872,-0.676758
722,0,nan,0,0,0,1,1,0.45147,-0.010472,0.0117183,-0.00409101,-0.918915,-0.755713
723,0,nan,0,0,0,1,1,0.45147,-0.0279253,-0.00745708,-0.00411672,-0.711379,-0.834668
724,0,nan,0,0,0,1,1,0.45147,0.0244346,0.0010653,-0.00410202,-0.803185,-0.688037
725,0,nan,0,0,0,1,1,0.45147,-0.00872665,0.00426119,-0.00408308,-0.835839,-0.834668
726,0,nan,0,0,0,1,1,0.45147,0.00698132,-0.00639178,-0.00410539,-0.721602,-0.710596
727,0,nan,0,0,0,1,1,0.45147,0.010472,-0.00319589,-0.00411301,-0.757762,-0.733154
728,0,nan,0,0,0,1,1,0.45147,-0.0366519,0.0213059,-0.00412537,-1.02891,-0.778271
729,0,nan,0,0,0,1,1,0.45147,-0.0261799,-0.010653,-0.00413916,-0.679187,-0.721875
730,0,nan,0,0,0,1,1,0.45147,0.00698132,-0.0255671,-0.00416623,-0.518703,-0.857227
731,0,nan,0,0,0,1,1,0.45147,0.0820305,-0.00319589,-0.00416596,-0.764752,-0.812109
732,0,nan,0,0,0,1,1,0.451374,-0.0436332,-0.00852238,-0.00417381,-0.707197,-0.755713
733,0,nan,0,0,0,1,1,0.451374,0,-0.0213059,-0.00419107,-0.568857,-0.924902
734,0,nan,0,0,0,1,1,0.451374,0.00174533,0.00532648,-0.00416154,-0.857914,-0.744434
735,0,nan,0,0,0,1,1,0.451374,-0.00872665,-0.00639178,-0.00414042,-0.726226,-0.676758
736,0,nan,0,0,0,1,1,0.451374,-0.0314159,0.00319589,-0.00413129,-0.830485,-0.789551
737,0,nan,0,0,0,1,1,0.451374,0,-0.0138489,-0.00408192,-0.636476,-0.620361
738,0,nan,0,0,0,1,1,0.451374,0,-0.00319589,-0.00406865,-0.751908,-0.654199
739,0,nan,0,0,0,1,1,0.451374,0,0.0159795,-0.00406085,-0.961807,-0.665479
740,0,nan,0,0,0,1,1,0.451374,-0.0244346,0.00319589,-0.00403394,-0.817635,-0.789551
741,0,nan,0,0,0,1,1,0.451374,-0.00698132,0.00532648,-0.00403411,-0.841094,-0.766992
742,0,nan,0,0,0,1,1,0.451374,0.0122173,-0.00639178,-0.00402693,-0.711245,-0.597803
743,0,nan,0,0,0,1,1,0.451374,0.00349066,0.00639178,-0.00403237,-0.852583,-0.755713
744,0,nan,0,0,0,1,1,0.451374,-0.00523599,-0.0149142,-0.00400309,-0.614352,-0.710596
745,0,nan,0,0,0,1,1,0.451374,0.0139626,0.00319589,-0.00400208,-0.813429,-0.755713
746,0,nan,0,0,0,1,1,0.451374,-0.0122173,0.0340895,-0.00400043,-1.15304,-0.688037
747,0,nan,0,0,0,1,1,0.451278,-0.0767945,0.00319589,-0.00397131,-0.809368,-0.676758
748,0,nan,0,0,0,1,1,0.45147,0.0191986,-0.0223712,-0.00400901,-0.533106,-0.834668
749,0,nan,0,0,0,1,1,0.451374,0.0733038,0.00426119,-0.00398897,-0.823417,-0.778271
750,0,nan,0,0,0,1,1,0.451374,-0.0383972,-0.00745708,-0.00399934,-0.695886,-0.812109
751,0,nan,0,0,0,1,1,0.451374,0,0.01811,-0.00403582,-0.981939,-0.812109
752,0,nan,0,0,0,1,1,0.451278,0,-0.00639178,-0.00399244,-0.706693,-0.744434
753,0,nan,0,0,0,1,1,0.451374,-0.0226893,0.00852238,-0.0040163,-0.873898,-0.913623
754,0,nan,0,0,0,1,1,0.451374,0.0401426,0.00426119,-0.00401978,-0.827484,-0.710596
755,0,nan,0,0,0,1,1,0.451278,-0.00872665,0.0191753,-0.00400212,-0.989208,-0.80083
756,0,nan,0,0,0,1,1,0.451374,0.00872665,-0.0010653,-0.00399336,-0.765406,-0.721875
757,0,nan,0,0,0,1,1,0.451278,0,0.0170448,-0.00403278,-0.96982,-0.857227
758,0,nan,0,0,0,1,1,0.451278,-0.00349066,0.0308936,-0.00403906,-1.12299,-0.755713
759,0,nan,0,0,0,1,1,0.451278,-0.0401426,-0.0170448,-0.00403418,-0.59502,-0.710596
760,0,nan,0,0,0,1,1,0.451374,0,-0.0010653,-0.00406516,-0.774883,-0.857227
761,0,nan,0,0,0,1,1,0.451278,0.0366519,0.0127836,-0.00406115,-0.926691,-0.812109
762,0,nan,0,0,0,1,1,0.451278,-0.00174533,0.00852238,-0.0040724,-0.881303,-0.80083
763,0,nan,0,0,0,1,1,0.451278,0,-0.00213059,-0.00406279,-0.762852,-0.823389
764,0,nan,0,0,0,1,1,0.451278,0.00349066,-0.0213059,-0.00402983,-0.547572,-0.676758
765,0,nan,0,0,0,1,1,0.451278,0.0296706,0.00532648,-0.0040674,-0.845488,-0.845947
766,0,nan,0,0,0,1,1,0.451182,-0.0122173,0.00532648,-0.00403833,-0.841651,-0.778271
767,0,nan,0,0,0,1,1,0.451278,-0.0401426,-0.0010653,-0.00404561,-0.772302,-0.891064
768,0,nan,0,0,0,1,1,0.451278,0.0383972,-0.00639178,-0.00405243,-0.714611,-0.823389
769,0,nan,0,0,0,1,1,0.451278,0.00523599,0.0223712,-0.00409799,-1.03702,-0.80083
770,0,nan,0,0,0,1,1,0.451182,-0.0226893,9.78459e-19,-0.00411646,-0.793373,-0.902344
771,0,nan,0,0,0,1,1,0.451182,0,-0.0149142,-0.0041231,-0.630193,-0.812109
772,0,nan,0,0,0,1,1,0.451182,0,0.00213059,-0.00409689,-0.814226,-0.575244
773,0,nan,0,0,0,1,1,0.451182,0,0.00319589,-0.00410031,-0.826395,-0.812109
774,0,nan,0,0,0,1,1,0.451182,-0.00174533,-0.010653,-0.00407087,-0.670173,-0.823389
775,0,nan,0,0,0,1,1,0.451278,0,0.00213059,-0.00405631,-0.808869,-0.654199
776,0,nan,0,0,0,1,1,0.451182,-0.00174533,0.00213059,-0.00408138,-0.812179,-0.699316
777,0,nan,0,0,0,1,1,0.451182,0,-0.00532648,-0.00405877,-0.727167,-0.778271
778,0,nan,0,0,0,1,1,0.451182,0.00872665,4.56614e-19,-0.00405486,-0.785241,-0.688037
779,0,nan,0,0,0,1,1,0.451182,0,-1.43507e-18,-0.00404822,-0.784365,-0.778271
780,0,nan,0,0,0,1,1,0.451182,0,0.0117183,-0.00405024,-0.913532,-0.597803
781,0,nan,0,0,0,1,1,0.451086,0,0.00639178,-0.00405837,-0.856015,-0.823389
782,0,nan,0,0,0,1,1,0.451182,0,-0.0255671,-0.00407304,-0.506402,-0.845947
783,0,nan,0,0,0,1,1,0.451182,0.0645772,0.0255671,-0.00407756,-1.06948,-0.778271
784,0,nan,0,0,0,1,1,0.451086,-0.0401426,-0.00319589,-0.00406453,-0.751363,-0.778271
785,0,nan,0,0,0,1,1,0.451182,0,-0.0127836,-0.00405288,-0.644362,-0.778271
786,0,nan,0,0,0,1,1,0.451182,0,-0.00745708,-0.00405346,-0.703029,-0.721875
787,0,nan,0,0,0,1,1,0.451182,0,-0.00958767,-0.00408728,-0.684056,-0.834668
788,0,nan,0,0,0,1,1,0.451086,0,-0.00426119,-0.00407461,-0.740975,-0.789551
789,0,nan,0,0,0,1,1,0.451182,0,-0.00745708,-0.00402745,-0.699596,-0.530127
790,0,nan,0,0,0,1,1,0.451182,0,-0.00213059,-0.00406141,-0.76267,-0.620361
791,0,nan,0,0,0,1,1,0.451086,0.0349066,0.0149142,-0.00409772,-0.954955,-0.823389
792,0,nan,0,0,0,1,1,0.451086,-0.0261799,0.0127836,-0.00407541,-0.928574,-0.891064
793,0,nan,0,0,0,1,1,0.451086,-0.0418879,-0.00958767,-0.00409207,-0.684689,-0.823389
794,0,nan,0,0,0,1,1,0.451086,0.015708,-0.00426119,-0.00405803,-0.738787,-0.665479
795,0,nan,0,0,0,1,1,0.451086,-0.0191986,0.00213059,-0.00406128,-0.809526,-0.710596
796,0,nan,0,0,0,1,1,0.451086,-0.015708,-0.01811,-0.00403951,-0.584005,-0.823389
797,0,nan,0,0,0,1,1,0.451182,0,0.0010653,-0.00406683,-0.79854,-0.733154
798,0,nan,0,0,0,1,1,0.45099,-0.0366519,-1.10892e-18,-0.00409769,-0.790895,-0.891064
799,0,nan,0,0,0,1,1,0.451086,-0.00174533,-0.00745708,-0.00410279,-0.70954,-0.879785
800,0,nan,0,0,0,1,1,0.451086,0.0506145,0.010653,-0.00411297,-0.910094,-0.744434
801,0,nan,0,0,0,1,1,0.45099,-0.0122173,-0.0276977,-0.00405789,-0.480967,-0.755713
802,0,nan,0,0,0,1,1,0.451182,0.020944,0.00319589,-0.00402946,-0.817044,-0.665479
803,0,nan,0,0,0,1,1,0.451086,0,0.0234365,-0.00403542,-1.04048,-0.789551
804,0,nan,0,0,0,1,1,0.451086,0,-0.00213059,-0.00399986,-0.754545,-0.699316
805,0,nan,0,0,0,1,1,0.451086,0,-0.0010653,-0.00408715,-0.777786,-0.891064
806,0,nan,0,0,0,1,1,0.45099,-0.00872665,0.00639178,-0.00409466,-0.860804,-0.766992
807,0,nan,0,0,0,1,1,0.45099,-0.020944,-0.00319589,-0.00409272,-0.755084,-0.823389
808,0,nan,0,0,0,1,1,0.45099,0,0.0010653,-0.00408654,-0.801142,-0.80083
809,0,nan,0,0,0,1,1,0.45099,0,0.00426119,-0.00406406,-0.83333,-0.676758
810,0,nan,0,0,0,1,1,0.45099,-0.0314159,0.0202406,-0.00410719,-1.0148,-0.766992
811,0,nan,0,0,0,1,1,0.450894,-0.0244346,0.0138489,-0.0041587,-0.951285,-0.981299
812,0,nan,0,0,0,1,1,0.45099,0.0383972,-0.028763,-0.00413653,-0.479629,-0.845947
813,0,nan,0,0,0,1,1,0.45099,0.0226893,-0.0117183,-0.00409792,-0.662025,-0.834668
814,0,nan,0,0,0,1,1,0.45099,0,0.0010653,-0.00411078,-0.804341,-0.699316
815,0,nan,0,0,0,1,1,0.450894,-0.00349066,-0.00319589,-0.00410929,-0.757272,-0.823389
816,0,nan,0,0,0,1,1,0.45099,0.00174533,0.00958767,-0.00410785,-0.897701,-0.868506
817,0,nan,0,0,0,1,1,0.45099,0,-0.00319589,-0.00411573,-0.758121,-0.879785
818,0,nan,0,0,0,1,1,0.45099,0.00872665,-0.0010653,-0.00412123,-0.782284,-0.766992
819,0,nan,0,0,0,1,1,0.450894,0.00523599,0.00213059,-0.00413261,-0.818941,-0.845947
820,0,nan,0,0,0,1,1,0.450894,-0.00698132,0.0191753,-0.00413363,-1.00657,-0.868506
821,0,nan,0,0,0,1,1,0.450894,-0.0506145,1.30461e-19,-0.00411222,-0.792813,-0.733154
822,0,nan,0,0,0,1,1,0.450894,0,-0.0127836,-0.00408769,-0.648956,-0.823389
823,0,nan,0,0,0,1,1,0.45099,0,-0.00958767,-0.00410356,-0.686206,-0.845947
824,0,nan,0,0,0,1,1,0.450894,0,-0.00639178,-0.00412964,-0.724802,-0.755713
825,0,nan,0,0,0,1,1,0.450894,0,0.00852238,-0.00413706,-0.889838,-0.812109
826,0,nan,0,0,0,1,1,0.450894,-0.0174533,-0.010653,-0.00410312,-0.674429,-0.744434
827,0,nan,0,0,0,1,1,0.450894,0,-0.00532648,-0.0040945,-0.731882,-0.710596
828,0,nan,0,0,0,1,1,0.450894,0,0.00958767,-0.00410128,-0.896834,-0.721875
829,0,nan,0,0,0,1,1,0.450894,0,-0.00213059,-0.00406822,-0.763569,-0.766992
830,0,nan,0,0,0,1,1,0.450894,0,0.00639178,-0.00409929,-0.861416,-0.834668
831,0,nan,0,0,0,1,1,0.450894,0,0.00319589,-0.00413378,-0.830814,-0.812109
832,0,nan,0,0,0,1,1,0.450894,0,0.0202406,-0.00417596,-1.02387,-0.744434
833,0,nan,0,0,0,1,1,0.450799,-0.00349066,-0.00852238,-0.00412689,-0.701003,-0.823389
834,0,nan,0,0,0,1,1,0.450894,0,0.00213059,-0.00410442,-0.81522,-0.766992
835,0,nan,0,0,0,1,1,0.450894,0,-0.00213059,-0.00409871,-0.767594,-0.755713
836,0,nan,0,0,0,1,1,0.450894,-0.00698132,-0.00319589,-0.00410034,-0.75609,-0.778271
837,0,nan,0,0,0,1,1,0.450894,0,0.0159795,-0.00410776,-0.967999,-0.834668
838,0,nan,0,0,0,1,1,0.450894,0.00872665,0.00532648,-0.0041154,-0.851824,-0.778271
839,0,nan,0,0,0,1,1,0.450894,0,0.0213059,-0.0041269,-1.02912,-0.879785
840,0,nan,0,0,0,1,1,0.450894,0,-0.0127836,-0.00409154,-0.649464,-0.699316
841,0,nan,0,0,0,1,1,0.450894,0,0.0276977,-0.00404948,-1.08921,-0.676758
842,0,nan,0,0,0,1,1,0.450894,0,-5.87076e-19,-0.0040672,-0.78687,-0.891064
843,0,nan,0,0,0,1,1,0.450894,0.0174533,-0.00532648,-0.00405857,-0.727139,-0.665479
844,0,nan,0,0,0,1,1,0.450799,-0.0191986,0.00532648,-0.00403775,-0.841574,-0.733154
845,0,nan,0,0,0,1,1,0.450894,-0.0314159,0.0117183,-0.00404358,-0.912653,-0.845947
846,0,nan,0,0,0,1,1,0.450894,0.0244346,-0.0117183,-0.00404257,-0.654718,-0.80083
847,0,nan,0,0,0,1,1,0.450894,0.0174533,-0.00745708,-0.00406018,-0.703916,-0.857227
848,0,nan,0,0,0,1,1,0.450799,0,-0.0159795,-0.0040161,-0.604352,-0.665479
849,0,nan,0,0,0,1,1,0.450894,0,-0.00958767,-0.00404332,-0.678254,-0.936182
850,0,nan,0,0,0,1,1,0.450894,0.0244346,-0.00639178,-0.00401047,-0.709073,-0.721875
851,0,nan,0,0,0,1,1,0.450894,0,-0.0223712,-0.00396523,-0.527327,-0.665479
852,0,nan,0,0,0,1,1,0.450894,0.0122173,-0.00958767,-0.0039632,-0.667678,-0.631641
853,0,nan,0,0,0,1,1,0.450894,0.0174533,0.00745708,-0.00397137,-0.856248,-0.733154
854,0,nan,0,0,0,1,1,0.450799,-0.0244346,-0.0010653,-0.00399297,-0.765354,-0.766992
855,0,nan,0,0,0,1,1,0.450799,0,0.01811,-0.00403936,-0.982406,-0.744434
856,0,nan,0,0,0,1,1,0.450799,-0.0191986,-0.00319589,-0.00404174,-0.748354,-0.766992
857,0,nan,0,0,0,1,1,0.450799,0,-0.00213059,-0.00402621,-0.758024,-0.699316
858,0,nan,0,0,0,1,1,0.450799,0,0.00852238,-0.00404293,-0.877412,-0.64292
859,0,nan,0,0,0,1,1,0.450799,0,0.0127836,-0.00403009,-0.922591,-0.609082
860,0,nan,0,0,0,1,1,0.450799,-0.0366519,-0.0149142,-0.00405078,-0.620648,-0.913623
861,0,nan,0,0,0,1,1,0.450894,0.0244346,-0.00958767,-0.00399601,-0.672009,-0.64292
862,0,nan,0,0,0,1,1,0.450894,-0.00174533,0.010653,-0.00399837,-0.894968,-0.575244
863,0,nan,0,0,0,1,1,0.450799,-0.010472,0.00639178,-0.00399027,-0.847026,-0.834668
864,0,nan,0,0,0,1,1,0.450799,0,-0.00532648,-0.00399668,-0.71897,-0.766992
865,0,nan,0,0,0,1,1,0.450799,0,0.00958767,-0.00402244,-0.886427,-0.80083
866,0,nan,0,0,0,1,1,0.450799,-0.0139626,0.0213059,-0.00402041,-1.01506,-0.721875
867,0,nan,0,0,0,1,1,0.450703,-0.0261799,0.0159795,-0.00402479,-0.957047,-0.721875
868,0,nan,0,0,0,1,1,0.450799,0,0.00319589,-0.00402822,-0.816879,-0.924902
869,0,nan,0,0,0,1,1,0.450799,0,-0.00319589,-0.00399035,-0.741571,-0.688037
870,0,nan,0,0,0,1,1,0.450799,0,0.00319589,-0.00399291,-0.812219,-0.620361
871,0,nan,0,0,0,1,1,0.450703,0,0.0159795,-0.00401192,-0.955348,-0.924902
872,0,nan,0,0,0,1,1,0.450799,0.0279253,0.00426119,-0.0039754,-0.821626,-0.733154
873,0,nan,0,0,0,1,1,0.450799,0,0.00852238,-0.0039916,-0.870637,-0.620361
874,0,nan,0,0,0,1,1,0.450703,-0.0558505,-0.00426119,-0.00402066,-0.733854,-0.744434
875,0,nan,0,0,0,1,1,0.450799,0.0226893,-0.00958767,-0.00401373,-0.674348,-0.778271
876,0,nan,0,0,0,1,1,0.450799,0,0.00639178,-0.00399478,-0.84762,-0.744434
877,0,nan,0,0,0,1,1,0.450799,-0.00872665,0.00213059,-0.00399443,-0.800701,-0.789551
878,0,nan,0,0,0,1,1,0.450799,0.00872665,-0.00852238,-0.00401202,-0.685841,-0.755713
879,0,nan,0,0,0,1,1,0.450799,0.0244346,-0.0117183,-0.00402029,-0.651778,-0.744434
880,0,nan,0,0,0,1,1,0.450703,-0.0226893,-0.0127836,-0.00401118,-0.638857,-0.744434
881,0,nan,0,0,0,1,1,0.450799,0.0174533,-0.0117183,-0.00401405,-0.650954,-0.744434
882,0,nan,0,0,0,1,1,0.450799,-0.00872665,-0.00745708,-0.00400464,-0.696584,-0.721875
883,0,nan,0,0,0,1,1,0.450799,0,0.0149142,-0.00403106,-0.946156,-0.868506
884,0,nan,0,0,0,1,1,0.450703,-0.0174533,0.0127836,-0.00408059,-0.929258,-0.992578
885,0,nan,0,0,0,1,1,0.450703,0,0.0010653,-0.00407036,-0.799006,-0.823389
886,0,nan,0,0,0,1,1,0.450703,0.00872665,0.0245018,-0.00407878,-1.05792,-0.97002
887,0,nan,0,0,0,1,1,0.450703,-0.0139626,0.00213059,-0.00408439,-0.812577,-0.834668
888,0,nan,0,0,0,1,1,0.450703,0.0244346,-0.00958767,-0.00406134,-0.680632,-0.744434
889,0,nan,0,0,0,1,1,0.450703,0,0.00745708,-0.00410112,-0.873376,-0.64292
890,0,nan,0,0,0,1,1,0.450607,-0.0541052,0.028763,-0.00415123,-1.11436,-0.913623
891,0,nan,0,0,0,1,1,0.450607,-0.00349066,0.00532648,-0.00421494,-0.864963,-0.902344
892,0,nan,0,0,0,1,1,0.450607,0.0139626,-0.00532648,-0.00421397,-0.747653,-0.778271
893,0,nan,0,0,0,1,1,0.450607,0,-0.00319589,-0.00421976,-0.771854,-0.823389
894,0,nan,0,0,0,1,1,0.450607,0,0.00319589,-0.00422905,-0.843389,-0.733154
895,0,nan,0,0,0,1,1,0.450607,-0.0226893,0.00213059,-0.00423725,-0.832753,-0.834668
896,0,nan,0,0,0,1,1,0.450607,0,0.028763,-0.00427349,-1.13049,-0.778271
897,0,nan,0,0,0,1,1,0.450511,-0.020944,0.0127836,-0.00429417,-0.95745,-0.812109
898,0,nan,0,0,0,1,1,0.450607,0,-0.0191753,-0.00429262,-0.605698,-0.789551
899,0,nan,0,0,0,1,1,0.450607,0.0488692,0.0223712,-0.00430597,-1.06447,-0.80083
900,0,nan,0,0,0,1,1,0.450511,-0.0331613,-0.0149142,-0.00428977,-0.652194,-0.868506
901,0,nan,0,0,0,1,1,0.450607,0,-0.028763,-0.0042012,-0.488165,-0.676758
902,0,nan,0,0,0,1,1,0.450607,0,-0.0276977,-0.00421386,-0.501554,-0.778271
903,0,nan,0,0,0,1,1,0.450607,0.0610865,-0.00426119,-0.00417259,-0.753909,-0.710596
904,0,nan,0,0,0,1,1,0.450511,-0.0541052,-0.0010653,-0.00414667,-0.785642,-0.721875
905,0,nan,0,0,0,1,1,0.450607,-0.015708,0.0170448,-0.00418175,-0.989484,-0.891064
906,0,nan,0,0,0,1,1,0.450511,0.00872665,-6.52306e-19,-0.00417693,-0.801355,-0.879785
907,0,nan,0,0,0,1,1,0.450607,-0.010472,-0.00213059,-0.00418942,-0.779567,-0.812109
908,0,nan,0,0,0,1,1,0.450511,0,0.00213059,-0.00417521,-0.824564,-0.755713
909,0,nan,0,0,0,1,1,0.450607,0,-0.00958767,-0.00415701,-0.693261,-0.699316
910,0,nan,0,0,0,1,1,0.450607,0.00872665,0.00532648,-0.00417974,-0.860317,-0.665479
911,0,nan,0,0,0,1,1,0.450511,0,-0.00532648,-0.00417141,-0.742035,-0.834668
912,0,nan,0,0,0,1,1,0.450511,0,-0.0117183,-0.00410905,-0.663493,-0.699316
913,0,nan,0,0,0,1,1,0.450607,0,-0.00958767,-0.00413051,-0.689763,-0.857227
914,0,nan,0,0,0,1,1,0.450511,0.00872665,0.0170448,-0.00414996,-0.985288,-0.721875
915,0,nan,0,0,0,1,1,0.450511,-0.0139626,0.00745708,-0.00412939,-0.877107,-0.812109
916,0,nan,0,0,0,1,1,0.450607,0.00174533,0.0010653,-0.00412794,-0.806606,-0.879785
917,0,nan,0,0,0,1,1,0.450511,0.00872665,-0.0255671,-0.00408886,-0.508491,-0.789551
918,0,nan,0,0,0,1,1,0.450511,0,0.00745708,-0.00410145,-0.873419,-0.710596
919,0,nan,0,0,0,1,1,0.450511,0,-0.00745708,-0.0041141,-0.711033,-0.823389
920,0,nan,0,0,0,1,1,0.450511,0,-0.00319589,-0.00413379,-0.760505,-0.721875
921,0,nan,0,0,0,1,1,0.450511,0,-0.0117183,-0.00413364,-0.66674,-0.879785
922,0,nan,0,0,0,1,1,0.450511,0,0.00852238,-0.0040998,-0.884919,-0.834668
923,0,nan,0,0,0,1,1,0.450511,-0.0314159,0.00958767,-0.00415258,-0.903604,-0.744434
924,0,nan,0,0,0,1,1,0.450511,-0.00872665,0.00426119,-0.00419158,-0.850162,-0.80083
925,0,nan,0,0,0,1,1,0.450511,0,-6.52306e-20,-0.00420355,-0.804868,-0.80083
926,0,nan,0,0,0,1,1,0.450511,-0.015708,0.00852238,-0.00418908,-0.896704,-0.766992
927,0,nan,0,0,0,1,1,0.450511,-0.0349066,-0.00319589,-0.00419598,-0.768714,-0.879785
928,0,nan,0,0,0,1,1,0.450511,0.00698132,-9.13229e-19,-0.00421322,-0.806144,-0.857227
929,0,nan,0,0,0,1,1,0.450511,0,2.60922e-19,-0.00420393,-0.804919,-0.845947
930,0,nan,0,0,0,1,1,0.450511,0,-0.00319589,-0.00420643,-0.770094,-0.812109
931,0,nan,0,0,0,1,1,0.450511,0,0.0127836,-0.00426625,-0.953764,-0.97002
932,0,nan,0,0,0,1,1,0.450415,0,-0.00745708,-0.00427575,-0.732371,-0.766992
933,0,nan,0,0,0,1,1,0.450415,0,-0.00319589,-0.00429521,-0.781812,-0.845947
934,0,nan,0,0,0,1,1,0.450415,-0.0244346,0.0191753,-0.00430892,-1.02971,-0.845947
935,0,nan,0,0,0,1,1,0.450415,-0.0366519,-0.0010653,-0.00433266,-0.810192,-0.97002
936,0,nan,0,0,0,1,1,0.450511,0.0366519,0.00852238,-0.00434064,-0.916711,-0.845947
937,0,nan,0,0,0,1,1,0.450415,-0.00872665,0.00426119,-0.00435709,-0.872009,-0.834668
938,0,nan,0,0,0,1,1,0.450415,0,-0.0127836,-0.00436241,-0.685218,-1.01514
939,0,nan,0,0,0,1,1,0.450415,0.0122173,-0.0117183,-0.0043825,-0.699589,-0.913623
940,0,nan,0,0,0,1,1,0.450319,0,0.00532648,-0.00437497,-0.886087,-0.823389
941,0,nan,0,0,0,1,1,0.450319,-0.0139626,-0.0127836,-0.00437937,-0.687458,-0.823389
942,0,nan,0,0,0,1,1,0.450319,0,0.0276977,-0.00438929,-1.13406,-0.789551
943,0,nan,0,0,0,1,1,0.450223,-0.0296706,0.00852238,-0.00445255,-0.931482,-0.924902
944,0,nan,0,0,0,1,1,0.450319,0,-0.00319589,-0.00447228,-0.805186,-0.834668
945,0,nan,0,0,0,1,1,0.450319,0.00523599,0.0127836,-0.00448199,-0.982242,-0.744434
946,0,nan,0,0,0,1,1,0.450223,-0.0488692,-0.0010653,-0.00447466,-0.828937,-0.891064
947,0,nan,0,0,0,1,1,0.450319,0.00872665,0.00745708,-0.00446019,-0.920772,-0.64292
948,0,nan,0,0,0,1,1,0.450223,-0.0331613,-0.010653,-0.00444862,-0.720035,-0.733154
949,0,nan,0,0,0,1,1,0.450223,0,0.0191753,-0.00451108,-1.05639,-1.00386
950,0,nan,0,0,0,1,1,0.450127,0,-0.0149142,-0.00450578,-0.680707,-0.891064
951,0,nan,0,0,0,1,1,0.450223,0,0.00639178,-0.00448259,-0.912012,-0.891064
952,0,nan,0,0,0,1,1,0.450223,0.0174533,-0.0138489,-0.00445417,-0.685613,-0.744434
953,0,nan,0,0,0,1,1,0.450223,0,-0.00532648,-0.00446588,-0.780905,-0.891064
954,0,nan,0,0,0,1,1,0.450127,-0.010472,0.0117183,-0.00449257,-0.97192,-0.733154
955,0,nan,0,0,0,1,1,0.450127,-0.010472,0.00213059,-0.00446967,-0.863434,-0.924902
956,0,nan,0,0,0,1,1,0.450223,0.00872665,-0.00958767,-0.004478,-0.735632,-0.947461
957,0,nan,0,0,0,1,1,0.450223,0.0453786,-6.52306e-19,-0.00442498,-0.834098,-0.744434
958,0,nan,0,0,0,1,1,0.450223,-0.0122173,0.0010653,-0.004423,-0.845554,-0.80083
959,0,nan,0,0,0,1,1,0.450127,0,0.00213059,-0.00442107,-0.857017,-0.789551
960,0,nan,0,0,0,1,1,0.450127,0,-0.00852238,-0.00441985,-0.739675,-0.879785
961,0,nan,0,0,0,1,1,0.450127,0,0.0202406,-0.00442028,-1.05612,-0.812109
962,0,nan,0,0,0,1,1,0.450127,-0.00872665,0.00532648,-0.00444572,-0.895426,-0.891064
963,0,nan,0,0,0,1,1,0.450127,0,-0.0149142,-0.00440854,-0.667871,-0.789551
964,0,nan,0,0,0,1,1,0.450127,0,-0.00639178,-0.00437424,-0.75709,-0.823389
965,0,nan,0,0,0,1,1,0.450127,0,0.01811,-0.00437283,-1.02642,-0.620361
966,0,nan,0,0,0,1,1,0.450127,-0.0436332,0.00639178,-0.00440569,-0.90186,-0.913623
967,0,nan,0,0,0,1,1,0.450127,0,0.00958767,-0.00441647,-0.938439,-0.845947
968,0,nan,0,0,0,1,1,0.450127,0,7.82767e-19,-0.00441034,-0.832165,-0.913623
969,0,nan,0,0,0,1,1,0.450127,0,0.0117183,-0.00440656,-0.960566,-0.868506
970,0,nan,0,0,0,1,1,0.450127,0,0.00852238,-0.00443588,-0.929283,-0.924902
971,0,nan,0,0,0,1,1,0.450127,-0.00174533,0.00319589,-0.00441604,-0.868072,-0.902344
972,0,nan,0,0,0,1,1,0.450127,0.0139626,0.0138489,-0.00444865,-0.989559,-0.879785
973,0,nan,0,0,0,1,1,0.450032,0.00174533,-0.00213059,-0.00445809,-0.815032,-0.812109
974,0,nan,0,0,0,1,1,0.450032,-0.0436332,0.00426119,-0.0044668,-0.88649,-0.857227
975,0,nan,0,0,0,1,1,0.450032,-0.00174533,-0.00426119,-0.00442845,-0.787682,-0.891064
976,0,nan,0,0,0,1,1,0.450032,0.0261799,-0.0010653,-0.00442669,-0.822605,-0.902344
977,0,nan,0,0,0,1,1,0.450032,0,-0.00213059,-0.00444262,-0.812989,-0.845947
978,0,nan,0,0,0,1,1,0.450032,0,-0.00852238,-0.00439713,-0.736675,-0.676758
979,0,nan,0,0,0,1,1,0.450032,-0.00872665,1.89169e-18,-0.00440756,-0.831799,-0.868506
980,0,nan,0,0,0,1,1,0.450032,0,-0.010653,-0.00441907,-0.716135,-0.766992
981,0,nan,0,0,0,1,1,0.450032,0,-0.0138489,-0.00443354,-0.68289,-0.823389
982,0,nan,0,0,0,1,1,0.450032,0,1.76123e-18,-0.00442791,-0.834484,-0.744434
983,0,nan,0,0,0,1,1,0.450032,-0.0244346,0.00958767,-0.00443586,-0.940998,-0.812109
984,0,nan,0,0,0,1,1,0.450032,0.015708,-0.00958767,-0.00442352,-0.72844,-0.665479
985,0,nan,0,0,0,1,1,0.450032,0,0.00213059,-0.00446058,-0.862233,-0.868506
986,0,nan,0,0,0,1,1,0.450032,-0.00698132,-0.00319589,-0.00447769,-0.8059,-0.891064
987,0,nan,0,0,0,1,1,0.450032,0,-0.00532648,-0.00446837,-0.781234,-0.902344
988,0,nan,0,0,0,1,1,0.450032,0.0436332,-0.0202406,-0.0044144,-0.610054,-0.688037
989,0,nan,0,0,0,1,1,0.450032,0,0.00426119,-0.0044306,-0.881712,-0.823389
990,0,nan,0,0,0,1,1,0.449936,-0.0174533,0.0117183,-0.00441627,-0.961849,-0.789551
991,0,nan,0,0,0,1,1,0.450032,-0.020944,-0.00852238,-0.00440555,-0.737786,-0.64292
992,0,nan,0,0,0,1,1,0.449936,-0.0296706,0.010653,-0.00443838,-0.953049,-0.924902
993,0,nan,0,0,0,1,1,0.449936,0,0.0127836,-0.00444147,-0.976893,-0.845947
994,0,nan,0,0,0,1,1,0.450032,0.0331613,0.0298283,-0.00445171,-1.16574,-0.755713
995,0,nan,0,0,0,1,1,0.449936,-0.0279253,-0.0234365,-0.00441557,-0.575053,-0.733154
996,0,nan,0,0,0,1,1,0.450032,0,0.00532648,-0.00439985,-0.889372,-0.823389
997,0,nan,0,0,0,1,1,0.449936,0,0.00639178,-0.00440424,-0.90167,-0.766992
998,0,nan,0,0,0,1,1,0.449936,0,-0.010653,-0.00442768,-0.717271,-0.981299
999,0,nan,0,0,0,1,1,0.449936,0.0139626,0.0010653,-0.00443324,-0.846906,-0.868506
1000,0,nan,0,0,0,1,1,0.449936,-0.0122173,0.0223712,-0.00448352,-1.08791,-0.902344
1001,0,nan,0,0,0,1,1,0.44984,-0.0296706,0.01811,-0.00446481,-1.03857,-0.789551
1002,0,nan,0,0,0,1,1,0.449936,0,-0.00852238,-0.00446317,-0.745392,-0.879785
1003,0,nan,0,0,0,1,1,0.449936,0,-0.01811,-0.00445536,-0.638898,-0.947461
1004,0,nan,0,0,0,1,1,0.449936,0.0366519,-0.00319589,-0.00443267,-0.799957,-0.778271
1005,0,nan,0,0,0,1,1,0.449936,0,0.00852238,-0.00442738,-0.92816,-0.812109
1006,0,nan,0,0,0,1,1,0.449936,-0.0122173,-0.00532648,-0.00441639,-0.774372,-0.947461
1007,0,nan,0,0,0,1,1,0.449936,0,0.00426119,-0.00442801,-0.881371,-0.778271
1008,0,nan,0,0,0,1,1,0.44984,0,0.0159795,-0.00447781,-1.01684,-0.879785
1009,0,nan,0,0,0,1,1,0.44984,-0.0174533,0.0010653,-0.00448155,-0.853282,-0.936182
1010,0,nan,0,0,0,1,1,0.449936,0.0174533,-0.0159795,-0.00448227,-0.665886,-0.80083
1011,0,nan,0,0,0,1,1,0.449936,0.0349066,0.0223712,-0.00446384,-1.08531,-0.879785
1012,0,nan,0,0,0,1,1,0.44984,-0.010472,0.0138489,-0.00447974,-0.993664,-0.902344
1013,0,nan,0,0,0,1,1,0.44984,0,0.01811,-0.00445167,-1.03683,-0.766992
1014,0,nan,0,0,0,1,1,0.44984,0,-0.00213059,-0.00449884,-0.82041,-0.947461
1015,0,nan,0,0,0,1,1,0.44984,0.0139626,9.13229e-19,-0.00452196,-0.846899,-1.02642
1016,0,nan,0,0,0,1,1,0.44984,0.00872665,0.00852238,-0.00451011,-0.93908,-0.891064
1017,0,nan,0,0,0,1,1,0.44984,-0.00872665,-0.00852238,-0.00447457,-0.746897,-0.665479
1018,0,nan,0,0,0,1,1,0.44984,-0.020944,0.0010653,-0.00446771,-0.851456,-0.778271
1019,0,nan,0,0,0,1,1,0.44984,0,-0.00639178,-0.00446128,-0.768579,-0.845947
1020,0,nan,0,0,0,1,1,0.44984,0.00174533,0.00213059,-0.00446796,-0.863207,-0.766992
1021,0,nan,0,0,0,1,1,0.44984,0,-0.00532648,-0.00446592,-0.78091,-0.857227
1022,0,nan,0,0,0,1,1,0.44984,0,0.00745708,-0.00447261,-0.922412,-1.04897
1023,0,nan,0,0,0,1,1,0.44984,-0.00523599,0.0213059,-0.00448394,-1.07624,-0.812109
1024,0,nan,0,0,0,1,1,0.44984,0.00872665,-0.0191753,-0.00451396,-0.634914,-0.924902
1025,0,nan,0,0,0,1,1,0.44984,0.0261799,0.0010653,-0.00455177,-0.862552,-0.868506
1026,0,nan,0,0,0,1,1,0.449744,-0.020944,-0.0127836,-0.0045483,-0.709757,-1.01514
1027,0,nan,0,0,0,1,1,0.44984,0,-0.00958767,-0.00452787,-0.742214,-0.913623
1028,0,nan,0,0,0,1,1,0.449744,0.020944,-0.00958767,-0.00452759,-0.742178,-0.981299
1029,0,nan,0,0,0,1,1,0.449744,0.00872665,-2.08738e-18,-0.00454736,-0.850251,-0.868506
1030,0,nan,0,0,0,1,1,0.449744,0,0.00745708,-0.00452701,-0.929593,-0.845947
1031,0,nan,0,0,0,1,1,0.449744,-0.0279253,0.0149142,-0.00453888,-1.01319,-0.868506
1032,0,nan,0,0,0,1,1,0.449744,0.0174533,0.010653,-0.00459854,-0.97419,-0.947461
1033,0,nan,0,0,0,1,1,0.449648,0,-0.0127836,-0.00461474,-0.718526,-1.00386
1034,0,nan,0,0,0,1,1,0.449648,0,0.00319589,-0.00460121,-0.892514,-0.744434
1035,0,nan,0,0,0,1,1,0.449648,-0.00349066,-0.00639178,-0.00458063,-0.784334,-0.812109
1036,0,nan,0,0,0,1,1,0.449744,0,0.00532648,-0.00458208,-0.913426,-0.823389
1037,0,nan,0,0,0,1,1,0.449648,0,0.00639178,-0.00458087,-0.924984,-0.845947
1038,0,nan,0,0,0,1,1,0.449648,0,0.028763,-0.00460726,-1.17455,-0.936182
1039,0,nan,0,0,0,1,1,0.449648,-0.0279253,0.00426119,-0.00462433,-0.907285,-0.744434
1040,0,nan,0,0,0,1,1,0.449648,-0.00349066,-0.00639178,-0.00463021,-0.790878,-0.891064
1041,0,nan,0,0,0,1,1,0.449648,0,-0.0010653,-0.00462424,-0.848681,-0.868506
1042,0,nan,0,0,0,1,1,0.449648,0,0.00745708,-0.00463544,-0.943906,-0.834668
1043,0,nan,0,0,0,1,1,0.449648,-0.00872665,0.00745708,-0.0046077,-0.940244,-0.721875
1044,0,nan,0,0,0,1,1,0.449648,-0.0174533,-0.00958767,-0.00462002,-0.754378,-0.868506
1045,0,nan,0,0,0,1,1,0.449648,0,0.00213059,-0.00462195,-0.883534,-0.80083
1046,0,nan,0,0,0,1,1,0.449648,0,0.00426119,-0.00461895,-0.906575,-0.891064
1047,0,nan,0,0,0,1,1,0.449648,-0.010472,0.00745708,-0.00464166,-0.944727,-0.891064
1048,0,nan,0,0,0,1,1,0.449648,0.0122173,-0.00319589,-0.00466516,-0.830646,-0.879785
1049,1,0,0,0,1,1,1,0.449648,0.0122173,0.0159795,-4.07493e-18,-0.425774,-0.699316
1050,1,0,0,0,1,1,1,0.449648,-0.015708,-0.00745708,1.40197e-05,-0.165002,-0.507568
1051,1,0,0,0,1,1,1,0.450032,0.0174533,-0.0117183,1.82327e-05,-0.118035,-0.304541
1052,1,0,0,0,1,1,1,0.449936,0,0.00532648,4.87295e-05,-0.299977,-0.203027
1053,1,0,0,0,1,1,1,0.450032,-0.00523599,0.0223712,-2.42808e-05,-0.499289,-0.293262
1054,1,0,0,0,1,1,1,0.449936,0,0.00639178,-8.70518e-05,-0.3318,-0.281982
1055,1,0,0,0,1,1,1,0.450032,0,0.0127836,-0.000126243,-0.407283,-0.338379
1056,1,0,0,0,1,1,1,0.450032,0,0.0532648,-0.000235465,-0.866995,-0.417334
1057,1,0,0,0,1,1,1,0.450032,-0.0349066,-0.00319589,-0.000299371,-0.254362,-0.372217
1058,1,0,0,0,1,1,1,0.450127,0.0383972,0.0117183,-0.000327888,-0.422096,-0.428613
1059,1,0,0,0,1,1,1,0.450127,0,-0.0191753,-0.000308449,-0.0790663,-0.383496
1060,1,0,0,0,1,1,1,0.450223,0.0366519,0.00319589,-0.000277566,-0.31887,-0.180469
1061,1,0,0,0,1,1,1,0.450223,-0.0331613,0.0159795,-0.000258967,-0.456196,-0.225586
1062,1,0,0,0,1,1,1,0.450223,-0.00174533,-0.00852238,-0.000332848,-0.199913,-0.496289
1063,1,0,0,0,1,1,1,0.450223,0.0541052,-0.00958767,-0.000365166,-0.192738,-0.3271
1064,1,0,0,0,1,1,1,0.450127,-0.0541052,-0.00639178,-0.000382176,-0.230138,-0.281982
1065,1,0,0,0,1,1,1,0.450223,0.0122173,0.0191753,-0.000420639,-0.516453,-0.406055
1066,1,0,0,0,1,1,1,0.450127,-0.00872665,-0.00852238,-0.000411286,-0.210325,-0.428613
1067,1,0,0,0,1,1,1,0.450223,0.00872665,0.0010653,-0.000430895,-0.318596,-0.394775
1068,1,0,0,0,1,1,1,0.450127,0,0.00532648,-0.000436157,-0.366164,-0.270703
1069,1,0,0,0,1,1,1,0.450223,-0.00872665,-0.00319589,-0.000417651,-0.269975,-0.293262
1070,1,0,0,0,1,1,1,0.450223,0,0.0117183,-0.000441346,-0.437159,-0.3271
1071,1,0,0,0,1,1,1,0.450223,-0.00349066,0.01811,-0.000513242,-0.516959,-0.383496
1072,1,0,0,0,1,1,1,0.450127,-0.010472,0.00213059,-0.000528719,-0.343227,-0.349658
1073,1,0,0,0,1,1,1,0.450127,0,1.95692e-19,-0.000536845,-0.320864,-0.349658
1074,1,0,0,0,1,1,1,0.450223,0,0.00319589,-0.000518061,-0.353539,-0.349658
1075,1,0,0,0,1,1,1,0.450223,0,0.0127836,-0.00055797,-0.464271,-0.439893
1076,1,0,0,0,1,1,1,0.450223,0.00349066,0.010653,-0.00057323,-0.442763,-0.293262
1077,1,0,0,0,1,1,1,0.450127,-0.0226893,0.0234365,-0.00063287,-0.591341,-0.451172
1078,1,0,0,0,1,1,1,0.450223,0.0331613,-0.0010653,-0.000667938,-0.32645,-0.360938
1079,1,0,0,0,1,1,1,0.450127,0,0.00745708,-0.000683285,-0.422221,-0.338379
1080,1,0,0,0,1,1,1,0.450223,0,-0.0223712,-0.000634568,-0.0869038,-0.281982
1081,1,0,0,0,1,1,1,0.450223,0.0122173,0.010653,-0.000641473,-0.451857,-0.304541
1082,1,0,0,0,1,1,1,0.450223,-0.0174533,0.00852238,-0.000696571,-0.435693,-0.338379
1083,1,0,0,0,1,1,1,0.450223,0,0.00426119,-0.000707516,-0.390265,-0.338379
1084,1,0,0,0,1,1,1,0.450223,-0.00523599,-0.00958767,-0.000769604,-0.246123,-0.47373
1085,1,0,0,0,1,1,1,0.450223,0.0401426,-0.0319589,-0.000782076,-0.00168607,-0.451172
1086,1,0,0,0,1,1,1,0.450127,-0.015708,0.00213059,-0.000799469,-0.378966,-0.349658
1087,1,0,0,0,1,1,1,0.450223,0,-0.00745708,-0.00077535,-0.269723,-0.372217
1088,1,0,0,0,1,1,1,0.450223,0.0296706,-0.0010653,-0.000811181,-0.345358,-0.338379
1089,1,0,0,0,1,1,1,0.450223,0,-0.0117183,-0.000805584,-0.227436,-0.383496
1090,1,0,0,0,1,1,1,0.450223,0.00872665,-0.00852238,-0.000809387,-0.263093,-0.3271
1091,1,0,0,0,1,1,1,0.450223,0,0.028763,-0.000790922,-0.670718,-0.372217
1092,1,0,0,0,1,1,1,0.450223,0,-3.91384e-19,-0.000807494,-0.356589,-0.47373
1093,1,0,0,0,1,1,1,0.450223,0,-0.00426119,-0.000789912,-0.307395,-0.31582
1094,1,0,0,0,1,1,1,0.450223,-0.0244346,0.0202406,-0.000806402,-0.579092,-0.3271
1095,1,0,0,0,1,1,1,0.450223,-0.00872665,0.00319589,-0.00079313,-0.389848,-0.225586
1096,1,0,0,0,1,1,1,0.450223,-0.0139626,-0.0117183,-0.000806798,-0.227596,-0.417334
1097,1,0,0,0,1,1,1,0.450223,0.0226893,0.00639178,-0.000836426,-0.430718,-0.439893
1098,1,0,0,0,1,1,1,0.450223,-0.00872665,0.0138489,-0.000819207,-0.510231,-0.383496
1099,1,0,0,0,1,1,1,0.450223,-0.020944,-0.0117183,-0.000831204,-0.230818,-0.394775
1100,1,0,0,0,1,1,1,0.450127,0.00523599,0.0010653,-0.000846783,-0.373494,-0.383496
1101,1,0,0,0,1,1,1,0.450223,-0.00872665,0.00532648,-0.000900774,-0.427493,-0.304541
1102,1,0,0,0,1,1,1,0.450127,-0.0418879,-0.00426119,-0.000902858,-0.322304,-0.428613
1103,1,0,0,0,1,1,1,0.450223,0.00872665,-0.0213059,-0.000874756,-0.131102,-0.428613
1104,1,0,0,0,1,1,1,0.450223,0,-0.00639178,-0.000891859,-0.297416,-0.428613
1105,1,0,0,0,1,1,1,0.450223,0,-0.00426119,-0.000866736,-0.317536,-0.293262
1106,1,0,0,0,1,1,1,0.450223,0,0.0276977,-0.000912918,-0.67518,-0.372217
1107,1,0,0,0,1,1,1,0.450127,-0.0314159,0.00426119,-0.000961907,-0.423845,-0.518848
1108,1,0,0,0,1,1,1,0.450127,0.0541052,-0.00213059,-0.000977948,-0.355653,-0.383496
1109,1,0,0,0,1,1,1,0.450127,0,0.00639178,-0.000978926,-0.449528,-0.281982
1110,1,0,0,0,1,1,1,0.450223,-0.010472,0.0159795,-0.000955064,-0.551842,-0.3271
1111,1,0,0,0,1,1,1,0.450127,-0.0122173,-0.00532648,-0.00096837,-0.319234,-0.372217
1112,1,0,0,0,1,1,1,0.450127,0.00872665,0.00958767,-0.00101843,-0.489897,-0.451172
1113,1,0,0,0,1,1,1,0.450127,0,0.00532648,-0.00102384,-0.443738,-0.31582
1114,1,0,0,0,1,1,1,0.450127,0,0.00319589,-0.00103291,-0.421499,-0.31582
1115,1,0,0,0,1,1,1,0.450127,0,0.00532648,-0.00107551,-0.450559,-0.394775
1116,1,0,0,0,1,1,1,0.450127,0,-0.0117183,-0.00102615,-0.25595,-0.304541
1117,1,0,0,0,1,1,1,0.450223,0,-0.0138489,-0.00104238,-0.235257,-0.304541
1118,1,0,0,0,1,1,1,0.450127,-0.0244346,0.0138489,-0.00107443,-0.544163,-0.372217
1119,1,0,0,0,1,1,1,0.450223,-0.015708,0.0127836,-0.00108118,-0.533335,-0.293262
1120,1,0,0,0,1,1,1,0.450127,0,0.0159795,-0.00109091,-0.569678,-0.451172
1121,1,0,0,0,1,1,1,0.450127,0,0.0202406,-0.00111088,-0.619284,-0.338379
1122,1,0,0,0,1,1,1,0.450223,0,0.010653,-0.00111753,-0.514696,-0.48501
1123,1,0,0,0,1,1,1,0.450127,0,0.0170448,-0.00113996,-0.587967,-0.383496
1124,1,0,0,0,1,1,1,0.450127,-0.0401426,0.0213059,-0.00112826,-0.633296,-0.462451
1125,1,0,0,0,1,1,1,0.450127,-0.0139626,0.00319589,-0.00114863,-0.436774,-0.462451
1126,1,0,0,0,1,1,1,0.450223,0.0401426,-0.00426119,-0.00117239,-0.357883,-0.360938
1127,1,0,0,0,1,1,1,0.450127,0,-0.00213059,-0.00117586,-0.381777,-0.349658
1128,1,0,0,0,1,1,1,0.450127,0,0.0127836,-0.00119692,-0.548613,-0.417334
1129,1,0,0,0,1,1,1,0.450127,0,0.0159795,-0.00117163,-0.579939,-0.304541
1130,1,0,0,0,1,1,1,0.450223,0,-0.00745708,-0.00117236,-0.322724,-0.31582
1131,1,0,0,0,1,1,1,0.450127,0,-0.00532648,-0.00115382,-0.343713,-0.394775
1132,1,0,0,0,1,1,1,0.450223,0,0.0170448,-0.00116585,-0.591384,-0.417334
1133,1,0,0,0,1,1,1,0.450127,-0.0122173,-0.0138489,-0.00119534,-0.255447,-0.417334
1134,1,0,0,0,1,1,1,0.450127,0.00349066,-0.00426119,-0.00120132,-0.361702,-0.406055
1135,1,0,0,0,1,1,1,0.450127,0,0.010653,-0.00119164,-0.524479,-0.451172
1136,1,0,0,0,1,1,1,0.450127,0,-0.010653,-0.00117865,-0.2884,-0.462451
1137,1,0,0,0,1,1,1,0.450127,0.00698132,0.00319589,-0.00118749,-0.441904,-0.496289
1138,1,0,0,0,1,1,1,0.450127,0,0.00745708,-0.00119079,-0.489212,-0.383496
1139,1,0,0,0,1,1,1,0.450127,0,0.00745708,-0.00120173,-0.490656,-0.349658
1140,1,0,0,0,1,1,1,0.450127,0,-0.0138489,-0.00121092,-0.257389,-0.417334
1141,1,0,0,0,1,1,1,0.450223,0.0366519,0.00213059,-0.00125484,-0.439075,-0.439893
1142,1,0,0,0,1,1,1,0.450127,-0.0453786,-0.00532648,-0.00124767,-0.356101,-0.451172
1143,1,0,0,0,1,1,1,0.450127,0,-0.00319589,-0.00126269,-0.381521,-0.451172
1144,1,0,0,0,1,1,1,0.450127,0,0.00319589,-0.00128499,-0.454773,-0.563965
1145,1,0,0,0,1,1,1,0.450127,0.010472,-0.0234365,-0.00128914,-0.162365,-0.462451
1146,1,0,0,0,1,1,1,0.450127,-0.00872665,0.0117183,-0.00128438,-0.548439,-0.47373
1147,1,0,0,0,1,1,1,0.450127,-0.0191986,0.00319589,-0.00128498,-0.454746,-0.507568
1148,1,0,0,0,1,1,1,0.450127,0.0453786,0.0138489,-0.00130491,-0.574586,-0.496289
1149,1,0,0,0,1,1,1,0.450127,-0.0122173,0.00532648,-0.00131953,-0.482769,-0.451172
1150,1,0,0,0,1,1,1,0.450127,0.00872665,-0.00958767,-0.00132895,-0.319957,-0.428613
1151,1,0,0,0,1,1,1,0.450127,0,-0.00213059,-0.00133823,-0.40321,-0.541406
1152,1,0,0,0,1,1,1,0.450127,0,0.00319589,-0.00134682,-0.462935,-0.406055
1153,1,0,0,0,1,1,1,0.450127,-0.00174533,0.010653,-0.00138499,-0.550001,-0.48501
1154,1,0,0,0,1,1,1,0.450127,-0.015708,0.0149142,-0.00136792,-0.594621,-0.428613
1155,1,0,0,0,1,1,1,0.450127,-0.0436332,-0.00213059,-0.00137406,-0.407939,-0.48501
1156,1,0,0,0,1,1,1,0.450127,0.0418879,-0.0138489,-0.00140537,-0.283171,-0.428613
1157,1,0,0,0,1,1,1,0.450127,0.0261799,-0.0138489,-0.00140567,-0.283211,-0.48501
1158,1,0,0,0,1,1,1,0.450127,-0.020944,0.0276977,-0.00139761,-0.739159,-0.462451
1159,1,0,0,0,1,1,1,0.450127,-0.0279253,-0.00852238,-0.00139587,-0.340509,-0.417334
1160,1,0,0,0,1,1,1,0.450127,0.0139626,-0.0255671,-0.00137067,-0.148991,-0.47373
1161,1,0,0,0,1,1,1,0.450223,0.0401426,0.00426119,-0.00136854,-0.47752,-0.293262
1162,1,0,0,0,1,1,1,0.450032,-0.0645772,4.56614e-19,-0.00135359,-0.428674,-0.349658
1163,1,0,0,0,1,1,1,0.450127,0.010472,-0.00319589,-0.00134775,-0.392748,-0.372217
1164,1,0,0,0,1,1,1,0.450127,0,-0.0149142,-0.00132132,-0.260359,-0.281982
1165,1,0,0,0,1,1,1,0.450127,0,-0.00426119,-0.00134975,-0.381295,-0.439893
1166,1,0,0,0,1,1,1,0.450127,-0.020944,0.00639178,-0.00134581,-0.497956,-0.439893
1167,1,0,0,0,1,1,1,0.450127,-0.020944,-0.0010653,-0.00142593,-0.426504,-0.575244
1168,1,0,0,0,1,1,1,0.450032,0,0.010653,-0.00144883,-0.558428,-0.383496
1169,1,0,0,0,1,1,1,0.450032,-0.0471239,0.00745708,-0.00143598,-0.521479,-0.541406
1170,1,0,0,0,1,1,1,0.450127,0.0488692,-0.00319589,-0.00145491,-0.406893,-0.496289
1171,1,0,0,0,1,1,1,0.450127,0,-0.00532648,-0.00145351,-0.383273,-0.417334
1172,1,0,0,0,1,1,1,0.450127,0.00523599,0.0202406,-0.00148355,-0.668475,-0.360938
1173,1,0,0,0,1,1,1,0.450032,-0.0261799,0.0213059,-0.00149285,-0.681422,-0.383496
1174,1,0,0,0,1,1,1,0.450127,0,-0.00213059,-0.00150366,-0.425047,-0.541406
1175,1,0,0,0,1,1,1,0.450127,0.015708,0.00532648,-0.00150012,-0.506607,-0.518848
1176,1,0,0,0,1,1,1,0.450127,0,-0.0010653,-0.00152916,-0.440131,-0.47373
1177,1,0,0,0,1,1,1,0.450127,0,0.0127836,-0.00152559,-0.591996,-0.439893
1178,1,0,0,0,1,1,1,0.450127,-0.0139626,-0.00213059,-0.00158015,-0.435143,-0.64292
1179,1,0,0,0,1,1,1,0.450127,0.0331613,0.0234365,-0.0015976,-0.718685,-0.462451
1180,1,0,0,0,1,1,1,0.450127,-0.0174533,-0.0213059,-0.001587,-0.225119,-0.496289
1181,1,0,0,0,1,1,1,0.450127,0.0174533,0.0127836,-0.00160367,-0.602304,-0.541406
1182,1,0,0,0,1,1,1,0.450127,0,0.00319589,-0.00162294,-0.499383,-0.518848
1183,1,0,0,0,1,1,1,0.450127,0.00523599,3.26153e-19,-0.00161851,-0.463643,-0.349658
1184,1,0,0,0,1,1,1,0.450127,-0.020944,0.0149142,-0.00169137,-0.637317,-0.451172
1185,1,0,0,0,1,1,1,0.450032,0,0.00213059,-0.00166295,-0.492946,-0.496289
1186,1,0,0,0,1,1,1,0.450127,0.00349066,0.00532648,-0.00170163,-0.533207,-0.48501
1187,1,0,0,0,1,1,1,0.450032,0.00872665,0.0117183,-0.00175226,-0.6102,-0.47373
1188,1,0,0,0,1,1,1,0.450032,-0.0261799,0.00213059,-0.00170739,-0.498812,-0.552686
1189,1,0,0,0,1,1,1,0.450223,0,0.0010653,-0.00165902,-0.480708,-0.394775
1190,1,0,0,0,1,1,1,0.450127,0,0.00426119,-0.00167159,-0.517522,-0.462451
1191,1,0,0,0,1,1,1,0.450127,-0.015708,0.00426119,-0.00167293,-0.5177,-0.47373
1192,1,0,0,0,1,1,1,0.450127,0.020944,0.00639178,-0.00167215,-0.541033,-0.428613
1193,1,0,0,0,1,1,1,0.450127,-0.010472,0.00532648,-0.00168138,-0.530533,-0.507568
1194,1,0,0,0,1,1,1,0.450127,0.0174533,0.0010653,-0.00170657,-0.486985,-0.518848
1195,1,0,0,0,1,1,1,0.450032,0,0.0127836,-0.00170347,-0.615478,-0.563965
1196,1,0,0,0,1,1,1,0.450127,0,-0.0255671,-0.00170764,-0.19417,-0.597803
1197,1,0,0,0,1,1,1,0.450223,0.0226893,-0.00745708,-0.00171866,-0.394836,-0.462451
1198,1,0,0,0,1,1,1,0.450032,-0.0349066,-0.00639178,-0.0017242,-0.407285,-0.48501
1199,1,0,0,0,1,1,1,0.450127,0.0174533,0.00852238,-0.00173537,-0.572816,-0.496289
1200,1,0,0,0,1,1,1,0.450032,-0.0471239,0.0117183,-0.00175364,-0.610381,-0.699316
1201,1,0,0,0,1,1,1,0.450127,0,-9.13229e-19,-0.00178847,-0.486077,-0.462451
1202,1,0,0,0,1,1,1,0.450032,-0.00872665,-0.00319589,-0.00177232,-0.448792,-0.507568
1203,1,0,0,0,1,1,1,0.450127,-0.00174533,0.00213059,-0.00174819,-0.504198,-0.451172
1204,1,0,0,0,1,1,1,0.450032,-0.00872665,0.0170448,-0.00180854,-0.676219,-0.586523
1205,1,0,0,0,1,1,1,0.450032,0,0.010653,-0.00181189,-0.606353,-0.563965
1206,1,0,0,0,1,1,1,0.450127,0.0174533,3.26153e-19,-0.00180317,-0.488018,-0.47373
1207,1,0,0,0,1,1,1,0.450032,0,0.0138489,-0.00177947,-0.637227,-0.530127
1208,1,0,0,0,1,1,1,0.450127,0,0.0127836,-0.00176701,-0.623644,-0.541406
1209,1,0,0,0,1,1,1,0.450127,0,-0.0404813,-0.00178341,-0.0401156,-0.518848
1210,1,0,0,0,1,1,1,0.450032,0,0.00639178,-0.00177811,-0.55502,-0.406055
1211,1,0,0,0,1,1,1,0.450032,-0.010472,9.13229e-19,-0.00181214,-0.489202,-0.541406
1212,1,0,0,0,1,1,1,0.450127,0.0436332,0.0138489,-0.00181714,-0.642201,-0.47373
1213,1,0,0,0,1,1,1,0.450032,0,0.0276977,-0.00180501,-0.792937,-0.48501
1214,1,0,0,0,1,1,1,0.450127,0.00174533,-0.00852238,-0.00180983,-0.395152,-0.552686
1215,1,0,0,0,1,1,1,0.450127,0.0244346,-0.0245018,-0.00177692,-0.215034,-0.597803
1216,1,0,0,0,1,1,1,0.450127,0,-0.0138489,-0.00181674,-0.337472,-0.563965
1217,1,0,0,0,1,1,1,0.450032,0.0244346,0.00532648,-0.00183723,-0.551105,-0.586523
1218,1,0,0,0,1,1,1,0.450032,-0.00698132,0.00745708,-0.00186289,-0.577929,-0.48501
1219,1,0,0,0,1,1,1,0.450032,-0.00349066,0.0117183,-0.00188682,-0.627962,-0.518848
1220,1,0,0,0,1,1,1,0.450032,0.00523599,-0.0010653,-0.00190299,-0.489477,-0.64292
1221,1,0,0,0,1,1,1,0.450032,0.0296706,0.00319589,-0.00189674,-0.535525,-0.496289
1222,1,0,0,0,1,1,1,0.450032,-0.0139626,0.0138489,-0.00190748,-0.654124,-0.552686
1223,1,0,0,0,1,1,1,0.450032,0,-0.0170448,-0.00195671,-0.320794,-0.688037
1224,1,0,0,0,1,1,1,0.450032,0.0383972,-0.00639178,-0.00196875,-0.439566,-0.451172
1225,1,0,0,0,1,1,1,0.450032,0,-0.00745708,-0.00194676,-0.424945,-0.496289
1226,1,0,0,0,1,1,1,0.450127,0,0.0117183,-0.00199735,-0.642551,-0.541406
1227,1,0,0,0,1,1,1,0.450032,0,-0.00426119,-0.00200386,-0.467636,-0.507568
1228,1,0,0,0,1,1,1,0.450032,0,-0.010653,-0.00197976,-0.394145,-0.631641
1229,1,0,0,0,1,1,1,0.450127,0.00872665,0.00213059,-0.00199565,-0.536863,-0.552686
1230,1,0,0,0,1,1,1,0.450032,0,-0.00426119,-0.00200513,-0.467804,-0.654199
1231,1,0,0,0,1,1,1,0.450032,0,0.00426119,-0.00202322,-0.563939,-0.541406
1232,1,0,0,0,1,1,1,0.450032,-0.00349066,0.00532648,-0.00204568,-0.578621,-0.507568
1233,1,0,0,0,1,1,1,0.450032,0,-0.00852238,-0.00203319,-0.424635,-0.530127
1234,1,0,0,0,1,1,1,0.450127,0.0122173,-0.00426119,-0.0020354,-0.4718,-0.665479
1235,1,0,0,0,1,1,1,0.450032,0.0226893,0.00319589,-0.00206196,-0.557333,-0.541406
1236,1,0,0,0,1,1,1,0.450032,-0.015708,4.56614e-19,-0.00204901,-0.52047,-0.496289
1237,1,0,0,0,1,1,1,0.450032,0,0.0170448,-0.00209039,-0.713423,-0.64292
1238,1,0,0,0,1,1,1,0.450032,0.00872665,-0.00745708,-0.00207311,-0.441623,-0.518848
1239,1,0,0,0,1,1,1,0.450032,-0.00872665,0.00639178,-0.00207449,-0.594143,-0.47373
1240,1,0,0,0,1,1,1,0.450032,-0.00523599,-0.00532648,-0.00208043,-0.466025,-0.496289
1241,1,0,0,0,1,1,1,0.450032,0,0.00532648,-0.00213344,-0.590205,-0.744434
1242,1,0,0,0,1,1,1,0.450032,0,-0.00852238,-0.00215875,-0.441209,-0.609082
1243,1,0,0,0,1,1,1,0.450032,0.00698132,-0.00319589,-0.00215585,-0.499418,-0.451172
1244,1,0,0,0,1,1,1,0.450032,-0.0244346,-0.00852238,-0.00215189,-0.440304,-0.631641
1245,1,0,0,0,1,1,1,0.450032,0.0174533,0.0127836,-0.00214687,-0.674005,-0.563965
1246,1,0,0,0,1,1,1,0.450032,-0.00872665,-0.0213059,-0.00217505,-0.302741,-0.597803
1247,1,0,0,0,1,1,1,0.450032,0.0593412,0.028763,-0.00220697,-0.857713,-0.541406
1248,1,0,0,0,1,1,1,0.449936,-0.0558505,0.0298283,-0.00220775,-0.869535,-0.518848
1249,1,0,0,0,1,1,1,0.449936,-0.0453786,-0.00213059,-0.00223745,-0.521907,-0.64292
1250,1,0,0,0,1,1,1,0.450032,0.0698132,-0.00958767,-0.00220198,-0.435197,-0.439893
1251,1,0,0,0,1,1,1,0.450032,0,0.00319589,-0.00216246,-0.570599,-0.360938
1252,1,0,0,0,1,1,1,0.450032,0,0.00426119,-0.00214472,-0.579976,-0.406055
1253,1,0,0,0,1,1,1,0.450032,0,-0.0170448,-0.00217436,-0.349523,-0.597803
1254,1,0,0,0,1,1,1,0.450032,0,-0.00319589,-0.00221745,-0.507549,-0.688037
1255,1,0,0,0,1,1,1,0.450032,0,0.00426119,-0.00221214,-0.588876,-0.552686
1256,1,0,0,0,1,1,1,0.450032,-0.00523599,0.00639178,-0.00222471,-0.613971,-0.518848
1257,1,0,0,0,1,1,1,0.450032,-0.00872665,-0.00532648,-0.00219592,-0.48127,-0.597803
1258,1,0,0,0,1,1,1,0.450032,0.0244346,-0.0117183,-0.00224019,-0.416805,-0.563965
1259,1,0,0,0,1,1,1,0.450032,0.010472,0.01811,-0.0022163,-0.741762,-0.530127
1260,1,0,0,0,1,1,1,0.450032,-0.0191986,0.00958767,-0.00224344,-0.651598,-0.778271
1261,1,0,0,0,1,1,1,0.450032,0.015708,0.00426119,-0.00227506,-0.597181,-0.563965
1262,1,0,0,0,1,1,1,0.449936,-0.0174533,-0.0245018,-0.00223857,-0.275971,-0.47373
1263,1,0,0,0,1,1,1,0.450032,0,-0.00958767,-0.00227555,-0.444908,-0.609082
1264,1,0,0,0,1,1,1,0.449936,0,0.0234365,-0.00227795,-0.808491,-0.47373
1265,1,0,0,0,1,1,1,0.449936,-0.0314159,0.00745708,-0.00229269,-0.634662,-0.530127
1266,1,0,0,0,1,1,1,0.450032,0.00872665,0.0010653,-0.00229104,-0.564136,-0.563965
1267,1,0,0,0,1,1,1,0.450032,0,0.00958767,-0.00228333,-0.656864,-0.631641
1268,1,0,0,0,1,1,1,0.450032,0,-0.00532648,-0.00230079,-0.495113,-0.609082
1269,1,0,0,0,1,1,1,0.450032,0.0261799,0.0010653,-0.00232536,-0.568665,-0.518848
1270,1,0,0,0,1,1,1,0.450032,-0.00523599,0.0202406,-0.00232165,-0.779105,-0.47373
1271,1,0,0,0,1,1,1,0.449936,-0.0453786,0.0255671,-0.00234312,-0.840531,-0.609082
1272,1,0,0,0,1,1,1,0.449936,0.00523599,-0.0170448,-0.00237974,-0.376634,-0.620361
1273,1,0,0,0,1,1,1,0.450032,0.0575959,0.00426119,-0.00237361,-0.61019,-0.518848
1274,1,0,0,0,1,1,1,0.450032,-0.0244346,-0.0255671,-0.00233894,-0.277502,-0.428613
1275,1,0,0,0,1,1,1,0.450032,0.0191986,-0.00745708,-0.00234649,-0.477709,-0.620361
1276,1,0,0,0,1,1,1,0.449936,0,0.00319589,-0.00230483,-0.589393,-0.462451
1277,1,0,0,0,1,1,1,0.450032,-0.0331613,0.00319589,-0.00231239,-0.59039,-0.462451
1278,1,0,0,0,1,1,1,0.450032,0,0,-0.00231229,-0.555223,-0.3271
1279,1,0,0,0,1,1,1,0.449936,-0.0331613,-0.010653,-0.00231864,-0.438877,-0.688037
1280,1,0,0,0,1,1,1,0.450032,0.0506145,0.00532648,-0.00234991,-0.618779,-0.552686
1281,1,0,0,0,1,1,1,0.449936,0,0.0010653,-0.00233594,-0.570062,-0.654199
1282,1,0,0,0,1,1,1,0.450032,0.0122173,-0.00426119,-0.00235662,-0.514201,-0.699316
1283,1,0,0,0,1,1,1,0.450032,0.0226893,-0.00532648,-0.00236167,-0.503149,-0.552686
1284,1,0,0,0,1,1,1,0.449936,-0.015708,0.00852238,-0.00241117,-0.662021,-0.518848
1285,1,0,0,0,1,1,1,0.449936,0,0.00532648,-0.00239651,-0.624931,-0.428613
1286,1,0,0,0,1,1,1,0.450032,0,0.0117183,-0.0024011,-0.695847,-0.552686
1287,1,0,0,0,1,1,1,0.449936,0,-0.00639178,-0.00241381,-0.498314,-0.586523
1288,1,0,0,0,1,1,1,0.449936,0,-0.0223712,-0.00239573,-0.320153,-0.507568
1289,1,0,0,0,1,1,1,0.450032,0.0261799,-0.00745708,-0.00244394,-0.490573,-0.64292
1290,1,0,0,0,1,1,1,0.449936,-0.0122173,-0.00532648,-0.00243063,-0.512252,-0.552686
1291,1,0,0,0,1,1,1,0.450032,0,0.00639178,-0.00244168,-0.642612,-0.597803
1292,1,0,0,0,1,1,1,0.449936,0,0.00532648,-0.00243669,-0.630234,-0.530127
1293,1,0,0,0,1,1,1,0.449936,-0.0349066,-0.00532648,-0.00245149,-0.515005,-0.631641
1294,1,0,0,0,1,1,1,0.449936,0,-0.0149142,-0.00246039,-0.410716,-0.631641
1295,1,0,0,0,1,1,1,0.449936,0,-0.0138489,-0.00245941,-0.422305,-0.654199
1296,1,0,0,0,1,1,1,0.449936,-0.00523599,0.00213059,-0.00246502,-0.598819,-0.699316
1297,1,0,0,0,1,1,1,0.450032,0,-0.00639178,-0.00245528,-0.503788,-0.417334
1298,1,0,0,0,1,1,1,0.449936,-0.0226893,-0.00745708,-0.00246528,-0.49339,-0.552686
1299,1,0,0,0,1,1,1,0.450032,0.0174533,-0.0010653,-0.00243838,-0.560148,-0.541406
1300,1,0,0,0,1,1,1,0.450032,-0.00698132,0.01811,-0.00244136,-0.77147,-0.699316
1301,1,0,0,0,1,1,1,0.450032,0,0.010653,-0.00244363,-0.689742,-0.597803
1302,1,0,0,0,1,1,1,0.450032,0.010472,-0.00532648,-0.00241647,-0.510383,-0.496289
1303,1,0,0,0,1,1,1,0.450032,0,0.00852238,-0.00244444,-0.666412,-0.541406
1304,1,0,0,0,1,1,1,0.449936,-0.0226893,-0.00426119,-0.00240781,-0.520957,-0.597803
1305,1,0,0,0,1,1,1,0.450032,-0.00174533,-0.00532648,-0.00242802,-0.511908,-0.721875
1306,1,0,0,0,1,1,1,0.449936,0.0366519,-4.56614e-19,-0.00245434,-0.573973,-0.586523
1307,1,0,0,0,1,1,1,0.449936,0,-0.00639178,-0.00244159,-0.501981,-0.541406
1308,1,0,0,0,1,1,1,0.450032,0,-0.0223712,-0.00243381,-0.325179,-0.597803
1309,1,0,0,0,1,1,1,0.450032,0.0349066,-0.0117183,-0.00246787,-0.446858,-0.64292
1310,1,0,0,0,1,1,1,0.449936,-0.0244346,-0.00532648,-0.00246625,-0.516954,-0.575244
1311,1,0,0,0,1,1,1,0.450032,0,0.00213059,-0.00243932,-0.595426,-0.428613
1312,1,0,0,0,1,1,1,0.450032,0,-0.00319589,-0.00248727,-0.543164,-0.518848
1313,1,0,0,0,1,1,1,0.449936,0.0331613,-0.00426119,-0.00244708,-0.526141,-0.631641
1314,1,0,0,0,1,1,1,0.450032,0.0122173,-0.00639178,-0.00245127,-0.503258,-0.518848
1315,1,0,0,0,1,1,1,0.449936,0.0349066,0.00532648,-0.0025048,-0.639224,-0.530127
1316,1,0,0,0,1,1,1,0.449936,-0.0401426,0.00213059,-0.00249169,-0.602339,-0.496289
1317,1,0,0,0,1,1,1,0.450032,0,-0.00639178,-0.00246754,-0.505406,-0.631641
1318,1,0,0,0,1,1,1,0.450032,0.0401426,0.0117183,-0.00251414,-0.710767,-0.462451
1319,1,0,0,0,1,1,1,0.449936,-0.00872665,0.00532648,-0.00252833,-0.642331,-0.699316
1320,1,0,0,0,1,1,1,0.450032,0.0174533,0.00532648,-0.00255501,-0.645853,-0.665479
1321,1,0,0,0,1,1,1,0.449936,0,-0.00532648,-0.00256451,-0.529924,-0.609082
1322,1,0,0,0,1,1,1,0.449936,0,-0.00852238,-0.00252702,-0.489821,-0.620361
1323,1,0,0,0,1,1,1,0.450032,0,-0.0010653,-0.00250818,-0.569361,-0.575244
1324,1,0,0,0,1,1,1,0.449936,0,-0.00319589,-0.00249218,-0.543813,-0.609082
1325,1,0,0,0,1,1,1,0.450032,0,-0.00426119,-0.00251732,-0.535414,-0.665479
1326,1,0,0,0,1,1,1,0.449936,0.00349066,-0.00745708,-0.00250027,-0.498008,-0.552686
1327,1,0,0,0,1,1,1,0.449936,-0.015708,-0.00852238,-0.00248395,-0.484136,-0.631641
1328,1,0,0,0,1,1,1,0.450032,0.020944,-0.00319589,-0.00251995,-0.547479,-0.586523
1329,1,0,0,0,1,1,1,0.449936,0.00349066,0.00958767,-0.00251516,-0.687466,-0.586523
1330,1,0,0,0,1,1,1,0.450032,0,-0.00745708,-0.0025456,-0.503991,-0.620361
1331,1,0,0,0,1,1,1,0.450032,0.0383972,-0.00426119,-0.00253426,-0.537649,-0.552686
1332,1,0,0,0,1,1,1,0.449936,-0.0383972,0.00213059,-0.00255646,-0.61089,-0.575244
1333,1,0,0,0,1,1,1,0.449936,0,0.00958767,-0.00254931,-0.691973,-0.530127
1334,1,0,0,0,1,1,1,0.450032,0,-0.00852238,-0.00254371,-0.492023,-0.530127
1335,1,0,0,0,1,1,1,0.450032,0.0174533,0.00852238,-0.0025401,-0.67904,-0.518848
1336,1,0,0,0,1,1,1,0.449936,-0.020944,-0.0010653,-0.00257253,-0.577856,-0.64292
1337,1,0,0,0,1,1,1,0.449936,0.0226893,0.00532648,-0.00259675,-0.651362,-0.631641
1338,1,0,0,0,1,1,1,0.449936,-0.0174533,-0.0202406,-0.0025649,-0.365919,-0.631641
1339,1,0,0,0,1,1,1,0.450032,0.00698132,-0.00852238,-0.00257938,-0.496732,-0.688037
1340,1,0,0,0,1,1,1,0.449936,0.00174533,0.00319589,-0.00259587,-0.627809,-0.530127
1341,1,0,0,0,1,1,1,0.449936,-0.010472,-0.0149142,-0.00259287,-0.428203,-0.518848
1342,1,0,0,0,1,1,1,0.449936,0,-0.00958767,-0.00260566,-0.488482,-0.586523
1343,1,0,0,0,1,1,1,0.449936,0.0174533,0.00532648,-0.00261897,-0.654296,-0.64292
1344,1,0,0,0,1,1,1,0.449936,0,0.0159795,-0.0026376,-0.773937,-0.48501
1345,1,0,0,0,1,1,1,0.449936,-0.0174533,-0.00852238,-0.00262759,-0.503095,-0.597803
1346,1,0,0,0,1,1,1,0.449936,0.00698132,-0.0170448,-0.00261074,-0.407125,-0.597803
1347,1,0,0,0,1,1,1,0.449936,0.00872665,0.00213059,-0.00264084,-0.622027,-0.778271
1348,1,0,0,0,1,1,1,0.449936,0.00174533,0.0170448,-0.00266573,-0.789369,-0.620361
1349,1,0,0,0,1,1,1,0.449936,-0.0174533,0.00213059,-0.00267815,-0.626953,-0.620361
1350,1,0.1,0,0,1,1,1,0.450127,0.113446,-0.00639178,0.0978227,12.9661,1.04897
1351,1,0.1,0,0,1,1,1,0.455017,0.832522,0.039416,0.0977664,12.7216,3.49658
1352,1,0.1,0,0,1,1,1,0.454825,-0.219911,0.158729,0.0973529,11.3546,3.95903
1353,1,0.1,0,0,1,1,1,0.456359,0.315905,0.255671,0.0960691,10.1187,3.93647
1354,1,0.1,0,0,1,1,1,0.457702,0.397935,0.36007,0.0946406,8.78179,3.91392
1355,1,0.1,0,0,1,1,1,0.460674,0.481711,0.461274,0.0925441,7.39181,4.06055
1356,1,0.1,0,0,1,1,1,0.462687,0.535816,0.57526,0.0898981,5.78869,3.93647
1357,1,0.1,0,0,1,1,1,0.46681,0.715585,0.660484,0.0863572,4.38383,4.00415
1358,1,0.1,0,0,1,1,1,0.469877,0.774926,0.786189,0.0827596,2.52619,3.99287
1359,1,0.1,0,0,1,1,1,0.474,0.621337,0.894849,0.0784924,0.767655,2.31226
1360,1,0.1,0,0,1,1,1,0.476685,0.710349,0.887392,0.0740076,0.257554,1.20688
1361,1,0.1,0,0,1,1,1,0.481191,0.781908,0.889523,0.0695141,-0.367031,0.135352
1362,1,0.1,0,0,1,1,1,0.484163,0.708604,0.890588,0.0655137,-0.927077,-0.0225586
1363,1,0.1,0,0,1,1,1,0.488477,0.808087,0.873543,0.0606502,-1.41135,-0.304541
1364,1,0.1,0,0,1,1,1,0.491737,0.69115,0.829866,0.0563569,-1.5362,-0.981299
1365,1,0.1,0,0,1,1,1,0.495668,0.741765,0.791516,0.0522154,-1.70362,-1.60166
1366,1,0.1,0,0,1,1,1,0.498352,0.657989,0.735055,0.0484217,-1.62193,-1.60166
1367,1,0.1,0,0,1,1,1,0.50257,0.652753,0.648766,0.0450334,-1.15083,-1.21816
1368,1,0.1,0,0,1,1,1,0.504871,0.535816,0.598697,0.041908,-1.03822,-1.35352
1369,1,0.1,0,0,1,1,1,0.508323,0.586431,0.543301,0.0390373,-0.830401,-1.07153
1370,1,0.1,0,0,1,1,1,0.510336,0.481711,0.513473,0.0364565,-0.858495,-0.834668
1371,1,0.1,0,0,1,1,1,0.513212,0.434587,0.460208,0.0340559,-0.604664,-0.778271
1372,1,0.1,0,0,1,1,1,0.51513,0.469494,0.401617,0.031842,-0.265655,-0.688037
1373,1,0.1,0,0,1,1,1,0.517814,0.432842,0.405878,0.0297962,-0.591419,-0.47373
1374,1,0.1,0,0,1,1,1,0.519061,0.284489,0.363266,0.0279026,-0.380916,-0.518848
1375,1,0.1,0,0,1,1,1,0.521362,0.394444,0.335569,0.0261901,-0.306844,-0.417334
1376,1,0.1,0,0,1,1,1,0.5228,0.371755,0.300414,0.0246473,-0.125397,-0.281982
1377,1,0.1,0,0,1,1,1,0.524717,0.296706,0.28763,0.0232171,-0.173479,-0.169189
1378,1,0.1,0,0,1,1,1,0.525868,0.253073,0.259932,0.0218656,-0.0479473,-0.191748
1379,1,0.1,0,0,1,1,1,0.527402,0.282743,0.224778,0.0206624,0.182893,-0.15791
1380,1,0.1,0,0,1,1,1,0.528552,0.289725,0.204537,0.0195179,0.257546,-0.124072
1381,1,0.1,0,0,1,1,1,0.52999,0.207694,0.194949,0.0185023,0.235398,-0.0563965
1382,1,0.1,0,0,1,1,1,0.530757,0.200713,0.187492,0.0175721,0.202169,0.0563965
1383,1,0.1,0,0,1,1,1,0.532195,0.232129,0.154468,0.0166632,0.450433,0.0338379
1384,1,0.1,0,0,1,1,1,0.533058,0.233874,0.148076,0.0158119,0.415177,0.124072
1385,1,0.1,0,0,1,1,1,0.534592,0.261799,0.169382,0.0149885,0.0784122,0.169189
1386,1,0.1,0,0,1,1,1,0.535359,0.129154,0.153403,0.0142436,0.16096,0.0902344
1387,1,0.1,0,0,1,1,1,0.53603,0.115192,0.147011,0.0134882,0.135401,0.0563965
1388,1,0.1,0,0,1,1,1,0.53651,0.125664,0.113987,0.0128263,0.416443,0.15791
1389,1,0.1,0,0,1,1,1,0.537373,0.151844,0.116117,0.0122231,0.321802,0.259424
1390,1,0.1,0,0,1,1,1,0.537852,0.101229,0.120379,0.01163,0.203136,0.281982
1391,1,0.1,0,0,1,1,1,0.538427,0.0994838,0.103334,0.0110778,0.32383,0.259424
1392,1,0.1,0,0,1,1,1,0.538907,0.141372,0.0926808,0.010563,0.379762,0.383496
1393,1,0.1,0,0,1,1,1,0.539578,0.0977384,0.10866,0.0100937,0.150363,0.383496
1394,1,0.1,0,0,1,1,1,0.539961,0.0837758,0.102269,0.00956672,0.154197,0.248145
1395,1,0.1,0,0,1,1,1,0.540441,0.0855211,0.0873543,0.00910628,0.261654,0.180469
1396,1,0.1,0,0,1,1,1,0.540824,0.111701,0.0894849,0.0086524,0.182351,0.15791
1397,1,0.1,0,0,1,1,1,0.541399,0.0942478,0.0798973,0.00821595,0.233234,0.281982
1398,1,0.1,0,0,1,1,1,0.541783,0.0715585,0.050069,0.00785063,0.517977,0.180469
1399,1,0.1,0,0,1,1,1,0.542358,0.13439,0.0255671,0.00750513,0.746675,0.236865
1400,1,0.1,0,0,1,1,1,0.542646,0.0575959,0.0745708,0.00716888,0.170586,0.372217
1401,1,0.1,0,0,1,1,1,0.543029,0.0366519,0.0490037,0.00684963,0.412977,0.270703
1402,1,0.1,0,0,1,1,1,0.543221,0.0541052,0.0628525,0.00655968,0.228675,0.281982
1403,1,0.1,0,0,1,1,1,0.5437,0.0610865,0.0479384,0.00631363,0.367285,0.439893
1404,1,0.1,0,0,1,1,1,0.543892,0.0401426,0.0383507,0.00606218,0.445889,0.451172
1405,1,0.1,0,0,1,1,1,0.544084,0.0418879,0.0585913,0.00583022,0.199671,0.349658
1406,1,0.1,0,0,1,1,1,0.544276,0.0453786,0.0426119,0.00557676,0.346492,0.383496
1407,1,0.1,0,0,1,1,1,0.544371,0.0174533,0.0191753,0.00539746,0.587404,0.31582
1408,1,0.1,0,0,1,1,1,0.544563,0.0610865,0.0426119,0.00524408,0.318258,0.270703
1409,1,0.1,0,0,1,1,1,0.544851,0.00523599,0.0383507,0.00505002,0.344936,0.47373
1410,1,0.1,0,0,1,1,1,0.544755,-0.00174533,0.039416,0.00484268,0.310028,0.304541
1411,1,0.1,0,0,1,1,1,0.544851,0.0453786,0.0436772,0.00471803,0.254878,0.47373
1412,1,0.1,0,0,1,1,1,0.545043,0.0279253,0.0138489,0.00465371,0.583848,0.518848
1413,1,0.1,0,0,1,1,1,0.545234,0.00174533,0.0213059,0.00454112,0.495424,0.496289
1414,1,0.1,0,0,1,1,1,0.545234,0,0.0255671,0.00441945,0.440292,0.541406
1415,1,0.1,0,0,1,1,1,0.54533,0.0226893,0.010653,0.00432905,0.60088,0.586523
1416,1,0.1,0,0,1,1,1,0.545426,0,0.0415466,0.00422908,0.256796,0.462451
1417,1,0.1,0,0,1,1,1,0.545522,0,0.0138489,0.00414403,0.556709,0.507568
1418,1,0.1,0,0,1,1,1,0.545618,0.015708,0.0340895,0.00402245,0.32506,0.451172
1419,1,0.1,0,0,1,1,1,0.545714,0,0.028763,0.00390353,0.373629,0.428613
1420,1,0.1,0,0,1,1,1,0.54581,0.0349066,-0.00319589,0.00385324,0.726234,0.47373
1421,1,0.1,0,0,1,1,1,0.546001,0.0296706,0.0351548,0.0037766,0.302898,0.47373
1422,1,0.1,0,0,1,1,1,0.546001,0,0.00213059,0.00373702,0.668812,0.507568
1423,1,0.1,0,0,1,1,1,0.546193,0.0349066,0.01811,0.0036739,0.49427,0.665479
1424,1,0.1,0,0,1,1,1,0.546289,0,0.010653,0.00363261,0.579147,0.620361
1425,1,0.1,0,0,1,1,1,0.546289,0.015708,0.0159795,0.00351457,0.510308,0.563965
1426,1,0.1,0,0,1,1,1,0.546385,0,0.0117183,0.00344152,0.554154,0.451172
1427,1,0.1,0,0,1,1,1,0.546481,0.0174533,0.00958767,0.0033642,0.573548,0.417334
1428,1,0.1,0,0,1,1,1,0.546481,0.0296706,0.0223712,0.00331883,0.435189,0.530127
1429,1,0.1,0,0,1,1,1,0.546672,0,0.0117183,0.00324461,0.54871,0.609082
1430,1,0.1,0,0,1,1,1,0.546672,0,0.0138489,0.00319727,0.519703,0.563965
1431,1,0.1,0,0,1,1,1,0.546672,0.0122173,0.0362201,0.00311358,0.262571,0.507568
1432,1,0.1,0,0,1,1,1,0.546768,0.0226893,0.0138489,0.00302454,0.496902,0.496289
1433,1,0.1,0,0,1,1,1,0.546768,0,0.010653,0.00293593,0.520361,0.47373
1434,1,0.1,0,0,1,1,1,0.546864,0.0226893,-0.00532648,0.00290114,0.691541,0.586523
1435,1,0.1,0,0,1,1,1,0.547056,0.0139626,-0.00213059,0.00283219,0.647286,0.428613
1436,1,0.1,0,0,1,1,1,0.54696,0,0.00958767,0.00271856,0.503385,0.360938
1437,1,0.1,0,0,1,1,1,0.547056,0.0279253,0.0276977,0.00266623,0.297267,0.462451
1438,1,0.1,0,0,1,1,1,0.547152,0.00698132,0.0276977,0.00260946,0.289774,0.3271
1439,1,0.1,0,0,1,1,1,0.547152,0,-0.00745708,0.00252638,0.66551,0.428613
1440,1,0.1,0,0,1,1,1,0.547248,0.0383972,0.0170448,0.00243515,0.383948,0.417334
1441,1,0.1,0,0,1,1,1,0.547248,-0.00872665,4.56614e-19,0.00237786,0.563877,0.3271
1442,1,0.1,0,0,1,1,1,0.547344,0.015708,0.0117183,0.00236675,0.43351,0.541406
1443,1,0.1,0,0,1,1,1,0.547439,-0.00523599,-0.0117183,0.00233189,0.68671,0.406055
1444,1,0.1,0,0,1,1,1,0.547439,0.0314159,0.00852238,0.00230031,0.459895,0.496289
1445,1,0.1,0,0,1,1,1,0.547439,0,0.00319589,0.00230199,0.518708,0.406055
1446,1,0.1,0,0,1,1,1,0.547439,0.00872665,-0.00319589,0.00225904,0.583348,0.406055
1447,1,0.1,0,0,1,1,1,0.547439,0.00698132,-0.00532648,0.00225146,0.605784,0.428613
1448,1,0.1,0,0,1,1,1,0.547439,0,0.0266324,0.00221921,0.249979,0.609082
1449,1,0.1,0,0,1,1,1,0.547439,-0.00349066,0.0117183,0.00225063,0.418182,0.541406
1450,1,0.1,0,0,1,1,1,0.547535,0,-0.0202406,0.00226782,0.771999,0.462451
1451,1,0.1,0,0,1,1,1,0.547631,0.0383972,-0.0010653,0.00220646,0.552971,0.496289
1452,1,0.1,0,0,1,1,1,0.547535,-0.010472,0.0159795,0.00216651,0.360205,0.48501
1453,1,0.1,0,0,1,1,1,0.547535,-0.0174533,0.0159795,0.00209504,0.350771,0.383496
1454,1,0.1,0,0,1,1,1,0.547535,-0.0139626,0.00532648,0.00203246,0.459694,0.304541
1455,1,0.1,0,0,1,1,1,0.547535,0.0314159,-0.00745708,0.00199586,0.595481,0.406055
1456,1,0.1,0,0,1,1,1,0.547535,-0.00174533,0.00745708,0.00197515,0.428693,0.496289
1457,1,0.1,0,0,1,1,1,0.547535,0,-0.0010653,0.00196972,0.521721,0.428613
1458,1,0.1,0,0,1,1,1,0.547631,0.0366519,0.00213059,0.00193262,0.481669,0.383496
1459,1,0.1,0,0,1,1,1,0.547535,0.00174533,0.00319589,0.00187726,0.461991,0.541406
1460,1,0.1,0,0,1,1,1,0.547535,-0.015708,0.00426119,0.00190038,0.453977,0.47373
1461,1,0.1,0,0,1,1,1,0.547535,0,-0.0170448,0.00190589,0.689069,0.609082
1462,1,0.1,0,0,1,1,1,0.547631,0,-0.0127836,0.00188838,0.639885,0.552686
1463,1,0.1,0,0,1,1,1,0.547631,0.0174533,0.00213059,0.00188864,0.475864,0.552686
1464,1,0.1,0,0,1,1,1,0.547535,-0.0314159,-0.00319589,0.00190457,0.536558,0.47373
1465,1,0.1,0,0,1,1,1,0.547631,0.00523599,0.0010653,0.00191804,0.491463,0.654199
1466,1,0.1,0,0,1,1,1,0.547631,-0.00523599,0.00426119,0.00192155,0.456771,0.496289
1467,1,0.1,0,0,1,1,1,0.547631,0,0.0127836,0.00186775,0.355924,0.439893
1468,1,0.1,0,0,1,1,1,0.547631,0,0.0138489,0.0018697,0.344463,0.530127
1469,1,0.1,0,0,1,1,1,0.547631,-0.0174533,-0.00745708,0.00185676,0.577121,0.428613
1470,1,0.1,0,0,1,1,1,0.547631,0.0314159,0.00319589,0.00185647,0.459632,0.518848
1471,1,0.1,0,0,1,1,1,0.547631,0,0.0234365,0.00187083,0.239147,0.563965
1472,1,0.1,0,0,1,1,1,0.547727,0.00698132,0.0010653,0.00184951,0.482418,0.439893
1473,1,0.1,0,0,1,1,1,0.547727,0.00174533,0.0010653,0.00180649,0.476738,0.439893
1474,1,0.1,0,0,1,1,1,0.547631,-0.00174533,-0.00532648,0.00179431,0.54544,0.507568
1475,1,0.1,0,0,1,1,1,0.547631,0,0.0213059,0.00178013,0.250611,0.530127
1476,1,0.1,0,0,1,1,1,0.547631,0,0.00319589,0.00177291,0.448869,0.462451
1477,1,0.1,0,0,1,1,1,0.547631,0,-0.00958767,0.00173347,0.584282,0.31582
1478,1,0.1,0,0,1,1,1,0.547631,0.00523599,0.00745708,0.0017186,0.394827,0.451172
1479,1,0.1,0,0,1,1,1,0.547631,-0.010472,0.0127836,0.00172823,0.337507,0.428613
1480,1,0.1,0,0,1,1,1,0.547727,0.0174533,-0.00852238,0.00173399,0.572633,0.518848
1481,1,0.1,0,0,1,1,1,0.547727,0,-0.00532648,0.00174613,0.53908,0.518848
1482,1,0.1,0,0,1,1,1,0.547727,0,0.00319589,0.00176619,0.447982,0.518848
1483,1,0.1,0,0,1,1,1,0.547727,0,0.0245018,0.00169602,0.204355,0.406055
1484,1,0.1,0,0,1,1,1,0.547631,0,-0.0010653,0.00168275,0.483842,0.360938
1485,1,0.1,0,0,1,1,1,0.547631,0.00872665,0.00958767,0.00166353,0.364122,0.439893
1486,1,0.1,0,0,1,1,1,0.547631,0,-0.0010653,0.00165085,0.47963,0.439893
1487,1,0.1,0,0,1,1,1,0.547631,0,0.00745708,0.00167173,0.388641,0.496289
1488,1,0.1,0,0,1,1,1,0.547631,0,-0.00213059,0.00166268,0.49291,0.518848
1489,1,0.1,0,0,1,1,1,0.547631,0,-5.87076e-19,0.00166159,0.469329,0.507568
1490,1,0.1,0,0,1,1,1,0.547727,0.00174533,0.00639178,0.00164387,0.396681,0.451172
1491,1,0.1,0,0,1,1,1,0.547631,0,-0.00532648,0.00162756,0.523429,0.496289
1492,1,0.1,0,0,1,1,1,0.547631,0,0.0127836,0.00159,0.319261,0.428613
1493,1,0.1,0,0,1,1,1,0.547631,0,-0.00426119,0.00161005,0.509399,0.406055
1494,1,0.1,0,0,1,1,1,0.547727,0.0174533,0.0010653,0.00164259,0.455104,0.563965
1495,1,0.1,0,0,1,1,1,0.547727,0,-0.00319589,0.00163572,0.50107,0.496289
1496,1,0.1,0,0,1,1,1,0.547727,0,-0.0010653,0.0015892,0.470961,0.462451
1497,1,0.1,0,0,1,1,1,0.547727,0,0.0266324,0.00159374,0.167417,0.496289
1498,1,0.1,0,0,1,1,1,0.547631,-0.020944,0.0138489,0.00153011,0.29929,0.349658
1499,1,0.1,0,0,1,1,1,0.547631,0,0.00852238,0.00149398,0.353459,0.439893
1500,1,0.1,0,0,1,1,1,0.547631,0,-0.010653,0.00153251,0.569474,0.439893
1501,1,0.1,0,0,1,1,1,0.547631,0.0174533,0.01811,0.00152087,0.251544,0.552686
1502,1,0.1,0,0,1,1,1,0.547727,-0.0139626,-0.0223712,0.00153863,0.699182,0.428613
1503,1,0.1,0,0,1,1,1,0.547727,0.0226893,0.00532648,0.00155199,0.396271,0.372217
1504,1,0.1,0,0,1,1,1,0.547727,0,-0.00213059,0.00152508,0.474747,0.3271
1505,1,0.1,0,0,1,1,1,0.547727,0.00872665,0.00745708,0.00150887,0.36694,0.541406
1506,1,0.1,0,0,1,1,1,0.547727,-0.0261799,0.00745708,0.00150709,0.366908,0.541406
1507,1,0.1,0,0,1,1,1,0.547631,0,0.0138489,0.00151322,0.297407,0.406055
1508,1,0.1,0,0,1,1,1,0.547727,0,0.0170448,0.00150047,0.26057,0.372217
1509,1,0.1,0,0,1,1,1,0.547727,0,-0.0127836,0.00150216,0.588904,0.394775
1510,1,0.1,0,0,1,1,1,0.547727,0.0261799,-0.010653,0.00149702,0.56479,0.360938
1511,1,0.1,0,0,1,1,1,0.547727,0,-0.00319589,0.00151347,0.484932,0.394775
1512,1,0.1,0,0,1,1,1,0.547727,0,0.0127836,0.00150588,0.308157,0.451172
1513,1,0.1,0,0,1,1,1,0.547631,-0.00174533,0.00745708,0.00148271,0.36369,0.383496
1514,1,0.1,0,0,1,1,1,0.547631,0,-0.010653,0.00149155,0.564068,0.372217
1515,1,0.1,0,0,1,1,1,0.547727,0.00872665,-0.00213059,0.00150026,0.471471,0.496289
1516,1,0.1,0,0,1,1,1,0.547727,0,0.0170448,0.00148013,0.257885,0.507568
1517,1,0.1,0,0,1,1,1,0.547631,-0.0174533,0.00958767,0.00143018,0.333319,0.270703
1518,1,0.1,0,0,1,1,1,0.547631,0.0366519,-0.028763,0.00145409,0.758333,0.451172
1519,1,0.1,0,0,1,1,1,0.547727,0.0331613,0.0010653,0.00145884,0.430849,0.47373
1520,1,0.1,0,0,1,1,1,0.547727,-0.0191986,-0.00852238,0.00143984,0.533805,0.338379
1521,1,0.1,0,0,1,1,1,0.547727,0.00523599,-0.0245018,0.0013751,0.700019,0.338379
1522,1,0.1,0,0,1,1,1,0.547535,-0.020944,0.0010653,0.00137932,0.420068,0.394775
1523,1,0.1,0,0,1,1,1,0.547727,0,0.00639178,0.00140142,0.364678,0.406055
1524,1,0.1,0,0,1,1,1,0.547631,-0.0174533,-0.00745708,0.00140754,0.517823,0.394775
1525,1,0.1,0,0,1,1,1,0.547631,0.00872665,-1.89169e-18,0.00138551,0.432887,0.31582
1526,1,0.1,0,0,1,1,1,0.547727,0.0244346,0.0010653,0.00139755,0.422759,0.417334
1527,1,0.1,0,0,1,1,1,0.547727,0,-0.010653,0.00139768,0.551677,0.349658
1528,1,0.1,0,0,1,1,1,0.547727,0,-0.00319589,0.00135925,0.464464,0.47373
1529,1,0.1,0,0,1,1,1,0.547631,0,-0.00426119,0.00138112,0.479181,0.428613
1530,1,0.1,0,0,1,1,1,0.547727,0.020944,-0.0127836,0.00140456,0.576021,0.541406
1531,1,0.1,0,0,1,1,1,0.547727,0,0.028763,0.00140031,0.118448,0.383496
1532,1,0.1,0,0,1,1,1,0.547727,0.00349066,3.26153e-19,0.00137227,0.43114,0.31582
1533,1,0.1,0,0,1,1,1,0.547727,0,-0.00852238,0.00133262,0.519038,0.48501
1534,1,0.1,0,0,1,1,1,0.547631,-0.0191986,-0.00426119,0.00134108,0.473895,0.518848
1535,1,0.1,0,0,1,1,1,0.547631,0,-0.00319589,0.00135989,0.464661,0.507568
1536,1,0.1,0,0,1,1,1,0.547727,0,0.00852238,0.00137873,0.338246,0.451172
1537,1,0.1,0,0,1,1,1,0.547727,-0.00174533,-0.0138489,0.0013638,0.582359,0.417334
1538,1,0.1,0,0,1,1,1,0.547727,0.00523599,-6.52306e-20,0.00136644,0.43037,0.417334
1539,1,0.1,0,0,1,1,1,0.547727,0,0.0117183,0.00135083,0.299408,0.372217
1540,1,0.1,0,0,1,1,1,0.547727,0.00523599,0.00319589,0.00134568,0.392475,0.3271
1541,1,0.1,0,0,1,1,1,0.547727,0,-0.00213059,0.0013262,0.448495,0.338379
1542,1,0.1,0,0,1,1,1,0.547631,0,-0.00426119,0.00132403,0.471645,0.394775
1543,1,0.1,0,0,1,1,1,0.547631,0,0.00639178,0.00129688,0.350879,0.3271
1544,1,0.1,0,0,1,1,1,0.547631,0.00872665,-0.0138489,0.00129396,0.573141,0.48501
1545,1,0.1,0,0,1,1,1,0.547631,0,-0.0138489,0.00129761,0.57349,0.496289
1546,1,0.1,0,0,1,1,1,0.547631,-0.0314159,-0.00426119,0.0013005,0.468539,0.439893
1547,1,0.1,0,0,1,1,1,0.547631,0,-0.0127836,0.00126464,0.557551,0.360938
1548,1,0.1,0,0,1,1,1,0.547631,0,0.00958767,0.00127774,0.313198,0.48501
1549,1,0.1,0,0,1,1,1,0.547631,-0.0174533,0.00426119,0.00129572,0.374163,0.439893
1550,1,0.1,0,0,1,1,1,0.547727,0.00872665,0.00532648,0.00129662,0.362563,0.48501
1551,1,0.1,0,0,1,1,1,0.547631,-0.00872665,0.00745708,0.00135224,0.346467,0.597803
1552,1,0.1,0,0,1,1,1,0.547823,0.0122173,-0.00213059,0.00133009,0.449008,0.530127
1553,1,0.1,0,0,1,1,1,0.547631,0,-0.00319589,0.00130037,0.456769,0.360938
1554,1,0.1,0,0,1,1,1,0.547631,0,0.00319589,0.00127705,0.383416,0.360938
1555,1,0.1,0,0,1,1,1,0.547727,0.00174533,-0.0202406,0.00129367,0.643412,0.304541
1556,1,0.1,0,0,1,1,1,0.547727,0.0296706,0.00958767,0.00126115,0.31097,0.439893
1557,1,0.1,0,0,1,1,1,0.547727,0,-0.00213059,0.00126257,0.440054,0.507568
1558,1,0.1,0,0,1,1,1,0.547727,-0.00174533,0.00639178,0.00128839,0.349758,0.496289
1559,1,0.1,0,0,1,1,1,0.547727,0,-0.00745708,0.00126479,0.498979,0.349658
1560,1,0.1,0,0,1,1,1,0.547727,0.00523599,-0.00532648,0.0012555,0.474317,0.451172
1561,1,0.1,0,0,1,1,1,0.547727,0,0.00213059,0.00125425,0.392125,0.417334
1562,1,0.1,0,0,1,1,1,0.547727,0,-0.0138489,0.00129183,0.572859,0.586523
1563,1,0.1,0,0,1,1,1,0.547823,0,-9.78459e-19,0.00129322,0.420705,0.563965
1564,1,0.1,0,0,1,1,1,0.547727,-0.0366519,0.0117183,0.00122663,0.282532,0.338379
1565,1,0.1,0,0,1,1,1,0.547631,0.00698132,0.0170448,0.00121933,0.223459,0.394775
1566,1,0.1,0,0,1,1,1,0.547727,0,-0.0191753,0.00119817,0.619087,0.270703
1567,1,0.1,0,0,1,1,1,0.547727,0.0401426,-0.0010653,0.00116775,0.415785,0.417334
1568,1,0.1,0,0,1,1,1,0.547727,-0.0226893,-0.00852238,0.00119983,0.502123,0.518848
1569,1,0.1,0,0,1,1,1,0.547727,0,-0.0330242,0.00123001,0.775627,0.406055
1570,1,0.1,0,0,1,1,1,0.547727,0,0.00639178,0.00118521,0.334804,0.530127
1571,1,0.1,0,0,1,1,1,0.547631,0,0.0170448,0.00119115,0.219719,0.518848
1572,1,0.1,0,0,1,1,1,0.547727,0,0.0191753,0.00118574,0.195589,0.360938
1573,1,0.1,0,0,1,1,1,0.547631,0,-0.00852238,0.00116121,0.497026,0.338379
1574,1,0.1,0,0,1,1,1,0.547727,0.00523599,-0.0117183,0.00120515,0.53798,0.507568
1575,1,0.1,0,0,1,1,1,0.547727,0,0.01811,0.00119556,0.208603,0.349658
1576,1,0.1,0,0,1,1,1,0.547727,0,-0.0010653,0.00117673,0.417046,0.259424
1577,1,0.1,0,0,1,1,1,0.547727,0,0.0117183,0.00115347,0.273357,0.259424
1578,1,0.1,0,0,1,1,1,0.547631,0,0.0010653,0.0011642,0.391957,0.439893
1579,1,0.1,0,0,1,1,1,0.547727,0,0.00319589,0.00115398,0.367171,0.439893
1580,1,0.1,0,0,1,1,1,0.547727,0,-0.00319589,0.0011562,0.437773,0.394775
1581,1,0.1,0,0,1,1,1,0.547727,0,-0.00852238,0.00115225,0.495843,0.3271
1582,1,0.1,0,0,1,1,1,0.547727,0,0.00639178,0.00114806,0.331129,0.31582
1583,1,0.1,0,0,1,1,1,0.547727,0,-0.0138489,0.00111524,0.549549,0.259424
1584,1,0.1,0,0,1,1,1,0.547631,0,-0.0202406,0.00111399,0.619693,0.304541
1585,1,0.1,0,0,1,1,1,0.547727,0.0122173,-0.00319589,0.00110081,0.430462,0.3271
1586,1,0.1,0,0,1,1,1,0.547631,0,0.00426119,0.00110361,0.348804,0.541406
1587,1,0.1,0,0,1,1,1,0.547631,-0.0261799,-0.00532648,0.00108208,0.451426,0.270703
1588,1,0.1,0,0,1,1,1,0.547631,0,-0.00319589,0.00106398,0.425601,0.304541
1589,1,0.1,0,0,1,1,1,0.547631,0,0.0010653,0.00102707,0.373855,0.270703
1590,1,0.1,0,0,1,1,1,0.547631,0,-0.00532648,0.00103466,0.445166,0.293262
1591,1,0.1,0,0,1,1,1,0.547631,0,0.0191753,0.00101215,0.172675,0.338379
1592,1,0.1,0,0,1,1,1,0.547631,0,-0.010653,0.00100432,0.499752,0.360938
1593,1,0.1,0,0,1,1,1,0.547631,0,0.0117183,0.000980078,0.250213,0.338379
1594,1,0.1,0,0,1,1,1,0.547631,-0.0122173,0.00532648,0.000974185,0.320001,0.349658
1595,1,0.1,0,0,1,1,1,0.547631,0,0.00958767,0.000964239,0.271815,0.304541
1596,1,0.1,0,0,1,1,1,0.547631,0,0.0149142,0.000949426,0.211268,0.428613
1597,1,0.1,0,0,1,1,1,0.547631,-0.00872665,0.00426119,0.00090844,0.323041,0.281982
1598,1,0.1,0,0,1,1,1,0.547631,0.00698132,0.0170448,0.000927162,0.184893,0.349658
1599,1,0.1,0,0,1,1,1,0.547631,-0.00872665,0.0170448,0.00091917,0.183838,0.31582
1600,1,0.1,0,0,1,1,1,0.547631,0,-0.00319589,0.000917241,0.406231,0.304541
1601,1,0.1,0,0,1,1,1,0.547631,0,0.0149142,0.000883143,0.202153,0.293262
1602,1,0.1,0,0,1,1,1,0.547631,-0.0174533,0.0159795,0.000866754,0.188638,0.293262
1603,1,0.1,0,0,1,1,1,0.547631,0,-0.00745708,0.000869825,0.446845,0.406055
1604,1,0.1,0,0,1,1,1,0.547631,0,0.00852238,0.000832509,0.266145,0.270703
1605,1,0.1,0,0,1,1,1,0.547631,0,0.00213059,0.000792413,0.330268,0.31582
1606,1,0.1,0,0,1,1,1,0.547631,-0.00872665,-0.0149142,0.00081078,0.521079,0.304541
1607,1,0.1,0,0,1,1,1,0.547631,0.0174533,0.0127836,0.00085225,0.221878,0.383496
1608,1,0.1,0,0,1,1,1,0.547631,0,-0.00532648,0.000835563,0.418514,0.372217
1609,1,0.1,0,0,1,1,1,0.547631,0,0.00745708,0.00085674,0.281062,0.349658
1610,1,0.1,0,0,1,1,1,0.547631,0,-0.0266324,0.000839333,0.653749,0.383496
1611,1,0.1,0,0,1,1,1,0.547727,0.0331613,-0.0159795,0.000820628,0.533926,0.304541
1612,1,0.1,0,0,1,1,1,0.547631,-0.0174533,0.00213059,0.000826312,0.335637,0.394775
1613,1,0.1,0,0,1,1,1,0.547631,0,0.00319589,0.000830986,0.324535,0.31582
1614,1,0.1,0,0,1,1,1,0.547631,0,-0.0170448,0.000777626,0.538717,0.270703
1615,1,0.1,0,0,1,1,1,0.547631,0.0331613,0.0276977,0.000768558,0.0467748,0.349658
1616,1,0.1,0,0,1,1,1,0.547631,0,0.010653,0.000794822,0.237734,0.360938
1617,1,0.1,0,0,1,1,1,0.547631,0,0.0010653,0.000798162,0.343639,0.417334
1618,1,0.1,0,0,1,1,1,0.547631,0,0.00852238,0.000758564,0.256384,0.203027
1619,1,0.1,0,0,1,1,1,0.547631,0,-0.0127836,0.000770785,0.492363,0.417334
1620,1,0.1,0,0,1,1,1,0.547631,0,0.0234365,0.000753569,0.0916693,0.349658
1621,1,0.1,0,0,1,1,1,0.547631,0,-0.0202406,0.000750662,0.571734,0.451172
1622,1,0.1,0,0,1,1,1,0.547631,0,0.01811,0.000741378,0.148651,0.338379
1623,1,0.1,0,0,1,1,1,0.547631,0,-0.0127836,0.000746065,0.4891,0.383496
1624,1,0.1,0,0,1,1,1,0.547631,0.00523599,-0.00532648,0.000745044,0.406937,0.406055
1625,1,0.1,0,0,1,1,1,0.547631,0,0.0117183,0.000731812,0.217698,0.349658
1626,1,0.1,0,0,1,1,1,0.547631,0,-0.00426119,0.000734652,0.393847,0.338379
1627,1,0.1,0,0,1,1,1,0.547631,0,-0.00745708,0.000729437,0.428214,0.349658
1628,1,0.1,0,0,1,1,1,0.547631,-0.0122173,-0.0010653,0.000730072,0.358088,0.270703
1629,1,0.1,0,0,1,1,1,0.547631,0,-0.00532648,0.000754568,0.408194,0.360938
1630,1,0.1,0,0,1,1,1,0.547631,0.0279253,0.0149142,0.000693258,0.176636,0.259424
1631,1,0.1,0,0,1,1,1,0.547631,0,-0.0010653,0.000715869,0.355897,0.394775
1632,1,0.1,0,0,1,1,1,0.547631,0,-0.00958767,0.000686344,0.445218,0.394775
1633,1,0.1,0,0,1,1,1,0.547631,0,0.00745708,0.000647767,0.252362,0.360938
1634,1,0.1,0,0,1,1,1,0.547631,-0.020944,0.00745708,0.000673376,0.256679,0.349658
1635,1,0.1,0,0,1,1,1,0.547631,0,0.00426119,0.000657326,0.289574,0.372217
1636,1,0.1,0,0,1,1,1,0.547631,0,0.00532648,0.000610617,0.27115,0.225586
1637,1,0.1,0,0,1,1,1,0.547631,0,-0.00852238,0.000614842,0.424266,0.360938
1638,1,0.1,0,0,1,1,1,0.547631,0,-0.00532648,0.000608041,0.387465,0.462451
1639,1,0.1,0,0,1,1,1,0.547631,0,0.0149142,0.000598747,0.164979,0.304541
1640,1,0.1,0,0,1,1,1,0.547631,0,0.0149142,0.000577115,0.162124,0.304541
1641,1,0.1,0,0,1,1,1,0.547631,0,0.0234365,0.000537385,0.0622454,0.406055
1642,1,0.1,0,0,1,1,1,0.547631,-0.0139626,0.00532648,0.000534938,0.261317,0.31582
1643,1,0.1,0,0,1,1,1,0.547631,0,-0.00852238,0.000518556,0.411668,0.270703
1644,1,0.1,0,0,1,1,1,0.547631,0,0.00213059,0.000518089,0.294951,0.349658
1645,1,0.1,0,0,1,1,1,0.547631,0,-8.47998e-19,0.000532292,0.320263,0.293262
1646,1,0.1,0,0,1,1,1,0.547631,0.00872665,1.10892e-18,0.000539895,0.321266,0.383496
1647,1,0.1,0,0,1,1,1,0.547631,0,0.010653,0.00051588,0.200746,0.349658
1648,1,0.1,0,0,1,1,1,0.547631,0,-0.00426119,0.000503039,0.363274,0.281982
1649,1,0.1,0,0,1,1,1,0.547631,0,-1.82646e-18,0.000507774,0.316695,0.338379
1650,1,-0.1,0,0,1,1,1,0.547439,-0.164061,0.0117183,-0.200529,-26.8294,-1.39863
1651,1,-0.1,0,0,1,1,1,0.542837,-0.493928,-0.0372854,-0.200519,-26.3084,-3.77856
1652,1,-0.1,0,0,1,1,1,0.543317,0.0575959,-0.198145,-0.200006,-24.4712,-3.84624
1653,1,-0.1,0,0,1,1,1,0.541591,-0.235619,-0.206668,-0.198754,-24.2122,-3.89136
1654,1,-0.1,0,0,1,1,1,0.540249,-0.434587,-0.367527,-0.197194,-22.2369,-3.8124
1655,1,-0.1,0,0,1,1,1,0.537564,-0.445059,-0.461274,-0.195117,-20.9315,-3.90264
1656,1,-0.1,0,0,1,1,1,0.535072,-0.689405,-0.542236,-0.192492,-19.6943,-3.89136
1657,1,-0.1,0,0,1,1,1,0.531524,-0.563741,-0.626395,-0.189414,-18.3623,-3.98159
1658,1,-0.1,0,0,1,1,1,0.528552,-0.834267,-0.774471,-0.185909,-16.2708,-3.98159
1659,1,-0.1,0,0,1,1,1,0.523471,-0.760964,-0.845846,-0.181879,-14.9537,-3.99287
1660,1,-0.1,0,0,1,1,1,0.519924,-0.977384,-0.934265,-0.177384,-13.3878,-3.90264
1661,1,-0.1,0,0,1,1,1,0.514075,-0.945968,-1.01842,-0.172495,-11.8167,-4.02671
1662,0,nan,0,0,0,1,1,0.509377,-1.21126,-1.10897,0.00111706,12.1521,-3.88008
1663,0,nan,0,0,0,1,1,0.509473,1.94255,-1.19313,0.00686273,14.1294,6.11338
1664,0,nan,0,0,0,1,1,0.511678,-0.876155,-0.983269,0.01267,12.7384,10.783
1665,0,nan,0,0,0,1,1,0.506214,-0.380482,-0.307871,0.0157421,5.71454,10.0837
1666,0,nan,0,0,0,1,1,0.503337,-0.914553,-0.382442,0.0176396,6.78529,6.65479
1667,0,nan,0,0,0,1,1,0.502858,0.0349066,-0.010653,0.0182704,2.77888,5.15464
1668,0,nan,0,0,0,1,1,0.500941,-0.464258,0.16086,0.0179803,0.853946,3.11309
1669,0,nan,0,0,0,1,1,0.501036,-0.0383972,0.183231,0.0166757,0.421409,0.304541
1670,0,nan,0,0,0,1,1,0.500269,-0.0366519,0.134227,0.0160135,0.886732,0.733154
1671,0,nan,0,0,0,1,1,0.502762,0.467748,0.220516,0.0150322,-0.197303,0.48501
1672,0,nan,0,0,0,1,1,0.502858,-0.178024,0.2855,0.0137474,-1.09983,0.214307
1673,0,nan,0,0,0,1,1,0.502379,-0.00349066,0.169382,0.0127482,0.0317855,0.0112793
1674,0,nan,0,0,0,1,1,0.503146,0.270526,0.238627,0.0117963,-0.864157,-0.0563965
1675,0,nan,0,0,0,1,1,0.5042,0.0191986,0.206668,0.0106455,-0.688996,-0.462451
1676,0,nan,0,0,0,1,1,0.504104,0.00698132,0.186427,0.00963571,-0.619407,-0.744434
1677,0,nan,0,0,0,1,1,0.504967,0.144862,0.151272,0.00875657,-0.365762,-0.609082
1678,0,nan,0,0,0,1,1,0.505351,0.0959931,0.104399,0.0081552,0.0635102,-0.417334
1679,0,nan,0,0,0,1,1,0.506405,0.16057,0.113987,0.00755976,-0.126306,-0.248145
1680,0,nan,0,0,0,1,1,0.506597,0.00698132,0.115052,0.00695446,-0.225737,-0.169189
1681,0,nan,0,0,0,1,1,0.506693,0.0733038,0.0596566,0.00651485,0.321761,-0.180469
1682,0,nan,0,0,0,1,1,0.507268,0.174533,0.10866,0.00608852,-0.273684,-0.135352
1683,0,nan,0,0,0,1,1,0.507652,0,0.0703096,0.00567044,0.088008,-0.146631
1684,0,nan,0,0,0,1,1,0.507748,0.0750492,0.0841585,0.00526424,-0.121178,0
1685,0,nan,0,0,0,1,1,0.508515,0.102974,0.0319589,0.00500235,0.418503,0.0112793
1686,0,nan,0,0,0,1,1,0.508706,0.0401426,0.0245018,0.00474849,0.468634,-0.0676758
1687,0,nan,0,0,0,1,1,0.509186,0.122173,0.0404813,0.00453277,0.26823,0.0563965
1688,0,nan,0,0,0,1,1,0.509665,0.0977384,0.028763,0.00437745,0.381637,0.146631
1689,0,nan,0,0,0,1,1,0.509953,0.0436332,0.0276977,0.00420697,0.375631,0.15791
1690,0,nan,0,0,0,1,1,0.510144,0.0453786,0.0415466,0.0040589,0.209548,0.214307
1691,0,nan,0,0,0,1,1,0.510528,0.0575959,0.00426119,0.00397366,0.615225,0.372217
1692,0,nan,0,0,0,1,1,0.510911,0.10821,0.0010653,0.00396459,0.660338,0.451172
1693,0,nan,0,0,0,1,1,0.512445,0.359538,0.0340895,0.00385858,0.291199,0.507568
1694,0,nan,0,0,0,1,1,0.513117,0.0174533,0.0276977,0.00377089,0.357307,0.631641
1695,0,nan,0,0,0,1,1,0.512829,-0.00872665,0.0553954,0.00357495,0.0289737,0.372217
1696,0,nan,0,0,0,1,1,0.512925,0.020944,0.0543301,0.00334672,0.00970328,0.259424
1697,0,nan,0,0,0,1,1,0.513021,0.00872665,0.0553954,0.00304661,-0.0467287,0.191748
1698,0,nan,0,0,0,1,1,0.513117,0.00349066,0.0649831,0.00269235,-0.207565,0.146631
1699,0,nan,0,0,0,1,1,0.513117,0,0.0511343,0.0024011,-0.101293,0.0225586
1700,0,nan,0,0,0,1,1,0.513117,0,0.028763,0.00208782,0.0941262,0.0112793
1701,0,nan,0,0,0,1,1,0.513021,0,0.0553954,0.00184962,-0.235624,0.0451172
1702,0,nan,0,0,0,1,1,0.513021,-0.0174533,0.057526,0.00160898,-0.297453,-0.0563965
1703,0,nan,0,0,0,1,1,0.512829,-0.0453786,0.0308936,0.00146134,-0.0275121,-0.0112793
1704,0,nan,0,0,0,1,1,0.512637,-0.0279253,0.0362201,0.00126515,-0.116955,-0.169189
1705,0,nan,0,0,0,1,1,0.512541,-0.00872665,0.0426119,0.00110104,-0.213331,-0.0563965
1706,0,nan,0,0,0,1,1,0.512637,0.0349066,0.028763,0.000973371,-0.0812097,-0.180469
1707,0,nan,0,0,0,1,1,0.512733,0.0139626,0.0159795,0.000830172,0.0351049,-0.169189
1708,0,nan,0,0,0,1,1,0.512829,0.00523599,0.0159795,0.000721578,0.0181301,-0.0563965
1709,0,nan,0,0,0,1,1,0.513021,0.0349066,0.0234365,0.000641981,-0.0762851,-0.0225586
1710,0,nan,0,0,0,1,1,0.513117,0.015708,-0.00319589,0.000577363,0.205318,-0.0338379
1711,0,nan,0,0,0,1,1,0.513212,0.0366519,-0.00532648,0.00056691,0.228268,-0.0112793
1712,0,nan,0,0,0,1,1,0.513404,0.0279253,0.00852238,0.000536888,0.0728712,0.0112793
1713,0,nan,0,0,0,1,1,0.513404,0.00872665,-0.0010653,0.000584144,0.188924,0.0676758
1714,0,nan,0,0,0,1,1,0.5135,0.0366519,0.00532648,0.000604498,0.124145,0.135352
1715,0,nan,0,0,0,1,1,0.513788,0.0593412,-0.0436772,0.000688652,0.67781,0.135352
1716,0,nan,0,0,0,1,1,0.514075,0.0855211,-0.00958767,0.000815115,0.328904,0.191748
1717,0,nan,0,0,0,1,1,0.514842,0.129154,-0.00532648,0.000918462,0.303392,0.270703
1718,0,nan,0,0,0,1,1,0.51513,0.015708,1.30461e-19,0.000961086,0.255168,0.293262
1719,0,nan,0,0,0,1,1,0.514938,0,0.00958767,0.000878981,0.137562,0.225586
1720,0,nan,0,0,0,1,1,0.514938,-0.00174533,0.00745708,0.000803977,0.150526,0.135352
1721,0,nan,0,0,0,1,1,0.514938,0.00872665,0.0159795,0.000747775,0.0492202,0.203027
1722,0,nan,0,0,0,1,1,0.514938,0,0.0543301,0.000567791,-0.400233,0.15791
1723,0,nan,0,0,0,1,1,0.514938,0,0.0255671,0.00041889,-0.111436,0.0225586
1724,0,nan,0,0,0,1,1,0.514938,0,0.0223712,0.000338404,-0.0895254,0.0338379
1725,0,nan,0,0,0,1,1,0.514938,0,0.0202406,0.000223252,-0.0861028,0
1726,0,nan,0,0,0,1,1,0.514938,0,0.0191753,8.24935e-05,-0.100042,0
1727,0,nan,0,0,0,1,1,0.514938,0,0.0213059,-5.14281e-05,-0.147363,-0.0112793
1728,0,nan,0,0,0,1,1,0.514938,-0.0349066,0.0149142,-0.000191442,-0.103292,-0.135352
1729,0,nan,0,0,0,1,1,0.514555,-0.0471239,0.00852238,-0.000268977,-0.0481613,-0.112793
1730,0,nan,0,0,0,1,1,0.514363,-0.0471239,0.00852238,-0.000318131,-0.0579269,-0.191748
1731,0,nan,0,0,0,1,1,0.514267,0,0.0127836,-0.00038497,-0.117129,-0.101514
1732,0,nan,0,0,0,1,1,0.514267,0,0.00745708,-0.000421111,-0.0668364,-0.124072
1733,0,nan,0,0,0,1,1,0.514363,0.0174533,-0.00639178,-0.00041128,0.0856495,-0.135352
1734,0,nan,0,0,0,1,1,0.514363,0.00698132,-0.0223712,-0.000411151,0.259937,-0.0338379
1735,0,nan,0,0,0,1,1,0.514363,0,0.0010653,-0.000379469,0.00822555,-0.0676758
1736,0,nan,0,0,0,1,1,0.514459,0.0174533,-0.0159795,-0.00038833,0.192515,-0.0112793
1737,0,nan,0,0,0,1,1,0.514555,0,-0.00852238,-0.000335243,0.119784,0.0112793
1738,0,nan,0,0,0,1,1,0.514555,0.0139626,-0.00958767,-0.000314009,0.134342,0
1739,0,nan,0,0,0,1,1,0.514651,0.0174533,0.0149142,-0.000282653,-0.130314,-0.0112793
1740,0,nan,0,0,0,1,1,0.514651,0.00872665,0.00745708,-0.000220066,-0.0379014,-0.0338379
1741,0,nan,0,0,0,1,1,0.514746,0.015708,-0.0223712,-0.000217267,0.289034,-0.0225586
1742,0,nan,0,0,0,1,1,0.514842,0.015708,-0.00532648,-0.00024099,0.0967986,0.0112793
1743,0,nan,0,0,0,1,1,0.514938,0,0.00426119,-0.000238956,-0.00893509,-0.0112793
1744,0,nan,0,0,0,1,1,0.514938,0,0.0010653,-0.000282473,0.0174671,-0.0563965
1745,0,nan,0,0,0,1,1,0.514842,-0.0174533,0.0127836,-0.000349885,-0.124072,-0.0789551
1746,0,nan,0,0,0,1,1,0.514746,0,0.0308936,-0.000382628,-0.329457,-0.0789551
1747,0,nan,0,0,0,1,1,0.514746,0,0.0340895,-0.000432617,-0.375403,-0.0902344
1748,0,nan,0,0,0,1,1,0.514746,0,0.0159795,-0.000545483,-0.198468,-0.0676758
1749,0,nan,0,0,0,1,1,0.514555,-0.0401426,0.00532648,-0.000626662,-0.0982621,-0.169189
1750,0,nan,0,0,0,1,1,0.514363,-0.0506145,0.0159795,-0.000689249,-0.228467,-0.112793
1751,0,nan,0,0,0,1,1,0.514363,0.0174533,0.0149142,-0.000702536,-0.220975,-0.0789551
1752,0,nan,0,0,0,1,1,0.514363,0,-0.00958767,-0.00072908,0.0407197,-0.146631
1753,0,nan,0,0,0,1,1,0.514363,0,-0.0191753,-0.000722289,0.144711,-0.146631
1754,0,nan,0,0,0,1,1,0.514363,0,0.0010653,-0.000690505,-0.0734153,-0.0789551
1755,0,nan,0,0,0,1,1,0.514363,0,0.00213059,-0.000624577,-0.0749754,-0.112793
1756,0,nan,0,0,0,1,1,0.514459,0.0174533,-0.0159795,-0.00060424,0.12546,-0.0225586
1757,0,nan,0,0,0,1,1,0.514459,0,-0.00745708,-0.000550311,0.0402893,0.0112793
1758,0,nan,0,0,0,1,1,0.514459,0,0.0010653,-0.000519068,-0.0492434,0.0112793
1759,0,nan,0,0,0,1,1,0.514555,0.0174533,0.00745708,-0.000461796,-0.11067,0.0112793
1760,0,nan,0,0,0,1,1,0.514555,0.0174533,-0.0127836,-0.000455317,0.110741,0.0112793
1761,0,nan,0,0,0,1,1,0.514555,0,0.010653,-0.00048958,-0.153761,0.0676758
1762,0,nan,0,0,0,1,1,0.514651,0,-0.0191753,-0.000484676,0.17245,0.0112793
1763,0,nan,0,0,0,1,1,0.514555,0,0.00745708,-0.00050869,-0.125325,0.0563965
1764,0,nan,0,0,0,1,1,0.514555,0,-0.010653,-0.000536298,0.0668385,0.0112793
1765,0,nan,0,0,0,1,1,0.514555,0,0.00532648,-0.000527669,-0.108218,0
1766,0,nan,0,0,0,1,1,0.514555,0,0.00852238,-0.000542448,-0.147366,0.0451172
1767,0,nan,0,0,0,1,1,0.514555,0,0.0138489,-0.00060506,-0.217951,-0.0112793
1768,0,nan,0,0,0,1,1,0.514555,-0.020944,0.0170448,-0.000630891,-0.259411,0.0225586
1769,0,nan,0,0,0,1,1,0.514459,-0.00523599,0.0149142,-0.000664292,-0.243757,-0.0112793
1770,0,nan,0,0,0,1,1,0.514459,0,-0.00852238,-0.000666635,0.0108749,-0.146631
1771,0,nan,0,0,0,1,1,0.514459,0,0.00639178,-0.000651706,-0.152732,-0.225586
1772,0,nan,0,0,0,1,1,0.514363,0,0.00426119,-0.000681959,-0.137302,-0.146631
1773,0,nan,0,0,0,1,1,0.514363,0,-0.0010653,-0.000668424,-0.0787691,-0.0789551
1774,0,nan,0,0,0,1,1,0.514363,0.00872665,-0.0159795,-0.000664278,0.0834406,-0.0338379
1775,0,nan,0,0,0,1,1,0.514363,0,-0.00319589,-0.000686284,-0.0621987,-0.191748
1776,0,nan,0,0,0,1,1,0.514363,0.00872665,-0.0138489,-0.000714958,0.0474916,-0.0789551
1777,0,nan,0,0,0,1,1,0.514363,0,0.00745708,-0.000702667,-0.186581,-0.0563965
1778,0,nan,0,0,0,1,1,0.514363,0,-0.010653,-0.000676855,0.0148634,-0.146631
1779,0,nan,0,0,0,1,1,0.514363,0.015708,-0.028763,-0.000649613,0.21609,-0.124072
1780,0,nan,0,0,0,1,1,0.514363,0,-0.00852238,-0.000620399,-0.00263594,-0.0563965
1781,0,nan,0,0,0,1,1,0.514363,0.00349066,0.01811,-0.000583337,-0.289922,0
1782,0,nan,0,0,0,1,1,0.514459,0,-0.00213059,-0.00058049,-0.0689475,-0.0902344
1783,0,nan,0,0,0,1,1,0.514459,0,0.00213059,-0.000591544,-0.119306,-0.0676758
1784,0,nan,0,0,0,1,1,0.514459,0,0.00745708,-0.000599826,-0.18091,-0.0563965
1785,0,nan,0,0,0,1,1,0.514459,0,-0.00213059,-0.000600575,-0.0773858,-0.0789551
1786,0,nan,0,0,0,1,1,0.514363,0,0.0138489,-0.00062709,-0.259688,-0.135352
1787,0,nan,0,0,0,1,1,0.514363,-0.00872665,0.01811,-0.000651543,-0.313065,-0.146631
1788,0,nan,0,0,0,1,1,0.514363,0,-0.00745708,-0.00067811,-0.0395265,-0.191748
1789,0,nan,0,0,0,1,1,0.514363,0.0174533,0.0138489,-0.000702302,-0.278815,-0.146631
1790,0,nan,0,0,0,1,1,0.514363,0,0.0117183,-0.000695876,-0.256061,-0.0676758
1791,0,nan,0,0,0,1,1,0.514363,0,0.0191753,-0.000696128,-0.340504,-0.0902344
1792,0,nan,0,0,0,1,1,0.514267,-0.0279253,0.0117183,-0.000737805,-0.268543,-0.236865
1793,0,nan,0,0,0,1,1,0.514267,0.0174533,-1.696e-18,-0.0007353,-0.142014,-0.101514
1794,0,nan,0,0,0,1,1,0.514267,0,-0.010653,-0.000732847,-0.0269747,-0.124072
1795,0,nan,0,0,0,1,1,0.514267,0,-0.00213059,-0.000733845,-0.122729,-0.259424
1796,0,nan,0,0,0,1,1,0.514267,-0.00523599,0.0138489,-0.000741013,-0.301489,-0.360938
1797,0,nan,0,0,0,1,1,0.514267,0,-0.0159795,-0.000753112,0.0210037,-0.203027
1798,0,nan,0,0,0,1,1,0.514267,0,0.00532648,-0.000760065,-0.216321,-0.225586
1799,0,nan,0,0,0,1,1,0.514267,0,0.0010653,-0.000804662,-0.179596,-0.180469
1800,0,nan,0,0,0,1,1,0.514267,0,-0.0010653,-0.000818126,-0.16067,-0.214307
1801,0,nan,0,0,0,1,1,0.514171,-0.00698132,0.00532648,-0.000818968,-0.233312,-0.0789551
1802,0,nan,0,0,0,1,1,0.514267,0,-0.00852238,-0.000829996,-0.085743,-0.169189
1803,0,nan,0,0,0,1,1,0.514171,0,0.00532648,-0.000841942,-0.242853,-0.225586
1804,0,nan,0,0,0,1,1,0.514171,0,-0.0202406,-0.000836748,0.0359906,-0.349658
1805,0,nan,0,0,0,1,1,0.514267,0.0296706,0.00745708,-0.000884766,-0.279073,-0.225586
1806,0,nan,0,0,0,1,1,0.514171,-0.0418879,0.00213059,-0.000872116,-0.221369,-0.135352
1807,0,nan,0,0,0,1,1,0.514171,0,-0.00532648,-0.00086823,-0.14177,-0.169189
1808,0,nan,0,0,0,1,1,0.514171,-0.00698132,-0.00319589,-0.000864098,-0.167211,-0.214307
1809,0,nan,0,0,0,1,1,0.514171,0,-0.00426119,-0.000861413,-0.158156,-0.31582
1810,0,nan,0,0,0,1,1,0.514171,0,0.00426119,-0.000842984,-0.250636,-0.191748
1811,0,nan,0,0,0,1,1,0.514171,0,-0.00319589,-0.000870982,-0.177076,-0.281982
1812,0,nan,0,0,0,1,1,0.514075,0,-0.0266324,-0.000888259,0.0740858,-0.304541
1813,0,nan,0,0,0,1,1,0.514171,0.0174533,-0.00745708,-0.000913011,-0.14248,-0.293262
1814,0,nan,0,0,0,1,1,0.514075,0,-0.0010653,-0.00088312,-0.210088,-0.236865
1815,0,nan,0,0,0,1,1,0.514171,0,-0.0117183,-0.000922518,-0.102347,-0.270703
1816,0,nan,0,0,0,1,1,0.514075,-0.00523599,0.00745708,-0.000917272,-0.314357,-0.225586
1817,0,nan,0,0,0,1,1,0.514075,-0.00872665,0.0255671,-0.000944691,-0.520873,-0.281982
1818,0,nan,0,0,0,1,1,0.514075,-0.010472,0.00532648,-0.000978887,-0.30804,-0.394775
1819,0,nan,0,0,0,1,1,0.514075,0,-0.0117183,-0.000954304,-0.119647,-0.248145
1820,0,nan,0,0,0,1,1,0.514075,0,0.00532648,-0.000979077,-0.313782,-0.180469
1821,0,nan,0,0,0,1,1,0.514075,0,0.00319589,-0.000964487,-0.290554,-0.112793
1822,0,nan,0,0,0,1,1,0.514075,0,-0.0127836,-0.00096681,-0.118289,-0.428613
1823,0,nan,0,0,0,1,1,0.514075,0.0383972,0.0010653,-0.000983468,-0.275667,-0.338379
1824,0,nan,0,0,0,1,1,0.514075,0,0.00426119,-0.00094926,-0.307801,-0.203027
1825,0,nan,0,0,0,1,1,0.514075,-0.0139626,0.00213059,-0.000937,-0.285182,-0.225586
1826,0,nan,0,0,0,1,1,0.514075,0,-0.00745708,-0.000917482,-0.179214,-0.349658
1827,0,nan,0,0,0,1,1,0.514075,0,-0.0149142,-0.00092857,-0.10244,-0.169189
1828,0,nan,0,0,0,1,1,0.513979,-0.0279253,0.00639178,-0.000949664,-0.342783,-0.383496
1829,0,nan,0,0,0,1,1,0.513979,0,-0.0127836,-0.000934504,-0.132184,-0.281982
1830,0,nan,0,0,0,1,1,0.514075,0.0279253,-0.0213059,-0.000938434,-0.0415341,-0.236865
1831,0,nan,0,0,0,1,1,0.513979,0,-0.00745708,-0.000963579,-0.200493,-0.417334
1832,0,nan,0,0,0,1,1,0.513979,0,0.0255671,-0.000995652,-0.570977,-0.225586
1833,0,nan,0,0,0,1,1,0.513884,-0.0436332,0.0010653,-0.000990969,-0.30476,-0.248145
1834,0,nan,0,0,0,1,1,0.513884,0.00698132,-1.30461e-18,-0.000985264,-0.294613,-0.248145
1835,0,nan,0,0,0,1,1,0.513884,0,-1.95692e-19,-0.000968502,-0.293853,-0.146631
1836,0,nan,0,0,0,1,1,0.513884,0,0.0159795,-0.000975232,-0.473143,-0.180469
1837,0,nan,0,0,0,1,1,0.513884,-0.0279253,0.00426119,-0.000991654,-0.350703,-0.360938
1838,0,nan,0,0,0,1,1,0.513788,0,0.0245018,-0.00102504,-0.581423,-0.349658
1839,0,nan,0,0,0,1,1,0.513788,-0.0366519,0.00319589,-0.00101729,-0.349826,-0.248145
1840,0,nan,0,0,0,1,1,0.513788,0,0.00639178,-0.000992099,-0.382855,-0.191748
1841,0,nan,0,0,0,1,1,0.513788,-0.0331613,-0.0138489,-0.00100656,-0.165809,-0.248145
1842,0,nan,0,0,0,1,1,0.513788,0,-0.00213059,-0.000955823,-0.288015,-0.112793
1843,0,nan,0,0,0,1,1,0.513788,-0.0244346,-0.0010653,-0.000959857,-0.303255,-0.31582
1844,0,nan,0,0,0,1,1,0.513692,0,-0.00958767,-0.000985123,-0.217632,-0.270703
1845,0,nan,0,0,0,1,1,0.513692,0.00174533,0.00213059,-0.000996007,-0.351247,-0.281982
1846,0,nan,0,0,0,1,1,0.513692,0,0.0010653,-0.000986527,-0.341149,-0.281982
1847,0,nan,0,0,0,1,1,0.513692,0,-0.0276977,-0.000970668,-0.0259774,-0.236865
1848,0,nan,0,0,0,1,1,0.513692,-0.0174533,0.0138489,-0.000963705,-0.48298,-0.15791
1849,0,nan,0,0,0,1,1,0.513596,-0.0418879,-0.0149142,-0.000998088,-0.17679,-0.406055
1850,0,nan,0,0,0,1,1,0.513596,0,-0.00213059,-0.000970541,-0.315311,-0.349658
1851,0,nan,0,0,0,1,1,0.513596,0,0.00958767,-0.000922702,-0.437294,-0.15791
1852,0,nan,0,0,0,1,1,0.513692,0.00872665,-0.0127836,-0.000923084,-0.195297,-0.3271
1853,0,nan,0,0,0,1,1,0.513596,0,-0.00639178,-0.000934059,-0.269548,-0.293262
1854,0,nan,0,0,0,1,1,0.513596,-0.0139626,0.00745708,-0.000950824,-0.42683,-0.451172
1855,0,nan,0,0,0,1,1,0.5135,0.0174533,-0.00745708,-0.000942042,-0.264408,-0.293262
1856,0,nan,0,0,0,1,1,0.5135,0,-0.0138489,-0.000925575,-0.194675,-0.236865
1857,0,nan,0,0,0,1,1,0.5135,0,-0.0223712,-0.000898452,-0.0991093,-0.451172
1858,0,nan,0,0,0,1,1,0.5135,0.00349066,0.00213059,-0.000901839,-0.371122,-0.338379
1859,0,nan,0,0,0,1,1,0.5135,0,-0.00426119,-0.000861083,-0.296297,-0.3271
1860,0,nan,0,0,0,1,1,0.513596,0.0279253,0.010653,-0.000876121,-0.465312,-0.293262
1861,0,nan,0,0,0,1,1,0.5135,-0.0296706,0.0138489,-0.000890642,-0.505766,-0.293262
1862,0,nan,0,0,0,1,1,0.5135,0,0.0138489,-0.000911046,-0.5129,-0.507568
1863,0,nan,0,0,0,1,1,0.5135,-0.0174533,0.00319589,-0.00090549,-0.398511,-0.439893
1864,0,nan,0,0,0,1,1,0.5135,0,-0.010653,-0.000932248,-0.254194,-0.507568
1865,0,nan,0,0,0,1,1,0.513404,0.0226893,-0.00426119,-0.000958606,-0.329663,-0.597803
1866,0,nan,0,0,0,1,1,0.513404,0,-0.00426119,-0.000935301,-0.326587,-0.3271
1867,0,nan,0,0,0,1,1,0.5135,0,-0.0117183,-0.000900771,-0.2397,-0.293262
1868,0,nan,0,0,0,1,1,0.5135,0,0.010653,-0.000906466,-0.486646,-0.417334
1869,0,nan,0,0,0,1,1,0.513404,0,1.95692e-19,-0.000893286,-0.367914,-0.236865
1870,0,nan,0,0,0,1,1,0.513404,0,-0.00639178,-0.000884712,-0.296472,-0.349658
1871,0,nan,0,0,0,1,1,0.513404,0,-0.00213059,-0.000887366,-0.343696,-0.31582
1872,0,nan,0,0,0,1,1,0.513404,-0.00349066,0.0117183,-0.000902739,-0.498063,-0.451172
1873,0,nan,0,0,0,1,1,0.513308,0,0.00639178,-0.000911715,-0.440656,-0.360938
1874,0,nan,0,0,0,1,1,0.513404,0,-0.00213059,-0.000879469,-0.341125,-0.394775
1875,0,nan,0,0,0,1,1,0.513404,0.00523599,0.00319589,-0.000891927,-0.402889,-0.349658
1876,0,nan,0,0,0,1,1,0.513308,-0.0349066,-0.01811,-0.000870673,-0.165718,-0.349658
1877,0,nan,0,0,0,1,1,0.513404,0.0453786,0.00852238,-0.000841515,-0.454455,-0.281982
1878,0,nan,0,0,0,1,1,0.5135,0,0.0223712,-0.000826669,-0.604802,-0.394775
1879,0,nan,0,0,0,1,1,0.513308,-0.0558505,-0.0117183,-0.000885333,-0.237963,-0.552686
1880,0,nan,0,0,0,1,1,0.513212,0,0.00532648,-0.000864039,-0.421991,-0.439893
1881,0,nan,0,0,0,1,1,0.513308,-0.020944,-0.00852238,-0.000840832,-0.267244,-0.394775
1882,0,nan,0,0,0,1,1,0.513308,0,0.00852238,-0.000827004,-0.452911,-0.203027
1883,0,nan,0,0,0,1,1,0.513308,-0.0349066,0.00639178,-0.000843454,-0.431645,-0.360938
1884,0,nan,0,0,0,1,1,0.513308,0.0244346,0.0308936,-0.000876552,-0.705535,-0.47373
1885,0,nan,0,0,0,1,1,0.513117,-0.0349066,-0.0127836,-0.000844002,-0.220789,-0.406055
1886,0,nan,0,0,0,1,1,0.513308,0.015708,-0.00852238,-0.000866938,-0.27069,-0.48501
1887,0,nan,0,0,0,1,1,0.513212,0.015708,0.010653,-0.000857307,-0.480347,-0.236865
1888,0,nan,0,0,0,1,1,0.513308,0,-0.00319589,-0.000815922,-0.322547,-0.169189
1889,0,nan,0,0,0,1,1,0.513212,0,0.010653,-0.000801199,-0.472941,-0.439893
1890,0,nan,0,0,0,1,1,0.513212,0,0.0149142,-0.000783329,-0.517455,-0.372217
1891,0,nan,0,0,0,1,1,0.513308,-0.00872665,0.00213059,-0.000768584,-0.37489,-0.225586
1892,0,nan,0,0,0,1,1,0.513212,-0.0296706,0.0202406,-0.00080238,-0.578561,-0.575244
1893,0,nan,0,0,0,1,1,0.513117,0,0.00426119,-0.000813503,-0.404219,-0.552686
1894,0,nan,0,0,0,1,1,0.513117,0,-0.00958767,-0.000797116,-0.249755,-0.47373
1895,0,nan,0,0,0,1,1,0.513212,0,0.00958767,-0.000791678,-0.459966,-0.281982
1896,0,nan,0,0,0,1,1,0.513212,-0.015708,0.0159795,-0.000811294,-0.532865,-0.349658
1897,0,nan,0,0,0,1,1,0.513117,-0.0191986,0.0127836,-0.000794072,-0.495112,-0.281982
1898,0,nan,0,0,0,1,1,0.513212,0.0261799,0.0117183,-0.000810675,-0.48591,-0.451172
1899,0,nan,0,0,0,1,1,0.513117,-0.010472,0.00958767,-0.000819727,-0.463668,-0.552686
1900,0,nan,0,0,0,1,1,0.513117,0.0174533,-0.0266324,-0.000807067,-0.0629891,-0.394775
1901,0,nan,0,0,0,1,1,0.513308,0.0383972,-0.0223712,-0.000800557,-0.10959,-0.270703
1902,0,nan,0,0,0,1,1,0.513117,-0.0645772,0.00426119,-0.000794493,-0.40089,-0.281982
1903,0,nan,0,0,0,1,1,0.513117,0.00174533,-0.0245018,-0.000791268,-0.0849273,-0.417334
1904,0,nan,0,0,0,1,1,0.513117,0,-0.00745708,-0.000769436,-0.269413,-0.203027
1905,0,nan,0,0,0,1,1,0.513212,-0.0174533,0.00213059,-0.000777326,-0.376044,-0.439893
1906,0,nan,0,0,0,1,1,0.513117,0,-0.00852238,-0.00079433,-0.261105,-0.304541
1907,0,nan,0,0,0,1,1,0.513117,0,0.00213059,-0.000781748,-0.376228,-0.394775
1908,0,nan,0,0,0,1,1,0.513117,0,0.0149142,-0.000794871,-0.518979,-0.304541
1909,0,nan,0,0,0,1,1,0.513117,-0.00872665,-0.00532648,-0.000822711,-0.300007,-0.31582
1910,0,nan,0,0,0,1,1,0.513117,0,-0.0138489,-0.000817738,-0.205604,-0.304541
1911,0,nan,0,0,0,1,1,0.513117,0.020944,0.0127836,-0.000845551,-0.502232,-0.31582
1912,0,nan,0,0,0,1,1,0.513117,-0.0122173,-0.00958767,-0.000845077,-0.256086,-0.394775
1913,0,nan,0,0,0,1,1,0.513117,0.0122173,0.01811,-0.000888592,-0.566505,-0.428613
1914,0,nan,0,0,0,1,1,0.513021,-0.0122173,-0.00958767,-0.000863397,-0.258497,-0.304541
1915,0,nan,0,0,0,1,1,0.513117,0,-0.00532648,-0.000826827,-0.299911,-0.3271
1916,0,nan,0,0,0,1,1,0.513117,0,0.00426119,-0.000869753,-0.41168,-0.360938
1917,0,nan,0,0,0,1,1,0.513117,0,-0.0255671,-0.000861056,-0.082421,-0.236865
1918,0,nan,0,0,0,1,1,0.513117,0,0.0117183,-0.000885746,-0.495819,-0.31582
1919,0,nan,0,0,0,1,1,0.513021,0,0.0213059,-0.000901811,-0.603404,-0.259424
1920,0,nan,0,0,0,1,1,0.513117,0,-0.0170448,-0.000851299,-0.174583,-0.203027
1921,0,nan,0,0,0,1,1,0.513117,0.0122173,0.0010653,-0.000848817,-0.373762,-0.3271
1922,0,nan,0,0,0,1,1,0.513117,0,0.00213059,-0.00084981,-0.385428,-0.259424
1923,0,nan,0,0,0,1,1,0.513117,-0.00523599,0.0010653,-0.000871209,-0.376718,-0.372217
1924,0,nan,0,0,0,1,1,0.513117,0,0.00958767,-0.000885302,-0.472007,-0.451172
1925,0,nan,0,0,0,1,1,0.513021,0,0.0213059,-0.000937468,-0.608111,-0.417334
1926,0,nan,0,0,0,1,1,0.513021,0,-0.00532648,-0.000927844,-0.313649,-0.349658
1927,0,nan,0,0,0,1,1,0.513021,0,-6.52306e-19,-0.00090624,-0.369026,-0.372217
1928,0,nan,0,0,0,1,1,0.513117,0.015708,-0.0159795,-0.000884636,-0.190582,-0.394775
1929,0,nan,0,0,0,1,1,0.513021,0.0279253,0.0010653,-0.000879914,-0.377867,-0.349658
1930,0,nan,0,0,0,1,1,0.513117,0,-0.0010653,-0.00087106,-0.353199,-0.31582
1931,0,nan,0,0,0,1,1,0.513021,0,-0.010653,-0.000859799,-0.245762,-0.349658
1932,0,nan,0,0,0,1,1,0.513021,0.00872665,0.00213059,-0.000888477,-0.390716,-0.304541
1933,0,nan,0,0,0,1,1,0.513021,0,-0.00532648,-0.00090843,-0.311321,-0.439893
1934,0,nan,0,0,0,1,1,0.513021,0,-0.00745708,-0.000929077,-0.29061,-0.541406
1935,0,nan,0,0,0,1,1,0.513021,0.0279253,-0.00745708,-0.000911182,-0.288248,-0.3271
1936,0,nan,0,0,0,1,1,0.513021,0,0.00319589,-0.000888776,-0.402473,-0.270703
1937,0,nan,0,0,0,1,1,0.513021,-0.00523599,0.0202406,-0.000867517,-0.587159,-0.372217
1938,0,nan,0,0,0,1,1,0.513021,0,0.010653,-0.00090243,-0.486303,-0.439893
1939,0,nan,0,0,0,1,1,0.513021,0,-0.00426119,-0.000926715,-0.325453,-0.372217
1940,0,nan,0,0,0,1,1,0.512925,-0.010472,-0.0010653,-0.000926704,-0.360607,-0.439893
1941,0,nan,0,0,0,1,1,0.512925,0,-0.00213059,-0.00096545,-0.354003,-0.518848
1942,0,nan,0,0,0,1,1,0.512925,0,-0.00958767,-0.000967667,-0.272268,-0.462451
1943,0,nan,0,0,0,1,1,0.512925,0.020944,-0.00745708,-0.000914698,-0.287747,-0.31582
1944,0,nan,0,0,0,1,1,0.513021,0.020944,0.0255671,-0.00090612,-0.650846,-0.214307
1945,0,nan,0,0,0,1,1,0.512925,-0.0733038,0.010653,-0.000939571,-0.491206,-0.281982
1946,0,nan,0,0,0,1,1,0.512925,0,-0.0010653,-0.000946916,-0.363275,-0.349658
1947,0,nan,0,0,0,1,1,0.512925,0,-0.00319589,-0.000942211,-0.339217,-0.281982
1948,0,nan,0,0,0,1,1,0.512925,-0.0244346,-4.56614e-19,-0.000943314,-0.374517,-0.406055
1949,0,nan,0,0,0,1,1,0.512925,0.00872665,-0.00852238,-0.000926506,-0.278553,-0.462451
1950,0,nan,0,0,0,1,1,0.512925,0,-0.00319589,-0.000932402,-0.337922,-0.451172
1951,0,nan,0,0,0,1,1,0.512925,0,-0.00213059,-0.0009387,-0.350472,-0.47373
1952,0,nan,0,0,0,1,1,0.512925,-0.0174533,0.0117183,-0.000951167,-0.504455,-0.462451
1953,0,nan,0,0,0,1,1,0.512925,-0.00872665,0.00319589,-0.000979081,-0.414394,-0.541406
1954,0,nan,0,0,0,1,1,0.512925,0.020944,-0.0010653,-0.000988797,-0.368803,-0.304541
1955,0,nan,0,0,0,1,1,0.512925,-0.015708,0.00426119,-0.000976926,-0.425827,-0.3271
1956,0,nan,0,0,0,1,1,0.512925,0,-0.00426119,-0.000967727,-0.330867,-0.47373
1957,0,nan,0,0,0,1,1,0.512925,0,0.0010653,-0.000981632,-0.391294,-0.281982
1958,0,nan,0,0,0,1,1,0.512829,-0.0296706,0.010653,-0.00101436,-0.501078,-0.496289
1959,0,nan,0,0,0,1,1,0.512829,0,0.0117183,-0.00101915,-0.513428,-0.462451
1960,0,nan,0,0,0,1,1,0.512829,0,0.00532648,-0.00104225,-0.446168,-0.383496
1961,0,nan,0,0,0,1,1,0.512829,0,0.0170448,-0.00103511,-0.574103,-0.451172
1962,0,nan,0,0,0,1,1,0.512925,0.0174533,0.0170448,-0.00105054,-0.576163,-0.406055
1963,0,nan,0,0,0,1,1,0.512829,-0.0139626,-0.00319589,-0.00106819,-0.355846,-0.417334
1964,0,nan,0,0,0,1,1,0.512829,0,0.00532648,-0.00106122,-0.448673,-0.338379
1965,0,nan,0,0,0,1,1,0.512829,0,-3.26153e-19,-0.00105869,-0.389747,-0.31582
1966,0,nan,0,0,0,1,1,0.512829,0,0.0170448,-0.00108519,-0.580738,-0.575244
1967,0,nan,0,0,0,1,1,0.512829,0,0.0191753,-0.00109293,-0.605196,-0.360938
1968,0,nan,0,0,0,1,1,0.512829,0.00872665,0.00213059,-0.00110879,-0.419797,-0.451172
1969,0,nan,0,0,0,1,1,0.512829,0,-0.00532648,-0.00113097,-0.340696,-0.394775
1970,0,nan,0,0,0,1,1,0.512829,0,0.00532648,-0.00111433,-0.455683,-0.563965
1971,0,nan,0,0,0,1,1,0.512829,-0.00174533,-0.00426119,-0.00112565,-0.351698,-0.518848
1972,0,nan,0,0,0,1,1,0.512829,0.00349066,-0.00852238,-0.00113698,-0.306336,-0.338379
1973,0,nan,0,0,0,1,1,0.512829,0,0.0266324,-0.00117099,-0.697528,-0.451172
1974,0,nan,0,0,0,1,1,0.512733,-0.0174533,-0.00426119,-0.00117638,-0.358409,-0.439893
1975,0,nan,0,0,0,1,1,0.512829,0,-0.0010653,-0.00115427,-0.390085,-0.394775
1976,0,nan,0,0,0,1,1,0.512829,0.0244346,-0.00639178,-0.00116845,-0.333926,-0.31582
1977,0,nan,0,0,0,1,1,0.512829,0,0.00532648,-0.00120399,-0.467518,-0.406055
1978,0,nan,0,0,0,1,1,0.512829,0,0.00745708,-0.00122194,-0.493324,-0.439893
1979,0,nan,0,0,0,1,1,0.512829,0,0.00426119,-0.00119865,-0.455095,-0.304541
1980,0,nan,0,0,0,1,1,0.512829,0,0.0234365,-0.00121911,-0.668724,-0.428613
1981,0,nan,0,0,0,1,1,0.512733,-0.00174533,0.00532648,-0.001184,-0.46488,-0.304541
1982,0,nan,0,0,0,1,1,0.512829,0.00174533,-0.00639178,-0.00122061,-0.340811,-0.48501
1983,0,nan,0,0,0,1,1,0.512733,0.00349066,0.00745708,-0.00124415,-0.496255,-0.563965
1984,0,nan,0,0,0,1,1,0.512733,0,-0.0010653,-0.00121922,-0.398996,-0.406055
1985,0,nan,0,0,0,1,1,0.512733,0,-0.0191753,-0.00119086,-0.19602,-0.451172
1986,0,nan,0,0,0,1,1,0.512733,0.0383972,-0.00319589,-0.00114679,-0.366222,-0.236865
1987,0,nan,0,0,0,1,1,0.512733,-0.0279253,0.0170448,-0.00110925,-0.583617,-0.349658
1988,0,nan,0,0,0,1,1,0.512733,0.0244346,0.010653,-0.00111522,-0.514392,-0.47373
1989,0,nan,0,0,0,1,1,0.512733,-0.00698132,1.56553e-18,-0.00113516,-0.399842,-0.47373
1990,0,nan,0,0,0,1,1,0.512733,0.0314159,-0.00745708,-0.00113579,-0.317896,-0.349658
1991,0,nan,0,0,0,1,1,0.512733,0,-0.0127836,-0.00111588,-0.256677,-0.428613
1992,0,nan,0,0,0,1,1,0.512733,-0.00872665,0.0127836,-0.00110472,-0.536442,-0.270703
1993,0,nan,0,0,0,1,1,0.512733,-0.015708,0.00213059,-0.00112,-0.421277,-0.304541
1994,0,nan,0,0,0,1,1,0.512733,0,0.00426119,-0.00113199,-0.446296,-0.530127
1995,0,nan,0,0,0,1,1,0.512733,0,-0.0298283,-0.0011352,-0.0717353,-0.349658
1996,0,nan,0,0,0,1,1,0.512733,-0.00523599,0.0202406,-0.00113772,-0.622826,-0.304541
1997,0,nan,0,0,0,1,1,0.512637,-0.0139626,-4.56614e-19,-0.00111686,-0.397426,-0.259424
1998,0,nan,0,0,0,1,1,0.512733,0.0191986,-8.47998e-19,-0.00113114,-0.39931,-0.31582
1999,0,nan,0,0,0,1,1,0.512637,0,-0.0149142,-0.00111865,-0.233606,-0.439893
2000,0,nan,0,0,0,1,1,0.512733,0.0226893,-0.00213059,-0.00111043,-0.37314,-0.31582
2001,0,nan,0,0,0,1,1,0.512733,-0.00872665,-0.0213059,-0.00109831,-0.160486,-0.406055
2002,0,nan,0,0,0,1,1,0.512733,0.00872665,-0.0234365,-0.00115083,-0.144108,-0.406055
2003,0,nan,0,0,0,1,1,0.512637,0.0610865,0.0117183,-0.00116227,-0.532321,-0.338379
2004,0,nan,0,0,0,1,1,0.512541,-0.0925025,0.00639178,-0.00116163,-0.473645,-0.48501
2005,0,nan,0,0,0,1,1,0.512637,0,0.00426119,-0.00114591,-0.448133,-0.338379
2006,0,nan,0,0,0,1,1,0.512637,0,0.00319589,-0.00112167,-0.433215,-0.349658
2007,0,nan,0,0,0,1,1,0.512637,-0.00523599,-0.00958767,-0.00111419,-0.291608,-0.383496
2008,0,nan,0,0,0,1,1,0.512637,0.00872665,-0.0127836,-0.0010945,-0.253855,-0.281982
2009,0,nan,0,0,0,1,1,0.512637,0,-0.0276977,-0.00106093,-0.0853675,-0.417334
2010,0,nan,0,0,0,1,1,0.512637,-0.0174533,0.00319589,-0.00102944,-0.421021,-0.304541
2011,0,nan,0,0,0,1,1,0.512637,-0.00523599,-0.00426119,-0.00102155,-0.337457,-0.48501
2012,0,nan,0,0,0,1,1,0.512541,0.0314159,-0.00319589,-0.00102531,-0.350165,-0.518848
2013,0,nan,0,0,0,1,1,0.512637,0,-0.00426119,-0.00104113,-0.340557,-0.462451
2014,0,nan,0,0,0,1,1,0.512541,0,0.00426119,-0.00104564,-0.434898,-0.281982
2015,0,nan,0,0,0,1,1,0.512541,-0.0366519,-0.0149142,-0.00104541,-0.22367,-0.48501
2016,0,nan,0,0,0,1,1,0.512541,0.0366519,-0.0149142,-0.00108423,-0.229063,-0.496289
2017,0,nan,0,0,0,1,1,0.512637,0.0418879,0.00852238,-0.00107565,-0.485732,-0.383496
2018,0,nan,0,0,0,1,1,0.512637,0,-0.00639178,-0.00107075,-0.32103,-0.225586
2019,0,nan,0,0,0,1,1,0.512541,0,0.0245018,-0.00109288,-0.66378,-0.507568
2020,0,nan,0,0,0,1,1,0.512541,0,-1.36984e-18,-0.00111102,-0.396654,-0.451172
2021,0,nan,0,0,0,1,1,0.512541,0.0174533,-0.00319589,-0.00107184,-0.356328,-0.270703
2022,0,nan,0,0,0,1,1,0.512637,0,0.00213059,-0.00105681,-0.412936,-0.203027
2023,0,nan,0,0,0,1,1,0.512541,-0.0261799,-0.00319589,-0.00107161,-0.356298,-0.575244
2024,0,nan,0,0,0,1,1,0.512541,0,-0.0117183,-0.00108991,-0.264616,-0.609082
2025,0,nan,0,0,0,1,1,0.512541,0.0122173,0.0191753,-0.00112171,-0.608994,-0.462451
2026,0,nan,0,0,0,1,1,0.512541,-0.00872665,-0.010653,-0.00112168,-0.28088,-0.530127
2027,0,nan,0,0,0,1,1,0.512541,0,-0.00426119,-0.00110717,-0.349195,-0.507568
2028,0,nan,0,0,0,1,1,0.512541,0,0.0010653,-0.00111833,-0.40932,-0.394775
2029,0,nan,0,0,0,1,1,0.512445,0,-0.00958767,-0.00110738,-0.29071,-0.349658
2030,0,nan,0,0,0,1,1,0.512541,0.00872665,-0.0170448,-0.00107476,-0.204376,-0.281982
2031,0,nan,0,0,0,1,1,0.512541,0,-0.00639178,-0.0010354,-0.316363,-0.47373
2032,0,nan,0,0,0,1,1,0.512541,0,-0.0010653,-0.00104511,-0.376236,-0.563965
2033,0,nan,0,0,0,1,1,0.512445,0.00872665,-0.00213059,-0.00103081,-0.362631,-0.462451
2034,0,nan,0,0,0,1,1,0.512541,0.0174533,-0.01811,-0.00103849,-0.187871,-0.439893
2035,0,nan,0,0,0,1,1,0.512541,0.00872665,0.0191753,-0.00107004,-0.602174,-0.428613
2036,0,nan,0,0,0,1,1,0.512541,-0.00349066,0.0159795,-0.00110032,-0.571017,-0.597803
2037,0,nan,0,0,0,1,1,0.512445,0,0.0117183,-0.00108651,-0.522321,-0.281982
2038,0,nan,0,0,0,1,1,0.512541,0.010472,-0.0127836,-0.00106471,-0.249923,-0.293262
2039,0,nan,0,0,0,1,1,0.512541,-0.0174533,-1.04369e-18,-0.0010896,-0.393827,-0.48501
2040,0,nan,0,0,0,1,1,0.512445,0,0.0191753,-0.00110995,-0.607442,-0.383496
2041,0,nan,0,0,0,1,1,0.512445,-0.0191986,0.00213059,-0.00108505,-0.416196,-0.383496
2042,0,nan,0,0,0,1,1,0.512541,0.0279253,-0.0159795,-0.00111735,-0.221716,-0.439893
2043,0,nan,0,0,0,1,1,0.512445,0.020944,-0.0170448,-0.0011108,-0.209133,-0.518848
2044,0,nan,0,0,0,1,1,0.512445,0,0.0010653,-0.00108712,-0.405219,-0.417334
2045,0,nan,0,0,0,1,1,0.512445,0,0.01811,-0.00110475,-0.595038,-0.281982
2046,0,nan,0,0,0,1,1,0.512445,-0.00872665,-0.00319589,-0.00114032,-0.365368,-0.439893
2047,0,nan,0,0,0,1,1,0.512445,0.0366519,0.0149142,-0.0011686,-0.568312,-0.338379
2048,0,nan,0,0,0,1,1,0.512445,-0.0418879,0.00958767,-0.00118345,-0.51168,-0.406055
2049,0,nan,0,0,0,1,1,0.512445,0,-0.00745708,-0.00117304,-0.322457,-0.439893
2050,0,nan,0,0,0,1,1,0.512445,0.0418879,-0.00532648,-0.00116074,-0.344627,-0.349658
2051,0,nan,0,0,0,1,1,0.512445,0,0.0159795,-0.00114119,-0.576411,-0.3271
2052,0,nan,0,0,0,1,1,0.512445,0,-0.00213059,-0.00114612,-0.377851,-0.439893
2053,0,nan,0,0,0,1,1,0.512445,0,0.00958767,-0.00114891,-0.507121,-0.439893
2054,0,nan,0,0,0,1,1,0.512445,0,0.0170448,-0.0012023,-0.596196,-0.406055
2055,0,nan,0,0,0,1,1,0.51235,0,-0.00852238,-0.00121554,-0.316706,-0.406055
2056,0,nan,0,0,0,1,1,0.51235,0,0.00213059,-0.00119611,-0.431112,-0.518848
2057,0,nan,0,0,0,1,1,0.512445,0.00174533,-0.0010653,-0.00114342,-0.388627,-0.349658
2058,0,nan,0,0,0,1,1,0.512445,0,-0.0159795,-0.00111509,-0.221348,-0.349658
2059,0,nan,0,0,0,1,1,0.512445,0.00872665,0.00213059,-0.00112225,-0.421574,-0.338379
2060,0,nan,0,0,0,1,1,0.51235,-0.0191986,0.0159795,-0.00114606,-0.577054,-0.383496
2061,0,nan,0,0,0,1,1,0.51235,-0.00872665,0.00745708,-0.00111617,-0.479339,-0.417334
2062,0,nan,0,0,0,1,1,0.512445,0.0261799,0.00213059,-0.00114892,-0.425094,-0.394775
2063,0,nan,0,0,0,1,1,0.51235,0,0.00745708,-0.00115564,-0.484572,-0.496289
2064,0,nan,0,0,0,1,1,0.51235,0,-0.0010653,-0.00116936,-0.392638,-0.563965
2065,0,nan,0,0,0,1,1,0.51235,0.00523599,-0.0213059,-0.00121372,-0.175846,-0.428613
2066,0,nan,0,0,0,1,1,0.512254,-0.0139626,0.00958767,-0.00122378,-0.517004,-0.31582
2067,0,nan,0,0,0,1,1,0.51235,-0.0244346,0.0245018,-0.00125007,-0.684529,-0.349658
2068,0,nan,0,0,0,1,1,0.51235,0,-0.00852238,-0.00122713,-0.318235,-0.417334
2069,0,nan,0,0,0,1,1,0.51235,0,0.0245018,-0.00125643,-0.685369,-0.349658
2070,0,nan,0,0,0,1,1,0.512254,-0.0401426,-0.0170448,-0.00120672,-0.221795,-0.428613
2071,0,nan,0,0,0,1,1,0.51235,0.00174533,-0.0010653,-0.00118646,-0.394463,-0.417334
2072,0,nan,0,0,0,1,1,0.512254,-0.00349066,0.00639178,-0.00123272,-0.483029,-0.360938
2073,0,nan,0,0,0,1,1,0.512254,0,0.0127836,-0.00125447,-0.556209,-0.349658
2074,0,nan,0,0,0,1,1,0.512254,-0.0279253,0.0340895,-0.00128621,-0.794764,-0.406055
2075,0,nan,0,0,0,1,1,0.512158,-0.020944,0.01811,-0.00127911,-0.618053,-0.293262
2076,0,nan,0,0,0,1,1,0.512254,0.00698132,-0.00745708,-0.00126973,-0.335576,-0.428613
2077,0,nan,0,0,0,1,1,0.512254,0.0122173,-0.00639178,-0.00121407,-0.339947,-0.293262
2078,0,nan,0,0,0,1,1,0.51235,0,0.0010653,-0.00117541,-0.416873,-0.372217
2079,0,nan,0,0,0,1,1,0.512254,0,0.010653,-0.00116759,-0.521304,-0.372217
2080,0,nan,0,0,0,1,1,0.512254,0,0.0319589,-0.00117546,-0.756708,-0.259424
2081,0,nan,0,0,0,1,1,0.512158,-0.0645772,0.00426119,-0.00115109,-0.448239,-0.349658
2082,0,nan,0,0,0,1,1,0.512254,0.0331613,0.00213059,-0.00116564,-0.427301,-0.428613
2083,0,nan,0,0,0,1,1,0.512254,0,0.00426119,-0.00118105,-0.452771,-0.428613
2084,0,nan,0,0,0,1,1,0.512254,0,0.00532648,-0.00120348,-0.467451,-0.406055
2085,0,nan,0,0,0,1,1,0.512158,-0.00523599,-0.0010653,-0.00120906,-0.397878,-0.451172
2086,0,nan,0,0,0,1,1,0.512158,0,1.23938e-18,-0.00120557,-0.409136,-0.530127
2087,0,nan,0,0,0,1,1,0.512254,0,-0.00319589,-0.0011893,-0.371833,-0.360938
2088,0,nan,0,0,0,1,1,0.512254,0,0.00532648,-0.00120432,-0.467561,-0.281982
2089,0,nan,0,0,0,1,1,0.512158,-0.00698132,0.0149142,-0.00121321,-0.574199,-0.462451
2090,0,nan,0,0,0,1,1,0.512158,0,0.00852238,-0.00121134,-0.503642,-0.530127
2091,0,nan,0,0,0,1,1,0.512158,0,-0.00958767,-0.00120694,-0.303851,-0.372217
2092,0,nan,0,0,0,1,1,0.512158,0,0.0138489,-0.00118788,-0.559138,-0.270703
2093,0,nan,0,0,0,1,1,0.512158,-0.0471239,-0.00852238,-0.00115302,-0.308452,-0.394775
2094,0,nan,0,0,0,1,1,0.512254,0.0366519,-5.87076e-19,-0.00116729,-0.404082,-0.372217
2095,0,nan,0,0,0,1,1,0.512158,0,-0.00213059,-0.0011792,-0.382218,-0.439893
2096,0,nan,0,0,0,1,1,0.512158,0,0.00532648,-0.00117007,-0.463041,-0.417334
2097,0,nan,0,0,0,1,1,0.512158,0,0.00639178,-0.00118183,-0.476311,-0.417334
2098,0,nan,0,0,0,1,1,0.512158,0,0.0138489,-0.00120304,-0.561138,-0.394775
2099,0,nan,0,0,0,1,1,0.512158,-0.0314159,-0.0010653,-0.0012211,-0.399466,-0.451172
2100,0,nan,0,0,0,1,1,0.512062,0,-0.0117183,-0.00123838,-0.284565,-0.360938
2101,0,nan,0,0,0,1,1,0.512158,0,-0.0223712,-0.00116611,-0.157843,-0.428613
2102,0,nan,0,0,0,1,1,0.512158,0,-0.0234365,-0.0011662,-0.145839,-0.293262
2103,0,nan,0,0,0,1,1,0.512158,0.0366519,0.0010653,-0.00115201,-0.413784,-0.270703
2104,0,nan,0,0,0,1,1,0.512158,-0.0610865,0.0127836,-0.00118691,-0.547291,-0.394775
2105,0,nan,0,0,0,1,1,0.512062,0,0.00532648,-0.00116331,-0.462149,-0.406055
2106,0,nan,0,0,0,1,1,0.512158,0.00872665,0.00745708,-0.00120776,-0.491452,-0.417334
2107,0,nan,0,0,0,1,1,0.512062,0,0.0010653,-0.00122459,-0.423364,-0.620361
2108,0,nan,0,0,0,1,1,0.512062,0.00872665,-0.00426119,-0.0011916,-0.36002,-0.507568
2109,0,nan,0,0,0,1,1,0.512062,0,-0.010653,-0.00118439,-0.289157,-0.406055
2110,0,nan,0,0,0,1,1,0.512062,0,0.0117183,-0.00117802,-0.534399,-0.428613
2111,0,nan,0,0,0,1,1,0.512062,-0.0174533,0.00213059,-0.00119016,-0.430538,-0.406055
2112,0,nan,0,0,0,1,1,0.512062,0,0.00958767,-0.00119159,-0.512754,-0.507568
2113,0,nan,0,0,0,1,1,0.512062,0,-0.0138489,-0.00118349,-0.253883,-0.530127
2114,0,nan,0,0,0,1,1,0.512062,0,-0.00639178,-0.00120645,-0.338942,-0.541406
2115,0,nan,0,0,0,1,1,0.512062,0.00872665,0.00532648,-0.00121909,-0.469511,-0.507568
2116,0,nan,0,0,0,1,1,0.512062,0,-0.00639178,-0.00121521,-0.340099,-0.541406
2117,0,nan,0,0,0,1,1,0.512062,0,0.00639178,-0.0012016,-0.47892,-0.293262
2118,0,nan,0,0,0,1,1,0.512062,0,0.00319589,-0.00118344,-0.441369,-0.3271
2119,0,nan,0,0,0,1,1,0.512062,-0.00174533,0.00426119,-0.00121698,-0.457514,-0.394775
2120,0,nan,0,0,0,1,1,0.512062,0,0.0010653,-0.00116106,-0.414362,-0.349658
2121,0,nan,0,0,0,1,1,0.512062,-0.020944,0.0010653,-0.00123265,-0.424427,-0.530127
2122,0,nan,0,0,0,1,1,0.511966,0,0.0149142,-0.00124055,-0.577808,-0.451172
2123,0,nan,0,0,0,1,1,0.512062,-0.00872665,-0.0127836,-0.00123411,-0.272283,-0.372217
2124,0,nan,0,0,0,1,1,0.512062,0.020944,0.010653,-0.00125613,-0.532992,-0.439893
2125,0,nan,0,0,0,1,1,0.511966,-0.0174533,0.0010653,-0.00126816,-0.429116,-0.338379
2126,0,nan,0,0,0,1,1,0.511966,0,0.01811,-0.00125121,-0.614371,-0.293262
2127,0,nan,0,0,0,1,1,0.511966,-0.0244346,-0.00426119,-0.00122207,-0.36444,-0.281982
2128,0,nan,0,0,0,1,1,0.512062,0.00174533,-0.0117183,-0.00118528,-0.277557,-0.31582
2129,0,nan,0,0,0,1,1,0.512062,0,0.010653,-0.00122102,-0.528357,-0.451172
2130,0,nan,0,0,0,1,1,0.51187,-0.0139626,-0.0010653,-0.00119158,-0.39557,-0.349658
2131,0,nan,0,0,0,1,1,0.511966,0,-0.00213059,-0.00116304,-0.380084,-0.338379
2132,0,nan,0,0,0,1,1,0.511966,0,-0.0159795,-0.00115247,-0.226352,-0.281982
2133,0,nan,0,0,0,1,1,0.511966,0,0.00213059,-0.00115522,-0.425926,-0.3271
2134,0,nan,0,0,0,1,1,0.51187,-0.0558505,0.00532648,-0.00112187,-0.456022,-0.349658
2135,0,nan,0,0,0,1,1,0.511966,0,-0.00745708,-0.00112333,-0.316128,-0.496289
2136,0,nan,0,0,0,1,1,0.511966,0.0296706,0.0138489,-0.00116368,-0.555943,-0.304541
2137,0,nan,0,0,0,1,1,0.51187,-0.0174533,0.0170448,-0.0011804,-0.593305,-0.281982
2138,0,nan,0,0,0,1,1,0.511966,0,8.47998e-19,-0.00120962,-0.40967,-0.451172
2139,0,nan,0,0,0,1,1,0.51187,0.0139626,0.0010653,-0.0012094,-0.421359,-0.47373
2140,0,nan,0,0,0,1,1,0.51187,0,-0.00958767,-0.00117872,-0.300127,-0.281982
2141,0,nan,0,0,0,1,1,0.51187,0,0.00639178,-0.00118206,-0.476341,-0.349658
2142,0,nan,0,0,0,1,1,0.51187,-0.0226893,0.0170448,-0.00118364,-0.593733,-0.394775
2143,0,nan,0,0,0,1,1,0.51187,-0.00872665,0.00426119,-0.00119412,-0.454496,-0.428613
2144,0,nan,0,0,0,1,1,0.51187,0,0.00319589,-0.00124381,-0.449337,-0.439893
2145,0,nan,0,0,0,1,1,0.51187,0,0.0127836,-0.00124834,-0.555401,-0.281982
2146,0,nan,0,0,0,1,1,0.511774,-0.0401426,-0.0266324,-0.00122157,-0.118291,-0.394775
2147,0,nan,0,0,0,1,1,0.51187,0.020944,-0.00319589,-0.00123578,-0.377911,-0.563965
2148,0,nan,0,0,0,1,1,0.511774,0,0.00426119,-0.00123257,-0.459573,-0.349658
2149,0,nan,0,0,0,1,1,0.511774,-0.0383972,-0.00745708,-0.00125608,-0.333775,-0.541406
2150,0,nan,0,0,0,1,1,0.511774,0.00872665,0.00319589,-0.00126011,-0.45149,-0.48501
2151,0,nan,0,0,0,1,1,0.511774,0,0.0127836,-0.00126656,-0.557805,-0.462451
2152,0,nan,0,0,0,1,1,0.511774,0.0279253,-0.0159795,-0.00125427,-0.23979,-0.439893
2153,0,nan,0,0,0,1,1,0.511774,0.0174533,0.00532648,-0.00127132,-0.476406,-0.372217
2154,0,nan,0,0,0,1,1,0.511678,-0.0418879,-0.00319589,-0.00129004,-0.385131,-0.597803
2155,0,nan,0,0,0,1,1,0.511774,0.00523599,0.00213059,-0.00127845,-0.442192,-0.360938
2156,0,nan,0,0,0,1,1,0.511678,0,0.00852238,-0.00123714,-0.507049,-0.259424
2157,0,nan,0,0,0,1,1,0.511678,-0.0558505,-0.00213059,-0.00124119,-0.390401,-0.394775
2158,0,nan,0,0,0,1,1,0.511678,0.00523599,0.00532648,-0.00127168,-0.476454,-0.496289
2159,0,nan,0,0,0,1,1,0.511678,0,0.00426119,-0.00129581,-0.467921,-0.372217
2160,0,nan,0,0,0,1,1,0.511583,-0.0296706,0.0159795,-0.0013389,-0.602509,-0.406055
2161,0,nan,0,0,0,1,1,0.511583,-0.0122173,-0.00639178,-0.00128672,-0.349537,-0.3271
2162,0,nan,0,0,0,1,1,0.511678,0,0.00639178,-0.00128839,-0.490377,-0.394775
2163,0,nan,0,0,0,1,1,0.511583,-0.00523599,0.0010653,-0.00129515,-0.432679,-0.563965
2164,0,nan,0,0,0,1,1,0.511583,0,0.00532648,-0.00127262,-0.476577,-0.428613
2165,0,nan,0,0,0,1,1,0.511583,-0.00349066,0.0170448,-0.00126972,-0.605095,-0.406055
2166,0,nan,0,0,0,1,1,0.511583,0.0191986,0.0159795,-0.00130792,-0.59842,-0.372217
2167,0,nan,0,0,0,1,1,0.511487,-0.0314159,0.00532648,-0.0012743,-0.476782,-0.417334
2168,0,nan,0,0,0,1,1,0.511583,0.00523599,0.0255671,-0.00127021,-0.698906,-0.47373
2169,0,nan,0,0,0,1,1,0.511487,-0.0366519,0.00426119,-0.00126257,-0.463532,-0.394775
2170,0,nan,0,0,0,1,1,0.511583,0.015708,-0.00852238,-0.00124145,-0.320126,-0.439893
2171,0,nan,0,0,0,1,1,0.511583,0.00349066,2.3483e-18,-0.00124722,-0.414633,-0.462451
2172,0,nan,0,0,0,1,1,0.511487,-0.00523599,-0.0202406,-0.00122429,-0.188959,-0.360938
2173,0,nan,0,0,0,1,1,0.511487,0.00349066,0.0245018,-0.00124393,-0.683718,-0.507568
2174,0,nan,0,0,0,1,1,0.511487,-0.00872665,0.01811,-0.00123407,-0.612108,-0.248145
2175,0,nan,0,0,0,1,1,0.511487,-0.0471239,-0.00958767,-0.00122628,-0.306404,-0.439893
2176,0,nan,0,0,0,1,1,0.511487,0,0.00958767,-0.00127659,-0.523975,-0.586523
2177,0,nan,0,0,0,1,1,0.511487,-0.0139626,-0.0127836,-0.00127785,-0.278057,-0.575244
2178,0,nan,0,0,0,1,1,0.511391,0.00349066,0.00745708,-0.00130766,-0.504639,-0.507568
2179,0,nan,0,0,0,1,1,0.511391,0,-0.0213059,-0.00124798,-0.180369,-0.248145
2180,0,nan,0,0,0,1,1,0.511487,0,0.00532648,-0.00125703,-0.474519,-0.428613
2181,0,nan,0,0,0,1,1,0.511391,0,-0.00852238,-0.00123972,-0.319897,-0.47373
2182,0,nan,0,0,0,1,1,0.511391,0,0.00213059,-0.0012302,-0.435823,-0.417334
2183,0,nan,0,0,0,1,1,0.511391,0,-0.00213059,-0.00123524,-0.389615,-0.406055
2184,0,nan,0,0,0,1,1,0.511391,0,-0.01811,-0.00116658,-0.204513,-0.428613
2185,0,nan,0,0,0,1,1,0.511487,0,-0.00852238,-0.00117251,-0.311025,-0.530127
2186,0,nan,0,0,0,1,1,0.511295,-0.0226893,0.0319589,-0.00121051,-0.761336,-0.552686
2187,0,nan,0,0,0,1,1,0.511295,-0.0418879,-0.0170448,-0.00121668,-0.22311,-0.31582
2188,0,nan,0,0,0,1,1,0.511391,0.0122173,-0.0223712,-0.00121813,-0.164709,-0.47373
2189,0,nan,0,0,0,1,1,0.511391,0.0383972,0.00426119,-0.00119739,-0.454929,-0.225586
2190,0,nan,0,0,0,1,1,0.511391,-0.0541052,-0.0170448,-0.00115643,-0.215156,-0.304541
2191,0,nan,0,0,0,1,1,0.511391,0.0226893,0.00213059,-0.00114984,-0.425215,-0.394775
2192,0,nan,0,0,0,1,1,0.511391,-0.0122173,0.00426119,-0.00116195,-0.45025,-0.236865
2193,0,nan,0,0,0,1,1,0.511391,0,0.00532648,-0.00114261,-0.459416,-0.259424
2194,0,nan,0,0,0,1,1,0.511391,0,0.00852238,-0.00114586,-0.495,-0.47373
2195,0,nan,0,0,0,1,1,0.511391,0,-0.0149142,-0.00116496,-0.239719,-0.47373
2196,0,nan,0,0,0,1,1,0.511295,-0.015708,0.00958767,-0.0011812,-0.511382,-0.31582
2197,0,nan,0,0,0,1,1,0.511295,0,0.00532648,-0.00115346,-0.460848,-0.225586
2198,0,nan,0,0,0,1,1,0.511391,0,0.00532648,-0.00117564,-0.463775,-0.47373
2199,0,nan,0,0,0,1,1,0.511295,0,-0.00745708,-0.00119877,-0.32621,-0.597803
2200,0,nan,0,0,0,1,1,0.511295,0.0226893,0.00852238,-0.00120818,-0.503226,-0.439893
2201,0,nan,0,0,0,1,1,0.511295,-0.0383972,-0.0010653,-0.00118323,-0.394469,-0.439893
2202,0,nan,0,0,0,1,1,0.511295,0.00872665,0.00852238,-0.00117487,-0.498828,-0.439893
2203,0,nan,0,0,0,1,1,0.511295,0,0.0010653,-0.00113918,-0.41209,-0.3271
2204,0,nan,0,0,0,1,1,0.511295,0,-0.00639178,-0.00115685,-0.332394,-0.428613
2205,0,nan,0,0,0,1,1,0.511199,0.020944,0.00532648,-0.00112275,-0.456561,-0.496289
2206,0,nan,0,0,0,1,1,0.511295,0.0174533,0.0213059,-0.00110736,-0.630537,-0.248145
2207,0,nan,0,0,0,1,1,0.511199,-0.0279253,0.00745708,-0.00110842,-0.478339,-0.338379
2208,0,nan,0,0,0,1,1,0.511199,0.0139626,0.00852238,-0.00111164,-0.490456,-0.530127
2209,0,nan,0,0,0,1,1,0.511199,0,0.0138489,-0.00112347,-0.550636,-0.518848
2210,0,nan,0,0,0,1,1,0.511199,0,0.00745708,-0.00113121,-0.481348,-0.439893
2211,0,nan,0,0,0,1,1,0.511199,0,0.00319589,-0.00112636,-0.433834,-0.304541
2212,0,nan,0,0,0,1,1,0.511199,0,-0.0127836,-0.00110124,-0.254744,-0.31582
2213,0,nan,0,0,0,1,1,0.511199,0,-0.00958767,-0.00110331,-0.289671,-0.428613
2214,0,nan,0,0,0,1,1,0.511199,0.00523599,-0.00745708,-0.0011297,-0.317093,-0.417334
2215,0,nan,0,0,0,1,1,0.511199,0.0261799,0.0159795,-0.00114648,-0.577109,-0.338379
2216,0,nan,0,0,0,1,1,0.511199,-0.0279253,0.0138489,-0.0011596,-0.555404,-0.451172
2217,0,nan,0,0,0,1,1,0.511199,0,-0.00319589,-0.0011771,-0.370222,-0.439893
2218,0,nan,0,0,0,1,1,0.511103,0,-0.00426119,-0.00116858,-0.357379,-0.383496
2219,0,nan,0,0,0,1,1,0.511199,0,0.00958767,-0.00117779,-0.510932,-0.372217
2220,0,nan,0,0,0,1,1,0.511199,0.00872665,-0.00319589,-0.0011445,-0.365614,-0.3271
2221,0,nan,0,0,0,1,1,0.511199,0,0.00958767,-0.00116681,-0.509484,-0.406055
2222,0,nan,0,0,0,1,1,0.511103,0,0.0117183,-0.00118994,-0.535973,-0.372217
2223,0,nan,0,0,0,1,1,0.511103,-0.0174533,0.0223712,-0.00121985,-0.657104,-0.417334
2224,0,nan,0,0,0,1,1,0.511103,0,0.00532648,-0.00122194,-0.469887,-0.47373
2225,0,nan,0,0,0,1,1,0.511103,0,0.00852238,-0.00123059,-0.506185,-0.372217
2226,0,nan,0,0,0,1,1,0.511103,0,-0.0117183,-0.00122152,-0.28234,-0.248145
2227,0,nan,0,0,0,1,1,0.511103,-0.00872665,0.00745708,-0.00121455,-0.492348,-0.3271
2228,0,nan,0,0,0,1,1,0.511007,-0.0436332,0.00958767,-0.0012164,-0.515959,-0.507568
2229,0,nan,0,0,0,1,1,0.511007,0,0.0159795,-0.00122372,-0.587305,-0.507568
2230,0,nan,0,0,0,1,1,0.511007,0,-0.00426119,-0.00119316,-0.360623,-0.372217
2231,0,nan,0,0,0,1,1,0.511007,0,-0.00639178,-0.001196,-0.337562,-0.349658
2232,0,nan,0,0,0,1,1,0.511007,-0.00698132,-0.0234365,-0.00119942,-0.150034,-0.541406
2233,0,nan,0,0,0,1,1,0.511007,0.0366519,0.00532648,-0.00121044,-0.468369,-0.47373
2234,0,nan,0,0,0,1,1,0.511007,-0.00174533,0.00639178,-0.00118928,-0.477294,-0.293262
2235,0,nan,0,0,0,1,1,0.510911,-0.00698132,-0.00532648,-0.00117294,-0.346236,-0.31582
2236,0,nan,0,0,0,1,1,0.511007,0.010472,0.0010653,-0.00115657,-0.414386,-0.191748
2237,0,nan,0,0,0,1,1,0.510911,-0.00174533,0.00319589,-0.00114892,-0.436812,-0.270703
2238,0,nan,0,0,0,1,1,0.511007,0,-0.0159795,-0.00115795,-0.227075,-0.518848
2239,0,nan,0,0,0,1,1,0.511007,0.0331613,0.0149142,-0.00115046,-0.565917,-0.3271
2240,0,nan,0,0,0,1,1,0.511007,-0.0296706,-0.0010653,-0.00116179,-0.391638,-0.406055
2241,0,nan,0,0,0,1,1,0.511007,0,0.00213059,-0.00122135,-0.434654,-0.47373
2242,0,nan,0,0,0,1,1,0.510911,-0.0244346,0.00532648,-0.00118529,-0.46499,-0.417334
2243,0,nan,0,0,0,1,1,0.511007,-0.00174533,-0.00532648,-0.00117294,-0.346093,-0.338379
2244,0,nan,0,0,0,1,1,0.510911,0.00872665,0.010653,-0.00119456,-0.524865,-0.428613
2245,0,nan,0,0,0,1,1,0.510911,-0.00698132,0.00532648,-0.00118045,-0.464376,-0.541406
2246,0,nan,0,0,0,1,1,0.510911,0.00698132,-0.0010653,-0.00117463,-0.393332,-0.439893
2247,0,nan,0,0,0,1,1,0.510911,0,0.00532648,-0.00118443,-0.464937,-0.518848
2248,0,nan,0,0,0,1,1,0.510911,0,0.0010653,-0.00118362,-0.417956,-0.360938
2249,0,nan,0,0,0,1,1,0.510911,-0.0139626,0.0010653,-0.00117115,-0.416268,-0.552686
2250,0,nan,0,0,0,1,1,0.510911,0.0191986,-0.00426119,-0.00119451,-0.360802,-0.48501
2251,0,nan,0,0,0,1,1,0.510816,0,-0.0117183,-0.00119229,-0.278482,-0.48501
2252,0,nan,0,0,0,1,1,0.510911,0,-0.0234365,-0.00116995,-0.146631,-0.439893
2253,0,nan,0,0,0,1,1,0.510911,0.0261799,0.00852238,-0.00118811,-0.500577,-0.31582
2254,0,nan,0,0,0,1,1,0.510816,-0.0471239,0.00852238,-0.0012169,-0.504377,-0.676758
2255,0,nan,0,0,0,1,1,0.510816,0,0.0149142,-0.00126173,-0.580603,-0.597803
2256,0,nan,0,0,0,1,1,0.510816,0,-0.0117183,-0.00124759,-0.285781,-0.394775
2257,0,nan,0,0,0,1,1,0.510816,0,0.00852238,-0.00125316,-0.509163,-0.304541
2258,0,nan,0,0,0,1,1,0.51072,-0.0558505,-0.0010653,-0.00124552,-0.40269,-0.383496
2259,0,nan,0,0,0,1,1,0.510816,0,-0.00213059,-0.00120405,-0.385267,-0.349658
2260,0,nan,0,0,0,1,1,0.510816,0.00698132,-0.00532648,-0.00118855,-0.348298,-0.349658
2261,0,nan,0,0,0,1,1,0.510816,0,0.0159795,-0.00120516,-0.584855,-0.48501
2262,0,nan,0,0,0,1,1,0.51072,-0.0279253,-0.00745708,-0.00119543,-0.325769,-0.338379
2263,0,nan,0,0,0,1,1,0.51072,0.010472,0.0010653,-0.0011782,-0.417241,-0.3271
2264,0,nan,0,0,0,1,1,0.51072,-0.0139626,0.010653,-0.00113515,-0.516259,-0.507568
2265,0,nan,0,0,0,1,1,0.510816,-0.0122173,-0.0010653,-0.00115938,-0.39132,-0.451172
2266,0,nan,0,0,0,1,1,0.51072,0,-0.00213059,-0.00120501,-0.385624,-0.406055
2267,0,nan,0,0,0,1,1,0.510624,0.00349066,-0.00639178,-0.00117055,-0.334203,-0.47373
2268,0,nan,0,0,0,1,1,0.51072,0,0.00852238,-0.00114119,-0.493579,-0.417334
2269,0,nan,0,0,0,1,1,0.51072,0,-0.00319589,-0.00112154,-0.362889,-0.338379
2270,0,nan,0,0,0,1,1,0.51072,-0.0226893,0.0117183,-0.00114631,-0.530213,-0.439893
2271,0,nan,0,0,0,1,1,0.510624,-0.0244346,-0.00852238,-0.00116134,-0.30955,-0.552686
2272,0,nan,0,0,0,1,1,0.510624,0.00872665,-0.00745708,-0.00115227,-0.319971,-0.496289
2273,0,nan,0,0,0,1,1,0.510624,0,-0.0202406,-0.00116159,-0.180683,-0.372217
2274,0,nan,0,0,0,1,1,0.510624,-0.00174533,-0.00852238,-0.0011214,-0.304264,-0.3271
2275,0,nan,0,0,0,1,1,0.51072,0,0.0149142,-0.00112845,-0.563011,-0.293262
2276,0,nan,0,0,0,1,1,0.510624,0,0.00319589,-0.0011405,-0.4357,-0.518848
2277,0,nan,0,0,0,1,1,0.51072,0,0.00213059,-0.00120586,-0.43261,-0.439893
2278,0,nan,0,0,0,1,1,0.510624,0,0.00639178,-0.0012068,-0.479608,-0.304541
2279,0,nan,0,0,0,1,1,0.510624,-0.0383972,0.00745708,-0.00123684,-0.495291,-0.462451
2280,0,nan,0,0,0,1,1,0.510624,0.0174533,-0.00852238,-0.00123802,-0.319673,-0.552686
2281,0,nan,0,0,0,1,1,0.510624,0,0.00426119,-0.00124858,-0.461685,-0.417334
2282,0,nan,0,0,0,1,1,0.510528,-0.00872665,-0.00213059,-0.00122798,-0.388657,-0.383496
2283,0,nan,0,0,0,1,1,0.510624,0,0.010653,-0.00118648,-0.523798,-0.304541
2284,0,nan,0,0,0,1,1,0.510624,0,0.00426119,-0.00120212,-0.455553,-0.47373
2285,0,nan,0,0,0,1,1,0.510528,0,-0.00745708,-0.00121596,-0.328479,-0.406055
2286,0,nan,0,0,0,1,1,0.510528,0,5.87076e-19,-0.00121643,-0.410569,-0.451172
2287,0,nan,0,0,0,1,1,0.510528,0,-0.00532648,-0.00120966,-0.351084,-0.428613
2288,0,nan,0,0,0,1,1,0.510528,0,0.00958767,-0.00124751,-0.520136,-0.383496
2289,0,nan,0,0,0,1,1,0.510528,0,-0.0117183,-0.00121592,-0.281601,-0.31582
2290,0,nan,0,0,0,1,1,0.510624,0.00698132,0.00426119,-0.0012355,-0.459959,-0.620361
2291,0,nan,0,0,0,1,1,0.510528,0,-0.00213059,-0.00125343,-0.392017,-0.406055
2292,0,nan,0,0,0,1,1,0.510528,0,-0.00852238,-0.00128852,-0.326339,-0.48501
2293,0,nan,0,0,0,1,1,0.510528,0,0.00852238,-0.0012676,-0.511069,-0.439893
2294,0,nan,0,0,0,1,1,0.510528,0,0.00745708,-0.00123663,-0.495263,-0.281982
2295,0,nan,0,0,0,1,1,0.510528,-0.0331613,-0.00319589,-0.00121952,-0.374806,-0.439893
2296,0,nan,0,0,0,1,1,0.510528,0.0506145,0.0117183,-0.00127392,-0.547059,-0.417334
2297,0,nan,0,0,0,1,1,0.510432,-0.00872665,0.0255671,-0.00130763,-0.703846,-0.349658
2298,0,nan,0,0,0,1,1,0.510432,0,-0.00426119,-0.00128388,-0.3726,-0.530127
2299,0,nan,0,0,0,1,1,0.510432,0,-0.0138489,-0.00127535,-0.266009,-0.428613
2300,0,nan,0,0,0,1,1,0.510432,0,-0.00532648,-0.00126891,-0.358905,-0.428613
2301,0,nan,0,0,0,1,1,0.510432,0,-0.0010653,-0.00129421,-0.409118,-0.541406
2302,0,nan,0,0,0,1,1,0.510432,0,-0.010653,-0.00130224,-0.304713,-0.575244
2303,0,nan,0,0,0,1,1,0.510432,0.00872665,-0.0117183,-0.00130844,-0.293814,-0.48501
2304,0,nan,0,0,0,1,1,0.510432,0,-0.0117183,-0.00128949,-0.291311,-0.349658
2305,0,nan,0,0,0,1,1,0.510432,0.010472,0.00745708,-0.00125617,-0.497843,-0.372217
2306,0,nan,0,0,0,1,1,0.510432,-0.00349066,0.0159795,-0.00130472,-0.597997,-0.406055
2307,0,nan,0,0,0,1,1,0.510336,0,-0.00319589,-0.00136521,-0.395053,-0.552686
2308,0,nan,0,0,0,1,1,0.510336,-0.0314159,-0.00958767,-0.00135414,-0.323282,-0.372217
2309,0,nan,0,0,0,1,1,0.510336,0,0.00852238,-0.00134847,-0.521489,-0.462451
2310,0,nan,0,0,0,1,1,0.510336,0.0174533,-0.00319589,-0.00134283,-0.392099,-0.530127
2311,0,nan,0,0,0,1,1,0.510336,0,-0.0170448,-0.00134792,-0.240433,-0.496289
2312,0,nan,0,0,0,1,1,0.510336,0,-0.0010653,-0.00135044,-0.41654,-0.338379
2313,0,nan,0,0,0,1,1,0.51024,0,0.00639178,-0.00132779,-0.495472,-0.451172
2314,0,nan,0,0,0,1,1,0.510336,0.0226893,-0.0255671,-0.00129764,-0.139886,-0.349658
2315,0,nan,0,0,0,1,1,0.510336,0.0261799,0.00852238,-0.00133139,-0.519489,-0.48501
2316,0,nan,0,0,0,1,1,0.51024,-0.0488692,0.00213059,-0.00134662,-0.45119,-0.47373
2317,0,nan,0,0,0,1,1,0.51024,0,-0.0138489,-0.00133566,-0.27397,-0.676758
2318,0,nan,0,0,0,1,1,0.51024,0.0174533,-0.00532648,-0.00134306,-0.368693,-0.620361
2319,0,nan,0,0,0,1,1,0.51024,0.00523599,0.0127836,-0.0013172,-0.56449,-0.349658
2320,0,nan,0,0,0,1,1,0.51024,0,-0.00639178,-0.00127702,-0.348257,-0.338379
2321,0,nan,0,0,0,1,1,0.51024,0,-0.00213059,-0.00129005,-0.396509,-0.563965
2322,0,nan,0,0,0,1,1,0.510144,0.0226893,-0.00319589,-0.0013138,-0.388266,-0.48501
2323,0,nan,0,0,0,1,1,0.510144,0,0.0159795,-0.00132373,-0.600506,-0.48501
2324,0,nan,0,0,0,1,1,0.510144,0,-0.00213059,-0.00132788,-0.401844,-0.462451
2325,0,nan,0,0,0,1,1,0.510144,0,0.00639178,-0.00132166,-0.494768,-0.530127
2326,0,nan,0,0,0,1,1,0.510144,0,0.00852238,-0.0013351,-0.519979,-0.530127
2327,0,nan,0,0,0,1,1,0.510144,0,-0.00319589,-0.00134675,-0.392616,-0.507568
2328,0,nan,0,0,0,1,1,0.510144,-0.00349066,0.00532648,-0.00137141,-0.489617,-0.552686
2329,0,nan,0,0,0,1,1,0.510049,0,-0.010653,-0.00136079,-0.312441,-0.575244
2330,0,nan,0,0,0,1,1,0.510049,0,0.0138489,-0.0013798,-0.584471,-0.406055
2331,0,nan,0,0,0,1,1,0.510049,-0.00698132,-0.0127836,-0.00136192,-0.289154,-0.439893
2332,0,nan,0,0,0,1,1,0.510049,0,-0.01811,-0.00133926,-0.227572,-0.507568
2333,0,nan,0,0,0,1,1,0.510144,0.015708,-0.0010653,-0.00136372,-0.418292,-0.631641
2334,0,nan,0,0,0,1,1,0.509953,0,0.0170448,-0.00139814,-0.622046,-0.518848
2335,0,nan,0,0,0,1,1,0.509953,-0.015708,0.0170448,-0.00139693,-0.621887,-0.383496
2336,0,nan,0,0,0,1,1,0.509953,0.00872665,-0.0362201,-0.00134589,-0.0288422,-0.462451
2337,0,nan,0,0,0,1,1,0.510049,0.0418879,-0.00958767,-0.0013443,-0.321677,-0.575244
2338,0,nan,0,0,0,1,1,0.510049,0,0.0245018,-0.00136241,-0.699358,-0.496289
2339,0,nan,0,0,0,1,1,0.509953,-0.0418879,-0.00745708,-0.00133322,-0.343958,-0.428613
2340,0,nan,0,0,0,1,1,0.509953,0.00174533,-0.0223712,-0.00137071,-0.18485,-0.507568
2341,0,nan,0,0,0,1,1,0.510049,0.0471239,-0.0010653,-0.00135124,-0.416646,-0.372217
2342,0,nan,0,0,0,1,1,0.509953,-0.0296706,-0.01811,-0.00134631,-0.228502,-0.338379
2343,0,nan,0,0,0,1,1,0.509953,0.00872665,-0.0127836,-0.00133788,-0.285981,-0.620361
2344,0,nan,0,0,0,1,1,0.509953,-0.00872665,-0.00532648,-0.00136187,-0.371175,-0.665479
2345,0,nan,0,0,0,1,1,0.509953,0.0279253,0.0117183,-0.00135276,-0.557465,-0.360938
2346,0,nan,0,0,0,1,1,0.509953,-0.0383972,0.0117183,-0.00134275,-0.556144,-0.383496
2347,0,nan,0,0,0,1,1,0.509953,-0.00349066,-0.00426119,-0.00134892,-0.381184,-0.439893
2348,0,nan,0,0,0,1,1,0.509953,0.0226893,-0.0149142,-0.00132553,-0.260914,-0.304541
2349,0,nan,0,0,0,1,1,0.509953,-0.00698132,0.00319589,-0.00134871,-0.463185,-0.47373
2350,0,nan,0,0,0,1,1,0.509857,0,0.010653,-0.00135456,-0.545985,-0.428613
2351,0,nan,0,0,0,1,1,0.509953,-0.0122173,-0.0010653,-0.00134079,-0.415266,-0.451172
2352,0,nan,0,0,0,1,1,0.509953,0.0279253,0.0010653,-0.00138773,-0.444899,-0.563965
2353,0,nan,0,0,0,1,1,0.509857,0,0.00426119,-0.00139527,-0.481049,-0.360938
2354,0,nan,0,0,0,1,1,0.509857,-0.0261799,-0.00852238,-0.00138257,-0.338753,-0.462451
2355,0,nan,0,0,0,1,1,0.509953,0.010472,-0.01811,-0.00137309,-0.232037,-0.349658
2356,0,nan,0,0,0,1,1,0.509857,-0.0174533,0.00213059,-0.00141325,-0.459986,-0.338379
2357,0,nan,0,0,0,1,1,0.509857,-0.00872665,0.00319589,-0.00141337,-0.47172,-0.383496
2358,0,nan,0,0,0,1,1,0.509857,-0.00349066,0.0117183,-0.00144349,-0.569441,-0.575244
2359,0,nan,0,0,0,1,1,0.509857,0,-0.00745708,-0.0014639,-0.361208,-0.360938
2360,0,nan,0,0,0,1,1,0.509857,0,0.00958767,-0.00148609,-0.551628,-0.31582
2361,0,nan,0,0,0,1,1,0.509761,-0.010472,-0.00639178,-0.00150905,-0.378884,-0.406055
2362,0,nan,0,0,0,1,1,0.509761,-0.00349066,-0.01811,-0.00152433,-0.252001,-0.575244
2363,0,nan,0,0,0,1,1,0.509857,0.0383972,-0.00319589,-0.00150691,-0.413758,-0.439893
2364,0,nan,0,0,0,1,1,0.509857,-0.00872665,-0.00745708,-0.00149472,-0.365275,-0.31582
2365,0,nan,0,0,0,1,1,0.509857,0,0.0010653,-0.00147616,-0.456571,-0.360938
2366,0,nan,0,0,0,1,1,0.509857,0,-0.010653,-0.00147788,-0.327898,-0.31582
2367,0,nan,0,0,0,1,1,0.509761,0,0.0010653,-0.00149879,-0.459558,-0.394775
2368,0,nan,0,0,0,1,1,0.509761,-0.0261799,0.0223712,-0.00152769,-0.697739,-0.394775
2369,0,nan,0,0,0,1,1,0.509761,-0.0436332,-0.00426119,-0.00150421,-0.401632,-0.439893
2370,0,nan,0,0,0,1,1,0.509857,0.0453786,-0.0127836,-0.00151479,-0.309333,-0.462451
2371,0,nan,0,0,0,1,1,0.509761,0.00349066,-0.0149142,-0.00151641,-0.28611,-0.338379
2372,0,nan,0,0,0,1,1,0.509761,-0.0279253,0.00852238,-0.00152108,-0.544528,-0.394775
2373,0,nan,0,0,0,1,1,0.509761,0,-0.0149142,-0.00152509,-0.287256,-0.462451
2374,0,nan,0,0,0,1,1,0.509761,0,0.0010653,-0.00151939,-0.462277,-0.3271
2375,0,nan,0,0,0,1,1,0.509761,-0.00872665,-0.00852238,-0.00151109,-0.355718,-0.428613
2376,0,nan,0,0,0,1,1,0.509761,0,-0.00426119,-0.0015172,-0.403397,-0.338379
2377,0,nan,0,0,0,1,1,0.509665,0,-0.00532648,-0.00149579,-0.388852,-0.383496
2378,0,nan,0,0,0,1,1,0.509761,-0.00872665,-1.23938e-18,-0.00150859,-0.448713,-0.620361
2379,0,nan,0,0,0,1,1,0.509665,0,0.00319589,-0.00153113,-0.487264,-0.496289
2380,0,nan,0,0,0,1,1,0.509665,0,-0.0138489,-0.00147781,-0.292733,-0.417334
2381,0,nan,0,0,0,1,1,0.509665,0,-0.0159795,-0.00143513,-0.263204,-0.3271
2382,0,nan,0,0,0,1,1,0.509761,0.0174533,0.00852238,-0.00142366,-0.531669,-0.304541
2383,0,nan,0,0,0,1,1,0.509665,-0.020944,0.0234365,-0.00147081,-0.701949,-0.507568
2384,0,nan,0,0,0,1,1,0.509665,0,0.0170448,-0.00147173,-0.63176,-0.451172
2385,0,nan,0,0,0,1,1,0.509665,-0.0191986,0.0202406,-0.00151535,-0.672673,-0.372217
2386,0,nan,0,0,0,1,1,0.509665,-0.0174533,-0.010653,-0.00148565,-0.328923,-0.451172
2387,0,nan,0,0,0,1,1,0.509665,0,-0.0010653,-0.00146623,-0.431824,-0.383496
2388,0,nan,0,0,0,1,1,0.509665,-0.0244346,0.0010653,-0.00145974,-0.454404,-0.541406
2389,0,nan,0,0,0,1,1,0.509665,0.010472,0.00639178,-0.00145971,-0.512991,-0.518848
2390,0,nan,0,0,0,1,1,0.509665,0,-0.00639178,-0.00143493,-0.369102,-0.654199
2391,0,nan,0,0,0,1,1,0.509665,0.00872665,0.00639178,-0.00140656,-0.505976,-0.281982
2392,0,nan,0,0,0,1,1,0.509665,-0.0226893,-0.00213059,-0.00143958,-0.416588,-0.507568
2393,0,nan,0,0,0,1,1,0.509569,0,-0.0127836,-0.00144327,-0.299893,-0.417334
2394,0,nan,0,0,0,1,1,0.509665,0,0.0170448,-0.00147169,-0.631755,-0.462451
2395,0,nan,0,0,0,1,1,0.509569,0,0.00426119,-0.00148863,-0.493372,-0.518848
2396,0,nan,0,0,0,1,1,0.509569,0.0174533,-0.0010653,-0.00151265,-0.437952,-0.507568
2397,0,nan,0,0,0,1,1,0.509569,0.0139626,-0.00319589,-0.00150115,-0.412997,-0.462451
2398,0,nan,0,0,0,1,1,0.509569,-0.00872665,-0.0010653,-0.00148524,-0.434334,-0.338379
2399,0,nan,0,0,0,1,1,0.509569,-0.0174533,-0.01811,-0.00148041,-0.246204,-0.620361
2400,0,nan,0,0,0,1,1,0.509473,0.010472,-0.00745708,-0.00145604,-0.360169,-0.394775
2401,0,nan,0,0,0,1,1,0.509569,-0.0174533,-0.00958767,-0.00141554,-0.331387,-0.451172
2402,0,nan,0,0,0,1,1,0.509569,0,-0.0149142,-0.00139394,-0.269944,-0.462451
2403,0,nan,0,0,0,1,1,0.509569,0,0.00745708,-0.00142932,-0.520698,-0.48501
2404,0,nan,0,0,0,1,1,0.509569,-0.0174533,-0.00745708,-0.00147814,-0.363086,-0.597803
2405,0,nan,0,0,0,1,1,0.509473,0.0174533,5.87076e-19,-0.00151459,-0.449926,-0.721875
2406,0,nan,0,0,0,1,1,0.509473,0,0.00319589,-0.00150476,-0.483783,-0.48501
2407,0,nan,0,0,0,1,1,0.509473,0,-0.00852238,-0.00154228,-0.359835,-0.552686
2408,0,nan,0,0,0,1,1,0.509473,0.00872665,-0.00745708,-0.00153822,-0.371017,-0.451172
2409,0,nan,0,0,0,1,1,0.509473,0,-0.00426119,-0.00151235,-0.402758,-0.417334
2410,0,nan,0,0,0,1,1,0.509473,0,-0.0170448,-0.00151953,-0.263086,-0.507568
2411,0,nan,0,0,0,1,1,0.509473,0.0349066,-0.00426119,-0.00153549,-0.405811,-0.496289
2412,0,nan,0,0,0,1,1,0.509473,-0.0383972,-0.0138489,-0.00153246,-0.299947,-0.383496
2413,0,nan,0,0,0,1,1,0.509377,0.0261799,0.00319589,-0.00152063,-0.485878,-0.575244
2414,0,nan,0,0,0,1,1,0.509473,0,0.0159795,-0.00153085,-0.627847,-0.507568
2415,0,nan,0,0,0,1,1,0.509377,-0.00872665,0.00319589,-0.00152457,-0.486398,-0.417334
2416,0,nan,0,0,0,1,1,0.509377,0,0.0202406,-0.00155152,-0.677448,-0.530127
2417,0,nan,0,0,0,1,1,0.509377,0,-0.0010653,-0.00154272,-0.44192,-0.439893
2418,0,nan,0,0,0,1,1,0.509377,0,-0.010653,-0.00154107,-0.336239,-0.518848
2419,0,nan,0,0,0,1,1,0.509377,0.020944,0.00426119,-0.00155333,-0.501913,-0.518848
2420,0,nan,0,0,0,1,1,0.509377,-0.0226893,0.0010653,-0.00153794,-0.464727,-0.47373
2421,0,nan,0,0,0,1,1,0.509377,0.00523599,-0.00745708,-0.00153033,-0.369976,-0.563965
2422,0,nan,0,0,0,1,1,0.509377,0,-0.0138489,-0.0014939,-0.294857,-0.31582
2423,0,nan,0,0,0,1,1,0.509377,-0.00174533,-0.00426119,-0.0015251,-0.40444,-0.541406
2424,0,nan,0,0,0,1,1,0.509377,0,0.028763,-0.00150959,-0.765659,-0.383496
2425,0,nan,0,0,0,1,1,0.509282,-0.0645772,-0.00958767,-0.00152032,-0.345217,-0.439893
2426,0,nan,0,0,0,1,1,0.509282,0.00174533,0.0138489,-0.00153042,-0.604353,-0.530127
2427,0,nan,0,0,0,1,1,0.509282,-0.0331613,0.0149142,-0.00152771,-0.615713,-0.406055
2428,0,nan,0,0,0,1,1,0.509282,0,0.00958767,-0.00150912,-0.554668,-0.496289
2429,0,nan,0,0,0,1,1,0.509282,0,-0.0255671,-0.00148087,-0.164236,-0.372217
2430,0,nan,0,0,0,1,1,0.509377,0.00174533,-0.00745708,-0.0014521,-0.359649,-0.236865
2431,0,nan,0,0,0,1,1,0.509377,0,-0.00852238,-0.00143536,-0.345721,-0.338379
2432,0,nan,0,0,0,1,1,0.509377,0,0.0191753,-0.00148595,-0.657074,-0.406055
2433,0,nan,0,0,0,1,1,0.509282,0,-0.0149142,-0.0014691,-0.279865,-0.360938
2434,0,nan,0,0,0,1,1,0.509282,0,-0.0010653,-0.00154563,-0.442305,-0.372217
2435,0,nan,0,0,0,1,1,0.509186,0.00349066,2.08738e-18,-0.00150949,-0.449252,-0.451172
2436,0,nan,0,0,0,1,1,0.509377,0.00174533,-0.00213059,-0.00153138,-0.428706,-0.530127
2437,0,nan,0,0,0,1,1,0.509282,0.0383972,0.00958767,-0.0015255,-0.556831,-0.360938
2438,0,nan,0,0,0,1,1,0.509282,-0.00698132,1.10892e-18,-0.00152642,-0.451487,-0.406055
2439,0,nan,0,0,0,1,1,0.509282,0,0.00852238,-0.00152141,-0.544572,-0.372217
2440,0,nan,0,0,0,1,1,0.509186,-0.0174533,-0.0202406,-0.001535,-0.229973,-0.439893
2441,0,nan,0,0,0,1,1,0.509282,0.0279253,0.00852238,-0.00157169,-0.551209,-0.563965
2442,0,nan,0,0,0,1,1,0.509186,0,0.0351548,-0.00159325,-0.847012,-0.586523
2443,0,nan,0,0,0,1,1,0.50909,-0.0523599,-0.0234365,-0.00155121,-0.196958,-0.462451
2444,0,nan,0,0,0,1,1,0.509282,0.0453786,-0.00213059,-0.00154123,-0.430006,-0.394775
2445,0,nan,0,0,0,1,1,0.509186,0,-0.00745708,-0.00154053,-0.371323,-0.541406
2446,0,nan,0,0,0,1,1,0.509186,0,-0.00745708,-0.00149495,-0.365305,-0.394775
2447,0,nan,0,0,0,1,1,0.509282,0,0.00213059,-0.00151262,-0.473103,-0.507568
2448,0,nan,0,0,0,1,1,0.50909,0,-0.00639178,-0.0015385,-0.382773,-0.586523
2449,0,nan,0,0,0,1,1,0.509186,0.0226893,0.0138489,-0.00151463,-0.602269,-0.349658
2450,0,nan,0,0,0,1,1,0.509186,0,0.0149142,-0.00147008,-0.608107,-0.417334
2451,0,nan,0,0,0,1,1,0.509186,0,-0.00213059,-0.00144981,-0.417938,-0.281982
2452,0,nan,0,0,0,1,1,0.509186,0,-0.00639178,-0.00145616,-0.371904,-0.360938
2453,0,nan,0,0,0,1,1,0.509186,0.00174533,0.00426119,-0.00144878,-0.488111,-0.417334
2454,0,nan,0,0,0,1,1,0.509186,0,-0.0213059,-0.00147875,-0.210829,-0.541406
2455,0,nan,0,0,0,1,1,0.509186,0.0453786,-0.0191753,-0.0014526,-0.230814,-0.496289
2456,0,nan,0,0,0,1,1,0.509186,0,0.0010653,-0.00147558,-0.456495,-0.372217
2457,0,nan,0,0,0,1,1,0.509186,0,0.00958767,-0.00147,-0.549505,-0.439893
2458,0,nan,0,0,0,1,1,0.50909,0,0.00319589,-0.00145382,-0.47692,-0.417334
2459,0,nan,0,0,0,1,1,0.509186,0,-0.0127836,-0.00147581,-0.304188,-0.338379
2460,0,nan,0,0,0,1,1,0.50909,-0.00698132,0.028763,-0.00149599,-0.763864,-0.349658
2461,0,nan,0,0,0,1,1,0.508994,-0.0261799,0.01811,-0.0014928,-0.646261,-0.48501
2462,0,nan,0,0,0,1,1,0.50909,0,0.00852238,-0.00151976,-0.544354,-0.530127
2463,0,nan,0,0,0,1,1,0.50909,0,0.0234365,-0.00154577,-0.711844,-0.47373
2464,0,nan,0,0,0,1,1,0.50909,-0.0331613,0.00319589,-0.00156429,-0.491641,-0.462451
2465,0,nan,0,0,0,1,1,0.508994,0,0.00958767,-0.00156877,-0.562542,-0.428613
2466,0,nan,0,0,0,1,1,0.508994,0,0.00852238,-0.00155474,-0.548971,-0.47373
2467,0,nan,0,0,0,1,1,0.50909,0,0.010653,-0.00156298,-0.573496,-0.383496
2468,0,nan,0,0,0,1,1,0.508994,-0.020944,0.028763,-0.0015509,-0.771113,-0.541406
2469,0,nan,0,0,0,1,1,0.508994,-0.0401426,0.0010653,-0.00152017,-0.462381,-0.48501
2470,0,nan,0,0,0,1,1,0.508994,0.00523599,0.00213059,-0.00151111,-0.472903,-0.439893
2471,0,nan,0,0,0,1,1,0.508994,0,-0.0202406,-0.00151912,-0.227876,-0.507568
2472,0,nan,0,0,0,1,1,0.508994,-0.0279253,0.0213059,-0.00152793,-0.686052,-0.293262
2473,0,nan,0,0,0,1,1,0.508898,-0.0593412,0.00532648,-0.00154905,-0.513065,-0.676758
2474,0,nan,0,0,0,1,1,0.508994,0.0575959,-0.00532648,-0.00154588,-0.395464,-0.451172
2475,0,nan,0,0,0,1,1,0.508994,0,0.00426119,-0.00151033,-0.496237,-0.439893
2476,0,nan,0,0,0,1,1,0.508994,0,-0.00213059,-0.00152656,-0.42807,-0.406055
2477,0,nan,0,0,0,1,1,0.508898,0,-0.00532648,-0.0014987,-0.389237,-0.507568
2478,0,nan,0,0,0,1,1,0.508994,0,-0.00852238,-0.0014863,-0.352446,-0.530127
2479,0,nan,0,0,0,1,1,0.508994,0,0.0202406,-0.00152828,-0.67438,-0.417334
2480,0,nan,0,0,0,1,1,0.508994,0,0.00958767,-0.00151045,-0.554843,-0.530127
2481,0,nan,0,0,0,1,1,0.508898,-0.0244346,-0.00958767,-0.00156301,-0.350853,-0.64292
2482,0,nan,0,0,0,1,1,0.508898,0.00349066,0.00532648,-0.00152218,-0.509519,-0.417334
2483,0,nan,0,0,0,1,1,0.508994,-0.0506145,-0.00852238,-0.00151851,-0.356697,-0.394775
2484,0,nan,0,0,0,1,1,0.508898,-0.0314159,-0.010653,-0.00153592,-0.335559,-0.676758
2485,0,nan,0,0,0,1,1,0.508994,0.020944,-0.010653,-0.00153703,-0.335705,-0.507568
2486,0,nan,0,0,0,1,1,0.508898,-0.010472,0.0127836,-0.0015028,-0.588989,-0.225586
2487,0,nan,0,0,0,1,1,0.508898,-0.0471239,0.0010653,-0.00150555,-0.46045,-0.428613
2488,0,nan,0,0,0,1,1,0.508898,0.00349066,0.0159795,-0.00150538,-0.624484,-0.394775
2489,0,nan,0,0,0,1,1,0.508898,-0.0279253,-0.00958767,-0.001484,-0.340424,-0.338379
2490,0,nan,0,0,0,1,1,0.508898,0,0.0159795,-0.00150619,-0.624591,-0.259424
2491,0,nan,0,0,0,1,1,0.508802,-0.0418879,-0.0127836,-0.00146129,-0.302271,-0.428613
2492,0,nan,0,0,0,1,1,0.508898,0.0436332,-0.0117183,-0.00149501,-0.31844,-0.48501
2493,0,nan,0,0,0,1,1,0.508898,0.0366519,0.00426119,-0.00147554,-0.491644,-0.293262
2494,0,nan,0,0,0,1,1,0.508898,-0.015708,0.00426119,-0.00148456,-0.492835,-0.394775
2495,0,nan,0,0,0,1,1,0.508802,0.00523599,0.0138489,-0.00150389,-0.600851,-0.439893
2496,0,nan,0,0,0,1,1,0.508802,0,-0.00319589,-0.00150818,-0.413925,-0.552686
2497,0,nan,0,0,0,1,1,0.508802,0,-0.0010653,-0.00149326,-0.435392,-0.428613
2498,0,nan,0,0,0,1,1,0.508802,0,0.0245018,-0.00150692,-0.718434,-0.394775
2499,0,nan,0,0,0,1,1,0.508802,-0.0349066,0.010653,-0.00148712,-0.563203,-0.417334
2500,0,nan,0,0,0,1,1,0.508898,0.0418879,-0.00852238,-0.00150452,-0.354851,-0.48501
2501,0,nan,0,0,0,1,1,0.508802,0,0.00852238,-0.0014894,-0.540347,-0.406055
2502,0,nan,0,0,0,1,1,0.508898,0.00698132,-0.00213059,-0.00147459,-0.42121,-0.3271
2503,0,nan,0,0,0,1,1,0.508802,0,0.00639178,-0.00148072,-0.515764,-0.360938
2504,0,nan,0,0,0,1,1,0.508898,0.00698132,-0.0010653,-0.00147563,-0.433065,-0.31582
2505,0,nan,0,0,0,1,1,0.508802,0,0.00426119,-0.00149081,-0.493659,-0.338379
2506,0,nan,0,0,0,1,1,0.508802,0,0.0138489,-0.00148332,-0.598136,-0.360938
2507,0,nan,0,0,0,1,1,0.508802,-0.00872665,0.00213059,-0.00147156,-0.467683,-0.31582
2508,0,nan,0,0,0,1,1,0.508802,0,0.0213059,-0.00144712,-0.675385,-0.31582
2509,0,nan,0,0,0,1,1,0.508802,-0.0453786,8.47998e-19,-0.00147044,-0.444098,-0.552686
2510,0,nan,0,0,0,1,1,0.508802,0.00872665,-0.00958767,-0.00145731,-0.336901,-0.47373
2511,0,nan,0,0,0,1,1,0.508898,0.0174533,-0.00319589,-0.00141222,-0.401258,-0.214307
2512,0,nan,0,0,0,1,1,0.508898,0,0.00426119,-0.00139919,-0.481557,-0.338379
2513,0,nan,0,0,0,1,1,0.508706,0,0.00213059,-0.001458,-0.465892,-0.575244
2514,0,nan,0,0,0,1,1,0.508802,0.015708,0.0149142,-0.00146965,-0.608049,-0.64292
2515,0,nan,0,0,0,1,1,0.508802,0,-0.0127836,-0.0014434,-0.29991,-0.439893
2516,0,nan,0,0,0,1,1,0.508802,0,0.00426119,-0.00149261,-0.493898,-0.259424
2517,0,nan,0,0,0,1,1,0.508706,0.00698132,0.0127836,-0.00145296,-0.582411,-0.259424
2518,0,nan,0,0,0,1,1,0.508898,-0.00698132,-0.0149142,-0.00144525,-0.276718,-0.47373
2519,0,nan,0,0,0,1,1,0.508802,0.0401426,-0.00639178,-0.00144227,-0.370071,-0.48501
2520,0,nan,0,0,0,1,1,0.508802,-0.010472,0.00745708,-0.00145248,-0.523755,-0.31582
2521,0,nan,0,0,0,1,1,0.508706,-0.0279253,0.00532648,-0.00145206,-0.500263,-0.507568
2522,0,nan,0,0,0,1,1,0.508706,0.0122173,-0.0170448,-0.00145309,-0.254316,-0.439893
2523,0,nan,0,0,0,1,1,0.508706,0,-1.23938e-18,-0.00145295,-0.441789,-0.451172
2524,0,nan,0,0,0,1,1,0.508706,-0.00523599,-0.00319589,-0.00144584,-0.405696,-0.360938
2525,0,nan,0,0,0,1,1,0.508802,0,-0.0149142,-0.0014087,-0.271892,-0.372217
2526,0,nan,0,0,0,1,1,0.508802,0,-0.010653,-0.00141292,-0.319323,-0.47373
2527,0,nan,0,0,0,1,1,0.508706,0,0.0117183,-0.00144203,-0.56925,-0.507568
2528,0,nan,0,0,0,1,1,0.508706,0,0.0170448,-0.00149738,-0.635147,-0.394775
2529,0,nan,0,0,0,1,1,0.508611,-0.010472,-0.00213059,-0.00154073,-0.42994,-0.541406
2530,0,nan,0,0,0,1,1,0.508611,0,-0.0127836,-0.00150946,-0.308629,-0.394775
2531,0,nan,0,0,0,1,1,0.508706,0,-0.00213059,-0.00149625,-0.424069,-0.31582
2532,0,nan,0,0,0,1,1,0.508706,-0.00872665,0.00852238,-0.00148604,-0.539904,-0.3271
2533,0,nan,0,0,0,1,1,0.508611,-0.0314159,-0.0138489,-0.00151966,-0.298258,-0.654199
2534,0,nan,0,0,0,1,1,0.508611,0,-0.0213059,-0.00149325,-0.212743,-0.394775
2535,0,nan,0,0,0,1,1,0.508706,0.00349066,0.00852238,-0.00145536,-0.535854,-0.394775
2536,0,nan,0,0,0,1,1,0.508706,-0.00698132,0.00319589,-0.00146008,-0.477885,-0.64292
2537,0,nan,0,0,0,1,1,0.508611,0.020944,-0.00213059,-0.00147346,-0.42106,-0.48501
2538,0,nan,0,0,0,1,1,0.508611,0,0.00745708,-0.00150053,-0.530098,-0.541406
2539,0,nan,0,0,0,1,1,0.508611,0,0.00426119,-0.00149894,-0.494733,-0.417334
2540,0,nan,0,0,0,1,1,0.508611,0,0.00745708,-0.00150393,-0.530547,-0.48501
2541,0,nan,0,0,0,1,1,0.508611,0,-0.00532648,-0.00149018,-0.388112,-0.451172
2542,0,nan,0,0,0,1,1,0.508611,0.00872665,-0.0255671,-0.00146728,-0.162442,-0.394775
2543,0,nan,0,0,0,1,1,0.508706,0.00698132,-0.00213059,-0.00146037,-0.419332,-0.496289
2544,0,nan,0,0,0,1,1,0.508611,0,0.0010653,-0.00147863,-0.456898,-0.563965
2545,0,nan,0,0,0,1,1,0.508611,0,-8.47998e-19,-0.00146875,-0.443876,-0.383496
2546,0,nan,0,0,0,1,1,0.508611,-0.0261799,-0.00958767,-0.00144487,-0.335258,-0.597803
2547,0,nan,0,0,0,1,1,0.508611,0.0174533,-0.00852238,-0.00142584,-0.344465,-0.417334
2548,0,nan,0,0,0,1,1,0.508611,-0.020944,-0.0170448,-0.00143432,-0.251838,-0.394775
2549,0,nan,0,0,0,1,1,0.508611,0.0226893,-0.00213059,-0.00138456,-0.409325,-0.3271
2550,0,nan,0,0,0,1,1,0.508706,0,0.0149142,-0.00139585,-0.598308,-0.383496
2551,0,nan,0,0,0,1,1,0.508515,0,-0.00319589,-0.00144574,-0.405683,-0.688037
2552,0,nan,0,0,0,1,1,0.508515,0,-1.30461e-19,-0.00144042,-0.440136,-0.507568
2553,0,nan,0,0,0,1,1,0.508611,-0.00523599,0.00213059,-0.00143552,-0.462925,-0.304541
2554,0,nan,0,0,0,1,1,0.508611,0,0.0202406,-0.00144876,-0.663883,-0.406055
2555,0,nan,0,0,0,1,1,0.508515,-0.0174533,0.00426119,-0.00144824,-0.48804,-0.48501
2556,0,nan,0,0,0,1,1,0.508515,0,-0.01811,-0.00144702,-0.241796,-0.428613
2557,0,nan,0,0,0,1,1,0.508611,0.0314159,0.00852238,-0.00142546,-0.531907,-0.3271
2558,0,nan,0,0,0,1,1,0.508515,-0.0488692,0.00319589,-0.00145306,-0.476958,-0.507568
2559,0,nan,0,0,0,1,1,0.508515,0.0122173,-0.0234365,-0.00143254,-0.181294,-0.406055
2560,0,nan,0,0,0,1,1,0.508515,0,0.00426119,-0.00142735,-0.485284,-0.270703
2561,0,nan,0,0,0,1,1,0.508515,-0.0226893,0.0159795,-0.00140959,-0.611669,-0.451172
2562,0,nan,0,0,0,1,1,0.508515,0.0349066,0.0010653,-0.00143703,-0.451406,-0.48501
2563,0,nan,0,0,0,1,1,0.508515,0,-0.00639178,-0.00147328,-0.374163,-0.507568
2564,0,nan,0,0,0,1,1,0.508515,0,0.0266324,-0.00147464,-0.73761,-0.270703
2565,0,nan,0,0,0,1,1,0.508419,-0.0750492,-0.00213059,-0.0014543,-0.418531,-0.394775
2566,0,nan,0,0,0,1,1,0.508515,0.0418879,0.0117183,-0.00146238,-0.571935,-0.597803
2567,0,nan,0,0,0,1,1,0.508419,-0.015708,-0.0117183,-0.00140555,-0.306631,-0.31582
2568,0,nan,0,0,0,1,1,0.508515,0,0.0138489,-0.00147027,-0.596413,-0.496289
2569,0,nan,0,0,0,1,1,0.508419,-0.00872665,0.00426119,-0.00143581,-0.4864,-0.248145
2570,0,nan,0,0,0,1,1,0.508515,0,-6.52306e-19,-0.00147421,-0.444596,-0.394775
2571,0,nan,0,0,0,1,1,0.508419,0.00872665,-0.00639178,-0.00149193,-0.376625,-0.48501
2572,0,nan,0,0,0,1,1,0.508419,-0.00872665,1.43507e-18,-0.00149365,-0.447162,-0.281982
2573,0,nan,0,0,0,1,1,0.508419,-0.00872665,0.010653,-0.00148037,-0.562592,-0.406055
2574,0,nan,0,0,0,1,1,0.508419,0.00174533,-0.00639178,-0.00151173,-0.379239,-0.48501
2575,0,nan,0,0,0,1,1,0.508419,0.0191986,0.0138489,-0.00152942,-0.604221,-0.439893
2576,0,nan,0,0,0,1,1,0.508419,0,-0.00639178,-0.0015292,-0.381545,-0.360938
2577,0,nan,0,0,0,1,1,0.508419,0,0.00426119,-0.00153908,-0.500031,-0.451172
2578,0,nan,0,0,0,1,1,0.508419,0,0.00319589,-0.00150857,-0.484287,-0.3271
2579,0,nan,0,0,0,1,1,0.508419,-0.0383972,-1.43507e-18,-0.00157263,-0.457587,-0.394775
2580,0,nan,0,0,0,1,1,0.508227,-0.0366519,-0.00213059,-0.00156855,-0.433612,-0.496289
2581,0,nan,0,0,0,1,1,0.508419,0.010472,-0.00532648,-0.00152752,-0.393042,-0.360938
2582,0,nan,0,0,0,1,1,0.508419,0,-0.00532648,-0.00153607,-0.394032,-0.451172
2583,0,nan,0,0,0,1,1,0.508323,0,0.00852238,-0.00151716,-0.544011,-0.3271
2584,0,nan,0,0,0,1,1,0.508419,-0.00349066,-0.010653,-0.00148834,-0.329278,-0.462451
2585,0,nan,0,0,0,1,1,0.508419,0.0139626,-0.00213059,-0.00152122,-0.427365,-0.47373
2586,0,nan,0,0,0,1,1,0.508323,-0.0174533,0.00852238,-0.00153154,-0.545909,-0.563965
2587,0,nan,0,0,0,1,1,0.508323,0,-0.00426119,-0.00156946,-0.410296,-0.47373
2588,0,nan,0,0,0,1,1,0.508323,0,0.0010653,-0.00158758,-0.471279,-0.496289
2589,0,nan,0,0,0,1,1,0.508323,0,-0.0138489,-0.00156401,-0.304112,-0.349658
2590,0,nan,0,0,0,1,1,0.508323,0,0.00426119,-0.00161471,-0.510015,-0.372217
2591,0,nan,0,0,0,1,1,0.508227,0,0.0149142,-0.00162168,-0.628117,-0.496289
2592,0,nan,0,0,0,1,1,0.508323,0.0174533,-0.0159795,-0.00156009,-0.280041,-0.360938
2593,0,nan,0,0,0,1,1,0.508323,0,0.0117183,-0.00160179,-0.590337,-0.439893
2594,0,nan,0,0,0,1,1,0.508227,-0.0139626,-0.00426119,-0.00159028,-0.413044,-0.417334
2595,0,nan,0,0,0,1,1,0.508227,0,0.0202406,-0.00160037,-0.683896,-0.417334
2596,0,nan,0,0,0,1,1,0.508131,-0.0506145,-0.00532648,-0.00161381,-0.404432,-0.563965
2597,0,nan,0,0,0,1,1,0.508227,0.00698132,-0.00426119,-0.00162454,-0.417566,-0.462451
2598,0,nan,0,0,0,1,1,0.508131,-0.020944,0.010653,-0.00160672,-0.57927,-0.462451
2599,0,nan,0,0,0,1,1,0.508227,-0.00174533,0.00319589,-0.00158029,-0.493754,-0.417334
2600,0,nan,0,0,0,1,1,0.508131,0,-0.00319589,-0.00158566,-0.424152,-0.496289
2601,0,nan,0,0,0,1,1,0.508131,0,0.00426119,-0.00154278,-0.50052,-0.417334
2602,0,nan,0,0,0,1,1,0.508131,0,-0.00319589,-0.00151643,-0.415014,-0.417334
2603,0,nan,0,0,0,1,1,0.508131,0,-0.00958767,-0.00150682,-0.343436,-0.462451
2604,0,nan,0,0,0,1,1,0.508131,0,0.00426119,-0.00150058,-0.49495,-0.462451
2605,0,nan,0,0,0,1,1,0.508131,0,0.0010653,-0.00152499,-0.463017,-0.563965
2606,0,nan,0,0,0,1,1,0.508131,0,0.0127836,-0.00149404,-0.587833,-0.394775
2607,0,nan,0,0,0,1,1,0.508131,-0.0541052,-0.0149142,-0.0014939,-0.282767,-0.597803
2608,0,nan,0,0,0,1,1,0.508131,0.0715585,0.00319589,-0.00152664,-0.486671,-0.597803
2609,0,nan,0,0,0,1,1,0.508035,0,-0.00426119,-0.00148076,-0.398587,-0.304541
2610,0,nan,0,0,0,1,1,0.508131,0.00174533,0.00532648,-0.00147573,-0.503388,-0.338379
2611,0,nan,0,0,0,1,1,0.508035,-0.0174533,-0.00852238,-0.00143507,-0.345683,-0.47373
2612,0,nan,0,0,0,1,1,0.508131,0.00872665,-0.0223712,-0.00144973,-0.195281,-0.518848
2613,0,nan,0,0,0,1,1,0.508035,0.0785398,-0.00745708,-0.00144044,-0.358111,-0.439893
2614,0,nan,0,0,0,1,1,0.508131,-0.0244346,0.00532648,-0.00142116,-0.496184,-0.31582
2615,0,nan,0,0,0,1,1,0.508035,0,0.00958767,-0.00146446,-0.548773,-0.507568
2616,0,nan,0,0,0,1,1,0.507939,-0.0174533,-0.00532648,-0.00146344,-0.384582,-0.631641
2617,0,nan,0,0,0,1,1,0.508131,0.015708,-0.00852238,-0.00145459,-0.34826,-0.496289
2618,0,nan,0,0,0,1,1,0.507939,0,-0.00319589,-0.00147322,-0.40931,-0.541406
2619,0,nan,0,0,0,1,1,0.507939,0,-1.43507e-18,-0.00145928,-0.442625,-0.631641
2620,0,nan,0,0,0,1,1,0.507939,0,-0.00319589,-0.00141246,-0.401289,-0.3271
2621,0,nan,0,0,0,1,1,0.507939,-0.0331613,0.0149142,-0.0013945,-0.597352,-0.462451
2622,0,nan,0,0,0,1,1,0.507939,0.00872665,0.0010653,-0.00141175,-0.448069,-0.496289
2623,0,nan,0,0,0,1,1,0.507939,0,0.00426119,-0.00141368,-0.483478,-0.451172
2624,0,nan,0,0,0,1,1,0.507939,0,0.0127836,-0.00140907,-0.576616,-0.518848
2625,0,nan,0,0,0,1,1,0.507939,-0.015708,-0.0276977,-0.00141078,-0.131548,-0.575244
2626,0,nan,0,0,0,1,1,0.507939,0.010472,-0.010653,-0.00140535,-0.318324,-0.586523
2627,0,nan,0,0,0,1,1,0.507939,0.015708,-0.0127836,-0.00136153,-0.289103,-0.31582
2628,0,nan,0,0,0,1,1,0.507939,0,0.00532648,-0.00140585,-0.494163,-0.552686
2629,0,nan,0,0,0,1,1,0.507844,0.00174533,-0.0202406,-0.00140902,-0.213344,-0.575244
2630,0,nan,0,0,0,1,1,0.507939,0,-0.00958767,-0.00140888,-0.330508,-0.48501
2631,0,nan,0,0,0,1,1,0.507939,0.0174533,-0.0127836,-0.00141048,-0.295564,-0.530127
2632,0,nan,0,0,0,1,1,0.507844,-0.0383972,0.028763,-0.00140249,-0.751522,-0.552686
2633,0,nan,0,0,0,1,1,0.507844,-0.0471239,-0.00639178,-0.00142718,-0.368078,-0.518848
2634,0,nan,0,0,0,1,1,0.507844,0.0261799,0.0127836,-0.00144293,-0.581086,-0.530127
2635,0,nan,0,0,0,1,1,0.507844,-0.0174533,-0.00213059,-0.00139921,-0.411259,-0.225586
2636,0,nan,0,0,0,1,1,0.507939,0.00698132,0.0127836,-0.00139402,-0.57463,-0.406055
2637,0,nan,0,0,0,1,1,0.507748,-0.00872665,0.00213059,-0.00136888,-0.454128,-0.518848
2638,0,nan,0,0,0,1,1,0.507844,0.015708,0.0127836,-0.00137558,-0.572196,-0.496289
2639,0,nan,0,0,0,1,1,0.507844,-0.0122173,0.010653,-0.0013142,-0.540405,-0.248145
2640,0,nan,0,0,0,1,1,0.507939,0.00698132,0.00213059,-0.00133309,-0.449405,-0.552686
2641,0,nan,0,0,0,1,1,0.507844,0.0331613,-0.00319589,-0.00132262,-0.38943,-0.428613
2642,0,nan,0,0,0,1,1,0.507844,0,-0.00426119,-0.00134153,-0.380209,-0.530127
2643,0,nan,0,0,0,1,1,0.507748,0.0314159,0.00532648,-0.00138514,-0.491429,-0.451172
2644,0,nan,0,0,0,1,1,0.507748,-0.010472,-0.00532648,-0.00131505,-0.364013,-0.496289
2645,0,nan,0,0,0,1,1,0.507844,0,-0.0319589,-0.00129564,-0.069476,-0.439893
2646,0,nan,0,0,0,1,1,0.507748,0,0.00958767,-0.00125028,-0.520247,-0.169189
2647,0,nan,0,0,0,1,1,0.507844,-0.0680678,0.00852238,-0.00124428,-0.507991,-0.225586
2648,0,nan,0,0,0,1,1,0.507844,0,0.00958767,-0.0012319,-0.517747,-0.3271
2649,0,nan,0,0,0,1,1,0.507748,-0.0226893,0.010653,-0.00129481,-0.538098,-0.428613
2650,0,nan,0,0,0,1,1,0.507748,-0.00872665,0.028763,-0.00130485,-0.738633,-0.541406
2651,0,nan,0,0,0,1,1,0.507748,-0.0383972,-0.0213059,-0.00129588,-0.186691,-0.372217
2652,0,nan,0,0,0,1,1,0.507748,0.0244346,-0.0127836,-0.00131133,-0.282476,-0.428613
2653,0,nan,0,0,0,1,1,0.507748,0,-0.0127836,-0.00131636,-0.28314,-0.451172
2654,0,nan,0,0,0,1,1,0.507748,0,0.0138489,-0.00131059,-0.575336,-0.225586
2655,0,nan,0,0,0,1,1,0.507748,-0.0418879,0.00639178,-0.00127758,-0.48895,-0.3271
2656,0,nan,0,0,0,1,1,0.507748,0.0226893,0.0010653,-0.00130147,-0.433512,-0.451172
2657,0,nan,0,0,0,1,1,0.507748,0,0,-0.00129137,-0.42046,-0.31582
2658,0,nan,0,0,0,1,1,0.507748,0,-0.00958767,-0.00127033,-0.312219,-0.383496
2659,0,nan,0,0,0,1,1,0.507748,0.00872665,0.0138489,-0.00126387,-0.569124,-0.451172
2660,0,nan,0,0,0,1,1,0.507748,0,-0.00319589,-0.00128841,-0.384916,-0.417334
2661,0,nan,0,0,0,1,1,0.507748,0,-0.00319589,-0.00129583,-0.385895,-0.518848
2662,0,nan,0,0,0,1,1,0.507748,0,0.00958767,-0.00133171,-0.53125,-0.406055
2663,0,nan,0,0,0,1,1,0.507748,-0.00349066,-0.00852238,-0.00135747,-0.335439,-0.541406
2664,0,nan,0,0,0,1,1,0.507652,0,-0.00958767,-0.00135002,-0.322739,-0.439893
2665,0,nan,0,0,0,1,1,0.507652,0,0.00852238,-0.0013445,-0.521221,-0.406055
2666,0,nan,0,0,0,1,1,0.507652,-0.00872665,-0.0202406,-0.00131436,-0.200848,-0.406055
2667,0,nan,0,0,0,1,1,0.507748,0.0174533,0.00852238,-0.00135604,-0.522744,-0.507568
2668,0,nan,0,0,0,1,1,0.507556,-0.0191986,-0.00319589,-0.00135924,-0.394264,-0.439893
2669,0,nan,0,0,0,1,1,0.507652,0,0.0127836,-0.0013477,-0.568516,-0.451172
2670,0,nan,0,0,0,1,1,0.507556,-0.00872665,-0.0117183,-0.00135521,-0.299987,-0.48501
2671,0,nan,0,0,0,1,1,0.507652,0.0174533,-0.00213059,-0.00136809,-0.407151,-0.428613
2672,0,nan,0,0,0,1,1,0.507556,-0.010472,0.00532648,-0.0013744,-0.490013,-0.406055
2673,0,nan,0,0,0,1,1,0.507652,0,0.00958767,-0.00131374,-0.528514,-0.270703
2674,0,nan,0,0,0,1,1,0.507652,0.0122173,-0.0213059,-0.00129017,-0.185501,-0.462451
2675,0,nan,0,0,0,1,1,0.507652,0.0366519,-0.0127836,-0.00131809,-0.283369,-0.496289
2676,0,nan,0,0,0,1,1,0.507556,-0.010472,0.0127836,-0.00133858,-0.567312,-0.31582
2677,0,nan,0,0,0,1,1,0.507556,-0.0226893,0.00852238,-0.00135869,-0.523093,-0.417334
2678,0,nan,0,0,0,1,1,0.507556,-0.0244346,-0.0127836,-0.00131201,-0.282351,-0.383496
2679,0,nan,0,0,0,1,1,0.507652,0,0.00213059,-0.00133555,-0.44973,-0.417334
2680,0,nan,0,0,0,1,1,0.507556,-0.015708,0.00426119,-0.0013163,-0.470625,-0.406055
2681,0,nan,0,0,0,1,1,0.507652,-0.0366519,0.00319589,-0.00127729,-0.453757,-0.372217
2682,0,nan,0,0,0,1,1,0.507556,0,0.01811,-0.00130322,-0.621235,-0.462451
2683,0,nan,0,0,0,1,1,0.50746,-0.0279253,0.0010653,-0.00133634,-0.438115,-0.451172
2684,0,nan,0,0,0,1,1,0.50746,0,-0.00319589,-0.00132439,-0.389665,-0.394775
2685,0,nan,0,0,0,1,1,0.507556,0,-0.00426119,-0.00133329,-0.379121,-0.507568
2686,0,nan,0,0,0,1,1,0.50746,-0.00872665,-0.0170448,-0.00133103,-0.238203,-0.439893
2687,0,nan,0,0,0,1,1,0.507556,0.0174533,0.0159795,-0.00131254,-0.599029,-0.394775
2688,0,nan,0,0,0,1,1,0.50746,-0.020944,0.0404813,-0.00132009,-0.869546,-0.406055
2689,0,nan,0,0,0,1,1,0.507364,-0.0663225,0,-0.00138104,-0.432297,-0.541406
2690,0,nan,0,0,0,1,1,0.507364,0.0331613,-0.0010653,-0.00138127,-0.42061,-0.518848
2691,0,nan,0,0,0,1,1,0.50746,0.00174533,0.00319589,-0.00131314,-0.457481,-0.169189
2692,0,nan,0,0,0,1,1,0.507556,0,0.00745708,-0.00131519,-0.505633,-0.406055
2693,0,nan,0,0,0,1,1,0.507364,-0.0174533,-0.00532648,-0.00131138,-0.364511,-0.451172
2694,0,nan,0,0,0,1,1,0.507364,0.0139626,0.0010653,-0.00130926,-0.434541,-0.439893
2695,0,nan,0,0,0,1,1,0.50746,0,-0.0170448,-0.00127779,-0.231177,-0.372217
2696,0,nan,0,0,0,1,1,0.50746,0,0.0149142,-0.00127249,-0.581951,-0.530127
2697,0,nan,0,0,0,1,1,0.50746,-0.00349066,0.00319589,-0.00127707,-0.453728,-0.338379
2698,0,nan,0,0,0,1,1,0.507364,0,0.00319589,-0.00126908,-0.452674,-0.270703
2699,0,nan,0,0,0,1,1,0.507364,-0.015708,0.00213059,-0.00129809,-0.444784,-0.48501
2700,0,nan,0,0,0,1,1,0.507364,0,-0.00426119,-0.00130659,-0.375597,-0.47373
2701,0,nan,0,0,0,1,1,0.507364,0,-0.0010653,-0.00133222,-0.414135,-0.47373
2702,0,nan,0,0,0,1,1,0.507364,-0.020944,0.0127836,-0.00133845,-0.567294,-0.451172
2703,0,nan,0,0,0,1,1,0.507364,-0.0174533,0.00745708,-0.00130304,-0.50337,-0.48501
2704,0,nan,0,0,0,1,1,0.50746,0.0366519,0.010653,-0.00135718,-0.546331,-0.518848
2705,0,nan,0,0,0,1,1,0.507172,-0.00174533,0.00852238,-0.00135298,-0.52234,-0.428613
2706,0,nan,0,0,0,1,1,0.507364,0,-0.00958767,-0.00134635,-0.322254,-0.428613
2707,0,nan,0,0,0,1,1,0.507364,0.00698132,-0.010653,-0.00132271,-0.307415,-0.383496
2708,0,nan,0,0,0,1,1,0.507364,-0.010472,0.00426119,-0.00131537,-0.470502,-0.417334
2709,0,nan,0,0,0,1,1,0.507268,0,-1.10892e-18,-0.0012951,-0.420953,-0.360938
2710,0,nan,0,0,0,1,1,0.507364,-0.0191986,0.00639178,-0.00129015,-0.490609,-0.518848
2711,0,nan,0,0,0,1,1,0.507268,0.00872665,0.00426119,-0.00128712,-0.466773,-0.47373
2712,0,nan,0,0,0,1,1,0.507268,0,-0.01811,-0.00127633,-0.219266,-0.383496
2713,0,nan,0,0,0,1,1,0.507268,0.0331613,0.00639178,-0.0012814,-0.489455,-0.541406
2714,0,nan,0,0,0,1,1,0.507268,-0.0331613,0.0170448,-0.00126162,-0.604026,-0.31582
2715,0,nan,0,0,0,1,1,0.507268,-0.0279253,-0.0276977,-0.00123911,-0.108581,-0.462451
2716,0,nan,0,0,0,1,1,0.507268,0.0645772,-0.00532648,-0.00127943,-0.360294,-0.293262
2717,0,nan,0,0,0,1,1,0.507172,-0.0331613,0.0117183,-0.00131839,-0.552929,-0.496289
2718,0,nan,0,0,0,1,1,0.507172,0.00523599,-0.0276977,-0.0012921,-0.115768,-0.394775
2719,0,nan,0,0,0,1,1,0.507268,0.0191986,0.010653,-0.0012859,-0.536921,-0.383496
2720,0,nan,0,0,0,1,1,0.507172,-0.0191986,-0.00213059,-0.00126378,-0.393382,-0.304541
2721,0,nan,0,0,0,1,1,0.507172,0,0.0127836,-0.00128041,-0.559634,-0.31582
2722,0,nan,0,0,0,1,1,0.507172,-0.0331613,-0.0010653,-0.00130046,-0.409942,-0.394775
2723,0,nan,0,0,0,1,1,0.507172,0.0191986,-0.0010653,-0.00127013,-0.405939,-0.31582
2724,0,nan,0,0,0,1,1,0.507268,0,-0.0202406,-0.00127915,-0.1962,-0.3271
2725,0,nan,0,0,0,1,1,0.507172,0.0331613,0.00852238,-0.00126784,-0.511101,-0.439893
2726,0,nan,0,0,0,1,1,0.507172,0,0.00319589,-0.00130382,-0.457259,-0.417334
2727,0,nan,0,0,0,1,1,0.507172,0.00698132,0.00213059,-0.00132054,-0.447747,-0.47373
2728,0,nan,0,0,0,1,1,0.507172,0.00174533,0.010653,-0.00133128,-0.542912,-0.541406
2729,0,nan,0,0,0,1,1,0.507172,-0.0191986,-0.00745708,-0.00130841,-0.340682,-0.372217
2730,0,nan,0,0,0,1,1,0.507172,0,-0.0149142,-0.00131647,-0.259719,-0.48501
2731,0,nan,0,0,0,1,1,0.507172,0.0418879,0.0010653,-0.00132861,-0.437095,-0.47373
2732,0,nan,0,0,0,1,1,0.507172,-0.0471239,0.00213059,-0.00130003,-0.44504,-0.360938
2733,0,nan,0,0,0,1,1,0.507172,0,0.0127836,-0.00129554,-0.561631,-0.406055
2734,0,nan,0,0,0,1,1,0.507172,0,-0.0234365,-0.00131712,-0.166057,-0.47373
2735,0,nan,0,0,0,1,1,0.507172,0.0436332,0.00426119,-0.00131899,-0.470979,-0.439893
2736,0,nan,0,0,0,1,1,0.507172,-0.00872665,0.00426119,-0.001311,-0.469925,-0.304541
2737,0,nan,0,0,0,1,1,0.507172,-0.00872665,5.21845e-19,-0.00129327,-0.420712,-0.293262
2738,0,nan,0,0,0,1,1,0.507172,-0.00174533,-0.0276977,-0.0012918,-0.115843,-0.428613
2739,0,nan,0,0,0,1,1,0.507172,0.0453786,-0.0010653,-0.00128975,-0.408529,-0.518848
2740,0,nan,0,0,0,1,1,0.506981,-0.0471239,0.0223712,-0.0012708,-0.663631,-0.496289
2741,0,nan,0,0,0,1,1,0.507077,-0.0296706,0.00426119,-0.00128013,-0.465851,-0.462451
2742,0,nan,0,0,0,1,1,0.506981,0,0.0138489,-0.00132401,-0.577107,-0.530127
2743,0,nan,0,0,0,1,1,0.506981,-0.00698132,0.00852238,-0.00128948,-0.513957,-0.383496
2744,0,nan,0,0,0,1,1,0.507077,0.0314159,0.010653,-0.00125594,-0.532967,-0.3271
2745,0,nan,0,0,0,1,1,0.506981,-0.0331613,-0.0127836,-0.00124729,-0.274023,-0.338379
2746,0,nan,0,0,0,1,1,0.506981,0.00872665,0.01811,-0.0012641,-0.616072,-0.428613
2747,0,nan,0,0,0,1,1,0.506981,-0.0349066,0.00745708,-0.00128077,-0.501089,-0.349658
2748,0,nan,0,0,0,1,1,0.506981,0,-0.00745708,-0.00128388,-0.337445,-0.451172
2749,0,nan,0,0,0,1,1,0.506981,0,-0.0191753,-0.00131499,-0.212649,-0.552686
2750,0,nan,0,0,0,1,1,0.506981,-0.0174533,0.0138489,-0.00132763,-0.577585,-0.3271
2751,0,nan,0,0,0,1,1,0.506981,-0.0261799,0.0234365,-0.00128415,-0.67731,-0.3271
2752,0,nan,0,0,0,1,1,0.506981,0,0.00639178,-0.0013188,-0.494391,-0.462451
2753,0,nan,0,0,0,1,1,0.506981,0,-0.0223712,-0.00131318,-0.177256,-0.360938
2754,0,nan,0,0,0,1,1,0.506981,0,-0.0202406,-0.00128503,-0.196977,-0.304541
2755,0,nan,0,0,0,1,1,0.507077,0,-0.00319589,-0.0012792,-0.3837,-0.383496
2756,0,nan,0,0,0,1,1,0.506981,-0.0349066,-0.00532648,-0.00126445,-0.358316,-0.417334
2757,0,nan,0,0,0,1,1,0.506981,0.00872665,-0.00532648,-0.00127863,-0.360187,-0.439893
2758,0,nan,0,0,0,1,1,0.506981,-0.00872665,0.0170448,-0.00131056,-0.610486,-0.451172
2759,0,nan,0,0,0,1,1,0.506981,0,0.00319589,-0.0012841,-0.454656,-0.439893
2760,0,nan,0,0,0,1,1,0.506981,0,0.00426119,-0.00129857,-0.468142,-0.518848
2761,0,nan,0,0,0,1,1,0.506981,0.0331613,0.0127836,-0.00129682,-0.5618,-0.214307
2762,0,nan,0,0,0,1,1,0.506981,-0.0436332,0.0223712,-0.0012901,-0.666377,-0.281982
2763,0,nan,0,0,0,1,1,0.506885,-0.0453786,-0.00213059,-0.00127814,-0.395278,-0.428613
2764,0,nan,0,0,0,1,1,0.506981,0.0191986,-0.00426119,-0.00127939,-0.372007,-0.428613
2765,0,nan,0,0,0,1,1,0.506981,0,0.00213059,-0.00127794,-0.442125,-0.451172
2766,0,nan,0,0,0,1,1,0.506981,-0.00872665,0.0127836,-0.00125196,-0.555878,-0.383496
2767,0,nan,0,0,0,1,1,0.506981,-0.00872665,0.0202406,-0.00127122,-0.640448,-0.349658
2768,0,nan,0,0,0,1,1,0.506885,-0.00872665,-0.00213059,-0.00128858,-0.396656,-0.417334
2769,0,nan,0,0,0,1,1,0.506885,0,0.00319589,-0.00130188,-0.457003,-0.496289
2770,0,nan,0,0,0,1,1,0.506885,0,0.01811,-0.00130392,-0.621328,-0.338379
2771,0,nan,0,0,0,1,1,0.506885,-0.0418879,8.47998e-19,-0.00128966,-0.420235,-0.451172
2772,0,nan,0,0,0,1,1,0.506885,0.020944,-0.00532648,-0.00132344,-0.366103,-0.507568
2773,0,nan,0,0,0,1,1,0.506885,0,0.0149142,-0.00133248,-0.589943,-0.541406
2774,0,nan,0,0,0,1,1,0.506885,0.00523599,0.00958767,-0.00135381,-0.534134,-0.631641
2775,0,nan,0,0,0,1,1,0.506885,0,-0.0149142,-0.00131541,-0.258639,-0.507568
2776,0,nan,0,0,0,1,1,0.506981,0.0366519,-0.0010653,-0.00136536,-0.418509,-0.518848
2777,0,nan,0,0,0,1,1,0.506789,0,-0.00319589,-0.00134607,-0.392379,-0.552686
2778,0,nan,0,0,0,1,1,0.506981,0.0349066,-0.0138489,-0.0012964,-0.268787,-0.417334
2779,0,nan,0,0,0,1,1,0.506885,-0.0174533,0.0117183,-0.00131777,-0.552846,-0.462451
2780,0,nan,0,0,0,1,1,0.506789,0,-0.0170448,-0.00129918,-0.234,-0.462451
2781,0,nan,0,0,0,1,1,0.506885,0.00872665,0.00745708,-0.00132357,-0.50674,-0.47373
2782,0,nan,0,0,0,1,1,0.506789,-0.015708,-0.0127836,-0.00129259,-0.280003,-0.394775
2783,0,nan,0,0,0,1,1,0.506885,0.00872665,0.00745708,-0.00132031,-0.506308,-0.552686
2784,0,nan,0,0,0,1,1,0.506789,-0.0174533,0.0117183,-0.00131981,-0.553116,-0.518848
2785,0,nan,0,0,0,1,1,0.506789,-0.0244346,0.0138489,-0.0013181,-0.576327,-0.451172
2786,0,nan,0,0,0,1,1,0.506789,0.00349066,-0.0127836,-0.00127752,-0.278013,-0.417334
2787,0,nan,0,0,0,1,1,0.506885,0,-0.00745708,-0.00126331,-0.334729,-0.349658
2788,0,nan,0,0,0,1,1,0.506789,0,0.0223712,-0.00126974,-0.66369,-0.236865
2789,0,nan,0,0,0,1,1,0.506693,-0.0767945,-0.0159795,-0.00127843,-0.242956,-0.48501
2790,0,nan,0,0,0,1,1,0.506789,0.0715585,0.00426119,-0.00133528,-0.47313,-0.586523
2791,0,nan,0,0,0,1,1,0.506693,0,-0.00426119,-0.00129231,-0.373712,-0.451172
2792,0,nan,0,0,0,1,1,0.506789,0.00872665,1.23938e-18,-0.001276,-0.418432,-0.360938
2793,0,nan,0,0,0,1,1,0.506789,0,-0.0234365,-0.00125047,-0.157261,-0.417334
2794,0,nan,0,0,0,1,1,0.506693,-0.00872665,-0.010653,-0.00129827,-0.304189,-0.462451
2795,0,nan,0,0,0,1,1,0.506693,0.0331613,-0.00426119,-0.00126052,-0.368861,-0.338379
2796,0,nan,0,0,0,1,1,0.506789,0,0.00426119,-0.00124985,-0.461853,-0.439893
2797,0,nan,0,0,0,1,1,0.506693,0,-0.0149142,-0.00126977,-0.253554,-0.417334
2798,0,nan,0,0,0,1,1,0.506693,0.00872665,0.00319589,-0.00124094,-0.448958,-0.304541
2799,0,nan,0,0,0,1,1,0.506789,-0.0226893,0.0149142,-0.00125281,-0.579427,-0.281982
2800,0,nan,0,0,0,1,1,0.506693,-0.0436332,0.0266324,-0.00128679,-0.712813,-0.563965
2801,0,nan,0,0,0,1,1,0.506693,0,0.00745708,-0.00129894,-0.503488,-0.372217
2802,0,nan,0,0,0,1,1,0.506693,0,0.00639178,-0.00127351,-0.488327,-0.451172
2803,0,nan,0,0,0,1,1,0.506693,0,0.0138489,-0.00128531,-0.571999,-0.3271
2804,0,nan,0,0,0,1,1,0.506693,-0.0226893,0.0159795,-0.00131234,-0.599004,-0.394775
2805,0,nan,0,0,0,1,1,0.506597,-0.00872665,-0.00639178,-0.00129824,-0.351058,-0.394775
2806,0,nan,0,0,0,1,1,0.506693,0.00349066,-0.00213059,-0.00129294,-0.397211,-0.439893
2807,0,nan,0,0,0,1,1,0.506693,0,-0.0159795,-0.00125328,-0.239659,-0.349658
2808,0,nan,0,0,0,1,1,0.506693,0,0.00213059,-0.0012248,-0.43511,-0.3271
2809,0,nan,0,0,0,1,1,0.506693,0,-1.23938e-18,-0.00122986,-0.412342,-0.304541
2810,0,nan,0,0,0,1,1,0.506693,0,0.0308936,-0.00128042,-0.758845,-0.281982
2811,0,nan,0,0,0,1,1,0.506501,-0.0244346,0.0170448,-0.00128426,-0.607014,-0.383496
2812,0,nan,0,0,0,1,1,0.506693,0.0191986,-0.0010653,-0.00127144,-0.406112,-0.48501
2813,0,nan,0,0,0,1,1,0.506597,0,0.00639178,-0.00127663,-0.488824,-0.586523
2814,0,nan,0,0,0,1,1,0.506597,0,0.00213059,-0.00123479,-0.435542,-0.507568
2815,0,nan,0,0,0,1,1,0.506693,0,0.00532648,-0.00122613,-0.47044,-0.304541
2816,0,nan,0,0,0,1,1,0.506597,-0.0296706,0.00532648,-0.00123068,-0.47104,-0.48501
2817,0,nan,0,0,0,1,1,0.506597,0.00174533,0.0117183,-0.00126201,-0.545486,-0.507568
2818,0,nan,0,0,0,1,1,0.506501,-0.0174533,-0.00319589,-0.00125722,-0.3806,-0.586523
2819,0,nan,0,0,0,1,1,0.506597,0.00523599,-0.00745708,-0.00125401,-0.333248,-0.462451
2820,0,nan,0,0,0,1,1,0.506597,0,-0.00639178,-0.00125128,-0.344817,-0.383496
2821,0,nan,0,0,0,1,1,0.506597,0,-0.0138489,-0.00123524,-0.260715,-0.338379
2822,0,nan,0,0,0,1,1,0.506597,0,-0.0010653,-0.00124284,-0.402337,-0.48501
2823,0,nan,0,0,0,1,1,0.506501,0,-0.010653,-0.00127395,-0.300979,-0.530127
2824,0,nan,0,0,0,1,1,0.506501,0,0.00213059,-0.0012728,-0.441446,-0.451172
2825,0,nan,0,0,0,1,1,0.506501,0,0.0010653,-0.00129303,-0.432398,-0.417334
2826,0,nan,0,0,0,1,1,0.506501,0,-0.00213059,-0.00126583,-0.393653,-0.304541
2827,0,nan,0,0,0,1,1,0.506597,-0.00872665,0.0138489,-0.0012851,-0.571971,-0.383496
2828,0,nan,0,0,0,1,1,0.506501,0,0.00852238,-0.0012815,-0.512904,-0.394775
2829,0,nan,0,0,0,1,1,0.506501,-0.00872665,0.00426119,-0.00126878,-0.464353,-0.372217
2830,0,nan,0,0,0,1,1,0.506501,0,-0.0010653,-0.00126465,-0.405215,-0.462451
2831,0,nan,0,0,0,1,1,0.506597,0,0.00639178,-0.00128695,-0.490187,-0.451172
2832,0,nan,0,0,0,1,1,0.506501,-0.00698132,0.0138489,-0.00133504,-0.578562,-0.47373
2833,0,nan,0,0,0,1,1,0.506501,-0.0226893,0.00852238,-0.00134683,-0.521528,-0.48501
2834,0,nan,0,0,0,1,1,0.506501,0.0191986,-0.00213059,-0.00136916,-0.407293,-0.530127
2835,0,nan,0,0,0,1,1,0.506501,0.00872665,-0.00213059,-0.00136953,-0.407341,-0.417334
2836,0,nan,0,0,0,1,1,0.506501,-0.00872665,-0.00319589,-0.00136962,-0.395635,-0.406055
2837,0,nan,0,0,0,1,1,0.506501,-0.00698132,-0.0149142,-0.00135193,-0.264399,-0.518848
2838,0,nan,0,0,0,1,1,0.506501,0.0174533,0.0170448,-0.00134553,-0.615102,-0.417334
2839,0,nan,0,0,0,1,1,0.506405,-0.0488692,0.00958767,-0.00138082,-0.537732,-0.428613
2840,0,nan,0,0,0,1,1,0.506405,0.0226893,0.0127836,-0.00138203,-0.573048,-0.47373
2841,0,nan,0,0,0,1,1,0.506405,-0.00872665,-0.00319589,-0.00135587,-0.393362,-0.541406
2842,0,nan,0,0,0,1,1,0.506501,0.0453786,-0.0149142,-0.00136167,-0.265684,-0.507568
2843,0,nan,0,0,0,1,1,0.506501,0,0.0308936,-0.00134979,-0.768003,-0.518848
2844,0,nan,0,0,0,1,1,0.506501,-0.00523599,0.00852238,-0.00138666,-0.526785,-0.688037
2845,0,nan,0,0,0,1,1,0.506405,0.0296706,0.0159795,-0.00134707,-0.602957,-0.518848
2846,0,nan,0,0,0,1,1,0.506597,0.0366519,-0.0117183,-0.00134982,-0.299276,-0.270703
2847,0,nan,0,0,0,1,1,0.506405,-0.015708,-0.00213059,-0.00135734,-0.405732,-0.383496
2848,0,nan,0,0,0,1,1,0.506405,0,-0.00426119,-0.00132022,-0.377396,-0.552686
2849,0,nan,0,0,0,1,1,0.506501,0,-0.00745708,-0.00130639,-0.340416,-0.47373
2850,0,nan,0,0,0,1,1,0.506405,0,-0.00532648,-0.00133108,-0.367111,-0.530127
2851,0,nan,0,0,0,1,1,0.506405,0,0.0138489,-0.00136705,-0.582788,-0.496289
2852,0,nan,0,0,0,1,1,0.506405,0,-0.00958767,-0.00133111,-0.320242,-0.552686
2853,0,nan,0,0,0,1,1,0.506405,0.00698132,-0.00958767,-0.00132217,-0.318958,-0.462451
2854,0,nan,0,0,0,1,1,0.506405,0,0.00745708,-0.00131558,-0.505684,-0.518848
2855,0,nan,0,0,0,1,1,0.506405,0,0.0234365,-0.00131607,-0.681524,-0.394775
2856,0,nan,0,0,0,1,1,0.506405,0,-0.00639178,-0.00132426,-0.354493,-0.338379
2857,0,nan,0,0,0,1,1,0.506405,0,-0.00745708,-0.00132778,-0.343239,-0.507568
2858,0,nan,0,0,0,1,1,0.506405,0,-0.00319589,-0.0013357,-0.391158,-0.360938
2859,0,nan,0,0,0,1,1,0.506405,-0.0139626,0.00639178,-0.00134619,-0.498007,-0.360938
2860,0,nan,0,0,0,1,1,0.506405,0,-0.00532648,-0.00133351,-0.366802,-0.406055
2861,0,nan,0,0,0,1,1,0.506405,0.00872665,-0.00745708,-0.00136825,-0.348582,-0.349658
2862,0,nan,0,0,0,1,1,0.50631,-0.0453786,0.0170448,-0.00139745,-0.621956,-0.338379
2863,0,nan,0,0,0,1,1,0.50631,0,0.0010653,-0.00140882,-0.447683,-0.406055
2864,0,nan,0,0,0,1,1,0.506405,0.020944,-0.0127836,-0.0014046,-0.294788,-0.394775
2865,0,nan,0,0,0,1,1,0.506405,0,0.00639178,-0.00138634,-0.503307,-0.372217
2866,0,nan,0,0,0,1,1,0.506405,0,0.0149142,-0.00135785,-0.593292,-0.270703
2867,0,nan,0,0,0,1,1,0.506405,-0.0506145,-0.00639178,-0.00130635,-0.351749,-0.360938
2868,0,nan,0,0,0,1,1,0.506405,0.0453786,0.00745708,-0.00136815,-0.512623,-0.372217
2869,0,nan,0,0,0,1,1,0.50631,0,0.00852238,-0.00137939,-0.525825,-0.47373
2870,0,nan,0,0,0,1,1,0.506405,0.0122173,-0.00319589,-0.00138141,-0.397191,-0.47373
2871,0,nan,0,0,0,1,1,0.506405,0,-0.0010653,-0.00138194,-0.420698,-0.428613
2872,0,nan,0,0,0,1,1,0.50631,-0.010472,0.00852238,-0.00141693,-0.530781,-0.439893
2873,0,nan,0,0,0,1,1,0.50631,0,0.00319589,-0.00140243,-0.470276,-0.304541
2874,0,nan,0,0,0,1,1,0.506405,0,0.00426119,-0.00139596,-0.48114,-0.406055
2875,0,nan,0,0,0,1,1,0.50631,0,-0.00319589,-0.001388,-0.398061,-0.383496
2876,0,nan,0,0,0,1,1,0.50631,0,-0.0170448,-0.00141547,-0.24935,-0.48501
2877,0,nan,0,0,0,1,1,0.506405,0.0418879,-4.56614e-19,-0.00141732,-0.437087,-0.406055
2878,0,nan,0,0,0,1,1,0.50631,-0.0488692,-0.00426119,-0.00138253,-0.385621,-0.439893
2879,0,nan,0,0,0,1,1,0.506405,0.00349066,-0.0117183,-0.00139125,-0.304744,-0.406055
2880,0,nan,0,0,0,1,1,0.50631,-0.00698132,0.00639178,-0.00145042,-0.511765,-0.406055
2881,0,nan,0,0,0,1,1,0.506214,0,-0.00426119,-0.00146708,-0.396782,-0.563965
2882,0,nan,0,0,0,1,1,0.50631,0.0436332,0.00532648,-0.00144633,-0.499507,-0.417334
2883,0,nan,0,0,0,1,1,0.50631,-0.0244346,-0.0245018,-0.001449,-0.171748,-0.417334
2884,0,nan,0,0,0,1,1,0.50631,0.00174533,5.21845e-19,-0.00143034,-0.438804,-0.372217
2885,0,nan,0,0,0,1,1,0.50631,-0.0174533,-0.0127836,-0.00144387,-0.299972,-0.47373
2886,0,nan,0,0,0,1,1,0.50631,0,-0.00532648,-0.00144976,-0.382777,-0.496289
2887,0,nan,0,0,0,1,1,0.50631,0.0174533,-0.00745708,-0.00141759,-0.355094,-0.293262
2888,0,nan,0,0,0,1,1,0.50631,-0.00523599,0.0255671,-0.00146634,-0.724795,-0.372217
2889,0,nan,0,0,0,1,1,0.506214,0,0.0010653,-0.00144946,-0.453047,-0.406055
2890,0,nan,0,0,0,1,1,0.50631,0.00349066,-0.0117183,-0.00144276,-0.311543,-0.462451
2891,0,nan,0,0,0,1,1,0.50631,0.0174533,0.00213059,-0.00146354,-0.466623,-0.47373
2892,0,nan,0,0,0,1,1,0.506214,-0.0122173,0.00745708,-0.00150026,-0.530062,-0.383496
2893,0,nan,0,0,0,1,1,0.506214,-0.0122173,-0.0170448,-0.00145846,-0.255025,-0.406055
2894,0,nan,0,0,0,1,1,0.50631,0.0226893,-0.0138489,-0.00147201,-0.291967,-0.451172
2895,0,nan,0,0,0,1,1,0.506214,0,0.0149142,-0.0014576,-0.606459,-0.406055
2896,0,nan,0,0,0,1,1,0.506214,0,0.0127836,-0.00142596,-0.578845,-0.406055
2897,0,nan,0,0,0,1,1,0.506214,0,0.0266324,-0.00142986,-0.731699,-0.31582
2898,0,nan,0,0,0,1,1,0.506214,0,0.00319589,-0.00146402,-0.478405,-0.507568
2899,0,nan,0,0,0,1,1,0.506214,0.0244346,-0.00426119,-0.00143843,-0.392999,-0.552686
2900,0,nan,0,0,0,1,1,0.506214,0.00349066,-0.00426119,-0.0014171,-0.390137,-0.48501
2901,0,nan,0,0,0,1,1,0.506214,0,-0.00745708,-0.00144533,-0.358755,-0.507568
2902,0,nan,0,0,0,1,1,0.506118,0,0.0127836,-0.00143985,-0.580679,-0.47373
2903,0,nan,0,0,0,1,1,0.506214,-0.0174533,0.0234365,-0.00145263,-0.699549,-0.462451
2904,0,nan,0,0,0,1,1,0.506214,0,-0.0276977,-0.00143674,-0.134974,-0.496289
2905,0,nan,0,0,0,1,1,0.50631,0.0506145,-0.0234365,-0.00143732,-0.181924,-0.48501
2906,0,nan,0,0,0,1,1,0.506214,-0.0174533,0.0117183,-0.00147079,-0.573045,-0.372217
2907,0,nan,0,0,0,1,1,0.506118,-0.00349066,0.00532648,-0.00150697,-0.507512,-0.518848
2908,0,nan,0,0,0,1,1,0.506118,0.015708,0.0010653,-0.00148984,-0.458378,-0.530127
2909,0,nan,0,0,0,1,1,0.506214,0,-0.0117183,-0.00149748,-0.318766,-0.451172
2910,0,nan,0,0,0,1,1,0.506118,-0.00174533,0.0159795,-0.00150838,-0.62488,-0.496289
2911,0,nan,0,0,0,1,1,0.506118,-0.0471239,-0.00426119,-0.00150807,-0.402193,-0.451172
2912,0,nan,0,0,0,1,1,0.506118,0.0436332,0.0127836,-0.00153395,-0.593101,-0.428613
2913,0,nan,0,0,0,1,1,0.506118,-0.0366519,0.010653,-0.00154049,-0.570528,-0.47373
2914,0,nan,0,0,0,1,1,0.506118,0.020944,5.21845e-19,-0.00158395,-0.459082,-0.496289
2915,0,nan,0,0,0,1,1,0.506118,0,-0.00426119,-0.00155525,-0.40842,-0.372217
2916,0,nan,0,0,0,1,1,0.506118,-0.0383972,0.0202406,-0.00156199,-0.678829,-0.597803
2917,0,nan,0,0,0,1,1,0.506022,0,0.00426119,-0.00159402,-0.507283,-0.665479
2918,0,nan,0,0,0,1,1,0.506022,0.00872665,0.00639178,-0.00159332,-0.530628,-0.597803
2919,0,nan,0,0,0,1,1,0.506022,0,-0.0170448,-0.00155444,-0.267626,-0.530127
2920,0,nan,0,0,0,1,1,0.506118,0.0191986,-0.0159795,-0.00155391,-0.279008,-0.620361
2921,0,nan,0,0,0,1,1,0.506118,0.0383972,0.0117183,-0.00155717,-0.584447,-0.48501
2922,0,nan,0,0,0,1,1,0.506118,-0.0174533,0.0149142,-0.00155418,-0.619207,-0.248145
2923,0,nan,0,0,0,1,1,0.505926,-0.0261799,0.00319589,-0.00157296,-0.492785,-0.563965
2924,0,nan,0,0,0,1,1,0.506022,0,-0.00852238,-0.00157319,-0.363915,-0.496289
2925,0,nan,0,0,0,1,1,0.506022,0.010472,0.0127836,-0.00158572,-0.599935,-0.507568
2926,0,nan,0,0,0,1,1,0.506022,0,0.00639178,-0.00162205,-0.53442,-0.530127
2927,0,nan,0,0,0,1,1,0.506022,0,-0.00745708,-0.00163737,-0.384104,-0.552686
2928,0,nan,0,0,0,1,1,0.506022,0,0.00852238,-0.00162689,-0.558495,-0.48501
2929,0,nan,0,0,0,1,1,0.505926,-0.00872665,0.0202406,-0.00163716,-0.688753,-0.3271
2930,0,nan,0,0,0,1,1,0.505926,-0.0139626,-0.00319589,-0.0016294,-0.429926,-0.541406
2931,0,nan,0,0,0,1,1,0.505926,0.0471239,-0.00426119,-0.00161091,-0.415767,-0.530127
2932,0,nan,0,0,0,1,1,0.506022,0,-0.00745708,-0.00158847,-0.37765,-0.3271
2933,0,nan,0,0,0,1,1,0.505926,0,0.0138489,-0.00159675,-0.613109,-0.48501
2934,0,nan,0,0,0,1,1,0.505926,-0.0366519,0.0202406,-0.00159114,-0.682677,-0.47373
2935,0,nan,0,0,0,1,1,0.505926,-0.0314159,0.00532648,-0.00163254,-0.524086,-0.575244
2936,0,nan,0,0,0,1,1,0.50583,0.0122173,0.00426119,-0.00162859,-0.511847,-0.530127
2937,0,nan,0,0,0,1,1,0.50583,-0.0506145,0.00852238,-0.00162878,-0.558745,-0.417334
2938,0,nan,0,0,0,1,1,0.50583,0,-0.0127836,-0.0016283,-0.324316,-0.428613
2939,0,nan,0,0,0,1,1,0.50583,0,-0.0170448,-0.00161214,-0.27531,-0.552686
2940,0,nan,0,0,0,1,1,0.50583,0,0.00319589,-0.0016316,-0.500526,-0.417334
2941,0,nan,0,0,0,1,1,0.505734,0,-0.0138489,-0.00158999,-0.307541,-0.383496
2942,0,nan,0,0,0,1,1,0.50583,0,-0.00958767,-0.00161073,-0.357152,-0.507568
2943,0,nan,0,0,0,1,1,0.50583,0.0436332,0.00639178,-0.001619,-0.534018,-0.428613
2944,0,nan,0,0,0,1,1,0.50583,-0.0139626,0.00958767,-0.00160713,-0.567605,-0.372217
2945,0,nan,0,0,0,1,1,0.50583,0,0.00213059,-0.00163423,-0.489155,-0.496289
2946,0,nan,0,0,0,1,1,0.505734,0,-0.00639178,-0.00164834,-0.397271,-0.541406
2947,0,nan,0,0,0,1,1,0.50583,0,0.010653,-0.00168526,-0.589637,-0.575244
2948,0,nan,0,0,0,1,1,0.505734,-0.0122173,-0.00852238,-0.00165238,-0.374368,-0.360938
2949,0,nan,0,0,0,1,1,0.50583,0,-0.00852238,-0.00164492,-0.373384,-0.552686
2950,0,nan,0,0,0,1,1,0.505734,0,-0.00745708,-0.0016663,-0.387924,-0.530127
2951,0,nan,0,0,0,1,1,0.50583,0.0261799,0.0117183,-0.00167401,-0.599871,-0.31582
2952,0,nan,0,0,0,1,1,0.505734,-0.0506145,-0.0138489,-0.0016749,-0.318749,-0.439893
2953,0,nan,0,0,0,1,1,0.50583,0.0279253,-0.01811,-0.00166679,-0.270806,-0.48501
2954,0,nan,0,0,0,1,1,0.50583,0,0.00639178,-0.00170199,-0.544973,-0.439893
2955,0,nan,0,0,0,1,1,0.505734,0,-0.010653,-0.0016809,-0.354697,-0.406055
2956,0,nan,0,0,0,1,1,0.505734,0,-0.0010653,-0.00166244,-0.457724,-0.304541
2957,0,nan,0,0,0,1,1,0.505734,-0.0279253,-0.0138489,-0.00168841,-0.320533,-0.47373
2958,0,nan,0,0,0,1,1,0.505734,0,0.0117183,-0.00175047,-0.609963,-0.417334
2959,0,nan,0,0,0,1,1,0.505543,-0.00872665,0.0127836,-0.00175809,-0.622686,-0.47373
2960,0,nan,0,0,0,1,1,0.505734,0.00349066,-0.00958767,-0.00172491,-0.372224,-0.530127
2961,0,nan,0,0,0,1,1,0.505734,0.015708,-6.52306e-20,-0.00171467,-0.476337,-0.530127
2962,0,nan,0,0,0,1,1,0.505638,0,0.00852238,-0.00172541,-0.571501,-0.439893
2963,0,nan,0,0,0,1,1,0.505638,0,-0.00213059,-0.00170052,-0.451032,-0.281982
2964,0,nan,0,0,0,1,1,0.505734,0,-0.0170448,-0.00169679,-0.286484,-0.496289
2965,0,nan,0,0,0,1,1,0.505734,0.0279253,0.0010653,-0.00172262,-0.489105,-0.507568
2966,0,nan,0,0,0,1,1,0.505543,-0.0401426,0.00958767,-0.00173959,-0.58509,-0.541406
2967,0,nan,0,0,0,1,1,0.505638,0,0.0191753,-0.00175749,-0.692918,-0.349658
2968,0,nan,0,0,0,1,1,0.505638,0,0.00213059,-0.00176642,-0.506604,-0.575244
2969,0,nan,0,0,0,1,1,0.505638,0,-0.01811,-0.00174229,-0.280772,-0.439893
2970,0,nan,0,0,0,1,1,0.505638,0,0.00639178,-0.00175486,-0.551951,-0.406055
2971,0,nan,0,0,0,1,1,0.505543,-0.0349066,-0.0138489,-0.00174876,-0.328498,-0.541406
2972,0,nan,0,0,0,1,1,0.505638,0.0523599,0.0010653,-0.00174501,-0.49206,-0.428613
2973,0,nan,0,0,0,1,1,0.505638,-0.0383972,-0.00852238,-0.00172563,-0.384037,-0.496289
2974,0,nan,0,0,0,1,1,0.505543,0.00872665,-0.00213059,-0.00177082,-0.460311,-0.620361
2975,0,nan,0,0,0,1,1,0.505543,0.0191986,-0.0127836,-0.00176762,-0.342706,-0.47373
2976,0,nan,0,0,0,1,1,0.505543,-0.0366519,-9.78459e-19,-0.00176682,-0.483221,-0.462451
2977,0,nan,0,0,0,1,1,0.505543,0.00174533,-0.0138489,-0.00176514,-0.330661,-0.406055
2978,0,nan,0,0,0,1,1,0.505543,-0.0244346,-0.00639178,-0.00175644,-0.41154,-0.518848
2979,0,nan,0,0,0,1,1,0.505543,0,-0.0213059,-0.00173972,-0.245277,-0.620361
2980,0,nan,0,0,0,1,1,0.505543,0.00872665,0.0213059,-0.00175466,-0.71598,-0.48501
2981,0,nan,0,0,0,1,1,0.505447,-0.015708,-0.00745708,-0.00174631,-0.398486,-0.48501
2982,0,nan,0,0,0,1,1,0.505543,0,-0.00852238,-0.00173866,-0.385757,-0.631641
2983,0,nan,0,0,0,1,1,0.505543,0.010472,0.00213059,-0.00173848,-0.502916,-0.507568
2984,0,nan,0,0,0,1,1,0.505543,0,0.0010653,-0.00174087,-0.491513,-0.439893
2985,0,nan,0,0,0,1,1,0.505543,0,0.00532648,-0.00172695,-0.536548,-0.541406
2986,0,nan,0,0,0,1,1,0.505543,0,0.00852238,-0.00175464,-0.575358,-0.552686
2987,0,nan,0,0,0,1,1,0.505543,0,0.0117183,-0.00177239,-0.612856,-0.428613
2988,0,nan,0,0,0,1,1,0.505543,0,-0.00213059,-0.00183036,-0.468171,-0.631641
2989,0,nan,0,0,0,1,1,0.505447,0.0174533,-0.00213059,-0.00182078,-0.466907,-0.541406
2990,0,nan,0,0,0,1,1,0.505543,0,-0.00852238,-0.00181283,-0.395548,-0.47373
2991,0,nan,0,0,0,1,1,0.505543,0,-0.00958767,-0.00182393,-0.385294,-0.586523
2992,0,nan,0,0,0,1,1,0.505447,-0.0174533,-0.00213059,-0.00184437,-0.470021,-0.631641
2993,0,nan,0,0,0,1,1,0.505447,0,-0.00532648,-0.0018218,-0.431887,-0.383496
2994,0,nan,0,0,0,1,1,0.505447,0,-0.00213059,-0.0018065,-0.465021,-0.417334
2995,0,nan,0,0,0,1,1,0.505447,0,0.0159795,-0.00184474,-0.66928,-0.530127
2996,0,nan,0,0,0,1,1,0.505447,-0.020944,-0.00532648,-0.00184381,-0.434791,-0.575244
2997,0,nan,0,0,0,1,1,0.505447,0.015708,0.0010653,-0.0018323,-0.503582,-0.496289
2998,0,nan,0,0,0,1,1,0.505447,0,-0.00958767,-0.00182661,-0.385648,-0.586523
2999,0,nan,0,0,0,1,1,0.505447,0.015708,0.0138489,-0.00184557,-0.645953,-0.563965
3000,0,nan,0,0,0,1,1,0.505351,-0.0279253,-0.00852238,-0.00184436,-0.399709,-0.47373
3001,0,nan,0,0,0,1,1,0.505447,0.0279253,0.0117183,-0.00183497,-0.621117,-0.394775
3002,0,nan,0,0,0,1,1,0.505447,-0.020944,0.0234365,-0.00182212,-0.748168,-0.451172
3003,0,nan,0,0,0,1,1,0.505447,0,0.00213059,-0.00183342,-0.515448,-0.48501
3004,0,nan,0,0,0,1,1,0.505447,0,0.00639178,-0.0018199,-0.560536,-0.281982
3005,0,nan,0,0,0,1,1,0.505351,-0.0191986,-0.00852238,-0.00182534,-0.397198,-0.428613
3006,0,nan,0,0,0,1,1,0.505447,0.020944,0.0127836,-0.00180772,-0.629238,-0.530127
3007,0,nan,0,0,0,1,1,0.505351,-0.0244346,0.0117183,-0.00185155,-0.623306,-0.496289
3008,0,nan,0,0,0,1,1,0.505351,0.0174533,0.00639178,-0.00184645,-0.564042,-0.462451
3009,0,nan,0,0,0,1,1,0.505351,-0.010472,-0.0159795,-0.00181808,-0.31377,-0.462451
3010,0,nan,0,0,0,1,1,0.505447,0.0593412,0.0117183,-0.00179535,-0.615887,-0.383496
3011,0,nan,0,0,0,1,1,0.505255,-0.0314159,0.0159795,-0.00178455,-0.661335,-0.383496
3012,0,nan,0,0,0,1,1,0.505447,0.0349066,0.0213059,-0.00180631,-0.722798,-0.462451
3013,0,nan,0,0,0,1,1,0.505255,-0.0174533,0.00852238,-0.00181617,-0.58348,-0.451172
3014,0,nan,0,0,0,1,1,0.505351,0.00174533,0.00426119,-0.00186682,-0.543293,-0.597803
3015,0,nan,0,0,0,1,1,0.505255,0.0261799,-0.0010653,-0.00185735,-0.483451,-0.383496
3016,0,nan,0,0,0,1,1,0.505255,-0.0436332,-0.0266324,-0.00185716,-0.202188,-0.518848
3017,0,nan,0,0,0,1,1,0.505351,0.0645772,-0.010653,-0.00184189,-0.375946,-0.586523
3018,0,nan,0,0,0,1,1,0.505255,-0.0174533,-0.00852238,-0.00180502,-0.394517,-0.270703
3019,0,nan,0,0,0,1,1,0.505255,-0.015708,0.0159795,-0.00183222,-0.667627,-0.563965
3020,0,nan,0,0,0,1,1,0.505159,0,-0.0149142,-0.00182314,-0.326599,-0.496289
3021,0,nan,0,0,0,1,1,0.505255,0,-0.00319589,-0.00183242,-0.456725,-0.552686
3022,0,nan,0,0,0,1,1,0.505159,0,0.0010653,-0.00184153,-0.5048,-0.507568
3023,0,nan,0,0,0,1,1,0.505159,0,0.0010653,-0.00184958,-0.505863,-0.451172
3024,0,nan,0,0,0,1,1,0.505159,0.00174533,-0.0010653,-0.00186675,-0.484692,-0.586523
3025,0,nan,0,0,0,1,1,0.505159,0.0383972,0.0117183,-0.0018867,-0.627946,-0.428613
3026,0,nan,0,0,0,1,1,0.505255,0,-0.00639178,-0.00185539,-0.424444,-0.439893
3027,0,nan,0,0,0,1,1,0.505159,0.00698132,-0.0159795,-0.00189038,-0.323756,-0.688037
3028,0,nan,0,0,0,1,1,0.505063,0.0279253,-0.0010653,-0.00190217,-0.489368,-0.518848
3029,0,nan,0,0,0,1,1,0.505063,-0.00523599,0.0191753,-0.00191582,-0.713818,-0.552686
3030,0,nan,0,0,0,1,1,0.505063,0,-0.00426119,-0.00187227,-0.450267,-0.451172
3031,0,nan,0,0,0,1,1,0.505159,0,-0.00319589,-0.00185858,-0.459966,-0.496289
3032,0,nan,0,0,0,1,1,0.505063,0.0122173,0.0010653,-0.001899,-0.512386,-0.428613
3033,0,nan,0,0,0,1,1,0.504967,-0.0174533,-0.00958767,-0.00189376,-0.394512,-0.575244
3034,0,nan,0,0,0,1,1,0.505063,0.0331613,-0.0170448,-0.00188561,-0.311409,-0.383496
3035,0,nan,0,0,0,1,1,0.505063,0,-0.00745708,-0.00188227,-0.416432,-0.451172
3036,0,nan,0,0,0,1,1,0.505063,-0.0331613,0.00426119,-0.00193565,-0.552379,-0.518848
3037,0,nan,0,0,0,1,1,0.504967,0,0.00958767,-0.00196023,-0.614215,-0.575244
3038,0,nan,0,0,0,1,1,0.504967,0.00174533,-0.00852238,-0.00197931,-0.417523,-0.552686
3039,0,nan,0,0,0,1,1,0.504967,0.0261799,0.010653,-0.00198635,-0.62938,-0.496289
3040,0,nan,0,0,0,1,1,0.504967,-0.0191986,-0.00532648,-0.00198206,-0.453041,-0.507568
3041,0,nan,0,0,0,1,1,0.504967,0.015708,0.00426119,-0.00197587,-0.557688,-0.428613
3042,0,nan,0,0,0,1,1,0.504871,-0.0488692,-0.00426119,-0.00194867,-0.460351,-0.462451
3043,0,nan,0,0,0,1,1,0.504967,0.00523599,-0.0117183,-0.00194934,-0.378412,-0.518848
3044,0,nan,0,0,0,1,1,0.504871,0,0.00426119,-0.00195692,-0.555187,-0.383496
3045,0,nan,0,0,0,1,1,0.504871,-0.0453786,-0.00426119,-0.00198107,-0.464629,-0.541406
3046,0,nan,0,0,0,1,1,0.504871,0.00174533,-0.0010653,-0.00198323,-0.500068,-0.530127
3047,0,nan,0,0,0,1,1,0.504871,-0.00523599,-0.00532648,-0.00200651,-0.456268,-0.575244
3048,0,nan,0,0,0,1,1,0.504776,0.00174533,0.00532648,-0.00201533,-0.574615,-0.451172
3049,0,nan,0,0,0,1,1,0.504776,0,0.0127836,-0.00199421,-0.65377,-0.541406
3050,0,nan,0,0,0,1,1,0.504871,0.0506145,0.0010653,-0.0019676,-0.521442,-0.417334
3051,0,nan,0,0,0,1,1,0.504776,-0.0226893,6.52306e-19,-0.00200116,-0.514153,-0.496289
3052,0,nan,0,0,0,1,1,0.504776,0,0.0138489,-0.00200723,-0.667292,-0.563965
3053,0,nan,0,0,0,1,1,0.504776,-0.00872665,-0.0117183,-0.00199755,-0.384776,-0.48501
3054,0,nan,0,0,0,1,1,0.504776,0.00872665,-0.0117183,-0.00202864,-0.388879,-0.597803
3055,0,nan,0,0,0,1,1,0.50468,0.0314159,0.0117183,-0.0019816,-0.640472,-0.428613
3056,0,nan,0,0,0,1,1,0.504776,0,-0.0127836,-0.00200976,-0.37467,-0.47373
3057,0,nan,0,0,0,1,1,0.50468,0.0628319,-8.47998e-19,-0.00199004,-0.512685,-0.552686
3058,0,nan,0,0,0,1,1,0.50468,-0.0331613,-1.36984e-18,-0.00197473,-0.510664,-0.518848
3059,0,nan,0,0,0,1,1,0.504584,0.00872665,-0.00426119,-0.00195758,-0.461527,-0.496289
3060,0,nan,0,0,0,1,1,0.50468,0,-0.0330242,-0.00192045,-0.139857,-0.676758
3061,0,nan,0,0,0,1,1,0.504776,0.0645772,-0.01811,-0.00190339,-0.302036,-0.428613
3062,0,nan,0,0,0,1,1,0.50468,-0.0628319,0.00745708,-0.00193025,-0.586821,-0.417334
3063,0,nan,0,0,0,1,1,0.504584,0,0.00639178,-0.00194989,-0.577696,-0.609082
3064,0,nan,0,0,0,1,1,0.504584,-0.00174533,0.00958767,-0.00191797,-0.608637,-0.586523
3065,0,nan,0,0,0,1,1,0.504584,0,-0.0149142,-0.00192696,-0.340303,-0.575244
3066,0,nan,0,0,0,1,1,0.504584,0.0575959,0.010653,-0.00189337,-0.617107,-0.383496
3067,0,nan,0,0,0,1,1,0.504488,-0.0645772,-0.00213059,-0.00187214,-0.473685,-0.530127
3068,0,nan,0,0,0,1,1,0.504584,0.0436332,-0.00319589,-0.00183457,-0.457009,-0.620361
3069,0,nan,0,0,0,1,1,0.504584,0,0.0117183,-0.00184036,-0.621829,-0.541406
3070,0,nan,0,0,0,1,1,0.504488,0,-0.0127836,-0.0018481,-0.35333,-0.507568
3071,0,nan,0,0,0,1,1,0.504488,0,0.00745708,-0.00181853,-0.572073,-0.496289
3072,0,nan,0,0,0,1,1,0.504488,0,0.00852238,-0.00183619,-0.586124,-0.575244
3073,0,nan,0,0,0,1,1,0.504488,-0.0296706,-1.23938e-18,-0.00187818,-0.49792,-0.654199
3074,0,nan,0,0,0,1,1,0.504488,0,0.0149142,-0.00189692,-0.664449,-0.47373
3075,0,nan,0,0,0,1,1,0.504488,-0.0226893,-0.0138489,-0.0018636,-0.343658,-0.225586
3076,0,nan,0,0,0,1,1,0.504584,0,-0.00958767,-0.00189728,-0.394976,-0.428613
3077,0,nan,0,0,0,1,1,0.504392,0.0244346,0.0117183,-0.00191835,-0.632123,-0.609082
3078,0,nan,0,0,0,1,1,0.504392,0,0.0138489,-0.00192024,-0.655809,-0.383496
3079,0,nan,0,0,0,1,1,0.504392,-0.020944,0.0127836,-0.00190087,-0.641534,-0.31582
3080,0,nan,0,0,0,1,1,0.504488,0,-0.0170448,-0.00189407,-0.312525,-0.451172
3081,0,nan,0,0,0,1,1,0.504392,0.0314159,0.0010653,-0.00190507,-0.513187,-0.496289
3082,0,nan,0,0,0,1,1,0.504296,-0.0401426,-0.00319589,-0.00191908,-0.468164,-0.654199
3083,0,nan,0,0,0,1,1,0.504296,0,0.00319589,-0.00192733,-0.539562,-0.609082
3084,0,nan,0,0,0,1,1,0.504296,0,-0.00958767,-0.00192787,-0.399014,-0.507568
3085,0,nan,0,0,0,1,1,0.504296,0.00349066,0.00213059,-0.00188157,-0.521804,-0.462451
3086,0,nan,0,0,0,1,1,0.504296,0,0.0234365,-0.00188425,-0.756523,-0.3271
3087,0,nan,0,0,0,1,1,0.5042,-0.0593412,-0.00852238,-0.00184612,-0.399942,-0.383496
3088,0,nan,0,0,0,1,1,0.5042,0.0174533,-0.00426119,-0.00186597,-0.449435,-0.47373
3089,0,nan,0,0,0,1,1,0.5042,0,0.010653,-0.00185374,-0.611876,-0.48501
3090,0,nan,0,0,0,1,1,0.5042,0,0.00639178,-0.00183541,-0.562584,-0.507568
3091,0,nan,0,0,0,1,1,0.5042,0,0.00426119,-0.00183958,-0.539697,-0.563965
3092,0,nan,0,0,0,1,1,0.5042,0,-0.0010653,-0.00183532,-0.480544,-0.507568
3093,0,nan,0,0,0,1,1,0.5042,0,0.0159795,-0.0018126,-0.665038,-0.338379
3094,0,nan,0,0,0,1,1,0.5042,-0.0174533,-0.0159795,-0.00183553,-0.316516,-0.552686
3095,0,nan,0,0,0,1,1,0.5042,0.0628319,-0.0213059,-0.00178947,-0.251844,-0.394775
3096,0,nan,0,0,0,1,1,0.5042,-0.015708,-0.00213059,-0.00180072,-0.464259,-0.428613
3097,0,nan,0,0,0,1,1,0.504104,0.00872665,0.00852238,-0.00179362,-0.580503,-0.496289
3098,0,nan,0,0,0,1,1,0.504104,0,-0.00532648,-0.00181035,-0.430375,-0.575244
3099,0,nan,0,0,0,1,1,0.504104,0.0331613,0.0138489,-0.00182805,-0.64364,-0.360938
3100,0,nan,0,0,0,1,1,0.504009,-0.0733038,-0.010653,-0.00180476,-0.371046,-0.428613
3101,0,nan,0,0,0,1,1,0.504104,0.0261799,-0.0149142,-0.00180096,-0.323671,-0.541406
3102,0,nan,0,0,0,1,1,0.504104,0,-0.00639178,-0.00180126,-0.417456,-0.338379
3103,0,nan,0,0,0,1,1,0.504009,0,0.00426119,-0.00181453,-0.53639,-0.496289
3104,0,nan,0,0,0,1,1,0.504009,0,0.00852238,-0.00182028,-0.584023,-0.428613
3105,0,nan,0,0,0,1,1,0.504009,-0.0279253,-0.00532648,-0.00178953,-0.427627,-0.462451
3106,0,nan,0,0,0,1,1,0.504009,0,-0.0138489,-0.00179412,-0.334487,-0.406055
3107,0,nan,0,0,0,1,1,0.504009,0,0.00213059,-0.00177444,-0.507662,-0.47373
3108,0,nan,0,0,0,1,1,0.504009,0,0.00639178,-0.00179385,-0.557098,-0.406055
3109,0,nan,0,0,0,1,1,0.504009,-0.00872665,-0.00426119,-0.00176478,-0.436078,-0.417334
3110,0,nan,0,0,0,1,1,0.504104,0.0314159,0.0159795,-0.00176978,-0.659385,-0.394775
3111,0,nan,0,0,0,1,1,0.503913,-0.00872665,0.0202406,-0.00176147,-0.705161,-0.383496
3112,0,nan,0,0,0,1,1,0.504009,0,-0.00639178,-0.00174641,-0.410216,-0.496289
3113,0,nan,0,0,0,1,1,0.504009,0,-0.0010653,-0.00175269,-0.469637,-0.586523
3114,0,nan,0,0,0,1,1,0.503913,0,-0.00745708,-0.0017699,-0.4016,-0.47373
3115,0,nan,0,0,0,1,1,0.503913,0,-0.00213059,-0.00177469,-0.460822,-0.496289
3116,0,nan,0,0,0,1,1,0.504009,0.0139626,-0.0149142,-0.00175404,-0.317477,-0.563965
3117,0,nan,0,0,0,1,1,0.504009,0.0191986,-0.00213059,-0.00174872,-0.457395,-0.360938
3118,0,nan,0,0,0,1,1,0.503913,-0.0418879,-0.00213059,-0.00173904,-0.456117,-0.338379
3119,0,nan,0,0,0,1,1,0.503913,0,0.0138489,-0.00173827,-0.631789,-0.394775
3120,0,nan,0,0,0,1,1,0.503913,-0.0314159,-0.00426119,-0.00171543,-0.429563,-0.394775
3121,0,nan,0,0,0,1,1,0.503913,0,0.00958767,-0.00173794,-0.584872,-0.428613
3122,0,nan,0,0,0,1,1,0.503913,0,0.0404813,-0.00172098,-0.922463,-0.360938
3123,0,nan,0,0,0,1,1,0.503817,-0.0837758,-0.00958767,-0.00171052,-0.370325,-0.372217
3124,0,nan,0,0,0,1,1,0.503913,0.015708,-1.30461e-19,-0.00168992,-0.47307,-0.552686
3125,0,nan,0,0,0,1,1,0.503913,0,-0.00532648,-0.00167581,-0.412615,-0.47373
3126,0,nan,0,0,0,1,1,0.503913,0.00174533,-0.00532648,-0.0016724,-0.412166,-0.406055
3127,0,nan,0,0,0,1,1,0.503913,0,0.0149142,-0.001655,-0.632516,-0.451172
3128,0,nan,0,0,0,1,1,0.503913,0,-0.00319589,-0.00166194,-0.434221,-0.541406
3129,0,nan,0,0,0,1,1,0.503817,0.0191986,0.00213059,-0.00167398,-0.494403,-0.575244
3130,0,nan,0,0,0,1,1,0.503817,-0.00523599,-0.00639178,-0.00162727,-0.39449,-0.496289
3131,0,nan,0,0,0,1,1,0.503913,0,-0.00639178,-0.00160468,-0.391509,-0.394775
3132,0,nan,0,0,0,1,1,0.503817,-0.00872665,-0.0117183,-0.00160281,-0.33267,-0.47373
3133,0,nan,0,0,0,1,1,0.503913,0.00872665,0.01811,-0.00160576,-0.661171,-0.552686
3134,0,nan,0,0,0,1,1,0.503817,-0.0261799,0.00532648,-0.00163455,-0.524352,-0.541406
3135,0,nan,0,0,0,1,1,0.503817,0,-0.00532648,-0.00161514,-0.404607,-0.654199
3136,0,nan,0,0,0,1,1,0.503817,0.0244346,-0.00213059,-0.00160411,-0.438306,-0.47373
3137,0,nan,0,0,0,1,1,0.503817,0,0.010653,-0.00158866,-0.576885,-0.48501
3138,0,nan,0,0,0,1,1,0.503817,0,-0.0127836,-0.00160147,-0.320775,-0.496289
3139,0,nan,0,0,0,1,1,0.503817,0.00698132,-0.00319589,-0.0015756,-0.422825,-0.586523
3140,0,nan,0,0,0,1,1,0.503817,0,0.00319589,-0.00161427,-0.498239,-0.541406
3141,0,nan,0,0,0,1,1,0.503721,0,-0.00745708,-0.00158879,-0.377692,-0.462451
3142,0,nan,0,0,0,1,1,0.503817,0.00872665,-0.0234365,-0.0016107,-0.20481,-0.575244
3143,0,nan,0,0,0,1,1,0.503817,0.0715585,-0.00745708,-0.00162231,-0.382118,-0.496289
3144,0,nan,0,0,0,1,1,0.503721,-0.0767945,0.00532648,-0.00161795,-0.52216,-0.654199
3145,0,nan,0,0,0,1,1,0.503817,0.00698132,0.0010653,-0.00158638,-0.471121,-0.47373
3146,0,nan,0,0,0,1,1,0.503721,-0.015708,0.00639178,-0.00159873,-0.531342,-0.47373
3147,0,nan,0,0,0,1,1,0.503721,0,-0.0234365,-0.0015928,-0.202447,-0.609082
3148,0,nan,0,0,0,1,1,0.503625,0,-0.00958767,-0.0015987,-0.355564,-0.541406
3149,0,nan,0,0,0,1,1,0.503721,0,0.0010653,-0.00162124,-0.475721,-0.620361
3150,0,nan,0,0,0,1,1,0.503625,0.00174533,-0.0138489,-0.00161977,-0.311472,-0.349658
3151,0,nan,0,0,0,1,1,0.503721,-0.0191986,-0.00852238,-0.00161316,-0.369191,-0.541406
3152,0,nan,0,0,0,1,1,0.503625,0.00174533,-0.00958767,-0.00159144,-0.354606,-0.575244
3153,0,nan,0,0,0,1,1,0.503817,0.00872665,-0.00852238,-0.00157072,-0.363589,-0.451172
3154,0,nan,0,0,0,1,1,0.503721,0,-0.00426119,-0.00156032,-0.409089,-0.451172
3155,0,nan,0,0,0,1,1,0.503721,0.00872665,-0.00852238,-0.00155939,-0.362094,-0.48501
3156,0,nan,0,0,0,1,1,0.503721,0,0.00639178,-0.00154483,-0.524227,-0.417334
3157,0,nan,0,0,0,1,1,0.503625,-0.0401426,-0.0010653,-0.00157159,-0.445732,-0.620361
3158,0,nan,0,0,0,1,1,0.503625,0.0296706,0.00745708,-0.00156242,-0.538268,-0.518848
3159,0,nan,0,0,0,1,1,0.503625,-0.0418879,0.00639178,-0.00156608,-0.527032,-0.428613
3160,0,nan,0,0,0,1,1,0.503625,0.00872665,0.00745708,-0.00157797,-0.540319,-0.496289
3161,0,nan,0,0,0,1,1,0.503625,0,-0.00639178,-0.00157025,-0.386964,-0.496289
3162,0,nan,0,0,0,1,1,0.503625,0,-0.00639178,-0.0015876,-0.389254,-0.360938
3163,0,nan,0,0,0,1,1,0.503625,0,0.0138489,-0.00161532,-0.61556,-0.64292
3164,0,nan,0,0,0,1,1,0.503529,0,-0.00532648,-0.00159901,-0.402478,-0.47373
3165,0,nan,0,0,0,1,1,0.503625,0,-0.00213059,-0.00158622,-0.435944,-0.338379
3166,0,nan,0,0,0,1,1,0.503529,-0.0401426,-0.00532648,-0.00159505,-0.401955,-0.462451
3167,0,nan,0,0,0,1,1,0.503625,0.015708,-0.00319589,-0.00161217,-0.427651,-0.496289
3168,0,nan,0,0,0,1,1,0.503529,0,0.0245018,-0.0016077,-0.731737,-0.360938
3169,0,nan,0,0,0,1,1,0.503433,-0.0471239,0.00213059,-0.00164083,-0.490026,-0.507568
3170,0,nan,0,0,0,1,1,0.503529,0.0366519,0.00958767,-0.00162626,-0.570131,-0.394775
3171,0,nan,0,0,0,1,1,0.503529,-0.0383972,0.00852238,-0.00160884,-0.556113,-0.406055
3172,0,nan,0,0,0,1,1,0.503529,0.00523599,-0.00532648,-0.0016564,-0.410053,-0.518848
3173,0,nan,0,0,0,1,1,0.503529,0,0.01811,-0.00168657,-0.671838,-0.48501
3174,0,nan,0,0,0,1,1,0.503433,-0.0314159,-0.00319589,-0.00170746,-0.440229,-0.496289
3175,0,nan,0,0,0,1,1,0.503529,0.0174533,0.00426119,-0.00165597,-0.515461,-0.406055
3176,0,nan,0,0,0,1,1,0.503529,0,-0.00213059,-0.00166828,-0.446776,-0.47373
3177,0,nan,0,0,0,1,1,0.503433,0.020944,-0.00213059,-0.00165704,-0.445293,-0.406055
3178,0,nan,0,0,0,1,1,0.503529,0,-0.00319589,-0.0016644,-0.434546,-0.360938
3179,0,nan,0,0,0,1,1,0.503433,0,0.00426119,-0.00168605,-0.519432,-0.518848
3180,0,nan,0,0,0,1,1,0.503433,0,-0.00319589,-0.00169303,-0.438325,-0.530127
3181,0,nan,0,0,0,1,1,0.503433,0.00698132,1.10892e-18,-0.00172993,-0.47835,-0.451172
3182,0,nan,0,0,0,1,1,0.503337,-0.0261799,0.00852238,-0.00171403,-0.569998,-0.417334
3183,0,nan,0,0,0,1,1,0.503433,-0.00872665,-0.00319589,-0.00172375,-0.44238,-0.48501
3184,0,nan,0,0,0,1,1,0.503337,0,-0.00958767,-0.00172438,-0.372153,-0.563965
3185,0,nan,0,0,0,1,1,0.503433,0.00872665,0.0170448,-0.00176459,-0.670418,-0.563965
3186,0,nan,0,0,0,1,1,0.503337,-0.010472,0.00426119,-0.00173747,-0.526219,-0.439893
3187,0,nan,0,0,0,1,1,0.503433,-0.00698132,0.0159795,-0.00171015,-0.651514,-0.360938
3188,0,nan,0,0,0,1,1,0.503337,-0.0174533,0.00213059,-0.00173448,-0.502388,-0.48501
3189,0,nan,0,0,0,1,1,0.503337,0,-0.00745708,-0.00169013,-0.39107,-0.428613
3190,0,nan,0,0,0,1,1,0.503337,0,0.00852238,-0.00169078,-0.566929,-0.428613
3191,0,nan,0,0,0,1,1,0.503337,-0.0174533,-0.0138489,-0.00168329,-0.319857,-0.541406
3192,0,nan,0,0,0,1,1,0.503242,0,-0.00319589,-0.00168557,-0.43734,-0.428613
3193,0,nan,0,0,0,1,1,0.503337,0,0.0010653,-0.00169233,-0.485106,-0.48501
3194,0,nan,0,0,0,1,1,0.503242,-0.0174533,0.00213059,-0.00168454,-0.495796,-0.518848
3195,0,nan,0,0,0,1,1,0.503337,-0.00698132,0.0159795,-0.00170189,-0.650424,-0.439893
3196,0,nan,0,0,0,1,1,0.503242,0,0.0138489,-0.00172162,-0.629591,-0.428613
3197,0,nan,0,0,0,1,1,0.503242,-0.0244346,0.0138489,-0.0017287,-0.630526,-0.383496
3198,0,nan,0,0,0,1,1,0.503337,0.00872665,0.00213059,-0.00175213,-0.504718,-0.48501
3199,0,nan,0,0,0,1,1,0.503242,0,-0.0308936,-0.00173983,-0.139827,-0.47373
3200,0,nan,0,0,0,1,1,0.503242,0.00349066,0.0117183,-0.00172586,-0.606715,-0.281982
3201,0,nan,0,0,0,1,1,0.503242,-0.0523599,0.00852238,-0.0017563,-0.575578,-0.518848
3202,0,nan,0,0,0,1,1,0.503242,0.00174533,-0.01811,-0.00179692,-0.287983,-0.575244
3203,0,nan,0,0,0,1,1,0.503242,0.0471239,-0.010653,-0.00173693,-0.362092,-0.383496
3204,0,nan,0,0,0,1,1,0.503337,0,-0.00319589,-0.0017179,-0.441608,-0.304541
3205,0,nan,0,0,0,1,1,0.503242,0,0.00319589,-0.00170804,-0.510363,-0.530127
3206,0,nan,0,0,0,1,1,0.503242,0.0366519,-0.00426119,-0.00173957,-0.432751,-0.563965
3207,0,nan,0,0,0,1,1,0.503242,0,0.010653,-0.001741,-0.596994,-0.530127
3208,0,nan,0,0,0,1,1,0.503242,0,-0.0234365,-0.00173405,-0.221093,-0.518848
3209,0,nan,0,0,0,1,1,0.503242,0.0314159,0.00852238,-0.00172415,-0.571334,-0.586523
3210,0,nan,0,0,0,1,1,0.503242,0.00872665,-0.0213059,-0.00175104,-0.246772,-0.575244
3211,0,nan,0,0,0,1,1,0.503242,0.0610865,0.0245018,-0.00180238,-0.757434,-0.575244
3212,0,nan,0,0,0,1,1,0.503146,-0.0680678,0.00426119,-0.00180733,-0.535409,-0.64292
3213,0,nan,0,0,0,1,1,0.503146,0.0139626,0.00639178,-0.00180999,-0.559228,-0.586523
3214,0,nan,0,0,0,1,1,0.503146,0,-0.0159795,-0.00181443,-0.313731,-0.496289
3215,0,nan,0,0,0,1,1,0.503146,0.0366519,0.010653,-0.001824,-0.607951,-0.530127
3216,0,nan,0,0,0,1,1,0.503146,-0.0314159,-0.00745708,-0.00179375,-0.404747,-0.47373
3217,0,nan,0,0,0,1,1,0.503146,0,-0.0234365,-0.00177937,-0.227075,-0.518848
3218,0,nan,0,0,0,1,1,0.50305,-0.010472,0.0117183,-0.00180371,-0.61699,-0.462451
3219,0,nan,0,0,0,1,1,0.50305,-0.0139626,-9.78459e-19,-0.00177784,-0.484675,-0.530127
3220,0,nan,0,0,0,1,1,0.503146,0.010472,0.00852238,-0.00179209,-0.580302,-0.428613
3221,0,nan,0,0,0,1,1,0.50305,0,-0.0266324,-0.00178482,-0.192639,-0.575244
3222,0,nan,0,0,0,1,1,0.503146,0.020944,-0.00852238,-0.00178219,-0.391503,-0.586523
3223,0,nan,0,0,0,1,1,0.50305,0.00872665,0.00958767,-0.00177404,-0.589637,-0.518848
3224,0,nan,0,0,0,1,1,0.50305,-0.0174533,-0.0117183,-0.00179881,-0.358542,-0.620361
3225,0,nan,0,0,0,1,1,0.50305,0.0261799,0.00745708,-0.00186724,-0.578504,-0.688037
3226,0,nan,0,0,0,1,1,0.502954,-0.00174533,0.00319589,-0.00184749,-0.529023,-0.462451
3227,0,nan,0,0,0,1,1,0.502954,-0.0383972,0.00745708,-0.00184244,-0.575229,-0.609082
3228,0,nan,0,0,0,1,1,0.502954,0.0366519,-0.00639178,-0.00182805,-0.420994,-0.530127
3229,0,nan,0,0,0,1,1,0.502954,-0.010472,-0.00426119,-0.0018077,-0.441743,-0.372217
3230,0,nan,0,0,0,1,1,0.50305,0,-0.00426119,-0.00176174,-0.435677,-0.281982
3231,0,nan,0,0,0,1,1,0.502954,-0.00174533,-0.00426119,-0.00177847,-0.437885,-0.360938
3232,0,nan,0,0,0,1,1,0.502954,0,-0.0010653,-0.00184891,-0.482338,-0.620361
3233,0,nan,0,0,0,1,1,0.502954,0.0174533,-9.78459e-19,-0.00186001,-0.495521,-0.676758
3234,0,nan,0,0,0,1,1,0.502954,0,0.0213059,-0.001877,-0.732129,-0.609082
3235,0,nan,0,0,0,1,1,0.502858,-0.0645772,0.00213059,-0.00191803,-0.526617,-0.586523
3236,0,nan,0,0,0,1,1,0.502858,0.015708,0.0010653,-0.00191014,-0.513856,-0.48501
3237,0,nan,0,0,0,1,1,0.502858,-0.0191986,-0.00958767,-0.00187843,-0.392489,-0.496289
3238,0,nan,0,0,0,1,1,0.502954,0.0401426,0.0117183,-0.00186781,-0.625452,-0.417334
3239,0,nan,0,0,0,1,1,0.502858,-0.0139626,-0.00213059,-0.00182591,-0.467583,-0.439893
3240,0,nan,0,0,0,1,1,0.502954,0.0314159,0.00319589,-0.00182927,-0.526618,-0.417334
3241,0,nan,0,0,0,1,1,0.502762,-0.00523599,-0.00426119,-0.00182415,-0.443914,-0.439893
3242,0,nan,0,0,0,1,1,0.502858,0.0174533,0.00426119,-0.00177811,-0.531584,-0.293262
3243,0,nan,0,0,0,1,1,0.502858,-0.0244346,-0.00213059,-0.00178935,-0.462758,-0.439893
3244,0,nan,0,0,0,1,1,0.502858,0.0191986,-0.00426119,-0.00182056,-0.443441,-0.406055
3245,0,nan,0,0,0,1,1,0.502762,-0.00523599,0.0159795,-0.00184552,-0.669383,-0.462451
3246,0,nan,0,0,0,1,1,0.502858,-0.00349066,-0.0159795,-0.00184694,-0.318022,-0.541406
3247,0,nan,0,0,0,1,1,0.502858,0.0261799,0.00213059,-0.00188116,-0.521749,-0.552686
3248,0,nan,0,0,0,1,1,0.502762,-0.00349066,0.0149142,-0.00188585,-0.662987,-0.47373
3249,0,nan,0,0,0,1,1,0.502762,-0.0349066,0.0159795,-0.00190801,-0.677631,-0.47373
3250,0,nan,0,0,0,1,1,0.502762,-0.010472,0.00319589,-0.00191003,-0.537279,-0.575244
3251,0,nan,0,0,0,1,1,0.502762,0,-0.0010653,-0.0018908,-0.487867,-0.518848
3252,0,nan,0,0,0,1,1,0.502762,0,-0.0117183,-0.00186989,-0.367925,-0.530127
3253,0,nan,0,0,0,1,1,0.502762,0.00523599,-0.00213059,-0.0018279,-0.467846,-0.360938
3254,0,nan,0,0,0,1,1,0.502762,0,0.0149142,-0.0018403,-0.656976,-0.575244
3255,0,nan,0,0,0,1,1,0.502666,0,0.0010653,-0.00185857,-0.50705,-0.507568
3256,0,nan,0,0,0,1,1,0.502666,0,0.0170448,-0.00184324,-0.6808,-0.47373
3257,0,nan,0,0,0,1,1,0.502762,-0.0279253,0.00958767,-0.00184615,-0.599156,-0.451172
3258,0,nan,0,0,0,1,1,0.502762,0.0191986,0.00532648,-0.00184877,-0.552629,-0.609082
3259,0,nan,0,0,0,1,1,0.502762,0,0.0010653,-0.00185796,-0.506969,-0.496289
3260,0,nan,0,0,0,1,1,0.502762,-0.00872665,-0.0010653,-0.00187837,-0.486227,-0.552686
3261,0,nan,0,0,0,1,1,0.502762,0,-0.0149142,-0.00185435,-0.330719,-0.563965
3262,0,nan,0,0,0,1,1,0.502762,0.00698132,-0.0276977,-0.00182836,-0.186669,-0.507568
3263,0,nan,0,0,0,1,1,0.502762,0.0244346,0.00852238,-0.00186523,-0.589957,-0.496289
3264,0,nan,0,0,0,1,1,0.502666,-0.0471239,0.00639178,-0.00188686,-0.569375,-0.563965
3265,0,nan,0,0,0,1,1,0.502762,0,-0.0010653,-0.00185168,-0.482704,-0.383496
3266,0,nan,0,0,0,1,1,0.502762,0,-0.0170448,-0.00183954,-0.305327,-0.530127
3267,0,nan,0,0,0,1,1,0.502762,0.0122173,0.0010653,-0.00182999,-0.503276,-0.406055
3268,0,nan,0,0,0,1,1,0.502666,-0.0261799,0.010653,-0.00189152,-0.616863,-0.518848
3269,0,nan,0,0,0,1,1,0.502666,0,-0.00958767,-0.00189593,-0.394799,-0.541406
3270,0,nan,0,0,0,1,1,0.502666,0,-0.0191753,-0.00188471,-0.287853,-0.47373
3271,0,nan,0,0,0,1,1,0.502666,0.00698132,0.0159795,-0.00189733,-0.676222,-0.439893
3272,0,nan,0,0,0,1,1,0.50257,-0.0488692,0.0149142,-0.00189792,-0.664581,-0.428613
3273,0,nan,0,0,0,1,1,0.502666,0,-0.00319589,-0.00193507,-0.470274,-0.406055
3274,0,nan,0,0,0,1,1,0.502666,-0.00523599,-7.82767e-19,-0.00191382,-0.502624,-0.462451
3275,0,nan,0,0,0,1,1,0.502666,0,-0.00426119,-0.00191283,-0.45562,-0.563965
3276,0,nan,0,0,0,1,1,0.502666,0.0244346,0.0117183,-0.00189758,-0.629382,-0.586523
3277,0,nan,0,0,0,1,1,0.50257,-0.0139626,-0.01811,-0.00190381,-0.302092,-0.541406
3278,0,nan,0,0,0,1,1,0.50257,0.00349066,-0.0010653,-0.0019221,-0.491999,-0.552686
3279,0,nan,0,0,0,1,1,0.50257,0,0.00319589,-0.00191445,-0.537862,-0.541406
3280,0,nan,0,0,0,1,1,0.50257,0.0174533,-0.010653,-0.00191227,-0.385237,-0.496289
3281,0,nan,0,0,0,1,1,0.50257,0,-0.00852238,-0.00195284,-0.414028,-0.654199
3282,0,nan,0,0,0,1,1,0.50257,0.00523599,-0.0234365,-0.00196299,-0.251313,-0.47373
3283,0,nan,0,0,0,1,1,0.50257,0.00872665,0.00958767,-0.00197199,-0.615767,-0.518848
3284,0,nan,0,0,0,1,1,0.502475,-0.0383972,-0.00426119,-0.00196215,-0.46213,-0.541406
3285,0,nan,0,0,0,1,1,0.50257,0.00872665,0.00319589,-0.00197242,-0.545514,-0.451172
3286,0,nan,0,0,0,1,1,0.502475,-0.0401426,0.00958767,-0.00196962,-0.615454,-0.575244
3287,0,nan,0,0,0,1,1,0.50257,0,0.00213059,-0.00197244,-0.533798,-0.541406
3288,0,nan,0,0,0,1,1,0.50257,0,0.00532648,-0.00197851,-0.569755,-0.597803
3289,0,nan,0,0,0,1,1,0.50257,0,-0.0117183,-0.00195105,-0.378637,-0.338379
3290,0,nan,0,0,0,1,1,0.50257,0,-0.00213059,-0.00193784,-0.482358,-0.462451
3291,0,nan,0,0,0,1,1,0.50257,0,-7.82767e-19,-0.00194292,-0.506466,-0.48501
3292,0,nan,0,0,0,1,1,0.502475,-0.0436332,0.0159795,-0.00197892,-0.686991,-0.609082
3293,0,nan,0,0,0,1,1,0.502475,0,0.010653,-0.00200491,-0.63183,-0.530127
3294,0,nan,0,0,0,1,1,0.502475,-0.0261799,0.00745708,-0.00199725,-0.595665,-0.609082
3295,0,nan,0,0,0,1,1,0.502475,0,0.010653,-0.00197274,-0.627585,-0.48501
3296,0,nan,0,0,0,1,1,0.502475,0,0.0351548,-0.00197749,-0.897731,-0.609082
3297,0,nan,0,0,0,1,1,0.502379,-0.0314159,9.13229e-19,-0.00196996,-0.510035,-0.563965
3298,0,nan,0,0,0,1,1,0.502475,0.0122173,-0.00426119,-0.00198105,-0.464625,-0.688037
3299,0,nan,0,0,0,1,1,0.502379,0.0191986,-0.00426119,-0.00197354,-0.463493,-0.597803
3300,0,nan,0,0,0,1,1,0.502475,0.0349066,-0.00426119,-0.0019443,-0.459775,-0.496289
3301,0,nan,0,0,0,1,1,0.502379,0,0.00213059,-0.00193426,-0.528759,-0.496289
3302,0,nan,0,0,0,1,1,0.502379,0,-0.00213059,-0.00196284,-0.485658,-0.575244
3303,0,nan,0,0,0,1,1,0.502379,0.00872665,0.00213059,-0.00194556,-0.530251,-0.47373
3304,0,nan,0,0,0,1,1,0.502283,-0.0401426,-0.00852238,-0.0019268,-0.410592,-0.541406
3305,0,nan,0,0,0,1,1,0.502379,0.0174533,-0.00319589,-0.00194794,-0.471974,-0.597803
3306,0,nan,0,0,0,1,1,0.502379,-0.00174533,0.00426119,-0.00194975,-0.55424,-0.541406
3307,0,nan,0,0,0,1,1,0.502283,0,-0.00745708,-0.00197189,-0.428261,-0.48501
3308,0,nan,0,0,0,1,1,0.502283,-0.0261799,0.0191753,-0.00199603,-0.724405,-0.496289
3309,0,nan,0,0,0,1,1,0.502283,-0.0174533,-0.01811,-0.00195762,-0.309195,-0.372217
3310,0,nan,0,0,0,1,1,0.502379,0.0314159,-0.0149142,-0.00194391,-0.342541,-0.383496
3311,0,nan,0,0,0,1,1,0.502283,0.00872665,0.00958767,-0.00195746,-0.613849,-0.394775
3312,0,nan,0,0,0,1,1,0.502283,-0.0122173,0.0149142,-0.00198801,-0.676473,-0.64292
3313,0,nan,0,0,0,1,1,0.502187,0.00174533,-0.0159795,-0.00198878,-0.336745,-0.620361
3314,0,nan,0,0,0,1,1,0.502283,0.00872665,-0.0138489,-0.00199772,-0.361362,-0.575244
3315,0,nan,0,0,0,1,1,0.502283,0.0314159,0.00319589,-0.00198763,-0.547522,-0.451172
3316,0,nan,0,0,0,1,1,0.502283,-0.0244346,0.00852238,-0.00195931,-0.602375,-0.507568
3317,0,nan,0,0,0,1,1,0.502283,0.0139626,0.010653,-0.00196053,-0.625972,-0.383496
3318,0,nan,0,0,0,1,1,0.502283,0,-0.00213059,-0.00196172,-0.485511,-0.451172
3319,0,nan,0,0,0,1,1,0.502283,0,0.00319589,-0.00199908,-0.549033,-0.496289
3320,0,nan,0,0,0,1,1,0.502187,-0.0314159,-0.00532648,-0.0019955,-0.454814,-0.620361
3321,0,nan,0,0,0,1,1,0.502283,0.00349066,0.0127836,-0.00205848,-0.662338,-0.688037
3322,0,nan,0,0,0,1,1,0.502091,0.010472,-0.0159795,-0.00201764,-0.340554,-0.372217
3323,0,nan,0,0,0,1,1,0.502283,-0.0401426,-0.00426119,-0.00200633,-0.467962,-0.451172
3324,0,nan,0,0,0,1,1,0.502187,0,0.00319589,-0.00197533,-0.545899,-0.406055
3325,0,nan,0,0,0,1,1,0.502187,-0.0715585,-0.0010653,-0.00198639,-0.500486,-0.620361
3326,0,nan,0,0,0,1,1,0.502187,0.0785398,0.00745708,-0.00201115,-0.5975,-0.507568
3327,0,nan,0,0,0,1,1,0.502091,-0.015708,-0.00745708,-0.0019985,-0.431774,-0.406055
3328,0,nan,0,0,0,1,1,0.502187,0,0.00852238,-0.00202481,-0.611022,-0.48501
3329,0,nan,0,0,0,1,1,0.502091,0,0.0010653,-0.00204768,-0.532012,-0.552686
3330,0,nan,0,0,0,1,1,0.502091,0,0.00958767,-0.00208478,-0.630655,-0.496289
3331,0,nan,0,0,0,1,1,0.502091,0,-0.00745708,-0.00205468,-0.439189,-0.48501
3332,0,nan,0,0,0,1,1,0.502187,0.010472,0.00532648,-0.00208445,-0.583739,-0.530127
3333,0,nan,0,0,0,1,1,0.501995,0,-0.00319589,-0.00209108,-0.490868,-0.575244
3334,0,nan,0,0,0,1,1,0.502091,0.0139626,-0.00745708,-0.00206209,-0.440168,-0.417334
3335,0,nan,0,0,0,1,1,0.502091,0,0.0117183,-0.00206422,-0.651378,-0.439893
3336,0,nan,0,0,0,1,1,0.502091,0,-0.010653,-0.00210732,-0.410984,-0.586523
3337,0,nan,0,0,0,1,1,0.502091,0.0471239,-0.0138489,-0.00208487,-0.372866,-0.552686
3338,0,nan,0,0,0,1,1,0.502091,0,-0.00958767,-0.00206605,-0.417254,-0.530127
3339,0,nan,0,0,0,1,1,0.502091,0.0349066,-0.0223712,-0.002065,-0.276497,-0.360938
3340,0,nan,0,0,0,1,1,0.501995,-0.0750492,-0.00958767,-0.00207478,-0.418406,-0.609082
3341,0,nan,0,0,0,1,1,0.502091,0.0314159,-0.00319589,-0.00213651,-0.496864,-0.563965
3342,0,nan,0,0,0,1,1,0.501899,-0.0331613,-0.00639178,-0.00211192,-0.458464,-0.507568
3343,0,nan,0,0,0,1,1,0.501995,0,-1.30461e-19,-0.00211585,-0.529292,-0.620361
3344,0,nan,0,0,0,1,1,0.501995,0.0314159,0.0127836,-0.00212012,-0.670475,-0.609082
3345,0,nan,0,0,0,1,1,0.501899,-0.0226893,-0.00852238,-0.0021238,-0.436595,-0.507568
3346,0,nan,0,0,0,1,1,0.501899,0,-0.00958767,-0.00208181,-0.419334,-0.530127
3347,0,nan,0,0,0,1,1,0.501995,0,-0.00958767,-0.00202631,-0.412008,-0.462451
3348,0,nan,0,0,0,1,1,0.501995,0,0.0010653,-0.00207327,-0.53539,-0.552686
3349,0,nan,0,0,0,1,1,0.501899,0,0.00532648,-0.00206797,-0.581563,-0.518848
3350,0,nan,0,0,0,1,1,0.501995,0,0.00852238,-0.00207159,-0.617196,-0.530127
3351,0,nan,0,0,0,1,1,0.501899,-0.00174533,-0.0010653,-0.00209571,-0.514915,-0.620361
3352,0,nan,0,0,0,1,1,0.501899,0.0191986,-0.00426119,-0.00208072,-0.477781,-0.48501
3353,0,nan,0,0,0,1,1,0.501995,-0.0296706,0.0138489,-0.00208879,-0.678058,-0.439893
3354,0,nan,0,0,0,1,1,0.501899,0,0.0010653,-0.00211533,-0.540941,-0.507568
3355,0,nan,0,0,0,1,1,0.501803,0,-0.0191753,-0.00211399,-0.318118,-0.597803
3356,0,nan,0,0,0,1,1,0.501899,0,1.89169e-18,-0.00212421,-0.530395,-0.64292
3357,0,nan,0,0,0,1,1,0.501899,0.00523599,0.0127836,-0.00208187,-0.665426,-0.496289
3358,0,nan,0,0,0,1,1,0.501899,-0.010472,-0.00426119,-0.00206078,-0.475149,-0.575244
3359,0,nan,0,0,0,1,1,0.501899,0.0174533,-0.010653,-0.00207147,-0.406252,-0.496289
3360,0,nan,0,0,0,1,1,0.501899,-0.0122173,0.0213059,-0.00204627,-0.754472,-0.507568
3361,0,nan,0,0,0,1,1,0.501899,-0.0174533,-0.01811,-0.00202312,-0.317841,-0.304541
3362,0,nan,0,0,0,1,1,0.501899,0,-0.00852238,-0.00202982,-0.42419,-0.47373
3363,0,nan,0,0,0,1,1,0.501899,0.00872665,-0.00213059,-0.00202797,-0.494255,-0.620361
3364,0,nan,0,0,0,1,1,0.501803,0,0.0266324,-0.00205614,-0.814368,-0.575244
3365,0,nan,0,0,0,1,1,0.501803,-0.0401426,0.0117183,-0.00209485,-0.655421,-0.665479
3366,0,nan,0,0,0,1,1,0.501803,0.020944,0.00426119,-0.002108,-0.575129,-0.620361
3367,0,nan,0,0,0,1,1,0.501803,0,0.00745708,-0.00211065,-0.610634,-0.609082
3368,0,nan,0,0,0,1,1,0.501803,0.00349066,-0.0170448,-0.00211595,-0.341813,-0.597803
3369,0,nan,0,0,0,1,1,0.501803,0.0279253,-0.0127836,-0.00209715,-0.386205,-0.496289
3370,0,nan,0,0,0,1,1,0.501803,0,0.0010653,-0.00210737,-0.539891,-0.530127
3371,0,nan,0,0,0,1,1,0.501708,0.00872665,5.87076e-19,-0.00211419,-0.529074,-0.541406
3372,0,nan,0,0,0,1,1,0.501708,-0.0296706,-0.0010653,-0.00211485,-0.517441,-0.586523
3373,0,nan,0,0,0,1,1,0.501803,0.00698132,-0.0170448,-0.00211336,-0.341472,-0.586523
3374,0,nan,0,0,0,1,1,0.501803,0,0.0149142,-0.00211272,-0.692935,-0.597803
3375,0,nan,0,0,0,1,1,0.501708,-0.00872665,0.0149142,-0.00211424,-0.693135,-0.439893
3376,0,nan,0,0,0,1,1,0.501803,0.00872665,0.00213059,-0.00209578,-0.55008,-0.47373
3377,0,nan,0,0,0,1,1,0.501803,0,0.0010653,-0.0021181,-0.541308,-0.48501
3378,0,nan,0,0,0,1,1,0.501708,-0.0139626,-0.00319589,-0.00210272,-0.492404,-0.552686
3379,0,nan,0,0,0,1,1,0.501803,0,-0.0010653,-0.00210895,-0.516663,-0.462451
3380,0,nan,0,0,0,1,1,0.501708,-0.0436332,-0.00426119,-0.00213351,-0.48475,-0.597803
3381,0,nan,0,0,0,1,1,0.501803,0,-0.010653,-0.00214221,-0.415589,-0.518848
3382,0,nan,0,0,0,1,1,0.501708,0,0.00745708,-0.00218868,-0.620933,-0.48501
3383,0,nan,0,0,0,1,1,0.501708,-0.00872665,0.0191753,-0.00217553,-0.748098,-0.462451
3384,0,nan,0,0,0,1,1,0.501708,0.00349066,-0.0138489,-0.0021687,-0.383931,-0.597803
3385,0,nan,0,0,0,1,1,0.501803,0.0314159,-0.010653,-0.00217403,-0.419789,-0.507568
3386,0,nan,0,0,0,1,1,0.501708,-0.0349066,0.01811,-0.00216978,-0.735621,-0.496289
3387,0,nan,0,0,0,1,1,0.501708,-0.0331613,-0.0149142,-0.0021591,-0.370946,-0.552686
3388,0,nan,0,0,0,1,1,0.501708,0.0349066,-0.00639178,-0.00215818,-0.46457,-0.676758
3389,0,nan,0,0,0,1,1,0.501708,0.015708,0.00426119,-0.00219423,-0.586511,-0.631641
3390,0,nan,0,0,0,1,1,0.501708,0,0.00639178,-0.00222668,-0.614231,-0.575244
3391,0,nan,0,0,0,1,1,0.501612,0,-0.0127836,-0.00220549,-0.400506,-0.48501
3392,0,nan,0,0,0,1,1,0.501708,0,-0.010653,-0.00219699,-0.422819,-0.541406
3393,0,nan,0,0,0,1,1,0.501612,0.0279253,0.0149142,-0.00221274,-0.706137,-0.552686
3394,0,nan,0,0,0,1,1,0.501612,-0.00872665,-0.0010653,-0.00218958,-0.527306,-0.428613
3395,0,nan,0,0,0,1,1,0.501612,-0.0261799,-0.00213059,-0.0022253,-0.520302,-0.721875
3396,0,nan,0,0,0,1,1,0.501516,0.0279253,-0.0276977,-0.00220858,-0.236857,-0.597803
3397,0,nan,0,0,0,1,1,0.501612,0.0174533,-0.0117183,-0.0021953,-0.410879,-0.552686
3398,0,nan,0,0,0,1,1,0.501612,-0.00523599,-0.00852238,-0.00217583,-0.443463,-0.48501
3399,0,nan,0,0,0,1,1,0.501612,0,-0.00958767,-0.0021804,-0.432348,-0.541406
3400,0,nan,0,0,0,1,1,0.501516,0,-0.0213059,-0.0021949,-0.305361,-0.439893
3401,0,nan,0,0,0,1,1,0.501516,0.0331613,0.0191753,-0.00220644,-0.752179,-0.48501
3402,0,nan,0,0,0,1,1,0.501516,-0.0191986,0.010653,-0.00222559,-0.660961,-0.563965
3403,0,nan,0,0,0,1,1,0.501516,0,-1.63077e-18,-0.0022159,-0.542498,-0.518848
3404,0,nan,0,0,0,1,1,0.501516,0,-0.0010653,-0.00222623,-0.532144,-0.575244
3405,0,nan,0,0,0,1,1,0.501516,0,0.00532648,-0.00218802,-0.59741,-0.417334
3406,0,nan,0,0,0,1,1,0.501612,0,-0.00639178,-0.0022248,-0.473364,-0.654199
3407,0,nan,0,0,0,1,1,0.501516,0.0366519,-0.00958767,-0.00225307,-0.441941,-0.665479
3408,0,nan,0,0,0,1,1,0.501516,-0.00872665,0.0170448,-0.00225073,-0.734589,-0.406055
3409,0,nan,0,0,0,1,1,0.50142,-0.0314159,-0.00532648,-0.00223314,-0.486183,-0.496289
3410,0,nan,0,0,0,1,1,0.501612,0.0418879,-0.0298283,-0.00219585,-0.211741,-0.451172
3411,0,nan,0,0,0,1,1,0.501516,0,0.00958767,-0.00219638,-0.645386,-0.507568
3412,0,nan,0,0,0,1,1,0.501516,-0.0314159,-0.00852238,-0.00219688,-0.446242,-0.620361
3413,0,nan,0,0,0,1,1,0.501516,0.020944,-5.21845e-19,-0.00220003,-0.540404,-0.541406
3414,0,nan,0,0,0,1,1,0.50142,-0.020944,-0.00319589,-0.0021624,-0.500283,-0.496289
3415,0,nan,0,0,0,1,1,0.501516,0,0.0117183,-0.00218231,-0.666966,-0.48501
3416,0,nan,0,0,0,1,1,0.50142,0,0.00639178,-0.00217123,-0.606911,-0.496289
3417,0,nan,0,0,0,1,1,0.50142,-0.00523599,-0.00213059,-0.00213615,-0.508536,-0.552686
3418,0,nan,0,0,0,1,1,0.501516,0.0366519,-8.47998e-19,-0.00213502,-0.531823,-0.609082
3419,0,nan,0,0,0,1,1,0.50142,-0.015708,-0.0159795,-0.00215402,-0.358557,-0.631641
3420,0,nan,0,0,0,1,1,0.50142,-0.015708,-0.00745708,-0.00212285,-0.448188,-0.428613
3421,0,nan,0,0,0,1,1,0.50142,-0.00872665,-0.00745708,-0.00213413,-0.449677,-0.597803
3422,0,nan,0,0,0,1,1,0.50142,0,-0.00532648,-0.00212754,-0.472244,-0.586523
3423,0,nan,0,0,0,1,1,0.50142,0,-1.10892e-18,-0.00217434,-0.537012,-0.575244
3424,0,nan,0,0,0,1,1,0.50142,0,-0.00319589,-0.00214629,-0.498155,-0.496289
3425,0,nan,0,0,0,1,1,0.50142,0,-0.0149142,-0.00211998,-0.365781,-0.48501
3426,0,nan,0,0,0,1,1,0.50142,0,0.00532648,-0.00212133,-0.588607,-0.507568
3427,0,nan,0,0,0,1,1,0.501324,0,0.0170448,-0.00216168,-0.722834,-0.541406
3428,0,nan,0,0,0,1,1,0.50142,0,-0.0213059,-0.00218004,-0.3034,-0.597803
3429,0,nan,0,0,0,1,1,0.501324,0.0349066,-0.00426119,-0.00220591,-0.494307,-0.721875
3430,0,nan,0,0,0,1,1,0.501324,0,0.00745708,-0.00221742,-0.624728,-0.665479
3431,0,nan,0,0,0,1,1,0.501324,0,-0.00426119,-0.00220287,-0.493905,-0.541406
3432,0,nan,0,0,0,1,1,0.501324,0,-0.00852238,-0.00222075,-0.449393,-0.518848
3433,0,nan,0,0,0,1,1,0.501228,0,-0.00319589,-0.00223719,-0.510154,-0.64292
3434,0,nan,0,0,0,1,1,0.501324,0.0174533,-0.00639178,-0.00224035,-0.475416,-0.47373
3435,0,nan,0,0,0,1,1,0.501324,0,0.00319589,-0.00225465,-0.582769,-0.530127
3436,0,nan,0,0,0,1,1,0.501228,-0.015708,-0.00319589,-0.0022381,-0.510274,-0.48501
3437,0,nan,0,0,0,1,1,0.501228,0,0.00532648,-0.00226193,-0.607166,-0.496289
3438,0,nan,0,0,0,1,1,0.501228,-0.0331613,-0.00852238,-0.00223572,-0.45137,-0.530127
3439,0,nan,0,0,0,1,1,0.501324,0,-0.00745708,-0.00218218,-0.4559,-0.47373
3440,0,nan,0,0,0,1,1,0.501324,0.0174533,-0.00958767,-0.00223517,-0.439578,-0.563965
3441,0,nan,0,0,0,1,1,0.501228,0.0279253,-0.00532648,-0.00224652,-0.487949,-0.620361
3442,0,nan,0,0,0,1,1,0.501228,0,-0.0149142,-0.00221507,-0.378333,-0.586523
3443,0,nan,0,0,0,1,1,0.501228,0.0366519,2.60922e-19,-0.00217785,-0.537476,-0.620361
3444,0,nan,0,0,0,1,1,0.501228,0,-0.00852238,-0.00214596,-0.439521,-0.47373
3445,0,nan,0,0,0,1,1,0.501228,0,-0.00532648,-0.00212915,-0.472457,-0.552686
3446,0,nan,0,0,0,1,1,0.501228,0,-0.00319589,-0.00214383,-0.49783,-0.64292
3447,0,nan,0,0,0,1,1,0.501132,0,-6.52306e-20,-0.0021583,-0.534896,-0.665479
3448,0,nan,0,0,0,1,1,0.501132,0.00872665,0.00319589,-0.00214109,-0.567779,-0.496289
3449,0,nan,0,0,0,1,1,0.501132,-0.0244346,-0.0127836,-0.00216563,-0.395244,-0.541406
3450,0,nan,0,0,0,1,1,0.501132,-0.020944,0.00426119,-0.00213912,-0.579237,-0.507568
3451,0,nan,0,0,0,1,1,0.501132,-0.020944,-0.0191753,-0.00211857,-0.318723,-0.530127
3452,0,nan,0,0,0,1,1,0.501132,0,0.0127836,-0.00212905,-0.671654,-0.586523
3453,0,nan,0,0,0,1,1,0.501132,-0.00698132,0.0010653,-0.00216988,-0.548142,-0.552686
3454,0,nan,0,0,0,1,1,0.501036,-0.0122173,0.00319589,-0.00217241,-0.571913,-0.586523
3455,0,nan,0,0,0,1,1,0.501132,0,-0.0245018,-0.00213539,-0.262104,-0.47373
3456,0,nan,0,0,0,1,1,0.501228,0.0401426,-0.0138489,-0.00212647,-0.378357,-0.439893
3457,0,nan,0,0,0,1,1,0.501132,-0.00872665,0.0149142,-0.00213553,-0.695946,-0.563965
3458,0,nan,0,0,0,1,1,0.501036,0,0.00852238,-0.00214132,-0.6264,-0.541406
3459,0,nan,0,0,0,1,1,0.501036,0,-0.0010653,-0.00214431,-0.52133,-0.462451
3460,0,nan,0,0,0,1,1,0.501132,0,0.00639178,-0.00214246,-0.603114,-0.451172
3461,0,nan,0,0,0,1,1,0.501036,-0.00349066,0.0149142,-0.00215839,-0.698963,-0.541406
3462,0,nan,0,0,0,1,1,0.501036,0.00872665,0.0138489,-0.00215122,-0.686298,-0.507568
3463,0,nan,0,0,0,1,1,0.501036,0,0.00532648,-0.00213302,-0.59015,-0.383496
3464,0,nan,0,0,0,1,1,0.501132,0,0.00639178,-0.00213278,-0.601836,-0.496289
3465,0,nan,0,0,0,1,1,0.501132,0,0.00532648,-0.00213063,-0.589835,-0.47373
3466,0,nan,0,0,0,1,1,0.501036,-0.00872665,0.01811,-0.00214234,-0.732,-0.563965
3467,0,nan,0,0,0,1,1,0.501036,-0.00872665,-0.0159795,-0.00217284,-0.361041,-0.552686
3468,0,nan,0,0,0,1,1,0.501036,-0.00872665,0.0117183,-0.0021826,-0.667003,-0.654199
3469,0,nan,0,0,0,1,1,0.501036,-0.0244346,0.0138489,-0.00220942,-0.693981,-0.710596
3470,0,nan,0,0,0,1,1,0.500941,0.00698132,0.0010653,-0.00219851,-0.551922,-0.597803
3471,0,nan,0,0,0,1,1,0.500941,0,0.00426119,-0.00217387,-0.583824,-0.496289
3472,0,nan,0,0,0,1,1,0.500941,0,0.00426119,-0.00215372,-0.581165,-0.48501
3473,0,nan,0,0,0,1,1,0.500941,-0.0261799,0.00852238,-0.00212798,-0.62464,-0.451172
3474,0,nan,0,0,0,1,1,0.500941,0.015708,-0.00213059,-0.00215036,-0.510411,-0.541406
3475,0,nan,0,0,0,1,1,0.500845,0.00698132,0.00639178,-0.00214769,-0.603804,-0.530127
3476,0,nan,0,0,0,1,1,0.500941,0,0.0010653,-0.00208486,-0.536302,-0.507568
3477,0,nan,0,0,0,1,1,0.501036,0,-0.0127836,-0.00207919,-0.383834,-0.417334
3478,0,nan,0,0,0,1,1,0.500941,-0.0191986,0.0117183,-0.00210535,-0.656807,-0.552686
3479,0,nan,0,0,0,1,1,0.500941,0,0.0117183,-0.00208445,-0.654048,-0.394775
3480,0,nan,0,0,0,1,1,0.500941,0,0.0170448,-0.00206214,-0.709695,-0.47373
3481,0,nan,0,0,0,1,1,0.500941,-0.0296706,0.00426119,-0.00206911,-0.569995,-0.496289
3482,0,nan,0,0,0,1,1,0.500941,0.020944,0.0159795,-0.00208425,-0.700895,-0.530127
3483,0,nan,0,0,0,1,1,0.500845,0,-0.00213059,-0.00206901,-0.499673,-0.496289
3484,0,nan,0,0,0,1,1,0.500941,0,-0.0010653,-0.00202796,-0.505973,-0.372217
3485,0,nan,0,0,0,1,1,0.500845,-0.020944,0.0010653,-0.00204508,-0.531669,-0.462451
3486,0,nan,0,0,0,1,1,0.500845,-0.0122173,0.00426119,-0.00204289,-0.566535,-0.496289
3487,0,nan,0,0,0,1,1,0.500845,0,0.00639178,-0.0020223,-0.587253,-0.451172
3488,0,nan,0,0,0,1,1,0.500845,0,0.0138489,-0.00206217,-0.674544,-0.620361
3489,0,nan,0,0,0,1,1,0.500845,0.00349066,0.0138489,-0.00206328,-0.67469,-0.439893
3490,0,nan,0,0,0,1,1,0.500941,0,-0.0170448,-0.00202579,-0.329912,-0.451172
3491,0,nan,0,0,0,1,1,0.500941,0.0174533,0.0138489,-0.00204723,-0.672572,-0.47373
3492,0,nan,0,0,0,1,1,0.500749,-0.0366519,-0.01811,-0.00204871,-0.321219,-0.541406
3493,0,nan,0,0,0,1,1,0.500845,0.0226893,-0.0010653,-0.00207031,-0.511562,-0.620361
3494,0,nan,0,0,0,1,1,0.500749,-0.0122173,0.00426119,-0.0020628,-0.569162,-0.575244
3495,0,nan,0,0,0,1,1,0.500845,-0.00349066,0.00213059,-0.00205878,-0.545195,-0.541406
3496,0,nan,0,0,0,1,1,0.500749,0.0226893,0.0010653,-0.00203133,-0.529854,-0.439893
3497,0,nan,0,0,0,1,1,0.500845,-0.0401426,0.01811,-0.00204126,-0.718657,-0.417334
3498,0,nan,0,0,0,1,1,0.500845,0,0.0245018,-0.00206723,-0.792395,-0.575244
3499,0,nan,0,0,0,1,1,0.500749,-0.0296706,-0.0127836,-0.00208586,-0.384714,-0.541406
3500,0,nan,0,0,0,1,1,0.500749,0.020944,0.010653,-0.00212782,-0.648054,-0.552686
3501,0,nan,0,0,0,1,1,0.500653,0,0.00745708,-0.00214633,-0.615343,-0.530127
3502,0,nan,0,0,0,1,1,0.500749,0,0.0266324,-0.00217176,-0.829629,-0.496289
3503,0,nan,0,0,0,1,1,0.500653,-0.0244346,0.00532648,-0.00210976,-0.58708,-0.394775
3504,0,nan,0,0,0,1,1,0.500749,0.0174533,-0.00426119,-0.00212512,-0.483642,-0.586523
3505,0,nan,0,0,0,1,1,0.500653,0.010472,-0.00319589,-0.00209593,-0.491508,-0.530127
3506,0,nan,0,0,0,1,1,0.500749,0,-0.00852238,-0.00211757,-0.435773,-0.530127
3507,0,nan,0,0,0,1,1,0.500653,0.0401426,-0.00532648,-0.00210004,-0.468614,-0.47373
3508,0,nan,0,0,0,1,1,0.500653,-0.010472,0.00213059,-0.00207687,-0.547583,-0.47373
3509,0,nan,0,0,0,1,1,0.500653,0,0.00319589,-0.00208667,-0.560595,-0.518848
3510,0,nan,0,0,0,1,1,0.500653,0,1.56553e-18,-0.00208352,-0.525025,-0.518848
3511,0,nan,0,0,0,1,1,0.500557,0,-0.00426119,-0.00208338,-0.478133,-0.496289
3512,0,nan,0,0,0,1,1,0.500653,0,0.0010653,-0.00211283,-0.540611,-0.496289
3513,0,nan,0,0,0,1,1,0.500557,0,0.00639178,-0.00212755,-0.601146,-0.563965
3514,0,nan,0,0,0,1,1,0.500557,0,-0.010653,-0.00211501,-0.411998,-0.552686
3515,0,nan,0,0,0,1,1,0.500653,0.00523599,0.00639178,-0.00212837,-0.601254,-0.541406
3516,0,nan,0,0,0,1,1,0.500557,-0.0174533,0.0149142,-0.00217498,-0.701153,-0.597803
3517,0,nan,0,0,0,1,1,0.500461,-0.00872665,-0.00958767,-0.00216942,-0.430899,-0.64292
3518,0,nan,0,0,0,1,1,0.500557,0.0296706,-0.00213059,-0.00215576,-0.511123,-0.47373
3519,0,nan,0,0,0,1,1,0.500461,0,0.00958767,-0.00212681,-0.636204,-0.439893
3520,0,nan,0,0,0,1,1,0.500557,0.00349066,0.0127836,-0.00210889,-0.668993,-0.496289
3521,0,nan,0,0,0,1,1,0.500461,-0.00174533,0.00852238,-0.00208645,-0.619158,-0.372217
3522,0,nan,0,0,0,1,1,0.500557,0.00872665,-0.0234365,-0.00210351,-0.269861,-0.541406
3523,0,nan,0,0,0,1,1,0.500461,0.0279253,-0.0010653,-0.00213526,-0.520136,-0.665479
3524,0,nan,0,0,0,1,1,0.500365,-0.00872665,-0.00426119,-0.00215183,-0.487169,-0.597803
3525,0,nan,0,0,0,1,1,0.500461,0.0174533,-0.0191753,-0.00211477,-0.318221,-0.48501
3526,0,nan,0,0,0,1,1,0.500461,0,-0.0117183,-0.00209363,-0.397458,-0.496289
3527,0,nan,0,0,0,1,1,0.500461,0.00872665,-0.00532648,-0.00212543,-0.471966,-0.609082
3528,0,nan,0,0,0,1,1,0.500365,0,0.010653,-0.00212726,-0.647981,-0.518848
3529,0,nan,0,0,0,1,1,0.500365,-0.0261799,0.00319589,-0.00213289,-0.566697,-0.507568
3530,0,nan,0,0,0,1,1,0.500365,0.00872665,-0.028763,-0.00211625,-0.212952,-0.518848
3531,0,nan,0,0,0,1,1,0.500365,0.0314159,0.00852238,-0.00212408,-0.624125,-0.507568
3532,0,nan,0,0,0,1,1,0.500269,-0.0471239,-0.00532648,-0.00210536,-0.469316,-0.597803
3533,0,nan,0,0,0,1,1,0.500365,0.010472,0.00852238,-0.00210369,-0.621434,-0.507568
3534,0,nan,0,0,0,1,1,0.500269,-0.010472,0.0117183,-0.00212271,-0.659099,-0.462451
3535,0,nan,0,0,0,1,1,0.500269,-0.0174533,0.00852238,-0.00211489,-0.622912,-0.518848
3536,0,nan,0,0,0,1,1,0.500269,0.015708,0.00532648,-0.00209652,-0.585332,-0.48501
3537,0,nan,0,0,0,1,1,0.500269,-0.0226893,-0.00852238,-0.00209054,-0.432205,-0.575244
3538,0,nan,0,0,0,1,1,0.500269,0.0279253,0.00639178,-0.00209178,-0.596425,-0.496289
3539,0,nan,0,0,0,1,1,0.500174,-0.0122173,-0.00213059,-0.00206693,-0.499399,-0.507568
3540,0,nan,0,0,0,1,1,0.500269,0,0.00213059,-0.00206784,-0.546391,-0.620361
3541,0,nan,0,0,0,1,1,0.500174,0,-0.0138489,-0.00203283,-0.365996,-0.620361
3542,0,nan,0,0,0,1,1,0.500269,0.0488692,0.0308936,-0.00202591,-0.857249,-0.349658
3543,0,nan,0,0,0,1,1,0.500078,-0.0855211,0.00639178,-0.00202051,-0.587017,-0.47373
3544,0,nan,0,0,0,1,1,0.500174,0.0506145,-0.0276977,-0.00196568,-0.204794,-0.47373
3545,0,nan,0,0,0,1,1,0.500174,0,-0.0266324,-0.00192696,-0.211403,-0.417334
3546,0,nan,0,0,0,1,1,0.500174,-0.0244346,-0.0117183,-0.00193671,-0.376745,-0.383496
3547,0,nan,0,0,0,1,1,0.500174,0,-0.00745708,-0.00189917,-0.418662,-0.541406
3548,0,nan,0,0,0,1,1,0.500174,0,-0.00852238,-0.00189185,-0.405977,-0.563965
3549,0,nan,0,0,0,1,1,0.500174,0,-7.82767e-19,-0.00188464,-0.498772,-0.406055
3550,0,nan,0,0,0,1,1,0.500078,-0.0383972,0.00639178,-0.00188031,-0.568511,-0.48501
3551,0,nan,0,0,0,1,1,0.500174,0,-0.0010653,-0.00188668,-0.487323,-0.47373
3552,0,nan,0,0,0,1,1,0.500078,0,-0.010653,-0.00187505,-0.380182,-0.586523
3553,0,nan,0,0,0,1,1,0.500078,0.0261799,-1.36984e-18,-0.00187512,-0.497516,-0.563965
3554,0,nan,0,0,0,1,1,0.500078,0,0.00852238,-0.00185947,-0.589196,-0.507568
3555,0,nan,0,0,0,1,1,0.500078,-0.0122173,-0.0149142,-0.00189644,-0.336274,-0.496289
3556,0,nan,0,0,0,1,1,0.499982,0,0.00319589,-0.00188985,-0.534614,-0.48501
3557,0,nan,0,0,0,1,1,0.500078,0,0.00958767,-0.0018812,-0.603783,-0.383496
3558,0,nan,0,0,0,1,1,0.499982,-0.0191986,0.00639178,-0.0018998,-0.571084,-0.530127
3559,0,nan,0,0,0,1,1,0.499982,0.00349066,0,-0.00187712,-0.497779,-0.406055
3560,0,nan,0,0,0,1,1,0.499982,0,-0.00852238,-0.00186035,-0.40182,-0.360938
3561,0,nan,0,0,0,1,1,0.499982,-0.00872665,0.0010653,-0.00188181,-0.510118,-0.575244
3562,0,nan,0,0,0,1,1,0.499982,0,0.00319589,-0.00187861,-0.533131,-0.518848
3563,0,nan,0,0,0,1,1,0.499982,0,-0.00852238,-0.00190052,-0.407122,-0.48501
3564,0,nan,0,0,0,1,1,0.499982,0,0.00532648,-0.00191732,-0.561677,-0.439893
3565,0,nan,0,0,0,1,1,0.499886,-0.0174533,-0.0170448,-0.00189829,-0.313081,-0.552686
3566,0,nan,0,0,0,1,1,0.500078,0.0401426,0.0010653,-0.00186582,-0.508007,-0.417334
3567,0,nan,0,0,0,1,1,0.499886,-0.0331613,0.0127836,-0.00191862,-0.643878,-0.575244
3568,0,nan,0,0,0,1,1,0.499886,0,-0.00852238,-0.00190265,-0.407403,-0.462451
3569,0,nan,0,0,0,1,1,0.499886,0,0.00532648,-0.00187011,-0.555446,-0.406055
3570,0,nan,0,0,0,1,1,0.499982,0.00872665,0.00426119,-0.0018525,-0.541403,-0.394775
3571,0,nan,0,0,0,1,1,0.499886,0,0.0159795,-0.00186625,-0.672119,-0.530127
3572,0,nan,0,0,0,1,1,0.499886,0,-0.00426119,-0.00185252,-0.447659,-0.597803
3573,0,nan,0,0,0,1,1,0.499886,0.0174533,0.0149142,-0.00184304,-0.657337,-0.47373
3574,0,nan,0,0,0,1,1,0.499886,0,0.00639178,-0.00188759,-0.569472,-0.563965
3575,0,nan,0,0,0,1,1,0.499886,0,0.00639178,-0.00190407,-0.571647,-0.541406
3576,0,nan,0,0,0,1,1,0.499886,0,-0.0319589,-0.00186026,-0.144006,-0.451172
3577,0,nan,0,0,0,1,1,0.499982,0.020944,-0.0127836,-0.00185554,-0.354312,-0.451172
3578,0,nan,0,0,0,1,1,0.49979,-0.0366519,-0.01811,-0.00186487,-0.296952,-0.451172
3579,0,nan,0,0,0,1,1,0.499886,0.0261799,-0.00532648,-0.00188135,-0.439746,-0.575244
3580,0,nan,0,0,0,1,1,0.49979,-0.00174533,0.0266324,-0.00185793,-0.788204,-0.406055
3581,0,nan,0,0,0,1,1,0.49979,-0.0698132,-0.00319589,-0.00184979,-0.459017,-0.372217
3582,0,nan,0,0,0,1,1,0.49979,0.0174533,-0.0010653,-0.00186839,-0.484909,-0.541406
3583,0,nan,0,0,0,1,1,0.49979,0,0.0138489,-0.00183727,-0.644857,-0.406055
3584,0,nan,0,0,0,1,1,0.49979,-0.0139626,0.0010653,-0.00183941,-0.50452,-0.496289
3585,0,nan,0,0,0,1,1,0.49979,0,-0.0138489,-0.00182241,-0.338206,-0.496289
3586,0,nan,0,0,0,1,1,0.49979,0,-0.00958767,-0.00183851,-0.387219,-0.563965
3587,0,nan,0,0,0,1,1,0.49979,0.0174533,0.00639178,-0.00184995,-0.564503,-0.552686
3588,0,nan,0,0,0,1,1,0.49979,-0.00698132,-0.00319589,-0.00184886,-0.458895,-0.609082
3589,0,nan,0,0,0,1,1,0.49979,0.00872665,-0.00532648,-0.00188171,-0.439794,-0.563965
3590,0,nan,0,0,0,1,1,0.499694,0,-0.0255671,-0.0018853,-0.217621,-0.394775
3591,0,nan,0,0,0,1,1,0.49979,0,-0.0010653,-0.00186625,-0.484626,-0.518848
3592,0,nan,0,0,0,1,1,0.49979,0,-0.0117183,-0.00186694,-0.367535,-0.530127
3593,0,nan,0,0,0,1,1,0.49979,0.020944,0.00745708,-0.00187293,-0.579255,-0.48501
3594,0,nan,0,0,0,1,1,0.49979,-0.00698132,0.01811,-0.00188626,-0.698197,-0.530127
3595,0,nan,0,0,0,1,1,0.499694,-0.020944,-0.00213059,-0.00190077,-0.477465,-0.541406
3596,0,nan,0,0,0,1,1,0.499694,0,-7.82767e-19,-0.00184347,-0.493337,-0.530127
3597,0,nan,0,0,0,1,1,0.499694,-0.00872665,0.00532648,-0.00189626,-0.558898,-0.586523
3598,0,nan,0,0,0,1,1,0.499598,0,0.00532648,-0.00189113,-0.558221,-0.530127
3599,0,nan,0,0,0,1,1,0.499694,-0.0296706,1.76123e-18,-0.00189177,-0.499713,-0.462451
3600,0,nan,0,0,0,1,1,0.499598,0,-0.0191753,-0.0018401,-0.281964,-0.563965
3601,0,nan,0,0,0,1,1,0.499694,0.00872665,-1.10892e-18,-0.00188971,-0.499442,-0.462451
3602,0,nan,0,0,0,1,1,0.499502,-0.0488692,0.0170448,-0.00189002,-0.686975,-0.428613
3603,0,nan,0,0,0,1,1,0.499502,-0.0436332,-0.00319589,-0.00191127,-0.467132,-0.507568
3604,0,nan,0,0,0,1,1,0.499502,0.00872665,-0.00745708,-0.0018954,-0.418165,-0.541406
3605,0,nan,0,0,0,1,1,0.499598,0,-9.78459e-19,-0.0018999,-0.500786,-0.417334
3606,0,nan,0,0,0,1,1,0.499502,-0.0226893,0.00426119,-0.00186557,-0.543128,-0.451172
3607,0,nan,0,0,0,1,1,0.499598,-0.00349066,-0.00532648,-0.00184932,-0.435519,-0.417334
3608,0,nan,0,0,0,1,1,0.499502,0,-0.0149142,-0.00186619,-0.332282,-0.631641
3609,0,nan,0,0,0,1,1,0.499502,0.0471239,0.0117183,-0.00186392,-0.624939,-0.518848
3610,0,nan,0,0,0,1,1,0.499502,0,0.00958767,-0.00183008,-0.597035,-0.383496
3611,0,nan,0,0,0,1,1,0.499502,-0.0331613,0.00426119,-0.00186529,-0.543091,-0.563965
3612,0,nan,0,0,0,1,1,0.499407,0.0139626,0.00426119,-0.00186277,-0.542759,-0.439893
3613,0,nan,0,0,0,1,1,0.499407,-0.0122173,-0.00852238,-0.00183813,-0.398886,-0.48501
3614,0,nan,0,0,0,1,1,0.499502,0.0122173,-0.0138489,-0.00181354,-0.33705,-0.394775
3615,0,nan,0,0,0,1,1,0.499502,0,0.00532648,-0.00180901,-0.547381,-0.552686
3616,0,nan,0,0,0,1,1,0.499407,0.00523599,-0.010653,-0.00185402,-0.377548,-0.496289
3617,0,nan,0,0,0,1,1,0.499407,0.015708,-0.00426119,-0.00180313,-0.441141,-0.451172
3618,0,nan,0,0,0,1,1,0.499502,0.00523599,0.0127836,-0.00180323,-0.628646,-0.451172
3619,0,nan,0,0,0,1,1,0.499407,-0.00872665,0.0010653,-0.00180249,-0.499647,-0.439893
3620,0,nan,0,0,0,1,1,0.499407,0,-0.00532648,-0.00180827,-0.430101,-0.48501
3621,0,nan,0,0,0,1,1,0.499407,0,-0.00852238,-0.00179027,-0.39257,-0.48501
3622,0,nan,0,0,0,1,1,0.499407,0,0.00745708,-0.00176179,-0.564584,-0.3271
3623,0,nan,0,0,0,1,1,0.499407,-0.0593412,-0.00639178,-0.00179908,-0.417169,-0.518848
3624,0,nan,0,0,0,1,1,0.499407,0.015708,0.00852238,-0.00182111,-0.584133,-0.541406
3625,0,nan,0,0,0,1,1,0.499407,-0.0122173,-0.0202406,-0.0017888,-0.263475,-0.451172
3626,0,nan,0,0,0,1,1,0.499407,0,-0.0010653,-0.00180472,-0.476505,-0.586523
3627,0,nan,0,0,0,1,1,0.499407,0.0261799,-0.0127836,-0.00181373,-0.348794,-0.518848
3628,0,nan,0,0,0,1,1,0.499311,-0.020944,0.0170448,-0.00177989,-0.672438,-0.349658
3629,0,nan,0,0,0,1,1,0.499311,-0.0593412,-0.0170448,-0.00178806,-0.298531,-0.518848
3630,0,nan,0,0,0,1,1,0.499311,0,-0.00319589,-0.00175263,-0.446192,-0.48501
3631,0,nan,0,0,0,1,1,0.499311,-0.00698132,0.010653,-0.00177839,-0.601931,-0.48501
3632,0,nan,0,0,0,1,1,0.499311,0,-0.00958767,-0.00180471,-0.382758,-0.451172
3633,0,nan,0,0,0,1,1,0.499215,0,-0.00319589,-0.00180183,-0.452687,-0.518848
3634,0,nan,0,0,0,1,1,0.499311,0,-0.0138489,-0.00180007,-0.335272,-0.496289
3635,0,nan,0,0,0,1,1,0.499311,0.0349066,-0.00426119,-0.00178386,-0.438596,-0.507568
3636,0,nan,0,0,0,1,1,0.499215,-0.00174533,-0.00426119,-0.00175642,-0.434975,-0.417334
3637,0,nan,0,0,0,1,1,0.499215,0,0.00958767,-0.00177649,-0.589961,-0.530127
3638,0,nan,0,0,0,1,1,0.499215,0,-1.17415e-18,-0.00177665,-0.484518,-0.451172
3639,0,nan,0,0,0,1,1,0.499215,-0.00872665,-0.0159795,-0.00175885,-0.306394,-0.541406
3640,0,nan,0,0,0,1,1,0.499215,0.0191986,-0.00426119,-0.00180253,-0.441061,-0.507568
3641,0,nan,0,0,0,1,1,0.499119,0,0.00213059,-0.00181693,-0.513271,-0.530127
3642,0,nan,0,0,0,1,1,0.499215,0.00872665,-0.0255671,-0.00179086,-0.205155,-0.394775
3643,0,nan,0,0,0,1,1,0.499215,0,0.00213059,-0.00181775,-0.513379,-0.575244
3644,0,nan,0,0,0,1,1,0.499119,0,-0.00426119,-0.001801,-0.440858,-0.518848
3645,0,nan,0,0,0,1,1,0.499215,-0.00174533,-0.0170448,-0.00181647,-0.302281,-0.676758
3646,0,nan,0,0,0,1,1,0.499119,0.00872665,0.0223712,-0.00183061,-0.737724,-0.439893
3647,0,nan,0,0,0,1,1,0.499119,-0.0541052,-0.0010653,-0.00181002,-0.477204,-0.462451
3648,0,nan,0,0,0,1,1,0.499215,0.0191986,-0.00958767,-0.00179901,-0.382005,-0.631641
3649,0,nan,0,0,0,1,1,0.499119,0.0331613,-0.00426119,-0.00179699,-0.44033,-0.48501
3650,0,nan,0,0,0,1,1,0.499119,-0.0349066,-0.00213059,-0.00182401,-0.467333,-0.496289
3651,0,nan,0,0,0,1,1,0.499023,0.00872665,0.00532648,-0.00183698,-0.551073,-0.586523
3652,0,nan,0,0,0,1,1,0.499119,0,0.0010653,-0.00183047,-0.503341,-0.586523
3653,0,nan,0,0,0,1,1,0.499119,0,1.10892e-18,-0.00185424,-0.49476,-0.496289
3654,0,nan,0,0,0,1,1,0.499023,-0.00349066,0.0170448,-0.00183114,-0.679203,-0.383496
3655,0,nan,0,0,0,1,1,0.499023,-0.0750492,-9.78459e-19,-0.0018326,-0.491904,-0.518848
3656,0,nan,0,0,0,1,1,0.499119,0.0645772,-0.0127836,-0.00187185,-0.356465,-0.575244
3657,0,nan,0,0,0,1,1,0.499023,0.0296706,0.00213059,-0.00185495,-0.518289,-0.496289
3658,0,nan,0,0,0,1,1,0.499023,-0.00872665,-0.00639178,-0.00183976,-0.422539,-0.439893
3659,0,nan,0,0,0,1,1,0.499023,0,-0.00426119,-0.00183798,-0.44574,-0.575244
3660,0,nan,0,0,0,1,1,0.499023,0,-0.00213059,-0.00184627,-0.470271,-0.597803
3661,0,nan,0,0,0,1,1,0.499023,0,-0.00213059,-0.00185549,-0.471488,-0.563965
3662,0,nan,0,0,0,1,1,0.498927,0,0.00319589,-0.00184801,-0.529092,-0.47373
3663,0,nan,0,0,0,1,1,0.499023,-0.0296706,-0.0202406,-0.00185119,-0.271711,-0.451172
3664,0,nan,0,0,0,1,1,0.499023,0.00174533,-0.00213059,-0.00183322,-0.468549,-0.360938
3665,0,nan,0,0,0,1,1,0.499023,-0.0139626,-0.0010653,-0.00186686,-0.484707,-0.462451
3666,0,nan,0,0,0,1,1,0.498927,-0.00872665,-0.00532648,-0.00189068,-0.440979,-0.699316
3667,0,nan,0,0,0,1,1,0.498927,0.0349066,0.00852238,-0.00192637,-0.598027,-0.631641
3668,0,nan,0,0,0,1,1,0.498927,0,-0.00958767,-0.00191975,-0.397943,-0.530127
3669,0,nan,0,0,0,1,1,0.498927,0,0.0117183,-0.0019016,-0.629913,-0.563965
3670,0,nan,0,0,0,1,1,0.498927,0.00523599,-0.00426119,-0.00193789,-0.458928,-0.530127
3671,0,nan,0,0,0,1,1,0.498927,0,-0.00532648,-0.00192241,-0.445167,-0.552686
3672,0,nan,0,0,0,1,1,0.498927,0,0.0010653,-0.00195152,-0.519319,-0.462451
3673,0,nan,0,0,0,1,1,0.498831,0,-0.00532648,-0.00196468,-0.450746,-0.541406
3674,0,nan,0,0,0,1,1,0.498927,0.00349066,-0.0223712,-0.00192294,-0.257745,-0.349658
3675,0,nan,0,0,0,1,1,0.498927,0,-0.0149142,-0.00190681,-0.337643,-0.575244
3676,0,nan,0,0,0,1,1,0.498831,0,-0.0010653,-0.00189525,-0.488455,-0.530127
3677,0,nan,0,0,0,1,1,0.498927,0,0.00426119,-0.00193636,-0.552473,-0.552686
3678,0,nan,0,0,0,1,1,0.498831,-0.00872665,-0.0245018,-0.00191088,-0.232716,-0.552686
3679,0,nan,0,0,0,1,1,0.498927,0.0244346,2.60922e-19,-0.00190994,-0.502113,-0.48501
3680,0,nan,0,0,0,1,1,0.498831,-0.0226893,0.0223712,-0.00189403,-0.746095,-0.383496
3681,0,nan,0,0,0,1,1,0.498831,-0.0436332,-0.00426119,-0.00187697,-0.450887,-0.360938
3682,0,nan,0,0,0,1,1,0.498831,0,0.00319589,-0.00192683,-0.539496,-0.609082
3683,0,nan,0,0,0,1,1,0.498831,0.0314159,0.010653,-0.00193397,-0.622467,-0.439893
3684,0,nan,0,0,0,1,1,0.498831,-0.0174533,5.21845e-19,-0.00188347,-0.498618,-0.372217
3685,0,nan,0,0,0,1,1,0.498831,-0.00698132,-0.0202406,-0.00183514,-0.269533,-0.507568
3686,0,nan,0,0,0,1,1,0.498831,0.0506145,-0.0127836,-0.00181312,-0.348713,-0.417334
3687,0,nan,0,0,0,1,1,0.498831,-0.0174533,0.00426119,-0.00182419,-0.537666,-0.47373
3688,0,nan,0,0,0,1,1,0.498831,0,0.0117183,-0.00185275,-0.623463,-0.428613
3689,0,nan,0,0,0,1,1,0.498736,0,0.0245018,-0.00190733,-0.771288,-0.609082
3690,0,nan,0,0,0,1,1,0.498736,0,-0.0149142,-0.00190891,-0.337921,-0.541406
3691,0,nan,0,0,0,1,1,0.498831,0.0383972,0.0127836,-0.00186281,-0.63651,-0.31582
3692,0,nan,0,0,0,1,1,0.498927,-0.0191986,1.56553e-18,-0.00189179,-0.499716,-0.383496
3693,0,nan,0,0,0,1,1,0.498736,0,0.00958767,-0.00190924,-0.607484,-0.563965
3694,0,nan,0,0,0,1,1,0.498831,0,-0.00213059,-0.00191694,-0.4796,-0.47373
3695,0,nan,0,0,0,1,1,0.498736,0,-0.00213059,-0.00185796,-0.471815,-0.372217
3696,0,nan,0,0,0,1,1,0.498927,0.0122173,-0.00745708,-0.00184495,-0.411505,-0.48501
3697,0,nan,0,0,0,1,1,0.498831,0.00872665,-0.00532648,-0.00187761,-0.439253,-0.552686
3698,0,nan,0,0,0,1,1,0.498736,-0.00872665,0.0127836,-0.00190129,-0.641589,-0.507568
3699,0,nan,0,0,0,1,1,0.498736,-0.0174533,0.00852238,-0.00192547,-0.597908,-0.552686
3700,0,nan,0,0,0,1,1,0.498736,0,0.00213059,-0.00192627,-0.527705,-0.530127
3701,0,nan,0,0,0,1,1,0.498736,0,0.0117183,-0.00193103,-0.633796,-0.552686
3702,0,nan,0,0,0,1,1,0.498736,0,0.0127836,-0.00196768,-0.650353,-0.563965
3703,0,nan,0,0,0,1,1,0.498736,-0.015708,-0.0117183,-0.00195922,-0.379716,-0.48501
3704,0,nan,0,0,0,1,1,0.498736,0,0.0149142,-0.00200326,-0.678487,-0.755713
3705,0,nan,0,0,0,1,1,0.498736,0.0174533,-0.00958767,-0.00197788,-0.405615,-0.462451
3706,0,nan,0,0,0,1,1,0.498736,0,-0.00852238,-0.00195055,-0.413726,-0.47373
3707,0,nan,0,0,0,1,1,0.498736,0.00523599,-0.00532648,-0.00193575,-0.446928,-0.417334
3708,0,nan,0,0,0,1,1,0.49864,-0.0279253,0.0127836,-0.00195096,-0.648146,-0.552686
3709,0,nan,0,0,0,1,1,0.49864,0,-0.00852238,-0.0019753,-0.416993,-0.64292
3710,0,nan,0,0,0,1,1,0.49864,0,-0.00213059,-0.00191704,-0.479612,-0.417334
3711,0,nan,0,0,0,1,1,0.49864,-0.0593412,-0.0149142,-0.00189356,-0.335894,-0.563965
3712,0,nan,0,0,0,1,1,0.49864,0.0471239,-0.00213059,-0.00194848,-0.483763,-0.496289
3713,0,nan,0,0,0,1,1,0.498544,0,-0.0234365,-0.00193629,-0.247789,-0.654199
3714,0,nan,0,0,0,1,1,0.49864,0.0418879,0.00426119,-0.00193846,-0.552749,-0.338379
3715,0,nan,0,0,0,1,1,0.498544,-0.0139626,0.00319589,-0.00194148,-0.54143,-0.406055
3716,0,nan,0,0,0,1,1,0.498544,0,-0.00852238,-0.00197428,-0.416859,-0.597803
3717,0,nan,0,0,0,1,1,0.49864,0.0436332,0.0213059,-0.00195664,-0.742642,-0.439893
3718,0,nan,0,0,0,1,1,0.49864,-0.0349066,0.0170448,-0.00192061,-0.691012,-0.552686
3719,0,nan,0,0,0,1,1,0.49864,-0.00174533,-0.0372854,-0.00192846,-0.0944179,-0.496289
3720,0,nan,0,0,0,1,1,0.498544,-0.00349066,-0.0127836,-0.00196036,-0.368149,-0.507568
3721,0,nan,0,0,0,1,1,0.498544,0.00349066,0.00852238,-0.0019431,-0.600235,-0.383496
3722,0,nan,0,0,0,1,1,0.49864,-0.0331613,0.00213059,-0.00193026,-0.527956,-0.597803
3723,0,nan,0,0,0,1,1,0.49864,0.00872665,0.00639178,-0.00194957,-0.577652,-0.507568
3724,0,nan,0,0,0,1,1,0.498544,-0.020944,0.0149142,-0.00193793,-0.669862,-0.451172
3725,0,nan,0,0,0,1,1,0.498544,-0.0558505,-0.00426119,-0.00192437,-0.457143,-0.48501
3726,0,nan,0,0,0,1,1,0.498544,0.0314159,-0.00426119,-0.00193478,-0.458518,-0.48501
3727,0,nan,0,0,0,1,1,0.498544,0,0.0010653,-0.00192447,-0.515748,-0.507568
3728,0,nan,0,0,0,1,1,0.498544,0,-0.00213059,-0.00193421,-0.481879,-0.530127
3729,0,nan,0,0,0,1,1,0.498544,0.00872665,0.0117183,-0.00194747,-0.635967,-0.47373
3730,0,nan,0,0,0,1,1,0.498544,-0.0314159,-0.0255671,-0.00193701,-0.224447,-0.676758
3731,0,nan,0,0,0,1,1,0.49864,0.0698132,0.00319589,-0.00196584,-0.544646,-0.518848
3732,0,nan,0,0,0,1,1,0.498448,-0.0541052,6.52306e-19,-0.00202083,-0.516749,-0.518848
3733,0,nan,0,0,0,1,1,0.498448,0.0174533,0.0149142,-0.00201604,-0.680173,-0.575244
3734,0,nan,0,0,0,1,1,0.498544,0.0174533,-0.0223712,-0.0019852,-0.265963,-0.496289
3735,0,nan,0,0,0,1,1,0.498544,0.0331613,0.0127836,-0.00197715,-0.651603,-0.462451
3736,0,nan,0,0,0,1,1,0.498544,-0.0174533,0.0010653,-0.00197663,-0.522634,-0.428613
3737,0,nan,0,0,0,1,1,0.498448,0.00872665,0.0170448,-0.001995,-0.700833,-0.439893
3738,0,nan,0,0,0,1,1,0.498544,-0.0122173,-0.00852238,-0.00198618,-0.418429,-0.518848
3739,0,nan,0,0,0,1,1,0.498544,0.0122173,0.0117183,-0.00199675,-0.642472,-0.563965
3740,0,nan,0,0,0,1,1,0.498448,-0.00523599,-0.0170448,-0.00199318,-0.325608,-0.530127
3741,0,nan,0,0,0,1,1,0.498544,0.015708,-0.00213059,-0.00199159,-0.489453,-0.620361
3742,0,nan,0,0,0,1,1,0.498448,0,0.00319589,-0.00203434,-0.553688,-0.451172
3743,0,nan,0,0,0,1,1,0.498352,0.00174533,0.0298283,-0.00205216,-0.848997,-0.48501
3744,0,nan,0,0,0,1,1,0.498448,-0.00349066,-0.0127836,-0.00203521,-0.378028,-0.47373
3745,0,nan,0,0,0,1,1,0.498448,0.010472,0.0149142,-0.00205694,-0.685572,-0.597803
3746,0,nan,0,0,0,1,1,0.498352,-0.00698132,-0.0170448,-0.00207234,-0.336056,-0.620361
3747,0,nan,0,0,0,1,1,0.498448,0.0366519,0.00319589,-0.00203518,-0.553799,-0.417334
3748,0,nan,0,0,0,1,1,0.498448,-0.015708,0.0138489,-0.0020134,-0.668106,-0.462451
3749,0,nan,0,0,0,1,1,0.498448,0,-0.00426119,-0.00200914,-0.468333,-0.428613
3750,0,nan,0,0,0,1,1,0.498352,-0.0174533,0.0213059,-0.00201102,-0.74982,-0.383496
3751,0,nan,0,0,0,1,1,0.498352,-0.0366519,0.0010653,-0.00203174,-0.529908,-0.507568
3752,0,nan,0,0,0,1,1,0.498352,0.00698132,-5.87076e-19,-0.00201408,-0.515858,-0.552686
3753,0,nan,0,0,0,1,1,0.498352,0,-0.00852238,-0.00200687,-0.421161,-0.518848
3754,0,nan,0,0,0,1,1,0.498352,0,0.00852238,-0.00198102,-0.605097,-0.530127
3755,0,nan,0,0,0,1,1,0.498352,-0.00872665,0.010653,-0.00198208,-0.628817,-0.552686
3756,0,nan,0,0,0,1,1,0.498352,0.00872665,-0.0191753,-0.00199959,-0.303017,-0.620361
3757,0,nan,0,0,0,1,1,0.498448,0.0506145,-0.0213059,-0.00196779,-0.275383,-0.428613
3758,0,nan,0,0,0,1,1,0.498448,-0.0174533,0.00958767,-0.00196915,-0.615393,-0.47373
3759,0,nan,0,0,0,1,1,0.498352,0,0.0138489,-0.00199835,-0.66612,-0.676758
3760,0,nan,0,0,0,1,1,0.498352,0.00698132,0.010653,-0.0020555,-0.638508,-0.665479
3761,0,nan,0,0,0,1,1,0.498352,0,0.00852238,-0.00204732,-0.613992,-0.394775
3762,0,nan,0,0,0,1,1,0.498448,0,0.0127836,-0.00203589,-0.659356,-0.383496
3763,0,nan,0,0,0,1,1,0.498352,-0.0191986,-0.00852238,-0.00200142,-0.420268,-0.563965
3764,0,nan,0,0,0,1,1,0.498448,0.0418879,-0.0010653,-0.00200065,-0.502368,-0.530127
3765,0,nan,0,0,0,1,1,0.498352,0,0.00426119,-0.00198489,-0.558878,-0.451172
3766,0,nan,0,0,0,1,1,0.498352,-0.00523599,0.00532648,-0.00201426,-0.574474,-0.48501
3767,0,nan,0,0,0,1,1,0.498352,0.00872665,-0.00532648,-0.00202809,-0.459116,-0.451172
3768,0,nan,0,0,0,1,1,0.498448,0,-0.0010653,-0.00203391,-0.506758,-0.64292
3769,0,nan,0,0,0,1,1,0.498352,0.0349066,0.010653,-0.00204672,-0.63735,-0.417334
3770,0,nan,0,0,0,1,1,0.498352,-0.0261799,-0.0010653,-0.0020274,-0.505898,-0.406055
3771,0,nan,0,0,0,1,1,0.498352,0,-0.0117183,-0.00204858,-0.391512,-0.518848
3772,0,nan,0,0,0,1,1,0.498352,0,-0.0149142,-0.00203159,-0.354114,-0.428613
3773,0,nan,0,0,0,1,1,0.498352,0,-0.0138489,-0.0020106,-0.363062,-0.597803
3774,0,nan,0,0,0,1,1,0.498352,0.00698132,6.52306e-20,-0.00199807,-0.513746,-0.597803
3775,0,nan,0,0,0,1,1,0.498352,0.00174533,0.0191753,-0.002056,-0.732321,-0.530127
3776,0,nan,0,0,0,1,1,0.498256,-0.00349066,0.0149142,-0.00204342,-0.683787,-0.417334
3777,0,nan,0,0,0,1,1,0.498352,-0.0593412,0.0202406,-0.00204183,-0.742169,-0.394775
3778,0,nan,0,0,0,1,1,0.498352,0,-0.0202406,-0.0020104,-0.292725,-0.699316
3779,0,nan,0,0,0,1,1,0.498448,0.0401426,-0.00426119,-0.00204501,-0.473069,-0.518848
3780,0,nan,0,0,0,1,1,0.498256,-0.0558505,0.00213059,-0.00201647,-0.53961,-0.451172
3781,0,nan,0,0,0,1,1,0.498352,0,-0.0149142,-0.00202386,-0.353093,-0.530127
3782,0,nan,0,0,0,1,1,0.49816,-0.0139626,0.01811,-0.00200813,-0.714283,-0.496289
3783,0,nan,0,0,0,1,1,0.498256,-0.0418879,-0.0223712,-0.00196566,-0.263383,-0.406055
3784,0,nan,0,0,0,1,1,0.498352,0.0226893,0.00319589,-0.00199363,-0.548314,-0.47373
3785,0,nan,0,0,0,1,1,0.498256,0,-0.0298283,-0.00195738,-0.180263,-0.518848
3786,0,nan,0,0,0,1,1,0.498352,0.0174533,0.00958767,-0.00198073,-0.616921,-0.552686
3787,0,nan,0,0,0,1,1,0.49816,0,-0.00426119,-0.00199511,-0.466481,-0.563965
3788,0,nan,0,0,0,1,1,0.498352,0.0191986,0.0149142,-0.00202774,-0.681718,-0.541406
3789,0,nan,0,0,0,1,1,0.498256,-0.0122173,-0.0266324,-0.00202994,-0.224995,-0.541406
3790,0,nan,0,0,0,1,1,0.498256,0.0191986,0.00852238,-0.00202413,-0.610931,-0.406055
3791,0,nan,0,0,0,1,1,0.498256,-0.0314159,0.0170448,-0.0020297,-0.705412,-0.530127
3792,0,nan,0,0,0,1,1,0.498256,0,-0.00639178,-0.00202135,-0.446508,-0.710596
3793,0,nan,0,0,0,1,1,0.498352,0.00872665,-0.00852238,-0.00199265,-0.419283,-0.586523
3794,0,nan,0,0,0,1,1,0.498256,0,-0.00852238,-0.0019682,-0.416056,-0.462451
3795,0,nan,0,0,0,1,1,0.498256,0,0.00852238,-0.00198291,-0.60549,-0.552686
3796,0,nan,0,0,0,1,1,0.498256,0,-0.0202406,-0.00195358,-0.285225,-0.586523
3797,0,nan,0,0,0,1,1,0.498352,0.0296706,0.01811,-0.0019577,-0.707626,-0.552686
3798,0,nan,0,0,0,1,1,0.498256,-0.020944,0.00852238,-0.00197691,-0.604699,-0.631641
3799,0,nan,0,0,0,1,1,0.498256,0,0.0191753,-0.00200431,-0.725498,-0.563965
3800,0,nan,0,0,0,1,1,0.498256,0,0.00639178,-0.00202252,-0.587283,-0.518848
3801,0,nan,0,0,0,1,1,0.498256,0,0.0010653,-0.0020236,-0.528834,-0.462451
3802,0,nan,0,0,0,1,1,0.498256,0,0.00213059,-0.0020594,-0.545277,-0.451172
3803,0,nan,0,0,0,1,1,0.49816,0,0.0117183,-0.00206044,-0.650878,-0.597803
3804,0,nan,0,0,0,1,1,0.49816,0,-0.00958767,-0.0020969,-0.421327,-0.766992
3805,0,nan,0,0,0,1,1,0.498256,0.0506145,-0.0308936,-0.00204708,-0.180385,-0.48501
3806,0,nan,0,0,0,1,1,0.49816,-0.0453786,-0.0010653,-0.00204007,-0.507571,-0.462451
3807,0,nan,0,0,0,1,1,0.49816,0,0.00745708,-0.00206228,-0.604249,-0.563965
3808,0,nan,0,0,0,1,1,0.49816,-0.00174533,5.21845e-19,-0.00203787,-0.518999,-0.620361
3809,0,nan,0,0,0,1,1,0.498256,0,-0.00852238,-0.00199859,-0.420068,-0.451172
3810,0,nan,0,0,0,1,1,0.49816,0,-0.00852238,-0.00196543,-0.41569,-0.530127
3811,0,nan,0,0,0,1,1,0.498256,0,0.0149142,-0.00198006,-0.675423,-0.530127
3812,0,nan,0,0,0,1,1,0.49816,0,-0.00958767,-0.00199365,-0.407698,-0.597803
3813,0,nan,0,0,0,1,1,0.49816,0.0279253,-0.0010653,-0.00200688,-0.503189,-0.563965
3814,0,nan,0,0,0,1,1,0.49816,-0.020944,0.00745708,-0.00201504,-0.598013,-0.552686
3815,0,nan,0,0,0,1,1,0.49816,0,-0.0010653,-0.00203075,-0.506341,-0.552686
3816,0,nan,0,0,0,1,1,0.49816,0,-0.010653,-0.0020559,-0.404196,-0.563965
3817,0,nan,0,0,0,1,1,0.49816,0,0.0191753,-0.00207384,-0.734675,-0.541406
3818,0,nan,0,0,0,1,1,0.498064,-0.0453786,0.0223712,-0.00207579,-0.770088,-0.620361
3819,0,nan,0,0,0,1,1,0.498064,0,-0.0138489,-0.00205285,-0.368639,-0.48501
3820,0,nan,0,0,0,1,1,0.49816,0.0174533,-0.0138489,-0.00203861,-0.366759,-0.563965
3821,0,nan,0,0,0,1,1,0.49816,0,0.0117183,-0.00205894,-0.650681,-0.552686
3822,0,nan,0,0,0,1,1,0.498064,-0.00872665,-0.00426119,-0.00206664,-0.475923,-0.575244
3823,0,nan,0,0,0,1,1,0.498064,0.00174533,0.00319589,-0.00211494,-0.564326,-0.609082
3824,0,nan,0,0,0,1,1,0.498064,-0.0122173,-0.00426119,-0.00216175,-0.488478,-0.688037
3825,0,nan,0,0,0,1,1,0.498064,0.0366519,0.00426119,-0.00214189,-0.579603,-0.507568
3826,0,nan,0,0,0,1,1,0.498064,0,0.01811,-0.00214784,-0.732726,-0.507568
3827,0,nan,0,0,0,1,1,0.498064,-0.0279253,-0.00532648,-0.00217405,-0.478383,-0.541406
3828,0,nan,0,0,0,1,1,0.498064,0,0.00852238,-0.00215829,-0.628641,-0.439893
3829,0,nan,0,0,0,1,1,0.497969,-0.0122173,0.00852238,-0.00214215,-0.62651,-0.507568
3830,0,nan,0,0,0,1,1,0.498064,0,-0.00426119,-0.00214486,-0.486249,-0.631641
3831,0,nan,0,0,0,1,1,0.498064,0.00872665,0.00319589,-0.00215493,-0.569606,-0.609082
3832,0,nan,0,0,0,1,1,0.498064,0,0.0159795,-0.00217719,-0.713164,-0.507568
3833,0,nan,0,0,0,1,1,0.497969,0,0.0010653,-0.002158,-0.546575,-0.47373
3834,0,nan,0,0,0,1,1,0.498064,0,0.0117183,-0.00214222,-0.661674,-0.586523
3835,0,nan,0,0,0,1,1,0.497969,0,-0.00745708,-0.00216458,-0.453697,-0.586523
3836,0,nan,0,0,0,1,1,0.497969,-0.00523599,-0.00852238,-0.00214669,-0.439617,-0.462451
3837,0,nan,0,0,0,1,1,0.498064,-0.015708,0.00426119,-0.00215184,-0.580917,-0.552686
3838,0,nan,0,0,0,1,1,0.497969,0,0.00532648,-0.00219776,-0.598696,-0.530127
3839,0,nan,0,0,0,1,1,0.497969,0,0.00213059,-0.00220854,-0.564963,-0.530127
3840,0,nan,0,0,0,1,1,0.498064,0,-0.00745708,-0.00222463,-0.461624,-0.586523
3841,0,nan,0,0,0,1,1,0.497969,0.0383972,0.0149142,-0.00220707,-0.705389,-0.541406
3842,0,nan,0,0,0,1,1,0.498064,0,-0.0138489,-0.00222937,-0.391939,-0.665479
3843,0,nan,0,0,0,1,1,0.497969,0.0610865,-0.00639178,-0.00226914,-0.479217,-0.631641
3844,0,nan,0,0,0,1,1,0.497873,-0.0296706,-0.00958767,-0.00220854,-0.436063,-0.428613
3845,0,nan,0,0,0,1,1,0.498064,0,-0.010653,-0.00219815,-0.422974,-0.496289
3846,0,nan,0,0,0,1,1,0.497873,-0.0122173,0.00532648,-0.00219991,-0.598979,-0.496289
3847,0,nan,0,0,0,1,1,0.497969,-0.0349066,0.010653,-0.00222969,-0.661502,-0.563965
3848,0,nan,0,0,0,1,1,0.497873,0,0.0117183,-0.00224851,-0.675704,-0.507568
3849,0,nan,0,0,0,1,1,0.497873,-0.0383972,0.00852238,-0.00226792,-0.643111,-0.530127
3850,0,nan,0,0,0,1,1,0.497873,0.00872665,-0.0117183,-0.00229246,-0.423704,-0.597803
3851,0,nan,0,0,0,1,1,0.497873,0.0453786,-0.00745708,-0.00227435,-0.468187,-0.47373
3852,0,nan,0,0,0,1,1,0.497969,-0.0139626,-0.0117183,-0.00228502,-0.422722,-0.451172
3853,0,nan,0,0,0,1,1,0.497873,0.00872665,0.00532648,-0.00226812,-0.607983,-0.586523
3854,0,nan,0,0,0,1,1,0.497873,0,0.0117183,-0.00228247,-0.680187,-0.620361
3855,0,nan,0,0,0,1,1,0.497873,0,-0.00213059,-0.00231771,-0.532502,-0.597803
3856,0,nan,0,0,0,1,1,0.497873,0,-0.00639178,-0.0022993,-0.483199,-0.552686
3857,0,nan,0,0,0,1,1,0.497873,0,-0.0117183,-0.00232065,-0.427424,-0.541406
3858,0,nan,0,0,0,1,1,0.497873,-0.0139626,0.00213059,-0.00234896,-0.583499,-0.597803
3859,0,nan,0,0,0,1,1,0.497873,0,-0.00319589,-0.00230999,-0.519764,-0.451172
3860,0,nan,0,0,0,1,1,0.497873,0,4.56614e-19,-0.00234453,-0.559477,-0.552686
3861,0,nan,0,0,0,1,1,0.497873,0,-0.0127836,-0.00232495,-0.416275,-0.609082
3862,0,nan,0,0,0,1,1,0.497873,0.00872665,-0.00639178,-0.00234236,-0.488882,-0.586523
3863,0,nan,0,0,0,1,1,0.497873,0,0.00532648,-0.00233861,-0.617287,-0.631641
3864,0,nan,0,0,0,1,1,0.497873,0.0226893,-0.00745708,-0.00236608,-0.480295,-0.597803
3865,0,nan,0,0,0,1,1,0.497873,0.020944,0.0255671,-0.00240997,-0.849354,-0.597803
3866,0,nan,0,0,0,1,1,0.497777,-0.0244346,0.00319589,-0.00242879,-0.605756,-0.609082
3867,0,nan,0,0,0,1,1,0.497777,0,-0.0234365,-0.00242354,-0.312106,-0.597803
3868,0,nan,0,0,0,1,1,0.497873,0.00872665,-0.0308936,-0.00243749,-0.231919,-0.507568
3869,0,nan,0,0,0,1,1,0.497873,0.0453786,-0.0159795,-0.0023872,-0.389337,-0.541406
3870,0,nan,0,0,0,1,1,0.497873,-0.0279253,0.0234365,-0.00239397,-0.823806,-0.417334
3871,0,nan,0,0,0,1,1,0.497777,-0.0453786,-0.010653,-0.00239918,-0.449509,-0.462451
3872,0,nan,0,0,0,1,1,0.497873,0.00872665,0.00745708,-0.00241152,-0.650349,-0.620361
3873,0,nan,0,0,0,1,1,0.497777,0,-0.01811,-0.00240932,-0.36882,-0.507568
3874,0,nan,0,0,0,1,1,0.497777,-0.0296706,0.0010653,-0.00241516,-0.58052,-0.541406
3875,0,nan,0,0,0,1,1,0.497777,0,0.00213059,-0.00247326,-0.599906,-0.665479
3876,0,nan,0,0,0,1,1,0.497777,0,-0.010653,-0.00245672,-0.457105,-0.507568
3877,0,nan,0,0,0,1,1,0.497777,0,0.0319589,-0.0024612,-0.926426,-0.462451
3878,0,nan,0,0,0,1,1,0.497777,-0.0314159,0.00213059,-0.00248191,-0.601048,-0.563965
3879,0,nan,0,0,0,1,1,0.497777,0,0.00213059,-0.00250617,-0.604251,-0.552686
3880,0,nan,0,0,0,1,1,0.497681,-0.00872665,-0.0010653,-0.00252969,-0.572201,-0.563965
3881,0,nan,0,0,0,1,1,0.497681,0,0.00319589,-0.00248597,-0.613303,-0.428613
3882,0,nan,0,0,0,1,1,0.497873,0,-0.00213059,-0.0024755,-0.553329,-0.507568
3883,0,nan,0,0,0,1,1,0.497777,0,0.00745708,-0.00247697,-0.658988,-0.586523
3884,0,nan,0,0,0,1,1,0.497777,0.0122173,0.010653,-0.00248373,-0.695035,-0.597803
3885,0,nan,0,0,0,1,1,0.497681,-0.0122173,0.00852238,-0.00250866,-0.67489,-0.563965
3886,0,nan,0,0,0,1,1,0.497681,0,-0.00852238,-0.00252797,-0.489945,-0.665479
3887,0,nan,0,0,0,1,1,0.497777,0.020944,0.00213059,-0.00253064,-0.607481,-0.676758
3888,0,nan,0,0,0,1,1,0.497681,0,0.00639178,-0.00253369,-0.654757,-0.417334
3889,0,nan,0,0,0,1,1,0.497681,-0.0314159,-0.00426119,-0.00251554,-0.535178,-0.47373
3890,0,nan,0,0,0,1,1,0.497681,0,-0.00532648,-0.00249082,-0.520196,-0.563965
3891,0,nan,0,0,0,1,1,0.497777,0,0.00426119,-0.00247415,-0.623461,-0.552686
3892,0,nan,0,0,0,1,1,0.497681,-0.00872665,0.0138489,-0.00245851,-0.72686,-0.631641
3893,0,nan,0,0,0,1,1,0.497681,-0.0331613,-0.00639178,-0.00247704,-0.506659,-0.586523
3894,0,nan,0,0,0,1,1,0.497681,0.0261799,-0.0159795,-0.00248234,-0.401894,-0.552686
3895,0,nan,0,0,0,1,1,0.497681,0,0.0010653,-0.00249731,-0.591363,-0.609082
3896,0,nan,0,0,0,1,1,0.497681,-0.00872665,-0.0149142,-0.00250287,-0.416323,-0.631641
3897,0,nan,0,0,0,1,1,0.497681,0.010472,-0.00958767,-0.00254276,-0.480179,-0.721875
3898,0,nan,0,0,0,1,1,0.497585,-0.00523599,-0.010653,-0.00255342,-0.469869,-0.654199
3899,0,nan,0,0,0,1,1,0.497585,0,-0.0127836,-0.00257889,-0.449794,-0.733154
3900,0,nan,0,0,0,1,1,0.497585,0,0.00532648,-0.00254587,-0.644646,-0.586523
3901,0,nan,0,0,0,1,1,0.497585,-0.015708,-0.0170448,-0.00252574,-0.395905,-0.47373
3902,0,nan,0,0,0,1,1,0.497585,0.00349066,-0.0010653,-0.00251651,-0.570461,-0.417334
3903,0,nan,0,0,0,1,1,0.497585,-0.00174533,-0.010653,-0.00249384,-0.462005,-0.575244
3904,0,nan,0,0,0,1,1,0.497585,0.0226893,-0.00852238,-0.00242815,-0.476769,-0.394775
3905,0,nan,0,0,0,1,1,0.497585,-0.0174533,0.0191753,-0.00245228,-0.78463,-0.586523
3906,0,nan,0,0,0,1,1,0.497585,0,0.0255671,-0.00249712,-0.860859,-0.64292
3907,0,nan,0,0,0,1,1,0.497489,-0.020944,-0.00745708,-0.00248271,-0.495689,-0.541406
3908,0,nan,0,0,0,1,1,0.497585,0,-0.00213059,-0.00249137,-0.555424,-0.586523
3909,0,nan,0,0,0,1,1,0.497489,0.00523599,-0.00852238,-0.00245817,-0.480732,-0.631641
3910,0,nan,0,0,0,1,1,0.497585,0.0279253,0.00639178,-0.00244927,-0.643613,-0.406055
3911,0,nan,0,0,0,1,1,0.497489,-0.020944,0.00426119,-0.00242102,-0.616448,-0.530127
3912,0,nan,0,0,0,1,1,0.497585,0.0244346,-0.00426119,-0.00245153,-0.52673,-0.563965
3913,0,nan,0,0,0,1,1,0.497489,0,0.010653,-0.00245363,-0.691062,-0.597803
3914,0,nan,0,0,0,1,1,0.497489,0,-0.0117183,-0.0024818,-0.448697,-0.733154
3915,0,nan,0,0,0,1,1,0.497585,0.0558505,0.010653,-0.00246905,-0.693097,-0.451172
3916,0,nan,0,0,0,1,1,0.497585,-0.0331613,-0.00639178,-0.00246795,-0.505459,-0.530127
3917,0,nan,0,0,0,1,1,0.497489,0.0506145,-0.0138489,-0.00245494,-0.421715,-0.496289
3918,0,nan,0,0,0,1,1,0.497489,-0.0401426,0.0117183,-0.00241996,-0.698336,-0.496289
3919,0,nan,0,0,0,1,1,0.497489,-0.010472,0.0159795,-0.00245788,-0.750214,-0.507568
3920,0,nan,0,0,0,1,1,0.497393,-0.00698132,0.00319589,-0.00244682,-0.608136,-0.541406
3921,0,nan,0,0,0,1,1,0.497489,-0.00872665,-0.00745708,-0.00244666,-0.490931,-0.552686
3922,0,nan,0,0,0,1,1,0.497489,0,-0.00639178,-0.00242654,-0.499994,-0.530127
3923,0,nan,0,0,0,1,1,0.497489,0,0.00639178,-0.00245282,-0.644082,-0.597803
3924,0,nan,0,0,0,1,1,0.497393,0,0.00213059,-0.00248307,-0.601202,-0.733154
3925,0,nan,0,0,0,1,1,0.497393,0.0174533,-0.00213059,-0.0025136,-0.558358,-0.518848
3926,0,nan,0,0,0,1,1,0.497393,-0.010472,0.0010653,-0.00250309,-0.592126,-0.530127
3927,0,nan,0,0,0,1,1,0.497489,0,-0.0255671,-0.00245689,-0.293071,-0.47373
3928,0,nan,0,0,0,1,1,0.497489,0,-0.00213059,-0.00243142,-0.547511,-0.47373
3929,0,nan,0,0,0,1,1,0.497393,-0.0174533,-0.0159795,-0.0024249,-0.394313,-0.563965
3930,0,nan,0,0,0,1,1,0.497393,0,0.00639178,-0.00244116,-0.642543,-0.541406
3931,0,nan,0,0,0,1,1,0.497393,-0.00698132,-0.00426119,-0.00241367,-0.521732,-0.620361
3932,0,nan,0,0,0,1,1,0.497489,0.0418879,-0.0149142,-0.00240261,-0.403089,-0.563965
3933,0,nan,0,0,0,1,1,0.497393,0.00872665,0.00639178,-0.00239772,-0.636809,-0.575244
3934,0,nan,0,0,0,1,1,0.497489,0.0139626,-0.0159795,-0.00239723,-0.39066,-0.665479
3935,0,nan,0,0,0,1,1,0.497489,0.0244346,0.00426119,-0.00240921,-0.614889,-0.518848
3936,0,nan,0,0,0,1,1,0.497393,-0.0488692,0.01811,-0.00243796,-0.771022,-0.563965
3937,0,nan,0,0,0,1,1,0.497393,-0.00872665,0.00958767,-0.00244049,-0.67761,-0.64292
3938,0,nan,0,0,0,1,1,0.497393,0,-0.0159795,-0.00241847,-0.393464,-0.552686
3939,0,nan,0,0,0,1,1,0.497393,0.0191986,-0.00532648,-0.00236975,-0.504215,-0.496289
3940,0,nan,0,0,0,1,1,0.497489,0,0.01811,-0.00236078,-0.760834,-0.48501
3941,0,nan,0,0,0,1,1,0.497393,-0.00174533,0.0127836,-0.00237336,-0.703902,-0.428613
3942,0,nan,0,0,0,1,1,0.497393,0,-0.00319589,-0.00241306,-0.533369,-0.699316
3943,0,nan,0,0,0,1,1,0.497393,0.0314159,-0.00426119,-0.00242633,-0.523402,-0.64292
3944,0,nan,0,0,0,1,1,0.497297,-0.00698132,-0.00639178,-0.00245403,-0.503622,-0.631641
3945,0,nan,0,0,0,1,1,0.497393,0.020944,-0.00319589,-0.0024467,-0.537809,-0.47373
3946,0,nan,0,0,0,1,1,0.497393,-0.0122173,-0.0202406,-0.00242254,-0.347128,-0.563965
3947,0,nan,0,0,0,1,1,0.497393,0.0191986,0.0223712,-0.00245144,-0.819674,-0.586523
3948,0,nan,0,0,0,1,1,0.497297,-0.0331613,0.00532648,-0.00249263,-0.637618,-0.699316
3949,0,nan,0,0,0,1,1,0.497202,0,-0.0213059,-0.00249467,-0.344931,-0.620361
3950,0,nan,0,0,0,1,1,0.497297,0,-0.0117183,-0.00251161,-0.452631,-0.609082
3951,0,nan,0,0,0,1,1,0.497297,0,-0.0010653,-0.00252889,-0.572095,-0.631641
3952,0,nan,0,0,0,1,1,0.497202,-0.0174533,0.0010653,-0.00249779,-0.591426,-0.64292
3953,0,nan,0,0,0,1,1,0.497297,0,-0.00319589,-0.00250922,-0.546063,-0.541406
3954,0,nan,0,0,0,1,1,0.497202,0,-0.00319589,-0.00253845,-0.549921,-0.541406
3955,0,nan,0,0,0,1,1,0.497202,0.0174533,-0.0010653,-0.00248269,-0.565996,-0.383496
3956,0,nan,0,0,0,1,1,0.497297,-0.0383972,0.00852238,-0.00245465,-0.66776,-0.586523
3957,0,nan,0,0,0,1,1,0.497202,0,-0.0127836,-0.00244198,-0.431722,-0.552686
3958,0,nan,0,0,0,1,1,0.497202,0,0.00213059,-0.00245404,-0.597369,-0.428613
3959,0,nan,0,0,0,1,1,0.497106,0,0.00319589,-0.00245902,-0.609746,-0.541406
3960,0,nan,0,0,0,1,1,0.497202,0,0.00852238,-0.00246861,-0.669603,-0.609082
3961,0,nan,0,0,0,1,1,0.497202,0,0.010653,-0.00246591,-0.692683,-0.586523
3962,0,nan,0,0,0,1,1,0.497106,0,0.0170448,-0.00247305,-0.763935,-0.665479
3963,0,nan,0,0,0,1,1,0.497202,0,0.010653,-0.00247076,-0.693323,-0.48501
3964,0,nan,0,0,0,1,1,0.497202,0,-0.0202406,-0.00244509,-0.350104,-0.609082
3965,0,nan,0,0,0,1,1,0.497297,0.0174533,-0.00639178,-0.00246026,-0.504445,-0.530127
3966,0,nan,0,0,0,1,1,0.497106,-0.0296706,0.00319589,-0.0024407,-0.607328,-0.439893
3967,0,nan,0,0,0,1,1,0.497106,0,-0.00745708,-0.00243195,-0.488989,-0.507568
3968,0,nan,0,0,0,1,1,0.497202,0,-0.00213059,-0.00242448,-0.546595,-0.597803
3969,0,nan,0,0,0,1,1,0.497106,0.00174533,-0.0330242,-0.00243702,-0.208421,-0.688037
3970,0,nan,0,0,0,1,1,0.497202,0.0366519,-0.00532648,-0.00243199,-0.512432,-0.530127
3971,0,nan,0,0,0,1,1,0.497202,0,0.00745708,-0.00241698,-0.651069,-0.417334
3972,0,nan,0,0,0,1,1,0.497106,-0.0296706,0.00639178,-0.00243468,-0.641687,-0.552686
3973,0,nan,0,0,0,1,1,0.497106,0,-0.00639178,-0.00242022,-0.49916,-0.597803
3974,0,nan,0,0,0,1,1,0.497106,0,-0.0170448,-0.00242242,-0.382267,-0.597803
3975,0,nan,0,0,0,1,1,0.497202,0.0261799,-0.00745708,-0.00240617,-0.485587,-0.496289
3976,0,nan,0,0,0,1,1,0.497202,-0.0261799,0.00213059,-0.0024633,-0.598592,-0.552686
3977,0,nan,0,0,0,1,1,0.497106,0.015708,0.01811,-0.00246025,-0.773963,-0.507568
3978,0,nan,0,0,0,1,1,0.497106,-0.0279253,0.00958767,-0.0024512,-0.679023,-0.654199
3979,0,nan,0,0,0,1,1,0.497106,0,0.00852238,-0.00248151,-0.671305,-0.507568
3980,0,nan,0,0,0,1,1,0.497106,-0.0279253,0.01811,-0.00248597,-0.777359,-0.597803
3981,0,nan,0,0,0,1,1,0.49701,-0.0314159,-0.0138489,-0.00253374,-0.432116,-0.710596
3982,0,nan,0,0,0,1,1,0.49701,0.015708,-0.00213059,-0.00252503,-0.559868,-0.552686
3983,0,nan,0,0,0,1,1,0.49701,-0.0401426,-0.00319589,-0.00252964,-0.548758,-0.575244
3984,0,nan,0,0,0,1,1,0.49701,0.015708,-0.00852238,-0.00250694,-0.48717,-0.563965
3985,0,nan,0,0,0,1,1,0.49701,0,-0.00958767,-0.00251287,-0.476234,-0.530127
3986,0,nan,0,0,0,1,1,0.49701,0,0.0127836,-0.00251829,-0.723033,-0.496289
3987,0,nan,0,0,0,1,1,0.49701,-0.0174533,-0.00852238,-0.00253052,-0.490283,-0.530127
3988,0,nan,0,0,0,1,1,0.49701,0,0.00532648,-0.00254927,-0.645095,-0.541406
3989,0,nan,0,0,0,1,1,0.49701,0,-0.00958767,-0.00251312,-0.476268,-0.48501
3990,0,nan,0,0,0,1,1,0.49701,0,-0.00745708,-0.00250473,-0.498596,-0.530127
3991,0,nan,0,0,0,1,1,0.49701,0,0.00532648,-0.0024901,-0.637285,-0.688037
3992,0,nan,0,0,0,1,1,0.49701,0.00872665,0.00745708,-0.00249666,-0.661587,-0.575244
3993,0,nan,0,0,0,1,1,0.49701,-0.010472,-0.00319589,-0.00245494,-0.538898,-0.48501
3994,0,nan,0,0,0,1,1,0.49701,0,-0.0266324,-0.00245443,-0.281029,-0.710596
3995,0,nan,0,0,0,1,1,0.497106,0.0628319,-0.00532648,-0.00245227,-0.515108,-0.563965
3996,0,nan,0,0,0,1,1,0.496914,-0.0802851,0.00532648,-0.00245433,-0.632563,-0.631641
3997,0,nan,0,0,0,1,1,0.49701,0.00349066,0.00852238,-0.00244221,-0.666118,-0.47373
3998,0,nan,0,0,0,1,1,0.496914,-0.0139626,-0.0330242,-0.00241327,-0.205285,-0.518848
3999,0,nan,0,0,0,1,1,0.49701,0.0349066,0.00213059,-0.00241491,-0.592204,-0.575244
4000,0,nan,0,0,0,1,1,0.496914,-0.00349066,0.01811,-0.00237652,-0.762911,-0.417334
4001,0,nan,0,0,0,1,1,0.496914,-0.0663225,-0.00639178,-0.00238565,-0.494597,-0.620361
4002,0,nan,0,0,0,1,1,0.49701,0.0663225,-0.0138489,-0.00236578,-0.409946,-0.530127
4003,0,nan,0,0,0,1,1,0.496914,-0.0139626,-3.91384e-19,-0.00235695,-0.561117,-0.597803
4004,0,nan,0,0,0,1,1,0.496914,0.0139626,-0.00532648,-0.00232234,-0.497957,-0.496289
4005,0,nan,0,0,0,1,1,0.496914,-0.0191986,-0.00958767,-0.0023086,-0.449271,-0.496289
4006,0,nan,0,0,0,1,1,0.496914,0,0.0138489,-0.00234239,-0.711533,-0.597803
4007,0,nan,0,0,0,1,1,0.496914,0,0.00213059,-0.00233348,-0.581455,-0.47373
4008,0,nan,0,0,0,1,1,0.496914,0,0.00532648,-0.00235086,-0.618905,-0.496289
4009,0,nan,0,0,0,1,1,0.496914,-0.00349066,-0.0170448,-0.00231763,-0.368435,-0.665479
4010,0,nan,0,0,0,1,1,0.496914,0.0244346,-0.00745708,-0.00233084,-0.475643,-0.518848
4011,0,nan,0,0,0,1,1,0.496818,0,0.00532648,-0.00232595,-0.615616,-0.64292
4012,0,nan,0,0,0,1,1,0.496914,0.015708,0.0149142,-0.00232445,-0.720884,-0.620361
4013,0,nan,0,0,0,1,1,0.496914,-0.0139626,-0.0213059,-0.00234701,-0.32544,-0.586523
4014,0,nan,0,0,0,1,1,0.496818,-0.00872665,-0.00426119,-0.00235898,-0.514513,-0.609082
4015,0,nan,0,0,0,1,1,0.496818,0,0.00213059,-0.00235091,-0.583756,-0.597803
4016,0,nan,0,0,0,1,1,0.496818,0,0.00319589,-0.00236779,-0.597703,-0.597803
4017,0,nan,0,0,0,1,1,0.496818,0,-0.0138489,-0.00239068,-0.413232,-0.552686
4018,0,nan,0,0,0,1,1,0.496818,0,0.0159795,-0.0023886,-0.741069,-0.541406
4019,0,nan,0,0,0,1,1,0.496818,-0.00872665,-0.00532648,-0.00241591,-0.510309,-0.563965
4020,0,nan,0,0,0,1,1,0.496818,0,0.00532648,-0.0023904,-0.624125,-0.575244
4021,0,nan,0,0,0,1,1,0.496818,-0.0174533,-0.0149142,-0.00243161,-0.406916,-0.744434
4022,0,nan,0,0,0,1,1,0.496722,0.0401426,-0.00319589,-0.00244327,-0.537357,-0.620361
4023,0,nan,0,0,0,1,1,0.496818,-0.00872665,-0.00958767,-0.00238364,-0.459177,-0.428613
4024,0,nan,0,0,0,1,1,0.496914,0.00174533,-0.0138489,-0.00239659,-0.414012,-0.586523
4025,0,nan,0,0,0,1,1,0.496818,0.0488692,-0.01811,-0.00237143,-0.363818,-0.507568
4026,0,nan,0,0,0,1,1,0.496722,-0.0628319,-0.00745708,-0.00238864,-0.483273,-0.563965
4027,0,nan,0,0,0,1,1,0.496818,0.0122173,0.00958767,-0.00241647,-0.674439,-0.654199
4028,0,nan,0,0,0,1,1,0.496722,-0.0226893,-0.00319589,-0.00241568,-0.533716,-0.631641
4029,0,nan,0,0,0,1,1,0.496722,0,0.00639178,-0.00243306,-0.641474,-0.518848
4030,0,nan,0,0,0,1,1,0.496722,-0.00349066,-0.00958767,-0.00240725,-0.462293,-0.530127
4031,0,nan,0,0,0,1,1,0.496722,0,1.04369e-18,-0.00242421,-0.569996,-0.541406
4032,0,nan,0,0,0,1,1,0.496722,0,-0.010653,-0.00244256,-0.455235,-0.563965
4033,0,nan,0,0,0,1,1,0.496722,0,-0.00426119,-0.00247199,-0.52943,-0.676758
4034,0,nan,0,0,0,1,1,0.496626,-0.0174533,0.010653,-0.00251129,-0.698673,-0.631641
4035,0,nan,0,0,0,1,1,0.496722,0,-0.0149142,-0.00246189,-0.410913,-0.48501
4036,0,nan,0,0,0,1,1,0.496722,0,-0.01811,-0.00240323,-0.368016,-0.428613
4037,0,nan,0,0,0,1,1,0.496722,0,-0.00532648,-0.00242987,-0.512151,-0.575244
4038,0,nan,0,0,0,1,1,0.496722,0,-0.00639178,-0.00240117,-0.496644,-0.439893
4039,0,nan,0,0,0,1,1,0.496626,0,-0.0170448,-0.0024078,-0.380338,-0.676758
4040,0,nan,0,0,0,1,1,0.496626,0.0174533,0.00213059,-0.00242325,-0.593305,-0.597803
4041,0,nan,0,0,0,1,1,0.496626,0,-0.00958767,-0.0024397,-0.466576,-0.530127
4042,0,nan,0,0,0,1,1,0.496626,0,-0.0117183,-0.00241053,-0.439289,-0.530127
4043,0,nan,0,0,0,1,1,0.496722,0.00872665,-0.00745708,-0.00240877,-0.48593,-0.541406
4044,0,nan,0,0,0,1,1,0.496626,-0.0296706,0.0191753,-0.00243408,-0.782228,-0.654199
4045,0,nan,0,0,0,1,1,0.496626,0,-0.00426119,-0.00244631,-0.52604,-0.688037
4046,0,nan,0,0,0,1,1,0.496626,0.0366519,0.0202406,-0.0024483,-0.795822,-0.530127
4047,0,nan,0,0,0,1,1,0.49653,-0.0331613,-0.00958767,-0.00243507,-0.465965,-0.597803
4048,0,nan,0,0,0,1,1,0.496722,0.0383972,-0.00532648,-0.0024242,-0.511403,-0.507568
4049,0,nan,0,0,0,1,1,0.49653,0,-0.00852238,-0.00240157,-0.473261,-0.586523
4050,0,nan,0,0,0,1,1,0.496626,0.010472,0.00426119,-0.00240064,-0.613757,-0.597803
4051,0,nan,0,0,0,1,1,0.496626,0,-0.0138489,-0.00240868,-0.415608,-0.586523
4052,0,nan,0,0,0,1,1,0.496626,-0.00174533,0.0159795,-0.00236128,-0.737463,-0.518848
4053,0,nan,0,0,0,1,1,0.496626,-0.0523599,0.010653,-0.0023656,-0.679441,-0.518848
4054,0,nan,0,0,0,1,1,0.49653,0,0.0138489,-0.00239499,-0.718476,-0.733154
4055,0,nan,0,0,0,1,1,0.49653,0,0.00319589,-0.00241006,-0.603282,-0.552686
4056,0,nan,0,0,0,1,1,0.49653,0.00872665,0.00639178,-0.00238369,-0.634956,-0.518848
4057,0,nan,0,0,0,1,1,0.49653,-0.010472,-0.00213059,-0.00241222,-0.544977,-0.620361
4058,0,nan,0,0,0,1,1,0.49653,0,-0.00319589,-0.00243079,-0.535709,-0.789551
4059,0,nan,0,0,0,1,1,0.496626,0.00174533,-0.0149142,-0.00242411,-0.405927,-0.688037
4060,0,nan,0,0,0,1,1,0.49653,0.00698132,0.0213059,-0.00240121,-0.801324,-0.563965
4061,0,nan,0,0,0,1,1,0.49653,-0.0488692,-0.00319589,-0.00239377,-0.530822,-0.349658
4062,0,nan,0,0,0,1,1,0.49653,0,-0.00745708,-0.00242316,-0.48783,-0.507568
4063,0,nan,0,0,0,1,1,0.49653,0.0122173,-0.00319589,-0.0024447,-0.537545,-0.586523
4064,0,nan,0,0,0,1,1,0.49653,-0.0366519,0.0010653,-0.00241886,-0.581007,-0.586523
4065,0,nan,0,0,0,1,1,0.49653,0,-0.00852238,-0.00241902,-0.475565,-0.710596
4066,0,nan,0,0,0,1,1,0.49653,0.0366519,0.010653,-0.00243251,-0.688274,-0.563965
4067,0,nan,0,0,0,1,1,0.496435,-0.0471239,0.0159795,-0.00245948,-0.750425,-0.64292
4068,0,nan,0,0,0,1,1,0.496435,0.0244346,-0.00852238,-0.00243564,-0.477758,-0.552686
4069,0,nan,0,0,0,1,1,0.49653,0,0.00532648,-0.00238433,-0.623323,-0.48501
4070,0,nan,0,0,0,1,1,0.49653,0,-0.0010653,-0.00242219,-0.558011,-0.609082
4071,0,nan,0,0,0,1,1,0.496435,0.0558505,-0.00532648,-0.00242445,-0.511436,-0.530127
4072,0,nan,0,0,0,1,1,0.49653,-0.0174533,-0.0127836,-0.00240075,-0.42628,-0.620361
4073,0,nan,0,0,0,1,1,0.49653,0.0471239,0.0010653,-0.0024052,-0.579204,-0.462451
4074,0,nan,0,0,0,1,1,0.496435,-0.0837758,0.0159795,-0.00241969,-0.745173,-0.631641
4075,0,nan,0,0,0,1,1,0.496435,0,-0.0138489,-0.00241747,-0.416769,-0.48501
4076,0,nan,0,0,0,1,1,0.496339,-0.0331613,-0.00213059,-0.00238564,-0.541468,-0.507568
4077,0,nan,0,0,0,1,1,0.496435,0,-0.00532648,-0.00240978,-0.5095,-0.609082
4078,0,nan,0,0,0,1,1,0.496339,0,0.00639178,-0.00240922,-0.638327,-0.563965
4079,0,nan,0,0,0,1,1,0.496339,-0.0122173,0.00319589,-0.00241808,-0.604341,-0.541406
4080,0,nan,0,0,0,1,1,0.496339,0,-0.0010653,-0.00239768,-0.554776,-0.518848
4081,0,nan,0,0,0,1,1,0.496435,0,-0.00745708,-0.00243784,-0.489767,-0.586523
4082,0,nan,0,0,0,1,1,0.496339,0,0.00426119,-0.00246255,-0.62193,-0.597803
4083,0,nan,0,0,0,1,1,0.496339,0,0.00426119,-0.00243794,-0.618682,-0.631641
4084,0,nan,0,0,0,1,1,0.496339,0,-0.00426119,-0.00245368,-0.527013,-0.721875
4085,0,nan,0,0,0,1,1,0.496339,0.010472,0.0234365,-0.0024731,-0.834251,-0.64292
4086,0,nan,0,0,0,1,1,0.496339,0,0.00532648,-0.00245983,-0.633289,-0.541406
4087,0,nan,0,0,0,1,1,0.496339,-0.0174533,0.00852238,-0.00247659,-0.670656,-0.64292
4088,0,nan,0,0,0,1,1,0.496339,0.00872665,-0.00426119,-0.00250556,-0.533861,-0.654199
4089,0,nan,0,0,0,1,1,0.496339,0.00872665,0.0138489,-0.0025097,-0.733618,-0.563965
4090,0,nan,0,0,0,1,1,0.496339,-0.0139626,0.00532648,-0.00252724,-0.642187,-0.620361
4091,0,nan,0,0,0,1,1,0.496339,0,-0.0213059,-0.00251831,-0.348052,-0.654199
4092,0,nan,0,0,0,1,1,0.496339,0.00872665,-0.00639178,-0.00249895,-0.509552,-0.597803
4093,0,nan,0,0,0,1,1,0.496339,0,0.0117183,-0.002515,-0.710881,-0.48501
4094,0,nan,0,0,0,1,1,0.496339,-0.0331613,-0.00852238,-0.00250139,-0.486406,-0.597803
4095,0,nan,0,0,0,1,1,0.496339,0.0139626,-0.00958767,-0.00250175,-0.474767,-0.620361
4096,0,nan,0,0,0,1,1,0.496339,0,0.00958767,-0.00250543,-0.686181,-0.676758
4097,0,nan,0,0,0,1,1,0.496339,0,0.0149142,-0.0025519,-0.750906,-0.575244
4098,0,nan,0,0,0,1,1,0.496243,-0.0279253,-0.00639178,-0.00255644,-0.51714,-0.654199
4099,0,nan,0,0,0,1,1,0.496339,0.00523599,0.00213059,-0.00257556,-0.613411,-0.654199
4100,0,nan,0,0,0,1,1,0.496243,0,-0.00426119,-0.00253569,-0.537838,-0.48501
4101,0,nan,0,0,0,1,1,0.496339,-0.0331613,0.0010653,-0.00252082,-0.594466,-0.48501
4102,0,nan,0,0,0,1,1,0.496339,0.00872665,0.00639178,-0.00249614,-0.6498,-0.47373
4103,0,nan,0,0,0,1,1,0.496243,-0.00872665,0.00639178,-0.00252769,-0.653965,-0.563965
4104,0,nan,0,0,0,1,1,0.496243,0,-0.00639178,-0.00253516,-0.514332,-0.496289
4105,0,nan,0,0,0,1,1,0.496243,0,-0.00213059,-0.00254449,-0.562436,-0.654199
4106,0,nan,0,0,0,1,1,0.496243,0,0.01811,-0.00256415,-0.787678,-0.688037
4107,0,nan,0,0,0,1,1,0.496243,-0.0139626,-0.0276977,-0.00255952,-0.283182,-0.755713
4108,0,nan,0,0,0,1,1,0.496243,0.0314159,0.01811,-0.00254665,-0.785368,-0.48501
4109,0,nan,0,0,0,1,1,0.496147,-0.0296706,0.00745708,-0.00254871,-0.668458,-0.597803
4110,0,nan,0,0,0,1,1,0.496243,0.0314159,-0.00639178,-0.00251587,-0.511785,-0.609082
4111,0,nan,0,0,0,1,1,0.496243,0,-0.0159795,-0.00246281,-0.399317,-0.575244
4112,0,nan,0,0,0,1,1,0.496243,0,-0.00319589,-0.0024655,-0.540291,-0.597803
4113,0,nan,0,0,0,1,1,0.496147,0.00174533,0.0127836,-0.00248479,-0.718612,-0.64292
4114,0,nan,0,0,0,1,1,0.496147,0,0.00426119,-0.00253778,-0.63186,-0.778271
4115,0,nan,0,0,0,1,1,0.496147,0.00523599,0.010653,-0.00258234,-0.708051,-0.597803
4116,0,nan,0,0,0,1,1,0.496147,-0.0174533,-0.00426119,-0.00257378,-0.542866,-0.552686
4117,0,nan,0,0,0,1,1,0.496147,0,-0.00852238,-0.00254961,-0.492802,-0.575244
4118,0,nan,0,0,0,1,1,0.496147,0.010472,-0.0149142,-0.00255508,-0.423215,-0.541406
4119,0,nan,0,0,0,1,1,0.496147,0.0226893,-0.00639178,-0.00256674,-0.5185,-0.597803
4120,0,nan,0,0,0,1,1,0.496147,-0.0226893,-0.00532648,-0.00255966,-0.529284,-0.665479
4121,0,nan,0,0,0,1,1,0.496147,0.00872665,-0.00852238,-0.00259132,-0.498308,-0.688037
4122,0,nan,0,0,0,1,1,0.496051,-0.00523599,0.0138489,-0.00262322,-0.748603,-0.597803
4123,0,nan,0,0,0,1,1,0.496051,-0.0191986,0.0010653,-0.00257914,-0.602165,-0.439893
4124,0,nan,0,0,0,1,1,0.496147,0,-0.0351548,-0.00254305,-0.198979,-0.620361
4125,0,nan,0,0,0,1,1,0.496147,0.0558505,0.00745708,-0.00255678,-0.669522,-0.620361
4126,0,nan,0,0,0,1,1,0.496051,-0.0453786,-0.00639178,-0.00256492,-0.51826,-0.575244
4127,0,nan,0,0,0,1,1,0.496051,0.015708,-0.0010653,-0.00256364,-0.576683,-0.631641
4128,0,nan,0,0,0,1,1,0.496051,0,0.00532648,-0.00256036,-0.646559,-0.541406
4129,0,nan,0,0,0,1,1,0.496051,0,0.00213059,-0.00259079,-0.615421,-0.609082
4130,0,nan,0,0,0,1,1,0.496051,0,0.0010653,-0.00259234,-0.603907,-0.64292
4131,0,nan,0,0,0,1,1,0.496051,0,-0.0149142,-0.00259742,-0.428804,-0.733154
4132,0,nan,0,0,0,1,1,0.496051,0.0331613,-2.60922e-19,-0.00259816,-0.592957,-0.552686
4133,0,nan,0,0,0,1,1,0.496051,-0.015708,0.0117183,-0.0026054,-0.722814,-0.530127
4134,0,nan,0,0,0,1,1,0.496051,0,1.95692e-19,-0.00257265,-0.589589,-0.597803
4135,0,nan,0,0,0,1,1,0.496147,0,1.30461e-19,-0.00256816,-0.588998,-0.541406
4136,0,nan,0,0,0,1,1,0.496051,0,-0.028763,-0.00255423,-0.270765,-0.541406
4137,0,nan,0,0,0,1,1,0.496147,0.0261799,0.010653,-0.00256818,-0.706182,-0.620361
4138,0,nan,0,0,0,1,1,0.496051,-0.00698132,-0.00958767,-0.0025613,-0.482627,-0.48501
4139,0,nan,0,0,0,1,1,0.496051,0,-0.00319589,-0.00256358,-0.553238,-0.665479
4140,0,nan,0,0,0,1,1,0.496051,0,0.00319589,-0.0025495,-0.621689,-0.586523
4141,0,nan,0,0,0,1,1,0.496051,0,0.0127836,-0.00256009,-0.728551,-0.575244
4142,0,nan,0,0,0,1,1,0.496051,0,-0.00639178,-0.00255849,-0.517411,-0.597803
4143,0,nan,0,0,0,1,1,0.496051,0,-0.0223712,-0.00253743,-0.338857,-0.575244
4144,0,nan,0,0,0,1,1,0.496051,0,0.00319589,-0.0025463,-0.621266,-0.64292
4145,0,nan,0,0,0,1,1,0.496051,0,0.0010653,-0.00255753,-0.599312,-0.530127
4146,0,nan,0,0,0,1,1,0.496051,-0.0314159,-0.00319589,-0.00255737,-0.552417,-0.620361
4147,0,nan,0,0,0,1,1,0.496051,0.00872665,-0.00958767,-0.00257937,-0.485012,-0.631641
4148,0,nan,0,0,0,1,1,0.496051,-0.00872665,0.00319589,-0.00260422,-0.628912,-0.676758
4149,0,nan,0,0,0,1,1,0.495955,0,-0.00852238,-0.00259198,-0.498395,-0.586523
4150,0,nan,0,0,0,1,1,0.496051,0,0.0159795,-0.00260497,-0.76963,-0.575244
4151,0,nan,0,0,0,1,1,0.495955,-0.0366519,0.01811,-0.00261262,-0.794076,-0.80083
4152,0,nan,0,0,0,1,1,0.495955,0.0506145,0.00319589,-0.00265397,-0.635479,-0.744434
4153,0,nan,0,0,0,1,1,0.495955,0,0.0010653,-0.00262707,-0.608491,-0.609082
4154,0,nan,0,0,0,1,1,0.495955,0,-0.0010653,-0.00261281,-0.583172,-0.597803
4155,0,nan,0,0,0,1,1,0.495955,0,0.00213059,-0.00265749,-0.624225,-0.733154
4156,0,nan,0,0,0,1,1,0.495859,0,-0.00319589,-0.00264998,-0.564643,-0.688037
4157,0,nan,0,0,0,1,1,0.495955,0,-0.00319589,-0.00262013,-0.560702,-0.654199
4158,0,nan,0,0,0,1,1,0.495955,0.0349066,0.00852238,-0.00266163,-0.695081,-0.620361
4159,0,nan,0,0,0,1,1,0.495859,-0.015708,-0.00213059,-0.00267873,-0.580156,-0.631641
4160,0,nan,0,0,0,1,1,0.495955,0,0.00213059,-0.0027077,-0.630853,-0.64292
4161,0,nan,0,0,0,1,1,0.495763,0.0122173,-0.00639178,-0.00268943,-0.534696,-0.721875
4162,0,nan,0,0,0,1,1,0.495859,0.00872665,-0.0159795,-0.00268251,-0.428317,-0.64292
4163,0,nan,0,0,0,1,1,0.495859,0.0366519,0.0170448,-0.00267631,-0.790765,-0.563965
4164,0,nan,0,0,0,1,1,0.495859,-0.0331613,9.13229e-19,-0.00266173,-0.601349,-0.563965
4165,0,nan,0,0,0,1,1,0.495859,0,-0.01811,-0.00267251,-0.403561,-0.665479
4166,0,nan,0,0,0,1,1,0.495763,0,0.0117183,-0.00269213,-0.734262,-0.676758
4167,0,nan,0,0,0,1,1,0.495763,-0.00872665,0.0138489,-0.00271671,-0.760944,-0.609082
4168,0,nan,0,0,0,1,1,0.495763,0,0.0245018,-0.00269693,-0.875515,-0.496289
4169,0,nan,0,0,0,1,1,0.495763,-0.0506145,-0.00532648,-0.00267693,-0.544764,-0.609082
4170,0,nan,0,0,0,1,1,0.495859,0.0296706,-0.0372854,-0.00267208,-0.192575,-0.654199
4171,0,nan,0,0,0,1,1,0.495859,0.0715585,-0.00426119,-0.00266626,-0.555073,-0.620361
4172,0,nan,0,0,0,1,1,0.495859,-0.0383972,0.0223712,-0.00271775,-0.854826,-0.597803
4173,0,nan,0,0,0,1,1,0.495763,0,-0.00213059,-0.00271409,-0.584823,-0.586523
4174,0,nan,0,0,0,1,1,0.495763,0.00872665,-0.010653,-0.00273432,-0.493747,-0.586523
4175,0,nan,0,0,0,1,1,0.495763,0.015708,-0.0010653,-0.00275345,-0.601738,-0.609082
4176,0,nan,0,0,0,1,1,0.495763,-0.0174533,0.00532648,-0.00272713,-0.668573,-0.64292
4177,0,nan,0,0,0,1,1,0.495763,0,-0.01811,-0.00271751,-0.409501,-0.518848
4178,0,nan,0,0,0,1,1,0.495763,0,0.00532648,-0.00273629,-0.669781,-0.654199
4179,0,nan,0,0,0,1,1,0.495763,0,0.01811,-0.00275239,-0.812526,-0.609082
4180,0,nan,0,0,0,1,1,0.495668,-0.0261799,0.0159795,-0.00274486,-0.788095,-0.64292
4181,0,nan,0,0,0,1,1,0.495763,-0.0523599,-0.0149142,-0.00273722,-0.447257,-0.64292
4182,0,nan,0,0,0,1,1,0.495763,0.0471239,0.00426119,-0.00273587,-0.658008,-0.541406
4183,0,nan,0,0,0,1,1,0.495668,-0.0139626,-0.010653,-0.00272073,-0.491954,-0.64292
4184,0,nan,0,0,0,1,1,0.495763,0.0226893,-0.00532648,-0.00274372,-0.55358,-0.631641
4185,0,nan,0,0,0,1,1,0.495668,0.0401426,-0.00532648,-0.00273658,-0.552638,-0.688037
4186,0,nan,0,0,0,1,1,0.495668,-0.015708,-0.028763,-0.0026738,-0.286548,-0.541406
4187,0,nan,0,0,0,1,1,0.495763,0.0261799,-0.00852238,-0.00262218,-0.502382,-0.563965
4188,0,nan,0,0,0,1,1,0.495763,0,-0.00532648,-0.00264598,-0.540678,-0.575244
4189,0,nan,0,0,0,1,1,0.495668,0,0.010653,-0.00268433,-0.721514,-0.733154
4190,0,nan,0,0,0,1,1,0.495668,0,0.00213059,-0.00269953,-0.629774,-0.744434
4191,0,nan,0,0,0,1,1,0.495668,0,0.00426119,-0.00268675,-0.651523,-0.575244
4192,0,nan,0,0,0,1,1,0.495668,0.0139626,-0.00958767,-0.00268558,-0.499032,-0.631641
4193,0,nan,0,0,0,1,1,0.495668,0.0349066,-0.00213059,-0.00268402,-0.580854,-0.597803
4194,0,nan,0,0,0,1,1,0.495763,0,-0.00532648,-0.00269283,-0.546862,-0.541406
4195,0,nan,0,0,0,1,1,0.495668,0,0.0117183,-0.00276291,-0.743605,-0.80083
4196,0,nan,0,0,0,1,1,0.495572,0,0.0010653,-0.00276163,-0.626254,-0.631641
4197,0,nan,0,0,0,1,1,0.495668,-0.0279253,0.0010653,-0.0027512,-0.624877,-0.665479
4198,0,nan,0,0,0,1,1,0.495668,0.0366519,-0.0010653,-0.00268812,-0.593114,-0.541406
4199,0,nan,0,0,0,1,1,0.495668,-0.0663225,-0.0127836,-0.00269015,-0.46448,-0.676758
4200,0,nan,0,0,0,1,1,0.495668,0.0837758,-0.00213059,-0.00269868,-0.582789,-0.507568
4201,0,nan,0,0,0,1,1,0.495572,-0.0122173,0.0234365,-0.00270222,-0.864494,-0.597803
4202,0,nan,0,0,0,1,1,0.495763,0.0122173,-0.0117183,-0.00270075,-0.477599,-0.766992
4203,0,nan,0,0,0,1,1,0.495668,0.0506145,0.00958767,-0.00270238,-0.712179,-0.654199
4204,0,nan,0,0,0,1,1,0.495572,-0.0471239,0.00639178,-0.00272543,-0.680066,-0.744434
4205,0,nan,0,0,0,1,1,0.495572,0,0.0170448,-0.00271307,-0.795618,-0.631641
4206,0,nan,0,0,0,1,1,0.495572,0,6.52306e-19,-0.00273232,-0.610666,-0.688037
4207,0,nan,0,0,0,1,1,0.495572,0,0.0234365,-0.00271759,-0.866524,-0.552686
4208,0,nan,0,0,0,1,1,0.495668,0,0.00319589,-0.00272638,-0.645037,-0.676758
4209,0,nan,0,0,0,1,1,0.495572,0,-0.00426119,-0.00271219,-0.561136,-0.676758
4210,0,nan,0,0,0,1,1,0.495572,0.0122173,-0.0138489,-0.00271936,-0.456618,-0.699316
4211,0,nan,0,0,0,1,1,0.495668,0.0314159,0.0010653,-0.0027313,-0.62225,-0.609082
4212,0,nan,0,0,0,1,1,0.495572,-0.0331613,-0.00319589,-0.00274908,-0.577724,-0.744434
4213,0,nan,0,0,0,1,1,0.495572,0,0.00213059,-0.00278982,-0.641692,-0.789551
4214,0,nan,0,0,0,1,1,0.495476,0,0.00958767,-0.00280182,-0.725305,-0.710596
4215,0,nan,0,0,0,1,1,0.495572,-0.0349066,0.0117183,-0.0028406,-0.75386,-0.64292
4216,0,nan,0,0,0,1,1,0.495476,0,0.00639178,-0.00283409,-0.694409,-0.620361
4217,0,nan,0,0,0,1,1,0.495476,-0.0401426,-0.0170448,-0.00282083,-0.434857,-0.699316
4218,0,nan,0,0,0,1,1,0.495572,0.0523599,0.00532648,-0.00283903,-0.683343,-0.552686
4219,0,nan,0,0,0,1,1,0.49538,-0.00872665,5.87076e-19,-0.00277841,-0.61675,-0.541406
4220,0,nan,0,0,0,1,1,0.495668,0.00872665,0.00426119,-0.00276412,-0.661736,-0.563965
4221,0,nan,0,0,0,1,1,0.495476,0,0.00319589,-0.00281237,-0.656388,-0.721875
4222,0,nan,0,0,0,1,1,0.495476,0.0122173,-0.0127836,-0.00280669,-0.479864,-0.597803
4223,0,nan,0,0,0,1,1,0.495476,0.0279253,-0.00639178,-0.00282085,-0.552043,-0.597803
4224,0,nan,0,0,0,1,1,0.495476,-0.0366519,0.00852238,-0.00283769,-0.718321,-0.64292
4225,0,nan,0,0,0,1,1,0.495476,0,-0.00852238,-0.00283754,-0.530809,-0.597803
4226,0,nan,0,0,0,1,1,0.495476,0.00872665,-0.0223712,-0.00281947,-0.376086,-0.575244
4227,0,nan,0,0,0,1,1,0.495572,0.0226893,-0.0127836,-0.00279992,-0.47897,-0.665479
4228,0,nan,0,0,0,1,1,0.495476,-0.0122173,-0.00319589,-0.00280853,-0.585572,-0.676758
4229,0,nan,0,0,0,1,1,0.495476,0.00523599,-0.00532648,-0.00281295,-0.562718,-0.676758
4230,0,nan,0,0,0,1,1,0.495476,0,0.00639178,-0.00282049,-0.692614,-0.620361
4231,0,nan,0,0,0,1,1,0.495476,-0.00523599,0.0255671,-0.00283089,-0.904916,-0.552686
4232,0,nan,0,0,0,1,1,0.495476,-0.00872665,-0.00319589,-0.00286266,-0.592717,-0.857227
4233,0,nan,0,0,0,1,1,0.495476,0.0401426,0.00213059,-0.00286854,-0.652084,-0.665479
4234,0,nan,0,0,0,1,1,0.49538,-0.0191986,0.0149142,-0.00284481,-0.78957,-0.541406
4235,0,nan,0,0,0,1,1,0.495476,-0.0349066,0.010653,-0.00282414,-0.739969,-0.48501
4236,0,nan,0,0,0,1,1,0.495476,0,-0.00745708,-0.00282344,-0.540666,-0.597803
4237,0,nan,0,0,0,1,1,0.495476,0,0.0191753,-0.00286094,-0.838572,-0.710596
4238,0,nan,0,0,0,1,1,0.49538,0,0.00426119,-0.00290278,-0.680041,-0.778271
4239,0,nan,0,0,0,1,1,0.49538,0.00872665,0.00319589,-0.00289925,-0.667856,-0.631641
4240,0,nan,0,0,0,1,1,0.49538,0,-0.0127836,-0.00290947,-0.493431,-0.609082
4241,0,nan,0,0,0,1,1,0.495476,0.0191986,0.0010653,-0.00292378,-0.647657,-0.676758
4242,0,nan,0,0,0,1,1,0.49538,0,0.00426119,-0.00292,-0.682313,-0.496289
4243,0,nan,0,0,0,1,1,0.49538,-0.015708,-0.00426119,-0.00292762,-0.589573,-0.699316
4244,0,nan,0,0,0,1,1,0.49538,0.0279253,-0.01811,-0.00292618,-0.437045,-0.563965
4245,0,nan,0,0,0,1,1,0.49538,0.00698132,0.00745708,-0.00293685,-0.719693,-0.609082
4246,0,nan,0,0,0,1,1,0.49538,-0.010472,-0.00213059,-0.00297277,-0.61897,-0.688037
4247,0,nan,0,0,0,1,1,0.49538,0.0174533,-0.00532648,-0.0030043,-0.587976,-0.631641
4248,0,nan,0,0,0,1,1,0.49538,-0.0174533,0.00639178,-0.00300979,-0.717601,-0.631641
4249,0,nan,0,0,0,1,1,0.49538,-0.0244346,-0.00639178,-0.00301532,-0.577712,-0.744434
4250,0,nan,0,0,0,1,1,0.49538,0.0296706,0.0202406,-0.00299847,-0.868446,-0.744434
4251,0,nan,0,0,0,1,1,0.49538,-0.0244346,-0.0191753,-0.00294289,-0.427532,-0.530127
4252,0,nan,0,0,0,1,1,0.49538,0.0174533,-0.0159795,-0.00295033,-0.46367,-0.496289
4253,0,nan,0,0,0,1,1,0.49538,0,-0.010653,-0.00297377,-0.525355,-0.744434
4254,0,nan,0,0,0,1,1,0.49538,0,0.0159795,-0.0029945,-0.821048,-0.620361
4255,0,nan,0,0,0,1,1,0.495284,-0.00349066,-0.00426119,-0.00302187,-0.602014,-0.620361
4256,0,nan,0,0,0,1,1,0.495284,0,-0.00532648,-0.00303665,-0.592246,-0.541406
4257,0,nan,0,0,0,1,1,0.495284,0,0.00213059,-0.00301473,-0.671381,-0.563965
4258,0,nan,0,0,0,1,1,0.49538,-0.010472,0.00213059,-0.00304454,-0.675315,-0.710596
4259,0,nan,0,0,0,1,1,0.495284,0.0174533,0.0170448,-0.00306091,-0.841533,-0.710596
4260,0,nan,0,0,0,1,1,0.495284,-0.015708,0.0010653,-0.00306376,-0.666135,-0.676758
4261,0,nan,0,0,0,1,1,0.495284,-0.00872665,-0.00639178,-0.00305939,-0.583529,-0.631641
4262,0,nan,0,0,0,1,1,0.495284,0.00523599,-0.0010653,-0.00301537,-0.636311,-0.631641
4263,0,nan,0,0,0,1,1,0.49538,-0.00174533,-0.00639178,-0.00300014,-0.575709,-0.631641
4264,0,nan,0,0,0,1,1,0.495284,-0.0139626,0.028763,-0.00303417,-0.966904,-0.766992
4265,0,nan,0,0,0,1,1,0.495188,-0.0279253,0.00958767,-0.00302285,-0.75448,-0.586523
4266,0,nan,0,0,0,1,1,0.49538,0.020944,-0.00426119,-0.00299755,-0.598803,-0.563965
4267,0,nan,0,0,0,1,1,0.495284,0,-0.00852238,-0.0029967,-0.551818,-0.766992
4268,0,nan,0,0,0,1,1,0.495284,0,0.00426119,-0.00298801,-0.69129,-0.64292
4269,0,nan,0,0,0,1,1,0.495284,-0.00872665,0.0234365,-0.00299828,-0.903574,-0.609082
4270,0,nan,0,0,0,1,1,0.495284,0,-0.00745708,-0.00299731,-0.563617,-0.64292
4271,0,nan,0,0,0,1,1,0.495284,0,0.0149142,-0.00302766,-0.813706,-0.688037
4272,0,nan,0,0,0,1,1,0.495284,0,0.00639178,-0.00305253,-0.723243,-0.766992
4273,0,nan,0,0,0,1,1,0.495284,0,0.0010653,-0.00305019,-0.664344,-0.64292
4274,0,nan,0,0,0,1,1,0.495284,0.0122173,-0.0127836,-0.00304262,-0.511007,-0.744434
4275,0,nan,0,0,0,1,1,0.495284,0.020944,-0.00319589,-0.00305933,-0.618677,-0.755713
4276,0,nan,0,0,0,1,1,0.495188,0,0.00852238,-0.00308218,-0.750594,-0.654199
4277,0,nan,0,0,0,1,1,0.495188,-0.0191986,-0.00213059,-0.00305281,-0.629535,-0.609082
4278,0,nan,0,0,0,1,1,0.495284,0.00872665,-0.00852238,-0.00305206,-0.559125,-0.597803
4279,0,nan,0,0,0,1,1,0.495188,0,0.00852238,-0.00303367,-0.74419,-0.699316
4280,0,nan,0,0,0,1,1,0.495188,0,0.00639178,-0.00304515,-0.722269,-0.744434
4281,0,nan,0,0,0,1,1,0.495188,0,-0.00532648,-0.00306324,-0.595756,-0.778271
4282,0,nan,0,0,0,1,1,0.495188,0,-0.00958767,-0.00305153,-0.547337,-0.609082
4283,0,nan,0,0,0,1,1,0.495188,0,0.00745708,-0.00301026,-0.729383,-0.518848
4284,0,nan,0,0,0,1,1,0.49538,0,5.21845e-19,-0.00303268,-0.650313,-0.597803
4285,0,nan,0,0,0,1,1,0.495188,0.00872665,-0.00639178,-0.00309468,-0.588188,-0.834668
4286,0,nan,0,0,0,1,1,0.495188,0,-0.00426119,-0.00310319,-0.612748,-0.766992
4287,0,nan,0,0,0,1,1,0.495188,0.00698132,0.00213059,-0.00310019,-0.682661,-0.563965
4288,0,nan,0,0,0,1,1,0.495188,-0.00872665,0.00852238,-0.00309532,-0.752329,-0.518848
4289,0,nan,0,0,0,1,1,0.495188,-0.00872665,-0.00213059,-0.0031104,-0.637137,-0.710596
4290,0,nan,0,0,0,1,1,0.495188,0.00872665,-0.00213059,-0.00314953,-0.642302,-0.665479
4291,0,nan,0,0,0,1,1,0.495188,0,0.00426119,-0.00317807,-0.716378,-0.64292
4292,0,nan,0,0,0,1,1,0.495188,-0.0471239,0.00213059,-0.00316898,-0.691742,-0.710596
4293,0,nan,0,0,0,1,1,0.495188,0,-0.0245018,-0.00319066,-0.401648,-0.744434
4294,0,nan,0,0,0,1,1,0.495092,0,-0.00319589,-0.00318853,-0.635731,-0.699316
4295,0,nan,0,0,0,1,1,0.495188,0,-0.00639178,-0.00315248,-0.595817,-0.552686
4296,0,nan,0,0,0,1,1,0.495188,0,-0.0138489,-0.00318587,-0.518198,-0.688037
4297,0,nan,0,0,0,1,1,0.495188,0.0261799,0.0202406,-0.00321281,-0.896737,-0.688037
4298,0,nan,0,0,0,1,1,0.495092,-0.0645772,-0.00639178,-0.00325959,-0.609956,-0.823389
4299,0,nan,0,0,0,1,1,0.495188,0.0174533,-0.00426119,-0.00328582,-0.636855,-0.755713
4300,0,nan,0,0,0,1,1,0.495092,-0.00349066,-0.0117183,-0.00326553,-0.552149,-0.699316
4301,0,nan,0,0,0,1,1,0.495092,0,0.0266324,-0.00326375,-0.973771,-0.654199
4302,0,nan,0,0,0,1,1,0.495092,0,-0.00426119,-0.00324822,-0.631892,-0.665479
4303,0,nan,0,0,0,1,1,0.495092,-0.00174533,-0.0117183,-0.0032107,-0.544912,-0.744434
4304,0,nan,0,0,0,1,1,0.495092,0.0436332,0.00213059,-0.00320443,-0.696422,-0.64292
4305,0,nan,0,0,0,1,1,0.494996,0,0.00213059,-0.0032044,-0.696418,-0.563965
4306,0,nan,0,0,0,1,1,0.495092,0,-0.0010653,-0.00322951,-0.664577,-0.609082
4307,0,nan,0,0,0,1,1,0.494996,0.00872665,0.0010653,-0.0032753,-0.694057,-0.80083
4308,0,nan,0,0,0,1,1,0.494996,0,0.0138489,-0.00330909,-0.839137,-0.755713
4309,0,nan,0,0,0,1,1,0.494996,0,0.00319589,-0.00331679,-0.722971,-0.64292
4310,0,nan,0,0,0,1,1,0.494996,-0.00872665,-0.0117183,-0.00328077,-0.554161,-0.541406
4311,0,nan,0,0,0,1,1,0.495092,0,0.00213059,-0.00328438,-0.706974,-0.80083
4312,0,nan,0,0,0,1,1,0.494996,0.0366519,-0.00319589,-0.00329431,-0.649695,-0.64292
4313,0,nan,0,0,0,1,1,0.494996,-0.0174533,0.00639178,-0.00326694,-0.751545,-0.620361
4314,0,nan,0,0,0,1,1,0.494996,0,-0.01811,-0.00329751,-0.486061,-0.699316
4315,0,nan,0,0,0,1,1,0.494996,0.0541052,-0.00532648,-0.00330783,-0.628042,-0.699316
4316,0,nan,0,0,0,1,1,0.494996,-0.0244346,0.00745708,-0.00331104,-0.769085,-0.586523
4317,0,nan,0,0,0,1,1,0.494996,-0.00349066,-0.00532648,-0.003318,-0.629385,-0.688037
4318,0,nan,0,0,0,1,1,0.494996,-0.00349066,0.0223712,-0.00332309,-0.934732,-0.654199
4319,0,nan,0,0,0,1,1,0.494901,-0.0349066,0.00532648,-0.00331528,-0.746209,-0.609082
4320,0,nan,0,0,0,1,1,0.494996,0.0244346,0.0010653,-0.00330483,-0.697956,-0.665479
4321,0,nan,0,0,0,1,1,0.494996,-0.00872665,0.0127836,-0.00332064,-0.828944,-0.654199
4322,0,nan,0,0,0,1,1,0.494996,0.00349066,0.00958767,-0.00335535,-0.79837,-0.699316
4323,0,nan,0,0,0,1,1,0.494901,0,0.0010653,-0.00338097,-0.708006,-0.665479
4324,0,nan,0,0,0,1,1,0.494901,0,0.00319589,-0.00338508,-0.731986,-0.609082
4325,0,nan,0,0,0,1,1,0.494901,0,0.0149142,-0.00339484,-0.862175,-0.64292
4326,0,nan,0,0,0,1,1,0.494996,0,-1.30461e-19,-0.00338897,-0.697344,-0.620361
4327,0,nan,0,0,0,1,1,0.494901,0,0.00852238,-0.00340085,-0.792658,-0.631641
4328,0,nan,0,0,0,1,1,0.494901,-0.0191986,-0.00532648,-0.00337461,-0.636857,-0.64292
4329,0,nan,0,0,0,1,1,0.494996,0,-0.010653,-0.00337555,-0.57839,-0.665479
4330,0,nan,0,0,0,1,1,0.494901,0,-0.0010653,-0.00336166,-0.68202,-0.654199
4331,0,nan,0,0,0,1,1,0.494901,0,0.0138489,-0.00339666,-0.850696,-0.688037
4332,0,nan,0,0,0,1,1,0.494901,-0.010472,-1.10892e-18,-0.00336962,-0.694789,-0.676758
4333,0,nan,0,0,0,1,1,0.494996,0,-0.0149142,-0.0033539,-0.52866,-0.654199
4334,0,nan,0,0,0,1,1,0.494901,-0.00174533,0.0138489,-0.00338245,-0.848821,-0.710596
4335,0,nan,0,0,0,1,1,0.494901,-0.0279253,0.0170448,-0.00339984,-0.886272,-0.665479
4336,0,nan,0,0,0,1,1,0.494901,0.020944,-0.00426119,-0.00340153,-0.652129,-0.778271
4337,0,nan,0,0,0,1,1,0.494901,0.015708,-0.0170448,-0.00340883,-0.512474,-0.699316
4338,0,nan,0,0,0,1,1,0.494901,-0.00872665,0,-0.00340439,-0.69938,-0.755713
4339,0,nan,0,0,0,1,1,0.494901,0,-0.00852238,-0.00336458,-0.600379,-0.676758
4340,0,nan,0,0,0,1,1,0.494901,0.0174533,0.00745708,-0.00331944,-0.770193,-0.620361
4341,0,nan,0,0,0,1,1,0.494901,-0.010472,-0.01811,-0.00332274,-0.489392,-0.721875
4342,0,nan,0,0,0,1,1,0.494901,0.015708,-0.0127836,-0.00335506,-0.552248,-0.710596
4343,0,nan,0,0,0,1,1,0.494901,0.0279253,0.0138489,-0.003365,-0.846517,-0.755713
4344,0,nan,0,0,0,1,1,0.494901,-0.020944,2.60922e-19,-0.0033745,-0.695434,-0.80083
4345,0,nan,0,0,0,1,1,0.494901,0,-0.0117183,-0.0033612,-0.564778,-0.688037
4346,0,nan,0,0,0,1,1,0.494901,-0.00174533,0.0159795,-0.0033899,-0.873241,-0.834668
4347,0,nan,0,0,0,1,1,0.494805,0,-0.00639178,-0.00339719,-0.628119,-0.631641
4348,0,nan,0,0,0,1,1,0.494901,0,0.0127836,-0.00340143,-0.839608,-0.744434
4349,0,nan,0,0,0,1,1,0.494805,0,0.01811,-0.00341689,-0.900241,-0.699316
4350,0,nan,0,0,0,1,1,0.494805,0,0.0127836,-0.00344532,-0.845401,-0.744434
4351,0,nan,0,0,0,1,1,0.494805,-0.0174533,-0.00532648,-0.00342588,-0.643625,-0.721875
4352,0,nan,0,0,0,1,1,0.494901,0.0191986,0.0159795,-0.00344155,-0.880058,-0.609082
4353,0,nan,0,0,0,1,1,0.494805,-0.020944,-4.56614e-19,-0.00342118,-0.701596,-0.665479
4354,0,nan,0,0,0,1,1,0.494805,0.00872665,-0.0138489,-0.00336646,-0.542036,-0.64292
4355,0,nan,0,0,0,1,1,0.494901,0.0174533,-0.00213059,-0.0034227,-0.67836,-0.620361
4356,0,nan,0,0,0,1,1,0.494805,-0.0331613,-0.00958767,-0.00341972,-0.595938,-0.64292
4357,0,nan,0,0,0,1,1,0.494805,0,-0.010653,-0.00343096,-0.585703,-0.755713
4358,0,nan,0,0,0,1,1,0.494805,0,0.0127836,-0.00342052,-0.842128,-0.688037
4359,0,nan,0,0,0,1,1,0.494805,-0.0331613,-0.00213059,-0.00342337,-0.678449,-0.676758
4360,0,nan,0,0,0,1,1,0.494805,0,-0.00745708,-0.00341917,-0.619302,-0.744434
4361,0,nan,0,0,0,1,1,0.494805,0.0174533,0.00745708,-0.00339302,-0.779906,-0.609082
4362,0,nan,0,0,0,1,1,0.494805,-0.00349066,0.0234365,-0.00341551,-0.958649,-0.744434
4363,0,nan,0,0,0,1,1,0.494805,0,-0.0266324,-0.00339686,-0.405428,-0.64292
4364,0,nan,0,0,0,1,1,0.494805,0,0.0138489,-0.00340235,-0.851447,-0.688037
4365,0,nan,0,0,0,1,1,0.494805,0,-0.00213059,-0.00341784,-0.677718,-0.699316
4366,0,nan,0,0,0,1,1,0.494805,-0.00349066,0.0245018,-0.00343274,-0.972642,-0.834668
4367,0,nan,0,0,0,1,1,0.494709,-0.0366519,0.00319589,-0.00349086,-0.745948,-0.812109
4368,0,nan,0,0,0,1,1,0.494709,0.00872665,0.00532648,-0.00348617,-0.768766,-0.789551
4369,0,nan,0,0,0,1,1,0.494709,0,0.0010653,-0.00345585,-0.71789,-0.631641
4370,0,nan,0,0,0,1,1,0.494805,0.00174533,0.0127836,-0.00346545,-0.848058,-0.676758
4371,0,nan,0,0,0,1,1,0.494709,-0.0244346,-0.0149142,-0.00350029,-0.547983,-0.879785
4372,0,nan,0,0,0,1,1,0.494709,0,0.00532648,-0.00351262,-0.772257,-0.665479
4373,0,nan,0,0,0,1,1,0.494613,-0.0191986,0.0138489,-0.00351644,-0.866508,-0.665479
4374,0,nan,0,0,0,1,1,0.494709,0,0.00319589,-0.00351785,-0.749511,-0.699316
4375,0,nan,0,0,0,1,1,0.494709,-0.0122173,0.01811,-0.00350968,-0.912488,-0.721875
4376,0,nan,0,0,0,1,1,0.494709,0,0.00532648,-0.00352265,-0.773581,-0.586523
4377,0,nan,0,0,0,1,1,0.494709,0,0.00958767,-0.00351377,-0.819283,-0.597803
4378,0,nan,0,0,0,1,1,0.494709,-0.00698132,-0.00426119,-0.00353756,-0.670085,-0.699316
4379,0,nan,0,0,0,1,1,0.494709,0.0453786,-0.0010653,-0.0035353,-0.704942,-0.710596
4380,0,nan,0,0,0,1,1,0.494613,-0.0453786,0.00532648,-0.00353263,-0.774899,-0.789551
4381,0,nan,0,0,0,1,1,0.494709,0,0.00745708,-0.00354547,-0.800029,-0.823389
4382,0,nan,0,0,0,1,1,0.494613,0,0.00319589,-0.00355359,-0.754229,-0.766992
4383,0,nan,0,0,0,1,1,0.494613,0,-0.0191753,-0.00355393,-0.50819,-0.733154
4384,0,nan,0,0,0,1,1,0.494613,0,-0.0010653,-0.00348973,-0.698925,-0.597803
4385,0,nan,0,0,0,1,1,0.494613,-0.0226893,-0.00319589,-0.00347925,-0.674107,-0.64292
4386,0,nan,0,0,0,1,1,0.494709,0.010472,0.00426119,-0.00350139,-0.759057,-0.733154
4387,0,nan,0,0,0,1,1,0.494613,0,-9.78459e-19,-0.00353059,-0.716038,-0.857227
4388,0,nan,0,0,0,1,1,0.494613,-0.00872665,0.0010653,-0.00355289,-0.730699,-0.834668
4389,0,nan,0,0,0,1,1,0.494613,0,-0.010653,-0.00355623,-0.602239,-0.755713
4390,0,nan,0,0,0,1,1,0.494613,0.00174533,0.00213059,-0.00355526,-0.742731,-0.631641
4391,0,nan,0,0,0,1,1,0.494613,-0.00872665,0.00426119,-0.00354217,-0.764439,-0.676758
4392,0,nan,0,0,0,1,1,0.494613,0,-0.0138489,-0.00355876,-0.567418,-0.789551
4393,0,nan,0,0,0,1,1,0.494613,0.0471239,-0.00213059,-0.00356014,-0.696503,-0.654199
4394,0,nan,0,0,0,1,1,0.494613,-0.0488692,0.0170448,-0.00363006,-0.916661,-0.778271
4395,0,nan,0,0,0,1,1,0.494517,0,0.00639178,-0.00362812,-0.799221,-0.64292
4396,0,nan,0,0,0,1,1,0.494517,-0.0139626,-0.00213059,-0.00356814,-0.697558,-0.699316
4397,0,nan,0,0,0,1,1,0.494613,0,-1.04369e-18,-0.00356205,-0.720191,-0.665479
4398,0,nan,0,0,0,1,1,0.494517,-0.0174533,0.00745708,-0.00359075,-0.806007,-0.80083
4399,0,nan,0,0,0,1,1,0.494517,0,-0.0149142,-0.00359861,-0.56096,-0.710596
4400,0,nan,0,0,0,1,1,0.494517,0,-0.00639178,-0.00358655,-0.653116,-0.710596
4401,0,nan,0,0,0,1,1,0.494517,0,-0.00426119,-0.00359409,-0.677546,-0.710596
4402,0,nan,0,0,0,1,1,0.494517,0,-0.00958767,-0.00361857,-0.622187,-0.755713
4403,0,nan,0,0,0,1,1,0.494517,0.020944,0.00532648,-0.00357994,-0.781144,-0.541406
4404,0,nan,0,0,0,1,1,0.494613,-0.010472,0.00532648,-0.00362259,-0.786773,-0.665479
4405,0,nan,0,0,0,1,1,0.494517,0.00523599,-0.00745708,-0.00363692,-0.648045,-0.755713
4406,0,nan,0,0,0,1,1,0.494517,0,0.00852238,-0.00364982,-0.825523,-0.778271
4407,0,nan,0,0,0,1,1,0.494517,0,0.00426119,-0.00364228,-0.777654,-0.733154
4408,0,nan,0,0,0,1,1,0.494517,0.015708,0.0170448,-0.003656,-0.920084,-0.721875
4409,0,nan,0,0,0,1,1,0.494517,-0.00523599,0.01811,-0.00368583,-0.935741,-0.733154
4410,0,nan,0,0,0,1,1,0.494517,0,-0.00426119,-0.00371194,-0.693103,-0.902344
4411,0,nan,0,0,0,1,1,0.494517,0.0122173,-0.0170448,-0.00368925,-0.549489,-0.823389
4412,0,nan,0,0,0,1,1,0.494421,0,0.00426119,-0.00368239,-0.782949,-0.688037
4413,0,nan,0,0,0,1,1,0.494421,-0.0174533,-0.0010653,-0.00367345,-0.723177,-0.64292
4414,0,nan,0,0,0,1,1,0.494421,-0.0139626,0.00958767,-0.00367403,-0.840436,-0.710596
4415,0,nan,0,0,0,1,1,0.494421,0,-0.00639178,-0.00368179,-0.665687,-0.778271
4416,0,nan,0,0,0,1,1,0.494421,0.0139626,-0.0127836,-0.00370222,-0.598074,-0.688037
4417,0,nan,0,0,0,1,1,0.494421,0,0.01811,-0.0036746,-0.934258,-0.80083
4418,0,nan,0,0,0,1,1,0.494517,0.0174533,-0.00319589,-0.00364844,-0.696439,-0.676758
4419,0,nan,0,0,0,1,1,0.494421,-0.00523599,-0.00213059,-0.00367923,-0.712221,-0.744434
4420,0,nan,0,0,0,1,1,0.494421,0,-5.21845e-19,-0.00369533,-0.737784,-0.789551
4421,0,nan,0,0,0,1,1,0.494421,0,0.0191753,-0.00374979,-0.955901,-0.857227
4422,0,nan,0,0,0,1,1,0.494325,-0.0226893,0.0010653,-0.00376029,-0.758077,-0.936182
4423,0,nan,0,0,0,1,1,0.494421,0,-0.0138489,-0.00374717,-0.592289,-0.766992
4424,0,nan,0,0,0,1,1,0.494421,0,-0.0191753,-0.00369927,-0.527375,-0.620361
4425,0,nan,0,0,0,1,1,0.494421,0,0.0213059,-0.00370226,-0.973063,-0.699316
4426,0,nan,0,0,0,1,1,0.494421,-0.0174533,-0.00532648,-0.00372047,-0.682511,-0.80083
4427,0,nan,0,0,0,1,1,0.494421,0.0296706,-0.0010653,-0.00373782,-0.731674,-0.699316
4428,0,nan,0,0,0,1,1,0.494325,-0.0349066,0.00852238,-0.00375224,-0.839042,-0.552686
4429,0,nan,0,0,0,1,1,0.494325,-0.0174533,-0.00958767,-0.00374226,-0.638514,-0.80083
4430,0,nan,0,0,0,1,1,0.494421,0.00523599,-0.00958767,-0.00376677,-0.641749,-0.80083
4431,0,nan,0,0,0,1,1,0.494325,0.0296706,-0.0010653,-0.00373878,-0.7318,-0.80083
4432,0,nan,0,0,0,1,1,0.494421,0.00174533,0.00745708,-0.00377028,-0.829705,-0.699316
4433,0,nan,0,0,0,1,1,0.494229,0.00523599,0.0159795,-0.00375026,-0.920808,-0.676758
4434,0,nan,0,0,0,1,1,0.494421,0,-0.00213059,-0.00373178,-0.719159,-0.665479
4435,0,nan,0,0,0,1,1,0.494325,0,-0.010653,-0.00370724,-0.622173,-0.699316
4436,0,nan,0,0,0,1,1,0.494325,0,0.00639178,-0.00367825,-0.805838,-0.64292
4437,0,nan,0,0,0,1,1,0.494325,-0.010472,0.00532648,-0.00369384,-0.796179,-0.778271
4438,0,nan,0,0,0,1,1,0.494325,0.00872665,-0.00745708,-0.00371399,-0.658219,-0.778271
4439,0,nan,0,0,0,1,1,0.494325,0.0122173,0.028763,-0.00370924,-1.05601,-0.699316
4440,0,nan,0,0,0,1,1,0.494325,0,0.0234365,-0.00373575,-1.00092,-0.812109
4441,0,nan,0,0,0,1,1,0.494229,-0.00872665,0.0159795,-0.00375608,-0.921577,-0.778271
4442,0,nan,0,0,0,1,1,0.494325,0.00698132,-0.0234365,-0.0037581,-0.488268,-0.834668
4443,0,nan,0,0,0,1,1,0.494325,0.0541052,0.00745708,-0.0037672,-0.829299,-0.857227
4444,0,nan,0,0,0,1,1,0.494229,-0.010472,0.0149142,-0.00373594,-0.907199,-0.823389
4445,0,nan,0,0,0,1,1,0.494229,-0.0226893,-0.010653,-0.0037263,-0.624689,-0.744434
4446,0,nan,0,0,0,1,1,0.494229,-0.0191986,-0.00426119,-0.00377302,-0.701165,-1.02642
4447,0,nan,0,0,0,1,1,0.494229,0.0506145,-0.00639178,-0.00372486,-0.671372,-0.688037
4448,0,nan,0,0,0,1,1,0.494325,0,0.0127836,-0.00371679,-0.881236,-0.710596
4449,0,nan,0,0,0,1,1,0.494229,0,0.00639178,-0.00371341,-0.81048,-0.688037
4450,0,nan,0,0,0,1,1,0.494229,-0.00174533,-0.0117183,-0.00371542,-0.611534,-0.744434
4451,0,nan,0,0,0,1,1,0.494229,0,0.010653,-0.00374157,-0.86107,-0.913623
4452,0,nan,0,0,0,1,1,0.494134,0,0.0213059,-0.00375198,-0.979627,-0.778271
4453,0,nan,0,0,0,1,1,0.494134,-0.0506145,-0.00426119,-0.00376014,-0.699465,-0.778271
4454,0,nan,0,0,0,1,1,0.494134,0.0331613,-0.00426119,-0.00376814,-0.700521,-0.778271
4455,0,nan,0,0,0,1,1,0.494134,0,-0.00532648,-0.00376514,-0.688407,-0.778271
4456,0,nan,0,0,0,1,1,0.494134,0,-0.028763,-0.00372581,-0.425414,-0.744434
4457,0,nan,0,0,0,1,1,0.494229,0.0349066,-0.00532648,-0.00375324,-0.686837,-0.733154
4458,0,nan,0,0,0,1,1,0.494038,-0.0436332,0.010653,-0.00377207,-0.865096,-0.755713
4459,0,nan,0,0,0,1,1,0.494134,0,-0.00532648,-0.00378972,-0.691651,-0.789551
4460,0,nan,0,0,0,1,1,0.494134,0.00872665,0.0127836,-0.00380326,-0.89265,-0.699316
4461,0,nan,0,0,0,1,1,0.494038,-0.015708,0.00319589,-0.00381547,-0.788797,-0.733154
4462,0,nan,0,0,0,1,1,0.494134,0.0174533,0.0255671,-0.003813,-1.03455,-0.688037
4463,0,nan,0,0,0,1,1,0.494038,-0.0261799,-0.00958767,-0.0037877,-0.644512,-0.597803
4464,0,nan,0,0,0,1,1,0.494134,0,-0.0308936,-0.0037854,-0.409843,-0.778271
4465,0,nan,0,0,0,1,1,0.494229,0.0436332,1.95692e-19,-0.0037689,-0.747495,-0.744434
4466,0,nan,0,0,0,1,1,0.494134,-0.0418879,0.010653,-0.00376329,-0.863937,-0.744434
4467,0,nan,0,0,0,1,1,0.494134,0,-0.00958767,-0.00376948,-0.642106,-0.755713
4468,0,nan,0,0,0,1,1,0.494134,0.0174533,0.00319589,-0.00380432,-0.787326,-0.688037
4469,0,nan,0,0,0,1,1,0.494038,0,0.00958767,-0.00383433,-0.861596,-0.778271
4470,0,nan,0,0,0,1,1,0.494038,0,0.00745708,-0.00382257,-0.836607,-0.80083
4471,0,nan,0,0,0,1,1,0.494134,-0.0122173,0.0010653,-0.00383015,-0.767297,-0.721875
4472,0,nan,0,0,0,1,1,0.494038,0,-0.010653,-0.00380646,-0.63527,-0.631641
4473,0,nan,0,0,0,1,1,0.494134,0,0.0170448,-0.00376086,-0.933926,-0.654199
4474,0,nan,0,0,0,1,1,0.494038,0,-0.0159795,-0.00376561,-0.571286,-0.665479
4475,0,nan,0,0,0,1,1,0.494038,0,0.00745708,-0.00379119,-0.832465,-0.823389
4476,0,nan,0,0,0,1,1,0.494038,-0.00872665,-0.0117183,-0.00382674,-0.626229,-0.834668
4477,0,nan,0,0,0,1,1,0.494038,0.0174533,0.010653,-0.0038351,-0.873416,-0.721875
4478,0,nan,0,0,0,1,1,0.494038,-0.00349066,-0.00319589,-0.0038511,-0.72319,-0.64292
4479,0,nan,0,0,0,1,1,0.494038,0.00349066,0.0319589,-0.00384591,-1.10921,-0.64292
4480,0,nan,0,0,0,1,1,0.494038,-0.0366519,-0.0149142,-0.00387567,-0.597533,-0.778271
4481,0,nan,0,0,0,1,1,0.494038,0.0349066,0.0138489,-0.00389176,-0.91605,-0.744434
4482,0,nan,0,0,0,1,1,0.493942,-0.0383972,-0.00745708,-0.00388176,-0.680364,-0.721875
4483,0,nan,0,0,0,1,1,0.494038,0.00872665,0.0138489,-0.00391974,-0.919743,-0.778271
4484,0,nan,0,0,0,1,1,0.493942,0,0.0159795,-0.00390199,-0.940837,-0.733154
4485,0,nan,0,0,0,1,1,0.493942,-0.0506145,0.0234365,-0.00392718,-1.02619,-0.744434
4486,0,nan,0,0,0,1,1,0.493942,0,0.0127836,-0.00390605,-0.906218,-0.755713
4487,0,nan,0,0,0,1,1,0.493942,-0.0331613,-0.0127836,-0.00389788,-0.6239,-0.778271
4488,0,nan,0,0,0,1,1,0.494038,0.0314159,2.21784e-18,-0.00385943,-0.759445,-0.609082
4489,0,nan,0,0,0,1,1,0.493942,-0.0174533,0.0127836,-0.00385056,-0.898894,-0.80083
4490,0,nan,0,0,0,1,1,0.494038,0.0349066,-0.010653,-0.00384343,-0.64015,-0.688037
4491,0,nan,0,0,0,1,1,0.493942,0.00523599,0.0117183,-0.00382886,-0.88431,-0.845947
4492,0,nan,0,0,0,1,1,0.493942,0,-0.00213059,-0.00384371,-0.733933,-0.834668
4493,0,nan,0,0,0,1,1,0.493942,0.0174533,0.0127836,-0.00380647,-0.893073,-0.744434
4494,0,nan,0,0,0,1,1,0.494038,0.00349066,0.0127836,-0.00385548,-0.899542,-0.834668
4495,0,nan,0,0,0,1,1,0.493942,0,0.010653,-0.00391718,-0.884251,-0.947461
4496,0,nan,0,0,0,1,1,0.493846,0,-0.00426119,-0.0039031,-0.718336,-0.845947
4497,0,nan,0,0,0,1,1,0.493942,0,0.00745708,-0.00387239,-0.843183,-0.80083
4498,0,nan,0,0,0,1,1,0.493942,0.0261799,0.00745708,-0.00392927,-0.850692,-0.80083
4499,0,nan,0,0,0,1,1,0.493846,0,-0.00958767,-0.00393595,-0.664081,-0.80083
4500,0,nan,0,0,0,1,1,0.493846,0,0.01811,-0.00385186,-0.957656,-0.417334
4501,0,nan,0,0,0,1,1,0.493846,-0.101229,-0.00426119,-0.00389031,-0.716647,-0.744434
4502,0,nan,0,0,0,1,1,0.493846,0.00698132,-0.00745708,-0.00386566,-0.67824,-0.857227
4503,0,nan,0,0,0,1,1,0.493942,0,0.00745708,-0.00383959,-0.838853,-0.710596
4504,0,nan,0,0,0,1,1,0.493846,0,0.0159795,-0.00381272,-0.929053,-0.733154
4505,0,nan,0,0,0,1,1,0.493846,-0.0401426,-0.0202406,-0.00378952,-0.527569,-0.744434
4506,0,nan,0,0,0,1,1,0.493846,0.0296706,0.00745708,-0.00383897,-0.838772,-0.710596
4507,0,nan,0,0,0,1,1,0.49375,0,-0.0138489,-0.00386019,-0.607207,-0.789551
4508,0,nan,0,0,0,1,1,0.493846,-0.00174533,0.00852238,-0.00386065,-0.853352,-0.902344
4509,0,nan,0,0,0,1,1,0.493846,0,-0.0234365,-0.00384622,-0.4999,-0.823389
4510,0,nan,0,0,0,1,1,0.49375,0.00174533,0.00532648,-0.00384931,-0.8167,-0.789551
4511,0,nan,0,0,0,1,1,0.49375,-0.0174533,-0.00319589,-0.00382532,-0.719787,-0.812109
4512,0,nan,0,0,0,1,1,0.493846,0.0244346,0.00958767,-0.00381312,-0.858796,-0.744434
4513,0,nan,0,0,0,1,1,0.49375,-0.00872665,-1.36984e-18,-0.0038031,-0.752009,-0.676758
4514,0,nan,0,0,0,1,1,0.49375,0,0.010653,-0.00377248,-0.86515,-0.654199
4515,0,nan,0,0,0,1,1,0.49375,-0.00698132,0.00958767,-0.00377128,-0.853273,-0.733154
4516,0,nan,0,0,0,1,1,0.493846,0,0.00426119,-0.0038076,-0.799476,-0.812109
4517,0,nan,0,0,0,1,1,0.49375,0.0349066,-3.26153e-19,-0.00380863,-0.752739,-0.721875
4518,0,nan,0,0,0,1,1,0.49375,-0.0331613,-0.0127836,-0.00377815,-0.608096,-0.755713
4519,0,nan,0,0,0,1,1,0.493846,0.00872665,0.010653,-0.00374808,-0.861929,-0.755713
4520,0,nan,0,0,0,1,1,0.49375,0,0.00426119,-0.00375015,-0.791893,-0.80083
4521,0,nan,0,0,0,1,1,0.49375,0,-0.00745708,-0.00376884,-0.665459,-0.891064
4522,0,nan,0,0,0,1,1,0.49375,0.00872665,-0.00532648,-0.00376202,-0.687995,-0.766992
4523,0,nan,0,0,0,1,1,0.49375,-0.00872665,-0.00532648,-0.00377124,-0.689213,-0.80083
4524,0,nan,0,0,0,1,1,0.49375,0.00872665,-0.0149142,-0.00376056,-0.582338,-0.834668
4525,0,nan,0,0,0,1,1,0.49375,0.00174533,-0.0010653,-0.00375873,-0.734434,-0.80083
4526,0,nan,0,0,0,1,1,0.49375,0,0.0149142,-0.0037587,-0.910205,-0.812109
4527,0,nan,0,0,0,1,1,0.49375,-0.0366519,0.0170448,-0.00381097,-0.94054,-0.744434
4528,0,nan,0,0,0,1,1,0.493654,-0.00872665,0.0117183,-0.00383765,-0.88547,-0.913623
4529,0,nan,0,0,0,1,1,0.493654,0,-0.00639178,-0.00382212,-0.68421,-0.902344
4530,0,nan,0,0,0,1,1,0.49375,0.0366519,0.0149142,-0.00380642,-0.916504,-0.721875
4531,0,nan,0,0,0,1,1,0.493654,-0.0488692,-0.00532648,-0.0038069,-0.69392,-0.766992
4532,0,nan,0,0,0,1,1,0.49375,0.0523599,0.00213059,-0.00381115,-0.776508,-0.597803
4533,0,nan,0,0,0,1,1,0.493654,-0.00174533,-0.0159795,-0.00380386,-0.576335,-0.575244
4534,0,nan,0,0,0,1,1,0.49375,0,-0.00213059,-0.00386391,-0.736599,-0.755713
4535,0,nan,0,0,0,1,1,0.493654,0.015708,-5.21845e-19,-0.00386218,-0.759808,-0.857227
4536,0,nan,0,0,0,1,1,0.493654,0,0.010653,-0.00388385,-0.879851,-0.721875
4537,0,nan,0,0,0,1,1,0.493558,0,0.0127836,-0.00391515,-0.90742,-0.834668
4538,0,nan,0,0,0,1,1,0.493654,0,-0.0223712,-0.00389688,-0.518305,-0.834668
4539,0,nan,0,0,0,1,1,0.493654,0.0244346,0.00852238,-0.0038805,-0.855972,-0.721875
4540,0,nan,0,0,0,1,1,0.493654,-0.0174533,-0.00426119,-0.00389406,-0.717143,-0.676758
4541,0,nan,0,0,0,1,1,0.493654,0,-0.0010653,-0.00389688,-0.75267,-0.778271
4542,0,nan,0,0,0,1,1,0.493654,0,0.00852238,-0.00391876,-0.861022,-0.823389
4543,0,nan,0,0,0,1,1,0.493558,0,0.0010653,-0.00392764,-0.780167,-0.676758
4544,0,nan,0,0,0,1,1,0.493654,0,0.0191753,-0.0039708,-0.985074,-0.688037
4545,0,nan,0,0,0,1,1,0.493558,-0.0139626,-0.00426119,-0.00398327,-0.728918,-0.789551
4546,0,nan,0,0,0,1,1,0.493654,0.0366519,-1.76123e-18,-0.00393341,-0.76921,-0.665479
4547,0,nan,0,0,0,1,1,0.493558,-0.0174533,0.0213059,-0.00395537,-1.00647,-0.834668
4548,0,nan,0,0,0,1,1,0.493558,0.00349066,0.0149142,-0.00393735,-0.933786,-0.744434
4549,0,nan,0,0,0,1,1,0.493558,-0.0383972,0.00958767,-0.00396047,-0.878246,-0.778271
4550,0,nan,0,0,0,1,1,0.493558,0.0279253,-0.00532648,-0.00395082,-0.712917,-0.766992
4551,0,nan,0,0,0,1,1,0.493558,-0.00872665,-0.00745708,-0.00393594,-0.687516,-0.80083
4552,0,nan,0,0,0,1,1,0.493558,0,0.0010653,-0.00392365,-0.77964,-0.766992
4553,0,nan,0,0,0,1,1,0.493558,0,0.00532648,-0.00391041,-0.824766,-0.586523
4554,0,nan,0,0,0,1,1,0.493558,0,0.00426119,-0.00393049,-0.815698,-0.733154
4555,0,nan,0,0,0,1,1,0.493462,0,0.00426119,-0.00392855,-0.815442,-0.789551
4556,0,nan,0,0,0,1,1,0.493558,0,0.00426119,-0.00390607,-0.812475,-0.778271
4557,0,nan,0,0,0,1,1,0.493558,0,-0.0010653,-0.00390434,-0.753655,-0.744434
4558,0,nan,0,0,0,1,1,0.493558,-0.00349066,0.00532648,-0.00392322,-0.826457,-0.710596
4559,0,nan,0,0,0,1,1,0.493462,0,-0.00958767,-0.00392603,-0.662771,-0.823389
4560,0,nan,0,0,0,1,1,0.493462,-0.00174533,0,-0.00393873,-0.769912,-0.80083
4561,0,nan,0,0,0,1,1,0.493462,0,0.010653,-0.00394834,-0.888364,-0.857227
4562,0,nan,0,0,0,1,1,0.493558,0.00872665,0.0191753,-0.00393789,-0.980731,-0.789551
4563,0,nan,0,0,0,1,1,0.493462,-0.0279253,-0.00745708,-0.00392054,-0.685483,-0.710596
4564,0,nan,0,0,0,1,1,0.493558,0.0174533,0.00958767,-0.00388946,-0.868874,-0.823389
4565,0,nan,0,0,0,1,1,0.493558,0,-0.028763,-0.003864,-0.443654,-0.654199
4566,0,nan,0,0,0,1,1,0.493558,0,0.00639178,-0.00386755,-0.830826,-0.676758
4567,0,nan,0,0,0,1,1,0.493558,0,-0.00532648,-0.00384857,-0.69942,-0.676758
4568,0,nan,0,0,0,1,1,0.493558,0,0.00532648,-0.00384054,-0.815543,-0.789551
4569,0,nan,0,0,0,1,1,0.493558,0,-0.00319589,-0.00383573,-0.721162,-0.710596
4570,0,nan,0,0,0,1,1,0.493558,0,-0.0127836,-0.00380359,-0.611455,-0.699316
4571,0,nan,0,0,0,1,1,0.493558,0,0.00639178,-0.00379023,-0.82062,-0.80083
4572,0,nan,0,0,0,1,1,0.493558,0.00872665,0.0234365,-0.00382919,-1.01326,-0.812109
4573,0,nan,0,0,0,1,1,0.493462,-0.015708,-0.00532648,-0.0038799,-0.703555,-0.845947
4574,0,nan,0,0,0,1,1,0.493462,0,0.00745708,-0.00387972,-0.84415,-0.891064
4575,0,nan,0,0,0,1,1,0.493462,0,0.0127836,-0.00390129,-0.90559,-0.733154
4576,0,nan,0,0,0,1,1,0.493462,0,-2.02215e-18,-0.00393931,-0.769989,-0.857227
4577,0,nan,0,0,0,1,1,0.493462,0,0.00213059,-0.0039671,-0.797094,-0.845947
4578,0,nan,0,0,0,1,1,0.493367,-0.0244346,0.00852238,-0.00394823,-0.864912,-0.823389
4579,0,nan,0,0,0,1,1,0.493462,-0.0488692,-0.00639178,-0.00398175,-0.705282,-0.947461
4580,0,nan,0,0,0,1,1,0.493367,0.0610865,-0.00745708,-0.00397128,-0.692181,-0.744434
4581,0,nan,0,0,0,1,1,0.493367,-0.00872665,0.00958767,-0.00398527,-0.88152,-0.80083
4582,0,nan,0,0,0,1,1,0.493367,0,-0.00745708,-0.00394935,-0.689286,-0.733154
4583,0,nan,0,0,0,1,1,0.493367,0,0.0010653,-0.00395289,-0.783499,-0.823389
4584,0,nan,0,0,0,1,1,0.493367,0.00872665,0.0010653,-0.00397546,-0.78648,-0.755713
4585,0,nan,0,0,0,1,1,0.493271,0,-0.0127836,-0.00396507,-0.63277,-0.744434
4586,0,nan,0,0,0,1,1,0.493367,0,0.00639178,-0.00397182,-0.84459,-0.721875
4587,0,nan,0,0,0,1,1,0.493367,-0.0174533,-0.010653,-0.00398462,-0.658787,-0.879785
4588,0,nan,0,0,0,1,1,0.493367,0.0471239,-0.0010653,-0.00399463,-0.765572,-0.665479
4589,0,nan,0,0,0,1,1,0.493271,-0.00872665,0.0245018,-0.00402315,-1.05058,-0.812109
4590,0,nan,0,0,0,1,1,0.493271,-0.00872665,0.0117183,-0.00407093,-0.916263,-0.823389
4591,0,nan,0,0,0,1,1,0.493271,-0.00174533,-0.0138489,-0.00401597,-0.62777,-0.631641
4592,0,nan,0,0,0,1,1,0.493367,0,0.00852238,-0.00399259,-0.870769,-0.755713
4593,0,nan,0,0,0,1,1,0.493271,0,0.0127836,-0.00396439,-0.913919,-0.721875
4594,0,nan,0,0,0,1,1,0.493271,0,0.00426119,-0.00396364,-0.820074,-0.789551
4595,0,nan,0,0,0,1,1,0.493271,0,0.00745708,-0.00395484,-0.854067,-0.744434
4596,0,nan,0,0,0,1,1,0.493271,-0.0174533,0.010653,-0.00395517,-0.889265,-0.755713
4597,0,nan,0,0,0,1,1,0.493271,0,-0.010653,-0.00396352,-0.656002,-0.778271
4598,0,nan,0,0,0,1,1,0.493271,0,-0.0255671,-0.00397632,-0.493636,-0.789551
4599,0,nan,0,0,0,1,1,0.493271,0.0349066,-0.0223712,-0.00395654,-0.52618,-0.823389
4600,0,nan,0,0,0,1,1,0.493271,-0.020944,0.00426119,-0.00395121,-0.818433,-0.688037
4601,0,nan,0,0,0,1,1,0.493271,0,-0.00958767,-0.00396812,-0.668328,-0.812109
4602,0,nan,0,0,0,1,1,0.493175,0,0.0138489,-0.00395367,-0.924222,-0.64292
4603,0,nan,0,0,0,1,1,0.493175,-0.0366519,-0.0117183,-0.0039489,-0.642353,-0.823389
4604,0,nan,0,0,0,1,1,0.493175,0.0366519,0.00213059,-0.00395173,-0.795065,-0.710596
4605,0,nan,0,0,0,1,1,0.493175,-0.0226893,0.010653,-0.00394067,-0.887351,-0.834668
4606,0,nan,0,0,0,1,1,0.493271,0.0331613,-0.00319589,-0.00398752,-0.741198,-0.812109
4607,0,nan,0,0,0,1,1,0.493175,0.00872665,0.00852238,-0.00398776,-0.87013,-0.721875
4608,0,nan,0,0,0,1,1,0.493175,-0.0296706,-0.010653,-0.00396621,-0.656357,-0.733154
4609,0,nan,0,0,0,1,1,0.493175,0.0122173,-0.0117183,-0.00396284,-0.644194,-0.812109
4610,0,nan,0,0,0,1,1,0.493175,0,0.00426119,-0.00397713,-0.821854,-0.823389
4611,0,nan,0,0,0,1,1,0.493175,0,-0.0010653,-0.00398532,-0.764344,-0.812109
4612,0,nan,0,0,0,1,1,0.493175,0,0.00319589,-0.00398671,-0.811401,-0.744434
4613,0,nan,0,0,0,1,1,0.493175,-0.0174533,-0.00426119,-0.00401876,-0.733603,-0.857227
4614,0,nan,0,0,0,1,1,0.493079,0,0.0010653,-0.00406257,-0.797977,-0.755713
4615,0,nan,0,0,0,1,1,0.493079,0,-0.00745708,-0.00405314,-0.702987,-0.834668
4616,0,nan,0,0,0,1,1,0.493175,0.0139626,0.00319589,-0.00402616,-0.816608,-0.823389
4617,0,nan,0,0,0,1,1,0.493079,0,0.00958767,-0.00405116,-0.890217,-0.868506
4618,0,nan,0,0,0,1,1,0.493079,-0.010472,1.30461e-19,-0.00405758,-0.7856,-0.755713
4619,0,nan,0,0,0,1,1,0.493079,0,-0.0138489,-0.00404772,-0.631961,-0.710596
4620,0,nan,0,0,0,1,1,0.493079,0,-0.01811,-0.00399584,-0.57824,-0.688037
4621,0,nan,0,0,0,1,1,0.493175,0,-0.00639178,-0.00401345,-0.709466,-0.654199
4622,0,nan,0,0,0,1,1,0.492983,-0.0331613,0.00745708,-0.0040537,-0.867117,-0.733154
4623,0,nan,0,0,0,1,1,0.492983,0,-0.0010653,-0.00405674,-0.773772,-0.924902
4624,0,nan,0,0,0,1,1,0.493079,0.0296706,-0.00958767,-0.00402762,-0.676182,-0.676758
4625,0,nan,0,0,0,1,1,0.493079,0,-0.00639178,-0.00399132,-0.706544,-0.552686
4626,0,nan,0,0,0,1,1,0.493079,-0.00523599,0.0149142,-0.00399935,-0.94197,-0.778271
4627,0,nan,0,0,0,1,1,0.492983,-0.0174533,-0.0138489,-0.00401335,-0.627425,-0.947461
4628,0,nan,0,0,0,1,1,0.492983,0.0191986,-0.00213059,-0.00404394,-0.760363,-0.676758
4629,0,nan,0,0,0,1,1,0.492983,-0.00349066,0.00319589,-0.00408619,-0.824532,-0.902344
4630,0,nan,0,0,0,1,1,0.492983,0.00174533,0.0010653,-0.00406713,-0.798579,-0.744434
4631,0,nan,0,0,0,1,1,0.492983,-0.00174533,-5.87076e-19,-0.00403667,-0.78284,-0.665479
4632,0,nan,0,0,0,1,1,0.492983,0,0.00745708,-0.00406916,-0.869156,-0.789551
4633,0,nan,0,0,0,1,1,0.492887,0,0.00319589,-0.0040919,-0.825285,-0.766992
4634,0,nan,0,0,0,1,1,0.492887,-0.0174533,-0.0117183,-0.00404996,-0.655694,-0.845947
4635,0,nan,0,0,0,1,1,0.492983,0,-0.0234365,-0.00402269,-0.523193,-0.699316
4636,0,nan,0,0,0,1,1,0.492983,0,-0.00213059,-0.00405964,-0.762436,-0.733154
4637,0,nan,0,0,0,1,1,0.492887,0,-0.00852238,-0.00403545,-0.688934,-0.902344
4638,0,nan,0,0,0,1,1,0.492887,0.00349066,0.00745708,-0.00403623,-0.86481,-0.902344
4639,0,nan,0,0,0,1,1,0.492887,0,0.00213059,-0.00405818,-0.809116,-0.981299
4640,0,nan,0,0,0,1,1,0.492887,0.00174533,-0.0138489,-0.00403301,-0.63002,-0.823389
4641,0,nan,0,0,0,1,1,0.492887,0,0.00958767,-0.00404294,-0.889133,-0.789551
4642,0,nan,0,0,0,1,1,0.492791,0,0.00852238,-0.00406599,-0.880457,-0.766992
4643,0,nan,0,0,0,1,1,0.492791,-0.00872665,-0.00426119,-0.0040539,-0.738242,-0.812109
4644,0,nan,0,0,0,1,1,0.492887,0.0139626,-0.00745708,-0.00401298,-0.697685,-0.575244
4645,0,nan,0,0,0,1,1,0.492791,-0.0174533,0.0170448,-0.00403425,-0.970014,-0.789551
4646,0,nan,0,0,0,1,1,0.492791,0,-0.00745708,-0.00403549,-0.700657,-0.902344
4647,0,nan,0,0,0,1,1,0.492887,0,-0.010653,-0.00406317,-0.669156,-0.891064
4648,0,nan,0,0,0,1,1,0.492695,0,0.00213059,-0.00403763,-0.806404,-0.721875
4649,0,nan,0,0,0,1,1,0.492791,-0.0139626,0.0170448,-0.00404265,-0.971121,-0.744434
4650,0,nan,0,0,0,1,1,0.492791,0,0.00213059,-0.0040536,-0.808511,-0.936182
4651,0,nan,0,0,0,1,1,0.492791,0.00872665,-0.0127836,-0.00402826,-0.641112,-0.789551
4652,0,nan,0,0,0,1,1,0.492791,0,0.00532648,-0.00401196,-0.83817,-0.710596
4653,0,nan,0,0,0,1,1,0.492695,-0.0122173,-0.010653,-0.00398398,-0.658702,-0.744434
4654,0,nan,0,0,0,1,1,0.492791,0,-5.87076e-19,-0.00398605,-0.776159,-0.857227
4655,0,nan,0,0,0,1,1,0.492695,0.00872665,-0.0170448,-0.00398732,-0.588834,-0.857227
4656,0,nan,0,0,0,1,1,0.492695,-0.0174533,-0.0138489,-0.00398296,-0.623413,-0.812109
4657,0,nan,0,0,0,1,1,0.492695,0.0122173,-0.0010653,-0.00398544,-0.76436,-0.789551
4658,0,nan,0,0,0,1,1,0.492695,-0.010472,-0.0010653,-0.00398098,-0.763771,-0.823389
4659,0,nan,0,0,0,1,1,0.492695,0,0.00639178,-0.00398645,-0.84652,-0.778271
4660,0,nan,0,0,0,1,1,0.492695,0,0.00639178,-0.00397257,-0.844688,-0.64292
4661,0,nan,0,0,0,1,1,0.492695,-0.0279253,0.01811,-0.00395847,-0.971729,-0.823389
4662,0,nan,0,0,0,1,1,0.492695,0.0174533,-0.00426119,-0.00395314,-0.724941,-0.902344
4663,0,nan,0,0,0,1,1,0.492695,0.0174533,0.0010653,-0.00395821,-0.784202,-0.778271
4664,0,nan,0,0,0,1,1,0.492695,-0.00349066,0.00639178,-0.00394083,-0.840499,-0.766992
4665,0,nan,0,0,0,1,1,0.492695,-0.00698132,-0.0138489,-0.00393563,-0.617166,-0.744434
4666,0,nan,0,0,0,1,1,0.492695,0.00872665,-0.00426119,-0.00393683,-0.722788,-0.710596
4667,0,nan,0,0,0,1,1,0.4926,-0.00698132,0.00319589,-0.00396015,-0.807895,-0.868506
4668,0,nan,0,0,0,1,1,0.4926,0,0.00958767,-0.00394715,-0.876488,-0.80083
4669,0,nan,0,0,0,1,1,0.4926,-0.0174533,-0.00426119,-0.00395306,-0.724931,-0.879785
4670,0,nan,0,0,0,1,1,0.4926,0.010472,-0.0149142,-0.00396651,-0.609524,-0.812109
4671,0,nan,0,0,0,1,1,0.4926,0.0296706,0.0319589,-0.00399038,-1.12828,-0.733154
4672,0,nan,0,0,0,1,1,0.492504,-0.0663225,-0.0117183,-0.00397828,-0.646232,-0.891064
4673,0,nan,0,0,0,1,1,0.4926,0.010472,-0.0266324,-0.00397695,-0.482,-0.902344
4674,0,nan,0,0,0,1,1,0.492504,0,0.0010653,-0.00393355,-0.780947,-0.710596
4675,0,nan,0,0,0,1,1,0.4926,-0.0383972,-0.00639178,-0.00390718,-0.695438,-0.563965
4676,0,nan,0,0,0,1,1,0.492504,-0.00872665,-0.00319589,-0.00394089,-0.735043,-0.755713
4677,0,nan,0,0,0,1,1,0.492408,0.00523599,-0.00319589,-0.0039763,-0.739717,-0.755713
4678,0,nan,0,0,0,1,1,0.492408,-0.0558505,0.00213059,-0.00399912,-0.80132,-0.834668
4679,0,nan,0,0,0,1,1,0.492408,0,0.00426119,-0.00394069,-0.817044,-0.699316
4680,0,nan,0,0,0,1,1,0.492504,0,-0.0010653,-0.00391771,-0.755419,-0.936182
4681,0,nan,0,0,0,1,1,0.492504,0.0139626,-0.0117183,-0.00392574,-0.639296,-0.744434
4682,0,nan,0,0,0,1,1,0.492408,-0.020944,0.0202406,-0.00392453,-0.990685,-0.654199
4683,0,nan,0,0,0,1,1,0.492312,-0.0418879,0.00426119,-0.00393485,-0.816274,-0.80083
4684,0,nan,0,0,0,1,1,0.492312,0.015708,-0.0170448,-0.00390036,-0.577355,-0.812109
4685,0,nan,0,0,0,1,1,0.492408,0.0174533,0.00532648,-0.00393675,-0.828242,-0.812109
4686,0,nan,0,0,0,1,1,0.492312,-0.0296706,0.01811,-0.00394384,-0.969797,-0.778271
4687,0,nan,0,0,0,1,1,0.492312,-0.00174533,-0.0202406,-0.00390333,-0.542593,-0.789551
4688,0,nan,0,0,0,1,1,0.492408,0.0541052,0.00319589,-0.00388335,-0.797756,-0.48501
4689,0,nan,0,0,0,1,1,0.492216,-0.0436332,0.00426119,-0.00387822,-0.808798,-0.766992
4690,0,nan,0,0,0,1,1,0.492216,0.020944,-0.00639178,-0.00389012,-0.693186,-0.823389
4691,0,nan,0,0,0,1,1,0.492216,0.00872665,0.00852238,-0.0038688,-0.854428,-0.857227
4692,0,nan,0,0,0,1,1,0.492312,0.015708,-8.47998e-19,-0.00382598,-0.755029,-0.721875
4693,0,nan,0,0,0,1,1,0.492312,0,0.00213059,-0.00380866,-0.776179,-0.676758
4694,0,nan,0,0,0,1,1,0.492216,0,-0.00319589,-0.00378689,-0.714715,-0.766992
4695,0,nan,0,0,0,1,1,0.492312,0,-0.00958767,-0.00379732,-0.645782,-0.64292
4696,0,nan,0,0,0,1,1,0.492216,0,0.00213059,-0.00381551,-0.777084,-0.631641
4697,0,nan,0,0,0,1,1,0.492216,-0.00174533,0.0202406,-0.00381738,-0.976541,-0.812109
4698,0,nan,0,0,0,1,1,0.492216,0.0279253,-0.0010653,-0.00382156,-0.742728,-0.654199
4699,0,nan,0,0,0,1,1,0.492216,0,0.00958767,-0.00382965,-0.860978,-0.80083
4700,0,nan,0,0,0,1,1,0.492216,0.00349066,0.0127836,-0.00387866,-0.902602,-0.80083
4701,0,nan,0,0,0,1,1,0.49212,-0.00349066,-0.0170448,-0.00384532,-0.57009,-0.665479
4702,0,nan,0,0,0,1,1,0.492216,0,-0.0149142,-0.00382193,-0.59044,-0.620361
4703,0,nan,0,0,0,1,1,0.492216,0.0226893,0.0255671,-0.00379893,-1.0327,-0.597803
4704,0,nan,0,0,0,1,1,0.492216,-0.0279253,-3.26153e-19,-0.00380242,-0.751919,-0.710596
4705,0,nan,0,0,0,1,1,0.492216,0,0.00532648,-0.00379369,-0.809359,-0.665479
4706,0,nan,0,0,0,1,1,0.492216,0,-0.010653,-0.00379554,-0.633829,-0.699316
4707,0,nan,0,0,0,1,1,0.49212,0,0.0223712,-0.00383211,-1.00192,-0.936182
4708,0,nan,0,0,0,1,1,0.49212,0,-0.00319589,-0.00381887,-0.718935,-0.845947
4709,0,nan,0,0,0,1,1,0.49212,0,-0.00532648,-0.00377493,-0.689699,-0.755713
4710,0,nan,0,0,0,1,1,0.49212,0,0.00745708,-0.00376305,-0.828751,-0.789551
4711,0,nan,0,0,0,1,1,0.49212,0,-0.00745708,-0.00374296,-0.662043,-0.64292
4712,0,nan,0,0,0,1,1,0.49212,0,-0.00213059,-0.0037079,-0.716006,-0.654199
4713,0,nan,0,0,0,1,1,0.49212,-0.010472,0.0117183,-0.00373908,-0.87246,-0.868506
4714,0,nan,0,0,0,1,1,0.49212,0.0279253,-0.010653,-0.00372096,-0.623983,-0.80083
4715,0,nan,0,0,0,1,1,0.49212,0,0.0138489,-0.0037522,-0.897628,-0.879785
4716,0,nan,0,0,0,1,1,0.49212,0,-0.00319589,-0.00372516,-0.706566,-0.699316
4717,0,nan,0,0,0,1,1,0.492216,-0.0261799,-0.0138489,-0.00378905,-0.597817,-0.834668
4718,0,nan,0,0,0,1,1,0.492024,0.00523599,0.0010653,-0.00377309,-0.759766,-0.586523
4719,0,nan,0,0,0,1,1,0.492024,-0.0279253,-0.0117183,-0.00375598,-0.616888,-0.755713
4720,0,nan,0,0,0,1,1,0.49212,0.00698132,0.00213059,-0.0037744,-0.771658,-0.845947
4721,0,nan,0,0,0,1,1,0.492024,0,-0.00639178,-0.00377501,-0.677991,-0.845947
4722,0,nan,0,0,0,1,1,0.492024,0,-0.00532648,-0.00378101,-0.690502,-0.699316
4723,0,nan,0,0,0,1,1,0.492024,0,0.0138489,-0.00377385,-0.900485,-0.744434
4724,0,nan,0,0,0,1,1,0.492024,-0.0139626,0.0202406,-0.00380093,-0.974369,-0.868506
4725,0,nan,0,0,0,1,1,0.491928,-0.015708,0.00319589,-0.00382442,-0.789979,-0.902344
4726,0,nan,0,0,0,1,1,0.492024,0.0244346,-0.0170448,-0.00381508,-0.566099,-0.789551
4727,0,nan,0,0,0,1,1,0.492024,0.0279253,0.0159795,-0.00379039,-0.926105,-0.699316
4728,0,nan,0,0,0,1,1,0.492024,0,-0.0213059,-0.00376438,-0.512533,-0.620361
4729,0,nan,0,0,0,1,1,0.492024,0.00872665,-0.00958767,-0.00377811,-0.643246,-0.755713
4730,0,nan,0,0,0,1,1,0.491928,-0.0261799,0.0213059,-0.00379201,-0.984911,-0.755713
4731,0,nan,0,0,0,1,1,0.491928,-0.0471239,-0.00532648,-0.00379218,-0.691976,-0.744434
4732,0,nan,0,0,0,1,1,0.492024,0.0331613,0.00532648,-0.00374998,-0.803589,-0.676758
4733,0,nan,0,0,0,1,1,0.491928,-0.0331613,0.010653,-0.00374808,-0.861929,-0.710596
4734,0,nan,0,0,0,1,1,0.491928,0,-0.00639178,-0.00374418,-0.673922,-0.789551
4735,0,nan,0,0,0,1,1,0.491928,0,0.0010653,-0.0037653,-0.758737,-0.688037
4736,0,nan,0,0,0,1,1,0.491928,-0.0191986,0.01811,-0.00378464,-0.948783,-0.834668
4737,0,nan,0,0,0,1,1,0.491928,-0.00872665,-0.0117183,-0.00378179,-0.620295,-0.766992
4738,0,nan,0,0,0,1,1,0.491928,0.015708,-0.00745708,-0.00372074,-0.65911,-0.586523
4739,0,nan,0,0,0,1,1,0.491928,-0.0314159,-0.00532648,-0.0037022,-0.680099,-0.676758
4740,0,nan,0,0,0,1,1,0.491928,0,-0.00958767,-0.00373332,-0.637334,-0.823389
4741,0,nan,0,0,0,1,1,0.491928,0.0314159,0.00319589,-0.00374177,-0.779069,-0.597803
4742,0,nan,0,0,0,1,1,0.491833,-0.0733038,-0.00426119,-0.0037795,-0.702021,-0.902344
4743,0,nan,0,0,0,1,1,0.491928,0.0349066,-0.00958767,-0.00377082,-0.642283,-0.789551
4744,0,nan,0,0,0,1,1,0.491833,-0.0226893,0.00958767,-0.0037516,-0.850676,-0.676758
4745,0,nan,0,0,0,1,1,0.491833,-0.0279253,-0.0138489,-0.00371876,-0.588538,-0.688037
4746,0,nan,0,0,0,1,1,0.491833,0,0.0138489,-0.00372317,-0.893796,-0.710596
4747,0,nan,0,0,0,1,1,0.491833,-0.0261799,-0.00213059,-0.00374158,-0.720452,-0.80083
4748,0,nan,0,0,0,1,1,0.491833,0.0558505,0.00426119,-0.00375967,-0.793149,-0.834668
4749,0,nan,0,0,0,1,1,0.491833,0,-0.00319589,-0.00375498,-0.710503,-0.721875
4750,0,nan,0,0,0,1,1,0.491833,0,-0.00319589,-0.00370914,-0.704452,-0.654199
4751,0,nan,0,0,0,1,1,0.491833,0,-0.0127836,-0.00372008,-0.600431,-0.755713
4752,0,nan,0,0,0,1,1,0.491737,-0.00349066,-0.00213059,-0.00370349,-0.715424,-0.80083
4753,0,nan,0,0,0,1,1,0.491833,0,0.0159795,-0.00370469,-0.914793,-0.620361
4754,0,nan,0,0,0,1,1,0.491737,-0.0401426,-0.00745708,-0.00368536,-0.65444,-0.812109
4755,0,nan,0,0,0,1,1,0.491833,0.00349066,-0.00745708,-0.00366995,-0.652405,-0.676758
4756,0,nan,0,0,0,1,1,0.491833,0.0174533,0.0191753,-0.00368603,-0.947485,-0.597803
4757,0,nan,0,0,0,1,1,0.491737,-0.0296706,-0.00213059,-0.00367024,-0.711035,-0.631641
4758,0,nan,0,0,0,1,1,0.491833,0.0174533,-0.0159795,-0.00363923,-0.554605,-0.64292
4759,0,nan,0,0,0,1,1,0.491833,0,-0.00532648,-0.0036156,-0.668668,-0.80083
4760,0,nan,0,0,0,1,1,0.491833,0.0558505,-0.00213059,-0.00359232,-0.700749,-0.586523
4761,0,nan,0,0,0,1,1,0.491737,-0.0349066,0.0213059,-0.00363506,-0.964194,-0.721875
4762,0,nan,0,0,0,1,1,0.491833,0.0314159,0.00426119,-0.00368655,-0.783497,-0.834668
4763,0,nan,0,0,0,1,1,0.491737,0,0.0234365,-0.00374054,-1.00155,-0.744434
4764,0,nan,0,0,0,1,1,0.491737,0,-0.00639178,-0.0037469,-0.674282,-0.755713
4765,0,nan,0,0,0,1,1,0.491833,0.0191986,-0.00319589,-0.00373651,-0.708065,-0.721875
4766,0,nan,0,0,0,1,1,0.491737,-0.020944,-0.0223712,-0.0037171,-0.494573,-0.710596
4767,0,nan,0,0,0,1,1,0.491833,0.0279253,0.00532648,-0.00370094,-0.797115,-0.710596
4768,0,nan,0,0,0,1,1,0.491737,-0.00872665,0.00319589,-0.00371355,-0.775344,-0.778271
4769,0,nan,0,0,0,1,1,0.491737,0,-0.00426119,-0.00372325,-0.694596,-0.744434
4770,0,nan,0,0,0,1,1,0.491737,0,0.0202406,-0.00371631,-0.963201,-0.64292
4771,0,nan,0,0,0,1,1,0.491737,-0.0261799,0.0138489,-0.00374059,-0.896095,-0.812109
4772,0,nan,0,0,0,1,1,0.491737,0,-0.0159795,-0.00372542,-0.565982,-0.812109
4773,0,nan,0,0,0,1,1,0.491833,0.010472,-0.0127836,-0.00368765,-0.59615,-0.64292
4774,0,nan,0,0,0,1,1,0.491737,-0.0122173,-0.00319589,-0.00368249,-0.700933,-0.755713
4775,0,nan,0,0,0,1,1,0.491737,0,0.00319589,-0.00367009,-0.769607,-0.597803
4776,0,nan,0,0,0,1,1,0.491737,-0.0279253,0.0234365,-0.00369426,-0.995444,-0.721875
4777,0,nan,0,0,0,1,1,0.491641,-0.0349066,-0.00426119,-0.00371138,-0.693029,-0.721875
4778,0,nan,0,0,0,1,1,0.491737,0.0314159,0.00426119,-0.00374448,-0.791145,-0.80083
4779,0,nan,0,0,0,1,1,0.491641,0.00698132,0.00852238,-0.00375462,-0.839356,-0.676758
4780,0,nan,0,0,0,1,1,0.491737,-0.00174533,-0.0117183,-0.00371153,-0.611021,-0.744434
4781,0,nan,0,0,0,1,1,0.491737,0.00698132,-0.00426119,-0.00367941,-0.688809,-0.665479
4782,0,nan,0,0,0,1,1,0.491737,-0.010472,-0.0117183,-0.00369253,-0.608513,-0.80083
4783,0,nan,0,0,0,1,1,0.491737,0.0436332,0.00532648,-0.00367204,-0.793301,-0.755713
4784,0,nan,0,0,0,1,1,0.491737,0,-0.00426119,-0.00364633,-0.684443,-0.688037
4785,0,nan,0,0,0,1,1,0.491737,0,-0.0149142,-0.00363923,-0.566322,-0.80083
4786,0,nan,0,0,0,1,1,0.491737,0,0.0138489,-0.00367123,-0.88694,-0.64292
4787,0,nan,0,0,0,1,1,0.491641,-0.0122173,0.0117183,-0.00368346,-0.865118,-0.721875
4788,0,nan,0,0,0,1,1,0.491737,0,0.0010653,-0.00367632,-0.746993,-0.744434
4789,0,nan,0,0,0,1,1,0.491641,0,-0.00213059,-0.00368536,-0.713031,-0.710596
4790,0,nan,0,0,0,1,1,0.491737,0,-0.010653,-0.00363815,-0.613054,-0.64292
4791,0,nan,0,0,0,1,1,0.491737,0,0.0202406,-0.00364134,-0.953304,-0.665479
4792,0,nan,0,0,0,1,1,0.491737,-0.00349066,0.00639178,-0.00365049,-0.802174,-0.80083
4793,0,nan,0,0,0,1,1,0.491641,0,0.00639178,-0.00365733,-0.803077,-0.80083
4794,0,nan,0,0,0,1,1,0.491641,0.010472,0.0138489,-0.0036457,-0.88357,-0.620361
4795,0,nan,0,0,0,1,1,0.491641,-0.0401426,-0.0138489,-0.00365355,-0.579931,-0.766992
4796,0,nan,0,0,0,1,1,0.491641,0.0261799,-0.0138489,-0.00364945,-0.57939,-0.744434
4797,0,nan,0,0,0,1,1,0.491641,0.0383972,0.0117183,-0.0036335,-0.858523,-0.620361
4798,0,nan,0,0,0,1,1,0.491737,-0.0191986,-0.00639178,-0.00362606,-0.65833,-0.654199
4799,0,nan,0,0,0,1,1,0.491641,0.0122173,-0.00532648,-0.0036569,-0.67412,-0.789551
4800,0,nan,0,0,0,1,1,0.491641,-0.0174533,-0.00745708,-0.00363044,-0.647191,-0.654199
4801,0,nan,0,0,0,1,1,0.491737,0,-0.0010653,-0.00364064,-0.718846,-0.631641
4802,0,nan,0,0,0,1,1,0.491641,-0.0174533,0.0010653,-0.00360819,-0.737999,-0.541406
4803,0,nan,0,0,0,1,1,0.491641,-0.020944,0.0149142,-0.00365567,-0.896604,-0.823389
4804,0,nan,0,0,0,1,1,0.491545,0,-0.00639178,-0.00367342,-0.664582,-0.789551
4805,0,nan,0,0,0,1,1,0.491641,0,0.00426119,-0.00363755,-0.777029,-0.744434
4806,0,nan,0,0,0,1,1,0.491641,0.00349066,-0.00532648,-0.00365379,-0.673709,-0.936182
4807,0,nan,0,0,0,1,1,0.491641,0.0279253,-0.0127836,-0.00369124,-0.596624,-0.778271
4808,0,nan,0,0,0,1,1,0.491545,0,-0.0149142,-0.00366181,-0.569303,-0.766992
4809,0,nan,0,0,0,1,1,0.491641,0.0122173,-0.00745708,-0.00362365,-0.646294,-0.766992
4810,0,nan,0,0,0,1,1,0.491641,0.00872665,-0.01811,-0.00363162,-0.530163,-0.823389
4811,0,nan,0,0,0,1,1,0.491641,0.0191986,0.010653,-0.00365891,-0.850158,-0.834668
4812,0,nan,0,0,0,1,1,0.491545,-0.00349066,0.00532648,-0.00369754,-0.796667,-0.845947
4813,0,nan,0,0,0,1,1,0.491641,0,-0.010653,-0.00366482,-0.616573,-0.64292
4814,0,nan,0,0,0,1,1,0.491641,0,-0.0127836,-0.00371374,-0.599594,-0.845947
4815,0,nan,0,0,0,1,1,0.491545,0.0488692,-0.0010653,-0.00374506,-0.73263,-0.868506
4816,0,nan,0,0,0,1,1,0.491449,-0.0279253,0.00532648,-0.00375508,-0.804262,-0.733154
4817,0,nan,0,0,0,1,1,0.491545,-0.015708,-0.00958767,-0.00373,-0.636896,-0.789551
4818,0,nan,0,0,0,1,1,0.491545,0.0261799,-0.0127836,-0.00369718,-0.597408,-0.710596
4819,0,nan,0,0,0,1,1,0.491545,0,0.01811,-0.00369714,-0.937233,-0.733154
4820,0,nan,0,0,0,1,1,0.491545,-0.0174533,0.00213059,-0.0036962,-0.761335,-0.597803
4821,0,nan,0,0,0,1,1,0.491545,-0.00174533,-0.0149142,-0.0037097,-0.575625,-0.879785
4822,0,nan,0,0,0,1,1,0.491545,0.0191986,-0.00639178,-0.00372242,-0.67105,-0.676758
4823,0,nan,0,0,0,1,1,0.491449,0,0.00852238,-0.00371652,-0.834327,-0.654199
4824,0,nan,0,0,0,1,1,0.491545,0,0.0138489,-0.00370448,-0.891329,-0.755713
4825,0,nan,0,0,0,1,1,0.491545,0,-0.0149142,-0.00364701,-0.56735,-0.766992
4826,0,nan,0,0,0,1,1,0.491545,0.020944,-0.0010653,-0.00367004,-0.722728,-0.812109
4827,0,nan,0,0,0,1,1,0.491545,0.0436332,-0.00745708,-0.00368488,-0.654376,-0.541406
4828,0,nan,0,0,0,1,1,0.491449,-0.0802851,-0.0191753,-0.00368241,-0.525149,-0.80083
4829,0,nan,0,0,0,1,1,0.491641,0.0349066,-0.00745708,-0.00365287,-0.65015,-0.609082
4830,0,nan,0,0,0,1,1,0.491545,-0.0349066,-0.0159795,-0.00365592,-0.556808,-0.64292
4831,0,nan,0,0,0,1,1,0.491545,0.0244346,0.0149142,-0.00367352,-0.89896,-0.665479
4832,0,nan,0,0,0,1,1,0.491449,-0.0191986,0.0117183,-0.00367434,-0.863913,-0.575244
4833,0,nan,0,0,0,1,1,0.491449,-0.0244346,0.00319589,-0.00370195,-0.773812,-0.721875
4834,0,nan,0,0,0,1,1,0.491449,0.015708,0.0117183,-0.003726,-0.870733,-0.631641
4835,0,nan,0,0,0,1,1,0.491449,0,0.0266324,-0.00368234,-1.02903,-0.597803
4836,0,nan,0,0,0,1,1,0.491545,0,0.00745708,-0.00363964,-0.812461,-0.688037
4837,0,nan,0,0,0,1,1,0.491449,0,-0.0159795,-0.00363928,-0.55461,-0.710596
4838,0,nan,0,0,0,1,1,0.491449,0,0.0138489,-0.00366695,-0.886375,-0.676758
4839,0,nan,0,0,0,1,1,0.491449,-0.00174533,-0.0159795,-0.00364404,-0.55524,-0.597803
4840,0,nan,0,0,0,1,1,0.491545,0,0.0308936,-0.00364337,-1.07075,-0.789551
4841,0,nan,0,0,0,1,1,0.491449,-0.0471239,-1.95692e-19,-0.00366039,-0.733171,-0.665479
4842,0,nan,0,0,0,1,1,0.491545,0.0349066,6.52306e-19,-0.00366712,-0.73406,-0.744434
4843,0,nan,0,0,0,1,1,0.491449,0,-0.01811,-0.00360683,-0.526891,-0.699316
4844,0,nan,0,0,0,1,1,0.491545,0.00872665,0.00532648,-0.00364684,-0.789974,-0.80083
4845,0,nan,0,0,0,1,1,0.491449,0.00872665,-1.89169e-18,-0.00362966,-0.729116,-0.733154
4846,0,nan,0,0,0,1,1,0.491449,0,-0.00426119,2.09009e-06,-0.202851,-0.845947
4847,0,nan,0,0,0,1,1,0.491737,0.127409,0.00745708,5.48572e-06,-0.330061,-0.270703
4848,0,nan,0,0,0,1,1,0.491928,0,-0.00745708,1.04391e-05,-0.165243,-0.31582
4849,0,nan,0,0,0,1,1,0.491833,0.0122173,0.0213059,-5.97682e-05,-0.492255,-0.248145
4850,0,nan,0,0,0,1,1,0.491833,-0.00349066,0.028763,-0.00011773,-0.581569,-0.48501
4851,0,nan,0,0,0,1,1,0.491833,0,0.0159795,-0.00022316,-0.455231,-0.47373
4852,0,nan,0,0,0,1,1,0.491833,-0.00698132,0.00958767,-0.000289503,-0.393679,-0.31582
4853,0,nan,0,0,0,1,1,0.491928,0,-0.00639178,-0.00037881,-0.229693,-0.451172
4854,0,nan,0,0,0,1,1,0.491833,0,0.0170448,-0.000427366,-0.493905,-0.462451
4855,0,nan,0,0,0,1,1,0.491928,-0.0122173,-0.00852238,-0.000447529,-0.215328,-0.451172
4856,0,nan,0,0,0,1,1,0.491928,0,-0.00958767,-0.000408024,-0.197821,-0.338379
4857,0,nan,0,0,0,1,1,0.492024,0,-0.00639178,-0.000395603,-0.231087,-0.406055
4858,0,nan,0,0,0,1,1,0.492024,0.0139626,0.00639178,-0.000360917,-0.365882,-0.3271
4859,0,nan,0,0,0,1,1,0.49212,0,-0.00852238,-0.000358604,-0.20359,-0.338379
4860,0,nan,0,0,0,1,1,0.492024,0,-0.00852238,-0.00039299,-0.208129,-0.394775
4861,0,nan,0,0,0,1,1,0.492024,0.00349066,0.00745708,-0.000395183,-0.384192,-0.338379
4862,0,nan,0,0,0,1,1,0.492024,0,0.0202406,-0.000449155,-0.531936,-0.417334
4863,0,nan,0,0,0,1,1,0.492024,-0.00698132,0.0149142,-0.000482184,-0.477671,-0.417334
4864,0,nan,0,0,0,1,1,0.492024,0.0261799,0.00213059,-0.000492356,-0.338428,-0.349658
4865,0,nan,0,0,0,1,1,0.492024,-0.00872665,0.00958767,-0.000504023,-0.421995,-0.293262
4866,0,nan,0,0,0,1,1,0.49212,0,-0.00426119,-0.000522758,-0.271756,-0.372217
4867,0,nan,0,0,0,1,1,0.492024,0.0261799,0.00639178,-0.000484482,-0.382751,-0.304541
4868,0,nan,0,0,0,1,1,0.49212,0,-0.0010653,-0.000488975,-0.302826,-0.304541
4869,0,nan,0,0,0,1,1,0.492024,0,0.00426119,-0.000488886,-0.361041,-0.360938
4870,0,nan,0,0,0,1,1,0.49212,0.00872665,0.00532648,-0.0005204,-0.377284,-0.439893
4871,0,nan,0,0,0,1,1,0.492024,0,0.0149142,-0.00056264,-0.488324,-0.428613
4872,0,nan,0,0,0,1,1,0.492024,-0.0331613,0.00639178,-0.000553702,-0.39328,-0.47373
4873,0,nan,0,0,0,1,1,0.49212,0,-0.00639178,-0.000531087,-0.24965,-0.259424
4874,0,nan,0,0,0,1,1,0.49212,-0.0191986,-0.0117183,-0.000571371,-0.19652,-0.338379
4875,0,nan,0,0,0,1,1,0.49212,0.0191986,0.00213059,-0.000558104,-0.347106,-0.349658
4876,0,nan,0,0,0,1,1,0.49212,0,-0.00532648,-0.000562386,-0.265644,-0.338379
4877,0,nan,0,0,0,1,1,0.49212,0.010472,-0.00639178,-0.000552465,-0.252616,-0.338379
4878,0,nan,0,0,0,1,1,0.49212,-0.0174533,-0.0010653,-0.000569637,-0.313474,-0.406055
4879,0,nan,0,0,0,1,1,0.49212,0.00698132,-0.00213059,-0.000570081,-0.301814,-0.304541
4880,0,nan,0,0,0,1,1,0.49212,-0.0139626,0.00532648,-0.000588534,-0.386278,-0.394775
4881,0,nan,0,0,0,1,1,0.49212,0,-0.00426119,-0.000617656,-0.284554,-0.406055
4882,0,nan,0,0,0,1,1,0.49212,0,-0.00319589,-0.000608892,-0.295219,-0.293262
4883,0,nan,0,0,0,1,1,0.49212,0,-0.00532648,-0.000589229,-0.269187,-0.360938
4884,0,nan,0,0,0,1,1,0.49212,0,-0.00745708,-0.000556262,-0.240756,-0.3271
4885,0,nan,0,0,0,1,1,0.49212,0,-0.0202406,-0.000548161,-0.0997102,-0.214307
4886,0,nan,0,0,0,1,1,0.49212,0,-0.00745708,-0.000544883,-0.239749,-0.3271
4887,0,nan,0,0,0,1,1,0.49212,0,0.0159795,-0.000548169,-0.498132,-0.214307
4888,0,nan,0,0,0,1,1,0.49212,0,0.01811,-0.000570344,-0.524496,-0.248145
4889,0,nan,0,0,0,1,1,0.49212,-0.00872665,-0.00958767,-0.00056658,-0.219034,-0.394775
4890,0,nan,0,0,0,1,1,0.49212,0.0383972,0.00745708,-0.00055702,-0.405555,-0.191748
4891,0,nan,0,0,0,1,1,0.49212,-0.020944,0.0138489,-0.000602937,-0.481925,-0.3271
4892,0,nan,0,0,0,1,1,0.49212,0,0.00319589,-0.000592455,-0.363183,-0.270703
4893,0,nan,0,0,0,1,1,0.49212,0,-0.0266324,-0.000594596,-0.03553,-0.281982
4894,0,nan,0,0,0,1,1,0.49212,0.015708,0.0159795,-0.000579656,-0.50129,-0.236865
4895,0,nan,0,0,0,1,1,0.49212,-0.0226893,0.00426119,-0.000565884,-0.37157,-0.259424
4896,0,nan,0,0,0,1,1,0.492216,0.0122173,-0.010653,-0.000559292,-0.206644,-0.304541
4897,0,nan,0,0,0,1,1,0.49212,0,0.00852238,-0.000584481,-0.420898,-0.394775
4898,0,nan,0,0,0,1,1,0.49212,-0.0139626,1.23938e-18,-0.000602593,-0.329542,-0.304541
4899,0,nan,0,0,0,1,1,0.49212,0,-1.30461e-19,-0.000607576,-0.330143,-0.281982
4900,0,nan,0,0,0,1,1,0.49212,0,0.00532648,-0.000626383,-0.391274,-0.259424
4901,0,nan,0,0,0,1,1,0.49212,-0.0244346,-0.00532648,-0.000682107,-0.281447,-0.462451
4902,0,nan,0,0,0,1,1,0.492024,0,-0.00852238,-0.000685952,-0.2468,-0.338379
4903,0,nan,0,0,0,1,1,0.49212,-0.00174533,-0.00639178,-0.000673187,-0.268147,-0.428613
4904,0,nan,0,0,0,1,1,0.49212,0,-0.00319589,-0.00070718,-0.308193,-0.304541
4905,0,nan,0,0,0,1,1,0.49212,0,0.00958767,-0.000670137,-0.443734,-0.214307
4906,0,nan,0,0,0,1,1,0.49212,0,0.00852238,-0.000651017,-0.42968,-0.259424
4907,0,nan,0,0,0,1,1,0.49212,-0.00872665,-0.0159795,-0.000668808,-0.162509,-0.225586
4908,0,nan,0,0,0,1,1,0.49212,0,-0.0234365,-0.000675385,-0.0813489,-0.225586
4909,0,nan,0,0,0,1,1,0.49212,0.00872665,-0.00532648,-0.00065701,-0.278134,-0.417334
4910,0,nan,0,0,0,1,1,0.49212,0,-0.00426119,-0.000658516,-0.290051,-0.417334
4911,0,nan,0,0,0,1,1,0.49212,0.00174533,-0.00319589,-0.000674517,-0.303705,-0.372217
4912,0,nan,0,0,0,1,1,0.49212,0,0.00319589,-0.000691739,-0.376464,-0.270703
4913,0,nan,0,0,0,1,1,0.49212,0,0.01811,-0.000673706,-0.537074,-0.270703
4914,0,nan,0,0,0,1,1,0.49212,0,-0.00532648,-0.000691845,-0.282732,-0.349658
4915,0,nan,0,0,0,1,1,0.49212,0.0139626,0.00852238,-0.000701543,-0.436342,-0.417334
4916,0,nan,0,0,0,1,1,0.49212,0,-0.0149142,-0.000687771,-0.17673,-0.451172
4917,0,nan,0,0,0,1,1,0.49212,0.0261799,-0.00213059,-0.000709193,-0.320177,-0.428613
4918,0,nan,0,0,0,1,1,0.492024,-0.0296706,0.00426119,-0.000682813,-0.387004,-0.360938
4919,0,nan,0,0,0,1,1,0.49212,-0.00174533,-0.0127836,-0.000708609,-0.202917,-0.338379
4920,0,nan,0,0,0,1,1,0.492024,-0.015708,0.00426119,-0.000711509,-0.390792,-0.259424
4921,0,nan,0,0,0,1,1,0.49212,0,-0.00213059,-0.000718757,-0.321439,-0.3271
4922,0,nan,0,0,0,1,1,0.49212,-0.0174533,0.0191753,-0.000709506,-0.553835,-0.462451
4923,0,nan,0,0,0,1,1,0.49212,0,0.00213059,-0.000708439,-0.366951,-0.349658
4924,0,nan,0,0,0,1,1,0.49212,-0.00872665,0.00745708,-0.000709058,-0.425624,-0.406055
4925,0,nan,0,0,0,1,1,0.49212,0,-0.010653,-0.00071555,-0.227238,-0.439893
4926,0,nan,0,0,0,1,1,0.49212,0,-0.0223712,-0.000709029,-0.0975082,-0.406055
4927,0,nan,0,0,0,1,1,0.49212,0.00523599,-1.36984e-18,-0.000701576,-0.342608,-0.383496
4928,0,nan,0,0,0,1,1,0.49212,0,0.00426119,-0.000677573,-0.386313,-0.270703
4929,0,nan,0,0,0,1,1,0.49212,-0.0244346,0.028763,-0.000725567,-0.662168,-0.530127
4930,0,nan,0,0,0,1,1,0.492024,0,-0.00532648,-0.000743922,-0.289606,-0.496289
4931,0,nan,0,0,0,1,1,0.49212,0.0139626,-0.00319589,-0.000748775,-0.313684,-0.428613
4932,0,nan,0,0,0,1,1,0.49212,0,5.21845e-19,-0.000753047,-0.349402,-0.281982
4933,0,nan,0,0,0,1,1,0.49212,0,-0.0213059,-0.000717952,-0.110404,-0.281982
4934,0,nan,0,0,0,1,1,0.49212,0,-0.0202406,-0.000746047,-0.125831,-0.406055
4935,0,nan,0,0,0,1,1,0.49212,0.0453786,0.00532648,-0.000756559,-0.408457,-0.462451
4936,0,nan,0,0,0,1,1,0.49212,-0.0226893,-0.00319589,-0.000721666,-0.309737,-0.360938
4937,0,nan,0,0,0,1,1,0.492216,0,0.0010653,-0.000728304,-0.357854,-0.270703
4938,0,nan,0,0,0,1,1,0.49212,-0.00523599,0.0245018,-0.00078423,-0.623038,-0.293262
4939,0,nan,0,0,0,1,1,0.492024,-0.0261799,-0.0117183,-0.000772134,-0.223021,-0.360938
4940,0,nan,0,0,0,1,1,0.49212,0.0261799,0.010653,-0.000797401,-0.472172,-0.47373
4941,0,nan,0,0,0,1,1,0.492024,0,-1.23938e-18,-0.000793736,-0.354773,-0.428613
4942,0,nan,0,0,0,1,1,0.49212,0.010472,0.0223712,-0.000815504,-0.60373,-0.406055
4943,0,nan,0,0,0,1,1,0.492024,-0.0174533,0.0234365,-0.000843604,-0.619158,-0.406055
4944,0,nan,0,0,0,1,1,0.49212,0.00174533,0.00745708,-0.00084652,-0.443768,-0.394775
4945,0,nan,0,0,0,1,1,0.49212,0,-0.00639178,-0.000847556,-0.291568,-0.451172
4946,0,nan,0,0,0,1,1,0.492024,0.00872665,0.00745708,-0.000864566,-0.446151,-0.428613
4947,0,nan,0,0,0,1,1,0.49212,0,-0.00958767,-0.000807198,-0.250196,-0.3271
4948,0,nan,0,0,0,1,1,0.49212,0.0226893,0.00426119,-0.000852805,-0.409443,-0.383496
4949,0,nan,0,0,0,1,1,0.49212,0,-0.00639178,-0.000894454,-0.297758,-0.451172
4950,0,nan,0,0,0,1,1,0.49212,0.0139626,0.00639178,-0.000930973,-0.443198,-0.383496
4951,0,nan,0,0,0,1,1,0.492024,0,0.00532648,-0.000979157,-0.43784,-0.349658
4952,0,nan,0,0,0,1,1,0.49212,0,0.00319589,-0.000984632,-0.415126,-0.428613
4953,0,nan,0,0,0,1,1,0.492024,0,0.00532648,-0.00100893,-0.44177,-0.507568
4954,0,nan,0,0,0,1,1,0.49212,0.00349066,0.01811,-0.00100683,-0.582112,-0.338379
4955,0,nan,0,0,0,1,1,0.492024,-0.0296706,0.00319589,-0.000971716,-0.412433,-0.304541
4956,0,nan,0,0,0,1,1,0.492216,0.0523599,0.0138489,-0.000947126,-0.527358,-0.304541
4957,0,nan,0,0,0,1,1,0.492024,-0.0366519,-0.00426119,-0.000972721,-0.331526,-0.338379
4958,0,nan,0,0,0,1,1,0.492024,0,-0.00213059,-0.00100668,-0.359445,-0.47373
4959,0,nan,0,0,0,1,1,0.492024,0.0174533,-0.0223712,-0.000999015,-0.135786,-0.417334
4960,0,nan,0,0,0,1,1,0.49212,0.00349066,-0.01811,-0.000988995,-0.181337,-0.439893
4961,0,nan,0,0,0,1,1,0.49212,0.0349066,0.0127836,-0.000990081,-0.52131,-0.349658
4962,0,nan,0,0,0,1,1,0.49212,-0.0471239,0.00852238,-0.0010332,-0.480129,-0.428613
4963,0,nan,0,0,0,1,1,0.49212,0.0174533,0.0010653,-0.00103226,-0.397976,-0.383496
4964,0,nan,0,0,0,1,1,0.49212,-0.0122173,0.0276977,-0.00106576,-0.695355,-0.383496
4965,0,nan,0,0,0,1,1,0.492024,-0.0191986,0.00745708,-0.00102286,-0.466665,-0.304541
4966,0,nan,0,0,0,1,1,0.492216,0.0314159,0.00213059,-0.00103285,-0.409773,-0.372217
4967,0,nan,0,0,0,1,1,0.492024,-0.00523599,-0.00213059,-0.00103249,-0.362852,-0.304541
4968,0,nan,0,0,0,1,1,0.49212,0,-0.0010653,-0.00105548,-0.377605,-0.338379
4969,0,nan,0,0,0,1,1,0.492024,0,0.0117183,-0.00105366,-0.517984,-0.372217
4970,0,nan,0,0,0,1,1,0.49212,0.00698132,0.00426119,-0.001068,-0.437849,-0.383496
4971,0,nan,0,0,0,1,1,0.49212,0,-1.23938e-18,-0.00105913,-0.389806,-0.281982
4972,0,nan,0,0,0,1,1,0.49212,0,0.0255671,-0.00114622,-0.68254,-0.372217
4973,0,nan,0,0,0,1,1,0.492024,-0.0191986,0.0308936,-0.00115763,-0.742637,-0.383496
4974,0,nan,0,0,0,1,1,0.49212,0.0296706,-0.0202406,-0.00115421,-0.179709,-0.338379
4975,0,nan,0,0,0,1,1,0.492024,0,0.00319589,-0.00113295,-0.434704,-0.428613
4976,0,nan,0,0,0,1,1,0.492024,0,0.00639178,-0.0011199,-0.468136,-0.451172
4977,0,nan,0,0,0,1,1,0.492024,0,0.00639178,-0.00113198,-0.469731,-0.259424
4978,0,nan,0,0,0,1,1,0.492024,0,-0.00639178,-0.00116358,-0.333282,-0.406055
4979,0,nan,0,0,0,1,1,0.492024,0.0349066,-0.00745708,-0.00117574,-0.32317,-0.383496
4980,0,nan,0,0,0,1,1,0.492024,-0.00872665,0.0149142,-0.00119728,-0.572096,-0.394775
4981,0,nan,0,0,0,1,1,0.492024,0,0.0010653,-0.00123929,-0.425304,-0.496289
4982,0,nan,0,0,0,1,1,0.492024,0.0471239,-0.00745708,-0.00121267,-0.328045,-0.248145
4983,0,nan,0,0,0,1,1,0.492024,-0.0226893,0.00958767,-0.00119105,-0.512683,-0.406055
4984,0,nan,0,0,0,1,1,0.49212,0.0226893,-0.00852238,-0.00118597,-0.312802,-0.394775
4985,0,nan,0,0,0,1,1,0.49212,0,0.0010653,-0.00119419,-0.419351,-0.338379
4986,0,nan,0,0,0,1,1,0.49212,0,-0.00532648,-0.00118908,-0.348367,-0.338379
4987,0,nan,0,0,0,1,1,0.49212,0,0.00426119,-0.00125169,-0.462097,-0.518848
4988,0,nan,0,0,0,1,1,0.491928,-0.0279253,-0.00639178,-0.00124056,-0.343444,-0.462451
4989,0,nan,0,0,0,1,1,0.492024,0,-0.0159795,-0.00123114,-0.236736,-0.496289
4990,0,nan,0,0,0,1,1,0.492024,-0.00174533,-0.00852238,-0.00122809,-0.318362,-0.406055
4991,0,nan,0,0,0,1,1,0.492024,0,0.0010653,-0.00123881,-0.425241,-0.439893
4992,0,nan,0,0,0,1,1,0.492024,-0.010472,-0.0213059,-0.00117438,-0.170653,-0.417334
4993,0,nan,0,0,0,1,1,0.49212,0.00872665,-0.01811,-0.0011761,-0.206034,-0.47373
4994,0,nan,0,0,0,1,1,0.492024,-0.00872665,-0.0127836,-0.00115235,-0.261491,-0.349658
4995,0,nan,0,0,0,1,1,0.492024,0,0.0010653,-0.00118745,-0.418461,-0.518848
4996,0,nan,0,0,0,1,1,0.492024,0,-0.00532648,-0.00122347,-0.352906,-0.507568
4997,0,nan,0,0,0,1,1,0.492024,0,-0.00958767,-0.00124082,-0.308324,-0.518848
4998,0,nan,0,0,0,1,1,0.492024,0,0.00213059,-0.00124667,-0.437998,-0.451172
4999,0,nan,0,0,0,1,1,0.492024,0,0.0298283,-0.00128467,-0.747688,-0.451172
5000,0,nan,0,0,0,1,1,0.491928,-0.020944,0.00745708,-0.00127845,-0.500783,-0.518848
5001,0,nan,0,0,0,1,1,0.49212,0,0.0010653,-0.00125005,-0.426725,-0.372217
5002,0,nan,0,0,0,1,1,0.492024,-0.0122173,0.0255671,-0.00125341,-0.696688,-0.3271
5003,0,nan,0,0,0,1,1,0.492024,-0.0401426,-0.00319589,-0.00122018,-0.37579,-0.338379
5004,0,nan,0,0,0,1,1,0.49212,0.0383972,-0.00745708,-0.00121977,-0.328982,-0.462451
5005,0,nan,0,0,0,1,1,0.492024,0,0.0149142,-0.00122629,-0.575926,-0.451172
5006,0,nan,0,0,0,1,1,0.492024,0,0.0234365,-0.00123866,-0.671305,-0.417334
5007,0,nan,0,0,0,1,1,0.492024,-0.0488692,-0.00958767,-0.00124225,-0.308513,-0.496289
5008,0,nan,0,0,0,1,1,0.492024,0.0261799,-0.0159795,-0.00126939,-0.241785,-0.496289
5009,0,nan,0,0,0,1,1,0.492024,0.0279253,0.00639178,-0.00125858,-0.486443,-0.383496
5010,0,nan,0,0,0,1,1,0.49212,0,0.0117183,-0.0012702,-0.546567,-0.462451
5011,0,nan,0,0,0,1,1,0.492024,0,0.0149142,-0.00125654,-0.579919,-0.439893
5012,0,nan,0,0,0,1,1,0.492024,0,0.00532648,-0.00130191,-0.480444,-0.451172
5013,0,nan,0,0,0,1,1,0.491928,0,0.00532648,-0.00130022,-0.480221,-0.47373
5014,0,nan,0,0,0,1,1,0.49212,0.015708,0.0138489,-0.00133059,-0.577975,-0.496289
5015,0,nan,0,0,0,1,1,0.491928,-0.00174533,0.00532648,-0.00133593,-0.484934,-0.541406
5016,0,nan,0,0,0,1,1,0.492024,0.0349066,-0.00319589,-0.00132859,-0.390219,-0.496289
5017,0,nan,0,0,0,1,1,0.492024,0,0.01811,-0.00136696,-0.629649,-0.541406
5018,0,nan,0,0,0,1,1,0.491928,-0.00349066,0.00213059,-0.00137928,-0.455501,-0.518848
5019,0,nan,0,0,0,1,1,0.492024,0,0.00958767,-0.00139277,-0.53931,-0.47373
5020,0,nan,0,0,0,1,1,0.492024,0,0.00745708,-0.00137486,-0.51351,-0.406055
5021,0,nan,0,0,0,1,1,0.492024,-0.0226893,0.00745708,-0.00136629,-0.512378,-0.428613
5022,0,nan,0,0,0,1,1,0.492024,0.0191986,-0.0010653,-0.00139868,-0.422908,-0.496289
5023,0,nan,0,0,0,1,1,0.491928,0.00174533,-0.010653,-0.00141389,-0.319451,-0.541406
5024,0,nan,0,0,0,1,1,0.492024,0,-0.0223712,-0.00140285,-0.189092,-0.383496
5025,0,nan,0,0,0,1,1,0.492024,0,0.0138489,-0.00142129,-0.589948,-0.406055
5026,0,nan,0,0,0,1,1,0.492024,-0.0523599,-0.0127836,-0.0014088,-0.294865,-0.507568
5027,0,nan,0,0,0,1,1,0.49212,0.0314159,0.00319589,-0.00144884,-0.476402,-0.462451
5028,0,nan,0,0,0,1,1,0.491928,-0.0314159,0.00852238,-0.00143236,-0.532818,-0.349658
5029,0,nan,0,0,0,1,1,0.492024,-0.0122173,0.00639178,-0.00144653,-0.511252,-0.575244
5030,0,nan,0,0,0,1,1,0.492024,0.0226893,0.00958767,-0.00147784,-0.550539,-0.710596
5031,0,nan,0,0,0,1,1,0.492024,0.00872665,0.00958767,-0.00150213,-0.553745,-0.372217
5032,0,nan,0,0,0,1,1,0.492024,-0.0296706,0.00319589,-0.00147837,-0.4803,-0.383496
5033,0,nan,0,0,0,1,1,0.492024,0,0.00639178,-0.00151662,-0.520504,-0.507568
5034,0,nan,0,0,0,1,1,0.491928,-0.0174533,0.0138489,-0.00151936,-0.602893,-0.563965
5035,0,nan,0,0,0,1,1,0.492024,-0.00174533,-0.00852238,-0.00151297,-0.355967,-0.541406
5036,0,nan,0,0,0,1,1,0.491928,0.0122173,-0.00213059,-0.00154083,-0.429953,-0.541406
5037,0,nan,0,0,0,1,1,0.492024,0,0.00426119,-0.0015741,-0.504654,-0.620361
5038,0,nan,0,0,0,1,1,0.491928,0.00349066,-0.0149142,-0.00157014,-0.293203,-0.428613
5039,0,nan,0,0,0,1,1,0.492024,0,0.0255671,-0.00153933,-0.73443,-0.360938
5040,0,nan,0,0,0,1,1,0.492024,0,0.0127836,-0.00156753,-0.597533,-0.541406
5041,0,nan,0,0,0,1,1,0.491928,0.00523599,0.00745708,-0.00161273,-0.544908,-0.552686
5042,0,nan,0,0,0,1,1,0.491928,0,0.00958767,-0.00158865,-0.565166,-0.439893
5043,0,nan,0,0,0,1,1,0.492024,-0.00872665,-0.00958767,-0.00156842,-0.351567,-0.293262
5044,0,nan,0,0,0,1,1,0.492024,0,-0.00958767,-0.00153992,-0.347805,-0.417334
5045,0,nan,0,0,0,1,1,0.492024,0,-0.0234365,-0.00152943,-0.194083,-0.439893
5046,0,nan,0,0,0,1,1,0.491928,0,0.00426119,-0.00152761,-0.498517,-0.293262
5047,0,nan,0,0,0,1,1,0.492024,-0.0418879,0.00213059,-0.00153123,-0.475559,-0.349658
5048,0,nan,0,0,0,1,1,0.492024,0.0122173,0.0117183,-0.0015351,-0.581534,-0.31582
5049,0,nan,0,0,0,1,1,0.492024,-0.0226893,-0.00958767,-0.00155056,-0.34921,-0.349658
5050,0,nan,0,0,0,1,1,0.492024,0,0.0245018,-0.00155226,-0.724419,-0.349658
5051,0,nan,0,0,0,1,1,0.491928,-0.0593412,-0.00319589,-0.00155634,-0.420282,-0.383496
5052,0,nan,0,0,0,1,1,0.492024,0.0418879,0.0170448,-0.00158213,-0.646333,-0.394775
5053,0,nan,0,0,0,1,1,0.491928,-0.0349066,0.0159795,-0.00158528,-0.635031,-0.406055
5054,0,nan,0,0,0,1,1,0.492024,0.0139626,0.00213059,-0.00155853,-0.479162,-0.406055
5055,0,nan,0,0,0,1,1,0.492024,-0.010472,0.0127836,-0.00158151,-0.599379,-0.609082
5056,0,nan,0,0,0,1,1,0.491928,0.0314159,-0.0117183,-0.00161107,-0.33376,-0.665479
5057,0,nan,0,0,0,1,1,0.492024,0.00872665,0.0149142,-0.00163561,-0.629957,-0.620361
5058,0,nan,0,0,0,1,1,0.491928,-0.00872665,-0.0010653,-0.00161895,-0.451983,-0.575244
5059,0,nan,0,0,0,1,1,0.492024,0,0.0170448,-0.00164304,-0.654374,-0.406055
5060,0,nan,0,0,0,1,1,0.491928,-0.0366519,0.00213059,-0.00166397,-0.493081,-0.575244
5061,0,nan,0,0,0,1,1,0.492024,0.0191986,0.0010653,-0.00165738,-0.480492,-0.406055
5062,0,nan,0,0,0,1,1,0.491928,-0.0471239,0.0234365,-0.00168965,-0.730835,-0.575244
5063,0,nan,0,0,0,1,1,0.491928,0,-0.00745708,-0.00166148,-0.387287,-0.47373
5064,0,nan,0,0,0,1,1,0.492024,0.0139626,0.00745708,-0.00172189,-0.559317,-0.563965
5065,0,nan,0,0,0,1,1,0.491928,0,0.0159795,-0.00174917,-0.656664,-0.552686
5066,0,nan,0,0,0,1,1,0.491928,0,0.00958767,-0.00176711,-0.588723,-0.563965
5067,0,nan,0,0,0,1,1,0.491928,0,0.00639178,-0.00182657,-0.561417,-0.609082
5068,0,nan,0,0,0,1,1,0.491928,0,0.0010653,-0.00184603,-0.505394,-0.575244
5069,0,nan,0,0,0,1,1,0.491928,0,-0.00532648,-0.001856,-0.4364,-0.48501
5070,0,nan,0,0,0,1,1,0.491928,0,0.00745708,-0.00184427,-0.575472,-0.48501
5071,0,nan,0,0,0,1,1,0.491928,0,-0.0159795,-0.00186742,-0.320726,-0.64292
5072,0,nan,0,0,0,1,1,0.491928,0.0279253,0.00532648,-0.0018543,-0.553359,-0.597803
5073,0,nan,0,0,0,1,1,0.491928,0,0.0213059,-0.0018959,-0.734625,-0.451172
5074,0,nan,0,0,0,1,1,0.491833,-0.0331613,-0.00319589,-0.00187138,-0.461867,-0.507568
5075,0,nan,0,0,0,1,1,0.492024,0,-0.00532648,-0.00187254,-0.438584,-0.541406
5076,0,nan,0,0,0,1,1,0.491928,0,0.00958767,-0.00188629,-0.604455,-0.575244
5077,0,nan,0,0,0,1,1,0.491928,0,-0.00319589,-0.00190941,-0.466887,-0.507568
5078,0,nan,0,0,0,1,1,0.491928,-0.0174533,-0.00745708,-0.00189328,-0.417885,-0.541406
5079,0,nan,0,0,0,1,1,0.491928,0.0244346,0.00213059,-0.00190442,-0.52482,-0.451172
5080,0,nan,0,0,0,1,1,0.491928,-0.0541052,0.00852238,-0.00189196,-0.593484,-0.586523
5081,0,nan,0,0,0,1,1,0.491928,0,0.00319589,-0.00189036,-0.534683,-0.462451
5082,0,nan,0,0,0,1,1,0.491928,-0.0139626,-0.00319589,-0.0019163,-0.467796,-0.597803
5083,0,nan,0,0,0,1,1,0.491928,0.0349066,0.0255671,-0.00195227,-0.788938,-0.507568
5084,0,nan,0,0,0,1,1,0.491833,-0.0488692,-0.00852238,-0.0019163,-0.409205,-0.507568
5085,0,nan,0,0,0,1,1,0.491928,0.00872665,-0.0159795,-0.00189852,-0.32483,-0.530127
5086,0,nan,0,0,0,1,1,0.491928,-0.00349066,-0.00213059,-0.00189279,-0.476412,-0.451172
5087,0,nan,0,0,0,1,1,0.491928,0,0.010653,-0.00194302,-0.623661,-0.586523
5088,0,nan,0,0,0,1,1,0.491833,-0.00349066,0.00958767,-0.0019366,-0.611096,-0.428613
5089,0,nan,0,0,0,1,1,0.491928,-0.0558505,-0.00319589,-0.00193573,-0.470249,-0.518848
5090,0,nan,0,0,0,1,1,0.491928,0.0645772,0.00745708,-0.00197238,-0.592382,-0.507568
5091,0,nan,0,0,0,1,1,0.491833,-0.010472,0.00852238,-0.0019784,-0.604895,-0.597803
5092,0,nan,0,0,0,1,1,0.491928,0.00523599,-0.00426119,-0.00199186,-0.466052,-0.563965
5093,0,nan,0,0,0,1,1,0.491928,0.0174533,-0.00319589,-0.00201088,-0.480281,-0.507568
5094,0,nan,0,0,0,1,1,0.491833,-0.00349066,0.0117183,-0.00199543,-0.642298,-0.439893
5095,0,nan,0,0,0,1,1,0.491928,-0.0366519,-0.00852238,-0.00199534,-0.419639,-0.496289
5096,0,nan,0,0,0,1,1,0.491928,0,-0.00639178,-0.00199115,-0.442522,-0.563965
5097,0,nan,0,0,0,1,1,0.491928,0.00349066,0.0010653,-0.00200144,-0.525908,-0.417334
5098,0,nan,0,0,0,1,1,0.491928,-0.0174533,0.00319589,-0.00202745,-0.552778,-0.451172
5099,0,nan,0,0,0,1,1,0.491928,0,0.00532648,-0.00202447,-0.575821,-0.462451
5100,0,nan,0,0,0,1,1,0.491928,0,-8.47998e-19,-0.00202589,-0.517417,-0.394775
5101,0,nan,0,0,0,1,1,0.491928,-0.00872665,0.0266324,-0.00203465,-0.81153,-0.552686
5102,0,nan,0,0,0,1,1,0.491928,0.0174533,0.00319589,-0.00206576,-0.557835,-0.496289
5103,0,nan,0,0,0,1,1,0.491928,-0.00698132,0.00319589,-0.00205638,-0.556597,-0.304541
5104,0,nan,0,0,0,1,1,0.491928,-0.0226893,-0.00532648,-0.0020541,-0.46255,-0.48501
5105,0,nan,0,0,0,1,1,0.491928,0.015708,-0.00745708,-0.00207805,-0.442275,-0.676758
5106,0,nan,0,0,0,1,1,0.491928,-0.00698132,0.01811,-0.00210262,-0.726756,-0.665479
5107,0,nan,0,0,0,1,1,0.491833,-0.00872665,0.0127836,-0.0021318,-0.672017,-0.518848
5108,0,nan,0,0,0,1,1,0.491833,0,-0.00213059,-0.00211369,-0.505571,-0.439893
5109,0,nan,0,0,0,1,1,0.491928,0,-1.56553e-18,-0.00210608,-0.528002,-0.47373
5110,0,nan,0,0,0,1,1,0.491928,0,0.0159795,-0.00207674,-0.699904,-0.394775
5111,0,nan,0,0,0,1,1,0.491928,-0.0750492,0.00852238,-0.00209657,-0.620493,-0.518848
5112,0,nan,0,0,0,1,1,0.491928,0.0471239,0.00319589,-0.00213264,-0.566664,-0.563965
5113,0,nan,0,0,0,1,1,0.491833,-0.0139626,0.0010653,-0.00213384,-0.543385,-0.665479
5114,0,nan,0,0,0,1,1,0.491928,0.0296706,0.00213059,-0.00216226,-0.558855,-0.64292
5115,0,nan,0,0,0,1,1,0.491928,-0.00872665,0.0010653,-0.00214211,-0.544477,-0.47373
5116,0,nan,0,0,0,1,1,0.491928,0.0139626,0.00426119,-0.00215822,-0.581759,-0.541406
5117,0,nan,0,0,0,1,1,0.491833,-0.00872665,-0.00213059,-0.00216862,-0.512821,-0.597803
5118,0,nan,0,0,0,1,1,0.491833,0,-0.00532648,-0.00217216,-0.478134,-0.676758
5119,0,nan,0,0,0,1,1,0.491833,0,-0.00213059,-0.00218266,-0.514674,-0.609082
5120,0,nan,0,0,0,1,1,0.491928,0.0314159,-9.78459e-19,-0.00219485,-0.53972,-0.575244
5121,0,nan,0,0,0,1,1,0.491833,0,0.00958767,-0.0022035,-0.646326,-0.552686
5122,0,nan,0,0,0,1,1,0.491928,0,-0.00426119,-0.00218823,-0.491973,-0.507568
5123,0,nan,0,0,0,1,1,0.491833,0,0.0149142,-0.00219724,-0.704091,-0.609082
5124,0,nan,0,0,0,1,1,0.491928,0.0244346,0.0010653,-0.0022119,-0.55369,-0.541406
5125,0,nan,0,0,0,1,1,0.491928,0,0.01811,-0.00220883,-0.740776,-0.507568
5126,0,nan,0,0,0,1,1,0.491928,0,-0.00213059,-0.00222468,-0.520221,-0.710596
5127,0,nan,0,0,0,1,1,0.491928,0.0279253,0.00426119,-0.00225384,-0.59438,-0.597803
5128,0,nan,0,0,0,1,1,0.491928,-0.00872665,0.00532648,-0.0022051,-0.599665,-0.496289
5129,0,nan,0,0,0,1,1,0.491928,-0.015708,0.0149142,-0.00222941,-0.708338,-0.462451
5130,0,nan,0,0,0,1,1,0.491833,-0.010472,-0.00213059,-0.00223577,-0.521685,-0.507568
5131,0,nan,0,0,0,1,1,0.491928,0.00872665,0.00319589,-0.00224731,-0.5818,-0.507568
5132,0,nan,0,0,0,1,1,0.491833,-0.0244346,0.010653,-0.00223987,-0.662846,-0.597803
5133,0,nan,0,0,0,1,1,0.491928,0,0.00319589,-0.00222197,-0.578454,-0.530127
5134,0,nan,0,0,0,1,1,0.491928,0,-0.0149142,-0.00224459,-0.38223,-0.654199
5135,0,nan,0,0,0,1,1,0.491928,0.0296706,0.00213059,-0.00225019,-0.570462,-0.575244
5136,0,nan,0,0,0,1,1,0.491928,0,0.0127836,-0.00225657,-0.688487,-0.631641
5137,0,nan,0,0,0,1,1,0.491833,0,-0.00745708,-0.00226096,-0.466419,-0.631641
5138,0,nan,0,0,0,1,1,0.491928,0.0174533,-0.0170448,-0.00224948,-0.359439,-0.654199
5139,0,nan,0,0,0,1,1,0.491928,0.0191986,-0.010653,-0.00227375,-0.432952,-0.64292
5140,0,nan,0,0,0,1,1,0.491833,0,-0.00745708,-0.0022453,-0.464352,-0.496289
5141,0,nan,0,0,0,1,1,0.491928,0,-1.95692e-19,-0.00219365,-0.539561,-0.518848
5142,0,nan,0,0,0,1,1,0.491928,0,-0.0159795,-0.00222002,-0.367269,-0.597803
5143,0,nan,0,0,0,1,1,0.491928,0.0750492,-0.00319589,-0.00219425,-0.504486,-0.507568
5144,0,nan,0,0,0,1,1,0.491928,-0.0523599,-0.00319589,-0.00219956,-0.505187,-0.597803
5145,0,nan,0,0,0,1,1,0.491833,0.0366519,0.00319589,-0.00221632,-0.57771,-0.654199
5146,0,nan,0,0,0,1,1,0.491833,-0.0122173,0.00319589,-0.00220644,-0.576405,-0.586523
5147,0,nan,0,0,0,1,1,0.491833,0,-0.00958767,-0.00221005,-0.436262,-0.620361
5148,0,nan,0,0,0,1,1,0.491833,0,-0.00639178,-0.0021998,-0.470064,-0.586523
5149,0,nan,0,0,0,1,1,0.491928,0,-0.00213059,-0.00219993,-0.516954,-0.383496
5150,0,nan,0,0,0,1,1,0.491833,-0.020944,-0.00213059,-0.00217809,-0.514072,-0.575244
5151,0,nan,0,0,0,1,1,0.491928,0,-0.00426119,-0.00219259,-0.492549,-0.552686
5152,0,nan,0,0,0,1,1,0.491833,-0.0139626,0.00426119,-0.00220165,-0.587491,-0.620361
5153,0,nan,0,0,0,1,1,0.491833,0,-0.00958767,-0.00225389,-0.44205,-0.563965
5154,0,nan,0,0,0,1,1,0.491833,0,0.00745708,-0.00225998,-0.630345,-0.597803
5155,0,nan,0,0,0,1,1,0.491833,-0.00174533,0.010653,-0.00225682,-0.665083,-0.530127
5156,0,nan,0,0,0,1,1,0.491928,0.0279253,0.00745708,-0.00225042,-0.629084,-0.586523
5157,0,nan,0,0,0,1,1,0.491833,0,-0.0191753,-0.00223661,-0.334304,-0.575244
5158,0,nan,0,0,0,1,1,0.491928,0.0261799,0.00639178,-0.00221801,-0.613086,-0.383496
5159,0,nan,0,0,0,1,1,0.491833,-0.0174533,-0.0149142,-0.00221727,-0.378624,-0.518848
5160,0,nan,0,0,0,1,1,0.491833,0,0.00852238,-0.00224854,-0.640554,-0.64292
5161,0,nan,0,0,0,1,1,0.491833,0.00523599,0.0117183,-0.00226874,-0.678375,-0.541406
5162,0,nan,0,0,0,1,1,0.491833,0,0.00958767,-0.00226514,-0.654463,-0.47373
5163,0,nan,0,0,0,1,1,0.491833,0,-0.0127836,-0.00225779,-0.407409,-0.47373
5164,0,nan,0,0,0,1,1,0.491833,0.00872665,0.00639178,-0.00230376,-0.624405,-0.518848
5165,0,nan,0,0,0,1,1,0.491833,0,0.0149142,-0.00233707,-0.722549,-0.541406
5166,0,nan,0,0,0,1,1,0.491833,0,-0.00532648,-0.00231176,-0.496561,-0.631641
5167,0,nan,0,0,0,1,1,0.491833,0,0.0138489,-0.00232659,-0.709447,-0.47373
5168,0,nan,0,0,0,1,1,0.491833,-0.0279253,-0.0202406,-0.00234368,-0.336718,-0.552686
5169,0,nan,0,0,0,1,1,0.491928,0.0541052,0.0127836,-0.00232809,-0.697927,-0.586523
5170,0,nan,0,0,0,1,1,0.491928,0,0.0234365,-0.002312,-0.812986,-0.383496
5171,0,nan,0,0,0,1,1,0.491833,-0.0523599,-0.00213059,-0.00237698,-0.540324,-0.530127
5172,0,nan,0,0,0,1,1,0.491833,-0.010472,-0.0010653,-0.00238545,-0.55316,-0.530127
5173,0,nan,0,0,0,1,1,0.491833,0,-0.00852238,-0.00237219,-0.469383,-0.586523
5174,0,nan,0,0,0,1,1,0.491833,0.0174533,0.01811,-0.00236356,-0.7612,-0.541406
5175,0,nan,0,0,0,1,1,0.491737,-0.0575959,0.0010653,-0.00237985,-0.575859,-0.710596
5176,0,nan,0,0,0,1,1,0.491833,0.0645772,-0.0138489,-0.00238025,-0.411855,-0.620361
5177,0,nan,0,0,0,1,1,0.491833,0,-0.00213059,-0.00239498,-0.542701,-0.665479
5178,0,nan,0,0,0,1,1,0.491833,0,-0.00639178,-0.00238641,-0.494697,-0.575244
5179,0,nan,0,0,0,1,1,0.491833,0,-0.00426119,-0.00239722,-0.51956,-0.518848
5180,0,nan,0,0,0,1,1,0.491833,0,0.01811,-0.00240962,-0.767281,-0.48501
5181,0,nan,0,0,0,1,1,0.491833,-0.0174533,0.00319589,-0.00242781,-0.605626,-0.541406
5182,0,nan,0,0,0,1,1,0.491833,0.0279253,-0.0010653,-0.00244267,-0.560715,-0.507568
5183,0,nan,0,0,0,1,1,0.491833,-0.00523599,-0.00745708,-0.00243768,-0.489746,-0.541406
5184,0,nan,0,0,0,1,1,0.491833,0.0139626,0.00532648,-0.00244748,-0.631658,-0.654199
5185,0,nan,0,0,0,1,1,0.491833,0,3.26153e-19,-0.00244897,-0.573264,-0.597803
5186,0,nan,0,0,0,1,1,0.491833,0.00174533,-0.0117183,-0.00249807,-0.450844,-0.789551
5187,0,nan,0,0,0,1,1,0.491833,0.0610865,-0.0159795,-0.00249026,-0.40294,-0.64292
5188,0,nan,0,0,0,1,1,0.491833,-0.0296706,0.00852238,-0.00249495,-0.673079,-0.586523
5189,0,nan,0,0,0,1,1,0.491833,-0.00698132,0.010653,-0.00250329,-0.697616,-0.688037
5190,0,nan,0,0,0,1,1,0.491737,0,-0.010653,-0.00253643,-0.467626,-0.64292
5191,0,nan,0,0,0,1,1,0.491833,0,0.00852238,-0.00255144,-0.680536,-0.665479
5192,0,nan,0,0,0,1,1,0.491833,0,0.00852238,-0.00255611,-0.681153,-0.575244
5193,0,nan,0,0,0,1,1,0.491737,-0.0349066,0.01811,-0.00260269,-0.792766,-0.710596
5194,0,nan,0,0,0,1,1,0.491737,0,-0.00745708,-0.00260941,-0.512414,-0.766992
5195,0,nan,0,0,0,1,1,0.491833,0.00872665,0.010653,-0.00261743,-0.712684,-0.620361
5196,0,nan,0,0,0,1,1,0.491737,-0.00523599,0.01811,-0.00259573,-0.791847,-0.530127
5197,0,nan,0,0,0,1,1,0.491737,-0.0663225,0.00213059,-0.00262784,-0.620311,-0.552686
5198,0,nan,0,0,0,1,1,0.491737,0.00174533,0.00532648,-0.00261602,-0.653906,-0.631641
5199,0,nan,0,0,0,1,1,0.491737,-0.0226893,0.00958767,-0.00262709,-0.70224,-0.597803
5200,0,nan,0,0,0,1,1,0.491737,0,-0.00426119,-0.0026245,-0.549562,-0.620361
5201,0,nan,0,0,0,1,1,0.491833,0,0.00852238,-0.00262968,-0.690865,-0.631641
5202,0,nan,0,0,0,1,1,0.491737,0,0.0149142,-0.0026939,-0.76965,-0.665479
5203,0,nan,0,0,0,1,1,0.491641,0,0.0319589,-0.00267393,-0.954506,-0.541406
5204,0,nan,0,0,0,1,1,0.491928,0.0174533,-0.0266324,-0.00266667,-0.309044,-0.654199
5205,0,nan,0,0,0,1,1,0.491737,0.0541052,-0.00745708,-0.00268809,-0.522801,-0.733154
5206,0,nan,0,0,0,1,1,0.491737,-0.0279253,-0.00532648,-0.00268723,-0.546122,-0.631641
5207,0,nan,0,0,0,1,1,0.491737,0.0174533,0.0127836,-0.0027186,-0.749475,-0.654199
5208,0,nan,0,0,0,1,1,0.491737,-0.0226893,0.01811,-0.00272741,-0.809229,-0.789551
5209,0,nan,0,0,0,1,1,0.491737,0,0.0138489,-0.00272339,-0.761825,-0.541406
5210,0,nan,0,0,0,1,1,0.491737,0,-0.00639178,-0.00273056,-0.540124,-0.563965
5211,0,nan,0,0,0,1,1,0.491737,0,0.0170448,-0.00273102,-0.797987,-0.631641
5212,0,nan,0,0,0,1,1,0.491737,-0.00523599,-0.00532648,-0.00270623,-0.548631,-0.631641
5213,0,nan,0,0,0,1,1,0.491737,0,0.0213059,-0.00270176,-0.840997,-0.620361
5214,0,nan,0,0,0,1,1,0.491737,0,-0.00532648,-0.00272132,-0.550622,-0.710596
5215,0,nan,0,0,0,1,1,0.491737,0.020944,-0.00852238,-0.0027237,-0.515782,-0.586523
5216,0,nan,0,0,0,1,1,0.491737,-0.0261799,0.00319589,-0.0027657,-0.650228,-0.631641
5217,0,nan,0,0,0,1,1,0.491737,0,0.00213059,-0.00272368,-0.632963,-0.597803
5218,0,nan,0,0,0,1,1,0.491737,-0.00174533,0.0138489,-0.00276048,-0.766721,-0.834668
5219,0,nan,0,0,0,1,1,0.491737,0.0139626,-0.00745708,-0.0027406,-0.529732,-0.609082
5220,0,nan,0,0,0,1,1,0.491737,0,-0.00319589,-0.00273148,-0.5754,-0.620361
5221,0,nan,0,0,0,1,1,0.491737,0,0.0255671,-0.00277655,-0.897742,-0.64292
5222,0,nan,0,0,0,1,1,0.491737,-0.0226893,0.00745708,-0.00277581,-0.698435,-0.710596
5223,0,nan,0,0,0,1,1,0.491737,0,-0.0223712,-0.00275946,-0.368165,-0.586523
5224,0,nan,0,0,0,1,1,0.491737,-0.0139626,0.0159795,-0.00277708,-0.792349,-0.518848
5225,0,nan,0,0,0,1,1,0.491641,-0.0139626,-0.00319589,-0.00283746,-0.58939,-0.609082
5226,0,nan,0,0,0,1,1,0.491641,0,-0.00213059,-0.00284035,-0.60149,-0.462451
5227,0,nan,0,0,0,1,1,0.491641,-0.0122173,-0.0170448,-0.00282905,-0.435943,-0.688037
5228,0,nan,0,0,0,1,1,0.491737,0.0331613,-0.00426119,-0.00286788,-0.581687,-0.676758
5229,0,nan,0,0,0,1,1,0.491737,0.00174533,0.028763,-0.00289949,-0.949127,-0.507568
5230,0,nan,0,0,0,1,1,0.491641,-0.0541052,0.00958767,-0.0028776,-0.735307,-0.586523
5231,0,nan,0,0,0,1,1,0.491737,0,0.00532648,-0.00288655,-0.689615,-0.597803
5232,0,nan,0,0,0,1,1,0.491641,0.00698132,0.0223712,-0.00289246,-0.877888,-0.496289
5233,0,nan,0,0,0,1,1,0.491641,-0.0418879,-0.00319589,-0.00287144,-0.593875,-0.541406
5234,0,nan,0,0,0,1,1,0.491737,0.0261799,-0.0127836,-0.00288415,-0.490089,-0.586523
5235,0,nan,0,0,0,1,1,0.491641,0,-0.00319589,-0.00288393,-0.595524,-0.688037
5236,0,nan,0,0,0,1,1,0.491737,0.0226893,0.00213059,-0.00291991,-0.658865,-0.597803
5237,0,nan,0,0,0,1,1,0.491641,0,1.43507e-18,-0.0029142,-0.634675,-0.665479
5238,0,nan,0,0,0,1,1,0.491641,0.0174533,-0.0276977,-0.00295479,-0.335358,-0.631641
5239,0,nan,0,0,0,1,1,0.491737,0.0610865,0.0010653,-0.00293845,-0.649593,-0.778271
5240,0,nan,0,0,0,1,1,0.491737,0,-0.0010653,-0.00292489,-0.624367,-0.586523
5241,0,nan,0,0,0,1,1,0.491737,0,-0.00745708,-0.00295458,-0.557977,-0.733154
5242,0,nan,0,0,0,1,1,0.491641,0,0.00852238,-0.00300332,-0.740185,-0.552686
5243,0,nan,0,0,0,1,1,0.491641,-0.00872665,-0.0159795,-0.00298985,-0.468886,-0.699316
5244,0,nan,0,0,0,1,1,0.491737,0.0331613,0.00426119,-0.00294733,-0.685921,-0.496289
5245,0,nan,0,0,0,1,1,0.491641,-0.0488692,-0.00319589,-0.00295867,-0.605389,-0.654199
5246,0,nan,0,0,0,1,1,0.491641,0.020944,0.00852238,-0.00297128,-0.735956,-0.541406
5247,0,nan,0,0,0,1,1,0.491641,-0.0226893,0.010653,-0.00299852,-0.762987,-0.620361
5248,0,nan,0,0,0,1,1,0.491641,0,-0.0117183,-0.00299968,-0.517057,-0.665479
5249,0,nan,0,0,0,1,1,0.491641,0.00174533,-0.00213059,-0.00300079,-0.622668,-0.744434
5250,0,nan,0,0,0,1,1,0.491641,-0.015708,0.00532648,-0.0029777,-0.701648,-0.654199
5251,0,nan,0,0,0,1,1,0.491641,-0.015708,0.00213059,-0.00301774,-0.671778,-0.699316
5252,0,nan,0,0,0,1,1,0.491641,0,-0.0117183,-0.00301951,-0.519675,-0.654199
5253,0,nan,0,0,0,1,1,0.491641,0,-0.0191753,-0.0030352,-0.439717,-0.766992
5254,0,nan,0,0,0,1,1,0.491641,-0.015708,-0.00319589,-0.00303863,-0.615944,-0.665479
5255,0,nan,0,0,0,1,1,0.491641,0,-0.00639178,-0.00303722,-0.580603,-0.766992
5256,0,nan,0,0,0,1,1,0.491641,0.0122173,0.00319589,-0.0030081,-0.682224,-0.721875
5257,0,nan,0,0,0,1,1,0.491641,-0.00349066,-0.0127836,-0.00299415,-0.504609,-0.744434
5258,0,nan,0,0,0,1,1,0.491737,0.0506145,0.00213059,-0.00300849,-0.670557,-0.688037
5259,0,nan,0,0,0,1,1,0.491641,0,-0.00532648,-0.00300066,-0.587496,-0.609082
5260,0,nan,0,0,0,1,1,0.491641,0,-0.010653,-0.00301876,-0.531293,-0.631641
5261,0,nan,0,0,0,1,1,0.491641,0,0.00319589,-0.00304063,-0.686518,-0.755713
5262,0,nan,0,0,0,1,1,0.491641,-0.00523599,-0.0191753,-0.00302691,-0.438623,-0.721875
5263,0,nan,0,0,0,1,1,0.491737,0,0.0010653,-0.00300861,-0.658855,-0.699316
5264,0,nan,0,0,0,1,1,0.491641,0,0.0223712,-0.00306432,-0.900574,-0.80083
5265,0,nan,0,0,0,1,1,0.491641,0,0.00532648,-0.0030446,-0.710478,-0.575244
5266,0,nan,0,0,0,1,1,0.491641,-0.00349066,-0.00639178,-0.00303814,-0.580725,-0.80083
5267,0,nan,0,0,0,1,1,0.491641,0.0261799,-0.00639178,-0.00303738,-0.580625,-0.755713
5268,0,nan,0,0,0,1,1,0.491641,0,-0.00213059,-0.00305096,-0.629291,-0.688037
5269,0,nan,0,0,0,1,1,0.491641,0,0.00213059,-0.0030612,-0.677515,-0.710596
5270,0,nan,0,0,0,1,1,0.491641,-0.0139626,0.00958767,-0.00306257,-0.759724,-0.64292
5271,0,nan,0,0,0,1,1,0.491641,0,-0.00319589,-0.00307564,-0.62083,-0.699316
5272,0,nan,0,0,0,1,1,0.491641,0,-0.00745708,-0.00308008,-0.574542,-0.609082
5273,0,nan,0,0,0,1,1,0.491641,0.010472,-0.00532648,-0.00308463,-0.59858,-0.541406
5274,0,nan,0,0,0,1,1,0.491545,-0.0418879,0.010653,-0.0030722,-0.772713,-0.64292
5275,0,nan,0,0,0,1,1,0.491641,0,-0.00213059,-0.00307974,-0.633089,-0.80083
5276,0,nan,0,0,0,1,1,0.491641,0.0383972,-1.43507e-18,-0.0030753,-0.655939,-0.597803
5277,0,nan,0,0,0,1,1,0.491545,-0.020944,0.00426119,-0.00306376,-0.701289,-0.812109
5278,0,nan,0,0,0,1,1,0.491641,0.0331613,-0.0159795,-0.0031001,-0.48344,-0.789551
5279,0,nan,0,0,0,1,1,0.491641,0.0645772,0.0010653,-0.00305064,-0.664402,-0.609082
5280,0,nan,0,0,0,1,1,0.491737,0,-0.00639178,-0.00308293,-0.586637,-0.699316
5281,0,nan,0,0,0,1,1,0.491641,0.0558505,0.0117183,-0.00309761,-0.787786,-0.688037
5282,0,nan,0,0,0,1,1,0.491641,-0.00349066,0.0127836,-0.00311616,-0.801952,-0.744434
5283,0,nan,0,0,0,1,1,0.491545,0.00872665,-0.0170448,-0.00315125,-0.478473,-0.721875
5284,0,nan,0,0,0,1,1,0.491545,0,0.0213059,-0.00311882,-0.89605,-0.654199
5285,0,nan,0,0,0,1,1,0.491545,-0.0436332,-0.00639178,-0.00311058,-0.590287,-0.665479
5286,0,nan,0,0,0,1,1,0.491545,0.00872665,0.00213059,-0.00310118,-0.682792,-0.688037
5287,0,nan,0,0,0,1,1,0.491641,-0.010472,0.00745708,-0.00314249,-0.746837,-0.80083
5288,0,nan,0,0,0,1,1,0.491545,0.015708,-1.95692e-19,-0.00313341,-0.66361,-0.654199
5289,0,nan,0,0,0,1,1,0.491545,-0.0174533,1.82646e-18,-0.00311458,-0.661125,-0.597803
5290,0,nan,0,0,0,1,1,0.491641,0.00174533,-0.0149142,-0.00311124,-0.496628,-0.710596
5291,0,nan,0,0,0,1,1,0.491641,0.0471239,0.00532648,-0.00311344,-0.719565,-0.631641
5292,0,nan,0,0,0,1,1,0.491641,-0.0383972,-0.00426119,-0.00311244,-0.613969,-0.676758
5293,0,nan,0,0,0,1,1,0.491641,0.00872665,-0.01811,-0.00310541,-0.460704,-0.823389
5294,0,nan,0,0,0,1,1,0.491545,0.00872665,0.0159795,-0.00311351,-0.836758,-0.575244
5295,0,nan,0,0,0,1,1,0.491545,-0.0593412,-0.00319589,-0.00315566,-0.631392,-0.721875
5296,0,nan,0,0,0,1,1,0.491545,0,0.00852238,-0.00313978,-0.758196,-0.631641
5297,0,nan,0,0,0,1,1,0.491545,-0.0645772,-0.00319589,-0.00315224,-0.630941,-0.699316
5298,0,nan,0,0,0,1,1,0.491545,0.0244346,-0.0170448,-0.00315879,-0.479469,-0.812109
5299,0,nan,0,0,0,1,1,0.491641,0.0314159,0.0010653,-0.00315868,-0.678664,-0.552686
