index,/gimbal/yaw_sweep/active,/gimbal/yaw_sweep/target_offset,/gimbal/yaw_sweep/reference_velocity,/gimbal/yaw_sweep/reference_acceleration,/gimbal/yaw_sweep/feedforward_scale,/gimbal/yaw_sweep/remote_ready,/gimbal/yaw_sweep/right_switch,/gimbal/yaw/angle,/gimbal/yaw/velocity,/gimbal/yaw/velocity_imu,/gimbal/yaw/control_angle_error,/gimbal/yaw/control_torque,/gimbal/yaw/torque
988,1,0,0,0,1,1,1,5.38571,0.0226893,0.0149142,7.10659e-06,-0.262683,-0.47373
989,1,0,0,0,1,1,1,5.3859,-0.015708,0.028763,-2.75067e-06,-0.41635,-0.281982
990,1,0,0,0,1,1,1,5.386,0.00698132,0.00426119,-5.90712e-05,-0.15467,-0.281982
991,1,0,0,0,1,1,1,5.386,0.0122173,0.0117183,-0.000158143,-0.249776,-0.3271
992,1,0,0,0,1,1,1,5.386,0.0174533,0.0223712,-0.000262838,-0.380778,-0.270703
993,1,0,0,0,1,1,1,5.38609,0.0174533,0.0234365,-0.000374738,-0.407267,-0.406055
994,1,0,0,0,1,1,1,5.38609,0.00872665,0.0191753,-0.000497013,-0.376534,-0.428613
995,1,0,0,0,1,1,1,5.38619,0.0174533,-0.00958767,-0.000551302,-0.0673075,-0.3271
996,1,0,0,0,1,1,1,5.38619,0,-0.0223712,-0.000542101,0.0745263,-0.259424
997,1,0,0,0,1,1,1,5.38629,0.00872665,0.00319589,-0.000545286,-0.207133,-0.214307
998,1,0,0,0,1,1,1,5.38629,0,0.00852238,-0.000570904,-0.269105,-0.259424
999,1,0,0,0,1,1,1,5.38629,0,0.0202406,-0.000597989,-0.401467,-0.304541
1000,1,0,0,0,1,1,1,5.38629,0.00523599,0.00319589,-0.000641654,-0.219853,-0.191748
1001,1,0,0,0,1,1,1,5.38629,0,0.00426119,-0.000633242,-0.230461,-0.180469
1002,1,0,0,0,1,1,1,5.38638,0,0.00852238,-0.000658362,-0.28065,-0.304541
1003,1,0,0,0,1,1,1,5.38638,0,0.00852238,-0.000665572,-0.281602,-0.248145
1004,1,0,0,0,1,1,1,5.38638,0.0139626,0.00426119,-0.000667818,-0.235025,-0.169189
1005,1,0,0,0,1,1,1,5.38638,0,-0.00639178,-0.000667803,-0.11784,-0.225586
1006,1,0,0,0,1,1,1,5.38638,0,-0.0010653,-0.000672074,-0.176995,-0.248145
1007,1,0,0,0,1,1,1,5.38638,0,-0.00213059,-0.000689605,-0.167591,-0.270703
1008,1,0,0,0,1,1,1,5.38638,0,0.0127836,-0.000700717,-0.333114,-0.180469
1009,1,0,0,0,1,1,1,5.38638,0,0.00426119,-0.000729197,-0.243127,-0.248145
1010,1,0,0,0,1,1,1,5.38638,0,-0.00426119,-0.000742291,-0.151077,-0.225586
1011,1,0,0,0,1,1,1,5.38638,0,0.00639178,-0.000768091,-0.271698,-0.259424
1012,1,0,0,0,1,1,1,5.38638,0,0.00319589,-0.000746358,-0.233565,-0.248145
1013,1,0,0,0,1,1,1,5.38638,0,0.00213059,-0.00077965,-0.22635,-0.248145
1014,1,0,0,0,1,1,1,5.38638,0,-1.95692e-19,-0.000812862,-0.207298,-0.372217
1015,1,0,0,0,1,1,1,5.38638,0,0.00958767,-0.000852869,-0.318043,-0.338379
1016,1,0,0,0,1,1,1,5.38638,0,0.00319589,-0.000813929,-0.242388,-0.203027
1017,1,0,0,0,1,1,1,5.38638,0,0.010653,-0.000830025,-0.326689,-0.203027
1018,1,0,0,0,1,1,1,5.38638,0.00872665,-0.0234365,-0.000833287,0.0478079,-0.225586
1019,1,0,0,0,1,1,1,5.38638,0,-0.00532648,-0.000830709,-0.151062,-0.191748
1020,1,0,0,0,1,1,1,5.38638,0,0.0298283,-0.000849495,-0.540245,-0.203027
1021,1,0,0,0,1,1,1,5.38638,0,0.00852238,-0.00087265,-0.308936,-0.214307
1022,1,0,0,0,1,1,1,5.38638,0,-0.00532648,-0.000877902,-0.157292,-0.191748
1023,1,0,0,0,1,1,1,5.38638,0,0.00958767,-0.000894682,-0.323562,-0.236865
1024,1,0,0,0,1,1,1,5.38638,0,-0.010653,-0.000913528,-0.103403,-0.293262
1025,1,0,0,0,1,1,1,5.38638,0,0.00639178,-0.000895077,-0.28846,-0.191748
1026,1,0,0,0,1,1,1,5.38638,0,-0.0010653,-0.000915562,-0.209136,-0.248145
1027,1,0,0,0,1,1,1,5.38638,0,-0.00213059,-0.000918178,-0.197763,-0.281982
1028,1,0,0,0,1,1,1,5.38638,0,-0.00958767,-0.000965847,-0.122027,-0.338379
1029,1,0,0,0,1,1,1,5.38638,0,0.0127836,-0.000963488,-0.3678,-0.236865
1030,1,0,0,0,1,1,1,5.38638,0,0.0159795,-0.000983365,-0.405578,-0.236865
1031,1,0,0,0,1,1,1,5.38638,0,0.00745708,-0.000979855,-0.311369,-0.214307
1032,1,0,0,0,1,1,1,5.38648,0,-0.00213059,-0.00102728,-0.212165,-0.293262
1033,1,0,0,0,1,1,1,5.38648,0,-0.01811,-0.00101523,-0.0348,-0.214307
1034,1,0,0,0,1,1,1,5.38648,0,0.00852238,-0.00103741,-0.330684,-0.214307
1035,1,0,0,0,1,1,1,5.38648,0,0.00958767,-0.00107275,-0.347068,-0.248145
1036,1,0,0,0,1,1,1,5.38648,0,-0.00319589,-0.00104791,-0.203169,-0.169189
1037,1,0,0,0,1,1,1,5.38648,0,0.00958767,-0.00111772,-0.353004,-0.259424
1038,1,0,0,0,1,1,1,5.38638,-0.00872665,-0.0117183,-0.00111959,-0.118885,-0.3271
1039,1,0,0,0,1,1,1,5.38648,0,-0.00426119,-0.00111801,-0.200705,-0.31582
1040,1,0,0,0,1,1,1,5.38648,0,-0.00745708,-0.00113836,-0.168235,-0.259424
1041,1,0,0,0,1,1,1,5.38648,0,-0.00319589,-0.00110713,-0.210978,-0.281982
1042,1,0,0,0,1,1,1,5.38648,0,-0.00852238,-0.00114824,-0.157821,-0.281982
1043,1,0,0,0,1,1,1,5.38648,0,0.00426119,-0.00116027,-0.300029,-0.293262
1044,1,0,0,0,1,1,1,5.38648,0,0.00426119,-0.00115469,-0.299292,-0.248145
1045,1,0,0,0,1,1,1,5.38648,0,0.00426119,-0.00116164,-0.300209,-0.31582
1046,1,0,0,0,1,1,1,5.38648,0,-0.00958767,-0.00117071,-0.149069,-0.349658
1047,1,0,0,0,1,1,1,5.38648,0,0.00319589,-0.00116152,-0.288475,-0.259424
1048,1,0,0,0,1,1,1,5.38648,0,-0.010653,-0.00116734,-0.136906,-0.293262
1049,1,0,0,0,1,1,1,5.38648,0,0.00213059,-0.00119198,-0.280778,-0.338379
1050,1,0,0,0,1,1,1,5.38648,0,0.00213059,-0.00120702,-0.282764,-0.248145
1051,1,0,0,0,1,1,1,5.38648,0,0.0138489,-0.00121914,-0.413264,-0.225586
1052,1,0,0,0,1,1,1,5.38648,0,0.0117183,-0.00124261,-0.392925,-0.236865
1053,1,0,0,0,1,1,1,5.38648,0,-0.00426119,-0.00123523,-0.215966,-0.383496
1054,1,0,0,0,1,1,1,5.38648,0,0.00745708,-0.00126651,-0.349207,-0.248145
1055,1,0,0,0,1,1,1,5.38648,0,0.0010653,-0.00126906,-0.279235,-0.383496
1056,1,0,0,0,1,1,1,5.38648,0,0.0213059,-0.00130737,-0.506938,-0.259424
1057,1,0,0,0,1,1,1,5.38648,0,-0.00213059,-0.0012657,-0.24361,-0.225586
1058,1,0,0,0,1,1,1,5.38648,0,0.0223712,-0.00132514,-0.521002,-0.360938
1059,1,0,0,0,1,1,1,5.38648,0,-0.028763,-0.00133926,0.0396102,-0.394775
1060,1,0,0,0,1,1,1,5.38648,0,-0.00319589,-0.00135821,-0.244128,-0.383496
1061,1,0,0,0,1,1,1,5.38648,0,0.0138489,-0.00139551,-0.436545,-0.383496
1062,1,0,0,0,1,1,1,5.38648,0,-0.00319589,-0.0013988,-0.249487,-0.270703
1063,1,0,0,0,1,1,1,5.38648,0,0.01811,-0.00139163,-0.482905,-0.270703
1064,1,0,0,0,1,1,1,5.38648,0,-0.00426119,-0.00140596,-0.238714,-0.349658
1065,1,0,0,0,1,1,1,5.38648,0,-0.0010653,-0.00146285,-0.281378,-0.462451
1066,1,0,0,0,1,1,1,5.38638,0,0.00213059,-0.00147342,-0.317929,-0.394775
1067,1,0,0,0,1,1,1,5.38648,0,-0.00639178,-0.00148101,-0.224965,-0.383496
1068,1,0,0,0,1,1,1,5.38648,0,0.0117183,-0.00149701,-0.426506,-0.270703
1069,1,0,0,0,1,1,1,5.38648,0,-0.0149142,-0.00151151,-0.135464,-0.281982
1070,1,0,0,0,1,1,1,5.38648,0,0.0234365,-0.00153439,-0.560341,-0.304541
1071,1,0,0,0,1,1,1,5.38648,0,0.0117183,-0.00153938,-0.4321,-0.259424
1072,1,0,0,0,1,1,1,5.38648,-0.00698132,0.00532648,-0.00156044,-0.364569,-0.3271
1073,1,0,0,0,1,1,1,5.38648,0,0.00213059,-0.00155579,-0.328801,-0.293262
1074,1,0,0,0,1,1,1,5.38648,0,-0.00639178,-0.00157598,-0.23772,-0.439893
1075,1,0,0,0,1,1,1,5.38648,0,0.0127836,-0.00160304,-0.452221,-0.360938
1076,1,0,0,0,1,1,1,5.38648,0,0.00745708,-0.00161476,-0.395176,-0.304541
1077,1,0,0,0,1,1,1,5.38648,0,0.00745708,-0.0015862,-0.391406,-0.293262
1078,1,0,0,0,1,1,1,5.38648,0,0.0010653,-0.00161285,-0.324615,-0.428613
1079,1,0,0,0,1,1,1,5.38648,0,0.0138489,-0.001649,-0.470005,-0.360938
1080,1,0,0,0,1,1,1,5.38648,0,-0.00213059,-0.00161346,-0.28954,-0.338379
1081,1,0,0,0,1,1,1,5.38648,0,-0.028763,-0.00161223,0.00357947,-0.417334
1082,1,0,0,0,1,1,1,5.38648,0,-0.01811,-0.00160867,-0.113133,-0.31582
1083,1,0,0,0,1,1,1,5.38648,0,-0.0010653,-0.00164999,-0.30608,-0.360938
1084,1,0,0,0,1,1,1,5.38648,0,0.0010653,-0.00161747,-0.325224,-0.236865
1085,1,0,0,0,1,1,1,5.38648,0,-0.0010653,-0.00163813,-0.304514,-0.338379
1086,1,0,0,0,1,1,1,5.38648,0,-0.00319589,-0.00164312,-0.281737,-0.31582
1087,1,0,0,0,1,1,1,5.38648,0,-0.0191753,-0.00162639,-0.103755,-0.3271
1088,1,0,0,0,1,1,1,5.38648,0,-0.00745708,-0.0016171,-0.23143,-0.349658
1089,1,0,0,0,1,1,1,5.38648,0,-0.0191753,-0.0015974,-0.0999279,-0.203027
1090,1,0,0,0,1,1,1,5.38648,0,-0.0202406,-0.00158064,-0.085997,-0.248145
1091,1,0,0,0,1,1,1,5.38648,0,0.00319589,-0.00158111,-0.343861,-0.293262
1092,1,0,0,0,1,1,1,5.38648,0,-0.010653,-0.00156736,-0.189709,-0.236865
1093,1,0,0,0,1,1,1,5.38648,0.00872665,-1.76123e-18,-0.00163751,-0.316151,-0.281982
1094,1,0,0,0,1,1,1,5.38638,-0.00872665,-0.00213059,-0.00164259,-0.293386,-0.270703
1095,1,0,0,0,1,1,1,5.38648,0,-0.0149142,-0.0016327,-0.151461,-0.428613
1096,1,0,0,0,1,1,1,5.38648,0,0.0170448,-0.0016787,-0.509081,-0.338379
1097,1,0,0,0,1,1,1,5.38648,0,0.010653,-0.00172397,-0.444747,-0.372217
1098,1,0,0,0,1,1,1,5.38638,0,0.00532648,-0.00172674,-0.386522,-0.304541
1099,1,0,0,0,1,1,1,5.38638,0,0.00745708,-0.00174271,-0.412066,-0.383496
1100,1,0,0,0,1,1,1,5.38638,0,0.00532648,-0.00174896,-0.389455,-0.3271
1101,1,0,0,0,1,1,1,5.38638,0,-0.0127836,-0.00176809,-0.192768,-0.360938
1102,1,0,0,0,1,1,1,5.38638,0,0.0266324,-0.00181065,-0.631962,-0.3271
1103,1,0,0,0,1,1,1,5.38638,0,-0.0170448,-0.0018217,-0.152972,-0.383496
1104,1,0,0,0,1,1,1,5.38638,0,0.00745708,-0.00183939,-0.424828,-0.439893
1105,1,0,0,0,1,1,1,5.38638,0,-0.00958767,-0.00185607,-0.239537,-0.439893
1106,1,0,0,0,1,1,1,5.38638,0,6.52306e-19,-0.00187088,-0.346957,-0.417334
1107,1,0,0,0,1,1,1,5.38638,0,0.0138489,-0.00186074,-0.497955,-0.406055
1108,1,0,0,0,1,1,1,5.38638,0,0.00852238,-0.00186609,-0.44007,-0.383496
1109,1,0,0,0,1,1,1,5.38648,0,-0.00958767,-0.00189073,-0.244111,-0.383496
1110,1,0,0,0,1,1,1,5.38648,0,-0.00532648,-0.0019404,-0.297542,-0.428613
1111,1,0,0,0,1,1,1,5.38648,0,-0.00532648,-0.00194795,-0.298539,-0.338379
1112,1,0,0,0,1,1,1,5.38648,0,-0.00426119,-0.00193014,-0.307905,-0.372217
1113,1,0,0,0,1,1,1,5.38648,0,-0.00745708,-0.0019448,-0.274686,-0.293262
1114,1,0,0,0,1,1,1,5.38648,0,0.0255671,-0.00194248,-0.637646,-0.31582
1115,1,0,0,0,1,1,1,5.38638,0,-0.00213059,-0.00198147,-0.338117,-0.518848
1116,1,0,0,0,1,1,1,5.38638,0,0.00745708,-0.00200415,-0.446575,-0.439893
1117,1,0,0,0,1,1,1,5.38638,0,0.0159795,-0.00204508,-0.545725,-0.360938
1118,1,0,0,0,1,1,1,5.38638,0,-0.00958767,-0.0020601,-0.266469,-0.439893
1119,1,0,0,0,1,1,1,5.38638,0,0.00319589,-0.0020756,-0.409133,-0.563965
1120,1,0,0,0,1,1,1,5.38648,0.010472,-0.0117183,-0.0020415,-0.240578,-0.293262
1121,1,0,0,0,1,1,1,5.38648,0,-0.0149142,-0.00205735,-0.207514,-0.428613
1122,1,0,0,0,1,1,1,5.38648,0,0.00639178,-0.00205155,-0.441115,-0.372217
1123,1,0,0,0,1,1,1,5.38648,0,0.00745708,-0.00204125,-0.451472,-0.428613
1124,1,0,0,0,1,1,1,5.38648,0,-0.0010653,-0.00205931,-0.36011,-0.462451
1125,1,0,0,0,1,1,1,5.38648,0,-0.00532648,-0.00208897,-0.317153,-0.451172
1126,1,0,0,0,1,1,1,5.38638,0,-0.0234365,-0.00209322,-0.118503,-0.383496
1127,1,0,0,0,1,1,1,5.38638,0,0.00745708,-0.00208052,-0.456657,-0.3271
1128,1,0,0,0,1,1,1,5.38638,0,0.0266324,-0.00211007,-0.671486,-0.417334
1129,1,0,0,0,1,1,1,5.38638,0,4.56614e-19,-0.00213948,-0.382411,-0.496289
1130,1,0,0,0,1,1,1,5.38638,0,0.00958767,-0.00212594,-0.486088,-0.236865
1131,1,0,0,0,1,1,1,5.38638,0,0.0245018,-0.00214021,-0.652027,-0.3271
1132,1,0,0,0,1,1,1,5.38638,0,0.0149142,-0.00215946,-0.549104,-0.372217
1133,1,0,0,0,1,1,1,5.38638,0,-0.00745708,-0.00212684,-0.298715,-0.394775
1134,1,0,0,0,1,1,1,5.38638,0,-0.00639178,-0.00213618,-0.311666,-0.462451
1135,1,0,0,0,1,1,1,5.38638,0,-0.0117183,-0.00212507,-0.251609,-0.428613
1136,1,0,0,0,1,1,1,5.38638,0,0.00852238,-0.00209682,-0.470527,-0.372217
1137,1,0,0,0,1,1,1,5.38638,0,-0.0010653,-0.00209897,-0.365346,-0.304541
1138,1,0,0,0,1,1,1,5.38638,0,0.0234365,-0.00212552,-0.63837,-0.439893
1139,1,0,0,0,1,1,1,5.38638,0,0.00426119,-0.00216722,-0.432946,-0.451172
1140,1,0,0,0,1,1,1,5.38638,0,0.0010653,-0.00217196,-0.398417,-0.507568
1141,1,0,0,0,1,1,1,5.38638,0,-0.00426119,-0.00219131,-0.34238,-0.451172
1142,1,0,0,0,1,1,1,5.38638,0,0.010653,-0.00220404,-0.508115,-0.394775
1143,1,0,0,0,1,1,1,5.38638,0,-0.0170448,-0.00220958,-0.204172,-0.304541
1144,1,0,0,0,1,1,1,5.38638,0,-0.00319589,-0.0022389,-0.360379,-0.47373
1145,1,0,0,0,1,1,1,5.38638,0,0.01811,-0.00221076,-0.591031,-0.31582
1146,1,0,0,0,1,1,1,5.38638,0,0.0010653,-0.00221696,-0.404357,-0.383496
1147,1,0,0,0,1,1,1,5.38638,0,-0.00426119,-0.00222405,-0.346701,-0.394775
1148,1,0,0,0,1,1,1,5.38638,0,0.0159795,-0.00219334,-0.565294,-0.406055
1149,1,0,0,0,1,1,1,5.38638,0,-0.0138489,-0.00219163,-0.236958,-0.428613
1150,1,0,0,0,1,1,1,5.38638,0,3.91384e-19,-0.00221355,-0.392189,-0.406055
1151,1,0,0,0,1,1,1,5.38638,0,-0.0010653,-0.00218644,-0.376892,-0.3271
1152,1,0,0,0,1,1,1,5.38638,0,0.0010653,-0.00219486,-0.40144,-0.360938
1153,1,0,0,0,1,1,1,5.38638,0,-0.0010653,-0.00220069,-0.378773,-0.349658
1154,1,0,0,0,1,1,1,5.38638,0,6.52306e-19,-0.00218664,-0.388637,-0.360938
1155,1,0,0,0,1,1,1,5.38638,0,0.0117183,-0.00221112,-0.520769,-0.439893
1156,1,0,0,0,1,1,1,5.38638,0,-0.00213059,-0.00220099,-0.367094,-0.417334
1157,1,0,0,0,1,1,1,5.38638,0,0.0149142,-0.00220646,-0.555308,-0.281982
1158,1,0,0,0,1,1,1,5.38638,0,0.00213059,-0.00219807,-0.413582,-0.360938
1159,1,0,0,0,1,1,1,5.38638,0,0.00639178,-0.00219774,-0.460411,-0.462451
1160,1,0,0,0,1,1,1,5.38638,0,-0.00532648,-0.00221321,-0.333552,-0.3271
1161,1,0,0,0,1,1,1,5.38638,0,0.0117183,-0.00221033,-0.520664,-0.3271
1162,1,0,0,0,1,1,1,5.38638,0,0.0191753,-0.00227356,-0.611039,-0.47373
1163,1,0,0,0,1,1,1,5.38638,0,0.0213059,-0.00229112,-0.636794,-0.451172
1164,1,0,0,0,1,1,1,5.38638,0,-0.010653,-0.00228891,-0.284953,-0.360938
1165,1,0,0,0,1,1,1,5.38638,0,0.0170448,-0.00230914,-0.592299,-0.428613
1166,1,0,0,0,1,1,1,5.38638,0,0.0234365,-0.00233455,-0.665962,-0.349658
1167,1,0,0,0,1,1,1,5.38638,-0.00698132,-0.00426119,-0.00233087,-0.360802,-0.541406
1168,1,0,0,0,1,1,1,5.38638,0,0.00213059,-0.00235694,-0.434553,-0.48501
1169,1,0,0,0,1,1,1,5.38638,0,0.00319589,-0.00236978,-0.447965,-0.417334
1170,1,0,0,0,1,1,1,5.38638,0,0.00745708,-0.0023794,-0.496109,-0.383496
1171,1,0,0,0,1,1,1,5.38638,0,-0.00319589,-0.00239357,-0.380796,-0.541406
1172,1,0,0,0,1,1,1,5.38638,0,-0.00426119,-0.00236896,-0.36583,-0.507568
1173,1,0,0,0,1,1,1,5.38638,0,0.0191753,-0.00240785,-0.628765,-0.496289
1174,1,0,0,0,1,1,1,5.38638,0,-0.0117183,-0.00243092,-0.291981,-0.394775
1175,1,0,0,0,1,1,1,5.38638,0,-0.0138489,-0.00242564,-0.267847,-0.417334
1176,1,0,0,0,1,1,1,5.38638,0,-0.00532648,-0.00240438,-0.358787,-0.372217
1177,1,0,0,0,1,1,1,5.38638,0,-0.00958767,-0.00238996,-0.31001,-0.439893
1178,1,0,0,0,1,1,1,5.38638,0,0.0117183,-0.00240245,-0.546025,-0.428613
1179,1,0,0,0,1,1,1,5.38638,0,0.00532648,-0.0024018,-0.475629,-0.372217
1180,1,0,0,0,1,1,1,5.38638,0,-0.00745708,-0.00243183,-0.338973,-0.439893
1181,1,0,0,0,1,1,1,5.38638,0,0.00426119,-0.00246408,-0.472132,-0.507568
1182,1,0,0,0,1,1,1,5.38638,0,-0.00319589,-0.0024492,-0.38814,-0.439893
1183,1,0,0,0,1,1,1,5.38638,0,0.00319589,-0.00247259,-0.461536,-0.507568
1184,1,0,0,0,1,1,1,5.38638,0,0.0127836,-0.00246399,-0.565866,-0.360938
1185,1,0,0,0,1,1,1,5.38638,0,-0.0010653,-0.00243849,-0.410163,-0.428613
1186,1,0,0,0,1,1,1,5.38638,0,-0.00426119,-0.00246138,-0.37803,-0.406055
1187,1,0,0,0,1,1,1,5.38638,0,-0.0138489,-0.00248237,-0.275336,-0.518848
1188,1,0,0,0,1,1,1,5.38638,0,-0.00745708,-0.0025146,-0.349899,-0.394775
1189,1,0,0,0,1,1,1,5.38638,0,0.0202406,-0.00251148,-0.654162,-0.428613
1190,1,0,0,0,1,1,1,5.38638,0,0.00745708,-0.00256421,-0.520503,-0.609082
1191,1,0,0,0,1,1,1,5.38638,0,-0.0138489,-0.00255369,-0.284749,-0.48501
1192,1,0,0,0,1,1,1,5.38638,0,0.01811,-0.00260792,-0.643456,-0.417334
1193,1,0,0,0,1,1,1,5.38638,0,0.00639178,-0.00265383,-0.520615,-0.563965
1194,1,0,0,0,1,1,1,5.38638,0,-0.0010653,-0.00263985,-0.436742,-0.349658
1195,1,0,0,0,1,1,1,5.38638,0,0,-0.00268511,-0.454434,-0.439893
1196,1,0,0,0,1,1,1,5.38638,0,0.0010653,-0.00271499,-0.470097,-0.507568
1197,1,0,0,0,1,1,1,5.38638,0,-0.00852238,-0.00273791,-0.367658,-0.609082
1198,1,0,0,0,1,1,1,5.38638,0,0.00958767,-0.00277742,-0.572084,-0.563965
1199,1,0,0,0,1,1,1,5.38638,0,-0.00745708,-0.00280127,-0.38774,-0.620361
1200,1,0,0,0,1,1,1,5.38638,0,-0.00532648,-0.00277558,-0.407786,-0.304541
1201,1,0,0,0,1,1,1,5.38638,0.00872665,0.00319589,-0.00277585,-0.501568,-0.530127
1202,1,0,0,0,1,1,1,5.38638,0,-0.00532648,-0.00277702,-0.407975,-0.451172
1203,1,0,0,0,1,1,1,5.38638,0,0.0138489,-0.00279848,-0.621737,-0.552686
1204,1,0,0,0,1,1,1,5.38638,0,-0.010653,-0.00282776,-0.356082,-0.575244
1205,1,0,0,0,1,1,1,5.38638,0,0.0010653,-0.00285924,-0.489138,-0.620361
1206,1,0,0,0,1,1,1,5.38638,0,0.00639178,-0.0028613,-0.548001,-0.48501
1207,1,0,0,0,1,1,1,5.38638,0,0.0117183,-0.00283856,-0.603591,-0.406055
1208,1,0,0,0,1,1,1,5.38638,0,-0.0138489,-0.00281473,-0.319208,-0.417334
1209,1,0,0,0,1,1,1,5.38638,0,0.0159795,-0.00285609,-0.652777,-0.417334
1210,1,0,0,0,1,1,1,5.38638,0,-0.00426119,-0.00285009,-0.429339,-0.47373
1211,1,0,0,0,1,1,1,5.38638,0,-0.00745708,-0.00283616,-0.392345,-0.428613
1212,1,0,0,0,1,1,1,5.38638,0,0.0010653,-0.00283259,-0.48562,-0.406055
1213,1,0,0,0,1,1,1,5.38638,0,8.47998e-19,-0.00281944,-0.472167,-0.394775
1214,1,0,0,0,1,1,1,5.38638,0,-0.0010653,-0.00281844,-0.460316,-0.518848
1215,1,0,0,0,1,1,1,5.38638,0,0.0213059,-0.0028502,-0.710591,-0.48501
1216,1,0,0,0,1,1,1,5.38638,0,-0.01811,-0.00286346,-0.278766,-0.518848
1217,1,0,0,0,1,1,1,5.38638,0,0.00639178,-0.00284479,-0.545822,-0.360938
1218,1,0,0,0,1,1,1,5.38638,0,0.00958767,-0.00282939,-0.578944,-0.541406
1219,1,0,0,0,1,1,1,5.38638,0,-0.00426119,-0.0028568,-0.430224,-0.586523
1220,1,0,0,0,1,1,1,5.38638,0,-0.00532648,-0.00285944,-0.418855,-0.47373
1221,1,0,0,0,1,1,1,5.38638,0,0.0255671,-0.00287302,-0.760478,-0.417334
1222,1,0,0,0,1,1,1,5.38638,0,0.00319589,-0.00284761,-0.511039,-0.586523
1223,1,0,0,0,1,1,1,5.38638,0,0.00319589,-0.00285045,-0.511415,-0.609082
1224,1,0,0,0,1,1,1,5.38638,0,-0.00958767,-0.00285261,-0.371079,-0.47373
1225,1,0,0,0,1,1,1,5.38638,0,-0.0149142,-0.00284073,-0.310921,-0.428613
1226,1,0,0,0,1,1,1,5.38638,0,-0.00426119,-0.00287046,-0.432028,-0.48501
1227,1,0,0,0,1,1,1,5.38638,0,0.00532648,-0.00285902,-0.535982,-0.383496
1228,1,0,0,0,1,1,1,5.38638,0,0.00639178,-0.00284652,-0.546051,-0.518848
1229,1,0,0,0,1,1,1,5.38638,-0.0139626,-0.010653,-0.00284941,-0.358939,-0.428613
1230,1,0,0,0,1,1,1,5.38638,0,0.0266324,-0.00288349,-0.773578,-0.530127
1231,1,0,0,0,1,1,1,5.38638,0,0.00958767,-0.00289173,-0.587172,-0.507568
1232,1,0,0,0,1,1,1,5.38638,0,0.00532648,-0.00292766,-0.545042,-0.620361
1233,1,0,0,0,1,1,1,5.38638,0,0.00213059,-0.00290625,-0.507061,-0.439893
1234,1,0,0,0,1,1,1,5.38638,0,0.0234365,-0.0029358,-0.745328,-0.597803
1235,1,0,0,0,1,1,1,5.38638,0,-0.0138489,-0.00291848,-0.332902,-0.428613
1236,1,0,0,0,1,1,1,5.38638,0,0.00745708,-0.00292404,-0.568002,-0.47373
1237,1,0,0,0,1,1,1,5.38638,0,0.0159795,-0.00294841,-0.664965,-0.541406
1238,1,0,0,0,1,1,1,5.38638,0,-0.00852238,-0.00293441,-0.393596,-0.552686
1239,1,0,0,0,1,1,1,5.38638,0,0.00639178,-0.00299634,-0.565827,-0.563965
1240,1,0,0,0,1,1,1,5.38638,0,0.0127836,-0.00301688,-0.638848,-0.451172
1241,1,0,0,0,1,1,1,5.38638,0,0.00213059,-0.00302261,-0.522421,-0.541406
1242,1,0,0,0,1,1,1,5.38638,0,-0.00213059,-0.00306306,-0.480888,-0.563965
1243,1,0,0,0,1,1,1,5.38638,0,0.0255671,-0.00306929,-0.786384,-0.417334
1244,1,0,0,0,1,1,1,5.38638,0,0.0149142,-0.00306252,-0.668309,-0.530127
1245,1,0,0,0,1,1,1,5.38638,0,0.00639178,-0.00304719,-0.572539,-0.462451
1246,1,0,0,0,1,1,1,5.38638,0,0.00639178,-0.00306651,-0.575089,-0.530127
1247,1,0,0,0,1,1,1,5.38638,0,0.0010653,-0.00305895,-0.515499,-0.507568
1248,1,0,0,0,1,1,1,5.38638,0,-2.60922e-19,-0.00305848,-0.50372,-0.64292
1249,1,0,0,0,1,1,1,5.38638,0,-0.0127836,-0.00309135,-0.367439,-0.676758
1250,1,0,0,0,1,1,1,5.38638,0.00872665,-0.0170448,-0.00310598,-0.322497,-0.349658
1251,1,0,0,0,1,1,1,5.38638,0.00872665,0.0191753,-0.00314613,-0.726218,-0.530127
1252,1,0,0,0,1,1,1,5.38638,0,0.0010653,-0.00311551,-0.522965,-0.48501
1253,1,0,0,0,1,1,1,5.38638,0,-0.0117183,-0.00309262,-0.379325,-0.462451
1254,1,0,0,0,1,1,1,5.38638,0,-0.00958767,-0.00307862,-0.400914,-0.428613
1255,1,0,0,0,1,1,1,5.38638,0,0.00532648,-0.00307339,-0.564279,-0.530127
1256,1,0,0,0,1,1,1,5.38638,0.00872665,0.00852238,-0.00311793,-0.605313,-0.563965
1257,1,0,0,0,1,1,1,5.38638,-0.00698132,-0.00426119,-0.0031362,-0.467105,-0.541406
1258,1,0,0,0,1,1,1,5.38638,0,-0.00852238,-0.00313914,-0.42062,-0.575244
1259,1,0,0,0,1,1,1,5.38638,0,-0.00319589,-0.0031508,-0.480751,-0.530127
1260,1,0,0,0,1,1,1,5.38638,0,-0.0117183,-0.00315679,-0.387795,-0.654199
1261,1,0,0,0,1,1,1,5.38638,0,-0.01811,-0.00317423,-0.319788,-0.575244
1262,1,0,0,0,1,1,1,5.38638,0,-0.010653,-0.00314351,-0.397761,-0.47373
1263,1,0,0,0,1,1,1,5.38638,0,-0.00639178,-0.00314663,-0.445045,-0.563965
1264,1,0,0,0,1,1,1,5.38638,0.00349066,-0.00852238,-0.00311755,-0.417771,-0.451172
1265,1,0,0,0,1,1,1,5.38638,0,0.0010653,-0.0031205,-0.523624,-0.552686
1266,1,0,0,0,1,1,1,5.38638,0,-0.00532648,-0.00309573,-0.450044,-0.507568
1267,1,0,0,0,1,1,1,5.38638,0,-0.00426119,-0.00310045,-0.462387,-0.597803
1268,1,0,0,0,1,1,1,5.38638,0,-0.00958767,-0.00307579,-0.40054,-0.575244
1269,1,0,0,0,1,1,1,5.38638,0,-0.00532648,-0.00309898,-0.450474,-0.563965
1270,1,0,0,0,1,1,1,5.38638,0,-0.00852238,-0.00307748,-0.412481,-0.47373
1271,1,0,0,0,1,1,1,5.38638,0,0.00213059,-0.00308949,-0.53125,-0.507568
1272,1,0,0,0,1,1,1,5.38638,0,-0.0010653,-0.00310309,-0.49789,-0.552686
1273,1,0,0,0,1,1,1,5.38638,0,-0.0159795,-0.0030777,-0.330483,-0.541406
1274,1,0,0,0,1,1,1,5.38638,0,0.0138489,-0.00310913,-0.662743,-0.609082
1275,1,0,0,0,1,1,1,5.38638,0,0.0010653,-0.00311297,-0.52263,-0.575244
1276,1,0,0,0,1,1,1,5.38638,0,1.30461e-18,-0.00313757,-0.514159,-0.575244
1277,1,0,0,0,1,1,1,5.38638,0,-0.010653,-0.00311981,-0.394633,-0.518848
1278,1,0,0,0,1,1,1,5.38638,0,0.0127836,-0.00318745,-0.661363,-0.48501
1279,1,0,0,0,1,1,1,5.38629,0,7.17537e-19,-0.00319706,-0.522012,-0.688037
1280,1,0,0,0,1,1,1,5.38629,0,-0.00319589,-0.00321616,-0.489378,-0.64292
1281,1,0,0,0,1,1,1,5.38629,0,-0.00213059,-0.00321554,-0.501014,-0.699316
1282,1,0,0,0,1,1,1,5.38629,0,-0.0149142,-0.0031581,-0.352813,-0.631641
1283,1,0,0,0,1,1,1,5.38638,0,-0.0010653,-0.00316963,-0.506673,-0.586523
1284,1,0,0,0,1,1,1,5.38638,0,-0.0127836,-0.00317278,-0.378188,-0.597803
1285,1,0,0,0,1,1,1,5.38638,0,0.00213059,-0.00319106,-0.544656,-0.620361
1286,1,0,0,0,1,1,1,5.38638,0,-0.00213059,-0.00323854,-0.50405,-0.575244
1287,1,0,0,0,1,1,1,5.38629,0,-2.60922e-19,-0.00320589,-0.523177,-0.47373
1288,1,5.04676e-07,0.000377285,0.187271,1,1,1,5.38638,0,-0.00532648,-0.00321225,-0.434244,-0.530127
1289,1,5.6683e-06,0.00187304,0.408783,1,1,1,5.38638,0,-0.00319589,-0.00317279,-0.402678,-0.451172
1290,1,2.10236e-05,0.00444194,0.616454,1,1,1,5.38638,0,0.00958767,-0.00317933,-0.483129,-0.462451
1291,1,5.17619e-05,0.00801502,0.810526,1,1,1,5.38638,0,0.0149142,-0.00315135,-0.466569,-0.394775
1292,1,0.000102736,0.0125251,0.991293,1,1,1,5.38638,0,0.0223712,-0.00312614,-0.464168,-0.349658
1293,1,0.000178472,0.0179068,1.15905,1,1,1,5.38638,0,0.00639178,-0.00304681,-0.187944,-0.293262
1294,1,0.00028315,0.0240946,1.31406,1,1,1,5.38638,0,0.0127836,-0.00292845,-0.144505,-0.191748
1295,1,0.000420661,0.0310267,1.45664,1,1,1,5.38648,0,0.0138489,-0.00279791,-0.0334936,-0.146631
1296,1,0.000594557,0.0386409,1.58706,1,1,1,5.38648,0.010472,0.0117183,-0.00267443,0.118344,-0.135352
1297,1,0.000808105,0.0468775,1.70561,1,1,1,5.38648,0.00349066,0.0223712,-0.00252748,0.139071,-0.101514
1298,1,0.00106429,0.0556784,1.8126,1,1,1,5.38648,0.00872665,0.0117183,-0.00232589,0.406813,0.0338379
1299,1,0.00136575,0.0649853,1.90829,1,1,1,5.38657,0.0226893,-0.00319589,-0.00209068,0.731736,0.146631
1300,1,0.00171486,0.0747419,1.99296,1,1,1,5.38667,0.0226893,-0.00213059,-0.00177036,0.898286,0.360938
1301,1,0.00211382,0.0848965,2.06694,1,1,1,5.38705,0.0401426,0.0255671,-0.0014736,0.772645,0.631641
1302,1,0.00256437,0.0953935,2.13048,1,1,1,5.38715,0.0610865,0.0426119,-0.00119524,0.763684,0.834668
1303,1,0.00306822,0.106184,2.18389,1,1,1,5.38744,0.0837758,0.078832,-0.000919977,0.546421,0.857227
1304,1,0.0036267,0.117218,2.22745,1,1,1,5.38782,0.0471239,0.0649831,-0.000698963,0.872862,0.733154
1305,1,0.00424068,0.128442,2.26144,1,1,1,5.3883,0.106465,0.0926808,-0.000528888,0.736561,0.676758
1306,1,0.00491134,0.139816,2.28616,1,1,1,5.38859,0.102974,0.10653,-0.000356881,0.753127,0.789551
1307,1,0.00563903,0.151289,2.3019,1,1,1,5.38926,0.102974,0.10866,-0.000197336,0.896578,0.676758
1308,1,0.00642427,0.162819,2.30894,1,1,1,5.38983,0.144862,0.111856,-0.000111419,1.01719,0.518848
1309,1,0.00726734,0.174366,2.30757,1,1,1,5.39079,0.211185,0.149142,3.61114e-05,0.771627,0.823389
1310,1,0.00816787,0.185882,2.29807,1,1,1,5.39118,0.102974,0.145946,0.000196184,0.971145,0.913623
1311,1,0.00912597,0.197332,2.28075,1,1,1,5.39223,0.16057,0.168317,0.000293962,0.878882,0.721875
1312,1,0.010141,0.208676,2.25588,1,1,1,5.39281,0.167552,0.170448,0.000416432,1.01041,0.64292
1313,1,0.0112125,0.219879,2.22374,1,1,1,5.39405,0.179769,0.188558,0.000549495,0.965373,0.766992
1314,1,0.0123396,0.230904,2.18464,1,1,1,5.39482,0.225147,0.205602,0.000667754,0.926862,0.868506
1315,1,0.0135212,0.241715,2.13886,1,1,1,5.39607,0.20944,0.227974,0.000798892,0.828186,1.02642
1316,1,0.0147563,0.252281,2.08669,1,1,1,5.39702,0.235619,0.210929,0.000947658,1.16123,1.0377
1317,1,0.0160435,0.262571,2.02841,1,1,1,5.39846,0.274017,0.236496,0.00107798,1.01925,0.913623
1318,1,0.0173814,0.272554,1.96431,1,1,1,5.39942,0.223402,0.263128,0.00118669,0.858213,0.95874
1319,1,0.0187685,0.282205,1.89468,1,1,1,5.40105,0.256563,0.255671,0.00124563,1.05899,0.812109
1320,1,0.0202033,0.291495,1.81979,1,1,1,5.40201,0.282743,0.298283,0.00128203,0.701473,0.97002
1321,1,0.0216827,0.300394,1.73999,1,1,1,5.40364,0.235619,0.30361,0.0012479,0.737229,0.721875
1322,1,0.0232062,0.308886,1.65549,1,1,1,5.40498,0.385718,0.316393,0.00125964,0.692553,0.845947
1323,1,0.0247709,0.316942,1.56663,1,1,1,5.40661,0.258309,0.30574,0.00129967,0.903143,0.834668
1324,1,0.0263749,0.324545,1.47366,1,1,1,5.40815,0.382227,0.32172,0.00132096,0.812263,0.733154
1325,1,0.0280158,0.331673,1.3769,1,1,1,5.41006,0.335103,0.330242,0.00133823,0.796616,0.823389
1326,1,0.0296907,0.338308,1.27664,1,1,1,5.4115,0.363028,0.332373,0.00130405,0.836909,0.845947
1327,1,0.0313977,0.344433,1.17314,1,1,1,5.41342,0.352557,0.369658,0.0012043,0.47429,0.654199
1328,1,0.0331343,0.350034,1.06669,1,1,1,5.41466,0.296706,0.350483,0.00115233,0.732137,0.620361
1329,1,0.0348971,0.355096,0.957616,1,1,1,5.41716,0.378736,0.356874,0.00110505,0.70247,0.620361
1330,1,0.0366843,0.359606,0.846159,1,1,1,5.4184,0.328122,0.367527,0.00104109,0.616451,0.620361
1331,1,0.0384923,0.363554,0.732641,1,1,1,5.4207,0.366519,0.369658,0.000976279,0.616645,0.575244
1332,1,0.0403188,0.36693,0.617333,1,1,1,5.42195,0.338594,0.381376,0.000929482,0.506793,0.518848
1333,1,0.0421609,0.369725,0.500515,1,1,1,5.42435,0.37001,0.366462,0.000935809,0.690169,0.64292
1334,1,0.0440151,0.371933,0.382508,1,1,1,5.42598,0.385718,0.387768,0.000911605,0.463905,0.541406
1335,1,0.0458812,0.37355,0.263436,1,1,1,5.42818,0.301942,0.364332,0.000872967,0.719243,0.563965
1336,1,0.0477496,0.374568,0.143999,1,1,1,5.42952,0.417134,0.385637,0.00081137,0.472153,0.47373
1337,1,0.0496235,0.374988,0.0240936,1,1,1,5.43173,0.347321,0.393095,0.000789791,0.375616,0.439893
1338,1,0.0514985,0.374808,-0.0958929,1,1,1,5.43336,0.418879,0.392029,0.000798685,0.370124,0.609082
1339,1,0.053371,0.374029,-0.215649,1,1,1,5.43566,0.342085,0.379246,0.000793678,0.483732,0.609082
1340,1,0.0552378,0.372653,-0.334867,1,1,1,5.4371,0.359538,0.37818,0.000782026,0.460235,0.518848
1341,1,0.0570964,0.370682,-0.453288,1,1,1,5.43921,0.357792,0.370723,0.000756446,0.497887,0.293262
1342,1,0.0589434,0.368122,-0.570596,1,1,1,5.44055,0.389208,0.33983,0.000764386,0.79107,0.406055
1343,1,0.0607767,0.364978,-0.686564,1,1,1,5.44285,0.413643,0.374985,0.000808708,0.357062,0.48501
1344,1,0.0625924,0.361259,-0.80083,1,1,1,5.4441,0.296706,0.35794,0.000827541,0.486118,0.428613
1345,1,0.0643883,0.356973,-0.913148,1,1,1,5.44621,0.328122,0.32385,0.000889504,0.802239,0.518848
1346,1,0.0661612,0.352131,-1.02322,1,1,1,5.44745,0.328122,0.344091,0.000946024,0.514162,0.417334
1347,1,0.0679085,0.346746,-1.13074,1,1,1,5.44947,0.324631,0.325981,0.00104358,0.647518,0.620361
1348,1,0.0696279,0.340828,-1.23547,1,1,1,5.45081,0.345575,0.330242,0.00117285,0.533933,0.676758
1349,1,0.0713161,0.334396,-1.33707,1,1,1,5.45253,0.253073,0.313197,0.00122992,0.637545,0.47373
1350,1,0.0729708,0.327464,-1.43526,1,1,1,5.45388,0.357792,0.316393,0.00130816,0.516293,0.451172
1351,1,0.0745898,0.32005,-1.52978,1,1,1,5.4556,0.272271,0.320654,0.00135491,0.373325,0.496289
1352,1,0.0761705,0.312173,-1.62033,1,1,1,5.45694,0.324631,0.289761,0.00139033,0.610032,0.47373
1353,1,0.0777108,0.303853,-1.70661,1,1,1,5.45867,0.310669,0.301479,0.00145848,0.378514,0.541406
1354,1,0.0792084,0.295114,-1.78834,1,1,1,5.45982,0.247837,0.289761,0.00152279,0.399361,0.496289
1355,1,0.0806613,0.285978,-1.86524,1,1,1,5.46164,0.301942,0.282304,0.0015731,0.367407,0.48501
1356,1,0.0820676,0.27647,-1.93701,1,1,1,5.4627,0.223402,0.290826,0.00156488,0.147107,0.293262
1357,1,0.0834253,0.266618,-2.00336,1,1,1,5.46423,0.274017,0.280173,0.00148821,0.12354,0.259424
1358,1,0.0847332,0.256447,-2.06401,1,1,1,5.46519,0.223402,0.243953,0.00147263,0.387283,0.214307
1359,1,0.0859894,0.245987,-2.11867,1,1,1,5.46672,0.246091,0.239692,0.00145744,0.297046,0.236865
1360,1,0.0871926,0.23527,-2.16705,1,1,1,5.46759,0.233874,0.235431,0.00142303,0.201693,0.15791
1361,1,0.0883419,0.224326,-2.20888,1,1,1,5.46903,0.230383,0.255671,0.00141742,-0.16018,0.270703
1362,1,0.0894356,0.213193,-2.24383,1,1,1,5.46989,0.198968,0.213059,0.00141344,0.167014,0.270703
1363,1,0.0904736,0.201899,-2.27166,1,1,1,5.47104,0.20944,0.187492,0.0014261,0.308685,0.236865
1364,1,0.0914545,0.190487,-2.29205,1,1,1,5.4719,0.218166,0.193884,0.00145666,0.101663,0.259424
1365,1,0.0923782,0.178992,-2.30472,1,1,1,5.47286,0.118682,0.175774,0.00147882,0.162295,0.214307
1366,1,0.0932444,0.167453,-2.30938,1,1,1,5.47353,0.205949,0.153403,0.00152878,0.274996,0.248145
1367,1,0.0940526,0.155914,-2.30575,1,1,1,5.47439,0.10821,0.131032,0.00157848,0.38845,0.180469
1368,1,0.0948035,0.144411,-2.29354,1,1,1,5.47497,0.176278,0.129966,0.00164934,0.272938,0.191748
1369,1,0.095497,0.132991,-2.27246,1,1,1,5.47564,0.0733038,0.107595,0.00169482,0.390176,0.169189
1370,1,0.0961337,0.1217,-2.24222,1,1,1,5.47612,0.158825,0.102269,0.00178758,0.330412,0.270703
1371,1,0.0967142,0.110587,-2.20254,1,1,1,5.4766,0.0645772,0.0937461,0.00192045,0.315399,0.349658
1372,1,0.0972399,0.0996926,-2.15312,1,1,1,5.47708,0.115192,0.0820279,0.0020103,0.333137,0.417334
1373,1,0.0977117,0.0890707,-2.09367,1,1,1,5.47737,0.0802851,0.0532648,0.0021013,0.543362,0.428613
1374,1,0.0981311,0.0787723,-2.02392,1,1,1,5.47775,0.0401426,0.0585913,0.00219445,0.384977,0.406055
1375,1,0.0985,0.0688491,-1.94357,1,1,1,5.47804,0.0855211,0.0436772,0.00229553,0.456438,0.507568
1376,1,0.0988203,0.0593562,-1.85234,1,1,1,5.47813,0,0.0713749,0.00235242,0.0595674,0.338379
1377,1,0.0990944,0.0503451,-1.74993,1,1,1,5.47832,0.0279253,0.0191753,0.00247934,0.558486,0.428613
1378,1,0.0993247,0.0418758,-1.63606,1,1,1,5.47852,0.0279253,0.0149142,0.00256261,0.532914,0.360938
1379,1,0.0995141,0.034004,-1.51043,1,1,1,5.47861,0.0401426,0.010653,0.00267586,0.521144,0.496289
1380,1,0.0996658,0.0267914,-1.37278,1,1,1,5.47861,0,0.0159795,0.00275607,0.408878,0.48501
1381,1,0.0997832,0.0202966,-1.22277,1,1,1,5.47871,0,0.00532648,0.00285765,0.48604,0.507568
1382,1,0.0998701,0.0145842,-1.06018,1,1,1,5.47871,0,6.52306e-20,0.00288907,0.50564,0.383496
1383,1,0.0999305,0.0097164,-0.884663,1,1,1,5.47871,0,-0.00745708,0.00294762,0.565075,0.47373
1384,1,0.0999688,0.00575919,-0.695964,1,1,1,5.47871,0,0.00532648,0.00301069,0.411031,0.530127
1385,1,0.0999897,0.00277937,-0.493811,1,1,1,5.47871,0,0.0127836,0.00303081,0.323652,0.530127
1386,1,0.0999983,0.0008444,-0.277877,1,1,1,5.47871,0,0.00958767,0.00302491,0.364829,0.530127
1387,1,0.1,2.40433e-05,-0.0478505,1,1,1,5.47861,-0.010472,-0.00426119,0.00302567,0.539775,0.406055
1388,1,0.1,0,0,1,1,1,5.47871,0.0174533,0.0010653,0.0030327,0.488598,0.575244
1389,1,0.1,0,0,1,1,1,5.47871,0.0279253,0.0138489,0.00297929,0.340929,0.620361
1390,1,0.1,0,0,1,1,1,5.47861,-0.0575959,0.0117183,0.00298568,0.365208,0.496289
1391,1,0.1,0,0,1,1,1,5.47871,-0.0191986,-0.00532648,0.00296271,0.549668,0.428613
1392,1,0.1,0,0,1,1,1,5.47871,0.0122173,-0.00532648,0.00293767,0.546364,0.439893
1393,1,0.1,0,0,1,1,1,5.47871,0.00872665,-0.00745708,0.00290323,0.565254,0.48501
1394,1,0.1,0,0,1,1,1,5.47871,-0.00523599,-0.0170448,0.00291015,0.671632,0.64292
1395,1,0.1,0,0,1,1,1,5.47871,0.0139626,-0.00213059,0.00292727,0.509836,0.428613
1396,1,0.1,0,0,1,1,1,5.47871,0,-0.0010653,0.00289571,0.493952,0.496289
1397,1,0.1,0,0,1,1,1,5.47871,0,0.0010653,0.00290262,0.471428,0.507568
1398,1,0.1,0,0,1,1,1,5.47871,0,-0.00639178,0.00289603,0.552585,0.530127
1399,1,0.1,0,0,1,1,1,5.47871,0.00872665,0.00319589,0.00285859,0.442179,0.462451
1400,1,0.1,0,0,1,1,1,5.47871,0,-0.0010653,0.00285731,0.488884,0.406055
1401,1,0.1,0,0,1,1,1,5.47871,0,-0.00958767,0.00287615,0.585117,0.620361
1402,1,0.1,0,0,1,1,1,5.47861,-0.020944,0.0138489,0.00289522,0.329832,0.563965
1403,1,0.1,0,0,1,1,1,5.47871,-0.0279253,0.0170448,0.00288947,0.293918,0.552686
1404,1,0.1,0,0,1,1,1,5.47871,0,0.0298283,0.00285051,0.148156,0.428613
1405,1,0.1,0,0,1,1,1,5.47861,-0.0244346,-0.0213059,0.00286169,0.712109,0.439893
1406,1,0.1,0,0,1,1,1,5.47871,0,0.0213059,0.00283974,0.240481,0.552686
1407,1,0.1,0,0,1,1,1,5.47861,-0.00523599,5.21845e-19,0.00282431,0.472809,0.462451
1408,1,0.1,0,0,1,1,1,5.47871,0,0.0010653,0.00283594,0.462626,0.462451
1409,1,0.1,0,0,1,1,1,5.47871,0,0.00745708,0.00281694,0.389809,0.47373
1410,1,0.1,0,0,1,1,1,5.47871,0,0.0170448,0.00281208,0.283702,0.439893
1411,1,0.1,0,0,1,1,1,5.47871,-0.0174533,-0.00213059,0.00280126,0.493203,0.428613
1412,1,0.1,0,0,1,1,1,5.47871,0,0.00745708,0.00277886,0.384781,0.48501
1413,1,0.1,0,0,1,1,1,5.47871,0,0.00958767,0.00274179,0.356452,0.552686
1414,1,0.1,0,0,1,1,1,5.47871,-0.0279253,-0.00852238,0.00273572,0.554861,0.349658
1415,1,0.1,0,0,1,1,1,5.47871,0,0.0149142,0.00272118,0.29514,0.462451
1416,1,0.1,0,0,1,1,1,5.47861,0,-0.00852238,0.00274612,0.556234,0.451172
1417,1,0.1,0,0,1,1,1,5.47871,0,-0.00426119,0.0027421,0.50883,0.439893
1418,1,0.1,0,0,1,1,1,5.47871,0,0.0234365,0.00270044,0.198657,0.417334
1419,1,0.1,0,0,1,1,1,5.47861,-0.015708,-0.00958767,0.00268836,0.560328,0.406055
1420,1,0.1,0,0,1,1,1,5.47871,0,-0.0010653,0.00269857,0.46793,0.530127
1421,1,0.1,0,0,1,1,1,5.47871,0,-0.0010653,0.00265753,0.462513,0.439893
1422,1,0.1,0,0,1,1,1,5.47861,0,0.00426119,0.00265243,0.403248,0.47373
1423,1,0.1,0,0,1,1,1,5.47871,-0.015708,0.00639178,0.00265305,0.379893,0.496289
1424,1,0.1,0,0,1,1,1,5.47871,0,0.00426119,0.0026587,0.404076,0.439893
1425,1,0.1,0,0,1,1,1,5.47871,-0.00698132,-0.0117183,0.00266727,0.58098,0.439893
1426,1,0.1,0,0,1,1,1,5.47871,0.00523599,-0.00745708,0.00263821,0.530272,0.530127
1427,1,0.1,0,0,1,1,1,5.47871,0.015708,-0.00745708,0.0026442,0.531063,0.406055
1428,1,0.1,0,0,1,1,1,5.47871,0,0.00532648,0.00263237,0.388881,0.541406
1429,1,0.1,0,0,1,1,1,5.47871,0,-0.00426119,0.00267933,0.500545,0.530127
1430,1,0.1,0,0,1,1,1,5.47871,0,0.0127836,0.00270058,0.315857,0.541406
1431,1,0.1,0,0,1,1,1,5.47871,-0.0174533,0.00319589,0.00267395,0.417807,0.507568
1432,1,0.1,0,0,1,1,1,5.47871,0,-0.00426119,0.00265211,0.496951,0.406055
1433,1,0.1,0,0,1,1,1,5.47871,0,0.0170448,0.00265128,0.262477,0.462451
1434,1,0.1,0,0,1,1,1,5.47871,0,-0.00213059,0.00260969,0.467916,0.360938
1435,1,0.1,0,0,1,1,1,5.47871,0,-0.00213059,0.00262649,0.470133,0.47373
1436,1,0.1,0,0,1,1,1,5.47871,0,-0.0010653,0.00258878,0.453437,0.383496
1437,1,0.1,0,0,1,1,1,5.47871,0,-0.0127836,0.00258641,0.582025,0.439893
1438,1,0.1,0,0,1,1,1,5.47871,0,0.0149142,0.00257292,0.27557,0.530127
1439,1,0.1,0,0,1,1,1,5.47871,0,0.00532648,0.0025538,0.378511,0.48501
1440,1,0.1,0,0,1,1,1,5.47871,-0.00872665,0.010653,0.00253309,0.317185,0.406055
1441,1,0.1,0,0,1,1,1,5.47871,0,-0.00319589,0.0025396,0.470382,0.439893
1442,1,0.1,0,0,1,1,1,5.47871,0,0.00958767,0.00251071,0.325949,0.439893
1443,1,0.1,0,0,1,1,1,5.47861,0.00872665,-0.00319589,0.00251954,0.467734,0.575244
1444,1,0.1,0,0,1,1,1,5.47861,-0.0593412,0.00852238,0.00251353,0.338039,0.360938
1445,1,0.1,0,0,1,1,1,5.47871,0,-0.00958767,0.00252104,0.538241,0.609082
1446,1,0.1,0,0,1,1,1,5.47871,-0.00872665,0.0010653,0.00251419,0.420154,0.462451
1447,1,0.1,0,0,1,1,1,5.47871,0,0.00639178,0.00247683,0.356593,0.48501
1448,1,0.1,0,0,1,1,1,5.47861,-0.00698132,-0.0117183,0.00248381,0.556764,0.439893
1449,1,0.1,0,0,1,1,1,5.47871,0,0.0117183,0.00246024,0.29585,0.428613
1450,1,0.1,0,0,1,1,1,5.47871,0,0.00639178,0.00243988,0.351755,0.47373
1451,1,0.1,0,0,1,1,1,5.47861,0,0.0245018,0.00241267,0.148952,0.439893
1452,1,0.1,0,0,1,1,1,5.47871,0,0.00958767,0.00240007,0.311345,0.394775
1453,1,0.1,0,0,1,1,1,5.47871,0,-0.00426119,0.00241485,0.465633,0.360938
1454,1,0.1,0,0,1,1,1,5.47871,0,0.0223712,0.00239022,0.169426,0.496289
1455,1,0.1,0,0,1,1,1,5.47861,-0.0139626,0.00532648,0.00236128,0.353098,0.451172
1456,1,0.1,0,0,1,1,1,5.47871,0,0.00213059,0.00231131,0.381616,0.439893
1457,1,0.1,0,0,1,1,1,5.47861,0,0.00213059,0.00228006,0.377531,0.31582
1458,1,0.1,0,0,1,1,1,5.47861,0.00872665,1.82646e-18,0.00227888,0.400812,0.3271
1459,1,0.1,0,0,1,1,1,5.47871,-0.00698132,0.01811,0.00229572,0.203825,0.360938
1460,1,0.1,0,0,1,1,1,5.47871,0.00872665,6.52306e-20,0.00228523,0.401651,0.417334
1461,1,0.1,0,0,1,1,1,5.47861,0,0.00426119,0.0022667,0.352331,0.293262
1462,1,0.1,0,0,1,1,1,5.47861,0.00349066,-0.00213059,0.00223328,0.418191,0.48501
1463,1,0.1,0,0,1,1,1,5.47861,0.015708,8.47998e-19,0.00227049,0.399704,0.47373
1464,1,0.1,0,0,1,1,1,5.47871,-0.0261799,0.00958767,0.00223283,0.28927,0.372217
1465,1,0.1,0,0,1,1,1,5.47861,0,0.0191753,0.00219329,0.178586,0.349658
1466,1,0.1,0,0,1,1,1,5.47861,0,-0.00639178,0.00219031,0.459431,0.372217
1467,1,0.1,0,0,1,1,1,5.47861,0,-0.01811,0.00219266,0.588641,0.270703
1468,1,0.1,0,0,1,1,1,5.47861,0.0139626,0.00426119,0.00218854,0.342014,0.451172
1469,1,0.1,0,0,1,1,1,5.47861,0,-0.00745708,0.00215923,0.467046,0.293262
1470,1,0.1,0,0,1,1,1,5.47861,0,0.00852238,0.002147,0.289658,0.349658
1471,1,0.1,0,0,1,1,1,5.47861,0,-2.60922e-19,0.00214971,0.383761,0.293262
1472,1,0.1,0,0,1,1,1,5.47861,0.00523599,0.0170448,0.00214332,0.195427,0.349658
1473,1,0.1,0,0,1,1,1,5.47861,-0.00872665,0.010653,0.0021324,0.264295,0.394775
1474,1,0.1,0,0,1,1,1,5.47861,0,0.0213059,0.00210891,0.14401,0.270703
1475,1,0.1,0,0,1,1,1,5.47861,-0.0523599,-0.0117183,0.00211194,0.507677,0.338379
1476,1,0.1,0,0,1,1,1,5.47871,0.0174533,-0.00426119,0.00208336,0.421876,0.394775
1477,1,0.1,0,0,1,1,1,5.47861,0.0279253,5.21845e-19,0.00207012,0.373256,0.3271
1478,1,0.1,0,0,1,1,1,5.47861,-0.00523599,-0.00532648,0.00205837,0.430296,0.281982
1479,1,0.1,0,0,1,1,1,5.47861,0,-0.00426119,0.00207152,0.420313,0.293262
1480,1,0.1,0,0,1,1,1,5.47871,0.0314159,0.00532648,0.00208969,0.317248,0.48501
1481,1,0.1,0,0,1,1,1,5.47871,-0.00349066,0.00958767,0.00208565,0.269841,0.360938
1482,1,0.1,0,0,1,1,1,5.47871,0,0.00532648,0.00205492,0.312658,0.338379
1483,1,0.1,0,0,1,1,1,5.47861,0,0.00426119,0.00203728,0.322047,0.349658
1484,1,0.1,0,0,1,1,1,5.47861,0,0.00213059,0.00204419,0.346397,0.372217
1485,1,0.1,0,0,1,1,1,5.47861,0,0.0010653,0.00204304,0.357963,0.360938
1486,1,0.1,0,0,1,1,1,5.47861,0.00523599,0.00213059,0.00201354,0.342351,0.31582
1487,1,0.1,0,0,1,1,1,5.47861,0,0.00532648,0.00200431,0.305978,0.428613
1488,1,0.1,0,0,1,1,1,5.47861,-0.00872665,-0.00319589,0.00198284,0.39689,0.31582
1489,1,0.1,0,0,1,1,1,5.47861,0,0.00958767,0.00197791,0.25562,0.248145
1490,1,0.1,0,0,1,1,1,5.47861,0,-0.00426119,0.00194702,0.403879,0.360938
1491,1,0.1,0,0,1,1,1,5.47861,0.00872665,0.0202406,0.00190247,0.128479,0.214307
1492,1,0.1,0,0,1,1,1,5.47861,0,0.0149142,0.00191201,0.18833,0.338379
1493,1,0.1,0,0,1,1,1,5.47861,0,0.00319589,0.00187378,0.312184,0.304541
1494,1,0.1,0,0,1,1,1,5.47861,0,-0.0245018,0.0018411,0.612545,0.293262
1495,1,0.1,0,0,1,1,1,5.47861,0.0296706,0.00639178,0.00183454,0.27185,0.281982
1496,1,0.1,0,0,1,1,1,5.47861,0,0.0010653,0.00182022,0.328551,0.31582
1497,1,0.1,0,0,1,1,1,5.47861,0,-0.0213059,0.001819,0.574473,0.304541
1498,1,0.1,0,0,1,1,1,5.47861,0,-0.01811,0.001809,0.537999,0.270703
1499,1,0.1,0,0,1,1,1,5.47861,0,-0.00532648,0.00180599,0.396982,0.293262
1500,1,0.1,0,0,1,1,1,5.47861,0,-0.0117183,0.00179561,0.465922,0.417334
1501,1,0.1,0,0,1,1,1,5.47861,0.00174533,0.00745708,0.00183325,0.259962,0.31582
1502,1,0.1,0,0,1,1,1,5.47861,0,0.00213059,0.00180357,0.314634,0.383496
1503,1,0.1,0,0,1,1,1,5.47861,0,0.00639178,0.00174398,0.259763,0.304541
1504,1,0.1,0,0,1,1,1,5.47861,-0.015708,-0.00639178,0.00174081,0.400096,0.270703
1505,1,0.1,0,0,1,1,1,5.47861,0,-0.00213059,0.00173288,0.352176,0.270703
1506,1,0.1,0,0,1,1,1,5.47861,0.00349066,-0.00852238,0.00176149,0.426262,0.360938
1507,1,0.1,0,0,1,1,1,5.47861,0,-0.0010653,0.00175628,0.343547,0.31582
1508,1,0.1,0,0,1,1,1,5.47861,0,0.0127836,0.00176289,0.192082,0.406055
1509,1,0.1,0,0,1,1,1,5.47861,0,0.0191753,0.00172942,0.117355,0.372217
1510,1,0.1,0,0,1,1,1,5.47861,-0.0191986,-0.00426119,0.00171627,0.37342,0.191748
1511,1,0.1,0,0,1,1,1,5.47861,0,0.0138489,0.00163987,0.164033,0.304541
1512,1,0.1,0,0,1,1,1,5.47852,0,-0.0127836,0.00164453,0.457697,0.349658
1513,1,0.1,0,0,1,1,1,5.47861,0,-0.00852238,0.00166137,0.413048,0.270703
1514,1,0.1,0,0,1,1,1,5.47861,0,-0.00319589,0.0016513,0.353127,0.203027
1515,1,0.1,0,0,1,1,1,5.47861,0,0.00639178,0.0016267,0.244415,0.214307
1516,1,0.1,0,0,1,1,1,5.47861,0.00872665,0.00958767,0.00155676,0.2,0.214307
1517,1,0.1,0,0,1,1,1,5.47861,0.00872665,0.0117183,0.00153061,0.17314,0.360938
1518,1,0.1,0,0,1,1,1,5.47861,0,0.0213059,0.0015552,0.0709206,0.349658
1519,1,0.1,0,0,1,1,1,5.47852,-0.0261799,0.0127836,0.00155391,0.164496,0.293262
1520,1,0.1,0,0,1,1,1,5.47861,0.00174533,0.0138489,0.00154036,0.150991,0.293262
1521,1,0.1,0,0,1,1,1,5.47861,0,0.0010653,0.0015269,0.289832,0.372217
1522,1,0.1,0,0,1,1,1,5.47861,0,0.0213059,0.0015408,0.06902,0.3271
1523,1,0.1,0,0,1,1,1,5.47852,-0.0174533,0.0202406,0.00148577,0.0734745,0.214307
1524,1,0.1,0,0,1,1,1,5.47861,0.00698132,0.00532648,0.00145916,0.234018,0.225586
1525,1,0.1,0,0,1,1,1,5.47861,0,-0.00213059,0.00141703,0.310122,0.203027
1526,1,0.1,0,0,1,1,1,5.47861,0,-0.00852238,0.00140453,0.379145,0.191748
1527,1,0.1,0,0,1,1,1,5.47861,0,0.0170448,0.00139702,0.0969149,0.3271
1528,1,0.1,0,0,1,1,1,5.47861,0,6.52306e-19,0.00143054,0.288831,0.248145
1529,1,0.1,0,0,1,1,1,5.47861,0,0.00532648,0.00138171,0.223795,0.270703
1530,1,0.1,0,0,1,1,1,5.47861,0,0.00639178,0.00136291,0.209595,0.281982
1531,1,0.1,0,0,1,1,1,5.47861,0,0.00958767,0.00132492,0.169425,0.214307
1532,1,0.1,0,0,1,1,1,5.47861,0,0.0159795,0.00132195,0.0987231,0.3271
1533,1,0.1,0,0,1,1,1,5.47861,0,0.0276977,0.00131539,-0.0310432,0.3271
1534,1,0.1,0,0,1,1,1,5.47861,0,0.00532648,0.00131278,0.214696,0.236865
1535,1,0.1,0,0,1,1,1,5.47861,0,-0.00639178,0.00133396,0.346392,0.270703
1536,1,0.1,0,0,1,1,1,5.47861,0,0.00639178,0.00128673,0.199539,0.15791
1537,1,0.1,0,0,1,1,1,5.47852,0,-0.00958767,0.00127769,0.374119,0.15791
1538,1,0.1,0,0,1,1,1,5.47852,0.00174533,-0.00319589,0.00125524,0.300847,0.270703
1539,1,0.1,0,0,1,1,1,5.47852,0,-0.00319589,0.0012476,0.299838,0.248145
1540,1,0.1,0,0,1,1,1,5.47852,0,0.010653,0.00121448,0.142785,0.3271
1541,1,0.1,0,0,1,1,1,5.47852,0,0.0010653,0.00121498,0.24866,0.304541
1542,1,0.1,0,0,1,1,1,5.47852,-0.00872665,-0.0010653,0.0012257,0.27351,0.270703
1543,1,0.1,0,0,1,1,1,5.47852,0,-0.00319589,0.00120975,0.294842,0.236865
1544,1,0.1,0,0,1,1,1,5.47852,0,-5.21845e-19,0.00123107,0.262501,0.304541
1545,1,0.1,0,0,1,1,1,5.47852,0,-0.00745708,0.0012017,0.340653,0.248145
1546,1,0.1,0,0,1,1,1,5.47852,0,0.0138489,0.00119265,0.105093,0.270703
1547,1,0.1,0,0,1,1,1,5.47852,0,0.00639178,0.00119712,0.187711,0.191748
1548,1,0.1,0,0,1,1,1,5.47852,0,-0.00958767,0.00120625,0.364689,0.236865
1549,1,0.1,0,0,1,1,1,5.47852,0.00872665,0.00852238,0.00119445,0.163921,0.191748
1550,1,0.1,0,0,1,1,1,5.47852,0,-0.01811,0.00121118,0.459086,0.270703
1551,1,0.1,0,0,1,1,1,5.47861,0.00872665,-0.00532648,0.00120761,0.317996,0.225586
1552,1,0.1,0,0,1,1,1,5.47861,0,0.00852238,0.00119672,0.16422,0.360938
1553,1,0.1,0,0,1,1,1,5.47852,0,0.010653,0.00115455,0.135178,0.225586
1554,1,0.1,0,0,1,1,1,5.47852,0,0.00532648,0.00113678,0.191463,0.146631
1555,1,0.1,0,0,1,1,1,5.47852,0,-0.00639178,0.00112099,0.31828,0.214307
1556,1,0.1,0,0,1,1,1,5.47852,0,-0.0170448,0.0011049,0.433339,0.214307
1557,1,0.1,0,0,1,1,1,5.47852,0.00698132,-0.00426119,0.00111308,0.2938,0.259424
1558,1,0.1,0,0,1,1,1,5.47852,0,0.0127836,0.00111073,0.105997,0.248145
1559,1,0.1,0,0,1,1,1,5.47852,0,0.00958767,0.00111513,0.141733,0.191748
1560,1,0.1,0,0,1,1,1,5.47852,0,0.010653,0.0011024,0.128334,0.338379
1561,1,0.1,0,0,1,1,1,5.47852,0,0.0170448,0.00108267,0.05542,0.293262
1562,1,0.1,0,0,1,1,1,5.47852,0,0.0127836,0.00107913,0.101664,0.259424
1563,1,0.1,0,0,1,1,1,5.47852,-0.0244346,0.00745708,0.00107069,0.159303,0.191748
1564,1,0.1,0,0,1,1,1,5.47852,0,-0.0191753,0.00105748,0.450508,0.214307
1565,1,0.1,0,0,1,1,1,5.47852,0.00523599,0.0202406,0.00104588,0.015409,0.203027
1566,1,0.1,0,0,1,1,1,5.47852,0,-5.21845e-19,0.00101807,0.234385,0.191748
1567,1,0.1,0,0,1,1,1,5.47852,0,0.00213059,0.000971922,0.204857,0.135352
1568,1,0.1,0,0,1,1,1,5.47852,0,0.00319589,0.00095642,0.190899,0.236865
1569,1,0.1,0,0,1,1,1,5.47852,0,0.0117183,0.000952199,0.0966385,0.281982
1570,1,0.1,0,0,1,1,1,5.47852,0,0.00426119,0.000987632,0.183494,0.214307
1571,1,0.1,0,0,1,1,1,5.47852,-0.00872665,0.00213059,0.000945107,0.201318,0.15791
1572,1,0.1,0,0,1,1,1,5.47852,0,-0.00958767,0.000931484,0.32842,0.135352
1573,1,0.1,0,0,1,1,1,5.47852,0,-0.00958767,0.000913621,0.326062,0.180469
1574,1,0.1,0,0,1,1,1,5.47852,0,0.0170448,0.000888334,0.0297678,0.225586
1575,1,0.1,0,0,1,1,1,5.47852,0,-0.00426119,0.00087232,0.262019,0.214307
1576,1,0.1,0,0,1,1,1,5.47852,0,0.00213059,0.000859207,0.189979,0.15791
1577,1,0.1,0,0,1,1,1,5.47852,0,0.0149142,0.000852172,0.048431,0.214307
1578,1,0.1,0,0,1,1,1,5.47852,0,0.00852238,0.000824485,0.115086,0.180469
1579,1,0.1,0,0,1,1,1,5.47852,0,0.0117183,0.000789849,0.0753591,0.146631
1580,1,0.1,0,0,1,1,1,5.47852,0,-0.00745708,0.000803858,0.288137,0.169189
1581,1,0.1,0,0,1,1,1,5.47852,0,6.52306e-19,0.000788279,0.204053,0.180469
1582,1,0.1,0,0,1,1,1,5.47852,0,0.00639178,0.000755781,0.129454,0.169189
1583,1,0.1,0,0,1,1,1,5.47852,0,0.00852238,0.000742802,0.104304,0.236865
1584,1,0.1,0,0,1,1,1,5.47852,0,-1.30461e-19,0.000759988,0.200318,0.214307
1585,1,0.1,0,0,1,1,1,5.47852,0,0.0213059,0.000725008,-0.0387832,0.169189
1586,1,0.1,0,0,1,1,1,5.47852,0,0.00426119,0.000712501,0.147167,0.15791
1587,1,0.1,0,0,1,1,1,5.47852,0,-0.0138489,0.000722867,0.347756,0.15791
1588,1,0.099999,-0.000754536,-0.374534,1,1,1,5.47852,0,0.00745708,0.000733707,0.0524547,0.248145
1589,1,0.0999887,-0.0037463,-0.81759,1,1,1,5.47852,0,0.00958767,0.000705373,-0.0743241,0.135352
1590,1,0.099958,-0.0088842,-1.23293,1,1,1,5.47852,0,-0.00639178,0.000672581,-0.0251623,0.0789551
1591,1,0.0998965,-0.0160308,-1.62109,1,1,1,5.47852,0,-0.00426119,0.000598755,-0.201914,0.0338379
1592,1,0.0997945,-0.0250509,-1.98261,1,1,1,5.47852,0,1.17415e-18,0.000490441,-0.426776,0
1593,1,0.099643,-0.0358139,-2.31811,1,1,1,5.47842,-0.0174533,-0.010653,0.00035172,-0.509995,-0.124072
1594,1,0.0994337,-0.0481891,-2.62812,1,1,1,5.47832,-0.0331613,-0.00319589,0.000155885,-0.817193,-0.3271
1595,1,0.0991587,-0.0620518,-2.91325,1,1,1,5.47794,-0.0785398,-0.0245018,-8.42705e-05,-0.8302,-0.789551
1596,1,0.0988108,-0.0772835,-3.17415,1,1,1,5.47775,-0.010472,-0.0351548,-0.000266907,-0.965122,-0.857227
1597,1,0.0983838,-0.0937554,-3.41123,1,1,1,5.47746,-0.0837758,-0.0564607,-0.000449437,-0.995221,-0.80083
1598,1,0.0978714,-0.111356,-3.62519,1,1,1,5.47717,-0.0802851,-0.0777667,-0.000619167,-1.03415,-0.823389
1599,1,0.0972685,-0.129969,-3.81656,1,1,1,5.4765,-0.0750492,-0.0990726,-0.000780592,-1.08109,-0.936182
1600,1,0.0965703,-0.149483,-3.98591,1,1,1,5.47612,-0.1309,-0.121444,-0.000906875,-1.11915,-1.00386
1601,1,0.0957723,-0.169794,-4.13388,1,1,1,5.47526,-0.109956,-0.131032,-0.00106948,-1.31,-1.02642
1602,1,0.0948713,-0.190787,-4.26095,1,1,1,5.47459,-0.225147,-0.170448,-0.00119644,-1.17352,-1.01514
1603,1,0.0938636,-0.212367,-4.36777,1,1,1,5.47353,-0.167552,-0.205602,-0.00127858,-1.08146,-1.06025
1604,1,0.0927468,-0.234432,-4.45489,1,1,1,5.47257,-0.272271,-0.220516,-0.00137314,-1.21688,-1.29712
1605,1,0.0915186,-0.256885,-4.52288,1,1,1,5.47133,-0.223402,-0.239692,-0.00151104,-1.31415,-1.42119
1606,1,0.0901773,-0.279632,-4.57233,1,1,1,5.47008,-0.284489,-0.258867,-0.001569,-1.4005,-1.39863
1607,1,0.088722,-0.302578,-4.6038,1,1,1,5.46864,-0.333358,-0.2855,-0.00163502,-1.40613,-1.28584
1608,1,0.0871513,-0.325641,-4.61788,1,1,1,5.4674,-0.247837,-0.310001,-0.00169808,-1.43376,-1.3084
1609,1,0.0854655,-0.348729,-4.61513,1,1,1,5.46529,-0.394444,-0.319589,-0.00181355,-1.63108,-1.45503
1610,1,0.0836641,-0.371765,-4.59615,1,1,1,5.46404,-0.277507,-0.32385,-0.00188852,-1.87778,-1.42119
1611,1,0.0817479,-0.394666,-4.56149,1,1,1,5.46174,-0.45204,-0.374985,-0.00198121,-1.60861,-1.36479
1612,1,0.0797178,-0.417355,-4.51175,1,1,1,5.4604,-0.331613,-0.411205,-0.00204833,-1.49477,-1.43247
1613,1,0.077575,-0.439758,-4.44749,1,1,1,5.45762,-0.462512,-0.421858,-0.00213421,-1.65904,-1.60166
1614,1,0.0753205,-0.461809,-4.36928,1,1,1,5.45579,-0.441568,-0.449555,-0.0021967,-1.6265,-1.53398
1615,1,0.0729576,-0.483429,-4.27773,1,1,1,5.45321,-0.460767,-0.486841,-0.00222427,-1.47584,-1.54526
1616,1,0.0704874,-0.504562,-4.17337,1,1,1,5.45119,-0.520108,-0.501755,-0.00224404,-1.56221,-1.46631
1617,1,0.067913,-0.525141,-4.05682,1,1,1,5.44784,-0.513127,-0.5188,-0.002255,-1.61508,-1.56782
1618,1,0.0652373,-0.545108,-3.92862,1,1,1,5.44592,-0.507891,-0.580587,-0.002176,-1.154,-1.42119
1619,1,0.0624628,-0.564411,-3.78935,1,1,1,5.44256,-0.586431,-0.599762,-0.0020773,-1.14801,-1.43247
1620,1,0.0595942,-0.582986,-3.63962,1,1,1,5.44007,-0.598648,-0.600827,-0.00196308,-1.32781,-1.15049
1621,1,0.0566345,-0.600789,-3.47997,1,1,1,5.43662,-0.605629,-0.617872,-0.00183569,-1.31899,-1.22944
1622,1,0.0535875,-0.617771,-3.31097,1,1,1,5.43403,-0.678933,-0.625329,-0.00180106,-1.41845,-1.38735
1623,1,0.0504581,-0.633884,-3.13325,1,1,1,5.4301,-0.567232,-0.673268,-0.0017371,-1.05661,-1.28584
1624,1,0.0472501,-0.64909,-2.94732,1,1,1,5.42761,-0.692896,-0.659419,-0.00164778,-1.35708,-1.15049
1625,1,0.0439691,-0.663344,-2.75383,1,1,1,5.42348,-0.649262,-0.675398,-0.00159584,-1.3229,-1.15049
1626,1,0.0406186,-0.676615,-2.55327,1,1,1,5.4208,-0.748746,-0.683921,-0.00153837,-1.35632,-1.38735
1627,1,0.0372046,-0.688866,-2.34628,1,1,1,5.41668,-0.66148,-0.725467,-0.00149564,-1.01578,-1.24072
1628,1,0.0337319,-0.700068,-2.13341,1,1,1,5.4139,-0.715585,-0.708422,-0.00143236,-1.30224,-1.19561
1629,1,0.0302057,-0.710191,-1.91523,1,1,1,5.40949,-0.684169,-0.702031,-0.00139283,-1.46109,-1.21816
1630,1,0.0266317,-0.719212,-1.69233,1,1,1,5.4069,-0.71384,-0.73399,-0.00129267,-1.1751,-1.19561
1631,1,0.0230149,-0.727109,-1.46525,1,1,1,5.40211,-0.727802,-0.738251,-0.00124983,-1.18741,-1.34224
1632,1,0.0193621,-0.73386,-1.23464,1,1,1,5.39961,-0.637045,-0.75423,-0.0011835,-1.05279,-1.18433
1633,1,0.0156788,-0.73945,-1.00106,1,1,1,5.39482,-0.7662,-0.730794,-0.00111678,-1.33665,-1.04897
1634,1,0.0119699,-0.743866,-0.765024,1,1,1,5.39204,-0.668461,-0.769144,-0.00100265,-0.919565,-1.02642
1635,1,0.00824181,-0.747097,-0.527134,1,1,1,5.38753,-0.760964,-0.769144,-0.000932357,-0.915373,-0.891064
1636,1,0.00450077,-0.749135,-0.287994,1,1,1,5.38475,-0.699877,-0.764883,-0.0008581,-0.942583,-1.02642
1637,1,0.000752164,-0.749976,-0.0481382,1,1,1,5.38025,-0.806342,-0.745708,-0.000811979,-1.12319,-0.891064
1638,1,-0.00299687,-0.749617,0.191783,1,1,1,5.37727,-0.706858,-0.7521,-0.000831716,-1.01827,-0.992578
1639,1,-0.00674152,-0.748059,0.431271,1,1,1,5.37267,-0.720821,-0.729728,-0.000875401,-1.21823,-0.992578
1640,1,-0.0104757,-0.745305,0.669743,1,1,1,5.3698,-0.74351,-0.748904,-0.000861423,-0.93828,-0.992578
1641,1,-0.0141926,-0.741364,0.906568,1,1,1,5.36548,-0.733038,-0.742512,-0.000814162,-0.919838,-0.766992
1642,1,-0.0178873,-0.736243,1.14123,1,1,1,5.36251,-0.71733,-0.746773,-0.000790114,-0.77337,-0.936182
1643,1,-0.0215529,-0.729957,1.3731,1,1,1,5.3581,-0.685914,-0.716945,-0.000743001,-0.984131,-0.789551
1644,1,-0.0251846,-0.722519,1.60164,1,1,1,5.35532,-0.715585,-0.71588,-0.00073766,-0.871613,-0.812109
1645,1,-0.0287764,-0.713947,1.82629,1,1,1,5.35072,-0.734784,-0.703096,-0.000732891,-0.87476,-0.823389
1646,1,-0.0323224,-0.704263,2.04643,1,1,1,5.34822,-0.616101,-0.710553,-0.000695847,-0.637373,-0.812109
1647,1,-0.0358174,-0.69349,2.26151,1,1,1,5.34391,-0.708604,-0.696704,-0.000622859,-0.616092,-0.48501
1648,1,-0.0392559,-0.681656,2.47094,1,1,1,5.34132,-0.685914,-0.698835,-0.000538638,-0.405102,-0.47373
1649,1,-0.0426319,-0.668793,2.67412,1,1,1,5.33739,-0.68766,-0.66368,-0.000481803,-0.595986,-0.451172
1650,1,-0.0459419,-0.654927,2.87054,1,1,1,5.33471,-0.66148,-0.661549,-0.000481022,-0.421076,-0.383496
1651,1,-0.0491798,-0.640098,3.05958,1,1,1,5.33106,-0.645772,-0.628525,-0.000450988,-0.570459,-0.47373
1652,1,-0.0523412,-0.624345,3.24066,1,1,1,5.32847,-0.630064,-0.615742,-0.000507159,-0.500324,-0.552686
1653,1,-0.0554219,-0.607705,3.41324,1,1,1,5.32483,-0.553269,-0.600827,-0.00053725,-0.440033,-0.496289
1654,1,-0.058417,-0.590227,3.5767,1,1,1,5.32253,-0.602139,-0.583783,-0.000585887,-0.39695,-0.48501
1655,1,-0.0613229,-0.571954,3.73049,1,1,1,5.31917,-0.527089,-0.576326,-0.000569788,-0.230556,-0.406055
1656,1,-0.0641354,-0.552939,3.87402,1,1,1,5.31697,-0.574213,-0.55715,-0.000563247,-0.186282,-0.293262
1657,1,-0.066851,-0.533233,4.00672,1,1,1,5.31371,-0.497419,-0.540106,-0.000582102,-0.115544,-0.3271
1658,1,-0.0694668,-0.512889,4.12804,1,1,1,5.3117,-0.486947,-0.52093,-0.000521741,-0.0500034,-0.0676758
1659,1,-0.0719789,-0.491973,4.23734,1,1,1,5.30863,-0.535816,-0.487906,-0.000529812,-0.141915,-0.248145
1660,1,-0.0743854,-0.470539,4.33411,1,1,1,5.30681,-0.413643,-0.446359,-0.000537848,-0.322757,-0.191748
1661,1,-0.0766836,-0.448654,4.41775,1,1,1,5.30403,-0.445059,-0.446359,-0.000558053,-0.0449571,-0.124072
1662,1,-0.0788713,-0.426384,4.48767,1,1,1,5.30249,-0.438078,-0.433576,-0.000541207,0.100504,-0.0789551
1663,1,-0.0809468,-0.403802,4.54331,1,1,1,5.29981,-0.364774,-0.400552,-0.000582813,0.0165579,-0.124072
1664,1,-0.0829091,-0.380974,4.58409,1,1,1,5.29827,-0.403171,-0.389899,-0.000589737,0.184457,-0.0902344
1665,1,-0.0847564,-0.357985,4.60943,1,1,1,5.29626,-0.321141,-0.353679,-0.000622738,0.0672197,-0.0451172
1666,1,-0.0864885,-0.33491,4.61876,1,1,1,5.29482,-0.366519,-0.319589,-0.00066669,-0.0295556,-0.112793
1667,1,-0.0881055,-0.311824,4.6115,1,1,1,5.293,-0.296706,-0.312132,-0.00072258,0.161908,-0.15791
1668,1,-0.0896071,-0.28882,4.58708,1,1,1,5.29175,-0.287979,-0.300414,-0.000760192,0.306172,0.0112793
1669,1,-0.0909939,-0.265985,4.54492,1,1,1,5.29022,-0.233874,-0.272716,-0.000788906,0.271529,-0.0563965
1670,1,-0.0922674,-0.243401,4.48444,1,1,1,5.28936,-0.221657,-0.220516,-0.000838416,-0.0410136,0.0112793
1671,1,-0.0934285,-0.221172,4.40507,1,1,1,5.28811,-0.223402,-0.209863,-0.00091141,0.091931,0.0676758
1672,1,-0.0944797,-0.199385,4.30623,1,1,1,5.28734,-0.151844,-0.174709,-0.00104861,-0.0621388,-0.0112793
1673,1,-0.0954233,-0.178142,4.18734,1,1,1,5.28639,-0.150098,-0.119313,-0.00125607,-0.458774,0.101514
1674,1,-0.0962621,-0.157548,4.04786,1,1,1,5.286,-0.115192,-0.0980073,-0.00147284,-0.494071,0.0338379
1675,1,-0.097,-0.1377,3.88715,1,1,1,5.28533,-0.101229,-0.10866,-0.00168287,-0.189604,-0.0112793
1676,1,-0.0976407,-0.118709,3.70465,1,1,1,5.28504,-0.0558505,-0.0692443,-0.00194603,-0.457488,-0.180469
1677,1,-0.0981887,-0.10069,3.49984,1,1,1,5.28466,-0.0453786,-0.0202406,-0.0022512,-0.852041,-0.169189
1678,1,-0.0986493,-0.0837502,3.2721,1,1,1,5.28437,-0.101229,-0.0234365,-0.00256529,-0.691182,-0.575244
1679,1,-0.0990282,-0.0680073,3.02084,1,1,1,5.28428,0,-0.01811,-0.00287327,-0.641728,-0.552686
1680,1,-0.0993316,-0.0535822,2.74554,1,1,1,5.28408,-0.0279253,0.00532648,-0.0031482,-0.806006,-0.620361
1681,1,-0.0995664,-0.0405939,2.44556,1,1,1,5.28408,-0.0122173,-0.0138489,-0.0033172,-0.507598,-0.428613
1682,1,-0.0997402,-0.0291682,2.12035,1,1,1,5.28408,-0.00698132,0.00958767,-0.00350999,-0.7041,-0.586523
1683,1,-0.0998609,-0.0194332,1.76934,1,1,1,5.28408,0,0.0010653,-0.00368236,-0.570918,-0.563965
1684,1,-0.0999375,-0.0115188,1.39195,1,1,1,5.28408,0,0.00852238,-0.0037806,-0.628573,-0.563965
1685,1,-0.0999794,-0.00555859,0.987608,1,1,1,5.28408,0,0.0191753,-0.00392436,-0.756252,-0.789551
1686,1,-0.0999966,-0.0016888,0.555755,1,1,1,5.28408,0,0.0372854,-0.00399201,-0.979093,-0.496289
1687,1,-0.1,-4.80981e-05,0.0957124,1,1,1,5.28408,-0.020944,-0.00639178,-0.00400036,-0.544765,-0.778271
1688,1,-0.1,-0,-0,1,1,1,5.28418,0.0191986,0.00958767,-0.00401046,-0.734846,-0.721875
1689,1,-0.1,-0,-0,1,1,1,5.28408,-0.0122173,0.0117183,-0.00404035,-0.762227,-0.721875
1690,1,-0.1,-0,-0,1,1,1,5.28408,0,0.0117183,-0.00408071,-0.767555,-0.597803
1691,1,-0.1,-0,-0,1,1,1,5.28408,0,0.0117183,-0.00406151,-0.765021,-0.631641
1692,1,-0.1,-0,-0,1,1,1,5.28408,0,0.0010653,-0.00405845,-0.647433,-0.64292
1693,1,-0.1,-0,-0,1,1,1,5.28408,0,0.00852238,-0.00406557,-0.730401,-0.563965
1694,1,-0.1,-0,-0,1,1,1,5.28408,0,-0.0010653,-0.00404417,-0.622113,-0.563965
1695,1,-0.1,-0,-0,1,1,1,5.28408,0,0.010653,-0.004054,-0.752311,-0.665479
1696,1,-0.1,-0,-0,1,1,1,5.28408,0.00872665,-0.00639178,-0.00407722,-0.567883,-0.744434
1697,1,-0.1,-0,-0,1,1,1,5.28408,0,-0.0117183,-0.00409523,-0.511669,-0.812109
1698,1,-0.1,-0,-0,1,1,1,5.28408,0.0174533,-7.17537e-19,-0.0040871,-0.639497,-0.688037
1699,1,-0.1,-0,-0,1,1,1,5.28408,0,-0.00319589,-0.00410812,-0.607117,-0.665479
1700,1,-0.1,-0,-0,1,1,1,5.28408,0,-0.0010653,-0.00408279,-0.62721,-0.518848
1701,1,-0.1,-0,-0,1,1,1,5.28408,0,0.00532648,-0.00410713,-0.700733,-0.665479
1702,1,-0.1,-0,-0,1,1,1,5.28408,-0.00523599,-0.00852238,-0.00409123,-0.546297,-0.541406
1703,1,-0.1,-0,-0,1,1,1,5.28408,0,-0.010653,-0.00406011,-0.518752,-0.597803
1704,1,-0.1,-0,-0,1,1,1,5.28408,0,0.0266324,-0.00409528,-0.933533,-0.620361
1705,1,-0.1,-0,-0,1,1,1,5.28399,-0.0279253,0.0117183,-0.00412907,-0.773938,-0.766992
1706,1,-0.1,-0,-0,1,1,1,5.28399,0,-0.00852238,-0.00414517,-0.553416,-0.80083
1707,1,-0.1,-0,-0,1,1,1,5.28408,0,-0.0149142,-0.00408794,-0.475552,-0.563965
1708,1,-0.1,-0,-0,1,1,1,5.28408,0,0.00532648,-0.00407931,-0.69706,-0.631641
1709,1,-0.1,-0,-0,1,1,1,5.28408,0,0.00639178,-0.00408303,-0.709269,-0.654199
1710,1,-0.1,-0,-0,1,1,1,5.28408,0,-0.0138489,-0.00410266,-0.489214,-0.631641
1711,1,-0.1,-0,-0,1,1,1,5.28408,0,-0.0149142,-0.00408678,-0.475399,-0.620361
1712,1,-0.1,-0,-0,1,1,1,5.28408,0.0139626,0.00532648,-0.0041228,-0.702801,-0.439893
1713,1,-0.1,-0,-0,1,1,1,5.28408,0,0.0202406,-0.00418424,-0.874966,-0.518848
1714,1,-0.1,-0,-0,1,1,1,5.28399,-0.010472,-0.00319589,-0.00420711,-0.620184,-0.721875
1715,1,-0.1,-0,-0,1,1,1,5.28408,0.00872665,0.00213059,-0.00417857,-0.675008,-0.406055
1716,1,-0.1,-0,-0,1,1,1,5.28408,0,0.00852238,-0.00419632,-0.747661,-0.575244
1717,1,-0.1,-0,-0,1,1,1,5.28408,0,-0.00213059,-0.00420071,-0.631058,-0.530127
1718,1,-0.1,-0,-0,1,1,1,5.28408,0,-0.0127836,-0.00417598,-0.510611,-0.575244
1719,1,-0.1,-0,-0,1,1,1,5.28408,0,-0.00639178,-0.00417476,-0.580759,-0.64292
1720,1,-0.1,-0,-0,1,1,1,5.28408,0,-0.0138489,-0.00416892,-0.497959,-0.676758
1721,1,-0.1,-0,-0,1,1,1,5.28408,0,-0.0202406,-0.00416991,-0.427781,-0.665479
1722,1,-0.1,-0,-0,1,1,1,5.28408,0,-0.01811,-0.00412088,-0.444746,-0.609082
1723,1,-0.1,-0,-0,1,1,1,5.28408,0,-0.00532648,-0.00415566,-0.589956,-0.710596
1724,1,-0.1,-0,-0,1,1,1,5.28408,0,-0.00213059,-0.00415622,-0.625184,-0.778271
1725,1,-0.1,-0,-0,1,1,1,5.28408,0,-0.00852238,-0.00417579,-0.557458,-0.744434
1726,1,-0.1,-0,-0,1,1,1,5.28408,0,-0.00426119,-0.00418163,-0.605103,-0.80083
1727,1,-0.1,-0,-0,1,1,1,5.28399,0,0.00426119,-0.00424566,-0.707301,-0.744434
1728,1,-0.1,-0,-0,1,1,1,5.28399,0,-0.0213059,-0.00423782,-0.425027,-0.620361
1729,1,-0.1,-0,-0,1,1,1,5.28399,0,-0.00639178,-0.00422187,-0.586977,-0.710596
1730,1,-0.1,-0,-0,1,1,1,5.28408,0.0296706,-0.010653,-0.00420665,-0.538095,-0.530127
1731,1,-0.1,-0,-0,1,1,1,5.28408,0,-0.00426119,-0.0042123,-0.60915,-0.609082
1732,1,-0.1,-0,-0,1,1,1,5.28408,0,0.0010653,-0.00422404,-0.669292,-0.552686
1733,1,-0.1,-0,-0,1,1,1,5.28408,0,0.0117183,-0.0042578,-0.790931,-0.654199
1734,1,-0.1,-0,-0,1,1,1,5.28399,0,-0.00213059,-0.00424892,-0.637421,-0.665479
1735,1,-0.1,-0,-0,1,1,1,5.28399,0,0.0117183,-0.00424369,-0.789067,-0.64292
1736,1,-0.1,-0,-0,1,1,1,5.28399,0,0.0159795,-0.00425609,-0.837578,-0.64292
1737,1,-0.1,-0,-0,1,1,1,5.28399,-0.00174533,-0.0127836,-0.00424838,-0.520166,-0.597803
1738,1,-0.1,-0,-0,1,1,1,5.28399,0,-0.0010653,-0.00426981,-0.651896,-0.541406
1739,1,-0.1,-0,-0,1,1,1,5.28399,0,-0.00532648,-0.00429879,-0.608848,-0.620361
1740,1,-0.1,-0,-0,1,1,1,5.28399,0,-0.00213059,-0.00430982,-0.64546,-0.586523
1741,1,-0.1,-0,-0,1,1,1,5.28399,0,-0.0010653,-0.00429337,-0.655007,-0.586523
1742,1,-0.1,-0,-0,1,1,1,5.28399,-0.00872665,-0.00213059,-0.00428547,-0.642246,-0.789551
1743,1,-0.1,-0,-0,1,1,1,5.28399,0,-1.10892e-18,-0.00426404,-0.662853,-0.496289
1744,1,-0.1,-0,-0,1,1,1,5.28399,0,0.00532648,-0.0042265,-0.716489,-0.631641
1745,1,-0.1,-0,-0,1,1,1,5.28399,0,0.00319589,-0.00424495,-0.695488,-0.823389
1746,1,-0.1,-0,-0,1,1,1,5.28399,0,-0.00745708,-0.00424853,-0.578778,-0.654199
1747,1,-0.1,-0,-0,1,1,1,5.28399,0,-0.0213059,-0.00423872,-0.425146,-0.631641
1748,1,-0.1,-0,-0,1,1,1,5.28399,0,0.0010653,-0.00424274,-0.671761,-0.699316
1749,1,-0.1,-0,-0,1,1,1,5.28399,-0.00174533,-0.0191753,-0.00425053,-0.450141,-0.879785
1750,1,-0.1,-0,-0,1,1,1,5.28408,0.0174533,0.00319589,-0.00428558,-0.700852,-0.552686
1751,1,-0.1,-0,-0,1,1,1,5.28399,0,0.00852238,-0.00430637,-0.762187,-0.64292
1752,1,-0.1,-0,-0,1,1,1,5.28399,0,0.0255671,-0.0043077,-0.949855,-0.575244
1753,1,-0.1,-0,-0,1,1,1,5.28399,-0.0174533,-0.00213059,-0.00431884,-0.64665,-0.676758
1754,1,-0.1,-0,-0,1,1,1,5.28399,0,0.00745708,-0.00434019,-0.754933,-0.620361
1755,1,-0.1,-0,-0,1,1,1,5.28399,0,0.0319589,-0.00435199,-1.02601,-0.609082
1756,1,-0.1,-0,-0,1,1,1,5.28399,-0.00872665,0.00852238,-0.00438141,-0.772092,-0.631641
1757,1,-0.1,-0,-0,1,1,1,5.28399,0,0.0010653,-0.00437847,-0.689676,-0.586523
1758,1,-0.1,-0,-0,1,1,1,5.28399,0,0.00319589,-0.0044036,-0.71643,-0.654199
1759,1,-0.1,-0,-0,1,1,1,5.28399,0,0.00852238,-0.00438155,-0.77211,-0.541406
1760,1,-0.1,-0,-0,1,1,1,5.28399,0,0.0159795,-0.00442725,-0.860171,-0.631641
1761,1,-0.1,-0,-0,1,1,1,5.28399,0,0.0149142,-0.00446628,-0.853605,-0.563965
1762,1,-0.1,-0,-0,1,1,1,5.28399,-0.0174533,0.00958767,-0.004487,-0.797749,-0.812109
1763,1,-0.1,-0,-0,1,1,1,5.28399,0,0.0202406,-0.00450087,-0.916762,-0.721875
1764,1,-0.1,-0,-0,1,1,1,5.28399,0,-0.00958767,-0.00450441,-0.589118,-0.688037
1765,1,-0.1,-0,-0,1,1,1,5.28399,0,0.010653,-0.00450113,-0.811332,-0.597803
1766,1,-0.1,-0,-0,1,1,1,5.28399,0,0.00639178,-0.00449418,-0.763541,-0.766992
1767,1,-0.1,-0,-0,1,1,1,5.28399,0,0.010653,-0.0045511,-0.817928,-0.699316
1768,1,-0.1,-0,-0,1,1,1,5.28399,0,-0.00745708,-0.00456864,-0.621033,-0.688037
1769,1,-0.1,-0,-0,1,1,1,5.28399,0,0.00213059,-0.00457813,-0.72775,-0.597803
1770,1,-0.1,-0,-0,1,1,1,5.28399,0,-0.00213059,-0.00456735,-0.679454,-0.710596
1771,1,-0.1,-0,-0,1,1,1,5.28399,0,-0.0202406,-0.00455206,-0.478224,-0.620361
1772,1,-0.1,-0,-0,1,1,1,5.28399,0,0.00852238,-0.00457092,-0.797107,-0.721875
1773,1,-0.1,-0,-0,1,1,1,5.28399,0,-0.00319589,-0.00457606,-0.668885,-0.552686
1774,1,-0.1,-0,-0,1,1,1,5.28399,0,0.0127836,-0.00459953,-0.847757,-0.620361
1775,1,-0.1,-0,-0,1,1,1,5.28399,0,-0.00213059,-0.0045983,-0.683539,-0.676758
1776,1,-0.1,-0,-0,1,1,1,5.28399,0,0.00532648,-0.00458663,-0.764027,-0.688037
1777,1,-0.1,-0,-0,1,1,1,5.28399,0,-0.00532648,-0.00460737,-0.649582,-0.721875
1778,1,-0.1,-0,-0,1,1,1,5.28399,0,-0.0245018,-0.00458123,-0.435202,-0.789551
1779,1,-0.1,-0,-0,1,1,1,5.28399,0,-0.00745708,-0.00456405,-0.620427,-0.699316
1780,1,-0.1,-0,-0,1,1,1,5.28399,0.00523599,-0.00213059,-0.00459995,-0.683757,-0.620361
1781,1,-0.1,-0,-0,1,1,1,5.28399,0,-0.0010653,-0.00461237,-0.697115,-0.778271
1782,1,-0.1,-0,-0,1,1,1,5.28399,0.00872665,-0.0010653,-0.00461073,-0.696897,-0.789551
1783,1,-0.1,-0,-0,1,1,1,5.28399,0,-0.00639178,-0.00462981,-0.640825,-0.823389
1784,1,-0.1,-0,-0,1,1,1,5.28399,0,0.00532648,-0.00464568,-0.771821,-0.755713
1785,1,-0.1,-0,-0,1,1,1,5.28399,0,0.00532648,-0.00464608,-0.771874,-0.541406
1786,1,-0.1,-0,-0,1,1,1,5.28399,-0.00872665,-0.0127836,-0.00468206,-0.577413,-0.766992
1787,1,-0.1,-0,-0,1,1,1,5.28399,0.00872665,-0.00213059,-0.00466977,-0.692973,-0.597803
1788,1,-0.1,-0,-0,1,1,1,5.28399,0,0.00213059,-0.00470126,-0.744003,-0.665479
1789,1,-0.1,-0,-0,1,1,1,5.28399,0,-0.00852238,-0.00469988,-0.626638,-0.744434
1790,1,-0.1,-0,-0,1,1,1,5.28399,0,0.0117183,-0.00467047,-0.845403,-0.563965
1791,1,-0.1,-0,-0,1,1,1,5.28399,0,0.0138489,-0.00470303,-0.873138,-0.733154
1792,1,-0.1,-0,-0,1,1,1,5.28399,0,0.0138489,-0.00474571,-0.878771,-0.676758
1793,1,-0.1,-0,-0,1,1,1,5.28389,0,-0.0149142,-0.00477834,-0.566685,-0.823389
1794,1,-0.1,-0,-0,1,1,1,5.28389,0,0.00213059,-0.00473621,-0.748617,-0.530127
1795,1,-0.1,-0,-0,1,1,1,5.28399,0,-0.00852238,-0.004756,-0.634046,-0.823389
1796,1,-0.1,-0,-0,1,1,1,5.28399,0,0.00745708,-0.00478888,-0.81416,-0.755713
1797,1,-0.1,-0,-0,1,1,1,5.28389,0,0.010653,-0.00479191,-0.849714,-0.665479
1798,1,-0.1,-0,-0,1,1,1,5.28389,0,-0.00532648,-0.00478873,-0.67352,-0.721875
1799,1,-0.1,-0,-0,1,1,1,5.28389,0,0.00958767,-0.00479162,-0.837958,-0.778271
1800,1,-0.1,-0,-0,1,1,1,5.28399,0,0.00426119,-0.00475512,-0.774548,-0.64292
1801,1,-0.1,-0,-0,1,1,1,5.28399,0,-3.26153e-19,-0.00480135,-0.733779,-0.812109
1802,1,-0.1,-0,-0,1,1,1,5.28399,0,-0.00852238,-0.00477761,-0.636898,-0.541406
1803,1,-0.1,-0,-0,1,1,1,5.28399,0,0.00213059,-0.0047746,-0.753684,-0.789551
1804,1,-0.1,-0,-0,1,1,1,5.28399,0,0.0127836,-0.0048242,-0.877413,-0.834668
1805,1,-0.1,-0,-0,1,1,1,5.28389,0,0.00213059,-0.00488969,-0.768875,-0.868506
1806,1,-0.1,-0,-0,1,1,1,5.28389,0,0.01811,-0.00488832,-0.944469,-0.665479
1807,1,-0.1,-0,-0,1,1,1,5.28389,0,1.30461e-18,-0.00486437,-0.742097,-0.710596
1808,1,-0.1,-0,-0,1,1,1,5.28389,0,0.01811,-0.00489365,-0.945173,-0.733154
1809,1,-0.1,-0,-0,1,1,1,5.28389,-0.0244346,0.0138489,-0.00491129,-0.900628,-0.766992
1810,1,-0.1,-0,-0,1,1,1,5.28389,0,-0.0010653,-0.00487364,-0.731602,-0.688037
1811,1,-0.1,-0,-0,1,1,1,5.28389,-0.00698132,0.0127836,-0.00489627,-0.886927,-0.868506
1812,1,-0.1,-0,-0,1,1,1,5.28389,0,0.01811,-0.00489641,-0.945537,-0.733154
1813,1,-0.1,-0,-0,1,1,1,5.28389,-0.00349066,-0.00319589,-0.00486906,-0.707561,-0.766992
1814,1,-0.1,-0,-0,1,1,1,5.28389,0,0.00639178,-0.00488985,-0.81577,-0.823389
1815,1,-0.1,-0,-0,1,1,1,5.28389,0,0.00213059,-0.0049145,-0.772151,-0.891064
1816,1,-0.1,-0,-0,1,1,1,5.28389,0,0.00639178,-0.00489153,-0.815992,-0.609082
1817,1,-0.1,-0,-0,1,1,1,5.28389,0,-0.00532648,-0.00489062,-0.68697,-0.812109
1818,1,-0.1,-0,-0,1,1,1,5.28389,0,0.00319589,-0.00492318,-0.785015,-0.744434
1819,1,-0.1,-0,-0,1,1,1,5.28389,0,0.0223712,-0.00493881,-0.998006,-0.845947
1820,1,-0.1,-0,-0,1,1,1,5.28389,0,0.01811,-0.00493375,-0.950466,-0.936182
1821,1,-0.1,-0,-0,1,1,1,5.2838,-0.020944,0.00532648,-0.00495066,-0.812078,-0.879785
1822,1,-0.1,-0,-0,1,1,1,5.2838,0,0.00213059,-0.00495444,-0.777423,-0.665479
1823,1,-0.1,-0,-0,1,1,1,5.2838,0.00872665,-0.00319589,-0.00493862,-0.716743,-0.676758
1824,1,-0.1,-0,-0,1,1,1,5.2838,0,-0.0319589,-0.00493309,-0.399619,-0.857227
1825,1,-0.1,-0,-0,1,1,1,5.28389,0.0122173,0.00639178,-0.00491305,-0.818832,-0.676758
1826,1,-0.1,-0,-0,1,1,1,5.2838,0,-0.00958767,-0.00495409,-0.648476,-0.721875
1827,1,-0.1,-0,-0,1,1,1,5.2838,0,0.0010653,-0.00495353,-0.765584,-0.699316
1828,1,-0.1,-0,-0,1,1,1,5.2838,0,0.00852238,-0.00499614,-0.853236,-0.789551
1829,1,-0.1,-0,-0,1,1,1,5.2838,0,-0.0138489,-0.00500401,-0.608192,-0.879785
1830,1,-0.1,-0,-0,1,1,1,5.2838,0.020944,-0.00213059,-0.00499642,-0.73609,-0.710596
1831,1,-0.1,-0,-0,1,1,1,5.2838,0,-0.00213059,-0.00499779,-0.736272,-0.755713
1832,1,-0.1,-0,-0,1,1,1,5.2838,0,-0.00319589,-0.00502966,-0.72876,-0.665479
1833,1,-0.1,-0,-0,1,1,1,5.2838,0,0.00532648,-0.00503005,-0.822558,-0.710596
1834,1,-0.1,-0,-0,1,1,1,5.2838,0,-0.0149142,-0.00501022,-0.597293,-0.688037
1835,1,-0.1,-0,-0,1,1,1,5.2838,0,-0.00213059,-0.00500159,-0.736773,-0.733154
1836,1,-0.1,-0,-0,1,1,1,5.2838,0,-0.0117183,-0.00495705,-0.625429,-0.755713
1837,1,-0.1,-0,-0,1,1,1,5.2838,0,0.0245018,-0.00497245,-1.02588,-0.654199
1838,1,-0.1,-0,-0,1,1,1,5.2838,0,-0.00745708,-0.00497114,-0.674163,-0.913623
1839,1,-0.1,-0,-0,1,1,1,5.2838,0,-0.0117183,-0.00497052,-0.627208,-0.823389
1840,1,-0.1,-0,-0,1,1,1,5.2838,0,0.0117183,-0.00499116,-0.887734,-0.778271
1841,1,-0.1,-0,-0,1,1,1,5.2838,0,-0.00639178,-0.00505464,-0.696903,-0.913623
1842,1,-0.1,-0,-0,1,1,1,5.2838,-0.00872665,-0.00852238,-0.00501185,-0.667818,-0.654199
1843,1,-0.1,-0,-0,1,1,1,5.2838,0,-0.0149142,-0.00499207,-0.594898,-0.902344
1844,1,-0.1,-0,-0,1,1,1,5.2838,0.0331613,-0.00319589,-0.00496097,-0.719693,-0.755713
1845,1,-0.1,-0,-0,1,1,1,5.2838,0,0.00213059,-0.0049863,-0.781629,-0.891064
1846,1,-0.1,-0,-0,1,1,1,5.2837,0,0.0159795,-0.00498793,-0.934181,-0.721875
1847,1,-0.1,-0,-0,1,1,1,5.2837,0,0.00852238,-0.00498249,-0.851435,-0.744434
1848,1,-0.1,-0,-0,1,1,1,5.2837,0,-0.010653,-0.00500384,-0.643324,-0.857227
1849,1,-0.1,-0,-0,1,1,1,5.2837,0,0.0149142,-0.0049661,-0.919581,-0.789551
1850,1,-0.1,-0,-0,1,1,1,5.2837,0,-0.00426119,-0.00498141,-0.710673,-0.755713
1851,1,-0.1,-0,-0,1,1,1,5.2837,0,-0.0138489,-0.0049856,-0.605761,-0.744434
1852,1,-0.1,-0,-0,1,1,1,5.2837,0,0.0170448,-0.00500191,-0.947745,-0.586523
1853,1,-0.1,-0,-0,1,1,1,5.2837,0,0.010653,-0.00501445,-0.87909,-0.744434
1854,1,-0.1,-0,-0,1,1,1,5.2837,0,0.00852238,-0.00500349,-0.854207,-0.631641
1855,1,-0.1,-0,-0,1,1,1,5.2837,0,0.0010653,-0.0049828,-0.769448,-0.563965
1856,1,-0.1,-0,-0,1,1,1,5.2837,0,-0.00213059,-0.00497895,-0.733785,-0.766992
1857,1,-0.1,-0,-0,1,1,1,5.2837,0,0.00532648,-0.00501457,-0.820514,-0.688037
1858,1,-0.1,-0,-0,1,1,1,5.2837,-0.00174533,-0.0170448,-0.00499529,-0.571886,-0.688037
1859,1,-0.1,-0,-0,1,1,1,5.2837,0.00872665,0.00213059,-0.00500916,-0.784646,-0.789551
1860,1,-0.1,-0,-0,1,1,1,5.2837,0,0.0138489,-0.00501869,-0.914805,-0.665479
1861,1,-0.1,-0,-0,1,1,1,5.2837,-0.00872665,0.0127836,-0.00503527,-0.905274,-0.868506
1862,1,-0.1,-0,-0,1,1,1,5.2837,0,-0.00319589,-0.00504975,-0.731412,-0.936182
1863,1,-0.1,-0,-0,1,1,1,5.2837,0,0.00426119,-0.00505166,-0.813692,-0.755713
1864,1,-0.1,-0,-0,1,1,1,5.2837,0,-0.01811,-0.0050498,-0.567363,-0.64292
1865,1,-0.1,-0,-0,1,1,1,5.2837,0.00872665,0.0010653,-0.00504808,-0.778065,-0.733154
1866,1,-0.1,-0,-0,1,1,1,5.2837,0,0.00532648,-0.00502458,-0.821836,-0.80083
1867,1,-0.1,-0,-0,1,1,1,5.2837,0,-0.00745708,-0.00502788,-0.681653,-0.733154
1868,1,-0.1,-0,-0,1,1,1,5.2837,0,-0.00639178,-0.00498703,-0.687978,-0.721875
1869,1,-0.1,-0,-0,1,1,1,5.2837,0,-1.76123e-18,-0.00500351,-0.760463,-0.755713
1870,1,-0.1,-0,-0,1,1,1,5.2837,0,0.00319589,-0.0050038,-0.795657,-0.654199
1871,1,-0.1,-0,-0,1,1,1,5.2837,0,-0.0010653,-0.00502778,-0.751948,-0.868506
1872,1,-0.1,-0,-0,1,1,1,5.2837,0,-0.00532648,-0.00499754,-0.701084,-0.586523
1873,1,-0.1,-0,-0,1,1,1,5.2837,0,0.00639178,-0.00499002,-0.828992,-0.586523
1874,1,-0.1,-0,-0,1,1,1,5.2837,0,0.00213059,-0.00498885,-0.781964,-0.710596
1875,1,-0.1,-0,-0,1,1,1,5.2837,0,-0.00319589,-0.00495708,-0.71918,-0.891064
1876,1,-0.1,-0,-0,1,1,1,5.2837,0,-0.0234365,-0.00496581,-0.497685,-0.823389
1877,1,-0.1,-0,-0,1,1,1,5.2837,0,0.00426119,-0.00493744,-0.798615,-0.778271
1878,1,-0.1,-0,-0,1,1,1,5.2837,0.0139626,-0.0170448,-0.00491933,-0.561859,-0.778271
1879,1,-0.1,-0,-0,1,1,1,5.2837,0,-0.010653,-0.00491939,-0.632177,-0.563965
1880,1,-0.1,-0,-0,1,1,1,5.2837,0,0.00319589,-0.00493013,-0.785933,-0.575244
1881,1,-0.1,-0,-0,1,1,1,5.2837,0,3.26153e-19,-0.0049055,-0.747526,-0.789551
1882,1,-0.1,-0,-0,1,1,1,5.2837,0,0.0010653,-0.00490354,-0.758986,-0.676758
1883,1,-0.1,-0,-0,1,1,1,5.2837,0,-0.0127836,-0.00489892,-0.606038,-0.631641
1884,1,-0.1,-0,-0,1,1,1,5.2837,0.00872665,0.00319589,-0.00486028,-0.776711,-0.518848
1885,1,-0.1,-0,-0,1,1,1,5.2837,0,0.0202406,-0.00489837,-0.969232,-0.688037
1886,1,-0.1,-0,-0,1,1,1,5.2837,0,-0.0149142,-0.00486735,-0.578435,-0.688037
1887,1,-0.1,-0,-0,1,1,1,5.2837,0,-0.00213059,-0.00492717,-0.72695,-0.891064
1888,1,-0.099999,0.00075446,0.374516,1,1,1,5.2837,0.00698132,0.00532648,-0.00495152,-0.749831,-0.597803
1889,1,-0.0999887,0.00374654,0.817615,1,1,1,5.2837,0,-0.0191753,-0.00493464,-0.378474,-0.64292
1890,1,-0.099958,0.00888408,1.23292,1,1,1,5.2837,0,-0.00213059,-0.00489965,-0.439285,-0.530127
1891,1,-0.0998965,0.0160309,1.62109,1,1,1,5.2837,0.0191986,-0.00532648,-0.00482497,-0.251339,-0.293262
1892,1,-0.0997945,0.0250518,1.98264,1,1,1,5.2838,0,0.0202406,-0.00471916,-0.356391,-0.281982
1893,1,-0.0996431,0.0358136,2.31811,1,1,1,5.2838,0,0.00958767,-0.00461683,-0.0457627,-0.270703
1894,1,-0.0994337,0.0481902,2.62815,1,1,1,5.28389,0.020944,0.00852238,-0.00442999,0.186815,-0.214307
1895,1,-0.0991587,0.0620535,2.91328,1,1,1,5.28399,0.00174533,0.0149142,-0.00423832,0.352766,-0.0225586
1896,1,-0.0988109,0.0772814,3.17411,1,1,1,5.28399,0.0174533,-0.00319589,-0.00396761,0.812432,0.0676758
1897,1,-0.0983838,0.0937547,3.41123,1,1,1,5.28428,0.0715585,0.0202406,-0.00361227,0.841004,0.31582
1898,1,-0.0978714,0.111356,3.62519,1,1,1,5.28466,0.111701,0.039416,-0.00328142,0.923088,0.744434
1899,1,-0.0972686,0.129968,3.81654,1,1,1,5.28495,0.0837758,0.0479384,-0.00290913,1.13797,0.823389
1900,1,-0.0965702,0.149486,3.98593,1,1,1,5.28552,0.137881,0.0841585,-0.00260817,1.04631,0.902344
1901,1,-0.0957723,0.169794,4.13388,1,1,1,5.286,0.13439,0.119313,-0.00230057,0.97413,0.879785
1902,1,-0.0948712,0.190788,4.26096,1,1,1,5.28648,0.139626,0.128901,-0.00197245,1.19223,1.04897
1903,1,-0.0938635,0.21237,4.36778,1,1,1,5.28744,0.125664,0.165121,-0.0017258,1.1099,0.913623
1904,1,-0.0927467,0.234434,4.45489,1,1,1,5.28821,0.230383,0.201341,-0.00155922,1.01884,0.834668
1905,1,-0.0915186,0.256885,4.52288,1,1,1,5.28945,0.246091,0.216255,-0.0013413,1.17203,1.15049
1906,1,-0.0901773,0.279632,4.57233,1,1,1,5.29041,0.198968,0.242888,-0.00112078,1.19812,1.15049
1907,1,-0.0887219,0.302579,4.6038,1,1,1,5.29195,0.258309,0.271651,-0.000921644,1.19762,1.35352
1908,1,-0.0871514,0.32564,4.61788,1,1,1,5.29319,0.338594,0.298283,-0.000750522,1.21545,1.37607
1909,1,-0.0854656,0.348728,4.61513,1,1,1,5.29492,0.274017,0.332373,-0.000616943,1.14371,1.18433
1910,1,-0.0836642,0.371765,4.59615,1,1,1,5.29626,0.352557,0.329177,-0.000504743,1.47546,1.252
1911,1,-0.0817482,0.394663,4.5615,1,1,1,5.29856,0.401426,0.409074,-0.000379151,0.89253,1.28584
1912,1,-0.079718,0.417353,4.51175,1,1,1,5.3,0.385718,0.383507,-0.000300807,1.45662,1.35352
1913,1,-0.0775753,0.439755,4.4475,1,1,1,5.30259,0.467748,0.41227,-0.000189274,1.42371,1.35352
1914,1,-0.0753211,0.461804,4.3693,1,1,1,5.30422,0.42586,0.436772,-0.000104141,1.42704,1.42119
1915,1,-0.0729575,0.48343,4.27772,1,1,1,5.30709,0.471239,0.44849,-1.50576e-05,1.56445,1.37607
1916,1,-0.0704872,0.504564,4.17336,1,1,1,5.30892,0.507891,0.491102,2.10106e-05,1.34667,1.46631
1917,1,-0.0679099,0.525165,4.05667,1,1,1,5.31179,0.497419,0.504951,6.72074e-05,1.43788,1.13921
1918,1,-0.0652369,0.545111,3.92861,1,1,1,5.31409,0.588176,0.503885,0.000133212,1.68636,1.34224
1919,1,-0.062463,0.56441,3.78935,1,1,1,5.31726,0.591667,0.560346,0.000207307,1.29479,1.38735
1920,1,-0.059594,0.582987,3.63961,1,1,1,5.31946,0.534071,0.579522,0.000252384,1.29806,1.33096
1921,1,-0.0566344,0.600789,3.47996,1,1,1,5.32301,0.621337,0.590175,0.000291939,1.38316,1.39863
1922,1,-0.0535877,0.61777,3.31099,1,1,1,5.32531,0.535816,0.602958,0.000316473,1.43125,1.26328
1923,1,-0.0504584,0.633883,3.13326,1,1,1,5.32924,0.671952,0.614676,0.000356899,1.4815,1.21816
1924,1,-0.0472503,0.649089,2.94733,1,1,1,5.33183,0.677188,0.639178,0.000387274,1.37742,1.33096
1925,1,-0.0439688,0.663345,2.75381,1,1,1,5.33566,0.678933,0.677529,-6.2235e-05,1.04278,1.00386
1926,1,-0.0406186,0.676615,2.55327,1,1,1,5.33816,0.666716,0.688182,0.000194318,1.09229,1.08281
1927,1,-0.0372041,0.688868,2.34625,1,1,1,5.34238,0.644026,0.714814,-0.000255426,0.859224,0.947461
1928,1,-0.0337315,0.700069,2.13338,1,1,1,5.34516,0.745256,0.73612,-0.000355476,0.717147,1.07153
1929,1,-0.0302053,0.710192,1.91521,1,1,1,5.34937,0.631809,0.720141,-6.57681e-05,1.02224,0.936182
1930,1,-0.0266317,0.719212,1.69233,1,1,1,5.35225,0.776672,0.706292,-0.000116745,1.24506,0.947461
1931,1,-0.0230154,0.727108,1.46528,1,1,1,5.35666,0.741765,0.743577,-0.000542915,0.84184,0.95874
1932,1,-0.0193624,0.73386,1.23466,1,1,1,5.35954,0.726057,0.75423,-0.000596566,0.766005,1.07153
1933,1,-0.0156786,0.73945,1.00105,1,1,1,5.36376,0.673697,0.757426,-0.000627429,0.760924,1.0377
1934,1,-0.0119698,0.743866,0.765017,1,1,1,5.36692,0.729548,0.757426,-0.000715084,0.767509,0.721875
1935,1,-0.00824165,0.747097,0.527124,1,1,1,5.37123,0.74002,0.748904,-0.000765925,0.858111,0.733154
1936,1,-0.00450083,0.749135,0.287997,1,1,1,5.37421,0.757473,0.751034,-0.000784103,0.821906,0.789551
1937,1,-0.000752231,0.749976,0.0481425,1,1,1,5.37862,0.668461,0.753165,-0.000843083,0.764774,0.688037
1938,1,0.00299691,0.749617,-0.191786,1,1,1,5.38159,0.794125,0.749969,-0.000892791,0.752402,0.744434
1939,1,0.00674189,0.748059,-0.431294,1,1,1,5.38609,0.703368,0.771275,-0.000972253,0.45146,0.575244
1940,1,0.0104756,0.745306,-0.669737,1,1,1,5.38887,0.715585,0.767014,-0.00104693,0.417476,0.688037
1941,1,0.014193,0.741364,-0.906591,1,1,1,5.39328,0.699877,0.744643,-0.00109427,0.572059,0.541406
1942,1,0.0178872,0.736244,-1.14122,1,1,1,5.39616,0.708604,0.73612,-0.00110883,0.565121,0.631641
1943,1,0.0215532,0.729956,-1.37311,1,1,1,5.40057,0.747001,0.724402,-0.0010918,0.584179,0.575244
1944,1,0.0251845,0.722519,-1.60164,1,1,1,5.40335,0.657989,0.710553,-0.00106577,0.61455,0.609082
1945,1,0.0287768,0.713946,-1.82631,1,1,1,5.40767,0.74002,0.705227,-0.00103139,0.539302,0.462451
1946,1,0.0323224,0.704263,-2.04643,1,1,1,5.41045,0.684169,0.684986,-0.000992388,0.615483,0.496289
1947,1,0.0358176,0.69349,-2.26152,1,1,1,5.41476,0.66497,0.708422,-0.000988894,0.193962,0.372217
1948,1,0.0392557,0.681657,-2.47093,1,1,1,5.41735,0.682424,0.725467,-0.0010305,-0.17628,0.31582
1949,1,0.0426324,0.668791,-2.67415,1,1,1,5.42128,0.575959,0.660484,-0.001091,0.340732,0.135352
1950,1,0.0459418,0.654927,-2.87054,1,1,1,5.42387,0.715585,0.658354,-0.00111584,0.162411,0.0789551
1951,1,0.04918,0.640098,-3.05959,1,1,1,5.4279,0.602139,0.628525,-0.00109474,0.28401,0.112793
1952,1,0.0523414,0.624344,-3.24067,1,1,1,5.43039,0.652753,0.621068,-0.00112588,0.142401,0.180469
1953,1,0.0554217,0.607707,-3.41323,1,1,1,5.43384,0.610865,0.605089,-0.00111,0.0910274,0.112793
1954,1,0.0584171,0.590227,-3.5767,1,1,1,5.43652,0.633555,0.598697,-0.00112394,-0.0787917,0.135352
1955,1,0.0613226,0.571956,-3.73048,1,1,1,5.43969,0.568977,0.57313,-0.0011615,-0.0491406,0.101514
1956,1,0.0641353,0.552939,-3.87402,1,1,1,5.44199,0.521853,0.560346,-0.00112848,-0.15856,0.112793
1957,1,0.0668512,0.533231,-4.00674,1,1,1,5.44506,0.506145,0.550759,-0.00115599,-0.318042,0.0902344
1958,1,0.0694666,0.512891,-4.12803,1,1,1,5.44707,0.486947,0.501755,-0.00113582,-0.0438499,0.0451172
1959,1,0.071979,0.491972,-4.23735,1,1,1,5.44995,0.507891,0.474057,-0.00108453,-0.00532236,0.0563965
1960,1,0.0743854,0.470539,-4.33411,1,1,1,5.45177,0.432842,0.451686,-0.00101148,-0.0266569,0
1961,1,0.0766836,0.448653,-4.41775,1,1,1,5.45445,0.436332,0.416531,-0.000903045,0.0936255,-0.0676758
1962,1,0.0788714,0.426384,-4.48767,1,1,1,5.45579,0.352557,0.425053,-0.000838949,-0.275318,-0.0563965
1963,1,0.080947,0.403799,-4.54331,1,1,1,5.45829,0.376991,0.37818,-0.000667569,-0.0214621,-0.0902344
1964,1,0.082909,0.380975,-4.58409,1,1,1,5.45973,0.352557,0.33983,-0.000526914,0.133712,-0.0676758
1965,1,0.0847563,0.357986,-4.60943,1,1,1,5.46183,0.319395,0.345156,-0.00039458,-0.1917,-0.112793
1966,1,0.0864886,0.334909,-4.61876,1,1,1,5.46308,0.303687,0.329177,-0.00031503,-0.289704,-0.0451172
1967,1,0.0881055,0.311824,-4.61151,1,1,1,5.46481,0.254818,0.286565,-0.000226154,-0.09145,-0.124072
1968,1,0.089607,0.288822,-4.58708,1,1,1,5.46596,0.275762,0.257802,-9.37463e-05,-0.0349018,-0.0451172
1969,1,0.090994,0.265983,-4.54492,1,1,1,5.46749,0.237365,0.226908,2.07397e-05,0.0470325,-0.146631
1970,1,0.0922674,0.243401,-4.48444,1,1,1,5.46845,0.235619,0.227974,0.000117939,-0.218917,-0.0112793
1971,1,0.0934286,0.221171,-4.40507,1,1,1,5.4696,0.174533,0.208798,0.000217064,-0.255334,-0.169189
1972,1,0.0944797,0.199384,-4.30623,1,1,1,5.47037,0.198968,0.201341,0.000256548,-0.420945,-0.180469
1973,1,0.0954233,0.178142,-4.18734,1,1,1,5.47133,0.155334,0.159795,0.000354846,-0.193785,-0.180469
1974,1,0.0962622,0.157546,-4.04784,1,1,1,5.4719,0.141372,0.141684,0.000491724,-0.207186,-0.0338379
1975,1,0.097,0.137699,-3.88714,1,1,1,5.47248,0.0977384,0.113987,0.000602505,-0.106965,-0.180469
1976,1,0.0976407,0.11871,-3.70466,1,1,1,5.47296,0.0802851,0.078832,0.000805461,0.102991,-0.0789551
1977,1,0.0981887,0.100689,-3.49984,1,1,1,5.47324,0.0628319,0.0468731,0.00104959,0.299605,-0.0563965
1978,1,0.0986494,0.0837491,-3.27208,1,1,1,5.47344,0.0261799,0.0266324,0.00133508,0.390579,0.0789551
1979,1,0.0990282,0.0680078,-3.02085,1,1,1,5.47363,0.0296706,0.00745708,0.00158503,0.48288,0.203027
1980,1,0.0993316,0.053581,-2.74551,1,1,1,5.47363,0.0226893,0.0010653,0.00190309,0.464938,0.383496
1981,1,0.0995664,0.0405942,-2.44557,1,1,1,5.47382,0,-0.00319589,0.00217707,0.438595,0.541406
1982,1,0.0997402,0.0291676,-2.12033,1,1,1,5.47372,-0.0314159,0.0117183,0.00239507,0.216309,0.518848
1983,1,0.0998609,0.0194329,-1.76933,1,1,1,5.47363,-0.0575959,-0.0127836,0.00258774,0.447458,0.360938
1984,1,0.0999375,0.0115183,-1.39192,1,1,1,5.47372,0.0139626,-0.010653,0.00267662,0.397164,0.338379
1985,1,0.0999794,0.00555885,-0.98763,1,1,1,5.47363,0,-0.0149142,0.00274713,0.442043,0.349658
1986,1,0.0999966,0.00168874,-0.555745,1,1,1,5.47353,-0.00349066,-0.00532648,0.00279647,0.361162,0.338379
1987,1,0.1,4.81267e-05,-0.0957408,1,1,1,5.47353,0,-3.26153e-19,0.00283284,0.356519,0.281982
1988,1,0.1,0,0,1,1,1,5.47363,0.0174533,-0.00852238,0.0028543,0.469911,0.496289
1989,1,0.1,0,0,1,1,1,5.47363,0,0.00426119,0.0028398,0.330844,0.394775
1990,1,0.1,0,0,1,1,1,5.47363,0,0.0127836,0.00282481,0.238412,0.462451
1991,1,0.1,0,0,1,1,1,5.47353,0,0.0255671,0.002772,0.0930375,0.304541
1992,1,0.1,0,0,1,1,1,5.47353,-0.0174533,-0.00958767,0.00284801,0.493961,0.281982
1993,1,0.1,0,0,1,1,1,5.47363,-0.0261799,-0.00213059,0.0028521,0.415925,0.31582
1994,1,0.1,0,0,1,1,1,5.47363,0.020944,-0.0191753,0.00286272,0.60811,0.47373
1995,1,0.1,0,0,1,1,1,5.47363,0.00872665,0.00532648,0.00282958,0.337484,0.338379
1996,1,0.1,0,0,1,1,1,5.47353,0,0.0117183,0.00281387,0.268217,0.462451
1997,1,0.1,0,0,1,1,1,5.47353,-0.00872665,-0.00852238,0.00280671,0.492864,0.349658
1998,1,0.1,0,0,1,1,1,5.47363,0.00523599,0.0170448,0.00277476,0.210647,0.47373
1999,1,0.1,0,0,1,1,1,5.47363,0,0.00639178,0.00278038,0.3317,0.439893
2000,1,0.1,0,0,1,1,1,5.47363,0,0.0138489,0.00274184,0.247353,0.338379
2001,1,0.1,0,0,1,1,1,5.47363,0,-0.00319589,0.00271517,0.433771,0.293262
2002,1,0.1,0,0,1,1,1,5.47363,0,0.00426119,0.00268419,0.350877,0.462451
2003,1,0.1,0,0,1,1,1,5.47363,0,0.0127836,0.00268252,0.260291,0.507568
2004,1,0.1,0,0,1,1,1,5.47363,0,1.30461e-18,0.00267774,0.403033,0.383496
2005,1,0.1,0,0,1,1,1,5.47363,0,0.0149142,0.00265354,0.238607,0.270703
2006,1,0.1,0,0,1,1,1,5.47363,0,-0.0010653,0.00264564,0.416146,0.236865
2007,1,0.1,0,0,1,1,1,5.47363,0,0.00958767,0.00263559,0.300871,0.383496
2008,1,0.1,0,0,1,1,1,5.47363,0,-0.00532648,0.00261388,0.464737,0.281982
2009,1,0.1,0,0,1,1,1,5.47363,0,-0.00852238,0.0025767,0.497122,0.281982
2010,1,0.1,0,0,1,1,1,5.47363,0.00523599,0.00639178,0.00260039,0.340167,0.496289
2011,1,0.1,0,0,1,1,1,5.47363,0,-0.0191753,0.00259549,0.623426,0.518848
2012,1,0.1,0,0,1,1,1,5.47363,0,0.0255671,0.00256206,0.129743,0.47373
2013,1,0.1,0,0,1,1,1,5.47363,-0.00872665,-0.00426119,0.00260285,0.466454,0.406055
2014,1,0.1,0,0,1,1,1,5.47363,0,-0.0117183,0.00256077,0.545205,0.15791
2015,1,0.1,0,0,1,1,1,5.47363,0.0122173,-0.00213059,0.00259021,0.447416,0.383496
2016,1,0.1,0,0,1,1,1,5.47363,0,-0.00319589,0.00257566,0.460352,0.372217
2017,1,0.1,0,0,1,1,1,5.47363,0,0.0159795,0.00254728,0.248582,0.507568
2018,1,0.1,0,0,1,1,1,5.47363,0,0.010653,0.00252219,0.306515,0.31582
2019,1,0.1,0,0,1,1,1,5.47363,0,-3.91384e-19,0.00249162,0.421981,0.552686
2020,1,0.1,0,0,1,1,1,5.47363,-0.0383972,0.0127836,0.00246856,0.280895,0.394775
2021,1,0.1,0,0,1,1,1,5.47363,-0.0226893,0.00213059,0.0024617,0.399691,0.31582
2022,1,0.1,0,0,1,1,1,5.47363,0,0.0245018,0.00244588,0.153336,0.428613
2023,1,0.1,0,0,1,1,1,5.47363,-0.00349066,-0.0138489,0.00245227,0.576037,0.451172
2024,1,0.1,0,0,1,1,1,5.47363,0,0.00639178,0.0024572,0.354041,0.394775
2025,1,0.1,0,0,1,1,1,5.47363,-0.0226893,0.00852238,0.00247113,0.332443,0.406055
2026,1,0.1,0,0,1,1,1,5.47363,0.0191986,-0.00426119,0.00247259,0.473255,0.417334
2027,1,0.1,0,0,1,1,1,5.47363,0,-0.00852238,0.00242314,0.513601,0.360938
2028,1,0.1,0,0,1,1,1,5.47363,0,-0.00213059,0.00239587,0.439691,0.293262
2029,1,0.1,0,0,1,1,1,5.47363,0,-0.00213059,0.00240327,0.440668,0.552686
2030,1,0.1,0,0,1,1,1,5.47363,0,-0.00532648,0.00238671,0.473637,0.518848
2031,1,0.1,0,0,1,1,1,5.47363,0,-0.00532648,0.00238633,0.473587,0.383496
2032,1,0.1,0,0,1,1,1,5.47363,0,0.0372854,0.00236553,0.00211074,0.496289
2033,1,0.1,0,0,1,1,1,5.47353,-0.010472,0.00319589,0.00232334,0.371526,0.349658
2034,1,0.1,0,0,1,1,1,5.47363,0,-0.00958767,0.00236696,0.517903,0.575244
2035,1,0.1,0,0,1,1,1,5.47363,0,0.0159795,0.00237799,0.238121,0.586523
2036,1,0.1,0,0,1,1,1,5.47363,-0.0244346,-0.010653,0.0023886,0.532477,0.349658
2037,1,0.1,0,0,1,1,1,5.47363,0,0.0127836,0.00236686,0.271806,0.304541
2038,1,0.1,0,0,1,1,1,5.47363,0,0.00745708,0.0023317,0.325757,0.349658
2039,1,0.1,0,0,1,1,1,5.47363,0,0.00532648,0.00231534,0.347033,0.225586
2040,1,0.1,0,0,1,1,1,5.47363,0,-0.00532648,0.00233533,0.466855,0.281982
2041,1,0.1,0,0,1,1,1,5.47363,-0.00872665,-0.00958767,0.00232339,0.512152,0.31582
2042,1,0.1,0,0,1,1,1,5.47363,0.0314159,-0.00639178,0.00230797,0.474961,0.372217
2043,1,0.1,0,0,1,1,1,5.47363,0.0174533,-0.0159795,0.00230237,0.579687,0.394775
2044,1,0.1,0,0,1,1,1,5.47363,0,0.0149142,0.00229091,0.238344,0.360938
2045,1,0.1,0,0,1,1,1,5.47363,-0.00872665,-0.00852238,0.00231643,0.499515,0.383496
2046,1,0.1,0,0,1,1,1,5.47363,0.00872665,-0.010653,0.00230649,0.521639,0.406055
2047,1,0.1,0,0,1,1,1,5.47363,0,-0.00213059,0.00234185,0.432561,0.47373
2048,1,0.1,0,0,1,1,1,5.47363,0,0.00639178,0.00233389,0.337764,0.48501
2049,1,0.1,0,0,1,1,1,5.47363,-0.00872665,-0.0213059,0.00233667,0.642806,0.383496
2050,1,0.1,0,0,1,1,1,5.47363,0.0174533,0.00745708,0.00231391,0.323408,0.383496
2051,1,0.1,0,0,1,1,1,5.47363,0,0.00213059,0.00231319,0.381904,0.586523
2052,1,0.1,0,0,1,1,1,5.47363,0,0.0170448,0.00227783,0.213181,0.31582
2053,1,0.1,0,0,1,1,1,5.47363,-0.0174533,-0.0138489,0.00230244,0.556259,0.417334
2054,1,0.1,0,0,1,1,1,5.47363,0.00349066,0.0191753,0.00230573,0.193428,0.394775
2055,1,0.1,0,0,1,1,1,5.47363,-0.00872665,0.0223712,0.00229709,0.157132,0.338379
2056,1,0.1,0,0,1,1,1,5.47363,0.00349066,0.00852238,0.00226917,0.305784,0.15791
2057,1,0.1,0,0,1,1,1,5.47363,0,-7.82767e-19,0.00224463,0.396291,0.349658
2058,1,0.1,0,0,1,1,1,5.47363,0,-0.00532648,0.00224126,0.454437,0.31582
2059,1,0.1,0,0,1,1,1,5.47363,0,0.0138489,0.00221974,0.240668,0.349658
2060,1,0.1,0,0,1,1,1,5.47363,0,0.00426119,0.00226088,0.351563,0.31582
2061,1,0.1,0,0,1,1,1,5.47363,0,-0.0010653,0.00225685,0.409623,0.428613
2062,1,0.1,0,0,1,1,1,5.47363,0,0.0127836,0.00225791,0.257426,0.338379
2063,1,0.1,0,0,1,1,1,5.47363,-0.0174533,-0.00532648,0.00225667,0.456472,0.135352
2064,1,0.1,0,0,1,1,1,5.47363,0.0366519,-0.0149142,0.00222947,0.558346,0.304541
2065,1,0.1,0,0,1,1,1,5.47363,0.0610865,0.0170448,0.00220513,0.203586,0.383496
2066,1,0.1,0,0,1,1,1,5.47353,-0.0418879,-0.010653,0.00219638,0.507105,0.214307
2067,1,0.1,0,0,1,1,1,5.47363,0,1.43507e-18,0.00223266,0.394711,0.3271
2068,1,0.1,0,0,1,1,1,5.47363,0.00872665,-0.00958767,0.00221809,0.498252,0.270703
2069,1,0.1,0,0,1,1,1,5.47363,0,0.0138489,0.00219541,0.237456,0.349658
2070,1,0.1,0,0,1,1,1,5.47353,0,0.00852238,0.00220898,0.29784,0.439893
2071,1,0.1,0,0,1,1,1,5.47363,-0.00872665,0.0159795,0.00216673,0.210234,0.462451
2072,1,0.1,0,0,1,1,1,5.47363,-0.0226893,-0.00426119,0.00217499,0.433971,0.31582
2073,1,0.1,0,0,1,1,1,5.47363,-0.00174533,0.00213059,0.00214679,0.359939,0.214307
2074,1,0.1,0,0,1,1,1,5.47363,0,0.0149142,0.00217807,0.223449,0.360938
2075,1,0.1,0,0,1,1,1,5.47363,-0.020944,-0.00532648,0.0021737,0.44552,0.293262
2076,1,0.1,0,0,1,1,1,5.47363,0.00698132,-0.00426119,0.00219464,0.436565,0.360938
2077,1,0.1,0,0,1,1,1,5.47363,0,-0.0117183,0.00222817,0.52302,0.349658
2078,1,0.1,0,0,1,1,1,5.47363,0,0.0149142,0.00217145,0.222575,0.383496
2079,1,0.1,0,0,1,1,1,5.47363,0,-0.0149142,0.00218546,0.552536,0.530127
2080,1,0.1,0,0,1,1,1,5.47363,0,0.00532648,0.00214147,0.324083,0.248145
2081,1,0.1,0,0,1,1,1,5.47363,0,0.00319589,0.00214336,0.347769,0.281982
2082,1,0.1,0,0,1,1,1,5.47363,0,-0.00532648,0.00212966,0.439706,0.349658
2083,1,0.1,0,0,1,1,1,5.47363,0,0.00319589,0.00211222,0.343658,0.281982
2084,1,0.1,0,0,1,1,1,5.47363,0,0.00213059,0.00210234,0.354073,0.372217
2085,1,0.1,0,0,1,1,1,5.47363,0,-0.00745708,0.00208135,0.456766,0.169189
2086,1,0.1,0,0,1,1,1,5.47363,0,0.00745708,0.00211507,0.297161,0.31582
2087,1,0.1,0,0,1,1,1,5.47363,-0.00872665,-0.00958767,0.00210997,0.48398,0.248145
2088,1,0.1,0,0,1,1,1,5.47363,0.0174533,0,0.00208179,0.374796,0.270703
2089,1,0.1,0,0,1,1,1,5.47363,0.00872665,0.00639178,0.00204894,0.30015,0.338379
2090,1,0.1,0,0,1,1,1,5.47363,0,-0.01811,0.00209061,0.575171,0.428613
2091,1,0.1,0,0,1,1,1,5.47363,0.00523599,-0.0127836,0.00210491,0.518468,0.383496
2092,1,0.1,0,0,1,1,1,5.47363,0,0.010653,0.00206661,0.25561,0.3271
2093,1,0.1,0,0,1,1,1,5.47363,0,-0.0149142,0.00210187,0.541502,0.270703
2094,1,0.1,0,0,1,1,1,5.47363,0.00872665,0.00532648,0.00206712,0.314269,0.338379
2095,1,0.1,0,0,1,1,1,5.47363,0.00872665,-0.00319589,0.00207362,0.408873,0.338379
2096,1,0.1,0,0,1,1,1,5.47363,-0.00872665,0.00745708,0.00205149,0.288769,0.394775
2097,1,0.1,0,0,1,1,1,5.47353,0,-0.010653,0.00205643,0.488632,0.360938
2098,1,0.1,0,0,1,1,1,5.47363,0,0.010653,0.00204858,0.253229,0.394775
2099,1,0.1,0,0,1,1,1,5.47363,-0.00698132,-0.00639178,0.00204277,0.439955,0.394775
2100,1,0.1,0,0,1,1,1,5.47363,-0.0122173,0.00958767,0.00205617,0.26595,0.293262
2101,1,0.1,0,0,1,1,1,5.47363,-0.0244346,-3.91384e-19,0.00203225,0.368258,0.304541
2102,1,0.1,0,0,1,1,1,5.47363,0,-0.00532648,0.00204979,0.429164,0.293262
2103,1,0.1,0,0,1,1,1,5.47363,0,0.00639178,0.00205838,0.301396,0.462451
2104,1,0.1,0,0,1,1,1,5.47363,-0.0174533,-0.0127836,0.00208857,0.516311,0.3271
2105,1,0.1,0,0,1,1,1,5.47363,0,-0.00532648,0.00209836,0.435574,0.360938
2106,1,0.1,0,0,1,1,1,5.47363,0.00872665,0.00958767,0.00210366,0.272219,0.507568
2107,1,0.1,0,0,1,1,1,5.47353,-0.00174533,0.0191753,0.00208165,0.163849,0.451172
2108,1,0.1,0,0,1,1,1,5.47363,0,0.010653,0.00207582,0.256826,0.31582
2109,1,0.1,0,0,1,1,1,5.47363,0,0.0159795,0.0020524,0.195142,0.31582
2110,1,0.1,0,0,1,1,1,5.47363,0,-0.00532648,0.00204872,0.429023,0.383496
2111,1,0.1,0,0,1,1,1,5.47363,0,0.0213059,0.00203731,0.13456,0.372217
2112,1,0.1,0,0,1,1,1,5.47363,-0.00174533,-0.00319589,0.00204076,0.404535,0.293262
2113,1,0.1,0,0,1,1,1,5.47363,0,-0.00426119,0.00200551,0.4116,0.281982
2114,1,0.1,0,0,1,1,1,5.47363,0,0.01811,0.00198486,0.162791,0.372217
2115,1,0.1,0,0,1,1,1,5.47363,-0.00872665,0.010653,0.00200853,0.247943,0.191748
2116,1,0.1,0,0,1,1,1,5.47363,0.010472,0.00532648,0.0019751,0.302122,0.225586
2117,1,0.1,0,0,1,1,1,5.47363,0.015708,0.0213059,0.00192548,0.119798,0.236865
2118,1,0.1,0,0,1,1,1,5.47353,0,-0.00426119,0.00195752,0.405265,0.304541
2119,1,0.1,0,0,1,1,1,5.47363,0,0.00213059,0.00194637,0.333484,0.406055
2120,1,0.1,0,0,1,1,1,5.47363,0,0.0127836,0.00196601,0.218895,0.360938
2121,1,0.1,0,0,1,1,1,5.47363,0,3.91384e-19,0.0019108,0.352068,0.281982
2122,1,0.1,0,0,1,1,1,5.47353,-0.00174533,-0.00426119,0.00192325,0.400742,0.428613
2123,1,0.1,0,0,1,1,1,5.47353,0,-0.00745708,0.00195143,0.439617,0.349658
2124,1,0.1,0,0,1,1,1,5.47363,-0.010472,-0.0010653,0.00192381,0.365661,0.135352
2125,1,0.1,0,0,1,1,1,5.47363,0.00174533,-0.00319589,0.00189397,0.385158,0.259424
2126,1,0.1,0,0,1,1,1,5.47353,0,0.01811,0.00189612,0.151077,0.248145
2127,1,0.1,0,0,1,1,1,5.47353,0,-0.00213059,0.00188071,0.371691,0.304541
2128,1,0.1,0,0,1,1,1,5.47363,0,-0.0159795,0.00189069,0.525345,0.372217
2129,1,0.1,0,0,1,1,1,5.47363,0.015708,0.00426119,0.0019273,0.307531,0.597803
2130,1,0.1,0,0,1,1,1,5.47363,0,-0.0010653,0.00191833,0.364938,0.507568
2131,1,0.1,0,0,1,1,1,5.47363,0,0.00426119,0.00190521,0.304614,0.349658
2132,1,0.1,0,0,1,1,1,5.47353,-0.0122173,0.0170448,0.00185649,0.157565,0.304541
2133,1,0.1,0,0,1,1,1,5.47353,0,-0.00213059,0.00187309,0.370685,0.338379
2134,1,0.1,0,0,1,1,1,5.47363,0,0.00639178,0.00186694,0.276127,0.462451
2135,1,0.1,0,0,1,1,1,5.47363,0,-0.0117183,0.00186198,0.474682,0.31582
2136,1,0.1,0,0,1,1,1,5.47363,0,0.00532648,0.00185857,0.28674,0.338379
2137,1,0.1,0,0,1,1,1,5.47363,0,0.00745708,0.00184111,0.260998,0.236865
2138,1,0.1,0,0,1,1,1,5.47363,0,0.0127836,0.00177633,0.193857,0.214307
2139,1,0.1,0,0,1,1,1,5.47353,0,-1.36984e-18,0.0017938,0.336782,0.225586
2140,1,0.1,0,0,1,1,1,5.47363,0.00872665,-0.010653,0.00173619,0.44636,0.214307
2141,1,0.1,0,0,1,1,1,5.47363,0.0226893,0.0127836,0.00174475,0.189688,0.360938
2142,1,0.1,0,0,1,1,1,5.47363,-0.015708,-0.00213059,0.00173446,0.352385,0.236865
2143,1,0.1,0,0,1,1,1,5.47353,-0.010472,-6.52306e-19,0.0017084,0.325509,0.101514
2144,1,0.1,0,0,1,1,1,5.47353,0.0366519,-0.00958767,0.00169603,0.42934,0.191748
2145,1,0.1,0,0,1,1,1,5.47353,0.00174533,0.028763,0.00169649,0.00754303,0.270703
2146,1,0.1,0,0,1,1,1,5.47353,0,-0.01811,0.00168468,0.521589,0.248145
2147,1,0.1,0,0,1,1,1,5.47363,0.00174533,0.0245018,0.00166338,0.0500461,0.259424
2148,1,0.1,0,0,1,1,1,5.47353,0.00174533,0.0138489,0.00165326,0.165893,0.293262
2149,1,0.1,0,0,1,1,1,5.47353,0,0.00958767,0.00165905,0.213486,0.417334
2150,1,0.1,0,0,1,1,1,5.47353,-0.0436332,-0.00745708,0.00165507,0.400497,0.31582
2151,1,0.1,0,0,1,1,1,5.47353,0,-0.028763,0.00164393,0.633392,0.124072
2152,1,0.1,0,0,1,1,1,5.47363,0.0279253,0.0138489,0.0016298,0.162796,0.417334
2153,1,0.1,0,0,1,1,1,5.47353,0,-0.00213059,0.0016506,0.341315,0.169189
2154,1,0.1,0,0,1,1,1,5.47363,0.0174533,-0.0245018,0.0016601,0.588654,0.270703
2155,1,0.1,0,0,1,1,1,5.47363,0.0139626,-0.00852238,0.00167452,0.414783,0.304541
2156,1,0.1,0,0,1,1,1,5.47353,0,-0.00426119,0.00167087,0.367428,0.281982
2157,1,0.1,0,0,1,1,1,5.47353,0,-0.00426119,0.00164152,0.363553,0.203027
2158,1,0.1,0,0,1,1,1,5.47353,0,0.00958767,0.00164111,0.211162,0.214307
2159,1,0.1,0,0,1,1,1,5.47353,0,-0.00319589,0.00166978,0.355565,0.259424
2160,1,0.1,0,0,1,1,1,5.47363,0.00872665,-0.010653,0.00170612,0.44239,0.394775
2161,1,0.1,0,0,1,1,1,5.47363,0,0.0202406,0.00166259,0.096814,0.293262
2162,1,0.1,0,0,1,1,1,5.47353,0,-0.00532648,0.00170757,0.38399,0.530127
2163,1,0.1,0,0,1,1,1,5.47353,-0.00698132,0.00745708,0.00173416,0.246881,0.270703
2164,1,0.1,0,0,1,1,1,5.47363,0,0.00319589,0.00171924,0.291785,0.180469
2165,1,0.1,0,0,1,1,1,5.47353,0,-0.00958767,0.0017005,0.42993,0.3271
2166,1,0.1,0,0,1,1,1,5.47353,0,-0.00426119,0.00168566,0.36938,0.236865
2167,1,0.1,0,0,1,1,1,5.47353,0,0.0127836,0.00168062,0.181223,0.259424
2168,1,0.1,0,0,1,1,1,5.47353,0,0.00958767,0.00167424,0.215535,0.112793
2169,1,0.1,0,0,1,1,1,5.47353,0,-0.00745708,0.00166111,0.401294,0.214307
2170,1,0.1,0,0,1,1,1,5.47353,0,0.00532648,0.00164944,0.259135,0.214307
2171,1,0.1,0,0,1,1,1,5.47353,0,0.01811,0.00162454,0.115229,0.349658
2172,1,0.1,0,0,1,1,1,5.47353,0,-0.00213059,0.00157763,0.331683,0.169189
2173,1,0.1,0,0,1,1,1,5.47353,0,-0.0170448,0.00153684,0.490355,0.146631
2174,1,0.1,0,0,1,1,1,5.47353,0,0.00745708,0.00152141,0.218798,0.203027
2175,1,0.1,0,0,1,1,1,5.47353,0,0.00852238,0.00151211,0.205852,0.338379
2176,1,0.1,0,0,1,1,1,5.47353,-0.00174533,-0.00639178,0.0015167,0.370514,0.191748
2177,1,0.1,0,0,1,1,1,5.47353,0,-0.00426119,0.00150626,0.345699,0.248145
2178,1,0.1,0,0,1,1,1,5.47353,0,0.00639178,0.00149477,0.227,0.248145
2179,1,0.1,0,0,1,1,1,5.47353,0,0.00426119,0.00147476,0.247795,0.225586
2180,1,0.1,0,0,1,1,1,5.47353,0,0.00958767,0.00143589,0.184074,0.360938
2181,1,0.1,0,0,1,1,1,5.47353,0.00174533,-0.0117183,0.00143034,0.417706,0.293262
2182,1,0.1,0,0,1,1,1,5.47353,-0.0279253,-0.00532648,0.00141402,0.345241,0.3271
2183,1,0.1,0,0,1,1,1,5.47353,0,-0.0170448,0.00142374,0.475426,0.101514
2184,1,0.1,0,0,1,1,1,5.47353,0.0244346,0.00319589,0.00142843,0.253398,0.31582
2185,1,0.1,0,0,1,1,1,5.47353,0,-0.0010653,0.0014073,0.297482,0.101514
2186,1,0.1,0,0,1,1,1,5.47353,0.00349066,-0.0127836,0.00141828,0.427832,0.259424
2187,1,0.1,0,0,1,1,1,5.47353,0.00349066,0.00426119,0.00138631,0.23612,0.169189
2188,1,0.099999,-0.0007546,-0.37455,1,1,1,5.47353,0.00174533,-0.0127836,0.00140334,0.363491,0.270703
2189,1,0.0999887,-0.00374619,-0.817578,1,1,1,5.47353,0,-0.0159795,0.00139437,0.297864,0.225586
2190,1,0.0999579,-0.00888508,-1.23299,1,1,1,5.47353,0,-0.00426119,0.00134735,0.0406605,0.169189
2191,1,0.0998965,-0.0160307,-1.62108,1,1,1,5.47353,0,0.00639178,0.00124654,-0.233231,0.0112793
2192,1,0.0997945,-0.0250515,-1.98263,1,1,1,5.47344,-0.00698132,0.00532648,0.00114102,-0.398212,-0.0338379
2193,1,0.0996431,-0.035813,-2.31809,1,1,1,5.47344,-0.0174533,-0.0298283,0.00101408,-0.209456,-0.112793
2194,1,0.0994337,-0.048189,-2.62812,1,1,1,5.47334,-0.0174533,-0.0117183,0.000852369,-0.627511,-0.191748
2195,1,0.0991587,-0.0620529,-2.91327,1,1,1,5.47324,-0.0279253,-0.0159795,0.000607195,-0.827544,-0.293262
2196,1,0.0988108,-0.0772843,-3.17416,1,1,1,5.47286,-0.125664,-0.0117183,0.000358328,-1.13576,-0.733154
2197,1,0.0983838,-0.0937544,-3.41122,1,1,1,5.47257,-0.0715585,-0.0479384,9.43114e-05,-1.01376,-1.02642
2198,1,0.0978714,-0.111357,-3.6252,1,1,1,5.47228,-0.0663225,-0.0649831,-0.000163162,-1.11254,-1.18433
2199,1,0.0972686,-0.129968,-3.81654,1,1,1,5.47171,-0.0907571,-0.0841585,-0.000378026,-1.19066,-1.16177
2200,1,0.0965702,-0.149486,-3.98594,1,1,1,5.47123,-0.122173,-0.10653,-0.000523259,-1.23136,-1.00386
2201,1,0.0957725,-0.169791,-4.13385,1,1,1,5.47046,-0.188496,-0.14488,-0.000670707,-1.10382,-1.09409
2202,1,0.0948713,-0.190787,-4.26095,1,1,1,5.4697,-0.164061,-0.170448,-0.000760894,-1.11329,-1.08281
2203,1,0.0938635,-0.212368,-4.36777,1,1,1,5.46874,-0.23911,-0.154468,-0.000937009,-1.5969,-1.17305
2204,1,0.0927468,-0.234431,-4.45488,1,1,1,5.46778,-0.20944,-0.204537,-0.00105491,-1.34945,-1.252
2205,1,0.0915186,-0.256885,-4.52288,1,1,1,5.46653,-0.29147,-0.226908,-0.0011767,-1.40907,-1.31968
2206,1,0.0901775,-0.279629,-4.57232,1,1,1,5.46548,-0.261799,-0.254606,-0.00131433,-1.4134,-1.52271
2207,1,0.088722,-0.302577,-4.6038,1,1,1,5.46394,-0.253073,-0.26952,-0.00147989,-1.56242,-1.47759
2208,1,0.0871508,-0.325649,-4.61788,1,1,1,5.4627,-0.312414,-0.312132,-0.00155809,-1.39353,-1.33096
2209,1,0.0854655,-0.348729,-4.61513,1,1,1,5.46088,-0.321141,-0.346222,-0.00165994,-1.3195,-1.59038
2210,1,0.0836643,-0.371763,-4.59615,1,1,1,5.45953,-0.319395,-0.369658,-0.00174311,-1.35682,-1.50015
2211,1,0.0817479,-0.394666,-4.56149,1,1,1,5.45714,-0.418879,-0.383507,-0.00182522,-1.49558,-1.72573
2212,1,0.079718,-0.417353,-4.51175,1,1,1,5.45551,-0.340339,-0.390964,-0.00191591,-1.7012,-1.56782
2213,1,0.0775752,-0.439756,-4.4475,1,1,1,5.45311,-0.434587,-0.423988,-0.00195016,-1.61174,-1.42119
2214,1,0.0753179,-0.461834,-4.36918,1,1,1,5.45148,-0.457276,-0.470861,-0.00196999,-1.36208,-1.47759
2215,1,0.0729577,-0.483428,-4.27773,1,1,1,5.44841,-0.459022,-0.483645,-0.00194615,-1.47232,-1.45503
2216,1,0.0704875,-0.504561,-4.17338,1,1,1,5.44659,-0.466003,-0.530518,-0.00187607,-1.19368,-1.44375
2217,1,0.0679132,-0.52514,-4.05682,1,1,1,5.44362,-0.513127,-0.548628,-0.00175315,-1.21423,-1.15049
2218,1,0.0652371,-0.54511,-3.92862,1,1,1,5.44122,-0.593412,-0.563542,-0.0017134,-1.27304,-1.31968
2219,1,0.0624405,-0.564561,-3.7882,1,1,1,5.43796,-0.516617,-0.578456,-0.00171121,-1.32923,-1.45503
2220,1,0.059594,-0.582987,-3.6396,1,1,1,5.43557,-0.612611,-0.605089,-0.0016354,-1.23219,-1.44375
2221,1,0.0566345,-0.600789,-3.47997,1,1,1,5.43192,-0.630064,-0.608285,-0.00154701,-1.38143,-1.36479
2222,1,0.0535873,-0.617772,-3.31097,1,1,1,5.42952,-0.546288,-0.62959,-0.00147028,-1.32201,-1.38735
2223,1,0.0504581,-0.633885,-3.13325,1,1,1,5.42559,-0.670206,-0.653027,-0.00143739,-1.23365,-1.31968
2224,1,0.0472503,-0.649089,-2.94733,1,1,1,5.4231,-0.591667,-0.669006,-0.00136701,-1.20905,-1.28584
2225,1,0.0439687,-0.663346,-2.75381,1,1,1,5.41898,-0.736529,-0.665811,-0.00132847,-1.38727,-1.44375
2226,1,0.0406186,-0.676615,-2.55327,1,1,1,5.4162,-0.612611,-0.704161,-0.00129491,-1.09647,-1.34224
2227,1,0.0372047,-0.688866,-2.34628,1,1,1,5.41217,-0.71733,-0.714814,-0.00119074,-1.08571,-1.27456
2228,1,0.0337314,-0.700069,-2.13338,1,1,1,5.40949,-0.657989,-0.707357,-0.00115673,-1.271,-1.22944
2229,1,0.0302058,-0.710191,-1.91524,1,1,1,5.40508,-0.776672,-0.712684,-0.00109614,-1.29785,-1.22944
2230,1,0.0266316,-0.719213,-1.69233,1,1,1,5.40211,-0.685914,-0.728663,-0.00104362,-1.19443,-1.24072
2231,1,0.0230152,-0.727108,-1.46527,1,1,1,5.39789,-0.752237,-0.743577,-0.000921871,-1.07768,-1.0377
2232,1,0.0193626,-0.733859,-1.23468,1,1,1,5.39482,-0.748746,-0.749969,-0.000830264,-1.04451,-0.857227
2233,1,0.0156783,-0.73945,-1.00103,1,1,1,5.3905,-0.733038,-0.787254,-0.000693437,-0.650145,-1.09409
2234,1,0.0119701,-0.743866,-0.765034,1,1,1,5.38763,-0.708604,-0.764883,-0.000566964,-0.897619,-0.913623
2235,1,0.00824146,-0.747097,-0.527112,1,1,1,5.38312,-0.74002,-0.760622,-0.00046192,-0.934633,-1.00386
2236,1,0.00450089,-0.749135,-0.288001,1,1,1,5.38005,-0.781908,-0.753165,-0.00043811,-1.00401,-0.834668
2237,1,0.000752651,-0.749976,-0.0481694,1,1,1,5.37564,-0.722566,-0.756361,-0.000414233,-0.94163,-1.10537
2238,1,-0.00299671,-0.749617,0.191773,1,1,1,5.37258,-0.760964,-0.7521,-0.000382138,-0.944818,-0.97002
2239,1,-0.00674157,-0.748059,0.431274,1,1,1,5.36826,-0.780162,-0.760622,-0.000349797,-0.793031,-0.924902
2240,1,-0.0104754,-0.745306,0.669723,1,1,1,5.3651,-0.733038,-0.73399,-0.000294675,-1.00947,-0.80083
2241,1,-0.014193,-0.741364,0.906591,1,1,1,5.36078,-0.84823,-0.762753,-0.000252996,-0.605007,-0.733154
2242,1,-0.0178868,-0.736244,1.1412,1,1,1,5.35781,-0.670206,-0.737185,-0.000239274,-0.787407,-0.688037
2243,1,-0.0215534,-0.729956,1.37313,1,1,1,5.3534,-0.823795,-0.726533,-0.000145789,-0.779899,-0.699316
2244,1,-0.0251845,-0.722519,1.60164,1,1,1,5.35052,-0.657989,-0.73612,-0.00013295,-0.548473,-0.654199
2245,1,-0.0287765,-0.713946,1.82629,1,1,1,5.34631,-0.708604,-0.735055,-5.52629e-05,-0.410928,-0.654199
2246,1,-0.0323223,-0.704263,2.04642,1,1,1,5.34353,-0.696386,-0.723337,-3.28245e-06,-0.381317,-0.563965
2247,1,-0.0358174,-0.69349,2.26151,1,1,1,5.3395,-0.602139,-0.690312,2.28646e-05,-0.576403,-0.518848
2248,1,-0.0392555,-0.681657,2.47092,1,1,1,5.33682,-0.722566,-0.692443,3.69621e-06,-0.380173,-0.552686
2249,1,-0.0426323,-0.668791,2.67414,1,1,1,5.33288,-0.549779,-0.653027,-3.26726e-05,-0.631507,-0.609082
2250,1,-0.0459419,-0.654927,2.87054,1,1,1,5.3303,-0.69115,-0.656223,-2.29049e-05,-0.396579,-0.507568
2251,1,-0.0491799,-0.640098,3.05958,1,1,1,5.32656,-0.596903,-0.659419,-9.90228e-06,-0.150317,-0.428613
2252,1,-0.0523413,-0.624344,3.24067,1,1,1,5.32406,-0.624828,-0.618938,-0.000100004,-0.389173,-0.47373
2253,1,-0.0554217,-0.607707,3.41323,1,1,1,5.32042,-0.541052,-0.61148,-0.000142552,-0.248052,-0.372217
2254,1,-0.058417,-0.590227,3.5767,1,1,1,5.31822,-0.551524,-0.579522,-0.000150854,-0.361928,-0.248145
2255,1,-0.0613227,-0.571955,3.73048,1,1,1,5.31467,-0.581195,-0.544367,-0.000241898,-0.515555,-0.349658
2256,1,-0.064135,-0.552941,3.874,1,1,1,5.31246,-0.516617,-0.553954,-0.000299262,-0.164929,-0.372217
2257,1,-0.0668512,-0.533231,4.00674,1,1,1,5.3094,-0.537561,-0.547563,-0.000267411,0.0305809,-0.169189
2258,1,-0.0694666,-0.512891,4.12803,1,1,1,5.30738,-0.472984,-0.529453,-0.000229113,0.104746,-0.0789551
2259,1,-0.0719788,-0.491974,4.23734,1,1,1,5.30441,-0.483456,-0.480449,-0.000275443,-0.167863,-0.0563965
2260,1,-0.0743853,-0.47054,4.33411,1,1,1,5.30249,-0.488692,-0.483645,-0.000297867,0.141057,-0.15791
2261,1,-0.0766837,-0.448652,4.41775,1,1,1,5.29971,-0.406662,-0.43038,-0.000367485,-0.173718,-0.135352
2262,1,-0.0788711,-0.426386,4.48766,1,1,1,5.29799,-0.459022,-0.415466,-0.000435266,-0.0644636,-0.191748
2263,1,-0.080947,-0.4038,4.54331,1,1,1,5.29569,-0.366519,-0.405878,-0.000430536,0.116109,-0.169189
2264,1,-0.0829088,-0.380977,4.58409,1,1,1,5.29406,-0.406662,-0.374985,-0.000480125,0.0550859,-0.146631
2265,1,-0.0847564,-0.357985,4.60943,1,1,1,5.29204,-0.359538,-0.338764,-0.000568982,-0.070526,-0.214307
2266,1,-0.0864885,-0.334909,4.61876,1,1,1,5.2906,-0.328122,-0.324916,-0.000613335,0.0549603,-0.146631
2267,1,-0.0881055,-0.311825,4.61151,1,1,1,5.28897,-0.319395,-0.301479,-0.000665931,0.0716632,-0.135352
2268,1,-0.089607,-0.288823,4.58708,1,1,1,5.28773,-0.275762,-0.256737,-0.000778721,-0.158528,-0.124072
2269,1,-0.090994,-0.265983,4.54492,1,1,1,5.28629,-0.249582,-0.256737,-0.000889046,0.0987254,-0.0676758
2270,1,-0.0922672,-0.243404,4.48444,1,1,1,5.28543,-0.204204,-0.221582,-0.000976109,-0.032699,-0.0789551
2271,1,-0.0934286,-0.22117,4.40507,1,1,1,5.28418,-0.193732,-0.190688,-0.00117904,-0.141625,-0.0676758
2272,1,-0.0944796,-0.199387,4.30624,1,1,1,5.28351,-0.167552,-0.168317,-0.00139539,-0.167807,-0.135352
2273,1,-0.0954233,-0.178143,4.18735,1,1,1,5.28265,-0.120428,-0.135293,-0.00157204,-0.315036,-0.15791
2274,1,-0.0962635,-0.157514,4.04761,1,1,1,5.28217,-0.123918,-0.0916155,-0.00181148,-0.59948,-0.191748
2275,1,-0.0969999,-0.137701,3.88716,1,1,1,5.28159,-0.0837758,-0.0756361,-0.00208074,-0.597078,-0.270703
2276,1,-0.0976406,-0.118711,3.70467,1,1,1,5.28121,-0.0785398,-0.0511343,-0.00239947,-0.709719,-0.451172
2277,1,-0.0981888,-0.100689,3.49983,1,1,1,5.28073,-0.0541052,-0.0479384,-0.00270969,-0.602195,-0.620361
2278,1,-0.0986494,-0.0837496,3.27209,1,1,1,5.28063,-0.0314159,-0.0298283,-0.00303709,-0.678408,-0.744434
2279,1,-0.0990282,-0.0680068,3.02083,1,1,1,5.28044,0,-0.0223712,-0.00330981,-0.647482,-0.80083
2280,1,-0.0993316,-0.0535831,2.74556,1,1,1,5.28044,-0.00174533,-0.010653,-0.003568,-0.681374,-0.812109
2281,1,-0.0995664,-0.0405936,2.44555,1,1,1,5.28035,0,-0.00426119,-0.00380345,-0.67468,-0.80083
2282,1,-0.0997402,-0.0291684,2.12035,1,1,1,5.28025,0,5.87076e-19,-0.00399904,-0.661395,-0.755713
2283,1,-0.0998609,-0.0194329,1.76933,1,1,1,5.28025,0,0.0308936,-0.00415178,-0.95903,-0.688037
2284,1,-0.0999375,-0.0115187,1.39194,1,1,1,5.28025,0,0.0234365,-0.00432689,-0.865242,-0.924902
2285,1,-0.0999794,-0.00555848,0.987599,1,1,1,5.28025,0,0.0202406,-0.00445833,-0.83947,-0.766992
2286,1,-0.0999966,-0.00168847,0.555702,1,1,1,5.28025,0,0.00319589,-0.00452179,-0.674041,-0.823389
2287,1,-0.1,-4.81248e-05,0.0957389,1,1,1,5.28035,0.00872665,-0.00213059,-0.00458565,-0.668892,-0.891064
2288,1,-0.1,-0,-0,1,1,1,5.28035,0.0191986,0.0170448,-0.00459232,-0.893678,-0.766992
2289,1,-0.1,-0,-0,1,1,1,5.28035,0,0,-0.00462786,-0.710878,-0.766992
2290,1,-0.1,-0,-0,1,1,1,5.28035,0,-0.0010653,-0.00460922,-0.696698,-0.733154
2291,1,-0.1,-0,-0,1,1,1,5.28035,0,0.0127836,-0.00460734,-0.848787,-0.620361
2292,1,-0.1,-0,-0,1,1,1,5.28035,-0.00872665,-0.0234365,-0.00459253,-0.448413,-0.812109
2293,1,-0.1,-0,-0,1,1,1,5.28035,0.00872665,-0.00639178,-0.00460319,-0.637311,-0.857227
2294,1,-0.1,-0,-0,1,1,1,5.28035,0.00872665,-0.00958767,-0.00460492,-0.602385,-0.755713
2295,1,-0.1,-0,-0,1,1,1,5.28035,0.010472,0.0191753,-0.00459718,-0.917756,-0.631641
2296,1,-0.1,-0,-0,1,1,1,5.28035,0,-0.00745708,-0.00460845,-0.626288,-0.845947
2297,1,-0.1,-0,-0,1,1,1,5.28035,0,-0.00745708,-0.00459704,-0.624781,-0.744434
2298,1,-0.1,-0,-0,1,1,1,5.28035,0,0.00426119,-0.00458204,-0.751702,-0.789551
2299,1,-0.1,-0,-0,1,1,1,5.28035,0,0.00426119,-0.00456895,-0.749975,-0.654199
2300,1,-0.1,-0,-0,1,1,1,5.28035,0,0.00958767,-0.00458791,-0.811069,-0.721875
2301,1,-0.1,-0,-0,1,1,1,5.28035,0,0.0117183,-0.00460983,-0.837399,-0.755713
2302,1,-0.1,-0,-0,1,1,1,5.28035,0,0.0170448,-0.00460771,-0.89571,-0.80083
2303,1,-0.1,-0,-0,1,1,1,5.28035,-0.0174533,0.00532648,-0.00462127,-0.768599,-0.733154
2304,1,-0.1,-0,-0,1,1,1,5.28035,0,-0.00426119,-0.00461117,-0.661801,-0.766992
2305,1,-0.1,-0,-0,1,1,1,5.28035,0,0.0117183,-0.00463624,-0.840885,-0.733154
2306,1,-0.1,-0,-0,1,1,1,5.28035,0,-2.02215e-18,-0.00467539,-0.717152,-0.733154
2307,1,-0.1,-0,-0,1,1,1,5.28035,0,0.00532648,-0.00467849,-0.776153,-0.654199
2308,1,-0.1,-0,-0,1,1,1,5.28035,0,0.00532648,-0.00465851,-0.773514,-0.654199
2309,1,-0.1,-0,-0,1,1,1,5.28035,-0.0174533,-0.00958767,-0.00471478,-0.616887,-0.902344
2310,1,-0.1,-0,-0,1,1,1,5.28025,0,0.00532648,-0.00470474,-0.779617,-0.834668
2311,1,-0.1,-0,-0,1,1,1,5.28025,0,0.0117183,-0.00471854,-0.851748,-0.654199
2312,1,-0.1,-0,-0,1,1,1,5.28035,0,0.00426119,-0.00470843,-0.768386,-0.620361
2313,1,-0.1,-0,-0,1,1,1,5.28035,0,0.00319589,-0.00474188,-0.761083,-0.766992
2314,1,-0.1,-0,-0,1,1,1,5.28035,0,0.010653,-0.00472441,-0.840804,-0.620361
2315,1,-0.1,-0,-0,1,1,1,5.28035,0,-0.0010653,-0.00472221,-0.711613,-0.721875
2316,1,-0.1,-0,-0,1,1,1,5.28035,0,0.0010653,-0.00475046,-0.738779,-0.902344
2317,1,-0.1,-0,-0,1,1,1,5.28035,0,0.010653,-0.00476645,-0.846354,-0.766992
2318,1,-0.1,-0,-0,1,1,1,5.28035,0,0.00426119,-0.00475131,-0.774046,-0.710596
2319,1,-0.1,-0,-0,1,1,1,5.28035,0,0.00213059,-0.00475761,-0.751441,-0.518848
2320,1,-0.1,-0,-0,1,1,1,5.28035,-0.010472,0.01811,-0.00477507,-0.92952,-0.541406
2321,1,-0.1,-0,-0,1,1,1,5.28025,-0.00698132,-0.00426119,-0.00479296,-0.685797,-0.857227
2322,1,-0.1,-0,-0,1,1,1,5.28025,0,-0.00426119,-0.00482692,-0.690281,-0.710596
2323,1,-0.1,-0,-0,1,1,1,5.28035,0.00872665,0.00426119,-0.00480156,-0.780679,-0.609082
2324,1,-0.1,-0,-0,1,1,1,5.28035,-0.00349066,-0.00745708,-0.00479463,-0.650864,-0.857227
2325,1,-0.1,-0,-0,1,1,1,5.28035,0,0.00426119,-0.00481333,-0.782232,-0.80083
2326,1,-0.1,-0,-0,1,1,1,5.28035,0,0.0245018,-0.0048643,-1.01161,-0.902344
2327,1,-0.1,-0,-0,1,1,1,5.28025,-0.00872665,0,-0.00485778,-0.741226,-0.789551
2328,1,-0.1,-0,-0,1,1,1,5.28035,0,0.00639178,-0.00481323,-0.805656,-0.733154
2329,1,-0.1,-0,-0,1,1,1,5.28035,0,0.0191753,-0.00483132,-0.948662,-0.721875
2330,1,-0.1,-0,-0,1,1,1,5.28035,0,-0.0010653,-0.00481987,-0.724505,-0.744434
2331,1,-0.1,-0,-0,1,1,1,5.28035,0,0.0159795,-0.00487875,-0.919769,-0.879785
2332,1,-0.1,-0,-0,1,1,1,5.28025,0,0.00639178,-0.00487942,-0.814393,-0.733154
2333,1,-0.1,-0,-0,1,1,1,5.28025,0,-0.00213059,-0.00487613,-0.720213,-0.778271
2334,1,-0.1,-0,-0,1,1,1,5.28025,0,0.00213059,-0.00485802,-0.764695,-0.733154
2335,1,-0.1,-0,-0,1,1,1,5.28025,0,-0.0010653,-0.00485064,-0.728566,-0.733154
2336,1,-0.1,-0,-0,1,1,1,5.28025,0,0.00639178,-0.00485003,-0.810514,-0.676758
2337,1,-0.1,-0,-0,1,1,1,5.28025,0,0.0117183,-0.00486423,-0.870979,-0.789551
2338,1,-0.1,-0,-0,1,1,1,5.28025,0,-0.0223712,-0.00484563,-0.493539,-0.902344
2339,1,-0.1,-0,-0,1,1,1,5.28035,0.0139626,0.00319589,-0.00485661,-0.776227,-0.755713
2340,1,-0.1,-0,-0,1,1,1,5.28035,0,0.00958767,-0.00484688,-0.845252,-0.744434
2341,1,-0.1,-0,-0,1,1,1,5.28035,0,0.00639178,-0.00486194,-0.812085,-0.688037
2342,1,-0.1,-0,-0,1,1,1,5.28025,-0.00872665,0.0213059,-0.00486464,-0.976498,-0.766992
2343,1,-0.1,-0,-0,1,1,1,5.28025,-0.020944,0.00532648,-0.00486679,-0.801008,-0.789551
2344,1,-0.1,-0,-0,1,1,1,5.28025,0,0.0170448,-0.00488791,-0.932696,-0.845947
2345,1,-0.1,-0,-0,1,1,1,5.28025,-0.00698132,-0.00639178,-0.00485935,-0.671124,-0.744434
2346,1,-0.1,-0,-0,1,1,1,5.28025,0,0.00639178,-0.00488011,-0.814484,-0.845947
2347,1,-0.1,-0,-0,1,1,1,5.28025,0,0.010653,-0.00490198,-0.864245,-0.823389
2348,1,-0.1,-0,-0,1,1,1,5.28025,0,0.00319589,-0.00492268,-0.784949,-0.936182
2349,1,-0.1,-0,-0,1,1,1,5.28025,0,0.00639178,-0.00492792,-0.820796,-0.631641
2350,1,-0.1,-0,-0,1,1,1,5.28025,0,-0.00319589,-0.00494656,-0.71779,-0.710596
2351,1,-0.1,-0,-0,1,1,1,5.28025,0,0.00426119,-0.00497611,-0.803719,-0.936182
2352,1,-0.1,-0,-0,1,1,1,5.28025,0.015708,0.0138489,-0.00499136,-0.911197,-0.676758
2353,1,-0.1,-0,-0,1,1,1,5.28025,0,-0.0138489,-0.00498241,-0.605341,-0.823389
2354,1,-0.1,-0,-0,1,1,1,5.28025,0,0.00532648,-0.00499532,-0.817974,-0.868506
2355,1,-0.1,-0,-0,1,1,1,5.28025,0,0.00532648,-0.00503105,-0.82269,-0.80083
2356,1,-0.1,-0,-0,1,1,1,5.28025,-0.00349066,0.00426119,-0.00502308,-0.80992,-0.710596
2357,1,-0.1,-0,-0,1,1,1,5.28025,0.00349066,0.00852238,-0.00498822,-0.852191,-0.552686
2358,1,-0.1,-0,-0,1,1,1,5.28025,-0.0453786,-0.00319589,-0.00498335,-0.722647,-0.902344
2359,1,-0.1,-0,-0,1,1,1,5.28025,-0.0191986,0.00319589,-0.0050276,-0.798798,-0.981299
2360,1,-0.1,-0,-0,1,1,1,5.28025,0.0366519,0.0234365,-0.00505522,-1.02509,-0.733154
2361,1,-0.1,-0,-0,1,1,1,5.28025,0,-0.00745708,-0.00504174,-0.683481,-0.665479
2362,1,-0.1,-0,-0,1,1,1,5.28025,-0.0139626,-0.00213059,-0.00504464,-0.742456,-0.654199
2363,1,-0.1,-0,-0,1,1,1,5.28025,0.00349066,-0.00532648,-0.00502407,-0.704586,-0.665479
2364,1,-0.1,-0,-0,1,1,1,5.28025,0,0.00745708,-0.00503733,-0.846955,-0.699316
2365,1,-0.1,-0,-0,1,1,1,5.28025,0,-0.0202406,-0.00501625,-0.539498,-0.789551
2366,1,-0.1,-0,-0,1,1,1,5.28025,0,-0.0117183,-0.00501782,-0.633452,-0.789551
2367,1,-0.1,-0,-0,1,1,1,5.28025,0,-0.00213059,-0.00500992,-0.737873,-0.699316
2368,1,-0.1,-0,-0,1,1,1,5.28025,0,-0.0127836,-0.00498865,-0.617883,-0.665479
2369,1,-0.1,-0,-0,1,1,1,5.28025,0,-0.0010653,-0.00497205,-0.744592,-0.778271
2370,1,-0.1,-0,-0,1,1,1,5.28025,0.00698132,0.00958767,-0.00497809,-0.862572,-0.766992
2371,1,-0.1,-0,-0,1,1,1,5.28025,0,0.00319589,-0.00505122,-0.801915,-0.891064
2372,1,-0.1,-0,-0,1,1,1,5.28025,0,0.0127836,-0.0050984,-0.913608,-0.868506
2373,1,-0.1,-0,-0,1,1,1,5.28025,0,0.0170448,-0.00510478,-0.961324,-0.755713
2374,1,-0.1,-0,-0,1,1,1,5.28025,0,-0.00319589,-0.00511265,-0.739715,-0.744434
2375,1,-0.1,-0,-0,1,1,1,5.28025,0,-0.0159795,-0.00511736,-0.599718,-0.665479
2376,1,-0.1,-0,-0,1,1,1,5.28025,0,-0.0010653,-0.00512969,-0.7654,-0.665479
2377,1,-0.1,-0,-0,1,1,1,5.28025,0.0174533,0.0010653,-0.00511929,-0.787465,-0.665479
2378,1,-0.1,-0,-0,1,1,1,5.28025,0,0.0138489,-0.00509401,-0.924747,-0.778271
2379,1,-0.1,-0,-0,1,1,1,5.28025,-0.00872665,-0.0191753,-0.00511073,-0.563688,-0.710596
2380,1,-0.1,-0,-0,1,1,1,5.28025,0,0.0138489,-0.00512441,-0.92876,-0.789551
2381,1,-0.1,-0,-0,1,1,1,5.28025,-0.015708,0.00639178,-0.00515564,-0.850854,-0.924902
2382,1,-0.1,-0,-0,1,1,1,5.28025,0.00698132,-0.00426119,-0.00517114,-0.735718,-0.80083
2383,1,-0.1,-0,-0,1,1,1,5.28025,0,0.00745708,-0.00514695,-0.861425,-0.688037
2384,1,-0.1,-0,-0,1,1,1,5.28025,0,0.0138489,-0.00515252,-0.93247,-0.699316
2385,1,-0.1,-0,-0,1,1,1,5.28025,0,-0.0149142,-0.00513587,-0.613879,-0.766992
2386,1,-0.1,-0,-0,1,1,1,5.28025,0,0.0117183,-0.00517139,-0.911525,-0.733154
2387,1,-0.1,-0,-0,1,1,1,5.28025,0,-7.82767e-19,-0.00517703,-0.783369,-0.744434
2388,1,-0.1,-0,-0,1,1,1,5.28025,0,-0.0138489,-0.00516151,-0.628982,-0.609082
2389,1,-0.1,-0,-0,1,1,1,5.28025,0,0.00213059,-0.00517687,-0.806783,-0.812109
2390,1,-0.1,-0,-0,1,1,1,5.28025,0,-0.00319589,-0.00521327,-0.752997,-0.766992
2391,1,-0.1,-0,-0,1,1,1,5.28025,0,0.00426119,-0.00521748,-0.83558,-0.766992
2392,1,-0.1,-0,-0,1,1,1,5.28025,0,-0.00639178,-0.00523131,-0.720224,-0.845947
2393,1,-0.1,-0,-0,1,1,1,5.28025,0,1.76123e-18,-0.00525295,-0.793389,-0.721875
2394,1,-0.1,-0,-0,1,1,1,5.28025,0,-0.0191753,-0.00524033,-0.580795,-0.789551
2395,1,-0.1,-0,-0,1,1,1,5.28025,0,0.0245018,-0.00527574,-1.06592,-0.823389
2396,1,-0.1,-0,-0,1,1,1,5.28025,0,0.0298283,-0.00532632,-1.13119,-0.992578
2397,1,-0.1,-0,-0,1,1,1,5.28015,-0.0366519,-0.0127836,-0.00535088,-0.665697,-0.879785
2398,1,-0.1,-0,-0,1,1,1,5.28025,0,-0.0234365,-0.00534177,-0.547311,-0.665479
2399,1,-0.1,-0,-0,1,1,1,5.28025,0.0244346,-0.00213059,-0.00537954,-0.786663,-0.879785
2400,1,-0.1,-0,-0,1,1,1,5.28015,-0.00349066,6.52306e-19,-0.00542827,-0.816531,-0.924902
2401,1,-0.1,-0,-0,1,1,1,5.28015,0,0.00745708,-0.00543511,-0.899463,-0.845947
2402,1,-0.1,-0,-0,1,1,1,5.28015,0,-0.0127836,-0.00547034,-0.681466,-0.834668
2403,1,-0.1,-0,-0,1,1,1,5.28015,0.0401426,0.0127836,-0.00547472,-0.963282,-0.733154
2404,1,-0.1,-0,-0,1,1,1,5.28015,-0.020944,-0.0010653,-0.00545037,-0.807731,-0.857227
2405,1,-0.1,-0,-0,1,1,1,5.28015,-0.015708,0.0202406,-0.00546466,-1.04398,-0.789551
2406,1,-0.1,-0,-0,1,1,1,5.28015,-0.00872665,0.0170448,-0.00547463,-1.01014,-0.981299
2407,1,-0.1,-0,-0,1,1,1,5.28015,-0.0366519,0.0127836,-0.00554977,-0.973189,-0.891064
2408,1,-0.1,-0,-0,1,1,1,5.28015,0,0.0010653,-0.00552248,-0.840685,-0.857227
2409,1,-0.1,-0,-0,1,1,1,5.28015,0,0.00958767,-0.00554002,-0.936747,-0.845947
2410,1,-0.1,-0,-0,1,1,1,5.28015,0,-0.0127836,-0.00552807,-0.689086,-0.755713
2411,1,-0.1,-0,-0,1,1,1,5.28015,0.00872665,0.0149142,-0.0055396,-0.995282,-0.789551
2412,1,-0.1,-0,-0,1,1,1,5.28015,0,0.0191753,-0.0055733,-1.0466,-0.868506
2413,1,-0.1,-0,-0,1,1,1,5.28015,0,0.0234365,-0.00559867,-1.09683,-0.823389
2414,1,-0.1,-0,-0,1,1,1,5.28015,0,0.00213059,-0.00561348,-0.864417,-0.845947
2415,1,-0.1,-0,-0,1,1,1,5.28015,0,0.0010653,-0.00563417,-0.855428,-0.902344
2416,1,-0.1,-0,-0,1,1,1,5.28015,0,-0.00639178,-0.00563407,-0.773387,-0.868506
2417,1,-0.1,-0,-0,1,1,1,5.28015,0,-0.00319589,-0.00561222,-0.805659,-0.789551
2418,1,-0.1,-0,-0,1,1,1,5.28015,0,8.47998e-19,-0.00562862,-0.842978,-0.823389
2419,1,-0.1,-0,-0,1,1,1,5.28015,0,-0.00532648,-0.00564899,-0.787076,-0.947461
2420,1,-0.1,-0,-0,1,1,1,5.28015,0,-0.00319589,-0.00566034,-0.81201,-0.936182
2421,1,-0.1,-0,-0,1,1,1,5.28015,0,0.0170448,-0.00569942,-1.03982,-0.97002
2422,1,-0.1,-0,-0,1,1,1,5.28015,0,0.00319589,-0.00569313,-0.886648,-0.936182
2423,1,-0.1,-0,-0,1,1,1,5.28015,0,-0.00532648,-0.00572646,-0.797301,-0.913623
2424,1,-0.1,-0,-0,1,1,1,5.28015,0,0.00213059,-0.00570426,-0.876399,-0.744434
2425,1,-0.1,-0,-0,1,1,1,5.28015,0,0.00426119,-0.00572614,-0.902724,-0.992578
2426,1,-0.1,-0,-0,1,1,1,5.28015,0,-0.0213059,-0.00571212,-0.619635,-0.812109
2427,1,-0.1,-0,-0,1,1,1,5.28015,0.00872665,-0.0159795,-0.00569762,-0.676312,-0.823389
2428,1,-0.1,-0,-0,1,1,1,5.28015,0,-0.0010653,-0.00571201,-0.842266,-0.845947
2429,1,-0.1,-0,-0,1,1,1,5.28015,0,-0.00532648,-0.00573606,-0.798569,-0.97002
2430,1,-0.1,-0,-0,1,1,1,5.28015,0,-0.0170448,-0.00575647,-0.672361,-0.834668
2431,1,-0.1,-0,-0,1,1,1,5.28015,0,-0.0149142,-0.0057694,-0.697504,-0.981299
2432,1,-0.1,-0,-0,1,1,1,5.28015,0.00174533,-0.0117183,-0.00576282,-0.731791,-0.823389
2433,1,-0.1,-0,-0,1,1,1,5.28015,0.00349066,0.0127836,-0.00578112,-1.00373,-0.845947
2434,1,-0.1,-0,-0,1,1,1,5.28015,0,-0.0149142,-0.0058061,-0.70235,-1.06025
2435,1,-0.1,-0,-0,1,1,1,5.28015,0,-0.0213059,-0.0057901,-0.629928,-0.97002
2436,1,-0.1,-0,-0,1,1,1,5.28015,0.0331613,0.0117183,-0.00577772,-0.991559,-0.665479
2437,1,-0.1,-0,-0,1,1,1,5.28006,0,0.00319589,-0.00578582,-0.898883,-0.902344
2438,1,-0.1,-0,-0,1,1,1,5.28006,0,0.0170448,-0.00580736,-1.05406,-0.891064
2439,1,-0.1,-0,-0,1,1,1,5.28006,0,0.00639178,-0.0058121,-0.937507,-0.913623
2440,1,-0.1,-0,-0,1,1,1,5.28006,-0.00872665,0.00319589,-0.00582659,-0.904265,-0.981299
2441,1,-0.1,-0,-0,1,1,1,5.28006,0,0.0159795,-0.00584541,-1.04737,-0.947461
2442,1,-0.1,-0,-0,1,1,1,5.28006,0,0.0191753,-0.00584475,-1.08244,-0.913623
2443,1,-0.1,-0,-0,1,1,1,5.28006,-0.00523599,0.0010653,-0.00589235,-0.889509,-0.891064
2444,1,-0.1,-0,-0,1,1,1,5.28006,0,0.0138489,-0.00588727,-1.02946,-0.936182
2445,1,-0.1,-0,-0,1,1,1,5.28006,-0.00523599,0.00958767,-0.0058863,-0.982456,-0.891064
2446,1,-0.1,-0,-0,1,1,1,5.28006,0,0.0170448,-0.00586638,-1.06185,-0.845947
2447,1,-0.1,-0,-0,1,1,1,5.28006,-0.0174533,0.00639178,-0.00589531,-0.94849,-1.02642
2448,1,-0.1,-0,-0,1,1,1,5.28006,0,-0.00532648,-0.00588774,-0.81859,-0.879785
2449,1,-0.1,-0,-0,1,1,1,5.28006,0,-0.0159795,-0.00588031,-0.700427,-0.913623
2450,1,-0.1,-0,-0,1,1,1,5.28006,0.00872665,0.00213059,-0.00588396,-0.900119,-0.902344
2451,1,-0.1,-0,-0,1,1,1,5.28006,0,0.00213059,-0.00592684,-0.905779,-1.00386
2452,1,-0.1,-0,-0,1,1,1,5.28006,0,-0.010653,-0.00594096,-0.767025,-0.992578
2453,1,-0.1,-0,-0,1,1,1,5.28006,0,-0.00532648,-0.00592669,-0.823732,-1.02642
2454,1,-0.1,-0,-0,1,1,1,5.28006,0.0122173,3.26153e-19,-0.00594766,-0.88509,-1.01514
2455,1,-0.1,-0,-0,1,1,1,5.27996,0,0.00745708,-0.00595809,-0.968496,-0.95874
2456,1,-0.1,-0,-0,1,1,1,5.27996,0,0.01811,-0.00596087,-1.08605,-0.924902
2457,1,-0.1,-0,-0,1,1,1,5.27996,-0.00349066,0.00532648,-0.00598767,-0.948964,-0.97002
2458,1,-0.1,-0,-0,1,1,1,5.27996,0,0.00745708,-0.00601072,-0.975443,-0.913623
2459,1,-0.1,-0,-0,1,1,1,5.27996,0,-0.0127836,-0.00601405,-0.753235,-0.868506
2460,1,-0.1,-0,-0,1,1,1,5.27996,0,0.00213059,-0.00596806,-0.911221,-0.823389
2461,1,-0.1,-0,-0,1,1,1,5.27996,0,0.00745708,-0.00601976,-0.976637,-0.936182
2462,1,-0.1,-0,-0,1,1,1,5.27996,0,0.00319589,-0.00600587,-0.927929,-0.902344
2463,1,-0.1,-0,-0,1,1,1,5.27996,0,-0.00532648,-0.00601925,-0.83595,-0.936182
2464,1,-0.1,-0,-0,1,1,1,5.27996,0,-1.95692e-19,-0.00602634,-0.895476,-0.924902
2465,1,-0.1,-0,-0,1,1,1,5.27996,0,0.0127836,-0.00603491,-1.03723,-0.924902
2466,1,-0.1,-0,-0,1,1,1,5.27996,0,0.00958767,-0.00606082,-1.00549,-0.936182
2467,1,-0.1,-0,-0,1,1,1,5.27996,0,-0.010653,-0.00604189,-0.780347,-0.879785
2468,1,-0.1,-0,-0,1,1,1,5.27996,0,-0.0138489,-0.00602848,-0.743422,-0.913623
2469,1,-0.1,-0,-0,1,1,1,5.27996,0,0.00426119,-0.00601099,-0.940324,-0.857227
2470,1,-0.1,-0,-0,1,1,1,5.27996,0,0.00213059,-0.0060111,-0.916902,-0.947461
2471,1,-0.1,-0,-0,1,1,1,5.27996,0,0.0010653,-0.00601393,-0.905556,-0.857227
2472,1,-0.1,-0,-0,1,1,1,5.27996,0,-0.0138489,-0.00600295,-0.740052,-0.97002
2473,1,-0.1,-0,-0,1,1,1,5.27996,0,-0.00426119,-0.00603615,-0.849899,-0.936182
2474,1,-0.1,-0,-0,1,1,1,5.27996,0,-0.00213059,-0.00604564,-0.874587,-0.981299
2475,1,-0.1,-0,-0,1,1,1,5.27996,0,0.00639178,-0.00602158,-0.965158,-0.789551
2476,1,-0.1,-0,-0,1,1,1,5.27996,0,0.00852238,-0.00602401,-0.988916,-0.857227
2477,1,-0.1,-0,-0,1,1,1,5.27996,0,-0.00639178,-0.00602294,-0.824719,-0.868506
2478,1,-0.1,-0,-0,1,1,1,5.27996,-0.00349066,0.00319589,-0.00602476,-0.930423,-0.913623
2479,1,-0.1,-0,-0,1,1,1,5.27996,0,-0.00426119,-0.00603749,-0.850075,-0.947461
2480,1,-0.1,-0,-0,1,1,1,5.27996,0,0.00639178,-0.00601366,-0.964113,-0.721875
2481,1,-0.1,-0,-0,1,1,1,5.27996,-0.00872665,0.0117183,-0.00605592,-1.02828,-0.845947
2482,1,-0.1,-0,-0,1,1,1,5.27987,-0.00872665,0.00213059,-0.00606157,-0.923564,-0.845947
2483,1,-0.1,-0,-0,1,1,1,5.27987,0,0.0117183,-0.0060385,-1.02598,-0.812109
2484,1,-0.1,-0,-0,1,1,1,5.27987,0,0.00958767,-0.00604574,-1.0035,-0.947461
2485,1,-0.1,-0,-0,1,1,1,5.27987,-0.020944,-0.00426119,-0.00603168,-0.849308,-0.902344
2486,1,-0.1,-0,-0,1,1,1,5.27987,0,-0.00426119,-0.00601096,-0.846573,-0.992578
2487,1,-0.1,-0,-0,1,1,1,5.27987,0,0.0159795,-0.00605741,-1.07535,-0.766992
2488,1,-0.099999,0.000754598,0.374549,1,1,1,5.27977,-0.0279253,0.0191753,-0.00606458,-1.04908,-0.868506
2489,1,-0.0999887,0.00374666,0.817627,1,1,1,5.27987,-0.00523599,-0.0149142,-0.00604977,-0.572532,-0.755713
2490,1,-0.0999579,0.00888442,1.23294,1,1,1,5.27987,0.00523599,-5.21845e-19,-0.00603311,-0.612314,-0.755713
2491,1,-0.0998965,0.0160296,1.62103,1,1,1,5.27987,0,-0.00958767,-0.00596831,-0.355382,-0.721875
2492,1,-0.0997945,0.0250512,1.98262,1,1,1,5.27996,0.0383972,-7.17537e-19,-0.00588491,-0.287597,-0.451172
2493,1,-0.0996431,0.0358134,2.3181,1,1,1,5.28006,0.0174533,0.0149142,-0.00580491,-0.261138,-0.372217
2494,1,-0.0994337,0.0481906,2.62816,1,1,1,5.28006,0.015708,0.0149142,-0.00563437,-0.0424015,-0.214307
2495,1,-0.0991587,0.0620525,2.91327,1,1,1,5.28015,0,0.00958767,-0.00543737,0.253144,-0.0902344
2496,1,-0.0988109,0.0772818,3.17412,1,1,1,5.28035,0.0279253,0.0308936,-0.0052113,0.272955,-0.0676758
2497,1,-0.0983838,0.0937557,3.41124,1,1,1,5.28044,0.0453786,0.0415466,-0.004896,0.434255,0.0676758
2498,1,-0.0978714,0.111356,3.62519,1,1,1,5.28063,0.0366519,0.0372854,-0.00451209,0.780379,0.191748
2499,1,-0.0972685,0.12997,3.81656,1,1,1,5.28121,0.0907571,0.0490037,-0.00410427,0.964075,0.507568
2500,1,-0.0965703,0.149483,3.98591,1,1,1,5.2815,0.1309,0.0521996,-0.00372614,1.24544,0.834668
2501,1,-0.0957724,0.169792,4.13386,1,1,1,5.28207,0.127409,0.0830932,-0.00331846,1.23413,0.902344
2502,1,-0.0948712,0.190788,4.26096,1,1,1,5.28265,0.144862,0.122509,-0.00300156,1.12172,1.00386
2503,1,-0.0938636,0.212366,4.36776,1,1,1,5.28341,0.181514,0.147011,-0.0026563,1.18214,1.15049
2504,1,-0.0927466,0.234434,4.45489,1,1,1,5.28418,0.143117,0.174709,-0.0023865,1.1992,1.13921
2505,1,-0.0915185,0.256885,4.52288,1,1,1,5.28533,0.260054,0.222647,-0.00215593,0.990194,1.09409
2506,1,-0.0901774,0.279631,4.57233,1,1,1,5.28629,0.216421,0.221582,-0.00193679,1.31924,1.07153
2507,1,-0.0887219,0.302578,4.6038,1,1,1,5.28773,0.282743,0.272716,-0.00174045,1.07164,1.09409
2508,1,-0.0871515,0.325638,4.61788,1,1,1,5.28888,0.267035,0.283369,-0.00152783,1.27,1.16177
2509,1,-0.0854655,0.348728,4.61513,1,1,1,5.2908,0.326377,0.324916,-0.00136678,1.11959,1.37607
2510,1,-0.0836642,0.371764,4.59615,1,1,1,5.29195,0.287979,0.331307,-0.00118149,1.35633,1.252
2511,1,-0.0817481,0.394665,4.56149,1,1,1,5.29434,0.376991,0.355809,-0.000987038,1.39212,1.40991
2512,1,-0.0797179,0.417354,4.51175,1,1,1,5.29578,0.376991,0.387768,-0.000857075,1.33171,1.3084
2513,1,-0.0775751,0.439757,4.44749,1,1,1,5.29818,0.413643,0.423988,-0.000752696,1.21459,1.28584
2514,1,-0.0753211,0.461804,4.36929,1,1,1,5.29981,0.424115,0.438902,-0.000677562,1.3208,1.252
2515,1,-0.0729574,0.483431,4.27772,1,1,1,5.30259,0.462512,0.471927,-0.000583216,1.22397,1.11665
2516,1,-0.0704874,0.504562,4.17337,1,1,1,5.30431,0.511381,0.50069,-0.000473528,1.16859,1.31968
2517,1,-0.0679129,0.525142,4.05681,1,1,1,5.30738,0.45204,0.50282,-0.000360271,1.39807,1.47759
2518,1,-0.0652371,0.54511,3.92861,1,1,1,5.30959,0.542797,0.515604,-0.000257081,1.49982,1.38735
2519,1,-0.0624627,0.564411,3.78934,1,1,1,5.31246,0.602139,0.55715,-0.000179774,1.27205,1.08281
2520,1,-0.0595943,0.582985,3.63962,1,1,1,5.31486,0.598648,0.569934,-9.86161e-05,1.35029,1.44375
2521,1,-0.0566344,0.600789,3.47996,1,1,1,5.31812,0.535816,0.588044,-9.5759e-06,1.36038,1.27456
2522,1,-0.0535878,0.61777,3.31099,1,1,1,5.32052,0.654498,0.607219,7.4663e-05,1.34676,1.34224
2523,1,-0.0504579,0.633886,3.13323,1,1,1,5.32435,0.607375,0.618938,0.00014618,1.40138,1.40991
2524,1,-0.04725,0.64909,2.94731,1,1,1,5.32675,0.614356,0.647701,0.000182271,1.25122,1.40991
2525,1,-0.0439687,0.663346,2.7538,1,1,1,5.33068,0.685914,0.659419,0.000196235,1.27254,1.34224
2526,1,-0.0406189,0.676614,2.55329,1,1,1,5.33336,0.621337,0.687117,0.000200145,1.10328,1.33096
2527,1,-0.0372043,0.688867,2.34626,1,1,1,5.33729,0.66497,0.720141,0.000110279,0.848158,1.15049
2528,1,-0.0337314,0.700069,2.13338,1,1,1,5.34007,0.680678,0.727598,2.17012e-05,0.859898,0.891064
2529,1,-0.0302055,0.710192,1.91522,1,1,1,5.34439,0.727802,0.729728,-7.32542e-05,0.915119,1.11665
2530,1,-0.0266314,0.719213,1.69231,1,1,1,5.34727,0.699877,0.743577,-0.000168043,0.8275,1.02642
2531,1,-0.0230152,0.727108,1.46527,1,1,1,5.35139,0.668461,0.745708,-0.000263403,0.853738,0.778271
2532,1,-0.019362,0.73386,1.23464,1,1,1,5.35446,0.79587,0.741447,-0.000310212,0.94289,0.789551
2533,1,-0.0156787,0.73945,1.00106,1,1,1,5.35896,0.771436,0.749969,-0.000302885,0.884899,1.08281
2534,1,-0.0119702,0.743866,0.765042,1,1,1,5.36193,0.710349,0.771275,-0.000350186,0.663587,1.0377
2535,1,-0.00824194,0.747097,0.527143,1,1,1,5.36615,0.757473,0.748904,-0.000402042,0.906391,0.812109
2536,1,-0.0045012,0.749135,0.288021,1,1,1,5.36932,0.771436,0.749969,-0.000390425,0.88633,0.924902
2537,1,-0.000752762,0.749976,0.0481765,1,1,1,5.37363,0.757473,0.747838,-0.000447286,0.876737,0.721875
2538,1,0.00299685,0.749617,-0.191782,1,1,1,5.3767,0.764454,0.758491,-0.000491133,0.713513,0.710596
2539,1,0.00674154,0.748059,-0.431272,1,1,1,5.38101,0.760964,0.761687,-0.000536448,0.616953,0.676758
2540,1,0.0104754,0.745306,-0.669722,1,1,1,5.38418,0.773181,0.768079,-0.000621177,0.464679,0.597803
2541,1,0.0141925,0.741364,-0.906557,1,1,1,5.3884,0.726057,0.777667,-0.000710212,0.262128,0.597803
2542,1,0.0178869,0.736244,-1.1412,1,1,1,5.39146,0.722566,0.757426,-0.000756399,0.379869,0.462451
2543,1,0.0215535,0.729956,-1.37313,1,1,1,5.39559,0.678933,0.738251,-0.000793908,0.473203,0.462451
2544,1,0.0251848,0.722518,-1.60166,1,1,1,5.39846,0.773181,0.729728,-0.000845034,0.433632,0.451172
2545,1,0.0287769,0.713945,-1.82632,1,1,1,5.40278,0.671952,0.720141,-0.00082044,0.403862,0.620361
2546,1,0.0323225,0.704263,-2.04643,1,1,1,5.40556,0.696386,0.708422,-0.000829778,0.379332,0.439893
2547,1,0.035817,0.693492,-2.26148,1,1,1,5.40977,0.712094,0.695639,-0.000857474,0.351275,0.406055
2548,1,0.0392559,0.681656,-2.47094,1,1,1,5.41246,0.645772,0.696704,-0.000849674,0.163918,0.439893
2549,1,0.0426324,0.668791,-2.67415,1,1,1,5.41629,0.624828,0.673268,-0.000872414,0.229398,0.236865
2550,1,0.0459419,0.654927,-2.87055,1,1,1,5.41907,0.69115,0.667941,-0.000884,0.0877123,0.180469
2551,1,0.0491798,0.640098,-3.05958,1,1,1,5.42281,0.626573,0.659419,-0.000921856,-0.0328316,0.191748
2552,1,0.0523414,0.624344,-3.24067,1,1,1,5.4254,0.605629,0.639178,-0.00124591,-0.072546,0.15791
2553,1,0.0554215,0.607707,-3.41322,1,1,1,5.42905,0.570723,0.610415,-0.000931888,0.0561328,0.0225586
2554,1,0.0584169,0.590228,-3.57669,1,1,1,5.43135,0.588176,0.59337,-0.00091442,0.00764309,0.0225586
2555,1,0.0613228,0.571955,-3.73048,1,1,1,5.4348,0.595157,0.565673,-0.000906176,0.066714,0.112793
2556,1,0.0641352,0.55294,-3.87402,1,1,1,5.4371,0.528835,0.546497,-0.00116644,-0.0110546,0.124072
2557,1,0.0668512,0.533232,-4.00673,1,1,1,5.44017,0.535816,0.529453,-0.00118862,-0.0878441,0.15791
2558,1,0.0694662,0.512894,-4.12801,1,1,1,5.44208,0.469494,0.487906,-0.00116583,0.104719,0.112793
2559,1,0.0719789,0.491973,-4.23735,1,1,1,5.44506,0.469494,0.503885,-0.00113508,-0.339959,0.0902344
2560,1,0.0743855,0.470538,-4.33412,1,1,1,5.44688,0.438078,0.463404,-0.00110313,-0.167932,0.0338379
2561,1,0.0766838,0.448652,-4.41775,1,1,1,5.44947,0.438078,0.453816,-0.00110305,-0.343653,-0.124072
2562,1,0.0788712,0.426385,-4.48767,1,1,1,5.45119,0.411898,0.410139,-0.00100177,-0.132832,-0.0789551
2563,1,0.0809468,0.403802,-4.54331,1,1,1,5.45349,0.37001,0.367527,-0.000917341,0.0610632,-0.0563965
2564,1,0.0829088,0.380978,-4.58409,1,1,1,5.45474,0.296706,0.349417,-0.000801412,-0.0100492,-0.135352
2565,1,0.0847563,0.357986,-4.60943,1,1,1,5.45685,0.350811,0.334503,-0.000679985,-0.115247,-0.124072
2566,1,0.0864885,0.33491,-4.61876,1,1,1,5.458,0.268781,0.296153,-0.000520304,0.0441402,-0.135352
2567,1,0.0881054,0.311826,-4.61151,1,1,1,5.45982,0.294961,0.282304,-0.000347583,-0.0608307,-0.101514
2568,1,0.089607,0.288822,-4.58708,1,1,1,5.46097,0.258309,0.256737,-0.000172371,-0.0334495,-0.101514
2569,1,0.0909939,0.265984,-4.54492,1,1,1,5.46231,0.221657,0.219451,-1.94677e-05,0.124402,-0.15791
2570,1,0.0922673,0.243402,-4.48444,1,1,1,5.46327,0.225147,0.208798,0.000180362,0.00220296,-0.124072
2571,1,0.0934284,0.221173,-4.40508,1,1,1,5.46452,0.158825,0.17897,0.000343295,0.0928405,-0.0338379
2572,1,0.0944798,0.199384,-4.30623,1,1,1,5.46519,0.195477,0.158729,0.000493681,0.0844668,0.0112793
2573,1,0.0954233,0.178143,-4.18735,1,1,1,5.46615,0.143117,0.157664,0.000585213,-0.133408,-0.101514
2574,1,0.0962622,0.157546,-4.04784,1,1,1,5.46672,0.146608,0.139554,0.000703492,-0.149141,-0.124072
2575,1,0.0969999,0.137701,-3.88716,1,1,1,5.46749,0.10472,0.101203,0.000825937,0.0704447,-0.0676758
2576,1,0.0976407,0.118709,-3.70465,1,1,1,5.46787,0.0994838,0.0894849,0.000932793,0.00877387,-0.135352
2577,1,0.0981887,0.10069,-3.49985,1,1,1,5.46845,0.0820305,0.0905502,0.0010028,-0.183695,-0.101514
2578,1,0.0986494,0.0837501,-3.2721,1,1,1,5.46864,0.0331613,0.0468731,0.00112081,0.139357,-0.124072
2579,1,0.0990282,0.0680082,-3.02086,1,1,1,5.46893,0.0383972,0.0234365,0.00124829,0.259511,-0.15791
2580,1,0.0993316,0.053582,-2.74553,1,1,1,5.46903,0.0226893,0.0127836,0.00140094,0.262943,0.0451172
2581,1,0.0995664,0.0405942,-2.44557,1,1,1,5.46912,0,0.00958767,0.00157129,0.208452,0
2582,1,0.0997402,0.0291681,-2.12034,1,1,1,5.46912,0,-0.0234365,0.00178329,0.510756,0.0451172
2583,1,0.0998609,0.0194338,-1.76937,1,1,1,5.46912,0.0122173,-0.010653,0.00197337,0.331435,0.15791
2584,1,0.0999375,0.0115183,-1.39192,1,1,1,5.46912,0,-0.00958767,0.00216583,0.307578,0.451172
2585,1,0.0999794,0.005559,-0.987643,1,1,1,5.46912,-0.0174533,-0.00958767,0.00231539,0.316901,0.372217
2586,1,0.0999966,0.00168849,-0.555705,1,1,1,5.46912,0,-0.010653,0.00237705,0.354375,0.372217
2587,1,0.1,4.81085e-05,-0.0957228,1,1,1,5.46903,0,-0.0213059,0.00242879,0.527262,0.383496
2588,1,0.1,0,0,1,1,1,5.46903,-0.00174533,-0.0127836,0.00244371,0.452008,0.281982
2589,1,0.1,0,0,1,1,1,5.46903,0,0.00426119,0.00244111,0.267329,0.236865
2590,1,0.1,0,0,1,1,1,5.46903,0,-0.00319589,0.00239863,0.345814,0.203027
2591,1,0.1,0,0,1,1,1,5.46903,0.010472,0.00745708,0.00232538,0.220437,0.101514
2592,1,0.1,0,0,1,1,1,5.46903,0,0.00958767,0.00229122,0.194669,0.180469
2593,1,0.1,0,0,1,1,1,5.46903,0,-0.00426119,0.00228215,0.348226,0.180469
2594,1,0.1,0,0,1,1,1,5.46903,0,-0.010653,0.00231743,0.426408,0.214307
2595,1,0.1,0,0,1,1,1,5.46903,0,-0.00639178,0.0023347,0.385036,0.304541
2596,1,0.1,0,0,1,1,1,5.46903,0,-0.00745708,0.00232704,0.398442,0.349658
2597,1,0.1,0,0,1,1,1,5.46903,0,0.0191753,0.00232566,0.108465,0.349658
2598,1,0.1,0,0,1,1,1,5.46903,-0.0174533,0.0117183,0.0022683,0.184419,0.15791
2599,1,0.1,0,0,1,1,1,5.46903,0,-0.0010653,0.00224811,0.324564,0.349658
2600,1,0.1,0,0,1,1,1,5.46903,0,0.0170448,0.00218704,0.118885,0.135352
2601,1,0.1,0,0,1,1,1,5.46903,0,0.00532648,0.00216492,0.246903,0.180469
2602,1,0.1,0,0,1,1,1,5.46903,0,0.010653,0.00215142,0.188893,0.259424
2603,1,0.1,0,0,1,1,1,5.46903,0,0.00319589,0.00213365,0.270892,0.270703
2604,1,0.1,0,0,1,1,1,5.46903,0,0.0223712,0.00212548,0.061386,0.270703
2605,1,0.1,0,0,1,1,1,5.46903,-0.0174533,-1.17415e-18,0.00211898,0.309024,0.214307
2606,1,0.1,0,0,1,1,1,5.46912,0.0174533,0.00319589,0.00211749,0.276252,0.248145
2607,1,0.1,0,0,1,1,1,5.46903,0,0.0340895,0.00208527,-0.0657873,0.214307
2608,1,0.1,0,0,1,1,1,5.46903,0,-0.0223712,0.00212521,0.562785,0.270703
2609,1,0.1,0,0,1,1,1,5.46912,0.00523599,-1.36984e-18,0.00210022,0.316004,0.360938
2610,1,0.1,0,0,1,1,1,5.46903,0,0.01811,0.00207936,0.116535,0.214307
2611,1,0.1,0,0,1,1,1,5.46903,-0.0174533,0.0255671,0.00210355,0.0404934,0.31582
2612,1,0.1,0,0,1,1,1,5.46912,0,0.00532648,0.00208568,0.262567,0.225586
2613,1,0.1,0,0,1,1,1,5.46903,0,0.0010653,0.00205115,0.306764,0.169189
2614,1,0.1,0,0,1,1,1,5.46912,0.00872665,-0.00852238,0.00204644,0.414094,0.338379
2615,1,0.1,0,0,1,1,1,5.46912,0,0.0117183,0.00198417,0.184902,0.281982
2616,1,0.1,0,0,1,1,1,5.46903,-0.00174533,-0.00852238,0.00203061,0.416669,0.236865
2617,1,0.1,0,0,1,1,1,5.46912,0,-0.00958767,0.00201095,0.42781,0.417334
2618,1,0.1,0,0,1,1,1,5.46912,0,-0.00639178,0.00199574,0.392741,0.191748
2619,1,0.1,0,0,1,1,1,5.46912,0,0.0234365,0.00199198,0.0667638,0.236865
2620,1,0.1,0,0,1,1,1,5.46903,0,0.010653,0.00197089,0.205997,0.225586
2621,1,0.1,0,0,1,1,1,5.46903,0,0.00319589,0.00195919,0.288581,0.281982
2622,1,0.1,0,0,1,1,1,5.46903,0,0.0170448,0.00196677,0.140233,0.3271
2623,1,0.1,0,0,1,1,1,5.46903,-0.0279253,0.00319589,0.00191552,0.286923,0.180469
2624,1,0.1,0,0,1,1,1,5.46903,0,0.0010653,0.0018852,0.308273,0.214307
2625,1,0.1,0,0,1,1,1,5.46903,0,0.00958767,0.00188636,0.217012,0.191748
2626,1,0.1,0,0,1,1,1,5.46903,0,0.00213059,0.0018964,0.302678,0.225586
2627,1,0.1,0,0,1,1,1,5.46903,0,0.00426119,0.00185334,0.27509,0.169189
2628,1,0.1,0,0,1,1,1,5.46903,0.00872665,0.00532648,0.00177365,0.253521,0.0676758
2629,1,0.1,0,0,1,1,1,5.46903,0,0.0149142,0.00174576,0.145892,0.270703
2630,1,0.1,0,0,1,1,1,5.46903,0.00872665,0.0266324,0.0017231,0.0158868,0.225586
2631,1,0.1,0,0,1,1,1,5.46903,-0.00174533,-0.00319589,0.00170361,0.34253,0.338379
2632,1,0.1,0,0,1,1,1,5.46903,0,-0.0213059,0.00175018,0.550727,0.360938
2633,1,0.1,0,0,1,1,1,5.46912,0,-0.0138489,0.00174881,0.470775,0.270703
2634,1,0.1,0,0,1,1,1,5.46903,0.00872665,0.0010653,0.00175793,0.310301,0.259424
2635,1,0.1,0,0,1,1,1,5.46912,-0.00349066,0.0159795,0.00171262,0.141653,0.259424
2636,1,0.1,0,0,1,1,1,5.46903,0,0.00426119,0.00170484,0.271224,0.270703
2637,1,0.1,0,0,1,1,1,5.46912,0,0.0191753,0.00169096,0.107539,0.417334
2638,1,0.1,0,0,1,1,1,5.46912,-0.00872665,-0.00532648,0.00169662,0.37954,0.349658
2639,1,0.1,0,0,1,1,1,5.46912,0,0.00639178,0.0016673,0.248543,0.406055
2640,1,0.1,0,0,1,1,1,5.46903,-0.0174533,0.0245018,0.00167637,0.0517609,0.31582
2641,1,0.1,0,0,1,1,1,5.46903,-0.0122173,0.00426119,0.00167188,0.273816,0.225586
2642,1,0.1,0,0,1,1,1,5.46912,0,0.00745708,0.0016086,0.230307,0.3271
2643,1,0.1,0,0,1,1,1,5.46903,0.0174533,-0.00639178,0.00164492,0.387439,0.462451
2644,1,0.1,0,0,1,1,1,5.46912,0,0.0213059,0.00164744,0.083097,0.236865
2645,1,0.1,0,0,1,1,1,5.46903,-0.0418879,-7.17537e-19,0.00162586,0.314613,0.259424
2646,1,0.1,0,0,1,1,1,5.46912,0.0226893,-5.87076e-19,0.00159601,0.310673,0.372217
2647,1,0.1,0,0,1,1,1,5.46903,0.020944,-0.0010653,0.00158152,0.320479,0.225586
2648,1,0.1,0,0,1,1,1,5.46903,0,0.00639178,0.00154337,0.233416,0.270703
2649,1,0.1,0,0,1,1,1,5.46903,0,-0.00745708,0.001548,0.386364,0.225586
2650,1,0.1,0,0,1,1,1,5.46903,0,-0.0138489,0.00155027,0.456974,0.214307
2651,1,0.1,0,0,1,1,1,5.46912,0.0139626,0.00745708,0.00152648,0.219468,0.293262
2652,1,0.1,0,0,1,1,1,5.46903,0,-0.0149142,0.00154726,0.468295,0.259424
2653,1,0.1,0,0,1,1,1,5.46912,0.00872665,-0.0202406,0.00155784,0.528219,0.406055
2654,1,0.1,0,0,1,1,1,5.46903,-0.010472,0.00426119,0.00152386,0.254277,0.270703
2655,1,0.1,0,0,1,1,1,5.46903,0,-0.0117183,0.00152834,0.430642,0.225586
2656,1,0.1,0,0,1,1,1,5.46903,0,0.0117183,0.00155185,0.175943,0.31582
2657,1,0.1,0,0,1,1,1,5.46903,0,0.00852238,0.00151712,0.206514,0.3271
2658,1,0.1,0,0,1,1,1,5.46903,0,0.00852238,0.00150904,0.205447,0.360938
2659,1,0.1,0,0,1,1,1,5.46903,0,3.26153e-19,0.00150266,0.298352,0.270703
2660,1,0.1,0,0,1,1,1,5.46903,0,0.0213059,0.00146389,0.0588191,0.112793
2661,1,0.1,0,0,1,1,1,5.46903,-0.0174533,-1.36984e-18,0.00145144,0.29159,0.281982
2662,1,0.1,0,0,1,1,1,5.46903,0,-0.0117183,0.001443,0.419376,0.203027
2663,1,0.1,0,0,1,1,1,5.46903,0.00872665,0.0127836,0.00142225,0.147118,0.281982
2664,1,0.1,0,0,1,1,1,5.46903,-0.00872665,0.0191753,0.00139328,0.0729835,0.124072
2665,1,0.1,0,0,1,1,1,5.46903,-0.0174533,0.00852238,0.00138918,0.189626,0.338379
2666,1,0.1,0,0,1,1,1,5.46903,0,-0.00852238,0.00133711,0.370244,0.180469
2667,1,0.1,0,0,1,1,1,5.46903,0,0.010653,0.00132384,0.157565,0.169189
2668,1,0.1,0,0,1,1,1,5.46903,0,-0.010653,0.00130736,0.389662,0.248145
2669,1,0.1,0,0,1,1,1,5.46903,0,0.0010653,0.00129801,0.259619,0.180469
2670,1,0.1,0,0,1,1,1,5.46903,0,0.0149142,0.00133496,0.112158,0.270703
2671,1,0.1,0,0,1,1,1,5.46903,-0.00872665,0.0191753,0.00131215,0.0622753,0.248145
2672,1,0.1,0,0,1,1,1,5.46903,0,0.0191753,0.00130217,0.0609578,0.270703
2673,1,0.1,0,0,1,1,1,5.46903,-0.00872665,0.00852238,0.00125935,0.172488,0.281982
2674,1,0.1,0,0,1,1,1,5.46903,0,0.0127836,0.00123949,0.122994,0.248145
2675,1,0.1,0,0,1,1,1,5.46903,0,-0.0138489,0.00121848,0.413177,0.146631
2676,1,0.1,0,0,1,1,1,5.46903,0,-0.0170448,0.00123802,0.45091,0.191748
2677,1,0.1,0,0,1,1,1,5.46903,0.0122173,0.028763,0.00120505,-0.0574144,0.31582
2678,1,0.1,0,0,1,1,1,5.46903,-0.00698132,0.00958767,0.00120127,0.153103,0.360938
2679,1,0.1,0,0,1,1,1,5.46903,-0.0122173,-0.0191753,0.00116882,0.465213,0.169189
2680,1,0.1,0,0,1,1,1,5.46903,0,-0.00852238,0.00116839,0.347974,0.360938
2681,1,0.1,0,0,1,1,1,5.46903,0.00349066,0.00426119,0.0011651,0.20692,0.304541
2682,1,0.1,0,0,1,1,1,5.46903,0,-0.00958767,0.001154,0.357792,0.203027
2683,1,0.1,0,0,1,1,1,5.46903,0,-0.0010653,0.00116736,0.265809,0.31582
2684,1,0.1,0,0,1,1,1,5.46903,0,-0.00532648,0.00119338,0.316118,0.225586
2685,1,0.1,0,0,1,1,1,5.46903,0,0.00532648,0.00118193,0.197424,0.169189
2686,1,0.1,0,0,1,1,1,5.46903,0,-0.00639178,0.00115755,0.322774,0.270703
2687,1,0.1,0,0,1,1,1,5.46903,0.00872665,0.0191753,0.00116501,0.042852,0.236865
2688,1,0.1,0,0,1,1,1,5.46903,0,-0.0159795,0.00112434,0.424019,0.169189
2689,1,0.1,0,0,1,1,1,5.46903,0,-0.00532648,0.00111187,0.305358,0.15791
2690,1,0.1,0,0,1,1,1,5.46903,0,-0.00213059,0.00112286,0.271654,0.31582
2691,1,0.1,0,0,1,1,1,5.46903,0,-0.00319589,0.00112181,0.283234,0.15791
2692,1,0.1,0,0,1,1,1,5.46903,0,-0.0117183,0.00113421,0.378617,0.360938
2693,1,0.1,0,0,1,1,1,5.46903,0,0.01811,0.00110722,0.0469428,0.3271
2694,1,0.1,0,0,1,1,1,5.46903,0,-0.0010653,0.00107247,0.253121,0.259424
2695,1,0.1,0,0,1,1,1,5.46903,0,0.0170448,0.00105923,0.0521164,0.360938
2696,1,0.1,0,0,1,1,1,5.46903,-0.0174533,-0.00958767,0.00106959,0.34665,0.236865
2697,1,0.1,0,0,1,1,1,5.46903,0,0.010653,0.00103174,0.119007,0.135352
2698,1,0.1,0,0,1,1,1,5.46903,0,0.0159795,0.0010243,0.0594336,0.259424
2699,1,0.1,0,0,1,1,1,5.46903,-0.00523599,0.0298283,0.00103,-0.0922811,0.270703
2700,1,0.1,0,0,1,1,1,5.46903,-0.0174533,7.17537e-19,0.00100283,0.23216,0.169189
2701,1,0.1,0,0,1,1,1,5.46903,0,-0.00319589,0.000992315,0.26614,0.101514
2702,1,0.1,0,0,1,1,1,5.46903,0.00872665,0.0245018,0.000965553,-0.0420671,0.169189
2703,1,0.1,0,0,1,1,1,5.46903,0,0.0010653,0.00094654,0.213225,0.135352
2704,1,0.1,0,0,1,1,1,5.46903,0,1.23938e-18,0.000935264,0.223455,0.180469
2705,1,0.1,0,0,1,1,1,5.46903,0,0.00852238,0.000940575,0.130213,0.3271
2706,1,0.1,0,0,1,1,1,5.46903,-0.010472,0.0223712,0.000926621,-0.0237696,0.259424
2707,1,0.1,0,0,1,1,1,5.46903,0,0.00213059,0.000937844,0.20032,0.15791
2708,1,0.1,0,0,1,1,1,5.46903,0,-0.0159795,0.000902465,0.394725,0.236865
2709,1,0.1,0,0,1,1,1,5.46903,0.0244346,0.00319589,0.000913645,0.185369,0.349658
2710,1,0.1,0,0,1,1,1,5.46903,-0.015708,0.00958767,0.000927168,0.116922,0.236865
2711,1,0.1,0,0,1,1,1,5.46903,0,0.010653,0.00090912,0.102821,0.248145
2712,1,0.1,0,0,1,1,1,5.46903,0,-0.0159795,0.000931966,0.398793,0.146631
2713,1,0.1,0,0,1,1,1,5.46903,0.00174533,0.00213059,0.000924886,0.198648,0.248145
2714,1,0.1,0,0,1,1,1,5.46903,0,-0.00319589,0.000935146,0.258594,0.191748
2715,1,0.1,0,0,1,1,1,5.46903,0,0.00426119,0.000937145,0.17683,0.15791
2716,1,0.1,0,0,1,1,1,5.46903,0,-0.00426119,0.000942594,0.271296,0.214307
2717,1,0.1,0,0,1,1,1,5.46903,0,-0.00532648,0.00100096,0.290718,0.372217
2718,1,0.1,0,0,1,1,1,5.46903,-0.00523599,0.00213059,0.000970461,0.204664,0.135352
2719,1,0.1,0,0,1,1,1,5.46903,0,0.0191753,0.000928408,0.0115285,0.15791
2720,1,0.1,0,0,1,1,1,5.46903,0,0.00745708,0.000925712,0.140166,0.169189
2721,1,0.1,0,0,1,1,1,5.46903,0,0.00426119,0.000892835,0.170905,0.248145
2722,1,0.1,0,0,1,1,1,5.46903,0,0.00639178,0.00090273,0.148851,0.248145
2723,1,0.1,0,0,1,1,1,5.46903,0,-0.0149142,0.000920905,0.385615,0.304541
2724,1,0.1,0,0,1,1,1,5.46903,-0.00872665,0.010653,0.000894424,0.100881,0.146631
2725,1,0.1,0,0,1,1,1,5.46903,0,0.00213059,0.000881851,0.192968,0.169189
2726,1,0.1,0,0,1,1,1,5.46903,0,-0.00213059,0.000852676,0.23599,0.112793
2727,1,0.1,0,0,1,1,1,5.46903,0,0.00639178,0.000846548,0.141435,0.0789551
2728,1,0.1,0,0,1,1,1,5.46903,0,0.010653,0.00082521,0.0917121,0.15791
2729,1,0.1,0,0,1,1,1,5.46903,0,0.00745708,0.000842851,0.129229,0.124072
2730,1,0.1,0,0,1,1,1,5.46903,0,1.43507e-18,0.000838895,0.210734,0.248145
2731,1,0.1,0,0,1,1,1,5.46903,0,0.0149142,0.000793044,0.040438,0.135352
2732,1,0.1,0,0,1,1,1,5.46903,0,-0.0010653,0.000765217,0.212657,0.191748
2733,1,0.1,0,0,1,1,1,5.46903,0,0.00958767,0.000755038,0.0942007,0.101514
2734,1,0.1,0,0,1,1,1,5.46903,0,0.00639178,0.000732077,0.126325,0.101514
2735,1,0.1,0,0,1,1,1,5.46903,0,0.0138489,0.000692681,0.0389889,0.112793
2736,1,0.1,0,0,1,1,1,5.46903,0,0.0149142,0.00070559,0.0290821,0.169189
2737,1,0.1,0,0,1,1,1,5.46903,0,1.04369e-18,0.000696577,0.191948,0.112793
2738,1,0.1,0,0,1,1,1,5.46903,0,0.0191753,0.000679711,-0.021207,0.112793
2739,1,0.1,0,0,1,1,1,5.46903,0,-0.00639178,0.000664294,0.257996,0.124072
2740,1,0.1,0,0,1,1,1,5.46903,0,-0.00639178,0.000676166,0.259564,0.15791
2741,1,0.1,0,0,1,1,1,5.46903,0,0.0213059,0.000701674,-0.0417443,0.236865
2742,1,0.1,0,0,1,1,1,5.46903,0,0.0117183,0.000654961,0.0569513,0.0563965
2743,1,0.1,0,0,1,1,1,5.46903,0,-0.00852238,0.000617848,0.274544,0.101514
2744,1,0.1,0,0,1,1,1,5.46903,0,-0.00213059,0.000628497,0.206398,0.146631
2745,1,0.1,0,0,1,1,1,5.46903,0,0.0202406,0.000578564,-0.0466585,0.0789551
2746,1,0.1,0,0,1,1,1,5.46903,0,0.00852238,0.000545736,0.0777949,0.0789551
2747,1,0.1,0,0,1,1,1,5.46903,0,0.0159795,0.000537023,-0.00498923,0.0563965
2748,1,0.1,0,0,1,1,1,5.46903,0,0.00639178,0.000534485,0.100242,0.0676758
2749,1,0.1,0,0,1,1,1,5.46903,0,0.0159795,0.00050144,-0.00960912,0.135352
2750,1,0.1,0,0,1,1,1,5.46903,0,-0.01811,0.00050489,0.365501,0.3271
2751,1,0.1,0,0,1,1,1,5.46903,0.00872665,0.00319589,0.000509109,0.132048,0.203027
2752,1,0.1,0,0,1,1,1,5.46903,0,0.00639178,0.000501305,0.0958627,0.281982
2753,1,0.1,0,0,1,1,1,5.46903,0,0.0170448,0.000485996,-0.0234964,0.203027
2754,1,0.1,0,0,1,1,1,5.46903,0,-1.696e-18,0.000505165,0.166682,0.124072
2755,1,0.1,0,0,1,1,1,5.46903,0,0.00639178,0.000478146,0.092733,0.0563965
2756,1,0.1,0,0,1,1,1,5.46903,0,0.00319589,0.000469907,0.126873,0.112793
2757,1,0.1,0,0,1,1,1,5.46903,0,0.00639178,0.000425326,0.0854307,0.0902344
2758,1,0.1,0,0,1,1,1,5.46903,0,0.0138489,0.000404688,0.000929839,0.0902344
2759,1,0.1,0,0,1,1,1,5.46903,0,0.0138489,0.00038473,-0.00181542,0.135352
2760,1,0.1,0,0,1,1,1,5.46903,-0.00872665,-0.00532648,0.000348144,0.203876,0.0676758
2761,1,0.1,0,0,1,1,1,5.46903,0,-0.00426119,0.000344542,0.191915,0.101514
2762,1,0.1,0,0,1,1,1,5.46903,0,-0.00213059,0.000295343,0.161666,0.0676758
2763,1,0.1,0,0,1,1,1,5.46903,0,-0.00213059,0.000305455,0.163722,0.0902344
2764,1,0.1,0,0,1,1,1,5.46903,0,0.0213059,0.000258571,-0.100755,0.101514
2765,1,0.1,0,0,1,1,1,5.46903,0,0.0010653,0.000253926,0.121176,0.0225586
2766,1,0.1,0,0,1,1,1,5.46903,0,-0.0159795,0.000257257,0.309334,0.146631
2767,1,0.1,0,0,1,1,1,5.46903,0,0.0276977,0.000232032,-0.174515,0.101514
2768,1,0.1,0,0,1,1,1,5.46903,0,-0.00319589,0.000225114,0.163676,0.203027
2769,1,0.1,0,0,1,1,1,5.46903,0,-0.00532648,0.000179474,0.180471,0.214307
2770,1,0.1,0,0,1,1,1,5.46903,0,0.00639178,0.00016419,0.0496958,0.0789551
2771,1,0.1,0,0,1,1,1,5.46903,0,0.00958767,0.000140387,0.0110054,0.0676758
2772,1,0.1,0,0,1,1,1,5.46903,0,-0.0127836,0.000123294,0.254609,0.0563965
2773,1,0.1,0,0,1,1,1,5.46903,0,0.00213059,0.00012567,0.0913007,0.0225586
2774,1,0.1,0,0,1,1,1,5.46893,0,-0.00958767,0.000167469,0.226455,0.0789551
2775,1,0.1,0,0,1,1,1,5.46903,0,0.0276977,0.000166764,-0.183009,0.15791
2776,1,0.1,0,0,1,1,1,5.46903,0,0.0149142,0.000125289,-0.048909,0.15791
2777,1,0.1,0,0,1,1,1,5.46893,0,0.0010653,0.000112072,0.101451,0.0902344
2778,1,0.1,0,0,1,1,1,5.46893,0,-0.0213059,0.000125882,0.349542,0.169189
2779,1,0.1,0,0,1,1,1,5.46893,0,-0.00532648,0.000113188,0.17221,0.0563965
2780,1,0.1,0,0,1,1,1,5.46893,0,0.0117183,8.05695e-05,-0.0200093,0.135352
2781,1,0.1,0,0,1,1,1,5.46893,0,0.00852238,6.61036e-05,0.0130044,0.101514
2782,1,0.1,0,0,1,1,1,5.46893,0,-0.00319589,4.95139e-05,0.139703,0.0451172
2783,1,0.1,0,0,1,1,1,5.46893,0,0.00426119,7.15535e-05,0.0608732,0.214307
2784,1,0.1,0,0,1,1,1,5.46893,0,0.00319589,4.9404e-05,0.069406,0.191748
2785,1,0.1,0,0,1,1,1,5.46893,0,0.00426119,7.86288e-05,0.0621349,0.0789551
2786,1,0.1,0,0,1,1,1,5.46893,0,0.0170448,8.39856e-05,-0.0771416,0.203027
2787,1,0.1,0,0,1,1,1,5.46893,-0.00872665,0.00639178,7.49711e-05,0.0386574,0.180469
2788,1,0.099999,-0.00075436,-0.374491,1,1,1,5.46893,0,0.00745708,4.37464e-05,-0.0400031,0.135352
2789,1,0.0999887,-0.0037468,-0.817642,1,1,1,5.46893,0,-0.0010653,2.62233e-05,-0.048507,0.0338379
2790,1,0.099958,-0.00888399,-1.23292,1,1,1,5.46893,0,0.00639178,5.88644e-06,-0.255451,0.0225586
2791,1,0.0998965,-0.016031,-1.62109,1,1,1,5.46893,-0.00174533,0.0117183,-6.81468e-05,-0.467818,0
2792,1,0.0997945,-0.0250506,-1.9826,1,1,1,5.46893,0,0.010653,-0.000157215,-0.631886,-0.101514
2793,1,0.099643,-0.035814,-2.31812,1,1,1,5.46883,-0.015708,-0.00958767,-0.000289414,-0.60993,-0.203027
2794,1,0.0994337,-0.0481882,-2.6281,1,1,1,5.46883,-0.0174533,-0.0170448,-0.000473046,-0.752232,-0.349658
2795,1,0.0991587,-0.0620519,-2.91325,1,1,1,5.46855,-0.0610865,-0.00958767,-0.000726014,-1.08417,-0.879785
2796,1,0.0988109,-0.0772819,-3.17412,1,1,1,5.46826,-0.0383972,-0.0117183,-0.000982611,-1.32531,-1.0377
2797,1,0.0983838,-0.0937529,-3.4112,1,1,1,5.46797,-0.0802851,-0.0596566,-0.0011925,-1.06765,-1.12793
2798,1,0.0978715,-0.111355,-3.62517,1,1,1,5.46778,-0.0558505,-0.0852238,-0.00137477,-1.06237,-1.13921
2799,1,0.0972685,-0.129969,-3.81656,1,1,1,5.4672,-0.0890118,-0.0926808,-0.00155798,-1.26586,-1.15049
2800,1,0.0965702,-0.149486,-3.98594,1,1,1,5.46663,-0.153589,-0.0980073,-0.00177534,-1.50611,-1.34224
2801,1,0.0957724,-0.169793,-4.13387,1,1,1,5.46577,-0.144862,-0.117183,-0.00192559,-1.59074,-1.19561
2802,1,0.0948708,-0.190798,-4.26101,1,1,1,5.46529,-0.165806,-0.140619,-0.00208864,-1.63664,-1.35352
2803,1,0.0938635,-0.212369,-4.36778,1,1,1,5.46404,-0.178024,-0.183231,-0.00223647,-1.47343,-1.29712
2804,1,0.0927468,-0.234432,-4.45488,1,1,1,5.46327,-0.228638,-0.227974,-0.00232319,-1.28133,-1.28584
2805,1,0.0915185,-0.256887,-4.52289,1,1,1,5.46193,-0.232129,-0.247149,-0.00227905,-1.35497,-1.43247
2806,1,0.0901774,-0.27963,-4.57232,1,1,1,5.46088,-0.267035,-0.247149,-0.00238641,-1.66032,-1.42119
2807,1,0.0887219,-0.302578,-4.6038,1,1,1,5.45905,-0.331613,-0.284434,-0.0024855,-1.55497,-1.50015
2808,1,0.0871502,-0.325656,-4.61788,1,1,1,5.45771,-0.340339,-0.334503,-0.00254049,-1.30164,-1.64678
2809,1,0.0854654,-0.34873,-4.61513,1,1,1,5.45589,-0.287979,-0.362201,-0.00252699,-1.28149,-1.44375
2810,1,0.0836643,-0.371763,-4.59615,1,1,1,5.45445,-0.357792,-0.385637,-0.00244156,-1.2944,-1.12793
2811,1,0.0817481,-0.394664,-4.5615,1,1,1,5.45215,-0.408407,-0.39629,-0.0023918,-1.44912,-1.33096
2812,1,0.0797182,-0.417351,-4.51176,1,1,1,5.45043,-0.443314,-0.416531,-0.00236435,-1.49708,-1.50015
2813,1,0.0775751,-0.439757,-4.44749,1,1,1,5.44765,-0.429351,-0.447425,-0.00232585,-1.42078,-1.42119
2814,1,0.0753209,-0.461805,-4.36929,1,1,1,5.44602,-0.406662,-0.50069,-0.00219836,-1.07867,-1.28584
2815,1,0.0729579,-0.483426,-4.27774,1,1,1,5.44314,-0.506145,-0.488971,-0.0020912,-1.44629,-1.29712
2816,1,0.0704875,-0.504561,-4.17338,1,1,1,5.44093,-0.544543,-0.519865,-0.00198361,-1.33785,-1.42119
2817,1,0.0679131,-0.525141,-4.05682,1,1,1,5.43796,-0.47822,-0.559281,-0.00187171,-1.12608,-1.20688
2818,1,0.0652369,-0.545112,-3.9286,1,1,1,5.43566,-0.607375,-0.561411,-0.00171583,-1.3083,-1.19561
2819,1,0.0624631,-0.564409,-3.78936,1,1,1,5.43211,-0.621337,-0.590175,-0.00170704,-1.20976,-1.24072
2820,1,0.0595942,-0.582986,-3.63962,1,1,1,5.42991,-0.525344,-0.574195,-0.00162877,-1.58207,-1.24072
2821,1,0.0566343,-0.60079,-3.47996,1,1,1,5.42598,-0.724312,-0.618938,-0.00153913,-1.27466,-1.31968
2822,1,0.0535877,-0.61777,-3.31098,1,1,1,5.42377,-0.521853,-0.621068,-0.00150516,-1.43211,-1.46631
2823,1,0.0504581,-0.633885,-3.13324,1,1,1,5.41975,-0.692896,-0.639178,-0.00143717,-1.39688,-1.45503
2824,1,0.0472504,-0.649089,-2.94734,1,1,1,5.41735,-0.591667,-0.651962,-0.00138505,-1.41026,-1.252
2825,1,0.043969,-0.663345,-2.75382,1,1,1,5.41332,-0.706858,-0.680725,-0.00132193,-1.23384,-1.28584
2826,1,0.0406188,-0.676615,-2.55328,1,1,1,5.41054,-0.698132,-0.683921,-0.0012427,-1.32241,-1.28584
2827,1,0.0372041,-0.688868,-2.34625,1,1,1,5.40661,-0.706858,-0.710553,-0.00113648,-1.13596,-1.13921
2828,1,0.0337313,-0.700069,-2.13337,1,1,1,5.40354,-0.781908,-0.739316,-0.0010673,-0.917907,-1.16177
2829,1,0.0302054,-0.710192,-1.91521,1,1,1,5.39961,-0.575959,-0.725467,-0.000927923,-1.1429,-1.08281
2830,1,0.0266319,-0.719212,-1.69234,1,1,1,5.39654,-0.855211,-0.722271,-0.000881574,-1.25058,-1.11665
2831,1,0.023015,-0.727109,-1.46526,1,1,1,5.39223,-0.612611,-0.747838,-0.000821994,-1.02578,-1.08281
2832,1,0.0193624,-0.733859,-1.23466,1,1,1,5.38926,-0.785398,-0.749969,-0.000762537,-1.04396,-1.10537
2833,1,0.0156786,-0.73945,-1.00105,1,1,1,5.38504,-0.631809,-0.749969,-0.000655879,-1.06371,-0.981299
2834,1,0.01197,-0.743866,-0.765027,1,1,1,5.38207,-0.827286,-0.747838,-0.000624571,-1.10345,-1.0377
2835,1,0.00824191,-0.747097,-0.527141,1,1,1,5.37737,-0.673697,-0.743577,-0.000619762,-1.15569,-1.13921
2836,1,0.004501,-0.749135,-0.288008,1,1,1,5.3743,-0.785398,-0.763818,-0.000584389,-0.919286,-1.01514
2837,1,0.000752586,-0.749976,-0.0481653,1,1,1,5.36989,-0.706858,-0.768079,-0.000513563,-0.838269,-0.947461
2838,1,-0.00299678,-0.749617,0.191778,1,1,1,5.36682,-0.811578,-0.75423,-0.000460834,-0.944209,-0.947461
2839,1,-0.00674137,-0.748059,0.431261,1,1,1,5.36251,-0.699877,-0.762753,-0.000400354,-0.788427,-0.857227
2840,1,-0.0104757,-0.745305,0.669743,1,1,1,5.35944,-0.792379,-0.753165,-0.000329499,-0.815056,-0.80083
2841,1,-0.014193,-0.741364,0.906591,1,1,1,5.35503,-0.753982,-0.73399,-0.000286151,-0.937013,-0.699316
2842,1,-0.017887,-0.736244,1.14121,1,1,1,5.35177,-0.790634,-0.744643,-0.000184917,-0.708453,-0.699316
2843,1,-0.0215534,-0.729956,1.37313,1,1,1,5.34784,-0.710349,-0.748904,-6.94401e-05,-0.534025,-0.507568
2844,1,-0.0251845,-0.722519,1.60164,1,1,1,5.34477,-0.760964,-0.713749,-1.05224e-05,-0.787011,-0.575244
2845,1,-0.0287768,-0.713946,1.82631,1,1,1,5.34036,-0.698132,-0.73612,5.70522e-05,-0.393283,-0.575244
2846,1,-0.0323224,-0.704263,2.04642,1,1,1,5.33777,-0.66148,-0.723337,0.000119254,-0.373402,-0.597803
2847,1,-0.0358175,-0.69349,2.26151,1,1,1,5.33356,-0.637045,-0.697769,0.000128575,-0.489555,-0.609082
2848,1,-0.0392555,-0.681657,2.47092,1,1,1,5.33097,-0.666716,-0.670072,0.000132501,-0.617655,-0.507568
2849,1,-0.042632,-0.668792,2.67413,1,1,1,5.32675,-0.66148,-0.667941,6.0803e-05,-0.464327,-0.462451
2850,1,-0.045942,-0.654927,2.87055,1,1,1,5.32435,-0.638791,-0.666876,6.52594e-05,-0.276479,-0.530127
2851,1,-0.0491798,-0.640099,3.05958,1,1,1,5.32052,-0.588176,-0.618938,4.94723e-05,-0.595833,-0.31582
2852,1,-0.0523412,-0.624345,3.24066,1,1,1,5.31812,-0.628319,-0.614676,1.50129e-05,-0.428004,-0.417334
2853,1,-0.0554215,-0.607707,3.41322,1,1,1,5.31428,-0.575959,-0.598697,-3.75224e-05,-0.382046,-0.304541
2854,1,-0.058417,-0.590227,3.5767,1,1,1,5.31198,-0.58294,-0.605089,9.04656e-06,-0.0663742,-0.236865
2855,1,-0.0613228,-0.571955,3.73049,1,1,1,5.30872,-0.628319,-0.560346,3.43594e-05,-0.307242,-0.15791
2856,1,-0.0641355,-0.552938,3.87403,1,1,1,5.30633,-0.525344,-0.549693,2.1842e-05,-0.171833,-0.293262
2857,1,-0.0668511,-0.533232,4.00673,1,1,1,5.30336,-0.53058,-0.5188,2.0147e-05,-0.250095,-0.112793
2858,1,-0.0694667,-0.51289,4.12803,1,1,1,5.30105,-0.570723,-0.510277,-2.38627e-05,-0.0828963,-0.191748
2859,1,-0.0719788,-0.491974,4.23734,1,1,1,5.29808,-0.47822,-0.496428,-5.52947e-05,0.033255,-0.15791
2860,1,-0.0743855,-0.470538,4.33412,1,1,1,5.29626,-0.436332,-0.460208,-6.09703e-05,-0.0880794,-0.0902344
2861,1,-0.0766838,-0.448651,4.41775,1,1,1,5.29348,-0.471239,-0.445294,-9.68421e-05,0.0236308,-0.0676758
2862,1,-0.0788713,-0.426384,4.48767,1,1,1,5.29175,-0.408407,-0.408009,-0.000139982,-0.108778,-0.180469
2863,1,-0.080947,-0.4038,4.54331,1,1,1,5.28945,-0.366519,-0.390964,-0.000156421,-0.012947,-0.146631
2864,1,-0.0829089,-0.380975,4.58409,1,1,1,5.28802,-0.368264,-0.352613,-0.000194233,-0.15366,0
2865,1,-0.0847565,-0.357984,4.60943,1,1,1,5.28591,-0.312414,-0.346222,-0.000344439,0.0395669,0.0338379
2866,1,-0.0864884,-0.334911,4.61876,1,1,1,5.28456,-0.333358,-0.319589,-0.00044376,0.0167184,0.0338379
2867,1,-0.0881056,-0.311823,4.6115,1,1,1,5.28284,-0.263545,-0.286565,-0.000575375,-0.0835785,-0.0338379
2868,1,-0.0896071,-0.28882,4.58708,1,1,1,5.28178,-0.267035,-0.265259,-0.000691038,-0.0566116,-0.0112793
2869,1,-0.0909939,-0.265985,4.54492,1,1,1,5.28035,-0.223402,-0.231169,-0.000888349,-0.18695,-0.0563965
2870,1,-0.0922672,-0.243404,4.48444,1,1,1,5.27948,-0.216421,-0.198145,-0.00110943,-0.315255,-0.0902344
2871,1,-0.0934378,-0.220986,4.40432,1,1,1,5.27843,-0.169297,-0.156599,-0.00138924,-0.551224,-0.112793
2872,1,-0.0944797,-0.199385,4.30623,1,1,1,5.27766,-0.190241,-0.155533,-0.0016604,-0.354348,-0.259424
2873,1,-0.0954233,-0.178142,4.18735,1,1,1,5.2768,-0.146608,-0.110791,-0.00197835,-0.652101,-0.507568
2874,1,-0.0962623,-0.157544,4.04783,1,1,1,5.27613,-0.132645,-0.113987,-0.00224201,-0.425965,-0.48501
2875,1,-0.0969999,-0.137701,3.88716,1,1,1,5.27565,-0.111701,-0.0894849,-0.00241664,-0.503252,-0.383496
2876,1,-0.0976407,-0.118709,3.70465,1,1,1,5.27526,-0.0750492,-0.0916155,-0.00258296,-0.300521,-0.360938
2877,1,-0.0981888,-0.100688,3.49983,1,1,1,5.27478,-0.0645772,-0.0596566,-0.00273275,-0.485034,-0.338379
2878,1,-0.0986494,-0.083749,3.27208,1,1,1,5.2745,-0.0663225,-0.0777667,-0.00284975,-0.131071,-0.304541
2879,1,-0.0990282,-0.0680083,3.02086,1,1,1,5.27421,-0.0226893,-0.0298283,-0.0030159,-0.528561,-0.31582
2880,1,-0.0993316,-0.0535813,2.74552,1,1,1,5.27392,-0.0820305,-0.01811,-0.0031544,-0.543556,-0.406055
2881,1,-0.0995665,-0.0405925,2.44552,1,1,1,5.27373,-0.0418879,-0.0117183,-0.00327278,-0.518367,-0.552686
2882,1,-0.0997402,-0.0291675,2.12033,1,1,1,5.27373,0,-0.0202406,-0.00338792,-0.352104,-0.518848
2883,1,-0.0998609,-0.0194326,1.76932,1,1,1,5.27363,0,-0.0319589,-0.00352478,-0.178275,-0.676758
2884,1,-0.0999375,-0.0115186,1.39194,1,1,1,5.27354,0,-0.0191753,-0.00356019,-0.284568,-0.496289
2885,1,-0.0999794,-0.00555887,0.987632,1,1,1,5.27354,0,-0.00958767,-0.0036286,-0.388635,-0.563965
2886,1,-0.0999966,-0.00168881,0.555756,1,1,1,5.27354,0,0.0117183,-0.00367573,-0.647512,-0.552686
2887,1,-0.1,-4.81028e-05,0.0957172,1,1,1,5.27354,0,0.00426119,-0.00371322,-0.62068,-0.597803
2888,1,-0.1,-0,-0,1,1,1,5.27354,0,-0.0149142,-0.00374173,-0.429853,-0.586523
2889,1,-0.1,-0,-0,1,1,1,5.27354,0.00349066,-0.00319589,-0.00373734,-0.558173,-0.541406
2890,1,-0.1,-0,-0,1,1,1,5.27354,0,-0.00213059,-0.00372668,-0.568485,-0.507568
2891,1,-0.1,-0,-0,1,1,1,5.27354,0,-0.00639178,-0.00371107,-0.519551,-0.631641
2892,1,-0.1,-0,-0,1,1,1,5.27354,0,0.00958767,-0.00370893,-0.695043,-0.597803
2893,1,-0.1,-0,-0,1,1,1,5.27354,0,-0.00426119,-0.00369974,-0.541493,-0.64292
2894,1,-0.1,-0,-0,1,1,1,5.27354,0,0.0213059,-0.00375289,-0.829747,-0.688037
2895,1,-0.1,-0,-0,1,1,1,5.27354,-0.0139626,-0.00639178,-0.00377413,-0.527875,-0.654199
2896,1,-0.1,-0,-0,1,1,1,5.27354,0,0.00639178,-0.00379115,-0.670742,-0.699316
2897,1,-0.1,-0,-0,1,1,1,5.27354,0,0.0149142,-0.00374668,-0.758617,-0.586523
2898,1,-0.1,-0,-0,1,1,1,5.27354,0,0.0149142,-0.00374601,-0.75853,-0.552686
2899,1,-0.1,-0,-0,1,1,1,5.27354,-0.00872665,-0.00532648,-0.00377205,-0.539319,-0.688037
2900,1,-0.1,-0,-0,1,1,1,5.27354,0,0.0127836,-0.00375735,-0.736589,-0.688037
2901,1,-0.1,-0,-0,1,1,1,5.27344,-0.0349066,-0.00958767,-0.00377885,-0.493343,-0.710596
2902,1,-0.1,-0,-0,1,1,1,5.27344,0,-0.00639178,-0.0037787,-0.528479,-0.665479
2903,1,-0.1,-0,-0,1,1,1,5.27354,0,0.0138489,-0.0037919,-0.752868,-0.631641
2904,1,-0.1,-0,-0,1,1,1,5.27354,0,-0.010653,-0.00377331,-0.480894,-0.597803
2905,1,-0.1,-0,-0,1,1,1,5.27354,0,0.00958767,-0.00379052,-0.705813,-0.631641
2906,1,-0.1,-0,-0,1,1,1,5.27354,0,0.0149142,-0.00384126,-0.771102,-0.744434
2907,1,-0.1,-0,-0,1,1,1,5.27344,0,-0.00426119,-0.00383319,-0.559109,-0.597803
2908,1,-0.1,-0,-0,1,1,1,5.27344,0,-0.00426119,-0.00378685,-0.552991,-0.428613
2909,1,-0.1,-0,-0,1,1,1,5.27354,0,-0.00426119,-0.00373895,-0.546669,-0.552686
2910,1,-0.1,-0,-0,1,1,1,5.27354,0,-0.00639178,-0.00375217,-0.524976,-0.665479
2911,1,-0.1,-0,-0,1,1,1,5.27354,0,0.0117183,-0.00375774,-0.724923,-0.665479
2912,1,-0.1,-0,-0,1,1,1,5.27354,0,0.00426119,-0.00375319,-0.642295,-0.609082
2913,1,-0.1,-0,-0,1,1,1,5.27354,0,0.0010653,-0.00376912,-0.609243,-0.586523
2914,1,-0.1,-0,-0,1,1,1,5.27354,0,0.00639178,-0.00376804,-0.667691,-0.631641
2915,1,-0.1,-0,-0,1,1,1,5.27354,0,-0.0149142,-0.00377367,-0.434069,-0.676758
2916,1,-0.1,-0,-0,1,1,1,5.27354,0,-0.00213059,-0.00379996,-0.578158,-0.631641
2917,1,-0.1,-0,-0,1,1,1,5.27344,0,-0.00426119,-0.00378424,-0.552647,-0.563965
2918,1,-0.1,-0,-0,1,1,1,5.27344,0,0.00958767,-0.00377311,-0.703514,-0.733154
2919,1,-0.1,-0,-0,1,1,1,5.27344,0,-0.00426119,-0.00376855,-0.550575,-0.586523
2920,1,-0.1,-0,-0,1,1,1,5.27344,0,0.00745708,-0.00379146,-0.682501,-0.518848
2921,1,-0.1,-0,-0,1,1,1,5.27344,0,-0.00852238,-0.00382726,-0.511453,-0.688037
2922,1,-0.1,-0,-0,1,1,1,5.27344,0,0.01811,-0.00384663,-0.806965,-0.586523
2923,1,-0.1,-0,-0,1,1,1,5.27344,0,-0.0159795,-0.00387276,-0.435431,-0.665479
2924,1,-0.1,-0,-0,1,1,1,5.27344,0,-0.01811,-0.0038652,-0.410996,-0.530127
2925,1,-0.1,-0,-0,1,1,1,5.27354,0.00698132,-0.00532648,-0.00388182,-0.553809,-0.676758
2926,1,-0.1,-0,-0,1,1,1,5.27344,0,-0.00426119,-0.00389512,-0.567283,-0.586523
2927,1,-0.1,-0,-0,1,1,1,5.27344,0,-0.0149142,-0.00387861,-0.44792,-0.631641
2928,1,-0.1,-0,-0,1,1,1,5.27344,0,0.00852238,-0.00388084,-0.706017,-0.597803
2929,1,-0.1,-0,-0,1,1,1,5.27344,0,-0.00532648,-0.00387678,-0.553144,-0.778271
2930,1,-0.1,-0,-0,1,1,1,5.27344,0.00872665,0.00426119,-0.0038884,-0.660142,-0.597803
2931,1,-0.1,-0,-0,1,1,1,5.27344,0,-0.0213059,-0.00388944,-0.379041,-0.676758
2932,1,-0.1,-0,-0,1,1,1,5.27344,0,-0.00639178,-0.00389465,-0.543784,-0.507568
2933,1,-0.1,-0,-0,1,1,1,5.27344,0,-0.0149142,-0.0038752,-0.447471,-0.48501
2934,1,-0.1,-0,-0,1,1,1,5.27344,0,0.00213059,-0.0038754,-0.634989,-0.563965
2935,1,-0.1,-0,-0,1,1,1,5.27344,0,0.00426119,-0.00389974,-0.661638,-0.552686
2936,1,-0.1,-0,-0,1,1,1,5.27344,0,-0.0170448,-0.00391594,-0.429412,-0.733154
2937,1,-0.1,-0,-0,1,1,1,5.27344,0,0.0138489,-0.00392507,-0.770446,-0.665479
2938,1,-0.1,-0,-0,1,1,1,5.27344,0,-0.0138489,-0.00393936,-0.467658,-0.631641
2939,1,-0.1,-0,-0,1,1,1,5.27344,0.00872665,0.0010653,-0.00394286,-0.632175,-0.676758
2940,1,-0.1,-0,-0,1,1,1,5.27344,0,0.00639178,-0.00397943,-0.695594,-0.654199
2941,1,-0.1,-0,-0,1,1,1,5.27344,0,-0.00213059,-0.00400381,-0.605067,-0.699316
2942,1,-0.1,-0,-0,1,1,1,5.27344,0,-0.0255671,-0.00397124,-0.342966,-0.496289
2943,1,-0.1,-0,-0,1,1,1,5.27344,0.0244346,-0.0149142,-0.00393055,-0.454776,-0.552686
2944,1,-0.1,-0,-0,1,1,1,5.27344,0,-0.00213059,-0.0039103,-0.592723,-0.530127
2945,1,-0.1,-0,-0,1,1,1,5.27344,0,0.0202406,-0.00394115,-0.842878,-0.64292
2946,1,-0.1,-0,-0,1,1,1,5.27344,0,-0.010653,-0.00396589,-0.506315,-0.721875
2947,1,-0.1,-0,-0,1,1,1,5.27344,0,0.00532648,-0.00398974,-0.685237,-0.496289
2948,1,-0.1,-0,-0,1,1,1,5.27344,-0.0122173,2.28307e-18,-0.0039634,-0.623168,-0.620361
2949,1,-0.1,-0,-0,1,1,1,5.27344,-0.0244346,-0.00213059,-0.00398085,-0.602036,-0.733154
2950,1,-0.1,-0,-0,1,1,1,5.27344,0,-0.0117183,-0.00396539,-0.494531,-0.654199
2951,1,-0.1,-0,-0,1,1,1,5.27344,0,0.00532648,-0.00396027,-0.681347,-0.631641
2952,1,-0.1,-0,-0,1,1,1,5.27344,0,-0.010653,-0.00398696,-0.509096,-0.710596
2953,1,-0.1,-0,-0,1,1,1,5.27344,0,-0.0127836,-0.00400952,-0.488637,-0.733154
2954,1,-0.1,-0,-0,1,1,1,5.27344,0,-0.00213059,-0.0040283,-0.608299,-0.676758
2955,1,-0.1,-0,-0,1,1,1,5.27335,0.00698132,-0.00426119,-0.00400669,-0.58201,-0.733154
2956,1,-0.1,-0,-0,1,1,1,5.27344,0.010472,0.00852238,-0.00401031,-0.723107,-0.665479
2957,1,-0.1,-0,-0,1,1,1,5.27344,0,0.00745708,-0.00403932,-0.715218,-0.597803
2958,1,-0.1,-0,-0,1,1,1,5.27335,-0.00174533,0.00319589,-0.00403289,-0.667496,-0.597803
2959,1,-0.1,-0,-0,1,1,1,5.27335,0,0.00745708,-0.00404001,-0.715309,-0.575244
2960,1,-0.1,-0,-0,1,1,1,5.27335,0,0.00639178,-0.00402518,-0.701633,-0.597803
2961,1,-0.1,-0,-0,1,1,1,5.27335,0,-0.0149142,-0.00402528,-0.467281,-0.665479
2962,1,-0.1,-0,-0,1,1,1,5.27335,0,-0.00639178,-0.00406032,-0.565653,-0.654199
2963,1,-0.1,-0,-0,1,1,1,5.27335,0,3.26153e-19,-0.00404682,-0.63418,-0.563965
2964,1,-0.1,-0,-0,1,1,1,5.27335,0,0.0117183,-0.00405759,-0.764502,-0.541406
2965,1,-0.1,-0,-0,1,1,1,5.27335,0,-0.01811,-0.00406898,-0.437895,-0.721875
2966,1,-0.1,-0,-0,1,1,1,5.27335,0,0.0191753,-0.00409227,-0.851108,-0.496289
2967,1,-0.1,-0,-0,1,1,1,5.27335,0,-0.0117183,-0.00409822,-0.512064,-0.64292
2968,1,-0.1,-0,-0,1,1,1,5.27335,0,0.00852238,-0.00408923,-0.733525,-0.609082
2969,1,-0.1,-0,-0,1,1,1,5.27335,0,-0.0159795,-0.00408113,-0.462935,-0.721875
2970,1,-0.1,-0,-0,1,1,1,5.27335,0,-0.00426119,-0.00408669,-0.59257,-0.665479
2971,1,-0.1,-0,-0,1,1,1,5.27335,0,-0.028763,-0.00408289,-0.322549,-0.631641
2972,1,-0.1,-0,-0,1,1,1,5.27335,0,8.47998e-19,-0.00410714,-0.642143,-0.733154
2973,1,-0.1,-0,-0,1,1,1,5.27335,0,-0.0202406,-0.00411345,-0.420328,-0.733154
2974,1,-0.1,-0,-0,1,1,1,5.27335,0,0.00639178,-0.00411234,-0.713139,-0.699316
2975,1,-0.1,-0,-0,1,1,1,5.27335,0,-0.00852238,-0.00412843,-0.551207,-0.744434
2976,1,-0.1,-0,-0,1,1,1,5.27335,0,-0.0170448,-0.00413461,-0.458276,-0.733154
2977,1,-0.1,-0,-0,1,1,1,5.27335,0,-0.0138489,-0.00410798,-0.489916,-0.620361
2978,1,-0.1,-0,-0,1,1,1,5.27335,0,0.0266324,-0.00414898,-0.940621,-0.654199
2979,1,-0.1,-0,-0,1,1,1,5.27325,-0.015708,0.0117183,-0.00419228,-0.782282,-0.688037
2980,1,-0.1,-0,-0,1,1,1,5.27325,0,-0.0223712,-0.00417232,-0.404663,-0.609082
2981,1,-0.1,-0,-0,1,1,1,5.27325,0.0261799,-0.00213059,-0.00415126,-0.62453,-0.507568
2982,1,-0.1,-0,-0,1,1,1,5.27325,-0.010472,-0.0202406,-0.0041445,-0.424427,-0.80083
2983,1,-0.1,-0,-0,1,1,1,5.27325,0,-0.00319589,-0.00413494,-0.610657,-0.631641
2984,1,-0.1,-0,-0,1,1,1,5.27325,0,0.00958767,-0.00413987,-0.751927,-0.733154
2985,1,-0.1,-0,-0,1,1,1,5.27325,-0.00872665,-0.00639178,-0.00414565,-0.576916,-0.665479
2986,1,-0.1,-0,-0,1,1,1,5.27325,0,0.0117183,-0.00415621,-0.77752,-0.778271
2987,1,-0.1,-0,-0,1,1,1,5.27325,-0.0244346,-0.00532648,-0.00414934,-0.589122,-0.812109
2988,1,-0.1,-0,-0,1,1,1,5.27325,0,-0.0010653,-0.00411795,-0.631851,-0.620361
2989,1,-0.1,-0,-0,1,1,1,5.27325,0,-0.0117183,-0.00413342,-0.51671,-0.665479
2990,1,-0.1,-0,-0,1,1,1,5.27325,0,-0.00532648,-0.00409636,-0.582128,-0.541406
2991,1,-0.1,-0,-0,1,1,1,5.27325,0,0.0159795,-0.00414391,-0.82277,-0.733154
2992,1,-0.1,-0,-0,1,1,1,5.27325,0,0.00852238,-0.00413581,-0.739673,-0.665479
2993,1,-0.1,-0,-0,1,1,1,5.27325,0,0.0127836,-0.00415824,-0.789506,-0.64292
2994,1,-0.1,-0,-0,1,1,1,5.27325,0,0.01811,-0.0041939,-0.852805,-0.710596
2995,1,-0.1,-0,-0,1,1,1,5.27325,0,0.00852238,-0.0041665,-0.743725,-0.563965
2996,1,-0.1,-0,-0,1,1,1,5.27325,0,-0.00852238,-0.00420255,-0.56099,-0.857227
2997,1,-0.1,-0,-0,1,1,1,5.27315,0,0.00426119,-0.00419806,-0.701017,-0.710596
2998,1,-0.1,-0,-0,1,1,1,5.27315,0,0.00426119,-0.00417965,-0.698587,-0.721875
2999,1,-0.1,-0,-0,1,1,1,5.27315,-0.00872665,0.0117183,-0.004206,-0.784093,-0.563965
3000,1,-0.1,-0,-0,1,1,1,5.27315,0,-0.00958767,-0.00420855,-0.550065,-0.597803
3001,1,-0.1,-0,-0,1,1,1,5.27315,0.00698132,-0.00532648,-0.00419401,-0.595017,-0.80083
3002,1,-0.1,-0,-0,1,1,1,5.27315,0.020944,-0.00426119,-0.00418121,-0.605047,-0.609082
3003,1,-0.1,-0,-0,1,1,1,5.27315,0,-0.01811,-0.00417785,-0.452265,-0.586523
3004,1,-0.1,-0,-0,1,1,1,5.27315,0,-0.00639178,-0.00416342,-0.579262,-0.609082
3005,1,-0.1,-0,-0,1,1,1,5.27315,0,0.00213059,-0.00415302,-0.671635,-0.778271
3006,1,-0.1,-0,-0,1,1,1,5.27315,0,0.00213059,-0.00418727,-0.676157,-0.778271
3007,1,-0.1,-0,-0,1,1,1,5.27315,0,0.00319589,-0.00421532,-0.691577,-0.721875
3008,1,-0.1,-0,-0,1,1,1,5.27315,0,0.00426119,-0.00418347,-0.699091,-0.654199
3009,1,-0.1,-0,-0,1,1,1,5.27315,0,0.00745708,-0.00421489,-0.738393,-0.733154
3010,1,-0.1,-0,-0,1,1,1,5.27315,0,0.010653,-0.00423569,-0.776294,-0.721875
3011,1,-0.1,-0,-0,1,1,1,5.27315,0,0.00213059,-0.00422012,-0.680493,-0.755713
3012,1,-0.1,-0,-0,1,1,1,5.27315,0,-0.00639178,-0.00424637,-0.590212,-0.834668
3013,1,-0.1,-0,-0,1,1,1,5.27315,0,0.0127836,-0.00423074,-0.799077,-0.631641
3014,1,-0.1,-0,-0,1,1,1,5.27315,0,0.00958767,-0.00427746,-0.770089,-0.676758
3015,1,-0.1,-0,-0,1,1,1,5.27315,0,0.0127836,-0.00428248,-0.805907,-0.597803
3016,1,-0.1,-0,-0,1,1,1,5.27315,-0.00872665,-0.00532648,-0.00426636,-0.604568,-0.755713
3017,1,-0.1,-0,-0,1,1,1,5.27315,0,0.0117183,-0.00429107,-0.795322,-0.733154
3018,1,-0.1,-0,-0,1,1,1,5.27306,0,-0.0202406,-0.00431923,-0.447492,-0.654199
3019,1,-0.1,-0,-0,1,1,1,5.27315,0.00349066,-0.00958767,-0.00431051,-0.563523,-0.676758
3020,1,-0.1,-0,-0,1,1,1,5.27306,0,-0.00213059,-0.004328,-0.64786,-0.541406
3021,1,-0.1,-0,-0,1,1,1,5.27306,0,0.00213059,-0.00431728,-0.693318,-0.541406
3022,1,-0.1,-0,-0,1,1,1,5.27306,-0.0174533,0.0255671,-0.00434802,-0.955177,-0.665479
3023,1,-0.1,-0,-0,1,1,1,5.27306,-0.0139626,0.028763,-0.0043454,-0.989986,-0.586523
3024,1,-0.1,-0,-0,1,1,1,5.27306,-0.0139626,-0.00319589,-0.0043618,-0.640603,-0.766992
3025,1,-0.1,-0,-0,1,1,1,5.27306,0,-0.0276977,-0.00434411,-0.368748,-0.699316
3026,1,-0.1,-0,-0,1,1,1,5.27306,0,-0.00852238,-0.0043006,-0.573934,-0.428613
3027,1,-0.1,-0,-0,1,1,1,5.27306,0,0.00745708,-0.00430274,-0.749989,-0.676758
3028,1,-0.1,-0,-0,1,1,1,5.27306,0,0.0127836,-0.00432609,-0.811664,-0.766992
3029,1,-0.1,-0,-0,1,1,1,5.27296,-0.00698132,-0.00958767,-0.00430762,-0.563141,-0.778271
3030,1,-0.1,-0,-0,1,1,1,5.27296,0,1.56553e-18,-0.00432231,-0.670545,-0.654199
3031,1,-0.1,-0,-0,1,1,1,5.27296,0,0.0127836,-0.00431971,-0.810821,-0.575244
3032,1,-0.1,-0,-0,1,1,1,5.27296,0,0.00426119,-0.00434424,-0.720312,-0.733154
3033,1,-0.1,-0,-0,1,1,1,5.27296,0,0.00852238,-0.00435928,-0.769172,-0.620361
3034,1,-0.1,-0,-0,1,1,1,5.27296,0,-0.00745708,-0.004361,-0.593625,-0.586523
3035,1,-0.1,-0,-0,1,1,1,5.27296,0,0.00958767,-0.00436172,-0.781211,-0.665479
3036,1,-0.1,-0,-0,1,1,1,5.27296,0,0.0010653,-0.00438684,-0.690782,-0.64292
3037,1,-0.1,-0,-0,1,1,1,5.27296,0,-0.00639178,-0.00440584,-0.611261,-0.766992
3038,1,-0.1,-0,-0,1,1,1,5.27287,-0.00174533,-0.00426119,-0.00442956,-0.637829,-0.789551
3039,1,-0.1,-0,-0,1,1,1,5.27287,0,-0.00532648,-0.00442376,-0.625346,-0.699316
3040,1,-0.1,-0,-0,1,1,1,5.27287,0,0.010653,-0.00441807,-0.800368,-0.654199
3041,1,-0.1,-0,-0,1,1,1,5.27287,0,-0.00426119,-0.00437659,-0.630837,-0.586523
3042,1,-0.1,-0,-0,1,1,1,5.27287,0,0.00852238,-0.00437628,-0.771415,-0.676758
3043,1,-0.1,-0,-0,1,1,1,5.27287,-0.00872665,-0.00852238,-0.00435108,-0.580596,-0.620361
3044,1,-0.1,-0,-0,1,1,1,5.27287,0,0.00213059,-0.00434869,-0.697463,-0.620361
3045,1,-0.1,-0,-0,1,1,1,5.27287,0,-0.0138489,-0.00437158,-0.524711,-0.688037
3046,1,-0.1,-0,-0,1,1,1,5.27287,0,-0.00745708,-0.00437065,-0.594898,-0.620361
3047,1,-0.1,-0,-0,1,1,1,5.27287,0.00872665,-0.0010653,-0.00434451,-0.661757,-0.654199
3048,1,-0.1,-0,-0,1,1,1,5.27287,0,-0.00639178,-0.00438795,-0.6089,-0.699316
3049,1,-0.1,-0,-0,1,1,1,5.27287,0.0139626,6.52306e-19,-0.00438813,-0.679234,-0.586523
3050,1,-0.1,-0,-0,1,1,1,5.27287,-0.00523599,0.00639178,-0.00440622,-0.751931,-0.755713
3051,1,-0.1,-0,-0,1,1,1,5.27287,0,-0.0127836,-0.0043749,-0.536868,-0.609082
3052,1,-0.1,-0,-0,1,1,1,5.27287,0,-0.00852238,-0.00439499,-0.586392,-0.733154
3053,1,-0.1,-0,-0,1,1,1,5.27277,0,-0.0159795,-0.00438123,-0.502549,-0.688037
3054,1,-0.1,-0,-0,1,1,1,5.27277,0,0.0159795,-0.00438561,-0.854674,-0.586523
3055,1,-0.1,-0,-0,1,1,1,5.27277,0,-9.13229e-19,-0.00441873,-0.683273,-0.834668
3056,1,-0.1,-0,-0,1,1,1,5.27277,0,-0.0010653,-0.00440432,-0.669651,-0.744434
3057,1,-0.1,-0,-0,1,1,1,5.27277,0,0.0010653,-0.00441124,-0.694002,-0.766992
3058,1,-0.1,-0,-0,1,1,1,5.27277,0,0.00426119,-0.00445769,-0.735288,-0.699316
3059,1,-0.1,-0,-0,1,1,1,5.27268,0,-6.52306e-19,-0.00441665,-0.682997,-0.733154
3060,1,-0.1,-0,-0,1,1,1,5.27268,0,0.00639178,-0.00440972,-0.752393,-0.733154
3061,1,-0.1,-0,-0,1,1,1,5.27268,0,-0.00532648,-0.00439043,-0.620945,-0.766992
3062,1,-0.1,-0,-0,1,1,1,5.27268,0,-0.00639178,-0.00436079,-0.605315,-0.789551
3063,1,-0.1,-0,-0,1,1,1,5.27268,0,-0.00532648,-0.00434502,-0.614952,-0.64292
3064,1,-0.1,-0,-0,1,1,1,5.27268,0,0.00319589,-0.00438819,-0.714396,-0.733154
3065,1,-0.1,-0,-0,1,1,1,5.27268,0,0.00532648,-0.00440996,-0.740706,-0.766992
3066,1,-0.1,-0,-0,1,1,1,5.27268,0,-0.0138489,-0.00437898,-0.525687,-0.575244
3067,1,-0.1,-0,-0,1,1,1,5.27268,0,0.0191753,-0.00437561,-0.88851,-0.518848
3068,1,-0.1,-0,-0,1,1,1,5.27258,-0.0139626,0.0266324,-0.00436399,-0.969003,-0.676758
3069,1,-0.1,-0,-0,1,1,1,5.27258,-0.0261799,-0.0159795,-0.00432946,-0.495715,-0.744434
3070,1,-0.1,-0,-0,1,1,1,5.27258,0.00523599,0.0127836,-0.00436212,-0.81642,-0.733154
3071,1,-0.1,-0,-0,1,1,1,5.27258,0,1.5003e-18,-0.00436419,-0.676073,-0.710596
3072,1,-0.1,-0,-0,1,1,1,5.27258,0,-0.0191753,-0.00433377,-0.461129,-0.755713
3073,1,-0.1,-0,-0,1,1,1,5.27258,0,-0.00213059,-0.00436328,-0.652516,-0.823389
3074,1,-0.1,-0,-0,1,1,1,5.27248,0,0.01811,-0.00434522,-0.87278,-0.688037
3075,1,-0.1,-0,-0,1,1,1,5.27248,0,-0.0127836,-0.00436802,-0.53596,-0.688037
3076,1,-0.1,-0,-0,1,1,1,5.27248,0,-0.00852238,-0.00435659,-0.581324,-0.665479
3077,1,-0.1,-0,-0,1,1,1,5.27248,0,0.0149142,-0.00435304,-0.838657,-0.721875
3078,1,-0.1,-0,-0,1,1,1,5.27248,0,0.00745708,-0.00433914,-0.754794,-0.597803
3079,1,-0.1,-0,-0,1,1,1,5.27248,-0.00174533,0.0127836,-0.00433413,-0.812725,-0.586523
3080,1,-0.1,-0,-0,1,1,1,5.27248,-0.0418879,0.0138489,-0.00437215,-0.829461,-0.812109
3081,1,-0.1,-0,-0,1,1,1,5.27248,0,0.0138489,-0.00438882,-0.831662,-0.721875
3082,1,-0.1,-0,-0,1,1,1,5.27248,-0.00872665,0.00958767,-0.00437297,-0.782697,-0.778271
3083,1,-0.1,-0,-0,1,1,1,5.27239,-0.00872665,0.0127836,-0.0044163,-0.823571,-0.755713
3084,1,-0.1,-0,-0,1,1,1,5.27239,-0.00698132,-0.0170448,-0.00439081,-0.492095,-0.597803
3085,1,-0.1,-0,-0,1,1,1,5.27239,0.00872665,-0.0245018,-0.00433798,-0.403094,-0.575244
3086,1,-0.1,-0,-0,1,1,1,5.27239,0,-0.00213059,-0.00429363,-0.643322,-0.518848
3087,1,-0.1,-0,-0,1,1,1,5.27239,0,0.00319589,-0.00426621,-0.698294,-0.688037
3088,1,-0.099999,0.000756558,0.375027,1,1,1,5.27239,0,0.0138489,-0.00425163,-0.751087,-0.766992
3089,1,-0.0999885,0.00378966,0.822127,1,1,1,5.27239,0,-0.0191753,-0.00424218,-0.285883,-0.575244
3090,1,-0.0999579,0.00888465,1.23296,1,1,1,5.27239,0,0.00639178,-0.00418554,-0.438723,-0.417334
3091,1,-0.0998965,0.0160318,1.62113,1,1,1,5.27248,0,-0.00426119,-0.00412202,-0.1702,-0.47373
3092,1,-0.0997945,0.0250509,1.98261,1,1,1,5.27248,0.00872665,-0.00532648,-0.00401718,0.0175594,-0.203027
3093,1,-0.099643,0.0358145,2.31813,1,1,1,5.27258,0.0349066,0.0330242,-0.00391125,-0.21033,-0.169189
3094,1,-0.0994339,0.0481803,2.62792,1,1,1,5.27258,0,-0.00852238,-0.00371688,0.468398,0
3095,1,-0.0991587,0.0620531,2.91328,1,1,1,5.27268,0.0139626,0.0202406,-0.00351595,0.389665,-0.0338379
3096,1,-0.0988109,0.0772813,3.17411,1,1,1,5.27277,0.0279253,0.0266324,-0.00325908,0.578589,0.169189
3097,1,-0.0983838,0.0937554,3.41124,1,1,1,5.27287,0.015708,0.0266324,-0.00294088,0.858815,0.304541
3098,1,-0.0978719,0.111342,3.62503,1,1,1,5.27325,0.113446,0.0234365,-0.00255583,1.19558,0.563965
3099,1,-0.0972687,0.129964,3.81651,1,1,1,5.27363,0.0802851,0.0564607,-0.00214347,1.1486,0.992578
3100,1,-0.0965703,0.149485,3.98593,1,1,1,5.27402,0.0925025,0.0777667,-0.00175699,1.23478,1.22944
3101,1,-0.0957724,0.169793,4.13387,1,1,1,5.2745,0.113446,0.10653,-0.00141911,1.23876,1.20688
3102,1,-0.0948711,0.19079,4.26097,1,1,1,5.27507,0.146608,0.14488,-0.00109601,1.14078,1.40991
3103,1,-0.0938635,0.21237,4.36778,1,1,1,5.27594,0.13439,0.16086,-0.000822504,1.28605,1.26328
3104,1,-0.0927467,0.234434,4.45489,1,1,1,5.2768,0.235619,0.186427,-0.000574445,1.32545,1.29712
3105,1,-0.0915158,0.256933,4.523,1,1,1,5.27804,0.244346,0.232235,-0.000366251,1.13951,1.22944
3106,1,-0.0901772,0.279633,4.57233,1,1,1,5.2791,0.254818,0.240757,-0.000182812,1.35937,1.24072
3107,1,-0.0887229,0.302564,4.60378,1,1,1,5.28063,0.333358,0.275912,-3.78179e-05,1.28131,1.19561
3108,1,-0.0871512,0.325643,4.61788,1,1,1,5.28188,0.29147,0.315328,3.11376e-05,1.14413,1.20688
3109,1,-0.0854653,0.348731,4.61513,1,1,1,5.2837,0.349066,0.354744,4.86696e-05,0.997327,1.08281
3110,1,-0.0836628,0.371782,4.59613,1,1,1,5.28514,0.363028,0.366462,0.000107432,1.15791,1.21816
3111,1,-0.081748,0.394665,4.56149,1,1,1,5.28744,0.359538,0.386703,0.000136534,1.21664,1.16177
3112,1,-0.0797177,0.417356,4.51174,1,1,1,5.28897,0.406662,0.41227,0.00014363,1.20875,1.09409
3113,1,-0.0775747,0.43976,4.44748,1,1,1,5.29147,0.436332,0.431445,0.000163892,1.26753,1.13921
3114,1,-0.0753212,0.461803,4.3693,1,1,1,5.29338,0.488692,0.463404,0.000175055,1.17808,1.20688
3115,1,-0.0729593,0.483414,4.27779,1,1,1,5.29607,0.42586,0.493232,0.000191655,1.10559,1.252
3116,1,-0.0704873,0.504563,4.17337,1,1,1,5.29818,0.537561,0.507081,0.000190393,1.19825,1.26328
3117,1,-0.0679129,0.525142,4.05681,1,1,1,5.30115,0.534071,0.514538,0.000228179,1.3583,1.26328
3118,1,-0.065239,0.545096,3.92871,1,1,1,5.30336,0.492183,0.543301,0.000228883,1.26949,1.0377
3119,1,-0.0624627,0.564411,3.78934,1,1,1,5.30671,0.638791,0.560346,0.000219031,1.29841,1.33096
3120,1,-0.0595945,0.582984,3.63963,1,1,1,5.30892,0.518363,0.595501,0.000246539,1.12342,1.44375
3121,1,-0.0566341,0.600791,3.47995,1,1,1,5.31227,0.589921,0.599762,0.000240591,1.27208,1.29712
3122,1,-0.053584,0.61779,3.31078,1,1,1,5.31496,0.645772,0.602958,0.000272679,1.4269,1.50015
3123,1,-0.0504579,0.633886,3.13323,1,1,1,5.3186,0.568977,0.625329,0.000301033,1.35841,1.21816
3124,1,-0.0472503,0.649089,2.94733,1,1,1,5.32119,0.682424,0.661549,0.000265802,1.11556,1.06025
3125,1,-0.0439645,0.663363,2.75356,1,1,1,5.32512,0.637045,0.657288,0.000226266,1.30396,1.07153
3126,1,-0.0406209,0.676607,2.55341,1,1,1,5.32771,0.692896,0.683921,0.000181094,1.13893,1.15049
3127,1,-0.0372042,0.688867,2.34626,1,1,1,5.33202,0.699877,0.687117,0.000175622,1.22398,1.13921
3128,1,-0.0337317,0.700068,2.1334,1,1,1,5.33471,0.678933,0.720141,0.000101479,0.957335,1.09409
3129,1,-0.0302012,0.710204,1.91495,1,1,1,5.33892,0.706858,0.740381,2.05025e-05,0.815721,1.01514
3130,1,-0.0266337,0.719208,1.69246,1,1,1,5.3418,0.71384,0.765949,-0.000118665,0.592332,0.913623
3131,1,-0.0230143,0.72711,1.46522,1,1,1,5.34602,0.734784,0.73612,-0.000173405,0.975908,0.95874
3132,1,-0.0193649,0.733855,1.23482,1,1,1,5.34918,0.752237,0.753165,-0.000257453,0.825826,0.97002
3133,1,-0.015678,0.739451,1.00101,1,1,1,5.3534,0.750492,0.747838,-0.000307539,0.911472,0.97002
3134,1,-0.0119698,0.743866,0.765017,1,1,1,5.35647,0.734784,0.748904,-0.000369613,0.910388,0.676758
3135,1,-0.00824206,0.747097,0.52715,1,1,1,5.36107,0.801106,0.756361,-0.000436142,0.823449,0.789551
3136,1,-0.00450095,0.749135,0.288005,1,1,1,5.36395,0.652753,0.778732,-0.000487375,0.559973,0.789551
3137,1,-0.000752855,0.749976,0.0481825,1,1,1,5.36845,0.750492,0.775536,-0.000523785,0.564576,0.812109
3138,1,0.00299722,0.749617,-0.191806,1,1,1,5.37143,0.710349,0.759557,-0.000535163,0.698801,0.710596
3139,1,0.00674187,0.748059,-0.431293,1,1,1,5.37593,0.747001,0.763818,-0.000547685,0.595859,0.733154
3140,1,0.0104729,0.745308,-0.66956,1,1,1,5.3789,0.706858,0.767014,-0.000653024,0.475768,0.654199
3141,1,0.0141929,0.741364,-0.906582,1,1,1,5.38331,0.809833,0.763818,-0.000747343,0.413076,0.597803
3142,1,0.0179001,0.736224,-1.14204,1,1,1,5.38619,0.671952,0.767014,-0.000857369,0.26277,0.530127
3143,1,0.0215507,0.729961,-1.37296,1,1,1,5.39041,0.720821,0.741447,-0.000997837,0.41122,0.428613
3144,1,0.0251857,0.722516,-1.60172,1,1,1,5.39319,0.66148,0.726533,-0.00101842,0.446127,0.304541
3145,1,0.0287808,0.713935,-1.82656,1,1,1,5.3975,0.689405,0.702031,-0.00103993,0.572828,0.281982
3146,1,0.0323227,0.704262,-2.04645,1,1,1,5.40038,0.760964,0.683921,-0.00101215,0.624301,0.451172
3147,1,0.0358171,0.693491,-2.26149,1,1,1,5.40441,0.640536,0.690312,-0.00101845,0.388588,0.360938
3148,1,0.039256,0.681656,-2.47095,1,1,1,5.40709,0.675442,0.670072,-0.000953418,0.444133,0.406055
3149,1,0.0426299,0.668801,-2.674,1,1,1,5.41131,0.621337,0.674333,-0.000944814,0.210218,0.417334
3150,1,0.045942,0.654927,-2.87055,1,1,1,5.4138,0.642281,0.64557,-0.00089151,0.334342,0.349658
3151,1,0.0491801,0.640097,-3.0596,1,1,1,5.41764,0.6353,0.646635,-0.000944924,0.105084,0.225586
3152,1,0.0523418,0.624342,-3.24069,1,1,1,5.42003,0.621337,0.637048,-0.000980217,-0.013686,0.191748
3153,1,0.0554218,0.607706,-3.41323,1,1,1,5.42387,0.603884,0.621068,-0.000996313,-0.069235,0.0563965
3154,1,0.0584166,0.590229,-3.57668,1,1,1,5.42617,0.595157,0.604023,-0.00102114,-0.123323,0.0789551
3155,1,0.0613228,0.571955,-3.73048,1,1,1,5.42952,0.537561,0.560346,-0.00100436,0.112658,-0.0338379
3156,1,0.0641353,0.552939,-3.87402,1,1,1,5.43183,0.567232,0.558216,-0.000987563,-0.116059,0.0789551
3157,1,0.0668512,0.533232,-4.00673,1,1,1,5.43509,0.561996,0.540106,-0.000986597,-0.178054,0.0563965
3158,1,0.0694665,0.512891,-4.12803,1,1,1,5.43719,0.483456,0.514538,-0.00100497,-0.16676,0.0338379
3159,1,0.0719792,0.49197,-4.23736,1,1,1,5.44007,0.486947,0.50282,-0.00104032,-0.315486,-0.0563965
3160,1,0.0743855,0.470538,-4.33411,1,1,1,5.4418,0.42237,0.468731,-0.00100361,-0.213114,-0.0676758
3161,1,0.0766837,0.448653,-4.41775,1,1,1,5.44458,0.406662,0.453816,-0.000982831,-0.327504,-0.112793
3162,1,0.0788715,0.426383,-4.48767,1,1,1,5.44621,0.415388,0.416531,-0.000947408,-0.196587,-0.15791
3163,1,0.080947,0.4038,-4.54331,1,1,1,5.44841,0.347321,0.406943,-0.00089654,-0.370288,-0.135352
3164,1,0.0829112,0.380949,-4.58413,1,1,1,5.44985,0.359538,0.344091,-0.000775714,0.0507961,-0.225586
3165,1,0.0847564,0.357985,-4.60943,1,1,1,5.45196,0.315905,0.319589,-0.00061467,0.0574246,-0.112793
3166,1,0.0864887,0.334907,-4.61876,1,1,1,5.45321,0.280998,0.298283,-0.000468067,0.0278136,-0.0338379
3167,1,0.0881044,0.311841,-4.61152,1,1,1,5.45484,0.246091,0.275912,-0.000299954,0.0161802,-0.101514
3168,1,0.0896072,0.288819,-4.58708,1,1,1,5.45589,0.260054,0.273781,-9.59833e-05,-0.209529,-0.0338379
3169,1,0.090994,0.265982,-4.54492,1,1,1,5.45733,0.204204,0.236496,0.000122665,-0.0416369,-0.0451172
3170,1,0.0922682,0.243386,-4.48439,1,1,1,5.4581,0.214675,0.213059,0.000287855,-0.0283049,-0.0676758
3171,1,0.0934278,0.221187,-4.40513,1,1,1,5.45925,0.18675,0.167252,0.000515145,0.247931,0
3172,1,0.0944798,0.199383,-4.30622,1,1,1,5.46001,0.169297,0.168317,0.000767035,0.0210833,-0.0112793
3173,1,0.0954291,0.178006,-4.1865,1,1,1,5.46088,0.141372,0.153403,0.000982476,-0.0273332,-0.0112793
3174,1,0.0962617,0.15756,-4.04795,1,1,1,5.46145,0.129154,0.112921,0.0011889,0.218295,0.0789551
3175,1,0.0970007,0.137679,-3.88697,1,1,1,5.46212,0.115192,0.115052,0.00133327,-0.00353586,0
3176,1,0.0976408,0.118707,-3.70463,1,1,1,5.46251,0.0959931,0.0830932,0.00144609,0.158863,0
3177,1,0.0981887,0.10069,-3.49985,1,1,1,5.46298,0.0942478,0.0862891,0.00152369,-0.0541505,0.0112793
3178,1,0.0986491,0.0837613,-3.27226,1,1,1,5.46327,0.0558505,0.0841585,0.00161547,-0.191021,0
3179,1,0.0990295,0.0679518,-3.01988,1,1,1,5.46366,0.0471239,0.0607219,0.00171521,-0.0752178,0
3180,1,0.099332,0.0535607,-2.74509,1,1,1,5.46385,0.0401426,0.0362201,0.00180523,0.0710704,0.0789551
3181,1,0.0995663,0.040603,-2.44579,1,1,1,5.46394,0.0191986,0.0127836,0.00187807,0.224747,0.0902344
3182,1,0.0997403,0.0291559,-2.11996,1,1,1,5.46404,0,0.00639178,0.00195624,0.214633,0.101514
3183,1,0.0998609,0.0194324,-1.76931,1,1,1,5.46404,0.0139626,-0.00213059,0.00208818,0.261184,0.180469
3184,1,0.0999375,0.0115234,-1.39221,1,1,1,5.46414,0.0174533,-0.0340895,0.00223698,0.592965,0.394775
3185,1,0.0999794,0.00556228,-0.98792,1,1,1,5.46414,0.0226893,-2.15261e-18,0.00229644,0.214126,0.3271
3186,1,0.0999966,0.00168857,-0.555718,1,1,1,5.46404,-0.00523599,-0.00745708,0.00236869,0.323253,0.394775
3187,1,0.1,4.81618e-05,-0.0957756,1,1,1,5.46404,0,0.00532648,0.00238411,0.232989,0.383496
3188,1,0.1,0,0,1,1,1,5.46404,-0.0174533,-0.00639178,0.0023678,0.374829,0.338379
3189,1,0.1,0,0,1,1,1,5.46404,0,0.0117183,0.00234546,0.175185,0.248145
3190,1,0.1,0,0,1,1,1,5.46404,0,-0.0010653,0.0023148,0.313703,0.270703
3191,1,0.1,0,0,1,1,1,5.46404,0.0122173,-1.30461e-19,0.00227894,0.299576,0.101514
3192,1,0.1,0,0,1,1,1,5.46404,0,0.0213059,0.00221855,0.0591017,0.259424
3193,1,0.1,0,0,1,1,1,5.46404,0,-0.00426119,0.00220498,0.340347,0.31582
3194,1,0.1,0,0,1,1,1,5.46404,0,-0.00745708,0.0021965,0.376821,0.180469
3195,1,0.1,0,0,1,1,1,5.46414,0,0.00852238,0.00219298,0.203234,0.248145
3196,1,0.1,0,0,1,1,1,5.46404,0,-0.00426119,0.00217505,0.343716,0.135352
3197,1,0.1,0,0,1,1,1,5.46414,0,0.00745708,0.00219061,0.220159,0.439893
3198,1,0.1,0,0,1,1,1,5.46414,0,-0.00852238,0.00218743,0.398038,0.349658
3199,1,0.1,0,0,1,1,1,5.46414,0,0.0213059,0.00214586,0.066482,0.3271
3200,1,0.1,0,0,1,1,1,5.46404,0,-0.00532648,0.00213435,0.35979,0.451172
3201,1,0.1,0,0,1,1,1,5.46414,0,0.00852238,0.00215058,0.212566,0.304541
3202,1,0.1,0,0,1,1,1,5.46414,0.00349066,-0.00532648,0.00211363,0.361559,0.293262
3203,1,0.1,0,0,1,1,1,5.46414,0.00872665,0.00426119,0.00212131,0.259826,0.259424
3204,1,0.1,0,0,1,1,1,5.46414,0,0.010653,0.00212868,0.193347,0.417334
3205,1,0.1,0,0,1,1,1,5.46414,0,-0.0138489,0.0021145,0.463041,0.259424
3206,1,0.1,0,0,1,1,1,5.46414,0,-0.0202406,0.00211287,0.535426,0.270703
3207,1,0.1,0,0,1,1,1,5.46414,0.00349066,0.010653,0.00209022,0.195102,0.349658
3208,1,0.1,0,0,1,1,1,5.46414,0,0.00426119,0.00207889,0.265884,0.203027
3209,1,0.1,0,0,1,1,1,5.46414,0,0.00745708,0.00206924,0.231727,0.180469
3210,1,0.1,0,0,1,1,1,5.46414,0,0.00213059,0.00208281,0.294534,0.360938
3211,1,0.1,0,0,1,1,1,5.46414,0,0.00639178,0.00207635,0.249405,0.439893
3212,1,0.1,0,0,1,1,1,5.46414,0,-0.0010653,0.00206625,0.332138,0.31582
3213,1,0.1,0,0,1,1,1,5.46414,0,0.0191753,0.00201554,0.104852,0.236865
3214,1,0.1,0,0,1,1,1,5.46414,0,-0.010653,0.00197269,0.428517,0.417334
3215,1,0.1,0,0,1,1,1,5.46414,0.0279253,0.0149142,0.00199518,0.153172,0.3271
3216,1,0.1,0,0,1,1,1,5.46414,0,-0.0010653,0.00197396,0.327956,0.31582
3217,1,0.1,0,0,1,1,1,5.46414,0,0.00426119,0.00196972,0.271181,0.270703
3218,1,0.1,0,0,1,1,1,5.46414,0,0.0138489,0.00193749,0.163275,0.191748
3219,1,0.1,0,0,1,1,1,5.46414,0,-0.00958767,0.00194719,0.424485,0.3271
3220,1,0.1,0,0,1,1,1,5.46414,0,0.00426119,0.00195605,0.275915,0.236865
3221,1,0.1,0,0,1,1,1,5.46414,0,0.00319589,0.00192058,0.284536,0.338379
3222,1,0.1,0,0,1,1,1,5.46414,0,0.00532648,0.00191415,0.262019,0.236865
3223,1,0.1,0,0,1,1,1,5.46414,0,-0.0149142,0.00194483,0.491202,0.124072
3224,1,0.1,0,0,1,1,1,5.46423,0.0279253,0.0127836,0.00191967,0.1856,0.47373
3225,1,0.1,0,0,1,1,1,5.46414,0,0.00745708,0.00192814,0.247679,0.31582
3226,1,0.1,0,0,1,1,1,5.46414,0,-0.010653,0.00189096,0.443035,0.203027
3227,1,0.1,0,0,1,1,1,5.46414,0,0.0010653,0.00185978,0.311867,0.146631
3228,1,0.1,0,0,1,1,1,5.46414,0.00523599,0.0127836,0.00184687,0.183369,0.304541
3229,1,0.1,0,0,1,1,1,5.46414,0,0.0276977,0.00185038,0.0221437,0.135352
3230,1,0.1,0,0,1,1,1,5.46423,0.010472,-0.00426119,0.00183132,0.372785,0.3271
3231,1,0.1,0,0,1,1,1,5.46414,0,-0.0202406,0.0018307,0.550409,0.259424
3232,1,0.1,0,0,1,1,1,5.46414,0,0.010653,0.00182538,0.21216,0.259424
3233,1,0.1,0,0,1,1,1,5.46414,0,0.0191753,0.00184934,0.124368,0.259424
3234,1,0.1,0,0,1,1,1,5.46414,0.00349066,-0.00319589,0.00183045,0.369327,0.15791
3235,1,0.1,0,0,1,1,1,5.46414,0,-0.00426119,0.00182978,0.383068,0.281982
3236,1,0.1,0,0,1,1,1,5.46414,0,-0.0127836,0.0018328,0.479497,0.383496
3237,1,0.1,0,0,1,1,1,5.46414,0.00349066,-0.010653,0.00185962,0.46238,0.338379
3238,1,0.1,0,0,1,1,1,5.46414,0,-0.00426119,0.00186868,0.393539,0.406055
3239,1,0.1,0,0,1,1,1,5.46414,0,0.0138489,0.00185466,0.192477,0.451172
3240,1,0.1,0,0,1,1,1,5.46414,0,0.00958767,0.00187329,0.24181,0.270703
3241,1,0.1,0,0,1,1,1,5.46414,-0.00872665,-0.0149142,0.00189376,0.514033,0.372217
3242,1,0.1,0,0,1,1,1,5.46423,0,0.00852238,0.0018761,0.253899,0.451172
3243,1,0.1,0,0,1,1,1,5.46423,0,-0.0010653,0.00186834,0.358339,0.372217
3244,1,0.1,0,0,1,1,1,5.46414,-0.0174533,-0.00319589,0.00183832,0.377814,0.3271
3245,1,0.1,0,0,1,1,1,5.46414,0,0.0127836,0.0017807,0.194433,0.236865
3246,1,0.1,0,0,1,1,1,5.46414,0,0.0127836,0.0017794,0.194261,0.236865
3247,1,0.1,0,0,1,1,1,5.46414,0,0.010653,0.00173954,0.212436,0.281982
3248,1,0.1,0,0,1,1,1,5.46414,0,0.00319589,0.00172471,0.292507,0.293262
3249,1,0.1,0,0,1,1,1,5.46414,0,0.00745708,0.00172172,0.24524,0.372217
3250,1,0.1,0,0,1,1,1,5.46414,0,-3.26153e-19,0.00171883,0.326885,0.31582
3251,1,0.1,0,0,1,1,1,5.46414,0,-0.0127836,0.00170423,0.465577,0.304541
3252,1,0.1,0,0,1,1,1,5.46414,0,-0.00213059,0.00167994,0.345189,0.281982
3253,1,0.1,0,0,1,1,1,5.46414,0,-0.00639178,0.00166928,0.390654,0.248145
3254,1,0.1,0,0,1,1,1,5.46414,0,-0.0117183,0.00163602,0.444856,0.281982
3255,1,0.1,0,0,1,1,1,5.46414,0.0174533,-0.0010653,0.00162479,0.32619,0.360938
3256,1,0.1,0,0,1,1,1,5.46414,-0.00872665,0.00958767,0.00162958,0.20964,0.146631
3257,1,0.1,0,0,1,1,1,5.46414,-0.00872665,-0.00639178,0.00161751,0.383821,0.203027
3258,1,0.1,0,0,1,1,1,5.46414,0,-0.00532648,0.00162725,0.373388,0.439893
3259,1,0.1,0,0,1,1,1,5.46414,0,-0.0159795,0.0016141,0.488835,0.383496
3260,1,0.1,0,0,1,1,1,5.46414,0,-0.00958767,0.00163343,0.421077,0.360938
3261,1,0.1,0,0,1,1,1,5.46414,0,-0.00639178,0.00159889,0.381363,0.225586
3262,1,0.1,0,0,1,1,1,5.46414,0,0.0117183,0.00156634,0.177856,0.214307
3263,1,0.1,0,0,1,1,1,5.46414,0,-0.00639178,0.00156921,0.377445,0.349658
3264,1,0.1,0,0,1,1,1,5.46414,-0.00872665,0.00532648,0.00154929,0.245916,0.349658
3265,1,0.1,0,0,1,1,1,5.46414,0,0.0010653,0.00151316,0.288019,0.293262
3266,1,0.1,0,0,1,1,1,5.46414,0,0.00639178,0.00145162,0.221292,0.146631
3267,1,0.1,0,0,1,1,1,5.46414,0,0.00745708,0.00143473,0.207357,0.135352
3268,1,0.1,0,0,1,1,1,5.46414,0,-0.00852238,0.00143377,0.383004,0.293262
3269,1,0.1,0,0,1,1,1,5.46414,0,0.00213059,0.00145072,0.268058,0.236865
3270,1,0.1,0,0,1,1,1,5.46414,0.00349066,-0.0010653,0.00144165,0.302016,0.304541
3271,1,0.1,0,0,1,1,1,5.46414,0,0.00426119,0.00145632,0.245362,0.338379
3272,1,0.1,0,0,1,1,1,5.46414,0,-0.010653,0.00148539,0.413254,0.304541
3273,1,0.1,0,0,1,1,1,5.46414,0,0.00639178,0.00147405,0.224266,0.394775
3274,1,0.1,0,0,1,1,1,5.46414,0,0.0138489,0.00144091,0.137863,0.270703
3275,1,0.1,0,0,1,1,1,5.46414,0,0.010653,0.00148269,0.178533,0.293262
3276,1,0.1,0,0,1,1,1,5.46414,0,-0.0010653,0.00146766,0.305449,0.169189
3277,1,0.1,0,0,1,1,1,5.46414,0,0.0159795,0.00145558,0.116363,0.203027
3278,1,0.1,0,0,1,1,1,5.46414,0,0.0010653,0.00138978,0.271732,0.135352
3279,1,0.1,0,0,1,1,1,5.46414,0.0191986,0.0202406,0.00137597,0.0589815,0.349658
3280,1,0.1,0,0,1,1,1,5.46414,-0.00872665,-0.0010653,0.00140235,0.296828,0.439893
3281,1,0.1,0,0,1,1,1,5.46414,0,-0.00639178,0.00139762,0.354795,0.146631
3282,1,0.1,0,0,1,1,1,5.46414,0,-0.00426119,0.00140678,0.332569,0.248145
3283,1,0.1,0,0,1,1,1,5.46414,0,-0.00213059,0.00141568,0.310306,0.293262
3284,1,0.1,0,0,1,1,1,5.46414,0,-0.0138489,0.0014092,0.438352,0.304541
3285,1,0.1,0,0,1,1,1,5.46414,0.00349066,-0.0213059,0.00143901,0.524314,0.236865
3286,1,0.1,0,0,1,1,1,5.46414,0,0.0191753,0.00142975,0.0777986,0.293262
3287,1,0.1,0,0,1,1,1,5.46414,-0.00872665,-0.00639178,0.00143513,0.359747,0.304541
3288,1,0.1,0,0,1,1,1,5.46414,0,0.00852238,0.00140713,0.191995,0.169189
3289,1,0.1,0,0,1,1,1,5.46414,0,-0.00532648,0.0013826,0.341094,0.225586
3290,1,0.1,0,0,1,1,1,5.46414,0,-0.00958767,0.00139224,0.38924,0.259424
3291,1,0.1,0,0,1,1,1,5.46414,0.0226893,0.00745708,0.00142404,0.205946,0.48501
3292,1,0.1,0,0,1,1,1,5.46414,0,-0.00958767,0.00140869,0.391411,0.259424
3293,1,0.1,0,0,1,1,1,5.46414,0,0.00532648,0.00138501,0.224137,0.349658
3294,1,0.1,0,0,1,1,1,5.46414,-0.020944,-0.00852238,0.00134547,0.371349,0.0563965
3295,1,0.1,0,0,1,1,1,5.46414,0,0.00745708,0.00132134,0.192389,0.191748
3296,1,0.1,0,0,1,1,1,5.46414,0,1.10892e-18,0.00129419,0.270715,0.281982
3297,1,0.1,0,0,1,1,1,5.46414,0,-0.00639178,0.00136219,0.350119,0.225586
3298,1,0.1,0,0,1,1,1,5.46423,0.00698132,-0.00745708,0.00134008,0.358919,0.135352
3299,1,0.1,0,0,1,1,1,5.46414,0,0.0170448,0.00132899,0.0879344,0.15791
3300,1,0.1,0,0,1,1,1,5.46414,0.00872665,0.00319589,0.00132614,0.239896,0.304541
3301,1,0.1,0,0,1,1,1,5.46414,0,0.00213059,0.00133294,0.252512,0.394775
3302,1,0.1,0,0,1,1,1,5.46414,0,0.00319589,0.00130841,0.237556,0.214307
3303,1,0.1,0,0,1,1,1,5.46414,0,-0.00532648,0.00128171,0.327596,0.191748
3304,1,0.1,0,0,1,1,1,5.46414,0,0.00319589,0.00128548,0.234529,0.259424
3305,1,0.1,0,0,1,1,1,5.46414,0,-0.00639178,0.00128634,0.340107,0.304541
3306,1,0.1,0,0,1,1,1,5.46414,0,0.00532648,0.00131731,0.215294,0.304541
3307,1,0.1,0,0,1,1,1,5.46414,0,0.00639178,0.0012751,0.197887,0.248145
3308,1,0.1,0,0,1,1,1,5.46414,-0.0139626,-0.0010653,0.00128335,0.281121,0.248145
3309,1,0.1,0,0,1,1,1,5.46414,0,0.00745708,0.00125947,0.184101,0.304541
3310,1,0.1,0,0,1,1,1,5.46414,-0.0122173,0.0127836,0.00121297,0.119492,0.3271
3311,1,0.1,0,0,1,1,1,5.46414,0,0.0223712,0.00121845,0.0147524,0.236865
3312,1,0.1,0,0,1,1,1,5.46414,-0.00872665,0.0138489,0.00119285,0.105089,0.248145
3313,1,0.1,0,0,1,1,1,5.46414,0,-0.0170448,0.00122499,0.449191,0.31582
3314,1,0.1,0,0,1,1,1,5.46414,0,-0.00426119,0.00122025,0.307946,0.31582
3315,1,0.1,0,0,1,1,1,5.46414,0,0.010653,0.00116835,0.13704,0.124072
3316,1,0.1,0,0,1,1,1,5.46414,0,-0.00958767,0.00116689,0.359494,0.259424
3317,1,0.1,0,0,1,1,1,5.46414,0.00872665,-0.00958767,0.00117599,0.360695,0.225586
3318,1,0.1,0,0,1,1,1,5.46414,0,0.0191753,0.00112148,0.0369328,0.191748
3319,1,0.1,0,0,1,1,1,5.46414,0,0.00532648,0.00111392,0.188328,0.304541
3320,1,0.1,0,0,1,1,1,5.46414,-0.0366519,0.00852238,0.00105187,0.144833,0.0563965
3321,1,0.1,0,0,1,1,1,5.46414,0,0.0010653,0.00105946,0.228131,0.281982
3322,1,0.1,0,0,1,1,1,5.46414,-0.00872665,0.0010653,0.00105195,0.227139,0.270703
3323,1,0.1,0,0,1,1,1,5.46414,0,8.47998e-19,0.00102296,0.235031,0.270703
3324,1,0.1,0,0,1,1,1,5.46414,0,0.00319589,0.00101094,0.198289,0.180469
3325,1,0.1,0,0,1,1,1,5.46414,0,0.00532648,0.0010298,0.17725,0.349658
3326,1,0.1,0,0,1,1,1,5.46414,-0.0174533,0.00745708,0.0010185,0.152299,0.281982
3327,1,0.1,0,0,1,1,1,5.46414,-0.00349066,-0.00532648,0.000991791,0.28935,0.0563965
3328,1,0.1,0,0,1,1,1,5.46414,0,-0.0234365,0.00100482,0.490438,0.101514
3329,1,0.1,0,0,1,1,1,5.46414,0.00698132,-0.00639178,0.00100792,0.303355,0.3271
3330,1,0.1,0,0,1,1,1,5.46414,0,5.87076e-19,0.00102223,0.234934,0.236865
3331,1,0.1,0,0,1,1,1,5.46414,0,-0.00213059,0.00100927,0.256661,0.112793
3332,1,0.1,0,0,1,1,1,5.46414,0,0.0117183,0.000983932,0.100978,0.169189
3333,1,0.1,0,0,1,1,1,5.46414,0,0.0138489,0.000915137,0.0680824,0.191748
3334,1,0.1,0,0,1,1,1,5.46414,0,0.00639178,0.000938233,0.153537,0.203027
3335,1,0.1,0,0,1,1,1,5.46414,0,0.0127836,0.000923253,0.0812192,0.236865
3336,1,0.1,0,0,1,1,1,5.46414,0,-0.00532648,0.000905409,0.278105,0.169189
3337,1,0.1,0,0,1,1,1,5.46414,0,0.00852238,0.000915817,0.127142,0.191748
3338,1,0.1,0,0,1,1,1,5.46414,0,-0.00532648,0.000917685,0.279726,0.281982
3339,1,0.1,0,0,1,1,1,5.46414,0,5.21845e-19,0.000919307,0.221349,0.124072
3340,1,0.1,0,0,1,1,1,5.46414,0,-0.00426119,0.00089959,0.265349,0.349658
3341,1,0.1,0,0,1,1,1,5.46414,0.00872665,0.00852238,0.000923144,0.128109,0.225586
3342,1,0.1,0,0,1,1,1,5.46414,0,-0.0117183,0.000895885,0.347118,0.135352
3343,1,0.1,0,0,1,1,1,5.46414,0,-0.00958767,0.000907008,0.325189,0.225586
3344,1,0.1,0,0,1,1,1,5.46414,0,0.0127836,0.000886824,0.0764416,0.0902344
3345,1,0.1,0,0,1,1,1,5.46414,0,-0.00426119,0.000881329,0.263208,0.169189
3346,1,0.1,0,0,1,1,1,5.46414,0,0.010653,0.000846449,0.0945486,0.124072
3347,1,0.1,0,0,1,1,1,5.46414,0,-0.0127836,0.000850014,0.352821,0.0563965
3348,1,0.1,0,0,1,1,1,5.46414,0,0.010653,0.000839583,0.09359,0.203027
3349,1,0.1,0,0,1,1,1,5.46414,0,0.0159795,0.000847771,0.0361317,0.304541
3350,1,0.1,0,0,1,1,1,5.46414,-0.0174533,-0.00745708,0.00083137,0.291769,0.112793
3351,1,0.1,0,0,1,1,1,5.46414,0,0.00319589,0.000787522,0.168734,0.169189
3352,1,0.1,0,0,1,1,1,5.46414,0,0.0202406,0.000766935,-0.0214403,0.101514
3353,1,0.1,0,0,1,1,1,5.46414,0,0.0159795,0.000725534,0.0198834,0.101514
3354,1,0.1,0,0,1,1,1,5.46414,0,0.00426119,0.000725279,0.148864,0.135352
3355,1,0.1,0,0,1,1,1,5.46414,0,0.00852238,0.000679871,0.0958412,0.124072
3356,1,0.1,0,0,1,1,1,5.46414,0,0.00213059,0.000698743,0.168797,0.0789551
3357,1,0.1,0,0,1,1,1,5.46414,0,0.0117183,0.000679713,0.0608211,0.180469
3358,1,0.1,0,0,1,1,1,5.46414,0,0.00639178,0.000686863,0.120162,0.248145
3359,1,0.1,0,0,1,1,1,5.46414,0,-0.00426119,0.000660809,0.2341,0.191748
3360,1,0.1,0,0,1,1,1,5.46414,0,-0.0191753,0.000645,0.395974,0.135352
3361,1,0.1,0,0,1,1,1,5.46414,0.0174533,-0.00532648,0.000655421,0.244914,0.270703
3362,1,0.1,0,0,1,1,1,5.46414,-0.0139626,-1.95692e-18,0.000628592,0.182835,0.180469
3363,1,0.1,0,0,1,1,1,5.46414,0,-0.0117183,0.000621271,0.310864,0.135352
3364,1,0.1,0,0,1,1,1,5.46414,0,-0.0213059,0.000655362,0.420873,0.203027
3365,1,0.1,0,0,1,1,1,5.46414,0.00698132,-1.43507e-18,0.000687349,0.19073,0.15791
3366,1,0.1,0,0,1,1,1,5.46414,0,0.0159795,0.000669986,0.0126642,0.203027
3367,1,0.1,0,0,1,1,1,5.46414,0,-0.00852238,0.000636373,0.277601,0.124072
3368,1,0.1,0,0,1,1,1,5.46414,0,-0.00426119,0.000639585,0.231298,0.169189
3369,1,0.1,0,0,1,1,1,5.46414,0,0.0234365,0.000592404,-0.0798865,0.0789551
3370,1,0.1,0,0,1,1,1,5.46414,0,0.0202406,0.000603532,-0.0429808,0.0789551
3371,1,0.1,0,0,1,1,1,5.46414,0,-0.00745708,0.000598008,0.260965,0.101514
3372,1,0.1,0,0,1,1,1,5.46414,0,-0.0266324,0.000596278,0.471643,0.15791
3373,1,0.1,0,0,1,1,1,5.46414,0.0122173,-0.00426119,0.000587889,0.224474,0.0451172
3374,1,0.1,0,0,1,1,1,5.46404,0,-0.0010653,0.000570784,0.187062,0.0451172
3375,1,0.1,0,0,1,1,1,5.46414,0,0.00639178,0.00056944,0.104856,0.0338379
3376,1,0.1,0,0,1,1,1,5.46414,0.00872665,0.01811,0.00053564,-0.0286809,0.146631
3377,1,0.1,0,0,1,1,1,5.46404,-0.00872665,-0.0159795,0.000532792,0.345992,0.0225586
3378,1,0.1,0,0,1,1,1,5.46404,0,0.00639178,0.000550483,0.102354,0.236865
3379,1,0.1,0,0,1,1,1,5.46414,0,-0.0117183,0.000566311,0.303654,0.191748
3380,1,0.1,0,0,1,1,1,5.46414,0,0.0117183,0.00056119,0.0449523,0.248145
3381,1,0.1,0,0,1,1,1,5.46414,0,0.01811,0.000522993,-0.0304474,0.0112793
3382,1,0.1,0,0,1,1,1,5.46414,0,0.0149142,0.000460918,-0.00396069,0.0902344
3383,1,0.1,0,0,1,1,1,5.46414,0,0.00745708,0.000439993,0.0753672,0.112793
3384,1,0.1,0,0,1,1,1,5.46404,-0.00872665,-0.010653,0.00042002,0.271854,0.0789551
3385,1,0.1,0,0,1,1,1,5.46404,0,0.00852238,0.000414334,0.060946,0.0338379
3386,1,0.1,0,0,1,1,1,5.46404,0,-0.0127836,0.000406689,0.294168,0.0451172
3387,1,0.1,0,0,1,1,1,5.46404,0,-0.0010653,0.00042181,0.167397,0.0563965
3388,1,0.099999,-0.000754537,-0.374534,1,1,1,5.46404,0,-0.0010653,0.000423192,0.10521,0.124072
3389,1,0.0999887,-0.00374689,-0.817652,1,1,1,5.46404,0,0.0202406,0.000405374,-0.231323,0.101514
3390,1,0.0999579,-0.0088853,-1.233,1,1,1,5.46404,-0.00698132,0.00426119,0.000350424,-0.185628,-0.0225586
3391,1,0.0998965,-0.0160318,-1.62113,1,1,1,5.46404,0,0.010653,0.000299371,-0.406067,-0.0338379
3392,1,0.0997945,-0.0250503,-1.98259,1,1,1,5.46404,0,0.00852238,0.000167166,-0.564672,-0.112793
3393,1,0.0996431,-0.0358133,-2.3181,1,1,1,5.46394,0,0.00213059,5.20224e-06,-0.698606,-0.214307
3394,1,0.0994334,-0.0482061,-2.62851,1,1,1,5.46394,-0.0349066,-0.0149142,-0.000165815,-0.734041,-0.417334
3395,1,0.0991583,-0.0620698,-2.91359,1,1,1,5.46366,-0.0296706,-0.0276977,-0.000356818,-0.83353,-0.676758
3396,1,0.098811,-0.0772771,-3.17405,1,1,1,5.46346,-0.0767945,-0.0138489,-0.000593599,-1.24589,-0.936182
3397,1,0.0983841,-0.0937425,-3.41107,1,1,1,5.46308,-0.0645772,-0.0319589,-0.000860314,-1.32415,-1.08281
3398,1,0.0978718,-0.111344,-3.62506,1,1,1,5.46289,-0.0820305,-0.050069,-0.00112047,-1.41249,-1.17305
3399,1,0.0972685,-0.129971,-3.81658,1,1,1,5.46231,-0.125664,-0.0809626,-0.00134205,-1.36418,-1.29712
3400,1,0.0965702,-0.149486,-3.98593,1,1,1,5.46193,-0.0698132,-0.10653,-0.00154136,-1.37899,-1.24072
3401,1,0.095773,-0.169777,-4.13377,1,1,1,5.46107,-0.15708,-0.133162,-0.00174739,-1.38986,-1.39863
3402,1,0.0948719,-0.190772,-4.26087,1,1,1,5.46059,-0.1309,-0.147011,-0.00192929,-1.54342,-1.38735
3403,1,0.0938635,-0.212368,-4.36777,1,1,1,5.45934,-0.225147,-0.182166,-0.00209652,-1.46554,-1.51143
3404,1,0.0927467,-0.234434,-4.45489,1,1,1,5.45848,-0.218166,-0.214125,-0.00225836,-1.42473,-1.54526
3405,1,0.0915185,-0.256887,-4.52289,1,1,1,5.45704,-0.219911,-0.249279,-0.00234473,-1.33966,-1.48887
3406,1,0.0901783,-0.279615,-4.5723,1,1,1,5.45608,-0.249582,-0.26952,-0.00234489,-1.40636,-1.26328
3407,1,0.088722,-0.302578,-4.6038,1,1,1,5.45436,-0.315905,-0.289761,-0.00237682,-1.47795,-1.19561
3408,1,0.0871525,-0.325625,-4.61787,1,1,1,5.45311,-0.314159,-0.307871,-0.00240202,-1.57119,-1.252
3409,1,0.0854666,-0.348714,-4.61514,1,1,1,5.4509,-0.394444,-0.362201,-0.00237971,-1.25709,-1.39863
3410,1,0.0836653,-0.37175,-4.59616,1,1,1,5.44956,-0.342085,-0.371789,-0.00236619,-1.43275,-1.40991
3411,1,0.081748,-0.394665,-4.56149,1,1,1,5.44707,-0.404916,-0.427184,-0.00234295,-1.10021,-1.37607
3412,1,0.0797179,-0.417354,-4.51175,1,1,1,5.44554,-0.382227,-0.439968,-0.00227541,-1.22397,-1.26328
3413,1,0.0775746,-0.439762,-4.44748,1,1,1,5.44276,-0.469494,-0.474057,-0.00212205,-1.0948,-1.252
3414,1,0.0753209,-0.461806,-4.36929,1,1,1,5.44103,-0.434587,-0.491102,-0.00201429,-1.15299,-1.10537
3415,1,0.0729578,-0.483427,-4.27773,1,1,1,5.43806,-0.427606,-0.492167,-0.00185893,-1.37276,-1.20688
3416,1,0.0704876,-0.50456,-4.17338,1,1,1,5.43614,-0.560251,-0.527322,-0.00178936,-1.22264,-1.31968
3417,1,0.0679128,-0.525143,-4.0568,1,1,1,5.43269,-0.490438,-0.528387,-0.00171691,-1.43816,-1.33096
3418,1,0.0652368,-0.545112,-3.9286,1,1,1,5.43048,-0.55676,-0.563542,-0.00163656,-1.26838,-1.31968
3419,1,0.0624632,-0.564408,-3.78937,1,1,1,5.42713,-0.598648,-0.581652,-0.00154083,-1.27386,-1.31968
3420,1,0.0595941,-0.582986,-3.63961,1,1,1,5.42473,-0.598648,-0.617872,-0.00144253,-1.0693,-1.06025
3421,1,0.0566284,-0.600824,-3.47963,1,1,1,5.42147,-0.624828,-0.60935,-0.00143077,-1.3587,-1.42119
3422,1,0.0535876,-0.61777,-3.31098,1,1,1,5.4186,-0.656244,-0.616807,-0.0014053,-1.45867,-1.40991
3423,1,0.0504546,-0.633902,-3.13305,1,1,1,5.41505,-0.633555,-0.630656,-0.0013791,-1.47675,-1.44375
3424,1,0.0472467,-0.649106,-2.94712,1,1,1,5.41246,-0.623083,-0.648766,-0.00133786,-1.43285,-1.28584
3425,1,0.0439715,-0.663334,-2.75397,1,1,1,5.40843,-0.675442,-0.664745,-0.00133807,-1.40611,-1.35352
3426,1,0.0406018,-0.676679,-2.55226,1,1,1,5.40575,-0.677188,-0.691378,-0.00133049,-1.24834,-1.28584
3427,1,0.0371646,-0.689002,-2.34384,1,1,1,5.40134,-0.60912,-0.702031,-0.00129861,-1.24886,-1.34224
3428,1,0.0337292,-0.700076,-2.13324,1,1,1,5.39894,-0.678933,-0.723337,-0.00119115,-1.10648,-1.19561
3429,1,0.0302038,-0.710197,-1.91511,1,1,1,5.39424,-0.66148,-0.751034,-0.00110039,-0.882668,-1.28584
3430,1,0.026634,-0.719207,-1.69248,1,1,1,5.39175,-0.659734,-0.738251,-0.000585522,-1.03193,-1.11665
3431,1,0.0230178,-0.727103,-1.46544,1,1,1,5.38724,-0.71384,-0.762753,-0.000418134,-0.802266,-0.845947
3432,1,0.0193648,-0.733855,-1.23481,1,1,1,5.38466,-0.670206,-0.760622,-0.000280715,-0.854845,-0.902344
3433,1,0.0156787,-0.73945,-1.00105,1,1,1,5.37986,-0.747001,-0.739316,-0.000284542,-1.12454,-0.936182
3434,1,0.0119701,-0.743866,-0.765037,1,1,1,5.37699,-0.74351,-0.745708,-0.000267304,-1.07267,-1.15049
3435,1,0.00824204,-0.747097,-0.527149,1,1,1,5.37238,-0.706858,-0.762753,-0.000247258,-0.888279,-0.924902
3436,1,0.00449602,-0.749137,-0.28769,1,1,1,5.3696,-0.719076,-0.7521,-0.000209989,-0.990339,-0.857227
3437,1,0.000755008,-0.749976,-0.0483202,1,1,1,5.36491,-0.755728,-0.744643,-0.000225016,-1.0508,-0.936182
3438,1,-0.00299699,-0.749617,0.191791,1,1,1,5.36203,-0.726057,-0.768079,-0.000184288,-0.748239,-1.00386
3439,1,-0.00673933,-0.74806,0.431131,1,1,1,5.35762,-0.71733,-0.764883,-0.000106209,-0.718335,-0.766992
3440,1,-0.0105014,-0.745282,0.671384,1,1,1,5.35474,-0.753982,-0.759557,-7.36348e-05,-0.702912,-0.778271
3441,1,-0.0141925,-0.741364,0.906559,1,1,1,5.35014,-0.69115,-0.758491,-3.0415e-05,-0.62674,-0.789551
3442,1,-0.0178848,-0.736247,1.14107,1,1,1,5.34736,-0.699877,-0.761687,6.19508e-05,-0.481147,-0.812109
3443,1,-0.0215511,-0.72996,1.37298,1,1,1,5.34295,-0.750492,-0.745708,9.5516e-05,-0.541175,-0.721875
3444,1,-0.0251823,-0.722524,1.6015,1,1,1,5.34007,-0.656244,-0.740381,0.000124704,-0.470707,-0.64292
3445,1,-0.0288003,-0.713885,1.82778,1,1,1,5.33576,-0.727802,-0.712684,0.000104999,-0.638517,-0.552686
3446,1,-0.0323201,-0.70427,2.04628,1,1,1,5.33317,-0.595157,-0.712684,0.000142593,-0.483619,-0.575244
3447,1,-0.0358152,-0.693497,2.26137,1,1,1,5.32895,-0.738274,-0.694574,0.000110327,-0.523699,-0.733154
3448,1,-0.0392533,-0.681665,2.47079,1,1,1,5.32636,-0.572468,-0.684986,8.6925e-05,-0.456904,-0.620361
3449,1,-0.0426297,-0.668801,2.67399,1,1,1,5.32234,-0.670206,-0.654092,5.4637e-05,-0.613684,-0.518848
3450,1,-0.0459394,-0.654938,2.8704,1,1,1,5.31975,-0.659734,-0.66368,-1.7473e-05,-0.320635,-0.496289
3451,1,-0.0491775,-0.640109,3.05945,1,1,1,5.31591,-0.58294,-0.641309,-3.53694e-06,-0.354652,-0.304541
3452,1,-0.0523392,-0.624355,3.24055,1,1,1,5.31342,-0.675442,-0.622133,2.19406e-05,-0.341941,-0.203027
3453,1,-0.0554196,-0.607718,3.41311,1,1,1,5.30987,-0.595157,-0.604023,4.95684e-06,-0.314171,-0.293262
3454,1,-0.0584148,-0.59024,3.57658,1,1,1,5.30729,-0.633555,-0.592305,-1.86655e-06,-0.205461,-0.462451
3455,1,-0.0613205,-0.57197,3.73037,1,1,1,5.30403,-0.497419,-0.580587,-2.98495e-06,-0.0873817,-0.248145
3456,1,-0.0641345,-0.552945,3.87398,1,1,1,5.30173,-0.637045,-0.544367,7.77148e-06,-0.229103,-0.146631
3457,1,-0.066851,-0.533233,4.00673,1,1,1,5.29847,-0.516617,-0.53691,-1.8509e-05,-0.0533931,-0.236865
3458,1,-0.0694649,-0.512904,4.12795,1,1,1,5.29645,-0.481711,-0.517734,-4.78846e-06,0.00539388,-0.191748
3459,1,-0.0719773,-0.491987,4.23728,1,1,1,5.29348,-0.523599,-0.492167,-1.21523e-05,-0.00379122,-0.191748
3460,1,-0.0743839,-0.470553,4.33405,1,1,1,5.29156,-0.443314,-0.470861,2.0291e-05,0.044573,-0.135352
3461,1,-0.0766819,-0.44867,4.41769,1,1,1,5.28888,-0.406662,-0.437837,-1.56082e-05,-0.0421848,-0.15791
3462,1,-0.0788698,-0.4264,4.48762,1,1,1,5.28725,-0.418879,-0.416531,-2.89082e-05,0.00551634,-0.112793
3463,1,-0.0809529,-0.403732,4.54345,1,1,1,5.28485,-0.364774,-0.397356,-0.000116252,0.0687074,-0.0789551
3464,1,-0.0829075,-0.380993,4.58406,1,1,1,5.28341,-0.363028,-0.354744,-0.000224055,-0.130447,-0.0451172
3465,1,-0.084755,-0.358003,4.60942,1,1,1,5.2814,-0.315905,-0.328111,-0.000347057,-0.155919,-0.0563965
3466,1,-0.0864875,-0.334923,4.61876,1,1,1,5.28015,-0.319395,-0.274847,-0.000512586,-0.481672,-0.0902344
3467,1,-0.0881043,-0.311842,4.61152,1,1,1,5.27843,-0.261799,-0.275912,-0.000727038,-0.220387,-0.0789551
3468,1,-0.0896061,-0.288837,4.58711,1,1,1,5.27747,-0.261799,-0.231169,-0.000963323,-0.469423,-0.112793
3469,1,-0.0909938,-0.265986,4.54493,1,1,1,5.27594,-0.249582,-0.2333,-0.00120609,-0.209115,-0.203027
3470,1,-0.0922665,-0.243418,4.48449,1,1,1,5.27507,-0.190241,-0.202406,-0.00144424,-0.317109,-0.248145
3471,1,-0.0934277,-0.221189,4.40514,1,1,1,5.27383,-0.195477,-0.190688,-0.00166622,-0.219354,-0.394775
3472,1,-0.094479,-0.199401,4.30631,1,1,1,5.27315,-0.158825,-0.169382,-0.00183541,-0.227138,-0.349658
3473,1,-0.0954226,-0.178158,4.18745,1,1,1,5.2722,-0.150098,-0.164056,-0.00195642,-0.06191,-0.180469
3474,1,-0.0962617,-0.157559,4.04794,1,1,1,5.27172,-0.120428,-0.138489,-0.00204566,-0.125108,-0.180469
3475,1,-0.0969995,-0.137713,3.88726,1,1,1,5.27095,-0.116937,-0.0980073,-0.00217709,-0.370853,-0.0676758
3476,1,-0.0976443,-0.118596,3.70347,1,1,1,5.27057,-0.115192,-0.0937461,-0.00228897,-0.228255,-0.15791
3477,1,-0.0981888,-0.100689,3.49983,1,1,1,5.26999,-0.0994838,-0.0777667,-0.00243083,-0.236727,-0.270703
3478,1,-0.0986494,-0.0837477,3.27206,1,1,1,5.2697,-0.0558505,-0.0692443,-0.00255009,-0.175433,-0.304541
3479,1,-0.099028,-0.068017,3.02101,1,1,1,5.26942,-0.0506145,-0.0330242,-0.00271123,-0.443006,-0.281982
3480,1,-0.0993315,-0.05359,2.7457,1,1,1,5.26913,-0.0523599,-0.0234365,-0.00281524,-0.429041,-0.236865
3481,1,-0.0995663,-0.0406023,2.44577,1,1,1,5.26903,-0.0488692,-0.0308936,-0.00292974,-0.250744,-0.270703
3482,1,-0.0997401,-0.0291751,2.12057,1,1,1,5.26903,0,0.00319589,-0.00305256,-0.552988,-0.439893
3483,1,-0.0998609,-0.0194399,1.76962,1,1,1,5.26894,-0.0174533,0.00319589,-0.00314316,-0.500379,-0.406055
3484,1,-0.0999375,-0.0115238,1.39223,1,1,1,5.26894,0,0.0010653,-0.00325173,-0.453265,-0.47373
3485,1,-0.0999794,-0.00556224,0.987917,1,1,1,5.26894,0,0.00745708,-0.00332024,-0.522108,-0.338379
3486,1,-0.0999966,-0.00169024,0.555985,1,1,1,5.26894,0,0.0117183,-0.00339839,-0.598295,-0.575244
3487,1,-0.1,-4.81341e-05,0.0957482,1,1,1,5.26894,0,0.00639178,-0.00344256,-0.595625,-0.541406
3488,1,-0.1,-0,-0,1,1,1,5.26894,0,0.0255671,-0.0034946,-0.830984,-0.575244
3489,1,-0.1,-0,-0,1,1,1,5.26884,-0.0244346,-0.00319589,-0.00350546,-0.520951,-0.609082
3490,1,-0.1,-0,-0,1,1,1,5.26884,0,0.00745708,-0.00350317,-0.641934,-0.654199
3491,1,-0.1,-0,-0,1,1,1,5.26884,0,-0.0127836,-0.00346057,-0.416176,-0.462451
3492,1,-0.1,-0,-0,1,1,1,5.26884,0,-0.00958767,-0.00342954,-0.447234,-0.552686
3493,1,-0.1,-0,-0,1,1,1,5.26884,0,0.00426119,-0.0034462,-0.601772,-0.451172
3494,1,-0.1,-0,-0,1,1,1,5.26884,0,0.00958767,-0.00347324,-0.663932,-0.451172
3495,1,-0.1,-0,-0,1,1,1,5.26884,-0.00698132,0.039416,-0.00346453,-0.990893,-0.541406
3496,1,-0.1,-0,-0,1,1,1,5.26884,0,0.0213059,-0.00350908,-0.797563,-0.609082
3497,1,-0.1,-0,-0,1,1,1,5.26884,0,0.0010653,-0.00351769,-0.576053,-0.530127
3498,1,-0.1,-0,-0,1,1,1,5.26884,0,0.0191753,-0.00353329,-0.777323,-0.518848
3499,1,-0.1,-0,-0,1,1,1,5.26884,-0.00523599,0.0010653,-0.00353361,-0.578154,-0.586523
3500,1,-0.1,-0,-0,1,1,1,5.26884,0,0.00639178,-0.00354192,-0.637843,-0.64292
3501,1,-0.1,-0,-0,1,1,1,5.26874,0,-0.0159795,-0.0035325,-0.390516,-0.631641
3502,1,-0.1,-0,-0,1,1,1,5.26874,0.00872665,0.00639178,-0.00349015,-0.63101,-0.417334
3503,1,-0.1,-0,-0,1,1,1,5.26874,-0.00523599,-0.00319589,-0.00352499,-0.530144,-0.597803
3504,1,-0.1,-0,-0,1,1,1,5.26874,0,0.00852238,-0.00352131,-0.658559,-0.654199
3505,1,-0.1,-0,-0,1,1,1,5.26874,-0.00872665,0.00532648,-0.00353336,-0.624995,-0.654199
3506,1,-0.1,-0,-0,1,1,1,5.26874,0,0.0234365,-0.00353957,-0.825026,-0.552686
3507,1,-0.1,-0,-0,1,1,1,5.26874,-0.00872665,6.52306e-19,-0.00352922,-0.565857,-0.597803
3508,1,-0.1,-0,-0,1,1,1,5.26874,0,0.0127836,-0.00353722,-0.707532,-0.451172
3509,1,-0.1,-0,-0,1,1,1,5.26874,0,0.0149142,-0.00356781,-0.735007,-0.530127
3510,1,-0.1,-0,-0,1,1,1,5.26874,0,-0.00745708,-0.00354687,-0.486159,-0.597803
3511,1,-0.1,-0,-0,1,1,1,5.26874,0,-0.00213059,-0.00355441,-0.545745,-0.597803
3512,1,-0.1,-0,-0,1,1,1,5.26874,0,1.04369e-18,-0.00354302,-0.567679,-0.507568
3513,1,-0.1,-0,-0,1,1,1,5.26874,0,0.0010653,-0.00352462,-0.576969,-0.462451
3514,1,-0.1,-0,-0,1,1,1,5.26874,0,-0.010653,-0.00352794,-0.448505,-0.496289
3515,1,-0.1,-0,-0,1,1,1,5.26874,0,-0.00319589,-0.00353063,-0.530889,-0.439893
3516,1,-0.1,-0,-0,1,1,1,5.26874,-0.00698132,0.00532648,-0.00351609,-0.622715,-0.451172
3517,1,-0.1,-0,-0,1,1,1,5.26874,0,-0.00958767,-0.00352018,-0.459199,-0.530127
3518,1,-0.1,-0,-0,1,1,1,5.26874,0,-0.00532648,-0.00354762,-0.509694,-0.518848
3519,1,-0.1,-0,-0,1,1,1,5.26874,0.0174533,0.00319589,-0.00355585,-0.604528,-0.530127
3520,1,-0.1,-0,-0,1,1,1,5.26874,0,0.0245018,-0.00354708,-0.837735,-0.439893
3521,1,-0.1,-0,-0,1,1,1,5.26865,-0.0139626,-0.00958767,-0.00358536,-0.467804,-0.609082
3522,1,-0.1,-0,-0,1,1,1,5.26865,0,-0.0127836,-0.00358102,-0.432075,-0.496289
3523,1,-0.1,-0,-0,1,1,1,5.26874,0,0.00745708,-0.00356651,-0.652807,-0.496289
3524,1,-0.1,-0,-0,1,1,1,5.26874,0,0.0117183,-0.00357097,-0.700269,-0.631641
3525,1,-0.1,-0,-0,1,1,1,5.26865,-0.00872665,-0.00852238,-0.00358518,-0.479497,-0.552686
3526,1,-0.1,-0,-0,1,1,1,5.26865,0,0.0149142,-0.00360697,-0.740176,-0.518848
3527,1,-0.1,-0,-0,1,1,1,5.26865,0,-0.00426119,-0.00360482,-0.528963,-0.609082
3528,1,-0.1,-0,-0,1,1,1,5.26865,0,0.00213059,-0.00364598,-0.604706,-0.64292
3529,1,-0.1,-0,-0,1,1,1,5.26865,0,-0.00319589,-0.00362026,-0.542719,-0.586523
3530,1,-0.1,-0,-0,1,1,1,5.26865,0,0.0127836,-0.00361102,-0.717274,-0.609082
3531,1,-0.1,-0,-0,1,1,1,5.26865,-0.00872665,-0.0138489,-0.00360645,-0.423714,-0.609082
3532,1,-0.1,-0,-0,1,1,1,5.26865,0,0.0202406,-0.0036352,-0.802493,-0.439893
3533,1,-0.1,-0,-0,1,1,1,5.26865,0,0.0191753,-0.00362681,-0.789668,-0.451172
3534,1,-0.1,-0,-0,1,1,1,5.26865,-0.0139626,-0.0127836,-0.00359279,-0.43363,-0.665479
3535,1,-0.1,-0,-0,1,1,1,5.26865,0.00174533,6.52306e-19,-0.00359275,-0.574243,-0.586523
3536,1,-0.1,-0,-0,1,1,1,5.26865,0,0.0138489,-0.00363319,-0.731919,-0.609082
3537,1,-0.1,-0,-0,1,1,1,5.26865,0,0.010653,-0.00365475,-0.699609,-0.552686
3538,1,-0.1,-0,-0,1,1,1,5.26865,-0.00872665,0.0149142,-0.00368428,-0.75038,-0.586523
3539,1,-0.1,-0,-0,1,1,1,5.26865,0,-0.00213059,-0.00369808,-0.56471,-0.620361
3540,1,-0.1,-0,-0,1,1,1,5.26865,0,-0.00958767,-0.00369165,-0.481833,-0.620361
3541,1,-0.1,-0,-0,1,1,1,5.26865,0,-0.0138489,-0.0036915,-0.43494,-0.721875
3542,1,-0.1,-0,-0,1,1,1,5.26865,0.00872665,0.0138489,-0.0037107,-0.74215,-0.552686
3543,1,-0.1,-0,-0,1,1,1,5.26865,0,0.00532648,-0.00367776,-0.644055,-0.360938
3544,1,-0.1,-0,-0,1,1,1,5.26865,-0.0244346,-0.00213059,-0.00365771,-0.559381,-0.507568
3545,1,-0.1,-0,-0,1,1,1,5.26865,0,0.01811,-0.00367022,-0.78368,-0.541406
3546,1,-0.1,-0,-0,1,1,1,5.26865,0,0.00213059,-0.00365373,-0.605729,-0.507568
3547,1,-0.1,-0,-0,1,1,1,5.26865,-0.00872665,-0.010653,-0.00362273,-0.461018,-0.507568
3548,1,-0.1,-0,-0,1,1,1,5.26865,0,0.00639178,-0.00363013,-0.649487,-0.518848
3549,1,-0.1,-0,-0,1,1,1,5.26865,0,0.00213059,-0.00363225,-0.602893,-0.530127
3550,1,-0.1,-0,-0,1,1,1,5.26865,-0.00349066,0.01811,-0.00365109,-0.781154,-0.654199
3551,1,-0.1,-0,-0,1,1,1,5.26865,-0.00698132,0.00852238,-0.00364864,-0.675367,-0.597803
3552,1,-0.1,-0,-0,1,1,1,5.26865,0,-1.95692e-19,-0.00363395,-0.579682,-0.631641
3553,1,-0.1,-0,-0,1,1,1,5.26865,0,0.010653,-0.00366525,-0.700996,-0.620361
3554,1,-0.1,-0,-0,1,1,1,5.26865,0,-0.0117183,-0.00369338,-0.458625,-0.64292
3555,1,-0.1,-0,-0,1,1,1,5.26865,0,-0.01811,-0.00365498,-0.383247,-0.699316
3556,1,-0.1,-0,-0,1,1,1,5.26865,0.010472,0.00852238,-0.00367394,-0.678706,-0.609082
3557,1,-0.1,-0,-0,1,1,1,5.26865,0,-0.00532648,-0.00367595,-0.526634,-0.530127
3558,1,-0.1,-0,-0,1,1,1,5.26865,0,0.0266324,-0.00371491,-0.883324,-0.721875
3559,1,-0.1,-0,-0,1,1,1,5.26855,-0.0226893,-0.00745708,-0.00373048,-0.510395,-0.755713
3560,1,-0.1,-0,-0,1,1,1,5.26855,0.00872665,0.0010653,-0.00375928,-0.607943,-0.575244
3561,1,-0.1,-0,-0,1,1,1,5.26855,0,0.00426119,-0.0037193,-0.637821,-0.507568
3562,1,-0.1,-0,-0,1,1,1,5.26855,-0.00872665,0.0138489,-0.0037582,-0.74842,-0.755713
3563,1,-0.1,-0,-0,1,1,1,5.26855,0,-0.00745708,-0.00377077,-0.515714,-0.563965
3564,1,-0.1,-0,-0,1,1,1,5.26855,0,0.010653,-0.00376649,-0.714359,-0.609082
3565,1,-0.1,-0,-0,1,1,1,5.26855,0,0.00426119,-0.003831,-0.652566,-0.710596
3566,1,-0.1,-0,-0,1,1,1,5.26855,0,-0.00532648,-0.00381213,-0.54461,-0.552686
3567,1,-0.1,-0,-0,1,1,1,5.26855,0,-0.00213059,-0.00385052,-0.584832,-0.778271
3568,1,-0.1,-0,-0,1,1,1,5.26855,0,-0.00958767,-0.0038237,-0.499263,-0.654199
3569,1,-0.1,-0,-0,1,1,1,5.26855,0,0.0138489,-0.00384642,-0.760066,-0.631641
3570,1,-0.1,-0,-0,1,1,1,5.26855,0,0.00852238,-0.00384683,-0.701528,-0.597803
3571,1,-0.1,-0,-0,1,1,1,5.26855,0,0.00213059,-0.00383992,-0.630306,-0.518848
3572,1,-0.1,-0,-0,1,1,1,5.26855,0,-0.00639178,-0.00383078,-0.535353,-0.688037
3573,1,-0.1,-0,-0,1,1,1,5.26855,0,0.00745708,-0.00384607,-0.68971,-0.688037
3574,1,-0.1,-0,-0,1,1,1,5.26855,0,0.00852238,-0.00385104,-0.702083,-0.609082
3575,1,-0.1,-0,-0,1,1,1,5.26846,0,-0.00639178,-0.00385486,-0.538532,-0.676758
3576,1,-0.1,-0,-0,1,1,1,5.26846,0,-0.0170448,-0.00387152,-0.423548,-0.654199
3577,1,-0.1,-0,-0,1,1,1,5.26855,0.015708,-0.00958767,-0.00384033,-0.501459,-0.552686
3578,1,-0.1,-0,-0,1,1,1,5.26855,0,0.010653,-0.00385235,-0.725693,-0.755713
3579,1,-0.1,-0,-0,1,1,1,5.26846,-0.0122173,-0.00958767,-0.00386059,-0.504133,-0.755713
3580,1,-0.1,-0,-0,1,1,1,5.26846,0,0.0191753,-0.00385922,-0.820346,-0.778271
3581,1,-0.1,-0,-0,1,1,1,5.26846,-0.0139626,0.0213059,-0.00388195,-0.846783,-0.688037
3582,1,-0.1,-0,-0,1,1,1,5.26846,0,-0.0191753,-0.00388238,-0.401545,-0.654199
3583,1,-0.1,-0,-0,1,1,1,5.26846,0.0174533,0.00745708,-0.00389106,-0.695648,-0.541406
3584,1,-0.1,-0,-0,1,1,1,5.26846,0,-1.76123e-18,-0.00388999,-0.613479,-0.710596
3585,1,-0.1,-0,-0,1,1,1,5.26846,0,0.0127836,-0.0038727,-0.751816,-0.541406
3586,1,-0.1,-0,-0,1,1,1,5.26846,0,-0.0117183,-0.00388925,-0.484481,-0.597803
3587,1,-0.1,-0,-0,1,1,1,5.26846,0,3.26153e-19,-0.00387482,-0.611476,-0.552686
3588,1,-0.1,-0,-0,1,1,1,5.26846,0,0.0138489,-0.00387605,-0.763975,-0.518848
3589,1,-0.1,-0,-0,1,1,1,5.26846,-0.015708,0.0159795,-0.00388676,-0.788826,-0.665479
3590,1,-0.1,-0,-0,1,1,1,5.26846,0,0.0127836,-0.003897,-0.755023,-0.778271
3591,1,-0.1,-0,-0,1,1,1,5.26846,0,-0.00426119,-0.0038762,-0.564786,-0.552686
3592,1,-0.1,-0,-0,1,1,1,5.26846,0,0.0138489,-0.00389658,-0.766686,-0.620361
3593,1,-0.1,-0,-0,1,1,1,5.26846,-0.0139626,0.00639178,-0.00391496,-0.687085,-0.631641
3594,1,-0.1,-0,-0,1,1,1,5.26846,0,0.0213059,-0.00391502,-0.851149,-0.721875
3595,1,-0.1,-0,-0,1,1,1,5.26836,-0.0383972,-0.00426119,-0.00392502,-0.57123,-0.620361
3596,1,-0.1,-0,-0,1,1,1,5.26846,0.00349066,0.0127836,-0.00391534,-0.757445,-0.586523
3597,1,-0.1,-0,-0,1,1,1,5.26836,-0.00872665,-0.00319589,-0.00394229,-0.585227,-0.552686
3598,1,-0.1,-0,-0,1,1,1,5.26836,0,0.0223712,-0.00393429,-0.86541,-0.575244
3599,1,-0.1,-0,-0,1,1,1,5.26836,-0.015708,-0.010653,-0.00393776,-0.502601,-0.676758
3600,1,-0.1,-0,-0,1,1,1,5.26836,0,0.00426119,-0.00397367,-0.671397,-0.766992
3601,1,-0.1,-0,-0,1,1,1,5.26836,0,0.00639178,-0.00398399,-0.696196,-0.620361
3602,1,-0.1,-0,-0,1,1,1,5.26836,0,0.00745708,-0.00396273,-0.705108,-0.586523
3603,1,-0.1,-0,-0,1,1,1,5.26836,-0.00872665,0.0138489,-0.00397959,-0.777644,-0.620361
3604,1,-0.1,-0,-0,1,1,1,5.26836,0,0.00319589,-0.00400986,-0.664456,-0.665479
3605,1,-0.1,-0,-0,1,1,1,5.26836,0,0.0266324,-0.00401159,-0.922487,-0.541406
3606,1,-0.1,-0,-0,1,1,1,5.26836,0,-0.0127836,-0.00402872,-0.491171,-0.766992
3607,1,-0.1,-0,-0,1,1,1,5.26836,0,0.00639178,-0.00404751,-0.70458,-0.575244
3608,1,-0.1,-0,-0,1,1,1,5.26836,0,-0.0159795,-0.0040208,-0.454971,-0.654199
3609,1,-0.1,-0,-0,1,1,1,5.26836,0,-0.00852238,-0.00402414,-0.53744,-0.586523
3610,1,-0.1,-0,-0,1,1,1,5.26836,-0.00872665,-0.0117183,-0.00406307,-0.507424,-0.857227
3611,1,-0.1,-0,-0,1,1,1,5.26827,0,-0.00639178,-0.00405461,-0.564899,-0.631641
3612,1,-0.1,-0,-0,1,1,1,5.26827,0,-0.0170448,-0.00404802,-0.446846,-0.631641
3613,1,-0.1,-0,-0,1,1,1,5.26827,0,0.00745708,-0.00408938,-0.721826,-0.654199
3614,1,-0.1,-0,-0,1,1,1,5.26817,0,0.00852238,-0.00409816,-0.734704,-0.552686
3615,1,-0.1,-0,-0,1,1,1,5.26817,0,-0.00213059,-0.00409852,-0.617568,-0.778271
3616,1,-0.1,-0,-0,1,1,1,5.26827,0.0122173,-0.0117183,-0.00405981,-0.506994,-0.620361
3617,1,-0.1,-0,-0,1,1,1,5.26827,0,-0.00426119,-0.00402432,-0.584337,-0.575244
3618,1,-0.1,-0,-0,1,1,1,5.26827,0,-0.00426119,-0.0039991,-0.581008,-0.360938
3619,1,-0.1,-0,-0,1,1,1,5.26817,0,-0.00532648,-0.00401426,-0.571292,-0.699316
3620,1,-0.1,-0,-0,1,1,1,5.26817,0,-0.00532648,-0.00403482,-0.574004,-0.597803
3621,1,-0.1,-0,-0,1,1,1,5.26817,0,0.0138489,-0.00404887,-0.786788,-0.609082
3622,1,-0.1,-0,-0,1,1,1,5.26817,0,-1.30461e-18,-0.00405407,-0.635137,-0.766992
3623,1,-0.1,-0,-0,1,1,1,5.26817,0,-0.00213059,-0.00406937,-0.613721,-0.699316
3624,1,-0.1,-0,-0,1,1,1,5.26817,0,0.00319589,-0.00406656,-0.671941,-0.733154
3625,1,-0.1,-0,-0,1,1,1,5.26817,0,0.0213059,-0.0040692,-0.8715,-0.597803
3626,1,-0.1,-0,-0,1,1,1,5.26817,0,1.43507e-18,-0.00405615,-0.635411,-0.518848
3627,1,-0.1,-0,-0,1,1,1,5.26817,0,0.00426119,-0.00409204,-0.687022,-0.597803
3628,1,-0.1,-0,-0,1,1,1,5.26817,0,-0.00319589,-0.00407703,-0.603013,-0.563965
3629,1,-0.1,-0,-0,1,1,1,5.26817,0,0.0010653,-0.00405612,-0.647126,-0.563965
3630,1,-0.1,-0,-0,1,1,1,5.26817,0,0.00532648,-0.00406178,-0.694747,-0.676758
3631,1,-0.1,-0,-0,1,1,1,5.26817,0,-0.0010653,-0.00405646,-0.623735,-0.733154
3632,1,-0.1,-0,-0,1,1,1,5.26817,0,-0.00745708,-0.00408844,-0.557646,-0.597803
3633,1,-0.1,-0,-0,1,1,1,5.26817,0.00872665,0.00319589,-0.00409078,-0.675138,-0.688037
3634,1,-0.1,-0,-0,1,1,1,5.26817,0,0.0010653,-0.00409862,-0.652736,-0.665479
3635,1,-0.1,-0,-0,1,1,1,5.26817,0,0.00426119,-0.00413556,-0.692766,-0.676758
3636,1,-0.1,-0,-0,1,1,1,5.26817,0,0.00639178,-0.00409541,-0.710904,-0.541406
3637,1,-0.1,-0,-0,1,1,1,5.26817,0,-0.0170448,-0.00406982,-0.449724,-0.518848
3638,1,-0.1,-0,-0,1,1,1,5.26807,-0.00872665,0.00213059,-0.00408066,-0.662083,-0.597803
3639,1,-0.1,-0,-0,1,1,1,5.26807,0,-0.0010653,-0.00406248,-0.624529,-0.507568
3640,1,-0.1,-0,-0,1,1,1,5.26807,-0.00872665,-0.0127836,-0.00408104,-0.498078,-0.597803
3641,1,-0.1,-0,-0,1,1,1,5.26807,0.00872665,-0.00319589,-0.00406983,-0.602063,-0.541406
3642,1,-0.1,-0,-0,1,1,1,5.26807,-0.00872665,0.00958767,-0.00403219,-0.737713,-0.710596
3643,1,-0.1,-0,-0,1,1,1,5.26807,-0.0174533,-0.0117183,-0.00403819,-0.50414,-0.778271
3644,1,-0.1,-0,-0,1,1,1,5.26807,0,-0.00426119,-0.00404468,-0.587025,-0.552686
3645,1,-0.1,-0,-0,1,1,1,5.26807,0.00872665,0.0202406,-0.00405024,-0.857278,-0.710596
3646,1,-0.1,-0,-0,1,1,1,5.26807,0.0139626,0.00213059,-0.00405904,-0.65923,-0.721875
3647,1,-0.1,-0,-0,1,1,1,5.26807,0,0.00852238,-0.00403978,-0.726998,-0.462451
3648,1,-0.1,-0,-0,1,1,1,5.26807,-0.015708,0.00532648,-0.00404858,-0.693004,-0.710596
3649,1,-0.1,-0,-0,1,1,1,5.26807,0,0.00426119,-0.00401383,-0.676699,-0.563965
3650,1,-0.1,-0,-0,1,1,1,5.26807,0,-0.00426119,-0.00400819,-0.582208,-0.575244
3651,1,-0.1,-0,-0,1,1,1,5.26807,0,0.00532648,-0.00401962,-0.689181,-0.64292
3652,1,-0.1,-0,-0,1,1,1,5.26807,0,0.0213059,-0.00406213,-0.870567,-0.665479
3653,1,-0.1,-0,-0,1,1,1,5.26807,0,-0.0213059,-0.00405153,-0.400436,-0.631641
3654,1,-0.1,-0,-0,1,1,1,5.26807,0,-0.010653,-0.00404511,-0.516771,-0.597803
3655,1,-0.1,-0,-0,1,1,1,5.26807,0,0.00639178,-0.00401705,-0.70056,-0.64292
3656,1,-0.1,-0,-0,1,1,1,5.26807,0.00523599,0.00958767,-0.00402293,-0.736491,-0.688037
3657,1,-0.1,-0,-0,1,1,1,5.26807,0,-0.0010653,-0.00402988,-0.620225,-0.631641
3658,1,-0.1,-0,-0,1,1,1,5.26807,0,0.010653,-0.00406523,-0.753793,-0.620361
3659,1,-0.1,-0,-0,1,1,1,5.26807,0,0.00213059,-0.00409876,-0.664473,-0.744434
3660,1,-0.1,-0,-0,1,1,1,5.26798,0,0.0138489,-0.00411353,-0.795324,-0.676758
3661,1,-0.1,-0,-0,1,1,1,5.26798,-0.00872665,0.01811,-0.00415941,-0.848253,-0.609082
3662,1,-0.1,-0,-0,1,1,1,5.26798,-0.0174533,-0.00532648,-0.00415193,-0.589463,-0.879785
3663,1,-0.1,-0,-0,1,1,1,5.26798,0,-0.0010653,-0.00415258,-0.636422,-0.766992
3664,1,-0.1,-0,-0,1,1,1,5.26798,0.00872665,-0.01811,-0.00414028,-0.447307,-0.654199
3665,1,-0.1,-0,-0,1,1,1,5.26798,0,-0.00532648,-0.00414137,-0.58807,-0.721875
3666,1,-0.1,-0,-0,1,1,1,5.26798,0,0.0138489,-0.00411308,-0.795264,-0.631641
3667,1,-0.1,-0,-0,1,1,1,5.26798,-0.0174533,0.00745708,-0.00411124,-0.724711,-0.688037
3668,1,-0.1,-0,-0,1,1,1,5.26798,0,0.00639178,-0.00413976,-0.716758,-0.744434
3669,1,-0.1,-0,-0,1,1,1,5.26798,0,-0.0170448,-0.00410463,-0.454318,-0.586523
3670,1,-0.1,-0,-0,1,1,1,5.26798,0,-0.0127836,-0.00408857,-0.499072,-0.654199
3671,1,-0.1,-0,-0,1,1,1,5.26798,0,0.0191753,-0.00409295,-0.851199,-0.733154
3672,1,-0.1,-0,-0,1,1,1,5.26798,0.020944,0.00426119,-0.00407255,-0.68445,-0.563965
3673,1,-0.1,-0,-0,1,1,1,5.26798,0,-0.010653,-0.00406504,-0.519403,-0.518848
3674,1,-0.1,-0,-0,1,1,1,5.26798,0,-0.00319589,-0.00410124,-0.606209,-0.676758
3675,1,-0.1,-0,-0,1,1,1,5.26798,0,0.00319589,-0.00410218,-0.676642,-0.676758
3676,1,-0.1,-0,-0,1,1,1,5.26798,0,-0.00958767,-0.00411254,-0.537391,-0.631641
3677,1,-0.1,-0,-0,1,1,1,5.26798,0,-1.5003e-18,-0.00409092,-0.640001,-0.665479
3678,1,-0.1,-0,-0,1,1,1,5.26788,0,0.010653,-0.00411699,-0.760625,-0.688037
3679,1,-0.1,-0,-0,1,1,1,5.26788,0,0.00426119,-0.00413772,-0.693052,-0.552686
3680,1,-0.1,-0,-0,1,1,1,5.26788,0,-0.00319589,-0.00411839,-0.608472,-0.64292
3681,1,-0.1,-0,-0,1,1,1,5.26798,0,-0.00532648,-0.00411735,-0.584899,-0.586523
3682,1,-0.1,-0,-0,1,1,1,5.26798,0,0.01811,-0.00413912,-0.845574,-0.676758
3683,1,-0.1,-0,-0,1,1,1,5.26788,-0.00349066,0.00639178,-0.00416077,-0.719531,-0.721875
3684,1,-0.1,-0,-0,1,1,1,5.26788,0,-0.00319589,-0.00417488,-0.615929,-0.631641
3685,1,-0.1,-0,-0,1,1,1,5.26788,0,6.52306e-20,-0.00417577,-0.651202,-0.654199
3686,1,-0.1,-0,-0,1,1,1,5.26788,0,-0.0127836,-0.00417728,-0.510781,-0.733154
3687,1,-0.1,-0,-0,1,1,1,5.26788,0,0.0010653,-0.00421052,-0.667507,-0.733154
3688,1,-0.0999995,0.000376571,0.187097,1,1,1,5.26788,0,-0.00213059,-0.00424495,-0.605744,-0.631641
3689,1,-0.0999943,0.00187177,0.40865,1,1,1,5.26788,0.00523599,0.0127836,-0.00424411,-0.71989,-0.518848
3690,1,-0.099979,0.00443977,0.616313,1,1,1,5.26788,-0.015708,-0.0159795,-0.00421177,-0.338198,-0.507568
3691,1,-0.0999483,0.00801239,0.810404,1,1,1,5.26788,0.00872665,-0.00745708,-0.00418868,-0.35743,-0.530127
3692,1,-0.0998972,0.0125323,0.991546,1,1,1,5.26788,0,0.0149142,-0.00415241,-0.517441,-0.417334
3693,1,-0.0998214,0.0179121,1.1592,1,1,1,5.26788,0,0.00213059,-0.00410635,-0.28079,-0.462451
3694,1,-0.0997169,0.0240903,1.31397,1,1,1,5.26798,0,0.0191753,-0.00402546,-0.359656,-0.214307
3695,1,-0.0995795,0.031021,1.45653,1,1,1,5.26798,0.015708,0.0138489,-0.00390271,-0.179385,-0.146631
3696,1,-0.0994056,0.038635,1.58697,1,1,1,5.26807,0,0.0010653,-0.00369207,0.101235,-0.0676758
3697,1,-0.0991921,0.0468715,1.70554,1,1,1,5.26817,0,0.0138489,-0.0035464,0.097952,-0.0112793
3698,1,-0.098936,0.0556704,1.81251,1,1,1,5.26817,0.0174533,0.0202406,-0.00337644,0.173502,0
3699,1,-0.0986345,0.0649776,1.90821,1,1,1,5.26827,0.00349066,0.0117183,-0.00317495,0.422119,0.0225586
3700,1,-0.0982854,0.0747352,1.99291,1,1,1,5.26836,0.0226893,0.00745708,-0.00290615,0.638017,0.135352
3701,1,-0.0978865,0.084889,2.06689,1,1,1,5.26846,0.0296706,0.0266324,-0.00262432,0.602235,0.135352
3702,1,-0.0974353,0.0954004,2.13051,1,1,1,5.26855,0.0296706,0.039416,-0.0022762,0.649716,0.360938
3703,1,-0.0969321,0.106176,2.18385,1,1,1,5.26894,0.0453786,0.0202406,-0.00190046,1.05473,0.845947
3704,1,-0.0963738,0.117208,2.22741,1,1,1,5.26913,0.0383972,0.0490037,-0.00156441,0.929569,0.913623
3705,1,-0.0957597,0.128436,2.26142,1,1,1,5.26961,0.0645772,0.0820279,-0.00127109,0.752466,0.879785
3706,1,-0.0950891,0.139808,2.28615,1,1,1,5.2698,0.0680678,0.0926808,-0.000999548,0.818567,0.823389
3707,1,-0.0943615,0.151281,2.30189,1,1,1,5.27047,0.0959931,0.096942,-0.000721881,0.956006,0.891064
3708,1,-0.0935762,0.162812,2.30894,1,1,1,5.27105,0.146608,0.111856,-0.000493201,0.968784,0.981299
3709,1,-0.0927334,0.174356,2.30757,1,1,1,5.27162,0.155334,0.140619,-0.000332136,0.818575,0.879785
3710,1,-0.0918327,0.185874,2.29808,1,1,1,5.27229,0.122173,0.140619,-0.000148993,0.986048,0.834668
3711,1,-0.0908645,0.197443,2.28054,1,1,1,5.27325,0.195477,0.187492,-2.04008e-06,0.632838,0.755713
3712,1,-0.0898587,0.208679,2.25587,1,1,1,5.27392,0.171042,0.199211,0.000120858,0.657262,0.789551
3713,1,-0.0887873,0.219881,2.22374,1,1,1,5.27498,0.139626,0.19708,0.000240962,0.832131,0.845947
3714,1,-0.0876612,0.230895,2.18467,1,1,1,5.27584,0.23911,0.200276,0.000380328,0.948256,0.936182
3715,1,-0.0864796,0.241707,2.1389,1,1,1,5.27718,0.205949,0.227974,0.000496816,0.788312,0.834668
3716,1,-0.0852441,0.252278,2.0867,1,1,1,5.27814,0.274017,0.241822,0.000577692,0.77128,0.879785
3717,1,-0.0839537,0.262593,2.02827,1,1,1,5.27948,0.233874,0.259932,0.000672939,0.705623,0.812109
3718,1,-0.0826174,0.272563,1.96425,1,1,1,5.28063,0.272271,0.274847,0.000703043,0.660285,0.586523
3719,1,-0.0812264,0.282239,1.89442,1,1,1,5.28226,0.296706,0.26739,0.000732251,0.856087,0.631641
3720,1,-0.0797967,0.291495,1.81979,1,1,1,5.28332,0.26529,0.297218,0.000682059,0.625217,0.744434
3721,1,-0.0783171,0.300395,1.73998,1,1,1,5.28514,0.296706,0.286565,0.000678282,0.840249,0.665479
3722,1,-0.0767949,0.30888,1.65555,1,1,1,5.28639,0.314159,0.302544,0.000680097,0.757846,0.699316
3723,1,-0.0752302,0.316937,1.56669,1,1,1,5.28811,0.305433,0.313197,0.000664584,0.725429,0.597803
3724,1,-0.0736089,0.324618,1.47272,1,1,1,5.28936,0.326377,0.331307,0.000654285,0.606248,0.563965
3725,1,-0.0719846,0.331672,1.37692,1,1,1,5.29137,0.284489,0.329177,0.000617705,0.698074,0.552686
3726,1,-0.0703104,0.338304,1.2767,1,1,1,5.29271,0.383972,0.330242,0.000593825,0.750575,0.518848
3727,1,-0.0686034,0.344429,1.17321,1,1,1,5.29482,0.3735,0.334503,0.000607639,0.767046,0.665479
3728,1,-0.066867,0.350031,1.06677,1,1,1,5.29607,0.277507,0.345156,0.000606367,0.704047,0.563965
3729,1,-0.0651038,0.355093,0.957675,1,1,1,5.29818,0.371755,0.346222,0.000618895,0.741457,0.597803
3730,1,-0.063317,0.359603,0.846238,1,1,1,5.29962,0.361283,0.343026,0.000656023,0.822129,0.823389
3731,1,-0.0615089,0.363552,0.732717,1,1,1,5.30173,0.356047,0.37818,0.000676218,0.471667,0.631641
3732,1,-0.0596826,0.366927,0.617418,1,1,1,5.30307,0.356047,0.37818,0.000676711,0.497354,0.620361
3733,1,-0.0578408,0.369723,0.500618,1,1,1,5.30537,0.34383,0.374985,0.000738485,0.560144,0.778271
3734,1,-0.0559863,0.371932,0.382595,1,1,1,5.3069,0.363028,0.370723,0.000748455,0.619365,0.665479
3735,1,-0.0541223,0.373548,0.263659,1,1,1,5.30901,0.404916,0.347287,0.00075125,0.88101,0.699316
3736,1,-0.0522514,0.374567,0.144064,1,1,1,5.31045,0.336849,0.368593,0.000791208,0.649532,0.620361
3737,1,-0.0503776,0.374988,0.0241674,1,1,1,5.31256,0.389208,0.369658,0.000803668,0.62854,0.64292
3738,1,-0.0485016,0.374808,-0.0958892,1,1,1,5.314,0.335103,0.367527,0.000842344,0.639149,0.575244
3739,1,-0.0466305,0.37403,-0.215558,1,1,1,5.3162,0.378736,0.370723,0.000884445,0.584641,0.676758
3740,1,-0.0447635,0.372654,-0.334785,1,1,1,5.31754,0.315905,0.350483,0.000923342,0.779818,0.518848
3741,1,-0.0429048,0.370683,-0.453212,1,1,1,5.31975,0.413643,0.355809,0.000978432,0.689298,0.586523
3742,1,-0.0410564,0.368122,-0.57061,1,1,1,5.32109,0.331613,0.336634,0.00107173,0.867219,0.766992
3743,1,-0.0392246,0.36498,-0.686482,1,1,1,5.32339,0.352557,0.353679,0.00114153,0.63654,0.733154
3744,1,-0.0374089,0.361262,-0.800746,1,1,1,5.32454,0.282743,0.359005,0.0011599,0.519982,0.496289
3745,1,-0.035613,0.356976,-0.913071,1,1,1,5.32675,0.357792,0.334503,0.00118728,0.725788,0.462451
3746,1,-0.0338402,0.352135,-1.02313,1,1,1,5.32809,0.34383,0.355809,0.00117195,0.415448,0.383496
3747,1,-0.0320926,0.346749,-1.13067,1,1,1,5.3302,0.357792,0.336634,0.00117985,0.547218,0.496289
3748,1,-0.0303733,0.340833,-1.2354,1,1,1,5.33154,0.328122,0.338764,0.00117726,0.436947,0.462451
3749,1,-0.028685,0.3344,-1.337,1,1,1,5.33346,0.336849,0.329177,0.00114821,0.445568,0.248145
3750,1,-0.0270301,0.327468,-1.43521,1,1,1,5.3348,0.338594,0.332373,0.0011278,0.309341,0.225586
3751,1,-0.0254112,0.320055,-1.52972,1,1,1,5.33672,0.324631,0.331307,0.00108705,0.211766,0.417334
3752,1,-0.0238305,0.312178,-1.62027,1,1,1,5.33797,0.282743,0.329177,0.00105232,0.121153,0.236865
3753,1,-0.0222903,0.30386,-1.70655,1,1,1,5.33979,0.279253,0.314263,0.000982778,0.160733,0.0789551
3754,1,-0.0207927,0.295121,-1.78829,1,1,1,5.34094,0.329867,0.292957,0.000969779,0.274862,0.135352
3755,1,-0.0193397,0.285985,-1.86518,1,1,1,5.34276,0.244346,0.276977,0.000965888,0.327729,0.360938
3756,1,-0.0179333,0.276476,-1.93696,1,1,1,5.34372,0.242601,0.271651,0.000989415,0.263662,0.383496
3757,1,-0.0165755,0.266624,-2.00331,1,1,1,5.34525,0.249582,0.248214,0.00104948,0.400814,0.31582
3758,1,-0.0152676,0.256453,-2.06397,1,1,1,5.3464,0.268781,0.235431,0.00112053,0.419416,0.338379
3759,1,-0.0140114,0.245994,-2.11864,1,1,1,5.34774,0.225147,0.241822,0.00114864,0.218243,0.360938
3760,1,-0.0128082,0.235277,-2.16702,1,1,1,5.34851,0.172788,0.239692,0.00117545,0.108171,0.203027
3761,1,-0.0116579,0.224324,-2.20888,1,1,1,5.34985,0.195477,0.216255,0.00122316,0.233748,0.248145
3762,1,-0.0105651,0.2132,-2.24381,1,1,1,5.35052,0.178024,0.185362,0.0013154,0.446973,0.270703
3763,1,-0.0095273,0.201909,-2.27164,1,1,1,5.35168,0.188496,0.183231,0.00144153,0.348342,0.394775
3764,1,-0.0085462,0.190496,-2.29203,1,1,1,5.35244,0.198968,0.156599,0.00159546,0.522882,0.552686
3765,1,-0.00762157,0.178989,-2.30472,1,1,1,5.35331,0.136136,0.176839,0.00167486,0.170968,0.360938
3766,1,-0.00675548,0.167451,-2.30938,1,1,1,5.35388,0.153589,0.174709,0.00179572,0.0722429,0.451172
3767,1,-0.00594779,0.15592,-2.30576,1,1,1,5.35474,0.0541052,0.133162,0.00188772,0.403502,0.428613
3768,1,-0.00519706,0.14442,-2.29355,1,1,1,5.35522,0.158825,0.12677,0.00198629,0.351063,0.428613
3769,1,-0.0045035,0.133,-2.27248,1,1,1,5.35589,0.0890118,0.104399,0.00208896,0.477418,0.372217
3770,1,-0.00386682,0.12171,-2.24225,1,1,1,5.35647,0.122173,0.102269,0.00215819,0.379419,0.417334
3771,1,-0.00328609,0.110593,-2.20257,1,1,1,5.35704,0.101229,0.113987,0.00220944,0.129996,0.428613
3772,1,-0.00276046,0.0996994,-2.15315,1,1,1,5.35743,0.0890118,0.0905502,0.00223047,0.265928,0.349658
3773,1,-0.00228856,0.089076,-2.0937,1,1,1,5.35791,0.101229,0.0958767,0.00226932,0.0938278,0.259424
3774,1,-0.00186872,0.0787686,-2.02389,1,1,1,5.35819,0.0593412,0.0830932,0.00227059,0.120213,0.180469
3775,1,-0.00150024,0.0688565,-1.94363,1,1,1,5.35858,0.0628319,0.0596566,0.00234505,0.281471,0.259424
3776,1,-0.00117988,0.0593617,-1.8524,1,1,1,5.35877,0.0575959,0.0415466,0.00232474,0.376344,0.236865
3777,1,-0.000905809,0.0503508,-1.75,1,1,1,5.35896,0.0698132,0.0415466,0.00232832,0.28346,0.236865
3778,1,-0.000675477,0.0418811,-1.63614,1,1,1,5.35906,0.00872665,0.01811,0.00242031,0.469645,0.349658
3779,1,-0.000485519,0.0339875,-1.51014,1,1,1,5.35925,0.0296706,0.0127836,0.00251001,0.465368,0.259424
3780,1,-0.000334291,0.0267961,-1.37287,1,1,1,5.35935,0.0314159,0.0138489,0.00261967,0.40419,0.518848
3781,1,-0.000216852,0.0203011,-1.22288,1,1,1,5.35944,0,0.0127836,0.00274487,0.379445,0.541406
3782,1,-0.000129973,0.0145882,-1.0603,1,1,1,5.35944,0.00174533,0.00532648,0.00277535,0.422182,0.518848
3783,1,-6.95699e-05,0.00972008,-0.884814,1,1,1,5.35944,0,-0.0170448,0.00283819,0.646086,0.417334
3784,1,-3.12553e-05,0.00576192,-0.696117,1,1,1,5.35944,0,0.00213059,0.00286231,0.420756,0.575244
3785,1,-1.03192e-05,0.00278109,-0.493956,1,1,1,5.35954,0,0.0234365,0.00289933,0.187896,0.541406
3786,1,-1.70295e-06,0.00084533,-0.278027,1,1,1,5.35954,0,0.0170448,0.00287683,0.263242,0.349658
3787,1,-8.13044e-09,2.42113e-05,-0.0480168,1,1,1,5.35954,0,0.0010653,0.00290394,0.465094,0.462451
3788,1,0,0,0,1,1,1,5.35954,0,0.00745708,0.00292897,0.404597,0.541406
3789,1,0,0,0,1,1,1,5.35954,-0.00174533,0.00532648,0.00289205,0.42316,0.31582
3790,1,0,0,0,1,1,1,5.35954,0,-0.0010653,0.00290004,0.494524,0.428613
3791,1,0,0,0,1,1,1,5.35954,0,-0.00426119,0.00289656,0.529219,0.518848
3792,1,0,0,0,1,1,1,5.35954,0,-0.00532648,0.00289111,0.540218,0.518848
3793,1,0,0,0,1,1,1,5.35954,0,0.00639178,0.00287314,0.408944,0.530127
3794,1,0,0,0,1,1,1,5.35954,-0.00872665,-0.00639178,0.00289729,0.552751,0.417334
3795,1,0,0,0,1,1,1,5.35954,0,-0.0159795,0.00293604,0.663331,0.304541
3796,1,0,0,0,1,1,1,5.35963,0.0191986,0.00532648,0.00289684,0.423792,0.394775
3797,1,0,0,0,1,1,1,5.35954,0,0.00958767,0.00290722,0.378289,0.541406
3798,1,0,0,0,1,1,1,5.35954,0,0.00745708,0.00285937,0.395409,0.417334
3799,1,0,0,0,1,1,1,5.35954,0,0.00426119,0.00284726,0.428966,0.417334
3800,1,0,0,0,1,1,1,5.35954,0,-0.00745708,0.00284562,0.55765,0.518848
3801,1,0,0,0,1,1,1,5.35954,0,-0.00532648,0.00282546,0.531552,0.462451
3802,1,0,0,0,1,1,1,5.35954,0,0.0149142,0.0028292,0.309399,0.518848
3803,1,0,0,0,1,1,1,5.35954,-0.00872665,0.0127836,0.00281614,0.331111,0.462451
3804,1,0,0,0,1,1,1,5.35954,0,-0.010653,0.00284311,0.592473,0.575244
3805,1,0,0,0,1,1,1,5.35963,0.010472,-0.00213059,0.00281102,0.494491,0.383496
3806,1,0,0,0,1,1,1,5.35954,0.00872665,0.010653,0.00278909,0.350977,0.563965
3807,1,0,0,0,1,1,1,5.35954,0,0.00213059,0.00276414,0.44143,0.281982
3808,1,0,0,0,1,1,1,5.35954,0,-0.00213059,0.00275477,0.487066,0.406055
3809,1,0,0,0,1,1,1,5.35954,0,0.0191753,0.00273271,0.249789,0.439893
3810,1,0,0,0,1,1,1,5.35954,0,-0.00532648,0.00274774,0.521293,0.462451
3811,1,0,0,0,1,1,1,5.35963,0,-0.00426119,0.00275259,0.510215,0.462451
3812,1,0,0,0,1,1,1,5.35963,0.00872665,0.01811,0.00273048,0.261212,0.406055
3813,1,0,0,0,1,1,1,5.35954,0,-0.0010653,0.00274217,0.473685,0.417334
3814,1,0,0,0,1,1,1,5.35954,0,-0.00745708,0.00273232,0.542694,0.338379
3815,1,0,0,0,1,1,1,5.35963,0,5.87076e-19,0.0027466,0.462552,0.47373
3816,1,0,0,0,1,1,1,5.35963,0.00872665,-0.00745708,0.00272843,0.542181,0.406055
3817,1,0,0,0,1,1,1,5.35963,0.015708,0.00958767,0.00273412,0.355439,0.3271
3818,1,0,0,0,1,1,1,5.35963,0,-0.00958767,0.00273382,0.566328,0.451172
3819,1,0,0,0,1,1,1,5.35963,0,0.0149142,0.00272972,0.296267,0.541406
3820,1,0,0,0,1,1,1,5.35963,0,-0.00852238,0.00269976,0.550115,0.417334
3821,1,0,0,0,1,1,1,5.35963,0.00349066,0.00213059,0.0027096,0.434231,0.552686
3822,1,0,0,0,1,1,1,5.35954,-0.0453786,-0.0010653,0.00267145,0.464349,0.236865
3823,1,0,0,0,1,1,1,5.35963,0,0.00319589,0.0026533,0.41508,0.236865
3824,1,0,0,0,1,1,1,5.35963,0.00872665,0.010653,0.00261821,0.32842,0.236865
3825,1,0,0,0,1,1,1,5.35963,0,0.00958767,0.0026267,0.34126,0.541406
3826,1,0,0,0,1,1,1,5.35963,0,0.0149142,0.0026163,0.281296,0.451172
3827,1,0,0,0,1,1,1,5.35963,-0.00872665,0.00213059,0.00262776,0.423428,0.304541
3828,1,0,0,0,1,1,1,5.35963,0.0191986,0.0202406,0.00262543,0.223909,0.496289
3829,1,0,0,0,1,1,1,5.35963,-0.0191986,-0.00426119,0.00261614,0.492204,0.451172
3830,1,0,0,0,1,1,1,5.35963,0,-0.00319589,0.00256086,0.473188,0.394775
3831,1,0,0,0,1,1,1,5.35963,0.00349066,0.0170448,0.00256244,0.25075,0.451172
3832,1,0,0,0,1,1,1,5.35963,0,-0.00639178,0.00257419,0.510102,0.394775
3833,1,0,0,0,1,1,1,5.35963,0,0.0223712,0.00252777,0.187583,0.406055
3834,1,0,0,0,1,1,1,5.35963,0,0.0138489,0.00250006,0.277671,0.383496
3835,1,0,0,0,1,1,1,5.35963,0,0.0010653,0.00252759,0.421924,0.597803
3836,1,0,0,0,1,1,1,5.35963,-0.0244346,-0.00745708,0.00250303,0.512428,0.338379
3837,1,0,0,0,1,1,1,5.35963,0.00872665,-0.00319589,0.0025053,0.465855,0.507568
3838,1,0,0,0,1,1,1,5.35963,0,0.00319589,0.0024883,0.3933,0.451172
3839,1,0,0,0,1,1,1,5.35963,0,-0.00319589,0.00245403,0.459086,0.372217
3840,1,0,0,0,1,1,1,5.35963,0,-0.00319589,0.00246101,0.460008,0.3271
3841,1,0,0,0,1,1,1,5.35963,0,0.010653,0.00243481,0.304212,0.349658
3842,1,0,0,0,1,1,1,5.35963,0.00872665,0.01811,0.0023807,0.215041,0.281982
3843,1,0,0,0,1,1,1,5.35963,0,-1.30461e-19,0.00239825,0.416569,0.372217
3844,1,0,0,0,1,1,1,5.35963,0,-7.17537e-19,0.00238376,0.414657,0.372217
3845,1,0,0,0,1,1,1,5.35963,0,-0.00426119,0.00238621,0.461853,0.48501
3846,1,0,0,0,1,1,1,5.35963,0,-0.00213059,0.00233345,0.431452,0.3271
3847,1,0,0,0,1,1,1,5.35963,0,-0.010653,0.00232654,0.524286,0.349658
3848,1,0,0,0,1,1,1,5.35963,0,-0.00745708,0.00233202,0.489854,0.417334
3849,1,0,0,0,1,1,1,5.35963,0,-0.00213059,0.00236196,0.435216,0.575244
3850,1,0,0,0,1,1,1,5.35963,0,-0.00745708,0.00234419,0.491461,0.349658
3851,1,0,0,0,1,1,1,5.35963,0,-0.00319589,0.00235295,0.445744,0.394775
3852,1,0,0,0,1,1,1,5.35963,0,-0.00213059,0.00232367,0.430161,0.394775
3853,1,0,0,0,1,1,1,5.35963,0,-0.0127836,0.00234071,0.549593,0.462451
3854,1,0,0,0,1,1,1,5.35963,0,0.00319589,0.00233108,0.372548,0.360938
3855,1,0,0,0,1,1,1,5.35963,0,0.0255671,0.00230054,0.122415,0.462451
3856,1,0,0,0,1,1,1,5.35954,-0.0122173,-0.00958767,0.00229074,0.507842,0.236865
3857,1,0,0,0,1,1,1,5.35963,0,-0.00745708,0.00229354,0.484775,0.349658
3858,1,0,0,0,1,1,1,5.35963,-0.00872665,-0.0191753,0.00231704,0.616778,0.451172
3859,1,0,0,0,1,1,1,5.35963,0,0.0138489,0.00230371,0.251752,0.349658
3860,1,0,0,0,1,1,1,5.35963,0,0.00319589,0.00230133,0.36862,0.281982
3861,1,0,0,0,1,1,1,5.35963,0,0.0159795,0.00228026,0.22522,0.383496
3862,1,0,0,0,1,1,1,5.35963,-0.00872665,0.00745708,0.002259,0.31616,0.236865
3863,1,0,0,0,1,1,1,5.35963,0,-0.00745708,0.0022456,0.478447,0.3271
3864,1,0,0,0,1,1,1,5.35963,0,0.0234365,0.00224955,0.139138,0.236865
3865,1,0,0,0,1,1,1,5.35963,-0.0139626,-0.00319589,0.00225203,0.432423,0.496289
3866,1,0,0,0,1,1,1,5.35963,0,-0.00426119,0.00224518,0.443236,0.462451
3867,1,0,0,0,1,1,1,5.35963,0,0.0010653,0.00223395,0.383164,0.417334
3868,1,0,0,0,1,1,1,5.35963,0,0.00532648,0.00222775,0.335472,0.518848
3869,1,0,0,0,1,1,1,5.35963,0,-0.00319589,0.0021951,0.424907,0.214307
3870,1,0,0,0,1,1,1,5.35963,0,0.0010653,0.00214867,0.371906,0.349658
3871,1,0,0,0,1,1,1,5.35963,0,-0.0138489,0.00215582,0.536906,0.3271
3872,1,0,0,0,1,1,1,5.35963,0,0.010653,0.0021128,0.261707,0.428613
3873,1,0,0,0,1,1,1,5.35954,0,-0.010653,0.00213467,0.49896,0.169189
3874,1,0,0,0,1,1,1,5.35963,0.00872665,0.00426119,0.00212118,0.333123,0.406055
3875,1,0,0,0,1,1,1,5.35963,0,0.00213059,0.00214339,0.359491,0.406055
3876,1,0,0,0,1,1,1,5.35963,0,0.00213059,0.00210061,0.353844,0.3271
3877,1,0,0,0,1,1,1,5.35954,0,0.00639178,0.00208056,0.304324,0.31582
3878,1,0,0,0,1,1,1,5.35954,0,-0.0149142,0.00207395,0.537817,0.281982
3879,1,0,0,0,1,1,1,5.35963,0.010472,-0.0010653,0.00209259,0.38794,0.270703
3880,1,0,0,0,1,1,1,5.35963,0.0296706,0.01811,0.0020425,0.170399,0.451172
3881,1,0,0,0,1,1,1,5.35954,0,0.00213059,0.00204672,0.34673,0.406055
3882,1,0,0,0,1,1,1,5.35963,0,0.00532648,0.00205477,0.312639,0.304541
3883,1,0,0,0,1,1,1,5.35963,0,-0.00745708,0.00205924,0.453848,0.47373
3884,1,0,0,0,1,1,1,5.35963,0,-0.00319589,0.00206757,0.408074,0.3271
3885,1,0,0,0,1,1,1,5.35963,0,-0.0117183,0.00208227,0.503761,0.383496
3886,1,0,0,0,1,1,1,5.35963,0,-0.00958767,0.00211628,0.484813,0.270703
3887,1,0,0,0,1,1,1,5.35963,0,0.0117183,0.00209219,0.247268,0.31582
3888,1,0,0,0,1,1,1,5.35963,0,0.00745708,0.00206898,0.291078,0.259424
3889,1,0,0,0,1,1,1,5.35963,0,0.00213059,0.00208269,0.351479,0.394775
3890,1,0,0,0,1,1,1,5.35963,0,0.0138489,0.00207392,0.22142,0.360938
3891,1,0,0,0,1,1,1,5.35963,0,0.00639178,0.0020837,0.304739,0.417334
3892,1,0,0,0,1,1,1,5.35963,0,0.0170448,0.00208626,0.187868,0.47373
3893,1,0,0,0,1,1,1,5.35963,-0.015708,0.010653,0.00208117,0.257532,0.439893
3894,1,0,0,0,1,1,1,5.35963,0,-0.01811,0.0020609,0.571249,0.236865
3895,1,0,0,0,1,1,1,5.35963,0.010472,-0.0149142,0.00204489,0.533982,0.15791
3896,1,0,0,0,1,1,1,5.35963,0.0418879,0.0010653,0.00205976,0.360171,0.31582
3897,1,0,0,0,1,1,1,5.35963,0,0.00213059,0.00207642,0.350651,0.48501
3898,1,0,0,0,1,1,1,5.35954,-0.0383972,-0.0149142,0.00202828,0.531788,0.360938
3899,1,0,0,0,1,1,1,5.35963,0.015708,0.010653,0.00201637,0.248979,0.360938
3900,1,0,0,0,1,1,1,5.35954,-0.0139626,0.0202406,0.00200519,0.142038,0.236865
3901,1,0,0,0,1,1,1,5.35954,-0.0139626,0.01811,0.00201011,0.166124,0.191748
3902,1,0,0,0,1,1,1,5.35963,0,-0.0191753,0.00196467,0.570265,0.112793
3903,1,0,0,0,1,1,1,5.35963,0.0174533,0.00319589,0.00193563,0.320348,0.349658
3904,1,0,0,0,1,1,1,5.35954,0,-0.00319589,0.00191813,0.388347,0.48501
3905,1,0,0,0,1,1,1,5.35954,0,0.00532648,0.00186431,0.287498,0.146631
3906,1,0,0,0,1,1,1,5.35954,0,-0.0117183,0.00184763,0.472788,0.225586
3907,1,0,0,0,1,1,1,5.35963,0.00349066,0.0170448,0.00184537,0.156097,0.259424
3908,1,0,0,0,1,1,1,5.35963,0,0.00213059,0.0018136,0.315959,0.259424
3909,1,0,0,0,1,1,1,5.35954,0,0.01811,0.00178502,0.136413,0.135352
3910,1,0,0,0,1,1,1,5.35954,0,0.0170448,0.00175536,0.144216,0.270703
3911,1,0,0,0,1,1,1,5.35954,0,-0.00639178,0.00174057,0.400065,0.293262
3912,1,0,0,0,1,1,1,5.35954,0,-0.00639178,0.00176621,0.403449,0.203027
3913,1,0,0,0,1,1,1,5.35963,0,-0.0149142,0.00172813,0.492169,0.135352
3914,1,0,0,0,1,1,1,5.35963,0.010472,0.0308936,0.00174414,-0.00960375,0.3271
3915,1,0,0,0,1,1,1,5.35954,0,-0.00319589,0.00170581,0.360322,0.203027
3916,1,0,0,0,1,1,1,5.35954,0,-0.00639178,0.00169793,0.394437,0.349658
3917,1,0,0,0,1,1,1,5.35954,0,-0.0010653,0.00170019,0.336144,0.135352
3918,1,0,0,0,1,1,1,5.35954,0.00698132,0.010653,0.0017087,0.208366,0.293262
3919,1,0,0,0,1,1,1,5.35954,0,0.00426119,0.00166786,0.273284,0.225586
3920,1,0,0,0,1,1,1,5.35954,0,0.00532648,0.00166481,0.261164,0.203027
3921,1,0,0,0,1,1,1,5.35954,0,-0.0127836,0.00170277,0.465385,0.304541
3922,1,0,0,0,1,1,1,5.35954,-0.0261799,0.0127836,0.00172843,0.187534,0.236865
3923,1,0,0,0,1,1,1,5.35954,-0.0767945,-0.00639178,0.00172191,0.397601,0.394775
3924,1,0,0,0,1,1,1,5.35963,0.0366519,0.0010653,0.00171026,0.314036,0.236865
3925,1,0,0,0,1,1,1,5.35963,0,-0.00745708,0.00169905,0.406303,0.225586
3926,1,0,0,0,1,1,1,5.35963,-0.00872665,-0.01811,0.0017045,0.524205,0.225586
3927,1,0,0,0,1,1,1,5.35963,0,-0.00852238,0.00169889,0.417999,0.146631
3928,1,0,0,0,1,1,1,5.35954,0,-0.00213059,0.00169429,0.347083,0.293262
3929,1,0,0,0,1,1,1,5.35963,0.00174533,-0.028763,0.00172574,0.644191,0.383496
3930,1,0,0,0,1,1,1,5.35963,0,0.00213059,0.00169541,0.300115,0.518848
3931,1,0,0,0,1,1,1,5.35954,0.0139626,0.00639178,0.0016782,0.251213,0.270703
3932,1,0,0,0,1,1,1,5.35963,-0.015708,-0.010653,0.00168765,0.439952,0.428613
3933,1,0,0,0,1,1,1,5.35963,0,0.00319589,0.00167154,0.285489,0.248145
3934,1,0,0,0,1,1,1,5.35963,0,-0.0010653,0.00166604,0.331636,0.191748
3935,1,0,0,0,1,1,1,5.35963,-0.00174533,0.00319589,0.00164734,0.282295,0.214307
3936,1,0,0,0,1,1,1,5.35963,0,0.00213059,0.00164212,0.293323,0.281982
3937,1,0,0,0,1,1,1,5.35963,0,0.0117183,0.00162958,0.186203,0.338379
3938,1,0,0,0,1,1,1,5.35963,0,-0.0159795,0.0016395,0.492188,0.146631
3939,1,0,0,0,1,1,1,5.35963,0.00872665,0.00639178,0.00167935,0.251364,0.293262
3940,1,0,0,0,1,1,1,5.35963,0,-0.0202406,0.00168334,0.544847,0.338379
3941,1,0,0,0,1,1,1,5.35963,0,-0.00745708,0.00168889,0.404961,0.293262
3942,1,0,0,0,1,1,1,5.35963,0.015708,-0.0127836,0.00167269,0.461414,0.236865
3943,1,0,0,0,1,1,1,5.35963,0.0122173,0.00426119,0.00166016,0.272267,0.225586
3944,1,0,0,0,1,1,1,5.35963,0,-0.00958767,0.00165288,0.423644,0.259424
3945,1,0,0,0,1,1,1,5.35954,0,-0.00426119,0.00165902,0.365864,0.225586
3946,1,0,0,0,1,1,1,5.35963,0.015708,0.0127836,0.00165334,0.177621,0.360938
3947,1,0,0,0,1,1,1,5.35954,0,-0.00426119,0.00165166,0.364892,0.270703
3948,1,0,0,0,1,1,1,5.35963,0,-0.0127836,0.00164847,0.458217,0.236865
3949,1,0,0,0,1,1,1,5.35963,0,-0.00745708,0.00166226,0.401446,0.248145
3950,1,0,0,0,1,1,1,5.35963,0,0.00745708,0.00159809,0.228635,0.372217
3951,1,0,0,0,1,1,1,5.35954,0.0139626,0.00319589,0.00161077,0.277467,0.270703
3952,1,0,0,0,1,1,1,5.35954,-0.0174533,-0.00426119,0.00159514,0.357431,0.293262
3953,1,0,0,0,1,1,1,5.35954,0,0.00852238,0.00159542,0.216849,0.203027
3954,1,0,0,0,1,1,1,5.35954,0,0.0010653,0.00157945,0.296746,0.31582
3955,1,0,0,0,1,1,1,5.35954,0,0.00958767,0.00157743,0.202757,0.225586
3956,1,0,0,0,1,1,1,5.35954,0,-0.0149142,0.00155122,0.468816,0.214307
3957,1,0,0,0,1,1,1,5.35954,0.00872665,-0.010653,0.00152145,0.418014,0.248145
3958,1,0,0,0,1,1,1,5.35954,0,-0.00639178,0.00151436,0.370205,0.293262
3959,1,0,0,0,1,1,1,5.35954,0,-0.00319589,0.00146255,0.328212,0.225586
3960,1,0,0,0,1,1,1,5.35954,0.00174533,-0.00532648,0.00149312,0.355683,0.394775
3961,1,0,0,0,1,1,1,5.35954,0,-0.00319589,0.0014848,0.331149,0.203027
3962,1,0,0,0,1,1,1,5.35954,0,0.010653,0.00148429,0.178743,0.180469
3963,1,0,0,0,1,1,1,5.35954,0,-1.04369e-18,0.00148745,0.296344,0.394775
3964,1,0,0,0,1,1,1,5.35954,0,-0.00213059,0.00146763,0.317164,0.349658
3965,1,0,0,0,1,1,1,5.35954,0,-0.01811,0.00147229,0.493553,0.169189
3966,1,0,0,0,1,1,1,5.35954,0,0.00319589,0.00146623,0.258387,0.180469
3967,1,0,0,0,1,1,1,5.35954,0,0.0010653,0.00145471,0.280303,0.214307
3968,1,0,0,0,1,1,1,5.35954,0,0.00958767,0.00142076,0.182036,0.135352
3969,1,0,0,0,1,1,1,5.35954,0,0.0010653,0.00141749,0.275391,0.112793
3970,1,0,0,0,1,1,1,5.35954,0,0.0138489,0.00139059,0.131221,0.135352
3971,1,0,0,0,1,1,1,5.35954,0,-0.0010653,0.00138972,0.294859,0.270703
3972,1,0,0,0,1,1,1,5.35954,-0.020944,-0.00319589,0.00139417,0.319186,0.169189
3973,1,0,0,0,1,1,1,5.35954,0,0.0010653,0.00137714,0.270065,0.135352
3974,1,0,0,0,1,1,1,5.35954,0,0.0117183,0.00137623,0.152761,0.203027
3975,1,0,0,0,1,1,1,5.35954,0,-0.0117183,0.00134746,0.406766,0.146631
3976,1,0,0,0,1,1,1,5.35954,0,0.00639178,0.00131515,0.20329,0.169189
3977,1,0,0,0,1,1,1,5.35954,0,0.00319589,0.00127873,0.233605,0.101514
3978,1,0,0,0,1,1,1,5.35954,0,-0.00426119,0.00125711,0.312812,0.203027
3979,1,0,0,0,1,1,1,5.35954,0,0.0117183,0.00123213,0.13374,0.248145
3980,1,0,0,0,1,1,1,5.35954,0,0.00852238,0.001201,0.164786,0.112793
3981,1,0,0,0,1,1,1,5.35954,0,-0.00319589,0.00119259,0.292416,0.293262
3982,1,0,0,0,1,1,1,5.35954,0,-0.0138489,0.00120979,0.41203,0.135352
3983,1,0,0,0,1,1,1,5.35954,0,0.0138489,0.00122832,0.109801,0.214307
3984,1,0,0,0,1,1,1,5.35954,0,-0.00213059,0.00125416,0.288985,0.236865
3985,1,0,0,0,1,1,1,5.35954,0,-0.0191753,0.0012475,0.475599,0.281982
3986,1,0,0,0,1,1,1,5.35954,0,0.0159795,0.0012404,0.087959,0.31582
3987,1,0,0,0,1,1,1,5.35954,0,-0.0170448,0.00120006,0.4459,0.135352
