index,/gimbal/yaw_sweep/active,/gimbal/yaw_sweep/target_offset,/gimbal/yaw_sweep/reference_velocity,/gimbal/yaw_sweep/reference_acceleration,/gimbal/yaw_sweep/feedforward_scale,/gimbal/yaw_sweep/remote_ready,/gimbal/yaw_sweep/right_switch,/gimbal/yaw/angle,/gimbal/yaw/velocity,/gimbal/yaw/velocity_imu,/gimbal/yaw/control_angle_error,/gimbal/yaw/control_torque,/gimbal/yaw/torque
3061,1,0,0,0,1,1,1,5.33269,0,0.00319589,3.59007e-06,-0.134189,-0.834668
3062,1,0,0,0,1,1,1,5.33279,0.0575959,0.00532648,-2.15477e-05,-0.161436,-0.360938
3063,1,0,0,0,1,1,1,5.33279,0.00872665,0.00532648,-4.82503e-05,-0.164851,-0.270703
3064,1,0,0,0,1,1,1,5.33279,0.00174533,0.0191753,-4.0847e-05,-0.315623,-0.214307
3065,1,0,0,0,1,1,1,5.33288,0,0.0255671,-0.000118821,-0.396923,-0.203027
3066,1,0,0,0,1,1,1,5.33288,0.00523599,0.0234365,-0.000204825,-0.384797,-0.270703
3067,1,0,0,0,1,1,1,5.33298,0,0.0255671,-0.00025303,-0.414638,-0.214307
3068,1,0,0,0,1,1,1,5.33298,0,0.010653,-0.000334932,-0.261394,-0.146631
3069,1,0,0,0,1,1,1,5.33308,0.0174533,-0.00745708,-0.00038506,-0.0688,-0.3271
3070,1,0,0,0,1,1,1,5.33308,0,-0.00852238,-0.000408768,-0.0602113,-0.304541
3071,1,0,0,0,1,1,1,5.33317,0.0174533,0.0010653,-0.000395638,-0.163931,-0.203027
3072,1,0,0,0,1,1,1,5.33317,0.00872665,0.0234365,-0.000392699,-0.409534,-0.203027
3073,1,0,0,0,1,1,1,5.33317,0,-0.00745708,-0.00041296,-0.0724828,-0.191748
3074,1,0,0,0,1,1,1,5.33317,0,-0.00532648,-0.00040249,-0.0945373,-0.203027
3075,1,0,0,0,1,1,1,5.33317,0,0.01811,-0.000401782,-0.35194,-0.214307
3076,1,0,0,0,1,1,1,5.33317,0,-0.00532648,-0.000438616,-0.099306,-0.203027
3077,1,0,0,0,1,1,1,5.33317,0,0.00852238,-0.000447581,-0.252827,-0.191748
3078,1,0,0,0,1,1,1,5.33317,0,-0.0010653,-0.000450045,-0.147688,-0.180469
3079,1,0,0,0,1,1,1,5.33317,0,0.00532648,-0.000469517,-0.220568,-0.191748
3080,1,0,0,0,1,1,1,5.33317,0,-0.00745708,-0.000461751,-0.0789232,-0.203027
3081,1,0,0,0,1,1,1,5.33317,0,0.00426119,-0.000477585,-0.209914,-0.203027
3082,1,0,0,0,1,1,1,5.33317,0,-3.26153e-19,-0.000463876,-0.161232,-0.191748
3083,1,0,0,0,1,1,1,5.33317,0,-0.0010653,-0.000456776,-0.148576,-0.180469
3084,1,0,0,0,1,1,1,5.33317,0,-0.0138489,-0.00048563,-0.0117658,-0.203027
3085,1,0,0,0,1,1,1,5.33317,0,-0.00639178,-0.00049646,-0.0952231,-0.191748
3086,1,0,0,0,1,1,1,5.33317,0,0.00426119,-0.0005402,-0.218179,-0.180469
3087,1,0,0,0,1,1,1,5.33317,0,0.010653,-0.000579861,-0.293724,-0.191748
3088,1,0,0,0,1,1,1,5.33317,0,-0.00745708,-0.000589033,-0.0957245,-0.203027
3089,1,0,0,0,1,1,1,5.33317,0,0.0010653,-0.00058009,-0.18829,-0.191748
3090,1,0,0,0,1,1,1,5.33317,0,0.00532648,-0.000617098,-0.240048,-0.203027
3091,1,0,0,0,1,1,1,5.33317,0,-0.0010653,-0.000619701,-0.170082,-0.270703
3092,1,0,0,0,1,1,1,5.33317,0,0.00958767,-0.000583794,-0.282151,-0.0676758
3093,1,0,0,0,1,1,1,5.33317,0,-0.0010653,-0.000572775,-0.163888,-0.191748
3094,1,0,0,0,1,1,1,5.33317,0,0.00532648,-0.000583532,-0.235618,-0.281982
3095,1,0,0,0,1,1,1,5.33317,0,0.00745708,-0.000557176,-0.255341,-0.180469
3096,1,0,0,0,1,1,1,5.33317,0,0.00745708,-0.000558316,-0.255726,-0.191748
3097,1,0,0,0,1,1,1,5.33317,0,-0.0127836,-0.00058218,-0.0362229,-0.191748
3098,1,0,0,0,1,1,1,5.33317,0,1.63077e-18,-0.000608915,-0.180377,-0.203027
3099,1,0,0,0,1,1,1,5.33317,0,-0.0127836,-0.000634468,-0.0431142,-0.248145
3100,1,0,0,0,1,1,1,5.33317,0,-0.00532648,-0.000616271,-0.122756,-0.191748
3101,1,0,0,0,1,1,1,5.33317,0,0.00745708,-0.000607299,-0.261995,-0.180469
3102,1,0,0,0,1,1,1,5.33317,0,0.0149142,-0.000633539,-0.347683,-0.180469
3103,1,0,0,0,1,1,1,5.33317,0,0.00745708,-0.000641009,-0.266624,-0.191748
3104,1,0,0,0,1,1,1,5.33317,0,-2.60922e-19,-0.000674648,-0.189053,-0.0676758
3105,1,0,0,0,1,1,1,5.33317,0,0.00958767,-0.000733329,-0.302264,-0.236865
3106,1,0,0,0,1,1,1,5.33317,0,-0.0010653,-0.00078028,-0.191279,-0.259424
3107,1,0,0,0,1,1,1,5.33317,0,-0.0138489,-0.000774053,-0.0497492,-0.259424
3108,1,0,0,0,1,1,1,5.33317,0,-2.60922e-19,-0.000821941,-0.208496,-0.259424
3109,1,0,0,0,1,1,1,5.33317,0,0.00745708,-0.000836752,-0.292423,-0.304541
3110,1,0,0,0,1,1,1,5.33317,0,-0.0127836,-0.000842493,-0.0705899,-0.180469
3111,1,0,0,0,1,1,1,5.33317,0,0.00639178,-0.000824885,-0.279194,-0.203027
3112,1,0,0,0,1,1,1,5.33317,0,0.00958767,-0.000828041,-0.314766,-0.281982
3113,1,0,0,0,1,1,1,5.33317,0,-0.0117183,-0.000862903,-0.0850023,-0.135352
3114,1,0,0,0,1,1,1,5.33317,0,0.00745708,-0.000872566,-0.297207,-0.191748
3115,1,0,0,0,1,1,1,5.33317,0,-0.00213059,-0.000894045,-0.194577,-0.203027
3116,1,0,0,0,1,1,1,5.33317,0,-0.0149142,-0.000868731,-0.0506168,-0.225586
3117,1,0,0,0,1,1,1,5.33317,0,0.00426119,-0.000864178,-0.260945,-0.214307
3118,1,0,0,0,1,1,1,5.33317,0,0.00745708,-0.000879516,-0.298124,-0.124072
3119,1,0,0,0,1,1,1,5.33317,0,0.00426119,-0.000873182,-0.262133,-0.236865
3120,1,0,0,0,1,1,1,5.33317,0,-0.00532648,-0.00085793,-0.154655,-0.146631
3121,1,0,0,0,1,1,1,5.33317,0,0.00213059,-0.000874436,-0.238862,-0.124072
3122,1,0,0,0,1,1,1,5.33317,0,-0.00213059,-0.000876241,-0.192227,-0.146631
3123,1,0,0,0,1,1,1,5.33317,0,0.0127836,-0.000887237,-0.357734,-0.214307
3124,1,0,0,0,1,1,1,5.33317,0,-0.00852238,-0.000874451,-0.121596,-0.270703
3125,1,0,0,0,1,1,1,5.33317,0,-0.0127836,-0.000871946,-0.0744777,-0.135352
3126,1,0,0,0,1,1,1,5.33317,0,-0.0117183,-0.000851614,-0.0835121,-0.248145
3127,1,0,0,0,1,1,1,5.33317,0,-0.0010653,-0.000880612,-0.204523,-0.338379
3128,1,0,0,0,1,1,1,5.33317,0,0.010653,-0.000886449,-0.334194,-0.101514
3129,1,0,0,0,1,1,1,5.33317,0,0.00213059,-0.000932658,-0.246547,-0.259424
3130,1,0,0,0,1,1,1,5.33317,0,0.00213059,-0.00091666,-0.244285,-0.338379
3131,1,0,0,0,1,1,1,5.33317,0,3.26153e-19,-0.000945095,-0.224752,-0.338379
3132,1,0,0,0,1,1,1,5.33317,0,0.0127836,-0.000963533,-0.367806,-0.281982
3133,1,0,0,0,1,1,1,5.33317,0,0.0223712,-0.00101786,-0.480441,-0.338379
3134,1,0,0,0,1,1,1,5.33317,0,0.0191753,-0.000995455,-0.44215,-0.15791
3135,1,0,0,0,1,1,1,5.33317,0,2.60922e-18,-0.000986033,-0.230097,-0.180469
3136,1,0,0,0,1,1,1,5.33317,0,0.0138489,-0.00104065,-0.389703,-0.360938
3137,1,0,0,0,1,1,1,5.33317,0,-0.00958767,-0.00103908,-0.131694,-0.293262
3138,1,0,0,0,1,1,1,5.33317,0,0.00852238,-0.00102193,-0.328641,-0.135352
3139,1,0,0,0,1,1,1,5.33317,0,-0.0159795,-0.00102095,-0.0589916,-0.169189
3140,1,0,0,0,1,1,1,5.33317,0,-0.0117183,-0.00104154,-0.108582,-0.124072
3141,1,0,0,0,1,1,1,5.33317,0,-0.00639178,-0.00104317,-0.167389,-0.180469
3142,1,0,0,0,1,1,1,5.33317,0,-0.00532648,-0.00101532,-0.175422,-0.135352
3143,1,0,0,0,1,1,1,5.33317,0,-0.0149142,-0.00103605,-0.0727032,-0.281982
3144,1,0,0,0,1,1,1,5.33317,0,0.00639178,-0.00101505,-0.304296,-0.203027
3145,1,0,0,0,1,1,1,5.33317,0,-0.00426119,-0.00101629,-0.187277,-0.135352
3146,1,0,0,0,1,1,1,5.33317,0,-0.00213059,-0.00098759,-0.206925,-0.214307
3147,1,0,0,0,1,1,1,5.33317,0,0.00319589,-0.000979129,-0.2644,-0.135352
3148,1,0,0,0,1,1,1,5.33317,0,-0.0149142,-0.000979206,-0.0651994,-0.259424
3149,1,0,0,0,1,1,1,5.33317,0,0.00319589,-0.00098191,-0.264767,-0.304541
3150,1,0,0,0,1,1,1,5.33317,0,2.54399e-18,-0.000991492,-0.230877,-0.135352
3151,1,0,0,0,1,1,1,5.33317,0,-0.0149142,-0.00100091,-0.0680641,-0.3271
3152,1,0,0,0,1,1,1,5.33317,0,0.00532648,-0.00101061,-0.291732,-0.349658
3153,1,0,0,0,1,1,1,5.33327,0,-0.00213059,-0.00103663,-0.213399,-0.360938
3154,1,0,0,0,1,1,1,5.33327,0,-0.00319589,-0.00102091,-0.199605,-0.338379
3155,1,0,0,0,1,1,1,5.33327,0,0.00852238,-0.00105157,-0.332554,-0.3271
3156,1,0,0,0,1,1,1,5.33327,0,0.00213059,-0.00107694,-0.265593,-0.281982
3157,1,0,0,0,1,1,1,5.33327,0,0.010653,-0.00108824,-0.36083,-0.3271
3158,1,0,0,0,1,1,1,5.33327,0,-0.0127836,-0.00110167,-0.104801,-0.293262
3159,1,0,0,0,1,1,1,5.33327,0,-0.0138489,-0.00107317,-0.0893216,-0.169189
3160,1,0,0,0,1,1,1,5.33327,0,0.00213059,-0.00107978,-0.265968,-0.293262
3161,1,0,0,0,1,1,1,5.33327,0,0.0213059,-0.00108076,-0.477025,-0.214307
3162,1,0,0,0,1,1,1,5.33327,0,-0.0149142,-0.00112796,-0.0848351,-0.31582
3163,1,0,0,0,1,1,1,5.33327,0,-0.0127836,-0.00111835,-0.106977,-0.338379
3164,1,0,0,0,1,1,1,5.33327,0,-0.00213059,-0.0011035,-0.222225,-0.270703
3165,1,0,0,0,1,1,1,5.33327,0,-0.00639178,-0.00110981,-0.176186,-0.338379
3166,1,0,0,0,1,1,1,5.33327,0,0.00426119,-0.00114953,-0.298611,-0.3271
3167,1,0,0,0,1,1,1,5.33327,0,0.00532648,-0.00116327,-0.312143,-0.304541
3168,1,0,0,0,1,1,1,5.33327,0,0.00639178,-0.00118251,-0.3264,-0.31582
3169,1,0,0,0,1,1,1,5.33327,0,-0.0213059,-0.0011782,-0.0211568,-0.214307
3170,1,0,0,0,1,1,1,5.33327,0,0.0127836,-0.00117027,-0.395095,-0.293262
3171,1,0,0,0,1,1,1,5.33327,0,0.0159795,-0.00118112,-0.431682,-0.31582
3172,1,0,0,0,1,1,1,5.33327,0,-8.47998e-19,-0.00121405,-0.260255,-0.31582
3173,1,0,0,0,1,1,1,5.33327,0,0.010653,-0.00122701,-0.379148,-0.31582
3174,1,0,0,0,1,1,1,5.33327,0,-0.00852238,-0.00124462,-0.170543,-0.428613
3175,1,0,0,0,1,1,1,5.33327,0,0.0191753,-0.0013128,-0.484218,-0.31582
3176,1,0,0,0,1,1,1,5.33327,0,0.0202406,-0.00135022,-0.500876,-0.394775
3177,1,0,0,0,1,1,1,5.33327,0,0.00532648,-0.001347,-0.336395,-0.293262
3178,1,0,0,0,1,1,1,5.33327,0,-0.0191753,-0.00135131,-0.0674446,-0.180469
3179,1,0,0,0,1,1,1,5.33327,0,0.0138489,-0.00138358,-0.43497,-0.360938
3180,1,0,0,0,1,1,1,5.33327,0,0.0159795,-0.00142692,-0.464128,-0.349658
3181,1,0,0,0,1,1,1,5.33317,0,0.010653,-0.00147316,-0.41164,-0.417334
3182,1,0,0,0,1,1,1,5.33317,0,-0.00319589,-0.00146122,-0.257726,-0.428613
3183,1,0,0,0,1,1,1,5.33317,0,0.00319589,-0.00144889,-0.326409,-0.428613
3184,1,0,0,0,1,1,1,5.33317,0,0.00532648,-0.00145606,-0.350791,-0.338379
3185,1,0,0,0,1,1,1,5.33317,0,-0.0127836,-0.0014595,-0.152034,-0.180469
3186,1,0,0,0,1,1,1,5.33317,0,0.00426119,-0.00143929,-0.336859,-0.360938
3187,1,0,0,0,1,1,1,5.33317,0,0.00745708,-0.00145354,-0.373895,-0.406055
3188,1,0,0,0,1,1,1,5.33317,0,-0.0117183,-0.00146171,-0.164045,-0.383496
3189,1,0,0,0,1,1,1,5.33317,0,0.00852238,-0.00147731,-0.388751,-0.304541
3190,1,0,0,0,1,1,1,5.33317,0,-0.0191753,-0.00147783,-0.0841446,-0.451172
3191,1,0,0,0,1,1,1,5.33317,0,0.010653,-0.00149803,-0.414923,-0.281982
3192,1,0,0,0,1,1,1,5.33317,0,0.00426119,-0.00150897,-0.346058,-0.304541
3193,1,0,0,0,1,1,1,5.33317,0,0.010653,-0.00152285,-0.418199,-0.293262
3194,1,0,0,0,1,1,1,5.33317,0,0.0223712,-0.00153927,-0.549268,-0.31582
3195,1,0,0,0,1,1,1,5.33317,0,-0.0159795,-0.00156404,-0.130679,-0.507568
3196,1,0,0,0,1,1,1,5.33317,0,0.010653,-0.00157568,-0.425172,-0.169189
3197,1,0,0,0,1,1,1,5.33317,0,-0.00852238,-0.00152161,-0.207107,-0.304541
3198,1,0,0,0,1,1,1,5.33317,0,-0.00639178,-0.00155291,-0.234675,-0.406055
3199,1,0,0,0,1,1,1,5.33317,0,-0.00958767,-0.00155408,-0.199674,-0.349658
3200,1,0,0,0,1,1,1,5.33317,0,0.00213059,-0.00156536,-0.330064,-0.360938
3201,1,0,0,0,1,1,1,5.33317,0,0.0138489,-0.00157443,-0.460162,-0.3271
3202,1,0,0,0,1,1,1,5.33317,0,0.0117183,-0.00157384,-0.436648,-0.428613
3203,1,0,0,0,1,1,1,5.33317,0,0.00852238,-0.0016212,-0.407745,-0.451172
3204,1,0,0,0,1,1,1,5.33317,0,-0.00319589,-0.00158213,-0.273686,-0.360938
3205,1,0,0,0,1,1,1,5.33317,0,-0.010653,-0.00161755,-0.196334,-0.439893
3206,1,0,0,0,1,1,1,5.33317,0,-0.00532648,-0.00162693,-0.256163,-0.360938
3207,1,0,0,0,1,1,1,5.33317,0,-0.00745708,-0.00168794,-0.24078,-0.496289
3208,1,0,0,0,1,1,1,5.33317,0,-0.00532648,-0.00167249,-0.262177,-0.360938
3209,1,0,0,0,1,1,1,5.33317,0,0.00532648,-0.00170926,-0.384214,-0.406055
3210,1,0,0,0,1,1,1,5.33317,0,-0.0149142,-0.00170354,-0.160811,-0.293262
3211,1,0,0,0,1,1,1,5.33317,0,0.00852238,-0.00169836,-0.41793,-0.281982
3212,1,0,0,0,1,1,1,5.33317,0,-0.00426119,-0.00170718,-0.278475,-0.360938
3213,1,0,0,0,1,1,1,5.33317,0,0.0010653,-0.00169177,-0.335032,-0.338379
3214,1,0,0,0,1,1,1,5.33317,0,0.00532648,-0.00168652,-0.381213,-0.372217
3215,1,0,0,0,1,1,1,5.33317,0,0.00532648,-0.00171699,-0.385234,-0.439893
3216,1,0,0,0,1,1,1,5.33317,0,-0.01811,-0.00168416,-0.123098,-0.293262
3217,1,0,0,0,1,1,1,5.33317,0,0.0159795,-0.00169265,-0.499203,-0.3271
3218,1,0,0,0,1,1,1,5.33317,0,0.00745708,-0.00173289,-0.410769,-0.406055
3219,1,0,0,0,1,1,1,5.33317,0,0.00852238,-0.00175521,-0.425433,-0.406055
3220,1,0,0,0,1,1,1,5.33317,0,-0.00532648,-0.0017619,-0.273979,-0.48501
3221,1,0,0,0,1,1,1,5.33317,0,-0.00319589,-0.00178501,-0.300467,-0.383496
3222,1,0,0,0,1,1,1,5.33317,0,0.0010653,-0.00178737,-0.347651,-0.203027
3223,1,0,0,0,1,1,1,5.33317,0,0.0010653,-0.00180481,-0.349953,-0.406055
3224,1,0,0,0,1,1,1,5.33317,0,-1.95692e-19,-0.00182888,-0.341412,-0.338379
3225,1,0,0,0,1,1,1,5.33317,0,-0.00852238,-0.0018604,-0.251827,-0.518848
3226,1,0,0,0,1,1,1,5.33317,0,-0.00319589,-0.00184129,-0.307895,-0.372217
3227,1,0,0,0,1,1,1,5.33317,0,0.00639178,-0.00179015,-0.40661,-0.338379
3228,1,0,0,0,1,1,1,5.33317,0,-0.00426119,-0.00179169,-0.28963,-0.360938
3229,1,0,0,0,1,1,1,5.33317,0,-0.00639178,-0.0017657,-0.262762,-0.338379
3230,1,0,0,0,1,1,1,5.33317,0.00872665,-0.01811,-0.00177992,-0.135739,-0.3271
3231,1,0,0,0,1,1,1,5.33317,0,0.0010653,-0.00179112,-0.348146,-0.180469
3232,1,0,0,0,1,1,1,5.33317,0,0.00958767,-0.00179889,-0.442918,-0.417334
3233,1,0,0,0,1,1,1,5.33317,0,0.0127836,-0.00183599,-0.48297,-0.281982
3234,1,0,0,0,1,1,1,5.33317,0,0.00852238,-0.00182142,-0.434174,-0.349658
3235,1,0,0,0,1,1,1,5.33317,0,-0.00852238,-0.00182453,-0.247091,-0.338379
3236,1,0,0,0,1,1,1,5.33317,0,0.0010653,-0.00185269,-0.356273,-0.417334
3237,1,0,0,0,1,1,1,5.33317,0,0.0202406,-0.00186471,-0.568788,-0.293262
3238,1,0,0,0,1,1,1,5.33317,0,-0.00639178,-0.0018853,-0.278549,-0.406055
3239,1,0,0,0,1,1,1,5.33317,0,-0.00213059,-0.00187758,-0.324405,-0.383496
3240,1,0,0,0,1,1,1,5.33317,0,-0.00958767,-0.00187471,-0.241997,-0.349658
3241,1,0,0,0,1,1,1,5.33317,0,0.0117183,-0.00188634,-0.477898,-0.180469
3242,1,0,0,0,1,1,1,5.33317,0,-0.0159795,-0.00187892,-0.172244,-0.236865
3243,1,0,0,0,1,1,1,5.33317,0,0.00426119,-0.00186249,-0.392722,-0.180469
3244,1,0,0,0,1,1,1,5.33317,0,0.0255671,-0.00188592,-0.63018,-0.236865
3245,1,0,0,0,1,1,1,5.33317,0,0.0202406,-0.0018881,-0.571876,-0.293262
3246,1,0,0,0,1,1,1,5.33317,0,-0.00213059,-0.00188359,-0.325197,-0.293262
3247,1,0,0,0,1,1,1,5.33317,0,0.0010653,-0.00189824,-0.362285,-0.360938
3248,1,0,0,0,1,1,1,5.33317,0,0.00958767,-0.0019161,-0.45839,-0.191748
3249,1,0,0,0,1,1,1,5.33317,0,-0.0138489,-0.00190087,-0.198577,-0.31582
3250,1,0,0,0,1,1,1,5.33317,0,0.0010653,-0.00191382,-0.364342,-0.248145
3251,1,0,0,0,1,1,1,5.33317,0,-0.0138489,-0.00189418,-0.197695,-0.304541
3252,1,0,0,0,1,1,1,5.33317,0,0.00745708,-0.00186499,-0.428206,-0.383496
3253,1,0,0,0,1,1,1,5.33317,0,-0.010653,-0.00185644,-0.227827,-0.406055
3254,1,0,0,0,1,1,1,5.33317,0,-0.0010653,-0.00189962,-0.339032,-0.383496
3255,1,0,0,0,1,1,1,5.33317,0,-0.00319589,-0.0018746,-0.312293,-0.259424
3256,1,0,0,0,1,1,1,5.33317,0,-5.87076e-19,-0.00189873,-0.350633,-0.372217
3257,1,0,0,0,1,1,1,5.33317,0,0.00639178,-0.00191414,-0.422976,-0.383496
3258,1,0,0,0,1,1,1,5.33317,0,-0.00852238,-0.0019322,-0.261304,-0.48501
3259,1,0,0,0,1,1,1,5.33317,0,0.00745708,-0.00194418,-0.438659,-0.439893
3260,1,0,0,0,1,1,1,5.33317,0,-0.00319589,-0.00197499,-0.325544,-0.507568
3261,1,0,0,0,1,1,1,5.33317,0,0.00213059,-0.00197098,-0.383606,-0.281982
3262,1,0,0,0,1,1,1,5.33317,0,-0.010653,-0.00196084,-0.241648,-0.281982
3263,1,0,0,0,1,1,1,5.33317,0,0.00319589,-0.00198097,-0.396643,-0.338379
3264,1,0,0,0,1,1,1,5.33317,0,0.0266324,-0.00198193,-0.654571,-0.372217
3265,1,0,0,0,1,1,1,5.33317,0,0.00958767,-0.00200167,-0.469685,-0.394775
3266,1,0,0,0,1,1,1,5.33317,0,-0.00213059,-0.00203719,-0.345473,-0.372217
3267,1,0,0,0,1,1,1,5.33317,0,-0.00745708,-0.0020551,-0.289246,-0.462451
3268,1,0,0,0,1,1,1,5.33317,0.00872665,1.30461e-18,-0.00207181,-0.373479,-0.507568
3269,1,0,0,0,1,1,1,5.33317,0,0.00319589,-0.00208066,-0.409802,-0.293262
3270,1,0,0,0,1,1,1,5.33317,0,1.95692e-19,-0.00212355,-0.380309,-0.372217
3271,1,0,0,0,1,1,1,5.33317,0,0.028763,-0.0021527,-0.70055,-0.518848
3272,1,0,0,0,1,1,1,5.33317,0,-0.0010653,-0.00214419,-0.371315,-0.338379
3273,1,0,0,0,1,1,1,5.33317,0,0.0117183,-0.0021864,-0.517505,-0.338379
3274,1,0,0,0,1,1,1,5.33317,0,-0.00745708,-0.00220267,-0.308724,-0.428613
3275,1,0,0,0,1,1,1,5.33317,0,-0.00852238,-0.00220211,-0.296932,-0.496289
3276,1,0,0,0,1,1,1,5.33317,0,-0.0159795,-0.00223333,-0.219026,-0.293262
3277,1,0,0,0,1,1,1,5.33317,0,0.01811,-0.00223052,-0.593639,-0.518848
3278,1,0,0,0,1,1,1,5.33317,0.00698132,0.0117183,-0.00221122,-0.520782,-0.417334
3279,1,0,0,0,1,1,1,5.33317,0,-0.010653,-0.00219506,-0.272566,-0.462451
3280,1,0,0,0,1,1,1,5.33317,0,0.00426119,-0.00218491,-0.435282,-0.383496
3281,1,0,0,0,1,1,1,5.33317,0,0.00639178,-0.00219016,-0.45941,-0.372217
3282,1,0,0,0,1,1,1,5.33317,0,-0.00426119,-0.0021968,-0.343104,-0.394775
3283,1,0,0,0,1,1,1,5.33317,0,-0.00852238,-0.00219418,-0.295886,-0.406055
3284,1,0,0,0,1,1,1,5.33317,0,0.0149142,-0.00217914,-0.551702,-0.372217
3285,1,0,0,0,1,1,1,5.33317,0,0.0138489,-0.0022031,-0.543147,-0.439893
3286,1,0,0,0,1,1,1,5.33317,0,-0.00639178,-0.00219526,-0.319464,-0.394775
3287,1,0,0,0,1,1,1,5.33317,0,-0.00532648,-0.00222182,-0.334689,-0.620361
3288,1,0,0,0,1,1,1,5.33317,0.0122173,-0.00319589,-0.00221091,-0.356686,-0.507568
3289,1,0,0,0,1,1,1,5.33317,0,-0.00958767,-0.00220196,-0.285194,-0.47373
3290,1,0,0,0,1,1,1,5.33317,0,0.0159795,-0.00224431,-0.572023,-0.48501
3291,1,0,0,0,1,1,1,5.33317,0,0.0010653,-0.00227029,-0.411397,-0.3271
3292,1,0,0,0,1,1,1,5.33317,0,0.00426119,-0.0023028,-0.450842,-0.372217
3293,1,0,0,0,1,1,1,5.33317,0,0.00745708,-0.0022851,-0.48366,-0.293262
3294,1,0,0,0,1,1,1,5.33317,0,0.0010653,-0.00228866,-0.413822,-0.259424
3295,1,0,0,0,1,1,1,5.33317,0,-0.00958767,-0.00230701,-0.299061,-0.507568
3296,1,0,0,0,1,1,1,5.33317,0,0.00532648,-0.00233736,-0.467123,-0.496289
3297,1,0,0,0,1,1,1,5.33317,0,0.00745708,-0.00234758,-0.491909,-0.338379
3298,1,0,0,0,1,1,1,5.33317,-0.00174533,0.0010653,-0.00236245,-0.423562,-0.406055
3299,1,0,0,0,1,1,1,5.33317,0,0.00639178,-0.0023883,-0.485565,-0.462451
3300,1,0,0,0,1,1,1,5.33317,0,0.00532648,-0.00236913,-0.471317,-0.439893
3301,1,0,0,0,1,1,1,5.33317,0,0.0127836,-0.00238875,-0.555934,-0.372217
3302,1,0,0,0,1,1,1,5.33317,0,-0.00426119,-0.00241352,-0.371712,-0.47373
3303,1,0,0,0,1,1,1,5.33317,0,0.0159795,-0.00242262,-0.595559,-0.48501
3304,1,0,0,0,1,1,1,5.33317,0,-0.00319589,-0.00244264,-0.387273,-0.507568
3305,1,0,0,0,1,1,1,5.33317,0,0.00639178,-0.00242397,-0.490273,-0.439893
3306,1,0,0,0,1,1,1,5.33317,0,-0.0138489,-0.00239562,-0.263884,-0.428613
3307,1,0,0,0,1,1,1,5.33317,0,-0.00745708,-0.00236008,-0.329503,-0.394775
3308,1,0,0,0,1,1,1,5.33317,0,0.0127836,-0.00242818,-0.561139,-0.48501
3309,1,0,0,0,1,1,1,5.33317,0,-0.00213059,-0.00239924,-0.393263,-0.439893
3310,1,0,0,0,1,1,1,5.33317,0,0.0010653,-0.00240123,-0.428681,-0.507568
3311,1,0,0,0,1,1,1,5.33317,0,0.0138489,-0.00239215,-0.568101,-0.394775
3312,1,0,0,0,1,1,1,5.33317,0,0.01811,-0.00241995,-0.618643,-0.462451
3313,1,0,0,0,1,1,1,5.33317,-0.00872665,-0.00426119,-0.00242588,-0.373343,-0.394775
3314,1,0,0,0,1,1,1,5.33317,-0.0226893,0.00319589,-0.00245097,-0.458682,-0.47373
3315,1,0,0,0,1,1,1,5.33317,0,0.00745708,-0.00248272,-0.509747,-0.518848
3316,1,0,0,0,1,1,1,5.33317,0,-0.00213059,-0.00246204,-0.401552,-0.541406
3317,1,0,0,0,1,1,1,5.33317,0,-0.00639178,-0.00245837,-0.354195,-0.417334
3318,1,0,0,0,1,1,1,5.33317,0,0.00958767,-0.00242735,-0.525874,-0.47373
3319,1,0,0,0,1,1,1,5.33317,0,-0.00532648,-0.00243002,-0.362171,-0.496289
3320,1,0,0,0,1,1,1,5.33317,0,0.00958767,-0.00244463,-0.528156,-0.507568
3321,1,0,0,0,1,1,1,5.33317,0,0.00745708,-0.00248629,-0.510218,-0.48501
3322,1,0,0,0,1,1,1,5.33317,0,-0.010653,-0.0024535,-0.306679,-0.372217
3323,1,0,0,0,1,1,1,5.33317,0,-0.00213059,-0.00246628,-0.402112,-0.586523
3324,1,0,0,0,1,1,1,5.33317,0.0174533,0.0138489,-0.00250436,-0.582913,-0.507568
3325,1,0,0,0,1,1,1,5.33317,0,0.00745708,-0.00250306,-0.512432,-0.372217
3326,1,0,0,0,1,1,1,5.33317,-0.00174533,0.00852238,-0.00253306,-0.52811,-0.462451
3327,1,0,0,0,1,1,1,5.33317,0,0.00745708,-0.00249965,-0.511982,-0.47373
3328,1,0,0,0,1,1,1,5.33317,0,-0.00958767,-0.00247402,-0.321106,-0.451172
3329,1,0,0,0,1,1,1,5.33317,0,-0.00426119,-0.002498,-0.382863,-0.47373
3330,1,0,0,0,1,1,1,5.33317,0,0.00745708,-0.00252845,-0.515783,-0.439893
3331,1,0,0,0,1,1,1,5.33317,0,-0.00639178,-0.00251772,-0.36203,-0.530127
3332,1,0,0,0,1,1,1,5.33317,0,0.00852238,-0.00252153,-0.526588,-0.203027
3333,1,0,0,0,1,1,1,5.33317,0,-0.00213059,-0.00251871,-0.409033,-0.406055
3334,1,0,0,0,1,1,1,5.33317,0,-0.0010653,-0.00250463,-0.418893,-0.394775
3335,1,0,0,0,1,1,1,5.33317,0,-0.00213059,-0.00248758,-0.404924,-0.48501
3336,1,0,0,0,1,1,1,5.33317,0,-0.0191753,-0.00246977,-0.215081,-0.406055
3337,1,0,0,0,1,1,1,5.33317,0,0.00319589,-0.0024855,-0.463241,-0.451172
3338,1,0,0,0,1,1,1,5.33317,0,-0.00532648,-0.00247704,-0.368378,-0.451172
3339,1,0,0,0,1,1,1,5.33317,0,0.00639178,-0.00250133,-0.500485,-0.428613
3340,1,0,0,0,1,1,1,5.33317,0,-1.36984e-18,-0.00250345,-0.430456,-0.439893
3341,1,0,0,0,1,1,1,5.33317,0,0.0127836,-0.00251745,-0.572923,-0.417334
3342,1,0,0,0,1,1,1,5.33317,0,-0.0127836,-0.00251672,-0.291588,-0.530127
3343,1,0,0,0,1,1,1,5.33317,0,0.0010653,-0.0025311,-0.445824,-0.518848
3344,1,0,0,0,1,1,1,5.33317,0,0.0149142,-0.00253594,-0.598799,-0.394775
3345,1,0,0,0,1,1,1,5.33317,0,-0.0127836,-0.00252778,-0.293047,-0.530127
3346,1,0,0,0,1,1,1,5.33317,0,0.0127836,-0.00252833,-0.574359,-0.48501
3347,1,0,0,0,1,1,1,5.33317,0,-0.00639178,-0.00250433,-0.360141,-0.496289
3348,1,0,0,0,1,1,1,5.33317,0,-0.0010653,-0.00251009,-0.419613,-0.47373
3349,1,0,0,0,1,1,1,5.33317,0,-0.00319589,-0.00248954,-0.393464,-0.394775
3350,1,0,0,0,1,1,1,5.33317,0,-0.0213059,-0.00245142,-0.189222,-0.451172
3351,1,0,0,0,1,1,1,5.33317,0.00523599,-0.00958767,-0.00245519,-0.31862,-0.304541
3352,1,0,0,0,1,1,1,5.33317,0,0.00639178,-0.0024911,-0.499134,-0.507568
3353,1,0,0,0,1,1,1,5.33317,0,-0.0149142,-0.00250181,-0.266183,-0.451172
3354,1,0,0,0,1,1,1,5.33317,0,0.00639178,-0.00251814,-0.502704,-0.462451
3355,1,0,0,0,1,1,1,5.33317,0,0.00319589,-0.00248182,-0.462755,-0.428613
3356,1,0,0,0,1,1,1,5.33317,0,0.0127836,-0.00250614,-0.57143,-0.496289
3357,1,0,0,0,1,1,1,5.33317,0,0.0191753,-0.0025183,-0.643344,-0.394775
3358,1,0,0,0,1,1,1,5.33317,0,0.00426119,-0.00251218,-0.47848,-0.462451
3359,1,0,0,0,1,1,1,5.33317,0,0.0351548,-0.00252607,-0.820144,-0.406055
3360,1,0,0,0,1,1,1,5.33317,0,-0.00319589,-0.00253298,-0.399198,-0.530127
3361,1,6.34984e-08,9.51158e-05,0.0947929,1,1,1,5.33317,0,0.0170448,-0.00253277,-0.609882,-0.47373
3362,1,2.68555e-06,0.00114298,0.321976,1,1,1,5.33317,0,-0.00745708,-0.00253817,-0.302157,-0.586523
3363,1,1.33252e-05,0.00329114,0.535118,1,1,1,5.33317,0,0.00958767,-0.00254468,-0.43935,-0.47373
3364,1,3.73196e-05,0.00647155,0.734612,1,1,1,5.33317,0,0.00213059,-0.00255749,-0.296421,-0.47373
3365,1,7.9646e-05,0.010615,0.920647,1,1,1,5.33317,0,0.0010653,-0.00252547,-0.2073,-0.191748
3366,1,0.000144966,0.0156562,1.09357,1,1,1,5.33317,0,-0.00958767,-0.00244584,0.00336934,-0.293262
3367,1,0.000237602,0.0215298,1.25364,1,1,1,5.33317,0,7.82767e-19,-0.00236533,0.000517775,-0.214307
3368,1,0.00036154,0.0281714,1.40114,1,1,1,5.33317,0.0174533,0.0138489,-0.00228051,-0.0404017,-0.214307
3369,1,0.000520489,0.0355204,1.53639,1,1,1,5.33317,0,0.00958767,-0.00213078,0.134618,-0.0225586
3370,1,0.000717809,0.0435149,1.65964,1,1,1,5.33327,0,-0.00532648,-0.00198033,0.433347,0.0112793
3371,1,0.000956624,0.0520975,1.77122,1,1,1,5.33327,0.00349066,0.0010653,-0.00178327,0.511238,-0.0225586
3372,1,0.00123966,0.0612079,1.87137,1,1,1,5.33327,0,0.0170448,-0.00156927,0.492089,0.0451172
3373,1,0.00156948,0.0707923,1.96042,1,1,1,5.33356,0.0471239,0.0010653,-0.00125407,0.844067,0.451172
3374,1,0.0019483,0.0807947,2.03864,1,1,1,5.33375,0.0401426,0.0255671,-0.000908275,0.760693,0.699316
3375,1,0.00237803,0.0911611,2.10632,1,1,1,5.33403,0,0.0319589,-0.0006566,0.865535,0.721875
3376,1,0.00286045,0.101841,2.16375,1,1,1,5.33413,0.0645772,0.0607219,-0.00043617,0.72311,0.699316
3377,1,0.00339685,0.112781,2.2112,1,1,1,5.33461,0.0750492,0.0703096,-0.000204983,0.795452,0.812109
3378,1,0.00398859,0.123936,2.24898,1,1,1,5.33499,0.0733038,0.0809626,-5.72478e-05,0.845402,0.789551
3379,1,0.00463654,0.135257,2.27738,1,1,1,5.33547,0.0994838,0.102269,4.753e-05,0.772596,0.552686
3380,1,0.00534139,0.146696,2.29667,1,1,1,5.33595,0.174533,0.125705,0.000166383,0.679001,0.676758
3381,1,0.0061036,0.158208,2.30715,1,1,1,5.33672,0.120428,0.149142,0.000307446,0.589006,0.936182
3382,1,0.00692348,0.169752,2.30911,1,1,1,5.33729,0.116937,0.14488,0.000449922,0.802872,0.857227
3383,1,0.0078012,0.181287,2.30282,1,1,1,5.33825,0.158825,0.159795,0.000569527,0.801927,0.891064
3384,1,0.00873629,0.192768,2.28859,1,1,1,5.33883,0.162316,0.156599,0.000727708,1.00423,1.01514
3385,1,0.00972858,0.204158,2.2667,1,1,1,5.33979,0.158825,0.186427,0.000830613,0.833415,0.755713
3386,1,0.0107776,0.215422,2.23744,1,1,1,5.34055,0.211185,0.176839,0.000947688,1.09544,0.733154
3387,1,0.0118826,0.226521,2.20109,1,1,1,5.3419,0.237365,0.189623,0.00108806,1.1126,1.00386
3388,1,0.0130426,0.237423,2.15794,1,1,1,5.34266,0.185005,0.216255,0.00119022,0.968954,1.04897
3389,1,0.0142564,0.24809,2.10828,1,1,1,5.34391,0.232129,0.2333,0.00126285,0.92248,1.0377
3390,1,0.015523,0.258494,2.05241,1,1,1,5.34487,0.228638,0.257802,0.00137328,0.796019,1.08281
3391,1,0.016841,0.268605,1.99059,1,1,1,5.3464,0.18675,0.256737,0.00145654,0.941875,1.09409
3392,1,0.0182085,0.278391,1.92315,1,1,1,5.34736,0.261799,0.274847,0.0015075,0.86773,0.924902
3393,1,0.0196243,0.287827,1.85033,1,1,1,5.34899,0.247837,0.288695,0.00156557,0.836384,0.868506
3394,1,0.0210861,0.296886,1.77246,1,1,1,5.35014,0.312414,0.313197,0.00159593,0.678683,0.902344
3395,1,0.0225924,0.305543,1.68979,1,1,1,5.35168,0.280998,0.298283,0.00160386,0.94506,0.902344
3396,1,0.0241409,0.313777,1.60264,1,1,1,5.35292,0.315905,0.292957,0.00162961,1.10283,0.947461
3397,1,0.0257295,0.321563,1.51128,1,1,1,5.35484,0.349066,0.344091,0.00170298,0.641441,0.936182
3398,1,0.0273557,0.328883,1.416,1,1,1,5.35609,0.256563,0.310001,0.00171823,1.10115,0.733154
3399,1,0.0290173,0.335716,1.31711,1,1,1,5.3581,0.417134,0.325981,0.00175039,1.00725,0.913623
3400,1,0.030712,0.342048,1.21486,1,1,1,5.35925,0.249582,0.331307,0.00176196,1.0204,0.924902
3401,1,0.032437,0.34786,1.10956,1,1,1,5.36136,0.345575,0.344091,0.00172732,0.93776,0.80083
3402,1,0.0341897,0.353139,1.0015,1,1,1,5.36251,0.303687,0.359005,0.00177143,0.836715,0.891064
3403,1,0.0359677,0.357871,0.890947,1,1,1,5.36481,0.305433,0.350483,0.00175373,0.976526,0.913623
3404,1,0.0377676,0.362045,0.778223,1,1,1,5.36615,0.357792,0.377115,0.00173422,0.722303,0.981299
3405,1,0.0395868,0.36565,0.663611,1,1,1,5.36826,0.307178,0.361136,0.00176499,0.936635,1.01514
3406,1,0.0414232,0.368678,0.547347,1,1,1,5.3697,0.345575,0.353679,0.00178372,1.0481,0.823389
3407,1,0.043273,0.371122,0.429782,1,1,1,5.372,0.42586,0.352613,0.00186202,1.09071,1.04897
3408,1,0.0451333,0.372974,0.311186,1,1,1,5.37344,0.322886,0.384572,0.00186626,0.752213,1.07153
3409,1,0.0470016,0.374232,0.191831,1,1,1,5.37555,0.368264,0.389899,0.00183209,0.692687,0.80083
3410,1,0.0488745,0.374892,0.0720285,1,1,1,5.37699,0.335103,0.390964,0.0018314,0.677496,0.902344
3411,1,0.0507495,0.374952,-0.0479648,1,1,1,5.37919,0.389208,0.370723,0.00182471,0.887831,0.845947
3412,1,0.0526232,0.374412,-0.167843,1,1,1,5.38063,0.329867,0.402682,0.00181739,0.517085,0.879785
3413,1,0.0544927,0.373274,-0.287309,1,1,1,5.38283,0.324631,0.368593,0.00176152,0.856931,0.721875
3414,1,0.056355,0.37154,-0.40609,1,1,1,5.38437,0.417134,0.364332,0.00176109,0.870411,0.676758
3415,1,0.0582072,0.369215,-0.523889,1,1,1,5.38657,0.347321,0.365397,0.00171,0.810162,0.766992
3416,1,0.0600462,0.366304,-0.64042,1,1,1,5.38792,0.340339,0.384572,0.00164645,0.541666,0.778271
3417,1,0.0618694,0.362813,-0.755403,1,1,1,5.39012,0.376991,0.369658,0.00161805,0.645869,0.744434
3418,1,0.0636732,0.358753,-0.868517,1,1,1,5.39165,0.350811,0.364332,0.00155393,0.632551,0.699316
3419,1,0.0654558,0.354132,-0.979526,1,1,1,5.39357,0.359538,0.350483,0.00149703,0.70742,0.439893
3420,1,0.0672137,0.348962,-1.08811,1,1,1,5.39501,0.350811,0.337699,0.00148697,0.770807,0.518848
3421,1,0.0689444,0.343255,-1.19398,1,1,1,5.39712,0.378736,0.335569,0.00154331,0.720525,0.834668
3422,1,0.0706454,0.337027,-1.29686,1,1,1,5.39846,0.282743,0.322785,0.00157777,0.777774,0.699316
3423,1,0.0723138,0.330293,-1.39645,1,1,1,5.40048,0.329867,0.306806,0.00159008,0.860851,0.31582
3424,1,0.0739476,0.323068,-1.49249,1,1,1,5.40153,0.305433,0.311067,0.0015933,0.714587,0.552686
3425,1,0.0755438,0.315374,-1.58465,1,1,1,5.40345,0.308923,0.320654,0.00164804,0.512111,0.744434
3426,1,0.0771004,0.307229,-1.67267,1,1,1,5.40469,0.314159,0.318524,0.00168397,0.430512,0.902344
3427,1,0.0786155,0.298654,-1.75626,1,1,1,5.40632,0.207694,0.290826,0.00170569,0.622567,0.688037
3428,1,0.0800981,0.2896,-1.83574,1,1,1,5.40747,0.315905,0.2855,0.00174856,0.56641,0.541406
3429,1,0.0815114,0.280312,-1.90897,1,1,1,5.4093,0.26529,0.275912,0.00172599,0.545617,0.507568
3430,1,0.0828892,0.270591,-1.97754,1,1,1,5.41025,0.251327,0.286565,0.00174919,0.304048,0.597803
3431,1,0.0842168,0.260546,-2.04048,1,1,1,5.41188,0.200713,0.26952,0.00171982,0.355499,0.518848
3432,1,0.0854938,0.250198,-2.09757,1,1,1,5.41294,0.282743,0.257802,0.00170281,0.346977,0.48501
3433,1,0.0867183,0.239581,-2.14849,1,1,1,5.41428,0.207694,0.241822,0.00163059,0.374326,0.3271
3434,1,0.0878892,0.228724,-2.19297,1,1,1,5.41524,0.247837,0.232235,0.00160056,0.335444,0.191748
3435,1,0.0890054,0.217661,-2.23071,1,1,1,5.41668,0.244346,0.235431,0.00154654,0.15059,0.293262
3436,1,0.0900656,0.206428,-2.26141,1,1,1,5.41744,0.169297,0.211994,0.00150334,0.258519,0.31582
3437,1,0.0910693,0.19506,-2.28481,1,1,1,5.41869,0.204204,0.188558,0.00148785,0.369864,0.180469
3438,1,0.092016,0.183593,-2.3006,1,1,1,5.41946,0.18326,0.186427,0.00147458,0.247222,0.338379
3439,1,0.0929052,0.172067,-2.3085,1,1,1,5.42042,0.150098,0.166186,0.00150031,0.32936,0.180469
3440,1,0.0937366,0.160522,-2.30822,1,1,1,5.42099,0.169297,0.14488,0.00152352,0.423687,0.135352
3441,1,0.0945104,0.148999,-2.29947,1,1,1,5.42186,0.162316,0.121444,0.00157588,0.547211,0.236865
3442,1,0.0952267,0.137543,-2.28197,1,1,1,5.42233,0.111701,0.116117,0.00163663,0.4748,0.507568
3443,1,0.095886,0.126194,-2.25542,1,1,1,5.4231,0.118682,0.0894849,0.0017233,0.642942,0.3271
3444,1,0.096489,0.115002,-2.21954,1,1,1,5.42348,0.115192,0.0873543,0.00180753,0.544602,0.349658
3445,1,0.0970364,0.104015,-2.17405,1,1,1,5.42406,0.102974,0.0948114,0.0018529,0.338843,0.281982
3446,1,0.0975295,0.0932788,-2.11864,1,1,1,5.42435,0.0558505,0.0937461,0.00190334,0.232063,0.31582
3447,1,0.0979697,0.0828452,-2.05304,1,1,1,5.42483,0.0261799,0.0830932,0.00191883,0.230174,0.259424
3448,1,0.0983586,0.0727658,-1.97696,1,1,1,5.42511,0.0785398,0.0703096,0.00195415,0.260076,0.214307
3449,1,0.098698,0.0630941,-1.89011,1,1,1,5.4254,0.0401426,0.0458078,0.0020137,0.428518,0.270703
3450,1,0.0989903,0.0538833,-1.7922,1,1,1,5.42559,0.0610865,0.0468731,0.00200673,0.313568,0.293262
3451,1,0.0992377,0.0451905,-1.68294,1,1,1,5.42579,0.0471239,0.0159795,0.0020969,0.572154,0.270703
3452,1,0.0994431,0.0370732,-1.56205,1,1,1,5.42598,0.0401426,0.00319589,0.00218563,0.640472,0.496289
3453,1,0.0996095,0.0295904,-1.42924,1,1,1,5.42607,0.0279253,-0.0010653,0.00227061,0.621533,0.428613
3454,1,0.0997402,0.0228016,-1.28421,1,1,1,5.42617,0,0.00532648,0.00236279,0.494471,0.383496
3455,1,0.0998388,0.0167691,-1.12668,1,1,1,5.42617,0,0.0255671,0.00239422,0.217974,0.383496
3456,1,0.0999092,0.0115558,-0.956355,1,1,1,5.42617,0,-0.0159795,0.0024717,0.638967,0.338379
3457,1,0.0999558,0.00722704,-0.772968,1,1,1,5.42627,0,-0.0170448,0.00250339,0.621223,0.417334
3458,1,0.0999831,0.00384885,-0.576244,1,1,1,5.42627,0,0.00639178,0.00252118,0.345587,0.507568
3459,1,0.099996,0.00148765,-0.365813,1,1,1,5.42617,0,0.00639178,0.0025328,0.341277,0.31582
3460,1,0.0999998,0.000213526,-0.141454,1,1,1,5.42617,0,0.00213059,0.00257508,0.403132,0.394775
3461,1,0.1,0,0,1,1,1,5.42627,-0.0139626,-0.0117183,0.00258993,0.570772,0.417334
3462,1,0.1,0,0,1,1,1,5.42627,0.0174533,0.0010653,0.00259058,0.430238,0.507568
3463,1,0.1,0,0,1,1,1,5.42627,0,-0.0138489,0.00256341,0.590708,0.394775
3464,1,0.1,0,0,1,1,1,5.42627,0,0.00745708,0.00257042,0.357268,0.507568
3465,1,0.1,0,0,1,1,1,5.42617,-0.0226893,-0.00532648,0.00254037,0.49392,0.259424
3466,1,0.1,0,0,1,1,1,5.42627,0.0279253,-0.010653,0.00254603,0.553258,0.372217
3467,1,0.1,0,0,1,1,1,5.42627,0.0174533,0.00319589,0.00250835,0.395947,0.31582
3468,1,0.1,0,0,1,1,1,5.42627,0,-0.00319589,0.00253338,0.469561,0.462451
3469,1,0.1,0,0,1,1,1,5.42627,0,0.0170448,0.00254222,0.24808,0.439893
3470,1,0.1,0,0,1,1,1,5.42627,0,0.00319589,0.00251439,0.396745,0.48501
3471,1,0.1,0,0,1,1,1,5.42627,0,-0.00639178,0.00248691,0.498582,0.349658
3472,1,0.1,0,0,1,1,1,5.42627,0,0.00639178,0.00248637,0.357891,0.394775
3473,1,0.1,0,0,1,1,1,5.42627,-0.020944,0.0138489,0.00249099,0.276473,0.563965
3474,1,0.1,0,0,1,1,1,5.42627,0,0.00958767,0.0024563,0.318768,0.338379
3475,1,0.1,0,0,1,1,1,5.42627,-0.00872665,0.00639178,0.00247564,0.356475,0.394775
3476,1,0.1,0,0,1,1,1,5.42627,0,-0.00213059,0.0024463,0.446348,0.281982
3477,1,0.1,0,0,1,1,1,5.42627,0,0.0170448,0.00243041,0.233321,0.451172
3478,1,0.1,0,0,1,1,1,5.42627,-0.00872665,0.0127836,0.00241273,0.277861,0.394775
3479,1,0.1,0,0,1,1,1,5.42627,0,-0.00319589,0.00240545,0.452675,0.406055
3480,1,0.1,0,0,1,1,1,5.42627,0,0.00426119,0.0024352,0.374574,0.575244
3481,1,0.1,0,0,1,1,1,5.42627,-0.00698132,-0.00532648,0.00241517,0.477394,0.383496
3482,1,0.1,0,0,1,1,1,5.42627,0,0.0149142,0.00238089,0.250222,0.394775
3483,1,0.1,0,0,1,1,1,5.42627,0,0.00852238,0.00238533,0.321117,0.394775
3484,1,0.1,0,0,1,1,1,5.42627,0,6.52306e-20,0.00239823,0.416567,0.451172
3485,1,0.1,0,0,1,1,1,5.42627,0,0.010653,0.00241257,0.301277,0.48501
3486,1,0.1,0,0,1,1,1,5.42617,-0.020944,0.00958767,0.00240923,0.312553,0.349658
3487,1,0.1,0,0,1,1,1,5.42627,0,-0.00639178,0.00243954,0.492329,0.563965
3488,1,0.1,0,0,1,1,1,5.42627,-0.015708,0.00319589,0.0024001,0.381658,0.281982
3489,1,0.1,0,0,1,1,1,5.42627,0,0.00426119,0.00238,0.367287,0.372217
3490,1,0.1,0,0,1,1,1,5.42627,0,-0.00745708,0.00237834,0.495968,0.496289
3491,1,0.1,0,0,1,1,1,5.42627,0,-0.0245018,0.0023881,0.68475,0.383496
3492,1,0.1,0,0,1,1,1,5.42627,0,-0.00213059,0.00237054,0.436348,0.225586
3493,1,0.1,0,0,1,1,1,5.42627,0,-0.010653,0.0023636,0.529178,0.349658
3494,1,0.1,0,0,1,1,1,5.42617,0,0.0255671,0.00234999,0.12896,0.31582
3495,1,0.1,0,0,1,1,1,5.42617,-0.0139626,0.00639178,0.00229949,0.333223,0.394775
3496,1,0.1,0,0,1,1,1,5.42617,0,-0.00213059,0.00228745,0.42538,0.304541
3497,1,0.1,0,0,1,1,1,5.42617,0,-0.00958767,0.00227552,0.505834,0.439893
3498,1,0.1,0,0,1,1,1,5.42617,0,0.00639178,0.00227535,0.330037,0.417334
3499,1,0.1,0,0,1,1,1,5.42617,0,-0.00319589,0.0022518,0.432392,0.236865
3500,1,0.1,0,0,1,1,1,5.42617,0.00872665,-0.00958767,0.00222665,0.499382,0.417334
3501,1,0.1,0,0,1,1,1,5.42627,0.0226893,-8.47998e-19,0.00224259,0.396022,0.394775
3502,1,0.1,0,0,1,1,1,5.42627,0,-1.23938e-18,0.00226264,0.398669,0.383496
3503,1,0.1,0,0,1,1,1,5.42627,-0.00349066,-0.0117183,0.00224923,0.525799,0.236865
3504,1,0.1,0,0,1,1,1,5.42627,0.0279253,0.00639178,0.00223952,0.325307,0.31582
3505,1,0.1,0,0,1,1,1,5.42617,0,0.0117183,0.0022196,0.264086,0.507568
3506,1,0.1,0,0,1,1,1,5.42617,-0.0261799,0.00958767,0.00221936,0.287491,0.48501
3507,1,0.1,0,0,1,1,1,5.42617,0,0.00852238,0.00223354,0.301081,0.349658
3508,1,0.1,0,0,1,1,1,5.42617,0,-0.0127836,0.00226735,0.539909,0.270703
3509,1,0.1,0,0,1,1,1,5.42627,-0.00698132,0.0159795,0.00225256,0.221564,0.462451
3510,1,0.1,0,0,1,1,1,5.42617,0,0.00426119,0.00223636,0.348327,0.360938
3511,1,0.1,0,0,1,1,1,5.42627,0,0.00426119,0.00225202,0.350394,0.654199
3512,1,0.1,0,0,1,1,1,5.42627,-0.00872665,0.00958767,0.00226603,0.293652,0.552686
3513,1,0.1,0,0,1,1,1,5.42627,-0.015708,-0.00319589,0.00224843,0.431948,0.48501
3514,1,0.1,0,0,1,1,1,5.42627,0,-0.00639178,0.00224945,0.467237,0.47373
3515,1,0.1,0,0,1,1,1,5.42627,0,0.0159795,0.00225233,0.221533,0.518848
3516,1,0.1,0,0,1,1,1,5.42627,-0.0244346,-0.0010653,0.00225255,0.409055,0.304541
3517,1,0.1,0,0,1,1,1,5.42627,0,0.0010653,0.00225207,0.385554,0.518848
3518,1,0.1,0,0,1,1,1,5.42627,0,0.0276977,0.0022472,0.0919554,0.394775
3519,1,0.1,0,0,1,1,1,5.42617,-0.0436332,-0.0138489,0.00224168,0.548239,0.417334
3520,1,0.1,0,0,1,1,1,5.42627,0.0244346,0.00319589,0.00222438,0.358463,0.518848
3521,1,0.1,0,0,1,1,1,5.42617,0.00523599,-0.00639178,0.0022113,0.462201,0.338379
3522,1,0.1,0,0,1,1,1,5.42617,0,0.00532648,0.00218768,0.330182,0.451172
3523,1,0.1,0,0,1,1,1,5.42617,0,0.00213059,0.00217131,0.363177,0.259424
3524,1,0.1,0,0,1,1,1,5.42617,0,0.0127836,0.00215742,0.24416,0.372217
3525,1,0.1,0,0,1,1,1,5.42617,0,9.78459e-19,0.00215393,0.384319,0.281982
3526,1,0.1,0,0,1,1,1,5.42617,0,-0.0223712,0.00217532,0.633226,0.259424
3527,1,0.1,0,0,1,1,1,5.42627,0.00872665,-0.00532648,0.00216914,0.444917,0.462451
3528,1,0.1,0,0,1,1,1,5.42617,0,0.0127836,0.00216792,0.245546,0.48501
3529,1,0.1,0,0,1,1,1,5.42617,-0.00698132,-0.00958767,0.00217107,0.492046,0.304541
3530,1,0.1,0,0,1,1,1,5.42617,0,0.0202406,0.00211355,0.156341,0.236865
3531,1,0.1,0,0,1,1,1,5.42617,0,0.00426119,0.00211964,0.33292,0.518848
3532,1,0.1,0,0,1,1,1,5.42627,0,-0.0127836,0.00214477,0.523729,0.530127
3533,1,0.1,0,0,1,1,1,5.42627,0.00872665,0.00532648,0.00211748,0.320915,0.451172
3534,1,0.1,0,0,1,1,1,5.42617,0,0.00213059,0.00211836,0.356187,0.281982
3535,1,0.1,0,0,1,1,1,5.42617,0,0.00852238,0.0021112,0.284932,0.293262
3536,1,0.1,0,0,1,1,1,5.42617,-0.00872665,0.01811,0.0021046,0.178596,0.372217
3537,1,0.1,0,0,1,1,1,5.42617,-0.0122173,0.0159795,0.00203958,0.19345,0.146631
3538,1,0.1,0,0,1,1,1,5.42617,0,0.00532648,0.00201627,0.307556,0.372217
3539,1,0.1,0,0,1,1,1,5.42617,0,-0.0191753,0.001994,0.574137,0.394775
3540,1,0.1,0,0,1,1,1,5.42617,0,-0.00426119,0.00201152,0.412393,0.372217
3541,1,0.1,0,0,1,1,1,5.42617,0,0.00745708,0.00198365,0.279814,0.451172
3542,1,0.1,0,0,1,1,1,5.42617,-0.00872665,-0.00532648,0.00194939,0.415911,0.338379
3543,1,0.1,0,0,1,1,1,5.42617,0.00698132,0.00319589,0.00197208,0.325159,0.338379
3544,1,0.1,0,0,1,1,1,5.42617,0,0.00426119,0.00197018,0.313191,0.372217
3545,1,0.1,0,0,1,1,1,5.42617,0,-0.00426119,0.00199094,0.409677,0.31582
3546,1,0.1,0,0,1,1,1,5.42617,0,-0.0010653,0.0019686,0.371573,0.349658
3547,1,0.1,0,0,1,1,1,5.42617,0,0.0117183,0.00195874,0.229653,0.48501
3548,1,0.1,0,0,1,1,1,5.42617,0,-0.00213059,0.0019461,0.380299,0.541406
3549,1,0.1,0,0,1,1,1,5.42617,0,0.0010653,0.00195591,0.346461,0.518848
3550,1,0.1,0,0,1,1,1,5.42617,0,-0.00745708,0.00193426,0.43735,0.169189
3551,1,0.1,0,0,1,1,1,5.42617,0,-0.0010653,0.00192438,0.365736,0.236865
3552,1,0.1,0,0,1,1,1,5.42617,0,-0.00745708,0.00192427,0.436032,0.383496
3553,1,0.1,0,0,1,1,1,5.42627,0,0.0127836,0.00190235,0.210491,0.360938
3554,1,0.1,0,0,1,1,1,5.42617,-0.00872665,0.00958767,0.00187475,0.242003,0.406055
3555,1,0.1,0,0,1,1,1,5.42617,0,0.0138489,0.00186501,0.193843,0.31582
3556,1,0.1,0,0,1,1,1,5.42617,0,-0.010653,0.00187045,0.464082,0.3271
3557,1,0.1,0,0,1,1,1,5.42627,0,-0.00639178,0.0018246,0.411156,0.270703
3558,1,0.1,0,0,1,1,1,5.42617,-0.0122173,0.00213059,0.00175829,0.308444,0.304541
3559,1,0.1,0,0,1,1,1,5.42617,0,0.00319589,0.00182502,0.305748,0.530127
3560,1,0.1,0,0,1,1,1,5.42617,-0.00698132,0.00852238,0.00178611,0.242021,0.236865
3561,1,0.1,0,0,1,1,1,5.42617,0.00872665,0.00532648,0.00177585,0.275676,0.338379
3562,1,0.1,0,0,1,1,1,5.42617,-0.00872665,-0.0127836,0.00179622,0.47772,0.304541
3563,1,0.1,0,0,1,1,1,5.42617,0,0.0127836,0.00178853,0.195467,0.304541
3564,1,0.1,0,0,1,1,1,5.42617,-0.00698132,-0.00426119,0.00178489,0.382479,0.259424
3565,1,0.1,0,0,1,1,1,5.42617,0,0.010653,0.00177489,0.217103,0.259424
3566,1,0.1,0,0,1,1,1,5.42617,0,0.01811,0.00176749,0.134014,0.281982
3567,1,0.1,0,0,1,1,1,5.42617,-0.00349066,0.0127836,0.00176558,0.192437,0.281982
3568,1,0.1,0,0,1,1,1,5.42617,0,-0.00319589,0.00174007,0.364844,0.169189
3569,1,0.1,0,0,1,1,1,5.42617,0,-0.0266324,0.00174143,0.622826,0.225586
3570,1,0.1,0,0,1,1,1,5.42617,0,0.00639178,0.00173706,0.258974,0.31582
3571,1,0.1,0,0,1,1,1,5.42617,0,0.00532648,0.00170225,0.266106,0.248145
3572,1,0.1,0,0,1,1,1,5.42617,0,0.00213059,0.00171005,0.30229,0.48501
3573,1,0.1,0,0,1,1,1,5.42617,-0.00523599,0.0127836,0.00170344,0.184235,0.191748
3574,1,0.1,0,0,1,1,1,5.42617,0,-0.010653,0.00171796,0.443954,0.259424
3575,1,0.1,0,0,1,1,1,5.42617,0,0.00426119,0.00167696,0.274379,0.338379
3576,1,0.1,0,0,1,1,1,5.42617,-0.00523599,-0.00319589,0.00166165,0.354492,0.270703
3577,1,0.1,0,0,1,1,1,5.42617,0,0.00958767,0.0016468,0.211913,0.169189
3578,1,0.1,0,0,1,1,1,5.42617,0,-0.00319589,0.00162506,0.349488,0.507568
3579,1,0.1,0,0,1,1,1,5.42617,0.0122173,0.00319589,0.00162024,0.278717,0.270703
3580,1,0.1,0,0,1,1,1,5.42617,0,0.00213059,0.0016021,0.28804,0.225586
3581,1,0.1,0,0,1,1,1,5.42617,0,0.0117183,0.00160465,0.182913,0.417334
3582,1,0.1,0,0,1,1,1,5.42617,0,-0.0010653,0.00159663,0.322473,0.31582
3583,1,0.1,0,0,1,1,1,5.42617,0,-0.0010653,0.00157931,0.320187,0.236865
3584,1,0.1,0,0,1,1,1,5.42617,0,0.01811,0.00155194,0.105646,0.304541
3585,1,0.1,0,0,1,1,1,5.42617,0,-0.00852238,0.0015953,0.404326,0.236865
3586,1,0.1,0,0,1,1,1,5.42617,0,0.00852238,0.00161738,0.219748,0.248145
3587,1,0.1,0,0,1,1,1,5.42617,-0.0174533,0.00213059,0.00159603,0.28724,0.225586
3588,1,0.1,0,0,1,1,1,5.42617,0,0.0191753,0.00158993,0.0989419,0.191748
3589,1,0.1,0,0,1,1,1,5.42617,-0.0174533,-0.00426119,0.00156315,0.353209,0.259424
3590,1,0.1,0,0,1,1,1,5.42617,0,-0.01811,0.00155175,0.504042,0.169189
3591,1,0.1,0,0,1,1,1,5.42617,0.0226893,-5.87076e-19,0.00154776,0.304304,0.338379
3592,1,0.1,0,0,1,1,1,5.42617,0,0.00745708,0.00155793,0.223619,0.236865
3593,1,0.1,0,0,1,1,1,5.42617,0,-0.00213059,0.00156127,0.329524,0.31582
3594,1,0.1,0,0,1,1,1,5.42617,0,-0.00745708,0.00156626,0.388774,0.191748
3595,1,0.1,0,0,1,1,1,5.42617,0,-0.00745708,0.00153456,0.38459,0.338379
3596,1,0.1,0,0,1,1,1,5.42617,0,0.00958767,0.0015266,0.196047,0.146631
3597,1,0.1,0,0,1,1,1,5.42617,-0.015708,2.08738e-18,0.00153189,0.302209,0.180469
3598,1,0.1,0,0,1,1,1,5.42627,0.0191986,0.00213059,0.00152465,0.277817,0.281982
3599,1,0.1,0,0,1,1,1,5.42617,0,-0.00532648,0.00150183,0.356832,0.180469
3600,1,0.1,0,0,1,1,1,5.42617,0.00349066,0.0170448,0.00149204,0.109458,0.349658
3601,1,0.1,0,0,1,1,1,5.42617,-0.00523599,0.00319589,0.00146559,0.258303,0.191748
3602,1,0.1,0,0,1,1,1,5.42617,0,-0.00745708,0.00143053,0.370783,0.259424
3603,1,0.1,0,0,1,1,1,5.42617,0.0174533,0.00745708,0.00143347,0.20719,0.304541
3604,1,0.1,0,0,1,1,1,5.42617,-0.015708,0.00639178,0.00141786,0.216657,0.293262
3605,1,0.1,0,0,1,1,1,5.42617,0,0.00639178,0.00138667,0.212492,0.383496
3606,1,0.1,0,0,1,1,1,5.42617,-0.0279253,-0.00639178,0.00139758,0.35479,0.270703
3607,1,0.1,0,0,1,1,1,5.42617,0,-0.00958767,0.0013727,0.386661,0.31582
3608,1,0.1,0,0,1,1,1,5.42617,0,0.0159795,0.00135131,0.102599,0.236865
3609,1,0.1,0,0,1,1,1,5.42617,0,-0.0138489,0.0013393,0.429125,0.3271
3610,1,0.1,0,0,1,1,1,5.42617,0,-0.0245018,0.00136702,0.549966,0.225586
3611,1,0.1,0,0,1,1,1,5.42617,0.00174533,0.0127836,0.0013395,0.136194,0.236865
3612,1,0.1,0,0,1,1,1,5.42617,-0.00872665,0.00319589,0.00131346,0.238222,0.225586
3613,1,0.1,0,0,1,1,1,5.42617,0,-0.0010653,0.00131129,0.284809,0.236865
3614,1,0.1,0,0,1,1,1,5.42617,0,-0.00319589,0.00130237,0.307067,0.270703
3615,1,0.1,0,0,1,1,1,5.42617,0,-0.00213059,0.00124799,0.288171,0.112793
3616,1,0.1,0,0,1,1,1,5.42617,0.0139626,0.00639178,0.0012651,0.196684,0.394775
3617,1,0.1,0,0,1,1,1,5.42617,-0.00872665,-0.00958767,0.00126051,0.371851,0.281982
3618,1,0.1,0,0,1,1,1,5.42617,0,-0.00852238,0.00124498,0.358084,0.169189
3619,1,0.1,0,0,1,1,1,5.42617,0,0.00639178,0.00128739,0.199627,0.259424
3620,1,0.1,0,0,1,1,1,5.42617,0,-0.0010653,0.00126902,0.279229,0.180469
3621,1,0.1,0,0,1,1,1,5.42617,0,-0.010653,0.00128118,0.386298,0.259424
3622,1,0.1,0,0,1,1,1,5.42617,0,-0.00639178,0.00127712,0.33889,0.236865
3623,1,0.1,0,0,1,1,1,5.42617,0,0.0138489,0.00126813,0.115056,0.236865
3624,1,0.1,0,0,1,1,1,5.42617,0,-0.00319589,0.00125016,0.300072,0.281982
3625,1,0.1,0,0,1,1,1,5.42617,0,0.0117183,0.00123743,0.13444,0.293262
3626,1,0.1,0,0,1,1,1,5.42617,0,0.0266324,0.00121815,-0.0321613,0.146631
3627,1,0.1,0,0,1,1,1,5.42607,-0.0401426,-0.0010653,0.00123795,0.275128,0.180469
3628,1,0.1,0,0,1,1,1,5.42617,0.0122173,0.00745708,0.00123021,0.180338,0.169189
3629,1,0.1,0,0,1,1,1,5.42617,0,0.0149142,0.00119534,0.0936585,0.225586
3630,1,0.1,0,0,1,1,1,5.42617,-0.00872665,-0.0010653,0.00120543,0.270835,0.146631
3631,1,0.1,0,0,1,1,1,5.42617,0,0.00319589,0.00116547,0.218687,0.101514
3632,1,0.1,0,0,1,1,1,5.42617,0.00872665,-0.00213059,0.00116978,0.277847,0.236865
3633,1,0.1,0,0,1,1,1,5.42617,0,0.00639178,0.00113859,0.179984,0.112793
3634,1,0.1,0,0,1,1,1,5.42617,0,0.00319589,0.00112729,0.213647,0.169189
3635,1,0.1,0,0,1,1,1,5.42617,0,-0.00426119,0.00113734,0.297002,0.259424
3636,1,0.1,0,0,1,1,1,5.42617,0,-5.21845e-19,0.00114105,0.250618,0.304541
3637,1,0.1,0,0,1,1,1,5.42617,0,0.0191753,0.0011041,0.0348122,0.124072
3638,1,0.1,0,0,1,1,1,5.42617,0,0.00426119,0.00110439,0.198906,0.304541
3639,1,0.1,0,0,1,1,1,5.42617,0,0.00958767,0.00108054,0.137166,0.236865
3640,1,0.1,0,0,1,1,1,5.42617,0,0.00852238,0.00104009,0.143331,0.236865
3641,1,0.1,0,0,1,1,1,5.42617,0,0.0117183,0.00102685,0.106574,0.338379
3642,1,0.1,0,0,1,1,1,5.42607,-0.015708,-0.00639178,0.00104251,0.307921,0.225586
3643,1,0.1,0,0,1,1,1,5.42617,0,-0.00213059,0.00101796,0.257713,0.112793
3644,1,0.1,0,0,1,1,1,5.42607,0,-0.0010653,0.00101157,0.245245,0.214307
3645,1,0.1,0,0,1,1,1,5.42607,0,0.00532648,0.000980594,0.170847,0.191748
3646,1,0.1,0,0,1,1,1,5.42607,0,0.00319589,0.000962523,0.191898,0.15791
3647,1,0.1,0,0,1,1,1,5.42607,0,0.0245018,0.000954515,-0.0435241,0.180469
3648,1,0.1,0,0,1,1,1,5.42617,0.00174533,-0.00852238,0.000943025,0.318225,0.112793
3649,1,0.1,0,0,1,1,1,5.42617,0,0.00745708,0.000952548,0.143683,0.293262
3650,1,0.1,0,0,1,1,1,5.42617,0,-0.0127836,0.000964747,0.367966,0.15791
3651,1,0.1,0,0,1,1,1,5.42617,0,-0.0170448,0.000945491,0.41226,0.169189
3652,1,0.1,0,0,1,1,1,5.42607,0.00872665,0.00958767,0.000941937,0.118871,0.191748
3653,1,0.1,0,0,1,1,1,5.42607,0,0.0010653,0.000893064,0.206166,0.180469
3654,1,0.1,0,0,1,1,1,5.42607,0.0174533,-0.00319589,0.00089673,0.253523,0.349658
3655,1,0.1,0,0,1,1,1,5.42607,0,-0.010653,0.000875265,0.332718,0.146631
3656,1,0.1,0,0,1,1,1,5.42607,0,0.00319589,0.000869811,0.17966,0.259424
3657,1,0.1,0,0,1,1,1,5.42607,0,0.00852238,0.000888596,0.123549,0.349658
3658,1,0.1,0,0,1,1,1,5.42607,0,0.00213059,0.000845047,0.187714,0.349658
3659,1,0.1,0,0,1,1,1,5.42607,0,0.010653,0.000848596,0.0948319,0.248145
3660,1,0.1,0,0,1,1,1,5.42607,0,0.00319589,0.000831104,0.174551,0.180469
3661,1,0.0999999,-0.000190167,-0.189554,1,1,1,5.42607,0,0.00213059,0.000852345,0.165205,0.428613
3662,1,0.0999946,-0.00228583,-0.643933,1,1,1,5.42617,0,-0.00213059,0.000852244,0.134235,0.304541
3663,1,0.0999733,-0.00658344,-1.07032,1,1,1,5.42607,0,-0.00319589,0.000812627,0.038381,0.0902344
3664,1,0.0999254,-0.0129427,-1.4692,1,1,1,5.42607,0,0.0170448,0.000728413,-0.320734,0
3665,1,0.0998407,-0.0212302,-1.8413,1,1,1,5.42607,-0.0174533,-0.00958767,0.000621822,-0.189811,-0.0451172
3666,1,0.09971,-0.0313183,-2.18732,1,1,1,5.42607,0,0.0138489,0.000464198,-0.63639,-0.112793
3667,1,0.0995248,-0.0430599,-2.50729,1,1,1,5.42598,-0.00698132,0.00745708,0.000307485,-0.773468,-0.0902344
3668,1,0.0992769,-0.0563426,-2.80228,1,1,1,5.42588,-0.0331613,-0.00319589,9.04627e-05,-0.889787,-0.270703
3669,1,0.098959,-0.0710403,-3.07276,1,1,1,5.4255,-0.0715585,-0.0159795,-0.000169066,-1.00403,-0.845947
3670,1,0.0985643,-0.087032,-3.31931,1,1,1,5.42531,0,-0.0340895,-0.000397121,-1.06898,-0.845947
3671,1,0.0980867,-0.104197,-3.54246,1,1,1,5.42492,-0.0837758,-0.0724402,-0.000598388,-0.919879,-0.812109
3672,1,0.0975206,-0.122418,-3.74277,1,1,1,5.42464,-0.0767945,-0.0820279,-0.000788609,-1.09591,-0.913623
3673,1,0.096861,-0.141584,-3.92084,1,1,1,5.42396,-0.0942478,-0.0980073,-0.000985107,-1.21182,-1.01514
3674,1,0.0961035,-0.161588,-4.07728,1,1,1,5.42348,-0.141372,-0.112921,-0.00119752,-1.35048,-1.06025
3675,1,0.0952439,-0.182323,-4.21264,1,1,1,5.42262,-0.174533,-0.135293,-0.00138227,-1.41011,-1.15049
3676,1,0.0942791,-0.203682,-4.32749,1,1,1,5.42186,-0.18675,-0.186427,-0.00155912,-1.15805,-1.3084
3677,1,0.0932062,-0.225564,-4.4224,1,1,1,5.4208,-0.176278,-0.191753,-0.00170172,-1.40881,-1.28584
3678,1,0.0920228,-0.247873,-4.49797,1,1,1,5.41975,-0.249582,-0.21519,-0.00180792,-1.45804,-1.26328
3679,1,0.0907268,-0.270515,-4.55476,1,1,1,5.41831,-0.312414,-0.26952,-0.00190218,-1.16866,-1.24072
3680,1,0.0893173,-0.29339,-4.59334,1,1,1,5.41716,-0.242601,-0.262063,-0.00192317,-1.54781,-1.22944
3681,1,0.0877927,-0.316419,-4.6143,1,1,1,5.41553,-0.401426,-0.304675,-0.00197953,-1.38212,-1.22944
3682,1,0.0861531,-0.339503,-4.61821,1,1,1,5.41419,-0.315905,-0.311067,-0.00204775,-1.61502,-1.42119
3683,1,0.0843978,-0.362571,-4.60565,1,1,1,5.41198,-0.368264,-0.33983,-0.00210733,-1.59872,-1.45503
3684,1,0.0825273,-0.385537,-4.57718,1,1,1,5.41073,-0.352557,-0.374985,-0.00215594,-1.50722,-1.35352
3685,1,0.0805425,-0.40832,-4.53339,1,1,1,5.40834,-0.42237,-0.406943,-0.00219324,-1.44545,-1.61294
3686,1,0.0784448,-0.430843,-4.47487,1,1,1,5.40661,-0.408407,-0.400552,-0.00225613,-1.80357,-1.6355
3687,1,0.0762348,-0.453043,-4.40217,1,1,1,5.40373,-0.481711,-0.465535,-0.00227208,-1.365,-1.56782
3688,1,0.0739151,-0.474842,-4.31589,1,1,1,5.40201,-0.427606,-0.491102,-0.00216821,-1.33468,-1.53398
3689,1,0.0714872,-0.49618,-4.21657,1,1,1,5.39932,-0.534071,-0.510277,-0.00210863,-1.37398,-1.39863
3690,1,0.0689542,-0.516987,-4.10482,1,1,1,5.39702,-0.581195,-0.532648,-0.00209503,-1.37687,-1.53398
3691,1,0.0663183,-0.537208,-3.9812,1,1,1,5.39386,-0.446804,-0.540106,-0.00204087,-1.5289,-1.54526
3692,1,0.0635829,-0.556782,-3.84629,1,1,1,5.39175,-0.565487,-0.565673,-0.00194132,-1.46522,-1.36479
3693,1,0.0607516,-0.575654,-3.70067,1,1,1,5.38811,-0.612611,-0.588044,-0.00182322,-1.42379,-1.26328
3694,1,0.057828,-0.59377,-3.54492,1,1,1,5.386,-0.499164,-0.615742,-0.00170503,-1.31281,-1.16177
3695,1,0.0548152,-0.611087,-3.37958,1,1,1,5.38226,-0.698132,-0.620003,-0.00160788,-1.45168,-1.252
3696,1,0.0517185,-0.627551,-3.20529,1,1,1,5.37967,-0.616101,-0.625329,-0.00156235,-1.57498,-1.36479
3697,1,0.0485411,-0.643126,-3.02256,1,1,1,5.37584,-0.668461,-0.650896,-0.00153846,-1.46661,-1.55654
3698,1,0.0452886,-0.657765,-2.83202,1,1,1,5.37315,-0.66497,-0.644505,-0.00145982,-1.68878,-1.35352
3699,1,0.0419653,-0.671433,-2.63422,1,1,1,5.36922,-0.719076,-0.683921,-0.00137647,-1.3938,-1.27456
3700,1,0.0385759,-0.684096,-2.42971,1,1,1,5.36634,-0.733038,-0.700965,-0.00127409,-1.32816,-1.29712
3701,1,0.0351256,-0.695722,-2.2191,1,1,1,5.36232,-0.689405,-0.740381,-0.00113708,-0.997426,-1.26328
3702,1,0.0316206,-0.706277,-2.003,1,1,1,5.35935,-0.753982,-0.719075,-0.00108039,-1.33194,-1.31968
3703,1,0.0280647,-0.715743,-1.7819,1,1,1,5.35503,-0.66497,-0.747838,-0.000952357,-1.09099,-1.18433
3704,1,0.0244649,-0.72409,-1.55645,1,1,1,5.35187,-0.811578,-0.753165,-0.000780327,-1.08663,-1.21816
3705,1,0.0208257,-0.731301,-1.32718,1,1,1,5.34755,-0.652753,-0.782993,-0.000618193,-0.799132,-1.12793
3706,1,0.017154,-0.737356,-1.09473,1,1,1,5.34458,-0.806342,-0.767014,-0.000451811,-0.999217,-0.924902
3707,1,0.0134542,-0.742243,-0.859572,1,1,1,5.33998,-0.678933,-0.779797,-0.000310669,-0.871948,-1.10537
3708,1,0.00973341,-0.745949,-0.622375,1,1,1,5.33701,-0.804597,-0.764883,-0.000171268,-1.0341,-1.04897
3709,1,0.00599708,-0.748464,-0.383682,1,1,1,5.3326,-0.699877,-0.77021,-5.54573e-05,-0.962165,-1.04897
3710,1,0.00225058,-0.749784,-0.14403,1,1,1,5.32943,-0.818559,-0.759557,2.45163e-05,-1.05604,-1.0377
3711,1,-0.00149879,-0.749904,0.0959203,1,1,1,5.32483,-0.694641,-0.778732,7.3918e-05,-0.811307,-0.924902
3712,1,-0.00524666,-0.748825,0.335698,1,1,1,5.32176,-0.815069,-0.774471,0.00024038,-0.791302,-0.744434
3713,1,-0.00898556,-0.746548,0.574633,1,1,1,5.31735,-0.797615,-0.749969,0.000306387,-0.994037,-0.755713
3714,1,-0.0127097,-0.743081,0.812158,1,1,1,5.314,-0.809833,-0.773406,0.000406313,-0.650223,-0.845947
3715,1,-0.0164141,-0.73843,1.04776,1,1,1,5.30978,-0.731293,-0.778732,0.000538077,-0.485551,-0.64292
3716,1,-0.0200924,-0.732607,1.28084,1,1,1,5.30661,-0.738274,-0.780863,0.000701557,-0.336571,-0.755713
3717,1,-0.0237382,-0.725627,1.51077,1,1,1,5.30249,-0.764454,-0.753165,0.00077483,-0.514624,-0.744434
3718,1,-0.0273462,-0.717507,1.73702,1,1,1,5.29904,-0.753982,-0.727598,0.000896272,-0.647887,-0.597803
3719,1,-0.0309113,-0.708264,1.95904,1,1,1,5.29501,-0.74002,-0.71588,0.000954239,-0.625003,-0.64292
3720,1,-0.0344272,-0.697924,2.1762,1,1,1,5.29195,-0.68766,-0.702031,0.00103359,-0.609196,-0.462451
3721,1,-0.037889,-0.68651,2.38797,1,1,1,5.28792,-0.670206,-0.716945,0.00106291,-0.271636,-0.620361
3722,1,-0.0412904,-0.674055,2.5937,1,1,1,5.28523,-0.677188,-0.682855,0.00114033,-0.452909,-0.530127
3723,1,-0.0446277,-0.660585,2.79291,1,1,1,5.28121,-0.645772,-0.682855,0.00114912,-0.258129,-0.563965
3724,1,-0.0478947,-0.646138,2.98495,1,1,1,5.27862,-0.640536,-0.639178,0.00112332,-0.536738,-0.383496
3725,1,-0.0510874,-0.630748,3.16929,1,1,1,5.27459,-0.659734,-0.635982,0.00113312,-0.354414,-0.338379
3726,1,-0.0542009,-0.614457,3.34534,1,1,1,5.27229,-0.603884,-0.618938,0.00110342,-0.319667,-0.439893
3727,1,-0.0572307,-0.597309,3.51251,1,1,1,5.26855,-0.542797,-0.59337,0.00111644,-0.362575,-0.270703
3728,1,-0.0601726,-0.579349,3.67023,1,1,1,5.26635,-0.58294,-0.589109,0.00112408,-0.163097,-0.203027
3729,1,-0.063023,-0.560623,3.81794,1,1,1,5.2627,-0.546288,-0.578456,0.00112806,-0.0256986,-0.304541
3730,1,-0.0657778,-0.541186,3.95504,1,1,1,5.2606,-0.534071,-0.564607,0.00120029,0.0944767,-0.124072
3731,1,-0.0684336,-0.521092,4.08096,1,1,1,5.25753,-0.53058,-0.517734,0.00120281,-0.151563,-0.146631
3732,1,-0.0709876,-0.500397,4.19514,1,1,1,5.25532,-0.497419,-0.52093,0.00120483,0.158753,-0.191748
3733,1,-0.073437,-0.479159,4.297,1,1,1,5.25254,-0.492183,-0.497494,0.00123809,0.18653,-0.101514
3734,1,-0.0757785,-0.457448,4.38594,1,1,1,5.25072,-0.436332,-0.462339,0.00119717,0.0788662,-0.146631
3735,1,-0.0780103,-0.435326,4.4614,1,1,1,5.24804,-0.443314,-0.400552,0.00110592,-0.325565,-0.169189
3736,1,-0.0801312,-0.412857,4.52283,1,1,1,5.2465,-0.368264,-0.398421,0.00101482,-0.0720914,-0.169189
3737,1,-0.0821386,-0.39012,4.56961,1,1,1,5.2442,-0.347321,-0.382442,0.000940498,0.0332978,-0.169189
3738,1,-0.0840319,-0.367187,4.60119,1,1,1,5.24276,-0.345575,-0.325981,0.000797378,-0.315606,-0.191748
3739,1,-0.0858104,-0.344133,4.61699,1,1,1,5.24075,-0.305433,-0.322785,0.000661024,-0.0788588,-0.180469
3740,1,-0.0874734,-0.321042,4.61643,1,1,1,5.2396,-0.310669,-0.294022,0.000510018,-0.126737,-0.146631
3741,1,-0.0890209,-0.297997,4.59894,1,1,1,5.23787,-0.237365,-0.268455,0.000346795,-0.14396,-0.112793
3742,1,-0.0904533,-0.275086,4.56394,1,1,1,5.23691,-0.253073,-0.241822,0.000185597,-0.176416,-0.146631
3743,1,-0.0917721,-0.252389,4.51084,1,1,1,5.23557,-0.211185,-0.208798,-3.57601e-06,-0.288525,-0.135352
3744,1,-0.0929777,-0.230009,4.4391,1,1,1,5.23471,-0.218166,-0.199211,-0.000170906,-0.146365,-0.124072
3745,1,-0.0940728,-0.20803,4.34809,1,1,1,5.23365,-0.164061,-0.161925,-0.000344846,-0.31669,-0.135352
3746,1,-0.0950589,-0.186561,4.23731,1,1,1,5.23298,-0.169297,-0.145946,-0.000586755,-0.272258,-0.191748
3747,1,-0.0959394,-0.16569,4.10608,1,1,1,5.23212,-0.116937,-0.131032,-0.000754586,-0.214911,-0.146631
3748,1,-0.0967171,-0.145532,3.95393,1,1,1,5.23164,-0.127409,-0.0990726,-0.000958647,-0.361828,-0.225586
3749,1,-0.097396,-0.126189,3.78024,1,1,1,5.23107,-0.0890118,-0.0948114,-0.00115183,-0.215637,-0.270703
3750,1,-0.0979806,-0.107766,3.58439,1,1,1,5.23078,-0.0628319,-0.0649831,-0.00132154,-0.361312,-0.259424
3751,1,-0.0984754,-0.0903826,3.3659,1,1,1,5.2304,-0.0645772,-0.0521996,-0.00155895,-0.345853,-0.349658
3752,1,-0.0988863,-0.0741467,3.1241,1,1,1,5.2302,-0.020944,-0.0351548,-0.0017437,-0.386259,-0.31582
3753,1,-0.099219,-0.0591797,2.85845,1,1,1,5.23001,-0.0366519,-0.0255671,-0.00194221,-0.365932,-0.372217
3754,1,-0.0994804,-0.0456028,2.56841,1,1,1,5.22992,-0.00174533,-0.01811,-0.00215482,-0.344926,-0.338379
3755,1,-0.0996776,-0.0335376,2.25334,1,1,1,5.22992,0,0.00426119,-0.00237047,-0.510175,-0.428613
3756,1,-0.0998185,-0.023112,1.91273,1,1,1,5.22992,0,0.0223712,-0.00260131,-0.654682,-0.462451
3757,1,-0.0999116,-0.0144539,1.54593,1,1,1,5.22992,0.00349066,0.00532648,-0.00274842,-0.425819,-0.383496
3758,1,-0.0999662,-0.0076969,1.15243,1,1,1,5.22992,-0.00523599,0.0170448,-0.00290984,-0.54219,-0.620361
3759,1,-0.099992,-0.00297482,0.73157,1,1,1,5.22992,0,0.00532648,-0.00300579,-0.419721,-0.575244
3760,1,-0.0999996,-0.00042719,0.282954,1,1,1,5.23001,0.0174533,0.0138489,-0.00304982,-0.542914,-0.541406
3761,1,-0.1,-0,-0,1,1,1,5.23001,0,-0.00319589,-0.00310423,-0.394519,-0.620361
3762,1,-0.1,-0,-0,1,1,1,5.23001,0.00872665,0.00319589,-0.00312576,-0.471746,-0.406055
3763,1,-0.1,-0,-0,1,1,1,5.23001,0,-0.0170448,-0.00311934,-0.252139,-0.394775
3764,1,-0.1,-0,-0,1,1,1,5.23001,0,-0.00319589,-0.0031083,-0.406312,-0.406055
3765,1,-0.1,-0,-0,1,1,1,5.23001,0,-0.0010653,-0.00309957,-0.432329,-0.451172
3766,1,-0.1,-0,-0,1,1,1,5.23001,0,0.010653,-0.00312035,-0.567792,-0.541406
3767,1,-0.1,-0,-0,1,1,1,5.23001,0,-0.0127836,-0.00311345,-0.313107,-0.496289
3768,1,-0.1,-0,-0,1,1,1,5.23001,0,-0.00745708,-0.00313421,-0.378237,-0.507568
3769,1,-0.1,-0,-0,1,1,1,5.23001,0,-0.00852238,-0.00318413,-0.377955,-0.665479
3770,1,-0.1,-0,-0,1,1,1,5.23001,0.010472,1.17415e-18,-0.0031492,-0.47002,-0.451172
3771,1,-0.1,-0,-0,1,1,1,5.23001,0,-0.00213059,-0.0031846,-0.455485,-0.507568
3772,1,-0.1,-0,-0,1,1,1,5.23001,0,0.00745708,-0.0031985,-0.56674,-0.507568
3773,1,-0.1,-0,-0,1,1,1,5.23001,0,-0.00852238,-0.00323318,-0.399913,-0.47373
3774,1,-0.1,-0,-0,1,1,1,5.23001,0,-0.00639178,-0.00324743,-0.429843,-0.563965
3775,1,-0.1,-0,-0,1,1,1,5.23001,0,-6.52306e-20,-0.00325382,-0.505019,-0.462451
3776,1,-0.1,-0,-0,1,1,1,5.23001,-0.00872665,0.00426119,-0.00324201,-0.553976,-0.552686
3777,1,-0.1,-0,-0,1,1,1,5.23001,0,0.0138489,-0.00328611,-0.669936,-0.530127
3778,1,-0.1,-0,-0,1,1,1,5.23001,0,-0.00852238,-0.00326725,-0.425185,-0.563965
3779,1,-0.1,-0,-0,1,1,1,5.23001,0,-0.00745708,-0.00329052,-0.444521,-0.620361
3780,1,-0.1,-0,-0,1,1,1,5.23001,0,0.0127836,-0.00332018,-0.675025,-0.451172
3781,1,-0.1,-0,-0,1,1,1,5.23001,0,0.0138489,-0.00333194,-0.692153,-0.575244
3782,1,-0.1,-0,-0,1,1,1,5.23001,0,3.26153e-19,-0.00337026,-0.544874,-0.518848
3783,1,-0.1,-0,-0,1,1,1,5.23001,0,-0.0255671,-0.00337091,-0.263721,-0.654199
3784,1,-0.1,-0,-0,1,1,1,5.22992,0,0.00426119,-0.00339584,-0.595124,-0.609082
3785,1,-0.1,-0,-0,1,1,1,5.22992,0,0.0010653,-0.00337168,-0.55678,-0.518848
3786,1,-0.1,-0,-0,1,1,1,5.22992,0,0.0010653,-0.00338822,-0.558963,-0.462451
3787,1,-0.1,-0,-0,1,1,1,5.22992,0,-0.0138489,-0.00340674,-0.397352,-0.575244
3788,1,-0.1,-0,-0,1,1,1,5.22992,0,0.00532648,-0.00341306,-0.609115,-0.47373
3789,1,-0.1,-0,-0,1,1,1,5.22992,0,0.0127836,-0.00346186,-0.697584,-0.620361
3790,1,-0.1,-0,-0,1,1,1,5.22992,0,0.00639178,-0.00346635,-0.627867,-0.496289
3791,1,-0.1,-0,-0,1,1,1,5.22992,0,0.0191753,-0.00344778,-0.766036,-0.406055
3792,1,-0.1,-0,-0,1,1,1,5.23001,0,-1.95692e-19,-0.00347879,-0.5592,-0.64292
3793,1,-0.1,-0,-0,1,1,1,5.22992,0,-0.00213059,-0.0034451,-0.531316,-0.530127
3794,1,-0.1,-0,-0,1,1,1,5.22992,0,0.00213059,-0.00345419,-0.57939,-0.530127
3795,1,-0.1,-0,-0,1,1,1,5.22992,0,0.0010653,-0.00345611,-0.567925,-0.507568
3796,1,-0.1,-0,-0,1,1,1,5.22992,0,-0.00213059,-0.00347183,-0.534846,-0.665479
3797,1,-0.1,-0,-0,1,1,1,5.22992,0,0.0117183,-0.00348941,-0.689504,-0.507568
3798,1,-0.1,-0,-0,1,1,1,5.22992,0,0.00532648,-0.00349807,-0.620336,-0.563965
3799,1,-0.1,-0,-0,1,1,1,5.22992,0,-0.0127836,-0.00352261,-0.424366,-0.563965
3800,1,-0.1,-0,-0,1,1,1,5.22992,0,-0.0010653,-0.00349547,-0.549683,-0.597803
3801,1,-0.1,-0,-0,1,1,1,5.23001,0,0.00852238,-0.00353108,-0.659849,-0.620361
3802,1,-0.1,-0,-0,1,1,1,5.23001,0,0.0127836,-0.00354132,-0.708074,-0.552686
3803,1,-0.1,-0,-0,1,1,1,5.22992,0,0.00213059,-0.0035157,-0.587509,-0.428613
3804,1,-0.1,-0,-0,1,1,1,5.22992,-0.00872665,0.00532648,-0.00352486,-0.623873,-0.665479
3805,1,-0.1,-0,-0,1,1,1,5.22992,0,0.0010653,-0.00356591,-0.582418,-0.699316
3806,1,-0.1,-0,-0,1,1,1,5.22992,0,0.0127836,-0.00359021,-0.714526,-0.631641
3807,1,-0.1,-0,-0,1,1,1,5.22992,0,-0.00639178,-0.0035625,-0.49994,-0.654199
3808,1,-0.1,-0,-0,1,1,1,5.22992,0,-0.00319589,-0.0036079,-0.541088,-0.699316
3809,1,-0.1,-0,-0,1,1,1,5.22992,0,-0.0010653,-0.00360308,-0.563888,-0.620361
3810,1,-0.1,-0,-0,1,1,1,5.22992,0,-0.0170448,-0.00359143,-0.386576,-0.620361
3811,1,-0.1,-0,-0,1,1,1,5.22992,0,-0.0340895,-0.00357156,-0.196461,-0.620361
3812,1,-0.1,-0,-0,1,1,1,5.22992,0,-0.0159795,-0.0036019,-0.399677,-0.575244
3813,1,-0.1,-0,-0,1,1,1,5.22992,0.0296706,0.00213059,-0.00360149,-0.598833,-0.48501
3814,1,-0.1,-0,-0,1,1,1,5.22992,-0.0174533,-0.00426119,-0.00359931,-0.528236,-0.778271
3815,1,-0.1,-0,-0,1,1,1,5.22992,0,0.00532648,-0.00362016,-0.636453,-0.676758
3816,1,-0.1,-0,-0,1,1,1,5.22992,0,0.00852238,-0.00363678,-0.673801,-0.575244
3817,1,-0.1,-0,-0,1,1,1,5.22992,0,0.00532648,-0.00368684,-0.645254,-0.631641
3818,1,-0.1,-0,-0,1,1,1,5.22992,-0.0174533,-0.00852238,-0.00364429,-0.487301,-0.710596
3819,1,-0.1,-0,-0,1,1,1,5.22992,0,-0.0234365,-0.00365614,-0.324809,-0.721875
3820,1,-0.1,-0,-0,1,1,1,5.22992,0,-0.0138489,-0.00367143,-0.432291,-0.47373
3821,1,-0.1,-0,-0,1,1,1,5.22992,0.0139626,0.010653,-0.00368856,-0.704073,-0.778271
3822,1,-0.1,-0,-0,1,1,1,5.22992,0.00872665,-0.00319589,-0.00367196,-0.549544,-0.597803
3823,1,-0.1,-0,-0,1,1,1,5.22992,0,0.0117183,-0.00368198,-0.714922,-0.530127
3824,1,-0.1,-0,-0,1,1,1,5.22992,-0.0191986,0.0202406,-0.00372301,-0.814085,-0.744434
3825,1,-0.1,-0,-0,1,1,1,5.22992,0,-0.0149142,-0.00373599,-0.429095,-0.609082
3826,1,-0.1,-0,-0,1,1,1,5.22992,0,0.00213059,-0.00376034,-0.619802,-0.688037
3827,1,-0.1,-0,-0,1,1,1,5.22992,0,-0.0340895,-0.00376489,-0.221981,-0.733154
3828,1,-0.1,-0,-0,1,1,1,5.22992,0.00698132,0.00852238,-0.00376263,-0.690413,-0.654199
3829,1,-0.1,-0,-0,1,1,1,5.22992,0,-0.0191753,-0.00372773,-0.381132,-0.552686
3830,1,-0.1,-0,-0,1,1,1,5.22992,0,-0.00745708,-0.00378117,-0.517086,-0.733154
3831,1,-0.1,-0,-0,1,1,1,5.22992,0,0.00319589,-0.0038151,-0.638748,-0.620361
3832,1,-0.1,-0,-0,1,1,1,5.22982,-0.015708,-0.0117183,-0.00379326,-0.471809,-0.665479
3833,1,-0.1,-0,-0,1,1,1,5.22992,0,0.01811,-0.00381103,-0.802267,-0.654199
3834,1,-0.1,-0,-0,1,1,1,5.22992,0,0.00319589,-0.00381859,-0.639209,-0.631641
3835,1,-0.1,-0,-0,1,1,1,5.22992,0,-0.0308936,-0.00380015,-0.261791,-0.665479
3836,1,-0.1,-0,-0,1,1,1,5.22992,0,-0.00532648,-0.00378497,-0.541025,-0.530127
3837,1,-0.1,-0,-0,1,1,1,5.22992,0,0.00639178,-0.00383151,-0.676069,-0.789551
3838,1,-0.1,-0,-0,1,1,1,5.22982,0,-0.00213059,-0.00387649,-0.58826,-0.688037
3839,1,-0.1,-0,-0,1,1,1,5.22992,0.00872665,1.95692e-19,-0.00385822,-0.609285,-0.563965
3840,1,-0.1,-0,-0,1,1,1,5.22992,0,0.01811,-0.00384963,-0.807362,-0.631641
3841,1,-0.1,-0,-0,1,1,1,5.22992,-0.0139626,-0.00426119,-0.00386144,-0.562837,-0.563965
3842,1,-0.1,-0,-0,1,1,1,5.22992,0,0.0159795,-0.00386531,-0.785994,-0.575244
3843,1,-0.1,-0,-0,1,1,1,5.22992,0,-1.95692e-19,-0.00386209,-0.609796,-0.631641
3844,1,-0.1,-0,-0,1,1,1,5.22992,0,-0.0010653,-0.00389087,-0.601877,-0.609082
3845,1,-0.1,-0,-0,1,1,1,5.22982,0,-0.0117183,-0.00390897,-0.487084,-0.676758
3846,1,-0.1,-0,-0,1,1,1,5.22992,0,-0.00532648,-0.0039324,-0.560485,-0.721875
3847,1,-0.1,-0,-0,1,1,1,5.22992,0.00523599,0.00426119,-0.0039469,-0.667864,-0.609082
3848,1,-0.1,-0,-0,1,1,1,5.22992,0,-0.010653,-0.00395245,-0.50454,-0.609082
3849,1,-0.1,-0,-0,1,1,1,5.22992,0,-0.00213059,-0.00396666,-0.600163,-0.620361
3850,1,-0.1,-0,-0,1,1,1,5.22992,0,0.00745708,-0.00394163,-0.702323,-0.530127
3851,1,-0.1,-0,-0,1,1,1,5.22992,0,-0.00852238,-0.00395468,-0.528271,-0.620361
3852,1,-0.1,-0,-0,1,1,1,5.22992,0,0.00426119,-0.00391224,-0.663289,-0.597803
3853,1,-0.1,-0,-0,1,1,1,5.22992,0,-0.00426119,-0.00395773,-0.575547,-0.575244
3854,1,-0.1,-0,-0,1,1,1,5.22992,0,-0.0010653,-0.00395495,-0.610335,-0.575244
3855,1,-0.1,-0,-0,1,1,1,5.22992,0,0.028763,-0.00396749,-0.940102,-0.631641
3856,1,-0.1,-0,-0,1,1,1,5.22992,0,-0.0159795,-0.00399037,-0.450955,-0.676758
3857,1,-0.1,-0,-0,1,1,1,5.22992,0,-0.00213059,-0.00399612,-0.604052,-0.654199
3858,1,-0.1,-0,-0,1,1,1,5.22992,0,0.0138489,-0.00400748,-0.781325,-0.64292
3859,1,-0.1,-0,-0,1,1,1,5.22992,0,-0.0117183,-0.00401249,-0.500748,-0.654199
3860,1,-0.1,-0,-0,1,1,1,5.22992,0,0.00213059,-0.00400778,-0.652464,-0.575244
3861,1,-0.1,-0,-0,1,1,1,5.22992,0,0.0010653,-0.00403942,-0.644922,-0.710596
3862,1,-0.1,-0,-0,1,1,1,5.22992,0,-0.00426119,-0.00406119,-0.589204,-0.654199
3863,1,-0.1,-0,-0,1,1,1,5.22992,0,-0.0149142,-0.0040548,-0.471178,-0.64292
3864,1,-0.1,-0,-0,1,1,1,5.22992,0,-0.00639178,-0.00406838,-0.566717,-0.541406
3865,1,-0.1,-0,-0,1,1,1,5.22992,0,0.00852238,-0.00408128,-0.732475,-0.620361
3866,1,-0.1,-0,-0,1,1,1,5.22992,0,0.00958767,-0.00411726,-0.748943,-0.586523
3867,1,-0.1,-0,-0,1,1,1,5.22982,0,-0.0245018,-0.00407276,-0.368084,-0.710596
3868,1,-0.1,-0,-0,1,1,1,5.22992,0,0.00532648,-0.00408352,-0.697617,-0.676758
3869,1,-0.1,-0,-0,1,1,1,5.22992,0,0.00532648,-0.00413358,-0.704223,-0.665479
3870,1,-0.1,-0,-0,1,1,1,5.22982,-0.00349066,0.0127836,-0.00414108,-0.787242,-0.609082
3871,1,-0.1,-0,-0,1,1,1,5.22982,0,0.00213059,-0.00414288,-0.670297,-0.721875
3872,1,-0.1,-0,-0,1,1,1,5.22982,0,-0.00213059,-0.0041668,-0.626581,-0.620361
3873,1,-0.1,-0,-0,1,1,1,5.22982,0,-0.00319589,-0.00417528,-0.615983,-0.744434
3874,1,-0.1,-0,-0,1,1,1,5.22982,0,-0.00319589,-0.00417427,-0.615848,-0.665479
3875,1,-0.1,-0,-0,1,1,1,5.22982,0,-0.00426119,-0.00417311,-0.603977,-0.699316
3876,1,-0.1,-0,-0,1,1,1,5.22982,0,-3.91384e-19,-0.00419712,-0.65402,-0.710596
3877,1,-0.1,-0,-0,1,1,1,5.22982,0,0.0149142,-0.0042133,-0.820212,-0.676758
3878,1,-0.1,-0,-0,1,1,1,5.22982,0,-0.0127836,-0.00421111,-0.515248,-0.654199
3879,1,-0.1,-0,-0,1,1,1,5.22982,0.00872665,0.0159795,-0.00421714,-0.832437,-0.507568
3880,1,-0.1,-0,-0,1,1,1,5.22982,-0.00872665,0.0010653,-0.00422631,-0.669591,-0.654199
3881,1,-0.1,-0,-0,1,1,1,5.22982,0,0.00532648,-0.00424726,-0.71923,-0.733154
3882,1,-0.1,-0,-0,1,1,1,5.22982,0,0.00852238,-0.00425802,-0.755804,-0.710596
3883,1,-0.1,-0,-0,1,1,1,5.22982,0,0.010653,-0.00431401,-0.786632,-0.721875
3884,1,-0.1,-0,-0,1,1,1,5.22982,-0.00872665,0.00745708,-0.00427986,-0.746969,-0.710596
3885,1,-0.1,-0,-0,1,1,1,5.22982,0,-0.00319589,-0.00431989,-0.635071,-0.699316
3886,1,-0.1,-0,-0,1,1,1,5.22982,0,1.36984e-18,-0.00430606,-0.6684,-0.654199
3887,1,-0.1,-0,-0,1,1,1,5.22982,0,0.0149142,-0.00432942,-0.835539,-0.552686
3888,1,-0.1,-0,-0,1,1,1,5.22982,0,-0.0149142,-0.00435635,-0.510983,-0.80083
3889,1,-0.1,-0,-0,1,1,1,5.22982,0.00872665,0.0127836,-0.00437136,-0.817639,-0.710596
3890,1,-0.1,-0,-0,1,1,1,5.22982,0,0.0117183,-0.00438544,-0.807779,-0.721875
3891,1,-0.1,-0,-0,1,1,1,5.22982,0,0.010653,-0.00437025,-0.794055,-0.586523
3892,1,-0.1,-0,-0,1,1,1,5.22982,0,-0.010653,-0.00436612,-0.559146,-0.609082
3893,1,-0.1,-0,-0,1,1,1,5.22982,0,0.00852238,-0.00438012,-0.771922,-0.778271
3894,1,-0.1,-0,-0,1,1,1,5.22982,0.00872665,-0.0127836,-0.00440779,-0.541209,-0.699316
3895,1,-0.1,-0,-0,1,1,1,5.22982,0.010472,-0.01811,-0.00442305,-0.484633,-0.721875
3896,1,-0.1,-0,-0,1,1,1,5.22982,0,-0.00958767,-0.00443183,-0.579537,-0.654199
3897,1,-0.1,-0,-0,1,1,1,5.22982,0,0.00213059,-0.00443519,-0.708882,-0.688037
3898,1,-0.1,-0,-0,1,1,1,5.22982,0,0.00745708,-0.00439187,-0.761754,-0.563965
3899,1,-0.1,-0,-0,1,1,1,5.22982,0,0.0191753,-0.00443178,-0.895923,-0.733154
3900,1,-0.1,-0,-0,1,1,1,5.22982,0,0.0117183,-0.00439858,-0.809514,-0.688037
3901,1,-0.1,-0,-0,1,1,1,5.22982,0,0.0117183,-0.00439886,-0.80955,-0.563965
3902,1,-0.1,-0,-0,1,1,1,5.22982,0,-0.0117183,-0.00440417,-0.55245,-0.688037
3903,1,-0.1,-0,-0,1,1,1,5.22982,0,0.0170448,-0.00440222,-0.868585,-0.609082
3904,1,-0.1,-0,-0,1,1,1,5.22982,0,-0.00639178,-0.00440947,-0.61174,-0.766992
3905,1,-0.1,-0,-0,1,1,1,5.22982,0,0.00639178,-0.00442444,-0.754335,-0.733154
3906,1,-0.1,-0,-0,1,1,1,5.22982,0,-0.00639178,-0.00443983,-0.615748,-0.744434
3907,1,-0.1,-0,-0,1,1,1,5.22982,0,8.47998e-19,-0.00443259,-0.685102,-0.721875
3908,1,-0.1,-0,-0,1,1,1,5.22982,0,-0.00639178,-0.00441575,-0.61257,-0.688037
3909,1,-0.1,-0,-0,1,1,1,5.22982,0,0.00213059,-0.00443274,-0.708559,-0.823389
3910,1,-0.1,-0,-0,1,1,1,5.22982,0,0.00639178,-0.00439995,-0.751103,-0.575244
3911,1,-0.1,-0,-0,1,1,1,5.22982,0,0.0202406,-0.00446025,-0.911401,-0.744434
3912,1,-0.1,-0,-0,1,1,1,5.22982,-0.00872665,-0.0202406,-0.00443287,-0.462492,-0.766992
3913,1,-0.1,-0,-0,1,1,1,5.22982,0,0.00213059,-0.00444276,-0.709881,-0.766992
3914,1,-0.1,-0,-0,1,1,1,5.22982,0,0.010653,-0.00447458,-0.807827,-0.744434
3915,1,-0.1,-0,-0,1,1,1,5.22982,0,-0.0191753,-0.00444734,-0.47612,-0.755713
3916,1,-0.1,-0,-0,1,1,1,5.22982,0,-0.0149142,-0.00442108,-0.519527,-0.563965
3917,1,-0.1,-0,-0,1,1,1,5.22982,0.0174533,0.00852238,-0.0044533,-0.781582,-0.620361
3918,1,-0.1,-0,-0,1,1,1,5.22972,-0.0122173,-0.0117183,-0.00443967,-0.557135,-0.755713
3919,1,-0.1,-0,-0,1,1,1,5.22982,0,0.00426119,-0.00445681,-0.735172,-0.766992
3920,1,-0.1,-0,-0,1,1,1,5.22982,0,-0.00852238,-0.00446606,-0.595774,-0.733154
3921,1,-0.1,-0,-0,1,1,1,5.22982,0,-0.0191753,-0.00444431,-0.47572,-0.620361
3922,1,-0.1,-0,-0,1,1,1,5.22982,0,-0.0138489,-0.00441602,-0.530577,-0.665479
3923,1,-0.1,-0,-0,1,1,1,5.22982,0,0.0127836,-0.00446063,-0.829423,-0.575244
3924,1,-0.1,-0,-0,1,1,1,5.22982,0,-1.696e-18,-0.0044967,-0.693564,-0.733154
3925,1,-0.1,-0,-0,1,1,1,5.22982,0,-0.010653,-0.004499,-0.576686,-0.778271
3926,1,-0.1,-0,-0,1,1,1,5.22982,0.00349066,0.00213059,-0.00452026,-0.720111,-0.879785
3927,1,-0.1,-0,-0,1,1,1,5.22982,-0.020944,-0.010653,-0.00450067,-0.576905,-0.710596
3928,1,-0.1,-0,-0,1,1,1,5.22982,0.00698132,0.00319589,-0.00448291,-0.726899,-0.518848
3929,1,-0.1,-0,-0,1,1,1,5.22982,0,0.010653,-0.00448463,-0.809154,-0.541406
3930,1,-0.1,-0,-0,1,1,1,5.22982,0,-0.00319589,-0.00449819,-0.658606,-0.575244
3931,1,-0.1,-0,-0,1,1,1,5.22982,0,0.0010653,-0.00452911,-0.70956,-0.654199
3932,1,-0.1,-0,-0,1,1,1,5.22982,0,0.0191753,-0.0045074,-0.905906,-0.721875
3933,1,-0.1,-0,-0,1,1,1,5.22982,0,-0.00213059,-0.00450782,-0.671596,-0.620361
3934,1,-0.1,-0,-0,1,1,1,5.22982,0,0.00639178,-0.00453977,-0.769559,-0.597803
3935,1,-0.1,-0,-0,1,1,1,5.22982,0,0.00639178,-0.00455069,-0.771001,-0.688037
3936,1,-0.1,-0,-0,1,1,1,5.22982,0,0.00958767,-0.00455512,-0.80674,-0.665479
3937,1,-0.1,-0,-0,1,1,1,5.22982,0,0.0159795,-0.00457553,-0.879744,-0.609082
3938,1,-0.1,-0,-0,1,1,1,5.22982,0,-0.0149142,-0.004595,-0.542485,-0.789551
3939,1,-0.1,-0,-0,1,1,1,5.22982,0,-0.00426119,-0.00460156,-0.660532,-0.823389
3940,1,-0.1,-0,-0,1,1,1,5.22982,0.00872665,-0.00532648,-0.00461666,-0.650808,-0.913623
3941,1,-0.1,-0,-0,1,1,1,5.22972,0,-0.00745708,-0.00461593,-0.627275,-0.609082
3942,1,-0.1,-0,-0,1,1,1,5.22972,0,0.00958767,-0.00463871,-0.817774,-0.64292
3943,1,-0.1,-0,-0,1,1,1,5.22972,0,-0.0010653,-0.00462175,-0.698352,-0.631641
3944,1,-0.1,-0,-0,1,1,1,5.22972,-0.00872665,-0.00213059,-0.00463415,-0.688271,-0.699316
3945,1,-0.1,-0,-0,1,1,1,5.22972,0,0.0127836,-0.0046492,-0.854314,-0.676758
3946,1,-0.1,-0,-0,1,1,1,5.22972,0,0.00639178,-0.00467167,-0.78697,-0.778271
3947,1,-0.1,-0,-0,1,1,1,5.22972,0,0.00532648,-0.00467667,-0.775912,-0.631641
3948,1,-0.1,-0,-0,1,1,1,5.22972,0,-0.010653,-0.0046926,-0.60224,-0.755713
3949,1,-0.1,-0,-0,1,1,1,5.22972,0.0174533,-0.00639178,-0.00469575,-0.64953,-0.721875
3950,1,-0.1,-0,-0,1,1,1,5.22972,0,0.00639178,-0.00468178,-0.788305,-0.609082
3951,1,-0.1,-0,-0,1,1,1,5.22972,0,-0.0010653,-0.00472844,-0.712436,-0.789551
3952,1,-0.1,-0,-0,1,1,1,5.22972,0,-0.00319589,-0.0047156,-0.687305,-0.744434
3953,1,-0.1,-0,-0,1,1,1,5.22972,0,-0.00213059,-0.00474327,-0.702675,-0.778271
3954,1,-0.1,-0,-0,1,1,1,5.22972,0,-0.0149142,-0.00474794,-0.562672,-0.64292
3955,1,-0.1,-0,-0,1,1,1,5.22972,0,0.00319589,-0.00476287,-0.763853,-0.755713
3956,1,-0.1,-0,-0,1,1,1,5.22972,0,-0.0159795,-0.00478955,-0.556447,-0.913623
3957,1,-0.1,-0,-0,1,1,1,5.22972,0.00174533,0.0170448,-0.00482475,-0.92436,-0.733154
3958,1,-0.1,-0,-0,1,1,1,5.22972,0,-0.00745708,-0.00482839,-0.655319,-0.936182
3959,1,-0.1,-0,-0,1,1,1,5.22972,0,-0.0010653,-0.00482375,-0.725016,-0.721875
3960,1,-0.1,-0,-0,1,1,1,5.22972,0,0.00213059,-0.00482326,-0.760107,-0.721875
3961,1,-0.0999999,0.000190177,0.189559,1,1,1,5.22972,0,-0.00319589,-0.00481556,-0.676629,-0.710596
3962,1,-0.0999946,0.00228608,0.643968,1,1,1,5.22972,0,-0.028763,-0.00482243,-0.318455,-0.755713
3963,1,-0.0999733,0.00658331,1.07031,1,1,1,5.22982,0.00698132,-0.00426119,-0.00478583,-0.4808,-0.688037
3964,1,-0.0999254,0.0129431,1.46922,1,1,1,5.22982,0.0261799,0.00745708,-0.00478486,-0.484408,-0.563965
3965,1,-0.0998407,0.0212307,1.84132,1,1,1,5.22982,0.00872665,0.00532648,-0.00469309,-0.302489,-0.293262
3966,1,-0.0997101,0.0313118,2.18712,1,1,1,5.22992,0,0.00639178,-0.00458042,-0.133395,-0.394775
3967,1,-0.0995248,0.0430577,2.50724,1,1,1,5.22992,0,-0.0010653,-0.0044106,0.155013,-0.180469
3968,1,-0.0992769,0.0563426,2.80228,1,1,1,5.23001,0.00698132,0.0159795,-0.00420654,0.194926,-0.112793
3969,1,-0.098959,0.071041,3.07278,1,1,1,5.23011,0.0226893,2.60922e-19,-0.00395255,0.619686,0
3970,1,-0.0985644,0.0870306,3.31929,1,1,1,5.2302,0.020944,0.00958767,-0.00360405,0.791471,0.0563965
3971,1,-0.0980867,0.104196,3.54245,1,1,1,5.2304,0.0488692,0.0117183,-0.00323901,1.06046,0.360938
3972,1,-0.0975207,0.122416,3.74275,1,1,1,5.23068,0.102974,0.0447425,-0.00281214,1.01048,0.812109
3973,1,-0.0968611,0.141583,3.92083,1,1,1,5.23107,0.0558505,0.0628525,-0.00236304,1.13736,1.12793
3974,1,-0.0961035,0.161586,4.07726,1,1,1,5.23145,0.0750492,0.0628525,-0.00190994,1.47241,1.16177
3975,1,-0.0952439,0.182324,4.21264,1,1,1,5.23231,0.151844,0.110791,-0.00153574,1.27619,1.19561
3976,1,-0.0942792,0.203681,4.32748,1,1,1,5.2327,0.132645,0.155533,-0.00120601,1.11421,1.42119
3977,1,-0.0932062,0.225566,4.42241,1,1,1,5.23356,0.109956,0.177905,-0.000915856,1.19644,1.19561
3978,1,-0.0920228,0.247874,4.49797,1,1,1,5.23442,0.235619,0.198145,-0.00069659,1.29501,1.12793
3979,1,-0.0907269,0.270513,4.55476,1,1,1,5.23576,0.261799,0.232235,-0.000454513,1.24718,1.19561
3980,1,-0.0893166,0.293402,4.59336,1,1,1,5.23682,0.267035,0.253541,-0.000400915,1.3153,1.19561
3981,1,-0.0877928,0.316416,4.6143,1,1,1,5.23835,0.287979,0.275912,-0.000106469,1.40297,1.17305
3982,1,-0.0861531,0.339503,4.61821,1,1,1,5.2396,0.333358,0.302544,-8.16466e-05,1.40722,1.34224
3983,1,-0.0843976,0.362573,4.60564,1,1,1,5.24171,0.328122,0.353679,3.95075e-05,1.15236,1.31968
3984,1,-0.0825274,0.385536,4.57718,1,1,1,5.24295,0.328122,0.37818,0.000136112,1.18329,1.26328
3985,1,-0.0805427,0.408318,4.5334,1,1,1,5.24545,0.366519,0.397356,0.000228896,1.26833,1.42119
3986,1,-0.0784447,0.430845,4.47487,1,1,1,5.24708,0.42586,0.429315,0.000289242,1.20305,1.53398
3987,1,-0.0762347,0.453044,4.40217,1,1,1,5.24976,0.408407,0.442098,0.00033661,1.34107,1.46631
3988,1,-0.0739147,0.474846,4.31587,1,1,1,5.25158,0.471239,0.492167,0.000294522,1.04906,1.13921
3989,1,-0.0714871,0.496181,4.21656,1,1,1,5.25446,0.486947,0.509212,0.00024399,1.11141,1.27456
3990,1,-0.0689542,0.516987,4.10482,1,1,1,5.25657,0.513127,0.527322,0.000227459,1.15845,1.21816
3991,1,-0.0663185,0.537207,3.98121,1,1,1,5.25954,0.548033,0.533714,0.000169437,1.31962,1.20688
3992,1,-0.0635832,0.55678,3.8463,1,1,1,5.26184,0.551524,0.559281,0.000204822,1.27471,1.34224
3993,1,-0.0607516,0.575654,3.70067,1,1,1,5.26529,0.509636,0.581652,0.000219221,1.25185,1.26328
3994,1,-0.0578274,0.593773,3.54489,1,1,1,5.2675,0.60912,0.585913,0.000235588,1.41761,1.29712
3995,1,-0.0548153,0.611086,3.37959,1,1,1,5.27133,0.575959,0.604023,0.000254994,1.42046,1.44375
3996,1,-0.0517184,0.627552,3.20529,1,1,1,5.27354,0.58294,0.644505,0.000248026,1.16174,1.38735
3997,1,-0.0485411,0.643126,3.02256,1,1,1,5.27747,0.630064,0.641309,0.000233364,1.36915,1.31968
3998,1,-0.0452855,0.657778,2.83183,1,1,1,5.28025,0.706858,0.673268,0.000184512,1.17286,1.26328
3999,1,-0.0419653,0.671433,2.63422,1,1,1,5.28418,0.671952,0.695639,0.000128695,1.0676,1.28584
4000,1,-0.0385759,0.684096,2.42971,1,1,1,5.28696,0.71384,0.707357,6.30796e-05,1.06466,1.11665
4001,1,-0.0351259,0.695721,2.21912,1,1,1,5.29108,0.701622,0.711618,-9.18475e-05,1.11601,0.992578
4002,1,-0.0316201,0.706279,2.00297,1,1,1,5.29406,0.753982,0.724402,-0.000179421,1.06967,1.10537
4003,1,-0.0280649,0.715742,1.78191,1,1,1,5.29837,0.685914,0.739316,-0.000337904,0.975061,0.902344
4004,1,-0.0244649,0.72409,1.55646,1,1,1,5.30125,0.776672,0.751034,-0.000461357,0.906055,0.981299
4005,1,-0.0208263,0.7313,1.32722,1,1,1,5.30594,0.724312,0.746773,-0.000582454,0.997983,0.834668
4006,1,-0.0171536,0.737357,1.0947,1,1,1,5.30901,0.811578,0.748904,-0.000721864,1.00216,1.11665
4007,1,-0.0134543,0.742243,0.859577,1,1,1,5.31323,0.762709,0.7521,-0.000864395,0.978699,0.789551
4008,1,-0.00973345,0.745949,0.622377,1,1,1,5.31639,0.764454,0.763818,-0.000978395,0.850606,0.766992
4009,1,-0.00599686,0.748464,0.383668,1,1,1,5.3209,0.816814,0.744643,-0.00105243,1.05288,0.936182
4010,1,-0.00225049,0.749784,0.144025,1,1,1,5.32416,0.712094,0.776601,-0.0011277,0.677894,0.891064
4011,1,0.00149886,0.749904,-0.0959249,1,1,1,5.32847,0.773181,0.780863,-0.001236,0.586905,0.710596
4012,1,0.00524643,0.748825,-0.335683,1,1,1,5.33154,0.781908,0.755296,-0.0012999,0.815302,0.688037
4013,1,0.00898524,0.746549,-0.574613,1,1,1,5.33605,0.734784,0.793646,-0.00139463,0.321952,0.676758
4014,1,0.01271,0.743081,-0.812179,1,1,1,5.33902,0.753982,0.767014,-0.00152002,0.522728,0.507568
4015,1,0.0164141,0.73843,-1.04776,1,1,1,5.34353,0.759218,0.751034,-0.0016705,0.587684,0.507568
4016,1,0.020092,0.732608,-1.28082,1,1,1,5.3464,0.722566,0.735055,-0.00177226,0.648308,0.530127
4017,1,0.0237383,0.725627,-1.51078,1,1,1,5.35091,0.734784,0.775536,-0.00188886,0.0736902,0.64292
4018,1,0.0273468,0.717505,-1.73706,1,1,1,5.35359,0.633555,0.720141,-0.00197197,0.544317,0.360938
4019,1,0.0309113,0.708264,-1.95904,1,1,1,5.35819,0.74351,0.711618,-0.00204255,0.487297,0.349658
4020,1,0.0344275,0.697923,-2.17622,1,1,1,5.36078,0.689405,0.710553,-0.00208602,0.338624,0.428613
4021,1,0.0378891,0.68651,-2.38797,1,1,1,5.36491,0.6353,0.710553,-0.0021773,0.158964,0.259424
4022,1,0.0412904,0.674055,-2.5937,1,1,1,5.36759,0.722566,0.693508,-0.00226724,0.154612,0.304541
4023,1,0.0446277,0.660584,-2.79292,1,1,1,5.37143,0.626573,0.669006,-0.00224162,0.235511,0.270703
4024,1,0.0478949,0.646137,-2.98497,1,1,1,5.3743,0.68766,0.637048,-0.00226373,0.380591,0.236865
4025,1,0.0510878,0.630746,-3.16932,1,1,1,5.37785,0.637045,0.626395,-0.00229091,0.279679,0.0902344
4026,1,0.0542012,0.614456,-3.34536,1,1,1,5.38034,0.602139,0.60935,-0.00231374,0.2394,0.124072
4027,1,0.0572307,0.597309,-3.51251,1,1,1,5.38418,0.66497,0.595501,-0.00229878,0.159056,0.146631
4028,1,0.0601726,0.579348,-3.67023,1,1,1,5.38638,0.500909,0.564607,-0.00230872,0.253782,0.146631
4029,1,0.063023,0.560623,-3.81794,1,1,1,5.38955,0.574213,0.556085,-0.00237655,0.086407,0.0563965
4030,1,0.0657776,0.541187,-3.95503,1,1,1,5.39175,0.527089,0.558216,-0.00239612,-0.199659,0.0789551
4031,1,0.0684338,0.52109,-4.08097,1,1,1,5.39482,0.497419,0.529453,-0.00241669,-0.152966,0.124072
4032,1,0.0709875,0.500398,-4.19513,1,1,1,5.39664,0.479966,0.492167,-0.00240717,-0.0148378,0.112793
4033,1,0.0734365,0.479163,-4.29698,1,1,1,5.3998,0.445059,0.493232,-0.00238583,-0.302313,0.112793
4034,1,0.0757784,0.457449,-4.38594,1,1,1,5.40153,0.44855,0.443164,-0.00234147,-0.0287946,0.0789551
4035,1,0.0780105,0.435324,-4.46141,1,1,1,5.40393,0.376991,0.441033,-0.00230179,-0.28697,0.0225586
4036,1,0.0801311,0.412858,-4.52283,1,1,1,5.40556,0.439823,0.400552,-0.00218385,-0.115283,0
4037,1,0.0821388,0.390118,-4.56962,1,1,1,5.40786,0.357792,0.372854,-0.00205563,-0.0849867,-0.0112793
4038,1,0.084032,0.367186,-4.6012,1,1,1,5.40939,0.371755,0.346222,-0.0020076,-0.0779292,-0.0338379
4039,1,0.0858103,0.344135,-4.61699,1,1,1,5.41121,0.338594,0.333438,-0.00190552,-0.215478,-0.0563965
4040,1,0.0874733,0.321044,-4.61643,1,1,1,5.41256,0.308923,0.310001,-0.00180274,-0.234264,-0.0902344
4041,1,0.0890209,0.297998,-4.59894,1,1,1,5.41409,0.274017,0.284434,-0.0016843,-0.225345,-0.101514
4042,1,0.0904534,0.275085,-4.56394,1,1,1,5.41524,0.256563,0.240757,-0.00152997,-0.00798818,-0.101514
4043,1,0.0917721,0.252389,-4.51084,1,1,1,5.41658,0.226893,0.222647,-0.00140201,-0.0705422,-0.112793
4044,1,0.0929779,0.230005,-4.43909,1,1,1,5.41735,0.179769,0.211994,-0.00126293,-0.207342,-0.169189
4045,1,0.0940728,0.208029,-4.34809,1,1,1,5.4185,0.178024,0.182166,-0.00114065,-0.128405,-0.15791
4046,1,0.095059,0.186559,-4.23729,1,1,1,5.41907,0.1309,0.147011,-0.00100802,0.0191911,-0.0902344
4047,1,0.0959394,0.165691,-4.10609,1,1,1,5.41994,0.123918,0.116117,-0.000787804,0.143769,-0.0563965
4048,1,0.0967171,0.145532,-3.95393,1,1,1,5.42032,0.0942478,0.100138,-0.00057248,0.115187,0.0112793
4049,1,0.097396,0.126188,-3.78023,1,1,1,5.4209,0.0733038,0.078832,-0.000334058,0.161532,-0.0451172
4050,1,0.0979805,0.107768,-3.58442,1,1,1,5.42109,0.0453786,0.0447425,-8.06784e-05,0.364761,-0.0225586
4051,1,0.0984755,0.0903812,-3.36588,1,1,1,5.42138,0.0488692,0.0117183,0.000247301,0.583587,0.0789551
4052,1,0.0988862,0.0741482,-3.12412,1,1,1,5.42147,0.0383972,0.00745708,0.000556845,0.501453,0.225586
4053,1,0.099219,0.0591796,-2.85845,1,1,1,5.42166,0.00174533,-0.00319589,0.000870373,0.509021,0.530127
4054,1,0.0994804,0.0456028,-2.56841,1,1,1,5.42166,-0.00872665,0.00852238,0.00117726,0.290424,0.688037
4055,1,0.0996776,0.0335373,-2.25334,1,1,1,5.42166,-0.0244346,-0.0202406,0.00141616,0.528411,0.462451
4056,1,0.0998185,0.0231118,-1.91272,1,1,1,5.42166,0.00349066,-0.00532648,0.00161717,0.304524,0.439893
4057,1,0.0999116,0.0144551,-1.54599,1,1,1,5.42157,-0.015708,-0.0010653,0.00175143,0.212754,0.293262
4058,1,0.0999662,0.00769767,-1.15249,1,1,1,5.42157,0,-0.00745708,0.00184051,0.25818,0.270703
4059,1,0.099992,0.00297549,-0.731649,1,1,1,5.42157,0,-0.00213059,0.00187515,0.195491,0.281982
4060,1,0.0999996,0.000427372,-0.283014,1,1,1,5.42157,0,0.00213059,0.0019127,0.175206,0.270703
4061,1,0.1,0,0,1,1,1,5.42147,0,0.0191753,0.00192306,0.0184377,0.31582
4062,1,0.1,0,0,1,1,1,5.42147,0,-0.010653,0.00195504,0.353384,0.15791
4063,1,0.1,0,0,1,1,1,5.42147,0,0.00639178,0.00202167,0.178632,0.3271
4064,1,0.1,0,0,1,1,1,5.42147,0,0.00958767,0.00199864,0.142733,0.270703
4065,1,0.1,0,0,1,1,1,5.42147,0,0.00852238,0.00198636,0.155017,0.270703
4066,1,0.1,0,0,1,1,1,5.42147,0,-0.0149142,0.00200121,0.417061,0.31582
4067,1,0.1,0,0,1,1,1,5.42147,0.0226893,-0.00745708,0.00204769,0.344449,0.496289
4068,1,0.1,0,0,1,1,1,5.42147,-0.0226893,-0.00532648,0.00202226,0.319472,0.372217
4069,1,0.1,0,0,1,1,1,5.42147,0,0.0159795,0.00198739,0.0822204,0.180469
4070,1,0.1,0,0,1,1,1,5.42138,0,-0.00426119,0.00199948,0.308738,0.31582
4071,1,0.1,0,0,1,1,1,5.42147,0,-0.01811,0.00199857,0.462892,0.146631
4072,1,0.1,0,0,1,1,1,5.42147,0.0139626,0.00639178,0.00197575,0.192555,0.191748
4073,1,0.1,0,0,1,1,1,5.42147,0,-0.00639178,0.00200493,0.339901,0.293262
4074,1,0.1,0,0,1,1,1,5.42147,0.00698132,-0.00213059,0.00200236,0.295456,0.259424
4075,1,0.1,0,0,1,1,1,5.42147,0,0.00426119,0.0019744,0.2234,0.225586
4076,1,0.1,0,0,1,1,1,5.42147,-0.00872665,0.00958767,0.00196463,0.165525,0.248145
4077,1,0.1,0,0,1,1,1,5.42147,-0.00349066,0.00319589,0.00194442,0.234736,0.135352
4078,1,0.1,0,0,1,1,1,5.42147,0,0.0010653,0.00190579,0.254619,0.304541
4079,1,0.1,0,0,1,1,1,5.42147,0,-0.00319589,0.001932,0.307817,0.214307
4080,1,0.1,0,0,1,1,1,5.42147,0,0.00319589,0.00192681,0.239156,0.225586
4081,1,0.1,0,0,1,1,1,5.42147,0,-0.00958767,0.00192663,0.382009,0.225586
4082,1,0.1,0,0,1,1,1,5.42147,0,0.0223712,0.00189415,0.0279851,0.191748
4083,1,0.1,0,0,1,1,1,5.42147,0,-0.00852238,0.00188096,0.367381,0.360938
4084,1,0.1,0,0,1,1,1,5.42147,0,-0.00213059,0.00189243,0.301182,0.304541
4085,1,0.1,0,0,1,1,1,5.42147,0,0.00639178,0.00184948,0.203132,0.304541
4086,1,0.1,0,0,1,1,1,5.42147,0,-0.0202406,0.00187144,0.501382,0.338379
4087,1,0.1,0,0,1,1,1,5.42147,0.015708,0.0138489,0.00184377,0.124779,0.281982
4088,1,0.1,0,0,1,1,1,5.42147,-0.00174533,-0.00426119,0.00185285,0.327091,0.394775
4089,1,0.1,0,0,1,1,1,5.42147,0,0.00639178,0.00184792,0.211326,0.281982
4090,1,0.1,0,0,1,1,1,5.42147,0,0.0138489,0.00181288,0.126179,0.236865
4091,1,0.1,0,0,1,1,1,5.42147,0,0.0010653,0.00183503,0.272055,0.349658
4092,1,0.1,0,0,1,1,1,5.42147,0,-0.0213059,0.00183749,0.520298,0.338379
4093,1,0.1,0,0,1,1,1,5.42147,0.0139626,0.00213059,0.00184043,0.265721,0.338379
4094,1,0.1,0,0,1,1,1,5.42147,0,-0.00745708,0.0018338,0.372671,0.31582
4095,1,0.1,0,0,1,1,1,5.42147,0,-0.00426119,0.00184065,0.340833,0.293262
4096,1,0.1,0,0,1,1,1,5.42147,0.00872665,0.0202406,0.00178236,0.0649907,0.349658
4097,1,0.1,0,0,1,1,1,5.42147,0,-0.01811,0.00177289,0.486931,0.338379
4098,1,0.1,0,0,1,1,1,5.42147,0,0.0202406,0.00171986,0.0596704,0.236865
4099,1,0.1,0,0,1,1,1,5.42147,-0.00872665,0.0159795,0.0016955,0.104814,0.101514
4100,1,0.1,0,0,1,1,1,5.42147,0,0.00958767,0.00167755,0.174342,0.248145
4101,1,0.1,0,0,1,1,1,5.42147,0,0.00319589,0.00168126,0.246948,0.214307
4102,1,0.1,0,0,1,1,1,5.42147,0,0.00958767,0.00163208,0.170792,0.248145
4103,1,0.1,0,0,1,1,1,5.42147,0,1.76123e-18,0.00162333,0.276675,0.248145
4104,1,0.1,0,0,1,1,1,5.42147,0,0.00745708,0.00165198,0.200905,0.360938
4105,1,0.1,0,0,1,1,1,5.42147,0,-0.00639178,0.00168173,0.359615,0.518848
4106,1,0.1,0,0,1,1,1,5.42147,-0.00523599,0.0234365,0.0016881,0.0348363,0.191748
4107,1,0.1,0,0,1,1,1,5.42147,-0.0296706,0.0149142,0.00166319,0.126593,0.101514
4108,1,0.1,0,0,1,1,1,5.42147,0.020944,0.00213059,0.00164011,0.265718,0.203027
4109,1,0.1,0,0,1,1,1,5.42147,0,0.0138489,0.0016522,0.140882,0.259424
4110,1,0.1,0,0,1,1,1,5.42147,0,-0.0191753,0.00167055,0.508355,0.248145
4111,1,0.1,0,0,1,1,1,5.42147,0,-0.00745708,0.00164971,0.378688,0.259424
4112,1,0.1,0,0,1,1,1,5.42147,0,0.0138489,0.00162296,0.142461,0.191748
4113,1,0.1,0,0,1,1,1,5.42147,0,0.0127836,0.00163902,0.158381,0.31582
4114,1,0.1,0,0,1,1,1,5.42147,0,0.00852238,0.00163309,0.206243,0.259424
4115,1,0.1,0,0,1,1,1,5.42147,0,-0.00426119,0.00158665,0.341519,0.248145
4116,1,0.1,0,0,1,1,1,5.42147,0,0.0159795,0.00156296,0.117534,0.281982
4117,1,0.1,0,0,1,1,1,5.42147,0,0.0127836,0.00156199,0.154343,0.191748
4118,1,0.1,0,0,1,1,1,5.42147,0,-0.00639178,0.00157579,0.369091,0.169189
4119,1,0.1,0,0,1,1,1,5.42147,0,0.0010653,0.0015519,0.285365,0.15791
4120,1,0.1,0,0,1,1,1,5.42147,0.00523599,0.00532648,0.00156658,0.242837,0.293262
4121,1,0.1,0,0,1,1,1,5.42147,0,0.00319589,0.00156717,0.268432,0.293262
4122,1,0.1,0,0,1,1,1,5.42147,0,0.0170448,0.00155988,0.117114,0.372217
4123,1,0.1,0,0,1,1,1,5.42147,0,0.010653,0.0015309,0.184754,0.214307
4124,1,0.1,0,0,1,1,1,5.42147,0,-0.010653,0.00153331,0.419579,0.236865
4125,1,0.1,0,0,1,1,1,5.42147,0,0.010653,0.00152226,0.183756,0.169189
4126,1,0.1,0,0,1,1,1,5.42147,0.0139626,-0.00319589,0.0015019,0.333406,0.428613
4127,1,0.1,0,0,1,1,1,5.42147,0,0.0340895,0.00149714,-0.0773625,0.349658
4128,1,0.1,0,0,1,1,1,5.42147,0,-0.00213059,0.00148407,0.319333,0.15791
4129,1,0.1,0,0,1,1,1,5.42147,0,-0.00213059,0.00146974,0.317443,0.338379
4130,1,0.1,0,0,1,1,1,5.42147,0,-0.0149142,0.00150477,0.462685,0.293262
4131,1,0.1,0,0,1,1,1,5.42147,0.00872665,0.0138489,0.00148502,0.143686,0.349658
4132,1,0.1,0,0,1,1,1,5.42147,-0.00698132,0.00213059,0.00146768,0.270297,0.360938
4133,1,0.1,0,0,1,1,1,5.42147,0,-1.04369e-18,0.00145235,0.29171,0.236865
4134,1,0.1,0,0,1,1,1,5.42147,0,-0.00213059,0.00143837,0.313301,0.169189
4135,1,0.1,0,0,1,1,1,5.42147,0,0.0202406,0.00140218,0.0624402,0.214307
4136,1,0.1,0,0,1,1,1,5.42147,0,-0.00639178,0.0014337,0.359559,0.304541
4137,1,0.1,0,0,1,1,1,5.42147,0,0.00213059,0.00143178,0.265558,0.191748
4138,1,0.1,0,0,1,1,1,5.42147,0,-0.00319589,0.00143083,0.324024,0.259424
4139,1,0.1,0,0,1,1,1,5.42147,0,0.00745708,0.00145183,0.209613,0.304541
4140,1,0.1,0,0,1,1,1,5.42147,0,0.0149142,0.00143568,0.125454,0.203027
4141,1,0.1,0,0,1,1,1,5.42147,-0.0226893,0.00958767,0.00142595,0.182762,0.270703
4142,1,0.1,0,0,1,1,1,5.42147,0,0.00426119,0.00141901,0.240267,0.270703
4143,1,0.1,0,0,1,1,1,5.42147,0,0.0127836,0.00142502,0.147483,0.3271
4144,1,0.1,0,0,1,1,1,5.42147,0,0.0159795,0.00144023,0.114336,0.31582
4145,1,0.1,0,0,1,1,1,5.42147,-0.00174533,0.01811,0.0014377,0.0905656,0.428613
4146,1,0.1,0,0,1,1,1,5.42147,0,0.00958767,0.00143051,0.183363,0.225586
4147,1,0.1,0,0,1,1,1,5.42147,0,0.0117183,0.00139789,0.155621,0.169189
4148,1,0.1,0,0,1,1,1,5.42147,0,-0.010653,0.0014158,0.404068,0.225586
4149,1,0.1,0,0,1,1,1,5.42147,0,-0.00852238,0.00141598,0.380655,0.236865
4150,1,0.1,0,0,1,1,1,5.42147,0.00872665,0.00319589,0.0014245,0.252879,0.270703
4151,1,0.1,0,0,1,1,1,5.42147,0,0.00852238,0.00142997,0.195011,0.383496
4152,1,0.1,0,0,1,1,1,5.42147,-0.010472,-0.0010653,0.00137949,0.29381,0.124072
4153,1,0.1,0,0,1,1,1,5.42147,0.00174533,-0.0010653,0.0014001,0.296532,0.349658
4154,1,0.1,0,0,1,1,1,5.42147,0,0.0127836,0.00141738,0.146476,0.31582
4155,1,0.1,0,0,1,1,1,5.42147,-0.00872665,-0.00532648,0.00139941,0.343314,0.31582
4156,1,0.1,0,0,1,1,1,5.42147,-0.00872665,-0.0138489,0.00137447,0.433767,0.203027
4157,1,0.1,0,0,1,1,1,5.42147,0,-0.00532648,0.00138695,0.341668,0.338379
4158,1,0.1,0,0,1,1,1,5.42147,-0.00872665,0.00852238,0.00135938,0.185692,0.293262
4159,1,0.1,0,0,1,1,1,5.42147,0,-0.00639178,0.00131608,0.344033,0.101514
4160,1,0.1,0,0,1,1,1,5.42147,0.00872665,0.0127836,0.0013244,0.134202,0.383496
4161,1,0.1,0,0,1,1,1,5.42138,0,-0.0117183,0.00133106,0.404601,0.259424
4162,1,0.1,0,0,1,1,1,5.42147,0,0.0170448,0.0013477,0.0904036,0.293262
4163,1,0.1,0,0,1,1,1,5.42147,-0.0139626,-0.00639178,0.00133069,0.345961,0.191748
4164,1,0.1,0,0,1,1,1,5.42147,0.00523599,-0.00319589,0.0013296,0.310662,0.236865
4165,1,0.1,0,0,1,1,1,5.42147,0,0.00745708,0.00135885,0.19734,0.259424
4166,1,0.1,0,0,1,1,1,5.42147,0,-0.00319589,0.00136164,0.314891,0.225586
4167,1,0.1,0,0,1,1,1,5.42147,0,0.010653,0.00138908,0.166176,0.31582
4168,1,0.1,0,0,1,1,1,5.42147,0.00698132,0.0202406,0.0013799,0.0594996,0.214307
4169,1,0.1,0,0,1,1,1,5.42147,-0.00872665,-0.00639178,0.00138157,0.352677,0.225586
4170,1,0.1,0,0,1,1,1,5.42147,0,-0.0127836,0.00140918,0.426631,0.417334
4171,1,0.1,0,0,1,1,1,5.42147,0,-0.00852238,0.0014017,0.378771,0.15791
4172,1,0.1,0,0,1,1,1,5.42147,0,0.0213059,0.00136058,0.0452317,0.15791
4173,1,0.1,0,0,1,1,1,5.42147,-0.0174533,0.0170448,0.00136997,0.0933435,0.236865
4174,1,0.1,0,0,1,1,1,5.42147,0,-0.00852238,0.00136002,0.373269,0.236865
4175,1,0.1,0,0,1,1,1,5.42147,0.00698132,0.00213059,0.00136236,0.256395,0.293262
4176,1,0.1,0,0,1,1,1,5.42147,0,0.00426119,0.00133459,0.229239,0.270703
4177,1,0.1,0,0,1,1,1,5.42147,0,0.00639178,0.00132284,0.204306,0.270703
4178,1,0.1,0,0,1,1,1,5.42147,-0.00872665,0.00213059,0.00132732,0.251769,0.191748
4179,1,0.1,0,0,1,1,1,5.42147,0,0.00426119,0.00129176,0.22364,0.259424
4180,1,0.1,0,0,1,1,1,5.42147,0,-0.0117183,0.00129611,0.399988,0.259424
4181,1,0.1,0,0,1,1,1,5.42147,0,0.00213059,0.0012842,0.246078,0.191748
4182,1,0.1,0,0,1,1,1,5.42147,0,-0.0010653,0.00130945,0.284565,0.293262
4183,1,0.1,0,0,1,1,1,5.42147,0,0.0170448,0.00128856,0.0825974,0.349658
4184,1,0.1,0,0,1,1,1,5.42147,0,-0.00958767,0.00129924,0.376964,0.146631
4185,1,0.1,0,0,1,1,1,5.42147,0,-0.00213059,0.0012999,0.295024,0.281982
4186,1,0.1,0,0,1,1,1,5.42147,0.0261799,-0.00958767,0.0013058,0.37783,0.236865
4187,1,0.1,0,0,1,1,1,5.42147,0.00872665,-0.00639178,0.00130233,0.342217,0.3271
4188,1,0.1,0,0,1,1,1,5.42147,0,0.00532648,0.00128701,0.211294,0.214307
4189,1,0.1,0,0,1,1,1,5.42147,0,-0.00426119,0.00130489,0.319118,0.236865
4190,1,0.1,0,0,1,1,1,5.42147,0,0.00639178,0.00132701,0.204856,0.451172
4191,1,0.1,0,0,1,1,1,5.42147,0,-0.00745708,0.00135226,0.360526,0.439893
4192,1,0.1,0,0,1,1,1,5.42147,0,0.0010653,0.00135452,0.267079,0.214307
4193,1,0.1,0,0,1,1,1,5.42147,0,0.010653,0.00132454,0.157656,0.270703
4194,1,0.1,0,0,1,1,1,5.42147,0,0.01811,0.00131629,0.0745403,0.225586
4195,1,0.1,0,0,1,1,1,5.42147,-0.00349066,-0.0138489,0.00132996,0.427892,0.281982
4196,1,0.1,0,0,1,1,1,5.42147,0,0.00532648,0.00133372,0.217459,0.293262
4197,1,0.1,0,0,1,1,1,5.42147,0,0.00426119,0.00134009,0.230019,0.270703
4198,1,0.1,0,0,1,1,1,5.42147,0,0.0149142,0.00132438,0.110763,0.372217
4199,1,0.1,0,0,1,1,1,5.42147,-0.00872665,0.00319589,0.00129937,0.236362,0.338379
4200,1,0.1,0,0,1,1,1,5.42147,0,0.00426119,0.00129119,0.223564,0.236865
4201,1,0.1,0,0,1,1,1,5.42147,0,0.0298283,0.00130666,-0.0556329,0.518848
4202,1,0.1,0,0,1,1,1,5.42147,-0.020944,-0.00213059,0.00128907,0.293594,0.236865
4203,1,0.1,0,0,1,1,1,5.42147,0,0.00213059,0.00123249,0.238975,0.203027
4204,1,0.1,0,0,1,1,1,5.42147,0.00523599,-3.26153e-19,0.00121571,0.260474,0.101514
4205,1,0.1,0,0,1,1,1,5.42147,0,-0.0202406,0.00114051,0.472413,0.169189
4206,1,0.1,0,0,1,1,1,5.42138,0,0.00639178,0.00113915,0.180059,0.248145
4207,1,0.1,0,0,1,1,1,5.42147,0,-0.0170448,0.00116783,0.441646,0.259424
4208,1,0.1,0,0,1,1,1,5.42147,0,0.0117183,0.00116207,0.124493,0.3271
4209,1,0.1,0,0,1,1,1,5.42147,0,-0.00532648,0.00115678,0.311287,0.406055
4210,1,0.1,0,0,1,1,1,5.42147,-0.00698132,0.01811,0.00113405,0.0503988,0.428613
4211,1,0.1,0,0,1,1,1,5.42138,0,-0.010653,0.00111244,0.364025,0.248145
4212,1,0.1,0,0,1,1,1,5.42138,0,-0.00532648,0.00111171,0.305337,0.304541
4213,1,0.1,0,0,1,1,1,5.42147,0.00174533,0.00426119,0.00112912,0.202171,0.451172
4214,1,0.1,0,0,1,1,1,5.42147,-0.00349066,6.52306e-19,0.00110345,0.245656,0.191748
4215,1,0.1,0,0,1,1,1,5.42147,0,0.00319589,0.00107241,0.206403,0.225586
4216,1,0.1,0,0,1,1,1,5.42138,0,-0.00958767,0.00110982,0.351961,0.203027
4217,1,0.1,0,0,1,1,1,5.42147,0,0.0298283,0.00110744,-0.0819297,0.236865
4218,1,0.1,0,0,1,1,1,5.42147,0,0.0149142,0.00107931,0.0784127,0.124072
4219,1,0.1,0,0,1,1,1,5.42138,-0.00698132,-0.010653,0.00105212,0.356034,0.124072
4220,1,0.1,0,0,1,1,1,5.42138,0.00872665,-6.52306e-20,0.0010522,0.238891,0.225586
4221,1,0.1,0,0,1,1,1,5.42147,0,0.00745708,0.00103934,0.155164,0.225586
4222,1,0.1,0,0,1,1,1,5.42147,0,0.0117183,0.00106381,0.111522,0.349658
4223,1,0.1,0,0,1,1,1,5.42147,0,-0.00958767,0.00104743,0.343725,0.281982
4224,1,0.1,0,0,1,1,1,5.42147,0.00872665,0.00319589,0.00104217,0.202408,0.383496
4225,1,0.1,0,0,1,1,1,5.42138,0,-0.0010653,0.00104166,0.249217,0.248145
4226,1,0.1,0,0,1,1,1,5.42138,0,-0.00745708,0.00106184,0.322191,0.112793
4227,1,0.1,0,0,1,1,1,5.42147,0,0.00639178,0.00105464,0.168903,0.214307
4228,1,0.1,0,0,1,1,1,5.42138,0,-0.0127836,0.0010679,0.381583,0.146631
4229,1,0.1,0,0,1,1,1,5.42147,0.00523599,0.0010653,0.00107002,0.229524,0.349658
4230,1,0.1,0,0,1,1,1,5.42147,0,-0.00213059,0.00104403,0.260714,0.394775
4231,1,0.1,0,0,1,1,1,5.42147,0.010472,0.00958767,0.00101997,0.128781,0.360938
4232,1,0.1,0,0,1,1,1,5.42138,-0.0261799,-0.0010653,0.000982583,0.241187,0.281982
4233,1,0.1,0,0,1,1,1,5.42138,0,0,0.0009868,0.230258,0.124072
4234,1,0.1,0,0,1,1,1,5.42138,0,-0.0138489,0.00100804,0.385399,0.15791
4235,1,0.1,0,0,1,1,1,5.42147,0,0.00426119,0.000999239,0.185026,0.31582
4236,1,0.1,0,0,1,1,1,5.42138,0,-0.0138489,0.00101383,0.386163,0.146631
4237,1,0.1,0,0,1,1,1,5.42147,0,-0.0138489,0.000991639,0.383234,0.214307
4238,1,0.1,0,0,1,1,1,5.42138,0.0122173,0.010653,0.00100206,0.115089,0.214307
4239,1,0.1,0,0,1,1,1,5.42138,-0.00872665,-0.00639178,0.000953633,0.295971,0.146631
4240,1,0.1,0,0,1,1,1,5.42138,0,-2.60922e-19,0.000963002,0.227116,0.191748
4241,1,0.1,0,0,1,1,1,5.42138,0,-0.0149142,0.000947562,0.388881,0.191748
4242,1,0.1,0,0,1,1,1,5.42138,0,0.01811,0.000945883,0.0256461,0.15791
4243,1,0.1,0,0,1,1,1,5.42138,0,-0.00639178,0.000909972,0.290388,0.169189
4244,1,0.1,0,0,1,1,1,5.42138,-0.00872665,-0.0117183,0.000906404,0.348546,0.112793
4245,1,0.1,0,0,1,1,1,5.42138,0.00523599,0.0010653,0.000933243,0.21147,0.3271
4246,1,0.1,0,0,1,1,1,5.42147,-0.0139626,-1.30461e-19,0.000901394,0.218984,0.15791
4247,1,0.1,0,0,1,1,1,5.42138,0,-0.00319589,0.000899966,0.25395,0.124072
4248,1,0.1,0,0,1,1,1,5.42138,0,0.00319589,0.000909703,0.184926,0.191748
4249,1,0.1,0,0,1,1,1,5.42138,0,0.00639178,0.000885486,0.14645,0.191748
4250,1,0.1,0,0,1,1,1,5.42138,0,0.0223712,0.000878765,-0.0300866,0.304541
4251,1,0.1,0,0,1,1,1,5.42138,0,-0.00639178,0.000900055,0.289117,0.225586
4252,1,0.1,0,0,1,1,1,5.42138,-0.00698132,-0.00639178,0.000888458,0.287586,0.3271
4253,1,0.1,0,0,1,1,1,5.42138,0,-0.00639178,0.000878682,0.286296,0.146631
4254,1,0.1,0,0,1,1,1,5.42138,0,0.01811,0.000851785,0.0132251,0.0676758
4255,1,0.1,0,0,1,1,1,5.42138,-0.00872665,-0.00745708,0.000804398,0.28798,0.169189
4256,1,0.1,0,0,1,1,1,5.42138,0,0.00319589,0.000795322,0.169828,0.15791
4257,1,0.1,0,0,1,1,1,5.42138,0,0.00426119,0.000792801,0.157777,0.259424
4258,1,0.1,0,0,1,1,1,5.42138,0,0.00745708,0.000763713,0.118607,0.101514
4259,1,0.1,0,0,1,1,1,5.42138,0,7.17537e-19,0.000778208,0.202634,0.270703
4260,1,0.1,0,0,1,1,1,5.42138,0,-0.0191753,0.000815513,0.418577,0.3271
4261,1,0.0999999,-0.000190135,-0.189538,1,1,1,5.42147,0,-0.00852238,0.000818185,0.277881,0.214307
4262,1,0.0999946,-0.00228564,-0.643908,1,1,1,5.42147,0,0.0117183,0.00079509,-0.0256427,0.135352
4263,1,0.0999734,-0.0065822,-1.07023,1,1,1,5.42138,-0.0174533,-0.0010653,0.000743597,0.00568816,0.0451172
4264,1,0.0999254,-0.0129427,-1.4692,1,1,1,5.42138,0,-0.0010653,0.000646246,-0.133276,0
4265,1,0.0998407,-0.0212304,-1.84131,1,1,1,5.42138,0,-0.00319589,0.000629901,-0.257776,-0.0225586
4266,1,0.0997101,-0.031312,-2.18712,1,1,1,5.42138,0,-0.00852238,0.00051383,-0.382488,-0.124072
4267,1,0.0995248,-0.0430592,-2.50728,1,1,1,5.42128,0,-0.00639178,0.000314157,-0.619594,-0.214307
4268,1,0.0992769,-0.0563427,-2.80228,1,1,1,5.42118,-0.00872665,-0.0202406,9.85361e-05,-0.700096,-0.225586
4269,1,0.0989586,-0.0710597,-3.07309,1,1,1,5.4209,-0.0733038,-0.0127836,-0.000182031,-1.03995,-0.778271
4270,1,0.0985643,-0.0870312,-3.3193,1,1,1,5.42061,-0.0802851,-0.0426119,-0.00047282,-0.985336,-1.12793
4271,1,0.0980868,-0.104194,-3.54242,1,1,1,5.42042,-0.0436332,-0.0607219,-0.000704997,-1.06321,-1.08281
4272,1,0.0975206,-0.122418,-3.74276,1,1,1,5.42003,-0.0837758,-0.0777667,-0.000926986,-1.16248,-1.01514
4273,1,0.096861,-0.141586,-3.92086,1,1,1,5.41927,-0.106465,-0.113987,-0.00108229,-1.05035,-1.19561
4274,1,0.0961034,-0.16159,-4.07729,1,1,1,5.41898,-0.0907571,-0.139554,-0.00126587,-1.06785,-1.08281
4275,1,0.0952439,-0.182323,-4.21264,1,1,1,5.41802,-0.10821,-0.148076,-0.00141764,-1.2748,-1.21816
4276,1,0.0942791,-0.203682,-4.32749,1,1,1,5.41725,-0.218166,-0.168317,-0.00158213,-1.36028,-1.33096
4277,1,0.0932062,-0.225565,-4.42241,1,1,1,5.4162,-0.18675,-0.208798,-0.00173422,-1.22607,-1.34224
4278,1,0.0920227,-0.247875,-4.49797,1,1,1,5.41524,-0.237365,-0.232235,-0.00188202,-1.2819,-1.3084
4279,1,0.090727,-0.270512,-4.55476,1,1,1,5.41371,-0.23911,-0.25141,-0.00201357,-1.38404,-1.40991
4280,1,0.0893173,-0.293391,-4.59334,1,1,1,5.41256,-0.293215,-0.270585,-0.00208083,-1.47785,-1.45503
4281,1,0.0877928,-0.316417,-4.6143,1,1,1,5.41093,-0.326377,-0.307871,-0.00216686,-1.37541,-1.39863
4282,1,0.0861531,-0.339504,-4.61821,1,1,1,5.40958,-0.307178,-0.347287,-0.00223513,-1.24571,-1.36479
4283,1,0.0843978,-0.362571,-4.60565,1,1,1,5.40767,-0.319395,-0.337699,-0.00225654,-1.64507,-1.3084
4284,1,0.0825273,-0.385537,-4.57718,1,1,1,5.40604,-0.450295,-0.368593,-0.00230697,-1.6011,-1.40991
4285,1,0.0805426,-0.408319,-4.5334,1,1,1,5.40354,-0.434587,-0.41227,-0.00233682,-1.40936,-1.55654
4286,1,0.0784445,-0.430846,-4.47487,1,1,1,5.40201,-0.329867,-0.435706,-0.0023117,-1.42676,-1.45503
4287,1,0.076235,-0.453042,-4.40218,1,1,1,5.39932,-0.492183,-0.453816,-0.00226956,-1.49437,-1.6355
4288,1,0.0739149,-0.474844,-4.31588,1,1,1,5.39731,-0.453786,-0.478318,-0.0022282,-1.4853,-1.56782
4289,1,0.071487,-0.496182,-4.21656,1,1,1,5.39434,-0.495674,-0.501755,-0.00219573,-1.48169,-1.39863
4290,1,0.0689538,-0.51699,-4.10481,1,1,1,5.39252,-0.47473,-0.548628,-0.00207929,-1.19984,-1.3084
4291,1,0.066318,-0.53721,-3.98119,1,1,1,5.38916,-0.55676,-0.564607,-0.00200218,-1.25433,-1.51143
4292,1,0.0635829,-0.556782,-3.84628,1,1,1,5.38686,-0.527089,-0.586979,-0.00165087,-1.19337,-1.48887
4293,1,0.0607519,-0.575652,-3.70068,1,1,1,5.38389,-0.563741,-0.598697,-0.0015439,-1.27056,-1.35352
4294,1,0.0578275,-0.593773,-3.5449,1,1,1,5.38111,-0.69115,-0.605089,-0.0015314,-1.40982,-1.46631
4295,1,0.0548151,-0.611087,-3.37958,1,1,1,5.37766,-0.53058,-0.631721,-0.00174275,-1.34333,-1.42119
4296,1,0.0517181,-0.627553,-3.20527,1,1,1,5.37507,-0.677188,-0.639178,-0.00133328,-1.39402,-1.36479
4297,1,0.0485412,-0.643125,-3.02256,1,1,1,5.37123,-0.640536,-0.667941,-0.00131111,-1.25094,-1.39863
4298,1,0.0452885,-0.657765,-2.83201,1,1,1,5.36845,-0.722566,-0.679659,-0.00125354,-1.27678,-1.40991
4299,1,0.0419651,-0.671434,-2.6342,1,1,1,5.36452,-0.633555,-0.709488,-0.00112979,-1.08051,-1.28584
4300,1,0.0385758,-0.684096,-2.42971,1,1,1,5.36184,-0.689405,-0.707357,-0.0010024,-1.2215,-1.07153
4301,1,0.035126,-0.69572,-2.21912,1,1,1,5.35743,-0.701622,-0.713749,-0.00091379,-1.26055,-1.12793
4302,1,0.0316203,-0.706278,-2.00298,1,1,1,5.35474,-0.731293,-0.737185,-0.000784636,-1.09218,-1.21816
4303,1,0.0280646,-0.715743,-1.78189,1,1,1,5.35014,-0.689405,-0.737185,-0.000697057,-1.17312,-1.15049
4304,1,0.0244645,-0.724091,-1.55643,1,1,1,5.34736,-0.685914,-0.743577,-0.000573767,-1.16351,-1.09409
4305,1,0.0208262,-0.7313,-1.32721,1,1,1,5.34276,-0.794125,-0.751034,-0.00043403,-1.12494,-1.08281
4306,1,0.0171539,-0.737356,-1.09472,1,1,1,5.34007,-0.642281,-0.779797,-0.000280667,-0.835212,-1.15049
4307,1,0.0134539,-0.742244,-0.859549,1,1,1,5.33547,-0.764454,-0.758491,-0.000515369,-1.13168,-0.902344
4308,1,0.00973353,-0.745949,-0.622382,1,1,1,5.3326,-0.699877,-0.768079,-4.20776e-05,-0.981343,-0.992578
4309,1,0.00599653,-0.748464,-0.383647,1,1,1,5.3279,-0.801106,-0.73612,2.28008e-05,-1.3266,-0.981299
4310,1,0.00225039,-0.749784,-0.144018,1,1,1,5.32483,-0.736529,-0.77234,8.60101e-05,-0.908015,-1.18433
4311,1,-0.00149932,-0.749904,0.0959542,1,1,1,5.32023,-0.738274,-0.75423,0.000172136,-1.06773,-0.97002
4312,1,-0.00524612,-0.748825,0.335664,1,1,1,5.31726,-0.778417,-0.773406,0.000249068,-0.803879,-0.97002
4313,1,-0.00898556,-0.746548,0.574633,1,1,1,5.31265,-0.698132,-0.763818,0.000369038,-0.834263,-0.688037
4314,1,-0.0127099,-0.743081,0.812172,1,1,1,5.30978,-0.778417,-0.786189,0.000545883,-0.49017,-0.563965
4315,1,-0.0164141,-0.73843,1.04777,1,1,1,5.30518,-0.701622,-0.761687,0.000711796,-0.64764,-0.530127
4316,1,-0.0200921,-0.732608,1.28082,1,1,1,5.3022,-0.783653,-0.761687,0.000836656,-0.527435,-0.552686
4317,1,-0.0237385,-0.725627,1.5108,1,1,1,5.29751,-0.698132,-0.757426,0.000986481,-0.436325,-0.597803
4318,1,-0.0273468,-0.717505,1.73706,1,1,1,5.29492,-0.659734,-0.741447,0.00112113,-0.461975,-0.451172
4319,1,-0.0309113,-0.708264,1.95903,1,1,1,5.29022,-0.738274,-0.722271,0.00117238,-0.522005,-0.530127
4320,1,-0.0344271,-0.697924,2.17619,1,1,1,5.28754,-0.654498,-0.716945,0.00126203,-0.41065,-0.47373
4321,1,-0.037889,-0.68651,2.38797,1,1,1,5.28341,-0.677188,-0.665811,0.00130216,-0.796949,-0.417334
4322,1,-0.0412907,-0.674054,2.59372,1,1,1,5.28063,-0.675442,-0.675398,0.00126809,-0.514985,-0.64292
4323,1,-0.044628,-0.660583,2.79293,1,1,1,5.27661,-0.66148,-0.654092,0.00122402,-0.562071,-0.541406
4324,1,-0.0478948,-0.646137,2.98496,1,1,1,5.27392,-0.666716,-0.651962,0.0012354,-0.378279,-0.507568
4325,1,-0.0510877,-0.630747,3.16931,1,1,1,5.27018,-0.645772,-0.647701,0.00125831,-0.205762,-0.451172
4326,1,-0.0542012,-0.614456,3.34536,1,1,1,5.26759,-0.586431,-0.623199,0.00133262,-0.237009,-0.304541
4327,1,-0.057231,-0.597307,3.51252,1,1,1,5.26405,-0.698132,-0.614676,0.00139287,-0.0851549,-0.191748
4328,1,-0.0601725,-0.579349,3.67023,1,1,1,5.26155,-0.544543,-0.578456,0.00143254,-0.231486,-0.203027
4329,1,-0.0630228,-0.560624,3.81793,1,1,1,5.25829,-0.558505,-0.57526,0.00146265,-0.00763923,-0.169189
4330,1,-0.0657777,-0.541187,3.95503,1,1,1,5.25609,-0.561996,-0.546497,0.00144073,-0.0651164,-0.169189
4331,1,-0.0684337,-0.521091,4.08097,1,1,1,5.25283,-0.490438,-0.499624,0.00138919,-0.319391,-0.270703
4332,1,-0.0709876,-0.500396,4.19514,1,1,1,5.25091,-0.488692,-0.486841,0.00138595,-0.185405,-0.180469
4333,1,-0.0734369,-0.479159,4.297,1,1,1,5.24794,-0.490438,-0.488971,0.00137242,0.116298,-0.180469
4334,1,-0.0757784,-0.457448,4.38594,1,1,1,5.24612,-0.431096,-0.457012,0.00131324,0.0410633,-0.169189
4335,1,-0.0780107,-0.435322,4.46142,1,1,1,5.24353,-0.37001,-0.429315,0.00126826,0.0183727,-0.0563965
4336,1,-0.0801311,-0.412857,4.52283,1,1,1,5.2419,-0.441568,-0.402682,0.00116581,0.0013041,-0.0563965
4337,1,-0.0821386,-0.390121,4.56961,1,1,1,5.2396,-0.331613,-0.373919,0.00103676,-0.0418453,-0.0451172
4338,1,-0.084032,-0.367187,4.60119,1,1,1,5.23807,-0.389208,-0.372854,0.00095541,0.227248,-0.0563965
4339,1,-0.0858103,-0.344134,4.61699,1,1,1,5.23624,-0.277507,-0.322785,0.000866275,-0.0434559,-0.101514
4340,1,-0.0874732,-0.321045,4.61643,1,1,1,5.2349,-0.34383,-0.284434,0.000734963,-0.193399,-0.0676758
4341,1,-0.0890208,-0.297998,4.59894,1,1,1,5.23327,-0.256563,-0.263128,0.00060407,-0.15873,-0.0451172
4342,1,-0.0904536,-0.275081,4.56393,1,1,1,5.23222,-0.253073,-0.239692,0.000486003,-0.149504,-0.0451172
4343,1,-0.0917721,-0.252389,4.51084,1,1,1,5.23087,-0.237365,-0.214125,0.000292834,-0.179987,-0.0676758
4344,1,-0.0929778,-0.230007,4.43909,1,1,1,5.23011,-0.16057,-0.198145,8.93672e-05,-0.112961,-0.0563965
4345,1,-0.0940727,-0.208031,4.3481,1,1,1,5.22905,-0.176278,-0.180035,-9.14035e-05,-0.0736777,-0.135352
4346,1,-0.0950591,-0.186557,4.23728,1,1,1,5.22848,-0.120428,-0.14488,-0.000292928,-0.233332,-0.0451172
4347,1,-0.0959393,-0.165692,4.1061,1,1,1,5.22761,-0.129154,-0.0990726,-0.000527736,-0.525563,-0.15791
4348,1,-0.0967171,-0.145534,3.95394,1,1,1,5.22714,-0.120428,-0.096942,-0.000810814,-0.356606,-0.360938
4349,1,-0.0973961,-0.126186,3.78021,1,1,1,5.22666,-0.0488692,-0.0639178,-0.00108034,-0.538009,-0.451172
4350,1,-0.0979805,-0.107768,3.58441,1,1,1,5.22637,-0.0733038,-0.0436772,-0.00133933,-0.592015,-0.203027
4351,1,-0.0984754,-0.0903822,3.36589,1,1,1,5.22598,-0.0645772,-0.068179,-0.00155056,-0.162908,-0.383496
4352,1,-0.0988863,-0.0741459,3.12408,1,1,1,5.22598,-0.0174533,-0.0383507,-0.00179383,-0.352797,-0.541406
4353,1,-0.099219,-0.0591809,2.85847,1,1,1,5.22579,0,-0.0010653,-0.00203948,-0.644016,-0.665479
4354,1,-0.0994804,-0.0456038,2.56843,1,1,1,5.2257,0,0.00852238,-0.00229092,-0.65224,-0.563965
4355,1,-0.0996776,-0.0335385,2.25337,1,1,1,5.2257,-0.0174533,0.0191753,-0.00252475,-0.691837,-0.609082
4356,1,-0.0998185,-0.0231112,1.9127,1,1,1,5.2257,0,0.0245018,-0.00272793,-0.691913,-0.733154
4357,1,-0.0999122,-0.0143892,1.54274,1,1,1,5.2257,0,9.78459e-19,-0.00287736,-0.381037,-0.563965
4358,1,-0.0999662,-0.0076977,1.15249,1,1,1,5.22579,0.0226893,0.0159795,-0.00305335,-0.54676,-0.766992
4359,1,-0.099992,-0.00297553,0.731654,1,1,1,5.22579,0.00698132,0.0138489,-0.00311719,-0.525103,-0.451172
4360,1,-0.0999996,-0.000427127,0.282933,1,1,1,5.22579,0,0.0010653,-0.00314897,-0.412269,-0.64292
4361,1,-0.1,-0,-0,1,1,1,5.22589,0,0.00745708,-0.00320347,-0.521079,-0.631641
4362,1,-0.1,-0,-0,1,1,1,5.22589,0,0.0202406,-0.00323088,-0.669477,-0.64292
4363,1,-0.1,-0,-0,1,1,1,5.22589,0,-0.0010653,-0.00323619,-0.440015,-0.518848
4364,1,-0.1,-0,-0,1,1,1,5.22589,0,0.00958767,-0.00322366,-0.559016,-0.406055
4365,1,-0.1,-0,-0,1,1,1,5.22589,-0.00174533,-0.00745708,-0.00327815,-0.384207,-0.631641
4366,1,-0.1,-0,-0,1,1,1,5.22579,0,0.00213059,-0.00326061,-0.490841,-0.541406
4367,1,-0.1,-0,-0,1,1,1,5.22589,0,-0.00745708,-0.00325379,-0.388338,-0.496289
4368,1,-0.1,-0,-0,1,1,1,5.22589,-0.010472,-0.0149142,-0.0032608,-0.311362,-0.597803
4369,1,-0.1,-0,-0,1,1,1,5.22589,0.00872665,0.0010653,-0.00330464,-0.497384,-0.552686
4370,1,-0.1,-0,-0,1,1,1,5.22589,0,0.0266324,-0.00333756,-0.787268,-0.654199
4371,1,-0.1,-0,-0,1,1,1,5.22579,-0.0122173,0.00958767,-0.00334788,-0.605848,-0.563965
4372,1,-0.1,-0,-0,1,1,1,5.22589,0,0.00639178,-0.00334462,-0.574503,-0.541406
4373,1,-0.1,-0,-0,1,1,1,5.22589,0,-0.0117183,-0.00335325,-0.380787,-0.721875
4374,1,-0.1,-0,-0,1,1,1,5.22589,0.0174533,0.00852238,-0.00334531,-0.605821,-0.518848
4375,1,-0.1,-0,-0,1,1,1,5.22589,-0.0139626,0.00319589,-0.00336971,-0.555013,-0.575244
4376,1,-0.1,-0,-0,1,1,1,5.22579,-0.00349066,0.0170448,-0.00335914,-0.70966,-0.451172
4377,1,-0.1,-0,-0,1,1,1,5.22579,-0.0174533,0.00639178,-0.00339197,-0.601861,-0.744434
4378,1,-0.1,-0,-0,1,1,1,5.22579,0,-0.0255671,-0.0033835,-0.25348,-0.518848
4379,1,-0.1,-0,-0,1,1,1,5.22589,0.015708,-0.00852238,-0.00336332,-0.441573,-0.462451
4380,1,-0.1,-0,-0,1,1,1,5.22589,0,0.00426119,-0.00337416,-0.587678,-0.451172
4381,1,-0.1,-0,-0,1,1,1,5.22589,0,-0.00319589,-0.00337682,-0.510095,-0.518848
4382,1,-0.1,-0,-0,1,1,1,5.22589,0,0.01811,-0.0034024,-0.748328,-0.676758
4383,1,-0.1,-0,-0,1,1,1,5.22579,0,0.00319589,-0.00341483,-0.585912,-0.665479
4384,1,-0.1,-0,-0,1,1,1,5.22579,0,-0.00852238,-0.0034429,-0.460717,-0.575244
4385,1,-0.1,-0,-0,1,1,1,5.22579,0,-0.0127836,-0.00340356,-0.408651,-0.64292
4386,1,-0.1,-0,-0,1,1,1,5.22589,0.0191986,0.010653,-0.00342099,-0.668753,-0.575244
4387,1,-0.1,-0,-0,1,1,1,5.22579,0,0.0149142,-0.00344687,-0.719042,-0.530127
4388,1,-0.1,-0,-0,1,1,1,5.22579,0,-0.00958767,-0.00345415,-0.450483,-0.394775
4389,1,-0.1,-0,-0,1,1,1,5.22579,0,0.0245018,-0.00347368,-0.828046,-0.541406
4390,1,-0.1,-0,-0,1,1,1,5.22579,-0.0174533,0.00426119,-0.00353421,-0.613388,-0.733154
4391,1,-0.1,-0,-0,1,1,1,5.22579,0,-0.0138489,-0.00353253,-0.413956,-0.541406
4392,1,-0.1,-0,-0,1,1,1,5.22579,0,-0.0223712,-0.00352256,-0.318895,-0.496289
4393,1,-0.1,-0,-0,1,1,1,5.22579,0.00523599,-0.00532648,-0.00352019,-0.506074,-0.563965
4394,1,-0.1,-0,-0,1,1,1,5.22579,0,-0.0149142,-0.00350322,-0.398369,-0.394775
4395,1,-0.1,-0,-0,1,1,1,5.22579,0,0.00745708,-0.00352787,-0.647707,-0.530127
4396,1,-0.1,-0,-0,1,1,1,5.22579,0,0.0117183,-0.00353789,-0.695902,-0.451172
4397,1,-0.1,-0,-0,1,1,1,5.22579,0,-0.0010653,-0.00355543,-0.557598,-0.575244
4398,1,-0.1,-0,-0,1,1,1,5.22579,0,-0.00852238,-0.00353943,-0.473459,-0.541406
4399,1,-0.1,-0,-0,1,1,1,5.22579,0,-0.00639178,-0.0035007,-0.491783,-0.507568
4400,1,-0.1,-0,-0,1,1,1,5.22579,0.00872665,-0.00213059,-0.00351279,-0.540252,-0.462451
4401,1,-0.1,-0,-0,1,1,1,5.22579,0,0.00852238,-0.00358458,-0.666911,-0.654199
4402,1,-0.1,-0,-0,1,1,1,5.2257,-0.00523599,0.00958767,-0.00354154,-0.672947,-0.631641
4403,1,-0.1,-0,-0,1,1,1,5.22579,-0.00872665,-0.0010653,-0.00355368,-0.557367,-0.541406
4404,1,-0.1,-0,-0,1,1,1,5.22579,0,-0.00639178,-0.00357077,-0.501032,-0.597803
4405,1,-0.1,-0,-0,1,1,1,5.22579,0,-0.00213059,-0.0035707,-0.547895,-0.620361
4406,1,-0.1,-0,-0,1,1,1,5.22579,0,0.00213059,-0.00359208,-0.597592,-0.563965
4407,1,-0.1,-0,-0,1,1,1,5.22579,0,-0.00745708,-0.00360096,-0.493299,-0.64292
4408,1,-0.1,-0,-0,1,1,1,5.22579,0,-0.0010653,-0.00359247,-0.562488,-0.48501
4409,1,-0.1,-0,-0,1,1,1,5.22579,0,0.00852238,-0.00358884,-0.667473,-0.530127
4410,1,-0.1,-0,-0,1,1,1,5.22579,0,-0.0010653,-0.00357229,-0.559824,-0.563965
4411,1,-0.1,-0,-0,1,1,1,5.22579,0,-0.01811,-0.00362597,-0.379417,-0.609082
4412,1,-0.1,-0,-0,1,1,1,5.22579,0,-2.15261e-18,-0.00360448,-0.575791,-0.462451
4413,1,-0.1,-0,-0,1,1,1,5.22579,0,0.00532648,-0.00357974,-0.631117,-0.530127
4414,1,-0.1,-0,-0,1,1,1,5.22579,0,-0.00745708,-0.00359382,-0.492356,-0.507568
4415,1,-0.1,-0,-0,1,1,1,5.22579,0,-0.00745708,-0.00361062,-0.494574,-0.654199
4416,1,-0.1,-0,-0,1,1,1,5.22579,0,0.010653,-0.00362429,-0.695589,-0.609082
4417,1,-0.1,-0,-0,1,1,1,5.22579,0,0.00958767,-0.00365714,-0.688207,-0.586523
4418,1,-0.1,-0,-0,1,1,1,5.22579,0,0.010653,-0.00368689,-0.703852,-0.665479
4419,1,-0.1,-0,-0,1,1,1,5.22579,0,0.0138489,-0.00370953,-0.741995,-0.575244
4420,1,-0.1,-0,-0,1,1,1,5.22579,-0.00872665,-0.0138489,-0.00366347,-0.43124,-0.609082
4421,1,-0.1,-0,-0,1,1,1,5.22579,0,-0.00745708,-0.00367875,-0.503567,-0.64292
4422,1,-0.1,-0,-0,1,1,1,5.22579,0,3.26153e-19,-0.00365159,-0.582009,-0.64292
4423,1,-0.1,-0,-0,1,1,1,5.22579,0,0.00639178,-0.00369429,-0.657957,-0.518848
4424,1,-0.1,-0,-0,1,1,1,5.22579,0,1.30461e-19,-0.003684,-0.586288,-0.552686
4425,1,-0.1,-0,-0,1,1,1,5.22579,0,0.00532648,-0.00368431,-0.64492,-0.48501
4426,1,-0.1,-0,-0,1,1,1,5.22579,0,0.00639178,-0.00369942,-0.658633,-0.654199
4427,1,-0.1,-0,-0,1,1,1,5.22579,0,0.00639178,-0.003714,-0.660558,-0.439893
4428,1,-0.1,-0,-0,1,1,1,5.22579,-0.0174533,-0.0340895,-0.00369761,-0.213099,-0.586523
4429,1,-0.1,-0,-0,1,1,1,5.22579,0.00872665,-0.00319589,-0.0036534,-0.547095,-0.586523
4430,1,-0.1,-0,-0,1,1,1,5.22579,0.00872665,-0.0191753,-0.00367063,-0.373595,-0.47373
4431,1,-0.1,-0,-0,1,1,1,5.22579,0.0418879,-0.01811,-0.00367132,-0.385403,-0.64292
4432,1,-0.1,-0,-0,1,1,1,5.22579,0,0.0298283,-0.00368115,-0.914023,-0.597803
4433,1,-0.1,-0,-0,1,1,1,5.2257,-0.0261799,-0.0010653,-0.0036727,-0.573079,-0.563965
4434,1,-0.1,-0,-0,1,1,1,5.22579,0,0.0213059,-0.00370328,-0.823198,-0.563965
4435,1,-0.1,-0,-0,1,1,1,5.22579,0,0.00745708,-0.00372789,-0.67411,-0.575244
4436,1,-0.1,-0,-0,1,1,1,5.2257,-0.0174533,-0.00852238,-0.00369937,-0.494571,-0.620361
4437,1,-0.1,-0,-0,1,1,1,5.22579,0.0174533,-0.0117183,-0.00371836,-0.461922,-0.541406
4438,1,-0.1,-0,-0,1,1,1,5.22579,0,0.00852238,-0.00370429,-0.682712,-0.563965
4439,1,-0.1,-0,-0,1,1,1,5.2257,-0.00872665,0.00958767,-0.00373599,-0.698615,-0.857227
4440,1,-0.1,-0,-0,1,1,1,5.2257,0,-0.00319589,-0.0037448,-0.559158,-0.496289
4441,1,-0.1,-0,-0,1,1,1,5.22579,0,0.00213059,-0.00371593,-0.613939,-0.451172
4442,1,-0.1,-0,-0,1,1,1,5.22579,0,0.00852238,-0.00374316,-0.687843,-0.609082
4443,1,-0.1,-0,-0,1,1,1,5.22579,0,0.0213059,-0.00373758,-0.827726,-0.552686
4444,1,-0.1,-0,-0,1,1,1,5.22579,0,0.0127836,-0.00377506,-0.738927,-0.733154
4445,1,-0.1,-0,-0,1,1,1,5.22579,0,-0.0138489,-0.00378966,-0.447897,-0.530127
4446,1,-0.1,-0,-0,1,1,1,5.2257,-0.00523599,-0.00639178,-0.00382612,-0.534738,-0.530127
4447,1,-0.1,-0,-0,1,1,1,5.2257,0.00872665,0.0234365,-0.00382659,-0.862912,-0.812109
4448,1,-0.1,-0,-0,1,1,1,5.22579,0.0174533,0.00639178,-0.00382247,-0.674876,-0.575244
4449,1,-0.1,-0,-0,1,1,1,5.22579,0,0.00532648,-0.00383421,-0.664707,-0.518848
4450,1,-0.1,-0,-0,1,1,1,5.22579,0,0.010653,-0.00386942,-0.727946,-0.609082
4451,1,-0.1,-0,-0,1,1,1,5.2257,0,-0.010653,-0.00387486,-0.494299,-0.631641
4452,1,-0.1,-0,-0,1,1,1,5.2257,0,0.00213059,-0.00386814,-0.63403,-0.64292
4453,1,-0.1,-0,-0,1,1,1,5.2257,0,-0.00426119,-0.00388402,-0.565817,-0.868506
4454,1,-0.1,-0,-0,1,1,1,5.2257,0.00872665,-0.00426119,-0.00387163,-0.564182,-0.665479
4455,1,-0.1,-0,-0,1,1,1,5.2257,0,0.00852238,-0.00389695,-0.708143,-0.665479
4456,1,-0.1,-0,-0,1,1,1,5.2257,0,0.00639178,-0.00388951,-0.683725,-0.586523
4457,1,-0.1,-0,-0,1,1,1,5.2257,0,0.00958767,-0.00391612,-0.722392,-0.733154
4458,1,-0.1,-0,-0,1,1,1,5.2257,0,3.26153e-19,-0.00392311,-0.61785,-0.64292
4459,1,-0.1,-0,-0,1,1,1,5.22579,0,-0.0127836,-0.00394333,-0.4799,-0.733154
4460,1,-0.1,-0,-0,1,1,1,5.2257,0,0.0149142,-0.00396292,-0.787162,-0.64292
4461,1,-0.1,-0,-0,1,1,1,5.2257,0,0.0138489,-0.00396789,-0.776099,-0.609082
4462,1,-0.1,-0,-0,1,1,1,5.2257,0,-0.00213059,-0.0039764,-0.601449,-0.699316
4463,1,-0.1,-0,-0,1,1,1,5.2257,0,-0.0170448,-0.0039827,-0.438224,-0.721875
4464,1,-0.1,-0,-0,1,1,1,5.2257,0,0.00639178,-0.00396878,-0.694188,-0.541406
4465,1,-0.1,-0,-0,1,1,1,5.2257,0,-0.010653,-0.0040006,-0.510897,-0.688037
4466,1,-0.1,-0,-0,1,1,1,5.2257,0,-0.00426119,-0.00400531,-0.581828,-0.665479
4467,1,-0.1,-0,-0,1,1,1,5.2257,0,-0.0138489,-0.00400918,-0.476874,-0.710596
4468,1,-0.1,-0,-0,1,1,1,5.2257,0,-0.00213059,-0.00402892,-0.608381,-0.507568
4469,1,-0.1,-0,-0,1,1,1,5.2257,0.00872665,-0.00639178,-0.00404009,-0.562983,-0.586523
4470,1,-0.1,-0,-0,1,1,1,5.2257,-0.0122173,-0.00639178,-0.0040481,-0.56404,-0.812109
4471,1,-0.1,-0,-0,1,1,1,5.2257,0.00872665,0.00426119,-0.00405079,-0.681577,-0.586523
4472,1,-0.1,-0,-0,1,1,1,5.2257,0,0.0330242,-0.00404374,-0.99704,-0.80083
4473,1,-0.1,-0,-0,1,1,1,5.2257,-0.0575959,1.5003e-18,-0.00409344,-0.640334,-0.631641
4474,1,-0.1,-0,-0,1,1,1,5.2257,0.00174533,0.00532648,-0.00410536,-0.700499,-0.676758
4475,1,-0.1,-0,-0,1,1,1,5.2257,0,0.0010653,-0.00410896,-0.654101,-0.586523
4476,1,-0.1,-0,-0,1,1,1,5.2257,0,0.0159795,-0.00415091,-0.823694,-0.575244
4477,1,-0.1,-0,-0,1,1,1,5.2257,0,-0.00426119,-0.0041732,-0.60399,-0.755713
4478,1,-0.1,-0,-0,1,1,1,5.2257,0,0.0117183,-0.00418833,-0.78176,-0.597803
4479,1,-0.1,-0,-0,1,1,1,5.2257,0,-0.010653,-0.00418972,-0.535861,-0.654199
4480,1,-0.1,-0,-0,1,1,1,5.2257,0,-0.00532648,-0.004187,-0.594093,-0.631641
4481,1,-0.1,-0,-0,1,1,1,5.2257,0,0.00532648,-0.00415717,-0.707337,-0.654199
4482,1,-0.1,-0,-0,1,1,1,5.2257,0,-0.0127836,-0.00418574,-0.511899,-0.541406
4483,1,-0.1,-0,-0,1,1,1,5.2257,0,0.00958767,-0.00416696,-0.755504,-0.676758
4484,1,-0.1,-0,-0,1,1,1,5.2257,0,0.01811,-0.00417699,-0.850573,-0.80083
4485,1,-0.1,-0,-0,1,1,1,5.2257,-0.0226893,0.0138489,-0.00419075,-0.805517,-0.80083
4486,1,-0.1,-0,-0,1,1,1,5.2257,0.0139626,-0.0138489,-0.00421826,-0.504472,-0.721875
4487,1,-0.1,-0,-0,1,1,1,5.2257,0.0191986,-0.00319589,-0.00418616,-0.617418,-0.789551
4488,1,-0.1,-0,-0,1,1,1,5.2257,0.0174533,0.0117183,-0.00420786,-0.784338,-0.688037
4489,1,-0.1,-0,-0,1,1,1,5.2257,0,-0.00426119,-0.00419701,-0.607132,-0.676758
4490,1,-0.1,-0,-0,1,1,1,5.2257,0,-0.00319589,-0.00419946,-0.619174,-0.64292
4491,1,-0.1,-0,-0,1,1,1,5.2257,0,0.00958767,-0.00419282,-0.758917,-0.733154
4492,1,-0.1,-0,-0,1,1,1,5.2257,0,-0.010653,-0.0042062,-0.538035,-0.879785
4493,1,-0.1,-0,-0,1,1,1,5.2257,0,0.00426119,-0.00422712,-0.704853,-0.744434
4494,1,-0.1,-0,-0,1,1,1,5.2257,0,-0.0127836,-0.00420951,-0.515037,-0.654199
4495,1,-0.1,-0,-0,1,1,1,5.2257,0,0.00532648,-0.00418939,-0.711591,-0.699316
4496,1,-0.1,-0,-0,1,1,1,5.2257,0,-0.00319589,-0.00416442,-0.614549,-0.439893
4497,1,-0.1,-0,-0,1,1,1,5.2257,0,0.0127836,-0.00413452,-0.786376,-0.64292
4498,1,-0.1,-0,-0,1,1,1,5.2257,0,-0.00745708,-0.00413629,-0.563963,-0.64292
4499,1,-0.1,-0,-0,1,1,1,5.2257,0,-0.0159795,-0.00415747,-0.473012,-0.676758
4500,1,-0.1,-0,-0,1,1,1,5.2257,0,0.00745708,-0.00416491,-0.731796,-0.721875
4501,1,-0.1,-0,-0,1,1,1,5.2257,0,-0.0127836,-0.00416027,-0.508536,-0.733154
4502,1,-0.1,-0,-0,1,1,1,5.2257,0,0.00958767,-0.00415939,-0.754504,-0.575244
4503,1,-0.1,-0,-0,1,1,1,5.2257,0,-0.00426119,-0.00419156,-0.606412,-0.755713
4504,1,-0.1,-0,-0,1,1,1,5.2257,0,0.00745708,-0.00421707,-0.738681,-0.563965
4505,1,-0.1,-0,-0,1,1,1,5.2256,0.00698132,0.00745708,-0.00423244,-0.74071,-0.744434
4506,1,-0.1,-0,-0,1,1,1,5.2257,0,0.0170448,-0.00425273,-0.848852,-0.789551
4507,1,-0.1,-0,-0,1,1,1,5.2256,-0.0279253,-0.00532648,-0.00429453,-0.608286,-0.913623
4508,1,-0.1,-0,-0,1,1,1,5.2256,0,-0.00426119,-0.00433358,-0.625159,-0.845947
4509,1,-0.1,-0,-0,1,1,1,5.2256,0,0.00958767,-0.00433385,-0.777533,-0.552686
4510,1,-0.1,-0,-0,1,1,1,5.2256,0,0.0149142,-0.00434333,-0.837375,-0.744434
4511,1,-0.1,-0,-0,1,1,1,5.2256,0,0.0117183,-0.0043591,-0.804302,-0.597803
4512,1,-0.1,-0,-0,1,1,1,5.2256,0,0.00958767,-0.00435384,-0.780171,-0.789551
4513,1,-0.1,-0,-0,1,1,1,5.2257,0,-0.00852238,-0.00436793,-0.582821,-0.597803
4514,1,-0.1,-0,-0,1,1,1,5.2256,-0.00698132,-0.00426119,-0.00440852,-0.635052,-0.834668
4515,1,-0.1,-0,-0,1,1,1,5.2256,0,-0.0149142,-0.00438703,-0.515033,-0.778271
4516,1,-0.1,-0,-0,1,1,1,5.2257,0.0244346,0.0117183,-0.00441384,-0.811528,-0.631641
4517,1,-0.1,-0,-0,1,1,1,5.2256,0,-0.00745708,-0.00444666,-0.604931,-0.789551
4518,1,-0.1,-0,-0,1,1,1,5.2256,0,0.0138489,-0.00444318,-0.838837,-0.789551
4519,1,-0.1,-0,-0,1,1,1,5.2256,0,-0.00532648,-0.00443429,-0.626735,-0.609082
4520,1,-0.1,-0,-0,1,1,1,5.2256,0,-0.00426119,-0.00446663,-0.642722,-0.778271
4521,1,-0.1,-0,-0,1,1,1,5.2256,0,0.0234365,-0.0044571,-0.94614,-0.541406
4522,1,-0.1,-0,-0,1,1,1,5.2256,0,0.0010653,-0.00444859,-0.698933,-0.654199
4523,1,-0.1,-0,-0,1,1,1,5.2256,0,-0.0010653,-0.00445038,-0.675732,-0.665479
4524,1,-0.1,-0,-0,1,1,1,5.2256,0,0.00532648,-0.0044902,-0.751298,-0.721875
4525,1,-0.1,-0,-0,1,1,1,5.2256,0,-0.00852238,-0.00450529,-0.600952,-0.755713
4526,1,-0.1,-0,-0,1,1,1,5.2256,0,0.0159795,-0.00450909,-0.870974,-0.64292
4527,1,-0.1,-0,-0,1,1,1,5.2256,-0.00349066,0.0010653,-0.00452459,-0.708964,-0.609082
4528,1,-0.1,-0,-0,1,1,1,5.2256,-0.00872665,-0.0010653,-0.00452775,-0.685945,-0.755713
4529,1,-0.1,-0,-0,1,1,1,5.2256,0,-0.0138489,-0.00450825,-0.542752,-0.654199
4530,1,-0.1,-0,-0,1,1,1,5.2256,0,-0.0127836,-0.00449343,-0.552513,-0.620361
4531,1,-0.1,-0,-0,1,1,1,5.2256,0.00698132,0.010653,-0.00451596,-0.813289,-0.64292
4532,1,-0.1,-0,-0,1,1,1,5.2256,0,-0.0117183,-0.00452081,-0.567847,-0.609082
4533,1,-0.1,-0,-0,1,1,1,5.2256,0,-0.0127836,-0.00451949,-0.555954,-0.744434
4534,1,-0.1,-0,-0,1,1,1,5.2256,0.00872665,0.0010653,-0.00454004,-0.711004,-0.620361
4535,1,-0.1,-0,-0,1,1,1,5.2256,0,-0.00532648,-0.00452888,-0.63922,-0.597803
4536,1,-0.1,-0,-0,1,1,1,5.2256,0,-0.0149142,-0.00450379,-0.530444,-0.654199
4537,1,-0.1,-0,-0,1,1,1,5.2256,0,0.010653,-0.00450668,-0.812064,-0.744434
4538,1,-0.1,-0,-0,1,1,1,5.2256,0,0.00213059,-0.00450103,-0.717572,-0.721875
4539,1,-0.1,-0,-0,1,1,1,5.2256,0,0.00426119,-0.00451853,-0.743319,-0.620361
4540,1,-0.1,-0,-0,1,1,1,5.2256,0,0.0202406,-0.00450839,-0.917754,-0.721875
4541,1,-0.1,-0,-0,1,1,1,5.2256,-0.015708,0.0117183,-0.0045613,-0.830992,-0.823389
4542,1,-0.1,-0,-0,1,1,1,5.2256,0,0.0117183,-0.00454825,-0.82927,-0.620361
4543,1,-0.1,-0,-0,1,1,1,5.2256,0,-0.0245018,-0.00452272,-0.427479,-0.654199
4544,1,-0.1,-0,-0,1,1,1,5.2256,0,0.0010653,-0.00451727,-0.707998,-0.586523
4545,1,-0.1,-0,-0,1,1,1,5.2256,0.00523599,-0.0010653,-0.00454304,-0.687963,-0.733154
4546,1,-0.1,-0,-0,1,1,1,5.2256,0,0.00319589,-0.00454952,-0.735692,-0.620361
4547,1,-0.1,-0,-0,1,1,1,5.2256,0,-0.00958767,-0.00456213,-0.596737,-0.834668
4548,1,-0.1,-0,-0,1,1,1,5.2256,0,-0.00958767,-0.00458821,-0.60018,-0.778271
4549,1,-0.1,-0,-0,1,1,1,5.2256,0,-0.00745708,-0.00459038,-0.623902,-0.744434
4550,1,-0.1,-0,-0,1,1,1,5.2256,0,0.00958767,-0.00459794,-0.812393,-0.609082
4551,1,-0.1,-0,-0,1,1,1,5.2256,0,-0.00319589,-0.00463415,-0.676553,-0.778271
4552,1,-0.1,-0,-0,1,1,1,5.2256,0,-0.00958767,-0.00464263,-0.607363,-0.766992
4553,1,-0.1,-0,-0,1,1,1,5.2256,0.00698132,0.0234365,-0.00467349,-0.974703,-0.688037
4554,1,-0.1,-0,-0,1,1,1,5.2256,0,0.0010653,-0.00467089,-0.728275,-0.778271
4555,1,-0.1,-0,-0,1,1,1,5.2256,0,0.00213059,-0.00466853,-0.739683,-0.688037
4556,1,-0.1,-0,-0,1,1,1,5.2256,0,-0.00532648,-0.00461258,-0.65027,-0.631641
4557,1,-0.1,-0,-0,1,1,1,5.2256,0,0.010653,-0.00465601,-0.831776,-0.755713
4558,1,-0.1,-0,-0,1,1,1,5.2256,0,2.02215e-18,-0.00466244,-0.715443,-0.778271
4559,1,-0.1,-0,-0,1,1,1,5.2256,0,-0.00213059,-0.00461849,-0.686205,-0.620361
4560,1,-0.1,-0,-0,1,1,1,5.2256,0.00872665,-0.00958767,-0.00462043,-0.604433,-0.530127
4561,1,-0.0999999,0.000190285,0.189612,1,1,1,5.2256,0.0174533,-0.0159795,-0.00458228,-0.505209,-0.597803
4562,1,-0.0999946,0.00228578,0.643926,1,1,1,5.2256,0,0.0149142,-0.0045869,-0.767821,-0.575244
4563,1,-0.0999733,0.00658289,1.07028,1,1,1,5.2256,0,-0.0308936,-0.00456459,-0.158648,-0.552686
4564,1,-0.0999254,0.0129425,1.46919,1,1,1,5.2257,0.0122173,0.00426119,-0.00451162,-0.413195,-0.270703
4565,1,-0.0998407,0.0212296,1.84128,1,1,1,5.2257,0,0.00213059,-0.00444565,-0.234686,-0.451172
4566,1,-0.0997101,0.0313121,2.18713,1,1,1,5.22579,0.0366519,-6.52306e-19,-0.00430251,-0.0263881,-0.15791
4567,1,-0.0995248,0.0430587,2.50726,1,1,1,5.22589,0,0.0202406,-0.00419045,-0.05027,-0.0789551
4568,1,-0.0992769,0.0563427,2.80228,1,1,1,5.22589,0.0174533,0.0170448,-0.00402497,0.207186,-0.0902344
4569,1,-0.098959,0.0710417,3.07279,1,1,1,5.22608,0.0174533,0.0308936,-0.0038034,0.299758,0
4570,1,-0.0985643,0.0870311,3.3193,1,1,1,5.22618,0.0331613,0.0234365,-0.00352389,0.648382,0.0676758
4571,1,-0.0980868,0.104194,3.54242,1,1,1,5.22637,0.0383972,0.0436772,-0.00318696,0.714191,0.349658
4572,1,-0.0975206,0.122418,3.74277,1,1,1,5.22656,0.0558505,0.0308936,-0.00277084,1.16571,0.552686
4573,1,-0.096861,0.141585,3.92085,1,1,1,5.22733,0.0907571,0.0649831,-0.00232833,1.1162,1.13921
4574,1,-0.0961033,0.161591,4.0773,1,1,1,5.22761,0.0837758,0.111856,-0.00195004,0.92498,1.17305
4575,1,-0.095244,0.18232,4.21262,1,1,1,5.22809,0.0977384,0.121444,-0.00160509,1.14581,1.19561
4576,1,-0.0942792,0.203681,4.32748,1,1,1,5.22886,0.185005,0.138489,-0.00130238,1.28438,1.18433
4577,1,-0.0932063,0.225564,4.4224,1,1,1,5.22972,0.144862,0.188558,-0.00109416,1.05004,1.00386
4578,1,-0.0920228,0.247873,4.49797,1,1,1,5.2304,0.204204,0.213059,-0.000893189,1.09899,1.10537
4579,1,-0.090727,0.270512,4.55476,1,1,1,5.23183,0.191986,0.226908,-0.000715088,1.26353,1.09409
4580,1,-0.0893171,0.293393,4.59334,1,1,1,5.23279,0.296706,0.263128,-0.000506664,1.18831,1.24072
4581,1,-0.087793,0.316414,4.6143,1,1,1,5.23442,0.225147,0.264194,-0.000275054,1.50296,1.36479
4582,1,-0.0861528,0.339507,4.61821,1,1,1,5.23576,0.333358,0.307871,-0.000112046,1.33824,1.252
4583,1,-0.0843978,0.362571,4.60565,1,1,1,5.23768,0.34383,0.331307,7.77308e-05,1.3976,1.43247
4584,1,-0.0825274,0.385535,4.57718,1,1,1,5.23912,0.366519,0.377115,0.000157854,1.19178,1.35352
4585,1,-0.0805428,0.408317,4.5334,1,1,1,5.24132,0.420624,0.409074,0.000239384,1.13438,1.26328
4586,1,-0.0784449,0.430843,4.47488,1,1,1,5.24315,0.403171,0.408009,0.000345251,1.43875,1.28584
4587,1,-0.076235,0.453041,4.40218,1,1,1,5.24583,0.450295,0.465535,0.000368881,1.08158,1.45503
4588,1,-0.0739148,0.474845,4.31587,1,1,1,5.24746,0.438078,0.471927,0.000366631,1.27543,1.33096
4589,1,-0.0714874,0.496178,4.21658,1,1,1,5.25034,0.500909,0.493232,0.000356896,1.29679,1.18433
4590,1,-0.0689539,0.516989,4.10481,1,1,1,5.25245,0.537561,0.523061,0.000353101,1.21733,1.21816
4591,1,-0.0663181,0.53721,3.98119,1,1,1,5.25571,0.518363,0.549693,0.00032757,1.16142,1.33096
4592,1,-0.0635829,0.556782,3.84629,1,1,1,5.25791,0.546288,0.55502,0.000286734,1.32747,1.24072
4593,1,-0.0607516,0.575653,3.70067,1,1,1,5.26127,0.647517,0.577391,0.000234324,1.29437,1.16177
4594,1,-0.0578278,0.593771,3.54491,1,1,1,5.26366,0.584685,0.590175,0.000199858,1.35902,1.31968
4595,1,-0.0548151,0.611087,3.37958,1,1,1,5.26711,0.645772,0.608285,0.000184167,1.35645,1.3084
4596,1,-0.0517183,0.627552,3.20528,1,1,1,5.2698,0.638791,0.620003,0.000184071,1.41476,1.47759
4597,1,-0.0485409,0.643127,3.02255,1,1,1,5.27344,0.581195,0.626395,0.000225298,1.52567,1.27456
4598,1,-0.0452888,0.657764,2.83203,1,1,1,5.27613,0.731293,0.654092,0.000226013,1.3838,1.36479
4599,1,-0.041965,0.671434,2.6342,1,1,1,5.28035,0.668461,0.675398,0.000203144,1.29532,1.15049
4600,1,-0.0385759,0.684096,2.42972,1,1,1,5.28303,0.71384,0.690312,0.000124917,1.25545,1.24072
4601,1,-0.0351259,0.695721,2.21912,1,1,1,5.28734,0.731293,0.724402,3.85032e-05,0.989538,1.18433
4602,1,-0.0316205,0.706278,2.003,1,1,1,5.29003,0.675442,0.755296,-8.74384e-05,0.738367,0.95874
4603,1,-0.0280648,0.715743,1.7819,1,1,1,5.29434,0.727802,0.732924,-0.000228793,1.0559,0.947461
4604,1,-0.0244649,0.72409,1.55646,1,1,1,5.29732,0.71733,0.743577,-0.000391798,0.992037,0.721875
4605,1,-0.0208257,0.731301,1.32719,1,1,1,5.30192,0.818559,0.75423,-0.000537549,0.916035,0.868506
4606,1,-0.0171539,0.737356,1.09472,1,1,1,5.3047,0.701622,0.731859,-0.000569656,1.20553,0.97002
4607,1,-0.0134544,0.742243,0.859583,1,1,1,5.30949,0.752237,0.758491,-0.00068076,0.928941,0.755713
4608,1,-0.00973335,0.745949,0.622371,1,1,1,5.31198,0.689405,0.769144,-0.000749769,0.819562,0.868506
4609,1,-0.00599674,0.748464,0.38366,1,1,1,5.31678,0.696386,0.737185,-0.00083458,1.16071,0.755713
4610,1,-0.00225094,0.749784,0.144053,1,1,1,5.31965,0.776672,0.7521,-0.000913413,0.972349,0.778271
4611,1,0.00149908,0.749904,-0.0959391,1,1,1,5.32445,0.776672,0.765949,-0.00136139,0.73249,0.755713
4612,1,0.00524658,0.748825,-0.335693,1,1,1,5.32732,0.748746,0.782993,-0.00144695,0.488965,0.755713
4613,1,0.00898496,0.746549,-0.574595,1,1,1,5.33183,0.752237,0.775536,-0.00155316,0.49679,0.665479
4614,1,0.0127101,0.743081,-0.812186,1,1,1,5.3348,0.736529,0.764883,-0.00163894,0.527569,0.688037
4615,1,0.0164141,0.73843,-1.04777,1,1,1,5.33921,0.738274,0.75423,-0.00170954,0.546253,0.518848
4616,1,0.0200923,0.732607,-1.28084,1,1,1,5.34218,0.720821,0.756361,-0.00183232,0.406112,0.417334
4617,1,0.0237383,0.725627,-1.51078,1,1,1,5.3465,0.755728,0.737185,-0.00190134,0.494045,0.47373
4618,1,0.0273468,0.717505,-1.73706,1,1,1,5.34947,0.729548,0.721206,-0.00193694,0.537324,0.406055
4619,1,0.0309114,0.708264,-1.95904,1,1,1,5.35369,0.747001,0.720141,-0.00201175,0.397756,0.451172
4620,1,0.0344273,0.697924,-2.17621,1,1,1,5.35647,0.656244,0.716945,-0.00202275,0.276736,0.406055
4621,1,0.0378888,0.686511,-2.38795,1,1,1,5.36078,0.659734,0.683921,-0.00210803,0.461242,0.338379
4622,1,0.041291,0.674053,-2.59374,1,1,1,5.36328,0.624828,0.705227,-0.00214485,0.0419645,0.259424
4623,1,0.0446278,0.660584,-2.79292,1,1,1,5.36721,0.626573,0.662615,-0.00216983,0.315373,0.191748
4624,1,0.0478948,0.646137,-2.98496,1,1,1,5.36989,0.678933,0.635982,-0.00218315,0.403079,0.180469
4625,1,0.0510877,0.630747,-3.16931,1,1,1,5.37373,0.654498,0.626395,-0.00216897,0.295952,0.428613
4626,1,0.0542008,0.614458,-3.34533,1,1,1,5.37603,0.553269,0.613611,-0.00216093,0.212806,0.169189
4627,1,0.0572305,0.59731,-3.5125,1,1,1,5.37967,0.577704,0.596566,-0.00218464,0.162527,0.180469
4628,1,0.0601726,0.579349,-3.67023,1,1,1,5.38188,0.589921,0.592305,-0.00224032,-0.0417132,0.0789551
4629,1,0.0630229,0.560624,-3.81793,1,1,1,5.38533,0.520108,0.576326,-0.00224343,-0.118584,0.0789551
4630,1,0.0657775,0.541188,-3.95503,1,1,1,5.38744,0.521853,0.541171,-0.00223963,0.00862061,0.0338379
4631,1,0.0684337,0.521092,-4.08096,1,1,1,5.3905,0.539307,0.53691,-0.0022351,-0.210938,0.112793
4632,1,0.0709876,0.500397,-4.19514,1,1,1,5.39252,0.466003,0.50282,-0.0022528,-0.111494,0.0789551
4633,1,0.0734368,0.47916,-4.29699,1,1,1,5.3953,0.466003,0.476188,-0.00224117,-0.0956424,0.0451172
4634,1,0.0757784,0.457448,-4.38594,1,1,1,5.39702,0.431096,0.454882,-0.00220317,-0.139463,0.124072
4635,1,0.0780106,0.435324,-4.46141,1,1,1,5.39971,0.404916,0.438902,-0.00216576,-0.245533,0.0902344
4636,1,0.0801313,0.412856,-4.52283,1,1,1,5.40124,0.404916,0.39416,-0.00211298,-0.0358461,0.0789551
4637,1,0.0821386,0.39012,-4.56962,1,1,1,5.40345,0.31765,0.381376,-0.00207826,-0.181922,0.0676758
4638,1,0.084032,0.367186,-4.6012,1,1,1,5.40489,0.380482,0.346222,-0.0020058,-0.0776393,0.0451172
4639,1,0.0858102,0.344136,-4.61699,1,1,1,5.4068,0.29147,0.311067,-0.00186665,0.0360796,0.0225586
4640,1,0.0874733,0.321043,-4.61643,1,1,1,5.40815,0.345575,0.294022,-0.00174847,-0.0513283,-0.101514
4641,1,0.0890208,0.297999,-4.59894,1,1,1,5.40977,0.235619,0.279108,-0.00166394,-0.164006,-0.0225586
4642,1,0.0904534,0.275084,-4.56393,1,1,1,5.41073,0.247837,0.26739,-0.00156423,-0.306116,-0.0563965
4643,1,0.091772,0.25239,-4.51084,1,1,1,5.41208,0.21293,0.231169,-0.00142338,-0.16761,-0.124072
4644,1,0.0929779,0.230005,-4.43908,1,1,1,5.41294,0.204204,0.200276,-0.00129626,-0.0839398,-0.15791
4645,1,0.0940729,0.208028,-4.34809,1,1,1,5.41399,0.178024,0.164056,-0.00110369,0.0755689,-0.146631
4646,1,0.095059,0.186559,-4.2373,1,1,1,5.41466,0.148353,0.134227,-0.000908521,0.174271,-0.135352
4647,1,0.0959394,0.165691,-4.10609,1,1,1,5.41543,0.132645,0.14275,-0.000678816,-0.132702,-0.0563965
4648,1,0.0967171,0.145534,-3.95394,1,1,1,5.41591,0.0837758,0.101203,-0.000499039,0.11427,-0.0902344
4649,1,0.097396,0.126188,-3.78023,1,1,1,5.41639,0.10472,0.0798973,-0.000266528,0.159785,-0.0563965
4650,1,0.0979805,0.107768,-3.58442,1,1,1,5.41668,0.0418879,0.0660484,-5.42101e-05,0.134756,-0.0225586
4651,1,0.0984755,0.0903802,-3.36587,1,1,1,5.41697,0.0471239,0.0383507,0.000175908,0.280365,0.0225586
4652,1,0.0988863,0.0741457,-3.12408,1,1,1,5.41706,0.020944,0.0117183,0.000457796,0.439285,0.0902344
4653,1,0.099219,0.0591804,-2.85846,1,1,1,5.41725,0.0523599,0.0245018,0.0007748,0.189779,0.372217
4654,1,0.0994804,0.0456019,-2.56839,1,1,1,5.41744,0.00349066,-0.00319589,0.000989363,0.390015,0.349658
4655,1,0.0996776,0.0335384,-2.25337,1,1,1,5.41735,0.0401426,-0.00426119,0.00123117,0.324202,0.383496
4656,1,0.0998185,0.0231121,-1.91273,1,1,1,5.41735,-0.020944,-0.00532648,0.00141192,0.272549,0.281982
4657,1,0.0999116,0.0144539,-1.54593,1,1,1,5.41735,0,8.47998e-19,0.0015909,0.17589,0.383496
4658,1,0.0999662,0.00769697,-1.15244,1,1,1,5.41725,-0.0174533,-0.00319589,0.00166141,0.183379,0.259424
4659,1,0.099992,0.00297517,-0.73161,1,1,1,5.41725,0,-0.00745708,0.0016889,0.224756,0.214307
4660,1,0.0999996,0.000427166,-0.282946,1,1,1,5.41725,0,0.00532648,0.00173345,0.111939,0.270703
4661,1,0.1,0,0,1,1,1,5.41716,0,-0.00213059,0.00179788,0.232305,0.394775
4662,1,0.1,0,0,1,1,1,5.41716,-0.0366519,-0.010653,0.00182265,0.331742,0.270703
4663,1,0.1,0,0,1,1,1,5.41716,0,-0.00639178,0.0017859,0.28161,0.135352
4664,1,0.1,0,0,1,1,1,5.41716,0,0.00745708,0.00176267,0.12792,0.146631
4665,1,0.1,0,0,1,1,1,5.41716,0,-0.00213059,0.00179949,0.241215,0.259424
4666,1,0.1,0,0,1,1,1,5.41716,0,-0.00639178,0.00178231,0.287709,0.169189
4667,1,0.1,0,0,1,1,1,5.41716,0,-1.63077e-18,0.00178156,0.219612,0.293262
4668,1,0.1,0,0,1,1,1,5.41716,0,7.82767e-19,0.00174429,0.216071,0.259424
4669,1,0.1,0,0,1,1,1,5.41716,0,0.00639178,0.00176952,0.151701,0.203027
4670,1,0.1,0,0,1,1,1,5.41716,0,0.00426119,0.00173895,0.172651,0.124072
4671,1,0.1,0,0,1,1,1,5.41716,0,0.01811,0.00169007,0.0150084,0.112793
4672,1,0.1,0,0,1,1,1,5.41716,0,0.00745708,0.00169906,0.135456,0.0451172
4673,1,0.1,0,0,1,1,1,5.41716,-0.0174533,0.0159795,0.0016638,0.0384801,0.0789551
4674,1,0.1,0,0,1,1,1,5.41716,0.0139626,0.00639178,0.00169011,0.149571,0.101514
4675,1,0.1,0,0,1,1,1,5.41716,0,0.0117183,0.0016549,0.0878385,0.135352
4676,1,0.1,0,0,1,1,1,5.41716,0,-0.01811,0.00164686,0.416285,0.112793
4677,1,0.1,0,0,1,1,1,5.41716,0.00349066,0.00532648,0.00162728,0.15803,0.135352
4678,1,0.1,0,0,1,1,1,5.41716,0,0.00426119,0.00159179,0.166266,0.31582
4679,1,0.1,0,0,1,1,1,5.41716,0,0.0117183,0.00158727,0.0854263,0.124072
4680,1,0.1,0,0,1,1,1,5.41716,0,-0.01811,0.00158529,0.414475,0.0902344
4681,1,0.1,0,0,1,1,1,5.41716,0,0.00532648,0.00157324,0.157039,0.101514
4682,1,0.1,0,0,1,1,1,5.41716,0.0244346,0.0159795,0.00155819,0.0395398,0.135352
4683,1,0.1,0,0,1,1,1,5.41716,0,0.00532648,0.00152586,0.153433,0.146631
4684,1,0.1,0,0,1,1,1,5.41716,0,-0.00852238,0.00156538,0.313424,0.135352
4685,1,0.1,0,0,1,1,1,5.41716,0,0.010653,0.00153284,0.099669,0.101514
4686,1,0.1,0,0,1,1,1,5.41716,0.00872665,0.00852238,0.00152356,0.123715,0.191748
4687,1,0.1,0,0,1,1,1,5.41716,0,0.0010653,0.00153051,0.208431,0.203027
4688,1,0.1,0,0,1,1,1,5.41716,0,-1.10892e-18,0.00152273,0.220738,0.191748
4689,1,0.1,0,0,1,1,1,5.41716,0,-0.00319589,0.0015437,0.260829,0.236865
4690,1,0.1,0,0,1,1,1,5.41716,0.00872665,-0.00958767,0.00151721,0.328869,0.135352
4691,1,0.1,0,0,1,1,1,5.41716,0,0.0234365,0.00145546,-0.0413931,0.135352
4692,1,0.1,0,0,1,1,1,5.41706,0,0.00852238,0.00141593,0.118558,0.0902344
4693,1,0.1,0,0,1,1,1,5.41716,0,-0.0170448,0.00143965,0.404737,0.214307
4694,1,0.1,0,0,1,1,1,5.41716,0,-0.00639178,0.00144726,0.290569,0.191748
4695,1,0.1,0,0,1,1,1,5.41716,0,-0.01811,0.00146548,0.423591,0.135352
4696,1,0.1,0,0,1,1,1,5.41716,0.00872665,-1.95692e-19,0.00145624,0.22506,0.304541
4697,1,0.1,0,0,1,1,1,5.41716,0,0.00532648,0.0014387,0.165552,0.124072
4698,1,0.1,0,0,1,1,1,5.41716,0,0.0127836,0.00143264,0.0842777,0.0902344
4699,1,0.1,0,0,1,1,1,5.41716,0,-0.00319589,0.0014385,0.262378,0.191748
4700,1,0.1,0,0,1,1,1,5.41716,0,0.0255671,0.00144412,-0.0511703,0.146631
4701,1,0.1,0,0,1,1,1,5.41706,-0.0226893,0.00426119,0.00141021,0.179609,0.15791
4702,1,0.1,0,0,1,1,1,5.41716,0,-0.0010653,0.00140077,0.238336,0.0789551
4703,1,0.1,0,0,1,1,1,5.41716,0,0.00426119,0.00138716,0.179604,0.270703
4704,1,0.1,0,0,1,1,1,5.41716,0,0.0159795,0.00141575,0.0567798,0.225586
4705,1,0.1,0,0,1,1,1,5.41716,0,0.00426119,0.00141733,0.187517,0.180469
4706,1,0.1,0,0,1,1,1,5.41716,0,0.00745708,0.00139961,0.151683,0.225586
4707,1,0.1,0,0,1,1,1,5.41716,0,0.00532648,0.0013738,0.172559,0.112793
4708,1,0.1,0,0,1,1,1,5.41716,0,0.0245018,0.0013653,-0.0375475,0.146631
4709,1,0.1,0,0,1,1,1,5.41716,0,-0.00958767,0.00137792,0.340612,0.180469
4710,1,0.1,0,0,1,1,1,5.41716,0,0.0159795,0.00140677,0.0659337,0.372217
4711,1,0.1,0,0,1,1,1,5.41716,0,0.00958767,0.00136589,0.131361,0.169189
4712,1,0.1,0,0,1,1,1,5.41716,0,-0.00745708,0.0013474,0.317375,0.146631
4713,1,0.1,0,0,1,1,1,5.41716,0,-0.00426119,0.00133241,0.281902,0.203027
4714,1,0.1,0,0,1,1,1,5.41716,0,-0.0010653,0.00132447,0.247051,0.146631
4715,1,0.1,0,0,1,1,1,5.41716,0,-0.01811,0.00132101,0.435377,0.191748
4716,1,0.1,0,0,1,1,1,5.41716,0,0.00213059,0.00130281,0.211846,0.225586
4717,1,0.1,0,0,1,1,1,5.41716,0,0.00745708,0.00131865,0.157241,0.225586
4718,1,0.1,0,0,1,1,1,5.41716,0,0.00745708,0.00128144,0.153104,0.259424
4719,1,0.1,0,0,1,1,1,5.41716,0,0.0010653,0.00130117,0.227529,0.124072
4720,1,0.1,0,0,1,1,1,5.41716,0.0122173,0.00852238,0.00133002,0.151271,0.146631
4721,1,0.1,0,0,1,1,1,5.41716,0,0.0127836,0.00132199,0.104609,0.270703
4722,1,0.1,0,0,1,1,1,5.41716,0,0.00426119,0.00128949,0.194988,0.248145
4723,1,0.1,0,0,1,1,1,5.41716,0,0.00852238,0.00128228,0.148675,0.281982
4724,1,0.1,0,0,1,1,1,5.41716,0,-0.01811,0.00125795,0.43913,0.214307
4725,1,0.1,0,0,1,1,1,5.41716,0.0122173,-0.00319589,0.00125079,0.275777,0.15791
4726,1,0.1,0,0,1,1,1,5.41716,0,0.00319589,0.00127812,0.211048,0.214307
4727,1,0.1,0,0,1,1,1,5.41716,0,-0.00745708,0.00122788,0.322158,0.259424
4728,1,0.1,0,0,1,1,1,5.41716,0,0.01811,0.00121037,0.0400246,0.259424
4729,1,0.1,0,0,1,1,1,5.41716,0,0.0127836,0.00118061,0.0953999,0.191748
4730,1,0.1,0,0,1,1,1,5.41716,0,0.00213059,0.00119579,0.216238,0.180469
4731,1,0.1,0,0,1,1,1,5.41716,0,-0.00639178,0.0011992,0.311757,0.360938
4732,1,0.1,0,0,1,1,1,5.41716,0,0.0149142,0.00118895,0.0773164,0.293262
4733,1,0.1,0,0,1,1,1,5.41716,-0.015708,0.00426119,0.00116149,0.191356,0.0676758
4734,1,0.1,0,0,1,1,1,5.41716,0.00872665,0.0127836,0.00115672,0.0984761,0.225586
4735,1,0.1,0,0,1,1,1,5.41716,0,-0.0117183,0.00116744,0.370597,0.304541
4736,1,0.1,0,0,1,1,1,5.41716,0,-0.0213059,0.00118643,0.480398,0.304541
4737,1,0.1,0,0,1,1,1,5.41716,0.00523599,-0.0159795,0.00118184,0.422442,0.15791
4738,1,0.1,0,0,1,1,1,5.41716,0,0.00319589,0.00113662,0.20609,0.281982
4739,1,0.1,0,0,1,1,1,5.41716,0.00872665,0.00319589,0.00115456,0.209969,0.349658
4740,1,0.1,0,0,1,1,1,5.41716,-0.0139626,0.0010653,0.00117709,0.238222,0.214307
4741,1,0.1,0,0,1,1,1,5.41716,0,0.00319589,0.00115846,0.213332,0.372217
4742,1,0.1,0,0,1,1,1,5.41716,0,-0.00426119,0.00114306,0.294115,0.281982
4743,1,0.1,0,0,1,1,1,5.41716,0,0.00213059,0.00109871,0.218691,0.236865
4744,1,0.1,0,0,1,1,1,5.41716,0,0.00639178,0.00108474,0.170721,0.259424
4745,1,0.1,0,0,1,1,1,5.41716,0,-0.0159795,0.0010541,0.413082,0.203027
4746,1,0.1,0,0,1,1,1,5.41716,0,-0.00745708,0.00104689,0.319578,0.236865
4747,1,0.1,0,0,1,1,1,5.41716,0,0.0159795,0.00104331,0.0619424,0.214307
4748,1,0.1,0,0,1,1,1,5.41716,0,0.0202406,0.00103738,0.0142877,0.248145
4749,1,0.1,0,0,1,1,1,5.41716,0,0.0149142,0.000983726,0.0655897,0.31582
4750,1,0.1,0,0,1,1,1,5.41716,0,0.0127836,0.000982398,0.0890574,0.293262
4751,1,0.1,0,0,1,1,1,5.41716,-0.00872665,0.00958767,0.000985973,0.124684,0.225586
4752,1,0.1,0,0,1,1,1,5.41716,0,0.00532648,0.000984079,0.171307,0.203027
4753,1,0.1,0,0,1,1,1,5.41716,0,-0.0010653,0.000984811,0.241713,0.225586
4754,1,0.1,0,0,1,1,1,5.41716,0,0.00639178,0.000943153,0.154187,0.15791
4755,1,0.1,0,0,1,1,1,5.41716,0,0.0010653,0.000875928,0.203272,0.124072
4756,1,0.1,0,0,1,1,1,5.41716,0,-0.00532648,0.000900093,0.277404,0.191748
4757,1,0.1,0,0,1,1,1,5.41716,0,-0.00319589,0.000891936,0.25289,0.191748
4758,1,0.1,0,0,1,1,1,5.41716,0,-0.010653,0.000901878,0.336231,0.236865
4759,1,0.1,0,0,1,1,1,5.41716,0,-0.0138489,0.000914847,0.373097,0.304541
4760,1,0.1,0,0,1,1,1,5.41716,0,-0.00426119,0.000895262,0.265048,0.248145
4761,1,0.1,0,0,1,1,1,5.41716,0,0.00213059,0.00087529,0.192102,0.259424
4762,1,0.1,0,0,1,1,1,5.41716,0,-0.0010653,0.000877839,0.227593,0.360938
4763,1,0.1,0,0,1,1,1,5.41716,0,-0.0149142,0.00087484,0.379535,0.214307
4764,1,0.1,0,0,1,1,1,5.41716,0,2.60922e-19,0.00087631,0.215671,0.406055
4765,1,0.1,0,0,1,1,1,5.41716,0,1.63077e-18,0.000848761,0.212036,0.180469
4766,1,0.1,0,0,1,1,1,5.41716,0,0.00639178,0.000804023,0.135821,0.203027
4767,1,0.1,0,0,1,1,1,5.41716,0,0.00319589,0.000786601,0.168677,0.146631
4768,1,0.1,0,0,1,1,1,5.41716,0,-0.0255671,0.000831058,0.490938,0.225586
4769,1,0.1,0,0,1,1,1,5.41716,0,-0.0255671,0.00084023,0.492149,0.191748
4770,1,0.1,0,0,1,1,1,5.41716,0,-0.00319589,0.000789503,0.239086,0.15791
4771,1,0.1,0,0,1,1,1,5.41716,0.0139626,-0.00532648,0.000797924,0.263917,0.304541
4772,1,0.1,0,0,1,1,1,5.41716,0,0.00319589,0.000810644,0.171833,0.225586
4773,1,0.1,0,0,1,1,1,5.41716,0,0.0117183,0.000797922,0.0764248,0.248145
4774,1,0.1,0,0,1,1,1,5.41716,0,0.0159795,0.000795536,0.0292367,0.31582
4775,1,0.1,0,0,1,1,1,5.41716,-0.00872665,0.0127836,0.000762208,0.0599923,0.101514
4776,1,0.1,0,0,1,1,1,5.41716,0,-0.00426119,0.000747622,0.245492,0.281982
4777,1,0.1,0,0,1,1,1,5.41716,0,0.00426119,0.000736766,0.150197,0.191748
4778,1,0.1,0,0,1,1,1,5.41716,0,-0.0127836,0.000738704,0.337825,0.180469
4779,1,0.1,0,0,1,1,1,5.41716,0,0.00319589,0.000717415,0.159334,0.248145
4780,1,0.1,0,0,1,1,1,5.41706,-0.00872665,-0.0010653,0.000705316,0.20444,0.169189
4781,1,0.1,0,0,1,1,1,5.41716,0,0.00426119,0.000708591,0.146661,0.191748
4782,1,0.1,0,0,1,1,1,5.41716,0,0.0117183,0.00066453,0.0586177,0.236865
4783,1,0.1,0,0,1,1,1,5.41716,0,-0.00426119,0.000664082,0.234532,0.135352
4784,1,0.1,0,0,1,1,1,5.41716,0,0.0213059,0.000642356,-0.0495743,0.259424
4785,1,0.1,0,0,1,1,1,5.41716,0,-0.00639178,0.00060316,0.249501,0.146631
4786,1,0.1,0,0,1,1,1,5.41716,0,-0.00213059,0.000575138,0.198995,0.259424
4787,1,0.1,0,0,1,1,1,5.41706,0,-0.00213059,0.000572698,0.199033,0.135352
4788,1,0.1,0,0,1,1,1,5.41706,0,0.0308936,0.000535361,-0.169568,0.214307
4789,1,0.1,0,0,1,1,1,5.41706,0,0.00213059,0.000555112,0.14978,0.135352
4790,1,0.1,0,0,1,1,1,5.41706,0,-0.0170448,0.000546508,0.359353,0.0902344
4791,1,0.1,0,0,1,1,1,5.41706,0,-0.0138489,0.000565349,0.32696,0.0902344
4792,1,0.1,0,0,1,1,1,5.41706,0,0.00213059,0.000570198,0.15183,0.180469
4793,1,0.1,0,0,1,1,1,5.41706,0,0.00958767,0.000556277,0.0679642,0.112793
4794,1,0.1,0,0,1,1,1,5.41706,0,-0.00319589,0.000562583,0.209416,0.0789551
4795,1,0.1,0,0,1,1,1,5.41706,0,0.0010653,0.000539282,0.159467,0.0676758
4796,1,0.1,0,0,1,1,1,5.41706,0,-0.0010653,0.000544494,0.183591,0.169189
4797,1,0.1,0,0,1,1,1,5.41706,0,0,0.000522399,0.168869,0.112793
4798,1,0.1,0,0,1,1,1,5.41706,0,-0.00745708,0.000489183,0.246247,0.101514
4799,1,0.1,0,0,1,1,1,5.41706,0,-0.010653,0.000509374,0.28442,0.146631
4800,1,0.1,0,0,1,1,1,5.41706,0,-0.00852238,0.00052966,0.263661,0.124072
4801,1,0.1,0,0,1,1,1,5.41706,0,0.00852238,0.000501976,0.0723472,0.112793
4802,1,0.1,0,0,1,1,1,5.41706,0,-0.00426119,0.000485435,0.210718,0.0902344
4803,1,0.1,0,0,1,1,1,5.41706,0,-0.00319589,0.000497608,0.200808,0.124072
4804,1,0.1,0,0,1,1,1,5.41706,0,-0.00426119,0.000530606,0.216913,0.180469
4805,1,0.1,0,0,1,1,1,5.41706,0,0.0010653,0.000523812,0.157425,0.146631
4806,1,0.1,0,0,1,1,1,5.41706,0,-0.0117183,0.00052402,0.298072,0.191748
4807,1,0.1,0,0,1,1,1,5.41706,0,0.0127836,0.000521636,0.0280444,0.191748
4808,1,0.1,0,0,1,1,1,5.41706,0,0.00213059,0.000534576,0.147128,0.135352
4809,1,0.1,0,0,1,1,1,5.41706,0,0.00319589,0.000531269,0.134973,0.112793
4810,1,0.1,0,0,1,1,1,5.41706,0,0.00213059,0.00050158,0.142336,0.135352
4811,1,0.1,0,0,1,1,1,5.41706,0,-0.00852238,0.000464894,0.254669,0.180469
4812,1,0.1,0,0,1,1,1,5.41706,-0.0139626,-0.01811,0.000452834,0.358876,0.0676758
4813,1,0.1,0,0,1,1,1,5.41706,0.00872665,0.00745708,0.000422294,0.073233,0.135352
4814,1,0.1,0,0,1,1,1,5.41706,0,0.0127836,0.000429765,0.0159321,0.0451172
4815,1,0.1,0,0,1,1,1,5.41706,0,-0.01811,0.000417223,0.353731,0.0902344
4816,1,0.1,0,0,1,1,1,5.41706,0,0.0010653,0.000394424,0.139937,0.15791
4817,1,0.1,0,0,1,1,1,5.41706,0,0.00852238,0.000369248,0.0548725,0.236865
4818,1,0.1,0,0,1,1,1,5.41706,0,-0.00532648,0.000382726,0.209111,0.0902344
4819,1,0.1,0,0,1,1,1,5.41706,0,0.00745708,0.000338548,0.0620066,0.124072
4820,1,0.1,0,0,1,1,1,5.41706,0,0.0340895,0.000315059,-0.233768,0.124072
4821,1,0.1,0,0,1,1,1,5.41706,0,0.00958767,0.000303751,0.0339727,0.0676758
4822,1,0.1,0,0,1,1,1,5.41706,0,-0.0010653,0.000258324,0.144635,0.0902344
4823,1,0.1,0,0,1,1,1,5.41706,0,-0.00319589,0.000274079,0.170704,0.0902344
4824,1,0.1,0,0,1,1,1,5.41706,0,0.0117183,0.000281564,0.0082655,0.214307
4825,1,0.1,0,0,1,1,1,5.41706,0,-0.00319589,0.000277471,0.171336,0.112793
4826,1,0.1,0,0,1,1,1,5.41706,0,0.00319589,0.000223919,0.0934673,0
4827,1,0.1,0,0,1,1,1,5.41706,0,0.00852238,0.000233254,0.0368372,0.101514
4828,1,0.1,0,0,1,1,1,5.41706,0,0.010653,0.000230352,0.0130148,0.0789551
4829,1,0.1,0,0,1,1,1,5.41706,0,-0.00319589,0.000203781,0.161203,0.0676758
4830,1,0.1,0,0,1,1,1,5.41706,0,-0.00319589,0.000215184,0.163334,0.0338379
4831,1,0.1,0,0,1,1,1,5.41706,0,-0.0223712,0.000212855,0.373509,0.0676758
4832,1,0.1,0,0,1,1,1,5.41706,0,1.43507e-18,0.000217556,0.128717,0.0563965
4833,1,0.1,0,0,1,1,1,5.41706,0,0.0159795,0.000187118,-0.0514978,0.0451172
4834,1,0.1,0,0,1,1,1,5.41706,0,0.00745708,0.000155901,0.037595,0.0563965
4835,1,0.1,0,0,1,1,1,5.41706,0,0.00319589,0.000134452,0.0815212,0.0676758
4836,1,0.1,0,0,1,1,1,5.41706,-0.00698132,0.01811,0.000107477,-0.0860742,0.124072
4837,1,0.1,0,0,1,1,1,5.41706,0,-0.00426119,0.000105057,0.159299,0.0451172
4838,1,0.1,0,0,1,1,1,5.41706,0,-0.00852238,8.4992e-05,0.203204,0.0676758
4839,1,0.1,0,0,1,1,1,5.41706,0,-0.00852238,0.000111538,0.207442,0.0789551
4840,1,0.1,0,0,1,1,1,5.41706,0,-0.0010653,8.64342e-05,0.121892,0.0338379
4841,1,0.1,0,0,1,1,1,5.41706,0,-0.0245018,6.43673e-05,0.376166,0.101514
4842,1,0.1,0,0,1,1,1,5.41706,0,-0.0223712,8.34781e-05,0.355867,0.0676758
4843,1,0.1,0,0,1,1,1,5.41706,0,0.00745708,7.89394e-05,0.0273496,0.0676758
4844,1,0.1,0,0,1,1,1,5.41706,0,-0.00319589,5.15301e-05,0.140373,0.112793
4845,1,0.1,0,0,1,1,1,5.41706,0,0.01811,7.59244e-05,-0.0899997,0.112793
4846,1,0.1,0,0,1,1,1,5.41706,0,-0.00745708,6.90758e-05,0.189642,0.0338379
4847,1,0.1,0,0,1,1,1,5.41706,0,0.00639178,6.19202e-05,0.0365756,0.0902344
4848,1,0.1,0,0,1,1,1,5.41706,0,-0.00852238,4.4399e-05,0.197736,0.0451172
4849,1,0.1,0,0,1,1,1,5.41706,0,-0.0138489,4.71336e-05,0.256932,0.146631
4850,1,0.1,0,0,1,1,1,5.41706,0,0.0202406,4.88053e-05,-0.117256,0.135352
4851,1,0.1,0,0,1,1,1,5.41706,0,0.00426119,-8.53882e-06,0.0496098,0.0338379
4852,1,0.1,0,0,1,1,1,5.41706,0,-0.00319589,-6.52607e-06,0.131543,0.0225586
4853,1,0.1,0,0,1,1,1,5.41706,0,0.0223712,-4.39517e-05,-0.154695,0.0789551
4854,1,0.1,0,0,1,1,1,5.41706,0,0.010653,-6.86813e-05,-0.0298946,0.0676758
4855,1,0.1,0,0,1,1,1,5.41706,0,0.0159795,-4.40841e-05,-0.0847951,0.0902344
4856,1,0.1,0,0,1,1,1,5.41706,0,-0.00319589,-2.91374e-05,0.1282,0.0789551
4857,1,0.1,0,0,1,1,1,5.41706,0,0.00426119,-7.67717e-05,0.0391107,0.112793
4858,1,0.1,0,0,1,1,1,5.41706,-0.010472,0.0255671,-0.000124649,-0.202463,0.0338379
4859,1,0.1,0,0,1,1,1,5.41706,0,-2.47876e-18,-9.88376e-05,0.0819223,0.101514
4860,1,0.1,0,0,1,1,1,5.41706,0,-0.0138489,-6.43209e-05,0.239113,0.0676758
4861,1,0.0999999,-0.000190311,-0.189625,1,1,1,5.41706,0,-0.0138489,-9.94081e-05,0.209818,0.0112793
4862,1,0.0999946,-0.00228599,-0.643956,1,1,1,5.41706,0,-3.91384e-19,-9.61003e-05,-0.0196913,0.101514
4863,1,0.0999733,-0.00658267,-1.07026,1,1,1,5.41706,0,0.0010653,-0.000110054,-0.135953,-0.0112793
4864,1,0.0999254,-0.0129422,-1.46918,1,1,1,5.41706,0,-0.0149142,-0.00018704,-0.0971876,0.0563965
4865,1,0.0998407,-0.02123,-1.84129,1,1,1,5.41706,0,0.00319589,-0.000300166,-0.459879,-0.0563965
4866,1,0.0997101,-0.0313114,-2.18711,1,1,1,5.41697,-0.00872665,-0.00958767,-0.000431547,-0.505477,-0.0563965
4867,1,0.0995248,-0.0430574,-2.50723,1,1,1,5.41687,-0.0331613,-0.00426119,-0.000658201,-0.782937,-0.417334
4868,1,0.0992769,-0.0563425,-2.80228,1,1,1,5.41668,-0.0471239,-0.0159795,-0.000838913,-0.883226,-0.552686
4869,1,0.098959,-0.0710414,-3.07278,1,1,1,5.41649,-0.0890118,-0.0149142,-0.00104433,-1.14263,-0.868506
4870,1,0.0985643,-0.0870321,-3.31931,1,1,1,5.41629,-0.0122173,-0.0490037,-0.00124575,-1.02903,-0.97002
4871,1,0.0980868,-0.104194,-3.54243,1,1,1,5.41582,-0.0855211,-0.0511343,-0.00146887,-1.2816,-1.06025
4872,1,0.0975207,-0.122416,-3.74274,1,1,1,5.41543,-0.0942478,-0.0830932,-0.00165741,-1.21247,-1.07153
4873,1,0.0968611,-0.141583,-3.92083,1,1,1,5.41476,-0.141372,-0.111856,-0.0018251,-1.18512,-1.28584
4874,1,0.0961034,-0.161589,-4.07728,1,1,1,5.41428,-0.106465,-0.154468,-0.001969,-1.0097,-1.15049
4875,1,0.0952439,-0.182322,-4.21264,1,1,1,5.41332,-0.143117,-0.149142,-0.00208346,-1.36351,-1.22944
4876,1,0.0942792,-0.203681,-4.32748,1,1,1,5.41265,-0.200713,-0.199211,-0.00220323,-1.11554,-1.252
4877,1,0.0932062,-0.225564,-4.4224,1,1,1,5.4115,-0.169297,-0.208798,-0.00232211,-1.31627,-1.33096
4878,1,0.0920228,-0.247873,-4.49797,1,1,1,5.41045,-0.253073,-0.216255,-0.00242505,-1.5414,-1.29712
4879,1,0.090727,-0.270511,-4.55475,1,1,1,5.40901,-0.251327,-0.256737,-0.00249067,-1.40038,-1.3084
4880,1,0.0893173,-0.293391,-4.59334,1,1,1,5.40805,-0.280998,-0.292957,-0.00255233,-1.30648,-1.27456
4881,1,0.0877928,-0.316417,-4.6143,1,1,1,5.40604,-0.300197,-0.32172,-0.00262605,-1.29628,-1.62422
4882,1,0.0861529,-0.339507,-4.61821,1,1,1,5.4046,-0.366519,-0.329177,-0.00268363,-1.51654,-1.46631
4883,1,0.0843977,-0.362572,-4.60565,1,1,1,5.40258,-0.347321,-0.380311,-0.00263729,-1.239,-1.51143
4884,1,0.0825275,-0.385535,-4.57718,1,1,1,5.40134,-0.308923,-0.402682,-0.00262931,-1.28003,-1.34224
4885,1,0.0805427,-0.408318,-4.5334,1,1,1,5.39875,-0.390954,-0.426119,-0.0025838,-1.29957,-1.48887
4886,1,0.0784446,-0.430846,-4.47487,1,1,1,5.39693,-0.47473,-0.458078,-0.00250266,-1.21535,-1.40991
4887,1,0.0762351,-0.45304,-4.40218,1,1,1,5.39434,-0.39968,-0.474057,-0.00242299,-1.3009,-1.38735
4888,1,0.073915,-0.474843,-4.31588,1,1,1,5.39261,-0.450295,-0.491102,-0.00233705,-1.36716,-1.3084
4889,1,0.0714872,-0.49618,-4.21657,1,1,1,5.38955,-0.521853,-0.494298,-0.00226424,-1.58016,-1.43247
4890,1,0.0689541,-0.516988,-4.10482,1,1,1,5.38744,-0.520108,-0.510277,-0.00222087,-1.64919,-1.52271
4891,1,0.066318,-0.53721,-3.98119,1,1,1,5.38446,-0.549779,-0.55502,-0.00216683,-1.39173,-1.31968
4892,1,0.0635833,-0.55678,-3.8463,1,1,1,5.38207,-0.593412,-0.566738,-0.00213785,-1.49106,-1.47759
4893,1,0.0607518,-0.575652,-3.70068,1,1,1,5.37871,-0.542797,-0.589109,-0.00210891,-1.46349,-1.55654
4894,1,0.0578277,-0.593772,-3.54491,1,1,1,5.37641,-0.605629,-0.597632,-0.00204898,-1.57283,-1.68062
4895,1,0.054815,-0.611088,-3.37957,1,1,1,5.37267,-0.621337,-0.608285,-0.0020292,-1.65381,-1.53398
4896,1,0.0517183,-0.627552,-3.20528,1,1,1,5.37018,-0.598648,-0.648766,-0.00191448,-1.38065,-1.43247
4897,1,0.0485412,-0.643125,-3.02256,1,1,1,5.36615,-0.701622,-0.631721,-0.00188915,-1.74072,-1.42119
4898,1,0.0452887,-0.657765,-2.83202,1,1,1,5.36356,-0.628319,-0.673268,-0.00178391,-1.43218,-1.39863
4899,1,0.0419652,-0.671433,-2.63421,1,1,1,5.35944,-0.762709,-0.68179,-0.00166188,-1.47092,-1.22944
4900,1,0.0385756,-0.684097,-2.4297,1,1,1,5.35676,-0.652753,-0.703096,-0.00153189,-1.35444,-1.26328
4901,1,0.0351263,-0.695719,-2.21914,1,1,1,5.35235,-0.823795,-0.696704,-0.00141875,-1.53105,-1.34224
4902,1,0.0316206,-0.706278,-2.003,1,1,1,5.34947,-0.631809,-0.753165,-0.00128949,-1.00062,-1.35352
4903,1,0.0280646,-0.715743,-1.78189,1,1,1,5.34535,-0.753982,-0.757426,-0.00108596,-1.01757,-1.06025
4904,1,0.0244647,-0.72409,-1.55644,1,1,1,5.34218,-0.778417,-0.739316,-0.000942486,-1.27481,-1.07153
4905,1,0.0208261,-0.7313,-1.32721,1,1,1,5.33777,-0.781908,-0.769144,-0.000788093,-0.988424,-1.20688
4906,1,0.0171539,-0.737356,-1.09472,1,1,1,5.3349,-0.708604,-0.776601,-0.000635377,-0.933409,-1.06025
4907,1,0.0134544,-0.742243,-0.859582,1,1,1,5.33049,-0.781908,-0.763818,-0.000465596,-1.08313,-1.10537
4908,1,0.0097333,-0.745949,-0.622367,1,1,1,5.32713,-0.785398,-0.746773,-0.000404262,-1.28065,-1.10537
4909,1,0.00599699,-0.748464,-0.383676,1,1,1,5.32263,-0.797615,-0.778732,-0.000327114,-0.922469,-1.15049
4910,1,0.00225048,-0.749784,-0.144024,1,1,1,5.31965,-0.729548,-0.77021,-0.000224721,-0.989789,-1.01514
4911,1,-0.00149867,-0.749904,0.0959127,1,1,1,5.31496,-0.827286,-0.785124,-8.29938e-05,-0.778248,-0.868506
4912,1,-0.00524657,-0.748825,0.335693,1,1,1,5.31198,-0.701622,-0.77234,4.78084e-05,-0.857549,-0.755713
4913,1,-0.00898558,-0.746548,0.574634,1,1,1,5.30729,-0.801106,-0.798973,0.00027018,-0.474621,-0.609082
4914,1,-0.01271,-0.743081,0.812178,1,1,1,5.30451,-0.705113,-0.778732,0.000450047,-0.598022,-0.518848
4915,1,-0.0164142,-0.73843,1.04777,1,1,1,5.29952,-0.799361,-0.762753,0.000565392,-0.66957,-0.620361
4916,1,-0.0200925,-0.732607,1.28085,1,1,1,5.29655,-0.715585,-0.7521,0.000654561,-0.671996,-0.563965
4917,1,-0.0237384,-0.725627,1.51079,1,1,1,5.29214,-0.820305,-0.742512,0.00117696,-0.590127,-0.755713
4918,1,-0.0273465,-0.717506,1.73704,1,1,1,5.28926,-0.642281,-0.745708,0.00124898,-0.414405,-0.575244
4919,1,-0.0309115,-0.708264,1.95905,1,1,1,5.28504,-0.745256,-0.716945,0.00136134,-0.57001,-0.563965
4920,1,-0.0344276,-0.697923,2.17623,1,1,1,5.28226,-0.673697,-0.713749,0.00141069,-0.44122,-0.48501
4921,1,-0.0378892,-0.68651,2.38798,1,1,1,5.27804,-0.719076,-0.700965,0.0014482,-0.406515,-0.518848
4922,1,-0.0412906,-0.674054,2.59372,1,1,1,5.27526,-0.689405,-0.669006,0.00144805,-0.575409,-0.462451
4923,1,-0.0446277,-0.660585,2.79291,1,1,1,5.27124,-0.682424,-0.658354,0.00143256,-0.500851,-0.496289
4924,1,-0.0478953,-0.646135,2.98499,1,1,1,5.26846,-0.673697,-0.661549,0.00143382,-0.260135,-0.620361
4925,1,-0.0510878,-0.630747,3.16931,1,1,1,5.26481,-0.610865,-0.635982,0.00150259,-0.314307,-0.248145
4926,1,-0.0542011,-0.614456,3.34535,1,1,1,5.26213,-0.66148,-0.625329,0.00153967,-0.198835,-0.225586
4927,1,-0.0572305,-0.59731,3.5125,1,1,1,5.25858,-0.544543,-0.60935,0.00160127,-0.128703,-0.214307
4928,1,-0.0601963,-0.579198,3.67148,1,1,1,5.25628,-0.616101,-0.590175,0.00160485,-0.0904342,-0.236865
4929,1,-0.063023,-0.560623,3.81794,1,1,1,5.25293,-0.549779,-0.562477,0.00160371,-0.143114,-0.360938
4930,1,-0.0657778,-0.541186,3.95504,1,1,1,5.25072,-0.492183,-0.53691,0.00158174,-0.165202,-0.146631
4931,1,-0.0684338,-0.521091,4.08097,1,1,1,5.24727,-0.555015,-0.510277,0.0015006,-0.201183,-0.372217
4932,1,-0.0709878,-0.500395,4.19515,1,1,1,5.24535,-0.460767,-0.480449,0.00140805,-0.268049,-0.281982
4933,1,-0.0734368,-0.47916,4.297,1,1,1,5.24257,-0.445059,-0.461274,0.00137875,-0.202892,-0.203027
4934,1,-0.0757784,-0.457448,4.38594,1,1,1,5.24075,-0.485202,-0.449555,0.00129441,-0.0599302,-0.225586
4935,1,-0.0780105,-0.435324,4.46141,1,1,1,5.23807,-0.420624,-0.425053,0.00122261,-0.0516415,-0.101514
4936,1,-0.0801313,-0.412855,4.52283,1,1,1,5.23653,-0.366519,-0.404813,0.00115714,0.00715263,-0.112793
4937,1,-0.0821388,-0.390118,4.56962,1,1,1,5.23413,-0.39619,-0.362201,0.00105179,-0.184507,-0.101514
4938,1,-0.084032,-0.367186,4.6012,1,1,1,5.23279,-0.321141,-0.349417,0.000984907,-0.0419287,-0.0902344
4939,1,-0.0858103,-0.344134,4.61699,1,1,1,5.23068,-0.354302,-0.345156,0.0008796,0.187949,-0.0902344
4940,1,-0.0874732,-0.321044,4.61643,1,1,1,5.22953,-0.258309,-0.290826,0.000782122,-0.132361,-0.101514
4941,1,-0.0890209,-0.297997,4.59894,1,1,1,5.2279,-0.287979,-0.262063,0.000654235,-0.179013,-0.101514
4942,1,-0.0904535,-0.275083,4.56393,1,1,1,5.22685,-0.237365,-0.262063,0.000514044,0.0845452,-0.101514
4943,1,-0.0917721,-0.252388,4.51084,1,1,1,5.22551,-0.211185,-0.220516,0.000323825,-0.120671,-0.0225586
4944,1,-0.0929779,-0.230006,4.43909,1,1,1,5.22464,-0.21293,-0.16299,0.000117599,-0.510297,0.0112793
4945,1,-0.0940727,-0.208032,4.3481,1,1,1,5.22349,-0.216421,-0.14275,-0.000105245,-0.500791,-0.304541
4946,1,-0.0950591,-0.186557,4.23728,1,1,1,5.22292,-0.10821,-0.127836,-0.000362974,-0.446793,-0.406055
4947,1,-0.0959394,-0.165691,4.10609,1,1,1,5.22205,-0.136136,-0.132097,-0.000548572,-0.181705,-0.439893
4948,1,-0.0967172,-0.145531,3.95392,1,1,1,5.22167,-0.0750492,-0.113987,-0.000745291,-0.17527,-0.417334
4949,1,-0.097396,-0.126189,3.78024,1,1,1,5.221,-0.0575959,-0.0830932,-0.000935027,-0.320985,-0.349658
4950,1,-0.0979806,-0.107766,3.58439,1,1,1,5.22071,-0.0942478,-0.0958767,-0.00109323,0.00335517,-0.169189
4951,1,-0.0984755,-0.0903807,3.36587,1,1,1,5.22033,-0.0174533,-0.057526,-0.00128375,-0.254437,-0.259424
4952,1,-0.0988863,-0.0741457,3.12408,1,1,1,5.22004,-0.0715585,-0.0511343,-0.00146066,-0.176603,-0.203027
4953,1,-0.099219,-0.0591793,2.85844,1,1,1,5.21994,0,-0.0159795,-0.00164959,-0.43536,-0.293262
4954,1,-0.0994804,-0.0456032,2.56842,1,1,1,5.21985,-0.020944,-0.0010653,-0.00183015,-0.491023,-0.462451
4955,1,-0.0996776,-0.0335378,2.25335,1,1,1,5.21975,0,0.0308936,-0.00209294,-0.768293,-0.372217
4956,1,-0.0998185,-0.0231115,1.91271,1,1,1,5.21975,-0.0191986,0.0234365,-0.00230906,-0.629493,-0.496289
4957,1,-0.0999116,-0.0144544,1.54595,1,1,1,5.21975,0,0.0276977,-0.00246634,-0.635769,-0.417334
4958,1,-0.0999662,-0.00769693,1.15243,1,1,1,5.21975,0,0.00958767,-0.00258828,-0.418076,-0.541406
4959,1,-0.099992,-0.00297529,0.731625,1,1,1,5.21985,0,0.0191753,-0.00271469,-0.534248,-0.417334
4960,1,-0.0999996,-0.000427157,0.282943,1,1,1,5.21985,0,-0.0010653,-0.00272047,-0.334779,-0.417334
4961,1,-0.1,-0,-0,1,1,1,5.21985,0,-0.00426119,-0.00275893,-0.335338,-0.451172
4962,1,-0.1,-0,-0,1,1,1,5.21985,0,0.00532648,-0.00281988,-0.452966,-0.406055
4963,1,-0.1,-0,-0,1,1,1,5.21985,0,-1.23938e-18,-0.00281982,-0.397901,-0.541406
4964,1,-0.1,-0,-0,1,1,1,5.21985,0,-0.00532648,-0.00284865,-0.347164,-0.48501
4965,1,-0.1,-0,-0,1,1,1,5.21985,0,0.00319589,-0.00284503,-0.44363,-0.349658
4966,1,-0.1,-0,-0,1,1,1,5.21985,0,-0.00213059,-0.00279996,-0.381891,-0.304541
4967,1,-0.1,-0,-0,1,1,1,5.21985,0,0.00532648,-0.00284481,-0.474063,-0.383496
4968,1,-0.1,-0,-0,1,1,1,5.21985,0,-0.00213059,-0.00284529,-0.395495,-0.417334
4969,1,-0.1,-0,-0,1,1,1,5.21985,0,-0.00213059,-0.00287026,-0.402989,-0.507568
4970,1,-0.1,-0,-0,1,1,1,5.21985,0,0.00426119,-0.00289343,-0.480191,-0.417334
4971,1,-0.1,-0,-0,1,1,1,5.21985,0.00349066,0.00745708,-0.00287419,-0.515678,-0.248145
4972,1,-0.1,-0,-0,1,1,1,5.21985,0,0.00852238,-0.00285115,-0.527263,-0.518848
4973,1,-0.1,-0,-0,1,1,1,5.21985,0,0.0010653,-0.00287627,-0.452644,-0.462451
4974,1,-0.1,-0,-0,1,1,1,5.21985,-0.0174533,-0.00213059,-0.0028536,-0.417503,-0.270703
4975,1,-0.1,-0,-0,1,1,1,5.21985,0,0.0138489,-0.00283933,-0.594291,-0.48501
4976,1,-0.1,-0,-0,1,1,1,5.21985,0,-0.00213059,-0.0028363,-0.421513,-0.518848
4977,1,-0.1,-0,-0,1,1,1,5.21985,0,-0.01811,-0.00283172,-0.248192,-0.360938
4978,1,-0.1,-0,-0,1,1,1,5.21985,0,-0.0170448,-0.00280495,-0.259405,-0.372217
4979,1,-0.1,-0,-0,1,1,1,5.21985,0.00872665,-6.52306e-19,-0.00279839,-0.448987,-0.597803
4980,1,-0.1,-0,-0,1,1,1,5.21985,0,0.010653,-0.00282551,-0.573223,-0.462451
4981,1,-0.1,-0,-0,1,1,1,5.21985,0,-0.00426119,-0.00282764,-0.413159,-0.541406
4982,1,-0.1,-0,-0,1,1,1,5.21985,0,-0.0170448,-0.00283559,-0.277244,-0.597803
4983,1,-0.1,-0,-0,1,1,1,5.21985,0,-0.0138489,-0.00283164,-0.315181,-0.496289
4984,1,-0.1,-0,-0,1,1,1,5.21985,0,0.00639178,-0.00281607,-0.538516,-0.383496
4985,1,-0.1,-0,-0,1,1,1,5.21985,0,-0.00532648,-0.00283823,-0.416055,-0.406055
4986,1,-0.1,-0,-0,1,1,1,5.21985,-0.0174533,0.00852238,-0.00287542,-0.573301,-0.64292
4987,1,-0.1,-0,-0,1,1,1,5.21975,0,-0.00426119,-0.00284228,-0.428307,-0.360938
4988,1,-0.1,-0,-0,1,1,1,5.21985,0,0.0117183,-0.00288065,-0.609147,-0.654199
4989,1,-0.1,-0,-0,1,1,1,5.21985,-0.00872665,-0.00958767,-0.00288889,-0.375869,-0.439893
4990,1,-0.1,-0,-0,1,1,1,5.21985,0,-0.0138489,-0.0029011,-0.330607,-0.439893
4991,1,-0.1,-0,-0,1,1,1,5.21985,0.00872665,0.00958767,-0.00288321,-0.586048,-0.383496
4992,1,-0.1,-0,-0,1,1,1,5.21985,0,-0.00532648,-0.00289253,-0.423223,-0.48501
4993,1,-0.1,-0,-0,1,1,1,5.21985,0,0.00532648,-0.00291322,-0.543136,-0.349658
4994,1,-0.1,-0,-0,1,1,1,5.21985,0,0.0202406,-0.00290313,-0.705861,-0.383496
4995,1,-0.1,-0,-0,1,1,1,5.21975,0,0.0159795,-0.00291126,-0.66006,-0.406055
4996,1,-0.1,-0,-0,1,1,1,5.21975,-0.0139626,-0.0202406,-0.00291093,-0.261596,-0.383496
4997,1,-0.1,-0,-0,1,1,1,5.21985,0.0226893,-0.0234365,-0.0029129,-0.226701,-0.710596
4998,1,-0.1,-0,-0,1,1,1,5.21985,0.015708,0.0191753,-0.00288034,-0.691134,-0.349658
4999,1,-0.1,-0,-0,1,1,1,5.21975,-0.00174533,0.0010653,-0.00289901,-0.494387,-0.507568
5000,1,-0.1,-0,-0,1,1,1,5.21975,0,-0.0010653,-0.0028963,-0.470593,-0.48501
5001,1,-0.1,-0,-0,1,1,1,5.21975,0,-0.0010653,-0.00289138,-0.469944,-0.3271
5002,1,-0.1,-0,-0,1,1,1,5.21975,-0.00872665,-0.00319589,-0.00290727,-0.448604,-0.676758
5003,1,-0.1,-0,-0,1,1,1,5.21975,0,0.0159795,-0.00290603,-0.659371,-0.417334
5004,1,-0.1,-0,-0,1,1,1,5.21975,0,-0.00639178,-0.00288422,-0.410408,-0.518848
5005,1,-0.1,-0,-0,1,1,1,5.21975,0,-0.00958767,-0.00289279,-0.376384,-0.439893
5006,1,-0.1,-0,-0,1,1,1,5.21975,0,0.00745708,-0.00290304,-0.565229,-0.451172
5007,1,-0.1,-0,-0,1,1,1,5.21975,0,-0.0191753,-0.00289034,-0.270595,-0.597803
5008,1,-0.1,-0,-0,1,1,1,5.21975,0,-0.0245018,-0.00288709,-0.211576,-0.439893
5009,1,-0.1,-0,-0,1,1,1,5.21985,0.0226893,-0.00319589,-0.00288627,-0.445833,-0.575244
5010,1,-0.1,-0,-0,1,1,1,5.21975,-0.0122173,0.00958767,-0.00289488,-0.587588,-0.631641
5011,1,-0.1,-0,-0,1,1,1,5.21975,0,-0.010653,-0.00285319,-0.359438,-0.48501
5012,1,-0.1,-0,-0,1,1,1,5.21985,0,0.0117183,-0.00284195,-0.604038,-0.530127
5013,1,-0.1,-0,-0,1,1,1,5.21985,-0.0174533,0.00852238,-0.00280128,-0.563515,-0.406055
5014,1,-0.1,-0,-0,1,1,1,5.21985,0,0.00426119,-0.00284719,-0.522702,-0.631641
5015,1,-0.1,-0,-0,1,1,1,5.21985,0,0.028763,-0.00284824,-0.79236,-0.496289
5016,1,-0.1,-0,-0,1,1,1,5.21985,0.00872665,-0.010653,-0.0028404,-0.35775,-0.462451
5017,1,-0.1,-0,-0,1,1,1,5.21985,0,-0.01811,-0.00282821,-0.274113,-0.394775
5018,1,-0.1,-0,-0,1,1,1,5.21985,0,0.0223712,-0.00287967,-0.7262,-0.507568
5019,1,-0.1,-0,-0,1,1,1,5.21975,0,0.00319589,-0.00285686,-0.512261,-0.518848
5020,1,-0.1,-0,-0,1,1,1,5.21985,0,0.0117183,-0.00282316,-0.601558,-0.48501
5021,1,-0.1,-0,-0,1,1,1,5.21975,-0.00872665,-0.00319589,-0.0028156,-0.436505,-0.451172
5022,1,-0.1,-0,-0,1,1,1,5.21985,0,0.00213059,-0.00279891,-0.492892,-0.507568
5023,1,-0.1,-0,-0,1,1,1,5.21985,0,0.010653,-0.00285225,-0.59368,-0.586523
5024,1,-0.1,-0,-0,1,1,1,5.21975,0,-0.00639178,-0.00282565,-0.402676,-0.47373
5025,1,-0.1,-0,-0,1,1,1,5.21975,0,-8.47998e-19,-0.0028721,-0.479118,-0.609082
5026,1,-0.1,-0,-0,1,1,1,5.21975,0,-0.0010653,-0.00288062,-0.468524,-0.462451
5027,1,-0.1,-0,-0,1,1,1,5.21975,0,0.00213059,-0.00288749,-0.504585,-0.406055
5028,1,-0.1,-0,-0,1,1,1,5.21975,0,-0.0159795,-0.00289934,-0.306939,-0.462451
5029,1,-0.1,-0,-0,1,1,1,5.21985,0.00523599,6.52306e-20,-0.00292724,-0.486396,-0.676758
5030,1,-0.1,-0,-0,1,1,1,5.21975,0.00523599,-0.010653,-0.00292748,-0.369245,-0.575244
5031,1,-0.1,-0,-0,1,1,1,5.21975,0,-0.00745708,-0.00291978,-0.403383,-0.383496
5032,1,-0.1,-0,-0,1,1,1,5.21975,0,0.00852238,-0.00295303,-0.583546,-0.518848
5033,1,-0.1,-0,-0,1,1,1,5.21975,0,-0.00745708,-0.00296627,-0.409519,-0.575244
5034,1,-0.1,-0,-0,1,1,1,5.21975,0,-0.0117183,-0.00298168,-0.364681,-0.654199
5035,1,-0.1,-0,-0,1,1,1,5.21975,0,-0.00426119,-0.00298284,-0.446862,-0.676758
5036,1,-0.1,-0,-0,1,1,1,5.21975,0,0.00639178,-0.0029894,-0.56491,-0.609082
5037,1,-0.1,-0,-0,1,1,1,5.21975,0,-0.00639178,-0.00300084,-0.425802,-0.552686
5038,1,-0.1,-0,-0,1,1,1,5.21975,0.00872665,-0.00426119,-0.00299435,-0.448381,-0.383496
5039,1,-0.1,-0,-0,1,1,1,5.21975,0,-0.00213059,-0.00301915,-0.475091,-0.654199
5040,1,-0.1,-0,-0,1,1,1,5.21975,0,0.0010653,-0.00298993,-0.506389,-0.349658
5041,1,-0.1,-0,-0,1,1,1,5.21975,0,-0.0138489,-0.00296526,-0.339077,-0.439893
5042,1,-0.1,-0,-0,1,1,1,5.21975,0,0.00745708,-0.00302027,-0.580704,-0.620361
5043,1,-0.1,-0,-0,1,1,1,5.21975,0,-0.00532648,-0.00302862,-0.441187,-0.496289
5044,1,-0.1,-0,-0,1,1,1,5.21975,0,0.00745708,-0.00302753,-0.581662,-0.439893
5045,1,-0.1,-0,-0,1,1,1,5.21975,0,0.00426119,-0.00301679,-0.545089,-0.496289
5046,1,-0.1,-0,-0,1,1,1,5.21975,0,0.00319589,-0.00305382,-0.538259,-0.439893
5047,1,-0.1,-0,-0,1,1,1,5.21975,0,-0.0138489,-0.00302522,-0.346991,-0.462451
5048,1,-0.1,-0,-0,1,1,1,5.21975,-0.00349066,-0.00319589,-0.00302591,-0.464265,-0.248145
5049,1,-0.1,-0,-0,1,1,1,5.21975,0,0.0138489,-0.00301657,-0.650524,-0.563965
5050,1,-0.1,-0,-0,1,1,1,5.21975,0,0.00319589,-0.00303594,-0.535899,-0.48501
5051,1,-0.1,-0,-0,1,1,1,5.21975,0,-0.0170448,-0.00303827,-0.313559,-0.462451
5052,1,-0.1,-0,-0,1,1,1,5.21975,0,0.00213059,-0.00304967,-0.525994,-0.439893
5053,1,-0.1,-0,-0,1,1,1,5.21975,0,-0.00745708,-0.00304705,-0.420182,-0.541406
5054,1,-0.1,-0,-0,1,1,1,5.21975,0,-0.0245018,-0.00299741,-0.226137,-0.406055
5055,1,-0.1,-0,-0,1,1,1,5.21985,0,-0.0149142,-0.00300532,-0.332647,-0.428613
5056,1,-0.1,-0,-0,1,1,1,5.21985,0.00523599,-0.0127836,-0.00298724,-0.353697,-0.31582
5057,1,-0.1,-0,-0,1,1,1,5.21985,0,0.01811,-0.00303508,-0.699841,-0.676758
5058,1,-0.1,-0,-0,1,1,1,5.21975,0.00872665,-0.00958767,-0.00303957,-0.395758,-0.406055
5059,1,-0.1,-0,-0,1,1,1,5.21985,0.0174533,0.00958767,-0.00304929,-0.60797,-0.439893
5060,1,-0.1,-0,-0,1,1,1,5.21975,0,-0.010653,-0.0030684,-0.387847,-0.451172
5061,1,-0.1,-0,-0,1,1,1,5.21975,0.00349066,-0.00426119,-0.00305134,-0.455904,-0.451172
5062,1,-0.1,-0,-0,1,1,1,5.21975,0,-0.00958767,-0.00302153,-0.393377,-0.462451
5063,1,-0.1,-0,-0,1,1,1,5.21985,0,-0.00745708,-0.00305299,-0.420966,-0.462451
5064,1,-0.1,-0,-0,1,1,1,5.21975,-0.010472,0.0117183,-0.00307263,-0.634489,-0.530127
5065,1,-0.1,-0,-0,1,1,1,5.21975,0,-0.00852238,-0.00304526,-0.408229,-0.439893
5066,1,-0.1,-0,-0,1,1,1,5.21975,0,-0.0149142,-0.00302628,-0.335413,-0.383496
5067,1,-0.1,-0,-0,1,1,1,5.21975,0.00174533,0.00532648,-0.00304072,-0.559966,-0.518848
5068,1,-0.1,-0,-0,1,1,1,5.21985,0.0174533,-0.0117183,-0.00304254,-0.372715,-0.417334
5069,1,-0.1,-0,-0,1,1,1,5.21985,0.00872665,-0.00639178,-0.0030356,-0.43039,-0.383496
5070,1,-0.1,-0,-0,1,1,1,5.21975,-0.00174533,-0.0127836,-0.00305006,-0.361989,-0.518848
5071,1,-0.1,-0,-0,1,1,1,5.21985,0.0191986,-0.0127836,-0.00303554,-0.360072,-0.349658
5072,1,-0.1,-0,-0,1,1,1,5.21975,-0.00872665,0.00639178,-0.00305576,-0.57367,-0.462451
5073,1,-0.1,-0,-0,1,1,1,5.21975,0,0.00745708,-0.00305383,-0.585133,-0.360938
5074,1,-0.1,-0,-0,1,1,1,5.21975,-0.0191986,-0.00639178,-0.00304304,-0.431371,-0.518848
5075,1,-0.1,-0,-0,1,1,1,5.21975,0,-0.00426119,-0.00304888,-0.455579,-0.518848
5076,1,-0.1,-0,-0,1,1,1,5.21975,0,0.0117183,-0.00303638,-0.629703,-0.462451
5077,1,-0.1,-0,-0,1,1,1,5.21975,0,0.0010653,-0.00307419,-0.517512,-0.48501
5078,1,-0.1,-0,-0,1,1,1,5.21975,0,0.0010653,-0.00307321,-0.517382,-0.518848
5079,1,-0.1,-0,-0,1,1,1,5.21975,0,-0.0170448,-0.00303797,-0.313519,-0.383496
5080,1,-0.1,-0,-0,1,1,1,5.21975,0,-0.00532648,-0.00304387,-0.443199,-0.417334
5081,1,-0.1,-0,-0,1,1,1,5.21975,0,-0.0276977,-0.00307262,-0.200911,-0.552686
5082,1,-0.1,-0,-0,1,1,1,5.21975,0,-0.00532648,-0.00310059,-0.450687,-0.620361
5083,1,-0.1,-0,-0,1,1,1,5.21975,0,0.00213059,-0.00307739,-0.529652,-0.349658
5084,1,-0.1,-0,-0,1,1,1,5.21975,0,0.00319589,-0.00310045,-0.544415,-0.699316
5085,1,-0.1,-0,-0,1,1,1,5.21975,0,-0.010653,-0.00308349,-0.389838,-0.530127
5086,1,-0.1,-0,-0,1,1,1,5.21975,0,0.00958767,-0.00305758,-0.609065,-0.417334
5087,1,-0.1,-0,-0,1,1,1,5.21975,0,0.0191753,-0.00311127,-0.721616,-0.541406
5088,1,-0.1,-0,-0,1,1,1,5.21975,-0.00872665,0.0010653,-0.00308572,-0.519033,-0.518848
5089,1,-0.1,-0,-0,1,1,1,5.21975,-0.00872665,0.00639178,-0.00304263,-0.571936,-0.394775
5090,1,-0.1,-0,-0,1,1,1,5.21985,0,0.0159795,-0.00308107,-0.682475,-0.439893
5091,1,-0.1,-0,-0,1,1,1,5.21975,-0.0174533,-0.0170448,-0.00309709,-0.321324,-0.654199
5092,1,-0.1,-0,-0,1,1,1,5.21975,0,-0.00639178,-0.00310245,-0.439213,-0.552686
5093,1,-0.1,-0,-0,1,1,1,5.21975,0,0.0138489,-0.0031195,-0.664111,-0.507568
5094,1,-0.1,-0,-0,1,1,1,5.21975,0,0.0159795,-0.00311606,-0.687093,-0.552686
5095,1,-0.1,-0,-0,1,1,1,5.21975,-0.00174533,0.00639178,-0.00310963,-0.580781,-0.439893
5096,1,-0.1,-0,-0,1,1,1,5.21975,0,0.0340895,-0.00315696,-0.891703,-0.439893
5097,1,-0.1,-0,-0,1,1,1,5.21975,-0.00698132,0.0138489,-0.00315245,-0.66846,-0.304541
5098,1,-0.1,-0,-0,1,1,1,5.21975,-0.0663225,0.0159795,-0.00319049,-0.696919,-0.597803
5099,1,-0.1,-0,-0,1,1,1,5.21975,-0.0279253,-0.010653,-0.00318782,-0.40361,-0.631641
5100,1,-0.1,-0,-0,1,1,1,5.21975,0.0226893,0.0149142,-0.00319324,-0.685564,-0.586523
5101,1,-0.1,-0,-0,1,1,1,5.21975,0,-0.00958767,-0.00319514,-0.416294,-0.609082
5102,1,-0.1,-0,-0,1,1,1,5.21975,0,-0.0117183,-0.00318772,-0.391878,-0.439893
5103,1,-0.1,-0,-0,1,1,1,5.21975,0.00872665,0.00639178,-0.00319184,-0.591633,-0.428613
5104,1,-0.1,-0,-0,1,1,1,5.21975,0,0.0255671,-0.0031761,-0.800483,-0.507568
5105,1,-0.1,-0,-0,1,1,1,5.21966,-0.0401426,0.0191753,-0.00324307,-0.739014,-0.654199
5106,1,-0.1,-0,-0,1,1,1,5.21966,0,-0.0138489,-0.00325369,-0.37715,-0.665479
5107,1,-0.1,-0,-0,1,1,1,5.21975,0.00872665,-0.0127836,-0.00321385,-0.383608,-0.462451
5108,1,-0.1,-0,-0,1,1,1,5.21975,0,0.0127836,-0.00325225,-0.669917,-0.518848
5109,1,-0.1,-0,-0,1,1,1,5.21975,-0.0191986,-0.0127836,-0.00322801,-0.385479,-0.597803
5110,1,-0.1,-0,-0,1,1,1,5.21975,0.010472,0.00745708,-0.00322835,-0.60817,-0.406055
5111,1,-0.1,-0,-0,1,1,1,5.21975,0,0.0117183,-0.00324441,-0.657163,-0.439893
5112,1,-0.1,-0,-0,1,1,1,5.21975,-0.00349066,-0.00319589,-0.00325996,-0.49516,-0.563965
5113,1,-0.1,-0,-0,1,1,1,5.21975,0,-0.010653,-0.00328426,-0.41634,-0.563965
5114,1,-0.1,-0,-0,1,1,1,5.21975,0,0.00532648,-0.00327101,-0.590365,-0.360938
5115,1,-0.1,-0,-0,1,1,1,5.21975,0,-0.0138489,-0.0032647,-0.378603,-0.541406
5116,1,-0.1,-0,-0,1,1,1,5.21975,-0.00174533,0.00213059,-0.00324538,-0.551827,-0.406055
5117,1,-0.1,-0,-0,1,1,1,5.21975,0,0.0127836,-0.00325552,-0.670348,-0.349658
5118,1,-0.1,-0,-0,1,1,1,5.21975,-0.0122173,0.00319589,-0.00326441,-0.566057,-0.541406
5119,1,-0.1,-0,-0,1,1,1,5.21975,0,0.0149142,-0.00330931,-0.700885,-0.541406
5120,1,-0.1,-0,-0,1,1,1,5.21975,-0.00872665,0.0117183,-0.00334186,-0.670027,-0.518848
5121,1,-0.1,-0,-0,1,1,1,5.21975,0,-0.0127836,-0.0033253,-0.39832,-0.552686
5122,1,-0.1,-0,-0,1,1,1,5.21975,0,0.00426119,-0.00335032,-0.589116,-0.609082
5123,1,-0.1,-0,-0,1,1,1,5.21975,0,-0.0223712,-0.00333159,-0.293687,-0.518848
5124,1,-0.1,-0,-0,1,1,1,5.21975,0,-0.0127836,-0.00333045,-0.399,-0.586523
5125,1,-0.1,-0,-0,1,1,1,5.21975,0.0174533,0.00213059,-0.00332442,-0.56226,-0.439893
5126,1,-0.1,-0,-0,1,1,1,5.21975,-0.010472,0.00639178,-0.00334479,-0.611822,-0.665479
5127,1,-0.1,-0,-0,1,1,1,5.21975,0,0.0127836,-0.00336316,-0.684556,-0.507568
5128,1,-0.1,-0,-0,1,1,1,5.21975,0,-0.00532648,-0.003375,-0.486908,-0.575244
5129,1,-0.1,-0,-0,1,1,1,5.21975,0,-0.0010653,-0.00336114,-0.531953,-0.563965
5130,1,-0.1,-0,-0,1,1,1,5.21975,0,0.0010653,-0.00335342,-0.55437,-0.575244
5131,1,-0.1,-0,-0,1,1,1,5.21975,0,-0.00213059,-0.0033342,-0.516678,-0.394775
5132,1,-0.1,-0,-0,1,1,1,5.21975,0,0.00426119,-0.00331107,-0.583934,-0.417334
5133,1,-0.1,-0,-0,1,1,1,5.21975,0,0.010653,-0.00334789,-0.659105,-0.733154
5134,1,-0.1,-0,-0,1,1,1,5.21975,0,-0.010653,-0.00333009,-0.422389,-0.48501
5135,1,-0.1,-0,-0,1,1,1,5.21975,0,0.00426119,-0.00333212,-0.586713,-0.699316
5136,1,-0.1,-0,-0,1,1,1,5.21975,0,-0.00426119,-0.00335135,-0.495505,-0.733154
5137,1,-0.1,-0,-0,1,1,1,5.21975,0,0.00958767,-0.00333681,-0.645924,-0.586523
5138,1,-0.1,-0,-0,1,1,1,5.21975,0,0.00319589,-0.00336277,-0.579041,-0.733154
5139,1,-0.1,-0,-0,1,1,1,5.21975,0,0.00745708,-0.00335229,-0.62453,-0.530127
5140,1,-0.1,-0,-0,1,1,1,5.21975,0,-0.01811,-0.00334624,-0.342493,-0.507568
5141,1,-0.1,-0,-0,1,1,1,5.21975,0.0174533,-0.00852238,-0.00334406,-0.44767,-0.507568
5142,1,-0.1,-0,-0,1,1,1,5.21975,0,0.00532648,-0.00333207,-0.598424,-0.518848
5143,1,-0.1,-0,-0,1,1,1,5.21975,0,0.00319589,-0.00334261,-0.57638,-0.609082
5144,1,-0.1,-0,-0,1,1,1,5.21975,0,0.00213059,-0.00335768,-0.56665,-0.631641
5145,1,-0.1,-0,-0,1,1,1,5.21975,0,-0.00213059,-0.0033938,-0.524545,-0.676758
5146,1,-0.1,-0,-0,1,1,1,5.21975,0,-0.00639178,-0.00338403,-0.476382,-0.676758
5147,1,-0.1,-0,-0,1,1,1,5.21975,-0.0122173,-0.0159795,-0.00337539,-0.369778,-0.597803
5148,1,-0.1,-0,-0,1,1,1,5.21975,0.00349066,-0.00532648,-0.00337946,-0.487498,-0.676758
5149,1,-0.1,-0,-0,1,1,1,5.21975,0,-0.00745708,-0.00337133,-0.462988,-0.631641
5150,1,-0.1,-0,-0,1,1,1,5.21975,0,-0.0138489,-0.00337599,-0.393294,-0.563965
5151,1,-0.1,-0,-0,1,1,1,5.21975,0,-1.30461e-18,-0.00338934,-0.547393,-0.609082
5152,1,-0.1,-0,-0,1,1,1,5.21975,0.015708,0.0127836,-0.003384,-0.687307,-0.507568
5153,1,-0.1,-0,-0,1,1,1,5.21975,0,-0.00639178,-0.00334578,-0.471333,-0.609082
5154,1,-0.1,-0,-0,1,1,1,5.21975,0,0.00213059,-0.00333959,-0.564262,-0.575244
5155,1,-0.1,-0,-0,1,1,1,5.21975,0,0.00532648,-0.00335706,-0.601723,-0.439893
5156,1,-0.1,-0,-0,1,1,1,5.21966,-0.0122173,-0.00958767,-0.00332564,-0.433521,-0.496289
5157,1,-0.1,-0,-0,1,1,1,5.21975,0,-0.00745708,-0.00335349,-0.460633,-0.710596
5158,1,-0.1,-0,-0,1,1,1,5.21975,0,-0.0117183,-0.00331469,-0.408638,-0.654199
5159,1,-0.1,-0,-0,1,1,1,5.21975,0,0.00745708,-0.00334257,-0.623247,-0.563965
5160,1,-0.1,-0,-0,1,1,1,5.21966,0,0.00532648,-0.00330551,-0.594919,-0.48501
5161,1,-0.0999999,0.000190235,0.189587,1,1,1,5.21975,-0.00872665,-0.00426119,-0.00333168,-0.469034,-0.586523
5162,1,-0.0999946,0.00228602,0.64396,1,1,1,5.21975,0,0.00958767,-0.00336372,-0.547764,-0.676758
5163,1,-0.0999733,0.00658304,1.07029,1,1,1,5.21975,0,0.00639178,-0.0033692,-0.410995,-0.586523
5164,1,-0.0999254,0.0129434,1.46924,1,1,1,5.21975,0.0244346,0.0127836,-0.00332386,-0.350142,-0.349658
5165,1,-0.0998407,0.02123,1.84129,1,1,1,5.21975,0,0.00532648,-0.00323793,-0.110422,-0.383496
5166,1,-0.0997101,0.0313122,2.18713,1,1,1,5.21985,0.020944,-0.00745708,-0.00314547,0.208357,-0.259424
5167,1,-0.0995248,0.0430584,2.50726,1,1,1,5.21994,0.0191986,0.00319589,-0.00302424,0.291145,-0.135352
5168,1,-0.0992769,0.0563436,2.8023,1,1,1,5.21994,0,-0.0010653,-0.00281733,0.566108,-0.101514
5169,1,-0.098959,0.0710414,3.07278,1,1,1,5.22004,0.0174533,0.0117183,-0.00256099,0.676735,0.124072
5170,1,-0.0985644,0.0870301,3.31928,1,1,1,5.22014,0.0174533,0.0458078,-0.00229785,0.568118,0.293262
5171,1,-0.0980868,0.104195,3.54243,1,1,1,5.22033,0.0645772,0.0266324,-0.00194547,1.07046,0.552686
5172,1,-0.0975207,0.122417,3.74276,1,1,1,5.22071,0.0610865,0.0404813,-0.00155217,1.22763,1.0377
5173,1,-0.096861,0.141586,3.92085,1,1,1,5.2211,0.118682,0.0617872,-0.00111895,1.31848,1.27456
5174,1,-0.0961034,0.161589,4.07728,1,1,1,5.22157,0.0698132,0.0841585,-0.000770535,1.39353,1.29712
5175,1,-0.0952438,0.182325,4.21265,1,1,1,5.22225,0.164061,0.110791,-0.000449447,1.42478,1.28584
5176,1,-0.0942791,0.203681,4.32749,1,1,1,5.22263,0.122173,0.16086,-0.000166316,1.19881,1.35352
5177,1,-0.0932062,0.225565,4.42241,1,1,1,5.22368,0.141372,0.17897,8.90213e-05,1.32408,1.45503
5178,1,-0.0920227,0.247875,4.49798,1,1,1,5.22455,0.218166,0.184296,0.000380713,1.59884,1.34224
5179,1,-0.0907269,0.270513,4.55476,1,1,1,5.22618,0.26529,0.221582,0.000598591,1.51382,1.47759
5180,1,-0.0893171,0.293393,4.59334,1,1,1,5.22694,0.198968,0.276977,0.00072958,1.21802,1.40991
5181,1,-0.0877928,0.316417,4.6143,1,1,1,5.22867,0.29147,0.291891,0.000781078,1.35453,1.12793
5182,1,-0.0861532,0.339503,4.61821,1,1,1,5.22992,0.347321,0.312132,0.000851648,1.43419,1.11665
5183,1,-0.0843977,0.362572,4.60565,1,1,1,5.23202,0.382227,0.333438,0.000984341,1.50969,1.37607
5184,1,-0.0825273,0.385536,4.57718,1,1,1,5.23365,0.394444,0.39629,0.0010119,1.1097,1.34224
5185,1,-0.0805429,0.408316,4.5334,1,1,1,5.23567,0.366519,0.406943,0.00103403,1.27845,1.20688
5186,1,-0.0784445,0.430847,4.47486,1,1,1,5.23759,0.485202,0.418662,0.00107152,1.43278,1.33096
5187,1,-0.0762348,0.453043,4.40217,1,1,1,5.24017,0.479966,0.452751,0.00106539,1.32916,1.27456
5188,1,-0.0739148,0.474845,4.31587,1,1,1,5.24209,0.459022,0.478318,0.00101518,1.30579,1.12793
5189,1,-0.0714871,0.49618,4.21657,1,1,1,5.24497,0.574213,0.491102,0.000971352,1.41678,1.15049
5190,1,-0.0689539,0.516989,4.10481,1,1,1,5.24698,0.457276,0.516669,0.000976095,1.38636,1.3084
5191,1,-0.066318,0.53721,3.98119,1,1,1,5.25024,0.511381,0.530518,0.000958813,1.47263,1.26328
5192,1,-0.063583,0.556781,3.84629,1,1,1,5.25245,0.593412,0.580587,0.000923796,1.14845,1.31968
5193,1,-0.0607516,0.575654,3.70067,1,1,1,5.2559,0.544543,0.596566,0.000864649,1.18537,1.42119
5194,1,-0.0578275,0.593773,3.5449,1,1,1,5.2582,0.575959,0.634917,0.000764857,0.959637,1.29712
5195,1,-0.054815,0.611088,3.37958,1,1,1,5.26175,0.602139,0.624264,0.000689766,1.26433,1.33096
5196,1,-0.0517183,0.627552,3.20528,1,1,1,5.26443,0.671952,0.621068,0.000685581,1.48619,1.46631
5197,1,-0.0485412,0.643125,3.02257,1,1,1,5.26817,0.692896,0.657288,0.000697594,1.2655,1.45503
5198,1,-0.0452887,0.657765,2.83202,1,1,1,5.27095,0.651008,0.667941,0.000661705,1.30562,1.44375
5199,1,-0.041965,0.671434,2.63419,1,1,1,5.27478,0.710349,0.678594,0.000637136,1.33477,1.38735
5200,1,-0.0385756,0.684097,2.4297,1,1,1,5.27766,0.696386,0.692443,0.000638113,1.31929,1.37607
5201,1,-0.035126,0.69572,2.21912,1,1,1,5.28188,0.673697,0.71801,0.000563592,1.1497,1.29712
5202,1,-0.0316204,0.706278,2.00299,1,1,1,5.28466,0.677188,0.735055,0.000441528,1.0521,1.10537
5203,1,-0.0280652,0.715742,1.78193,1,1,1,5.28926,0.706858,0.747838,0.000306121,0.985052,1.09409
5204,1,-0.0244648,0.72409,1.55645,1,1,1,5.29195,0.696386,0.773406,9.96405e-05,0.751898,0.95874
5205,1,-0.0208261,0.7313,1.32721,1,1,1,5.29655,0.74351,0.755296,-7.74921e-05,0.988173,0.857227
5206,1,-0.0171537,0.737357,1.09471,1,1,1,5.29952,0.771436,0.773406,-0.00025757,0.811038,0.992578
5207,1,-0.0134542,0.742243,0.859572,1,1,1,5.30412,0.74351,0.773406,-0.000414048,0.821029,0.845947
5208,1,-0.00973306,0.745949,0.622352,1,1,1,5.30719,0.785398,0.751034,-0.000501369,1.072,1.00386
5209,1,-0.00599659,0.748464,0.383651,1,1,1,5.31179,0.698132,0.782993,-0.000678373,0.697628,0.789551
5210,1,-0.00225105,0.749784,0.144061,1,1,1,5.31476,0.787143,0.776601,-0.000817025,0.735043,0.665479
5211,1,0.00149887,0.749904,-0.0959257,1,1,1,5.31927,0.696386,0.786189,-0.000923222,0.586196,0.710596
5212,1,0.0052464,0.748825,-0.335682,1,1,1,5.32243,0.839503,0.748904,-0.000993372,0.942716,0.857227
5213,1,0.00898549,0.746549,-0.574628,1,1,1,5.32684,0.712094,0.763818,-0.00109294,0.70652,0.676758
5214,1,0.0127097,0.743081,-0.812157,1,1,1,5.32991,0.787143,0.782993,-0.00122339,0.403442,0.597803
5215,1,0.016414,0.73843,-1.04776,1,1,1,5.33432,0.71733,0.758491,-0.00134106,0.56722,0.586523
5216,1,0.0200925,0.732607,-1.28084,1,1,1,5.33729,0.706858,0.77234,-0.00149296,0.290347,0.518848
5217,1,0.0237384,0.725627,-1.51079,1,1,1,5.34161,0.74351,0.737185,-0.00157413,0.547834,0.394775
5218,1,0.0273467,0.717506,-1.73705,1,1,1,5.34468,0.726057,0.741447,-0.0016894,0.353322,0.417334
5219,1,0.0309117,0.708263,-1.95906,1,1,1,5.34899,0.74351,0.713749,-0.00177227,0.501275,0.530127
5220,1,0.0344276,0.697923,-2.17623,1,1,1,5.35168,0.616101,0.727598,-0.0018497,0.182475,0.609082
5221,1,0.0378887,0.686511,-2.38795,1,1,1,5.35589,0.703368,0.709488,-0.00193491,0.20286,0.372217
5222,1,0.041291,0.674053,-2.59374,1,1,1,5.35867,0.652753,0.684986,-0.00200413,0.283205,0.259424
5223,1,0.0446274,0.660586,-2.7929,1,1,1,5.36261,0.673697,0.641309,-0.00202089,0.569455,0.203027
5224,1,0.0478947,0.646138,-2.98495,1,1,1,5.3651,0.640536,0.64557,-0.00206815,0.312767,0.203027
5225,1,0.0510876,0.630747,-3.1693,1,1,1,5.36893,0.642281,0.642374,-0.00237727,0.0926941,0.146631
5226,1,0.0542013,0.614455,-3.34536,1,1,1,5.37123,0.593412,0.606154,-0.00236219,0.26823,0.124072
5227,1,0.0572309,0.597308,-3.51252,1,1,1,5.37497,0.58294,0.594436,-0.00235434,0.163536,0.203027
5228,1,0.0601728,0.579347,-3.67024,1,1,1,5.37718,0.532325,0.55502,-0.00231169,0.35893,0.101514
5229,1,0.0630227,0.560625,-3.81792,1,1,1,5.38063,0.561996,0.55502,-0.0023145,0.106316,0.15791
5230,1,0.0657776,0.541187,-3.95503,1,1,1,5.38255,0.539307,0.542236,-0.00229073,-0.00993702,0.0902344
5231,1,0.0684335,0.521093,-4.08095,1,1,1,5.38581,0.429351,0.521996,-0.00228284,-0.0532004,0.0451172
5232,1,0.0709877,0.500396,-4.19514,1,1,1,5.38772,0.513127,0.495363,-0.00231487,-0.0377113,0.0338379
5233,1,0.0734366,0.479162,-4.29699,1,1,1,5.3905,0.464258,0.455947,-0.00230299,0.11883,0.0451172
5234,1,0.0757783,0.45745,-4.38594,1,1,1,5.39242,0.450295,0.453816,-0.00229331,-0.139586,0.0789551
5235,1,0.0780103,0.435326,-4.46141,1,1,1,5.39482,0.413643,0.425053,-0.00227882,-0.108051,0.0676758
5236,1,0.0801311,0.412857,-4.52283,1,1,1,5.39645,0.376991,0.409074,-0.00223335,-0.215814,0.0112793
5237,1,0.0821387,0.390119,-4.56962,1,1,1,5.39885,0.375246,0.372854,-0.00214788,-0.0973664,0.0338379
5238,1,0.0840321,0.367185,-4.6012,1,1,1,5.40019,0.338594,0.350483,-0.00204691,-0.129924,0.0225586
5239,1,0.0858105,0.344132,-4.61699,1,1,1,5.4022,0.289725,0.318524,-0.00195845,-0.0583797,-0.124072
5240,1,0.087473,0.321047,-4.61643,1,1,1,5.40326,0.282743,0.307871,-0.00182307,-0.21314,-0.0225586
5241,1,0.0890208,0.297999,-4.59894,1,1,1,5.40489,0.251327,0.268455,-0.00163578,-0.0417391,0
5242,1,0.0904535,0.275083,-4.56393,1,1,1,5.40594,0.247837,0.245018,-0.00141135,-0.0364593,0.0112793
5243,1,0.091772,0.252389,-4.51084,1,1,1,5.40728,0.20944,0.185362,-0.0012212,0.367007,-0.0112793
5244,1,0.092978,0.230004,-4.43908,1,1,1,5.40815,0.221657,0.171513,-0.000979887,0.281267,0.0338379
5245,1,0.0940728,0.20803,-4.3481,1,1,1,5.4092,0.151844,0.198145,-0.000811436,-0.252717,0.0225586
5246,1,0.095059,0.186559,-4.23729,1,1,1,5.40977,0.15708,0.150207,-0.000583741,0.0500276,0.0225586
5247,1,0.0959393,0.165693,-4.10611,1,1,1,5.41054,0.115192,0.116117,-0.000402323,0.203856,-0.0112793
5248,1,0.0967171,0.145534,-3.95394,1,1,1,5.41102,0.123918,0.101203,-0.000162678,0.167516,0.0676758
5249,1,0.097396,0.12619,-3.78025,1,1,1,5.4116,0.0820305,0.0990726,4.99913e-05,-7.93147e-05,0.0789551
5250,1,0.0979805,0.107767,-3.58441,1,1,1,5.41188,0.0767945,0.0713749,0.000289309,0.13142,0.0789551
5251,1,0.0984755,0.0903811,-3.36588,1,1,1,5.41227,0.0506145,0.078832,0.00049206,-0.112897,0.112793
5252,1,0.0988863,0.0741456,-3.12408,1,1,1,5.41246,0.0436332,0.0436772,0.000673373,0.12488,0.146631
5253,1,0.099219,0.0591822,-2.8585,1,1,1,5.41256,0.0261799,0.0255671,0.000876608,0.197792,0.225586
5254,1,0.0994804,0.0456036,-2.56843,1,1,1,5.41265,0,-0.00213059,0.00111915,0.402339,0.259424
5255,1,0.0996775,0.0335394,-2.2534,1,1,1,5.41275,0,0.00639178,0.00127706,0.218379,0.225586
5256,1,0.0998185,0.0231123,-1.91274,1,1,1,5.41275,0,-0.00958767,0.00143423,0.327067,0.281982
5257,1,0.0999116,0.0144542,-1.54594,1,1,1,5.41275,0,-0.00639178,0.00159347,0.25076,0.372217
5258,1,0.0999662,0.00769741,-1.15247,1,1,1,5.41275,0,-0.00213059,0.0016892,0.180408,0.349658
5259,1,0.099992,0.00297574,-0.731678,1,1,1,5.41265,-0.0244346,-0.0255671,0.00176908,0.440455,0.270703
5260,1,0.0999996,0.000427243,-0.282971,1,1,1,5.41265,0,-0.00426119,0.00181403,0.234105,0.259424
5261,1,0.1,0,0,1,1,1,5.41265,-0.00349066,-0.00426119,0.00183466,0.266078,0.203027
5262,1,0.1,0,0,1,1,1,5.41265,0,-0.00852238,0.00181485,0.31212,0.203027
5263,1,0.1,0,0,1,1,1,5.41256,0,0.0213059,0.00180028,-0.0156991,0.191748
5264,1,0.1,0,0,1,1,1,5.41256,0,-0.00745708,0.0018209,0.305373,0.214307
5265,1,0.1,0,0,1,1,1,5.41256,0,-0.00319589,0.0018468,0.264927,0.203027
5266,1,0.1,0,0,1,1,1,5.41256,0,0.00213059,0.00183099,0.205941,0.259424
5267,1,0.1,0,0,1,1,1,5.41256,0,0.0266324,0.00180125,-0.0655883,0.203027
5268,1,0.1,0,0,1,1,1,5.41256,0,0.010653,0.00178971,0.110435,0.214307
5269,1,0.1,0,0,1,1,1,5.41256,0,-0.0159795,0.00179615,0.405965,0.236865
5270,1,0.1,0,0,1,1,1,5.41256,0,0.0234365,0.00180358,-0.0237308,0.281982
5271,1,0.1,0,0,1,1,1,5.41256,-0.0122173,-0.00532648,0.00180106,0.29415,0.203027
5272,1,0.1,0,0,1,1,1,5.41256,0,0.010653,0.00179466,0.119578,0.180469
5273,1,0.1,0,0,1,1,1,5.41256,0,-0.00852238,0.00175587,0.326666,0.225586
5274,1,0.1,0,0,1,1,1,5.41256,0,0.00213059,0.001746,0.210504,0.248145
5275,1,0.1,0,0,1,1,1,5.41256,0,0.00958767,0.00173412,0.129221,0.270703
5276,1,0.1,0,0,1,1,1,5.41256,0,-0.0202406,0.00176695,0.464132,0.214307
5277,1,0.1,0,0,1,1,1,5.41265,0.00872665,0.0117183,0.00171229,0.10662,0.191748
5278,1,0.1,0,0,1,1,1,5.41256,0,0.00852238,0.00168269,0.139179,0.15791
5279,1,0.1,0,0,1,1,1,5.41256,0,-0.00319589,0.00169507,0.271814,0.214307
5280,1,0.1,0,0,1,1,1,5.41256,0.0139626,0.0010653,0.00166484,0.222402,0.146631
5281,1,0.1,0,0,1,1,1,5.41256,0,-0.00745708,0.00162898,0.312713,0.191748
5282,1,0.1,0,0,1,1,1,5.41256,0,0.00639178,0.00164009,0.164197,0.270703
5283,1,0.1,0,0,1,1,1,5.41256,0,-0.00745708,0.00165675,0.321096,0.281982
5284,1,0.1,0,0,1,1,1,5.41256,0,-0.0010653,0.00167792,0.255898,0.236865
5285,1,0.1,0,0,1,1,1,5.41256,0,0.0127836,0.00165044,0.101516,0.214307
5286,1,0.1,0,0,1,1,1,5.41256,0,-0.0010653,0.00167487,0.259224,0.31582
5287,1,0.1,0,0,1,1,1,5.41256,0,0.010653,0.00165887,0.130171,0.225586
5288,1,0.1,0,0,1,1,1,5.41256,0,-5.87076e-19,0.00166019,0.249436,0.259424
5289,1,0.1,0,0,1,1,1,5.41256,0,0.0010653,0.00164305,0.236901,0.203027
5290,1,0.1,0,0,1,1,1,5.41256,0,0.0223712,0.00157675,-0.00510772,0.146631
5291,1,0.1,0,0,1,1,1,5.41256,-0.00872665,0.0159795,0.00157222,0.0664833,0.281982
5292,1,0.1,0,0,1,1,1,5.41256,0,-0.0191753,0.00156719,0.453504,0.225586
5293,1,0.1,0,0,1,1,1,5.41256,0.00872665,0.00532648,0.00155481,0.184339,0.293262
5294,1,0.1,0,0,1,1,1,5.41256,-0.00174533,0.0255671,0.00153364,-0.0392833,0.203027
5295,1,0.1,0,0,1,1,1,5.41256,-0.020944,0.0117183,0.00151073,0.111024,0.214307
5296,1,0.1,0,0,1,1,1,5.41256,0,0.00639178,0.00153107,0.17437,0.3271
5297,1,0.1,0,0,1,1,1,5.41256,0,-0.0010653,0.0015351,0.258809,0.203027
5298,1,0.1,0,0,1,1,1,5.41256,0,-0.0170448,0.00154984,0.438349,0.31582
5299,1,0.1,0,0,1,1,1,5.41265,0.010472,-0.00426119,0.00151588,0.294558,0.203027
5300,1,0.1,0,0,1,1,1,5.41256,0,0.0149142,0.00151986,0.086159,0.372217
5301,1,0.1,0,0,1,1,1,5.41256,-0.00698132,0.0170448,0.00150683,0.0623538,0.191748
5302,1,0.1,0,0,1,1,1,5.41256,0,-0.0010653,0.00149821,0.261763,0.214307
5303,1,0.1,0,0,1,1,1,5.41256,0,-0.0010653,0.0015169,0.266374,0.293262
5304,1,0.1,0,0,1,1,1,5.41265,0.00523599,-0.00426119,0.00155317,0.309098,0.394775
5305,1,0.1,0,0,1,1,1,5.41265,0,0.0149142,0.00151749,0.0945325,0.191748
5306,1,0.1,0,0,1,1,1,5.41256,0,0.0127836,0.00149044,0.115502,0.180469
5307,1,0.1,0,0,1,1,1,5.41256,0,-0.00639178,0.00147875,0.32632,0.169189
5308,1,0.1,0,0,1,1,1,5.41256,0,0.00958767,0.00148593,0.153801,0.214307
5309,1,0.1,0,0,1,1,1,5.41256,0,0.0255671,0.00145151,-0.0253667,0.214307
5310,1,0.1,0,0,1,1,1,5.41256,0,0.010653,0.00143315,0.137484,0.169189
5311,1,0.1,0,0,1,1,1,5.41256,0,-0.0010653,0.00138062,0.260032,0.15791
5312,1,0.1,0,0,1,1,1,5.41256,-0.00523599,-0.01811,0.00142798,0.456196,0.248145
5313,1,0.1,0,0,1,1,1,5.41256,0,0.0138489,0.00139488,0.101977,0.203027
5314,1,0.1,0,0,1,1,1,5.41256,0,-0.0170448,0.00139265,0.442733,0.259424
5315,1,0.1,0,0,1,1,1,5.41265,0.0122173,-0.00639178,0.00137666,0.325171,0.248145
5316,1,0.1,0,0,1,1,1,5.41256,0,-0.00639178,0.00137756,0.326754,0.15791
5317,1,0.1,0,0,1,1,1,5.41256,0,0.00639178,0.00137536,0.187859,0.281982
5318,1,0.1,0,0,1,1,1,5.41256,0,-0.00426119,0.00137348,0.306083,0.304541
5319,1,0.1,0,0,1,1,1,5.41256,0,-0.00958767,0.00138852,0.36823,0.180469
5320,1,0.1,0,0,1,1,1,5.41265,0.00872665,-0.010653,0.0013705,0.37896,0.169189
5321,1,0.1,0,0,1,1,1,5.41265,0,0.0117183,0.00136866,0.134781,0.304541
5322,1,0.1,0,0,1,1,1,5.41265,0,0.0202406,0.00136041,0.0413616,0.304541
5323,1,0.1,0,0,1,1,1,5.41256,0,-0.0202406,0.00136849,0.488873,0.203027
5324,1,0.1,0,0,1,1,1,5.41265,0.00872665,-0.00213059,0.00136993,0.292005,0.248145
5325,1,0.1,0,0,1,1,1,5.41265,0,0.00426119,0.00130972,0.214291,0.191748
5326,1,0.1,0,0,1,1,1,5.41256,0,9.78459e-19,0.00134383,0.268173,0.349658
5327,1,0.1,0,0,1,1,1,5.41265,0,-0.0191753,0.00134509,0.4802,0.214307
5328,1,0.1,0,0,1,1,1,5.41256,-0.00174533,0.00426119,0.00129935,0.217345,0.203027
5329,1,0.1,0,0,1,1,1,5.41256,0,0.0202406,0.00126248,0.0378768,0.236865
5330,1,0.1,0,0,1,1,1,5.41256,0,0.0159795,0.00123593,0.0823333,0.248145
5331,1,0.1,0,0,1,1,1,5.41256,0,0.0010653,0.00124239,0.24867,0.304541
5332,1,0.1,0,0,1,1,1,5.41256,0,0.00426119,0.0012563,0.216989,0.180469
5333,1,0.1,0,0,1,1,1,5.41256,0,-0.0159795,0.00127444,0.443418,0.293262
5334,1,0.1,0,0,1,1,1,5.41256,0,0.00745708,0.00128861,0.188069,0.259424
5335,1,0.1,0,0,1,1,1,5.41256,0,-0.0213059,0.00129327,0.505078,0.236865
5336,1,0.1,0,0,1,1,1,5.41256,0,0.00639178,0.00129852,0.201095,0.349658
5337,1,0.1,0,0,1,1,1,5.41265,0,0.01811,0.00127234,0.0687382,0.214307
5338,1,0.1,0,0,1,1,1,5.41265,0,0.00639178,0.00124693,0.194285,0.203027
5339,1,0.1,0,0,1,1,1,5.41256,0,0.00319589,0.00123077,0.227307,0.214307
5340,1,0.1,0,0,1,1,1,5.41256,0,-0.00639178,0.001206,0.329501,0.191748
5341,1,0.1,0,0,1,1,1,5.41256,0,0.0159795,0.00120211,0.0829043,0.281982
5342,1,0.1,0,0,1,1,1,5.41256,0,0.0010653,0.00121888,0.249174,0.270703
5343,1,0.1,0,0,1,1,1,5.41265,0,0.00426119,0.00124191,0.21706,0.304541
5344,1,0.1,0,0,1,1,1,5.41265,0,0.0117183,0.00120817,0.130577,0.203027
5345,1,0.1,0,0,1,1,1,5.41256,0,0.0117183,0.00118612,0.127667,0.169189
5346,1,0.1,0,0,1,1,1,5.41256,0,-0.00532648,0.00117703,0.31396,0.146631
5347,1,0.1,0,0,1,1,1,5.41256,0,-0.00532648,0.00115723,0.311346,0.180469
5348,1,0.1,0,0,1,1,1,5.41256,0,0.0138489,0.00120164,0.106279,0.236865
5349,1,0.1,0,0,1,1,1,5.41256,-0.020944,-0.00639178,0.0011645,0.324023,0.225586
5350,1,0.1,0,0,1,1,1,5.41256,0.00872665,0.00639178,0.00115828,0.182584,0.270703
5351,1,0.1,0,0,1,1,1,5.41256,0,0.0127836,0.00111099,0.106031,0.15791
5352,1,0.1,0,0,1,1,1,5.41256,0,0.01811,0.00108755,0.0443466,0.236865
5353,1,0.1,0,0,1,1,1,5.41256,0,0.0170448,0.00112229,0.06065,0.31582
5354,1,0.1,0,0,1,1,1,5.41256,0,-0.01811,0.0011228,0.44742,0.259424
5355,1,0.1,0,0,1,1,1,5.41265,0.00872665,0.0340895,0.00110392,-0.129267,0.3271
5356,1,0.1,0,0,1,1,1,5.41256,-0.00174533,0.00213059,0.00111471,0.223705,0.203027
5357,1,0.1,0,0,1,1,1,5.41256,0,-0.00639178,0.001112,0.317093,0.236865
5358,1,0.1,0,0,1,1,1,5.41256,0,-0.00213059,0.00113813,0.273669,0.259424
5359,1,0.1,0,0,1,1,1,5.41256,0,0.00426119,0.00115797,0.205979,0.259424
5360,1,0.1,0,0,1,1,1,5.41256,0,-0.0170448,0.00115925,0.440513,0.236865
5361,1,0.1,0,0,1,1,1,5.41265,0.00872665,-0.00213059,0.00114154,0.27412,0.180469
5362,1,0.1,0,0,1,1,1,5.41256,0,0.0127836,0.00112463,0.107832,0.203027
5363,1,0.1,0,0,1,1,1,5.41256,0,0.00745708,0.00112104,0.16595,0.248145
5364,1,0.1,0,0,1,1,1,5.41256,0,0.00958767,0.00113686,0.144601,0.259424
5365,1,0.1,0,0,1,1,1,5.41256,0,0.00426119,0.00112983,0.202264,0.180469
5366,1,0.1,0,0,1,1,1,5.41256,0,0.00639178,0.00111149,0.176407,0.248145
5367,1,0.1,0,0,1,1,1,5.41256,0,0.00319589,0.0010967,0.20961,0.180469
5368,1,0.1,0,0,1,1,1,5.41256,0,0.0127836,0.00108577,0.102702,0.180469
5369,1,0.1,0,0,1,1,1,5.41256,0,0.01811,0.00105191,0.039642,0.191748
5370,1,0.1,0,0,1,1,1,5.41256,0,-0.00213059,0.00107748,0.265664,0.349658
5371,1,0.1,0,0,1,1,1,5.41256,0,0.00319589,0.00104794,0.203173,0.146631
5372,1,0.1,0,0,1,1,1,5.41256,0,-0.00426119,0.00105402,0.286004,0.191748
5373,1,0.1,0,0,1,1,1,5.41256,0,0.0138489,0.00102584,0.083067,0.146631
5374,1,0.1,0,0,1,1,1,5.41256,0,-0.00852238,0.00104242,0.331346,0.236865
5375,1,0.1,0,0,1,1,1,5.41256,0,0.0170448,0.00105052,0.0511769,0.293262
5376,1,0.1,0,0,1,1,1,5.41256,0,0.00426119,0.00106936,0.194282,0.248145
5377,1,0.1,0,0,1,1,1,5.41256,0,0.0159795,0.00103532,0.0605441,0.214307
5378,1,0.1,0,0,1,1,1,5.41256,0,0.0138489,0.00102828,0.0833961,0.146631
5379,1,0.1,0,0,1,1,1,5.41256,0,-0.00213059,0.0010035,0.255898,0.191748
5380,1,0.1,0,0,1,1,1,5.41256,0,-0.00426119,0.00101277,0.280559,0.236865
5381,1,0.1,0,0,1,1,1,5.41256,0,0.00532648,0.00103154,0.177572,0.304541
5382,1,0.1,0,0,1,1,1,5.41256,0,0.0127836,0.000999865,0.091363,0.191748
5383,1,0.1,0,0,1,1,1,5.41256,0,0.0010653,0.00101377,0.2221,0.191748
5384,1,0.1,0,0,1,1,1,5.41256,0,0.0170448,0.00101743,0.046808,0.281982
5385,1,0.1,0,0,1,1,1,5.41256,0,0.01811,0.00097102,0.0289641,0.191748
5386,1,0.1,0,0,1,1,1,5.41256,0,-0.0138489,0.000961449,0.379136,0.214307
5387,1,0.1,0,0,1,1,1,5.41256,0,-0.00745708,0.000966865,0.309654,0.214307
5388,1,0.1,0,0,1,1,1,5.41256,0,-0.00532648,0.000991921,0.289525,0.3271
5389,1,0.1,0,0,1,1,1,5.41256,0,0.00213059,0.0010181,0.210953,0.304541
5390,1,0.1,0,0,1,1,1,5.41256,0,-0.0138489,0.00101446,0.386247,0.248145
5391,1,0.1,0,0,1,1,1,5.41256,0,0.00745708,0.00102301,0.153009,0.248145
5392,1,0.1,0,0,1,1,1,5.41256,0,0.0010653,0.00104609,0.226366,0.236865
5393,1,0.1,0,0,1,1,1,5.41256,0,0.00958767,0.000977785,0.123373,0.180469
5394,1,0.1,0,0,1,1,1,5.41256,0,0.010653,0.000974175,0.111347,0.259424
5395,1,0.1,0,0,1,1,1,5.41256,0,-0.0266324,0.00100797,0.526009,0.203027
5396,1,0.1,0,0,1,1,1,5.41256,0,-0.0010653,0.000996804,0.243296,0.304541
5397,1,0.1,0,0,1,1,1,5.41256,0,-0.0010653,0.000981131,0.241228,0.259424
5398,1,0.1,0,0,1,1,1,5.41256,0,-0.0127836,0.000976876,0.369567,0.180469
5399,1,0.1,0,0,1,1,1,5.41256,0,0.0159795,0.000962882,0.0511561,0.259424
5400,1,0.1,0,0,1,1,1,5.41256,0,-0.0127836,0.000981332,0.370155,0.169189
5401,1,0.1,0,0,1,1,1,5.41256,0,0.0213059,0.00101148,-0.000849959,0.304541
5402,1,0.1,0,0,1,1,1,5.41256,0,0.0159795,0.000983607,0.0540622,0.135352
5403,1,0.1,0,0,1,1,1,5.41256,-0.00174533,0.0149142,0.000939543,0.059964,0.169189
5404,1,0.1,0,0,1,1,1,5.41256,0,-0.00532648,0.000954837,0.28463,0.180469
5405,1,0.1,0,0,1,1,1,5.41256,0,-0.01811,0.000946219,0.424111,0.124072
5406,1,0.1,0,0,1,1,1,5.41256,0,-0.0010653,0.00093634,0.235315,0.214307
5407,1,0.1,0,0,1,1,1,5.41256,0,0.00532648,0.000920147,0.162868,0.214307
5408,1,0.1,0,0,1,1,1,5.41256,0,-0.00319589,0.000931844,0.258158,0.248145
5409,1,0.1,0,0,1,1,1,5.41256,0,-0.00639178,0.000901124,0.289258,0.146631
5410,1,0.1,0,0,1,1,1,5.41256,0,-0.00532648,0.000853122,0.270673,0.15791
5411,1,0.1,0,0,1,1,1,5.41256,0,0.01811,0.000828963,0.010053,0.146631
5412,1,0.1,0,0,1,1,1,5.41256,0,-0.0191753,0.000816085,0.418589,0.124072
5413,1,0.1,0,0,1,1,1,5.41256,0,-7.82767e-19,0.000835896,0.210338,0.191748
5414,1,0.1,0,0,1,1,1,5.41256,0,0.0117183,0.000794003,0.0759075,0.191748
5415,1,0.1,0,0,1,1,1,5.41256,0,0.00532648,0.000755184,0.140991,0.180469
5416,1,0.1,0,0,1,1,1,5.41256,0,-0.0138489,0.000734094,0.349238,0.101514
5417,1,0.1,0,0,1,1,1,5.41256,0,-0.010653,0.000751531,0.316385,0.191748
5418,1,0.1,0,0,1,1,1,5.41256,0.00872665,0.00213059,0.000696577,0.168085,0.124072
5419,1,0.1,0,0,1,1,1,5.41256,0,0.00319589,0.000725402,0.160598,0.146631
5420,1,0.1,0,0,1,1,1,5.41256,0,0.00958767,0.000722663,0.0899271,0.15791
5421,1,0.1,0,0,1,1,1,5.41256,0,0.0213059,0.000717554,-0.0396482,0.169189
5422,1,0.1,0,0,1,1,1,5.41256,0,-0.0149142,0.000705423,0.357145,0.191748
5423,1,0.1,0,0,1,1,1,5.41256,0,5.87076e-19,0.000695642,0.191825,0.146631
5424,1,0.1,0,0,1,1,1,5.41256,0,0.0010653,0.000662602,0.175717,0.203027
5425,1,0.1,0,0,1,1,1,5.41256,0,-0.0117183,0.000641085,0.313524,0.112793
5426,1,0.1,0,0,1,1,1,5.41256,0,0.0234365,0.000644705,-0.0727007,0.191748
5427,1,0.1,0,0,1,1,1,5.41256,0,-0.00426119,0.000652227,0.232967,0.214307
5428,1,0.1,0,0,1,1,1,5.41256,0,-0.00639178,0.000630611,0.253296,0.191748
5429,1,0.1,0,0,1,1,1,5.41256,0,-0.010653,0.000635304,0.300984,0.191748
5430,1,0.1,0,0,1,1,1,5.41256,0,0.00852238,0.000638208,0.0904973,0.236865
5431,1,0.1,0,0,1,1,1,5.41256,0,0.0127836,0.00067033,0.0478643,0.259424
5432,1,0.1,0,0,1,1,1,5.41256,0,0.00639178,0.0006726,0.118474,0.146631
5433,1,0.1,0,0,1,1,1,5.41256,0,0.00639178,0.000668271,0.117902,0.15791
5434,1,0.1,0,0,1,1,1,5.41256,0,0.00639178,0.000634235,0.113252,0.15791
5435,1,0.1,0,0,1,1,1,5.41256,0,-0.010653,0.000677474,0.306609,0.259424
5436,1,0.1,0,0,1,1,1,5.41256,0,-0.0127836,0.000666156,0.328552,0.203027
5437,1,0.1,0,0,1,1,1,5.41256,0,-0.010653,0.00069615,0.309074,0.191748
5438,1,0.1,0,0,1,1,1,5.41256,0,0.010653,0.000671378,0.0714392,0.203027
5439,1,0.1,0,0,1,1,1,5.41256,0,0.00958767,0.00066022,0.0816846,0.180469
5440,1,0.1,0,0,1,1,1,5.41256,0,0.0213059,0.000585423,-0.0573752,0.112793
5441,1,0.1,0,0,1,1,1,5.41256,0,-0.00639178,0.000586296,0.247701,0.169189
5442,1,0.1,0,0,1,1,1,5.41256,0,-0.00426119,0.000559926,0.220699,0.15791
5443,1,0.1,0,0,1,1,1,5.41256,0,0.00745708,0.000561415,0.0920249,0.15791
5444,1,0.1,0,0,1,1,1,5.41256,0,0.00639178,0.000515562,0.0974063,0.146631
5445,1,0.1,0,0,1,1,1,5.41256,0,0.0117183,0.000476658,0.0332624,0.15791
5446,1,0.1,0,0,1,1,1,5.41256,0,-0.00958767,0.000486346,0.269361,0.180469
5447,1,0.1,0,0,1,1,1,5.41256,0,0.00639178,0.000462646,0.0906121,0.135352
5448,1,0.1,0,0,1,1,1,5.41256,0,0.0117183,0.000428667,0.0276006,0.15791
5449,1,0.1,0,0,1,1,1,5.41256,0,0.0223712,0.000440986,-0.0878735,0.180469
5450,1,0.1,0,0,1,1,1,5.41256,0,0.0117183,0.000413609,0.0253587,0.124072
5451,1,0.1,0,0,1,1,1,5.41256,0,0.00958767,0.000412556,0.048993,0.112793
5452,1,0.1,0,0,1,1,1,5.41256,0,0.0010653,0.000371185,0.136562,0.112793
5453,1,0.1,0,0,1,1,1,5.41256,0,-0.0010653,0.000336128,0.155107,0.112793
5454,1,0.1,0,0,1,1,1,5.41256,0,-0.0117183,0.000347677,0.27422,0.124072
5455,1,0.1,0,0,1,1,1,5.41256,0,0.00426119,0.000349558,0.0990349,0.135352
5456,1,0.1,0,0,1,1,1,5.41256,0,0.010653,0.000352163,0.0293029,0.101514
5457,1,0.1,0,0,1,1,1,5.41256,0,-0.00852238,0.000323241,0.236181,0.112793
5458,1,0.1,0,0,1,1,1,5.41256,0,0.00426119,0.000307003,0.0933321,0.15791
5459,1,0.1,0,0,1,1,1,5.41256,0,0.01811,0.00029463,-0.0604858,0.112793
5460,1,0.1,0,0,1,1,1,5.41256,0,-0.00213059,0.000289678,0.16142,0.0902344
5461,1,0.0999999,-0.000190189,-0.189565,1,1,1,5.41256,0,0.0255671,0.00025759,-0.171702,0.101514
5462,1,0.0999946,-0.00228609,-0.64397,1,1,1,5.41256,0,0.00852238,0.00022058,-0.06728,0.0902344
5463,1,0.0999733,-0.00658315,-1.0703,1,1,1,5.41256,0,-0.00213059,0.000212629,-0.0534041,0.0676758
5464,1,0.0999254,-0.0129429,-1.46921,1,1,1,5.41256,0,0.0117183,0.000136602,-0.341836,0.0338379
5465,1,0.0998407,-0.0212303,-1.8413,1,1,1,5.41256,0,-0.00745708,5.13304e-05,-0.290498,-0.0451172
5466,1,0.0997101,-0.0313125,-2.18714,1,1,1,5.41246,-0.0139626,-0.00745708,-4.12877e-05,-0.470421,-0.0789551
5467,1,0.0995248,-0.0430576,-2.50724,1,1,1,5.41236,-0.0191986,-0.0010653,-0.000236927,-0.75453,-0.360938
5468,1,0.0992769,-0.0563429,-2.80229,1,1,1,5.41217,-0.0575959,-0.0234365,-0.00040855,-0.735453,-0.586523
5469,1,0.098959,-0.0710414,-3.07278,1,1,1,5.41198,-0.0331613,-0.0298283,-0.000604386,-0.910948,-0.733154
5470,1,0.0985644,-0.0870292,-3.31927,1,1,1,5.41169,-0.0733038,-0.0404813,-0.000831804,-1.05799,-0.857227
5471,1,0.0980868,-0.104194,-3.54242,1,1,1,5.4114,-0.0977384,-0.0671137,-0.00106193,-1.04196,-0.981299
5472,1,0.0975207,-0.122416,-3.74275,1,1,1,5.41102,-0.0872665,-0.0873543,-0.0012734,-1.10475,-1.13921
5473,1,0.096861,-0.141586,-3.92086,1,1,1,5.41045,-0.0837758,-0.100138,-0.00147678,-1.25763,-1.11665
5474,1,0.0961034,-0.161589,-4.07728,1,1,1,5.40997,-0.127409,-0.133162,-0.00161432,-1.18626,-1.06025
5475,1,0.0952439,-0.182322,-4.21264,1,1,1,5.40901,-0.155334,-0.147011,-0.00178104,-1.33692,-1.20688
5476,1,0.0942791,-0.203682,-4.32749,1,1,1,5.40834,-0.193732,-0.17897,-0.00196564,-1.2972,-1.38735
5477,1,0.0932062,-0.225564,-4.4224,1,1,1,5.40719,-0.178024,-0.191753,-0.00211054,-1.46645,-1.35352
5478,1,0.0920229,-0.247872,-4.49797,1,1,1,5.40623,-0.26529,-0.230104,-0.00226864,-1.36038,-1.51143
5479,1,0.090727,-0.270511,-4.55475,1,1,1,5.40469,-0.242601,-0.265259,-0.0023665,-1.28252,-1.40991
5480,1,0.0893173,-0.29339,-4.59334,1,1,1,5.40364,-0.277507,-0.30361,-0.00239688,-1.16035,-1.28584
5481,1,0.0877927,-0.316419,-4.6143,1,1,1,5.40191,-0.274017,-0.30574,-0.00239614,-1.43115,-1.26328
5482,1,0.0861529,-0.339507,-4.61821,1,1,1,5.40067,-0.31765,-0.343026,-0.00237727,-1.31185,-1.21816
5483,1,0.0843977,-0.362573,-4.60564,1,1,1,5.39837,-0.39968,-0.348352,-0.00238463,-1.54514,-1.43247
5484,1,0.0825274,-0.385536,-4.57718,1,1,1,5.39693,-0.342085,-0.368593,-0.00238976,-1.61134,-1.38735
5485,1,0.0805427,-0.408318,-4.5334,1,1,1,5.39434,-0.44855,-0.413335,-0.00239791,-1.40498,-1.45503
5486,1,0.0784447,-0.430845,-4.47487,1,1,1,5.39281,-0.357792,-0.463404,-0.0023524,-1.12681,-1.47759
5487,1,0.0762349,-0.453042,-4.40217,1,1,1,5.39022,-0.45204,-0.453816,-0.00230291,-1.49766,-1.46631
5488,1,0.0739151,-0.474842,-4.31589,1,1,1,5.3883,-0.495674,-0.504951,-0.00226083,-1.19579,-1.38735
5489,1,0.0714872,-0.49618,-4.21657,1,1,1,5.38561,-0.424115,-0.516669,-0.00220546,-1.31775,-1.51143
5490,1,0.0689542,-0.516987,-4.10483,1,1,1,5.38351,-0.549779,-0.519865,-0.00218299,-1.53025,-1.54526
5491,1,0.0663183,-0.537208,-3.9812,1,1,1,5.38015,-0.548033,-0.533714,-0.00219226,-1.62177,-1.59038
5492,1,0.0635829,-0.556782,-3.84629,1,1,1,5.37804,-0.488692,-0.55502,-0.00215936,-1.61558,-1.56782
5493,1,0.0607514,-0.575655,-3.70066,1,1,1,5.37459,-0.623083,-0.59124,-0.0021122,-1.43333,-1.51143
5494,1,0.0578278,-0.593771,-3.54491,1,1,1,5.37229,-0.579449,-0.595501,-0.0020611,-1.59071,-1.54526
5495,1,0.0548153,-0.611086,-3.37959,1,1,1,5.36865,-0.668461,-0.621068,-0.00202182,-1.50457,-1.43247
5496,1,0.0517182,-0.627553,-3.20528,1,1,1,5.36596,-0.663225,-0.64557,-0.00193702,-1.41161,-1.38735
5497,1,0.0485414,-0.643124,-3.02258,1,1,1,5.36232,-0.656244,-0.661549,-0.00183146,-1.39673,-1.37607
5498,1,0.0452887,-0.657764,-2.83202,1,1,1,5.35944,-0.71384,-0.658354,-0.00174437,-1.58255,-1.39863
5499,1,0.0419654,-0.671432,-2.63422,1,1,1,5.35541,-0.651008,-0.714814,-0.00160565,-1.09235,-1.19561
5500,1,0.0385759,-0.684096,-2.42972,1,1,1,5.35254,-0.783653,-0.702031,-0.00147837,-1.35065,-1.26328
5501,1,0.0351256,-0.695721,-2.2191,1,1,1,5.34842,-0.603884,-0.727598,-0.00133449,-1.17132,-1.26328
5502,1,0.0316198,-0.70628,-2.00295,1,1,1,5.34564,-0.752237,-0.73399,-0.0011751,-1.18578,-1.04897
5503,1,0.0280649,-0.715742,-1.78191,1,1,1,5.34103,-0.696386,-0.761687,-0.00102763,-0.953904,-1.33096
5504,1,0.0244648,-0.72409,-1.55645,1,1,1,5.33825,-0.698132,-0.739316,-0.000863722,-1.25458,-0.992578
5505,1,0.0208259,-0.7313,-1.32719,1,1,1,5.33375,-0.736529,-0.771275,-0.000737124,-0.949299,-1.09409
5506,1,0.0171535,-0.737357,-1.09469,1,1,1,5.33106,-0.715585,-0.773406,-0.000601911,-0.955412,-1.0377
5507,1,0.0134544,-0.742243,-0.859583,1,1,1,5.32627,-0.699877,-0.740381,-0.000535299,-1.34272,-1.04897
5508,1,0.00973323,-0.745949,-0.622363,1,1,1,5.32339,-0.797615,-0.757426,-0.000451832,-1.1627,-1.252
5509,1,0.00599656,-0.748464,-0.383649,1,1,1,5.31879,-0.699877,-0.762753,-0.000397579,-1.10061,-1.10537
5510,1,0.00225057,-0.749784,-0.144029,1,1,1,5.31563,-0.836013,-0.80856,-0.00022386,-0.559923,-1.01514
5511,1,-0.0014989,-0.749904,0.0959275,1,1,1,5.31131,-0.666716,-0.776601,-6.0555e-05,-0.860135,-0.80083
5512,1,-0.00524613,-0.748825,0.335665,1,1,1,5.30805,-0.869174,-0.762753,7.07806e-05,-0.950952,-0.879785
5513,1,-0.00898482,-0.746549,0.574585,1,1,1,5.30355,-0.719076,-0.780863,0.000209995,-0.674458,-0.789551
5514,1,-0.0127096,-0.743081,0.812154,1,1,1,5.30038,-0.816814,-0.775536,0.000347695,-0.64049,-0.755713
5515,1,-0.0164141,-0.73843,1.04777,1,1,1,5.29588,-0.656244,-0.753165,0.000467736,-0.781953,-0.688037
5516,1,-0.020092,-0.732608,1.28081,1,1,1,5.29281,-0.829031,-0.765949,0.000602614,-0.520325,-0.812109
5517,1,-0.0237382,-0.725627,1.51078,1,1,1,5.28859,-0.603884,-0.764883,0.000700764,-0.402177,-0.597803
5518,1,-0.0273463,-0.717507,1.73703,1,1,1,5.28552,-0.832522,-0.740381,0.000855193,-0.518822,-0.48501
5519,1,-0.0309112,-0.708265,1.95903,1,1,1,5.28121,-0.701622,-0.729728,0.000897972,-0.486864,-0.688037
5520,1,-0.034427,-0.697925,2.17619,1,1,1,5.27833,-0.736529,-0.693508,0.00092577,-0.724549,-0.665479
5521,1,-0.0378888,-0.686511,2.38795,1,1,1,5.27402,-0.715585,-0.691378,0.000940316,-0.576943,-0.541406
5522,1,-0.0412908,-0.674054,2.59372,1,1,1,5.27124,-0.671952,-0.692443,0.00103449,-0.369573,-0.451172
5523,1,-0.0446279,-0.660584,2.79292,1,1,1,5.26731,-0.66497,-0.671137,0.00112905,-0.395845,-0.360938
5524,1,-0.0478949,-0.646137,2.98497,1,1,1,5.26472,-0.680678,-0.664745,0.00119828,-0.250682,-0.462451
5525,1,-0.0510875,-0.630748,3.1693,1,1,1,5.26069,-0.579449,-0.646635,0.00128026,-0.221289,-0.394775
5526,1,-0.0542008,-0.614458,3.34534,1,1,1,5.25829,-0.602139,-0.62959,0.00139572,-0.164763,-0.135352
5527,1,-0.0572309,-0.597308,3.51252,1,1,1,5.25465,-0.631809,-0.628525,0.0014863,0.0736115,-0.225586
5528,1,-0.0601728,-0.579347,3.67024,1,1,1,5.25235,-0.567232,-0.57526,0.00146907,-0.268159,-0.293262
5529,1,-0.0630228,-0.560624,3.81793,1,1,1,5.2489,-0.596903,-0.559281,0.00152415,-0.181113,-0.214307
5530,1,-0.0657775,-0.541188,3.95503,1,1,1,5.2466,-0.534071,-0.531583,0.00148963,-0.22893,-0.248145
5531,1,-0.0684336,-0.521092,4.08096,1,1,1,5.24363,-0.479966,-0.50282,0.00142666,-0.28578,-0.248145
5532,1,-0.0709877,-0.500396,4.19514,1,1,1,5.24152,-0.523599,-0.513473,0.00162115,0.130595,-0.124072
5533,1,-0.0734366,-0.479162,4.29699,1,1,1,5.23864,-0.446804,-0.441033,0.00155133,-0.395429,-0.191748
5534,1,-0.0757783,-0.45745,4.38593,1,1,1,5.23682,-0.45204,-0.429315,0.00124155,-0.282049,-0.225586
5535,1,-0.0780105,-0.435324,4.46141,1,1,1,5.23433,-0.445059,-0.419727,0.00142017,-0.0766899,-0.0902344
5536,1,-0.080131,-0.412859,4.52283,1,1,1,5.2327,-0.376991,-0.401617,0.00127419,-0.00694129,-0.112793
5537,1,-0.0821386,-0.39012,4.56961,1,1,1,5.2304,-0.376991,-0.382442,0.00119376,0.0628084,-0.135352
5538,1,-0.0840318,-0.367189,4.60119,1,1,1,5.22905,-0.303687,-0.351548,0.00110217,0.00276836,-0.0902344
5539,1,-0.0858104,-0.344134,4.61699,1,1,1,5.22714,-0.336849,-0.322785,0.000982993,-0.0381011,-0.0112793
5540,1,-0.0874731,-0.321045,4.61643,1,1,1,5.22589,-0.303687,-0.282304,0.000862159,-0.209732,0
5541,1,-0.0890209,-0.297997,4.59894,1,1,1,5.22416,-0.287979,-0.255671,0.000700178,-0.238081,-0.112793
5542,1,-0.0904534,-0.275085,4.56393,1,1,1,5.22311,-0.261799,-0.250345,0.000528703,-0.0376708,-0.0225586
5543,1,-0.091772,-0.25239,4.51084,1,1,1,5.22177,-0.207694,-0.231169,0.00037115,0.00765589,-0.214307
5544,1,-0.0929778,-0.230008,4.43909,1,1,1,5.221,-0.205949,-0.190688,0.000159963,-0.195221,-0.191748
5545,1,-0.0940729,-0.208028,4.34809,1,1,1,5.21975,-0.178024,-0.184296,-5.16357e-06,-0.0243728,-0.304541
5546,1,-0.0950589,-0.18656,4.2373,1,1,1,5.21927,-0.113446,-0.151272,-0.000155411,-0.152992,-0.112793
5547,1,-0.0959393,-0.165692,4.1061,1,1,1,5.21832,-0.148353,-0.122509,-0.000334529,-0.249097,-0.203027
5548,1,-0.0967171,-0.145534,3.95394,1,1,1,5.21784,-0.106465,-0.105464,-0.000518972,-0.228555,-0.191748
5549,1,-0.097396,-0.126189,3.78024,1,1,1,5.21716,-0.0872665,-0.0894849,-0.00071836,-0.211566,-0.191748
5550,1,-0.0979805,-0.107767,3.5844,1,1,1,5.21688,-0.0750492,-0.0692443,-0.00093748,-0.258808,-0.214307
5551,1,-0.0984754,-0.0903828,3.3659,1,1,1,5.2164,-0.00523599,-0.0596566,-0.00109588,-0.195792,-0.180469
5552,1,-0.0988863,-0.0741469,3.1241,1,1,1,5.2163,-0.0680678,-0.0447425,-0.00128484,-0.213302,-0.112793
5553,1,-0.099219,-0.0591805,2.85847,1,1,1,5.21611,-0.0191986,-0.0276977,-0.00146902,-0.272345,-0.394775
5554,1,-0.0994804,-0.0456029,2.56841,1,1,1,5.21592,-0.0471239,-0.00639178,-0.0016755,-0.402168,-0.507568
5555,1,-0.0996776,-0.0335384,2.25337,1,1,1,5.21592,0,-0.010653,-0.00182097,-0.263673,-0.417334
5556,1,-0.0998185,-0.0231128,1.91276,1,1,1,5.21592,0.00174533,0.0127836,-0.00197631,-0.454977,-0.439893
5557,1,-0.0999116,-0.0144543,1.54595,1,1,1,5.21592,0,-0.00213059,-0.002134,-0.250466,-0.372217
5558,1,-0.0999662,-0.00769707,1.15244,1,1,1,5.21592,0,0.0362201,-0.00228339,-0.656783,-0.383496
5559,1,-0.099992,-0.00297553,0.731653,1,1,1,5.21592,0,0.00639178,-0.00238923,-0.336528,-0.47373
5560,1,-0.0999996,-0.000427152,0.282942,1,1,1,5.21592,0,0.0010653,-0.00242903,-0.305878,-0.406055
5561,1,-0.1,-0,-0,1,1,1,5.21601,0.0174533,0.0266324,-0.00248867,-0.62529,-0.281982
5562,1,-0.1,-0,-0,1,1,1,5.21601,-0.020944,0.00745708,-0.00249561,-0.418596,-0.575244
5563,1,-0.1,-0,-0,1,1,1,5.21601,0,0.0159795,-0.00249498,-0.514794,-0.214307
5564,1,-0.1,-0,-0,1,1,1,5.21601,0,0.00532648,-0.00253638,-0.406862,-0.394775
5565,1,-0.1,-0,-0,1,1,1,5.21601,0,0.00639178,-0.00255757,-0.425244,-0.428613
5566,1,-0.1,-0,-0,1,1,1,5.21601,0.00523599,0.00958767,-0.00256281,-0.464319,-0.360938
5567,1,-0.1,-0,-0,1,1,1,5.21601,0,0.00639178,-0.00254836,-0.430059,-0.383496
5568,1,-0.1,-0,-0,1,1,1,5.21601,0,-0.00319589,-0.00257255,-0.331392,-0.394775
5569,1,-0.1,-0,-0,1,1,1,5.21601,0,-0.0159795,-0.00256814,-0.193215,-0.304541
5570,1,-0.1,-0,-0,1,1,1,5.21601,0,-0.0202406,-0.00256349,-0.148721,-0.225586
5571,1,-0.1,-0,-0,1,1,1,5.21601,0.0715585,-9.13229e-19,-0.00248555,-0.36235,-0.191748
5572,1,-0.1,-0,-0,1,1,1,5.21601,-0.0226893,-0.00426119,-0.00249825,-0.320545,-0.518848
5573,1,-0.1,-0,-0,1,1,1,5.21601,0,-0.00958767,-0.00250995,-0.266668,-0.496289
5574,1,-0.1,-0,-0,1,1,1,5.21601,0.00872665,1.95692e-19,-0.00253228,-0.378387,-0.281982
5575,1,-0.1,-0,-0,1,1,1,5.21601,0.00872665,-0.0138489,-0.00252514,-0.228403,-0.496289
5576,1,-0.1,-0,-0,1,1,1,5.21601,0,0.00319589,-0.00252779,-0.418955,-0.383496
5577,1,-0.1,-0,-0,1,1,1,5.21601,-0.00872665,0.0117183,-0.00254119,-0.517726,-0.349658
5578,1,-0.1,-0,-0,1,1,1,5.21601,0,-0.00532648,-0.00257156,-0.338144,-0.383496
5579,1,-0.1,-0,-0,1,1,1,5.21601,0.00872665,0.00213059,-0.00254604,-0.419199,-0.372217
5580,1,-0.1,-0,-0,1,1,1,5.21601,0,0.00319589,-0.00253259,-0.431814,-0.428613
5581,1,-0.1,-0,-0,1,1,1,5.21601,-0.00872665,-0.00532648,-0.00255366,-0.34452,-0.338379
5582,1,-0.1,-0,-0,1,1,1,5.21601,0,0.0298283,-0.00260666,-0.741726,-0.530127
5583,1,-0.1,-0,-0,1,1,1,5.21592,-0.015708,-0.00319589,-0.00265197,-0.388946,-0.530127
5584,1,-0.1,-0,-0,1,1,1,5.21592,0,0.0223712,-0.00268624,-0.678363,-0.428613
5585,1,-0.1,-0,-0,1,1,1,5.21592,0,-0.00213059,-0.00270892,-0.416156,-0.676758
5586,1,-0.1,-0,-0,1,1,1,5.21592,0,0.00745708,-0.00271058,-0.524897,-0.48501
5587,1,-0.1,-0,-0,1,1,1,5.21592,0,0.0010653,-0.00271759,-0.458945,-0.48501
5588,1,-0.1,-0,-0,1,1,1,5.21592,0.015708,0.0117183,-0.00270681,-0.577759,-0.338379
5589,1,-0.1,-0,-0,1,1,1,5.21592,0,-0.00213059,-0.00270451,-0.428406,-0.406055
5590,1,-0.1,-0,-0,1,1,1,5.21592,0,-0.00958767,-0.00269825,-0.348826,-0.439893
5591,1,-0.1,-0,-0,1,1,1,5.21592,0,0.0223712,-0.00271241,-0.704122,-0.462451
5592,1,-0.1,-0,-0,1,1,1,5.21592,0,0.0159795,-0.00271025,-0.633527,-0.530127
5593,1,-0.1,-0,-0,1,1,1,5.21592,-0.0226893,0.0127836,-0.0027346,-0.601587,-0.406055
5594,1,-0.1,-0,-0,1,1,1,5.21592,0,0.00852238,-0.00274401,-0.555955,-0.462451
5595,1,-0.1,-0,-0,1,1,1,5.21592,0,-0.00532648,-0.00274611,-0.403896,-0.462451
5596,1,-0.1,-0,-0,1,1,1,5.21592,0,0.00426119,-0.0027673,-0.512156,-0.417334
5597,1,-0.1,-0,-0,1,1,1,5.21592,0,0.0202406,-0.00276317,-0.687385,-0.406055
5598,1,-0.1,-0,-0,1,1,1,5.21592,0,0.0010653,-0.002764,-0.476566,-0.451172
5599,1,-0.1,-0,-0,1,1,1,5.21592,0,0.00426119,-0.00279885,-0.516322,-0.518848
5600,1,-0.1,-0,-0,1,1,1,5.21592,0,-0.00852238,-0.00278646,-0.374067,-0.552686
5601,1,-0.1,-0,-0,1,1,1,5.21592,0,-0.0117183,-0.00275976,-0.335387,-0.428613
5602,1,-0.1,-0,-0,1,1,1,5.21592,0,-0.00213059,-0.00281262,-0.447829,-0.518848
5603,1,-0.1,-0,-0,1,1,1,5.21592,0.00698132,-0.00426119,-0.00282528,-0.426064,-0.48501
5604,1,-0.1,-0,-0,1,1,1,5.21592,0,0.00639178,-0.00283835,-0.544972,-0.439893
5605,1,-0.1,-0,-0,1,1,1,5.21592,0,-1.95692e-19,-0.00284554,-0.475611,-0.48501
5606,1,-0.1,-0,-0,1,1,1,5.21592,0,-0.00213059,-0.0028877,-0.45774,-0.518848
5607,1,-0.1,-0,-0,1,1,1,5.21592,0,-2.47876e-18,-0.00291384,-0.484626,-0.462451
5608,1,-0.1,-0,-0,1,1,1,5.21592,0,-0.00319589,-0.00292085,-0.450398,-0.541406
5609,1,-0.1,-0,-0,1,1,1,5.21592,0,-3.26153e-19,-0.00293603,-0.487556,-0.462451
5610,1,-0.1,-0,-0,1,1,1,5.21592,0,0.00426119,-0.00293614,-0.534444,-0.394775
5611,1,-0.1,-0,-0,1,1,1,5.21592,0,-0.00852238,-0.00293888,-0.394186,-0.552686
5612,1,-0.1,-0,-0,1,1,1,5.21592,0,0.00532648,-0.00295033,-0.548035,-0.451172
5613,1,-0.1,-0,-0,1,1,1,5.21592,0,0.00852238,-0.00293015,-0.580526,-0.338379
5614,1,-0.1,-0,-0,1,1,1,5.21592,-0.00872665,-0.0149142,-0.0028949,-0.318071,-0.518848
5615,1,-0.1,-0,-0,1,1,1,5.21592,0,0.0159795,-0.00290419,-0.659128,-0.496289
5616,1,-0.1,-0,-0,1,1,1,5.21592,0,0.00745708,-0.0029273,-0.568431,-0.451172
5617,1,-0.1,-0,-0,1,1,1,5.21592,0,0.0127836,-0.00294224,-0.628995,-0.383496
5618,1,-0.1,-0,-0,1,1,1,5.21592,-0.0174533,0.00426119,-0.00293429,-0.5342,-0.428613
5619,1,-0.1,-0,-0,1,1,1,5.21592,0,-0.010653,-0.00292645,-0.369109,-0.406055
5620,1,-0.1,-0,-0,1,1,1,5.21592,0,-0.0223712,-0.0029214,-0.239541,-0.338379
5621,1,-0.1,-0,-0,1,1,1,5.21592,0.0279253,0.00532648,-0.00293767,-0.546364,-0.552686
5622,1,-0.1,-0,-0,1,1,1,5.21592,0,0.028763,-0.00296162,-0.807327,-0.406055
5623,1,-0.1,-0,-0,1,1,1,5.21582,0,0.00639178,-0.00296482,-0.561665,-0.496289
5624,1,-0.1,-0,-0,1,1,1,5.21592,-0.00349066,-0.00213059,-0.00294793,-0.46569,-0.552686
5625,1,-0.1,-0,-0,1,1,1,5.21592,0,0.00319589,-0.00297569,-0.527946,-0.496289
5626,1,-0.1,-0,-0,1,1,1,5.21592,0,0.00745708,-0.00298211,-0.575667,-0.394775
5627,1,-0.1,-0,-0,1,1,1,5.21592,0,-0.00532648,-0.00297365,-0.43393,-0.462451
5628,1,-0.1,-0,-0,1,1,1,5.21592,0,0.0170448,-0.00301272,-0.685171,-0.47373
5629,1,-0.1,-0,-0,1,1,1,5.21592,0,5.87076e-19,-0.00299534,-0.495385,-0.530127
5630,1,-0.1,-0,-0,1,1,1,5.21592,0,-0.00426119,-0.00302549,-0.452491,-0.609082
5631,1,-0.1,-0,-0,1,1,1,5.21592,0,-0.00639178,-0.00301992,-0.42832,-0.462451
5632,1,-0.1,-0,-0,1,1,1,5.21592,0,0.00852238,-0.00302805,-0.593449,-0.349658
5633,1,-0.1,-0,-0,1,1,1,5.21582,0,0.00319589,-0.00303936,-0.536351,-0.597803
5634,1,-0.1,-0,-0,1,1,1,5.21592,0,0.0127836,-0.00305489,-0.643865,-0.563965
5635,1,-0.1,-0,-0,1,1,1,5.21592,0,0.00958767,-0.00307384,-0.611211,-0.609082
5636,1,-0.1,-0,-0,1,1,1,5.21592,0,-0.0138489,-0.00309609,-0.356346,-0.541406
5637,1,-0.1,-0,-0,1,1,1,5.21592,0.00872665,-8.47998e-19,-0.00313115,-0.513312,-0.47373
5638,1,-0.1,-0,-0,1,1,1,5.21592,0,0.00319589,-0.00315951,-0.55221,-0.575244
5639,1,-0.1,-0,-0,1,1,1,5.21582,0,0.0010653,-0.00320363,-0.534597,-0.575244
5640,1,-0.1,-0,-0,1,1,1,5.21582,0,-0.0138489,-0.00320759,-0.371065,-0.541406
5641,1,-0.1,-0,-0,1,1,1,5.21592,0,-0.0159795,-0.00317621,-0.343486,-0.575244
5642,1,-0.1,-0,-0,1,1,1,5.21592,0.010472,1.95692e-19,-0.00318854,-0.520888,-0.48501
5643,1,-0.1,-0,-0,1,1,1,5.21592,0,0.00532648,-0.00324877,-0.587429,-0.586523
5644,1,-0.1,-0,-0,1,1,1,5.21582,0,-0.00213059,-0.00328547,-0.510246,-0.518848
5645,1,-0.1,-0,-0,1,1,1,5.21582,0,-0.00639178,-0.00326779,-0.461039,-0.507568
5646,1,-0.1,-0,-0,1,1,1,5.21582,0,0.00532648,-0.0033091,-0.595393,-0.541406
5647,1,-0.1,-0,-0,1,1,1,5.21582,0,-0.0159795,-0.0033056,-0.360566,-0.518848
5648,1,-0.1,-0,-0,1,1,1,5.21582,0,-0.0010653,-0.00332035,-0.526568,-0.620361
5649,1,-0.1,-0,-0,1,1,1,5.21582,0,-0.00532648,-0.00328257,-0.474708,-0.496289
5650,1,-0.1,-0,-0,1,1,1,5.21592,0.0174533,-0.00745708,-0.00327806,-0.450676,-0.462451
5651,1,-0.1,-0,-0,1,1,1,5.21592,0,0.0234365,-0.00331412,-0.795266,-0.552686
5652,1,-0.1,-0,-0,1,1,1,5.21582,0,0.0213059,-0.00333624,-0.77475,-0.676758
5653,1,-0.1,-0,-0,1,1,1,5.21582,-0.00174533,0.0010653,-0.00338998,-0.559196,-0.530127
5654,1,-0.1,-0,-0,1,1,1,5.21582,0,-0.0159795,-0.00339112,-0.371854,-0.507568
5655,1,-0.1,-0,-0,1,1,1,5.21582,0.00872665,0.01811,-0.00339986,-0.747992,-0.541406
5656,1,-0.1,-0,-0,1,1,1,5.21582,-0.00349066,0.00319589,-0.00339275,-0.582998,-0.676758
5657,1,-0.1,-0,-0,1,1,1,5.21582,0,0.00319589,-0.00339975,-0.583921,-0.597803
5658,1,-0.1,-0,-0,1,1,1,5.21582,0,0.00213059,-0.00337048,-0.56834,-0.451172
5659,1,-0.1,-0,-0,1,1,1,5.21582,0,0.00213059,-0.00338755,-0.570593,-0.676758
5660,1,-0.1,-0,-0,1,1,1,5.21582,0.0122173,-0.00532648,-0.00338226,-0.487867,-0.541406
5661,1,-0.1,-0,-0,1,1,1,5.21582,0,-0.0010653,-0.00340353,-0.537548,-0.575244
5662,1,-0.1,-0,-0,1,1,1,5.21582,0,0.0149142,-0.0034048,-0.713489,-0.496289
5663,1,-0.1,-0,-0,1,1,1,5.21582,0,0.00213059,-0.00339916,-0.572126,-0.530127
5664,1,-0.1,-0,-0,1,1,1,5.21582,-0.00872665,0.00958767,-0.00342387,-0.657415,-0.518848
5665,1,-0.1,-0,-0,1,1,1,5.21582,0,0.0149142,-0.00347409,-0.722635,-0.586523
5666,1,-0.1,-0,-0,1,1,1,5.21582,-0.00872665,-0.00213059,-0.00348538,-0.536634,-0.530127
5667,1,-0.1,-0,-0,1,1,1,5.21582,0,0.00319589,-0.00346929,-0.5931,-0.462451
5668,1,-0.1,-0,-0,1,1,1,5.21582,-0.0174533,0.00852238,-0.00348614,-0.653917,-0.541406
5669,1,-0.1,-0,-0,1,1,1,5.21582,0,-2.47876e-18,-0.0035103,-0.56336,-0.451172
5670,1,-0.1,-0,-0,1,1,1,5.21573,-0.0261799,0.00958767,-0.0035289,-0.67128,-0.575244
5671,1,-0.1,-0,-0,1,1,1,5.21582,-0.020944,0.00532648,-0.00352101,-0.623364,-0.518848
5672,1,-0.1,-0,-0,1,1,1,5.21582,-0.00872665,0.0223712,-0.00355779,-0.815711,-0.812109
5673,1,-0.1,-0,-0,1,1,1,5.21582,0,0.00319589,-0.0035844,-0.608296,-0.518848
5674,1,-0.1,-0,-0,1,1,1,5.21582,0,0.01811,-0.00359073,-0.773187,-0.552686
5675,1,-0.1,-0,-0,1,1,1,5.21573,-0.0122173,0.00958767,-0.00359959,-0.68061,-0.721875
5676,1,-0.1,-0,-0,1,1,1,5.21582,0.00523599,0.00426119,-0.00362836,-0.625817,-0.609082
5677,1,-0.1,-0,-0,1,1,1,5.21582,0,0.010653,-0.00364441,-0.698245,-0.609082
5678,1,-0.1,-0,-0,1,1,1,5.21582,-0.00174533,0.0213059,-0.00369407,-0.821983,-0.654199
5679,1,-0.1,-0,-0,1,1,1,5.21573,0,0.0202406,-0.00373184,-0.81525,-0.586523
5680,1,-0.1,-0,-0,1,1,1,5.21573,0,-0.00958767,-0.00372642,-0.486423,-0.518848
5681,1,-0.1,-0,-0,1,1,1,5.21582,0,0.0213059,-0.00374149,-0.828243,-0.597803
5682,1,-0.1,-0,-0,1,1,1,5.21573,-0.00523599,0.00426119,-0.00376895,-0.644375,-0.665479
5683,1,-0.1,-0,-0,1,1,1,5.21573,0.00174533,0.00639178,-0.00375932,-0.66654,-0.563965
5684,1,-0.1,-0,-0,1,1,1,5.21573,-0.00872665,0.0170448,-0.00376176,-0.784045,-0.688037
5685,1,-0.1,-0,-0,1,1,1,5.21573,-0.00349066,-0.0138489,-0.00375397,-0.443186,-0.609082
5686,1,-0.1,-0,-0,1,1,1,5.21573,-0.00872665,0.0117183,-0.00375428,-0.724466,-0.631641
5687,1,-0.1,-0,-0,1,1,1,5.21573,-0.0139626,0.00639178,-0.00377446,-0.668539,-0.575244
5688,1,-0.1,-0,-0,1,1,1,5.21573,0,-0.00319589,-0.00376878,-0.562324,-0.48501
5689,1,-0.1,-0,-0,1,1,1,5.21573,0,-0.0010653,-0.00375001,-0.583283,-0.721875
5690,1,-0.1,-0,-0,1,1,1,5.21582,0.00872665,0.00852238,-0.00378539,-0.693418,-0.518848
5691,1,-0.1,-0,-0,1,1,1,5.21573,0,-0.00426119,-0.003811,-0.556179,-0.586523
5692,1,-0.1,-0,-0,1,1,1,5.21573,0,-0.010653,-0.00382835,-0.48816,-0.563965
5693,1,-0.1,-0,-0,1,1,1,5.21573,0,0.0213059,-0.00383183,-0.840167,-0.64292
5694,1,-0.1,-0,-0,1,1,1,5.21573,0,0.00426119,-0.00382284,-0.651489,-0.721875
5695,1,-0.1,-0,-0,1,1,1,5.21582,-0.0279253,-0.00213059,-0.00383891,-0.583299,-0.631641
5696,1,-0.1,-0,-0,1,1,1,5.21573,0,-0.01811,-0.00384862,-0.408807,-0.597803
5697,1,-0.1,-0,-0,1,1,1,5.21582,0.00349066,0.0010653,-0.00385959,-0.621184,-0.654199
5698,1,-0.1,-0,-0,1,1,1,5.21573,0,-0.010653,-0.00385611,-0.491824,-0.597803
5699,1,-0.1,-0,-0,1,1,1,5.21573,0,-0.0159795,-0.00388544,-0.437104,-0.597803
5700,1,-0.1,-0,-0,1,1,1,5.21573,0,-0.00532648,-0.00388064,-0.553653,-0.417334
5701,1,-0.1,-0,-0,1,1,1,5.21573,0,-0.00319589,-0.00386213,-0.574647,-0.676758
5702,1,-0.1,-0,-0,1,1,1,5.21582,0.0226893,-0.0159795,-0.00387618,-0.435882,-0.575244
5703,1,-0.1,-0,-0,1,1,1,5.21582,0.015708,-0.0010653,-0.00387943,-0.600366,-0.552686
5704,1,-0.1,-0,-0,1,1,1,5.21573,0,0.00319589,-0.00386615,-0.645486,-0.676758
5705,1,-0.1,-0,-0,1,1,1,5.21573,-0.0244346,-0.00319589,-0.0038943,-0.578893,-0.710596
5706,1,-0.1,-0,-0,1,1,1,5.21573,0,0.00213059,-0.00391361,-0.640033,-0.586523
5707,1,-0.1,-0,-0,1,1,1,5.21573,0,-0.0149142,-0.00395863,-0.458484,-0.845947
5708,1,-0.1,-0,-0,1,1,1,5.21573,0.0122173,0.0213059,-0.00394026,-0.854479,-0.496289
5709,1,-0.1,-0,-0,1,1,1,5.21573,0,0,-0.00390913,-0.616005,-0.496289
5710,1,-0.1,-0,-0,1,1,1,5.21573,-0.015708,0.0010653,-0.00392207,-0.629432,-0.597803
5711,1,-0.1,-0,-0,1,1,1,5.21573,0,0.0245018,-0.00393018,-0.888304,-0.586523
5712,1,-0.1,-0,-0,1,1,1,5.21573,0,0.00213059,-0.00392105,-0.641016,-0.541406
5713,1,-0.1,-0,-0,1,1,1,5.21573,0,-0.0138489,-0.00390134,-0.462639,-0.665479
5714,1,-0.1,-0,-0,1,1,1,5.21573,0.0122173,-0.0170448,-0.00392703,-0.430875,-0.755713
5715,1,-0.1,-0,-0,1,1,1,5.21573,0.010472,0.01811,-0.00395854,-0.821737,-0.552686
5716,1,-0.1,-0,-0,1,1,1,5.21573,0,0.00319589,-0.00395074,-0.656652,-0.552686
5717,1,-0.1,-0,-0,1,1,1,5.21573,0,-0.0117183,-0.00394726,-0.492138,-0.530127
5718,1,-0.1,-0,-0,1,1,1,5.21573,0,0.0117183,-0.00393103,-0.747797,-0.654199
5719,1,-0.1,-0,-0,1,1,1,5.21573,0,1.23938e-18,-0.0039827,-0.625716,-0.654199
5720,1,-0.1,-0,-0,1,1,1,5.21573,0,-0.0149142,-0.003998,-0.46368,-0.586523
5721,1,-0.1,-0,-0,1,1,1,5.21573,0.0418879,0.0010653,-0.00399106,-0.638538,-0.586523
5722,1,-0.1,-0,-0,1,1,1,5.21573,0,-0.00639178,-0.0040164,-0.559856,-0.609082
5723,1,-0.1,-0,-0,1,1,1,5.21573,0,0.0117183,-0.00402979,-0.760834,-0.688037
5724,1,-0.1,-0,-0,1,1,1,5.21573,0,0.0117183,-0.00404964,-0.763453,-0.688037
5725,1,-0.1,-0,-0,1,1,1,5.21573,0,-0.0149142,-0.00406833,-0.472964,-0.688037
5726,1,-0.1,-0,-0,1,1,1,5.21573,0,-0.0191753,-0.00407905,-0.427506,-0.676758
5727,1,-0.1,-0,-0,1,1,1,5.21573,0.0261799,0.00745708,-0.00407792,-0.720314,-0.64292
5728,1,-0.1,-0,-0,1,1,1,5.21573,0,-0.00426119,-0.00402924,-0.584986,-0.586523
5729,1,-0.1,-0,-0,1,1,1,5.21573,0,-0.00639178,-0.00403534,-0.562355,-0.609082
5730,1,-0.1,-0,-0,1,1,1,5.21573,-0.00872665,0.00532648,-0.004067,-0.695436,-0.710596
5731,1,-0.1,-0,-0,1,1,1,5.21573,0,-0.00426119,-0.00406914,-0.590253,-0.541406
5732,1,-0.1,-0,-0,1,1,1,5.21573,0,0.00426119,-0.00408792,-0.686479,-0.609082
5733,1,-0.1,-0,-0,1,1,1,5.21563,0,0.00213059,-0.00408817,-0.663074,-0.676758
5734,1,-0.1,-0,-0,1,1,1,5.21563,0,-0.0213059,-0.00404118,-0.39907,-0.620361
5735,1,-0.1,-0,-0,1,1,1,5.21573,0.010472,-0.0010653,-0.00403738,-0.621216,-0.518848
5736,1,-0.1,-0,-0,1,1,1,5.21573,-0.00872665,0.0117183,-0.00403688,-0.761769,-0.597803
5737,1,-0.1,-0,-0,1,1,1,5.21563,-0.00872665,0.00319589,-0.00404542,-0.66915,-0.530127
5738,1,-0.1,-0,-0,1,1,1,5.21563,-0.00698132,0.0010653,-0.00408003,-0.650282,-0.676758
5739,1,-0.1,-0,-0,1,1,1,5.21563,0,-0.01811,-0.0040478,-0.435099,-0.654199
5740,1,-0.1,-0,-0,1,1,1,5.21573,0.0122173,0.0117183,-0.00406376,-0.765317,-0.676758
5741,1,-0.1,-0,-0,1,1,1,5.21573,0,0.00213059,-0.00406958,-0.660621,-0.518848
5742,1,-0.1,-0,-0,1,1,1,5.21563,-0.0226893,-0.00426119,-0.00408723,-0.592641,-0.80083
5743,1,-0.1,-0,-0,1,1,1,5.21563,0,-0.010653,-0.00407347,-0.520516,-0.586523
5744,1,-0.1,-0,-0,1,1,1,5.21563,0,-0.00852238,-0.00407502,-0.544156,-0.676758
5745,1,-0.1,-0,-0,1,1,1,5.21563,0.00872665,0.00213059,-0.00408443,-0.662581,-0.541406
5746,1,-0.1,-0,-0,1,1,1,5.21563,0,-0.00532648,-0.00408982,-0.581265,-0.665479
5747,1,-0.1,-0,-0,1,1,1,5.21563,0,0.0159795,-0.00409242,-0.815974,-0.609082
5748,1,-0.1,-0,-0,1,1,1,5.21563,0,-0.01811,-0.0041222,-0.44492,-0.64292
5749,1,-0.1,-0,-0,1,1,1,5.21573,0.00349066,3.91384e-19,-0.00412064,-0.643924,-0.654199
5750,1,-0.1,-0,-0,1,1,1,5.21563,0,3.26153e-19,-0.00413092,-0.645281,-0.631641
5751,1,-0.1,-0,-0,1,1,1,5.21563,0,-0.0010653,-0.00414847,-0.635879,-0.733154
5752,1,-0.1,-0,-0,1,1,1,5.21563,0,0.00745708,-0.00411663,-0.725423,-0.507568
5753,1,-0.1,-0,-0,1,1,1,5.21563,0,0.0117183,-0.0041383,-0.775157,-0.609082
5754,1,-0.1,-0,-0,1,1,1,5.21563,0,0.00532648,-0.00418198,-0.710613,-0.699316
5755,1,-0.1,-0,-0,1,1,1,5.21563,0,-0.0149142,-0.00416203,-0.485332,-0.654199
5756,1,-0.1,-0,-0,1,1,1,5.21563,0,-2.60922e-19,-0.00416309,-0.649528,-0.64292
5757,1,-0.1,-0,-0,1,1,1,5.21563,0,0.010653,-0.00416012,-0.766318,-0.64292
5758,1,-0.1,-0,-0,1,1,1,5.21563,0,-0.0117183,-0.00414951,-0.518834,-0.688037
5759,1,-0.1,-0,-0,1,1,1,5.21563,0,0.0234365,-0.00417487,-0.908885,-0.744434
5760,1,-0.1,-0,-0,1,1,1,5.21563,0,0.0117183,-0.00416448,-0.778612,-0.597803
5761,1,-0.0999999,9.51393e-05,0.0948045,1,1,1,5.21563,0,0.00639178,-0.00422109,-0.715554,-0.80083
5762,1,-0.0999973,0.00114304,0.321983,1,1,1,5.21563,0,0.00426119,-0.00419645,-0.649947,-0.665479
5763,1,-0.0999867,0.00329135,0.535133,1,1,1,5.21563,0,-0.0010653,-0.00419645,-0.54019,-0.518848
5764,1,-0.0999627,0.00647152,0.73461,1,1,1,5.21563,0,0.00958767,-0.0041786,-0.592425,-0.586523
5765,1,-0.0999204,0.0106152,0.920656,1,1,1,5.21573,-0.00872665,0.0159795,-0.00416802,-0.588156,-0.541406
5766,1,-0.099855,0.0156566,1.09358,1,1,1,5.21573,0,-0.00319589,-0.0041057,-0.286018,-0.338379
5767,1,-0.0997624,0.0215296,1.25364,1,1,1,5.21573,0.00698132,-0.00532648,-0.0040211,-0.15943,-0.394775
5768,1,-0.0996385,0.0281717,1.40115,1,1,1,5.21573,0.0139626,0.0149142,-0.00392789,-0.269542,-0.281982
5769,1,-0.0994795,0.0355204,1.53639,1,1,1,5.21582,0,-0.0010653,-0.00381456,0.028917,-0.180469
5770,1,-0.0992822,0.0435152,1.65964,1,1,1,5.21582,0.0174533,-0.00213059,-0.00356338,0.188679,-0.0676758
5771,1,-0.0990434,0.0520983,1.77123,1,1,1,5.21592,0,0.0117183,-0.00338477,0.180477,-0.0338379
5772,1,-0.0987603,0.0612084,1.87138,1,1,1,5.21592,0.0174533,0.0127836,-0.00316091,0.324463,0
5773,1,-0.0984305,0.0707929,1.96043,1,1,1,5.21601,0.020944,0.0223712,-0.00295131,0.377756,0.0789551
5774,1,-0.0980517,0.0807947,2.03864,1,1,1,5.21611,0.0174533,0.0213059,-0.00267216,0.562828,0.180469
5775,1,-0.097622,0.0911612,2.10632,1,1,1,5.2163,0.0349066,0.0202406,-0.00232157,0.762719,0.372217
5776,1,-0.0971396,0.10184,2.16374,1,1,1,5.21659,0.0977384,0.0149142,-0.00194148,1.01706,0.755713
5777,1,-0.0966031,0.112782,2.2112,1,1,1,5.21697,0.0750492,0.0521996,-0.00157731,0.803625,1.04897
5778,1,-0.0960114,0.123937,2.24898,1,1,1,5.21716,0.0174533,0.0713749,-0.00126546,0.782862,0.924902
5779,1,-0.0953635,0.135256,2.27738,1,1,1,5.21755,0.0767945,0.0745708,-0.0010122,0.930132,0.789551
5780,1,-0.0946586,0.146695,2.29667,1,1,1,5.21803,0.125664,0.10653,-0.000801069,0.755817,0.834668
5781,1,-0.0938964,0.158208,2.30715,1,1,1,5.2186,0.111701,0.118248,-0.000594978,0.803327,0.80083
5782,1,-0.0930764,0.169754,2.3091,1,1,1,5.21908,0.137881,0.135293,-0.000401535,0.790122,0.891064
5783,1,-0.0921989,0.181285,2.30282,1,1,1,5.21985,0.101229,0.122509,-0.000203532,1.10418,0.778271
5784,1,-0.0912637,0.192768,2.28859,1,1,1,5.22052,0.185005,0.164056,4.91076e-06,0.821784,0.868506
5785,1,-0.0902713,0.20416,2.2667,1,1,1,5.22148,0.122173,0.161925,0.000212971,1.01732,0.857227
5786,1,-0.0892223,0.215423,2.23743,1,1,1,5.22234,0.23911,0.182166,0.000313261,0.948768,0.857227
5787,1,-0.0881174,0.226522,2.20109,1,1,1,5.2233,0.244346,0.219451,0.000448536,0.695284,0.924902
5788,1,-0.0869574,0.237422,2.15794,1,1,1,5.22426,0.191986,0.217321,0.000586941,0.87215,0.936182
5789,1,-0.0857436,0.24809,2.10828,1,1,1,5.2257,0.23911,0.217321,0.000719785,1.02155,0.913623
5790,1,-0.084477,0.258494,2.05241,1,1,1,5.22666,0.228638,0.235431,0.000806816,0.96113,0.823389
5791,1,-0.083159,0.268605,1.99059,1,1,1,5.22809,0.277507,0.25141,0.000842289,0.911972,0.710596
5792,1,-0.0817914,0.278392,1.92314,1,1,1,5.22915,0.270526,0.275912,0.000860607,0.761719,0.721875
5793,1,-0.0803759,0.287826,1.85034,1,1,1,5.23078,0.282743,0.288695,0.00084213,0.729722,0.766992
5794,1,-0.0789139,0.296886,1.77246,1,1,1,5.23183,0.267035,0.290826,0.000859074,0.814852,0.766992
5795,1,-0.0774075,0.305544,1.68979,1,1,1,5.23385,0.279253,0.290826,0.000827904,0.910417,0.676758
5796,1,-0.0758591,0.313776,1.60264,1,1,1,5.23481,0.29147,0.328111,0.00080655,0.592051,0.665479
5797,1,-0.0742705,0.321563,1.51127,1,1,1,5.23682,0.240855,0.324916,0.000799868,0.714062,0.688037
5798,1,-0.0726442,0.328883,1.416,1,1,1,5.23807,0.394444,0.314263,0.000821254,0.916164,0.688037
5799,1,-0.0709826,0.335717,1.3171,1,1,1,5.24008,0.349066,0.330242,0.0008998,0.827858,0.845947
5800,1,-0.0692881,0.342048,1.21486,1,1,1,5.24161,0.34383,0.367527,0.000925929,0.490904,0.823389
5801,1,-0.067563,0.34786,1.10956,1,1,1,5.24343,0.349066,0.374985,0.000888794,0.465389,0.868506
5802,1,-0.0658103,0.353139,1.0015,1,1,1,5.24497,0.340339,0.350483,0.000838278,0.781908,0.857227
5803,1,-0.0640323,0.357872,0.890945,1,1,1,5.24708,0.39619,0.346222,0.000812188,0.872429,0.766992
5804,1,-0.0622325,0.362045,0.778233,1,1,1,5.24852,0.359538,0.345156,0.000818894,0.925463,0.766992
5805,1,-0.060413,0.36565,0.663603,1,1,1,5.25082,0.404916,0.345156,0.000792274,0.954532,0.64292
5806,1,-0.058577,0.368678,0.547364,1,1,1,5.25225,0.3735,0.355809,0.000766873,0.859381,0.733154
5807,1,-0.0567271,0.371122,0.429785,1,1,1,5.25456,0.389208,0.392029,0.000713975,0.471356,0.609082
5808,1,-0.0548667,0.372974,0.311187,1,1,1,5.25599,0.380482,0.389899,0.000663293,0.4973,0.631641
5809,1,-0.0529985,0.374232,0.19184,1,1,1,5.2582,0.31765,0.377115,0.000630604,0.635431,0.507568
5810,1,-0.0511253,0.374892,0.0720177,1,1,1,5.25964,0.39968,0.372854,0.000637776,0.678447,0.496289
5811,1,-0.0492505,0.374952,-0.047966,1,1,1,5.26194,0.349066,0.365397,0.000697401,0.757251,0.676758
5812,1,-0.0473769,0.374412,-0.167835,1,1,1,5.26347,0.42586,0.370723,0.000700972,0.679482,0.620361
5813,1,-0.0455075,0.373274,-0.2873,1,1,1,5.26548,0.328122,0.371789,0.000713999,0.642469,0.439893
5814,1,-0.0436451,0.371541,-0.406083,1,1,1,5.26702,0.420624,0.361136,0.000795295,0.737048,0.597803
5815,1,-0.0417928,0.369215,-0.523891,1,1,1,5.26942,0.315905,0.346222,0.000867544,0.870111,0.710596
5816,1,-0.0399539,0.366304,-0.640411,1,1,1,5.27057,0.345575,0.33983,0.000895614,0.895794,0.744434
5817,1,-0.0381309,0.362814,-0.75539,1,1,1,5.27277,0.336849,0.362201,0.000926141,0.598378,0.496289
5818,1,-0.0363268,0.358753,-0.868515,1,1,1,5.27411,0.371755,0.353679,0.000981019,0.637415,0.48501
5819,1,-0.0345443,0.354132,-0.979525,1,1,1,5.27632,0.312414,0.353679,0.00100487,0.571466,0.563965
5820,1,-0.0327861,0.348961,-1.08812,1,1,1,5.27766,0.408407,0.364332,0.000978956,0.374283,0.654199
5821,1,-0.0310555,0.343255,-1.19398,1,1,1,5.27967,0.272271,0.34196,0.000984222,0.538101,0.48501
5822,1,-0.0293547,0.337027,-1.29686,1,1,1,5.28111,0.380482,0.351548,0.000928241,0.335443,0.451172
5823,1,-0.027686,0.330292,-1.39646,1,1,1,5.28313,0.282743,0.365397,0.000885788,0.0818702,0.270703
5824,1,-0.0260527,0.323069,-1.49247,1,1,1,5.28447,0.382227,0.352613,0.000794187,0.107574,0.270703
5825,1,-0.0244562,0.315374,-1.58465,1,1,1,5.28629,0.315905,0.307871,0.000756725,0.486924,0.293262
5826,1,-0.0228996,0.307229,-1.67267,1,1,1,5.28773,0.333358,0.33983,0.00072483,0.0195095,0.248145
5827,1,-0.0213847,0.298655,-1.75625,1,1,1,5.28936,0.268781,0.301479,0.000660621,0.314665,0.270703
5828,1,-0.0199136,0.289673,-1.83512,1,1,1,5.2908,0.361283,0.300414,0.000638557,0.20167,0.394775
5829,1,-0.0184886,0.280312,-1.90896,1,1,1,5.29223,0.247837,0.290826,0.000566024,0.170552,0.191748
5830,1,-0.0171111,0.270593,-1.97752,1,1,1,5.29348,0.312414,0.276977,0.000566061,0.193137,0.428613
5831,1,-0.0157832,0.260546,-2.04048,1,1,1,5.29492,0.228638,0.256737,0.000573861,0.283801,0.191748
5832,1,-0.0145063,0.250199,-2.09757,1,1,1,5.29607,0.277507,0.243953,0.000590815,0.290732,0.214307
5833,1,-0.0132816,0.23958,-2.1485,1,1,1,5.29741,0.232129,0.242888,0.000612033,0.166879,0.225586
5834,1,-0.0121108,0.228724,-2.19297,1,1,1,5.29827,0.193732,0.224778,0.000612289,0.224943,0.281982
5835,1,-0.0109948,0.217662,-2.2307,1,1,1,5.29952,0.237365,0.204537,0.000654982,0.311169,0.338379
5836,1,-0.00993448,0.206429,-2.26141,1,1,1,5.30038,0.172788,0.193884,0.000713649,0.293308,0.428613
5837,1,-0.0089307,0.19506,-2.28481,1,1,1,5.30144,0.188496,0.203472,0.00079064,0.0548114,0.417334
5838,1,-0.00798401,0.183593,-2.3006,1,1,1,5.30211,0.139626,0.155533,0.000843382,0.444246,0.349658
5839,1,-0.00709487,0.172068,-2.3085,1,1,1,5.30307,0.219911,0.128901,0.000973089,0.611848,0.3271
5840,1,-0.00626338,0.160522,-2.30822,1,1,1,5.30374,0.136136,0.147011,0.00105691,0.281676,0.394775
5841,1,-0.00548958,0.148999,-2.29947,1,1,1,5.30451,0.151844,0.150207,0.00109405,0.109608,0.3271
5842,1,-0.00477321,0.137541,-2.28196,1,1,1,5.30498,0.0837758,0.139554,0.0011862,0.0999829,0.281982
5843,1,-0.00411403,0.126195,-2.25542,1,1,1,5.30566,0.0750492,0.128901,0.00127252,0.0919461,0.3271
5844,1,-0.00351106,0.115003,-2.21954,1,1,1,5.30604,0.109956,0.103334,0.00139239,0.256007,0.372217
5845,1,-0.00296359,0.104015,-2.17405,1,1,1,5.30661,0.0418879,0.100138,0.00146173,0.170395,0.236865
5846,1,-0.00247049,0.0932791,-2.11865,1,1,1,5.3069,0.0925025,0.0617872,0.00154175,0.476937,0.31582
5847,1,-0.0020303,0.0828452,-2.05304,1,1,1,5.30738,0.0628319,0.0607219,0.00164524,0.382466,0.360938
5848,1,-0.00164149,0.0727673,-1.97698,1,1,1,5.30757,0.0436332,0.0617872,0.00172174,0.266284,0.360938
5849,1,-0.00130198,0.0630939,-1.89011,1,1,1,5.30786,0.0436332,0.0564607,0.00179167,0.225871,0.394775
5850,1,-0.00100973,0.0538831,-1.7922,1,1,1,5.30805,0.0226893,0.0479384,0.00184555,0.22494,0.236865
5851,1,-0.000762283,0.0451909,-1.68294,1,1,1,5.30824,0.0366519,0.0245018,0.00193549,0.401868,0.428613
5852,1,-0.000556858,0.0370728,-1.56204,1,1,1,5.30834,0.00872665,0.00213059,0.00206947,0.581924,0.406055
5853,1,-0.000390451,0.0295883,-1.4292,1,1,1,5.30844,0.0122173,0.0159795,0.00215839,0.367097,0.462451
5854,1,-0.000259826,0.0228022,-1.28422,1,1,1,5.30844,0,0.00319589,0.00222683,0.451768,0.372217
5855,1,-0.000161214,0.0167689,-1.12668,1,1,1,5.30844,0,0.00639178,0.00235209,0.380341,0.47373
5856,1,-9.07595e-05,0.0115562,-0.956369,1,1,1,5.30853,0.0122173,0.0127836,0.00243505,0.279398,0.507568
5857,1,-4.41827e-05,0.00722725,-0.772979,1,1,1,5.30844,-0.00872665,0.00213059,0.00248419,0.373595,0.48501
5858,1,-1.69032e-05,0.00384867,-0.576231,1,1,1,5.30844,0,0.0138489,0.00248947,0.229316,0.48501
5859,1,-3.99958e-06,0.00148755,-0.365801,1,1,1,5.30844,-0.0261799,0.00213059,0.00250596,0.357938,0.47373
5860,1,-2.14305e-07,0.000213578,-0.141471,1,1,1,5.30844,0,-0.010653,0.00252298,0.513627,0.530127
5861,1,0,0,0,1,1,1,5.30844,0.0122173,-0.00639178,0.00253567,0.485066,0.541406
5862,1,0,0,0,1,1,1,5.30844,0,0.00532648,0.00258164,0.366174,0.462451
5863,1,0,0,0,1,1,1,5.30844,0,0.00852238,0.00261371,0.338909,0.383496
5864,1,0,0,0,1,1,1,5.30853,0.00872665,0.0117183,0.00255789,0.298574,0.349658
5865,1,0,0,0,1,1,1,5.30844,0,0.00426119,0.00256317,0.38444,0.48501
5866,1,0,0,0,1,1,1,5.30844,0,-0.0010653,0.00257644,0.447823,0.47373
5867,1,0,0,0,1,1,1,5.30844,0,0.00745708,0.00259492,0.360372,0.541406
5868,1,0,0,0,1,1,1,5.30844,0,-0.0117183,0.00259566,0.571529,0.518848
5869,1,0,0,0,1,1,1,5.30844,0,0.00958767,0.00260549,0.33846,0.47373
5870,1,0,0,0,1,1,1,5.30844,0,0.00426119,0.00256592,0.391829,0.439893
5871,1,0,0,0,1,1,1,5.30844,0,0.00745708,0.0025391,0.353133,0.248145
5872,1,0,0,0,1,1,1,5.30844,0,-0.0127836,0.00253761,0.575584,0.360938
5873,1,0,0,0,1,1,1,5.30844,0.00174533,-0.00213059,0.00249256,0.452454,0.372217
5874,1,0,0,0,1,1,1,5.30844,0,-0.0159795,0.00248876,0.60429,0.428613
5875,1,0,0,0,1,1,1,5.30844,0.020944,0.0202406,0.00246876,0.20323,0.417334
5876,1,0,0,0,1,1,1,5.30844,-0.00698132,0.00213059,0.00244467,0.399259,0.383496
5877,1,0,0,0,1,1,1,5.30844,0,0,0.00241862,0.419258,0.338379
5878,1,0,0,0,1,1,1,5.30844,0,0.00532648,0.00242836,0.361952,0.3271
5879,1,0,0,0,1,1,1,5.30844,0,0.00639178,0.00240594,0.347274,0.406055
5880,1,0,0,0,1,1,1,5.30844,0,-0.0138489,0.0023888,0.567659,0.360938
5881,1,0,0,0,1,1,1,5.30844,0,0.00319589,0.00240274,0.382007,0.394775
5882,1,0,0,0,1,1,1,5.30844,0,-0.0010653,0.00241081,0.429945,0.417334
5883,1,0,0,0,1,1,1,5.30844,0,0.00319589,0.00236229,0.376668,0.47373
5884,1,0,0,0,1,1,1,5.30844,-0.00872665,-0.00532648,0.0023624,0.470428,0.394775
5885,1,0,0,0,1,1,1,5.30853,0,-0.00213059,0.00234481,0.432951,0.417334
5886,1,0,0,0,1,1,1,5.30844,0,0.0010653,0.00233717,0.396788,0.439893
5887,1,0,0,0,1,1,1,5.30844,0,0.0010653,0.00232066,0.394486,0.428613
5888,1,0,0,0,1,1,1,5.30844,-0.0331613,0.00639178,0.00233051,0.337318,0.372217
5889,1,0,0,0,1,1,1,5.30844,0,0.00213059,0.002324,0.383331,0.48501
5890,1,0,0,0,1,1,1,5.30844,0,-0.00639178,0.00228769,0.472284,0.338379
5891,1,0,0,0,1,1,1,5.30844,0.00349066,3.91384e-19,0.00230463,0.404211,0.47373
5892,1,0,0,0,1,1,1,5.30844,-0.00872665,-0.0213059,0.00228981,0.63662,0.270703
5893,1,0,0,0,1,1,1,5.30853,0.0174533,-0.00426119,0.00232387,0.453624,0.507568
5894,1,0,0,0,1,1,1,5.30844,-0.0122173,0.0191753,0.0023165,0.19485,0.406055
5895,1,0,0,0,1,1,1,5.30844,-0.0174533,-0.00958767,0.00228357,0.506895,0.304541
5896,1,0,0,0,1,1,1,5.30844,0,-0.00745708,0.00226983,0.481646,0.406055
5897,1,0,0,0,1,1,1,5.30844,0.00174533,-0.00319589,0.00229091,0.437554,0.383496
5898,1,0,0,0,1,1,1,5.30844,0.0139626,-0.0159795,0.00229976,0.579342,0.48501
5899,1,0,0,0,1,1,1,5.30844,0.020944,0.0127836,0.00230261,0.263325,0.451172
5900,1,0,0,0,1,1,1,5.30844,-0.010472,-0.0159795,0.002296,0.578846,0.248145
5901,1,0,0,0,1,1,1,5.30844,0.00349066,-0.010653,0.00229603,0.520259,0.349658
5902,1,0,0,0,1,1,1,5.30844,-0.00349066,-0.0010653,0.00227193,0.411613,0.225586
5903,1,0,0,0,1,1,1,5.30844,0,0.00532648,0.00224487,0.337731,0.214307
5904,1,0,0,0,1,1,1,5.30844,0.00872665,-0.010653,0.00226554,0.516234,0.383496
5905,1,0,0,0,1,1,1,5.30844,0,1.30461e-19,0.00222834,0.394141,0.417334
5906,1,0,0,0,1,1,1,5.30844,0,0.0149142,0.00222357,0.229455,0.518848
5907,1,0,0,0,1,1,1,5.30844,0,0.0234365,0.0022173,0.134882,0.439893
5908,1,0,0,0,1,1,1,5.30844,0,0.0117183,0.00221229,0.263122,0.31582
5909,1,0,0,0,1,1,1,5.30844,0,-0.00426119,0.00221223,0.438887,0.406055
5910,1,0,0,0,1,1,1,5.30844,0,0.0117183,0.00218928,0.260084,0.191748
5911,1,0,0,0,1,1,1,5.30844,0,0.00319589,0.00214916,0.348534,0.281982
5912,1,0,0,0,1,1,1,5.30844,0,-0.010653,0.00213597,0.499131,0.248145
5913,1,0,0,0,1,1,1,5.30844,0,0.01811,0.00209179,0.176906,0.360938
5914,1,0,0,0,1,1,1,5.30844,0,0.00958767,0.00206361,0.266932,0.3271
5915,1,0,0,0,1,1,1,5.30844,0,-1.95692e-19,0.00206482,0.372556,0.541406
5916,1,0,0,0,1,1,1,5.30844,-0.00872665,-0.0010653,0.00205885,0.383487,0.428613
5917,1,0,0,0,1,1,1,5.30844,0,0.00426119,0.00202527,0.320463,0.338379
5918,1,0,0,0,1,1,1,5.30844,-0.00872665,0.0117183,0.00201132,0.236593,0.360938
5919,1,0,0,0,1,1,1,5.30844,0,0.0223712,0.0019895,0.116531,0.3271
5920,1,0,0,0,1,1,1,5.30844,0,0.00319589,0.00198917,0.327416,0.394775
5921,1,0,0,0,1,1,1,5.30844,0,0.0138489,0.00196954,0.207642,0.406055
5922,1,0,0,0,1,1,1,5.30844,0,-0.00958767,0.00198139,0.467008,0.462451
5923,1,0,0,0,1,1,1,5.30844,0,-2.60922e-19,0.00197884,0.361207,0.383496
5924,1,0,0,0,1,1,1,5.30844,0,0.0330242,0.00196599,-0.00375598,0.383496
5925,1,0,0,0,1,1,1,5.30844,-0.0174533,0.00852238,0.00195051,0.263721,0.338379
5926,1,0,0,0,1,1,1,5.30844,0,0.0117183,0.00193247,0.226185,0.383496
5927,1,0,0,0,1,1,1,5.30844,0,0.00213059,0.00194243,0.332965,0.360938
5928,1,0,0,0,1,1,1,5.30844,0.00872665,-0.0245018,0.00195544,0.627639,0.609082
5929,1,0,0,0,1,1,1,5.30844,0.0244346,-0.00532648,0.0019685,0.418433,0.428613
5930,1,0,0,0,1,1,1,5.30844,0,0.0159795,0.00194093,0.180429,0.428613
5931,1,0,0,0,1,1,1,5.30844,0,-0.00745708,0.00195427,0.439991,0.451172
5932,1,0,0,0,1,1,1,5.30844,0,0.0010653,0.00195629,0.346512,0.530127
5933,1,0,0,0,1,1,1,5.30844,0,-0.0010653,0.00197964,0.373031,0.360938
5934,1,0,0,0,1,1,1,5.30844,0,-0.010653,0.00198187,0.47879,0.383496
5935,1,0,0,0,1,1,1,5.30844,0.00872665,0.0191753,0.00195539,0.147183,0.270703
5936,1,0,0,0,1,1,1,5.30844,0,-0.0138489,0.00195227,0.510037,0.383496
5937,1,0,0,0,1,1,1,5.30844,0.00523599,-0.00213059,0.00194726,0.380474,0.428613
5938,1,0,0,0,1,1,1,5.30844,0,-0.0010653,0.00190744,0.363501,0.31582
5939,1,0,0,0,1,1,1,5.30844,0,-0.0117183,0.00190584,0.480471,0.293262
5940,1,0,0,0,1,1,1,5.30844,0,0.00319589,0.00191112,0.317113,0.31582
5941,1,0,0,0,1,1,1,5.30844,0,-0.00213059,0.00191498,0.376214,0.360938
5942,1,0,0,0,1,1,1,5.30844,0,-0.0010653,0.00195382,0.369623,0.406055
5943,1,0,0,0,1,1,1,5.30844,0,-0.00639178,0.00192131,0.423923,0.203027
5944,1,0,0,0,1,1,1,5.30844,0,0.00532648,0.00188966,0.290844,0.383496
5945,1,0,0,0,1,1,1,5.30844,0,-0.0149142,0.00190062,0.514937,0.428613
5946,1,0,0,0,1,1,1,5.30844,0,-0.00319589,0.00187498,0.382652,0.394775
5947,1,0,0,0,1,1,1,5.30844,0,-0.00213059,0.00185597,0.368425,0.31582
5948,1,0,0,0,1,1,1,5.30844,0,0.00426119,0.00184874,0.297161,0.248145
5949,1,0,0,0,1,1,1,5.30844,0,0.0117183,0.00185091,0.21542,0.3271
5950,1,0,0,0,1,1,1,5.30844,0,0.0010653,0.00185526,0.333177,0.304541
5951,1,0,0,0,1,1,1,5.30844,0,-0.00319589,0.00185053,0.379424,0.31582
5952,1,0,0,0,1,1,1,5.30844,0,-0.00745708,0.00183374,0.424081,0.3271
5953,1,0,0,0,1,1,1,5.30844,0,0.0170448,0.00185676,0.1576,0.417334
5954,1,0,0,0,1,1,1,5.30844,0,0.00319589,0.0018331,0.306815,0.293262
5955,1,0,0,0,1,1,1,5.30844,0,0.00213059,0.00184099,0.319575,0.48501
5956,1,0,0,0,1,1,1,5.30844,-0.0226893,0.0266324,0.00182695,0.0482003,0.293262
5957,1,0,0,0,1,1,1,5.30844,-0.00872665,0.00745708,0.00179143,0.254441,0.293262
5958,1,0,0,0,1,1,1,5.30844,0.00872665,0.00639178,0.00176993,0.263321,0.338379
5959,1,0,0,0,1,1,1,5.30844,0,-0.00213059,0.00182227,0.363976,0.47373
5960,1,0,0,0,1,1,1,5.30844,0,-0.00213059,0.00183391,0.365513,0.406055
5961,1,0,0,0,1,1,1,5.30844,0,-1.696e-18,0.00179263,0.336628,0.338379
5962,1,0,0,0,1,1,1,5.30844,0,0.0159795,0.00179567,0.161254,0.270703
5963,1,0,0,0,1,1,1,5.30844,0,-0.0255671,0.00181427,0.620722,0.31582
5964,1,0,0,0,1,1,1,5.30844,0,-0.00426119,0.00181563,0.386536,0.304541
5965,1,0,0,0,1,1,1,5.30844,0,0.00213059,0.00184361,0.31992,0.451172
5966,1,0,0,0,1,1,1,5.30844,0,0.00532648,0.00181159,0.280539,0.31582
5967,1,0,0,0,1,1,1,5.30844,0,0.0117183,0.00183006,0.212668,0.372217
5968,1,0,0,0,1,1,1,5.30844,0,-0.0010653,0.00180567,0.350067,0.146631
5969,1,0,0,0,1,1,1,5.30844,0,-0.00532648,0.00178852,0.394676,0.293262
5970,1,0,0,0,1,1,1,5.30844,0,-0.00426119,0.00175474,0.378499,0.169189
5971,1,0,0,0,1,1,1,5.30844,0,0.00532648,0.00175151,0.272608,0.31582
5972,1,0,0,0,1,1,1,5.30844,0,0.00958767,0.00171197,0.220516,0.0789551
5973,1,0,0,0,1,1,1,5.30844,0,-0.00532648,0.00171046,0.384372,0.338379
5974,1,0,0,0,1,1,1,5.30844,0,-0.00745708,0.00170974,0.407714,0.31582
5975,1,0,0,0,1,1,1,5.30844,0,0.010653,0.00170542,0.207933,0.372217
5976,1,0,0,0,1,1,1,5.30844,0,-0.00319589,0.00168165,0.357132,0.259424
5977,1,0,0,0,1,1,1,5.30844,0,-0.0170448,0.00168907,0.510449,0.31582
5978,1,0,0,0,1,1,1,5.30844,0,-0.00319589,0.00170139,0.359738,0.225586
5979,1,0,0,0,1,1,1,5.30844,0,0,0.00167747,0.321426,0.304541
5980,1,0,0,0,1,1,1,5.30844,0,-0.0010653,0.00167576,0.332919,0.360938
5981,1,0,0,0,1,1,1,5.30844,0,-0.0117183,0.00168121,0.450821,0.3271
5982,1,0,0,0,1,1,1,5.30844,0,-0.0159795,0.00170087,0.500289,0.428613
5983,1,0,0,0,1,1,1,5.30844,0,0.010653,0.00166906,0.203134,0.349658
5984,1,0,0,0,1,1,1,5.30844,-0.00174533,-0.0170448,0.00168961,0.510521,0.180469
5985,1,0,0,0,1,1,1,5.30844,0.00872665,0.0138489,0.0016782,0.169185,0.169189
5986,1,0,0,0,1,1,1,5.30844,0,0.0010653,0.00164304,0.305047,0.293262
5987,1,0,0,0,1,1,1,5.30844,0,0.00852238,0.001668,0.22643,0.338379
5988,1,0,0,0,1,1,1,5.30844,0,0.0117183,0.00165294,0.189287,0.372217
5989,1,0,0,0,1,1,1,5.30844,0,-0.0010653,0.00165302,0.329916,0.236865
5990,1,0,0,0,1,1,1,5.30844,0,0.0276977,0.00165419,0.0136784,0.281982
5991,1,0,0,0,1,1,1,5.30844,0,0.01811,0.00161834,0.114411,0.338379
5992,1,0,0,0,1,1,1,5.30844,0,0.00426119,0.00161661,0.26652,0.394775
5993,1,0,0,0,1,1,1,5.30844,0,0.00532648,0.00158798,0.251022,0.293262
5994,1,0,0,0,1,1,1,5.30844,0,0.0127836,0.0015453,0.163361,0.236865
5995,1,0,0,0,1,1,1,5.30844,0,-0.00426119,0.00154958,0.351418,0.214307
5996,1,0,0,0,1,1,1,5.30844,0,0.00639178,0.00152438,0.230908,0.281982
5997,1,0,0,0,1,1,1,5.30844,0,-0.00745708,0.00152836,0.383771,0.15791
5998,1,0,0,0,1,1,1,5.30844,0,-0.00319589,0.00148016,0.330536,0.203027
5999,1,0,0,0,1,1,1,5.30844,0,-0.0159795,0.00146428,0.469059,0.304541
6000,1,0,0,0,1,1,1,5.30844,0,-0.00639178,0.00145442,0.362293,0.281982
6001,1,0,0,0,1,1,1,5.30844,0,-0.0117183,0.00149275,0.425945,0.383496
6002,1,0,0,0,1,1,1,5.30844,0,0.00852238,0.00150094,0.204378,0.383496
6003,1,0,0,0,1,1,1,5.30844,0,0.0010653,0.00148544,0.28436,0.372217
6004,1,0,0,0,1,1,1,5.30844,0,-0.00319589,0.0014371,0.324852,0.248145
6005,1,0,0,0,1,1,1,5.30844,0,-0.00639178,0.00142335,0.358192,0.338379
6006,1,0,0,0,1,1,1,5.30844,0,0.00958767,0.00143927,0.184519,0.383496
6007,1,0,0,0,1,1,1,5.30844,0,0.00213059,0.00145389,0.268477,0.304541
6008,1,0,0,0,1,1,1,5.30844,0,6.52306e-20,0.00144359,0.290554,0.281982
6009,1,0,0,0,1,1,1,5.30844,0,-0.00745708,0.00142926,0.370691,0.394775
6010,1,0,0,0,1,1,1,5.30844,-0.00872665,-0.01811,0.00143615,0.488783,0.304541
6011,1,0,0,0,1,1,1,5.30844,0.00872665,-0.00532648,0.00142059,0.34611,0.406055
6012,1,0,0,0,1,1,1,5.30844,0,-0.0149142,0.00140496,0.449511,0.383496
6013,1,0,0,0,1,1,1,5.30844,0,-0.00852238,0.00139217,0.377512,0.281982
6014,1,0,0,0,1,1,1,5.30844,0,-0.0010653,0.00138808,0.294945,0.270703
6015,1,0,0,0,1,1,1,5.30844,0,0.00319589,0.00134647,0.242393,0.293262
6016,1,0,0,0,1,1,1,5.30844,0,-0.00639178,0.00134246,0.347515,0.203027
6017,1,0,0,0,1,1,1,5.30844,0,-0.00852238,0.00131044,0.366656,0.259424
6018,1,0,0,0,1,1,1,5.30844,0,-0.00319589,0.00128488,0.30476,0.259424
6019,1,0,0,0,1,1,1,5.30844,0,0.00958767,0.00125871,0.16067,0.304541
6020,1,0,0,0,1,1,1,5.30844,0,0.00319589,0.00126807,0.232231,0.0902344
6021,1,0,0,0,1,1,1,5.30844,0,0.0117183,0.00125045,0.136159,0.248145
6022,1,0,0,0,1,1,1,5.30844,0,0.00319589,0.00121542,0.225281,0.180469
6023,1,0,0,0,1,1,1,5.30844,0,-0.0010653,0.0012148,0.272071,0.248145
6024,1,0,0,0,1,1,1,5.30844,0,-0.00532648,0.0011948,0.316098,0.270703
6025,1,0,0,0,1,1,1,5.30844,0,-0.00745708,0.00121653,0.34261,0.304541
6026,1,0,0,0,1,1,1,5.30844,0,0.00213059,0.00120808,0.23603,0.203027
6027,1,0,0,0,1,1,1,5.30844,0,0.00532648,0.00118679,0.198065,0.225586
6028,1,0,0,0,1,1,1,5.30844,0,-0.00852238,0.00115539,0.346176,0.281982
6029,1,0,0,0,1,1,1,5.30844,0,0.0010653,0.00111397,0.234787,0.248145
6030,1,0,0,0,1,1,1,5.30844,0,0.0202406,0.00109933,0.0224639,0.248145
6031,1,0,0,0,1,1,1,5.30844,0,-0.00639178,0.00110321,0.315933,0.225586
6032,1,0,0,0,1,1,1,5.30844,0,0.0127836,0.00104665,0.0974112,0.203027
6033,1,0,0,0,1,1,1,5.30844,0,7.82767e-19,0.00107817,0.242319,0.270703
6034,1,0,0,0,1,1,1,5.30844,0,0.00319589,0.00105808,0.204512,0.214307
6035,1,0,0,0,1,1,1,5.30844,0,0.00213059,0.00104512,0.21452,0.259424
6036,1,0,0,0,1,1,1,5.30844,0,0.0159795,0.00104586,0.0622799,0.15791
6037,1,0,0,0,1,1,1,5.30844,0,-0.00745708,0.00101862,0.316485,0.225586
6038,1,0,0,0,1,1,1,5.30844,0,-0.010653,0.00100698,0.350104,0.248145
6039,1,0,0,0,1,1,1,5.30844,0,0.00213059,0.000975351,0.20531,0.191748
6040,1,0,0,0,1,1,1,5.30844,0,0.0010653,0.000989784,0.218933,0.236865
6041,1,0,0,0,1,1,1,5.30844,0,-0.0149142,0.000983839,0.393923,0.203027
6042,1,0,0,0,1,1,1,5.30844,0,-0.00319589,0.000946032,0.259959,0.225586
6043,1,0,0,0,1,1,1,5.30844,0,0.00745708,0.000908984,0.137868,0.203027
6044,1,0,0,0,1,1,1,5.30844,0,0.0117183,0.000905551,0.0906318,0.248145
6045,1,0,0,0,1,1,1,5.30844,0,-0.0127836,0.000925715,0.362814,0.203027
6046,1,0,0,0,1,1,1,5.30844,0,-0.0138489,0.000894989,0.370458,0.0789551
6047,1,0,0,0,1,1,1,5.30844,0,0.0138489,0.00088945,0.0650699,0.214307
6048,1,0,0,0,1,1,1,5.30844,0,-0.0010653,0.000863343,0.22568,0.180469
6049,1,0,0,0,1,1,1,5.30844,0,0.0138489,0.000871564,0.062709,0.180469
6050,1,0,0,0,1,1,1,5.30844,0,-0.0138489,0.000861436,0.366047,0.203027
6051,1,0,0,0,1,1,1,5.30844,0,0.00319589,0.000815428,0.172331,0.180469
6052,1,0,0,0,1,1,1,5.30844,0,0.0234365,0.000819477,-0.0496309,0.281982
6053,1,0,0,0,1,1,1,5.30844,0,0.0202406,0.000829494,-0.0131539,0.248145
6054,1,0,0,0,1,1,1,5.30844,0,0.00213059,0.000825842,0.185518,0.135352
6055,1,0,0,0,1,1,1,5.30844,0,-0.0010653,0.000828065,0.221023,0.203027
6056,1,0,0,0,1,1,1,5.30844,0,0.00852238,0.000829531,0.115752,0.293262
6057,1,0,0,0,1,1,1,5.30844,0,-0.0223712,0.000842838,0.457223,0.135352
6058,1,0,0,0,1,1,1,5.30844,0,-0.00319589,0.000842552,0.246372,0.293262
6059,1,0,0,0,1,1,1,5.30844,0,0.0202406,0.000829542,-0.0131576,0.180469
6060,1,0,0,0,1,1,1,5.30844,0,0.0127836,0.000768594,0.0603675,0.0676758
