index,/gimbal/yaw_sweep/active,/gimbal/yaw_sweep/target_offset,/gimbal/yaw_sweep/remote_ready,/gimbal/yaw_sweep/right_switch,/gimbal/yaw/angle,/gimbal/yaw/velocity,/gimbal/yaw/velocity_imu,/gimbal/yaw/control_angle_error,/gimbal/yaw/control_torque,/gimbal/yaw/torque
4250,1,0,1,1,5.17795,0.0174533,-0.0340895,2.85823e-05,0.346944,-0.248145
4251,1,0,1,1,5.17814,0.0139626,0.00745708,7.65367e-05,-0.185506,-0.0225586
4252,1,0,1,1,5.17814,0,-0.0127836,9.80883e-05,0.0806509,-0.214307
4253,1,0,1,1,5.17824,0.010472,0.00532648,6.30813e-05,-0.159517,-0.0789551
4254,1,0,1,1,5.17824,0,0.0159795,-2.64344e-05,-0.310875,-0.15791
4255,1,0,1,1,5.17824,0,0.0149142,-5.23136e-05,-0.30046,-0.236865
4256,1,0,1,1,5.17824,0.0244346,0.00319589,-0.000108864,-0.155699,-0.236865
4257,1,0,1,1,5.17824,0,0.0202406,-0.000132666,-0.379975,-0.180469
4258,1,0,1,1,5.17834,0.0174533,-0.00745708,-0.00011247,-0.0172173,-0.259424
4259,1,0,1,1,5.17834,0.00174533,-0.010653,-7.1762e-05,0.0299538,-0.0676758
4260,1,0,1,1,5.17834,0,0.0170448,-5.63399e-05,-0.327328,0
4261,1,0,1,1,5.17834,0,0.00958767,-5.13413e-05,-0.229978,-0.0676758
4262,1,0,1,1,5.17834,0,0.0159795,-0.000119806,-0.323308,-0.191748
4263,1,0,1,1,5.17834,0,-0.00426119,-0.000127139,-0.0610768,-0.15791
4264,1,0,1,1,5.17834,-0.00872665,-0.00532648,-0.000156896,-0.0511521,-0.191748
4265,1,0,1,1,5.17834,0,0.0159795,-0.000126734,-0.323372,-0.248145
4266,1,0,1,1,5.17834,0,-0.01811,-0.000129691,0.11896,-0.383496
4267,1,0,1,1,5.17843,0.00698132,0.0117183,-9.78123e-05,-0.263291,-0.112793
4268,1,0,1,1,5.17843,0,0.00532648,-8.75618e-05,-0.178881,-0.169189
4269,1,0,1,1,5.17843,0,0.0149142,-0.000124958,-0.309092,-0.0676758
4270,1,0,1,1,5.17843,-0.00523599,-0.00852238,-0.000160111,-0.0100236,-0.101514
4271,1,0,1,1,5.17843,0.00698132,0.00319589,-0.000162606,-0.162685,-0.214307
4272,1,0,1,1,5.17843,0,0.00213059,-0.000142799,-0.14585,-0.214307
4273,1,0,1,1,5.17843,0,0.00958767,-0.000150511,-0.244065,-0.101514
4274,1,0,1,1,5.17843,0,-0.00426119,-0.000149604,-0.0640531,-0.203027
4275,1,0,1,1,5.17843,0,-2.60922e-19,-0.00015663,-0.120362,-0.191748
4276,1,0,1,1,5.17843,0,-0.00639178,-0.000154158,-0.0368317,-0.135352
4277,1,0,1,1,5.17843,0,-0.00213059,-0.00015329,-0.092028,-0.135352
4278,1,0,1,1,5.17843,0,0.00745708,-0.000175473,-0.219619,-0.281982
4279,1,0,1,1,5.17843,0,0.00958767,-0.000181584,-0.248246,-0.259424
4280,1,0,1,1,5.17843,0,0.0138489,-0.000197491,-0.305447,-0.31582
4281,1,0,1,1,5.17843,0,0.00958767,-0.000201122,-0.250737,-0.236865
4282,1,0,1,1,5.17843,0,0.00745708,-0.000228263,-0.226616,-0.281982
4283,1,0,1,1,5.17843,0,0.0202406,-0.000245392,-0.395029,-0.0563965
4284,1,0,1,1,5.17834,-0.0191986,0.00319589,-0.00023931,-0.172457,-0.360938
4285,1,0,1,1,5.17843,0,-0.00532648,-0.000291951,-0.0687093,-0.191748
4286,1,0,1,1,5.17834,0,0.00213059,-0.00027282,-0.163055,-0.0789551
4287,1,0,1,1,5.17843,0,0.00319589,-0.00031929,-0.183054,-0.372217
4288,1,0,1,1,5.17834,0,-0.0159795,-0.000339948,0.0635397,-0.191748
4289,1,0,1,1,5.17843,0.0191986,0.00426119,-0.000344071,-0.200125,-0.124072
4290,1,0,1,1,5.17843,0,-0.0138489,-0.000314324,0.0394909,-0.0789551
4291,1,0,1,1,5.17843,0,-0.00213059,-0.000309859,-0.112369,-0.0451172
4292,1,0,1,1,5.17843,0,-0.0308936,-0.000339605,0.257468,-0.146631
4293,1,0,1,1,5.17843,0.0174533,0.01811,-0.000362415,-0.382473,-0.0902344
4294,1,0,1,1,5.17843,-0.00872665,0.00319589,-0.000373207,-0.190063,-0.0676758
4295,1,0,1,1,5.17843,0,-0.0159795,-0.000340466,0.0638178,-0.101514
4296,1,0,1,1,5.17843,0,0.00213059,-0.000347905,-0.172817,-0.0676758
4297,1,0,1,1,5.17843,0,-0.00532648,-0.000327302,-0.0733049,-0.0789551
4298,1,0,1,1,5.17843,0,0.00639178,-0.000360187,-0.229917,-0.146631
4299,1,0,1,1,5.17843,0,-0.00958767,-0.000382726,-0.0251147,-0.146631
4300,1,0,1,1,5.17843,0,-0.00213059,-0.000383777,-0.122193,-0.0902344
4301,1,0,1,1,5.17843,0,0.00426119,-0.000386683,-0.20548,-0.180469
4302,1,0,1,1,5.17843,0,0.00745708,-0.000401532,-0.249141,-0.180469
4303,1,0,1,1,5.17843,0,0.00958767,-0.000436827,-0.281427,-0.225586
4304,1,0,1,1,5.17843,0,-0.0010653,-0.000406316,-0.138799,-0.0789551
4305,1,0,1,1,5.17843,0,-0.0010653,-0.000436534,-0.142901,-0.135352
4306,1,0,1,1,5.17843,0,-0.010653,-0.000475359,-0.0233081,-0.203027
4307,1,0,1,1,5.17843,0.0122173,-0.0223712,-0.000532515,0.121599,-0.248145
4308,1,0,1,1,5.17834,0,-0.00639178,-0.000548944,-0.0882695,-0.270703
4309,1,0,1,1,5.17843,0,0.00852238,-0.000518886,-0.278221,-0.124072
4310,1,0,1,1,5.17843,0,0.00532648,-0.000513248,-0.235873,-0.146631
4311,1,0,1,1,5.17843,0,0.00639178,-0.000501647,-0.248307,-0.0563965
4312,1,0,1,1,5.17843,0,0.0138489,-0.000490701,-0.343492,-0.203027
4313,1,0,1,1,5.17843,0,0.00532648,-0.000505833,-0.234976,-0.15791
4314,1,0,1,1,5.17843,0,-0.0010653,-0.000513793,-0.152944,-0.112793
4315,1,0,1,1,5.17843,0,0.00958767,-0.000517677,-0.291938,-0.0789551
4316,1,0,1,1,5.17843,0,0.00319589,-0.000514787,-0.208311,-0.191748
4317,1,0,1,1,5.17843,0,0.00639178,-0.000520052,-0.2507,-0.0676758
4318,1,0,1,1,5.17843,0,-1.5003e-18,-0.000507564,-0.165908,-0.112793
4319,1,0,1,1,5.17843,0,0.00639178,-0.000517429,-0.250359,-0.112793
4320,1,0,1,1,5.17843,0,-0.00852238,-0.000528535,-0.0579187,-0.146631
4321,1,0,1,1,5.17843,0,0.00852238,-0.00050518,-0.275943,-0.124072
4322,1,0,1,1,5.17843,0,-0.0127836,-0.000477858,0.00451486,-0.248145
4323,1,0,1,1,5.17843,0,-0.0159795,-0.000441466,0.0509228,-0.146631
4324,1,0,1,1,5.17843,0.00872665,0.00852238,-0.000478196,-0.272956,-0.0789551
4325,1,0,1,1,5.17843,0,0.00958767,-0.000518028,-0.291983,-0.31582
4326,1,0,1,1,5.17843,0,-0.0127836,-0.000537715,-0.00371662,-0.236865
4327,1,0,1,1,5.17843,0,0.00532648,-0.000562631,-0.242386,-0.214307
4328,1,0,1,1,5.17843,0,0.00426119,-0.000523071,-0.222867,-0.191748
4329,1,0,1,1,5.17843,0,0.00745708,-0.000542949,-0.267525,-0.214307
4330,1,0,1,1,5.17843,0,0.00639178,-0.000574352,-0.257759,-0.203027
4331,1,0,1,1,5.17843,0,-0.0010653,-0.000565805,-0.159706,-0.0789551
4332,1,0,1,1,5.17843,0,0.0149142,-0.00059491,-0.371222,-0.146631
4333,1,0,1,1,5.17843,0,-0.0149142,-0.0005751,0.0191729,-0.112793
4334,1,0,1,1,5.17843,0,-0.0138489,-0.000560799,0.0071313,-0.0789551
4335,1,0,1,1,5.17843,0,-0.00213059,-0.000568655,-0.146227,-0.191748
4336,1,0,1,1,5.17843,0,-0.00852238,-0.000528656,-0.0578814,-0.101514
4337,1,0,1,1,5.17843,0,-0.00426119,-0.000497075,-0.10885,0
4338,1,0,1,1,5.17843,0,-0.00319589,-0.00049468,-0.122762,-0.112793
4339,1,0,1,1,5.17843,0,0.0159795,-0.000503362,-0.37317,-0.0676758
4340,1,0,1,1,5.17843,0,-0.00213059,-0.000502178,-0.137496,-0.146631
4341,1,0,1,1,5.17843,0,0.010653,-0.000521624,-0.3063,-0.225586
4342,1,0,1,1,5.17843,0,0.01811,-0.000516309,-0.402551,-0.0676758
4343,1,0,1,1,5.17843,0,-0.00745708,-0.000553381,-0.0749975,-0.349658
4344,1,0,1,1,5.17843,0,0.028763,-0.000558701,-0.546385,-0.112793
4345,1,0,1,1,5.17834,-0.0191986,-1.43507e-18,-0.000559466,-0.172693,-0.15791
4346,1,0,1,1,5.17843,0,-0.00745708,-0.000549455,-0.0743864,-0.112793
4347,1,0,1,1,5.17843,0,0.00852238,-0.000543122,-0.281316,-0.214307
4348,1,0,1,1,5.17843,0,0.00213059,-0.000575918,-0.202567,-0.214307
4349,1,0,1,1,5.17843,0,0.00639178,-0.000620498,-0.263758,-0.135352
4350,1,0,1,1,5.17843,-0.00349066,0.00852238,-0.000672269,-0.298186,-0.203027
4351,1,0,1,1,5.17834,0,0.0010653,-0.000691669,-0.203766,-0.270703
4352,1,0,1,1,5.17843,0,-0.0149142,-0.000672845,0.00660572,-0.3271
4353,1,0,1,1,5.17843,0,-0.00213059,-0.00066775,-0.158937,-0.146631
4354,1,0,1,1,5.17843,0,-0.00532648,-0.000675359,-0.118552,-0.0563965
4355,1,0,1,1,5.17843,0.0191986,-0.0127836,-0.000644857,-0.0173719,-0.304541
4356,1,0,1,1,5.17843,0,0.0149142,-0.000636695,-0.376399,-0.203027
4357,1,0,1,1,5.17843,0,-0.010653,-0.000634377,-0.0439804,-0.0789551
4358,1,0,1,1,5.17843,0,-0.00745708,-0.000661542,-0.0890585,-0.236865
4359,1,0,1,1,5.17843,0,0.00532648,-0.000671714,-0.256567,-0.180469
4360,1,0,1,1,5.17843,0,0.00639178,-0.000697845,-0.273813,-0.293262
4361,1,0,1,1,5.17843,0,0.0170448,-0.000688751,-0.410969,-0.169189
4362,1,0,1,1,5.17843,0,0.0223712,-0.000700477,-0.481888,-0.259424
4363,1,0,1,1,5.17834,-0.0296706,0.00426119,-0.00073974,-0.251562,-0.428613
4364,1,0,1,1,5.17843,0.0174533,-0.00426119,-0.00075956,-0.143347,-0.360938
4365,1,0,1,1,5.17843,0,0.010653,-0.000755898,-0.336755,-0.259424
4366,1,0,1,1,5.17843,0,0.00639178,-0.000770405,-0.283246,-0.270703
4367,1,0,1,1,5.17843,0,-0.00426119,-0.000801704,-0.148826,-0.406055
4368,1,0,1,1,5.17843,0,0.0170448,-0.000806749,-0.426459,-0.214307
4369,1,0,1,1,5.17834,-0.00698132,-0.0383507,-0.000777394,0.297598,-0.372217
4370,1,0,1,1,5.17843,0.00349066,0.0127836,-0.000815366,-0.372184,-0.338379
4371,1,0,1,1,5.17834,0,-0.00532648,-0.000844575,-0.140551,-0.360938
4372,1,0,1,1,5.17834,0,-0.0138489,-0.00076944,-0.0194985,-0.0676758
4373,1,0,1,1,5.17843,-0.015708,-0.00213059,-0.000730083,-0.166641,-0.3271
4374,1,0,1,1,5.17843,0,0.01811,-0.000757304,-0.43388,-0.124072
4375,1,0,1,1,5.17843,-0.00872665,-7.17537e-19,-0.000764112,-0.199335,-0.203027
4376,1,0,1,1,5.17843,0,-0.00319589,-0.000731416,-0.15343,-0.112793
4377,1,0,1,1,5.17843,0,0.00213059,-0.000735729,-0.223255,-0.146631
4378,1,0,1,1,5.17843,0,-0.0010653,-0.000762045,-0.185217,-0.203027
4379,1,0,1,1,5.17843,0,-0.00213059,-0.000766276,-0.171918,-0.203027
4380,1,0,1,1,5.17843,0,1.95692e-19,-0.000789483,-0.202633,-0.225586
4381,1,0,1,1,5.17843,0,0.00639178,-0.000775143,-0.283862,-0.15791
4382,1,0,1,1,5.17843,0,-0.0149142,-0.000792455,-0.00913507,-0.15791
4383,1,0,1,1,5.17843,0.00523599,0.0191753,-0.000807392,-0.45424,-0.124072
4384,1,0,1,1,5.17843,0,0.00958767,-0.000794562,-0.327933,-0.0789551
4385,1,0,1,1,5.17843,0,-0.00745708,-0.000798032,-0.106802,-0.112793
4386,1,0,1,1,5.17843,0,-0.0138489,-0.00075009,-0.0168811,-0.270703
4387,1,0,1,1,5.17843,0,0.0223712,-0.000759148,-0.489152,-0.191748
4388,1,0,1,1,5.17843,0,0.0010653,-0.000750049,-0.211355,-0.180469
4389,1,0,1,1,5.17843,0,0.00852238,-0.00076242,-0.309906,-0.214307
4390,1,0,1,1,5.17843,0,0.00532648,-0.000766025,-0.268828,-0.214307
4391,1,0,1,1,5.17843,0,-0.00213059,-0.000761464,-0.17119,-0.124072
4392,1,0,1,1,5.17843,0,-0.00426119,-0.000785776,-0.146755,-0.214307
4393,1,0,1,1,5.17843,0,0.00426119,-0.000738981,-0.251172,-0.214307
4394,1,0,1,1,5.17843,0,-0.00852238,-0.000715463,-0.0821505,-0.203027
4395,1,0,1,1,5.17843,0,0.0010653,-0.00071984,-0.207428,-0.146631
4396,1,0,1,1,5.17843,0,0.0340895,-0.000751554,-0.640866,-0.0789551
4397,1,0,1,1,5.17834,-0.020944,-0.0138489,-0.00078135,-0.0215403,-0.259424
4398,1,0,1,1,5.17834,0,1.89169e-18,-0.000747937,-0.197232,-0.112793
4399,1,0,1,1,5.17843,0,0,-0.000750099,-0.197513,-0.225586
4400,1,0,1,1,5.17843,-0.00872665,0.00213059,-0.000804464,-0.232278,-0.304541
4401,1,0,1,1,5.17843,0,-0.00639178,-0.000811668,-0.122424,-0.3271
4402,1,0,1,1,5.17843,0,-0.0149142,-0.00080783,-0.0111338,-0.214307
4403,1,0,1,1,5.17843,0.00872665,0.00426119,-0.000813547,-0.260935,-0.214307
4404,1,0,1,1,5.17843,0.0174533,-0.00958767,-0.000819461,-0.0818902,-0.135352
4405,1,0,1,1,5.17843,0,-0.00426119,-0.000806491,-0.149306,-0.214307
4406,1,0,1,1,5.17843,0,0.0138489,-0.00084102,-0.389368,-0.293262
4407,1,0,1,1,5.17843,0,-0.00426119,-0.000850299,-0.155143,-0.169189
4408,1,0,1,1,5.17834,-0.015708,0.0127836,-0.000845143,-0.376055,-0.236865
4409,1,0,1,1,5.17843,-0.00872665,0.00852238,-0.000826195,-0.318103,-0.146631
4410,1,0,1,1,5.17843,0,-0.00958767,-0.000897445,-0.0920281,-0.372217
4411,1,0,1,1,5.17843,0.0471239,-0.00213059,-0.000869761,-0.185371,-0.248145
4412,1,0,1,1,5.17834,-0.0174533,-0.00426119,-0.000853454,-0.155554,-0.236865
4413,1,0,1,1,5.17843,0,0.00958767,-0.000897818,-0.341356,-0.15791
4414,1,0,1,1,5.17834,-0.00174533,0.00319589,-0.00088708,-0.256555,-0.293262
4415,1,0,1,1,5.17834,0,-0.00852238,-0.000888551,-0.104644,-0.31582
4416,1,0,1,1,5.17843,0.0139626,-0.00532648,-0.000910248,-0.149088,-0.180469
4417,1,0,1,1,5.17843,0,0.0138489,-0.000931051,-0.401072,-0.225586
4418,1,0,1,1,5.17843,0,-0.00213059,-0.000953358,-0.196239,-0.191748
4419,1,0,1,1,5.17834,0.00872665,-0.00745708,-0.000991283,-0.131925,-0.293262
4420,1,0,1,1,5.17834,0,-0.0298283,-0.000929049,0.167177,-0.135352
4421,1,0,1,1,5.17843,0,-0.00745708,-0.000903722,-0.120542,-0.112793
4422,1,0,1,1,5.17843,0,0.00852238,-0.000926505,-0.331237,-0.15791
4423,1,0,1,1,5.17834,0,-0.00639178,-0.000924079,-0.137037,-0.259424
4424,1,0,1,1,5.17834,0,0.00426119,-0.000928879,-0.275971,-0.293262
4425,1,0,1,1,5.17843,0,0.00426119,-0.000934746,-0.276912,-0.15791
4426,1,0,1,1,5.17843,0,0.0010653,-0.000966913,-0.239548,-0.180469
4427,1,0,1,1,5.17834,0,0.00213059,-0.000958173,-0.25226,-0.124072
4428,1,0,1,1,5.17843,-0.00872665,0.00745708,-0.000956296,-0.32126,-0.248145
4429,1,0,1,1,5.17843,0,-5.21845e-19,-0.000933664,-0.221376,-0.3271
4430,1,0,1,1,5.17843,0,-0.00319589,-0.000932295,-0.179627,-0.203027
4431,1,0,1,1,5.17843,0,0.00745708,-0.0009293,-0.317751,-0.304541
4432,1,0,1,1,5.17834,0,-0.00213059,-0.000908793,-0.190351,-0.15791
4433,1,0,1,1,5.17843,0,0.0010653,-0.000917158,-0.233079,-0.15791
4434,1,0,1,1,5.17843,0,-0.00745708,-0.00091038,-0.121407,-0.124072
4435,1,0,1,1,5.17843,0,0.00745708,-0.000909307,-0.315152,-0.236865
4436,1,0,1,1,5.17843,0,0.00319589,-0.000909551,-0.259651,-0.349658
4437,1,0,1,1,5.17843,0,0.00319589,-0.000937125,-0.263373,-0.191748
4438,1,0,1,1,5.17843,0,0.00532648,-0.00092463,-0.289446,-0.135352
4439,1,0,1,1,5.17843,0,0.01811,-0.000990724,-0.464225,-0.236865
4440,1,0,1,1,5.17834,-0.00523599,0.0117183,-0.00101818,-0.384701,-0.293262
4441,1,0,1,1,5.17834,-0.0296706,-0.00639178,-0.00102761,-0.150497,-0.338379
4442,1,0,1,1,5.17834,0.0244346,-0.00532648,-0.00102136,-0.163532,-0.101514
4443,1,0,1,1,5.17834,0,3.91384e-19,-0.00102138,-0.23278,-0.270703
4444,1,0,1,1,5.17834,0,-0.0117183,-0.00101557,-0.0796872,-0.112793
4445,1,0,1,1,5.17834,0,0.0127836,-0.00102831,-0.399867,-0.248145
4446,1,0,1,1,5.17834,0,0.00852238,-0.00103316,-0.345102,-0.180469
4447,1,0,1,1,5.17834,0,-0.00426119,-0.00106348,-0.182858,-0.360938
4448,1,0,1,1,5.17834,0,-0.0234365,-0.00109266,0.0626286,-0.3271
4449,1,0,1,1,5.17843,0.0139626,-0.0159795,-0.00107391,-0.0318754,-0.135352
4450,1,0,1,1,5.17834,-0.00523599,-0.00213059,-0.00105963,-0.210054,-0.31582
4451,1,0,1,1,5.17834,0,0.00319589,-0.00109706,-0.284164,-0.428613
4452,1,0,1,1,5.17834,0.00523599,-0.00426119,-0.00110915,-0.188794,-0.451172
4453,1,0,1,1,5.17834,0.00872665,-0.00639178,-0.00110602,-0.160689,-0.3271
4454,1,0,1,1,5.17834,0,-0.00639178,-0.00109861,-0.159726,-0.338379
4455,1,0,1,1,5.17834,0,-0.0117183,-0.00114464,-0.096466,-0.451172
4456,1,0,1,1,5.17834,0,2.60922e-18,-0.00113854,-0.24801,-0.225586
4457,1,0,1,1,5.17834,0,-0.0149142,-0.00113099,-0.053144,-0.338379
4458,1,0,1,1,5.17834,0,0.0213059,-0.00115475,-0.527094,-0.191748
4459,1,0,1,1,5.17834,0,0.00639178,-0.00118306,-0.336891,-0.439893
4460,1,0,1,1,5.17834,0,0.00426119,-0.00116736,-0.307152,-0.406055
4461,1,0,1,1,5.17834,-0.0174533,-0.0191753,-0.00113658,0.00152369,-0.191748
4462,1,0,1,1,5.17834,0.00523599,0.00852238,-0.00118404,-0.364716,-0.270703
4463,1,0,1,1,5.17834,0,0.0266324,-0.00122512,-0.605487,-0.338379
4464,1,0,1,1,5.17834,-0.00523599,0.0202406,-0.00121298,-0.520637,-0.406055
4465,1,0,1,1,5.17834,-0.0366519,-0.010653,-0.00120088,-0.117626,-0.191748
4466,1,0,1,1,5.17843,0,-0.0010653,-0.00121828,-0.244304,-0.360938
4467,1,0,1,1,5.17834,0.0122173,0.0159795,-0.00126062,-0.471614,-0.236865
4468,1,0,1,1,5.17834,-0.00349066,-0.00426119,-0.00130605,-0.214391,-0.31582
4469,1,0,1,1,5.17834,0.00872665,0.0127836,-0.00131806,-0.437534,-0.417334
4470,1,0,1,1,5.17834,0,-0.0255671,-0.00130442,0.0627982,-0.214307
4471,1,0,1,1,5.17843,0.0331613,0.0117183,-0.00131047,-0.422698,-0.15791
4472,1,0,1,1,5.17834,-0.0174533,0.00319589,-0.00131541,-0.312069,-0.406055
4473,1,0,1,1,5.17834,0,-0.0149142,-0.00133674,-0.0798923,-0.406055
4474,1,0,1,1,5.17834,0,0.010653,-0.00134928,-0.413895,-0.236865
4475,1,0,1,1,5.17834,0,-0.00532648,-0.00137623,-0.209665,-0.281982
4476,1,0,1,1,5.17834,0,0.00213059,-0.00135368,-0.303666,-0.270703
4477,1,0,1,1,5.17834,-0.015708,0.0010653,-0.00139932,-0.29576,-0.281982
4478,1,0,1,1,5.17834,-0.00872665,0.00213059,-0.00138209,-0.307369,-0.214307
4479,1,0,1,1,5.17834,0,-0.0127836,-0.00140858,-0.116929,-0.236865
4480,1,0,1,1,5.17834,-0.00349066,0.010653,-0.00136708,-0.416199,-0.225586
4481,1,0,1,1,5.17834,-0.0244346,-0.00426119,-0.00137191,-0.222953,-0.248145
4482,1,0,1,1,5.17834,0,0.0191753,-0.00137126,-0.527544,-0.338379
4483,1,0,1,1,5.17834,0,0.00745708,-0.00140843,-0.380038,-0.360938
4484,1,0,1,1,5.17834,0,-0.00639178,-0.00142626,-0.20232,-0.3271
4485,1,0,1,1,5.17834,0.0174533,-0.00852238,-0.00144339,-0.17685,-0.349658
4486,1,0,1,1,5.17834,0,0.00319589,-0.00144338,-0.329186,-0.3271
4487,1,0,1,1,5.17834,-0.015708,0.00852238,-0.00146236,-0.400827,-0.417334
4488,1,0,1,1,5.17834,0.0279253,-0.00426119,-0.00149389,-0.23881,-0.3271
4489,1,0,1,1,5.17834,0.00174533,0.0117183,-0.00150609,-0.448129,-0.3271
4490,1,0,1,1,5.17834,0,0.0127836,-0.00148151,-0.458783,-0.169189
4491,1,0,1,1,5.17824,-0.015708,-0.00213059,-0.00152357,-0.270367,-0.47373
4492,1,0,1,1,5.17834,0.015708,-0.0255671,-0.00150872,0.0362386,-0.248145
4493,1,0,1,1,5.17843,0.0418879,0.0170448,-0.00149822,-0.516351,-0.225586
4494,1,0,1,1,5.17834,0,0.0127836,-0.00153881,-0.466231,-0.31582
4495,1,0,1,1,5.17834,0,3.26153e-19,-0.00154938,-0.301419,-0.293262
4496,1,0,1,1,5.17834,0,-0.00426119,-0.00154669,-0.245674,-0.394775
4497,1,0,1,1,5.17834,0,-0.0149142,-0.00157368,-0.110695,-0.293262
4498,1,0,1,1,5.17834,0,0.0149142,-0.00160607,-0.502674,-0.338379
4499,1,0,1,1,5.17834,0,0.0127836,-0.00161621,-0.476293,-0.3271
4500,1,0,1,1,5.17834,0,0.00745708,-0.00160917,-0.406134,-0.135352
4501,1,0,1,1,5.17834,0,-0.00639178,-0.00161767,-0.227204,-0.372217
4502,1,0,1,1,5.17834,0,-0.00745708,-0.00163987,-0.216241,-0.304541
4503,1,0,1,1,5.17834,0.0261799,0.0127836,-0.00166265,-0.48233,-0.270703
4504,1,0,1,1,5.17834,0,0.00639178,-0.00167061,-0.400272,-0.281982
4505,1,0,1,1,5.17834,0,0.0010653,-0.00167006,-0.330957,-0.281982
4506,1,0,1,1,5.17834,0,-0.00319589,-0.00168116,-0.277004,-0.259424
4507,1,0,1,1,5.17834,0.00523599,-2.67446e-18,-0.00165913,-0.315687,-0.293262
4508,1,0,1,1,5.17834,0,0.0010653,-0.00166894,-0.330811,-0.406055
4509,1,0,1,1,5.17834,0,-0.00319589,-0.00168369,-0.277333,-0.15791
4510,1,0,1,1,5.17824,-0.0279253,0.0138489,-0.00168244,-0.498752,-0.406055
4511,1,0,1,1,5.17824,-0.0244346,-0.010653,-0.00167386,-0.179113,-0.349658
4512,1,0,1,1,5.17834,0.00872665,-0.00426119,-0.00172005,-0.26821,-0.417334
4513,1,0,1,1,5.17834,0.00872665,-0.00639178,-0.00172769,-0.241506,-0.349658
4514,1,0,1,1,5.17824,0,-0.00319589,-0.0017044,-0.280025,-0.236865
4515,1,0,1,1,5.17834,0,0.00745708,-0.00172525,-0.421225,-0.270703
4516,1,0,1,1,5.17834,-0.00872665,0.0127836,-0.00174539,-0.493088,-0.270703
4517,1,0,1,1,5.17834,0,-8.47998e-19,-0.00175724,-0.328441,-0.360938
4518,1,0,1,1,5.17834,0,-0.00319589,-0.00175691,-0.286852,-0.530127
4519,1,0,1,1,5.17834,-0.015708,0.0010653,-0.00177196,-0.344204,-0.360938
4520,1,0,1,1,5.17834,0,-0.0010653,-0.00172241,-0.310027,-0.214307
4521,1,0,1,1,5.17834,0,0.0117183,-0.0017388,-0.478381,-0.47373
4522,1,0,1,1,5.17834,0,-0.00958767,-0.00176325,-0.204583,-0.496289
4523,1,0,1,1,5.17834,0.00698132,-0.0117183,-0.00177073,-0.177858,-0.451172
4524,1,0,1,1,5.17834,0,0.0127836,-0.00182167,-0.503003,-0.48501
4525,1,0,1,1,5.17834,0,0.0234365,-0.00182981,-0.642551,-0.372217
4526,1,0,1,1,5.17834,-0.00872665,0.00213059,-0.00180697,-0.362603,-0.31582
4527,1,0,1,1,5.17834,-0.0139626,-0.00319589,-0.00178912,-0.291039,-0.462451
4528,1,0,1,1,5.17834,0,0.0117183,-0.00179263,-0.485379,-0.48501
4529,1,0,1,1,5.17834,-0.00872665,-0.00639178,-0.00180518,-0.25158,-0.428613
4530,1,0,1,1,5.17834,0.0174533,0.00213059,-0.00179911,-0.361582,-0.270703
4531,1,0,1,1,5.17834,0,0.00852238,-0.0018412,-0.450147,-0.293262
4532,1,0,1,1,5.17824,0,0.00958767,-0.00183226,-0.462833,-0.439893
4533,1,0,1,1,5.17834,-0.010472,0.00319589,-0.0018276,-0.379135,-0.281982
4534,1,0,1,1,5.17834,0,0.00213059,-0.00184322,-0.367316,-0.462451
4535,1,0,1,1,5.17834,0,0.0010653,-0.00185187,-0.354592,-0.191748
4536,1,0,1,1,5.17824,0,-0.0223712,-0.0018608,-0.0510777,-0.338379
4537,1,0,1,1,5.17834,0.0331613,6.52306e-19,-0.00186219,-0.342084,-0.248145
4538,1,0,1,1,5.17824,-0.0139626,-0.00426119,-0.00183775,-0.283512,-0.338379
4539,1,0,1,1,5.17834,0,3.26153e-19,-0.0018218,-0.336834,-0.31582
4540,1,0,1,1,5.17834,0,0.0127836,-0.00183025,-0.504058,-0.281982
4541,1,0,1,1,5.17834,-0.00698132,0.0149142,-0.00186746,-0.536654,-0.270703
4542,1,0,1,1,5.17834,0,-0.0245018,-0.00184169,-0.0208961,-0.293262
4543,1,0,1,1,5.17834,0.00872665,0.0149142,-0.00185509,-0.535046,-0.259424
4544,1,0,1,1,5.17834,0,0.00958767,-0.00188488,-0.469673,-0.417334
4545,1,0,1,1,5.17834,-0.00872665,-0.0010653,-0.00187651,-0.330097,-0.203027
4546,1,0,1,1,5.17834,0,0.00852238,-0.00185728,-0.452238,-0.191748
4547,1,0,1,1,5.17834,0,0.0010653,-0.00185336,-0.354786,-0.293262
4548,1,0,1,1,5.17834,0,0.01811,-0.00186431,-0.577791,-0.383496
4549,1,0,1,1,5.17834,-0.00872665,0.0202406,-0.0018842,-0.608075,-0.259424
4550,1,0.1,1,1,5.17834,0,-0.00639178,0.0985086,12.8488,-0.406055
4551,1,0.1,1,1,5.1861,1.28456,0.0735055,0.0983763,11.8902,9.73403
4552,1,0.1,1,1,5.1861,-0.0628319,0.481514,0.097355,6.49646,10.7604
4553,1,0.1,1,1,5.18811,-0.237365,0.737185,0.0940409,2.7419,5.91035
4554,1,0.1,1,1,5.18898,0.673697,0.811756,0.0902742,1.28282,3.1582
4555,1,0.1,1,1,5.19377,0.574213,0.869282,0.0860806,-0.0101981,1.53398
4556,1,0.1,1,1,5.19617,0.708604,0.997118,0.0814346,-2.28233,0.31582
4557,1,0.1,1,1,5.20154,0.829031,0.838389,0.0769748,-0.810521,-0.541406
4558,1,0.1,1,1,5.2048,0.813323,0.843715,0.072827,-1.42649,-0.699316
4559,1,0.1,1,1,5.20921,0.563741,0.816017,0.0686266,-1.62542,-1.38735
4560,1,0.1,1,1,5.2118,0.773181,0.753165,0.0646976,-1.3313,-1.53398
4561,1,0.1,1,1,5.2164,0.631809,0.661549,0.0612008,-0.602748,-1.00386
4562,1,0.1,1,1,5.21899,0.675442,0.655158,0.0579202,-0.951878,-0.778271
4563,1,0.1,1,1,5.22253,0.534071,0.570999,0.0548581,-0.261456,-0.766992
4564,1,0.1,1,1,5.22503,0.638791,0.540106,0.0520559,-0.22669,-0.530127
4565,1,0.1,1,1,5.228,0.44855,0.507081,0.0493985,-0.145466,-0.372217
4566,1,0.1,1,1,5.23001,0.525344,0.510277,0.0467825,-0.530931,-0.47373
4567,1,0.1,1,1,5.2325,0.462512,0.451686,0.0444448,-0.0748886,-0.383496
4568,1,0.1,1,1,5.23461,0.488692,0.425053,0.0422297,-0.0176541,-0.31582
4569,1,0.1,1,1,5.23691,0.44855,0.431445,0.0400661,-0.383743,-0.225586
4570,1,0.1,1,1,5.23845,0.319395,0.388833,0.0379956,-0.10155,-0.214307
4571,1,0.1,1,1,5.24085,0.455531,0.377115,0.0361472,-0.189161,-0.180469
4572,1,0.1,1,1,5.24228,0.303687,0.317458,0.0344286,0.363201,-0.169189
4573,1,0.1,1,1,5.24439,0.389208,0.314263,0.032744,0.185661,-0.0112793
4574,1,0.1,1,1,5.24554,0.247837,0.301479,0.0311523,0.145147,0.0338379
4575,1,0.1,1,1,5.24746,0.310669,0.272716,0.0296956,0.330908,0.0338379
4576,1,0.1,1,1,5.24852,0.268781,0.258867,0.0283643,0.340341,0.101514
4577,1,0.1,1,1,5.25034,0.267035,0.2333,0.0269898,0.496075,0.146631
4578,1,0.1,1,1,5.25149,0.277507,0.224778,0.0259088,0.469306,0.259424
4579,1,0.1,1,1,5.25302,0.240855,0.224778,0.02468,0.312489,0.3271
4580,1,0.1,1,1,5.25398,0.240855,0.21519,0.0235981,0.299101,0.428613
4581,1,0.1,1,1,5.25532,0.18326,0.220516,0.0224711,0.0841644,0.169189
4582,1,0.1,1,1,5.25609,0.223402,0.19708,0.0214222,0.253129,0.135352
4583,1,0.1,1,1,5.25724,0.185005,0.185362,0.0204947,0.287195,0.124072
4584,1,0.1,1,1,5.2581,0.235619,0.169382,0.0196121,0.382488,0.270703
4585,1,0.1,1,1,5.25906,0.169297,0.17897,0.0187541,0.148646,0.349658
4586,1,0.1,1,1,5.25973,0.1309,0.155533,0.0179968,0.35775,0.360938
4587,1,0.1,1,1,5.2605,0.123918,0.125705,0.017283,0.655479,0.394775
4588,1,0.1,1,1,5.26107,0.162316,0.125705,0.0166441,0.576801,0.654199
4589,1,0.1,1,1,5.26175,0.0925025,0.136358,0.0160199,0.361402,0.609082
4590,1,0.1,1,1,5.26213,0.0750492,0.131032,0.01541,0.355123,0.620361
4591,1,0.1,1,1,5.2627,0.0628319,0.0916155,0.0148634,0.800002,0.609082
4592,1,0.1,1,1,5.26318,0.113446,0.100138,0.0143212,0.622919,0.597803
4593,1,0.1,1,1,5.26366,0.102974,0.0830932,0.0138564,0.788752,0.676758
4594,1,0.1,1,1,5.26395,0.0506145,0.0820279,0.0133858,0.745664,0.631641
4595,1,0.1,1,1,5.26443,0.111701,0.0958767,0.0129732,0.516959,0.688037
4596,1,0.1,1,1,5.26462,0.0279253,0.0671137,0.012599,0.84717,0.721875
4597,1,0.1,1,1,5.2651,0.0610865,0.0798973,0.0122265,0.637923,0.665479
4598,1,0.1,1,1,5.26529,0.0593412,0.0713749,0.011912,0.713492,0.857227
4599,1,0.1,1,1,5.26577,0.0139626,0.0777667,0.0115369,0.586027,0.823389
4600,1,0.1,1,1,5.26596,0.0715585,0.0735055,0.0111689,0.596382,0.631641
4601,1,0.1,1,1,5.26635,0.0628319,0.0628525,0.0108811,0.697461,0.744434
4602,1,0.1,1,1,5.26664,0.0645772,0.0724402,0.0105739,0.53289,0.676758
4603,1,0.1,1,1,5.26702,0.0331613,0.0372854,0.0102687,0.950225,0.710596
4604,1,0.1,1,1,5.26731,0.0837758,0.0607219,0.0100018,0.610855,0.80083
4605,1,0.1,1,1,5.26759,0.0453786,0.0639178,0.00972859,0.533786,0.744434
4606,1,0.1,1,1,5.26798,0.0698132,0.0521996,0.00946053,0.651275,0.766992
4607,1,0.1,1,1,5.26817,0.0698132,0.0404813,0.00922496,0.772989,0.710596
4608,1,0.1,1,1,5.26855,0.0645772,0.0447425,0.00902784,0.691967,0.778271
4609,1,0.1,1,1,5.26874,0.0139626,0.0468731,0.00881025,0.635983,0.812109
4610,1,0.1,1,1,5.26903,0.0523599,0.0223712,0.00859668,0.926742,0.733154
4611,1,0.1,1,1,5.26932,0.111701,0.0458078,0.00835314,0.590408,0.586523
4612,1,0.1,1,1,5.26942,0,0.050069,0.00812951,0.50594,0.64292
4613,1,0.1,1,1,5.2697,0.0279253,0.0319589,0.00798334,0.722369,0.789551
4614,1,0.1,1,1,5.2699,0.0366519,0.0532648,0.00778958,0.420203,0.541406
4615,1,0.1,1,1,5.26999,0,0.0372854,0.00760247,0.603611,0.654199
4616,1,0.1,1,1,5.27018,0.0523599,0.0383507,0.00739258,0.562477,0.530127
4617,1,0.1,1,1,5.27028,0.0314159,0.028763,0.00724438,0.66785,0.654199
4618,1,0.1,1,1,5.27037,0.020944,0.028763,0.00707706,0.646099,0.631641
4619,1,0.1,1,1,5.27037,0.0174533,0.01811,0.00694528,0.767455,0.48501
4620,1,0.1,1,1,5.27057,0.0750492,0.0276977,0.0068489,0.630287,0.744434
4621,1,0.1,1,1,5.27066,0,0.0127836,0.0066877,0.803214,0.631641
4622,1,0.1,1,1,5.27066,0.0244346,0.0468731,0.00653326,0.339974,0.845947
4623,1,0.1,1,1,5.27076,0,0.050069,0.00634573,0.274049,0.530127
4624,1,0.1,1,1,5.27076,0,0.0223712,0.0062023,0.615473,0.631641
4625,1,0.1,1,1,5.27095,0.0314159,0.0447425,0.00608674,0.309624,0.654199
4626,1,0.1,1,1,5.27095,0.00872665,0.01811,0.0060253,0.647858,0.688037
4627,1,0.1,1,1,5.27105,0.00174533,0.0149142,0.00596151,0.681112,0.552686
4628,1,0.1,1,1,5.27124,0.0558505,0.0213059,0.0058647,0.585434,0.541406
4629,1,0.1,1,1,5.27124,0,0.0170448,0.00582794,0.63605,0.654199
4630,1,0.1,1,1,5.27133,0.0174533,0.00532648,0.0057555,0.77897,0.620361
4631,1,0.1,1,1,5.27143,0.0174533,0.00213059,0.00570218,0.813586,0.766992
4632,1,0.1,1,1,5.27143,0,0.0202406,0.0056753,0.57466,0.857227
4633,1,0.1,1,1,5.27152,-0.00698132,0.00745708,0.00562761,0.734647,0.744434
4634,1,0.1,1,1,5.27162,0,0.0149142,0.00555134,0.62779,0.563965
4635,1,0.1,1,1,5.27162,0.00174533,0.00958767,0.00549711,0.689985,0.665479
4636,1,0.1,1,1,5.27172,0.0383972,0.0117183,0.00543648,0.654405,0.620361
4637,1,0.1,1,1,5.27181,0.015708,0.010653,0.00544707,0.669631,0.688037
4638,1,0.1,1,1,5.27191,0,-0.00213059,0.00542061,0.832377,0.609082
4639,1,0.1,1,1,5.27191,0.00872665,0.00958767,0.00538997,0.676056,0.766992
4640,1,0.1,1,1,5.27191,0,0.0138489,0.00534172,0.614388,0.80083
4641,1,0.1,1,1,5.27191,0,0.00426119,0.00530598,0.734382,0.654199
4642,1,0.1,1,1,5.272,0.0279253,0.0010653,0.00528665,0.773416,0.834668
4643,1,0.1,1,1,5.272,0.0279253,-0.00958767,0.00524242,0.906155,0.744434
4644,1,0.1,1,1,5.272,0,0.0223712,0.00519332,0.484306,0.710596
4645,1,0.1,1,1,5.272,0,0.0191753,0.00515043,0.520276,0.755713
4646,1,0.1,1,1,5.2721,-0.00523599,0.0202406,0.00506859,0.495788,0.597803
4647,1,0.1,1,1,5.2721,0,0.00639178,0.00500899,0.668075,0.462451
4648,1,0.1,1,1,5.2721,0.00698132,-0.00213059,0.00501584,0.779757,0.699316
4649,1,0.1,1,1,5.2721,0.00523599,0.0276977,0.00494216,0.382411,0.744434
4650,1,0.1,1,1,5.2721,0,-0.00532648,0.00492878,0.809986,0.766992
4651,1,0.1,1,1,5.2722,0.0139626,0.0010653,0.00488333,0.720984,0.676758
4652,1,0.1,1,1,5.2722,0,0.00213059,0.00485874,0.703939,0.778271
4653,1,0.1,1,1,5.2722,0,0.0191753,0.00481657,0.476875,0.64292
4654,1,0.1,1,1,5.2722,0,0.0010653,0.00479934,0.710065,0.64292
4655,1,0.1,1,1,5.2722,0,0.00213059,0.00477675,0.693279,0.744434
4656,1,0.1,1,1,5.2722,0,-0.010653,0.00475754,0.856969,0.620361
4657,1,0.1,1,1,5.27229,0.00349066,0.00319589,0.00472662,0.672914,0.620361
4658,1,0.1,1,1,5.27229,0,0.00852238,0.00467001,0.596311,0.654199
4659,1,0.1,1,1,5.27229,0,-0.00532648,0.0046796,0.777593,0.755713
4660,1,0.1,1,1,5.27229,0,-0.00852238,0.0046616,0.816799,0.80083
4661,1,0.1,1,1,5.27229,0.0122173,-0.010653,0.00467793,0.846619,0.654199
4662,1,0.1,1,1,5.27229,0,0.0213059,0.00465879,0.428665,0.778271
4663,1,0.1,1,1,5.27229,0,-0.0138489,0.00466804,0.88688,0.766992
4664,1,0.1,1,1,5.27229,0,0.00852238,0.00469211,0.599184,0.834668
4665,1,0.1,1,1,5.27239,-0.0139626,0.00532648,0.00463775,0.633663,0.518848
4666,1,0.1,1,1,5.27239,0,0.00319589,0.00457266,0.652899,0.597803
4667,1,0.1,1,1,5.27239,0,0.0138489,0.00460073,0.51806,0.721875
4668,1,0.1,1,1,5.27239,0,-0.0191753,0.00455514,0.941447,0.47373
4669,1,0.1,1,1,5.27239,0.00698132,0.00639178,0.00454744,0.608074,0.654199
4670,1,0.1,1,1,5.27239,0,0.0149142,0.00451493,0.493057,0.552686
4671,1,0.1,1,1,5.27239,-0.0226893,0.0191753,0.0045043,0.43628,0.721875
4672,1,0.1,1,1,5.27239,0,-0.010653,0.00450775,0.824496,0.699316
4673,1,0.1,1,1,5.27248,0.0174533,0.00958767,0.00449795,0.560094,0.699316
4674,1,0.1,1,1,5.27239,0,0.00426119,0.00446401,0.624926,0.766992
4675,1,0.1,1,1,5.27248,0,0.00319589,0.00443842,0.635448,0.676758
4676,1,0.1,1,1,5.27248,0,0.00532648,0.00442741,0.606319,0.64292
4677,1,0.1,1,1,5.27248,0,0.0170448,0.00438887,0.448971,0.563965
4678,1,0.1,1,1,5.27239,-0.00872665,-0.00319589,0.00438476,0.711565,0.609082
4679,1,0.1,1,1,5.27248,0.0174533,0.01811,0.00442084,0.439279,0.857227
4680,1,0.1,1,1,5.27248,0,0.00532648,0.00436746,0.598525,0.552686
4681,1,0.1,1,1,5.27248,0,-0.00958767,0.00436518,0.792113,0.507568
4682,1,0.1,1,1,5.27248,0.010472,-0.00639178,0.00436019,0.749918,0.496289
4683,1,0.1,1,1,5.27248,0.0122173,0.0213059,0.00435444,0.3891,0.710596
4684,1,0.1,1,1,5.27248,0,-0.0213059,0.00432037,0.938625,0.507568
4685,1,0.1,1,1,5.27258,0.0139626,-0.00532648,0.00432351,0.731301,0.699316
4686,1,0.1,1,1,5.27248,0,-0.0127836,0.00435475,0.832304,0.665479
4687,1,0.1,1,1,5.27248,0.00872665,-0.00852238,0.00439829,0.782569,0.631641
4688,1,0.1,1,1,5.27258,0.00872665,-0.00532648,0.00437963,0.738596,0.699316
4689,1,0.1,1,1,5.27258,0,0.00213059,0.00439531,0.643693,0.688037
4690,1,0.1,1,1,5.27258,0,-0.00639178,0.00441823,0.757463,0.631641
4691,1,0.1,1,1,5.27258,0,0.0191753,0.00438246,0.420441,0.575244
4692,1,0.1,1,1,5.27258,0,0.00319589,0.00436851,0.62636,0.428613
4693,1,0.1,1,1,5.27258,0,-0.0234365,0.00439577,0.976125,0.575244
4694,1,0.1,1,1,5.27258,0,0.00532648,0.00440416,0.603296,0.597803
4695,1,0.1,1,1,5.27258,0,0.00426119,0.00437627,0.613519,0.676758
4696,1,0.1,1,1,5.27258,0,0.0255671,0.0043722,0.336013,0.575244
4697,1,0.1,1,1,5.27248,0,0.0149142,0.00435766,0.472612,0.721875
4698,1,0.1,1,1,5.27258,-0.015708,-0.0202406,0.00432321,0.925145,0.383496
4699,1,0.1,1,1,5.27258,0.00174533,0.00319589,0.00431475,0.619371,0.688037
4700,1,0.1,1,1,5.27258,0,0.00639178,0.0042666,0.571565,0.755713
4701,1,0.1,1,1,5.27258,0.0383972,-0.0191753,0.00432346,0.911329,0.823389
4702,1,0.1,1,1,5.27258,-0.0174533,0.00852238,0.00433574,0.552855,0.812109
4703,1,0.1,1,1,5.27258,-0.0139626,0.00532648,0.00427544,0.586563,0.575244
4704,1,0.1,1,1,5.27258,-0.010472,0.0170448,0.0042491,0.430801,0.439893
4705,1,0.1,1,1,5.27258,0,-0.00532648,0.00423227,0.71944,0.64292
4706,1,0.1,1,1,5.27258,0,0.010653,0.0042358,0.512165,0.665479
4707,1,0.1,1,1,5.27258,-0.00872665,-0.00532648,0.00422384,0.718344,0.654199
4708,1,0.1,1,1,5.27258,0,0.0117183,0.00424743,0.499829,0.857227
4709,1,0.1,1,1,5.27258,0,-0.0138489,0.00422706,0.829553,0.721875
4710,1,0.1,1,1,5.27258,-0.00349066,-0.00745708,0.00425178,0.749674,0.823389
4711,1,0.1,1,1,5.27268,0,0.0127836,0.00422407,0.482943,0.620361
4712,1,0.1,1,1,5.27268,0,-0.00213059,0.00421493,0.675639,0.620361
4713,1,0.1,1,1,5.27268,0,-0.0149142,0.00422887,0.843637,0.778271
4714,1,0.1,1,1,5.27268,0,-0.0010653,0.00421225,0.661442,0.766992
4715,1,0.1,1,1,5.27268,0,-0.00852238,0.00420941,0.758014,0.530127
4716,1,0.1,1,1,5.27268,0,0.00426119,0.00418928,0.589211,0.676758
4717,1,0.1,1,1,5.27268,0,0.0117183,0.00417044,0.48982,0.48501
4718,1,0.1,1,1,5.27268,0,0.0127836,0.00412179,0.469647,0.496289
4719,1,0.1,1,1,5.27268,0,0.00532648,0.00412608,0.567147,0.755713
4720,1,0.1,1,1,5.27268,0,-0.0202406,0.0041124,0.897741,0.620361
4721,1,0.1,1,1,5.27268,0,-0.00426119,0.00412331,0.691426,0.563965
4722,1,0.1,1,1,5.27268,0.0244346,0.010653,0.00413122,0.498571,0.710596
4723,1,0.1,1,1,5.27268,0,0.00532648,0.00413372,0.568139,0.766992
4724,1,0.1,1,1,5.27258,-0.0314159,0.00639178,0.00405799,0.544445,0.47373
4725,1,0.1,1,1,5.27258,0,0.0149142,0.00400588,0.42688,0.451172
4726,1,0.1,1,1,5.27258,0,0.00745708,0.00401979,0.525631,0.597803
4727,1,0.1,1,1,5.27268,0,-0.00852238,0.00401048,0.732154,0.563965
4728,1,0.1,1,1,5.27268,0.0174533,0.0117183,0.00398595,0.465836,0.631641
4729,1,0.1,1,1,5.27268,0,-0.00639178,0.00403334,0.707428,0.744434
4730,1,0.1,1,1,5.27268,0,0.00745708,0.00401255,0.524689,0.812109
4731,1,0.1,1,1,5.27268,0.00698132,0.00426119,0.00399912,0.56449,0.64292
4732,1,0.1,1,1,5.27268,0,-0.0191753,0.00398023,0.866709,0.575244
4733,1,0.1,1,1,5.27268,0.010472,0.00852238,0.00399286,0.50828,0.552686
4734,1,0.1,1,1,5.27268,0,0.00958767,0.00397622,0.492268,0.563965
4735,1,0.1,1,1,5.27268,0,-0.0010653,0.00397702,0.630861,0.620361
4736,1,0.1,1,1,5.27268,0,-0.00213059,0.00397385,0.644298,0.64292
4737,1,0.1,1,1,5.27268,0,-0.00213059,0.00398341,0.645541,0.845947
4738,1,0.1,1,1,5.27268,-0.0244346,0.010653,0.00396321,0.476729,0.563965
4739,1,0.1,1,1,5.27268,0,0.00745708,0.00394465,0.515862,0.394775
4740,1,0.1,1,1,5.27268,0,0.0117183,0.00388765,0.453057,0.383496
4741,1,0.1,1,1,5.27268,0,0.00639178,0.00387554,0.520727,0.552686
4742,1,0.1,1,1,5.27268,0,-0.00213059,0.00391574,0.636744,0.631641
4743,1,0.1,1,1,5.27268,0,-0.0159795,0.00392212,0.817608,0.710596
4744,1,0.1,1,1,5.27268,0,0.00852238,0.00392171,0.499031,0.631641
4745,1,0.1,1,1,5.27268,0,1.30461e-18,0.0039263,0.61042,0.530127
4746,1,0.1,1,1,5.27268,0,0.00745708,0.00392773,0.513662,0.64292
4747,1,0.1,1,1,5.27268,0,0.00639178,0.00390923,0.525107,0.47373
4748,1,0.1,1,1,5.27268,0,-0.00852238,0.00391389,0.719597,0.563965
4749,1,0.1,1,1,5.27268,0,0.00745708,0.00387433,0.506721,0.462451
4750,1,0.1,1,1,5.27268,0.00872665,-3.26153e-19,0.00382898,0.597767,0.609082
4751,1,0.1,1,1,5.27268,0.00872665,0.0159795,0.00381495,0.388211,0.586523
4752,1,0.1,1,1,5.27268,0,0.0170448,0.00381907,0.374897,0.620361
4753,1,0.1,1,1,5.27268,-0.00349066,0.0010653,0.00380868,0.581279,0.676758
4754,1,0.1,1,1,5.27258,-0.0244346,-0.00319589,0.00377497,0.632293,0.349658
4755,1,0.1,1,1,5.27268,0.00872665,0.00745708,0.00374215,0.489538,0.665479
4756,1,0.1,1,1,5.27268,0,-0.0138489,0.00373653,0.765784,0.518848
4757,1,0.1,1,1,5.27268,0,-0.00532648,0.00373249,0.654467,0.631641
4758,1,0.1,1,1,5.27268,0,0.00958767,0.00370037,0.456408,0.631641
4759,1,0.1,1,1,5.27268,0,0.00426119,0.00367487,0.522338,0.597803
4760,1,0.1,1,1,5.27268,0,-0.00958767,0.00366711,0.701364,0.563965
4761,1,0.1,1,1,5.27268,0,0.00426119,0.00364488,0.518439,0.541406
4762,1,0.1,1,1,5.27268,0.0122173,0.028763,0.00365397,0.201097,0.699316
4763,1,0.1,1,1,5.27258,0,0.0127836,0.00364863,0.408136,0.620361
4764,1,0.1,1,1,5.27268,0,0.00319589,0.00364578,0.532404,0.597803
4765,1,0.1,1,1,5.27268,0,-3.26153e-19,0.00358686,0.566291,0.496289
4766,1,0.1,1,1,5.27268,-0.00349066,0.00639178,0.00362661,0.488366,0.766992
4767,1,0.1,1,1,5.27268,0,-0.00319589,0.00362201,0.612408,0.541406
4768,1,0.1,1,1,5.27268,0,0.0117183,0.0036092,0.416859,0.575244
4769,1,0.1,1,1,5.27268,0,0.00745708,0.00360339,0.471498,0.541406
4770,1,0.1,1,1,5.27268,0,0.0010653,0.00359414,0.55339,0.631641
4771,1,0.1,1,1,5.27268,0,-0.0117183,0.00361435,0.722203,0.518848
4772,1,0.1,1,1,5.27268,0.00698132,0.0149142,0.00359269,0.373166,0.609082
4773,1,0.1,1,1,5.27268,0,-0.00958767,0.00361075,0.694037,0.496289
4774,1,0.1,1,1,5.27268,0,0.0202406,0.00362314,0.307879,0.631641
4775,1,0.1,1,1,5.27258,-0.015708,0.00852238,0.00359016,0.45593,0.563965
4776,1,0.1,1,1,5.27268,0,-0.0127836,0.00360612,0.734982,0.541406
4777,1,0.1,1,1,5.27268,0.0191986,-0.0170448,0.00363093,0.793602,0.620361
4778,1,0.1,1,1,5.27268,0,0.0138489,0.00360443,0.38854,0.518848
4779,1,0.1,1,1,5.27268,-0.0139626,0.00639178,0.00360605,0.485694,0.496289
4780,1,0.1,1,1,5.27268,0.00349066,-0.00745708,0.00363141,0.669025,0.631641
4781,1,0.1,1,1,5.27268,-0.00698132,-0.00319589,0.00359698,0.609154,0.383496
4782,1,0.1,1,1,5.27268,0.0191986,0.00639178,0.00359442,0.484182,0.47373
4783,1,0.1,1,1,5.27268,0,-0.00639178,0.00360089,0.651209,0.586523
4784,1,0.1,1,1,5.27268,0,0.00639178,0.0036022,0.485193,0.48501
4785,1,0.1,1,1,5.27268,0,0.00213059,0.00359432,0.539564,0.552686
4786,1,0.1,1,1,5.27268,0,0.00958767,0.00357846,0.44056,0.64292
4787,1,0.1,1,1,5.27268,0,0.0276977,0.00356215,0.203009,0.47373
4788,1,0.1,1,1,5.27268,0,-0.0245018,0.00356497,0.881971,0.496289
4789,1,0.1,1,1,5.27268,0.0122173,0.0149142,0.00359652,0.373663,0.496289
4790,1,0.1,1,1,5.27268,0,-0.0117183,0.00360398,0.720855,0.360938
4791,1,0.1,1,1,5.27268,-0.00698132,-0.0245018,0.00359137,0.885402,0.541406
4792,1,0.1,1,1,5.27268,0,0.0234365,0.0035768,0.260309,0.563965
4793,1,0.1,1,1,5.27268,-0.00523599,0.0159795,0.00356038,0.355116,0.518848
4794,1,0.1,1,1,5.27268,0,0.010653,0.00352829,0.420189,0.428613
4795,1,0.1,1,1,5.27268,0,-0.0010653,0.00348505,0.566905,0.417334
4796,1,0.1,1,1,5.27268,-0.00872665,0.00319589,0.0034803,0.510893,0.462451
4797,1,0.1,1,1,5.27268,0,7.82767e-19,0.0034786,0.552218,0.383496
4798,1,0.1,1,1,5.27268,0.00698132,-0.00532648,0.00352001,0.626846,0.530127
4799,1,0.1,1,1,5.27268,0,-0.0117183,0.00351161,0.708847,0.451172
4800,1,0.1,1,1,5.27268,0.00872665,0.0138489,0.00353188,0.379109,0.710596
4801,1,0.1,1,1,5.27268,0,0.010653,0.00352021,0.419138,0.665479
4802,1,0.1,1,1,5.27268,-0.0139626,-0.0010653,0.00350618,0.569652,0.439893
4803,1,0.1,1,1,5.27268,0,-0.0245018,0.00349142,0.872408,0.530127
4804,1,0.1,1,1,5.27268,0.00349066,-0.00213059,0.00352099,0.585426,0.857227
4805,1,0.1,1,1,5.27268,0,-0.00958767,0.00349139,0.678521,0.462451
4806,1,0.1,1,1,5.27268,0.00872665,-0.00852238,0.00346347,0.661042,0.541406
4807,1,0.1,1,1,5.27268,0.00872665,0.00745708,0.00345461,0.452157,0.48501
4808,1,0.1,1,1,5.27268,0.00872665,-0.0127836,0.00347056,0.717359,0.541406
4809,1,0.1,1,1,5.27268,0,0.0010653,0.00345556,0.535374,0.620361
4810,1,0.1,1,1,5.27268,0,0.0010653,0.003429,0.531921,0.518848
4811,1,0.1,1,1,5.27268,0,0.00745708,0.0034037,0.445539,0.597803
4812,1,0.1,1,1,5.27268,0,0.00426119,0.00337312,0.483111,0.541406
4813,1,0.1,1,1,5.27268,0,-0.00426119,0.0033866,0.595654,0.597803
4814,1,0.1,1,1,5.27268,0,0.00426119,0.00336479,0.482027,0.530127
4815,1,0.1,1,1,5.27268,0,0.0010653,0.00335855,0.522763,0.530127
4816,1,0.1,1,1,5.27268,0,-0.01811,0.00335835,0.772016,0.496289
4817,1,0.1,1,1,5.27268,0,0.00745708,0.00334197,0.437514,0.462451
4818,1,0.1,1,1,5.27268,0.0174533,-0.00319589,0.00332698,0.574054,0.530127
4819,1,0.1,1,1,5.27268,0,-0.00852238,0.00333016,0.643711,0.575244
4820,1,0.1,1,1,5.27268,0,-0.0202406,0.00334255,0.79766,0.552686
4821,1,0.1,1,1,5.27268,0.00872665,-0.0117183,0.00335947,0.689068,0.48501
4822,1,0.1,1,1,5.27268,0,0.00958767,0.00336978,0.413432,0.597803
4823,1,0.1,1,1,5.27268,0,-0.00426119,0.00334164,0.589809,0.451172
4824,1,0.1,1,1,5.27268,0,0.0127836,0.0033503,0.369353,0.530127
4825,1,0.1,1,1,5.27268,-0.00174533,-0.00426119,0.00332401,0.587517,0.541406
4826,1,0.1,1,1,5.27268,0,-0.00958767,0.00332822,0.657308,0.507568
4827,1,0.1,1,1,5.27268,0,0.0149142,0.00331577,0.337167,0.552686
4828,1,0.1,1,1,5.27268,0,-0.0010653,0.00327183,0.539187,0.417334
4829,1,0.1,1,1,5.27268,0,6.52306e-20,0.00329657,0.528554,0.518848
4830,1,0.1,1,1,5.27268,0,-0.028763,0.00328483,0.900947,0.406055
4831,1,0.1,1,1,5.27268,0.00523599,-0.0127836,0.00329894,0.695048,0.597803
4832,1,0.1,1,1,5.27268,0,0.00958767,0.00329848,0.404162,0.710596
4833,1,0.1,1,1,5.27268,0,0.00745708,0.00330377,0.432548,0.552686
4834,1,0.1,1,1,5.27268,-0.00872665,-0.00213059,0.00325728,0.551144,0.451172
4835,1,0.1,1,1,5.27268,0,-0.00532648,0.00325947,0.592975,0.406055
4836,1,0.1,1,1,5.27268,0.00872665,0.00319589,0.00322848,0.478156,0.620361
4837,1,0.1,1,1,5.27268,0.010472,0.00319589,0.00319171,0.473376,0.563965
4838,1,0.1,1,1,5.27258,-0.00872665,-0.00745708,0.00317874,0.610178,0.47373
4839,1,0.1,1,1,5.27258,0.00872665,-0.00426119,0.00319221,0.570383,0.597803
4840,1,0.1,1,1,5.27258,0,-0.00426119,0.0032044,0.571967,0.439893
4841,1,0.1,1,1,5.27258,0,0.00532648,0.00319943,0.446682,0.563965
4842,1,0.1,1,1,5.27258,0,0.00426119,0.00321902,0.463077,0.518848
4843,1,0.1,1,1,5.27258,0,-0.0298283,0.00322612,0.907164,0.372217
4844,1,0.1,1,1,5.27258,0,-0.00852238,0.00324298,0.632379,0.552686
4845,1,0.1,1,1,5.27268,0.00698132,-0.00319589,0.00323049,0.56151,0.48501
4846,1,0.1,1,1,5.27268,0,-0.00745708,0.00320883,0.61409,0.360938
4847,1,0.1,1,1,5.27258,0,-0.0010653,0.00318972,0.528513,0.360938
4848,1,0.1,1,1,5.27258,0,0.00319589,0.00318587,0.472617,0.406055
4849,1,0.1,1,1,5.27258,0,0.00639178,0.00315425,0.42696,0.394775
4850,1,-0.1,1,1,5.27258,0,0.00426119,-0.197632,-25.7668,0.47373
4851,1,-0.1,1,1,5.26424,-1.57254,-0.0553954,-0.197496,-25.0543,-9.62124
4852,1,-0.1,1,1,5.26376,0.10821,-0.449555,-0.196353,-19.7817,-10.8394
4853,1,-0.1,1,1,5.25964,-0.630064,-0.763818,-0.193039,-15.2654,-11.1214
4854,1,-0.1,1,1,5.2559,-1.30725,-1.00777,-0.188662,-11.5251,-10.8732
4855,1,-0.1,1,1,5.24813,-1.02451,-1.31458,-0.182673,-6.758,-9.80171
4856,1,-0.1,1,1,5.24343,-1.15366,-1.62351,-0.175067,-1.75309,-6.53071
4857,1,-0.1,1,1,5.23749,-1.23569,-1.67358,-0.166656,-0.00874429,-1.35352
4858,1,-0.1,1,1,5.23126,-1.7017,-1.67678,-0.158374,1.11156,-0.101514
4859,1,-0.1,1,1,5.22138,-1.56556,-1.66186,-0.149978,2.02205,0.293262
4860,1,-0.1,1,1,5.21544,-1.3631,-1.62138,-0.141719,2.58802,1.36479
4861,1,-0.1,1,1,5.20719,-1.41721,-1.53722,-0.133869,2.53392,2.18818
4862,1,-0.1,1,1,5.20125,-1.42942,-1.40513,-0.126591,1.77931,2.2333
4863,1,-0.1,1,1,5.19291,-1.37008,-1.34121,-0.119657,1.86511,1.99644
4864,1,-0.1,1,1,5.18792,-1.21649,-1.2741,-0.113139,1.85411,2.01899
4865,1,-0.1,1,1,5.18064,-1.18159,-1.13348,-0.107091,0.824201,1.65806
4866,1,-0.1,1,1,5.17603,-1.15541,-1.1143,-0.101477,1.31256,1.11665
4867,1,-0.1,1,1,5.16999,-0.921534,-1.03121,-0.0960752,0.944284,1.21816
4868,1,-0.1,1,1,5.16587,-1.04894,-1.00671,-0.0909162,1.30546,1.24072
4869,1,-0.1,1,1,5.1605,-0.958186,-0.924678,-0.086157,0.864855,0.981299
4870,1,-0.1,1,1,5.15657,-0.904081,-0.872478,-0.0816619,0.776609,0.812109
4871,1,-0.1,1,1,5.15197,-0.830777,-0.837323,-0.0773612,0.884903,0.936182
4872,1,-0.1,1,1,5.14881,-0.741765,-0.767014,-0.0733834,0.492616,0.654199
4873,1,-0.1,1,1,5.14392,-0.802851,-0.703096,-0.0696946,0.14378,0.48501
4874,1,-0.1,1,1,5.14104,-0.694641,-0.68179,-0.0662245,0.319046,0.417334
4875,1,-0.1,1,1,5.13701,-0.652753,-0.646635,-0.0628954,0.296978,0.338379
4876,1,-0.1,1,1,5.13443,-0.649262,-0.615742,-0.0597346,0.308081,0.360938
4877,1,-0.1,1,1,5.13049,-0.591667,-0.578456,-0.0567452,0.213696,0.259424
4878,1,-0.1,1,1,5.12819,-0.575959,-0.560346,-0.0538404,0.358517,0.293262
4879,1,-0.1,1,1,5.12474,-0.617847,-0.519865,-0.0512087,0.174816,0.191748
4880,1,-0.1,1,1,5.12244,-0.495674,-0.461274,-0.0487375,-0.265801,0.135352
4881,1,-0.1,1,1,5.11957,-0.549779,-0.458078,-0.0463637,0.000892736,0.101514
4882,1,-0.1,1,1,5.11755,-0.481711,-0.408009,-0.0441645,-0.365075,0.0225586
4883,1,-0.1,1,1,5.11496,-0.438078,-0.39629,-0.0421469,-0.257976,-0.0563965
4884,1,-0.1,1,1,5.11324,-0.394444,-0.352613,-0.0402591,-0.583474,-0.0902344
4885,1,-0.1,1,1,5.11103,-0.404916,-0.351548,-0.038446,-0.364924,-0.169189
4886,1,-0.1,1,1,5.10959,-0.305433,-0.346222,-0.0367503,-0.217653,-0.203027
4887,1,-0.1,1,1,5.10768,-0.331613,-0.313197,-0.0351571,-0.443384,-0.135352
4888,1,-0.1,1,1,5.10643,-0.314159,-0.265259,-0.0337046,-0.882575,-0.541406
4889,1,-0.1,1,1,5.10461,-0.274017,-0.268455,-0.0323074,-0.66453,-0.451172
4890,1,-0.1,1,1,5.10365,-0.268781,-0.279108,-0.0309155,-0.349125,-0.530127
4891,1,-0.1,1,1,5.1024,-0.200713,-0.25141,-0.0295761,-0.538331,-0.394775
4892,1,-0.1,1,1,5.10135,-0.268781,-0.239692,-0.0283611,-0.537327,-0.575244
4893,1,-0.1,1,1,5.10001,-0.188496,-0.226908,-0.0271979,-0.556838,-0.575244
4894,1,-0.1,1,1,5.09924,-0.21293,-0.222647,-0.0260674,-0.469365,-0.563965
4895,1,-0.1,1,1,5.09809,-0.179769,-0.204537,-0.0250386,-0.575823,-0.609082
4896,1,-0.1,1,1,5.09732,-0.169297,-0.194949,-0.0240047,-0.57008,-0.518848
4897,1,-0.1,1,1,5.09627,-0.225147,-0.186427,-0.0230948,-0.568071,-0.744434
4898,1,-0.1,1,1,5.0956,-0.122173,-0.184296,-0.0221819,-0.481563,-0.688037
4899,1,-0.1,1,1,5.09473,-0.162316,-0.171513,-0.0212797,-0.533945,-0.507568
4900,1,-0.1,1,1,5.09416,-0.123918,-0.156599,-0.0204527,-0.624504,-0.406055
4901,1,-0.1,1,1,5.09301,-0.200713,-0.140619,-0.0197179,-0.741885,-0.665479
4902,1,-0.1,1,1,5.09243,-0.137881,-0.128901,-0.019061,-0.814798,-1.0377
4903,1,-0.1,1,1,5.09147,-0.132645,-0.138489,-0.0183104,-0.597852,-0.823389
4904,1,-0.1,1,1,5.0909,-0.155334,-0.134227,-0.017627,-0.568816,-0.80083
4905,1,-0.1,1,1,5.09004,-0.150098,-0.139554,-0.0169423,-0.414381,-0.699316
4906,1,-0.1,1,1,5.08946,-0.0925025,-0.122509,-0.0162843,-0.553589,-0.48501
4907,1,-0.1,1,1,5.0885,-0.15708,-0.122509,-0.0156331,-0.47191,-0.428613
4908,1,-0.1,1,1,5.08802,-0.141372,-0.121444,-0.0150231,-0.409937,-0.530127
4909,1,-0.1,1,1,5.08735,-0.0890118,-0.0820279,-0.0144979,-0.857751,-0.665479
4910,1,-0.1,1,1,5.08678,-0.1309,-0.105464,-0.0140178,-0.49573,-0.64292
4911,1,-0.1,1,1,5.08611,-0.0733038,-0.0916155,-0.0135615,-0.620866,-0.64292
4912,1,-0.1,1,1,5.08572,-0.113446,-0.0735055,-0.0131195,-0.803161,-0.552686
4913,1,-0.1,1,1,5.08505,-0.125664,-0.0671137,-0.0127305,-0.840669,-0.721875
4914,1,-0.1,1,1,5.08476,-0.0383972,-0.0958767,-0.0122851,-0.413012,-0.699316
4915,1,-0.1,1,1,5.08448,-0.0558505,-0.0798973,-0.0119112,-0.576479,-0.47373
4916,1,-0.1,1,1,5.0839,-0.144862,-0.0660484,-0.0115227,-0.70972,-0.47373
4917,1,-0.1,1,1,5.08361,-0.0541052,-0.0639178,-0.0111636,-0.694845,-0.575244
4918,1,-0.1,1,1,5.08342,-0.0802851,-0.0543301,-0.0108235,-0.779487,-0.530127
4919,1,-0.1,1,1,5.08304,-0.0767945,-0.0660484,-0.0104981,-0.589061,-0.507568
4920,1,-0.1,1,1,5.08285,-0.0331613,-0.0745708,-0.0101252,-0.433009,-0.518848
4921,1,-0.1,1,1,5.08265,-0.0558505,-0.0617872,-0.00982176,-0.563353,-0.507568
4922,1,-0.1,1,1,5.08237,-0.0593412,-0.0458078,-0.00959882,-0.746915,-0.620361
4923,1,-0.1,1,1,5.08198,-0.0226893,-0.0639178,-0.00933701,-0.482069,-0.609082
4924,1,-0.1,1,1,5.08189,-0.0610865,-0.0553954,-0.00906904,-0.558834,-0.733154
4925,1,-0.1,1,1,5.08169,-0.015708,-0.0596566,-0.00877847,-0.465665,-0.496289
4926,1,-0.1,1,1,5.0815,-0.0541052,-0.0383507,-0.00852103,-0.709175,-0.496289
4927,1,-0.1,1,1,5.08112,-0.0715585,-0.0415466,-0.00829803,-0.638639,-0.507568
4928,1,-0.1,1,1,5.08093,-0.0226893,-0.0372854,-0.00802713,-0.658817,-0.518848
4929,1,-0.1,1,1,5.08074,-0.111701,-0.0319589,-0.00784754,-0.704714,-0.575244
4930,1,-0.1,1,1,5.08045,-0.015708,-0.0340895,-0.00764569,-0.650776,-0.530127
4931,1,-0.1,1,1,5.08016,-0.0994838,-0.0308936,-0.00746414,-0.668721,-0.688037
4932,1,-0.1,1,1,5.07997,-0.0139626,-0.0276977,-0.00728564,-0.687062,-0.789551
4933,1,-0.1,1,1,5.07978,-0.0645772,-0.0170448,-0.0071115,-0.802913,-0.507568
4934,1,-0.1,1,1,5.07968,-0.0366519,-0.0223712,-0.00694462,-0.711974,-0.552686
4935,1,-0.1,1,1,5.07939,-0.0907571,-0.0426119,-0.006831,-0.434076,-0.778271
4936,1,-0.1,1,1,5.0792,-0.00174533,-0.0191753,-0.00672259,-0.724657,-0.654199
4937,1,-0.1,1,1,5.07901,-0.0593412,-0.0255671,-0.00666127,-0.633593,-0.823389
4938,1,-0.1,1,1,5.07891,-0.0174533,-0.0245018,-0.00652677,-0.629956,-0.755713
4939,1,-0.1,1,1,5.07882,-0.0279253,-0.0127836,-0.00643087,-0.769826,-0.710596
4940,1,-0.1,1,1,5.07872,-0.0174533,-0.00958767,-0.00637367,-0.803937,-0.665479
4941,1,-0.1,1,1,5.07844,-0.0296706,-0.0340895,-0.00626864,-0.471759,-0.778271
4942,1,-0.1,1,1,5.07853,0,-0.00852238,-0.00621124,-0.79667,-0.80083
4943,1,-0.1,1,1,5.07834,-0.010472,-0.0191753,-0.00612789,-0.647346,-0.631641
4944,1,-0.1,1,1,5.07834,0,-0.0266324,-0.0060365,-0.538523,-0.620361
4945,1,-0.1,1,1,5.07824,0,-0.0308936,-0.00591277,-0.467043,-0.64292
4946,1,-0.1,1,1,5.07824,0,-0.00426119,-0.0058529,-0.805481,-0.64292
4947,1,-0.1,1,1,5.07805,-0.00872665,-0.0159795,-0.0057375,-0.638142,-0.575244
4948,1,-0.1,1,1,5.07805,-0.0122173,-0.0298283,-0.00567353,-0.44979,-0.755713
4949,1,-0.1,1,1,5.07805,0.020944,0.00639178,-0.00561742,-0.913358,-0.823389
4950,1,-0.1,1,1,5.07796,0,-0.0202406,-0.00550701,-0.552782,-0.699316
4951,1,-0.1,1,1,5.07805,-0.0191986,-0.0127836,-0.00545299,-0.642703,-0.597803
4952,1,-0.1,1,1,5.07786,-0.015708,0.0191753,-0.00541797,-1.05362,-0.530127
4953,1,-0.1,1,1,5.07767,-0.0680678,-0.0138489,-0.00531928,-0.611471,-0.676758
4954,1,-0.1,1,1,5.07786,0.0383972,-0.0159795,-0.00524627,-0.574282,-0.676758
4955,1,-0.1,1,1,5.07776,0,0.00213059,-0.00519338,-0.802837,-0.597803
4956,1,-0.1,1,1,5.07767,-0.0296706,-0.0149142,-0.00514417,-0.574858,-0.721875
4957,1,-0.1,1,1,5.07757,0,-0.0276977,-0.00511143,-0.404415,-0.778271
4958,1,-0.1,1,1,5.07757,0,-0.0138489,-0.00507688,-0.579959,-0.688037
4959,1,-0.1,1,1,5.07757,-0.00349066,-0.0138489,-0.00505276,-0.576824,-0.676758
4960,1,-0.1,1,1,5.07748,-0.0174533,-0.00532648,-0.00507321,-0.690273,-0.879785
4961,1,-0.1,1,1,5.07728,0.0226893,-0.0127836,-0.00502398,-0.586931,-0.676758
4962,1,-0.1,1,1,5.07738,0,-0.0149142,-0.00503126,-0.56018,-0.721875
4963,1,-0.1,1,1,5.07719,0,-0.0138489,-0.00500213,-0.570241,-0.80083
4964,1,-0.1,1,1,5.07719,0,0.00532648,-0.00498899,-0.817813,-0.609082
4965,1,-0.1,1,1,5.07709,-0.0349066,-0.00319589,-0.00495661,-0.702812,-0.699316
4966,1,-0.1,1,1,5.07709,0,-0.0191753,-0.00490072,-0.487814,-0.597803
4967,1,-0.1,1,1,5.07709,0,0.00319589,-0.00489773,-0.778252,-0.744434
4968,1,-0.1,1,1,5.077,0,0.00639178,-0.00492768,-0.823691,-0.868506
4969,1,-0.1,1,1,5.077,0,0.0010653,-0.00492703,-0.754363,-0.699316
4970,1,-0.1,1,1,5.077,0,-0.00532648,-0.00490675,-0.668633,-0.631641
4971,1,-0.1,1,1,5.077,-0.020944,0.00319589,-0.00490581,-0.779302,-0.766992
4972,1,-0.1,1,1,5.0769,0,-0.00639178,-0.0048928,-0.652971,-0.64292
4973,1,-0.1,1,1,5.0769,0,-0.0117183,-0.00487792,-0.581793,-0.688037
4974,1,-0.1,1,1,5.0769,0,-0.0170448,-0.00483833,-0.507401,-0.586523
4975,1,-0.1,1,1,5.0769,0,-0.0298283,-0.00480096,-0.336357,-0.755713
4976,1,-0.1,1,1,5.0769,0,-0.00639178,-0.00475334,-0.634841,-0.563965
4977,1,-0.1,1,1,5.0769,0,-0.00426119,-0.00473278,-0.659866,-0.665479
4978,1,-0.1,1,1,5.0769,0,-0.00852238,-0.0046967,-0.599781,-0.575244
4979,1,-0.1,1,1,5.0769,-0.00698132,0.0010653,-0.00468456,-0.722842,-0.710596
4980,1,-0.1,1,1,5.07681,0,0.00532648,-0.00469254,-0.779275,-0.665479
4981,1,-0.1,1,1,5.07681,0,-0.0159795,-0.00471214,-0.504845,-0.665479
4982,1,-0.1,1,1,5.07681,0,-0.00213059,-0.00471468,-0.685211,-0.552686
4983,1,-0.1,1,1,5.07681,-0.0296706,-0.00213059,-0.00471014,-0.68462,-0.789551
4984,1,-0.1,1,1,5.07671,0.00872665,0.00639178,-0.00472024,-0.796724,-0.789551
4985,1,-0.1,1,1,5.07671,-0.00523599,-0.0117183,-0.00470478,-0.559284,-0.733154
4986,1,-0.1,1,1,5.07671,-0.00174533,0.00852238,-0.00472141,-0.824574,-0.857227
4987,1,-0.1,1,1,5.07661,0,-0.00426119,-0.00470573,-0.65635,-0.699316
4988,1,-0.1,1,1,5.07661,-0.00872665,-0.0117183,-0.0046618,-0.553696,-0.48501
4989,1,-0.1,1,1,5.07661,-0.0226893,0.00958767,-0.00465062,-0.82922,-0.597803
4990,1,-0.1,1,1,5.07661,-0.0174533,-0.0149142,-0.00464042,-0.509371,-0.744434
4991,1,-0.1,1,1,5.07652,0.0453786,-0.00426119,-0.00461058,-0.64398,-0.609082
4992,1,-0.1,1,1,5.07652,-0.0314159,0.0138489,-0.00463675,-0.882813,-0.597803
4993,1,-0.1,1,1,5.07642,-0.0139626,0.00958767,-0.00463773,-0.827544,-0.766992
4994,1,-0.1,1,1,5.07652,0.015708,0.00958767,-0.00465125,-0.829303,-0.688037
4995,1,-0.1,1,1,5.07642,-0.015708,0.00852238,-0.00463232,-0.812992,-0.541406
4996,1,-0.1,1,1,5.07642,-0.0418879,0.00639178,-0.00461267,-0.782741,-0.631641
4997,1,-0.1,1,1,5.07642,-0.0471239,0.00852238,-0.0046137,-0.810572,-0.665479
4998,1,-0.1,1,1,5.07642,0,0.00639178,-0.00459867,-0.78092,-0.766992
4999,1,-0.1,1,1,5.07642,-0.0471239,-3.26153e-19,-0.00456644,-0.693637,-0.710596
5000,1,-0.1,1,1,5.07642,0.0418879,-0.00532648,-0.00456315,-0.623965,-0.676758
5001,1,-0.1,1,1,5.07642,0,-0.00319589,-0.00455447,-0.650535,-0.676758
5002,1,-0.1,1,1,5.07642,-0.0174533,-0.00426119,-0.00456916,-0.638596,-0.64292
5003,1,-0.1,1,1,5.07642,0,0.0255671,-0.00456768,-1.02617,-0.631641
5004,1,-0.1,1,1,5.07633,-0.0174533,0.0010653,-0.00455726,-0.706293,-0.64292
5005,1,-0.1,1,1,5.07633,0,0.0191753,-0.00454223,-0.939769,-0.530127
5006,1,-0.1,1,1,5.07633,-0.0558505,-0.0010653,-0.00452496,-0.674395,-0.755713
5007,1,-0.1,1,1,5.07642,0.0261799,0.00852238,-0.00449204,-0.794756,-0.417334
5008,1,-0.1,1,1,5.07633,-0.0628319,-0.0010653,-0.00450034,-0.671196,-0.597803
5009,1,-0.1,1,1,5.07633,0,-0.0010653,-0.00450498,-0.671798,-0.688037
5010,1,-0.1,1,1,5.07633,0,0.00958767,-0.00452088,-0.812354,-0.699316
5011,1,-0.1,1,1,5.07633,-0.00523599,0.01811,-0.00452295,-0.923414,-0.699316
5012,1,-0.1,1,1,5.07633,0,1.30461e-18,-0.00452874,-0.688737,-0.665479
5013,1,-0.1,1,1,5.07633,0,0.00319589,-0.00455896,-0.734211,-0.620361
5014,1,-0.1,1,1,5.07623,-0.0314159,0.00213059,-0.0045405,-0.717962,-0.676758
5015,1,-0.1,1,1,5.07623,-0.00174533,0.00745708,-0.00458192,-0.792592,-0.766992
5016,1,-0.1,1,1,5.07613,0,4.56614e-19,-0.00454829,-0.691277,-0.688037
5017,1,-0.1,1,1,5.07623,-0.0349066,-0.0149142,-0.00454646,-0.497156,-0.710596
5018,1,-0.1,1,1,5.07623,0,0.00319589,-0.00454286,-0.732118,-0.688037
5019,1,-0.1,1,1,5.07623,0,-0.0202406,-0.00451523,-0.423851,-0.665479
5020,1,-0.1,1,1,5.07623,0,-0.00639178,-0.00450821,-0.602974,-0.620361
5021,1,-0.1,1,1,5.07613,0,-7.82767e-19,-0.00450214,-0.685278,-0.688037
5022,1,-0.1,1,1,5.07613,0,0.00745708,-0.00449253,-0.780971,-0.64292
5023,1,-0.1,1,1,5.07613,0,0.0127836,-0.00447039,-0.847337,-0.631641
5024,1,-0.1,1,1,5.07623,0.00174533,-0.00426119,-0.00448142,-0.627189,-0.699316
5025,1,-0.1,1,1,5.07613,0.0453786,0.0010653,-0.00445773,-0.693354,-0.563965
5026,1,-0.1,1,1,5.07613,-0.0226893,0.00745708,-0.00443851,-0.773948,-0.620361
5027,1,-0.1,1,1,5.07613,-0.0226893,0.0117183,-0.00446014,-0.832155,-0.597803
5028,1,-0.1,1,1,5.07613,0,-0.0127836,-0.00445142,-0.512499,-0.710596
5029,1,-0.1,1,1,5.07613,0,-0.0149142,-0.00448585,-0.489276,-0.710596
5030,1,-0.1,1,1,5.07604,-0.00349066,0.0117183,-0.00447945,-0.834666,-0.451172
5031,1,-0.1,1,1,5.07604,-0.0366519,0.00639178,-0.00448154,-0.765694,-0.688037
5032,1,-0.1,1,1,5.07613,0.0314159,-0.00426119,-0.00445669,-0.623975,-0.620361
5033,1,-0.1,1,1,5.07613,0,-0.00852238,-0.00446864,-0.570133,-0.620361
5034,1,-0.1,1,1,5.07604,-0.0331613,-0.010653,-0.00443472,-0.538025,-0.744434
5035,1,-0.1,1,1,5.07613,-0.010472,-0.01811,-0.00444667,-0.442636,-0.676758
5036,1,-0.1,1,1,5.07594,0,-0.0170448,-0.00442679,-0.4539,-0.620361
5037,1,-0.1,1,1,5.07604,0,-0.01811,-0.00441627,-0.438685,-0.654199
5038,1,-0.1,1,1,5.07604,-0.0174533,-0.00319589,-0.0044371,-0.635276,-0.688037
5039,1,-0.1,1,1,5.07604,0,0.00532648,-0.00444558,-0.747169,-0.733154
5040,1,-0.1,1,1,5.07604,0,0.00319589,-0.00444999,-0.720046,-0.721875
5041,1,-0.1,1,1,5.07604,0,0.00852238,-0.00445825,-0.790364,-0.609082
5042,1,-0.1,1,1,5.07604,0,-0.00852238,-0.00445611,-0.568503,-0.620361
5043,1,-0.1,1,1,5.07604,0.0191986,-0.00958767,-0.00444658,-0.553415,-0.631641
5044,1,-0.1,1,1,5.07604,0,0.0149142,-0.00445157,-0.872588,-0.48501
5045,1,-0.1,1,1,5.07594,-0.0226893,-0.00532648,-0.00446866,-0.611681,-0.710596
5046,1,-0.1,1,1,5.07604,0.00349066,-0.00745708,-0.00450059,-0.588134,-0.721875
5047,1,-0.1,1,1,5.07594,0.0244346,0.00532648,-0.00454382,-0.759941,-0.80083
5048,1,-0.1,1,1,5.07585,-0.0244346,-0.0191753,-0.00452742,-0.439285,-0.721875
5049,1,-0.1,1,1,5.07594,0.0174533,-0.0159795,-0.00448538,-0.475366,-0.620361
5050,1,-0.1,1,1,5.07594,0,0.0170448,-0.00445254,-0.900412,-0.48501
5051,1,-0.1,1,1,5.07585,-0.0785398,0.0159795,-0.00442404,-0.882857,-0.721875
5052,1,-0.1,1,1,5.07594,0.0628319,-0.0117183,-0.00439762,-0.519353,-0.631641
5053,1,-0.1,1,1,5.07594,0,-0.01811,-0.00438294,-0.434352,-0.64292
5054,1,-0.1,1,1,5.07594,0,-0.0010653,-0.00437703,-0.655165,-0.530127
5055,1,-0.1,1,1,5.07585,-0.00349066,0.0149142,-0.00440865,-0.867009,-0.744434
5056,1,-0.1,1,1,5.07585,0,-0.00532648,-0.00440959,-0.604003,-0.654199
5057,1,-0.1,1,1,5.07585,0.00872665,0.00639178,-0.00436409,-0.750425,-0.563965
5058,1,-0.1,1,1,5.07594,0,-0.010653,-0.00437336,-0.530049,-0.530127
5059,1,-0.1,1,1,5.07585,0.0174533,0.00532648,-0.00441048,-0.742607,-0.834668
5060,1,-0.1,1,1,5.07585,0,-0.0138489,-0.0043788,-0.489209,-0.552686
5061,1,-0.1,1,1,5.07585,0,0.00319589,-0.00434977,-0.707017,-0.733154
5062,1,-0.1,1,1,5.07585,0.00349066,0.0117183,-0.00435164,-0.81805,-0.654199
5063,1,-0.1,1,1,5.07585,-0.00698132,0.0127836,-0.0043772,-0.835223,-0.654199
5064,1,-0.1,1,1,5.07585,-0.00872665,0.0117183,-0.00438979,-0.82301,-0.778271
5065,1,-0.1,1,1,5.07585,0,0.0308936,-0.00439742,-1.07328,-0.518848
5066,1,-0.1,1,1,5.07585,-0.00349066,-0.010653,-0.00434189,-0.525957,-0.64292
5067,1,-0.1,1,1,5.07585,0,9.78459e-19,-0.00437128,-0.668267,-0.744434
5068,1,-0.1,1,1,5.07585,0,-0.00319589,-0.00435302,-0.624346,-0.688037
5069,1,-0.1,1,1,5.07585,0,-0.00213059,-0.00436011,-0.639117,-0.733154
5070,1,-0.1,1,1,5.07585,0.0331613,-0.00319589,-0.00437573,-0.627299,-0.631641
5071,1,-0.1,1,1,5.07585,0,-0.00745708,-0.0043635,-0.570313,-0.631641
5072,1,-0.1,1,1,5.07585,0,-1.30461e-19,-0.00437108,-0.66824,-0.563965
5073,1,-0.1,1,1,5.07575,0,-0.00213059,-0.00433317,-0.635615,-0.64292
5074,1,-0.1,1,1,5.07585,-0.00174533,-0.00639178,-0.00432034,-0.578551,-0.665479
5075,1,-0.1,1,1,5.07585,0,0.00319589,-0.00431125,-0.702009,-0.597803
5076,1,-0.1,1,1,5.07575,-0.0174533,-0.00639178,-0.00433632,-0.580629,-0.823389
5077,1,-0.1,1,1,5.07585,0.0314159,0.00958767,-0.00434267,-0.789187,-0.609082
5078,1,-0.1,1,1,5.07575,-0.0349066,-0.00213059,-0.00434293,-0.636883,-0.665479
5079,1,-0.1,1,1,5.07585,0,-0.00213059,-0.00434913,-0.63769,-0.563965
5080,1,-0.1,1,1,5.07575,-0.0122173,0.00426119,-0.00436989,-0.723481,-0.631641
5081,1,-0.1,1,1,5.07575,0,0.00532648,-0.00436331,-0.736474,-0.609082
5082,1,-0.1,1,1,5.07585,0,-0.00852238,-0.00438249,-0.558932,-0.710596
5083,1,-0.1,1,1,5.07575,0.0122173,-0.00213059,-0.00436328,-0.639529,-0.755713
5084,1,-0.1,1,1,5.07575,0,-0.00639178,-0.00438936,-0.587524,-0.586523
5085,1,-0.1,1,1,5.07575,0,0.0159795,-0.0043931,-0.878836,-0.721875
5086,1,-0.1,1,1,5.07575,0,0.0191753,-0.00441407,-0.923108,-0.766992
5087,1,-0.1,1,1,5.07565,-0.0453786,0.0010653,-0.00442291,-0.688828,-0.721875
5088,1,-0.1,1,1,5.07575,0.0331613,-0.00532648,-0.00445634,-0.61008,-0.733154
5089,1,-0.1,1,1,5.07575,0.0296706,0.00958767,-0.00443878,-0.801681,-0.563965
5090,1,-0.1,1,1,5.07575,-0.0174533,-1.30461e-19,-0.00443565,-0.676634,-0.688037
5091,1,-0.1,1,1,5.07575,0,-0.00532648,-0.00445417,-0.609797,-0.789551
5092,1,-0.1,1,1,5.07565,0.00349066,-0.00852238,-0.00448935,-0.572825,-0.586523
5093,1,-0.1,1,1,5.07556,0.00872665,-0.0170448,-0.00448196,-0.461073,-0.631641
5094,1,-0.1,1,1,5.07575,0,0.00852238,-0.00446994,-0.791883,-0.451172
5095,1,-0.1,1,1,5.07565,-0.00872665,0.00958767,-0.00445917,-0.804332,-0.620361
5096,1,-0.1,1,1,5.07565,0,-0.00426119,-0.00443169,-0.620724,-0.609082
5097,1,-0.1,1,1,5.07565,0,0.00852238,-0.00444534,-0.788686,-0.744434
5098,1,-0.1,1,1,5.07565,0,0.0159795,-0.00447495,-0.889477,-0.80083
5099,1,-0.1,1,1,5.07556,-0.0174533,0.0117183,-0.00449608,-0.836828,-0.665479
5100,1,-0.1,1,1,5.07565,0.00349066,0.00639178,-0.00448343,-0.765939,-0.665479
5101,1,-0.1,1,1,5.07556,-0.00872665,0.0010653,-0.0044919,-0.697795,-0.789551
5102,1,-0.1,1,1,5.07565,0.0366519,0.0117183,-0.00451593,-0.839408,-0.654199
5103,1,-0.1,1,1,5.07546,0,-0.00213059,-0.00449546,-0.656712,-0.620361
5104,1,-0.1,1,1,5.07565,0,-0.0245018,-0.00446432,-0.361837,-0.710596
5105,1,-0.1,1,1,5.07565,0.0663225,0.00852238,-0.00446986,-0.791873,-0.552686
5106,1,-0.1,1,1,5.07546,-0.0733038,0.0159795,-0.00445993,-0.887524,-0.688037
5107,1,-0.1,1,1,5.07546,-0.0436332,-0.00958767,-0.00446528,-0.555847,-0.654199
5108,1,-0.1,1,1,5.07546,0,0.00532648,-0.00445333,-0.748177,-0.64292
5109,1,-0.1,1,1,5.07546,-0.00523599,0.00745708,-0.00444571,-0.774885,-0.609082
5110,1,-0.1,1,1,5.07546,0,-0.0117183,-0.00442292,-0.522643,-0.597803
5111,1,-0.1,1,1,5.07546,0,-0.00426119,-0.00441384,-0.618403,-0.676758
5112,1,-0.1,1,1,5.07546,-0.00349066,0.0170448,-0.00437037,-0.889729,-0.654199
5113,1,-0.1,1,1,5.07537,-0.0558505,0.0149142,-0.00442009,-0.868495,-0.710596
5114,1,-0.1,1,1,5.07537,0,-0.0127836,-0.00445121,-0.512471,-0.834668
5115,1,-0.1,1,1,5.07546,0.0226893,0.00639178,-0.00447485,-0.764824,-0.676758
5116,1,-0.1,1,1,5.07537,-0.0314159,-1.10892e-18,-0.00441996,-0.674594,-0.631641
5117,1,-0.1,1,1,5.07546,-0.0506145,0.00532648,-0.00441754,-0.743524,-0.586523
5118,1,-0.1,1,1,5.07546,0.0174533,0.00958767,-0.00441251,-0.798266,-0.451172
5119,1,-0.1,1,1,5.07527,-0.0174533,0.00213059,-0.00441097,-0.701124,-0.609082
5120,1,-0.1,1,1,5.07546,0,-0.0117183,-0.00441729,-0.521911,-0.710596
5121,1,-0.1,1,1,5.07546,0.0680678,-0.00213059,-0.00438308,-0.642103,-0.530127
5122,1,-0.1,1,1,5.07537,-0.0715585,0.0127836,-0.00434998,-0.831684,-0.699316
5123,1,-0.1,1,1,5.07537,-0.0401426,-0.028763,-0.00434776,-0.29129,-0.620361
5124,1,-0.1,1,1,5.07537,0.0261799,0.00958767,-0.00440171,-0.796862,-0.778271
5125,1,-0.1,1,1,5.07527,0,-0.0127836,-0.00440903,-0.506988,-0.789551
5126,1,-0.1,1,1,5.07527,0.0139626,-0.0127836,-0.0043878,-0.504228,-0.699316
5127,1,-0.1,1,1,5.07537,0.0191986,0.00745708,-0.00437256,-0.765375,-0.563965
5128,1,-0.1,1,1,5.07527,-0.0279253,0.0010653,-0.00432416,-0.67599,-0.665479
5129,1,-0.1,1,1,5.07527,-0.0279253,4.56614e-19,-0.00432927,-0.662805,-0.721875
5130,1,-0.1,1,1,5.07527,0.0279253,-0.00532648,-0.00429978,-0.589727,-0.597803
5131,1,-0.1,1,1,5.07527,-0.0174533,-0.00213059,-0.00432992,-0.635192,-0.778271
5132,1,-0.1,1,1,5.07518,0,0.0127836,-0.00435247,-0.832008,-0.688037
5133,1,-0.1,1,1,5.07518,-0.0174533,-0.00745708,-0.00433536,-0.566655,-0.845947
5134,1,-0.1,1,1,5.07527,0.0418879,-0.00852238,-0.00434444,-0.553986,-0.676758
5135,1,-0.1,1,1,5.07518,0.0349066,0.0010653,-0.00437571,-0.682691,-0.699316
5136,1,-0.1,1,1,5.07518,-0.0314159,-0.00958767,-0.00431897,-0.536826,-0.597803
5137,1,-0.1,1,1,5.07518,0,0.0010653,-0.00431698,-0.675057,-0.530127
5138,1,-0.1,1,1,5.07518,-0.0244346,0.00426119,-0.00433402,-0.718818,-0.721875
5139,1,-0.1,1,1,5.07518,0,0.00426119,-0.00433758,-0.71928,-0.766992
5140,1,-0.1,1,1,5.07518,0.0139626,0.00532648,-0.00433982,-0.733421,-0.699316
5141,1,-0.1,1,1,5.07508,-0.00698132,0.0223712,-0.0043786,-0.960044,-0.710596
5142,1,-0.1,1,1,5.07508,-0.020944,-0.0159795,-0.00439562,-0.463698,-0.913623
5143,1,-0.1,1,1,5.07518,0.0436332,-0.0117183,-0.00442422,-0.522811,-0.688037
5144,1,-0.1,1,1,5.07498,-0.0349066,-0.00639178,-0.00442872,-0.592641,-0.64292
5145,1,-0.1,1,1,5.07508,0,0.0138489,-0.00442084,-0.854745,-0.710596
5146,1,-0.1,1,1,5.07498,0,-0.0127836,-0.00441342,-0.507558,-0.789551
5147,1,-0.1,1,1,5.07498,0.0366519,0.0159795,-0.00441471,-0.881645,-0.654199
5148,1,-0.1,1,1,5.07489,-0.0453786,-0.00319589,-0.00438539,-0.628554,-0.812109
5149,1,-0.1,1,1,5.07498,0,0.00639178,-0.00438113,-0.75264,-0.654199
5150,1,0.1,1,1,5.07498,0.0226893,-0.00532648,0.196338,25.6111,-0.676758
5151,1,0.1,1,1,5.08313,1.26362,0.0415466,0.196222,25.0687,9.82427
5152,1,0.1,1,1,5.08332,-0.0855211,0.494298,0.195075,19.0338,10.862
5153,1,0.1,1,1,5.08726,0.69115,0.728663,0.191678,15.5455,11.0312
5154,1,0.1,1,1,5.09119,1.18333,0.972616,0.187572,11.8404,11.1214
5155,1,0.1,1,1,5.09847,1.22697,1.30073,0.181704,6.81204,10.1739
5156,1,0.1,1,1,5.1025,0.904081,1.59262,0.174264,2.05021,6.89165
5157,1,0.1,1,1,5.10959,1.20951,1.61073,0.166102,0.753845,2.13179
5158,1,0.1,1,1,5.11506,1.50622,1.67252,0.157943,-1.11193,1.0377
5159,1,0.1,1,1,5.12474,1.56032,1.66506,0.149462,-2.1322,-0.3271
5160,1,0.1,1,1,5.13078,1.37357,1.61179,0.141167,-2.53831,-1.44375
5161,1,0.1,1,1,5.13855,1.4556,1.51911,0.133305,-2.37593,-2.504
5162,1,0.1,1,1,5.14507,1.56207,1.43176,0.125959,-2.21268,-2.39121
5163,1,0.1,1,1,5.1536,1.26711,1.37849,0.119016,-2.43914,-1.92876
5164,1,0.1,1,1,5.1583,1.12748,1.29647,0.112359,-2.25589,-2.25586
5165,1,0.1,1,1,5.16558,1.27933,1.17928,0.106225,-1.54409,-1.86108
5166,1,0.1,1,1,5.17028,1.12225,1.12069,0.100506,-1.53689,-1.48887
5167,1,0.1,1,1,5.17661,1.0664,1.08234,0.0950353,-1.76077,-1.24072
5168,1,0.1,1,1,5.18035,0.778417,0.983269,0.089906,-1.1504,-1.62422
5169,1,0.1,1,1,5.18629,1.16413,0.906568,0.0851222,-0.783572,-1.36479
5170,1,0.1,1,1,5.18974,0.771436,0.894849,0.080617,-1.22355,-0.924902
5171,1,0.1,1,1,5.19483,0.752237,0.823475,0.0763708,-0.854447,-0.913623
5172,1,0.1,1,1,5.19799,0.834267,0.781928,0.0723438,-0.84392,-0.891064
5173,1,0.1,1,1,5.20269,0.666716,0.748904,0.0685889,-0.907227,-0.552686
5174,1,0.1,1,1,5.20556,0.710349,0.720141,0.0649254,-1.01574,-0.699316
5175,1,0.1,1,1,5.20959,0.623083,0.644505,0.0615236,-0.480145,-0.80083
5176,1,0.1,1,1,5.21237,0.696386,0.604023,0.0583676,-0.364517,-0.631641
5177,1,0.1,1,1,5.21621,0.621337,0.594436,0.0553951,-0.626296,-0.383496
5178,1,0.1,1,1,5.21841,0.535816,0.545432,0.0525503,-0.359072,-0.47373
5179,1,0.1,1,1,5.22186,0.612611,0.483645,0.0499463,0.105636,-0.180469
5180,1,0.1,1,1,5.22397,0.462512,0.471927,0.0474852,-0.0619662,-0.0789551
5181,1,0.1,1,1,5.22704,0.541052,0.446359,0.0451362,-0.0349252,-0.15791
5182,1,0.1,1,1,5.22886,0.431096,0.426119,0.0429591,-0.0545425,-0.0902344
5183,1,0.1,1,1,5.23135,0.408407,0.383507,0.0409356,0.237458,-0.0451172
5184,1,0.1,1,1,5.23308,0.411898,0.363266,0.0390265,0.254105,-0.0676758
5185,1,0.1,1,1,5.23538,0.347321,0.374985,0.0371488,-0.141309,-0.0676758
5186,1,0.1,1,1,5.23672,0.34383,0.32385,0.0354162,0.299242,-0.0902344
5187,1,0.1,1,1,5.23864,0.300197,0.313197,0.0338584,0.238623,0.0225586
5188,1,0.1,1,1,5.23989,0.307178,0.295087,0.0324002,0.288283,0.225586
5189,1,0.1,1,1,5.24161,0.26529,0.274847,0.0310456,0.379955,0.3271
5190,1,0.1,1,1,5.24267,0.261799,0.247149,0.0297606,0.577479,0.293262
5191,1,0.1,1,1,5.2442,0.26529,0.242888,0.0285243,0.476536,0.428613
5192,1,0.1,1,1,5.24506,0.181514,0.245018,0.0272987,0.292846,0.428613
5193,1,0.1,1,1,5.24621,0.211185,0.239692,0.0260646,0.203749,0.203027
5194,1,0.1,1,1,5.24698,0.211185,0.21519,0.0249208,0.376148,0.259424
5195,1,0.1,1,1,5.24832,0.195477,0.205602,0.023904,0.372612,0.439893
5196,1,0.1,1,1,5.24899,0.151844,0.194949,0.0228907,0.382942,0.394775
5197,1,0.1,1,1,5.25005,0.18675,0.188558,0.0219521,0.347761,0.349658
5198,1,0.1,1,1,5.25082,0.188496,0.1811,0.0210146,0.325556,0.31582
5199,1,0.1,1,1,5.25177,0.176278,0.182166,0.0200932,0.194251,0.203027
5200,1,0.1,1,1,5.25245,0.162316,0.156599,0.0192531,0.41971,0.203027
5201,1,0.1,1,1,5.2534,0.179769,0.153403,0.0184675,0.362318,0.372217
5202,1,0.1,1,1,5.25398,0.137881,0.164056,0.0176837,0.124502,0.360938
5203,1,0.1,1,1,5.25484,0.115192,0.131032,0.0169497,0.46075,0.225586
5204,1,0.1,1,1,5.25551,0.219911,0.132097,0.0163391,0.372006,0.428613
5205,1,0.1,1,1,5.25628,0.0733038,0.136358,0.0157109,0.238528,0.507568
5206,1,0.1,1,1,5.25686,0.146608,0.12677,0.0151114,0.288367,0.383496
5207,1,0.1,1,1,5.25753,0.106465,0.0873543,0.0145681,0.733558,0.417334
5208,1,0.1,1,1,5.2582,0.148353,0.0873543,0.0140953,0.677223,0.451172
5209,1,0.1,1,1,5.25877,0.102974,0.105464,0.0135704,0.377255,0.48501
5210,1,0.1,1,1,5.25906,0.0750492,0.0948114,0.0131024,0.458794,0.349658
5211,1,0.1,1,1,5.25973,0.0785398,0.0820279,0.0127573,0.585767,0.631641
5212,1,0.1,1,1,5.26021,0.111701,0.0820279,0.0123897,0.543118,0.518848
5213,1,0.1,1,1,5.2605,0.0558505,0.0564607,0.0120257,0.832825,0.699316
5214,1,0.1,1,1,5.26088,0.10821,0.0660484,0.0117209,0.674495,0.812109
5215,1,0.1,1,1,5.26117,0.0296706,0.0671137,0.0113983,0.623879,0.710596
5216,1,0.1,1,1,5.26146,0.0523599,0.039416,0.0110957,0.949541,0.586523
5217,1,0.1,1,1,5.26194,0.10472,0.0585913,0.0108075,0.668239,0.699316
5218,1,0.1,1,1,5.26194,0,0.0447425,0.0105205,0.816068,0.575244
5219,1,0.1,1,1,5.26223,0.101229,0.057526,0.0102348,0.617903,0.755713
5220,1,0.1,1,1,5.26232,-0.00523599,0.0223712,0.00996939,1.0453,0.552686
5221,1,0.1,1,1,5.2627,0.0942478,0.0223712,0.00976864,1.02518,0.812109
5222,1,0.1,1,1,5.2627,0,0.0266324,0.00959221,0.953248,0.857227
5223,1,0.1,1,1,5.2629,0.015708,0.0628525,0.00931939,0.450554,0.372217
5224,1,0.1,1,1,5.2628,0.0349066,0.0170448,0.00913679,1.02775,0.597803
5225,1,0.1,1,1,5.26318,0.00872665,0.0362201,0.00894707,0.759603,0.710596
5226,1,0.1,1,1,5.26318,0.00872665,0.050069,0.00876042,0.560343,0.744434
5227,1,0.1,1,1,5.26328,0.0139626,0.057526,0.00857037,0.443546,0.778271
5228,1,0.1,1,1,5.26347,0.0471239,0.0266324,0.00842328,0.831335,0.778271
5229,1,0.1,1,1,5.26357,0.0279253,0.0127836,0.00828579,0.998579,0.879785
5230,1,0.1,1,1,5.26366,0.00523599,0.0404813,0.00813109,0.623986,0.710596
5231,1,0.1,1,1,5.26386,0,0.0127836,0.00801803,0.97475,0.766992
5232,1,0.1,1,1,5.26405,0.0802851,0.028763,0.00792118,0.755835,0.947461
5233,1,0.1,1,1,5.26414,0,0.0223712,0.00780661,0.824033,0.789551
5234,1,0.1,1,1,5.26424,0.0314159,0.0362201,0.00769077,0.628939,0.924902
5235,1,0.1,1,1,5.26433,0,0.0127836,0.00760801,0.922856,0.891064
5236,1,0.1,1,1,5.26453,0.0174533,0.0138489,0.00752067,0.897652,0.891064
5237,1,0.1,1,1,5.26472,0.0593412,0.00958767,0.007442,0.942821,1.04897
5238,1,0.1,1,1,5.26472,-0.0279253,0.0010653,0.00735608,1.04244,0.80083
5239,1,0.1,1,1,5.26491,0.0645772,0.0266324,0.00728954,0.701418,0.95874
5240,1,0.1,1,1,5.26491,-0.0279253,0.00213059,0.00722454,1.01149,0.676758
5241,1,0.1,1,1,5.2652,0.0331613,0.00745708,0.00715943,0.933784,0.936182
5242,1,0.1,1,1,5.2652,0,0.0266324,0.0070596,0.671527,0.913623
5243,1,0.1,1,1,5.2652,0,0.01811,0.00698743,0.772936,0.778271
5244,1,0.1,1,1,5.26529,0.0191986,0.0319589,0.00690228,0.58183,0.789551
5245,1,0.1,1,1,5.26529,0,0.00319589,0.00682798,0.94609,0.823389
5246,1,0.1,1,1,5.26539,0.0174533,-2.28307e-18,0.0067862,0.982206,0.902344
5247,1,0.1,1,1,5.26539,0,0.01811,0.00668789,0.733995,0.710596
5248,1,0.1,1,1,5.26539,0,0.0213059,0.00662041,0.683676,0.710596
5249,1,0.1,1,1,5.26539,0,0.00319589,0.00656344,0.9117,0.823389
5250,1,0.1,1,1,5.26539,0,0.0010653,0.00650983,0.932429,0.80083
5251,1,0.1,1,1,5.26548,0.0174533,0.028763,0.00640091,0.558199,0.789551
5252,1,0.1,1,1,5.26548,0,0.00319589,0.00637935,0.887769,0.80083
5253,1,0.1,1,1,5.26548,0,-0.00426119,0.00635406,0.981423,0.789551
5254,1,0.1,1,1,5.26558,0.00523599,0.0191753,0.00628983,0.668399,0.845947
5255,1,0.1,1,1,5.26558,0.00174533,-0.00319589,0.00625973,0.955311,0.834668
5256,1,0.1,1,1,5.26568,0,0.00958767,0.0062328,0.785624,0.902344
5257,1,0.1,1,1,5.26568,0,0.010653,0.00614941,0.760934,0.699316
5258,1,0.1,1,1,5.26568,0.00174533,0.0415466,0.00603438,0.344364,0.518848
5259,1,0.1,1,1,5.26568,-0.00872665,0.00958767,0.00593939,0.747481,0.507568
5260,1,0.1,1,1,5.26577,0.0244346,-0.01811,0.00591406,1.10426,0.744434
5261,1,0.1,1,1,5.26596,0.0698132,0.0255671,0.00594624,0.540639,0.868506
5262,1,0.1,1,1,5.26596,0,0.00319589,0.00592742,0.829018,0.733154
5263,1,0.1,1,1,5.26606,0,0.0308936,0.0058779,0.462509,0.879785
5264,1,0.1,1,1,5.26596,-0.020944,0.00532648,0.00581181,0.786291,0.721875
5265,1,0.1,1,1,5.26606,0,-1.23938e-18,0.00575607,0.84829,0.64292
5266,1,0.1,1,1,5.26606,0.0174533,0.0117183,0.00569637,0.688191,0.755713
5267,1,0.1,1,1,5.26616,0,-0.00319589,0.00570051,0.882614,0.778271
5268,1,0.1,1,1,5.26625,0.0366519,0.00745708,0.00566514,0.739526,0.812109
5269,1,0.1,1,1,5.26625,0,0.0127836,0.00561558,0.663839,0.766992
5270,1,0.1,1,1,5.26625,0.00872665,0.0170448,0.00560219,0.606703,0.699316
5271,1,0.1,1,1,5.26625,-0.0122173,-0.0127836,0.00561239,0.995797,0.755713
5272,1,0.1,1,1,5.26635,0.0226893,-0.00426119,0.00559478,0.882716,0.879785
5273,1,0.1,1,1,5.26635,0.00872665,0.0330242,0.00551306,0.387383,0.575244
5274,1,0.1,1,1,5.26635,0,0.00639178,0.00544719,0.725042,0.518848
5275,1,0.1,1,1,5.26635,0,-0.00319589,0.00539939,0.843467,0.586523
5276,1,0.1,1,1,5.26644,0.0174533,0.0138489,0.00534733,0.615117,0.80083
5277,1,0.1,1,1,5.26644,0.010472,9.78459e-19,0.00533163,0.793112,0.913623
5278,1,0.1,1,1,5.26644,-0.00872665,0.0245018,0.00531494,0.472418,0.857227
5279,1,0.1,1,1,5.26644,-0.020944,0.0149142,0.00527754,0.592197,0.97002
5280,1,0.1,1,1,5.26644,-0.0506145,0.0383507,0.00520561,0.278171,0.676758
5281,1,0.1,1,1,5.26644,-0.0314159,-0.0117183,0.00517788,0.925463,0.778271
5282,1,0.1,1,1,5.26654,0,0.0010653,0.00515304,0.756046,0.823389
5283,1,0.1,1,1,5.26654,0.0314159,0.0138489,0.00514147,0.588356,0.665479
5284,1,0.1,1,1,5.26654,0,0.0276977,0.0050873,0.401279,0.755713
5285,1,0.1,1,1,5.26654,-0.00523599,-0.010653,0.00506357,0.896753,0.755713
5286,1,0.1,1,1,5.26664,0,0.010653,0.00504861,0.617831,0.676758
5287,1,0.1,1,1,5.26664,-0.00872665,0.0010653,0.00502037,0.7388,0.744434
5288,1,0.1,1,1,5.26673,0.00872665,0.0010653,0.00504378,0.741843,0.733154
5289,1,0.1,1,1,5.26673,0,0.00852238,0.00499094,0.638031,0.665479
5290,1,0.1,1,1,5.26673,0,-0.00319589,0.00497968,0.788905,0.688037
5291,1,0.1,1,1,5.26673,0,0.0117183,0.00493751,0.589538,0.721875
5292,1,0.1,1,1,5.26673,0,0.00958767,0.00491858,0.614776,0.755713
5293,1,0.1,1,1,5.26673,0,0.0127836,0.00490974,0.57208,0.631641
5294,1,0.1,1,1,5.26673,0,0.0010653,0.00490359,0.723617,0.823389
5295,1,0.1,1,1,5.26673,0,-0.00852238,0.00489734,0.847445,0.665479
5296,1,0.1,1,1,5.26673,0.00698132,-0.00745708,0.00493306,0.838239,0.834668
5297,1,0.1,1,1,5.26683,0,0.00319589,0.0049168,0.697637,0.665479
5298,1,0.1,1,1,5.26683,0.00872665,-9.78459e-19,0.00488363,0.734872,0.755713
5299,1,0.1,1,1,5.26683,0.00349066,9.78459e-19,0.00486539,0.732501,0.665479
5300,1,0.1,1,1,5.26683,0.0174533,-0.0117183,0.00487058,0.885513,0.80083
5301,1,0.1,1,1,5.26683,0.00872665,-0.0010653,0.00482865,0.741573,0.496289
5302,1,0.1,1,1,5.26683,0,0.01811,0.00478698,0.486877,0.609082
5303,1,0.1,1,1,5.26683,0,0.0149142,0.00475382,0.524113,0.688037
5304,1,0.1,1,1,5.26683,0,-0.010653,0.00473002,0.853391,0.64292
5305,1,0.1,1,1,5.26683,0.0174533,0.0010653,0.00473582,0.701808,0.688037
5306,1,0.1,1,1,5.26683,0,0.00319589,0.0046884,0.667945,0.552686
5307,1,0.1,1,1,5.26683,0,0.00319589,0.00464901,0.662824,0.518848
5308,1,0.1,1,1,5.26683,0,0.0202406,0.00460966,0.436127,0.654199
5309,1,0.1,1,1,5.26683,-0.0174533,0.00213059,0.00456801,0.666143,0.507568
5310,1,0.1,1,1,5.26692,0.020944,0.0138489,0.00454409,0.510696,0.654199
5311,1,0.1,1,1,5.26683,0,-0.00426119,0.00454028,0.745631,0.597803
5312,1,0.1,1,1,5.26683,0,-0.00426119,0.00454882,0.746743,0.778271
5313,1,0.1,1,1,5.26692,0,0.00745708,0.00453471,0.59257,0.676758
5314,1,0.1,1,1,5.26692,0,-0.00319589,0.00450448,0.727128,0.575244
5315,1,0.1,1,1,5.26692,0.0349066,0.0117183,0.00450958,0.533908,0.733154
5316,1,0.1,1,1,5.26692,-0.0174533,0.0213059,0.00450509,0.408685,0.688037
5317,1,0.1,1,1,5.26692,-0.0191986,0.0223712,0.00444046,0.386434,0.417334
5318,1,0.1,1,1,5.26692,0.00872665,-0.00426119,0.00442892,0.731155,0.552686
5319,1,0.1,1,1,5.26692,0.00872665,0.0117183,0.00441129,0.52113,0.64292
5320,1,0.1,1,1,5.26692,0,0.0223712,0.00437688,0.378168,0.406055
5321,1,0.1,1,1,5.26692,-0.0383972,0.0266324,0.0043576,0.320266,0.552686
5322,1,0.1,1,1,5.26692,0,-0.00213059,0.00434243,0.692214,0.688037
5323,1,0.1,1,1,5.26692,0,-0.00319589,0.00431394,0.702358,0.733154
5324,1,0.1,1,1,5.26692,0,-0.0170448,0.00430359,0.881049,0.575244
5325,1,0.1,1,1,5.26702,0,0.0010653,0.00432016,0.647772,0.766992
5326,1,0.1,1,1,5.26702,0,0.00852238,0.00431156,0.549712,0.552686
5327,1,0.1,1,1,5.26702,0,0.0351548,0.00427694,0.19899,0.755713
5328,1,0.1,1,1,5.26692,-0.0174533,0.0213059,0.00424538,0.374922,0.609082
5329,1,0.1,1,1,5.26692,-0.0174533,-0.00532648,0.00424179,0.720676,0.733154
5330,1,0.1,1,1,5.26702,0,-0.00213059,0.00421941,0.676222,0.699316
5331,1,0.1,1,1,5.26692,0,-0.00639178,0.00421051,0.730459,0.64292
5332,1,0.1,1,1,5.26692,0,-0.00532648,0.00420034,0.715289,0.563965
5333,1,0.1,1,1,5.26692,0,0.00639178,0.00417434,0.55957,0.597803
5334,1,0.1,1,1,5.26692,0,-0.0117183,0.00419763,0.798029,0.789551
5335,1,0.1,1,1,5.26702,0.0261799,0.00852238,0.00417718,0.532242,0.744434
5336,1,0.1,1,1,5.26692,-0.0139626,0.0149142,0.00416386,0.447418,0.439893
5337,1,0.1,1,1,5.26692,0,-0.0010653,0.00415524,0.65403,0.597803
5338,1,0.1,1,1,5.26692,0.00872665,-0.0149142,0.00419037,0.838632,0.755713
5339,1,0.1,1,1,5.26702,0.0122173,-0.0138489,0.0041709,0.822252,0.597803
5340,1,0.1,1,1,5.26692,0,0.0010653,0.00419119,0.631006,0.654199
5341,1,0.1,1,1,5.26702,-0.00698132,0.0159795,0.00415895,0.432931,0.609082
5342,1,0.1,1,1,5.26702,0,0.00639178,0.00413795,0.55484,0.597803
5343,1,0.1,1,1,5.26702,0,0.0149142,0.00411607,0.441205,0.845947
5344,1,0.1,1,1,5.26692,-0.0279253,0.00319589,0.00412623,0.594863,0.597803
5345,1,0.1,1,1,5.26702,-0.0174533,-0.00213059,0.00413453,0.665187,0.733154
5346,1,0.1,1,1,5.26702,0,0.00852238,0.00410731,0.523159,0.654199
5347,1,0.1,1,1,5.26702,0,0.00639178,0.00411353,0.551666,0.631641
5348,1,0.1,1,1,5.26702,0,0.0117183,0.00412199,0.483521,0.710596
5349,1,0.1,1,1,5.26702,0,0.0127836,0.00410011,0.466828,0.609082
5350,1,0.1,1,1,5.26702,0,0.0234365,0.00405082,0.321932,0.676758
5351,1,0.1,1,1,5.26702,-0.00174533,0.0010653,0.00404039,0.611402,0.575244
5352,1,0.1,1,1,5.26702,0,-0.00745708,0.0040504,0.723494,0.586523
5353,1,0.1,1,1,5.26702,0,-0.00319589,0.00404828,0.667824,0.64292
5354,1,0.1,1,1,5.26702,0,-0.0213059,0.00404981,0.903453,0.755713
5355,1,0.1,1,1,5.26702,0.0139626,0.00745708,0.00403551,0.527675,0.609082
5356,1,0.1,1,1,5.26702,0,-0.00745708,0.00401583,0.719,0.48501
5357,1,0.1,1,1,5.26702,0,-9.78459e-19,0.00398059,0.617476,0.507568
5358,1,0.1,1,1,5.26702,0,-0.00532648,0.0039907,0.688036,0.496289
5359,1,0.1,1,1,5.26702,0,-0.00213059,0.00400214,0.647976,0.597803
5360,1,0.1,1,1,5.26702,0.010472,0.0010653,0.00404527,0.612037,0.64292
5361,1,0.1,1,1,5.26702,0,-0.0127836,0.00403731,0.791036,0.586523
5362,1,0.1,1,1,5.26702,0,0.0255671,0.00400065,0.287712,0.631641
5363,1,0.1,1,1,5.26702,0,-0.00319589,0.00398595,0.65972,0.496289
5364,1,0.1,1,1,5.26702,0.0122173,0.00958767,0.00396202,0.490423,0.541406
5365,1,0.1,1,1,5.26702,-0.00349066,0.00639178,0.00396143,0.531893,0.47373
5366,1,0.1,1,1,5.26702,0,0.00319589,0.00396148,0.573446,0.462451
5367,1,0.1,1,1,5.26702,0,0.0149142,0.00397339,0.422657,0.575244
5368,1,0.1,1,1,5.26702,0,0.0127836,0.00390301,0.441204,0.462451
5369,1,0.1,1,1,5.26702,0,-0.0117183,0.00389989,0.759323,0.417334
5370,1,0.1,1,1,5.26702,0,-0.00213059,0.00393394,0.63911,0.462451
5371,1,0.1,1,1,5.26702,-0.00872665,-0.00532648,0.00393056,0.680217,0.518848
5372,1,0.1,1,1,5.26702,0,0.0170448,0.00389783,0.385136,0.563965
5373,1,0.1,1,1,5.26702,-0.00698132,-0.00532648,0.00388419,0.674189,0.394775
5374,1,0.1,1,1,5.26702,0,0.00958767,0.00385374,0.476347,0.530127
5375,1,0.1,1,1,5.26702,0,-0.00852238,0.00385931,0.712502,0.597803
5376,1,0.1,1,1,5.26702,0,0.0138489,0.00385704,0.42138,0.766992
5377,1,0.1,1,1,5.26702,0,-0.00958767,0.00388377,0.72953,0.609082
5378,1,0.1,1,1,5.26702,0,0.0127836,0.00384884,0.434163,0.541406
5379,1,0.1,1,1,5.26702,0,0.0117183,0.00383282,0.445929,0.428613
5380,1,0.1,1,1,5.26702,0,-8.47998e-19,0.0038407,0.599291,0.518848
5381,1,0.1,1,1,5.26702,-0.0122173,-0.0010653,0.00384268,0.613397,0.733154
5382,1,0.1,1,1,5.26702,0,-0.0159795,0.00381961,0.804282,0.349658
5383,1,0.1,1,1,5.26702,0.0122173,0.00958767,0.00381269,0.47101,0.48501
5384,1,0.1,1,1,5.26702,0,-0.0213059,0.00382444,0.874154,0.699316
5385,1,0.1,1,1,5.26711,0.0244346,-0.0117183,0.00379229,0.745336,0.575244
5386,1,0.1,1,1,5.26702,0,-0.00426119,0.00382003,0.651999,0.710596
5387,1,0.1,1,1,5.26702,0,-0.00532648,0.00381474,0.66516,0.665479
5388,1,0.1,1,1,5.26702,0,-0.00426119,0.00383079,0.653398,0.733154
5389,1,0.1,1,1,5.26702,0,0.00426119,0.00381606,0.540693,0.676758
5390,1,0.1,1,1,5.26702,0,0.00319589,0.00384729,0.558601,0.676758
5391,1,0.1,1,1,5.26702,0,0.00213059,0.00382946,0.570132,0.406055
5392,1,0.1,1,1,5.26702,0,-0.00852238,0.00382568,0.708129,0.631641
5393,1,0.1,1,1,5.26702,0,0.0319589,0.00377425,0.175186,0.541406
5394,1,0.1,1,1,5.26702,0,-0.0127836,0.00375157,0.75389,0.462451
5395,1,0.1,1,1,5.26702,0,-0.00319589,0.00379263,0.634589,0.620361
5396,1,0.1,1,1,5.26702,0,-0.00319589,0.00379244,0.634564,0.428613
5397,1,0.1,1,1,5.26702,-0.0244346,0.00319589,0.00378877,0.550994,0.552686
5398,1,0.1,1,1,5.26711,0.0226893,0.0117183,0.00375224,0.435454,0.64292
5399,1,0.1,1,1,5.26702,0,0.0117183,0.00370741,0.429625,0.609082
5400,1,0.1,1,1,5.26702,0,-0.0138489,0.00370511,0.7617,0.597803
5401,1,0.1,1,1,5.26702,0.00872665,-8.47998e-19,0.00367339,0.577541,0.541406
5402,1,0.1,1,1,5.26702,0,-0.010653,0.00367445,0.716167,0.699316
5403,1,0.1,1,1,5.26702,0.00872665,0.00213059,0.00363194,0.544455,0.439893
5404,1,0.1,1,1,5.26702,0,0.0127836,0.00361557,0.403838,0.541406
5405,1,0.1,1,1,5.26702,0,-0.00319589,0.00359127,0.608411,0.64292
5406,1,0.1,1,1,5.26702,-0.00872665,-0.00745708,0.00359382,0.664139,0.575244
5407,1,0.1,1,1,5.26702,0,-0.010653,0.00358913,0.705075,0.518848
5408,1,0.1,1,1,5.26702,0,0.0117183,0.00358649,0.413906,0.64292
5409,1,0.1,1,1,5.26702,0,-0.0170448,0.00358679,0.787865,0.462451
5410,1,0.1,1,1,5.26702,0,0.0117183,0.00358083,0.413171,0.586523
5411,1,0.1,1,1,5.26702,0,1.30461e-19,0.00355456,0.562093,0.48501
5412,1,0.1,1,1,5.26702,0,-0.0127836,0.00358957,0.73283,0.507568
5413,1,0.1,1,1,5.26702,0,0.0159795,0.00359867,0.360094,0.733154
5414,1,0.1,1,1,5.26702,-0.00872665,0.01811,0.00357951,0.329905,0.428613
5415,1,0.1,1,1,5.26702,0,-0.00958767,0.00359932,0.692551,0.507568
5416,1,0.1,1,1,5.26702,0,-0.00958767,0.00365133,0.699313,0.541406
5417,1,0.1,1,1,5.26702,0,-0.0159795,0.00367771,0.785835,0.451172
5418,1,0.1,1,1,5.26711,0.0122173,0.00213059,0.0036425,0.545827,0.439893
5419,1,0.1,1,1,5.26702,0,0.0010653,0.00361242,0.555766,0.383496
5420,1,0.1,1,1,5.26702,0,0.0127836,0.00360422,0.402362,0.372217
5421,1,0.1,1,1,5.26702,0,-0.0202406,0.00359214,0.830107,0.507568
5422,1,0.1,1,1,5.26702,0,0.0234365,0.0035883,0.261803,0.597803
5423,1,0.1,1,1,5.26702,-0.0122173,0.0234365,0.00354943,0.256751,0.688037
5424,1,0.1,1,1,5.26702,-0.0366519,0.00745708,0.00350657,0.458912,0.439893
5425,1,0.1,1,1,5.26702,0,0.0010653,0.00350496,0.541797,0.552686
5426,1,0.1,1,1,5.26702,0,0.00852238,0.00349074,0.443005,0.654199
5427,1,0.1,1,1,5.26702,0,-0.00213059,0.00350155,0.582899,0.654199
5428,1,0.1,1,1,5.26702,-0.00872665,0.00426119,0.00346919,0.4956,0.428613
5429,1,0.1,1,1,5.26702,0,0.028763,0.00348993,0.179772,0.406055
5430,1,0.1,1,1,5.26702,0.00174533,0.00639178,0.00348604,0.470092,0.372217
5431,1,0.1,1,1,5.26702,-0.0296706,-0.00426119,0.00350322,0.610814,0.417334
5432,1,0.1,1,1,5.26711,0.0139626,-0.0010653,0.0035177,0.571149,0.710596
5433,1,0.1,1,1,5.26702,0.010472,-0.00319589,0.00352865,0.600271,0.665479
5434,1,0.1,1,1,5.26702,0,-0.0010653,0.00350475,0.569466,0.47373
5435,1,0.1,1,1,5.26702,0,0.01811,0.00345179,0.313302,0.530127
5436,1,0.1,1,1,5.26702,0,-0.0149142,0.00345493,0.743025,0.563965
5437,1,0.1,1,1,5.26702,0.0139626,-0.0159795,0.00348298,0.76052,0.586523
5438,1,0.1,1,1,5.26702,0,0.0138489,0.00346593,0.370536,0.575244
5439,1,0.1,1,1,5.26702,-0.00349066,0.00426119,0.00345366,0.49358,0.586523
5440,1,0.1,1,1,5.26702,0,-0.0202406,0.00344267,0.810676,0.48501
5441,1,0.1,1,1,5.26702,0,5.21845e-19,0.00341023,0.54333,0.586523
5442,1,0.1,1,1,5.26702,0,-0.0170448,0.00341582,0.765638,0.563965
5443,1,0.1,1,1,5.26702,0.020944,0.00319589,0.00337853,0.497662,0.507568
5444,1,0.1,1,1,5.26702,0,0.0149142,0.00338375,0.346004,0.47373
5445,1,0.1,1,1,5.26702,-0.015708,-0.00426119,0.00338123,0.594955,0.586523
5446,1,0.1,1,1,5.26702,0,0.00319589,0.00336794,0.496286,0.530127
5447,1,0.1,1,1,5.26702,0,-6.52306e-20,0.0033894,0.540621,0.64292
5448,1,0.1,1,1,5.26702,0,0.0149142,0.00337353,0.344675,0.631641
5449,1,0.1,1,1,5.26702,0,-0.00426119,0.0033909,0.596212,0.64292
5450,1,-0.1,1,1,5.26702,0,0.00852238,-0.197358,-25.7857,0.597803
5451,1,-0.1,1,1,5.25868,-1.6057,-0.0607219,-0.197285,-24.9576,-9.66636
5452,1,-0.1,1,1,5.25839,0.167552,-0.441033,-0.196195,-19.872,-10.8394
5453,1,-0.1,1,1,5.25398,-0.727802,-0.761687,-0.192994,-15.2872,-11.1101
5454,1,-0.1,1,1,5.25053,-1.12923,-1.02055,-0.188757,-11.3712,-10.9184
5455,1,-0.1,1,1,5.24257,-0.883137,-1.30499,-0.182785,-6.89725,-10.1852
5456,1,-0.1,1,1,5.23835,-1.32121,-1.62458,-0.175329,-1.77323,-6.91421
5457,1,-0.1,1,1,5.23212,-0.886627,-1.59795,-0.167002,-1.03703,-1.55654
5458,1,-0.1,1,1,5.22598,-1.87099,-1.67358,-0.15864,1.03694,-0.349658
5459,1,-0.1,1,1,5.21601,-1.50796,-1.64375,-0.150163,1.76545,0.620361
5460,1,-0.1,1,1,5.20978,-1.52891,-1.62777,-0.14097,2.77306,1.53398
5461,1,-0.1,1,1,5.20202,-1.46084,-1.50846,-0.133133,2.26137,2.37993
5462,1,-0.1,1,1,5.19588,-1.57429,-1.40832,-0.125895,1.91655,2.37993
5463,1,-0.1,1,1,5.18735,-1.33518,-1.34867,-0.11907,2.04195,1.73701
5464,1,-0.1,1,1,5.18207,-1.27584,-1.27942,-0.113225,1.91524,1.89492
5465,1,-0.1,1,1,5.17508,-1.1589,-1.142,-0.106488,1.018,1.68062
5466,1,-0.1,1,1,5.17057,-1.10305,-1.10578,-0.100785,1.29893,1.39863
5467,1,-0.1,1,1,5.16386,-0.991347,-1.06636,-0.0953862,1.49781,1.15049
5468,1,-0.1,1,1,5.16002,-0.980875,-1.00244,-0.0902495,1.34496,1.252
5469,1,-0.1,1,1,5.15456,-0.911062,-0.904437,-0.0855131,0.694097,1.09409
5470,1,-0.1,1,1,5.15063,-0.95295,-0.872478,-0.0810387,0.866212,0.947461
5471,1,-0.1,1,1,5.14583,-0.855211,-0.817083,-0.0768373,0.697462,0.823389
5472,1,-0.1,1,1,5.14248,-0.808087,-0.758491,-0.072886,0.453949,0.699316
5473,1,-0.1,1,1,5.13807,-0.755728,-0.738251,-0.0690921,0.688622,0.721875
5474,1,-0.1,1,1,5.13538,-0.626573,-0.696704,-0.0655367,0.614573,0.744434
5475,1,-0.1,1,1,5.13107,-0.701622,-0.62959,-0.0622502,0.171656,0.417334
5476,1,-0.1,1,1,5.12877,-0.560251,-0.614676,-0.0591176,0.386796,0.236865
5477,1,-0.1,1,1,5.12503,-0.600393,-0.57313,-0.0561034,0.241249,0.293262
5478,1,-0.1,1,1,5.12292,-0.527089,-0.55502,-0.0532271,0.382275,0.3271
5479,1,-0.1,1,1,5.11966,-0.534071,-0.494298,-0.0505998,-0.0644469,0.203027
5480,1,-0.1,1,1,5.11746,-0.558505,-0.477253,-0.0481775,0.027713,0.146631
5481,1,-0.1,1,1,5.11477,-0.439823,-0.435706,-0.0458539,-0.210434,0.0112793
5482,1,-0.1,1,1,5.11285,-0.469494,-0.427184,-0.0436849,-0.0408715,0
5483,1,-0.1,1,1,5.11036,-0.404916,-0.39416,-0.0416962,-0.214262,-0.0676758
5484,1,-0.1,1,1,5.10873,-0.382227,-0.359005,-0.0398331,-0.432365,-0.180469
5485,1,-0.1,1,1,5.10643,-0.385718,-0.328111,-0.0380684,-0.608085,-0.15791
5486,1,-0.1,1,1,5.10509,-0.321141,-0.328111,-0.0364302,-0.399966,-0.225586
5487,1,-0.1,1,1,5.10298,-0.354302,-0.259932,-0.0349365,-1.09709,-0.541406
5488,1,-0.1,1,1,5.10164,-0.296706,-0.294022,-0.0334827,-0.470952,-0.620361
5489,1,-0.1,1,1,5.09982,-0.277507,-0.2855,-0.032031,-0.396924,-0.64292
5490,1,-0.1,1,1,5.09886,-0.221657,-0.256737,-0.0307225,-0.605296,-0.575244
5491,1,-0.1,1,1,5.09713,-0.26529,-0.258867,-0.0294754,-0.420682,-0.586523
5492,1,-0.1,1,1,5.09627,-0.18675,-0.247149,-0.0282526,-0.41828,-0.406055
5493,1,-0.1,1,1,5.09483,-0.242601,-0.232235,-0.0270863,-0.464845,-0.597803
5494,1,-0.1,1,1,5.09397,-0.181514,-0.218386,-0.0260012,-0.508395,-0.609082
5495,1,-0.1,1,1,5.09272,-0.228638,-0.198145,-0.0249989,-0.646772,-0.733154
5496,1,-0.1,1,1,5.09167,-0.200713,-0.182166,-0.0240169,-0.731655,-0.744434
5497,1,-0.1,1,1,5.09061,-0.23911,-0.211994,-0.0230515,-0.223461,-0.812109
5498,1,-0.1,1,1,5.08994,-0.0942478,-0.200276,-0.0220576,-0.249154,-0.597803
5499,1,-0.1,1,1,5.08898,-0.174533,-0.196015,-0.0210763,-0.179011,-0.225586
5500,1,-0.1,1,1,5.08831,-0.167552,-0.174709,-0.0201895,-0.343169,-0.270703
5501,1,-0.1,1,1,5.08735,-0.139626,-0.166186,-0.019295,-0.33949,-0.281982
5502,1,-0.1,1,1,5.08678,-0.1309,-0.138489,-0.018539,-0.604573,-0.304541
5503,1,-0.1,1,1,5.08563,-0.176278,-0.132097,-0.0178036,-0.595798,-0.496289
5504,1,-0.1,1,1,5.08534,-0.0698132,-0.121444,-0.0171155,-0.648744,-0.496289
5505,1,-0.1,1,1,5.08438,-0.162316,-0.10653,-0.01648,-0.763784,-0.496289
5506,1,-0.1,1,1,5.084,-0.0977384,-0.137423,-0.0158738,-0.287817,-0.563965
5507,1,-0.1,1,1,5.08332,-0.0645772,-0.105464,-0.0152926,-0.631166,-0.47373
5508,1,-0.1,1,1,5.08275,-0.185005,-0.10866,-0.0147361,-0.521471,-0.507568
5509,1,-0.1,1,1,5.08217,-0.0942478,-0.110791,-0.0141963,-0.427504,-0.518848
5510,1,-0.1,1,1,5.08169,-0.111701,-0.0884196,-0.0136719,-0.653402,-0.47373
5511,1,-0.1,1,1,5.08122,-0.116937,-0.0894849,-0.013197,-0.581744,-0.451172
5512,1,-0.1,1,1,5.08083,-0.0767945,-0.0756361,-0.0127452,-0.706971,-0.451172
5513,1,-0.1,1,1,5.08026,-0.122173,-0.0777667,-0.0123619,-0.634346,-0.552686
5514,1,-0.1,1,1,5.07997,-0.0680678,-0.0767014,-0.0119441,-0.597752,-0.721875
5515,1,-0.1,1,1,5.07949,-0.0750492,-0.0841585,-0.0115605,-0.455267,-0.766992
5516,1,-0.1,1,1,5.0793,-0.00523599,-0.0862891,-0.0111792,-0.381605,-0.563965
5517,1,-0.1,1,1,5.07891,-0.0715585,-0.0585913,-0.0108467,-0.70242,-0.654199
5518,1,-0.1,1,1,5.07853,-0.0855211,-0.0426119,-0.0105606,-0.877909,-0.654199
5519,1,-0.1,1,1,5.07824,-0.0890118,-0.0490037,-0.0102788,-0.763191,-0.778271
5520,1,-0.1,1,1,5.07805,0,-0.0649831,-0.00998711,-0.522121,-0.609082
5521,1,-0.1,1,1,5.07776,-0.0401426,-0.0436772,-0.00967256,-0.761345,-0.552686
5522,1,-0.1,1,1,5.07767,-0.0488692,-0.0479384,-0.00944354,-0.681266,-0.699316
5523,1,-0.1,1,1,5.07728,-0.0139626,-0.0521996,-0.00921269,-0.600493,-0.563965
5524,1,-0.1,1,1,5.07709,-0.101229,-0.0436772,-0.00901731,-0.691107,-0.766992
5525,1,-0.1,1,1,5.07681,0,-0.0511343,-0.00880566,-0.571565,-0.857227
5526,1,-0.1,1,1,5.07681,0,-0.0351548,-0.0086019,-0.757373,-0.654199
5527,1,-0.1,1,1,5.07642,-0.0401426,-0.0468731,-0.00841771,-0.584952,-0.699316
5528,1,-0.1,1,1,5.07633,-0.0366519,-0.0330242,-0.00823087,-0.740698,-0.552686
5529,1,-0.1,1,1,5.07613,-0.0506145,-0.0362201,-0.00804704,-0.675254,-0.64292
5530,1,-0.1,1,1,5.07604,-0.0139626,-0.0383507,-0.00788538,-0.626541,-0.766992
5531,1,-0.1,1,1,5.07575,-0.0139626,-0.0213059,-0.00775895,-0.831686,-0.845947
5532,1,-0.1,1,1,5.07556,-0.0122173,-0.0340895,-0.00759707,-0.644455,-0.620361
5533,1,-0.1,1,1,5.07537,-0.0383972,-0.0436772,-0.00746316,-0.502407,-0.789551
5534,1,-0.1,1,1,5.07527,-0.0139626,-0.0202406,-0.00734418,-0.791616,-0.710596
5535,1,-0.1,1,1,5.07508,-0.0226893,-0.0319589,-0.00716216,-0.615614,-0.609082
5536,1,-0.1,1,1,5.07498,-0.0174533,-0.0255671,-0.00706246,-0.685747,-0.733154
5537,1,-0.1,1,1,5.07479,0,-0.0234365,-0.00695158,-0.69903,-0.721875
5538,1,-0.1,1,1,5.0746,-0.0785398,-0.0245018,-0.00682634,-0.668901,-0.766992
5539,1,-0.1,1,1,5.0746,0,-0.0191753,-0.0067304,-0.725673,-0.766992
5540,1,-0.1,1,1,5.07441,-0.0122173,-0.0127836,-0.00661585,-0.793874,-0.789551
5541,1,-0.1,1,1,5.07431,-0.0401426,-0.0319589,-0.00651332,-0.531266,-0.721875
5542,1,-0.1,1,1,5.07422,0,-0.00639178,-0.00644336,-0.854544,-0.789551
5543,1,-0.1,1,1,5.07412,0,-0.00532648,-0.00637629,-0.859673,-0.507568
5544,1,-0.1,1,1,5.07402,-0.0785398,-0.0362201,-0.00629657,-0.447693,-0.699316
5545,1,-0.1,1,1,5.07402,0.0174533,-0.01811,-0.00625288,-0.677443,-0.812109
5546,1,-0.1,1,1,5.07393,-0.00349066,0.00213059,-0.00615754,-0.928178,-0.676758
5547,1,-0.1,1,1,5.07383,-0.0541052,-0.0213059,-0.00606086,-0.610935,-0.778271
5548,1,-0.1,1,1,5.07383,0.0471239,-0.01811,-0.00596819,-0.640434,-0.710596
5549,1,-0.1,1,1,5.07383,-0.015708,-0.00319589,-0.00594925,-0.831856,-0.778271
5550,1,-0.1,1,1,5.07374,-0.0122173,-0.0255671,-0.00587574,-0.531474,-0.834668
5551,1,-0.1,1,1,5.07374,0.015708,-0.00745708,-0.00582184,-0.759897,-0.609082
5552,1,-0.1,1,1,5.07364,-0.0139626,-0.0170448,-0.0057615,-0.627414,-0.631641
5553,1,-0.1,1,1,5.07364,-0.020944,-0.0213059,-0.00573402,-0.568445,-0.891064
5554,1,-0.1,1,1,5.07355,0,-0.00213059,-0.00572605,-0.816689,-0.721875
5555,1,-0.1,1,1,5.07345,0,-0.00213059,-0.0056982,-0.813068,-0.823389
5556,1,-0.1,1,1,5.07355,0,-0.01811,-0.00563408,-0.596999,-0.688037
5557,1,-0.1,1,1,5.07345,0,-0.0117183,-0.0056341,-0.680095,-0.733154
5558,1,-0.1,1,1,5.07335,-0.0331613,-0.00639178,-0.00559461,-0.744206,-0.699316
5559,1,-0.1,1,1,5.07335,-0.00698132,-0.0127836,-0.0055434,-0.654456,-0.688037
5560,1,-0.1,1,1,5.07335,0,6.52306e-19,-0.00552841,-0.818694,-0.80083
5561,1,-0.1,1,1,5.07335,-0.0174533,0.0127836,-0.00549985,-0.981167,-0.676758
5562,1,-0.1,1,1,5.07326,-0.0261799,-0.01811,-0.00553494,-0.584112,-0.902344
5563,1,-0.1,1,1,5.07326,0.0506145,-0.0127836,-0.00551038,-0.650163,-0.80083
5564,1,-0.1,1,1,5.07316,-0.0296706,0.00745708,-0.00553709,-0.916763,-0.845947
5565,1,-0.1,1,1,5.07307,0,-0.00852238,-0.00553134,-0.708283,-0.80083
5566,1,-0.1,1,1,5.07307,0,0.00532648,-0.00548262,-0.881985,-0.891064
5567,1,-0.1,1,1,5.07307,0,-0.01811,-0.00544823,-0.572839,-0.64292
5568,1,-0.1,1,1,5.07307,0,-0.0138489,-0.0054112,-0.62342,-0.654199
5569,1,-0.1,1,1,5.07307,-0.00349066,0.00213059,-0.0054366,-0.834455,-0.857227
5570,1,-0.1,1,1,5.07297,-0.0174533,-0.00319589,-0.00545196,-0.767209,-0.891064
5571,1,-0.1,1,1,5.07297,0,-0.0255671,-0.00544233,-0.47513,-0.845947
5572,1,-0.1,1,1,5.07297,0,0.00958767,-0.00540341,-0.927084,-0.676758
5573,1,-0.1,1,1,5.07287,-0.0261799,0.00532648,-0.0054001,-0.871257,-0.812109
5574,1,-0.1,1,1,5.07297,0.00523599,-0.0010653,-0.0053692,-0.784148,-0.845947
5575,1,-0.1,1,1,5.07297,0,-0.0149142,-0.00535083,-0.601724,-0.609082
5576,1,-0.1,1,1,5.07297,-0.00698132,-0.00745708,-0.00534901,-0.698429,-0.766992
5577,1,-0.1,1,1,5.07297,0,0.010653,-0.0053601,-0.935302,-0.879785
5578,1,-0.1,1,1,5.07287,0,-0.00852238,-0.00534942,-0.684634,-0.823389
5579,1,-0.1,1,1,5.07287,0,0.00745708,-0.00536699,-0.894651,-0.676758
5580,1,-0.1,1,1,5.07278,-0.0349066,-8.47998e-19,-0.00536803,-0.797844,-0.733154
5581,1,-0.1,1,1,5.07287,0,-0.00852238,-0.00533116,-0.68226,-0.778271
5582,1,-0.1,1,1,5.07297,0.0174533,-0.00319589,-0.00532513,-0.75072,-0.563965
5583,1,-0.1,1,1,5.07278,0.00698132,-0.00745708,-0.00528614,-0.690257,-0.823389
5584,1,-0.1,1,1,5.07287,0,-0.00319589,-0.00526806,-0.743301,-0.710596
5585,1,-0.1,1,1,5.07278,0.00872665,-0.00745708,-0.00525624,-0.686369,-0.823389
5586,1,-0.1,1,1,5.07287,0,-0.00852238,-0.00531395,-0.680023,-0.845947
5587,1,-0.1,1,1,5.07278,0.0558505,0.0127836,-0.00532331,-0.958217,-0.857227
5588,1,-0.1,1,1,5.07278,-0.0261799,0.00852238,-0.00534131,-0.905161,-0.80083
5589,1,-0.1,1,1,5.07278,-0.00872665,0.00213059,-0.00528937,-0.815315,-0.733154
5590,1,-0.1,1,1,5.07278,0.0122173,0.00213059,-0.0053072,-0.817634,-0.744434
5591,1,-0.1,1,1,5.07278,0.00872665,0.00639178,-0.00530166,-0.872309,-0.789551
5592,1,-0.1,1,1,5.07278,0,0.0149142,-0.00528745,-0.981253,-0.80083
5593,1,-0.1,1,1,5.07278,-0.015708,0.010653,-0.00529112,-0.926335,-0.733154
5594,1,-0.1,1,1,5.07278,0,-0.00852238,-0.00530157,-0.678413,-0.778271
5595,1,-0.1,1,1,5.07278,0,-0.00958767,-0.00528806,-0.662808,-0.733154
5596,1,-0.1,1,1,5.07278,0,-0.00532648,-0.00529164,-0.718668,-0.721875
5597,1,-0.1,1,1,5.07278,0.00174533,-0.0191753,-0.00524948,-0.533153,-0.609082
5598,1,-0.1,1,1,5.07278,-0.0680678,-0.00319589,-0.00529213,-0.746431,-0.879785
5599,1,-0.1,1,1,5.07278,0.0261799,-0.00532648,-0.00526943,-0.715782,-0.789551
5600,1,-0.1,1,1,5.07268,-0.00872665,0.00213059,-0.00527405,-0.813325,-0.688037
5601,1,-0.1,1,1,5.07268,-0.0244346,-0.00213059,-0.00526677,-0.756983,-0.868506
5602,1,-0.1,1,1,5.07278,0.0279253,0.0010653,-0.00526901,-0.79882,-0.789551
5603,1,-0.1,1,1,5.07268,0,0.00745708,-0.00530023,-0.885971,-0.834668
5604,1,-0.1,1,1,5.07268,-0.0139626,0.0117183,-0.0052916,-0.940246,-0.845947
5605,1,-0.1,1,1,5.07268,-0.00872665,0.0010653,-0.00530069,-0.802938,-0.733154
5606,1,-0.1,1,1,5.07268,0,0.00213059,-0.00529494,-0.81604,-0.834668
5607,1,-0.1,1,1,5.07268,0,0.00639178,-0.00531992,-0.874682,-0.721875
5608,1,-0.1,1,1,5.07268,0,0.0191753,-0.00536843,-1.04718,-0.868506
5609,1,-0.1,1,1,5.07259,-0.015708,0.00958767,-0.00538179,-0.924272,-0.744434
5610,1,-0.1,1,1,5.07268,-0.0122173,0.0138489,-0.00537619,-0.97894,-0.766992
5611,1,-0.1,1,1,5.07259,-0.0645772,-0.0127836,-0.00538598,-0.633991,-0.879785
5612,1,-0.1,1,1,5.07268,0.0366519,-1.43507e-18,-0.00540516,-0.80267,-0.95874
5613,1,-0.1,1,1,5.07259,0.00872665,-0.00745708,-0.00539976,-0.705027,-0.812109
5614,1,-0.1,1,1,5.07268,0,0.00639178,-0.00538725,-0.883435,-0.733154
5615,1,-0.1,1,1,5.07259,-0.0244346,-0.00745708,-0.00540365,-0.705532,-0.902344
5616,1,-0.1,1,1,5.07259,0,0.00532648,-0.0054187,-0.873676,-0.879785
5617,1,-0.1,1,1,5.07259,0,0.0138489,-0.00540457,-0.98263,-0.755713
5618,1,-0.1,1,1,5.07259,0,-0.010653,-0.00537808,-0.660662,-0.654199
5619,1,-0.1,1,1,5.07259,0,-0.00213059,-0.00540245,-0.774621,-0.778271
5620,1,-0.1,1,1,5.07259,-0.00872665,0.00532648,-0.00539114,-0.870093,-0.857227
5621,1,-0.1,1,1,5.07259,0,-0.0010653,-0.00539595,-0.787624,-0.688037
5622,1,-0.1,1,1,5.07259,-0.0139626,-0.0223712,-0.0053896,-0.509822,-0.913623
5623,1,-0.1,1,1,5.07268,0.00698132,0.00213059,-0.00540008,-0.829708,-1.01514
5624,1,-0.1,1,1,5.07249,0.0191986,0.00532648,-0.00539456,-0.870538,-0.80083
5625,1,-0.1,1,1,5.07259,-0.0296706,-0.0010653,-0.00541022,-0.78948,-0.834668
5626,1,-0.1,1,1,5.07249,0,-0.01811,-0.00540026,-0.566603,-0.913623
5627,1,-0.1,1,1,5.07259,0.00872665,0.00213059,-0.00539655,-0.82925,-0.789551
5628,1,-0.1,1,1,5.07259,0,0.0010653,-0.00538451,-0.813835,-0.609082
5629,1,-0.1,1,1,5.07249,-0.00872665,0.0010653,-0.0053667,-0.81152,-0.688037
5630,1,-0.1,1,1,5.07259,-0.00174533,0.00745708,-0.0053722,-0.895328,-0.812109
5631,1,-0.1,1,1,5.07259,0,-0.00532648,-0.00538072,-0.730249,-0.766992
5632,1,-0.1,1,1,5.07259,0,0.00426119,-0.00538909,-0.855978,-0.721875
5633,1,-0.1,1,1,5.07249,0,0.00532648,-0.00537253,-0.867674,-0.857227
5634,1,-0.1,1,1,5.07259,0,0.00639178,-0.00539185,-0.884033,-0.879785
5635,1,-0.1,1,1,5.07249,0,-1.76123e-18,-0.0054122,-0.803586,-0.857227
5636,1,-0.1,1,1,5.07249,0,0.00532648,-0.00541732,-0.873496,-0.755713
5637,1,-0.1,1,1,5.07249,0,-0.0170448,-0.00539074,-0.579214,-0.710596
5638,1,-0.1,1,1,5.07249,-0.00698132,-0.00213059,-0.00536623,-0.769912,-0.891064
5639,1,-0.1,1,1,5.07259,0,0.00213059,-0.00537149,-0.825992,-0.744434
5640,1,-0.1,1,1,5.07249,0,-0.00639178,-0.00534731,-0.712058,-0.778271
5641,1,-0.1,1,1,5.07249,0.00872665,0.0127836,-0.0053491,-0.961569,-0.699316
5642,1,-0.1,1,1,5.07249,-0.0349066,0.0127836,-0.00538726,-0.96653,-0.891064
5643,1,-0.1,1,1,5.07249,0,0.0159795,-0.00538082,-1.00724,-0.857227
5644,1,-0.1,1,1,5.07259,0.0366519,-0.00426119,-0.00532916,-0.737395,-0.744434
5645,1,-0.1,1,1,5.07249,0,-0.0149142,-0.00529913,-0.595003,-0.789551
5646,1,-0.1,1,1,5.07259,0.00698132,0.00319589,-0.00529162,-0.829457,-0.755713
5647,1,-0.1,1,1,5.07249,-0.00349066,-0.00532648,-0.00534069,-0.725045,-1.00386
5648,1,-0.1,1,1,5.07249,0,-0.0117183,-0.00531273,-0.638317,-0.778271
5649,1,-0.1,1,1,5.07249,0,-0.0319589,-0.00532703,-0.377049,-0.868506
5650,1,-0.1,1,1,5.07249,0,-0.00639178,-0.00531846,-0.708307,-0.721875
5651,1,-0.1,1,1,5.07249,0,-0.00958767,-0.00528632,-0.662582,-0.80083
5652,1,-0.1,1,1,5.07249,0,-0.0170448,-0.00527459,-0.564115,-0.778271
5653,1,-0.1,1,1,5.07249,0.020944,0.00958767,-0.00524951,-0.907075,-0.778271
5654,1,-0.1,1,1,5.07249,0,-0.010653,-0.00524468,-0.64332,-0.778271
5655,1,-0.1,1,1,5.07249,0.0349066,0.0245018,-0.0052766,-1.10448,-0.766992
5656,1,-0.1,1,1,5.0724,-0.0436332,0.0149142,-0.00529968,-0.982843,-0.857227
5657,1,-0.1,1,1,5.07249,-0.0453786,-0.00745708,-0.00526322,-0.687276,-0.710596
5658,1,-0.1,1,1,5.07249,0,-0.00958767,-0.00528914,-0.662949,-0.789551
5659,1,-0.1,1,1,5.07249,0.0139626,0.00213059,-0.00529632,-0.81622,-0.789551
5660,1,-0.1,1,1,5.07249,-0.0139626,-0.00213059,-0.00527326,-0.757826,-0.766992
5661,1,-0.1,1,1,5.07249,-0.00872665,0.0159795,-0.00529794,-0.996466,-0.857227
5662,1,-0.1,1,1,5.07249,0.0366519,0.00852238,-0.00531848,-0.902194,-0.812109
5663,1,-0.1,1,1,5.0724,-0.00698132,-0.00532648,-0.00531526,-0.72174,-0.947461
5664,1,-0.1,1,1,5.07249,0.0279253,-0.00532648,-0.00533489,-0.724291,-0.789551
5665,1,-0.1,1,1,5.07249,0.0296706,0.00426119,-0.00531803,-0.846739,-0.710596
5666,1,-0.1,1,1,5.07249,-0.020944,0.0138489,-0.00532896,-0.972801,-0.80083
5667,1,-0.1,1,1,5.07249,0,0.00958767,-0.00534438,-0.919409,-0.676758
5668,1,-0.1,1,1,5.07249,-0.0453786,0.0213059,-0.00535825,-1.07355,-0.834668
5669,1,-0.1,1,1,5.0724,-0.0261799,-0.00426119,-0.00531084,-0.735013,-0.744434
5670,1,-0.1,1,1,5.07249,0,-0.00319589,-0.00530923,-0.748653,-0.755713
5671,1,-0.1,1,1,5.07249,0,0.00213059,-0.00533331,-0.821028,-1.04897
5672,1,-0.1,1,1,5.0724,0.0506145,-0.0276977,-0.00530482,-0.429556,-0.789551
5673,1,-0.1,1,1,5.07249,0,-0.0138489,-0.00525494,-0.603107,-0.766992
5674,1,-0.1,1,1,5.07249,0,-0.0149142,-0.00529267,-0.594163,-0.733154
5675,1,-0.1,1,1,5.0724,0.0593412,-0.00958767,-0.00528764,-0.662753,-0.834668
5676,1,-0.1,1,1,5.0724,-0.0139626,0.010653,-0.0052997,-0.927449,-0.80083
5677,1,-0.1,1,1,5.0724,0,0.00958767,-0.0053185,-0.916045,-0.631641
5678,1,-0.1,1,1,5.0723,-0.0645772,0.00213059,-0.00535454,-0.823787,-0.857227
5679,1,-0.1,1,1,5.0724,0,-0.00532648,-0.00532682,-0.723243,-0.778271
5680,1,-0.1,1,1,5.0724,-0.015708,-0.00745708,-0.00533164,-0.696172,-0.823389
5681,1,-0.1,1,1,5.0724,0,-0.0213059,-0.00533725,-0.516866,-0.992578
5682,1,-0.1,1,1,5.0724,0.0366519,-0.0170448,-0.00533062,-0.571399,-0.688037
5683,1,-0.1,1,1,5.0724,0,-0.00639178,-0.00532965,-0.709762,-0.80083
5684,1,-0.1,1,1,5.0723,-0.0296706,0.0117183,-0.00533077,-0.945338,-0.812109
5685,1,-0.1,1,1,5.0723,-0.00872665,-0.00319589,-0.00532354,-0.750514,-0.744434
5686,1,-0.1,1,1,5.0723,-0.0174533,0.0213059,-0.00535681,-1.07336,-0.947461
5687,1,-0.1,1,1,5.0723,-0.00698132,0.00213059,-0.00533581,-0.821352,-0.80083
5688,1,-0.1,1,1,5.0723,0.0174533,0.01811,-0.00537842,-1.03463,-0.80083
5689,1,-0.1,1,1,5.0723,0,0.0127836,-0.00537663,-0.965148,-0.688037
5690,1,-0.1,1,1,5.0723,-0.0139626,0.0117183,-0.00539502,-0.95369,-0.823389
5691,1,-0.1,1,1,5.0723,0,0.00213059,-0.00541256,-0.83133,-0.868506
5692,1,-0.1,1,1,5.0723,0,7.82767e-19,-0.00538699,-0.800309,-0.699316
5693,1,-0.1,1,1,5.0723,-0.020944,0.0202406,-0.00543593,-1.0698,-0.902344
5694,1,-0.1,1,1,5.0723,0,0.00213059,-0.00543259,-0.833934,-0.812109
5695,1,-0.1,1,1,5.0723,-0.0488692,0.00426119,-0.00546228,-0.865492,-0.913623
5696,1,-0.1,1,1,5.0723,0.0436332,0.0213059,-0.00551346,-1.09373,-0.879785
5697,1,-0.1,1,1,5.0722,-0.015708,-0.00745708,-0.00548171,-0.71568,-0.778271
5698,1,-0.1,1,1,5.0724,0.00349066,0.00958767,-0.00548676,-0.937919,-0.676758
5699,1,-0.1,1,1,5.0722,0.00174533,0.010653,-0.0054916,-0.952397,-0.755713
5700,1,-0.1,1,1,5.0723,-0.00698132,1.30461e-18,-0.00551515,-0.816969,-0.778271
5701,1,-0.1,1,1,5.0723,0.0122173,-0.010653,-0.0054935,-0.675666,-0.879785
5702,1,-0.1,1,1,5.0723,0,-0.0010653,-0.00547925,-0.798454,-0.733154
5703,1,-0.1,1,1,5.0723,0,-0.0010653,-0.00547773,-0.798256,-0.834668
5704,1,-0.1,1,1,5.0723,0.00872665,0.00426119,-0.00549805,-0.870142,-0.778271
5705,1,-0.1,1,1,5.0723,0,0.0170448,-0.00551429,-1.03844,-0.789551
5706,1,-0.1,1,1,5.0722,-0.0349066,-0.0170448,-0.00552181,-0.596254,-0.913623
5707,1,-0.1,1,1,5.0723,0,0.0170448,-0.00551699,-1.03879,-0.834668
5708,1,-0.1,1,1,5.0722,-0.00523599,-0.00745708,-0.00553771,-0.722961,-0.992578
5709,1,-0.1,1,1,5.0723,0,0.00745708,-0.00554389,-0.917648,-0.710596
5710,1,-0.1,1,1,5.0722,-0.015708,-0.00213059,-0.00553614,-0.792001,-0.721875
5711,1,-0.1,1,1,5.0722,0,-0.00852238,-0.00550237,-0.704517,-0.845947
5712,1,-0.1,1,1,5.0723,0,0.00319589,-0.00553768,-0.861446,-0.891064
5713,1,-0.1,1,1,5.0722,0.00872665,-1.82646e-18,-0.00555545,-0.822209,-0.891064
5714,1,-0.1,1,1,5.0723,0.0139626,0.00532648,-0.00561798,-0.899581,-0.812109
5715,1,-0.1,1,1,5.0722,0,-0.0170448,-0.00559079,-0.60522,-0.823389
5716,1,-0.1,1,1,5.0723,0,-0.0170448,-0.00559271,-0.605471,-0.868506
5717,1,-0.1,1,1,5.0723,0.0279253,-0.0138489,-0.00556189,-0.64301,-0.868506
5718,1,-0.1,1,1,5.0722,-0.00872665,0.010653,-0.00561243,-0.968105,-1.01514
5719,1,-0.1,1,1,5.0722,0,-0.0223712,-0.00559932,-0.537085,-0.812109
5720,1,-0.1,1,1,5.0723,0.0244346,0.0010653,-0.00560919,-0.843044,-0.654199
5721,1,-0.1,1,1,5.0722,-0.00872665,-0.010653,-0.00561679,-0.691694,-0.778271
5722,1,-0.1,1,1,5.0722,0,0.010653,-0.00563055,-0.970461,-0.631641
5723,1,-0.1,1,1,5.0722,0,0.00745708,-0.00561165,-0.926457,-0.789551
5724,1,-0.1,1,1,5.0722,-0.00523599,0.0010653,-0.00564221,-0.847337,-0.857227
5725,1,-0.1,1,1,5.0722,0.00872665,-0.0117183,-0.0056111,-0.677106,-0.733154
5726,1,-0.1,1,1,5.0722,0.010472,0.00426119,-0.00561019,-0.88472,-0.879785
5727,1,-0.1,1,1,5.0722,0,0.0159795,-0.00563933,-1.04085,-0.766992
5728,1,-0.1,1,1,5.0722,-0.0296706,0.010653,-0.00564103,-0.971823,-1.0377
5729,1,-0.1,1,1,5.0722,-0.0139626,-0.00213059,-0.00565748,-0.807774,-0.868506
5730,1,-0.1,1,1,5.0722,0.0279253,-0.0010653,-0.00563554,-0.818772,-0.744434
5731,1,-0.1,1,1,5.0722,-0.00872665,-0.00852238,-0.00565469,-0.724319,-0.789551
5732,1,-0.1,1,1,5.0722,0,-0.00426119,-0.00566859,-0.781521,-0.688037
5733,1,-0.1,1,1,5.07211,0,-0.010653,-0.00571103,-0.703945,-1.07153
5734,1,-0.1,1,1,5.07211,0.0349066,0.0117183,-0.00572904,-0.997113,-0.913623
5735,1,-0.1,1,1,5.07211,-0.00872665,0.00745708,-0.00573037,-0.94189,-0.744434
5736,1,-0.1,1,1,5.07211,0,-0.0330242,-0.00574367,-0.417362,-0.834668
5737,1,-0.1,1,1,5.0722,0.0314159,-0.010653,-0.00575022,-0.709041,-0.902344
5738,1,-0.1,1,1,5.07211,-0.00698132,-0.010653,-0.00576321,-0.710729,-0.913623
5739,1,-0.1,1,1,5.0722,-0.010472,0.00426119,-0.00581083,-0.910803,-0.902344
5740,1,-0.1,1,1,5.07201,0,0.0138489,-0.00582236,-1.03694,-0.947461
5741,1,-0.1,1,1,5.07211,-0.0453786,-0.00319589,-0.00582003,-0.815058,-0.879785
5742,1,-0.1,1,1,5.07211,0.0191986,-0.0127836,-0.00583666,-0.69258,-0.95874
5743,1,-0.1,1,1,5.07211,0.020944,-0.0010653,-0.00583842,-0.845146,-0.902344
5744,1,-0.1,1,1,5.07211,0,0.0127836,-0.0058277,-1.02379,-0.823389
5745,1,-0.1,1,1,5.07201,-0.0122173,-0.0138489,-0.00585195,-0.680718,-1.04897
5746,1,-0.1,1,1,5.07201,0.0226893,0.00852238,-0.00582898,-0.968559,-0.812109
5747,1,-0.1,1,1,5.07201,-0.0174533,-0.00319589,-0.00580685,-0.813344,-0.733154
5748,1,-0.1,1,1,5.07211,0,-0.0138489,-0.00582923,-0.677764,-0.95874
5749,1,-0.1,1,1,5.07211,0.0349066,0.0127836,-0.0058677,-1.02899,-0.936182
5750,1,0.1,1,1,5.07192,-0.0174533,-0.00213059,0.194834,25.3729,-1.02642
5751,1,0.1,1,1,5.08035,1.42244,0.0351548,0.19477,24.963,9.72275
5752,1,0.1,1,1,5.08035,-0.0959931,0.460208,0.193715,19.3003,10.8168
5753,1,0.1,1,1,5.08448,0.724312,0.719075,0.190392,15.503,11.1778
5754,1,0.1,1,1,5.08783,1.06989,0.94918,0.186319,11.9821,10.9296
5755,1,0.1,1,1,5.09531,0.991347,1.28475,0.180546,6.8692,10.095
5756,1,0.1,1,1,5.09972,1.23569,1.58942,0.173147,1.94666,6.98188
5757,1,0.1,1,1,5.10624,1.12225,1.65014,0.165003,0.0985449,2.14307
5758,1,0.1,1,1,5.11199,1.494,1.65973,0.156805,-1.09382,0.575244
5759,1,0.1,1,1,5.12148,1.53589,1.65441,0.148439,-2.12545,-0.248145
5760,1,0.1,1,1,5.12752,1.43292,1.61819,0.140184,-2.74779,-1.53398
5761,1,0.1,1,1,5.135,1.42244,1.54255,0.132307,-2.80996,-2.62808
5762,1,0.1,1,1,5.14152,1.60745,1.42217,0.124969,-2.2179,-2.81982
5763,1,0.1,1,1,5.15005,1.44164,1.34121,0.118127,-2.07009,-2.14307
5764,1,0.1,1,1,5.15513,1.21475,1.27303,0.11157,-2.05266,-2.01899
5765,1,0.1,1,1,5.16156,1.15715,1.19526,0.105433,-1.85424,-2.06411
5766,1,0.1,1,1,5.16645,1.1589,1.10684,0.0997189,-1.45999,-1.72573
5767,1,0.1,1,1,5.17277,1.0088,1.07275,0.094365,-1.72229,-1.44375
5768,1,0.1,1,1,5.1768,1.02276,1.01203,0.0892197,-1.61327,-1.39863
5769,1,0.1,1,1,5.18198,0.856957,0.914025,0.0845517,-0.953429,-1.11665
5770,1,0.1,1,1,5.18629,1.05767,0.847976,0.0801327,-0.675669,-1.0377
5771,1,0.1,1,1,5.1909,0.869174,0.82454,0.0759064,-0.926773,-1.01514
5772,1,0.1,1,1,5.19435,0.801106,0.775536,0.0719308,-0.812117,-0.823389
5773,1,0.1,1,1,5.19866,0.851721,0.740381,0.0682396,-0.838606,-0.64292
5774,1,0.1,1,1,5.20202,0.654498,0.696704,0.0646928,-0.736747,-0.665479
5775,1,0.1,1,1,5.20585,0.74351,0.664745,0.061339,-0.761225,-0.496289
5776,1,0.1,1,1,5.20854,0.570723,0.600827,0.0581635,-0.347311,-0.552686
5777,1,0.1,1,1,5.21237,0.715585,0.595501,0.0551573,-0.671063,-0.563965
5778,1,0.1,1,1,5.21458,0.518363,0.553954,0.0523414,-0.497031,-0.47373
5779,1,0.1,1,1,5.21793,0.527089,0.486841,0.0496821,0.0297406,-0.383496
5780,1,0.1,1,1,5.22004,0.555015,0.50069,0.0472666,-0.463464,-0.0789551
5781,1,0.1,1,1,5.22301,0.380482,0.449555,0.0449561,-0.0995656,-0.259424
5782,1,0.1,1,1,5.22483,0.514872,0.438902,0.0427536,-0.247327,-0.281982
5783,1,0.1,1,1,5.22752,0.392699,0.377115,0.0407593,0.297971,-0.0225586
5784,1,0.1,1,1,5.22915,0.415388,0.379246,0.0388741,0.0276833,0.0451172
5785,1,0.1,1,1,5.23126,0.319395,0.33983,0.0368869,0.28322,0.0112793
5786,1,0.1,1,1,5.23279,0.380482,0.312132,0.0351738,0.421769,-0.0451172
5787,1,0.1,1,1,5.23461,0.305433,0.300414,0.0336084,0.373732,0.0789551
5788,1,0.1,1,1,5.23586,0.282743,0.275912,0.0321338,0.503769,0.15791
5789,1,0.1,1,1,5.23759,0.305433,0.26952,0.0307251,0.407333,0.338379
5790,1,0.1,1,1,5.23864,0.23911,0.246084,0.0293989,0.543487,0.48501
5791,1,0.1,1,1,5.24008,0.280998,0.258867,0.0281257,0.215452,0.360938
5792,1,0.1,1,1,5.24094,0.185005,0.258867,0.0268862,0.056975,0.180469
5793,1,0.1,1,1,5.24219,0.205949,0.246084,0.0256991,0.0710637,0.180469
5794,1,0.1,1,1,5.24305,0.204204,0.206668,0.0246053,0.444039,0.15791
5795,1,0.1,1,1,5.2443,0.226893,0.191753,0.023606,0.512311,0.428613
5796,1,0.1,1,1,5.24506,0.151844,0.207733,0.0226396,0.183032,0.406055
5797,1,0.1,1,1,5.24593,0.1309,0.193884,0.0216182,0.23193,0.15791
5798,1,0.1,1,1,5.24669,0.214675,0.169382,0.0206333,0.423527,0.146631
5799,1,0.1,1,1,5.24765,0.221657,0.182166,0.0197558,0.146304,0.259424
5800,1,0.1,1,1,5.24832,0.10821,0.149142,0.0189665,0.476127,0.304541
5801,1,0.1,1,1,5.24928,0.165806,0.151272,0.01823,0.356934,0.360938
5802,1,0.1,1,1,5.24976,0.132645,0.116117,0.0175334,0.727147,0.360938
5803,1,0.1,1,1,5.25072,0.176278,0.115052,0.0169081,0.664555,0.462451
5804,1,0.1,1,1,5.2512,0.127409,0.12464,0.0163132,0.467611,0.586523
5805,1,0.1,1,1,5.25197,0.0767945,0.136358,0.015675,0.235415,0.349658
5806,1,0.1,1,1,5.25245,0.155334,0.120379,0.0150901,0.370704,0.31582
5807,1,0.1,1,1,5.25331,0.0855211,0.0958767,0.0145048,0.616222,0.428613
5808,1,0.1,1,1,5.25369,0.101229,0.0873543,0.0139807,0.662891,0.507568
5809,1,0.1,1,1,5.25446,0.10821,0.113987,0.0134753,0.25529,0.518848
5810,1,0.1,1,1,5.25484,0.10472,0.0937461,0.0130196,0.463188,0.609082
5811,1,0.1,1,1,5.25542,0.0645772,0.112921,0.0125809,0.16135,0.575244
5812,1,0.1,1,1,5.2558,0.111701,0.0862891,0.0121522,0.455334,0.47373
5813,1,0.1,1,1,5.25628,0.0925025,0.107595,0.011715,0.124816,0.552686
5814,1,0.1,1,1,5.25647,0.010472,0.0724402,0.0113149,0.53261,0.417334
5815,1,0.1,1,1,5.25705,0.0698132,0.0671137,0.0109784,0.562245,0.48501
5816,1,0.1,1,1,5.25724,0.0855211,0.078832,0.0106821,0.376463,0.654199
5817,1,0.1,1,1,5.25743,0,0.0692443,0.0104096,0.470642,0.654199
5818,1,0.1,1,1,5.25782,0.0767945,0.0777667,0.0101241,0.327262,0.631641
5819,1,0.1,1,1,5.25791,0,0.0585913,0.00983725,0.543199,0.496289
5820,1,0.1,1,1,5.2581,0.0767945,0.050069,0.0096075,0.629194,0.563965
5821,1,0.1,1,1,5.25829,0.0314159,0.0245018,0.00940669,0.940652,0.654199
5822,1,0.1,1,1,5.25849,0.0349066,0.0404813,0.00921746,0.714278,0.665479
5823,1,0.1,1,1,5.25858,0.0366519,0.0351548,0.00903861,0.765766,0.676758
5824,1,0.1,1,1,5.25877,0.0471239,0.010653,0.00883553,1.06251,0.665479
5825,1,0.1,1,1,5.25897,0.102974,0.0436772,0.00862902,0.611367,0.688037
5826,1,0.1,1,1,5.25897,-0.0279253,0.0383507,0.00846808,0.664868,0.688037
5827,1,0.1,1,1,5.25925,0,0.0170448,0.00832996,0.92907,0.688037
5828,1,0.1,1,1,5.25944,0.0837758,0.0213059,0.00818486,0.860134,0.665479
5829,1,0.1,1,1,5.25954,0.0575959,0.0447425,0.00799381,0.535259,0.676758
5830,1,0.1,1,1,5.25964,0.0174533,0.0447425,0.00778506,0.511849,0.631641
5831,1,0.1,1,1,5.25983,0.0349066,0.0340895,0.00760937,0.631604,0.665479
5832,1,0.1,1,1,5.26002,0.0488692,0.0319589,0.00748334,0.648016,0.812109
5833,1,0.1,1,1,5.26021,0.0261799,0.0447425,0.00735032,0.469508,0.947461
5834,1,0.1,1,1,5.2604,0.00349066,0.0362201,0.0072189,0.567596,0.575244
5835,1,0.1,1,1,5.2605,0.0314159,0.0127836,0.0071129,0.858491,0.845947
5836,1,0.1,1,1,5.26069,0,0.0426119,0.00695839,0.450636,0.733154
5837,1,0.1,1,1,5.26069,0,0.0213059,0.00686701,0.715734,0.710596
5838,1,0.1,1,1,5.26088,0.0314159,0.0213059,0.00678198,0.70468,0.597803
5839,1,0.1,1,1,5.26098,0,0.0351548,0.00668305,0.511783,0.710596
5840,1,0.1,1,1,5.26098,0,0.0149142,0.0065911,0.762959,0.665479
5841,1,0.1,1,1,5.26117,0.0279253,0.0223712,0.00652021,0.656801,0.891064
5842,1,0.1,1,1,5.26117,0,-0.0010653,0.00643537,0.950447,0.80083
5843,1,0.1,1,1,5.26127,0.0401426,0.010653,0.00638006,0.790919,0.812109
5844,1,0.1,1,1,5.26127,-0.0244346,0.00745708,0.00627764,0.819151,0.744434
5845,1,0.1,1,1,5.26136,0.0261799,0,0.00621575,0.908047,0.845947
5846,1,0.1,1,1,5.26136,0,0.0298283,0.00616344,0.513479,0.676758
5847,1,0.1,1,1,5.26136,-0.00872665,0.00426119,0.00610078,0.837706,0.688037
5848,1,0.1,1,1,5.26136,0,0.010653,0.0060332,0.745828,0.721875
5849,1,0.1,1,1,5.26136,0,0.00319589,0.00597628,0.835369,0.688037
5850,1,0.1,1,1,5.26146,0.0226893,0.0138489,0.00592354,0.690026,0.834668
5851,1,0.1,1,1,5.26146,0.00349066,-0.0127836,0.0059058,1.03394,0.823389
5852,1,0.1,1,1,5.26155,0,0.0127836,0.00584803,0.694058,0.789551
5853,1,0.1,1,1,5.26155,0,-0.00213059,0.00578053,0.879166,0.710596
5854,1,0.1,1,1,5.26155,0.00349066,0.00319589,0.00577559,0.809281,0.947461
5855,1,0.1,1,1,5.26165,-0.00872665,0.00852238,0.00573537,0.734807,0.834668
5856,1,0.1,1,1,5.26165,0,0.00745708,0.00572889,0.747814,0.845947
5857,1,0.1,1,1,5.26165,0,0.00213059,0.00568434,0.811266,0.789551
5858,1,0.1,1,1,5.26165,0,0.00958767,0.00565381,0.710356,0.789551
5859,1,0.1,1,1,5.26175,0,6.52306e-19,0.00564151,0.833396,0.834668
5860,1,0.1,1,1,5.26175,0,-0.00426119,0.00561694,0.885598,0.913623
5861,1,0.1,1,1,5.26175,0,0.0245018,0.00558543,0.507582,0.733154
5862,1,0.1,1,1,5.26175,0.0174533,0.028763,0.00552449,0.444265,0.710596
5863,1,0.1,1,1,5.26175,-0.0174533,-0.00852238,0.00547463,0.922493,0.575244
5864,1,0.1,1,1,5.26184,0.0261799,-1.63077e-18,0.00546481,0.810426,0.845947
5865,1,0.1,1,1,5.26184,0,0.0117183,0.00542684,0.653152,0.778271
5866,1,0.1,1,1,5.26184,0,-0.0010653,0.00542834,0.819533,0.80083
5867,1,0.1,1,1,5.26184,0,0.0117183,0.00538701,0.647974,0.766992
5868,1,0.1,1,1,5.26184,0,0.00213059,0.00538997,0.772998,0.845947
5869,1,0.1,1,1,5.26184,0,0.0149142,0.0053503,0.601655,0.834668
5870,1,0.1,1,1,5.26184,-0.0226893,0.00532648,0.00530115,0.719905,0.665479
5871,1,0.1,1,1,5.26184,0,-0.00319589,0.00524981,0.824022,0.699316
5872,1,0.1,1,1,5.26184,0.00698132,-7.17537e-19,0.00523815,0.780959,0.834668
5873,1,0.1,1,1,5.26184,0,0.0010653,0.00524633,0.768174,0.789551
5874,1,0.1,1,1,5.26184,0,-0.00426119,0.00524555,0.837317,0.766992
5875,1,0.1,1,1,5.26184,0,0.00639178,0.00520759,0.693894,0.597803
5876,1,0.1,1,1,5.26184,0.00872665,0.00958767,0.00514466,0.644166,0.733154
5877,1,0.1,1,1,5.26184,0.0139626,0.0127836,0.00515541,0.604018,0.766992
5878,1,0.1,1,1,5.26194,0,-0.00319589,0.00518179,0.81518,0.755713
5879,1,0.1,1,1,5.26194,0,-0.010653,0.00513555,0.90611,0.733154
5880,1,0.1,1,1,5.26194,0,0.010653,0.00514322,0.630131,0.902344
5881,1,0.1,1,1,5.26194,-0.00872665,0.0245018,0.00513814,0.449435,0.981299
5882,1,0.1,1,1,5.26194,-0.0488692,0.0202406,0.00505543,0.494077,0.631641
5883,1,0.1,1,1,5.26194,0,0.00745708,0.00501913,0.655545,0.64292
5884,1,0.1,1,1,5.26194,0.00349066,0.00958767,0.00500948,0.626593,0.620361
5885,1,0.1,1,1,5.26194,0,-0.0159795,0.0049782,0.954898,0.47373
5886,1,0.1,1,1,5.26203,0.0174533,-0.00426119,0.00497585,0.802256,0.733154
5887,1,0.1,1,1,5.26203,0,0.010653,0.00496083,0.60642,0.823389
5888,1,0.1,1,1,5.26203,0,7.82767e-19,0.0049342,0.741446,0.586523
5889,1,0.1,1,1,5.26203,0,-0.0255671,0.00494738,1.07553,0.665479
5890,1,0.1,1,1,5.26203,0,-0.00213059,0.0049393,0.769807,0.654199
5891,1,0.1,1,1,5.26203,0,0.00958767,0.00493962,0.617511,0.744434
5892,1,0.1,1,1,5.26203,0,-0.0138489,0.00493044,0.920993,0.654199
5893,1,0.1,1,1,5.26203,0.00174533,-0.0010653,0.00495445,0.757927,0.654199
5894,1,0.1,1,1,5.26203,0.00174533,0.0117183,0.00490931,0.585873,0.541406
5895,1,0.1,1,1,5.26203,0,0.00958767,0.00490986,0.613643,0.609082
5896,1,0.1,1,1,5.26203,0.00698132,0.00213059,0.00487106,0.70554,0.710596
5897,1,0.1,1,1,5.26203,0.015708,0.00745708,0.00481023,0.628388,0.563965
5898,1,0.1,1,1,5.26203,-0.010472,-0.0255671,0.00481983,1.05895,0.586523
5899,1,0.1,1,1,5.26213,0.0139626,-5.87076e-19,0.00484547,0.729911,0.64292
5900,1,0.1,1,1,5.26203,0,-1.17415e-18,0.00481139,0.725481,0.48501
5901,1,0.1,1,1,5.26203,0,0.0010653,0.004791,0.708982,0.710596
5902,1,0.1,1,1,5.26203,0,0.0191753,0.00476325,0.469943,0.552686
5903,1,0.1,1,1,5.26203,0,-0.00745708,0.00476057,0.815816,0.530127
5904,1,0.1,1,1,5.26213,0.0244346,-0.010653,0.00474098,0.854816,0.586523
5905,1,0.1,1,1,5.26213,0.0837758,0.0117183,0.00474079,0.563966,0.891064
5906,1,0.1,1,1,5.26213,-0.0401426,0.0276977,0.0047553,0.358119,0.845947
5907,1,0.1,1,1,5.26203,-0.0767945,-0.00426119,0.00468405,0.764322,0.507568
5908,1,0.1,1,1,5.26223,0.0715585,0.00639178,0.00464408,0.620638,0.710596
5909,1,0.1,1,1,5.26213,0,0.00426119,0.00463314,0.646913,0.597803
5910,1,0.1,1,1,5.26213,0,0.0010653,0.00461556,0.686174,0.597803
5911,1,0.1,1,1,5.26213,0,0.0351548,0.00460455,0.241579,0.789551
5912,1,0.1,1,1,5.26213,-0.0244346,-0.00958767,0.00457518,0.819413,0.518848
5913,1,0.1,1,1,5.26223,0,-0.00319589,0.00455149,0.73324,0.676758
5914,1,0.1,1,1,5.26213,0.00174533,0.00745708,0.00455271,0.594911,0.755713
5915,1,0.1,1,1,5.26213,0,-1.95692e-18,0.00452798,0.688637,0.575244
5916,1,0.1,1,1,5.26213,0,-0.0127836,0.00453348,0.855538,0.778271
5917,1,0.1,1,1,5.26223,0.0366519,0.00852238,0.00451513,0.576176,0.845947
5918,1,0.1,1,1,5.26213,-0.0471239,0.0234365,0.00451467,0.382232,0.665479
5919,1,0.1,1,1,5.26213,-0.0558505,0.0117183,0.00448069,0.530152,0.676758
5920,1,0.1,1,1,5.26213,0,0.00745708,0.00444702,0.58117,0.47373
5921,1,0.1,1,1,5.26213,0,0.010653,0.00445452,0.540599,0.834668
5922,1,0.1,1,1,5.26213,-0.0226893,0.00426119,0.004479,0.626874,0.823389
5923,1,0.1,1,1,5.26223,-0.0191986,-0.00532648,0.00446405,0.749571,0.654199
5924,1,0.1,1,1,5.26213,0,-0.0010653,0.00445011,0.692364,0.699316
5925,1,0.1,1,1,5.26223,0,-0.00745708,0.00443291,0.773221,0.597803
5926,1,0.1,1,1,5.26223,0,0.0117183,0.00438378,0.517554,0.64292
5927,1,0.1,1,1,5.26213,0,-0.00319589,0.00434441,0.70632,0.451172
5928,1,0.1,1,1,5.26213,0,0.0159795,0.00432656,0.45472,0.64292
5929,1,0.1,1,1,5.26213,-0.00872665,0.0170448,0.00433887,0.442472,0.609082
5930,1,0.1,1,1,5.26223,0.010472,-0.0213059,0.00431264,0.937621,0.563965
5931,1,0.1,1,1,5.26223,0.0418879,0.00639178,0.00429902,0.575779,0.699316
5932,1,0.1,1,1,5.26213,-0.00349066,0.0351548,0.0042672,0.197724,0.688037
5933,1,0.1,1,1,5.26203,-0.0418879,-0.00852238,0.00426737,0.765549,0.688037
5934,1,0.1,1,1,5.26223,0,0.01811,0.0042681,0.419423,0.755713
5935,1,0.1,1,1,5.26213,0,-0.00213059,0.0042632,0.681914,0.654199
5936,1,0.1,1,1,5.26223,0,0.00639178,0.0042508,0.56951,0.575244
5937,1,0.1,1,1,5.26223,-0.00872665,-0.00639178,0.00427062,0.738274,0.755713
5938,1,0.1,1,1,5.26223,0,-0.0010653,0.00428523,0.670929,0.755713
5939,1,0.1,1,1,5.26223,0,-0.0191753,0.00428883,0.906828,0.676758
5940,1,0.1,1,1,5.26223,0,-0.00426119,0.00427248,0.710817,0.676758
5941,1,0.1,1,1,5.26223,0,0.00745708,0.0042215,0.551853,0.439893
5942,1,0.1,1,1,5.26213,0,0.00852238,0.00425572,0.542453,0.631641
5943,1,0.1,1,1,5.26223,-0.0471239,0.00532648,0.00424848,0.583059,0.631641
5944,1,0.1,1,1,5.26223,0,0.00532648,0.00422494,0.579998,0.394775
5945,1,0.1,1,1,5.26223,-0.0226893,-0.0159795,0.00423954,0.858873,0.552686
5946,1,0.1,1,1,5.26223,0.0279253,-0.00213059,0.00424065,0.678983,0.631641
5947,1,0.1,1,1,5.26223,0.020944,0.010653,0.00421957,0.510055,0.563965
5948,1,0.1,1,1,5.26223,-0.00523599,0.0149142,0.00418319,0.449931,0.394775
5949,1,0.1,1,1,5.26213,-0.020944,-0.00745708,0.00416117,0.737895,0.462451
5950,1,0.1,1,1,5.26223,0.0174533,0.0010653,0.00413595,0.623825,0.530127
5951,1,0.1,1,1,5.26223,0,0.00958767,0.0041079,0.509387,0.394775
5952,1,0.1,1,1,5.26213,0,-0.00639178,0.00410712,0.717019,0.586523
5953,1,0.1,1,1,5.26223,0,-0.00639178,0.00408156,0.713696,0.518848
5954,1,0.1,1,1,5.26213,0.00872665,0.01811,0.00407164,0.393882,0.496289
5955,1,0.1,1,1,5.26213,-0.00698132,-0.0138489,0.0040716,0.809344,0.710596
5956,1,0.1,1,1,5.26223,0,-0.010653,0.00407308,0.76799,0.812109
5957,1,0.1,1,1,5.26223,0.020944,-0.00852238,0.00409032,0.742532,0.552686
5958,1,0.1,1,1,5.26223,-0.00174533,0.0010653,0.00406816,0.615012,0.755713
5959,1,0.1,1,1,5.26213,0,-0.0117183,0.00404054,0.777607,0.507568
5960,1,0.1,1,1,5.26213,0,-0.00213059,0.00404438,0.653467,0.383496
5961,1,0.1,1,1,5.26223,0,-0.0010653,0.00406822,0.642718,0.766992
5962,1,0.1,1,1,5.26223,-0.020944,0.0010653,0.00407014,0.61527,0.857227
5963,1,0.1,1,1,5.26213,0,0.0010653,0.00405767,0.613648,0.64292
5964,1,0.1,1,1,5.26223,0,0.00213059,0.00405706,0.59972,0.665479
5965,1,0.1,1,1,5.26223,0,-0.0117183,0.00405941,0.78006,0.586523
5966,1,0.1,1,1,5.26223,0,0.00426119,0.00403549,0.569218,0.766992
5967,1,0.1,1,1,5.26213,0,-0.00213059,0.00402949,0.651531,0.47373
5968,1,0.1,1,1,5.26223,0.0261799,-0.00958767,0.00404736,0.750797,0.710596
5969,1,0.1,1,1,5.26223,0.015708,-0.0010653,0.00406768,0.642647,0.620361
5970,1,0.1,1,1,5.26223,0,1.36984e-18,0.00404211,0.625474,0.64292
5971,1,0.1,1,1,5.26223,0,-0.00745708,0.00402124,0.719703,0.563965
5972,1,0.1,1,1,5.26223,0,0.00426119,0.0040328,0.568869,0.699316
5973,1,0.1,1,1,5.26223,0,0.00745708,0.00401989,0.525644,0.665479
5974,1,0.1,1,1,5.26213,-0.0139626,-0.00532648,0.00401911,0.691728,0.541406
5975,1,0.1,1,1,5.26223,0,0.00532648,0.00404018,0.555979,0.755713
5976,1,0.1,1,1,5.26223,-0.0244346,0.00745708,0.0039818,0.520692,0.417334
5977,1,0.1,1,1,5.26213,0.00698132,0.0159795,0.00399333,0.4114,0.620361
5978,1,0.1,1,1,5.26223,0,0.00852238,0.0039877,0.50761,0.462451
5979,1,0.1,1,1,5.26223,0,0.0117183,0.00400658,0.468518,0.733154
5980,1,0.1,1,1,5.26223,0,0.0202406,0.0039688,0.352816,0.518848
5981,1,0.1,1,1,5.26213,0,0.00639178,0.00394392,0.529616,0.507568
5982,1,0.1,1,1,5.26223,0.0139626,1.95692e-19,0.00394771,0.613202,0.530127
5983,1,0.1,1,1,5.26223,0,0.028763,0.00392993,0.236972,0.64292
5984,1,0.1,1,1,5.26213,-0.0279253,-0.0149142,0.00390733,0.801837,0.349658
5985,1,0.1,1,1,5.26223,0.0139626,-0.0191753,0.00389117,0.855131,0.586523
5986,1,0.1,1,1,5.26213,0,-0.00958767,0.00386123,0.726599,0.64292
5987,1,0.1,1,1,5.26213,0.00872665,0.0234365,0.00384397,0.295042,0.552686
5988,1,0.1,1,1,5.26213,0,-0.00319589,0.00388937,0.647164,0.766992
5989,1,0.1,1,1,5.26223,-0.015708,0.00532648,0.00386637,0.533383,0.507568
5990,1,0.1,1,1,5.26213,0,0.0202406,0.00384435,0.336638,0.360938
5991,1,0.1,1,1,5.26213,-0.0383972,0.0127836,0.0038117,0.429335,0.530127
5992,1,0.1,1,1,5.26213,0,0.00426119,0.00380063,0.538686,0.665479
5993,1,0.1,1,1,5.26213,0,0.0308936,0.00377143,0.188669,0.631641
5994,1,0.1,1,1,5.26213,0,0.00532648,0.00377071,0.520948,0.552686
5995,1,0.1,1,1,5.26213,-0.00349066,-0.00852238,0.00376248,0.699913,0.552686
5996,1,0.1,1,1,5.26213,-0.00349066,-0.00745708,0.00373937,0.683061,0.372217
5997,1,0.1,1,1,5.26223,0,0.00319589,0.00370644,0.540291,0.48501
5998,1,0.1,1,1,5.26213,0.010472,0.00745708,0.00366019,0.478882,0.552686
5999,1,0.1,1,1,5.26213,0.00698132,-0.010653,0.00367051,0.715655,0.518848
6000,1,0.1,1,1,5.26213,0,-0.0010653,0.00366077,0.589749,0.462451
6001,1,0.1,1,1,5.26213,0.00872665,-0.00745708,0.00365064,0.671526,0.631641
6002,1,0.1,1,1,5.26213,-0.0261799,0.0010653,0.00366528,0.562637,0.507568
6003,1,0.1,1,1,5.26213,-0.020944,0.0159795,0.00366884,0.369217,0.631641
6004,1,0.1,1,1,5.26213,0,0.0138489,0.00365048,0.394527,0.541406
6005,1,0.1,1,1,5.26213,-0.00523599,0.0170448,0.0035993,0.346327,0.47373
6006,1,0.1,1,1,5.26213,0,0.00213059,0.00360636,0.54113,0.575244
6007,1,0.1,1,1,5.26213,-0.00872665,-0.0266324,0.0036576,0.92171,0.710596
6008,1,0.1,1,1,5.26223,0,0.00958767,0.00365666,0.450727,0.710596
6009,1,0.1,1,1,5.26213,-0.00872665,-0.0149142,0.00363299,0.766173,0.417334
6010,1,0.1,1,1,5.26213,0,0.00532648,0.00361149,0.500249,0.417334
6011,1,0.1,1,1,5.26213,0,-0.0308936,0.00360443,0.970193,0.406055
6012,1,0.1,1,1,5.26223,0.0349066,0.00426119,0.00359557,0.512029,0.541406
6013,1,0.1,1,1,5.26213,0,-0.00532648,0.00361109,0.638686,0.676758
6014,1,0.1,1,1,5.26213,-0.0174533,-0.0191753,0.00362643,0.820715,0.575244
6015,1,0.1,1,1,5.26223,0.00872665,-0.0117183,0.00362798,0.723975,0.451172
6016,1,0.1,1,1,5.26213,0.0279253,0.0127836,0.00354677,0.394893,0.507568
6017,1,0.1,1,1,5.26213,0.00698132,0.00639178,0.00352971,0.475769,0.541406
6018,1,0.1,1,1,5.26213,0,0.0010653,0.00350069,0.54124,0.496289
6019,1,0.1,1,1,5.26213,0,-0.00639178,0.00349355,0.637255,0.631641
6020,1,0.1,1,1,5.26213,0,0.010653,0.00346753,0.41229,0.541406
6021,1,0.1,1,1,5.26213,0,0.00745708,0.00346685,0.453748,0.563965
6022,1,0.1,1,1,5.26213,0,0.00532648,0.00342363,0.475828,0.406055
6023,1,0.1,1,1,5.26213,0,-3.91384e-19,0.00339955,0.541941,0.552686
6024,1,0.1,1,1,5.26213,0.00872665,-0.00958767,0.00337301,0.663131,0.563965
6025,1,0.1,1,1,5.26213,0,-0.0010653,0.00338361,0.553718,0.530127
6026,1,0.1,1,1,5.26213,0,0.00745708,0.00337554,0.441878,0.620361
6027,1,0.1,1,1,5.26213,0,0.00532648,0.003372,0.469116,0.496289
6028,1,0.1,1,1,5.26213,0,0.0138489,0.00336107,0.356904,0.563965
6029,1,0.1,1,1,5.26213,0,0.0255671,0.00331962,0.199178,0.394775
6030,1,0.1,1,1,5.26213,0,-0.00639178,0.00330995,0.613386,0.406055
6031,1,0.1,1,1,5.26213,0,0.010653,0.00328207,0.388181,0.507568
6032,1,0.1,1,1,5.26213,-0.0122173,0.0010653,0.00323426,0.506605,0.47373
6033,1,0.1,1,1,5.26213,0,0.0202406,0.00323292,0.257151,0.541406
6034,1,0.1,1,1,5.26213,0,0.0170448,0.00320116,0.294569,0.47373
6035,1,0.1,1,1,5.26213,0,0.010653,0.00315715,0.37194,0.462451
6036,1,0.1,1,1,5.26213,0,-0.00532648,0.00314502,0.578097,0.496289
6037,1,0.1,1,1,5.26213,0,-0.0149142,0.00314198,0.702341,0.586523
6038,1,0.1,1,1,5.26213,0,0.00426119,0.00311559,0.449632,0.586523
6039,1,0.1,1,1,5.26213,0,0.0149142,0.00308997,0.307812,0.462451
6040,1,0.1,1,1,5.26213,-0.00872665,0.00532648,0.00305045,0.427314,0.530127
6041,1,0.1,1,1,5.26203,0,0.0127836,0.00298132,0.321385,0.338379
6042,1,0.1,1,1,5.26203,0,-1.10892e-18,0.00295576,0.484249,0.417334
6043,1,0.1,1,1,5.26203,0,0.0117183,0.00294282,0.33023,0.518848
6044,1,0.1,1,1,5.26203,0,-0.00319589,0.0029072,0.519482,0.304541
6045,1,0.1,1,1,5.26203,0,0.01811,0.00288226,0.239263,0.451172
6046,1,0.1,1,1,5.26203,-0.020944,0.0213059,0.00281997,0.189619,0.304541
6047,1,0.1,1,1,5.26203,0,-0.00426119,0.00277405,0.516021,0.31582
6048,1,0.1,1,1,5.26203,-0.00349066,0.0159795,0.00277655,0.253219,0.270703
6049,1,0.1,1,1,5.26203,-0.0645772,0.01811,0.00272074,0.218265,0.270703
6050,1,-0.1,1,1,5.26203,0.020944,-0.0170448,-0.198053,-25.5446,0.3271
6051,1,-0.1,1,1,5.25369,-1.52367,-0.0479384,-0.197929,-25.2075,-9.5874
6052,1,-0.1,1,1,5.2534,0.16057,-0.460208,-0.196744,-19.694,-10.862
6053,1,-0.1,1,1,5.24919,-0.748746,-0.737185,-0.193473,-15.668,-11.0199
6054,1,-0.1,1,1,5.24506,-1.23395,-1.01842,-0.189215,-11.4585,-10.8845
6055,1,-0.1,1,1,5.23759,-1.24617,-1.32629,-0.183196,-6.67362,-9.9709
6056,1,-0.1,1,1,5.23404,-0.891863,-1.62245,-0.175681,-1.84667,-6.66606
6057,1,-0.1,1,1,5.22704,-1.08385,-1.61712,-0.167301,-0.826515,-1.79341
6058,1,-0.1,1,1,5.22138,-1.74358,-1.65867,-0.159079,0.784016,-0.812109
6059,1,-0.1,1,1,5.2116,-1.33692,-1.64162,-0.15066,1.66926,0.112793
6060,1,-0.1,1,1,5.20537,-1.58127,-1.61499,-0.142379,2.41741,1.21816
6061,1,-0.1,1,1,5.19751,-1.35961,-1.52444,-0.134482,2.28647,2.36865
6062,1,-0.1,1,1,5.19118,-1.63014,-1.43389,-0.12712,2.08302,2.26714
6063,1,-0.1,1,1,5.18275,-1.31249,-1.34867,-0.120204,1.88904,1.9062
6064,1,-0.1,1,1,5.17766,-1.21824,-1.25279,-0.113599,1.51671,2.00771
6065,1,-0.1,1,1,5.17057,-1.22522,-1.1697,-0.107435,1.25078,1.91748
6066,1,-0.1,1,1,5.16558,-1.27235,-1.09299,-0.101753,1.00139,1.33096
6067,1,-0.1,1,1,5.15926,-1.03149,-1.08128,-0.0963141,1.56532,1.10537
6068,1,-0.1,1,1,5.15561,-0.844739,-1.02269,-0.0910558,1.49887,1.29712
6069,1,-0.1,1,1,5.14996,-0.998328,-0.902307,-0.0863142,0.557493,1.11665
6070,1,-0.1,1,1,5.14603,-0.942478,-0.873543,-0.081817,0.7736,0.733154
6071,1,-0.1,1,1,5.14123,-0.79587,-0.840519,-0.0774965,0.912462,1.0377
6072,1,-0.1,1,1,5.13788,-0.862193,-0.784059,-0.073506,0.701844,0.868506
6073,1,-0.1,1,1,5.13327,-0.734784,-0.738251,-0.0697465,0.598626,0.462451
6074,1,-0.1,1,1,5.1303,-0.699877,-0.710553,-0.0661255,0.713297,0.563965
6075,1,-0.1,1,1,5.12637,-0.682424,-0.651962,-0.0627499,0.393531,0.47373
6076,1,-0.1,1,1,5.1233,-0.68766,-0.620003,-0.0596065,0.388289,0.394775
6077,1,-0.1,1,1,5.11985,-0.617847,-0.590175,-0.0565912,0.39459,0.304541
6078,1,-0.1,1,1,5.11717,-0.642281,-0.540106,-0.0537945,0.108138,0.281982
6079,1,-0.1,1,1,5.11391,-0.544543,-0.517734,-0.0511824,0.156909,0.135352
6080,1,-0.1,1,1,5.1117,-0.527089,-0.483645,-0.0487176,0.0334951,0.180469
6081,1,-0.1,1,1,5.10873,-0.490438,-0.463404,-0.0463406,0.0792311,0.0112793
6082,1,-0.1,1,1,5.10681,-0.471239,-0.413335,-0.0441764,-0.291909,0.0789551
6083,1,-0.1,1,1,5.10432,-0.408407,-0.393095,-0.04216,-0.295947,-0.0676758
6084,1,-0.1,1,1,5.1026,-0.417134,-0.363266,-0.0402616,-0.439934,-0.112793
6085,1,-0.1,1,1,5.10039,-0.366519,-0.353679,-0.0384421,-0.331074,-0.0902344
6086,1,-0.1,1,1,5.09895,-0.342085,-0.317458,-0.0367657,-0.587778,-0.203027
6087,1,-0.1,1,1,5.09694,-0.336849,-0.290826,-0.0352108,-0.736661,-0.31582
6088,1,-0.1,1,1,5.09569,-0.338594,-0.304675,-0.0337214,-0.368138,-0.64292
6089,1,-0.1,1,1,5.09416,-0.200713,-0.310001,-0.0322479,-0.110994,-0.541406
6090,1,-0.1,1,1,5.09301,-0.284489,-0.262063,-0.0309223,-0.566352,-0.496289
6091,1,-0.1,1,1,5.09138,-0.242601,-0.242888,-0.0296733,-0.658421,-0.609082
6092,1,-0.1,1,1,5.09032,-0.272271,-0.252475,-0.0284102,-0.373861,-0.868506
6093,1,-0.1,1,1,5.08927,-0.172788,-0.249279,-0.0271447,-0.253633,-0.349658
6094,1,-0.1,1,1,5.08821,-0.247837,-0.242888,-0.0259503,-0.184078,-0.270703
6095,1,-0.1,1,1,5.08716,-0.167552,-0.229039,-0.0247894,-0.21539,-0.360938
6096,1,-0.1,1,1,5.0863,-0.204204,-0.217321,-0.0236888,-0.226926,-0.530127
6097,1,-0.1,1,1,5.08524,-0.167552,-0.196015,-0.0227011,-0.378871,-0.383496
6098,1,-0.1,1,1,5.08428,-0.226893,-0.185362,-0.0217851,-0.402201,-0.541406
6099,1,-0.1,1,1,5.08323,-0.120428,-0.185362,-0.0208219,-0.279291,-0.406055
6100,1,-0.1,1,1,5.08275,-0.144862,-0.149142,-0.0199824,-0.64385,-0.281982
6101,1,-0.1,1,1,5.0815,-0.211185,-0.14488,-0.0191826,-0.598795,-0.428613
6102,1,-0.1,1,1,5.08102,-0.127409,-0.177905,-0.0183775,-0.0683948,-0.507568
6103,1,-0.1,1,1,5.08026,-0.10472,-0.149142,-0.017646,-0.3502,-0.406055
6104,1,-0.1,1,1,5.07959,-0.171042,-0.107595,-0.0169917,-0.808827,-0.338379
6105,1,-0.1,1,1,5.07863,-0.179769,-0.113987,-0.0164131,-0.65572,-0.586523
6106,1,-0.1,1,1,5.07815,-0.111701,-0.121444,-0.0158011,-0.483159,-0.552686
6107,1,-0.1,1,1,5.07757,-0.172788,-0.10653,-0.0152564,-0.61078,-0.710596
6108,1,-0.1,1,1,5.0769,-0.101229,-0.0873543,-0.0148032,-0.806631,-0.710596
6109,1,-0.1,1,1,5.07633,-0.116937,-0.105464,-0.0142814,-0.507596,-0.575244
6110,1,-0.1,1,1,5.07613,-0.0715585,-0.0735055,-0.0138504,-0.871942,-0.586523
6111,1,-0.1,1,1,5.07527,-0.111701,-0.0735055,-0.0133884,-0.816303,-0.597803
6112,1,-0.1,1,1,5.07518,-0.0558505,-0.0980073,-0.0129921,-0.451858,-0.789551
6113,1,-0.1,1,1,5.0746,-0.00872665,-0.0521996,-0.0125185,-0.989676,-0.710596
6114,1,-0.1,1,1,5.07431,-0.106465,-0.078832,-0.0121349,-0.599029,-0.733154
6115,1,-0.1,1,1,5.07383,-0.0279253,-0.050069,-0.0117975,-0.933975,-0.80083
6116,1,-0.1,1,1,5.07355,-0.0645772,-0.0543301,-0.0114716,-0.841172,-0.733154
6117,1,-0.1,1,1,5.07326,-0.0837758,-0.0660484,-0.0111721,-0.654826,-0.64292
6118,1,-0.1,1,1,5.07307,-0.0226893,-0.0372854,-0.0108695,-0.994603,-0.688037
6119,1,-0.1,1,1,5.07268,-0.0925025,-0.0362201,-0.0106095,-0.980348,-0.80083
6120,1,-0.1,1,1,5.07249,-0.0366519,-0.0649831,-0.0103664,-0.581138,-0.913623
6121,1,-0.1,1,1,5.0724,-0.00872665,-0.050069,-0.0101346,-0.750407,-0.981299
6122,1,-0.1,1,1,5.07211,-0.0366519,-0.0511343,-0.00989979,-0.71157,-0.834668
6123,1,-0.1,1,1,5.07201,-0.0174533,-0.0308936,-0.009722,-0.956978,-0.766992
6124,1,-0.1,1,1,5.07182,-0.0488692,-0.0298283,-0.00954127,-0.952597,-0.857227
6125,1,-0.1,1,1,5.07163,-0.0436332,-0.0340895,-0.00940014,-0.878855,-1.02642
6126,1,-0.1,1,1,5.07144,0,-0.0298283,-0.00926874,-0.917168,-0.947461
6127,1,-0.1,1,1,5.07134,-0.0174533,-0.0159795,-0.00910271,-1.07562,-0.778271
6128,1,-0.1,1,1,5.07134,-0.0296706,-0.00639178,-0.00896679,-1.18259,-0.936182
6129,1,-0.1,1,1,5.07096,-0.0558505,-0.0149142,-0.0089053,-1.0638,-1.06025
6130,1,-0.1,1,1,5.07086,-0.00523599,-0.0404813,-0.00879307,-0.716842,-0.981299
6131,1,-0.1,1,1,5.07077,0,-1.17415e-18,-0.00867038,-1.22715,-0.913623
6132,1,-0.1,1,1,5.07067,-0.0593412,-0.00745708,-0.00856247,-1.11618,-0.924902
6133,1,-0.1,1,1,5.07048,-0.0645772,0.00319589,-0.00849379,-1.24574,-1.0377
6134,1,-0.1,1,1,5.07029,-0.0244346,-0.0255671,-0.00840756,-0.860611,-1.08281
6135,1,-0.1,1,1,5.07029,0,-0.0117183,-0.00829391,-1.02587,-0.845947
6136,1,-0.1,1,1,5.07019,-0.0174533,-0.00213059,-0.00821604,-1.14039,-0.778271
6137,1,-0.1,1,1,5.0699,-0.0383972,-0.0159795,-0.00813282,-0.949533,-0.834668
6138,1,-0.1,1,1,5.07,0,-0.00213059,-0.00806752,-1.12108,-0.981299
6139,1,-0.1,1,1,5.06981,-0.0436332,-0.0127836,-0.00802509,-0.977075,-1.22944
6140,1,-0.1,1,1,5.06971,0.0436332,-0.0159795,-0.00793896,-0.924332,-1.01514
6141,1,-0.1,1,1,5.06971,-0.0331613,-0.0202406,-0.00786248,-0.858994,-1.04897
6142,1,-0.1,1,1,5.06981,0.0645772,-0.0340895,-0.00773704,-0.662651,-0.868506
6143,1,-0.1,1,1,5.06971,0,-0.00426119,-0.00769993,-1.0456,-1.00386
6144,1,-0.1,1,1,5.06961,-0.00349066,-0.00639178,-0.00766146,-1.0129,-0.95874
6145,1,-0.1,1,1,5.06961,0,-0.0308936,-0.00760174,-0.68661,-1.0377
6146,1,-0.1,1,1,5.06971,0.0279253,-0.0202406,-0.00754526,-0.817755,-0.789551
6147,1,-0.1,1,1,5.06961,0.00349066,-0.0191753,-0.00746246,-0.820841,-0.891064
6148,1,-0.1,1,1,5.06971,0,-0.00532648,-0.00740364,-0.993228,-0.879785
6149,1,-0.1,1,1,5.06961,0,-0.00532648,-0.00735805,-0.987303,-0.924902
6150,1,-0.1,1,1,5.06961,0,-0.00745708,-0.007336,-0.956738,-0.95874
6151,1,-0.1,1,1,5.06961,0,-0.0213059,-0.00722647,-0.762464,-0.688037
6152,1,-0.1,1,1,5.06961,-0.00174533,-0.00426119,-0.00721649,-0.982749,-0.936182
6153,1,-0.1,1,1,5.06952,0.0174533,-0.0138489,-0.00719974,-0.855932,-1.01514
6154,1,-0.1,1,1,5.06952,0,-1.23938e-18,-0.00715684,-1.03039,-0.97002
6155,1,-0.1,1,1,5.06942,-0.0331613,-0.00745708,-0.00714991,-0.932546,-0.936182
6156,1,-0.1,1,1,5.06942,0,-0.00319589,-0.00715151,-0.98815,-0.97002
6157,1,-0.1,1,1,5.06933,0,0.00852238,-0.00720871,-1.14792,-0.947461
6158,1,-0.1,1,1,5.06914,-0.0680678,-0.00532648,-0.00720451,-0.967342,-0.936182
6159,1,-0.1,1,1,5.06914,0,-0.00426119,-0.007175,-0.977355,-0.924902
6160,1,-0.1,1,1,5.06914,0,-0.00532648,-0.00717667,-0.963723,-1.06025
6161,1,-0.1,1,1,5.06894,-0.00174533,0.00852238,-0.00713135,-1.13787,-0.936182
6162,1,-0.1,1,1,5.06894,-0.0296706,7.82767e-19,-0.00708931,-1.02161,-1.0377
6163,1,-0.1,1,1,5.06894,-0.00872665,0.0159795,-0.00710093,-1.23085,-1.0377
6164,1,-0.1,1,1,5.06875,-0.0226893,-0.00213059,-0.00714082,-1.00061,-1.04897
6165,1,-0.1,1,1,5.06875,0,0.0191753,-0.00717842,-1.28247,-0.95874
6166,1,-0.1,1,1,5.06866,-0.0279253,0.00426119,-0.00715071,-1.08499,-1.12793
6167,1,-0.1,1,1,5.06866,0,-0.0223712,-0.00715079,-0.738776,-1.0377
6168,1,-0.1,1,1,5.06866,0.0139626,-0.010653,-0.00710601,-0.885293,-0.981299
6169,1,-0.1,1,1,5.06866,0,-0.00426119,-0.00706578,-0.963156,-0.936182
6170,1,-0.1,1,1,5.06866,-0.00872665,-0.00532648,-0.00700333,-0.941189,-0.879785
6171,1,-0.1,1,1,5.06866,-0.0349066,-0.00426119,-0.00698592,-0.952775,-1.00386
6172,1,-0.1,1,1,5.06866,0.00698132,-0.0234365,-0.00694325,-0.697948,-0.97002
6173,1,-0.1,1,1,5.06866,0.0174533,-0.0266324,-0.00687718,-0.647812,-0.891064
6174,1,-0.1,1,1,5.06866,0,-0.0191753,-0.0067762,-0.731626,-0.755713
6175,1,-0.1,1,1,5.06875,-0.0122173,-0.0010653,-0.0067526,-0.963989,-0.834668
6176,1,-0.1,1,1,5.06866,-0.0122173,-0.00532648,-0.00668928,-0.900362,-0.845947
6177,1,-0.1,1,1,5.06866,-0.020944,-0.00213059,-0.00661476,-0.932221,-0.665479
6178,1,-0.1,1,1,5.06875,0,-0.00213059,-0.00658659,-0.92856,-0.834668
6179,1,-0.1,1,1,5.06866,0.00174533,0.0234365,-0.00651155,-1.25118,-0.676758
6180,1,-0.1,1,1,5.06866,-0.0645772,-0.00958767,-0.00648412,-0.818296,-0.891064
6181,1,-0.1,1,1,5.06866,0.00872665,-0.00958767,-0.00645266,-0.814206,-0.834668
6182,1,-0.1,1,1,5.06866,0,-0.00745708,-0.00645917,-0.84275,-0.902344
6183,1,-0.1,1,1,5.06856,-0.00174533,0.00426119,-0.00648424,-0.998347,-1.16177
6184,1,-0.1,1,1,5.06846,0,0.00745708,-0.00651292,-1.04362,-1.09409
6185,1,-0.1,1,1,5.06846,-0.0139626,0.00213059,-0.00652474,-0.975914,-1.02642
6186,1,-0.1,1,1,5.06837,-0.0436332,0.0127836,-0.00656406,-1.11951,-1.17305
6187,1,-0.1,1,1,5.06837,0,0.0010653,-0.00655554,-0.966069,-1.02642
6188,1,-0.1,1,1,5.06827,0,-0.00852238,-0.00652244,-0.837126,-0.924902
6189,1,-0.1,1,1,5.06827,0,-0.00958767,-0.00651968,-0.822919,-0.812109
6190,1,-0.1,1,1,5.06827,-0.010472,0.0159795,-0.00653593,-1.1574,-0.992578
6191,1,-0.1,1,1,5.06808,-0.015708,-0.0191753,-0.00653969,-0.70088,-1.01514
6192,1,-0.1,1,1,5.06808,0,-0.00213059,-0.00653784,-0.922221,-0.992578
6193,1,-0.1,1,1,5.06808,0.00872665,-0.010653,-0.00651546,-0.808521,-0.789551
6194,1,-0.1,1,1,5.06808,-0.0575959,-0.0117183,-0.00653262,-0.796903,-1.02642
6195,1,-0.1,1,1,5.06808,0.0296706,-0.0191753,-0.00647797,-0.692857,-0.834668
6196,1,-0.1,1,1,5.06808,0,-0.0170448,-0.00648281,-0.721184,-0.992578
6197,1,-0.1,1,1,5.06808,0.0279253,-1.10892e-18,-0.00649768,-0.944699,-1.02642
6198,1,-0.1,1,1,5.06798,0,-0.00639178,-0.00648477,-0.859926,-0.879785
6199,1,-0.1,1,1,5.06798,-0.00523599,-0.00319589,-0.00645026,-0.896987,-0.924902
6200,1,-0.1,1,1,5.06808,0.0314159,-0.00213059,-0.00642746,-0.907872,-0.834668
6201,1,-0.1,1,1,5.06808,0,-0.00319589,-0.00639033,-0.889196,-0.620361
6202,1,-0.1,1,1,5.06808,-0.0349066,-0.0010653,-0.00634648,-0.911193,-0.721875
6203,1,-0.1,1,1,5.06808,0,-0.0170448,-0.00630565,-0.698153,-0.755713
6204,1,-0.1,1,1,5.06808,0,0.00213059,-0.00631019,-0.948023,-0.80083
6205,1,-0.1,1,1,5.06798,0,-0.010653,-0.00629153,-0.77941,-0.992578
6206,1,-0.1,1,1,5.06808,0.0139626,0.00213059,-0.00630103,-0.946832,-0.981299
6207,1,-0.1,1,1,5.06798,0.010472,-0.00745708,-0.00623468,-0.813566,-0.823389
6208,1,-0.1,1,1,5.06808,0,-0.00213059,-0.00620997,-0.879598,-0.812109
6209,1,-0.1,1,1,5.06798,0.00349066,0.0276977,-0.0061842,-1.26402,-0.733154
6210,1,-0.1,1,1,5.06798,0,0.00639178,-0.0061856,-0.987222,-0.902344
6211,1,-0.1,1,1,5.06798,0.00698132,-0.00532648,-0.00613457,-0.828249,-0.755713
6212,1,-0.1,1,1,5.06808,-0.00174533,-0.0010653,-0.00612922,-0.88295,-0.97002
6213,1,-0.1,1,1,5.06798,0.0366519,-0.00639178,-0.00610467,-0.810514,-0.789551
6214,1,-0.1,1,1,5.06798,-0.0296706,-0.00745708,-0.00607735,-0.793114,-0.654199
6215,1,-0.1,1,1,5.06798,0,-0.0276977,-0.00604069,-0.525219,-0.688037
6216,1,-0.1,1,1,5.06798,0,-0.00639178,-0.00600611,-0.797701,-0.733154
6217,1,-0.1,1,1,5.06808,0,-0.00745708,-0.00593297,-0.774344,-0.744434
6218,1,-0.1,1,1,5.06808,0,0.00532648,-0.00592636,-0.939671,-0.891064
6219,1,-0.1,1,1,5.06798,0,0.0170448,-0.00592041,-1.09124,-0.733154
6220,1,-0.1,1,1,5.06798,0,0.0010653,-0.00587196,-0.877204,-0.879785
6221,1,-0.1,1,1,5.06798,-0.0261799,-0.00532648,-0.0058627,-0.792907,-0.868506
6222,1,-0.1,1,1,5.06798,0.0174533,-0.00213059,-0.00583504,-0.830857,-0.868506
6223,1,-0.1,1,1,5.06798,0,-0.01811,-0.00580502,-0.619222,-0.834668
6224,1,-0.1,1,1,5.06798,0,-0.0010653,-0.00580111,-0.840296,-0.586523
6225,1,-0.1,1,1,5.06798,-0.00523599,0.00958767,-0.00582072,-0.981333,-0.879785
6226,1,-0.1,1,1,5.06808,0.00872665,0.0159795,-0.00584466,-1.06754,-0.891064
6227,1,-0.1,1,1,5.06798,0,0.0010653,-0.00583923,-0.872948,-0.733154
6228,1,-0.1,1,1,5.06798,0,0.0149142,-0.00584406,-1.05361,-0.744434
6229,1,-0.1,1,1,5.06789,-0.0733038,0.0117183,-0.00588645,-1.01758,-1.04897
6230,1,-0.1,1,1,5.06789,0.0471239,-0.00745708,-0.00588022,-0.767486,-0.789551
6231,1,-0.1,1,1,5.06789,-0.00523599,0.0170448,-0.00590979,-1.08985,-1.00386
6232,1,-0.1,1,1,5.06789,0,0.00426119,-0.00592155,-0.925197,-1.09409
6233,1,-0.1,1,1,5.06789,0,-0.010653,-0.00594583,-0.73447,-0.981299
6234,1,-0.1,1,1,5.06779,0,-0.00532648,-0.00597241,-0.807169,-1.0377
6235,1,-0.1,1,1,5.06779,0.00872665,5.21845e-19,-0.00597861,-0.87722,-0.947461
6236,1,-0.1,1,1,5.06779,0,-0.00213059,-0.00599068,-0.85109,-0.95874
6237,1,-0.1,1,1,5.06779,0,0.0138489,-0.00605592,-1.0673,-1.06025
6238,1,-0.1,1,1,5.0677,-0.00872665,-0.010653,-0.00604148,-0.746904,-0.879785
6239,1,-0.1,1,1,5.06779,0,0.00213059,-0.00605222,-0.914486,-0.97002
6240,1,-0.1,1,1,5.06779,0,0.0117183,-0.00606855,-1.04125,-0.868506
6241,1,-0.1,1,1,5.0677,-0.015708,0.00319589,-0.00606962,-0.930597,-0.868506
6242,1,-0.1,1,1,5.0677,0,0.00319589,-0.00603915,-0.926636,-0.879785
6243,1,-0.1,1,1,5.0677,-0.0418879,1.30461e-18,-0.00603296,-0.884285,-0.97002
6244,1,-0.1,1,1,5.0677,0.00872665,-0.01811,-0.00604982,-0.651046,-1.01514
6245,1,-0.1,1,1,5.06779,0.0244346,0.0010653,-0.00603045,-0.897808,-0.879785
6246,1,-0.1,1,1,5.0677,0,-0.00958767,-0.00601694,-0.757562,-0.812109
6247,1,-0.1,1,1,5.0677,0.00698132,-0.0191753,-0.00596922,-0.626719,-0.766992
6248,1,-0.1,1,1,5.06779,0.0244346,-0.00426119,-0.00593962,-0.816755,-0.721875
6249,1,-0.1,1,1,5.0677,0.0191986,-0.00958767,-0.00588535,-0.740455,-0.755713
6250,1,-0.1,1,1,5.06779,0,0.00639178,-0.00584621,-0.9431,-0.586523
6251,1,-0.1,1,1,5.0677,0,-0.0351548,-0.00576226,-0.392081,-0.699316
6252,1,-0.1,1,1,5.06789,0.0366519,-0.0010653,-0.00571489,-0.829087,-0.439893
6253,1,-0.1,1,1,5.0677,-0.0174533,-0.0117183,-0.0056966,-0.688221,-0.789551
6254,1,-0.1,1,1,5.0677,0,0.0117183,-0.00571559,-0.995365,-0.778271
6255,1,-0.1,1,1,5.0677,-0.00872665,-0.0149142,-0.00567336,-0.643652,-0.676758
6256,1,-0.1,1,1,5.06779,0,-0.00745708,-0.0056636,-0.739325,-0.654199
6257,1,-0.1,1,1,5.0677,0,-0.010653,-0.00569349,-0.701665,-0.924902
6258,1,-0.1,1,1,5.0677,0.00174533,0.00852238,-0.005673,-0.948281,-0.778271
6259,1,-0.1,1,1,5.0677,-0.0349066,0.0010653,-0.00569231,-0.853849,-0.947461
6260,1,-0.1,1,1,5.0677,0.0279253,0.0223712,-0.00575426,-1.13888,-1.01514
6261,1,-0.1,1,1,5.0676,-0.00349066,-0.0351548,-0.00572144,-0.386775,-0.924902
6262,1,-0.1,1,1,5.0677,0.0174533,0.00639178,-0.00576966,-0.933149,-0.879785
6263,1,-0.1,1,1,5.06751,0,-0.00958767,-0.00580715,-0.730289,-0.947461
6264,1,-0.1,1,1,5.0676,0,-0.00639178,-0.00583514,-0.775475,-0.879785
6265,1,-0.1,1,1,5.0676,0,0.00639178,-0.00585233,-0.943896,-0.845947
6266,1,-0.1,1,1,5.0676,0,0.0213059,-0.00588844,-1.14247,-0.879785
6267,1,-0.1,1,1,5.06751,-0.0628319,0.010653,-0.0059797,-1.01585,-0.981299
6268,1,-0.1,1,1,5.06741,0,-0.010653,-0.00597557,-0.738336,-0.789551
6269,1,-0.1,1,1,5.06751,0,0.00639178,-0.00597197,-0.959449,-0.80083
6270,1,-0.1,1,1,5.06751,0,-0.0138489,-0.0059693,-0.695973,-0.834668
6271,1,-0.1,1,1,5.06751,0,-0.00532648,-0.00595857,-0.80537,-0.913623
6272,1,-0.1,1,1,5.06751,-0.00698132,-0.0276977,-0.00593445,-0.511409,-0.924902
6273,1,-0.1,1,1,5.06751,0.015708,-0.00958767,-0.00591565,-0.744394,-0.879785
6274,1,-0.1,1,1,5.06741,-0.00349066,-0.00958767,-0.0058894,-0.740982,-0.80083
6275,1,-0.1,1,1,5.06751,-0.00872665,-0.0234365,-0.005887,-0.560635,-0.891064
6276,1,-0.1,1,1,5.06741,-0.0174533,-0.00852238,-0.00588524,-0.754291,-0.947461
6277,1,-0.1,1,1,5.06741,0,0.0010653,-0.00586096,-0.875774,-0.80083
6278,1,-0.1,1,1,5.06741,0,-0.00319589,-0.00586212,-0.820529,-0.755713
6279,1,-0.1,1,1,5.06741,0.015708,0.0010653,-0.00582955,-0.871691,-0.688037
6280,1,-0.1,1,1,5.06741,-0.0558505,-0.00319589,-0.00582491,-0.815692,-0.665479
6281,1,-0.1,1,1,5.06741,0,0.00639178,-0.00582843,-0.940789,-0.95874
6282,1,-0.1,1,1,5.06731,0,0.0319589,-0.0058633,-1.27769,-0.823389
6283,1,-0.1,1,1,5.06722,-0.0715585,0.0202406,-0.00593396,-1.13454,-1.0377
6284,1,-0.1,1,1,5.06712,-0.00698132,0.010653,-0.00590637,-1.00632,-0.902344
6285,1,-0.1,1,1,5.06722,-0.0453786,0.00745708,-0.00589548,-0.963355,-0.733154
6286,1,-0.1,1,1,5.06722,0,-0.00319589,-0.00588097,-0.822979,-0.845947
6287,1,-0.1,1,1,5.06712,0,0.0010653,-0.00587979,-0.878222,-0.879785
6288,1,-0.1,1,1,5.06712,-0.00872665,-0.010653,-0.00588329,-0.726339,-0.924902
6289,1,-0.1,1,1,5.06712,0.0174533,-0.00852238,-0.00585708,-0.750629,-0.823389
6290,1,-0.1,1,1,5.06712,0,-0.00958767,-0.00585094,-0.735983,-0.733154
6291,1,-0.1,1,1,5.06712,0,0.00319589,-0.00586179,-0.90358,-0.924902
6292,1,-0.1,1,1,5.06712,0,-0.010653,-0.00586572,-0.724055,-0.913623
6293,1,-0.1,1,1,5.06712,0.00872665,-0.0010653,-0.00585162,-0.846862,-0.789551
6294,1,-0.1,1,1,5.06712,0,0.00958767,-0.00583806,-0.983587,-0.766992
6295,1,-0.1,1,1,5.06712,-0.00349066,-0.00639178,-0.00579969,-0.770866,-0.733154
6296,1,-0.1,1,1,5.06712,0,-0.0170448,-0.00576433,-0.627781,-0.902344
6297,1,-0.1,1,1,5.06722,0.0366519,0.0159795,-0.00573402,-1.05316,-0.676758
6298,1,-0.1,1,1,5.06712,-0.0401426,-0.010653,-0.00572653,-0.70596,-0.699316
6299,1,-0.1,1,1,5.06712,0.015708,-0.0266324,-0.00570267,-0.495126,-0.845947
6300,1,-0.1,1,1,5.06712,0,-0.0170448,-0.00565604,-0.613703,-0.654199
6301,1,-0.1,1,1,5.06712,0,-0.0117183,-0.00567565,-0.685497,-0.891064
6302,1,-0.1,1,1,5.06712,0,-0.0298283,-0.00562877,-0.443973,-0.755713
6303,1,-0.1,1,1,5.06712,0.0174533,0.00319589,-0.00564305,-0.875144,-0.913623
6304,1,-0.1,1,1,5.06703,0,0.0319589,-0.00567603,-1.25335,-0.834668
6305,1,-0.1,1,1,5.06693,-0.0436332,-0.01811,-0.005669,-0.601539,-0.699316
6306,1,-0.1,1,1,5.06712,0,0.00213059,-0.00568195,-0.866351,-0.879785
6307,1,-0.1,1,1,5.06703,0.015708,0.00532648,-0.00563421,-0.901692,-0.631641
6308,1,-0.1,1,1,5.06703,-0.0383972,0.00639178,-0.00562705,-0.914609,-0.721875
6309,1,-0.1,1,1,5.06703,0,5.21845e-19,-0.00562625,-0.831412,-0.766992
6310,1,-0.1,1,1,5.06703,0,-0.00426119,-0.00561349,-0.774358,-0.778271
6311,1,-0.1,1,1,5.06703,0,-0.0010653,-0.00560417,-0.814693,-0.891064
6312,1,-0.1,1,1,5.06703,0,-0.00745708,-0.00560942,-0.732282,-0.845947
6313,1,-0.1,1,1,5.06703,0.00872665,-0.0127836,-0.00558293,-0.659594,-0.744434
6314,1,-0.1,1,1,5.06703,0,0.0117183,-0.00559047,-0.979099,-0.80083
6315,1,-0.1,1,1,5.06703,-0.0122173,0.010653,-0.00554105,-0.958825,-0.654199
6316,1,-0.1,1,1,5.06712,0,0.0138489,-0.00552322,-0.998054,-0.812109
6317,1,-0.1,1,1,5.06703,-0.0139626,-0.0117183,-0.00552177,-0.665493,-0.744434
6318,1,-0.1,1,1,5.06703,0,-0.0234365,-0.00546834,-0.506209,-0.609082
6319,1,-0.1,1,1,5.06703,0,0.0117183,-0.00547049,-0.963501,-0.699316
6320,1,-0.1,1,1,5.06703,0,-0.00426119,-0.00547869,-0.756834,-0.823389
6321,1,-0.1,1,1,5.06703,0.0174533,-0.0117183,-0.00544325,-0.655285,-0.721875
6322,1,-0.1,1,1,5.06703,0,-0.0202406,-0.00539389,-0.538078,-0.733154
6323,1,-0.1,1,1,5.06712,0.010472,-0.010653,-0.00536062,-0.658392,-0.778271
6324,1,-0.1,1,1,5.06703,-0.00872665,-0.0191753,-0.00534337,-0.545358,-0.879785
6325,1,-0.1,1,1,5.06712,0.0122173,-0.00852238,-0.00531887,-0.680662,-0.755713
6326,1,-0.1,1,1,5.06703,-0.00872665,-0.00213059,-0.0052885,-0.759807,-0.755713
6327,1,-0.1,1,1,5.06703,0,-0.0245018,-0.00523793,-0.462407,-0.936182
6328,1,-0.1,1,1,5.06712,0.0628319,-0.00532648,-0.00523709,-0.711577,-0.597803
6329,1,-0.1,1,1,5.06703,0,-0.0117183,-0.00518213,-0.62134,-0.834668
6330,1,-0.1,1,1,5.06712,0,-1.76123e-18,-0.00516314,-0.771208,-0.789551
6331,1,-0.1,1,1,5.06703,-0.00349066,0.00852238,-0.00520203,-0.887055,-0.699316
6332,1,-0.1,1,1,5.06703,0,0.0138489,-0.00524114,-0.961384,-0.95874
6333,1,-0.1,1,1,5.06703,0,0.00958767,-0.00528319,-0.911454,-0.766992
6334,1,-0.1,1,1,5.06693,-0.0174533,0.00958767,-0.00529597,-0.913116,-0.868506
6335,1,-0.1,1,1,5.06703,-0.00872665,0.00745708,-0.00527663,-0.882903,-0.845947
6336,1,-0.1,1,1,5.06703,0.0331613,-0.00745708,-0.00526442,-0.687433,-0.80083
6337,1,-0.1,1,1,5.06703,0.00523599,0.00639178,-0.00527521,-0.86887,-0.97002
6338,1,-0.1,1,1,5.06693,0,0.00958767,-0.00530227,-0.913935,-0.80083
6339,1,-0.1,1,1,5.06693,0,0.00958767,-0.00535423,-0.920689,-0.891064
6340,1,-0.1,1,1,5.06693,0,0.028763,-0.00542715,-1.17945,-0.936182
6341,1,-0.1,1,1,5.06683,-0.0296706,0.010653,-0.00547133,-0.949761,-0.924902
6342,1,-0.1,1,1,5.06693,0,-0.00639178,-0.0054667,-0.727578,-0.857227
6343,1,-0.1,1,1,5.06693,0,-0.00426119,-0.00548298,-0.757393,-0.947461
6344,1,-0.1,1,1,5.06683,0,-0.010653,-0.00546928,-0.672518,-0.834668
6345,1,-0.1,1,1,5.06693,0,-0.0127836,-0.00544358,-0.641479,-0.913623
6346,1,-0.1,1,1,5.06693,0.0453786,7.82767e-19,-0.00545672,-0.809374,-0.868506
6347,1,-0.1,1,1,5.06683,0.020944,-0.00745708,-0.00546227,-0.713153,-0.857227
6348,1,-0.1,1,1,5.06693,0,0.00319589,-0.00545285,-0.850417,-0.766992
6349,1,-0.1,1,1,5.06693,-0.00872665,-0.00319589,-0.00547156,-0.769756,-0.654199
6350,1,0.1,1,1,5.06693,0,-0.0266324,0.195261,25.7468,-0.609082
6351,1,0.1,1,1,5.07546,1.52716,0.0468731,0.195217,24.8688,9.76787
6352,1,0.1,1,1,5.07556,-0.176278,0.504951,0.194022,18.7585,10.8394
6353,1,0.1,1,1,5.07939,0.624828,0.745708,0.190546,15.1768,11.0537
6354,1,0.1,1,1,5.08323,1.22348,0.988596,0.186358,11.4748,11.0537
6355,1,0.1,1,1,5.09042,1.07687,1.2986,0.181062,6.75634,9.99346
6356,1,0.1,1,1,5.09435,1.00705,1.60434,0.172833,1.7119,6.79014
6357,1,0.1,1,1,5.10144,1.14145,1.59581,0.164801,0.778475,1.94004
6358,1,0.1,1,1,5.1072,1.63712,1.67145,0.156669,-1.26296,0.710596
6359,1,0.1,1,1,5.11669,1.44339,1.65654,0.148318,-2.16793,-0.180469
6360,1,0.1,1,1,5.12263,1.42942,1.60114,0.140055,-2.54278,-1.64678
6361,1,0.1,1,1,5.1304,1.37532,1.50633,0.132295,-2.33838,-2.42505
6362,1,0.1,1,1,5.13663,1.55334,1.4243,0.12497,-2.24241,-2.42505
6363,1,0.1,1,1,5.14488,1.26362,1.32736,0.118098,-1.89203,-2.04155
6364,1,0.1,1,1,5.15024,1.3631,1.23255,0.1116,-1.51952,-2.00771
6365,1,0.1,1,1,5.15744,1.1973,1.18674,0.105555,-1.72218,-1.66934
6366,1,0.1,1,1,5.16185,1.05767,1.09086,0.0998882,-1.2238,-1.44375
6367,1,0.1,1,1,5.16827,1.00182,1.03227,0.094445,-1.18167,-1.43247
6368,1,0.1,1,1,5.17182,0.902335,0.980073,0.0893443,-1.17632,-1.3084
6369,1,0.1,1,1,5.17795,1.07861,0.901241,0.08463,-0.772234,-1.06025
6370,1,0.1,1,1,5.18131,0.734784,0.885262,0.0800868,-1.16318,-1.12793
6371,1,0.1,1,1,5.18639,0.893609,0.802169,0.075843,-0.641884,-1.07153
6372,1,0.1,1,1,5.18955,0.778417,0.767014,0.0719327,-0.697501,-0.834668
6373,1,0.1,1,1,5.19444,0.678933,0.712684,0.0682611,-0.4722,-0.541406
6374,1,0.1,1,1,5.19703,0.699877,0.703096,0.0646674,-0.819879,-0.891064
6375,1,0.1,1,1,5.20144,0.715585,0.653027,0.0613473,-0.604156,-0.563965
6376,1,0.1,1,1,5.20393,0.614356,0.620003,0.0581595,-0.593351,-0.462451
6377,1,0.1,1,1,5.20777,0.640536,0.602958,0.0550929,-0.774477,-0.417334
6378,1,0.1,1,1,5.20997,0.495674,0.561411,0.0522317,-0.608223,-0.575244
6379,1,0.1,1,1,5.21333,0.568977,0.513473,0.0495492,-0.333758,-0.3271
6380,1,0.1,1,1,5.21544,0.511381,0.513473,0.0471248,-0.648185,-0.15791
6381,1,0.1,1,1,5.21832,0.378736,0.454882,0.0447798,-0.192091,-0.101514
6382,1,0.1,1,1,5.22023,0.500909,0.420792,0.042613,-0.0303426,-0.0676758
6383,1,0.1,1,1,5.22273,0.390954,0.381376,0.0405922,0.220534,0
6384,1,0.1,1,1,5.22445,0.413643,0.345156,0.0387312,0.451459,-0.0902344
6385,1,0.1,1,1,5.22675,0.363028,0.333438,0.0368947,0.366472,0.0225586
6386,1,0.1,1,1,5.228,0.319395,0.325981,0.0351961,0.244643,0.0902344
6387,1,0.1,1,1,5.22992,0.301942,0.294022,0.033675,0.465966,0.0902344
6388,1,0.1,1,1,5.23107,0.268781,0.271651,0.0321986,0.568183,0.0902344
6389,1,0.1,1,1,5.23279,0.287979,0.270585,0.0308159,0.40642,0.135352
6390,1,0.1,1,1,5.23394,0.287979,0.25141,0.0295219,0.491804,0.439893
6391,1,0.1,1,1,5.23528,0.178024,0.240757,0.0282744,0.471795,0.31582
6392,1,0.1,1,1,5.23624,0.282743,0.235431,0.027067,0.387826,0.394775
6393,1,0.1,1,1,5.23749,0.172788,0.229039,0.0258778,0.31912,0.383496
6394,1,0.1,1,1,5.23816,0.146608,0.220516,0.0247605,0.287802,0.214307
6395,1,0.1,1,1,5.2396,0.197222,0.189623,0.0237084,0.555532,0.417334
6396,1,0.1,1,1,5.24037,0.221657,0.19708,0.022738,0.336635,0.518848
6397,1,0.1,1,1,5.24132,0.141372,0.205602,0.0217664,0.10264,0.428613
6398,1,0.1,1,1,5.24209,0.216421,0.172578,0.020854,0.415991,0.293262
6399,1,0.1,1,1,5.24315,0.165806,0.157664,0.0200022,0.502422,0.203027
6400,1,0.1,1,1,5.24391,0.204204,0.155533,0.019173,0.425716,0.31582
6401,1,0.1,1,1,5.24487,0.158825,0.184296,0.018361,-0.0506319,0.360938
6402,1,0.1,1,1,5.24535,0.0977384,0.155533,0.0175408,0.218004,0.112793
6403,1,0.1,1,1,5.24631,0.191986,0.12677,0.0168698,0.508086,0.462451
6404,1,0.1,1,1,5.24689,0.101229,0.145946,0.0162131,0.176906,0.665479
6405,1,0.1,1,1,5.24756,0.115192,0.112921,0.0156145,0.532012,0.496289
6406,1,0.1,1,1,5.24823,0.141372,0.096942,0.0150696,0.673175,0.563965
6407,1,0.1,1,1,5.2489,0.15708,0.116117,0.0145536,0.362082,0.563965
6408,1,0.1,1,1,5.24938,0.0820305,0.107595,0.014069,0.414646,0.744434
6409,1,0.1,1,1,5.24986,0.0610865,0.0916155,0.0135841,0.563138,0.518848
6410,1,0.1,1,1,5.25024,0.102974,0.0884196,0.0131084,0.54684,0.563965
6411,1,0.1,1,1,5.25082,0.0698132,0.0628525,0.0126712,0.826312,0.496289
6412,1,0.1,1,1,5.2512,0.116937,0.0639178,0.0122936,0.768397,0.462451
6413,1,0.1,1,1,5.25177,0.0977384,0.0692443,0.0119232,0.65577,0.699316
6414,1,0.1,1,1,5.25197,0.0191986,0.0884196,0.0115156,0.357778,0.372217
6415,1,0.1,1,1,5.25245,0.0785398,0.0692443,0.0111394,0.561863,0.530127
6416,1,0.1,1,1,5.25264,0.0802851,0.0713749,0.0107557,0.487788,0.575244
6417,1,0.1,1,1,5.25302,0.0575959,0.0713749,0.0104079,0.446275,0.530127
6418,1,0.1,1,1,5.25321,0.0558505,0.0639178,0.0100461,0.499085,0.439893
6419,1,0.1,1,1,5.2536,0.0558505,0.0415466,0.00977382,0.758695,0.439893
6420,1,0.1,1,1,5.25388,0.0994838,0.0362201,0.00949628,0.796013,0.552686
6421,1,0.1,1,1,5.25417,0.102974,0.050069,0.00927151,0.592096,0.654199
6422,1,0.1,1,1,5.25436,0.0244346,0.0671137,0.00902689,0.34348,0.665479
6423,1,0.1,1,1,5.25456,0.0122173,0.0596566,0.00877985,0.412183,0.563965
6424,1,0.1,1,1,5.25475,0.0663225,0.0351548,0.00850982,0.698341,0.530127
6425,1,0.1,1,1,5.25503,0.0907571,0.0276977,0.00829617,0.771748,0.563965
6426,1,0.1,1,1,5.25523,0.0331613,0.0415466,0.00806679,0.566047,0.597803
6427,1,0.1,1,1,5.25542,0.0436332,0.0404813,0.00778827,0.546124,0.406055
6428,1,0.1,1,1,5.25542,0.0174533,0.050069,0.00759999,0.40101,0.496289
6429,1,0.1,1,1,5.2558,0,0.0245018,0.007438,0.716533,0.755713
6430,1,0.1,1,1,5.25599,0.0436332,0.0362201,0.00727528,0.547337,0.755713
6431,1,0.1,1,1,5.25609,0.0174533,0.0404813,0.00710831,0.474211,0.654199
6432,1,0.1,1,1,5.25628,0.0366519,0.0266324,0.0069447,0.636244,0.496289
6433,1,0.1,1,1,5.25647,0.0244346,0.0213059,0.00680572,0.691082,0.507568
6434,1,0.1,1,1,5.25657,0.0541052,0.00745708,0.00667872,0.859233,0.688037
6435,1,0.1,1,1,5.25676,0,0.01811,0.0065274,0.704868,0.631641
6436,1,0.1,1,1,5.25676,0.00174533,0.0202406,0.00643765,0.670068,0.789551
6437,1,0.1,1,1,5.25695,0,0.010653,0.00635757,0.787996,0.620361
6438,1,0.1,1,1,5.25714,0.0436332,0.010653,0.00624168,0.772929,0.496289
6439,1,0.1,1,1,5.25724,0.0541052,0.0319589,0.00615252,0.484361,0.834668
6440,1,0.1,1,1,5.25724,-0.00872665,0.010653,0.00602914,0.7453,0.699316
6441,1,0.1,1,1,5.25734,0.0366519,0.0223712,0.00598933,0.587786,0.789551
6442,1,0.1,1,1,5.25743,0,0.0245018,0.00586589,0.544041,0.496289
6443,1,0.1,1,1,5.25743,0.00174533,0.0159795,0.00578709,0.644589,0.676758
6444,1,0.1,1,1,5.25743,0,0.0127836,0.00572964,0.678667,0.699316
6445,1,0.1,1,1,5.25753,0,0.0255671,0.00567835,0.505813,0.665479
6446,1,0.1,1,1,5.25753,0.0174533,0.0117183,0.00563755,0.680544,0.631641
6447,1,0.1,1,1,5.25753,0,0.00532648,0.00560433,0.759318,0.812109
6448,1,0.1,1,1,5.25762,0,0.00745708,0.00557932,0.728369,0.699316
6449,1,0.1,1,1,5.25762,0,0.0234365,0.00554278,0.515886,0.733154
6450,1,0.1,1,1,5.25762,0,0.0191753,0.00548539,0.563821,0.676758
6451,1,0.1,1,1,5.25762,0,0.0202406,0.00542114,0.54162,0.676758
6452,1,0.1,1,1,5.25782,0.0279253,0.00213059,0.00540094,0.774425,0.721875
6453,1,0.1,1,1,5.25782,0.00872665,0.0234365,0.00531726,0.486569,0.744434
6454,1,0.1,1,1,5.25782,0,0.00639178,0.00527027,0.702042,0.64292
6455,1,0.1,1,1,5.25782,0.00174533,0.00958767,0.00521157,0.652864,0.597803
6456,1,0.1,1,1,5.25791,0.0331613,0.00958767,0.00522129,0.654129,0.710596
6457,1,0.1,1,1,5.25801,0,0.00213059,0.00523603,0.752986,0.710596
6458,1,0.1,1,1,5.25801,0.0139626,-0.0010653,0.0052214,0.792631,0.631641
6459,1,0.1,1,1,5.2581,0.0174533,-0.00639178,0.00519902,0.858966,0.699316
6460,1,0.1,1,1,5.2581,0.015708,0.0159795,0.00516627,0.563883,0.665479
6461,1,0.1,1,1,5.2582,0,0.00426119,0.00516401,0.715926,0.766992
6462,1,0.1,1,1,5.25829,0,-0.00639178,0.00515254,0.852923,0.789551
6463,1,0.1,1,1,5.25839,0.0139626,-0.0117183,0.00518993,0.927029,0.766992
6464,1,0.1,1,1,5.25839,0,0.0213059,0.00516845,0.494921,0.733154
6465,1,0.1,1,1,5.25839,0,0.0127836,0.00511379,0.598607,0.778271
6466,1,0.1,1,1,5.25839,0,0.00319589,0.00509562,0.720885,0.609082
6467,1,0.1,1,1,5.25849,0,0.0234365,0.00504149,0.450718,0.665479
6468,1,0.1,1,1,5.25839,0,0.00639178,0.00501882,0.669354,0.710596
6469,1,0.1,1,1,5.25839,0,-0.00745708,0.00499626,0.846455,0.631641
6470,1,0.1,1,1,5.25839,0,0.010653,0.00496076,0.60641,0.575244
6471,1,0.1,1,1,5.25839,0,0.00745708,0.00491129,0.641525,0.563965
6472,1,0.1,1,1,5.25839,0,0.00319589,0.00485513,0.68962,0.541406
6473,1,0.1,1,1,5.25839,0,0.0245018,0.00477261,0.401915,0.462451
6474,1,0.1,1,1,5.25839,0,0.0149142,0.00468163,0.514728,0.563965
6475,1,0.1,1,1,5.25839,0,0.0170448,0.00458309,0.47422,0.439893
6476,1,0.1,1,1,5.25839,0,0.00639178,0.00447483,0.598635,0.439893
6477,1,0.1,1,1,5.25839,0,0.0202406,0.00436156,0.403875,0.496289
6478,1,0.1,1,1,5.25829,-0.0226893,0.0202406,0.00427591,0.392741,0.360938
6479,1,0.1,1,1,5.25839,0,0.01811,0.00419117,0.409422,0.563965
6480,1,0.1,1,1,5.25839,0,0.0202406,0.00411276,0.371531,0.3271
6481,1,0.1,1,1,5.25839,0,-0.00532648,0.0040399,0.694432,0.394775
6482,1,0.1,1,1,5.25839,0.0366519,-0.00213059,0.00395116,0.641349,0.518848
6483,1,0.1,1,1,5.25839,0.0418879,-0.00426119,0.00391569,0.664435,0.439893
6484,1,0.1,1,1,5.25839,0,-0.0010653,0.00391695,0.623053,0.563965
6485,1,0.1,1,1,5.25849,0.0226893,-0.00532648,0.0039286,0.679962,0.676758
6486,1,0.1,1,1,5.25849,-0.00872665,0.00958767,0.00398391,0.493269,0.688037
6487,1,0.1,1,1,5.25858,-0.00872665,-0.0138489,0.00401573,0.802081,0.845947
6488,1,0.1,1,1,5.25858,0,-0.00532648,0.00405421,0.696292,0.766992
6489,1,0.1,1,1,5.25858,0,-0.0149142,0.00410183,0.827122,0.891064
6490,1,0.1,1,1,5.25868,0,0.0149142,0.00408991,0.437804,0.631641
6491,1,0.1,1,1,5.25868,-0.0436332,-0.0010653,0.00407642,0.643783,0.552686
6492,1,0.1,1,1,5.25868,0.0383972,-0.0202406,0.00410566,0.896864,0.541406
6493,1,0.1,1,1,5.25877,0.0296706,-0.0010653,0.00411284,0.648518,0.676758
6494,1,0.1,1,1,5.25868,-0.00698132,-0.00213059,0.00416523,0.669178,0.64292
6495,1,0.1,1,1,5.25877,-0.0261799,-0.0234365,0.00421659,0.952831,0.733154
6496,1,0.1,1,1,5.25887,0.0174533,-0.00426119,0.00422962,0.705246,0.891064
6497,1,0.1,1,1,5.25877,0,0.0308936,0.00419299,0.243472,0.665479
6498,1,0.1,1,1,5.25877,-0.00174533,0.0170448,0.00412271,0.41437,0.439893
6499,1,0.1,1,1,5.25877,0.0261799,0.00213059,0.00412969,0.609162,0.744434
6500,1,0.1,1,1,5.25877,-0.0191986,0.00213059,0.00405945,0.600031,0.563965
6501,1,0.1,1,1,5.25877,0.0174533,0.0170448,0.00403805,0.403365,0.609082
6502,1,0.1,1,1,5.25877,0,-0.00958767,0.00401737,0.746898,0.47373
6503,1,0.1,1,1,5.25877,0.00174533,0.00639178,0.00397545,0.533716,0.80083
6504,1,0.1,1,1,5.25877,-0.0366519,0.0149142,0.00388621,0.411323,0.609082
6505,1,0.1,1,1,5.25877,0,0.00426119,0.00383746,0.543474,0.349658
6506,1,0.1,1,1,5.25877,0.0174533,0.00213059,0.00381264,0.567945,0.552686
6507,1,0.1,1,1,5.25877,0,-0.00319589,0.00379558,0.634972,0.462451
6508,1,0.1,1,1,5.25877,0.0261799,0.0117183,0.0037958,0.441117,0.620361
6509,1,0.1,1,1,5.25877,0,-0.0010653,0.00374248,0.600371,0.372217
6510,1,0.1,1,1,5.25877,0.00872665,-0.00852238,0.00373778,0.696703,0.349658
6511,1,0.1,1,1,5.25887,0,0.0149142,0.00373865,0.392141,0.609082
6512,1,0.1,1,1,5.25887,0,-0.010653,0.00376756,0.728271,0.699316
6513,1,0.1,1,1,5.25887,0,0.00426119,0.00375564,0.532838,0.699316
6514,1,0.1,1,1,5.25887,0,-0.028763,0.00378723,0.966259,0.563965
6515,1,0.1,1,1,5.25897,0.0331613,0.00426119,0.00382,0.541204,0.721875
6516,1,0.1,1,1,5.25887,0,-0.00532648,0.00386304,0.67144,0.834668
6517,1,0.1,1,1,5.25897,0,1.63077e-18,0.00388734,0.605354,0.631641
6518,1,0.1,1,1,5.25897,0,-0.0298283,0.00393916,0.99986,0.733154
6519,1,0.1,1,1,5.25906,0.0139626,-9.78459e-19,0.0039683,0.615879,0.563965
6520,1,0.1,1,1,5.25906,0,0.0127836,0.00397573,0.450659,0.676758
6521,1,0.1,1,1,5.25906,0,-0.0170448,0.00402591,0.84495,0.755713
6522,1,0.1,1,1,5.25906,0,0.00639178,0.00403146,0.540997,0.676758
6523,1,0.1,1,1,5.25906,-0.00872665,-0.0159795,0.00402683,0.831221,0.620361
6524,1,0.1,1,1,5.25906,0,-0.00532648,0.00405192,0.695994,0.710596
6525,1,0.1,1,1,5.25906,0,0.0213059,0.00400996,0.344318,0.620361
6526,1,0.1,1,1,5.25906,-0.00698132,0.00532648,0.00396926,0.546759,0.48501
6527,1,0.1,1,1,5.25906,0,0.00958767,0.00390905,0.483537,0.541406
6528,1,0.1,1,1,5.25897,-0.010472,0.0234365,0.00387425,0.298978,0.552686
6529,1,0.1,1,1,5.25897,-0.020944,-0.00852238,0.00379979,0.704763,0.428613
6530,1,0.1,1,1,5.25897,0,0.00852238,0.00375017,0.476731,0.462451
6531,1,0.1,1,1,5.25897,0,0.00426119,0.00369544,0.525012,0.462451
6532,1,0.1,1,1,5.25897,0,0.0117183,0.00367092,0.424883,0.417334
6533,1,0.1,1,1,5.25897,0,0.00958767,0.00360384,0.443859,0.372217
6534,1,0.1,1,1,5.25906,0.00698132,-0.00745708,0.00355357,0.658906,0.417334
6535,1,0.1,1,1,5.25906,0.010472,0.0138489,0.00350893,0.376125,0.439893
6536,1,0.1,1,1,5.25906,0,-0.00745708,0.00348043,0.649398,0.383496
6537,1,0.1,1,1,5.25906,0,0.00852238,0.00342567,0.434547,0.47373
6538,1,0.1,1,1,5.25906,0,-0.0159795,0.00345358,0.756698,0.699316
6539,1,0.1,1,1,5.25906,0,-0.010653,0.0034494,0.686911,0.47373
6540,1,0.1,1,1,5.25906,0.010472,0.00213059,0.00347116,0.523553,0.676758
6541,1,0.1,1,1,5.25906,0,-0.0245018,0.00350404,0.874049,0.518848
6542,1,0.1,1,1,5.25906,0.00872665,-0.0159795,0.00355345,0.769681,0.597803
6543,1,0.1,1,1,5.25916,0.0174533,-0.00852238,0.00357766,0.675887,0.721875
6544,1,0.1,1,1,5.25916,0,-0.0117183,0.00358933,0.71895,0.575244
6545,1,0.1,1,1,5.25916,0,0.00639178,0.00360359,0.485373,0.744434
6546,1,0.1,1,1,5.25906,-0.0226893,-0.0170448,0.0036599,0.797368,0.609082
6547,1,0.1,1,1,5.25916,0,0.010653,0.00367874,0.439747,0.406055
6548,1,0.1,1,1,5.25916,0.0506145,-0.0010653,0.00370087,0.594962,0.699316
6549,1,0.1,1,1,5.25916,0,-0.0010653,0.00371576,0.596898,0.597803
6550,1,0.1,1,1,5.25916,0,-0.0234365,0.00374441,0.891448,0.699316
6551,1,0.1,1,1,5.25925,0.0296706,1.95692e-18,0.00377189,0.590346,0.766992
6552,1,0.1,1,1,5.25916,-0.0139626,-0.0010653,0.00378978,0.60652,0.665479
6553,1,0.1,1,1,5.25916,-0.0226893,-0.01811,0.00384015,0.83465,0.563965
6554,1,0.1,1,1,5.25925,0.0314159,-0.0149142,0.00383906,0.792962,0.744434
6555,1,0.1,1,1,5.25925,0.0471239,-0.0138489,0.00389209,0.786007,0.699316
6556,1,0.1,1,1,5.25925,-0.0122173,0.0191753,0.00385043,0.351276,0.507568
6557,1,0.1,1,1,5.25916,-0.0383972,-0.00213059,0.00383754,0.626578,0.609082
6558,1,0.1,1,1,5.25916,0.00698132,0.00639178,0.00380128,0.511073,0.383496
6559,1,0.1,1,1,5.25916,0,0.0159795,0.00376063,0.38115,0.575244
6560,1,0.1,1,1,5.25916,0,0.00213059,0.00374788,0.559526,0.462451
6561,1,0.1,1,1,5.25916,0,0.0117183,0.00368107,0.426202,0.439893
6562,1,0.1,1,1,5.25916,0,0.0127836,0.00364964,0.408267,0.462451
6563,1,0.1,1,1,5.25916,0,-0.00639178,0.0036297,0.654954,0.451172
6564,1,0.1,1,1,5.25916,0.0174533,-0.00958767,0.00359496,0.691984,0.541406
6565,1,0.1,1,1,5.25925,0.0418879,0.00639178,0.00356126,0.47987,0.676758
6566,1,0.1,1,1,5.25916,-0.0366519,-0.00639178,0.00354761,0.644283,0.507568
6567,1,0.1,1,1,5.25916,0,-0.010653,0.00354668,0.699558,0.654199
6568,1,0.1,1,1,5.25916,-0.00872665,0.010653,0.00356687,0.425204,0.48501
6569,1,0.1,1,1,5.25916,0,0.0010653,0.0035977,0.553852,0.586523
6570,1,0.1,1,1,5.25916,0,3.26153e-19,0.00360551,0.568716,0.47373
6571,1,0.1,1,1,5.25916,0,0.00639178,0.00360215,0.485186,0.710596
6572,1,0.1,1,1,5.25916,0,-0.00532648,0.00363196,0.641399,0.665479
6573,1,0.1,1,1,5.25925,0,-0.00426119,0.0036249,0.626633,0.518848
6574,1,0.1,1,1,5.25916,0.0174533,0.00852238,0.00357546,0.454019,0.541406
6575,1,0.1,1,1,5.25916,0,-0.00213059,0.00355157,0.589402,0.462451
6576,1,0.1,1,1,5.25916,0,0.00319589,0.00354209,0.518925,0.451172
6577,1,0.1,1,1,5.25916,-0.00872665,0.00319589,0.00353074,0.51745,0.48501
6578,1,0.1,1,1,5.25916,0.015708,-0.010653,0.00354677,0.699568,0.609082
6579,1,0.1,1,1,5.25916,0.0279253,0.00213059,0.00355376,0.534291,0.609082
6580,1,0.1,1,1,5.25916,-0.00349066,0.0138489,0.00352571,0.378307,0.507568
6581,1,0.1,1,1,5.25916,-0.00349066,-0.00213059,0.00349688,0.582292,0.575244
6582,1,0.1,1,1,5.25916,0,-0.0213059,0.00350143,0.832163,0.563965
6583,1,0.1,1,1,5.25925,0.015708,0.00852238,0.00349898,0.444077,0.530127
6584,1,0.1,1,1,5.25916,-0.0174533,-0.00958767,0.00345931,0.67435,0.360938
6585,1,0.1,1,1,5.25916,0,-0.0276977,0.00347045,0.911229,0.417334
6586,1,0.1,1,1,5.25925,0.0261799,0.0010653,0.00350141,0.541334,0.631641
6587,1,0.1,1,1,5.25925,-0.00872665,-0.0010653,0.00348714,0.567177,0.64292
6588,1,0.1,1,1,5.25925,0,-0.0149142,0.00347367,0.745461,0.496289
6589,1,0.1,1,1,5.25925,0.015708,-0.00532648,0.00348055,0.621716,0.597803
6590,1,0.1,1,1,5.25916,0,0.00745708,0.00351386,0.459859,0.676758
6591,1,0.1,1,1,5.25916,-0.00872665,0.0159795,0.00352839,0.350958,0.597803
6592,1,0.1,1,1,5.25916,0,-0.00532648,0.00348976,0.622913,0.439893
6593,1,0.1,1,1,5.25925,0.0139626,-0.00213059,0.00351565,0.584732,0.710596
6594,1,0.1,1,1,5.25925,0,0.00426119,0.00352403,0.502728,0.597803
6595,1,0.1,1,1,5.25916,0,0.0191753,0.00348689,0.304016,0.530127
6596,1,0.1,1,1,5.25916,0,0.0191753,0.00349348,0.304873,0.609082
6597,1,0.1,1,1,5.25916,-0.0401426,0.01811,0.00348398,0.317487,0.496289
6598,1,0.1,1,1,5.25925,0.0244346,1.23938e-18,0.00343012,0.545916,0.406055
6599,1,0.1,1,1,5.25916,0.0174533,0.00532648,0.00339959,0.472702,0.47373
6600,1,0.1,1,1,5.25916,0,0.0117183,0.00336974,0.385728,0.496289
6601,1,0.1,1,1,5.25916,-0.0191986,0.010653,0.00338435,0.401477,0.541406
6602,1,0.1,1,1,5.25925,0.00872665,-0.00639178,0.00335512,0.619259,0.462451
6603,1,0.1,1,1,5.25925,0.0174533,0.0117183,0.0033021,0.376936,0.428613
6604,1,0.1,1,1,5.25916,0,0.00319589,0.0032824,0.485166,0.417334
6605,1,0.1,1,1,5.25916,0,-0.0010653,0.00329232,0.54185,0.688037
6606,1,0.1,1,1,5.25916,-0.0174533,-0.0213059,0.00328561,0.804106,0.563965
6607,1,0.1,1,1,5.25925,0.015708,-0.00852238,0.00326915,0.63578,0.47373
6608,1,0.1,1,1,5.25916,0.0122173,-0.0117183,0.00326106,0.676276,0.530127
6609,1,0.1,1,1,5.25925,0.015708,-0.00639178,0.00324803,0.605338,0.417334
6610,1,0.1,1,1,5.25916,0.00872665,-0.00852238,0.00324468,0.632599,0.462451
6611,1,0.1,1,1,5.25916,0,-0.00426119,0.0032784,0.581587,0.462451
6612,1,0.1,1,1,5.25925,0.00872665,0.00639178,0.00329107,0.444746,0.541406
6613,1,0.1,1,1,5.25925,0,0.00319589,0.00329116,0.486304,0.530127
6614,1,0.1,1,1,5.25925,0.00349066,0.00852238,0.0032725,0.414634,0.575244
6615,1,0.1,1,1,5.25916,0,-0.00852238,0.00325737,0.634249,0.530127
6616,1,0.1,1,1,5.25916,0,0.00639178,0.00327825,0.443079,0.597803
6617,1,0.1,1,1,5.25916,-0.00523599,-0.00319589,0.00328413,0.568483,0.372217
6618,1,0.1,1,1,5.25916,0,-0.0138489,0.00326404,0.70436,0.552686
6619,1,0.1,1,1,5.25925,0.0418879,-0.00639178,0.00327049,0.608257,0.428613
6620,1,0.1,1,1,5.25916,-0.00698132,-0.00852238,0.00327417,0.636434,0.383496
6621,1,0.1,1,1,5.25916,0.00698132,0.010653,0.00330072,0.390605,0.518848
6622,1,0.1,1,1,5.25916,0,-0.0010653,0.0032973,0.542498,0.507568
6623,1,0.1,1,1,5.25916,0,0.00532648,0.00326971,0.455818,0.575244
6624,1,0.1,1,1,5.25916,-0.015708,-0.0127836,0.00328171,0.692808,0.372217
6625,1,0.1,1,1,5.25916,0,-0.00745708,0.00326635,0.621567,0.406055
6626,1,0.1,1,1,5.25916,0,0.0127836,0.00323474,0.35433,0.47373
6627,1,0.1,1,1,5.25916,0,0.0010653,0.00322618,0.505555,0.552686
6628,1,0.1,1,1,5.25916,0,-0.0117183,0.0032353,0.672926,0.428613
6629,1,0.1,1,1,5.25916,0,0.0010653,0.00320816,0.503212,0.530127
6630,1,0.1,1,1,5.25916,0,-0.00532648,0.00322278,0.588205,0.541406
6631,1,0.1,1,1,5.25916,0,0.0213059,0.00316215,0.234103,0.451172
6632,1,0.1,1,1,5.25916,0,-0.0149142,0.00312794,0.700516,0.496289
6633,1,0.1,1,1,5.25925,0.0314159,0.00745708,0.00310335,0.406494,0.383496
6634,1,0.1,1,1,5.25916,0,-0.00852238,0.00307068,0.60998,0.428613
6635,1,0.1,1,1,5.25916,0.0191986,0.00213059,0.00304978,0.468773,0.451172
6636,1,0.1,1,1,5.25916,-0.00349066,0.0010653,0.00303506,0.480708,0.3271
6637,1,0.1,1,1,5.25916,0,0.00958767,0.0030263,0.36878,0.507568
6638,1,0.1,1,1,5.25916,0,-0.00639178,0.0030652,0.581569,0.451172
6639,1,0.1,1,1,5.25925,-0.00872665,0.028763,0.00305377,0.12307,0.507568
6640,1,0.1,1,1,5.25925,0,-0.00639178,0.00306165,0.581108,0.462451
6641,1,0.1,1,1,5.25925,0,-0.00426119,0.00303878,0.550437,0.417334
6642,1,0.1,1,1,5.25916,0,0.0117183,0.0029967,0.337234,0.338379
6643,1,0.1,1,1,5.25916,-0.00872665,-0.010653,0.00301471,0.630401,0.518848
6644,1,0.1,1,1,5.25916,0,-0.00213059,0.00300565,0.518432,0.518848
6645,1,0.1,1,1,5.25916,0,0.00532648,0.00304382,0.426453,0.541406
6646,1,0.1,1,1,5.25916,0,0.0170448,0.0030731,0.277921,0.383496
6647,1,0.1,1,1,5.25916,-0.0383972,0.0127836,0.00302134,0.326587,0.406055
6648,1,0.1,1,1,5.25916,0.00174533,-0.00319589,0.00299173,0.530471,0.338379
6649,1,0.1,1,1,5.25916,0,-0.00532648,0.00300254,0.559575,0.394775
6650,1,-0.1,1,1,5.25916,0,0.0127836,-0.197751,-25.8921,0.439893
6651,1,-0.1,1,1,5.25082,-1.58301,-0.0436772,-0.197633,-25.2245,-9.66636
6652,1,-0.1,1,1,5.25053,0.122173,-0.432511,-0.196652,-20.0421,-10.7604
6653,1,-0.1,1,1,5.24602,-0.74351,-0.757426,-0.193434,-15.3999,-11.0424
6654,1,-0.1,1,1,5.24267,-1.08559,-1.00671,-0.189226,-11.6121,-10.9748
6655,1,-0.1,1,1,5.2349,-0.876155,-1.30925,-0.183271,-6.90497,-10.1288
6656,1,-0.1,1,1,5.23068,-1.29329,-1.62777,-0.17581,-1.79418,-6.91421
6657,1,-0.1,1,1,5.22445,-0.93026,-1.60434,-0.167444,-1.0113,-1.6355
6658,1,-0.1,1,1,5.21803,-1.94779,-1.64695,-0.159134,0.625891,-0.733154
6659,1,-0.1,1,1,5.20863,-1.43466,-1.64482,-0.150746,1.7002,0.15791
6660,1,-0.1,1,1,5.20192,-1.58999,-1.61606,-0.142335,2.4404,1.50015
6661,1,-0.1,1,1,5.19425,-1.58301,-1.54575,-0.134423,2.57453,2.504
6662,1,-0.1,1,1,5.18773,-1.54462,-1.43922,-0.127034,2.16782,2.504
6663,1,-0.1,1,1,5.17939,-1.34565,-1.36891,-0.120081,2.1731,1.9626
6664,1,-0.1,1,1,5.1744,-1.16937,-1.26877,-0.113461,1.74808,2.24458
6665,1,-0.1,1,1,5.16721,-1.34739,-1.15265,-0.107362,1.0439,1.88364
6666,1,-0.1,1,1,5.16232,-1.10305,-1.12495,-0.101712,1.42639,1.12793
6667,1,-0.1,1,1,5.15628,-0.909317,-1.05038,-0.0962565,1.17632,1.08281
6668,1,-0.1,1,1,5.15245,-0.933751,-1.00564,-0.0910468,1.28228,1.31968
6669,1,-0.1,1,1,5.14698,-0.958186,-0.922547,-0.086383,0.813615,0.902344
6670,1,-0.1,1,1,5.14277,-0.998328,-0.875674,-0.0819337,0.787215,0.766992
6671,1,-0.1,1,1,5.13816,-0.780162,-0.814952,-0.0772202,0.616708,0.766992
6672,1,-0.1,1,1,5.135,-0.781908,-0.767014,-0.0732583,0.512859,0.744434
6673,1,-0.1,1,1,5.13011,-0.76969,-0.744643,-0.0695291,0.709362,0.507568
6674,1,-0.1,1,1,5.12733,-0.684169,-0.710553,-0.0662493,0.69759,0.609082
6675,1,-0.1,1,1,5.1233,-0.706858,-0.679659,-0.0624947,0.787501,0.631641
6676,1,-0.1,1,1,5.12072,-0.626573,-0.59337,-0.0593535,0.0771838,0.575244
6677,1,-0.1,1,1,5.1164,-0.696386,-0.578456,-0.0564039,0.267127,0.259424
6678,1,-0.1,1,1,5.11448,-0.462512,-0.558216,-0.0535474,0.377779,0.360938
6679,1,-0.1,1,1,5.11113,-0.607375,-0.511343,-0.0509044,0.11304,0.135352
6680,1,-0.1,1,1,5.10892,-0.506145,-0.481514,-0.0484833,0.0386847,0.0112793
6681,1,-0.1,1,1,5.10614,-0.488692,-0.472992,-0.0461244,0.23407,-0.0112793
6682,1,-0.1,1,1,5.10432,-0.432842,-0.414401,-0.0439366,-0.244156,0
6683,1,-0.1,1,1,5.10183,-0.39968,-0.386703,-0.0419198,-0.344399,-0.0225586
6684,1,-0.1,1,1,5.1002,-0.39619,-0.377115,-0.0400154,-0.224471,-0.0676758
6685,1,-0.1,1,1,5.09799,-0.315905,-0.352613,-0.0381789,-0.306639,-0.0676758
6686,1,-0.1,1,1,5.09665,-0.338594,-0.331307,-0.0364903,-0.36743,-0.0789551
6687,1,-0.1,1,1,5.09483,-0.293215,-0.330242,-0.0349305,-0.183263,-0.383496
6688,1,-0.1,1,1,5.09358,-0.324631,-0.286565,-0.0335007,-0.570213,-0.394775
6689,1,-0.1,1,1,5.09167,-0.287979,-0.264194,-0.0321352,-0.688791,-0.597803
6690,1,-0.1,1,1,5.09061,-0.261799,-0.291891,-0.0307341,-0.150631,-0.541406
6691,1,-0.1,1,1,5.08936,-0.216421,-0.264194,-0.0293732,-0.336564,-0.406055
6692,1,-0.1,1,1,5.08821,-0.258309,-0.257802,-0.0280881,-0.255741,-0.417334
6693,1,-0.1,1,1,5.08697,-0.18675,-0.230104,-0.026847,-0.45688,-0.439893
6694,1,-0.1,1,1,5.08611,-0.202458,-0.232235,-0.0257023,-0.283946,-0.360938
6695,1,-0.1,1,1,5.08467,-0.207694,-0.201341,-0.0246187,-0.54827,-0.47373
6696,1,-0.1,1,1,5.0839,-0.188496,-0.207733,-0.0235798,-0.333457,-0.552686
6697,1,-0.1,1,1,5.08275,-0.158825,-0.1811,-0.0225584,-0.549275,-0.349658
6698,1,-0.1,1,1,5.08189,-0.244346,-0.184296,-0.0216286,-0.390593,-0.451172
6699,1,-0.1,1,1,5.08083,-0.136136,-0.172578,-0.020702,-0.425375,-0.518848
6700,1,-0.1,1,1,5.08026,-0.136136,-0.172578,-0.0197828,-0.30815,-0.281982
6701,1,-0.1,1,1,5.0792,-0.178024,-0.143815,-0.0189934,-0.582542,-0.394775
6702,1,-0.1,1,1,5.07853,-0.150098,-0.176839,-0.0181799,-0.0507372,-0.3271
6703,1,-0.1,1,1,5.07767,-0.132645,-0.14275,-0.0174392,-0.400379,-0.507568
6704,1,-0.1,1,1,5.077,-0.153589,-0.116117,-0.0168013,-0.667823,-0.530127
6705,1,-0.1,1,1,5.07613,-0.1309,-0.0990726,-0.0162058,-0.816445,-0.541406
6706,1,-0.1,1,1,5.07565,-0.1309,-0.103334,-0.015645,-0.693203,-0.699316
6707,1,-0.1,1,1,5.07498,-0.127409,-0.109726,-0.0150925,-0.543002,-0.541406
6708,1,-0.1,1,1,5.07441,-0.137881,-0.113987,-0.0145971,-0.42844,-0.631641
6709,1,-0.1,1,1,5.07393,-0.0488692,-0.078832,-0.0140493,-0.817338,-0.654199
6710,1,-0.1,1,1,5.07364,-0.0785398,-0.100138,-0.0136029,-0.487858,-0.665479
6711,1,-0.1,1,1,5.07297,-0.0261799,-0.0841585,-0.0132,-0.648261,-0.699316
6712,1,-0.1,1,1,5.07268,-0.0942478,-0.0745708,-0.0127987,-0.725666,-0.665479
6713,1,-0.1,1,1,5.0723,-0.0506145,-0.0937461,-0.0124008,-0.429671,-0.620361
6714,1,-0.1,1,1,5.07211,-0.0855211,-0.0521996,-0.0120996,-0.936146,-0.755713
6715,1,-0.1,1,1,5.07172,-0.0488692,-0.0511343,-0.0117569,-0.910783,-0.80083
6716,1,-0.1,1,1,5.07163,-0.0261799,-0.0521996,-0.011515,-0.872438,-0.857227
6717,1,-0.1,1,1,5.07124,-0.0296706,-0.0340895,-0.011275,-1.08307,-0.879785
6718,1,-0.1,1,1,5.07105,-0.0453786,-0.0649831,-0.0110268,-0.656046,-0.992578
6719,1,-0.1,1,1,5.07096,0.0279253,-0.0330242,-0.0108086,-1.04889,-0.823389
6720,1,-0.1,1,1,5.07067,-0.106465,-0.0234365,-0.0105906,-1.15133,-0.879785
6721,1,-0.1,1,1,5.07057,-0.0523599,-0.0436772,-0.010421,-0.873747,-0.812109
6722,1,-0.1,1,1,5.07038,-0.0436332,-0.0330242,-0.0102122,-0.991158,-0.902344
6723,1,-0.1,1,1,5.07029,-0.0471239,-0.0213059,-0.0100209,-1.12449,-0.879785
6724,1,-0.1,1,1,5.07009,-0.0383972,-0.01811,-0.00987406,-1.1482,-1.07153
6725,1,-0.1,1,1,5.0699,-0.0383972,-0.0255671,-0.00971081,-1.03003,-0.902344
6726,1,-0.1,1,1,5.06981,-0.0383972,-0.0276977,-0.00954324,-0.980551,-1.10537
6727,1,-0.1,1,1,5.06971,-0.0139626,-0.0223712,-0.00945899,-1.03884,-1.01514
6728,1,-0.1,1,1,5.06942,-0.0575959,-0.0191753,-0.00931165,-1.06123,-1.00386
6729,1,-0.1,1,1,5.06933,-0.0349066,-0.0308936,-0.00915282,-0.88825,-0.947461
6730,1,-0.1,1,1,5.06933,-0.00872665,-0.0202406,-0.00903145,-1.01096,-0.936182
6731,1,-0.1,1,1,5.06904,-0.0418879,-0.00426119,-0.00892424,-1.20476,-1.01514
6732,1,-0.1,1,1,5.06894,-0.0488692,-0.0191753,-0.00882013,-0.997337,-1.17305
6733,1,-0.1,1,1,5.06885,-0.00174533,-0.0298283,-0.00870482,-0.843859,-1.16177
6734,1,-0.1,1,1,5.06875,0.00523599,-0.0223712,-0.00861255,-0.928805,-1.04897
6735,1,-0.1,1,1,5.06856,-0.0244346,-0.0245018,-0.00850222,-0.886764,-0.947461
6736,1,-0.1,1,1,5.06846,-0.0453786,-0.010653,-0.00840327,-1.05394,-1.0377
6737,1,-0.1,1,1,5.06827,-0.0418879,-0.0223712,-0.00832237,-0.891082,-1.12793
6738,1,-0.1,1,1,5.06818,0,-0.00958767,-0.00825707,-1.04878,-1.09409
6739,1,-0.1,1,1,5.06798,-0.0383972,-0.0308936,-0.00819514,-0.763752,-1.11665
6740,1,-0.1,1,1,5.06789,0,-0.0340895,-0.00807653,-0.706786,-0.936182
6741,1,-0.1,1,1,5.06789,0,-0.028763,-0.00798519,-0.764156,-0.992578
6742,1,-0.1,1,1,5.06779,0,-0.0170448,-0.00791414,-0.907256,-0.891064
6743,1,-0.1,1,1,5.0677,-0.00174533,-0.0170448,-0.00780449,-0.893002,-0.834668
6744,1,-0.1,1,1,5.0677,0,-0.0255671,-0.00775572,-0.775871,-0.924902
6745,1,-0.1,1,1,5.06751,0,-0.0149142,-0.00770958,-0.908361,-1.04897
6746,1,-0.1,1,1,5.06751,-0.0174533,-0.0351548,-0.00761245,-0.632607,-0.95874
6747,1,-0.1,1,1,5.06751,0,-0.0117183,-0.00757994,-0.933054,-0.845947
6748,1,-0.1,1,1,5.06712,-0.1309,-0.0308936,-0.00749524,-0.672764,-1.0377
6749,1,-0.1,1,1,5.06731,0.0331613,-0.0138489,-0.00739844,-0.881761,-0.789551
6750,1,-0.1,1,1,5.06722,-0.0296706,-0.010653,-0.00731726,-0.912756,-0.879785
6751,1,-0.1,1,1,5.06712,-0.00872665,-0.0138489,-0.0072318,-0.860099,-0.631641
6752,1,-0.1,1,1,5.06712,-0.0523599,-0.00426119,-0.00713506,-0.972163,-0.688037
6753,1,-0.1,1,1,5.06693,-0.0471239,0.0010653,-0.00706241,-1.03196,-0.789551
6754,1,-0.1,1,1,5.06693,-0.0383972,-0.00958767,-0.00702267,-0.888308,-1.0377
6755,1,-0.1,1,1,5.06683,0,-0.0127836,-0.00699202,-0.842777,-0.891064
6756,1,-0.1,1,1,5.06674,-0.0331613,-0.01811,-0.00690622,-0.762378,-0.834668
6757,1,-0.1,1,1,5.06674,-0.00698132,0.00426119,-0.00684506,-1.04525,-0.834668
6758,1,-0.1,1,1,5.06664,0,-0.0255671,-0.00675118,-0.645281,-0.97002
6759,1,-0.1,1,1,5.06664,0.00698132,-0.01811,-0.00668026,-0.733003,-0.80083
6760,1,-0.1,1,1,5.06655,-0.0261799,-0.0138489,-0.00669432,-0.790226,-0.755713
6761,1,-0.1,1,1,5.06636,0,8.47998e-19,-0.00669215,-0.969979,-0.913623
6762,1,-0.1,1,1,5.06636,-0.0349066,-0.0127836,-0.00662844,-0.795511,-0.879785
6763,1,-0.1,1,1,5.06636,0,-0.00426119,-0.00661947,-0.905136,-0.981299
6764,1,-0.1,1,1,5.06616,0,-0.0159795,-0.00654583,-0.743225,-0.699316
6765,1,-0.1,1,1,5.06616,-0.0331613,0.00745708,-0.00656133,-1.04991,-0.913623
6766,1,-0.1,1,1,5.06607,-0.0418879,0.00745708,-0.00649635,-1.04147,-0.913623
6767,1,-0.1,1,1,5.06607,-0.0558505,-0.0149142,-0.00646111,-0.746061,-0.699316
6768,1,-0.1,1,1,5.06597,-0.0436332,-0.00213059,-0.00641202,-0.905865,-0.868506
6769,1,-0.1,1,1,5.06597,0,0.0170448,-0.0063593,-1.14829,-0.597803
6770,1,-0.1,1,1,5.06588,-0.0471239,-0.0138489,-0.00628332,-0.736796,-0.823389
6771,1,-0.1,1,1,5.06588,0,-0.00639178,-0.00624338,-0.828546,-0.552686
6772,1,-0.1,1,1,5.06578,-0.0593412,-0.00319589,-0.00622287,-0.867426,-0.80083
6773,1,-0.1,1,1,5.06578,0,0.0010653,-0.00620978,-0.921121,-0.676758
6774,1,-0.1,1,1,5.06568,-0.0191986,-0.0191753,-0.00614853,-0.650029,-0.710596
6775,1,-0.1,1,1,5.06578,-0.00174533,-0.0255671,-0.00612601,-0.564009,-0.845947
6776,1,-0.1,1,1,5.06568,0,-0.00532648,-0.00609244,-0.822772,-0.755713
6777,1,-0.1,1,1,5.06568,0,-0.00852238,-0.0060681,-0.778062,-0.834668
6778,1,-0.1,1,1,5.06568,0,-0.01811,-0.0060503,-0.651109,-0.936182
6779,1,-0.1,1,1,5.06568,0.0331613,0.00958767,-0.00598971,-1.0033,-0.823389
6780,1,-0.1,1,1,5.06559,-0.00872665,-0.010653,-0.00596421,-0.736859,-0.778271
6781,1,-0.1,1,1,5.06559,-0.00872665,-0.00532648,-0.00593405,-0.802182,-0.891064
6782,1,-0.1,1,1,5.06559,0,0.00745708,-0.00589748,-0.963615,-0.845947
6783,1,-0.1,1,1,5.06549,-0.0314159,0.0223712,-0.00591618,-1.15993,-0.721875
6784,1,-0.1,1,1,5.06549,-0.0331613,-0.00745708,-0.00589093,-0.768879,-1.00386
6785,1,-0.1,1,1,5.06549,0,-0.0191753,-0.00587149,-0.614014,-0.778271
6786,1,-0.1,1,1,5.06549,0.0191986,-0.00426119,-0.00583492,-0.803144,-0.755713
6787,1,-0.1,1,1,5.06549,-0.0174533,0.0127836,-0.00583141,-1.02427,-0.733154
6788,1,-0.1,1,1,5.0654,-0.0139626,0.0170448,-0.00585641,-1.08292,-0.97002
6789,1,-0.1,1,1,5.0654,-0.0139626,0.00532648,-0.00586822,-0.932114,-0.947461
6790,1,-0.1,1,1,5.0654,0,-0.00319589,-0.00584182,-0.817889,-0.879785
6791,1,-0.1,1,1,5.0654,0,-0.00213059,-0.00581374,-0.828089,-0.845947
6792,1,-0.1,1,1,5.0654,0.010472,-0.01811,-0.005795,-0.617919,-0.857227
6793,1,-0.1,1,1,5.0654,0.015708,0.00852238,-0.00578691,-0.963089,-0.812109
6794,1,-0.1,1,1,5.0653,-0.0261799,0.0202406,-0.00574601,-1.11011,-0.766992
6795,1,-0.1,1,1,5.0653,-0.0785398,-0.0159795,-0.00570874,-0.634404,-0.755713
6796,1,-0.1,1,1,5.0654,0.015708,-0.00213059,-0.00570611,-0.814097,-0.733154
6797,1,-0.1,1,1,5.0653,0.00174533,-0.00958767,-0.00568443,-0.714336,-0.834668
6798,1,-0.1,1,1,5.0653,-0.0261799,0.00426119,-0.00572223,-0.899286,-0.992578
6799,1,-0.1,1,1,5.0653,0,2.60922e-19,-0.00573076,-0.844998,-0.924902
6800,1,-0.1,1,1,5.0653,0.0279253,0.00852238,-0.00570714,-0.952719,-0.733154
6801,1,-0.1,1,1,5.0652,-0.0174533,0.0330242,-0.00571021,-1.27164,-0.744434
6802,1,-0.1,1,1,5.0652,-0.0261799,-0.0010653,-0.00575495,-0.834295,-1.12793
6803,1,-0.1,1,1,5.0652,0.0593412,0.00426119,-0.00578154,-0.906996,-0.902344
6804,1,-0.1,1,1,5.0652,0,-0.0127836,-0.00575495,-0.681957,-0.733154
6805,1,-0.1,1,1,5.0652,0,-0.00213059,-0.00574802,-0.819544,-0.857227
6806,1,-0.1,1,1,5.06511,-0.00872665,0.0117183,-0.00571264,-0.99498,-0.688037
6807,1,-0.1,1,1,5.06501,-0.0471239,-0.00745708,-0.005697,-0.743668,-0.733154
6808,1,-0.1,1,1,5.06511,0.010472,-0.00213059,-0.00568142,-0.810887,-0.665479
6809,1,-0.1,1,1,5.06501,0,-0.00319589,-0.00567966,-0.796809,-0.778271
6810,1,-0.1,1,1,5.06501,-0.0453786,-0.0202406,-0.0056387,-0.569902,-0.902344
6811,1,-0.1,1,1,5.06511,0,0.00319589,-0.0056763,-0.879466,-0.936182
6812,1,-0.1,1,1,5.06492,0,0.00213059,-0.00567813,-0.865854,-0.857227
6813,1,-0.1,1,1,5.06492,0,-0.00213059,-0.00566976,-0.809371,-0.845947
6814,1,-0.1,1,1,5.06492,-0.00349066,0.0245018,-0.00569011,-1.15824,-0.97002
6815,1,-0.1,1,1,5.06482,-0.0366519,0.0266324,-0.00573568,-1.19186,-0.845947
6816,1,-0.1,1,1,5.06492,0.0174533,-0.00852238,-0.00572722,-0.733747,-0.891064
6817,1,-0.1,1,1,5.06492,0.00872665,-0.00426119,-0.00574068,-0.790892,-0.879785
6818,1,-0.1,1,1,5.06492,-0.00872665,0.01811,-0.00574012,-1.08165,-0.733154
6819,1,-0.1,1,1,5.06482,-0.00349066,0.0010653,-0.00576437,-0.863217,-0.676758
6820,1,-0.1,1,1,5.06482,-0.020944,-0.00213059,-0.00574107,-0.818641,-0.981299
6821,1,-0.1,1,1,5.06492,0,0.00745708,-0.00573899,-0.94301,-0.834668
6822,1,-0.1,1,1,5.06482,0,-0.0010653,-0.00570809,-0.828203,-0.812109
6823,1,-0.1,1,1,5.06482,-0.00523599,0.010653,-0.00573106,-0.983526,-0.913623
6824,1,-0.1,1,1,5.06482,-0.00523599,-0.0276977,-0.00567662,-0.47789,-0.936182
6825,1,-0.1,1,1,5.06492,0.0191986,-0.00532648,-0.00562057,-0.761429,-0.609082
6826,1,-0.1,1,1,5.06492,-0.0174533,0.00958767,-0.00558497,-0.950686,-0.575244
6827,1,-0.1,1,1,5.06482,-0.0296706,0.00639178,-0.00554178,-0.903524,-0.733154
6828,1,-0.1,1,1,5.06492,0.0226893,0.00213059,-0.00554005,-0.847904,-0.834668
6829,1,-0.1,1,1,5.06482,-0.0174533,-0.0308936,-0.005507,-0.414294,-1.00386
6830,1,-0.1,1,1,5.06492,0.0523599,-0.00745708,-0.00552494,-0.7213,-0.891064
6831,1,-0.1,1,1,5.06482,0.0244346,0.0010653,-0.00547178,-0.82518,-0.845947
6832,1,-0.1,1,1,5.06482,0.00174533,-0.0117183,-0.00547813,-0.659819,-0.676758
6833,1,-0.1,1,1,5.06482,0.0366519,0.0010653,-0.00549255,-0.827881,-0.755713
6834,1,-0.1,1,1,5.06473,-0.0174533,0.0159795,-0.00553817,-1.02769,-0.80083
6835,1,-0.1,1,1,5.06473,-0.00349066,0.0159795,-0.00552177,-1.02556,-0.710596
6836,1,-0.1,1,1,5.06473,0,-0.00426119,-0.00553699,-0.764413,-0.733154
6837,1,-0.1,1,1,5.06473,0,-0.010653,-0.0055515,-0.683207,-0.710596
6838,1,-0.1,1,1,5.06473,0,0.00745708,-0.00560112,-0.925087,-0.95874
6839,1,-0.1,1,1,5.06473,0,0.00426119,-0.00562087,-0.886108,-0.857227
6840,1,-0.1,1,1,5.06473,0,-0.0010653,-0.00564728,-0.820298,-0.936182
6841,1,-0.1,1,1,5.06473,0,-0.00958767,-0.00566133,-0.711333,-0.710596
6842,1,-0.1,1,1,5.06473,0,-0.0127836,-0.0056371,-0.666637,-0.620361
6843,1,-0.1,1,1,5.06473,0,-0.00852238,-0.0056056,-0.717938,-0.676758
6844,1,-0.1,1,1,5.06473,0.00872665,-0.0149142,-0.00557365,-0.630691,-0.710596
6845,1,-0.1,1,1,5.06473,0.0139626,-0.00852238,-0.00559857,-0.717023,-0.857227
6846,1,-0.1,1,1,5.06463,-0.0139626,0.00958767,-0.00560067,-0.952727,-0.902344
6847,1,-0.1,1,1,5.06463,-0.0244346,0.0010653,-0.00556962,-0.8379,-0.755713
6848,1,-0.1,1,1,5.06473,0.0122173,0.00958767,-0.00553115,-0.943689,-0.699316
6849,1,-0.1,1,1,5.06463,-0.00872665,-0.0010653,-0.00548034,-0.798595,-0.857227
6850,1,-0.1,1,1,5.06473,0.0349066,-0.00213059,-0.00546189,-0.782348,-0.755713
6851,1,-0.1,1,1,5.06463,0.00698132,-0.00319589,-0.0054761,-0.770347,-0.812109
6852,1,-0.1,1,1,5.06463,-0.0366519,0.00319589,-0.00553789,-0.861472,-0.97002
6853,1,-0.1,1,1,5.06463,0.00872665,0.00852238,-0.00551621,-0.927899,-0.823389
6854,1,-0.1,1,1,5.06463,0,0.00319589,-0.00549176,-0.855475,-0.789551
6855,1,-0.1,1,1,5.06463,-0.00523599,0.0223712,-0.0055277,-1.10943,-0.947461
6856,1,-0.1,1,1,5.06463,0.0366519,-6.52306e-20,-0.00551422,-0.816849,-0.879785
6857,1,-0.1,1,1,5.06463,0,0.00852238,-0.00553583,-0.930448,-0.902344
6858,1,-0.1,1,1,5.06463,0,0.00958767,-0.00552848,-0.943342,-1.00386
6859,1,-0.1,1,1,5.06463,-0.0261799,-0.0117183,-0.00555512,-0.669828,-0.97002
6860,1,-0.1,1,1,5.06463,0.0139626,-0.0234365,-0.00553183,-0.514463,-0.913623
6861,1,-0.1,1,1,5.06463,0.0296706,0.00745708,-0.00552658,-0.915397,-0.857227
6862,1,-0.1,1,1,5.06463,0,-0.0117183,-0.00549522,-0.662042,-0.766992
6863,1,-0.1,1,1,5.06463,0,0.00532648,-0.00552589,-0.88761,-0.902344
6864,1,-0.1,1,1,5.06453,0,0.010653,-0.00555164,-0.960202,-0.868506
6865,1,-0.1,1,1,5.06453,0,3.91384e-19,-0.00554725,-0.821142,-0.924902
6866,1,-0.1,1,1,5.06463,0.00872665,-0.00319589,-0.0055448,-0.779277,-0.812109
6867,1,-0.1,1,1,5.06453,0,-0.00958767,-0.00558416,-0.701302,-0.845947
6868,1,-0.1,1,1,5.06453,-0.00349066,-0.00745708,-0.00557573,-0.727903,-0.823389
6869,1,-0.1,1,1,5.06453,0,-0.00319589,-0.00553729,-0.778302,-0.676758
6870,1,-0.1,1,1,5.06453,-0.0191986,0.0191753,-0.00548147,-1.06187,-0.721875
6871,1,-0.1,1,1,5.06453,-0.0750492,0.010653,-0.00548519,-0.951564,-0.80083
6872,1,-0.1,1,1,5.06453,0.0226893,0.00639178,-0.00553799,-0.903032,-0.95874
6873,1,-0.1,1,1,5.06444,0,-0.0127836,-0.00553573,-0.653459,-0.97002
6874,1,-0.1,1,1,5.06453,0.0366519,-0.00426119,-0.0055337,-0.763985,-0.654199
6875,1,-0.1,1,1,5.06453,0,0.00639178,-0.00551622,-0.900202,-0.823389
6876,1,-0.1,1,1,5.06453,-0.00349066,-0.0159795,-0.00550648,-0.60811,-0.879785
6877,1,-0.1,1,1,5.06453,0,-0.0213059,-0.00545036,-0.53157,-0.710596
6878,1,-0.1,1,1,5.06453,-0.0139626,0.00852238,-0.00548025,-0.923223,-0.857227
6879,1,-0.1,1,1,5.06453,0,0.0127836,-0.0054649,-0.976623,-0.845947
6880,1,-0.1,1,1,5.06453,0,-0.0234365,-0.00546927,-0.50633,-0.913623
6881,1,-0.1,1,1,5.06453,0.0349066,-0.00745708,-0.00546292,-0.713238,-0.755713
6882,1,-0.1,1,1,5.06444,-0.0226893,0.00958767,-0.00548202,-0.937302,-0.721875
6883,1,-0.1,1,1,5.06444,0,0.00213059,-0.00549789,-0.842424,-0.924902
6884,1,-0.1,1,1,5.06444,0,0.01811,-0.00554033,-1.05567,-0.902344
6885,1,-0.1,1,1,5.06444,-0.00872665,-0.0117183,-0.00552444,-0.66584,-0.631641
6886,1,-0.1,1,1,5.06453,-0.00872665,-0.00319589,-0.00550865,-0.774578,-0.699316
6887,1,-0.1,1,1,5.06453,0,0.00213059,-0.00554088,-0.848012,-0.766992
6888,1,-0.1,1,1,5.06453,0,-0.0319589,-0.00556732,-0.408286,-0.688037
6889,1,-0.1,1,1,5.06453,0.0453786,-0.00958767,-0.00555761,-0.69785,-0.913623
6890,1,-0.1,1,1,5.06444,-0.0174533,-0.0117183,-0.0055153,-0.664651,-0.80083
6891,1,-0.1,1,1,5.06453,-0.00349066,-0.00532648,-0.00550406,-0.746284,-0.744434
6892,1,-0.1,1,1,5.06453,0.0349066,-0.00639178,-0.00547439,-0.728578,-0.563965
6893,1,-0.1,1,1,5.06453,0,-0.010653,-0.0054461,-0.669504,-0.778271
6894,1,-0.1,1,1,5.06453,0.0296706,0.0010653,-0.00546574,-0.824395,-0.631641
6895,1,-0.1,1,1,5.06444,0.0331613,0.00426119,-0.00546079,-0.865298,-0.755713
6896,1,-0.1,1,1,5.06453,0,0.0117183,-0.00547888,-0.964592,-0.688037
6897,1,-0.1,1,1,5.06434,0,0.00426119,-0.00550139,-0.870576,-0.823389
6898,1,-0.1,1,1,5.06444,-0.0174533,-0.00213059,-0.00548888,-0.785857,-0.778271
6899,1,-0.1,1,1,5.06444,-0.020944,0.01811,-0.00553129,-1.0545,-0.879785
6900,1,-0.1,1,1,5.06444,0,0.00213059,-0.00553568,-0.847336,-0.891064
6901,1,-0.1,1,1,5.06444,0,0.010653,-0.00553215,-0.957668,-0.868506
6902,1,-0.1,1,1,5.06444,0,0.00532648,-0.00554093,-0.889565,-0.834668
6903,1,-0.1,1,1,5.06444,0,-0.00639178,-0.00554455,-0.737699,-0.823389
6904,1,-0.1,1,1,5.06444,0,-0.010653,-0.00557442,-0.686186,-0.981299
6905,1,-0.1,1,1,5.06444,0.00872665,0.00213059,-0.00556458,-0.851093,-0.834668
6906,1,-0.1,1,1,5.06434,-0.0279253,0.00426119,-0.00559503,-0.88275,-1.12793
6907,1,-0.1,1,1,5.06434,0,-0.01811,-0.00561122,-0.594028,-0.981299
6908,1,-0.1,1,1,5.06434,0,-0.0223712,-0.00561487,-0.539107,-0.981299
6909,1,-0.1,1,1,5.06434,0.0418879,-0.00213059,-0.00563122,-0.804361,-0.891064
6910,1,-0.1,1,1,5.06434,0,0.00852238,-0.00558576,-0.936939,-0.688037
6911,1,-0.1,1,1,5.06425,-0.0488692,-0.00852238,-0.00561665,-0.719374,-1.00386
6912,1,-0.1,1,1,5.06434,0.0383972,0.0138489,-0.00560352,-1.00849,-0.834668
6913,1,-0.1,1,1,5.06425,0,9.13229e-19,-0.00554449,-0.820783,-0.620361
6914,1,-0.1,1,1,5.06444,0.010472,-0.0010653,-0.00552311,-0.804156,-0.721875
6915,1,-0.1,1,1,5.06434,0,0.00958767,-0.00552727,-0.943184,-0.902344
6916,1,-0.1,1,1,5.06434,0,0.0127836,-0.00555242,-0.988001,-0.789551
6917,1,-0.1,1,1,5.06425,-0.010472,-0.00532648,-0.00551993,-0.748346,-0.924902
6918,1,-0.1,1,1,5.06434,0.0139626,-0.0149142,-0.00546242,-0.616231,-0.778271
6919,1,-0.1,1,1,5.06434,0,-0.0298283,-0.00544936,-0.420649,-0.778271
6920,1,-0.1,1,1,5.06434,0,-0.00319589,-0.00545299,-0.767342,-0.586523
6921,1,-0.1,1,1,5.06434,0,-0.00426119,-0.00546801,-0.755446,-0.868506
6922,1,-0.1,1,1,5.06434,0,0.0191753,-0.00548607,-1.06247,-0.812109
6923,1,-0.1,1,1,5.06425,-0.0296706,-0.00745708,-0.00552027,-0.720693,-0.981299
6924,1,-0.1,1,1,5.06434,0.0279253,0.00426119,-0.00551425,-0.872248,-0.868506
6925,1,-0.1,1,1,5.06425,0,-0.00532648,-0.00551352,-0.747514,-0.981299
6926,1,-0.1,1,1,5.06425,0,0.0010653,-0.00548614,-0.827047,-0.721875
6927,1,-0.1,1,1,5.06425,0,0.0159795,-0.00549807,-1.02248,-0.845947
6928,1,-0.1,1,1,5.06425,0,-0.00852238,-0.00550144,-0.704397,-0.913623
6929,1,-0.1,1,1,5.06425,0.0174533,0.0138489,-0.00554568,-1.00097,-0.879785
6930,1,-0.1,1,1,5.06425,-0.00523599,-0.0191753,-0.00554495,-0.571564,-0.609082
6931,1,-0.1,1,1,5.06425,0.0471239,-0.00745708,-0.00551289,-0.719733,-0.688037
6932,1,-0.1,1,1,5.06434,-0.0453786,-0.00532648,-0.00551557,-0.74778,-0.812109
6933,1,-0.1,1,1,5.06434,0.0122173,0.00319589,-0.0055551,-0.86371,-0.913623
6934,1,-0.1,1,1,5.06425,0,-0.0127836,-0.00556691,-0.657512,-0.902344
6935,1,-0.1,1,1,5.06425,0.0261799,-0.010653,-0.0055876,-0.6879,-0.868506
6936,1,-0.1,1,1,5.06425,-0.0174533,5.87076e-19,-0.00562457,-0.831195,-0.879785
6937,1,-0.1,1,1,5.06425,0,-0.0149142,-0.00563924,-0.639217,-0.95874
6938,1,-0.1,1,1,5.06425,0,-0.0191753,-0.00562863,-0.582442,-0.879785
6939,1,-0.1,1,1,5.06425,0,0.0127836,-0.00564561,-1.00012,-0.755713
6940,1,-0.1,1,1,5.06425,0,0.0010653,-0.0056574,-0.849311,-0.845947
6941,1,-0.1,1,1,5.06425,0,-0.0213059,-0.00566721,-0.55976,-0.879785
6942,1,-0.1,1,1,5.06425,0,0.0266324,-0.00569566,-1.18666,-0.586523
6943,1,-0.1,1,1,5.06405,-0.0314159,0.00532648,-0.00569365,-0.909419,-0.891064
6944,1,-0.1,1,1,5.06415,0,0.00532648,-0.00573339,-0.914585,-0.924902
6945,1,-0.1,1,1,5.06415,0.00349066,0.00958767,-0.00577151,-0.974936,-0.981299
6946,1,-0.1,1,1,5.06415,0,0.00745708,-0.00576701,-0.946654,-0.924902
6947,1,-0.1,1,1,5.06415,-0.0226893,-0.0010653,-0.00576974,-0.836217,-0.947461
6948,1,-0.1,1,1,5.06415,0.0314159,-0.00426119,-0.00577175,-0.794932,-0.845947
6949,1,-0.1,1,1,5.06415,0,0.00213059,-0.00579079,-0.880501,-0.95874
6950,1,0,1,1,5.06405,-0.015708,-0.010653,0.0945406,12.3849,-1.06025
6951,1,0,1,1,5.07278,1.60221,0.0404813,0.0944578,11.803,9.57612
6952,1,0,1,1,5.07287,-0.176278,0.478318,0.093363,6.01905,10.8056
6953,1,0,1,1,5.07431,-0.202458,0.761687,0.089889,1.88363,5.04185
6954,1,0,1,1,5.07479,0.518363,0.801103,0.0860401,0.870875,2.52656
6955,1,0,1,1,5.07968,0.58294,0.809626,0.0819193,0.223635,0.97002
6956,1,0,1,1,5.0816,0.546288,0.94918,0.0774286,-2.18134,0.214307
6957,1,0,1,1,5.08697,0.76969,0.805364,0.0731436,-0.880898,-0.451172
6958,1,0,1,1,5.08965,0.666716,0.785124,0.0693256,-1.11898,-0.462451
6959,1,0,1,1,5.09416,0.581195,0.739316,0.0653416,-1.05354,-1.48887
6960,1,0,1,1,5.09646,0.74351,0.730794,0.0615848,-1.44202,-1.42119
6961,1,0,1,1,5.10068,0.616101,0.623199,0.0582659,-0.482406,-0.924902
6962,1,0,1,1,5.10365,0.760964,0.617872,0.0551794,-0.819089,-0.563965
6963,1,0,1,1,5.10662,0.431096,0.59124,0.0521752,-0.869803,-0.845947
6964,1,0,1,1,5.10892,0.633555,0.544367,0.0493936,-0.62702,-0.744434
6965,1,0,1,1,5.11218,0.39968,0.474057,0.0468483,-0.0476488,-0.406055
6966,1,0,1,1,5.1141,0.514872,0.481514,0.0443398,-0.474586,-0.462451
6967,1,0,1,1,5.11678,0.467748,0.443164,0.0420438,-0.277685,-0.349658
6968,1,0,1,1,5.11851,0.375246,0.423988,0.0398727,-0.313242,-0.338379
6969,1,0,1,1,5.121,0.486947,0.387768,0.0379162,-0.0974275,-0.180469
6970,1,0,1,1,5.12282,0.364774,0.39629,0.0359721,-0.462687,-0.15791
6971,1,0,1,1,5.12474,0.392699,0.362201,0.0341385,-0.259713,-0.135352
6972,1,0,1,1,5.12618,0.315905,0.324916,0.0324985,0.0119819,-0.0451172
6973,1,0,1,1,5.12819,0.347321,0.300414,0.0309653,0.132027,0
6974,1,0,1,1,5.12934,0.272271,0.281238,0.0294277,0.180986,-0.0225586
6975,1,0,1,1,5.13107,0.307178,0.254606,0.0280778,0.353448,0.0225586
6976,1,0,1,1,5.13212,0.237365,0.230104,0.0268709,0.517996,0.101514
6977,1,0,1,1,5.13356,0.235619,0.21519,0.0256986,0.5624,0.191748
6978,1,0,1,1,5.13433,0.207694,0.202406,0.0246247,0.592701,0.293262
6979,1,0,1,1,5.13577,0.23911,0.19708,0.0236483,0.53973,0.48501
6980,1,0,1,1,5.13673,0.204204,0.173643,0.0227415,0.731354,0.586523
6981,1,0,1,1,5.13778,0.16057,0.174709,0.0218037,0.599406,0.439893
6982,1,0,1,1,5.13836,0.188496,0.19708,0.0208649,0.189805,0.417334
6983,1,0,1,1,5.13932,0.0942478,0.164056,0.0200009,0.509522,0.451172
6984,1,0,1,1,5.14008,0.202458,0.171513,0.0191709,0.307779,0.428613
6985,1,0,1,1,5.14075,0.106465,0.155533,0.0183527,0.411428,0.304541
6986,1,0,1,1,5.14152,0.211185,0.14488,0.0175913,0.453556,0.47373
6987,1,0,1,1,5.14219,0.123918,0.138489,0.0169184,0.452814,0.47373
6988,1,0,1,1,5.14286,0.141372,0.119313,0.0162545,0.618709,0.451172
6989,1,0,1,1,5.14353,0.169297,0.0980073,0.015627,0.817384,0.372217
6990,1,0,1,1,5.14401,0.0977384,0.127836,0.0150251,0.355106,0.518848
6991,1,0,1,1,5.14459,0.10472,0.107595,0.014475,0.550325,0.518848
6992,1,0,1,1,5.14516,0.129154,0.0798973,0.0139461,0.845038,0.47373
6993,1,0,1,1,5.14583,0.18675,0.0948114,0.0133874,0.582258,0.507568
6994,1,0,1,1,5.14612,0.0331613,0.0948114,0.0128165,0.509829,0.507568
6995,1,0,1,1,5.14679,0.18326,0.0916155,0.012376,0.497298,0.552686
6996,1,0,1,1,5.14718,0.0279253,0.10653,0.0118117,0.232139,0.451172
6997,1,0,1,1,5.14775,0.106465,0.105464,0.0113032,0.18137,0.349658
6998,1,0,1,1,5.14814,0.10472,0.110791,0.0108465,0.05476,0.394775
6999,1,0,1,1,5.14871,0.0174533,0.0884196,0.0103363,0.279351,0.248145
7000,1,0,1,1,5.149,0.106465,0.0756361,0.0098993,0.389974,0.248145
7001,1,0,1,1,5.14948,0.0733038,0.0852238,0.00947403,0.211376,0.259424
7002,1,0,1,1,5.14986,0.0890118,0.0447425,0.00914027,0.696033,0.349658
7003,1,0,1,1,5.15034,0.0959931,0.0820279,0.00878085,0.167005,0.394775
7004,1,0,1,1,5.15044,0.0261799,0.0564607,0.00841418,0.452675,0.31582
7005,1,0,1,1,5.15092,0.0977384,0.0436772,0.00814088,0.585586,0.451172
7006,1,0,1,1,5.15111,0.020944,0.0713749,0.00783556,0.188307,0.360938
7007,1,0,1,1,5.1514,0.0174533,0.0585913,0.007533,0.31674,0.304541
7008,1,0,1,1,5.15159,0.0541052,0.0543301,0.00727626,0.339621,0.338379
7009,1,0,1,1,5.15187,0.0401426,0.0490037,0.00705295,0.379836,0.721875
7010,1,0,1,1,5.15207,0.0122173,0.0426119,0.00685038,0.436595,0.496289
7011,1,0,1,1,5.15226,0.0558505,0.0319589,0.00664228,0.54803,0.3271
7012,1,0,1,1,5.15245,0.0593412,0.050069,0.00647179,0.290437,0.417334
7013,1,0,1,1,5.15264,0,0.0404813,0.00631834,0.395127,0.451172
7014,1,0,1,1,5.15293,0.0837758,0.0319589,0.00615945,0.485263,0.597803
7015,1,0,1,1,5.15302,0.0174533,0.0117183,0.0059912,0.726518,0.451172
7016,1,0,1,1,5.15312,0.0488692,0.0245018,0.00582318,0.538489,0.586523
7017,1,0,1,1,5.15331,0.0174533,0.0490037,0.00564134,0.196327,0.3271
7018,1,0,1,1,5.15341,0.0453786,0.0245018,0.00548963,0.495128,0.394775
7019,1,0,1,1,5.1536,0.0279253,0.0245018,0.00537658,0.480432,0.383496
7020,1,0,1,1,5.1537,0.0191986,0.0170448,0.00524703,0.560533,0.406055
7021,1,0,1,1,5.15389,0.0279253,0.0308936,0.00510016,0.361113,0.552686
7022,1,0,1,1,5.15379,-0.0244346,0.0127836,0.00497886,0.581065,0.541406
7023,1,0,1,1,5.15398,0.00523599,0.0170448,0.00490175,0.515646,0.338379
7024,1,0,1,1,5.15418,0.0558505,0.0170448,0.00480416,0.502959,0.406055
7025,1,0,1,1,5.15418,0.0471239,0.0149142,0.00472249,0.52004,0.620361
7026,1,0,1,1,5.15427,-0.00872665,0.0276977,0.00463429,0.342387,0.462451
7027,1,0,1,1,5.15437,0,0.0191753,0.00452273,0.438675,0.428613
7028,1,0,1,1,5.15446,0.0261799,0.0223712,0.00441812,0.38353,0.372217
7029,1,0,1,1,5.15456,0.020944,1.17415e-18,0.00433398,0.663417,0.48501
7030,1,0,1,1,5.15456,0,0.00319589,0.00429372,0.616637,0.507568
7031,1,0,1,1,5.15475,0,0.0202406,0.00415576,0.377121,0.394775
7032,1,0,1,1,5.15465,0,0.01811,0.00408684,0.395859,0.507568
7033,1,0,1,1,5.15475,0,0.00852238,0.00399093,0.50803,0.428613
7034,1,0,1,1,5.15475,0,0.00532648,0.00391519,0.539731,0.451172
7035,1,0,1,1,5.15485,0.0174533,0.00745708,0.00388118,0.507612,0.496289
7036,1,0,1,1,5.15485,0,0.0149142,0.00383292,0.404396,0.541406
7037,1,0,1,1,5.15494,0,0.0255671,0.00381081,0.263033,0.563965
7038,1,0,1,1,5.15494,0,0.0159795,0.00370724,0.374208,0.451172
7039,1,0,1,1,5.15494,0.0174533,0.0138489,0.00367072,0.397159,0.48501
7040,1,0,1,1,5.15504,0,0.00745708,0.00364317,0.47667,0.620361
7041,1,0,1,1,5.15504,0,0.0170448,0.00357405,0.343044,0.304541
7042,1,0,1,1,5.15504,0.0314159,-0.00745708,0.0035552,0.659118,0.451172
7043,1,0,1,1,5.15513,0.0191986,0.00745708,0.0035229,0.461035,0.721875
7044,1,0,1,1,5.15513,-0.0139626,-0.00213059,0.00347417,0.57934,0.507568
7045,1,0,1,1,5.15513,0,0.0117183,0.00340545,0.39037,0.180469
7046,1,0,1,1,5.15513,0.00872665,0.0127836,0.00337474,0.372529,0.439893
7047,1,0,1,1,5.15523,0,0.0213059,0.00336798,0.260861,0.654199
7048,1,0,1,1,5.15523,0,-2.54399e-18,0.00335033,0.535543,0.383496
7049,1,0,1,1,5.15533,0.00872665,-0.00426119,0.00335472,0.591509,0.733154
7050,1,0,1,1,5.15533,0,-0.00426119,0.00331046,0.585755,0.541406
7051,1,0,1,1,5.15533,0.0261799,0.010653,0.0032642,0.385858,0.281982
7052,1,0,1,1,5.15533,0.0261799,0.0202406,0.0032384,0.257864,0.665479
7053,1,0,1,1,5.15533,-0.00872665,0.00639178,0.0031813,0.430476,0.428613
7054,1,0,1,1,5.15533,0,0.0234365,0.003145,0.204176,0.541406
7055,1,0,1,1,5.15533,0,0.00639178,0.00310827,0.420981,0.586523
7056,1,0,1,1,5.15542,0,-0.01811,0.00310152,0.738628,0.530127
7057,1,0,1,1,5.15542,0.010472,1.56553e-18,0.00307407,0.499629,0.597803
7058,1,0,1,1,5.15542,0,-0.0170448,0.00306533,0.720075,0.518848
7059,1,0,1,1,5.15542,0.0279253,0.01811,0.00302832,0.258251,0.47373
7060,1,0,1,1,5.15542,-0.00698132,0.00852238,0.00298701,0.377521,0.248145
7061,1,0,1,1,5.15542,-0.0122173,-0.010653,0.00294747,0.62166,0.146631
7062,1,0,1,1,5.15542,0.0349066,-0.00852238,0.00292604,0.591176,0.47373
7063,1,0,1,1,5.15552,0.0244346,-0.00213059,0.00295145,0.511387,0.48501
7064,1,0,1,1,5.15552,0,3.26153e-19,0.00297297,0.486486,0.406055
7065,1,0,1,1,5.15552,-0.00872665,0.00319589,0.00300055,0.448525,0.406055
7066,1,0,1,1,5.15552,0.020944,0.0202406,0.00297287,0.223344,0.462451
7067,1,0,1,1,5.15552,-0.00174533,6.52306e-20,0.0029917,0.48892,0.586523
7068,1,0,1,1,5.15561,0,0.0149142,0.00299175,0.295044,0.609082
7069,1,0,1,1,5.15552,-0.00872665,0.00745708,0.00293886,0.385109,0.360938
7070,1,0,1,1,5.15552,0,0.00319589,0.0028872,0.433789,0.406055
7071,1,0,1,1,5.15552,0,0.0159795,0.00283372,0.26065,0.372217
7072,1,0,1,1,5.15552,0,0.00852238,0.00280393,0.35372,0.462451
7073,1,0,1,1,5.15552,0,0.00426119,0.00280965,0.409859,0.47373
7074,1,0,1,1,5.15561,0,0.00319589,0.00281611,0.424548,0.394775
7075,1,0,1,1,5.15561,0,0.0138489,0.00281026,0.285299,0.293262
7076,1,0,1,1,5.15561,0.0226893,0.00639178,0.00281843,0.383303,0.507568
7077,1,0,1,1,5.15561,0,0.00958767,0.0027586,0.333978,0.338379
7078,1,0,1,1,5.15561,0,0.00319589,0.00271537,0.411452,0.417334
7079,1,0,1,1,5.15561,0,-0.00639178,0.00268753,0.532416,0.47373
7080,1,0,1,1,5.15561,-0.0122173,0.00958767,0.00268716,0.32469,0.507568
7081,1,0,1,1,5.15561,-0.00349066,-0.00319589,0.00272031,0.495187,0.48501
7082,1,0,1,1,5.15571,0,0.00213059,0.00272959,0.427149,0.428613
7083,1,0,1,1,5.15561,0,0.00426119,0.00269515,0.394974,0.451172
7084,1,0,1,1,5.15561,0,-0.0127836,0.00270699,0.618095,0.496289
7085,1,0,1,1,5.15561,0,0.00532648,0.00265529,0.375943,0.225586
7086,1,0,1,1,5.15561,0.0279253,0.00852238,0.00263339,0.331549,0.338379
7087,1,0,1,1,5.15561,0,0.00958767,0.002626,0.31674,0.417334
7088,1,0,1,1,5.15561,0,0.00745708,0.0026003,0.341098,0.372217
7089,1,0,1,1,5.15561,0,0.0319589,0.00257523,0.019314,0.563965
7090,1,0,1,1,5.15561,-0.0174533,0.0202406,0.00253056,0.165845,0.439893
7091,1,0,1,1,5.15561,-0.015708,0.00958767,0.00248348,0.298213,0.372217
7092,1,0,1,1,5.15561,0.00349066,-0.01811,0.0024666,0.656089,0.281982
7093,1,0,1,1,5.15571,0.0122173,0.00852238,0.00240569,0.301948,0.417334
7094,1,0,1,1,5.15561,0,-0.0010653,0.0024102,0.427174,0.462451
7095,1,0,1,1,5.15561,0,1.30461e-18,0.0024209,0.414717,0.552686
7096,1,0,1,1,5.15561,0,0.00426119,0.00241834,0.358989,0.439893
7097,1,0,1,1,5.15561,-0.010472,-0.00319589,0.00239397,0.452762,0.394775
7098,1,0,1,1,5.15561,0,0.0010653,0.00240703,0.399065,0.349658
7099,1,0,1,1,5.15561,0,0.00958767,0.00240745,0.288329,0.428613
7100,1,0,1,1,5.15561,0,0.0117183,0.00236887,0.255496,0.31582
7101,1,0,1,1,5.15561,0,-0.0202406,0.00235799,0.669648,0.406055
7102,1,0,1,1,5.15561,-0.0261799,0.00958767,0.00235798,0.281898,0.417334
7103,1,0,1,1,5.15561,0,0.0117183,0.00234637,0.252691,0.338379
7104,1,0,1,1,5.15561,-0.00872665,-0.0117183,0.00232145,0.554127,0.259424
7105,1,0,1,1,5.15561,-0.00174533,0.010653,0.00227802,0.257654,0.191748
7106,1,0,1,1,5.15561,0.00872665,0.00745708,0.0022046,0.289656,0.0902344
7107,1,0,1,1,5.15561,0,0.0010653,0.00219203,0.371114,0.439893
7108,1,0,1,1,5.15561,-0.00872665,0.0138489,0.00217633,0.202888,0.293262
7109,1,0,1,1,5.15561,0,-0.00532648,0.00218696,0.453549,0.3271
7110,1,0,1,1,5.15561,0,0.00852238,0.00218039,0.272659,0.293262
7111,1,0,1,1,5.15561,0,-0.0191753,0.00222945,0.639108,0.293262
7112,1,0,1,1,5.15561,0.00872665,0.0117183,0.00220841,0.234756,0.349658
7113,1,0,1,1,5.15561,0,-0.00532648,0.00226493,0.463685,0.48501
7114,1,0,1,1,5.15571,0,0.0159795,0.00224826,0.184541,0.530127
7115,1,0,1,1,5.15561,-0.0279253,-9.78459e-19,0.00226089,0.393916,0.293262
7116,1,0,1,1,5.15571,0.0174533,-0.00426119,0.00225874,0.449032,0.417334
7117,1,0,1,1,5.15571,0.00872665,0.00958767,0.00223235,0.265566,0.383496
7118,1,0,1,1,5.15571,0,-0.010653,0.00220185,0.524729,0.225586
7119,1,0,1,1,5.15561,0,-0.010653,0.00214571,0.517431,0.191748
7120,1,0,1,1,5.15561,0.00174533,0.00532648,0.0021442,0.309502,0.338379
7121,1,0,1,1,5.15561,0,-0.00319589,0.00214752,0.420724,0.372217
7122,1,0,1,1,5.15561,0,-0.00426119,0.00210084,0.428504,0.31582
7123,1,0,1,1,5.15561,0,-1.30461e-19,0.00206861,0.368802,0.338379
7124,1,0,1,1,5.15561,-0.00349066,-0.0202406,0.00208207,0.633797,0.225586
7125,1,0,1,1,5.15561,0.015708,0.00426119,0.00205426,0.311659,0.281982
7126,1,0,1,1,5.15561,0,0.0127836,0.00206988,0.202899,0.270703
7127,1,0,1,1,5.15561,-0.00523599,0.00319589,0.0020638,0.326747,0.349658
7128,1,0,1,1,5.15561,0,-0.0202406,0.00208328,0.633954,0.372217
7129,1,0,1,1,5.15561,0,0.01811,0.00208944,0.136197,0.406055
7130,1,0,1,1,5.15561,0,0.0010653,0.00204476,0.35197,0.293262
7131,1,0,1,1,5.15561,0,0.0159795,0.00200473,0.152882,0.293262
7132,1,0,1,1,5.15561,0,0.0202406,0.00199201,0.0958329,0.281982
7133,1,0,1,1,5.15561,-0.0191986,0.00745708,0.00198009,0.26047,0.225586
7134,1,0,1,1,5.15561,0,-0.00319589,0.00196164,0.396559,0.270703
7135,1,0,1,1,5.15561,0,-0.00319589,0.00193324,0.392867,0.248145
7136,1,0,1,1,5.15561,0,0.00319589,0.00194014,0.310672,0.203027
7137,1,0,1,1,5.15561,0,0.00852238,0.00190327,0.236634,0.248145
7138,1,0,1,1,5.15561,0,-1.76123e-18,0.00186068,0.341888,0.180469
7139,1,0,1,1,5.15561,0,5.87076e-19,0.00185855,0.341612,0.338379
7140,1,0,1,1,5.15561,0,-0.0010653,0.00187323,0.357369,0.507568
7141,1,0,1,1,5.15561,0,-8.47998e-19,0.00183902,0.339072,0.293262
7142,1,0,1,1,5.15561,0,-0.00745708,0.00186735,0.439697,0.383496
7143,1,0,1,1,5.15561,0.0139626,-0.010653,0.00191714,0.487717,0.394775
7144,1,0,1,1,5.15561,0,-0.010653,0.00193174,0.489615,0.338379
7145,1,0,1,1,5.15561,0,0.00319589,0.00186723,0.301193,0.225586
7146,1,0,1,1,5.15561,0.00349066,-0.0170448,0.0019413,0.573951,0.428613
7147,1,0,1,1,5.15571,0,-0.00426119,0.00199017,0.414118,0.552686
7148,1,0,1,1,5.15571,0,-0.0170448,0.00196767,0.577379,0.360938
7149,1,0,1,1,5.15571,0.0139626,-0.00426119,0.0019247,0.405607,0.394775
7150,1,0,1,1,5.15561,0,0.00639178,0.00193846,0.268907,0.507568
7151,1,0,1,1,5.15561,0,0.00319589,0.00191883,0.307901,0.428613
7152,1,0,1,1,5.15561,-0.0191986,0.00958767,0.00189027,0.221095,0.270703
7153,1,0,1,1,5.15561,0,-0.00639178,0.00187277,0.426554,0.146631
7154,1,0,1,1,5.15561,0.00698132,-0.00532648,0.00188609,0.414436,0.530127
7155,1,0,1,1,5.15561,0,-0.00532648,0.00188944,0.414872,0.47373
7156,1,0,1,1,5.15561,0,0.0010653,0.00185601,0.327432,0.360938
7157,1,0,1,1,5.15561,0,0.0117183,0.00180734,0.182537,0.48501
7158,1,0,1,1,5.15561,-0.00523599,-0.00639178,0.00181047,0.418455,0.360938
7159,1,0,1,1,5.15561,0,-0.00639178,0.00180106,0.41723,0.15791
7160,1,0,1,1,5.15571,0.020944,-0.0117183,0.00179014,0.485055,0.349658
7161,1,0,1,1,5.15561,0,0.0170448,0.00181196,0.113973,0.406055
7162,1,0,1,1,5.15561,0,1.89169e-18,0.00184905,0.340376,0.191748
7163,1,0,1,1,5.15561,-0.0541052,-0.00532648,0.0018256,0.406572,0.338379
7164,1,0,1,1,5.15561,0.0174533,0.00745708,0.00182846,0.240758,0.338379
7165,1,0,1,1,5.15561,0,-0.00852238,0.00184446,0.45057,0.3271
7166,1,0,1,1,5.15571,0,-0.0127836,0.00187012,0.509302,0.47373
7167,1,0,1,1,5.15571,0.00872665,0.00745708,0.00187557,0.246883,0.383496
7168,1,0,1,1,5.15571,0,0.0010653,0.00185279,0.327014,0.360938
7169,1,0,1,1,5.15561,0.00872665,0.0159795,0.00186388,0.134571,0.47373
7170,1,0,1,1,5.15561,0,0.0308936,0.00188016,-0.057196,0.451172
7171,1,0,1,1,5.15561,-0.020944,-0.00852238,0.00187895,0.455055,0.338379
7172,1,0,1,1,5.15561,-0.0122173,-0.00532648,0.00184071,0.408537,0.203027
7173,1,0,1,1,5.15561,0,-0.0170448,0.00187693,0.565582,0.270703
7174,1,0,1,1,5.15561,0.015708,-0.0255671,0.00185056,0.672946,0.31582
7175,1,0,1,1,5.15571,0.0139626,-0.00426119,0.00184936,0.395813,0.3271
7176,1,0,1,1,5.15561,0,-0.00319589,0.00180884,0.376696,0.225586
7177,1,0,1,1,5.15561,0,0.0213059,0.00177253,0.0534518,0.236865
7178,1,0,1,1,5.15561,0,0.0245018,0.00175234,0.00928095,0.338379
7179,1,0,1,1,5.15561,0,-0.00745708,0.00172894,0.421705,0.236865
7180,1,0,1,1,5.15561,0,-0.00426119,0.00178157,0.386999,0.360938
7181,1,0,1,1,5.15561,0,-0.010653,0.00178725,0.470832,0.281982
7182,1,0,1,1,5.15561,0,-0.00745708,0.00180164,0.431155,0.372217
7183,1,0,1,1,5.15561,0,0.00639178,0.00179275,0.249964,0.304541
7184,1,0,1,1,5.15561,0.00872665,-0.010653,0.00181,0.473788,0.462451
7185,1,0,1,1,5.15561,0,-0.0117183,0.00178575,0.484485,0.293262
7186,1,0,1,1,5.15561,0,0.00639178,0.00179491,0.250245,0.293262
7187,1,0,1,1,5.15561,0,-0.00213059,0.00179543,0.361103,0.349658
7188,1,0,1,1,5.15561,-0.00698132,0.0159795,0.00183005,0.130174,0.48501
7189,1,0,1,1,5.15561,-0.010472,0.00958767,0.00179856,0.209173,0.180469
7190,1,0,1,1,5.15561,0,0.00532648,0.00178222,0.262441,0.281982
7191,1,0,1,1,5.15561,0,0.0010653,0.00178907,0.31873,0.31582
7192,1,0,1,1,5.15561,0,0.0010653,0.00173523,0.311703,0.236865
7193,1,0,1,1,5.15561,0,-0.00745708,0.00172131,0.420712,0.248145
7194,1,0,1,1,5.15561,0.00872665,0.0202406,0.00165912,0.0525579,0.15791
7195,1,0,1,1,5.15561,0,0.00213059,0.00164234,0.285807,0.270703
7196,1,0,1,1,5.15561,0,0.00426119,0.0016363,0.257323,0.3271
7197,1,0,1,1,5.15561,0.0139626,0.00426119,0.00166759,0.261391,0.496289
7198,1,0,1,1,5.15561,-0.00872665,-0.00532648,0.00165704,0.384659,0.248145
7199,1,0,1,1,5.15561,0.00523599,-0.00319589,0.00164135,0.354923,0.304541
7200,1,0,1,1,5.15561,0,0.00532648,0.00164526,0.244639,0.270703
7201,1,0,1,1,5.15561,0,0.0149142,0.00165617,0.121419,0.417334
7202,1,0,1,1,5.15561,0,0.0170448,0.00166304,0.0946128,0.417334
7203,1,0,1,1,5.15561,0,-0.00745708,0.00167013,0.414059,0.518848
7204,1,0,1,1,5.15561,-0.0279253,-0.0010653,0.00168477,0.332869,0.248145
7205,1,0,1,1,5.15561,0,-0.0010653,0.00167313,0.331356,0.394775
7206,1,0,1,1,5.15561,0,-0.00852238,0.00166742,0.427555,0.191748
7207,1,0,1,1,5.15561,0,-0.00319589,0.00163818,0.354509,0.349658
7208,1,0,1,1,5.15561,0,-0.00639178,0.00162585,0.394453,0.135352
7209,1,0,1,1,5.15561,0,7.82767e-19,0.00162311,0.31099,0.248145
7210,1,0,1,1,5.15561,0,-1.95692e-19,0.00160544,0.308708,0.338379
7211,1,0,1,1,5.15561,0,0.00745708,0.00158948,0.209691,0.293262
7212,1,0,1,1,5.15561,0,0.00852238,0.00160132,0.19738,0.270703
7213,1,0,1,1,5.15561,0,0.00852238,0.00157759,0.194296,0.383496
7214,1,0,1,1,5.15561,0,-0.0127836,0.00157101,0.470418,0.180469
7215,1,0,1,1,5.15561,0.00523599,-0.00958767,0.0015755,0.429455,0.428613
7216,1,0,1,1,5.15561,0,-0.00958767,0.00159669,0.43221,0.281982
7217,1,0,1,1,5.15561,0,0.0191753,0.00159206,0.0576879,0.270703
7218,1,0,1,1,5.15561,0,0.0319589,0.00155631,-0.113145,0.270703
7219,1,0,1,1,5.15561,-0.0174533,0.0010653,0.00154161,0.286561,0.191748
7220,1,0,1,1,5.15561,0,0.00213059,0.0015598,0.275076,0.304541
7221,1,0,1,1,5.15561,-0.00872665,-0.0149142,0.00157534,0.498678,0.338379
7222,1,0,1,1,5.15561,0,0.00745708,0.00154022,0.203287,0.270703
7223,1,0,1,1,5.15561,0,0.0276977,0.00151792,-0.0628479,0.338379
7224,1,0,1,1,5.15561,-0.0261799,0.0266324,0.00148651,-0.0529751,0.0789551
7225,1,0,1,1,5.15561,-0.0174533,0.0010653,0.00151209,0.282723,0.203027
7226,1,0,1,1,5.15561,0,0.00852238,0.00148638,0.182438,0.112793
7227,1,0,1,1,5.15561,0,0.0202406,0.00145194,0.0256238,0.124072
7228,1,0,1,1,5.15561,0,0.0149142,0.00142292,0.0910951,0.281982
7229,1,0,1,1,5.15561,-0.00872665,-0.0170448,0.00146179,0.511615,0.236865
7230,1,0,1,1,5.15561,0.010472,-2.3483e-18,0.00143889,0.287056,0.304541
7231,1,0,1,1,5.15561,0.00523599,0.0213059,0.00140117,0.00516133,0.3271
7232,1,0,1,1,5.15561,0,0.0117183,0.00142192,0.132512,0.293262
7233,1,0,1,1,5.15561,-0.0122173,0.00319589,0.00139535,0.239598,0.225586
7234,1,0,1,1,5.15561,-0.00872665,-0.00426119,0.00141675,0.339573,0.236865
7235,1,0,1,1,5.15561,0,0.0010653,0.00143226,0.272345,0.248145
7236,1,0,1,1,5.15561,0,-0.0127836,0.00146885,0.457137,0.225586
7237,1,0,1,1,5.15561,0,-0.00745708,0.0014631,0.387146,0.191748
7238,1,0,1,1,5.15561,0.00698132,-0.00213059,0.00146318,0.317911,0.281982
7239,1,0,1,1,5.15561,0,0.00213059,0.00145096,0.260927,0.101514
7240,1,0,1,1,5.15561,0.0279253,0.0010653,0.00144432,0.273913,0.360938
7241,1,0,1,1,5.15561,0,0.0138489,0.00146046,0.109825,0.270703
7242,1,0,1,1,5.15561,0.00872665,-0.00532648,0.00143961,0.356393,0.360938
7243,1,0,1,1,5.15561,0,0.00852238,0.00143756,0.176092,0.360938
7244,1,0,1,1,5.15561,0,-0.0010653,0.0014097,0.297093,0.428613
7245,1,0,1,1,5.15561,0.00174533,-0.00745708,0.00138203,0.376437,0.349658
7246,1,0,1,1,5.15561,0,0.028763,0.00137134,-0.0956449,0.236865
7247,1,0,1,1,5.15552,-0.00174533,0.00852238,0.00134886,0.164445,0.281982
7248,1,0,1,1,5.15561,-0.00872665,0.00426119,0.0013508,0.220208,0.281982
7249,1,0,1,1,5.15561,0,-0.00958767,0.00133817,0.398602,0.191748
