index,/gimbal/yaw_sweep/active,/gimbal/yaw_sweep/target_offset,/gimbal/yaw_sweep/reference_velocity,/gimbal/yaw_sweep/reference_acceleration,/gimbal/yaw_sweep/feedforward_scale,/gimbal/yaw_sweep/remote_ready,/gimbal/yaw_sweep/right_switch,/gimbal/yaw/angle,/gimbal/yaw/velocity,/gimbal/yaw/velocity_imu,/gimbal/yaw/control_angle_error,/gimbal/yaw/control_torque,/gimbal/yaw/torque
2521,1,0,0,0,1,1,1,5.93488,0,-0.00426119,3.10413e-06,-0.0526533,-0.744434
2522,1,0,0,0,1,1,1,5.93507,0.0907571,-0.0117183,2.85525e-05,0.0334013,-0.270703
2523,1,0,0,0,1,1,1,5.93536,0.0174533,0.0149142,1.35669e-05,-0.261258,-0.0451172
2524,1,0,0,0,1,1,1,5.93526,-0.0226893,0.0149142,1.17833e-05,-0.261555,-0.0902344
2525,1,0,0,0,1,1,1,5.93536,0,0.01811,-6.59521e-05,-0.307916,-0.15791
2526,1,0,0,0,1,1,1,5.93536,0,0.010653,-0.000160234,-0.238334,-0.203027
2527,1,0,0,0,1,1,1,5.93536,0.00872665,0.0149142,-0.00023243,-0.294736,-0.293262
2528,1,0,0,0,1,1,1,5.93536,0.015708,0.00532648,-0.000337628,-0.203158,-0.462451
2529,1,0,0,0,1,1,1,5.93545,0.0418879,-0.0159795,-0.000403337,0.0225335,-0.225586
2530,1,0,0,0,1,1,1,5.93555,0,-0.00958767,-0.000381748,-0.0447877,-0.146631
2531,1,0,0,0,1,1,1,5.93555,0,0.00426119,-0.000414306,-0.201561,-0.281982
2532,1,0,0,0,1,1,1,5.93555,0.010472,-0.00958767,-0.000389457,-0.0458497,-0.146631
2533,1,0,0,0,1,1,1,5.93564,0,0.00958767,-0.000450802,-0.26497,-0.214307
2534,1,0,0,0,1,1,1,5.93555,-0.00872665,0.0010653,-0.000467999,-0.173494,-0.191748
2535,1,0,0,0,1,1,1,5.93564,0,0.0149142,-0.000510845,-0.331487,-0.191748
2536,1,0,0,0,1,1,1,5.93564,0,0.00426119,-0.000522967,-0.215798,-0.248145
2537,1,0,0,0,1,1,1,5.93564,0,-0.0127836,-0.000480359,-0.0223214,-0.0789551
2538,1,0,0,0,1,1,1,5.93564,0.00872665,-0.00213059,-0.000434769,-0.132679,-0.0789551
2539,1,0,0,0,1,1,1,5.93564,0,0.0213059,-0.000462523,-0.39452,-0.124072
2540,1,0,0,0,1,1,1,5.93564,0,0.00532648,-0.000504896,-0.225238,-0.169189
2541,1,0,0,0,1,1,1,5.93564,0,0.0351548,-0.000553956,-0.559825,-0.191748
2542,1,0,0,0,1,1,1,5.93564,0,0.00532648,-0.000573825,-0.234336,-0.417334
2543,1,0,0,0,1,1,1,5.93564,0,-0.0138489,-0.000592694,-0.0258982,-0.31582
2544,1,0,0,0,1,1,1,5.93564,0.00523599,-0.00426119,-0.000589614,-0.130949,-0.180469
2545,1,0,0,0,1,1,1,5.93564,0,0.00319589,-0.000579102,-0.211566,-0.101514
2546,1,0,0,0,1,1,1,5.93574,0,-0.00532648,-0.000559606,-0.115146,-0.135352
2547,1,0,0,0,1,1,1,5.93574,0,0.00319589,-0.000582686,-0.212069,-0.191748
2548,1,0,0,0,1,1,1,5.93564,-0.00872665,0.0010653,-0.000645754,-0.196958,-0.383496
2549,1,0,0,0,1,1,1,5.93564,0,-0.010653,-0.000678413,-0.0723678,-0.191748
2550,1,0,0,0,1,1,1,5.93564,-0.00872665,0.00958767,-0.000687914,-0.296269,-0.191748
2551,1,0,0,0,1,1,1,5.93564,-0.00872665,-0.00745708,-0.00068144,-0.107769,-0.281982
2552,1,0,0,0,1,1,1,5.93574,0.0174533,-0.00532648,-0.000677265,-0.130808,-0.214307
2553,1,0,0,0,1,1,1,5.93574,0.010472,0.0010653,-0.000693511,-0.203262,-0.146631
2554,1,0,0,0,1,1,1,5.93574,0,0.0138489,-0.000715027,-0.346721,-0.135352
2555,1,0,0,0,1,1,1,5.93564,-0.010472,-0.00639178,-0.000720966,-0.124858,-0.191748
2556,1,0,0,0,1,1,1,5.93574,0,0.0138489,-0.00074535,-0.350724,-0.214307
2557,1,0,0,0,1,1,1,5.93574,0,0.00532648,-0.000770048,-0.260238,-0.259424
2558,1,0,0,0,1,1,1,5.93574,0,0.010653,-0.000781621,-0.320357,-0.236865
2559,1,0,0,0,1,1,1,5.93574,-0.010472,-0.00426119,-0.000784706,-0.156663,-0.236865
2560,1,0,0,0,1,1,1,5.93574,0.0279253,-0.010653,-0.000781726,-0.0860052,-0.225586
2561,1,0,0,0,1,1,1,5.93574,0,6.52306e-20,-0.000788965,-0.204143,-0.293262
2562,1,0,0,0,1,1,1,5.93574,-0.00872665,-0.0010653,-0.000793528,-0.193027,-0.270703
2563,1,0,0,0,1,1,1,5.93574,0,-0.00745708,-0.000848041,-0.129914,-0.372217
2564,1,0,0,0,1,1,1,5.93555,-0.020944,0.00532648,-0.000841847,-0.269715,-0.281982
2565,1,0,0,0,1,1,1,5.93574,0,0.0149142,-0.000865441,-0.378294,-0.338379
2566,1,0,0,0,1,1,1,5.93574,0.00698132,-0.00319589,-0.000832522,-0.174642,-0.124072
2567,1,0,0,0,1,1,1,5.93574,0,0.0213059,-0.000850056,-0.446573,-0.248145
2568,1,0,0,0,1,1,1,5.93574,0,0.00319589,-0.000890898,-0.252753,-0.214307
2569,1,0,0,0,1,1,1,5.93564,0,0.01811,-0.000899415,-0.417933,-0.3271
2570,1,0,0,0,1,1,1,5.93574,0,0.00958767,-0.00093429,-0.328791,-0.428613
2571,1,0,0,0,1,1,1,5.93564,0.00872665,0.00958767,-0.000947105,-0.330482,-0.214307
2572,1,0,0,0,1,1,1,5.93564,0.010472,-0.0010653,-0.000960205,-0.215029,-0.417334
2573,1,0,0,0,1,1,1,5.93574,0,-0.0159795,-0.000940564,-0.0483804,-0.225586
2574,1,0,0,0,1,1,1,5.93574,-0.00349066,-0.0191753,-0.000939235,-0.0130503,-0.15791
2575,1,0,0,0,1,1,1,5.93574,0.00174533,0.00213059,-0.000936353,-0.247035,-0.214307
2576,1,0,0,0,1,1,1,5.93574,0,0.00213059,-0.000943184,-0.247781,-0.124072
2577,1,0,0,0,1,1,1,5.93574,0,-0.0170448,-0.000911318,-0.0325769,-0.191748
2578,1,0,0,0,1,1,1,5.93574,0.0174533,0.0245018,-0.000927148,-0.491904,-0.191748
2579,1,0,0,0,1,1,1,5.93564,-0.0226893,0.010653,-0.000967811,-0.344934,-0.214307
2580,1,0,0,0,1,1,1,5.93564,0,0.01811,-0.00101436,-0.433106,-0.281982
2581,1,0,0,0,1,1,1,5.93564,0,0.00532648,-0.00101534,-0.292617,-0.31582
2582,1,0,0,0,1,1,1,5.93574,0,0.0010653,-0.00103453,-0.248277,-0.281982
2583,1,0,0,0,1,1,1,5.93574,0,0.0255671,-0.00104003,-0.518523,-0.0902344
2584,1,0,0,0,1,1,1,5.93564,-0.0261799,-0.0159795,-0.00105539,-0.0635371,-0.270703
2585,1,0,0,0,1,1,1,5.93574,0.010472,0.00213059,-0.00104616,-0.261529,-0.281982
2586,1,0,0,0,1,1,1,5.93574,0.00174533,0.00319589,-0.00105866,-0.274898,-0.0676758
2587,1,0,0,0,1,1,1,5.93564,0,-0.00319589,-0.00102941,-0.200727,-0.101514
2588,1,0,0,0,1,1,1,5.93574,0,0.00958767,-0.00104713,-0.343686,-0.146631
2589,1,0,0,0,1,1,1,5.93574,0,0.0138489,-0.00105693,-0.391852,-0.281982
2590,1,0,0,0,1,1,1,5.93574,0,0.00532648,-0.00108629,-0.301982,-0.248145
2591,1,0,0,0,1,1,1,5.93574,0,-0.00319589,-0.00107837,-0.207189,-0.236865
2592,1,0,0,0,1,1,1,5.93574,0,-0.0010653,-0.00107984,-0.23082,-0.191748
2593,1,0,0,0,1,1,1,5.93574,0,0.0138489,-0.00109252,-0.39655,-0.225586
2594,1,0,0,0,1,1,1,5.93574,0,-0.00319589,-0.00109863,-0.209864,-0.146631
2595,1,0,0,0,1,1,1,5.93574,0,0.0191753,-0.00112239,-0.459084,-0.214307
2596,1,0,0,0,1,1,1,5.93564,-0.0244346,-0.0010653,-0.00114671,-0.239647,-0.31582
2597,1,0,0,0,1,1,1,5.93564,0.010472,0.00745708,-0.00114045,-0.332567,-0.191748
2598,1,0,0,0,1,1,1,5.93574,0.00698132,-0.0010653,-0.00116308,-0.241809,-0.270703
2599,1,0,0,0,1,1,1,5.93574,0,-0.0127836,-0.0011358,-0.109307,-0.248145
2600,1,0,0,0,1,1,1,5.93574,0,-0.0191753,-0.00115574,-0.0416295,-0.3271
2601,1,0,0,0,1,1,1,5.93574,0.020944,0.00213059,-0.00115738,-0.276211,-0.338379
2602,1,0,0,0,1,1,1,5.93564,0,-0.0117183,-0.00114041,-0.121634,-0.236865
2603,1,0,0,0,1,1,1,5.93574,0,-0.00958767,-0.00113573,-0.144452,-0.248145
2604,1,0,0,0,1,1,1,5.93574,0,0.00319589,-0.00115724,-0.28791,-0.236865
2605,1,0,0,0,1,1,1,5.93574,0,-0.00213059,-0.00119546,-0.234364,-0.304541
2606,1,0,0,0,1,1,1,5.93564,0,-0.00745708,-0.00117458,-0.173017,-0.3271
2607,1,0,0,0,1,1,1,5.93574,0,-0.00426119,-0.00119135,-0.210385,-0.293262
2608,1,0,0,0,1,1,1,5.93574,0.00174533,-0.00213059,-0.00115756,-0.229361,-0.112793
2609,1,0,0,0,1,1,1,5.93574,0,0.00213059,-0.00117438,-0.278454,-0.248145
2610,1,0,0,0,1,1,1,5.93574,0,-0.0202406,-0.00119185,-0.0346774,-0.236865
2611,1,0,0,0,1,1,1,5.93574,0.0191986,0.00958767,-0.0012197,-0.366464,-0.259424
2612,1,0,0,0,1,1,1,5.93564,-0.00872665,-0.0127836,-0.00125197,-0.124641,-0.281982
2613,1,0,0,0,1,1,1,5.93574,0.0226893,0.0319589,-0.00127847,-0.620306,-0.248145
2614,1,0,0,0,1,1,1,5.93564,-0.015708,0.00213059,-0.00127374,-0.29157,-0.169189
2615,1,0,0,0,1,1,1,5.93574,-0.00174533,0.00426119,-0.00129029,-0.317191,-0.225586
2616,1,0,0,0,1,1,1,5.93574,0,-0.00213059,-0.00129102,-0.246978,-0.236865
2617,1,0,0,0,1,1,1,5.93574,0,-0.00213059,-0.00127153,-0.244405,-0.248145
2618,1,0,0,0,1,1,1,5.93574,0,0.00213059,-0.00126811,-0.290812,-0.270703
2619,1,0,0,0,1,1,1,5.93574,0,0.00639178,-0.00127876,-0.339106,-0.3271
2620,1,0,0,0,1,1,1,5.93564,0,0.0170448,-0.0012925,-0.458102,-0.259424
2621,1,0,0,0,1,1,1,5.93564,-0.010472,0.00745708,-0.00126712,-0.34911,-0.259424
2622,1,0,0,0,1,1,1,5.93574,0.00523599,0.0255671,-0.00130298,-0.553231,-0.3271
2623,1,0,0,0,1,1,1,5.93564,-0.00872665,0.0234365,-0.00133764,-0.534371,-0.225586
2624,1,0,0,0,1,1,1,5.93564,-0.010472,0.0202406,-0.00136039,-0.502218,-0.417334
2625,1,0,0,0,1,1,1,5.93564,-0.0191986,-0.00852238,-0.00134475,-0.18376,-0.338379
2626,1,0,0,0,1,1,1,5.93574,0.0401426,0.00319589,-0.00134522,-0.312723,-0.191748
2627,1,0,0,0,1,1,1,5.93564,0,0.00213059,-0.00137436,-0.304852,-0.406055
2628,1,0,0,0,1,1,1,5.93564,0,0.00958767,-0.0013935,-0.389406,-0.191748
2629,1,0,0,0,1,1,1,5.93564,-0.00872665,3.26153e-19,-0.00140014,-0.284819,-0.439893
2630,1,0,0,0,1,1,1,5.93564,0.00872665,-0.0010653,-0.00140416,-0.27363,-0.383496
2631,1,0,0,0,1,1,1,5.93564,0,-0.00319589,-0.00139799,-0.24938,-0.360938
2632,1,0,0,0,1,1,1,5.93564,0,0.0170448,-0.00139149,-0.471169,-0.259424
2633,1,0,0,0,1,1,1,5.93564,-0.00872665,0.0010653,-0.00140285,-0.296894,-0.248145
2634,1,0,0,0,1,1,1,5.93564,0,0.0127836,-0.00145753,-0.433013,-0.259424
2635,1,0,0,0,1,1,1,5.93564,0,0.0138489,-0.00148113,-0.447847,-0.281982
2636,1,0,0,0,1,1,1,5.93564,0,0.00213059,-0.00146491,-0.316805,-0.214307
2637,1,0,0,0,1,1,1,5.93564,-0.00872665,0.0127836,-0.00150169,-0.438842,-0.406055
2638,1,0,0,0,1,1,1,5.93564,-0.0174533,-1.30461e-19,-0.00152642,-0.301488,-0.518848
2639,1,0,0,0,1,1,1,5.93564,0.00349066,0.0138489,-0.00151448,-0.452249,-0.360938
2640,1,0,0,0,1,1,1,5.93564,0,0.00745708,-0.00152446,-0.383257,-0.507568
2641,1,0,0,0,1,1,1,5.93564,0,-0.00639178,-0.00154701,-0.233896,-0.394775
2642,1,0,0,0,1,1,1,5.93564,0,0.00213059,-0.00155812,-0.329108,-0.293262
2643,1,0,0,0,1,1,1,5.93564,0,0.0117183,-0.00158285,-0.437837,-0.293262
2644,1,0,0,0,1,1,1,5.93564,-0.0122173,-0.0010653,-0.00159727,-0.299121,-0.349658
2645,1,0,0,0,1,1,1,5.93564,0,-0.0127836,-0.00153848,-0.162461,-0.214307
2646,1,0,0,0,1,1,1,5.93564,0.00174533,1.30461e-19,-0.00156014,-0.305939,-0.236865
2647,1,0,0,0,1,1,1,5.93564,0,0.0255671,-0.00157737,-0.589451,-0.236865
2648,1,0,0,0,1,1,1,5.93564,0,0.0010653,-0.00159811,-0.322668,-0.3271
2649,1,0,0,0,1,1,1,5.93564,0,-0.00745708,-0.00159759,-0.228854,-0.281982
2650,1,0,0,0,1,1,1,5.93564,0,-0.00319589,-0.00159492,-0.275375,-0.47373
2651,1,0,0,0,1,1,1,5.93564,0,0.00213059,-0.00156443,-0.329893,-0.338379
2652,1,0,0,0,1,1,1,5.93564,0.00872665,0.0127836,-0.00160889,-0.452993,-0.496289
2653,1,0,0,0,1,1,1,5.93555,0,-0.00852238,-0.00162633,-0.220813,-0.428613
2654,1,0,0,0,1,1,1,5.93564,0.0418879,0.00213059,-0.00163078,-0.338699,-0.394775
2655,1,0,0,0,1,1,1,5.93564,0,-0.0159795,-0.00163925,-0.140607,-0.293262
2656,1,0,0,0,1,1,1,5.93564,0,-0.00213059,-0.00164514,-0.293721,-0.372217
2657,1,0,0,0,1,1,1,5.93564,0.00349066,-5.87076e-19,-0.00163142,-0.315347,-0.124072
2658,1,0,0,0,1,1,1,5.93564,0,0.00852238,-0.00164722,-0.41118,-0.259424
2659,1,0,0,0,1,1,1,5.93564,0,0.00745708,-0.00168576,-0.404549,-0.293262
2660,1,0,0,0,1,1,1,5.93555,-0.0314159,0.00319589,-0.00169358,-0.358707,-0.394775
2661,1,0,0,0,1,1,1,5.93564,0,-0.00958767,-0.00167191,-0.215227,-0.372217
2662,1,0,0,0,1,1,1,5.93564,0.00872665,-0.00426119,-0.00170939,-0.278766,-0.428613
2663,1,0,0,0,1,1,1,5.93564,0.0244346,0.00958767,-0.00170246,-0.430189,-0.191748
2664,1,0,0,0,1,1,1,5.93564,-0.00349066,0.0127836,-0.00172673,-0.468547,-0.3271
2665,1,0,0,0,1,1,1,5.93564,-0.00872665,0.00426119,-0.00168411,-0.369176,-0.191748
2666,1,0,0,0,1,1,1,5.93564,0,-0.00426119,-0.00169114,-0.276358,-0.439893
2667,1,0,0,0,1,1,1,5.93564,0,-0.0202406,-0.0017168,-0.10397,-0.270703
2668,1,0,0,0,1,1,1,5.93564,0,-0.00319589,-0.00172128,-0.292054,-0.259424
2669,1,0,0,0,1,1,1,5.93564,0.00174533,-0.00639178,-0.00169906,-0.253966,-0.236865
2670,1,0,0,0,1,1,1,5.93564,-0.00349066,-0.0010653,-0.00169332,-0.3118,-0.270703
2671,1,0,0,0,1,1,1,5.93564,-0.0191986,-0.00213059,-0.00171156,-0.302489,-0.462451
2672,1,0,0,0,1,1,1,5.93564,0.0314159,0.0117183,-0.00174386,-0.459091,-0.383496
2673,1,0,0,0,1,1,1,5.93555,0,0.0010653,-0.0017733,-0.345794,-0.349658
2674,1,0,0,0,1,1,1,5.93564,0,0.00426119,-0.00177793,-0.381559,-0.383496
2675,1,0,0,0,1,1,1,5.93564,0,-1.63077e-18,-0.0018003,-0.33764,-0.372217
2676,1,0,0,0,1,1,1,5.93564,0.0279253,0.00213059,-0.00180318,-0.361457,-0.338379
2677,1,0,0,0,1,1,1,5.93564,0,-0.00532648,-0.00184197,-0.284548,-0.383496
2678,1,0,0,0,1,1,1,5.93555,0,0.00426119,-0.00183693,-0.389347,-0.236865
2679,1,0,0,0,1,1,1,5.93555,-0.0174533,0.0159795,-0.00185839,-0.521082,-0.338379
2680,1,0,0,0,1,1,1,5.93564,0,0.00852238,-0.00186567,-0.440014,-0.383496
2681,1,0,0,0,1,1,1,5.93564,0,-0.00745708,-0.00184467,-0.261469,-0.428613
2682,1,0,0,0,1,1,1,5.93564,0.00349066,-0.0117183,-0.00187462,-0.218549,-0.3271
2683,1,0,0,0,1,1,1,5.93564,0.0279253,-0.0127836,-0.00191747,-0.212487,-0.417334
2684,1,0,0,0,1,1,1,5.93555,-0.00349066,0.00958767,-0.00191323,-0.458011,-0.3271
2685,1,0,0,0,1,1,1,5.93555,-0.015708,-0.00426119,-0.001907,-0.304851,-0.372217
2686,1,0,0,0,1,1,1,5.93555,0,0.010653,-0.00196171,-0.476129,-0.518848
2687,1,0,0,0,1,1,1,5.93555,0.00174533,0.0170448,-0.00196558,-0.546949,-0.304541
2688,1,0,0,0,1,1,1,5.93555,0,0.0010653,-0.002001,-0.37585,-0.47373
2689,1,0,0,0,1,1,1,5.93555,0,0.0170448,-0.0020207,-0.554224,-0.417334
2690,1,0,0,0,1,1,1,5.93555,0,-0.00958767,-0.00201254,-0.260191,-0.304541
2691,1,0,0,0,1,1,1,5.93555,0.00698132,1.95692e-19,-0.00200883,-0.365166,-0.451172
2692,1,0,0,0,1,1,1,5.93564,0,-0.0127836,-0.00201472,-0.225323,-0.372217
2693,1,0,0,0,1,1,1,5.93564,0.00523599,-0.00532648,-0.00205486,-0.31265,-0.518848
2694,1,0,0,0,1,1,1,5.93555,0.0226893,-0.010653,-0.0020524,-0.253735,-0.439893
2695,1,0,0,0,1,1,1,5.93555,0,-0.0170448,-0.00204703,-0.182715,-0.462451
2696,1,0,0,0,1,1,1,5.93564,0.00698132,0.00958767,-0.00207025,-0.478737,-0.406055
2697,1,0,0,0,1,1,1,5.93555,-0.00872665,-0.00639178,-0.00207303,-0.30333,-0.281982
2698,1,0,0,0,1,1,1,5.93555,-0.0383972,-0.0170448,-0.00207415,-0.186295,-0.496289
2699,1,0,0,0,1,1,1,5.93564,0.0174533,0.0127836,-0.00206235,-0.512849,-0.451172
2700,1,0,0,0,1,1,1,5.93555,0,0.0127836,-0.00208568,-0.515929,-0.394775
2701,1,0,0,0,1,1,1,5.93555,0,-0.0149142,-0.00208763,-0.211511,-0.620361
2702,1,0,0,0,1,1,1,5.93564,0.0366519,0.00745708,-0.00212299,-0.462263,-0.451172
2703,1,0,0,0,1,1,1,5.93555,0,-0.0138489,-0.00210805,-0.225926,-0.552686
2704,1,0,0,0,1,1,1,5.93555,0.0139626,0.0149142,-0.00213314,-0.54563,-0.507568
2705,1,0,0,0,1,1,1,5.93555,-0.00872665,0.00532648,-0.00216756,-0.44471,-0.372217
2706,1,0,0,0,1,1,1,5.93555,0,-0.00319589,-0.00215772,-0.349664,-0.417334
2707,1,0,0,0,1,1,1,5.93555,0,0.0010653,-0.0021826,-0.399822,-0.586523
2708,1,0,0,0,1,1,1,5.93555,0,0.00745708,-0.00214479,-0.46514,-0.451172
2709,1,0,0,0,1,1,1,5.93555,-0.0366519,0.00639178,-0.00218944,-0.459316,-0.462451
2710,1,0,0,0,1,1,1,5.93555,0,0.0117183,-0.00219674,-0.51887,-0.383496
2711,1,0,0,0,1,1,1,5.93555,0,0.0127836,-0.00223421,-0.535535,-0.428613
2712,1,0,0,0,1,1,1,5.93555,-0.00872665,0.00319589,-0.00224112,-0.430983,-0.360938
2713,1,0,0,0,1,1,1,5.93555,0,0.00319589,-0.00224723,-0.43179,-0.406055
2714,1,0,0,0,1,1,1,5.93555,0,0.00426119,-0.0022582,-0.444956,-0.293262
2715,1,0,0,0,1,1,1,5.93555,0,0.00426119,-0.00223876,-0.44239,-0.372217
2716,1,0,0,0,1,1,1,5.93555,0,0.010653,-0.00226778,-0.51653,-0.406055
2717,1,0,0,0,1,1,1,5.93555,0,0.00426119,-0.00231449,-0.452386,-0.47373
2718,1,0,0,0,1,1,1,5.93555,0,0.0138489,-0.00235064,-0.562622,-0.394775
2719,1,0,0,0,1,1,1,5.93555,0,0.0127836,-0.00233698,-0.5491,-0.248145
2720,1,0,0,0,1,1,1,5.93555,-0.0174533,0.00426119,-0.00239906,-0.463549,-0.451172
2721,1,0,0,0,1,1,1,5.93555,0.0191986,0.00532648,-0.00240276,-0.475756,-0.259424
2722,1,0,0,0,1,1,1,5.93555,-0.0314159,-0.00745708,-0.00240644,-0.335623,-0.428613
2723,1,0,0,0,1,1,1,5.93555,0,-0.0170448,-0.00241735,-0.231598,-0.451172
2724,1,0,0,0,1,1,1,5.93555,0.00349066,0.00213059,-0.00243015,-0.444216,-0.3271
2725,1,0,0,0,1,1,1,5.93555,0,1.5003e-18,-0.00243864,-0.421901,-0.48501
2726,1,0,0,0,1,1,1,5.93555,-0.00872665,0.0138489,-0.00243983,-0.574395,-0.451172
2727,1,0,0,0,1,1,1,5.93545,-0.00174533,1.30461e-19,-0.00243471,-0.421382,-0.406055
2728,1,0,0,0,1,1,1,5.93555,0,0.0117183,-0.00241608,-0.547823,-0.372217
2729,1,0,0,0,1,1,1,5.93555,-0.00872665,0.00532648,-0.00241283,-0.477085,-0.3271
2730,1,0,0,0,1,1,1,5.93555,0,-0.00745708,-0.00239352,-0.333917,-0.3271
2731,1,0,0,0,1,1,1,5.93555,0,0.00745708,-0.00241323,-0.500575,-0.439893
2732,1,0,0,0,1,1,1,5.93555,0,0.0010653,-0.00241306,-0.430242,-0.406055
2733,1,0,0,0,1,1,1,5.93555,0,0.0159795,-0.00242,-0.595214,-0.372217
2734,1,0,0,0,1,1,1,5.93545,-0.0174533,0.00852238,-0.00241102,-0.512001,-0.281982
2735,1,0,0,0,1,1,1,5.93555,0,0.010653,-0.00240378,-0.534481,-0.281982
2736,1,0,0,0,1,1,1,5.93555,0,0.00532648,-0.00239426,-0.474634,-0.462451
2737,1,0,0,0,1,1,1,5.93555,0,-0.00319589,-0.00239386,-0.380834,-0.338379
2738,1,0,0,0,1,1,1,5.93555,0,0.0170448,-0.0024615,-0.61241,-0.406055
2739,1,0,0,0,1,1,1,5.93545,0,-0.00745708,-0.00245417,-0.341923,-0.428613
2740,1,0,0,0,1,1,1,5.93555,0,0.00319589,-0.00246623,-0.460697,-0.383496
2741,1,0,0,0,1,1,1,5.93555,0,-0.0010653,-0.0024705,-0.414387,-0.383496
2742,1,0,0,0,1,1,1,5.93555,0,-0.00852238,-0.00247837,-0.333399,-0.360938
2743,1,0,0,0,1,1,1,5.93555,0,0.0202406,-0.00249435,-0.651902,-0.507568
2744,1,0,0,0,1,1,1,5.93545,0,0.0138489,-0.00252771,-0.585995,-0.383496
2745,1,0,0,0,1,1,1,5.93545,-0.00523599,0.0127836,-0.00252903,-0.574452,-0.530127
2746,1,0,0,0,1,1,1,5.93555,0,0.0117183,-0.00254805,-0.565243,-0.406055
2747,1,0,0,0,1,1,1,5.93545,-0.00872665,0.00958767,-0.00252327,-0.538537,-0.383496
2748,1,0,0,0,1,1,1,5.93555,-0.015708,-0.010653,-0.00251897,-0.315321,-0.372217
2749,1,0,0,0,1,1,1,5.93555,0,0.0170448,-0.00256339,-0.62586,-0.552686
2750,1,0,0,0,1,1,1,5.93545,0,0.0010653,-0.00255902,-0.449508,-0.541406
2751,1,0,0,0,1,1,1,5.93545,0,-1.56553e-18,-0.00254225,-0.435577,-0.394775
2752,1,0,0,0,1,1,1,5.93545,0,-0.0149142,-0.00254066,-0.271312,-0.496289
2753,1,0,0,0,1,1,1,5.93555,0,-0.0010653,-0.00256343,-0.426654,-0.597803
2754,1,0,0,0,1,1,1,5.93545,0,0.0117183,-0.00257535,-0.568847,-0.383496
2755,1,0,0,0,1,1,1,5.93545,-0.00872665,0.00852238,-0.00259855,-0.536755,-0.451172
2756,1,0,0,0,1,1,1,5.93545,0,0.0170448,-0.00257983,-0.628029,-0.48501
2757,1,0,0,0,1,1,1,5.93545,-0.020944,0.00319589,-0.00259901,-0.478224,-0.530127
2758,1,0,0,0,1,1,1,5.93545,0,0.0138489,-0.00263122,-0.599659,-0.417334
2759,1,0,0,0,1,1,1,5.93545,0,-0.010653,-0.00260133,-0.326192,-0.417334
2760,1,0,0,0,1,1,1,5.93545,-0.00872665,-0.0234365,-0.00261768,-0.187732,-0.507568
2761,1,0,0,0,1,1,1,5.93555,0.0279253,-0.00426119,-0.00263763,-0.401294,-0.462451
2762,1,0,0,0,1,1,1,5.93545,-0.00349066,0.0308936,-0.0026466,-0.78918,-0.428613
2763,1,0,0,0,1,1,1,5.93545,-0.0366519,0.0127836,-0.00264557,-0.589835,-0.394775
2764,1,0,0,0,1,1,1,5.93555,0,0.00213059,-0.0026647,-0.475177,-0.507568
2765,1,0,0,0,1,1,1,5.93545,0,-0.00532648,-0.00262542,-0.387964,-0.462451
2766,1,0,0,0,1,1,1,5.93545,0,0.0149142,-0.00264036,-0.612583,-0.620361
2767,1,0,0,0,1,1,1,5.93545,0,0.0149142,-0.00265998,-0.615173,-0.64292
2768,1,0,0,0,1,1,1,5.93545,0.010472,0.0245018,-0.00271043,-0.727296,-0.665479
2769,1,0,0,0,1,1,1,5.93545,0,-0.0010653,-0.00271542,-0.446717,-0.597803
2770,1,0,0,0,1,1,1,5.93545,0,-0.00852238,-0.00272426,-0.365856,-0.507568
2771,1,0,0,0,1,1,1,5.93545,0,0.0138489,-0.00272068,-0.611467,-0.575244
2772,1,0,0,0,1,1,1,5.93545,0,0.00745708,-0.0027442,-0.544262,-0.530127
2773,1,0,0,0,1,1,1,5.93545,0,-1.30461e-18,-0.00273052,-0.460428,-0.563965
2774,1,0,0,0,1,1,1,5.93545,0.00174533,-0.0138489,-0.0027389,-0.309197,-0.48501
2775,1,0,0,0,1,1,1,5.93545,0,0.0159795,-0.00278597,-0.643521,-0.688037
2776,1,0,0,0,1,1,1,5.93536,0,0.00745708,-0.00281108,-0.55309,-0.721875
2777,1,0,0,0,1,1,1,5.93545,-0.0244346,-0.00213059,-0.00283197,-0.450383,-0.64292
2778,1,0,0,0,1,1,1,5.93545,0.0244346,-0.00319589,-0.00283475,-0.439033,-0.47373
2779,1,0,0,0,1,1,1,5.93545,0,-0.00532648,-0.00284701,-0.417214,-0.586523
2780,1,0,0,0,1,1,1,5.93545,0.0436332,-0.00213059,-0.0028065,-0.447022,-0.518848
2781,1,0,0,0,1,1,1,5.93545,0,0.00852238,-0.00283747,-0.568292,-0.338379
2782,1,0,0,0,1,1,1,5.93536,-0.0349066,-0.0138489,-0.00280436,-0.317838,-0.394775
2783,1,0,0,0,1,1,1,5.93545,0,-0.00745708,-0.00282087,-0.390327,-0.47373
2784,1,0,0,0,1,1,1,5.93536,0,-0.0117183,-0.0027949,-0.340027,-0.360938
2785,1,0,0,0,1,1,1,5.93545,0,0.00532648,-0.00279678,-0.527766,-0.439893
2786,1,0,0,0,1,1,1,5.93545,0,0.00958767,-0.00282062,-0.577786,-0.31582
2787,1,0,0,0,1,1,1,5.93545,0,0.00639178,-0.00281263,-0.541577,-0.439893
2788,1,0,0,0,1,1,1,5.93545,0,0.00745708,-0.00282007,-0.554277,-0.530127
2789,1,0,0,0,1,1,1,5.93545,0,-0.00426119,-0.00278987,-0.42139,-0.428613
2790,1,0,0,0,1,1,1,5.93545,0.0122173,0.0202406,-0.00283184,-0.69645,-0.406055
2791,1,0,0,0,1,1,1,5.93536,-0.00872665,0.0213059,-0.00283828,-0.709018,-0.372217
2792,1,0,0,0,1,1,1,5.93536,-0.0488692,0.0191753,-0.0028661,-0.689254,-0.47373
2793,1,0,0,0,1,1,1,5.93536,-0.00872665,0.00958767,-0.00292258,-0.591245,-0.48501
2794,1,0,0,0,1,1,1,5.93536,0,-0.00745708,-0.00295903,-0.408564,-0.654199
2795,1,0,0,0,1,1,1,5.93536,0,-0.00852238,-0.00296265,-0.397323,-0.541406
2796,1,0,0,0,1,1,1,5.93536,0,0.010653,-0.00297777,-0.610249,-0.406055
2797,1,0,0,0,1,1,1,5.93536,-0.0139626,0.00213059,-0.00296415,-0.514704,-0.586523
2798,1,0,0,0,1,1,1,5.93545,0.015708,0.010653,-0.00301286,-0.61488,-0.766992
2799,1,0,0,0,1,1,1,5.93536,0,-0.00745708,-0.00301963,-0.416563,-0.541406
2800,1,0,0,0,1,1,1,5.93536,0.0244346,0.00532648,-0.00306263,-0.562858,-0.530127
2801,1,0,0,0,1,1,1,5.93536,0,0.00639178,-0.00308902,-0.57806,-0.541406
2802,1,0,0,0,1,1,1,5.93536,0,-0.01811,-0.00305211,-0.303668,-0.518848
2803,1,0,0,0,1,1,1,5.93536,0,0.00745708,-0.00305538,-0.585338,-0.507568
2804,1,0,0,0,1,1,1,5.93536,0,0.00852238,-0.00304101,-0.59516,-0.47373
2805,1,0,0,0,1,1,1,5.93536,0,0.010653,-0.0030602,-0.621129,-0.496289
2806,1,0,0,0,1,1,1,5.93536,-0.00349066,0.0191753,-0.00308609,-0.718292,-0.439893
2807,1,0,0,0,1,1,1,5.93536,-0.00174533,-0.010653,-0.00309339,-0.391145,-0.47373
2808,1,0,0,0,1,1,1,5.93536,0,0.0010653,-0.00310475,-0.521545,-0.48501
2809,1,0,0,0,1,1,1,5.93536,0,0.00532648,-0.00309881,-0.567634,-0.507568
2810,1,0,0,0,1,1,1,5.93536,0,-0.00426119,-0.0031363,-0.467119,-0.654199
2811,1,0,0,0,1,1,1,5.93536,0.010472,-0.00319589,-0.00312224,-0.476981,-0.451172
2812,1,0,0,0,1,1,1,5.93536,0,0.00213059,-0.00308234,-0.530305,-0.281982
2813,1,0,0,0,1,1,1,5.93536,-0.0139626,-0.00213059,-0.00310945,-0.487011,-0.665479
2814,1,0,0,0,1,1,1,5.93536,0,-0.00852238,-0.00314223,-0.421029,-0.631641
2815,1,0,0,0,1,1,1,5.93536,0.00872665,1.696e-18,-0.00314703,-0.515408,-0.451172
2816,1,0,0,0,1,1,1,5.93536,-0.00872665,0.0234365,-0.00316101,-0.775055,-0.496289
2817,1,0,0,0,1,1,1,5.93536,-0.010472,-0.0117183,-0.00315303,-0.3873,-0.518848
2818,1,0,0,0,1,1,1,5.93536,-0.0139626,-0.00745708,-0.00315014,-0.43379,-0.676758
2819,1,0,0,0,1,1,1,5.93536,0,0.00958767,-0.00315702,-0.622191,-0.575244
2820,1,0,0,0,1,1,1,5.93536,0,0.0138489,-0.00318643,-0.672946,-0.620361
2821,1,8.07225e-10,2.41201e-06,0.00480233,1,1,1,5.93526,0,-0.0138489,-0.00314657,-0.3623,-0.47373
2822,1,1.71581e-07,8.54765e-05,0.0283017,1,1,1,5.93536,0,0.0010653,-0.00318468,-0.527033,-0.47373
2823,1,1.04835e-06,0.000284233,0.0510868,1,1,1,5.93526,0,-0.00319589,-0.00322993,-0.480456,-0.688037
2824,1,3.20075e-06,0.000595153,0.0731682,1,1,1,5.93526,0,-7.82767e-19,-0.00324726,-0.510943,-0.575244
2825,1,7.18093e-06,0.00101474,0.0945532,1,1,1,5.93526,0,-0.0170448,-0.00323094,-0.313101,-0.631641
2826,1,1.35236e-05,0.00153954,0.115249,1,1,1,5.93536,0.020944,0.00639178,-0.00320433,-0.558,-0.383496
2827,1,2.27464e-05,0.00216613,0.135262,1,1,1,5.93536,-0.00872665,0.0245018,-0.00324087,-0.751487,-0.47373
2828,1,3.53494e-05,0.00289108,0.1546,1,1,1,5.93536,0,-0.0213059,-0.00321348,-0.232324,-0.665479
2829,1,5.18149e-05,0.00371099,0.173269,1,1,1,5.93536,0,0.0138489,-0.00322157,-0.60736,-0.439893
2830,1,7.26119e-05,0.00462264,0.191277,1,1,1,5.93536,0,-0.00958767,-0.00321395,-0.33478,-0.507568
2831,1,9.8187e-05,0.00562261,0.20863,1,1,1,5.93536,0.0122173,0.0010653,-0.00314808,-0.428505,-0.496289
2832,1,0.000128978,0.0067078,0.225339,1,1,1,5.93536,-0.00872665,0.0138489,-0.00316314,-0.555389,-0.563965
2833,1,0.000165403,0.00787497,0.241408,1,1,1,5.93536,0,0.0149142,-0.00314664,-0.54829,-0.530127
2834,1,0.000207859,0.00912082,0.256844,1,1,1,5.93536,0.00349066,0.010653,-0.00312524,-0.481075,-0.462451
2835,1,0.000256736,0.0104423,0.271655,1,1,1,5.93536,0,-0.00426119,-0.00305447,-0.289316,-0.338379
2836,1,0.000312407,0.0118364,0.28585,1,1,1,5.93545,0.0122173,-0.00532648,-0.00301013,-0.252578,-0.349658
2837,1,0.000375213,0.0132998,0.299432,1,1,1,5.93545,0,0.00958767,-0.00297742,-0.392385,-0.383496
2838,1,0.00044551,0.0148296,0.312412,1,1,1,5.93536,0,0.00745708,-0.00294222,-0.343638,-0.428613
2839,1,0.000523625,0.0164231,0.324797,1,1,1,5.93545,0,0.00958767,-0.00287921,-0.337393,-0.270703
2840,1,0.000609841,0.0180766,0.336591,1,1,1,5.93545,0,-0.00213059,-0.0028,-0.176018,-0.394775
2841,1,0.000704483,0.0197879,0.347804,1,1,1,5.93555,0.0174533,0.0127836,-0.00273465,-0.308801,-0.15791
2842,1,0.000807812,0.0215537,0.358442,1,1,1,5.93545,-0.020944,-0.010653,-0.00261541,-0.0120225,-0.124072
2843,1,0.000920113,0.0233715,0.368514,1,1,1,5.93555,0,0.0127836,-0.00252454,-0.234034,-0.191748
2844,1,0.0010416,0.0252379,0.378024,1,1,1,5.93564,0.00872665,0.0138489,-0.00248667,-0.216441,-0.146631
2845,1,0.00117255,0.0271506,0.386982,1,1,1,5.93564,0,0.0138489,-0.00241189,-0.181764,-0.180469
2846,1,0.0013132,0.029107,0.395395,1,1,1,5.93564,0,0.0159795,-0.00234615,-0.171258,-0.191748
2847,1,0.00146371,0.0311039,0.403269,1,1,1,5.93564,0,-9.13229e-19,-0.00224901,0.0430268,-0.0338379
2848,1,0.00162429,0.0331387,0.410611,1,1,1,5.93574,0,0.00213059,-0.00211003,0.0645042,-0.0902344
2849,1,0.00179513,0.0352089,0.417429,1,1,1,5.93574,0.0122173,-0.0202406,-0.00196819,0.355837,-0.0676758
2850,1,0.00197645,0.0373123,0.423731,1,1,1,5.93583,0.010472,0.00319589,-0.00180418,0.148093,0.0563965
2851,1,0.00216832,0.0394455,0.429522,1,1,1,5.93583,0.00523599,0.0138489,-0.00165078,0.0792938,0.0563965
2852,1,0.00237093,0.0416065,0.434811,1,1,1,5.93593,0.00872665,0.0117183,-0.00147128,0.154878,0.0563965
2853,1,0.00258442,0.0437927,0.439604,1,1,1,5.93603,0.0279253,0.0351548,-0.00129291,-0.049748,0.112793
2854,1,0.0028089,0.0460017,0.44391,1,1,1,5.93612,0.0279253,0.0298283,-0.00112788,0.0600267,0.0902344
2855,1,0.00304448,0.0482311,0.447734,1,1,1,5.93622,0.010472,0.0213059,-0.000984773,0.202206,0.169189
2856,1,0.00329123,0.0504782,0.451085,1,1,1,5.93631,0.0244346,0.00426119,-0.000830234,0.439842,0.180469
2857,1,0.00354927,0.052741,0.453969,1,1,1,5.93641,0.0226893,0.0245018,-0.00070414,0.263921,0.203027
2858,1,0.00381868,0.0550172,0.456394,1,1,1,5.9366,0.0296706,0.00852238,-0.000579632,0.485811,0.259424
2859,1,0.00409947,0.0573042,0.458366,1,1,1,5.93679,0.0575959,0.0372854,-0.000421139,0.22165,0.3271
2860,1,0.00439172,0.0596,0.459894,1,1,1,5.93699,0.0383972,0.0362201,-0.000291092,0.280873,0.270703
2861,1,0.00469547,0.0619024,0.460984,1,1,1,5.93727,0.0523599,0.0383507,-0.000133338,0.309354,0.360938
2862,1,0.00501076,0.0642092,0.461643,1,1,1,5.93756,0.0715585,0.0426119,-4.45421e-05,0.304315,0.349658
2863,1,0.00533757,0.0665181,0.461879,1,1,1,5.93766,0.0296706,0.0490037,3.86541e-05,0.275498,0.406055
2864,1,0.00567596,0.0688274,0.461699,1,1,1,5.93794,0.0436332,0.0426119,0.000186629,0.396472,0.293262
2865,1,0.00602583,0.0711344,0.46111,1,1,1,5.93833,0.0785398,0.0351548,0.000298041,0.523539,0.372217
2866,1,0.00638731,0.0734379,0.460119,1,1,1,5.93852,0.0174533,0.0660484,0.000338061,0.218728,0.259424
2867,1,0.00676024,0.0757352,0.458734,1,1,1,5.93861,0.0541052,0.057526,0.000443416,0.356953,0.360938
2868,1,0.00714466,0.0780247,0.456961,1,1,1,5.93909,0.118682,0.0490037,0.000582601,0.500313,0.360938
2869,1,0.00754044,0.080304,0.454808,1,1,1,5.93967,0.0366519,0.057526,0.000679924,0.45018,0.383496
2870,1,0.00794764,0.0825719,0.452282,1,1,1,5.93977,0.0541052,0.0703096,0.000748134,0.348407,0.394775
2871,1,0.00836616,0.0848263,0.449391,1,1,1,5.94015,0.0733038,0.068179,0.000810688,0.409552,0.383496
2872,1,0.00879592,0.0870654,0.44614,1,1,1,5.94044,0.0628319,0.0958767,0.000880433,0.14405,0.383496
2873,1,0.00923681,0.0892873,0.442539,1,1,1,5.94082,0.0471239,0.0884196,0.000940435,0.262827,0.372217
2874,1,0.00968874,0.0914902,0.438593,1,1,1,5.94111,0.0837758,0.0713749,0.00104903,0.493925,0.439893
2875,1,0.0101516,0.0936724,0.434311,1,1,1,5.94168,0.0907571,0.0809626,0.00109515,0.423039,0.462451
2876,1,0.0106254,0.0958326,0.429698,1,1,1,5.94197,0.0436332,0.10653,0.00114004,0.176217,0.428613
2877,1,0.0111099,0.0979689,0.424763,1,1,1,5.94235,0.0488692,0.0873543,0.00116786,0.418206,0.372217
2878,1,0.0116051,0.10008,0.419513,1,1,1,5.94274,0.122173,0.0905502,0.00126899,0.425022,0.417334
2879,1,0.0121107,0.102164,0.413954,1,1,1,5.94341,0.0698132,0.0767014,0.00135105,0.615998,0.563965
2880,1,0.0126267,0.104219,0.408095,1,1,1,5.9437,0.0750492,0.0948114,0.00146621,0.460602,0.631641
2881,1,0.0131528,0.106244,0.401942,1,1,1,5.94418,0.0488692,0.0671137,0.00148739,0.79371,0.360938
2882,1,0.0136891,0.108238,0.395502,1,1,1,5.94437,0.0855211,0.101203,0.00158538,0.459388,0.48501
2883,1,0.0142351,0.110198,0.388783,1,1,1,5.94513,0.111701,0.0894849,0.001639,0.622465,0.575244
2884,1,0.0147909,0.112125,0.381792,1,1,1,5.94561,0.0959931,0.0894849,0.00177149,0.6666,0.575244
2885,1,0.0153564,0.114016,0.374535,1,1,1,5.94619,0.122173,0.122509,0.00183976,0.338515,0.609082
2886,1,0.0159311,0.11587,0.367021,1,1,1,5.94657,0.0994838,0.0905502,0.00193864,0.728737,0.654199
2887,1,0.016515,0.117686,0.359257,1,1,1,5.94734,0.1309,0.117183,0.00195769,0.463291,0.609082
2888,1,0.0171078,0.119462,0.351249,1,1,1,5.94772,0.0820305,0.12677,0.00196251,0.381849,0.518848
2889,1,0.0177095,0.121198,0.343006,1,1,1,5.9482,0.113446,0.113987,0.00200155,0.550768,0.47373
2890,1,0.0183198,0.122892,0.334532,1,1,1,5.94887,0.185005,0.128901,0.00200839,0.409447,0.451172
2891,1,0.0189384,0.124543,0.325838,1,1,1,5.94935,0.0663225,0.109726,0.00197957,0.637082,0.360938
2892,1,0.0195651,0.12615,0.316928,1,1,1,5.94993,0.190241,0.122509,0.00202594,0.524346,0.507568
2893,1,0.0201998,0.127712,0.307811,1,1,1,5.95098,0.0942478,0.150207,0.00203784,0.241967,0.48501
2894,1,0.0208421,0.129228,0.298495,1,1,1,5.95117,0.0663225,0.136358,0.00208321,0.419382,0.451172
2895,1,0.021492,0.130696,0.288985,1,1,1,5.95204,0.155334,0.150207,0.00206404,0.283119,0.530127
2896,1,0.0221491,0.132117,0.279289,1,1,1,5.95261,0.101229,0.12464,0.00197904,0.570866,0.552686
2897,1,0.022813,0.133489,0.269416,1,1,1,5.95328,0.150098,0.145946,0.00199668,0.357368,0.47373
2898,1,0.0234839,0.134811,0.25937,1,1,1,5.95395,0.178024,0.154468,0.00198289,0.278882,0.462451
2899,1,0.0241611,0.136082,0.249161,1,1,1,5.95472,0.0837758,0.149142,0.00196121,0.350471,0.394775
2900,1,0.0248446,0.137303,0.238793,1,1,1,5.9552,0.15708,0.148076,0.00189604,0.368143,0.417334
2901,1,0.025534,0.13847,0.228278,1,1,1,5.95606,0.123918,0.132097,0.00183206,0.549134,0.383496
2902,1,0.0262291,0.139585,0.21762,1,1,1,5.95664,0.146608,0.127836,0.00183546,0.610727,0.541406
2903,1,0.0269298,0.140646,0.206824,1,1,1,5.95769,0.167552,0.156599,0.00180649,0.304195,0.394775
2904,1,0.0276355,0.141653,0.195903,1,1,1,5.95827,0.158825,0.148076,0.00178294,0.407339,0.417334
2905,1,0.0283463,0.142605,0.184858,1,1,1,5.95913,0.136136,0.165121,0.00172456,0.223257,0.3271
2906,1,0.0290616,0.143501,0.173701,1,1,1,5.95961,0.125664,0.151272,0.00165086,0.375553,0.383496
2907,1,0.0297812,0.144342,0.162438,1,1,1,5.96047,0.169297,0.14275,0.00161603,0.474596,0.270703
2908,1,0.0305048,0.145126,0.151076,1,1,1,5.96124,0.178024,0.141684,0.00159112,0.49238,0.281982
2909,1,0.0312322,0.145852,0.139622,1,1,1,5.9622,0.16057,0.175774,0.0015103,0.114781,0.451172
2910,1,0.0319634,0.146522,0.128079,1,1,1,5.96268,0.123918,0.149142,0.00144642,0.405824,0.259424
2911,1,0.0326974,0.147133,0.116463,1,1,1,5.96354,0.178024,0.166186,0.00134285,0.210406,0.203027
2912,1,0.0334344,0.147686,0.104775,1,1,1,5.96412,0.118682,0.166186,0.00127993,0.207433,0.31582
2913,1,0.0341742,0.148181,0.0930227,1,1,1,5.96498,0.153589,0.170448,0.00120451,0.155001,0.3271
2914,1,0.0349162,0.148616,0.0812146,1,1,1,5.96556,0.129154,0.127836,0.00123112,0.632071,0.293262
2915,1,0.0356602,0.148993,0.0693579,1,1,1,5.96671,0.216421,0.151272,0.00126589,0.38441,0.394775
2916,1,0.0364061,0.14931,0.0574585,1,1,1,5.96738,0.129154,0.151272,0.00125171,0.385984,0.451172
2917,1,0.0371532,0.149567,0.0455266,1,1,1,5.96786,0.120428,0.141684,0.00123109,0.491176,0.3271
2918,1,0.0379016,0.149765,0.0335663,1,1,1,5.96843,0.169297,0.133162,0.00126709,0.592505,0.417334
2919,1,0.0386508,0.149903,0.021585,1,1,1,5.96958,0.144862,0.14275,0.00128187,0.490873,0.406055
2920,1,0.0394006,0.149981,0.00959049,1,1,1,5.96987,0.0698132,0.150207,0.00133218,0.417087,0.428613
2921,1,0.0401505,0.149999,-0.00240877,1,1,1,5.97092,0.169297,0.154468,0.0014024,0.381087,0.552686
2922,1,0.0409004,0.149957,-0.0144059,1,1,1,5.9715,0.141372,0.109726,0.00148925,0.885217,0.665479
2923,1,0.04165,0.149855,-0.0263952,1,1,1,5.97227,0.150098,0.14488,0.00151363,0.501782,0.518848
2924,1,0.0423988,0.149693,-0.0383675,1,1,1,5.97275,0.101229,0.145946,0.00151205,0.487685,0.541406
2925,1,0.0431468,0.149471,-0.0503191,1,1,1,5.97342,0.188496,0.143815,0.00156931,0.516979,0.631641
2926,1,0.0438934,0.14919,-0.0622383,1,1,1,5.97428,0.18675,0.138489,0.00167486,0.587894,0.721875
2927,1,0.0446386,0.148849,-0.0741227,1,1,1,5.97495,0.0628319,0.148076,0.00171471,0.484426,0.597803
2928,1,0.0453819,0.148448,-0.0859613,1,1,1,5.97533,0.122173,0.145946,0.00178648,0.513918,0.609082
2929,1,0.046123,0.147989,-0.097746,1,1,1,5.97629,0.150098,0.129966,0.00186778,0.69647,0.676758
2930,1,0.0468616,0.147471,-0.109472,1,1,1,5.97687,0.116937,0.151272,0.00189934,0.461364,0.597803
2931,1,0.0475976,0.146895,-0.121134,1,1,1,5.97744,0.143117,0.128901,0.00199238,0.714797,0.766992
2932,1,0.0483306,0.14626,-0.132723,1,1,1,5.97821,0.158825,0.134227,0.00204546,0.657399,0.688037
2933,1,0.0490601,0.145568,-0.144229,1,1,1,5.97888,0.0977384,0.151272,0.00207735,0.467074,0.654199
2934,1,0.049786,0.144818,-0.155647,1,1,1,5.97927,0.106465,0.117183,0.00212276,0.839882,0.688037
2935,1,0.0505081,0.144011,-0.166971,1,1,1,5.98022,0.188496,0.134227,0.00218751,0.653277,0.620361
2936,1,0.0512261,0.143148,-0.178193,1,1,1,5.9809,0.155334,0.120379,0.00229166,0.811783,0.823389
2937,1,0.0519396,0.142229,-0.189307,1,1,1,5.98166,0.0994838,0.156599,0.002291,0.403175,0.721875
2938,1,0.0526482,0.141256,-0.2003,1,1,1,5.98195,0.0837758,0.14275,0.00234263,0.548785,0.710596
2939,1,0.053352,0.140227,-0.211172,1,1,1,5.98281,0.151844,0.138489,0.00239633,0.588549,0.778271
2940,1,0.0540505,0.139144,-0.221914,1,1,1,5.98339,0.102974,0.140619,0.00245929,0.558575,0.676758
2941,1,0.0547434,0.138008,-0.232517,1,1,1,5.98415,0.129154,0.10866,0.00250706,0.900941,0.665479
2942,1,0.0554305,0.136819,-0.242973,1,1,1,5.98483,0.162316,0.143815,0.00258336,0.508197,0.721875
2943,1,0.0561116,0.135578,-0.253279,1,1,1,5.98559,0.0820305,0.134227,0.00261208,0.600732,0.64292
2944,1,0.0567861,0.134287,-0.263422,1,1,1,5.98598,0.123918,0.139554,0.00259366,0.522377,0.64292
2945,1,0.0574543,0.132944,-0.2734,1,1,1,5.98674,0.127409,0.14488,0.00255731,0.441051,0.439893
2946,1,0.0581155,0.131553,-0.283203,1,1,1,5.98722,0.143117,0.132097,0.00256547,0.564235,0.575244
2947,1,0.0587698,0.130112,-0.292826,1,1,1,5.98809,0.115192,0.12464,0.00252638,0.622013,0.48501
2948,1,0.0594166,0.128625,-0.302258,1,1,1,5.98847,0.0802851,0.135293,0.00253086,0.485774,0.48501
2949,1,0.0600559,0.12709,-0.311495,1,1,1,5.98933,0.137881,0.115052,0.00251595,0.686257,0.451172
2950,1,0.0606874,0.12551,-0.320529,1,1,1,5.98981,0.122173,0.141684,0.00253911,0.375632,0.631641
2951,1,0.061311,0.123885,-0.329355,1,1,1,5.99039,0.0314159,0.119313,0.00255232,0.602214,0.428613
2952,1,0.0619262,0.122217,-0.33796,1,1,1,5.99077,0.169297,0.118248,0.00256846,0.594305,0.563965
2953,1,0.0625331,0.120506,-0.346343,1,1,1,5.99182,0.116937,0.103334,0.00263354,0.74471,0.766992
2954,1,0.0631312,0.118754,-0.354492,1,1,1,5.99211,0.0645772,0.116117,0.00263719,0.58186,0.563965
2955,1,0.0637205,0.116962,-0.362403,1,1,1,5.99278,0.113446,0.0916155,0.00268084,0.833967,0.507568
2956,1,0.0643007,0.11513,-0.370068,1,1,1,5.99326,0.139626,0.113987,0.00272216,0.569713,0.688037
2957,1,0.0648718,0.113261,-0.37748,1,1,1,5.99384,0.0593412,0.125705,0.00270944,0.415083,0.654199
2958,1,0.0654333,0.111356,-0.38463,1,1,1,5.99413,0.0750492,0.0916155,0.00274445,0.770228,0.620361
2959,1,0.0659852,0.109416,-0.391513,1,1,1,5.99499,0.158825,0.100138,0.00277608,0.655802,0.721875
2960,1,0.0665274,0.107441,-0.398121,1,1,1,5.99537,0.0715585,0.112921,0.00282937,0.496986,0.744434
2961,1,0.0670596,0.105435,-0.404447,1,1,1,5.99585,0.0541052,0.096942,0.00284995,0.649886,0.518848
2962,1,0.0675817,0.103397,-0.410483,1,1,1,5.99624,0.123918,0.0905502,0.00283451,0.692237,0.496289
2963,1,0.0680935,0.10133,-0.416222,1,1,1,5.99681,0.10472,0.104399,0.00285699,0.516619,0.507568
2964,1,0.0685949,0.0992357,-0.421658,1,1,1,5.99719,0.0890118,0.105464,0.00289186,0.482951,0.676758
2965,1,0.0690859,0.0971143,-0.426783,1,1,1,5.99767,0.0436332,0.0724402,0.00294939,0.826982,0.609082
2966,1,0.0695661,0.0949683,-0.431589,1,1,1,5.99806,0.13439,0.0628525,0.00304444,0.917907,0.631641
2967,1,0.0700355,0.0927991,-0.43607,1,1,1,5.99882,0.0890118,0.102269,0.0030829,0.462074,0.710596
2968,1,0.070494,0.0906082,-0.440218,1,1,1,5.99882,0.0191986,0.0756361,0.00311604,0.73186,0.609082
2969,1,0.0709416,0.0883973,-0.444027,1,1,1,5.99949,0.139626,0.0724402,0.0031144,0.739055,0.552686
2970,1,0.071378,0.0861683,-0.447488,1,1,1,5.99978,0.0645772,0.100138,0.0031253,0.407898,0.789551
2971,1,0.0718031,0.0839234,-0.450594,1,1,1,6.00017,0.0279253,0.0841585,0.00310803,0.553327,0.462451
2972,1,0.0722171,0.0816633,-0.45334,1,1,1,6.00045,0.111701,0.0713749,0.00312773,0.668344,0.47373
2973,1,0.0726198,0.0793902,-0.455718,1,1,1,6.00112,0.0907571,0.0703096,0.00309106,0.64692,0.518848
2974,1,0.073011,0.0771066,-0.457719,1,1,1,6.00132,0.0610865,0.0767014,0.00314616,0.555498,0.688037
2975,1,0.0733908,0.074814,-0.459337,1,1,1,6.00189,0.0436332,0.0798973,0.00311512,0.48779,0.597803
2976,1,0.0737592,0.0725138,-0.460565,1,1,1,6.00199,0.0261799,0.0948114,0.00302169,0.28294,0.439893
2977,1,0.074116,0.0702089,-0.461395,1,1,1,6.00247,0.0802851,0.0607219,0.0029938,0.625761,0.372217
2978,1,0.0744613,0.0679006,-0.461821,1,1,1,6.00275,0.0628319,0.0671137,0.00294991,0.52118,0.417334
2979,1,0.074795,0.0655913,-0.461835,1,1,1,6.00323,0.0942478,0.0553954,0.00293388,0.619554,0.428613
2980,1,0.0751172,0.063283,-0.46143,1,1,1,6.00352,0.0610865,0.0490037,0.00298366,0.66809,0.552686
2981,1,0.0754278,0.0609775,-0.460599,1,1,1,6.0039,0.0715585,0.0671137,0.00301116,0.444259,0.541406
2982,1,0.075727,0.0586776,-0.459334,1,1,1,6.00419,0.0628319,0.0830932,0.00289603,0.225167,0.451172
2983,1,0.0760146,0.056385,-0.457628,1,1,1,6.00419,0.0191986,0.0543301,0.00289326,0.513226,0.439893
2984,1,0.0762908,0.054102,-0.455475,1,1,1,6.00458,0.0820305,0.0436772,0.00289293,0.602576,0.31582
2985,1,0.0765556,0.0518314,-0.452867,1,1,1,6.00496,0.0785398,0.0649831,0.00293103,0.345669,0.417334
2986,1,0.0768092,0.049574,-0.449796,1,1,1,6.00515,0.0401426,0.0511343,0.00290363,0.467046,0.48501
2987,1,0.0770514,0.047334,-0.446256,1,1,1,6.00534,0.0261799,0.0436772,0.00290996,0.52285,0.428613
2988,1,0.0772825,0.0451124,-0.44224,1,1,1,6.00553,0.0471239,0.0553954,0.00293174,0.370056,0.47373
2989,1,0.0775026,0.0429122,-0.437739,1,1,1,6.00582,0,0.0490037,0.00294525,0.415715,0.48501
2990,1,0.0777117,0.0407358,-0.432747,1,1,1,6.00592,0.020944,0.0426119,0.0028918,0.452897,0.281982
2991,1,0.07791,0.0385856,-0.427258,1,1,1,6.00611,0.0750492,0.0436772,0.00293873,0.421692,0.507568
2992,1,0.0780976,0.0364642,-0.421263,1,1,1,6.0064,0.0523599,0.0298283,0.00299132,0.555717,0.518848
2993,1,0.0782747,0.0343739,-0.414755,1,1,1,6.00659,0.0226893,0.0202406,0.00303658,0.642358,0.575244
2994,1,0.0784414,0.0323173,-0.407727,1,1,1,6.00669,0.0174533,0.039416,0.00301839,0.404716,0.530127
2995,1,0.0785979,0.0302974,-0.400172,1,1,1,6.00678,0.00872665,0.0319589,0.00299717,0.460162,0.394775
2996,1,0.0787444,0.0283168,-0.392084,1,1,1,6.00688,0.0174533,0.0447425,0.00294074,0.288867,0.304541
2997,1,0.0788812,0.0263775,-0.383453,1,1,1,6.00697,0.0174533,0.0234365,0.00287609,0.492059,0.214307
2998,1,0.0790083,0.0244829,-0.374273,1,1,1,6.00697,0.0331613,0.0245018,0.00289548,0.460888,0.349658
2999,1,0.0791261,0.0226359,-0.364539,1,1,1,6.00736,0.0383972,0.0010653,0.00293293,0.702285,0.552686
3000,1,0.0792347,0.0208384,-0.35424,1,1,1,6.00745,0,0.039416,0.00290947,0.256673,0.47373
3001,1,0.0793345,0.0190944,-0.343373,1,1,1,6.00745,0,0.0234365,0.00290168,0.4115,0.47373
3002,1,0.0794258,0.0174057,-0.331926,1,1,1,6.00745,0.0226893,-0.0010653,0.00293622,0.666422,0.48501
3003,1,0.0795087,0.015776,-0.319897,1,1,1,6.00764,0.0174533,0.0234365,0.00292045,0.376473,0.372217
3004,1,0.0795836,0.0142079,-0.307275,1,1,1,6.00764,0,0.0117183,0.00293799,0.490181,0.439893
3005,1,0.0796509,0.0127042,-0.294053,1,1,1,6.00774,0,0.010653,0.00295139,0.487039,0.47373
3006,1,0.0797108,0.0112682,-0.280225,1,1,1,6.00774,0.0174533,0.010653,0.0029585,0.472269,0.394775
3007,1,0.0797637,0.00990297,-0.265784,1,1,1,6.00784,0,0.0149142,0.0029248,0.406196,0.451172
3008,1,0.0798099,0.00861157,-0.250724,1,1,1,6.00784,0.0139626,0.0170448,0.00291129,0.36722,0.417334
3009,1,0.0798499,0.00739676,-0.235033,1,1,1,6.00784,0,1.95692e-19,0.00291377,0.542316,0.439893
3010,1,0.079884,0.00626223,-0.21871,1,1,1,6.00793,0,0.0010653,0.0028729,0.513556,0.563965
3011,1,0.0799127,0.00521085,-0.201743,1,1,1,6.00784,0.010472,-1.30461e-18,0.00288417,0.51623,0.304541
3012,1,0.0799363,0.00424585,-0.184126,1,1,1,6.00793,0.0226893,0.0010653,0.00288436,0.495159,0.47373
3013,1,0.0799553,0.00337059,-0.165853,1,1,1,6.00793,0.00174533,0.0117183,0.00289633,0.371378,0.496289
3014,1,0.0799701,0.00258846,-0.146918,1,1,1,6.00803,0,-0.010653,0.00294816,0.617364,0.48501
3015,1,0.0799813,0.00190259,-0.12731,1,1,1,6.00812,0,0.010653,0.00294466,0.376876,0.541406
3016,1,0.0799893,0.00131644,-0.107023,1,1,1,6.00803,-0.00698132,0.00958767,0.00291061,0.379762,0.48501
3017,1,0.0799947,0.000833445,-0.0860504,1,1,1,6.00803,0,0.00426119,0.00289373,0.433156,0.530127
3018,1,0.0799979,0.000457071,-0.0643868,1,1,1,6.00803,0.00349066,0.0117183,0.00287561,0.347176,0.620361
3019,1,0.0799994,0.000190773,-0.0420251,1,1,1,6.00803,-0.00349066,-0.00319589,0.00289649,0.513881,0.47373
3020,1,0.0799999,3.80251e-05,-0.0189533,1,1,1,6.00812,0.00698132,0.00958767,0.00285344,0.368971,0.417334
3021,1,0.08,0,0,1,1,1,6.00803,0.00523599,0.0138489,0.00281915,0.319791,0.383496
3022,1,0.08,0,0,1,1,1,6.00803,0.0244346,0.00319589,0.00284584,0.440496,0.64292
3023,1,0.08,0,0,1,1,1,6.00803,0,-0.0170448,0.0028385,0.662174,0.428613
3024,1,0.08,0,0,1,1,1,6.00812,0.0139626,-0.0010653,0.00282332,0.484396,0.530127
3025,1,0.08,0,0,1,1,1,6.00812,0,0.0159795,0.00281354,0.295613,0.609082
3026,1,0.08,0,0,1,1,1,6.00812,-0.00872665,-0.0010653,0.00280006,0.481326,0.372217
3027,1,0.08,0,0,1,1,1,6.00812,0.0139626,-0.0149142,0.00283655,0.63848,0.563965
3028,1,0.08,0,0,1,1,1,6.00812,0,0.0213059,0.00282304,0.238276,0.48501
3029,1,0.08,0,0,1,1,1,6.00812,-0.0279253,-0.00852238,0.0027966,0.562898,0.428613
3030,1,0.08,0,0,1,1,1,6.00803,0.0174533,-0.00958767,0.00280134,0.575242,0.552686
3031,1,0.08,0,0,1,1,1,6.00812,0,0.00426119,0.0028383,0.427783,0.676758
3032,1,0.08,0,0,1,1,1,6.00822,0,-0.00958767,0.00285079,0.581769,0.620361
3033,1,0.08,0,0,1,1,1,6.00822,0,0.00958767,0.00276585,0.359628,0.3271
3034,1,0.08,0,0,1,1,1,6.00812,-0.00174533,0.0149142,0.00270481,0.292979,0.281982
3035,1,0.08,0,0,1,1,1,6.00812,0,-0.00852238,0.00269075,0.548926,0.270703
3036,1,0.08,0,0,1,1,1,6.00812,0.0226893,0.0127836,0.00271237,0.317413,0.47373
3037,1,0.08,0,0,1,1,1,6.00822,0,0.00958767,0.00270252,0.351268,0.654199
3038,1,0.08,0,0,1,1,1,6.00822,0,0.00852238,0.00265349,0.356514,0.338379
3039,1,0.08,0,0,1,1,1,6.00812,0,0.0191753,0.0026413,0.237723,0.48501
3040,1,0.08,0,0,1,1,1,6.00812,0,0.0149142,0.00261979,0.281757,0.47373
3041,1,0.08,0,0,1,1,1,6.00812,-0.00174533,-0.0191753,0.0026163,0.65628,0.372217
3042,1,0.08,0,0,1,1,1,6.00812,0,0.010653,0.00259521,0.325385,0.439893
3043,1,0.08,0,0,1,1,1,6.00812,-0.0174533,-0.00213059,0.00261158,0.468165,0.338379
3044,1,0.08,0,0,1,1,1,6.00822,0.0349066,0.0245018,0.00257465,0.170334,0.372217
3045,1,0.08,0,0,1,1,1,6.00812,-0.0122173,0.00532648,0.00256497,0.379985,0.372217
3046,1,0.08,0,0,1,1,1,6.00812,0.010472,0.0010653,0.00258315,0.429257,0.439893
3047,1,0.08,0,0,1,1,1,6.00822,0,0.00639178,0.00259857,0.372701,0.47373
3048,1,0.08,0,0,1,1,1,6.00822,0,0.010653,0.00255378,0.319916,0.338379
3049,1,0.08,0,0,1,1,1,6.00812,0,0.0298283,0.00252432,0.105099,0.372217
3050,1,0.08,0,0,1,1,1,6.00812,0,-0.00319589,0.00247963,0.462466,0.270703
3051,1,0.08,0,0,1,1,1,6.00812,0,0.00213059,0.00248525,0.404617,0.3271
3052,1,0.08,0,0,1,1,1,6.00812,0,0.0010653,0.00248991,0.41695,0.48501
3053,1,0.08,0,0,1,1,1,6.00822,-0.00698132,0.00852238,0.00246356,0.331443,0.439893
3054,1,0.08,0,0,1,1,1,6.00812,-0.00349066,0.00213059,0.00240866,0.394506,0.180469
3055,1,0.08,0,0,1,1,1,6.00812,0.0174533,-0.00426119,0.00239163,0.462568,0.3271
3056,1,0.08,0,0,1,1,1,6.00812,0,6.52306e-20,0.00240563,0.417543,0.383496
3057,1,0.08,0,0,1,1,1,6.00812,0,0.00745708,0.00241286,0.336469,0.428613
3058,1,0.08,0,0,1,1,1,6.00812,0,0.0255671,0.00238623,0.133744,0.338379
3059,1,0.08,0,0,1,1,1,6.00812,-0.0174533,-0.00319589,0.00242734,0.455564,0.530127
3060,1,0.08,0,0,1,1,1,6.00822,0.0226893,-0.00958767,0.00241759,0.524586,0.48501
3061,1,0.08,0,0,1,1,1,6.00822,0,0.010653,0.00239409,0.298837,0.394775
3062,1,0.08,0,0,1,1,1,6.00812,-0.00872665,-0.0234365,0.00241847,0.677039,0.3271
3063,1,0.08,0,0,1,1,1,6.00832,0.0139626,4.56614e-19,0.00240914,0.418006,0.349658
3064,1,0.08,0,0,1,1,1,6.00812,-0.015708,0.00639178,0.00239421,0.345727,0.383496
3065,1,0.08,0,0,1,1,1,6.00812,0,0.00213059,0.00239174,0.392274,0.31582
3066,1,0.08,0,0,1,1,1,6.00822,0.0191986,-0.0010653,0.00239662,0.428072,0.383496
3067,1,0.08,0,0,1,1,1,6.00822,0,0.0127836,0.00236206,0.271172,0.406055
3068,1,0.08,0,0,1,1,1,6.00812,-0.0174533,-0.0138489,0.00232714,0.55952,0.338379
3069,1,0.08,0,0,1,1,1,6.00822,0.0191986,-0.0138489,0.00234228,0.561519,0.338379
3070,1,0.08,0,0,1,1,1,6.00822,0,-0.00852238,0.0023612,0.505425,0.496289
3071,1,0.08,0,0,1,1,1,6.00822,0,0.010653,0.00234888,0.29287,0.293262
3072,1,0.08,0,0,1,1,1,6.00812,0,0.00532648,0.00231259,0.346671,0.293262
3073,1,0.08,0,0,1,1,1,6.00822,0,0.00745708,0.00230814,0.322646,0.191748
3074,1,0.08,0,0,1,1,1,6.00812,0.00349066,0.00532648,0.00229921,0.344905,0.383496
3075,1,0.08,0,0,1,1,1,6.00812,-0.00872665,0.00319589,0.00231146,0.369957,0.406055
3076,1,0.08,0,0,1,1,1,6.00812,0,-0.010653,0.0023342,0.525297,0.394775
3077,1,0.08,0,0,1,1,1,6.00822,0,0.0159795,0.00234901,0.234295,0.563965
3078,1,0.08,0,0,1,1,1,6.00822,0,-0.00532648,0.00235888,0.469963,0.451172
3079,1,0.08,0,0,1,1,1,6.00822,0.00872665,0.00532648,0.00233487,0.349611,0.417334
3080,1,0.08,0,0,1,1,1,6.00822,0,0.0010653,0.00230678,0.392776,0.3271
3081,1,0.08,0,0,1,1,1,6.00822,0,2.54399e-18,0.00229232,0.402586,0.360938
3082,1,0.08,0,0,1,1,1,6.00822,0,-0.0170448,0.00233807,0.596117,0.31582
3083,1,0.08,0,0,1,1,1,6.00822,0,0.00958767,0.00230414,0.298682,0.383496
3084,1,0.08,0,0,1,1,1,6.00822,0,0.0159795,0.00228324,0.225614,0.293262
3085,1,0.08,0,0,1,1,1,6.00812,-0.00523599,0.00426119,0.00225128,0.350296,0.338379
3086,1,0.08,0,0,1,1,1,6.00812,0.00872665,-0.0010653,0.00223641,0.406925,0.417334
3087,1,0.08,0,0,1,1,1,6.00822,0,0.0159795,0.00221557,0.216681,0.248145
3088,1,0.08,0,0,1,1,1,6.00812,0,0.00745708,0.00218643,0.306581,0.236865
3089,1,0.08,0,0,1,1,1,6.00812,0,0.00639178,0.00216032,0.314852,0.293262
3090,1,0.08,0,0,1,1,1,6.00822,0.0401426,0.0138489,0.00214992,0.231452,0.417334
3091,1,0.08,0,0,1,1,1,6.00812,-0.010472,0.00319589,0.00217695,0.352203,0.518848
3092,1,0.08,0,0,1,1,1,6.00822,0.00174533,0.0245018,0.0021516,0.114492,0.394775
3093,1,0.08,0,0,1,1,1,6.00812,-0.015708,-0.00426119,0.00215561,0.431414,0.338379
3094,1,0.08,0,0,1,1,1,6.00822,0.010472,-0.010653,0.00213909,0.499542,0.304541
3095,1,0.08,0,0,1,1,1,6.00812,0.0122173,0.0149142,0.00210154,0.213348,0.281982
3096,1,0.08,0,0,1,1,1,6.00812,0,-0.00852238,0.00213026,0.474941,0.406055
3097,1,0.08,0,0,1,1,1,6.00822,0,3.91384e-19,0.00211707,0.379453,0.270703
3098,1,0.08,0,0,1,1,1,6.00812,0,0.0202406,0.00208733,0.15288,0.439893
3099,1,0.08,0,0,1,1,1,6.00812,-0.0139626,0.00639178,0.0020545,0.300884,0.372217
3100,1,0.08,0,0,1,1,1,6.00812,0,-0.0223712,0.00208352,0.621108,0.417334
3101,1,0.08,0,0,1,1,1,6.00822,0.0349066,0.0117183,0.00206571,0.243773,0.372217
3102,1,0.08,0,0,1,1,1,6.00822,-0.00872665,0.0223712,0.00204675,0.124087,0.270703
3103,1,0.08,0,0,1,1,1,6.00812,0,0.00852238,0.00202025,0.272927,0.281982
3104,1,0.08,0,0,1,1,1,6.00812,0,0.00852238,0.0020111,0.271719,0.281982
3105,1,0.08,0,0,1,1,1,6.00822,0,-0.00213059,0.00199152,0.386318,0.259424
3106,1,0.08,0,0,1,1,1,6.00812,0,0.00852238,0.00198625,0.268439,0.406055
3107,1,0.08,0,0,1,1,1,6.00812,-0.010472,0.0138489,0.00197789,0.208743,0.293262
3108,1,0.08,0,0,1,1,1,6.00812,0.00872665,-0.0138489,0.00196951,0.512313,0.281982
3109,1,0.08,0,0,1,1,1,6.00822,0.0139626,0.0159795,0.00194786,0.181344,0.338379
3110,1,0.08,0,0,1,1,1,6.00822,0,0.0234365,0.00192011,0.095652,0.270703
3111,1,0.08,0,0,1,1,1,6.00812,-0.0174533,0.00426119,0.00193527,0.308582,0.293262
3112,1,0.08,0,0,1,1,1,6.00822,0.0244346,0.0213059,0.00191112,0.117903,0.406055
3113,1,0.08,0,0,1,1,1,6.00803,-0.015708,-0.00745708,0.00190864,0.433968,0.31582
3114,1,0.08,0,0,1,1,1,6.00822,0.0174533,0.00319589,0.00190306,0.316049,0.293262
3115,1,0.08,0,0,1,1,1,6.00812,0,-0.00639178,0.00192186,0.423996,0.236865
3116,1,0.08,0,0,1,1,1,6.00822,0.0174533,0.0010653,0.00191057,0.340477,0.281982
3117,1,0.08,0,0,1,1,1,6.00812,0,-0.00745708,0.00192177,0.435702,0.349658
3118,1,0.08,0,0,1,1,1,6.00812,0,-0.00852238,0.00196715,0.45341,0.439893
3119,1,0.08,0,0,1,1,1,6.00822,0,-0.00958767,0.00196494,0.464837,0.406055
3120,1,0.08,0,0,1,1,1,6.00822,0,0.0010653,0.00194829,0.345455,0.462451
3121,1,0.08,-4.82316e-06,-0.00960382,1,1,1,6.00822,0,-0.00319589,0.00191883,0.38702,0.372217
3122,1,0.0799997,-0.00017095,-0.056603,1,1,1,6.00812,-0.015708,-0.0127836,0.00189839,0.481079,0.304541
3123,1,0.0799979,-0.000568421,-0.10217,1,1,1,6.00812,0.00872665,-0.0213059,0.00191807,0.566073,0.191748
3124,1,0.0799936,-0.00119028,-0.146335,1,1,1,6.00822,0.020944,0.00319589,0.00186104,0.27511,0.417334
3125,1,0.0799856,-0.00202947,-0.189106,1,1,1,6.00803,-0.00523599,0.0159795,0.00184684,0.116228,0.203027
3126,1,0.079973,-0.00307904,-0.230496,1,1,1,6.00812,0,0.00426119,0.00185885,0.227931,0.3271
3127,1,0.0799545,-0.0043321,-0.27052,1,1,1,6.00812,0,-0.0138489,0.00184324,0.403988,0.191748
3128,1,0.0799293,-0.00578209,-0.309199,1,1,1,6.00803,0,-0.00426119,0.00183409,0.27399,0.146631
3129,1,0.0798964,-0.00742187,-0.346535,1,1,1,6.00803,0,-0.00852238,0.00182172,0.293761,0.180469
3130,1,0.0798548,-0.00924518,-0.382552,1,1,1,6.00803,0,0.00532648,0.00176399,0.10626,0.248145
3131,1,0.0798036,-0.011245,-0.417258,1,1,1,6.00803,-0.00174533,0.00426119,0.00170154,0.080207,0.0902344
3132,1,0.079742,-0.0134156,-0.450677,1,1,1,6.00803,0,0.00958767,0.00161083,-0.0218045,0.0451172
3133,1,0.0796692,-0.0157499,-0.482814,1,1,1,6.00793,-0.00872665,0.00958767,0.0015611,-0.0616477,0.0789551
3134,1,0.0795843,-0.0182417,-0.513688,1,1,1,6.00793,0,0.010653,0.00143017,-0.126523,0.0112793
3135,1,0.0794865,-0.0208845,-0.543309,1,1,1,6.00784,-0.0174533,-0.00426119,0.0013543,-0.00933371,0
3136,1,0.0793752,-0.0236728,-0.571699,1,1,1,6.00784,0,-0.00319589,0.00124013,-0.0749085,-0.0225586
3137,1,0.0792496,-0.0265997,-0.598865,1,1,1,6.00784,-0.0174533,-0.00958767,0.00116647,-0.0541185,0
3138,1,0.079109,-0.0296594,-0.624825,1,1,1,6.00784,-0.0122173,-0.0170448,0.00106322,-0.0277057,0
3139,1,0.0789528,-0.0328459,-0.649592,1,1,1,6.00774,0,-0.0138489,0.000954619,-0.120742,-0.0563965
3140,1,0.0787803,-0.0361533,-0.673182,1,1,1,6.00774,-0.0174533,-0.00958767,0.000792799,-0.234805,-0.0902344
3141,1,0.078591,-0.039576,-0.695609,1,1,1,6.00755,-0.0139626,-0.00852238,0.000656775,-0.311661,-0.0563965
3142,1,0.0783844,-0.0431074,-0.716884,1,1,1,6.00755,-0.00872665,-0.0159795,0.000507199,-0.298129,-0.15791
3143,1,0.0781598,-0.0467425,-0.737026,1,1,1,6.00745,-0.0174533,-0.0170448,0.000354474,-0.356438,-0.225586
3144,1,0.0779168,-0.0504761,-0.75605,1,1,1,6.00736,-0.0191986,0.00852238,0.000169183,-0.713485,-0.225586
3145,1,0.0776549,-0.0543013,-0.773965,1,1,1,6.00716,-0.0663225,0.00426119,-3.05008e-05,-0.746421,-0.225586
3146,1,0.0773736,-0.0582139,-0.79079,1,1,1,6.00688,-0.0663225,-0.0191753,-0.000230959,-0.569743,-0.563965
3147,1,0.0770726,-0.0622073,-0.806536,1,1,1,6.00669,-0.0191986,-0.0266324,-0.000397995,-0.564914,-0.417334
3148,1,0.0767514,-0.0662772,-0.821221,1,1,1,6.00649,-0.0575959,-0.0543301,-0.0005834,-0.341266,-0.530127
3149,1,0.0764097,-0.0704178,-0.834858,1,1,1,6.0063,0,-0.0447425,-0.00073048,-0.522581,-0.597803
3150,1,0.0760471,-0.0746243,-0.847461,1,1,1,6.00621,-0.0453786,-0.0351548,-0.000869032,-0.703619,-0.439893
3151,1,0.0756634,-0.0788909,-0.859044,1,1,1,6.00573,-0.0977384,-0.0447425,-0.00100094,-0.673454,-0.428613
3152,1,0.0752581,-0.083213,-0.869621,1,1,1,6.00544,-0.0890118,-0.0671137,-0.00114292,-0.504571,-0.597803
3153,1,0.0748312,-0.0875851,-0.879208,1,1,1,6.00515,-0.0279253,-0.0724402,-0.00124123,-0.517345,-0.620361
3154,1,0.0743822,-0.0920036,-0.88782,1,1,1,6.00486,-0.0663225,-0.0735055,-0.00132741,-0.575549,-0.383496
3155,1,0.0739111,-0.0964619,-0.895468,1,1,1,6.00429,-0.111701,-0.0926808,-0.00144539,-0.439865,-0.518848
3156,1,0.0734175,-0.100957,-0.90217,1,1,1,6.004,-0.0558505,-0.0894849,-0.00146466,-0.536748,-0.518848
3157,1,0.0729014,-0.105482,-0.907938,1,1,1,6.00352,-0.0785398,-0.0862891,-0.00155345,-0.643572,-0.609082
3158,1,0.0723627,-0.110034,-0.912787,1,1,1,6.00304,-0.125664,-0.0905502,-0.00166276,-0.67084,-0.417334
3159,1,0.071801,-0.114609,-0.916733,1,1,1,6.00247,-0.106465,-0.0905502,-0.00170802,-0.737022,-0.541406
3160,1,0.0712166,-0.1192,-0.919788,1,1,1,6.00208,-0.122173,-0.110791,-0.00182403,-0.590024,-0.733154
3161,1,0.070609,-0.123805,-0.921968,1,1,1,6.00141,-0.0855211,-0.136358,-0.00178778,-0.363915,-0.563965
3162,1,0.0699785,-0.128418,-0.923287,1,1,1,6.00093,-0.132645,-0.133162,-0.00191179,-0.475836,-0.586523
3163,1,0.0693248,-0.133037,-0.923759,1,1,1,6.00017,-0.0645772,-0.100138,-0.00191795,-0.899824,-0.518848
3164,1,0.0686481,-0.137654,-0.923398,1,1,1,5.99969,-0.174533,-0.134227,-0.00194536,-0.588461,-0.665479
3165,1,0.0679484,-0.142269,-0.92222,1,1,1,5.99882,-0.111701,-0.123574,-0.00198206,-0.769788,-0.631641
3166,1,0.0672252,-0.146877,-0.920238,1,1,1,5.99825,-0.179769,-0.139554,-0.0020343,-0.660603,-0.563965
3167,1,0.0664796,-0.15147,-0.917468,1,1,1,5.99719,-0.178024,-0.161925,-0.00208203,-0.480471,-0.834668
3168,1,0.0657109,-0.156048,-0.913923,1,1,1,5.99652,-0.141372,-0.157664,-0.00209614,-0.587494,-0.845947
3169,1,0.064919,-0.160608,-0.909616,1,1,1,5.99585,-0.127409,-0.164056,-0.00210597,-0.576634,-0.64292
3170,1,0.0641047,-0.165144,-0.904564,1,1,1,5.99508,-0.181514,-0.182166,-0.00204726,-0.426207,-0.428613
3171,1,0.0632678,-0.169652,-0.898782,1,1,1,5.99422,-0.176278,-0.1811,-0.00202652,-0.491362,-0.541406
3172,1,0.0624082,-0.174131,-0.892281,1,1,1,5.99336,-0.200713,-0.168317,-0.00205412,-0.692559,-0.552686
3173,1,0.0615266,-0.178574,-0.885079,1,1,1,5.9923,-0.165806,-0.200276,-0.00202024,-0.392247,-0.586523
3174,1,0.0606226,-0.18298,-0.877187,1,1,1,5.99163,-0.15708,-0.169382,-0.00201932,-0.786743,-0.563965
3175,1,0.0596968,-0.187345,-0.868622,1,1,1,5.99039,-0.246091,-0.183231,-0.00203877,-0.692305,-0.597803
3176,1,0.0587492,-0.191665,-0.859397,1,1,1,5.98962,-0.164061,-0.186427,-0.00207383,-0.716758,-0.778271
3177,1,0.0577802,-0.195938,-0.849527,1,1,1,5.98847,-0.191986,-0.198145,-0.00208261,-0.643146,-0.699316
3178,1,0.0567899,-0.200159,-0.839026,1,1,1,5.9878,-0.171042,-0.202406,-0.00205175,-0.644264,-0.64292
3179,1,0.0557786,-0.204327,-0.827909,1,1,1,5.98665,-0.20944,-0.208798,-0.00203026,-0.622675,-0.586523
3180,1,0.0547467,-0.208437,-0.81619,1,1,1,5.98588,-0.174533,-0.208798,-0.00203311,-0.674372,-0.541406
3181,1,0.0536943,-0.212488,-0.803883,1,1,1,5.98463,-0.228638,-0.200276,-0.00209649,-0.827844,-0.789551
3182,1,0.0526219,-0.216476,-0.791004,1,1,1,5.98368,-0.205949,-0.200276,-0.00216542,-0.888119,-0.710596
3183,1,0.0515297,-0.220397,-0.777566,1,1,1,5.98224,-0.26529,-0.204537,-0.00221439,-0.897602,-0.857227
3184,1,0.0504182,-0.22425,-0.763585,1,1,1,5.98147,-0.172788,-0.2333,-0.00224219,-0.63387,-0.845947
3185,1,0.0492874,-0.228032,-0.749072,1,1,1,5.98003,-0.207694,-0.229039,-0.00221254,-0.723124,-0.766992
3186,1,0.048138,-0.23174,-0.734044,1,1,1,5.97927,-0.202458,-0.223712,-0.00219842,-0.825499,-0.733154
3187,1,0.04697,-0.235372,-0.718513,1,1,1,5.97783,-0.223402,-0.227974,-0.00217225,-0.81946,-0.654199
3188,1,0.0457843,-0.238924,-0.702499,1,1,1,5.97706,-0.176278,-0.250345,-0.00213159,-0.611319,-0.609082
3189,1,0.044581,-0.242396,-0.686011,1,1,1,5.97553,-0.279253,-0.243953,-0.00213466,-0.72493,-0.654199
3190,1,0.0433606,-0.245783,-0.669066,1,1,1,5.97428,-0.308923,-0.224778,-0.00213479,-0.977279,-0.766992
3191,1,0.0421234,-0.249085,-0.651676,1,1,1,5.97294,-0.251327,-0.257802,-0.00215961,-0.658775,-0.766992
3192,1,0.0408697,-0.2523,-0.633856,1,1,1,5.97188,-0.260054,-0.247149,-0.00216478,-0.815934,-0.744434
3193,1,0.0396005,-0.255423,-0.615624,1,1,1,5.97044,-0.214675,-0.263128,-0.00213125,-0.673603,-0.688037
3194,1,0.0383158,-0.258455,-0.596991,1,1,1,5.96968,-0.198968,-0.276977,-0.00210988,-0.55522,-0.665479
3195,1,0.037016,-0.261393,-0.57797,1,1,1,5.96805,-0.305433,-0.255671,-0.00214044,-0.8299,-0.902344
3196,1,0.0357018,-0.264235,-0.558577,1,1,1,5.9668,-0.286234,-0.265259,-0.0022169,-0.771157,-0.97002
3197,1,0.0343739,-0.266978,-0.538831,1,1,1,5.96527,-0.18675,-0.275912,-0.00221543,-0.687189,-0.95874
3198,1,0.0330322,-0.269622,-0.518739,1,1,1,5.9645,-0.216421,-0.272716,-0.00222098,-0.755163,-0.823389
3199,1,0.0316779,-0.272165,-0.498322,1,1,1,5.96297,-0.251327,-0.254606,-0.00225569,-0.99027,-0.721875
3200,1,0.0303109,-0.274605,-0.477589,1,1,1,5.96191,-0.303687,-0.262063,-0.00237654,-0.956398,-1.01514
3201,1,0.028932,-0.27694,-0.456556,1,1,1,5.96009,-0.253073,-0.250345,-0.00249058,-1.13108,-1.20688
3202,1,0.0275415,-0.27917,-0.435237,1,1,1,5.95904,-0.270526,-0.250345,-0.00259762,-1.17483,-1.12793
3203,1,0.0261404,-0.281292,-0.413649,1,1,1,5.95741,-0.274017,-0.253541,-0.00269012,-1.17973,-0.879785
3204,1,0.0247287,-0.283306,-0.391803,1,1,1,5.95635,-0.321141,-0.26952,-0.00278264,-1.04311,-0.891064
3205,1,0.0233075,-0.28521,-0.369717,1,1,1,5.95463,-0.249582,-0.283369,-0.00280095,-0.914254,-1.0377
3206,1,0.021877,-0.287003,-0.347404,1,1,1,5.95357,-0.261799,-0.271651,-0.00283751,-1.06685,-0.95874
3207,1,0.0204378,-0.288683,-0.324878,1,1,1,5.95165,-0.34383,-0.28763,-0.00290984,-0.918119,-1.10537
3208,1,0.0189904,-0.290251,-0.302153,1,1,1,5.9506,-0.21293,-0.306806,-0.00287349,-0.718443,-0.902344
3209,1,0.0175353,-0.291705,-0.279239,1,1,1,5.94897,-0.312414,-0.306806,-0.00282587,-0.726813,-0.665479
3210,1,0.0160735,-0.293043,-0.256161,1,1,1,5.94772,-0.298451,-0.30361,-0.00276476,-0.767091,-0.721875
3211,1,0.0146051,-0.294266,-0.232925,1,1,1,5.9459,-0.321141,-0.297218,-0.00276158,-0.84868,-0.823389
3212,1,0.0131312,-0.295372,-0.209551,1,1,1,5.94446,-0.349066,-0.278043,-0.00274238,-1.06741,-0.845947
3213,1,0.0116516,-0.296361,-0.186044,1,1,1,5.94274,-0.333358,-0.311067,-0.00270993,-0.708686,-0.823389
3214,1,0.0101662,-0.297233,-0.162408,1,1,1,5.94149,-0.282743,-0.315328,-0.00266779,-0.66357,-0.902344
3215,1,0.00867941,-0.297986,-0.138714,1,1,1,5.93996,-0.272271,-0.304675,-0.00261333,-0.77951,-0.891064
3216,1,0.00718786,-0.29862,-0.114917,1,1,1,5.93861,-0.310669,-0.30361,-0.00255231,-0.787617,-0.699316
3217,1,0.00569351,-0.299135,-0.0910522,1,1,1,5.9367,-0.357792,-0.308936,-0.00252881,-0.72888,-0.902344
3218,1,0.00419679,-0.29953,-0.067131,1,1,1,5.93545,-0.29147,-0.295087,-0.00254034,-0.884207,-1.0377
3219,1,0.00269851,-0.299806,-0.0431716,1,1,1,5.93373,-0.258309,-0.298283,-0.00250542,-0.844426,-0.721875
3220,1,0.00119898,-0.299962,-0.0191833,1,1,1,5.93277,-0.277507,-0.302544,-0.00246371,-0.790577,-0.80083
3221,1,-0.000301038,-0.299998,0.0048166,1,1,1,5.93075,-0.356047,-0.319589,-0.00245864,-0.599455,-0.834668
3222,1,-0.00180099,-0.299913,0.0288145,1,1,1,5.92932,-0.338594,-0.295087,-0.00253504,-0.874611,-0.924902
3223,1,-0.00329998,-0.299709,0.0527912,1,1,1,5.92749,-0.267035,-0.316393,-0.00250438,-0.630282,-0.924902
3224,1,-0.00479829,-0.299386,0.0767464,1,1,1,5.92663,-0.20944,-0.304675,-0.00244251,-0.743644,-0.721875
3225,1,-0.0062937,-0.298942,0.10064,1,1,1,5.9249,-0.305433,-0.317458,-0.00237867,-0.585752,-0.575244
3226,1,-0.00778687,-0.298379,0.124477,1,1,1,5.92375,-0.296706,-0.306806,-0.00238005,-0.6928,-0.710596
3227,1,-0.00927734,-0.297697,0.148246,1,1,1,5.92174,-0.286234,-0.310001,-0.00239997,-0.648543,-0.981299
3228,1,-0.0107638,-0.296897,0.171921,1,1,1,5.92069,-0.258309,-0.298283,-0.00242883,-0.768033,-0.981299
3229,1,-0.0122459,-0.295979,0.195492,1,1,1,5.91896,-0.277507,-0.273781,-0.00250594,-1.03309,-0.947461
3230,1,-0.0137234,-0.294942,0.218948,1,1,1,5.91781,-0.275762,-0.292957,-0.0025552,-0.812576,-1.04897
3231,1,-0.0151952,-0.293789,0.242268,1,1,1,5.91628,-0.261799,-0.291891,-0.00260029,-0.812762,-0.95874
3232,1,-0.016661,-0.29252,0.265443,1,1,1,5.91493,-0.329867,-0.290826,-0.00262828,-0.809292,-0.913623
3233,1,-0.0181202,-0.291135,0.288458,1,1,1,5.9134,-0.260054,-0.26739,-0.00271782,-1.05859,-0.97002
3234,1,-0.0195722,-0.289636,0.311295,1,1,1,5.91215,-0.319395,-0.268455,-0.00280231,-1.03632,-0.947461
3235,1,-0.0210163,-0.288023,0.333943,1,1,1,5.91052,-0.235619,-0.298283,-0.00279577,-0.684323,-0.879785
3236,1,-0.0224523,-0.286296,0.356389,1,1,1,5.90966,-0.233874,-0.281238,-0.00280081,-0.848054,-0.834668
3237,1,-0.0238792,-0.284459,0.378612,1,1,1,5.90784,-0.331613,-0.250345,-0.0028871,-1.17352,-0.891064
3238,1,-0.0252966,-0.282511,0.400603,1,1,1,5.9065,-0.354302,-0.257802,-0.00299419,-1.07855,-1.11665
3239,1,-0.0267039,-0.280454,0.422344,1,1,1,5.90496,-0.249582,-0.290826,-0.00303744,-0.692575,-0.868506
3240,1,-0.028101,-0.278288,0.443829,1,1,1,5.90391,-0.249582,-0.279108,-0.003024,-0.790003,-0.688037
3241,1,-0.0294868,-0.276016,0.465033,1,1,1,5.90228,-0.296706,-0.256737,-0.00304745,-1.00821,-0.721875
3242,1,-0.030861,-0.273638,0.485947,1,1,1,5.90113,-0.280998,-0.288695,-0.00305095,-0.624881,-0.744434
3243,1,-0.0322229,-0.271157,0.506554,1,1,1,5.8994,-0.242601,-0.274847,-0.00304917,-0.743573,-0.868506
3244,1,-0.0335723,-0.268573,0.526843,1,1,1,5.89835,-0.268781,-0.271651,-0.00303161,-0.74173,-0.789551
3245,1,-0.0349085,-0.265889,0.546798,1,1,1,5.89691,-0.211185,-0.291891,-0.00296002,-0.473754,-0.586523
3246,1,-0.0362311,-0.263105,0.566406,1,1,1,5.89595,-0.272271,-0.280173,-0.00294242,-0.563347,-0.563965
3247,1,-0.0375394,-0.260225,0.58565,1,1,1,5.89413,-0.263545,-0.279108,-0.00288103,-0.528796,-0.586523
3248,1,-0.0388332,-0.25725,0.604516,1,1,1,5.89307,-0.282743,-0.263128,-0.00282496,-0.657874,-0.609082
3249,1,-0.0401119,-0.254181,0.622992,1,1,1,5.89144,-0.261799,-0.25141,-0.0027426,-0.735533,-0.64292
3250,1,-0.0413747,-0.251021,0.641057,1,1,1,5.89039,-0.267035,-0.265259,-0.00254264,-0.51536,-0.676758
3251,1,-0.0426218,-0.247771,0.658707,1,1,1,5.88895,-0.240855,-0.264194,-0.00251194,-0.480526,-0.631641
3252,1,-0.0438525,-0.244434,0.675921,1,1,1,5.8879,-0.216421,-0.270585,-0.00257961,-0.375633,-0.406055
3253,1,-0.0450661,-0.241012,0.692686,1,1,1,5.88656,-0.256563,-0.245018,-0.00256335,-0.610302,-0.530127
3254,1,-0.0462624,-0.237508,0.708985,1,1,1,5.8854,-0.287979,-0.230104,-0.00259562,-0.733199,-0.699316
3255,1,-0.0474409,-0.233924,0.724805,1,1,1,5.88397,-0.205949,-0.230104,-0.00263225,-0.69168,-0.857227
3256,1,-0.0486018,-0.23026,0.74014,1,1,1,5.8832,-0.169297,-0.219451,-0.00267717,-0.76755,-0.812109
3257,1,-0.0497435,-0.226523,0.754959,1,1,1,5.88176,-0.263545,-0.218386,-0.00260082,-0.721117,-0.80083
3258,1,-0.0508666,-0.222712,0.769261,1,1,1,5.8809,-0.146608,-0.211994,-0.00276688,-0.764429,-0.654199
3259,1,-0.0519705,-0.218831,0.783026,1,1,1,5.87984,-0.221657,-0.207733,-0.0028225,-0.768942,-0.733154
3260,1,-0.0530549,-0.214882,0.796243,1,1,1,5.87898,-0.185005,-0.187492,-0.00281326,-0.939936,-0.845947
3261,1,-0.0541193,-0.210869,0.808894,1,1,1,5.87745,-0.240855,-0.196015,-0.00293724,-0.811386,-0.868506
3262,1,-0.0551634,-0.206795,0.820965,1,1,1,5.87668,-0.193732,-0.177905,-0.00304539,-0.973005,-0.891064
3263,1,-0.056187,-0.202661,0.832444,1,1,1,5.87553,-0.214675,-0.19708,-0.00312121,-0.719609,-0.857227
3264,1,-0.05719,-0.198471,0.843316,1,1,1,5.87486,-0.158825,-0.205602,-0.0031808,-0.580615,-0.812109
3265,1,-0.0581718,-0.194228,0.853566,1,1,1,5.8738,-0.144862,-0.194949,-0.00320077,-0.646808,-0.721875
3266,1,-0.0591321,-0.189937,0.863177,1,1,1,5.87323,-0.162316,-0.175774,-0.00326798,-0.812449,-0.699316
3267,1,-0.0600709,-0.185598,0.872139,1,1,1,5.87208,-0.172788,-0.148076,-0.00333852,-1.07179,-0.631641
3268,1,-0.060988,-0.181216,0.880436,1,1,1,5.87141,-0.190241,-0.164056,-0.00341817,-0.851438,-1.02642
3269,1,-0.061883,-0.176795,0.888052,1,1,1,5.87035,-0.151844,-0.16086,-0.00348078,-0.839387,-0.845947
3270,1,-0.062756,-0.172337,0.894976,1,1,1,5.86968,-0.178024,-0.128901,-0.00361783,-1.15318,-1.0377
3271,1,-0.0636064,-0.167846,0.90119,1,1,1,5.86863,-0.179769,-0.156599,-0.00368424,-0.801139,-0.913623
3272,1,-0.0644343,-0.163327,0.906681,1,1,1,5.86824,-0.0802851,-0.168317,-0.0037385,-0.623021,-0.823389
3273,1,-0.0652396,-0.158781,0.911435,1,1,1,5.86728,-0.151844,-0.152337,-0.00380158,-0.750524,-0.699316
3274,1,-0.0660222,-0.154213,0.915438,1,1,1,5.86661,-0.143117,-0.134227,-0.00385232,-0.899653,-0.654199
3275,1,-0.0667817,-0.149628,0.918674,1,1,1,5.86575,-0.171042,-0.145946,-0.00389285,-0.719231,-0.902344
3276,1,-0.0675183,-0.145028,0.921129,1,1,1,5.86518,-0.0715585,-0.134227,-0.00392367,-0.795263,-0.721875
3277,1,-0.0682319,-0.140418,0.92279,1,1,1,5.86441,-0.164061,-0.148076,-0.00393535,-0.58751,-0.688037
3278,1,-0.0689225,-0.135802,0.923642,1,1,1,5.86383,-0.127409,-0.140619,-0.00393645,-0.612765,-0.597803
3279,1,-0.06959,-0.131183,0.92367,1,1,1,5.86316,-0.150098,-0.12677,-0.00394284,-0.709115,-0.789551
3280,1,-0.0702343,-0.126566,0.92286,1,1,1,5.86259,-0.0872665,-0.118248,-0.00396568,-0.749196,-0.721875
3281,1,-0.0708557,-0.121955,0.921197,1,1,1,5.86182,-0.132645,-0.117183,-0.00401379,-0.71076,-0.744434
3282,1,-0.0714539,-0.117355,0.918668,1,1,1,5.86144,-0.0925025,-0.119313,-0.0040587,-0.637019,-0.665479
3283,1,-0.0720292,-0.11277,0.915257,1,1,1,5.86067,-0.10821,-0.104399,-0.00408212,-0.748239,-0.710596
3284,1,-0.0725816,-0.108205,0.910951,1,1,1,5.86038,-0.0872665,-0.111856,-0.00412087,-0.615761,-0.620361
3285,1,-0.0731113,-0.103662,0.905734,1,1,1,5.85971,-0.0942478,-0.109726,-0.0041059,-0.582066,-0.64292
3286,1,-0.0736187,-0.0991449,0.899587,1,1,1,5.85933,-0.0715585,-0.0862891,-0.00410914,-0.785588,-0.575244
3287,1,-0.0741029,-0.0946676,0.892512,1,1,1,5.85875,-0.111701,-0.105464,-0.0041086,-0.520507,-0.507568
3288,1,-0.0745651,-0.0902246,0.884479,1,1,1,5.85846,-0.0959931,-0.0937461,-0.00413826,-0.599797,-0.721875
3289,1,-0.0750051,-0.085825,0.875479,1,1,1,5.85799,-0.0558505,-0.0756361,-0.00419058,-0.753054,-0.744434
3290,1,-0.0754234,-0.0814719,0.865496,1,1,1,5.8576,-0.122173,-0.0756361,-0.00422118,-0.70495,-0.755713
3291,1,-0.0758232,-0.0771357,0.85442,1,1,1,5.85731,-0.0558505,-0.0756361,-0.00428682,-0.661833,-0.789551
3292,1,-0.0761952,-0.0729283,0.842525,1,1,1,5.85693,-0.0785398,-0.057526,-0.00435706,-0.820237,-0.699316
3293,1,-0.0765494,-0.0687475,0.829509,1,1,1,5.85645,-0.0575959,-0.050069,-0.00441873,-0.860809,-0.80083
3294,1,-0.0768828,-0.0646352,0.815455,1,1,1,5.85636,-0.0261799,-0.0585913,-0.0044683,-0.724999,-0.733154
3295,1,-0.0771958,-0.0605951,0.800345,1,1,1,5.85597,-0.0750492,-0.0383507,-0.00454083,-0.909655,-0.823389
3296,1,-0.0774889,-0.0566333,0.784167,1,1,1,5.85578,-0.0261799,-0.0671137,-0.00460085,-0.55473,-0.80083
3297,1,-0.0777623,-0.0527549,0.766905,1,1,1,5.85549,-0.00872665,-0.028763,-0.00465064,-0.937885,-0.868506
3298,1,-0.0780166,-0.0489659,0.748547,1,1,1,5.8553,-0.0645772,-0.0553954,-0.00461761,-0.596551,-0.857227
3299,1,-0.0782521,-0.0452714,0.729077,1,1,1,5.8552,-0.0191986,-0.01811,-0.00468162,-0.972444,-0.676758
3300,1,-0.0784695,-0.0416769,0.70848,1,1,1,5.85482,-0.0977384,-0.0426119,-0.00473409,-0.668542,-0.744434
3301,1,-0.0786691,-0.0381888,0.686747,1,1,1,5.85473,0,-0.0245018,-0.00475255,-0.83035,-0.665479
3302,1,-0.0788515,-0.0348119,0.663856,1,1,1,5.85453,-0.0750492,-0.0340895,-0.00481078,-0.69427,-0.936182
3303,1,-0.0790174,-0.031552,0.639793,1,1,1,5.85434,0,-0.0447425,-0.00481468,-0.540901,-0.80083
3304,1,-0.0791673,-0.0284155,0.614547,1,1,1,5.85434,-0.0191986,-0.0340895,-0.00486613,-0.62986,-0.823389
3305,1,-0.0793017,-0.0254088,0.588109,1,1,1,5.85415,0,-0.0351548,-0.00485444,-0.583353,-0.710596
3306,1,-0.0794216,-0.0225367,0.560453,1,1,1,5.85405,-0.0122173,-0.028763,-0.00482992,-0.619007,-0.541406
3307,1,-0.0795274,-0.0198062,0.531571,1,1,1,5.85396,-0.020944,-0.0255671,-0.00485643,-0.628159,-0.654199
3308,1,-0.0796199,-0.017223,0.501447,1,1,1,5.85386,-0.00872665,-0.010653,-0.00488483,-0.768448,-0.721875
3309,1,-0.0796998,-0.0147935,0.470066,1,1,1,5.85386,-0.015708,-0.0191753,-0.00490824,-0.652348,-0.688037
3310,1,-0.0797681,-0.0125244,0.437419,1,1,1,5.85377,-0.0174533,-0.00639178,-0.00494512,-0.774545,-0.845947
3311,1,-0.0798254,-0.0104219,0.40349,1,1,1,5.85367,-0.0174533,-0.00639178,-0.00498805,-0.75915,-0.834668
3312,1,-0.0798726,-0.00849178,0.368255,1,1,1,5.85357,-0.00698132,-0.00213059,-0.00499465,-0.78814,-0.755713
3313,1,-0.0799106,-0.00674132,0.331709,1,1,1,5.85357,-0.010472,0.00958767,-0.00501187,-0.902957,-0.676758
3314,1,-0.0799403,-0.00517678,0.293833,1,1,1,5.85357,0,-0.0138489,-0.00500773,-0.630727,-0.631641
3315,1,-0.0799627,-0.00380515,0.254619,1,1,1,5.85357,0,-0.0010653,-0.0050073,-0.759971,-0.733154
3316,1,-0.0799787,-0.00263297,0.214049,1,1,1,5.85357,0.00174533,1.10892e-18,-0.00499621,-0.761553,-0.64292
3317,1,-0.0799893,-0.00166694,0.172103,1,1,1,5.85348,-0.0174533,-0.0127836,-0.00503261,-0.6198,-0.778271
3318,1,-0.0799957,-0.000914212,0.128779,1,1,1,5.85348,0,0.00426119,-0.00506028,-0.807824,-0.766992
3319,1,-0.0799989,-0.000381565,0.0840522,1,1,1,5.85348,0,0.00319589,-0.00504059,-0.793293,-0.586523
3320,1,-0.0799999,-7.60497e-05,0.0379065,1,1,1,5.85338,-0.0401426,-0.00319589,-0.00502318,-0.723467,-0.733154
3321,1,-0.08,-0,-0,1,1,1,5.85338,0,-0.00745708,-0.00503935,-0.683167,-0.80083
3322,1,-0.08,-0,-0,1,1,1,5.85338,0,-0.00745708,-0.00506059,-0.68597,-0.879785
3323,1,-0.08,-0,-0,1,1,1,5.85329,0.00872665,-0.0010653,-0.00501835,-0.750704,-0.64292
3324,1,-0.08,-0,-0,1,1,1,5.85329,-0.00698132,-0.0010653,-0.00499635,-0.7478,-0.721875
3325,1,-0.08,-0,-0,1,1,1,5.85329,0,-0.0127836,-0.00496643,-0.614949,-0.688037
3326,1,-0.08,-0,-0,1,1,1,5.85319,-0.0349066,-0.00213059,-0.00490709,-0.724299,-0.812109
3327,1,-0.08,-0,-0,1,1,1,5.85329,0,-0.0010653,-0.00489776,-0.734786,-0.597803
3328,1,-0.08,-0,-0,1,1,1,5.85319,-0.0174533,-0.0138489,-0.0048729,-0.590885,-0.778271
3329,1,-0.08,-0,-0,1,1,1,5.85319,0,0.00213059,-0.00483741,-0.761974,-0.733154
3330,1,-0.08,-0,-0,1,1,1,5.85319,0,0.00426119,-0.00484833,-0.786852,-0.710596
3331,1,-0.08,-0,-0,1,1,1,5.8531,-0.0122173,0.0127836,-0.00482976,-0.878148,-0.620361
3332,1,-0.08,-0,-0,1,1,1,5.8531,0,0.00852238,-0.00483381,-0.831809,-0.744434
3333,1,-0.08,-0,-0,1,1,1,5.8531,0,0.00532648,-0.00481977,-0.794801,-0.609082
3334,1,-0.08,-0,-0,1,1,1,5.8531,0,0.0138489,-0.0048423,-0.891522,-0.789551
3335,1,-0.08,-0,-0,1,1,1,5.853,-0.00872665,-0.0127836,-0.00479279,-0.592029,-0.654199
3336,1,-0.08,-0,-0,1,1,1,5.8531,-0.00349066,0.00213059,-0.00477942,-0.75432,-0.699316
3337,1,-0.08,-0,-0,1,1,1,5.853,0,-0.00213059,-0.0047507,-0.703656,-0.620361
3338,1,-0.08,-0,-0,1,1,1,5.853,0.00872665,0.00745708,-0.00474873,-0.808861,-0.733154
3339,1,-0.08,-0,-0,1,1,1,5.853,0,-0.00319589,-0.00474595,-0.69131,-0.778271
3340,1,-0.08,-0,-0,1,1,1,5.853,0,-0.0127836,-0.00476315,-0.588116,-0.834668
3341,1,-0.08,-0,-0,1,1,1,5.853,0.0191986,0.00426119,-0.00480416,-0.781022,-0.665479
3342,1,-0.08,-0,-0,1,1,1,5.8529,-0.0349066,0.00532648,-0.00480904,-0.793385,-0.924902
3343,1,-0.08,-0,-0,1,1,1,5.8529,0,-0.0159795,-0.00478129,-0.555356,-0.64292
3344,1,-0.08,-0,-0,1,1,1,5.8529,-0.00872665,0.00319589,-0.00477295,-0.765184,-0.755713
3345,1,-0.08,-0,-0,1,1,1,5.85281,0,-0.0159795,-0.00473811,-0.549657,-0.778271
3346,1,-0.08,-0,-0,1,1,1,5.85281,0,-0.00532648,-0.00470441,-0.66239,-0.563965
3347,1,-0.08,-0,-0,1,1,1,5.85281,0,0.0202406,-0.00469771,-0.942745,-0.710596
3348,1,-0.08,-0,-0,1,1,1,5.85281,-0.0174533,0.01811,-0.00468417,-0.917522,-0.710596
3349,1,-0.08,-0,-0,1,1,1,5.85271,-0.0401426,0.00852238,-0.00468475,-0.812133,-0.812109
3350,1,-0.08,-0,-0,1,1,1,5.85271,0,-0.00745708,-0.00468949,-0.636985,-0.834668
3351,1,-0.08,-0,-0,1,1,1,5.85271,0.00872665,-0.00745708,-0.00466716,-0.634037,-0.721875
3352,1,-0.08,-0,-0,1,1,1,5.85271,-0.010472,0.0191753,-0.00467048,-0.927432,-0.755713
3353,1,-0.08,-0,-0,1,1,1,5.85271,-0.0366519,-0.00532648,-0.00467921,-0.659064,-0.699316
3354,1,-0.08,-0,-0,1,1,1,5.85271,0,-0.0170448,-0.00466161,-0.52784,-0.755713
3355,1,-0.08,-0,-0,1,1,1,5.85271,0,-0.00852238,-0.00466093,-0.621497,-0.891064
3356,1,-0.08,-0,-0,1,1,1,5.85271,0.00174533,0.00958767,-0.00467381,-0.822407,-0.552686
3357,1,-0.08,-0,-0,1,1,1,5.85262,-0.0366519,-0.00639178,-0.0046392,-0.642065,-0.688037
3358,1,-0.08,-0,-0,1,1,1,5.85271,0.0279253,-0.0117183,-0.00462731,-0.581904,-0.631641
3359,1,-0.08,-0,-0,1,1,1,5.85252,0,-0.00639178,-0.00462579,-0.640294,-0.823389
3360,1,-0.08,-0,-0,1,1,1,5.85252,0,-0.0149142,-0.00461751,-0.545455,-0.654199
3361,1,-0.08,-0,-0,1,1,1,5.85252,0.00872665,0.00319589,-0.00459219,-0.741324,-0.541406
3362,1,-0.08,-0,-0,1,1,1,5.85262,0,-0.0127836,-0.00456783,-0.562335,-0.518848
3363,1,-0.08,-0,-0,1,1,1,5.85252,0,-0.0117183,-0.00455456,-0.572301,-0.620361
3364,1,-0.08,-0,-0,1,1,1,5.85252,-0.0174533,-0.00958767,-0.00452613,-0.591985,-0.789551
3365,1,-0.08,-0,-0,1,1,1,5.85252,0,-0.00426119,-0.00455351,-0.65419,-0.688037
3366,1,-0.08,-0,-0,1,1,1,5.85242,0,-0.00852238,-0.00452013,-0.602912,-0.620361
3367,1,-0.08,-0,-0,1,1,1,5.85252,0,-0.00852238,-0.00452703,-0.603822,-0.518848
3368,1,-0.08,-0,-0,1,1,1,5.85242,-0.0331613,0.00426119,-0.00450182,-0.741113,-0.597803
3369,1,-0.08,-0,-0,1,1,1,5.85242,-0.0314159,-0.00852238,-0.00452133,-0.603069,-0.688037
3370,1,-0.08,-0,-0,1,1,1,5.85233,0,0.00852238,-0.00453552,-0.792434,-0.710596
3371,1,-0.08,-0,-0,1,1,1,5.85233,0,-0.0138489,-0.00450552,-0.542392,-0.518848
3372,1,-0.08,-0,-0,1,1,1,5.85242,0,-0.00319589,-0.00443366,-0.650088,-0.496289
3373,1,-0.08,-0,-0,1,1,1,5.85233,-0.015708,1.30461e-18,-0.00443256,-0.685098,-0.631641
3374,1,-0.08,-0,-0,1,1,1,5.85233,0,0.00319589,-0.00442293,-0.718981,-0.575244
3375,1,-0.08,-0,-0,1,1,1,5.85233,-0.0174533,0.00958767,-0.00443264,-0.790573,-0.755713
3376,1,-0.08,-0,-0,1,1,1,5.85233,0,-0.00958767,-0.00440255,-0.575672,-0.631641
3377,1,-0.08,-0,-0,1,1,1,5.85233,0,0.00426119,-0.00437846,-0.724829,-0.439893
3378,1,-0.08,-0,-0,1,1,1,5.85233,-0.0279253,0.00745708,-0.0043839,-0.760703,-0.631641
3379,1,-0.08,-0,-0,1,1,1,5.85233,-0.00349066,-0.00532648,-0.00436895,-0.61811,-0.620361
3380,1,-0.08,-0,-0,1,1,1,5.85223,0,-0.0298283,-0.00437479,-0.349361,-0.766992
3381,1,-0.08,-0,-0,1,1,1,5.85233,0.0558505,-0.00532648,-0.00433772,-0.613988,-0.64292
3382,1,-0.08,-0,-0,1,1,1,5.85223,-0.015708,-0.00213059,-0.00434186,-0.649689,-0.620361
3383,1,-0.08,-0,-0,1,1,1,5.85223,0,-0.0127836,-0.00432551,-0.530348,-0.631641
3384,1,-0.08,-0,-0,1,1,1,5.85223,0,-0.00852238,-0.00429973,-0.573818,-0.48501
3385,1,-0.08,-0,-0,1,1,1,5.85223,0,0.0159795,-0.00428062,-0.840816,-0.631641
3386,1,-0.08,-0,-0,1,1,1,5.85223,0,-1.10892e-18,-0.00431509,-0.669592,-0.766992
3387,1,-0.08,-0,-0,1,1,1,5.85214,0.0174533,0.0138489,-0.00433752,-0.82489,-0.631641
3388,1,-0.08,-0,-0,1,1,1,5.85214,-0.00872665,-0.00213059,-0.00434251,-0.649774,-0.676758
3389,1,-0.08,-0,-0,1,1,1,5.85214,0,-0.0202406,-0.00434287,-0.450612,-0.766992
3390,1,-0.08,-0,-0,1,1,1,5.85204,0,-0.00319589,-0.00434177,-0.637958,-0.620361
3391,1,-0.08,-0,-0,1,1,1,5.85214,0,-0.00426119,-0.00431283,-0.622421,-0.552686
3392,1,-0.08,-0,-0,1,1,1,5.85204,-0.010472,-0.01811,-0.00428954,-0.467009,-0.541406
3393,1,-0.08,-0,-0,1,1,1,5.85214,0.00872665,0.0266324,-0.0042714,-0.956782,-0.530127
3394,1,-0.08,-0,-0,1,1,1,5.85204,-0.00872665,0.00852238,-0.00428136,-0.758885,-0.620361
3395,1,-0.08,-0,-0,1,1,1,5.85204,-0.0279253,0.00745708,-0.00430265,-0.749977,-0.676758
3396,1,-0.08,-0,-0,1,1,1,5.85204,-0.00698132,-0.00213059,-0.00431403,-0.646016,-0.744434
3397,1,-0.08,-0,-0,1,1,1,5.85194,0,-0.00745708,-0.00431797,-0.587945,-0.688037
3398,1,-0.08,-0,-0,1,1,1,5.85194,0,-0.0010653,-0.00431345,-0.657657,-0.64292
3399,1,-0.08,-0,-0,1,1,1,5.85194,-0.00872665,0.00319589,-0.00426382,-0.697979,-0.575244
3400,1,-0.08,-0,-0,1,1,1,5.85204,0,-0.010653,-0.00422066,-0.539944,-0.530127
3401,1,-0.08,-0,-0,1,1,1,5.85204,0,0.00319589,-0.00422257,-0.692534,-0.575244
3402,1,-0.08,-0,-0,1,1,1,5.85194,-0.00174533,0.010653,-0.00420987,-0.772885,-0.609082
3403,1,-0.08,-0,-0,1,1,1,5.85194,0,0.00426119,-0.00419672,-0.70084,-0.631641
3404,1,-0.08,-0,-0,1,1,1,5.85194,0,0.0149142,-0.00417355,-0.814964,-0.665479
3405,1,-0.08,-0,-0,1,1,1,5.85185,-0.0314159,-0.00852238,-0.00419914,-0.560541,-0.80083
3406,1,-0.08,-0,-0,1,1,1,5.85185,0.00872665,0.00532648,-0.00420168,-0.713213,-0.733154
3407,1,-0.08,-0,-0,1,1,1,5.85185,0,0.0170448,-0.00422686,-0.845438,-0.710596
3408,1,-0.08,-0,-0,1,1,1,5.85185,0,0.00426119,-0.00424745,-0.707537,-0.733154
3409,1,-0.08,-0,-0,1,1,1,5.85185,-0.00872665,0.00958767,-0.00424915,-0.766352,-0.812109
3410,1,-0.08,-0,-0,1,1,1,5.85185,0,0.00213059,-0.00420972,-0.679119,-0.462451
3411,1,-0.08,-0,-0,1,1,1,5.85175,-0.0471239,-0.0159795,-0.0042097,-0.479906,-0.733154
3412,1,-0.08,-0,-0,1,1,1,5.85175,0.0401426,-0.00213059,-0.00422798,-0.634656,-0.80083
3413,1,-0.08,-0,-0,1,1,1,5.85175,0,-0.00532648,-0.00419245,-0.594813,-0.428613
3414,1,-0.08,-0,-0,1,1,1,5.85175,-0.0523599,-0.00958767,-0.00415737,-0.543308,-0.676758
3415,1,-0.08,-0,-0,1,1,1,5.85185,0,0.00319589,-0.00414475,-0.682262,-0.766992
3416,1,-0.08,-0,-0,1,1,1,5.85175,0.010472,0.00213059,-0.00413234,-0.668905,-0.744434
3417,1,-0.08,-0,-0,1,1,1,5.85175,0,-0.00319589,-0.00411523,-0.608055,-0.665479
3418,1,-0.08,-0,-0,1,1,1,5.85175,0,0.0117183,-0.00412634,-0.773578,-0.631641
3419,1,-0.08,-0,-0,1,1,1,5.85166,-0.010472,-0.0010653,-0.00410729,-0.630444,-0.721875
3420,1,-0.08,-0,-0,1,1,1,5.85175,0.0174533,0.0191753,-0.00413154,-0.856292,-0.699316
3421,1,-0.08,4.82064e-06,0.00960132,1,1,1,5.85166,0,-0.00213059,-0.00412696,-0.619902,-0.778271
3422,1,-0.0799997,0.000170928,0.0565993,1,1,1,5.85166,0.015708,-0.0170448,-0.00410706,-0.444514,-0.597803
3423,1,-0.0799979,0.000568451,0.102172,1,1,1,5.85166,0.015708,-0.0127836,-0.00410182,-0.479343,-0.721875
3424,1,-0.0799936,0.0011903,0.146336,1,1,1,5.85166,-0.00174533,0.0010653,-0.00407513,-0.614245,-0.496289
3425,1,-0.0799856,0.00202948,0.189106,1,1,1,5.85166,-0.00872665,0.00852238,-0.00401213,-0.671569,-0.451172
3426,1,-0.079973,0.00307916,0.2305,1,1,1,5.85166,0,0.0234365,-0.00401099,-0.81669,-0.462451
3427,1,-0.0799545,0.00433212,0.270521,1,1,1,5.85166,-0.0139626,0.00852238,-0.00401841,-0.632524,-0.64292
3428,1,-0.0799293,0.00578196,0.309196,1,1,1,5.85166,0,-0.0127836,-0.00400048,-0.37247,-0.552686
3429,1,-0.0798964,0.00742204,0.346538,1,1,1,5.85166,0.0279253,0.010653,-0.00399444,-0.604001,-0.721875
3430,1,-0.0798548,0.00924512,0.382551,1,1,1,5.85166,0,-1.43507e-18,-0.00395943,-0.454659,-0.428613
3431,1,-0.0798036,0.0112451,0.417259,1,1,1,5.85175,0,0.00213059,-0.00391433,-0.442614,-0.349658
3432,1,-0.079742,0.0134156,0.450677,1,1,1,5.85175,0,-0.00852238,-0.00384838,-0.285283,-0.31582
3433,1,-0.0796692,0.0157499,0.482815,1,1,1,5.85175,0.00872665,0.0138489,-0.00381715,-0.493966,-0.372217
3434,1,-0.0795843,0.0182417,0.513689,1,1,1,5.85166,0,0.00958767,-0.00378036,-0.407201,-0.462451
3435,1,-0.0794865,0.0208848,0.543312,1,1,1,5.85175,0,0.00532648,-0.0037022,-0.31329,-0.349658
3436,1,-0.0793752,0.0236728,0.571699,1,1,1,5.85175,0.00698132,0.0234365,-0.00360688,-0.461592,-0.214307
3437,1,-0.0792496,0.0265997,0.598866,1,1,1,5.85185,-0.020944,-3.26153e-19,-0.0034805,-0.14724,-0.0902344
3438,1,-0.079109,0.029659,0.624822,1,1,1,5.85185,0,0.0202406,-0.00337481,-0.314615,-0.214307
3439,1,-0.0789528,0.0328459,0.649592,1,1,1,5.85194,0,-0.00319589,-0.00323108,0.00493213,-0.146631
3440,1,-0.0787803,0.0361535,0.673183,1,1,1,5.85194,0.0261799,1.89169e-18,-0.00308788,0.0329458,-0.124072
3441,1,-0.078591,0.0395757,0.695607,1,1,1,5.85204,0.015708,-0.00426119,-0.00297499,0.139738,-0.0676758
3442,1,-0.0783844,0.0431073,0.716884,1,1,1,5.85204,0,0.00639178,-0.00280269,0.0917679,0
3443,1,-0.0781598,0.0467428,0.737027,1,1,1,5.85214,0,0.00958767,-0.00261825,0.129154,0.0451172
3444,1,-0.0779168,0.050476,0.756049,1,1,1,5.85214,0.010472,7.17537e-19,-0.00244427,0.306583,0
3445,1,-0.0776549,0.0543016,0.773966,1,1,1,5.85223,0.0139626,0.0117183,-0.00226262,0.251923,0.0112793
3446,1,-0.0773736,0.0582137,0.79079,1,1,1,5.85233,0.020944,0.00213059,-0.00206802,0.434507,0.0563965
3447,1,-0.0770726,0.0622077,0.806538,1,1,1,5.85242,0.0349066,0.0138489,-0.00188916,0.381892,0.112793
3448,1,-0.0767514,0.0662772,0.821221,1,1,1,5.85252,0.010472,0.0245018,-0.00164279,0.352103,0.15791
3449,1,-0.0764097,0.0704181,0.834858,1,1,1,5.85271,0.0244346,0.0213059,-0.0014501,0.467438,0.180469
3450,1,-0.0760471,0.074624,0.84746,1,1,1,5.85281,0.0366519,-0.00532648,-0.00119385,0.850854,0.259424
3451,1,-0.0756634,0.0788906,0.859043,1,1,1,5.85329,0.113446,0.039416,-0.000945294,0.450105,0.496289
3452,1,-0.0752581,0.0832129,0.869621,1,1,1,5.85338,0,0.0319589,-0.000763121,0.613329,0.541406
3453,1,-0.0748312,0.0875848,0.879207,1,1,1,5.85377,0.111701,0.0479384,-0.000574252,0.520727,0.518848
3454,1,-0.0743822,0.0920035,0.887819,1,1,1,5.85405,0.0488692,0.0841585,-0.000433851,0.199094,0.462451
3455,1,-0.0739111,0.0964618,0.895468,1,1,1,5.85434,0.0366519,0.0884196,-0.000376291,0.216405,0.428613
3456,1,-0.0734175,0.100957,0.90217,1,1,1,5.85463,0.0750492,0.0809626,-0.000262523,0.371268,0.338379
3457,1,-0.0729014,0.105482,0.907938,1,1,1,5.8552,0.0733038,0.0926808,-0.000165274,0.313333,0.293262
3458,1,-0.0723627,0.110034,0.912787,1,1,1,5.85559,0.106465,0.0862891,-0.000104304,0.449351,0.259424
3459,1,-0.0718011,0.114608,0.916733,1,1,1,5.85616,0.125664,0.110791,-5.48455e-05,0.244674,0.439893
3460,1,-0.0712165,0.1192,0.919788,1,1,1,5.85655,0.0593412,0.112921,1.62195e-05,0.288779,0.304541
3461,1,-0.070609,0.123805,0.921968,1,1,1,5.85712,0.136136,0.119313,9.3505e-05,0.287222,0.360938
3462,1,-0.0699784,0.128419,0.923287,1,1,1,5.8576,0.111701,0.112921,0.000166716,0.425383,0.439893
3463,1,-0.0693249,0.133036,0.923759,1,1,1,5.85827,0.129154,0.120379,0.000209843,0.407273,0.394775
3464,1,-0.0686481,0.137654,0.923398,1,1,1,5.85875,0.106465,0.116117,0.000257195,0.518323,0.360938
3465,1,-0.0679483,0.142269,0.92222,1,1,1,5.85952,0.136136,0.118248,0.000313671,0.560047,0.281982
3466,1,-0.0672255,0.146875,0.920239,1,1,1,5.8599,0.129154,0.131032,0.000403629,0.490063,0.383496
3467,1,-0.0664795,0.15147,0.917468,1,1,1,5.86086,0.141372,0.132097,0.000522964,0.552981,0.563965
3468,1,-0.0657107,0.156049,0.913922,1,1,1,5.86134,0.116937,0.137423,0.000603471,0.562926,0.518848
3469,1,-0.0649191,0.160608,0.909616,1,1,1,5.8622,0.141372,0.148076,0.000687456,0.514744,0.428613
3470,1,-0.0641047,0.165144,0.904565,1,1,1,5.86278,0.164061,0.137423,0.000735537,0.694742,0.462451
3471,1,-0.0632678,0.169652,0.898782,1,1,1,5.86374,0.197222,0.161925,0.000809566,0.492147,0.530127
3472,1,-0.0624083,0.17413,0.892281,1,1,1,5.86441,0.150098,0.153403,0.000890253,0.652904,0.451172
3473,1,-0.0615265,0.178574,0.885078,1,1,1,5.86546,0.190241,0.175774,0.000946373,0.470122,0.530127
3474,1,-0.0606225,0.18298,0.877186,1,1,1,5.86604,0.127409,0.174709,0.000989476,0.54241,0.541406
3475,1,-0.0596968,0.187345,0.868622,1,1,1,5.867,0.21293,0.174709,0.00103818,0.603249,0.575244
3476,1,-0.0587492,0.191665,0.859397,1,1,1,5.86796,0.205949,0.164056,0.00104551,0.774522,0.48501
3477,1,-0.0577801,0.195938,0.849526,1,1,1,5.86911,0.261799,0.176839,0.00114858,0.702161,0.733154
3478,1,-0.0567899,0.200159,0.839026,1,1,1,5.86997,0.202458,0.205602,0.00117878,0.442604,0.710596
3479,1,-0.0557787,0.204327,0.827909,1,1,1,5.87083,0.144862,0.222647,0.0011696,0.304836,0.417334
3480,1,-0.0547466,0.208438,0.816189,1,1,1,5.87179,0.246091,0.205602,0.00112281,0.535102,0.451172
3481,1,-0.0536943,0.212488,0.803883,1,1,1,5.87313,0.223402,0.213059,0.00112723,0.502883,0.541406
3482,1,-0.0526221,0.216475,0.791006,1,1,1,5.8739,0.193732,0.234365,0.00110504,0.31404,0.439893
3483,1,-0.0515297,0.220397,0.777565,1,1,1,5.87524,0.204204,0.224778,0.00107226,0.462052,0.586523
3484,1,-0.0504182,0.22425,0.763585,1,1,1,5.87601,0.197222,0.219451,0.00110046,0.57103,0.721875
3485,1,-0.0492874,0.228032,0.749071,1,1,1,5.87754,0.20944,0.224778,0.0010955,0.557713,0.406055
3486,1,-0.0481379,0.23174,0.734043,1,1,1,5.87841,0.254818,0.229039,0.00106715,0.551276,0.417334
3487,1,-0.0469701,0.235372,0.718514,1,1,1,5.87975,0.275762,0.221582,0.0010933,0.680821,0.530127
3488,1,-0.0457843,0.238924,0.702498,1,1,1,5.88099,0.305433,0.222647,0.00114075,0.719185,0.631641
3489,1,-0.0445809,0.242396,0.68601,1,1,1,5.88234,0.202458,0.249279,0.0011295,0.466532,0.631641
3490,1,-0.0433605,0.245784,0.669065,1,1,1,5.8831,0.191986,0.248214,0.00111434,0.516463,0.518848
3491,1,-0.0421233,0.249086,0.651676,1,1,1,5.88483,0.275762,0.260998,0.00105937,0.406895,0.462451
3492,1,-0.0408698,0.2523,0.633856,1,1,1,5.88569,0.221657,0.260998,0.00105572,0.444393,0.620361
3493,1,-0.0396005,0.255423,0.615624,1,1,1,5.88713,0.219911,0.260998,0.00101374,0.47496,0.394775
3494,1,-0.0383157,0.258455,0.59699,1,1,1,5.88819,0.282743,0.256737,0.0010219,0.558981,0.47373
3495,1,-0.037016,0.261393,0.577969,1,1,1,5.88972,0.244346,0.258867,0.0010907,0.580765,0.812109
3496,1,-0.0357018,0.264235,0.558578,1,1,1,5.89087,0.270526,0.255671,0.00116736,0.660685,0.879785
3497,1,-0.0343739,0.266978,0.538832,1,1,1,5.89221,0.221657,0.260998,0.00119355,0.638081,0.699316
3498,1,-0.0330322,0.269622,0.518739,1,1,1,5.89317,0.256563,0.25141,0.00129609,0.789933,0.721875
3499,1,-0.0316778,0.272165,0.498321,1,1,1,5.8948,0.263545,0.246084,0.0014016,0.894233,0.721875
3500,1,-0.0303109,0.274605,0.477589,1,1,1,5.89595,0.29147,0.265259,0.00152756,0.731366,0.845947
3501,1,-0.028932,0.27694,0.456557,1,1,1,5.89749,0.235619,0.259932,0.00163486,0.833804,0.992578
3502,1,-0.0275416,0.27917,0.435238,1,1,1,5.89864,0.296706,0.260998,0.00170819,0.859555,0.947461
3503,1,-0.0261405,0.281292,0.413651,1,1,1,5.90007,0.23911,0.271651,0.00177001,0.776765,0.789551
3504,1,-0.024729,0.283306,0.391806,1,1,1,5.90122,0.282743,0.28763,0.00177709,0.626057,0.710596
3505,1,-0.0233075,0.28521,0.369717,1,1,1,5.90285,0.270526,0.280173,0.00184646,0.740322,0.699316
3506,1,-0.0218771,0.287003,0.347406,1,1,1,5.904,0.314159,0.271651,0.00189863,0.862512,0.755713
3507,1,-0.0204376,0.288684,0.324876,1,1,1,5.90573,0.296706,0.282304,0.00193085,0.769914,0.631641
3508,1,-0.0189903,0.290251,0.302151,1,1,1,5.90698,0.364774,0.289761,0.00198802,0.714908,0.778271
3509,1,-0.0175354,0.291705,0.279242,1,1,1,5.90861,0.21293,0.290826,0.00200087,0.721773,0.631641
3510,1,-0.0160734,0.293043,0.25616,1,1,1,5.90976,0.329867,0.2855,0.00195145,0.78817,0.552686
3511,1,-0.0146051,0.294266,0.232924,1,1,1,5.91167,0.307178,0.311067,0.00193966,0.519326,0.597803
3512,1,-0.0131309,0.295372,0.209547,1,1,1,5.91282,0.305433,0.288695,0.00170375,0.744703,0.586523
3513,1,-0.0116515,0.296361,0.186043,1,1,1,5.91455,0.3735,0.318524,0.00181127,0.441056,0.507568
3514,1,-0.0101676,0.297233,0.16243,1,1,1,5.9158,0.275762,0.319589,0.00175296,0.429744,0.575244
3515,1,-0.00867944,0.297985,0.138715,1,1,1,5.91752,0.287979,0.297218,0.00175675,0.683605,0.47373
3516,1,-0.00718781,0.29862,0.114916,1,1,1,5.91886,0.352557,0.325981,0.00172706,0.368933,0.597803
3517,1,-0.00569349,0.299135,0.091052,1,1,1,5.9204,0.246091,0.315328,0.00168536,0.484337,0.597803
3518,1,-0.00419677,0.29953,0.0671308,1,1,1,5.92184,0.354302,0.282304,0.00157631,0.836273,0.631641
3519,1,-0.00269843,0.299806,0.0431703,1,1,1,5.92366,0.301942,0.296153,0.00156483,0.684352,0.654199
3520,1,-0.0011989,0.299962,0.019182,1,1,1,5.92471,0.267035,0.320654,0.00155522,0.414023,0.699316
3521,1,0.00030177,0.299998,-0.00482832,1,1,1,5.92644,0.253073,0.313197,0.00150048,0.486217,0.654199
3522,1,0.00180087,0.299914,-0.0288125,1,1,1,5.92759,0.270526,0.307871,0.00147478,0.537671,0.620361
3523,1,0.00329998,0.299709,-0.0527911,1,1,1,5.92941,0.310669,0.295087,0.00147369,0.673587,0.620361
3524,1,0.00479784,0.299386,-0.0767392,1,1,1,5.93066,0.310669,0.283369,0.00151643,0.802842,0.845947
3525,1,0.00629366,0.298942,-0.100639,1,1,1,5.93238,0.298451,0.279108,0.00159469,0.854264,0.733154
3526,1,0.00778704,0.298379,-0.12448,1,1,1,5.93373,0.324631,0.282304,0.00164807,0.819354,0.80083
3527,1,0.0092772,0.297698,-0.148244,1,1,1,5.93545,0.282743,0.296153,0.00170474,0.665861,0.936182
3528,1,0.0107637,0.296897,-0.17192,1,1,1,5.9366,0.284489,0.295087,0.00172765,0.669708,0.857227
3529,1,0.0122461,0.295978,-0.195494,1,1,1,5.93814,0.237365,0.302544,0.00168219,0.567944,0.597803
3530,1,0.0137233,0.294942,-0.218947,1,1,1,5.93909,0.272271,0.299348,0.00165844,0.585002,0.541406
3531,1,0.0151952,0.293789,-0.242269,1,1,1,5.94101,0.308923,0.291891,0.00165864,0.6511,0.733154
3532,1,0.0166612,0.29252,-0.265446,1,1,1,5.94216,0.272271,0.279108,0.00173314,0.785671,0.924902
3533,1,0.0181217,0.291134,-0.288481,1,1,1,5.94379,0.261799,0.258867,0.00180029,0.999803,0.744434
3534,1,0.0195722,0.289636,-0.311296,1,1,1,5.94494,0.294961,0.263128,0.00188239,0.945876,0.755713
3535,1,0.0210164,0.288022,-0.333944,1,1,1,5.94657,0.282743,0.290826,0.00194801,0.630895,0.812109
3536,1,0.0224522,0.286297,-0.356387,1,1,1,5.94772,0.26529,0.274847,0.00196711,0.786754,0.766992
3537,1,0.0238793,0.284459,-0.378613,1,1,1,5.94935,0.308923,0.308936,0.00204941,0.401369,0.891064
3538,1,0.0252967,0.282511,-0.400604,1,1,1,5.9506,0.282743,0.290826,0.00208129,0.580361,0.823389
3539,1,0.0267041,0.280453,-0.422347,1,1,1,5.95204,0.237365,0.281238,0.00209404,0.661766,0.845947
3540,1,0.028101,0.278288,-0.443828,1,1,1,5.953,0.216421,0.278043,0.00211077,0.672086,0.654199
3541,1,0.0294868,0.276016,-0.465032,1,1,1,5.95472,0.293215,0.270585,0.0021367,0.729603,0.710596
3542,1,0.030861,0.273638,-0.485947,1,1,1,5.95587,0.260054,0.279108,0.00212962,0.605359,0.710596
3543,1,0.032223,0.271156,-0.506556,1,1,1,5.95741,0.284489,0.284434,0.00214547,0.518079,0.778271
3544,1,0.0335725,0.268573,-0.526846,1,1,1,5.95865,0.296706,0.276977,0.00215266,0.567609,0.721875
3545,1,0.0349086,0.265888,-0.546801,1,1,1,5.96009,0.219911,0.266324,0.00208661,0.640245,0.631641
3546,1,0.0362312,0.263105,-0.566407,1,1,1,5.96105,0.267035,0.278043,0.00202143,0.465701,0.575244
3547,1,0.0375395,0.260225,-0.585651,1,1,1,5.96287,0.256563,0.284434,0.00192634,0.344494,0.462451
3548,1,0.0388332,0.25725,-0.604516,1,1,1,5.96373,0.204204,0.266324,0.00186885,0.497004,0.541406
3549,1,0.0401118,0.254181,-0.62299,1,1,1,5.96536,0.280998,0.255671,0.00183531,0.569353,0.631641
3550,1,0.0413749,0.25102,-0.64106,1,1,1,5.96642,0.256563,0.273781,0.00174794,0.317157,0.507568
3551,1,0.0426219,0.247771,-0.658708,1,1,1,5.96786,0.221657,0.282304,0.00168348,0.172409,0.552686
3552,1,0.0438524,0.244434,-0.675921,1,1,1,5.96882,0.233874,0.241822,0.00165537,0.570488,0.462451
3553,1,0.0450661,0.241012,-0.692685,1,1,1,5.97035,0.275762,0.247149,0.00167647,0.4702,0.518848
3554,1,0.0462625,0.237508,-0.708986,1,1,1,5.97131,0.211185,0.249279,0.00166944,0.400391,0.451172
3555,1,0.047441,0.233923,-0.724807,1,1,1,5.97246,0.202458,0.220516,0.00165988,0.66916,0.406055
3556,1,0.0486015,0.230261,-0.740137,1,1,1,5.97342,0.280998,0.225843,0.00170213,0.568908,0.507568
3557,1,0.0497435,0.226523,-0.754959,1,1,1,5.97486,0.18675,0.202406,0.0017847,0.789515,0.766992
3558,1,0.0508666,0.222712,-0.76926,1,1,1,5.97562,0.197222,0.205602,0.00185681,0.714946,0.665479
3559,1,0.0519705,0.218831,-0.783026,1,1,1,5.97687,0.214675,0.203472,0.00185062,0.687854,0.383496
3560,1,0.0530549,0.214882,-0.796243,1,1,1,5.97764,0.211185,0.204537,0.00188872,0.630711,0.64292
3561,1,0.0541193,0.210869,-0.808894,1,1,1,5.97879,0.191986,0.222647,0.00194832,0.388175,0.552686
3562,1,0.0551634,0.206794,-0.820966,1,1,1,5.97955,0.193732,0.182166,0.00199383,0.787616,0.575244
3563,1,0.056187,0.202661,-0.832444,1,1,1,5.9808,0.235619,0.201341,0.00206015,0.532957,0.721875
3564,1,0.0571899,0.198471,-0.843316,1,1,1,5.98147,0.162316,0.166186,0.0021675,0.880729,0.789551
3565,1,0.0581718,0.194228,-0.853566,1,1,1,5.98272,0.214675,0.187492,0.00223672,0.601833,0.778271
3566,1,0.059132,0.189937,-0.863176,1,1,1,5.9832,0.113446,0.187492,0.00227234,0.552368,0.631641
3567,1,0.0600709,0.185598,-0.872139,1,1,1,5.98435,0.235619,0.176839,0.00235997,0.626459,0.744434
3568,1,0.060988,0.181216,-0.880436,1,1,1,5.98521,0.190241,0.174709,0.00239995,0.600077,0.64292
3569,1,0.0618831,0.176795,-0.888053,1,1,1,5.98598,0.150098,0.191753,0.00239526,0.356483,0.654199
3570,1,0.0627559,0.172337,-0.894975,1,1,1,5.98665,0.148353,0.171513,0.00237895,0.521129,0.575244
3571,1,0.0636063,0.167846,-0.901189,1,1,1,5.98761,0.181514,0.155533,0.00240173,0.643775,0.586523
3572,1,0.0644343,0.163327,-0.906681,1,1,1,5.98847,0.174533,0.158729,0.00241692,0.554225,0.552686
3573,1,0.0652396,0.158781,-0.911435,1,1,1,5.98924,0.13439,0.164056,0.00240751,0.437779,0.439893
3574,1,0.0660221,0.154213,-0.915437,1,1,1,5.98972,0.137881,0.156599,0.00238281,0.459778,0.383496
3575,1,0.0667817,0.149628,-0.918674,1,1,1,5.99058,0.164061,0.149142,0.00238879,0.485704,0.541406
3576,1,0.0675184,0.145028,-0.92113,1,1,1,5.99115,0.120428,0.132097,0.00246337,0.626083,0.541406
3577,1,0.068232,0.140417,-0.922791,1,1,1,5.99221,0.162316,0.143815,0.00254674,0.451221,0.744434
3578,1,0.0689225,0.135801,-0.923642,1,1,1,5.99269,0.0907571,0.143815,0.00257234,0.397681,0.530127
3579,1,0.0695899,0.131183,-0.92367,1,1,1,5.99326,0.0925025,0.127836,0.00260881,0.52143,0.518848
3580,1,0.0702344,0.126565,-0.92286,1,1,1,5.99384,0.169297,0.123574,0.00261845,0.512868,0.575244
3581,1,0.0708619,0.121908,-0.921176,1,1,1,5.99441,0.0680678,0.128901,0.00264358,0.400523,0.462451
3582,1,0.0714539,0.117355,-0.918668,1,1,1,5.99489,0.141372,0.118248,0.00268331,0.467283,0.552686
3583,1,0.0720292,0.11277,-0.915257,1,1,1,5.99556,0.0715585,0.112921,0.00269587,0.471594,0.563965
3584,1,0.0725817,0.108204,-0.91095,1,1,1,5.99585,0.0506145,0.0958767,0.00271469,0.605997,0.47373
3585,1,0.0731114,0.103662,-0.905733,1,1,1,5.99662,0.151844,0.096942,0.00282808,0.554086,0.766992
3586,1,0.0736183,0.0991484,-0.899592,1,1,1,5.99691,0.00523599,0.0948114,0.00286976,0.528364,0.48501
3587,1,0.0741028,0.0946685,-0.892514,1,1,1,5.99729,0.137881,0.0777667,0.00292364,0.668844,0.609082
3588,1,0.074565,0.0902253,-0.88448,1,1,1,5.99767,0.0628319,0.068179,0.00299875,0.730682,0.688037
3589,1,0.0750052,0.0858243,-0.875478,1,1,1,5.99815,0.0750492,0.078832,0.00304783,0.567104,0.609082
3590,1,0.0754234,0.081472,-0.865496,1,1,1,5.99834,0.0279253,0.0894849,0.00309702,0.404275,0.507568
3591,1,0.07582,0.077171,-0.854515,1,1,1,5.99882,0.0645772,0.0564607,0.00314433,0.722416,0.654199
3592,1,0.0761952,0.072928,-0.842524,1,1,1,5.99911,0.0785398,0.0703096,0.00321123,0.528402,0.755713
3593,1,0.0765494,0.0687475,-0.829509,1,1,1,5.9994,0.0174533,0.0735055,0.00323419,0.446685,0.586523
3594,1,0.0768828,0.0646349,-0.815454,1,1,1,5.99969,0.0872665,0.068179,0.00321114,0.45362,0.47373
3595,1,0.0771958,0.0605951,-0.800345,1,1,1,5.99997,0.0366519,0.0415466,0.00325025,0.704171,0.530127
3596,1,0.0774889,0.0566331,-0.784166,1,1,1,6.00026,0.0715585,0.0628525,0.00323593,0.421455,0.586523
3597,1,0.0777623,0.0527551,-0.766906,1,1,1,6.00055,0.0174533,0.0447425,0.00328162,0.581427,0.631641
3598,1,0.0780166,0.0489658,-0.748546,1,1,1,6.00084,0.0558505,0.0607219,0.00325204,0.357726,0.518848
3599,1,0.0782521,0.0452719,-0.72908,1,1,1,6.00093,0.0453786,0.0553954,0.00324468,0.372652,0.541406
3600,1,0.0784695,0.0416771,-0.708481,1,1,1,6.00122,0.0663225,0.0458078,0.00324251,0.436516,0.48501
3601,1,0.0786691,0.0381886,-0.686745,1,1,1,6.00141,0.0279253,0.0490037,0.00321197,0.357486,0.462451
3602,1,0.0788515,0.0348116,-0.663854,1,1,1,6.00151,0.0279253,0.0245018,0.00317613,0.583967,0.3271
3603,1,0.0790174,0.031552,-0.639793,1,1,1,6.0018,0.0855211,0.0159795,0.00319753,0.643839,0.507568
3604,1,0.0791672,0.0284158,-0.61455,1,1,1,6.00189,0.0174533,0.0308936,0.0032613,0.453189,0.64292
3605,1,0.0793018,0.0254083,-0.588104,1,1,1,6.00208,0,0.0245018,0.00329224,0.494326,0.496289
3606,1,0.0794216,0.0225365,-0.56045,1,1,1,6.00218,0.0383972,0.0298283,0.00324928,0.398647,0.507568
3607,1,0.0795274,0.0198061,-0.53157,1,1,1,6.00218,0.0226893,0.0202406,0.00322844,0.471858,0.518848
3608,1,0.0796199,0.0172229,-0.501446,1,1,1,6.00237,0,0.0245018,0.00325916,0.401525,0.541406
3609,1,0.0796998,0.0147936,-0.470066,1,1,1,6.00247,0.0139626,0.0159795,0.00325025,0.468652,0.631641
3610,1,0.0797681,0.0125246,-0.437421,1,1,1,6.00256,0,0.0340895,0.00317601,0.236349,0.383496
3611,1,0.0798254,0.0104216,-0.403486,1,1,1,6.00247,0,-0.010653,0.00319391,0.709814,0.48501
3612,1,0.0798726,0.00849175,-0.368254,1,1,1,6.00266,0.010472,0.0234365,0.00322216,0.319806,0.270703
3613,1,0.0799106,0.00674114,-0.331705,1,1,1,6.00275,0,0.039416,0.0031924,0.123746,0.575244
3614,1,0.0799403,0.00517696,-0.293837,1,1,1,6.00275,0,0.00639178,0.00317928,0.471401,0.496289
3615,1,0.0799627,0.00380512,-0.254618,1,1,1,6.00285,0,0.00852238,0.00312941,0.430062,0.496289
3616,1,0.0799787,0.00263289,-0.214046,1,1,1,6.00275,0,-0.0138489,0.00311131,0.665084,0.451172
3617,1,0.0799894,0.00166604,-0.172059,1,1,1,6.00285,0.0122173,-0.00319589,0.00304603,0.53334,0.270703
3618,1,0.0799957,0.000914237,-0.12878,1,1,1,6.00285,0,0.0127836,0.00302757,0.352013,0.47373
3619,1,0.0799989,0.000381579,-0.0840538,1,1,1,6.00285,0,-0.0010653,0.00300386,0.501008,0.47373
3620,1,0.0799999,7.60663e-05,-0.0379106,1,1,1,6.00285,0,-0.0127836,0.00295637,0.626421,0.360938
3621,1,0.08,0,0,1,1,1,6.00295,0.0296706,-0.010653,0.00297882,0.610387,0.338379
3622,1,0.08,0,0,1,1,1,6.00295,0,0.0298283,0.00295027,0.161324,0.462451
3623,1,0.08,0,0,1,1,1,6.00285,-0.0261799,0.00426119,0.00293608,0.440689,0.372217
3624,1,0.08,0,0,1,1,1,6.00295,0.0244346,0.00639178,0.00294315,0.418187,0.372217
3625,1,0.08,0,0,1,1,1,6.00295,-0.00174533,-1.23938e-18,0.00287987,0.480143,0.270703
3626,1,0.08,0,0,1,1,1,6.00285,0.0453786,1.56553e-18,0.00285973,0.477484,0.47373
3627,1,0.08,0,0,1,1,1,6.00295,0,-0.010653,0.00283815,0.591818,0.530127
3628,1,0.08,0,0,1,1,1,6.00295,0,0.0202406,0.00278453,0.244911,0.563965
3629,1,0.08,0,0,1,1,1,6.00285,0,0.00745708,0.00278701,0.385858,0.48501
3630,1,0.08,0,0,1,1,1,6.00295,0,-0.0191753,0.00277144,0.676759,0.439893
3631,1,0.08,0,0,1,1,1,6.00295,0.0244346,0.0149142,0.00274411,0.298167,0.360938
3632,1,0.08,0,0,1,1,1,6.00295,-0.00872665,-0.00639178,0.00273019,0.530694,0.360938
3633,1,0.08,0,0,1,1,1,6.00295,0,0.0010653,0.00272626,0.448149,0.281982
3634,1,0.08,0,0,1,1,1,6.00295,0,-0.0127836,0.00269732,0.596665,0.281982
3635,1,0.08,0,0,1,1,1,6.00295,0.0244346,-0.0149142,0.00267805,0.617559,0.372217
3636,1,0.08,0,0,1,1,1,6.00295,0,-0.00213059,0.00269154,0.47872,0.428613
3637,1,0.08,0,0,1,1,1,6.00304,0,0.00532648,0.00266803,0.393588,0.439893
3638,1,0.08,0,0,1,1,1,6.00295,0,0.0117183,0.00261401,0.316148,0.259424
3639,1,0.08,0,0,1,1,1,6.00295,0,-0.00319589,0.00260584,0.479126,0.394775
3640,1,0.08,0,0,1,1,1,6.00295,0,0.00745708,0.00262408,0.36435,0.496289
3641,1,0.08,0,0,1,1,1,6.00295,-0.0122173,-0.0010653,0.00261991,0.457547,0.417334
3642,1,0.08,0,0,1,1,1,6.00304,0.00872665,0.0308936,0.00258421,0.101286,0.406055
3643,1,0.08,0,0,1,1,1,6.00295,-0.0331613,0.00213059,0.00255174,0.413393,0.417334
3644,1,0.08,0,0,1,1,1,6.00295,0,-0.00639178,0.00254458,0.506195,0.383496
3645,1,0.08,0,0,1,1,1,6.00304,0.0174533,0.0159795,0.00255713,0.261767,0.451172
3646,1,0.08,0,0,1,1,1,6.00304,0,-0.00213059,0.00253771,0.458414,0.248145
3647,1,0.08,0,0,1,1,1,6.00304,0.0139626,-0.0213059,0.00255065,0.671052,0.507568
3648,1,0.08,0,0,1,1,1,6.00304,0,-0.00426119,0.00253789,0.481874,0.496289
3649,1,0.08,0,0,1,1,1,6.00304,0,0.0149142,0.00252636,0.269424,0.349658
3650,1,0.08,0,0,1,1,1,6.00304,0,-0.0010653,0.00248034,0.439123,0.3271
3651,1,0.08,0,0,1,1,1,6.00304,0.00349066,0.028763,0.00245265,0.107357,0.417334
3652,1,0.08,0,0,1,1,1,6.00304,0,0.010653,0.00244744,0.305879,0.428613
3653,1,0.08,0,0,1,1,1,6.00304,0,0.0010653,0.00245974,0.412967,0.530127
3654,1,0.08,0,0,1,1,1,6.00304,0,-0.00319589,0.00247059,0.461272,0.428613
3655,1,0.08,0,0,1,1,1,6.00304,0,0.00639178,0.00243462,0.351061,0.394775
3656,1,0.08,0,0,1,1,1,6.00304,-0.00349066,0.00745708,0.00239634,0.33429,0.31582
3657,1,0.08,0,0,1,1,1,6.00304,0,9.13229e-19,0.00239765,0.41649,0.451172
3658,1,0.08,0,0,1,1,1,6.00304,0,-0.0170448,0.00240616,0.605105,0.406055
3659,1,0.08,0,0,1,1,1,6.00304,0.0383972,0.0245018,0.00240497,0.147936,0.372217
3660,1,0.08,0,0,1,1,1,6.00304,-0.0174533,-0.0010653,0.00239338,0.427645,0.31582
3661,1,0.08,0,0,1,1,1,6.00304,0,-0.00319589,0.0023883,0.450411,0.270703
3662,1,0.08,0,0,1,1,1,6.00304,0.0122173,-0.0170448,0.00240076,0.604393,0.530127
3663,1,0.08,0,0,1,1,1,6.00304,0,0.028763,0.00237128,0.096616,0.48501
3664,1,0.08,0,0,1,1,1,6.00304,-0.0279253,0.00852238,0.00235484,0.317093,0.439893
3665,1,0.08,0,0,1,1,1,6.00304,-0.0244346,0.00958767,0.00231717,0.300402,0.214307
3666,1,0.08,0,0,1,1,1,6.00304,0.0314159,0.00426119,0.00229523,0.356097,0.439893
3667,1,0.08,0,0,1,1,1,6.00304,0,-0.00852238,0.00229855,0.497155,0.530127
3668,1,0.08,0,0,1,1,1,6.00304,0,0.00958767,0.00230552,0.298865,0.48501
3669,1,0.08,0,0,1,1,1,6.00304,-0.00872665,-0.00213059,0.00229657,0.426584,0.338379
3670,1,0.08,0,0,1,1,1,6.00304,0.00872665,-0.00745708,0.00225285,0.479404,0.281982
3671,1,0.08,0,0,1,1,1,6.00304,0.00872665,-0.0159795,0.00227818,0.576494,0.372217
3672,1,0.08,0,0,1,1,1,6.00304,0,0.00426119,0.00225973,0.351411,0.47373
3673,1,0.08,0,0,1,1,1,6.00304,0,0.00639178,0.00226086,0.328124,0.530127
3674,1,0.08,0,0,1,1,1,6.00304,0,-0.01811,0.00223148,0.593766,0.462451
3675,1,0.08,0,0,1,1,1,6.00304,0.0453786,0.00852238,0.00223527,0.30131,0.439893
3676,1,0.08,0,0,1,1,1,6.00304,-0.00174533,-0.00213059,0.00222676,0.417369,0.496289
3677,1,0.08,0,0,1,1,1,6.00304,-0.00174533,-0.00532648,0.00222374,0.452125,0.360938
3678,1,0.08,0,0,1,1,1,6.00304,0.00872665,0.00532648,0.00220643,0.332657,0.406055
3679,1,0.08,0,0,1,1,1,6.00304,-0.010472,0.00426119,0.00218389,0.3414,0.360938
3680,1,0.08,0,0,1,1,1,6.00304,0,0.010653,0.00213898,0.265163,0.417334
3681,1,0.08,0,0,1,1,1,6.00304,0,-0.00532648,0.00214249,0.4414,0.293262
3682,1,0.08,0,0,1,1,1,6.00304,0.00698132,0.0117183,0.00211476,0.250247,0.259424
3683,1,0.08,0,0,1,1,1,6.00304,0,0.0138489,0.00210504,0.225528,0.281982
3684,1,0.08,0,0,1,1,1,6.00304,0,-0.00852238,0.00206919,0.466879,0.270703
3685,1,0.08,0,0,1,1,1,6.00304,0.0261799,0.00639178,0.00208062,0.304333,0.417334
3686,1,0.08,0,0,1,1,1,6.00304,0,-0.0010653,0.00207066,0.385045,0.462451
3687,1,0.08,0,0,1,1,1,6.00304,0,0.00852238,0.00205576,0.277614,0.48501
3688,1,0.08,0,0,1,1,1,6.00304,0,-1.95692e-18,0.00204506,0.369947,0.372217
3689,1,0.08,0,0,1,1,1,6.00304,0.0174533,0.0010653,0.00205067,0.358971,0.304541
3690,1,0.08,0,0,1,1,1,6.00304,0,-0.0149142,0.00202678,0.531591,0.191748
3691,1,0.08,0,0,1,1,1,6.00304,0.015708,-0.0159795,0.00202626,0.54324,0.0789551
3692,1,0.08,0,0,1,1,1,6.00304,0.0366519,0.00958767,0.00199301,0.257613,0.180469
3693,1,0.08,0,0,1,1,1,6.00304,0,0.00745708,0.00202034,0.284657,0.281982
3694,1,0.08,0,0,1,1,1,6.00304,0.00872665,0.0191753,0.00199433,0.152322,0.225586
3695,1,0.08,0,0,1,1,1,6.00304,0,-0.0010653,0.00198679,0.373974,0.372217
3696,1,0.08,0,0,1,1,1,6.00304,0,0.00426119,0.00196169,0.31207,0.236865
3697,1,0.08,0,0,1,1,1,6.00304,0,0.0117183,0.00192486,0.22518,0.428613
3698,1,0.08,0,0,1,1,1,6.00295,-0.0436332,-0.0276977,0.00192852,0.65924,0.372217
3699,1,0.08,0,0,1,1,1,6.00314,0.0418879,0.00213059,0.0018991,0.327244,0.338379
3700,1,0.08,0,0,1,1,1,6.00304,-0.0139626,-0.0010653,0.00191611,0.364645,0.372217
3701,1,0.08,0,0,1,1,1,6.00304,0,-0.00319589,0.00190164,0.386171,0.236865
3702,1,0.08,0,0,1,1,1,6.00304,0.00872665,-0.00532648,0.00188446,0.407339,0.248145
3703,1,0.08,0,0,1,1,1,6.00304,0.0122173,0.00426119,0.00190971,0.305209,0.406055
3704,1,0.08,0,0,1,1,1,6.00304,-0.00174533,0.0117183,0.00187676,0.218831,0.270703
3705,1,0.08,0,0,1,1,1,6.00304,0,-0.00745708,0.0018865,0.431046,0.248145
3706,1,0.08,0,0,1,1,1,6.00304,0.020944,0.010653,0.00190845,0.234733,0.462451
3707,1,0.08,0,0,1,1,1,6.00295,-0.0296706,0.00213059,0.00186045,0.322143,0.259424
3708,1,0.08,0,0,1,1,1,6.00295,0,0.00852238,0.00185338,0.2509,0.3271
3709,1,0.08,0,0,1,1,1,6.00304,-0.00872665,-0.00213059,0.00184496,0.366971,0.225586
3710,1,0.08,0,0,1,1,1,6.00304,0.00872665,0.00213059,0.00181434,0.316056,0.270703
3711,1,0.08,0,0,1,1,1,6.00304,0,0.0127836,0.0017925,0.195991,0.214307
3712,1,0.08,0,0,1,1,1,6.00304,0,1.04369e-18,0.00178174,0.335189,0.3271
3713,1,0.08,0,0,1,1,1,6.00304,0,0.0010653,0.00178169,0.323465,0.3271
3714,1,0.08,0,0,1,1,1,6.00304,0,0.0117183,0.00174455,0.201379,0.236865
3715,1,0.08,0,0,1,1,1,6.00295,0,-0.00958767,0.00170497,0.43052,0.214307
3716,1,0.08,0,0,1,1,1,6.00295,0,-0.00426119,0.00169462,0.370563,0.270703
3717,1,0.08,0,0,1,1,1,6.00304,0,0.0127836,0.00169388,0.182973,0.417334
3718,1,0.08,0,0,1,1,1,6.00304,0,0.00319589,0.00167742,0.286264,0.248145
3719,1,0.08,0,0,1,1,1,6.00304,0,0.00745708,0.00171331,0.244129,0.406055
3720,1,0.08,0,0,1,1,1,6.00304,0,0.00639178,0.00169996,0.254085,0.372217
3721,1,0.08,-4.8243e-06,-0.00960495,1,1,1,6.00304,0,0.00958767,0.00169646,0.217048,0.236865
3722,1,0.0799997,-0.0001709,-0.0565948,1,1,1,6.00304,0.015708,0.0213059,0.00165527,0.0740041,0.248145
3723,1,0.0799979,-0.000568438,-0.102171,1,1,1,6.00295,0,-0.0010653,0.00163751,0.306392,0.191748
3724,1,0.0799936,-0.0011904,-0.146342,1,1,1,6.00295,0.00523599,0.0170448,0.00161293,0.0900213,0.293262
3725,1,0.0799856,-0.00202947,-0.189105,1,1,1,6.00295,-0.010472,-0.0010653,0.00161771,0.273476,0.338379
3726,1,0.0799728,-0.00308877,-0.230839,1,1,1,6.00295,0.00872665,-0.00426119,0.00160734,0.288302,0.417334
3727,1,0.0799545,-0.00433214,-0.270521,1,1,1,6.00295,0,-0.0138489,0.00157937,0.36916,0.0676758
3728,1,0.0799293,-0.00578201,-0.309197,1,1,1,6.00295,0.00872665,0.00639178,0.00150655,0.113506,0.124072
3729,1,0.0798964,-0.007422,-0.346538,1,1,1,6.00285,0,0.00532648,0.0015026,0.0993018,0.372217
3730,1,0.0798548,-0.00924512,-0.382551,1,1,1,6.00295,0,0.00639178,0.00146207,0.054471,0.3271
3731,1,0.0798036,-0.0112452,-0.417261,1,1,1,6.00285,0,0.00852238,0.0014261,-0.00301899,0.259424
3732,1,0.079742,-0.0134156,-0.450677,1,1,1,6.00285,0,-0.0138489,0.00138593,0.206318,0.146631
3733,1,0.0796692,-0.0157499,-0.482814,1,1,1,6.00285,0.0191986,0.0351548,0.00130292,-0.377021,0.15791
3734,1,0.0795843,-0.0182416,-0.513687,1,1,1,6.00275,-0.020944,0.0117183,0.00122136,-0.165393,-0.0451172
3735,1,0.0794865,-0.0208847,-0.543311,1,1,1,6.00275,-0.00698132,-0.00852238,0.00115953,0.0123546,0.112793
3736,1,0.0793752,-0.0236726,-0.571697,1,1,1,6.00275,0,0.0010653,0.00102405,-0.150311,0.101514
3737,1,0.0792496,-0.0265999,-0.598867,1,1,1,6.00275,-0.00349066,0.0010653,0.000899606,-0.207445,0.0789551
3738,1,0.079109,-0.0296593,-0.624824,1,1,1,6.00266,-0.00872665,-0.00213059,0.000834989,-0.222257,0.0563965
3739,1,0.0789528,-0.032846,-0.649593,1,1,1,6.00266,-0.010472,0.0191753,0.000669248,-0.523159,-0.0902344
3740,1,0.0787803,-0.0361535,-0.673183,1,1,1,6.00256,-0.0191986,-0.0117183,0.000526785,-0.248567,-0.0225586
3741,1,0.078591,-0.039576,-0.695609,1,1,1,6.00256,-0.020944,-0.0138489,0.000388091,-0.290735,-0.0563965
3742,1,0.0783844,-0.0431075,-0.716885,1,1,1,6.00247,-0.0174533,-0.0245018,0.000208619,-0.246776,-0.203027
3743,1,0.0781598,-0.046743,-0.737028,1,1,1,6.00237,-0.0139626,-0.0191753,6.75711e-05,-0.374148,-0.0902344
3744,1,0.0779168,-0.0504762,-0.756051,1,1,1,6.00228,-0.0366519,-0.0138489,-6.39835e-05,-0.50133,-0.259424
3745,1,0.0776549,-0.0543013,-0.773965,1,1,1,6.00208,-0.0349066,-0.0245018,-0.000195781,-0.454006,-0.338379
3746,1,0.0773736,-0.058214,-0.790791,1,1,1,6.00199,-0.0366519,-0.01811,-0.000347166,-0.598037,-0.47373
3747,1,0.0770726,-0.0622073,-0.806536,1,1,1,6.0016,-0.0715585,-0.0351548,-0.000510552,-0.487751,-0.518848
3748,1,0.0767514,-0.0662777,-0.821223,1,1,1,6.00141,-0.0279253,-0.0436772,-0.000665756,-0.470852,-0.721875
3749,1,0.0764097,-0.0704179,-0.834858,1,1,1,6.00112,-0.0174533,-0.0671137,-0.000767496,-0.282591,-0.462451
3750,1,0.0760471,-0.0746244,-0.847461,1,1,1,6.00093,-0.0733038,-0.0628525,-0.000866684,-0.399039,-0.451172
3751,1,0.0756634,-0.0788911,-0.859044,1,1,1,6.00055,-0.0471239,-0.0798973,-0.000878909,-0.268878,-0.293262
3752,1,0.0752581,-0.0832133,-0.869622,1,1,1,6.00036,-0.0593412,-0.0820279,-0.000913155,-0.306026,-0.304541
3753,1,0.0748312,-0.087585,-0.879208,1,1,1,5.99988,-0.0785398,-0.057526,-0.000973808,-0.64073,-0.496289
3754,1,0.0743822,-0.0920033,-0.887819,1,1,1,5.99949,-0.0698132,-0.0735055,-0.00108104,-0.538256,-0.597803
3755,1,0.073911,-0.0964623,-0.895469,1,1,1,5.99892,-0.0855211,-0.0862891,-0.00113154,-0.462625,-0.462451
3756,1,0.0734175,-0.100956,-0.902169,1,1,1,5.99863,-0.0767945,-0.0948114,-0.00116337,-0.431688,-0.462451
3757,1,0.0729015,-0.105482,-0.907938,1,1,1,5.99796,-0.120428,-0.105464,-0.00121132,-0.379815,-0.586523
3758,1,0.0723626,-0.110034,-0.912788,1,1,1,5.99748,-0.0959931,-0.105464,-0.00123923,-0.442158,-0.530127
3759,1,0.071801,-0.114609,-0.916733,1,1,1,5.997,-0.101229,-0.115052,-0.00123546,-0.394473,-0.428613
3760,1,0.0712165,-0.119201,-0.919788,1,1,1,5.99652,-0.102974,-0.109726,-0.00124253,-0.512607,-0.417334
3761,1,0.0706091,-0.123805,-0.921968,1,1,1,5.99566,-0.123918,-0.129966,-0.00122839,-0.346632,-0.360938
3762,1,0.0699785,-0.128419,-0.923287,1,1,1,5.99528,-0.118682,-0.107595,-0.0012541,-0.654519,-0.383496
3763,1,0.0693248,-0.133036,-0.923759,1,1,1,5.99432,-0.174533,-0.127836,-0.00126079,-0.491672,-0.394775
3764,1,0.0686482,-0.137654,-0.923398,1,1,1,5.99384,-0.109956,-0.148076,-0.00124207,-0.324367,-0.372217
3765,1,0.0679483,-0.142269,-0.92222,1,1,1,5.99317,-0.151844,-0.143815,-0.00122593,-0.426738,-0.383496
3766,1,0.0672255,-0.146875,-0.920239,1,1,1,5.9925,-0.15708,-0.158729,-0.00125835,-0.325952,-0.428613
3767,1,0.0664795,-0.15147,-0.917468,1,1,1,5.99154,-0.120428,-0.157664,-0.00126169,-0.395349,-0.530127
3768,1,0.0657107,-0.156049,-0.913922,1,1,1,5.99106,-0.127409,-0.157664,-0.00128848,-0.456731,-0.428613
3769,1,0.0649191,-0.160608,-0.909617,1,1,1,5.98991,-0.179769,-0.151272,-0.00131861,-0.588612,-0.575244
3770,1,0.0641047,-0.165144,-0.904565,1,1,1,5.98933,-0.129154,-0.152337,-0.00132552,-0.63436,-0.518848
3771,1,0.0632676,-0.169653,-0.898781,1,1,1,5.98847,-0.204204,-0.177905,-0.00134082,-0.411951,-0.518848
3772,1,0.0624082,-0.17413,-0.892281,1,1,1,5.9877,-0.18326,-0.186427,-0.00141036,-0.384499,-0.688037
3773,1,0.0615265,-0.178574,-0.885078,1,1,1,5.98665,-0.0820305,-0.175774,-0.00145152,-0.562984,-0.586523
3774,1,0.0606227,-0.18298,-0.877187,1,1,1,5.98598,-0.204204,-0.170448,-0.00143403,-0.673874,-0.462451
3775,1,0.0596967,-0.187345,-0.868621,1,1,1,5.98492,-0.191986,-0.202406,-0.00145433,-0.380025,-0.530127
3776,1,0.0587492,-0.191665,-0.859397,1,1,1,5.98415,-0.18675,-0.185362,-0.00150362,-0.628131,-0.530127
3777,1,0.0577802,-0.195937,-0.849527,1,1,1,5.98291,-0.218166,-0.217321,-0.00152257,-0.332648,-0.620361
3778,1,0.05679,-0.200159,-0.839027,1,1,1,5.98214,-0.185005,-0.193884,-0.00155993,-0.647603,-0.64292
3779,1,0.0557786,-0.204327,-0.827908,1,1,1,5.9809,-0.225147,-0.200276,-0.00156232,-0.629304,-0.665479
3780,1,0.0547467,-0.208438,-0.81619,1,1,1,5.98003,-0.223402,-0.207733,-0.00156252,-0.598045,-0.631641
3781,1,0.0536944,-0.212488,-0.803884,1,1,1,5.97879,-0.193732,-0.225843,-0.00152223,-0.442858,-0.48501
3782,1,0.052622,-0.216475,-0.791005,1,1,1,5.97802,-0.181514,-0.205602,-0.00141068,-0.696888,-0.270703
3783,1,0.0515297,-0.220397,-0.777566,1,1,1,5.97677,-0.294961,-0.200276,-0.0012829,-0.785968,-0.338379
3784,1,0.0504181,-0.22425,-0.763584,1,1,1,5.97581,-0.218166,-0.201341,-0.00135187,-0.831363,-0.665479
3785,1,0.0492873,-0.228032,-0.74907,1,1,1,5.97438,-0.254818,-0.247149,-0.00135547,-0.374677,-0.665479
3786,1,0.0481379,-0.23174,-0.734044,1,1,1,5.97361,-0.174533,-0.220516,-0.00139217,-0.717752,-0.676758
3787,1,0.0469701,-0.235372,-0.718515,1,1,1,5.97207,-0.286234,-0.230104,-0.00142617,-0.661282,-0.688037
3788,1,0.0457843,-0.238924,-0.702498,1,1,1,5.97112,-0.18326,-0.242888,-0.00147281,-0.570813,-0.676758
3789,1,0.044581,-0.242396,-0.686011,1,1,1,5.96987,-0.21293,-0.235431,-0.0014703,-0.694428,-0.64292
3790,1,0.0433612,-0.245782,-0.669074,1,1,1,5.96901,-0.261799,-0.250345,-0.00150081,-0.576214,-0.676758
3791,1,0.0421232,-0.249086,-0.651675,1,1,1,5.96747,-0.216421,-0.249279,-0.0015506,-0.635255,-0.744434
3792,1,0.0408695,-0.2523,-0.633852,1,1,1,5.96642,-0.26529,-0.232235,-0.0015721,-0.864779,-0.755713
3793,1,0.0396002,-0.255424,-0.61562,1,1,1,5.96498,-0.270526,-0.240757,-0.00160639,-0.813922,-0.710596
3794,1,0.0383157,-0.258455,-0.59699,1,1,1,5.96402,-0.235619,-0.266324,-0.00166719,-0.578508,-0.789551
3795,1,0.0370161,-0.261393,-0.577971,1,1,1,5.96268,-0.18675,-0.239692,-0.00171524,-0.913356,-0.766992
3796,1,0.0357017,-0.264235,-0.558575,1,1,1,5.96162,-0.272271,-0.21519,-0.00179087,-1.22811,-0.676758
3797,1,0.0343735,-0.266979,-0.538827,1,1,1,5.9599,-0.310669,-0.231169,-0.00192542,-1.10618,-0.710596
3798,1,0.0330321,-0.269622,-0.518737,1,1,1,5.95894,-0.240855,-0.25141,-0.00202332,-0.930321,-0.891064
3799,1,0.0316775,-0.272165,-0.498317,1,1,1,5.9575,-0.272271,-0.252475,-0.00213735,-0.966505,-1.01514
3800,1,0.0303108,-0.274605,-0.477588,1,1,1,5.95626,-0.286234,-0.257802,-0.0022231,-0.950814,-0.95874
3801,1,0.0289318,-0.27694,-0.456554,1,1,1,5.95491,-0.23911,-0.255671,-0.00229143,-1.01327,-0.981299
3802,1,0.0275416,-0.27917,-0.435238,1,1,1,5.95367,-0.286234,-0.25141,-0.00233361,-1.09354,-0.879785
3803,1,0.0261402,-0.281293,-0.413646,1,1,1,5.95194,-0.331613,-0.272716,-0.0023826,-0.892693,-0.879785
3804,1,0.0247284,-0.283307,-0.391798,1,1,1,5.95089,-0.263545,-0.26739,-0.00238473,-0.975908,-0.981299
3805,1,0.0233068,-0.285211,-0.369707,1,1,1,5.94926,-0.321141,-0.306806,-0.00236197,-0.56237,-0.654199
3806,1,0.0218771,-0.287003,-0.347406,1,1,1,5.94791,-0.322886,-0.283369,-0.00234527,-0.838736,-0.778271
3807,1,0.0204388,-0.288682,-0.324894,1,1,1,5.94619,-0.315905,-0.307871,-0.00229062,-0.581608,-0.755713
3808,1,0.0189903,-0.290251,-0.302151,1,1,1,5.94494,-0.294961,-0.314263,-0.00224944,-0.523588,-0.744434
3809,1,0.0175352,-0.291705,-0.279239,1,1,1,5.94312,-0.274017,-0.314263,-0.00216908,-0.528536,-0.597803
3810,1,0.0160733,-0.293043,-0.256158,1,1,1,5.94197,-0.310669,-0.301479,-0.00210904,-0.675343,-0.552686
3811,1,0.0146049,-0.294266,-0.232921,1,1,1,5.94015,-0.274017,-0.320654,-0.00202116,-0.465303,-0.586523
3812,1,0.0131321,-0.295372,-0.209565,1,1,1,5.93909,-0.300197,-0.314263,-0.00193192,-0.534461,-0.609082
3813,1,0.0116527,-0.296361,-0.186063,1,1,1,5.93708,-0.345575,-0.302544,-0.00194552,-0.676226,-0.812109
3814,1,0.0101675,-0.297233,-0.162429,1,1,1,5.93574,-0.279253,-0.286565,-0.00193182,-0.859192,-0.834668
3815,1,0.00867944,-0.297985,-0.138715,1,1,1,5.93401,-0.312414,-0.296153,-0.00191907,-0.760036,-0.733154
3816,1,0.0071874,-0.29862,-0.11491,1,1,1,5.93286,-0.268781,-0.316393,-0.00190184,-0.541659,-0.552686
3817,1,0.00569293,-0.299135,-0.0910429,1,1,1,5.93104,-0.322886,-0.30361,-0.00189414,-0.68599,-0.699316
3818,1,0.0041978,-0.29953,-0.0671473,1,1,1,5.9297,-0.315905,-0.308936,-0.00186309,-0.626272,-0.620361
3819,1,0.00269942,-0.299806,-0.0431861,1,1,1,5.92788,-0.305433,-0.318524,-0.00180747,-0.514414,-0.710596
3820,1,0.00119853,-0.299962,-0.019176,1,1,1,5.92673,-0.275762,-0.299348,-0.00181784,-0.726904,-0.64292
3821,1,-0.000299971,-0.299998,0.00479953,1,1,1,5.925,-0.267035,-0.296153,-0.00177788,-0.754996,-0.563965
3822,1,-0.00180109,-0.299913,0.028816,1,1,1,5.92395,-0.315905,-0.300414,-0.00177543,-0.705106,-0.676758
3823,1,-0.00329896,-0.29971,0.0527748,1,1,1,5.92203,-0.296706,-0.290826,-0.00182246,-0.813459,-0.834668
3824,1,-0.00479805,-0.299386,0.0767426,1,1,1,5.92059,-0.340339,-0.283369,-0.001913,-0.904071,-0.755713
3825,1,-0.00629261,-0.298943,0.100622,1,1,1,5.91896,-0.258309,-0.304675,-0.00190746,-0.662665,-0.823389
3826,1,-0.00778576,-0.29838,0.124459,1,1,1,5.9181,-0.21293,-0.299348,-0.00189445,-0.710625,-0.766992
3827,1,-0.00927623,-0.297698,0.148229,1,1,1,5.91618,-0.322886,-0.295087,-0.00190525,-0.747168,-0.721875
3828,1,-0.0107641,-0.296897,0.171926,1,1,1,5.91493,-0.310669,-0.284434,-0.00193297,-0.85479,-0.778271
3829,1,-0.0122462,-0.295978,0.195497,1,1,1,5.91321,-0.284489,-0.295087,-0.00196095,-0.726674,-0.778271
3830,1,-0.0137223,-0.294943,0.218931,1,1,1,5.91215,-0.270526,-0.2855,-0.00196126,-0.816116,-0.699316
3831,1,-0.0151952,-0.293789,0.242269,1,1,1,5.91043,-0.296706,-0.294022,-0.00199003,-0.708663,-0.80083
3832,1,-0.0166613,-0.29252,0.265448,1,1,1,5.90937,-0.254818,-0.271651,-0.00208851,-0.948861,-0.868506
3833,1,-0.0181192,-0.291136,0.288441,1,1,1,5.90755,-0.324631,-0.262063,-0.00216715,-1.04442,-0.992578
3834,1,-0.0195712,-0.289637,0.31128,1,1,1,5.9064,-0.270526,-0.265259,-0.00229281,-1.0041,-1.13921
3835,1,-0.0210168,-0.288022,0.33395,1,1,1,5.90468,-0.293215,-0.278043,-0.00235661,-0.848833,-0.902344
3836,1,-0.0224511,-0.286298,0.35637,1,1,1,5.90362,-0.235619,-0.288695,-0.00235154,-0.706633,-0.766992
3837,1,-0.0238793,-0.284459,0.378614,1,1,1,5.90199,-0.305433,-0.290826,-0.00237938,-0.661097,-0.665479
3838,1,-0.0252956,-0.282512,0.400587,1,1,1,5.90065,-0.357792,-0.270585,-0.00241203,-0.860987,-0.744434
3839,1,-0.026703,-0.280455,0.42233,1,1,1,5.89892,-0.246091,-0.2855,-0.00236592,-0.662395,-0.609082
3840,1,-0.0281014,-0.278287,0.443834,1,1,1,5.89796,-0.282743,-0.312132,-0.00232384,-0.334179,-0.699316
3841,1,-0.0294869,-0.276015,0.465034,1,1,1,5.89624,-0.204204,-0.280173,-0.00228084,-0.649137,-0.518848
3842,1,-0.0308612,-0.273638,0.48595,1,1,1,5.89509,-0.329867,-0.280173,-0.00226684,-0.615064,-0.778271
3843,1,-0.0322221,-0.271158,0.506542,1,1,1,5.89317,-0.268781,-0.279108,-0.00224587,-0.590556,-0.654199
3844,1,-0.033573,-0.268572,0.526853,1,1,1,5.89212,-0.280998,-0.271651,-0.00218669,-0.629981,-0.563965
3845,1,-0.0349076,-0.265891,0.546785,1,1,1,5.89039,-0.303687,-0.286565,-0.00216767,-0.42769,-0.665479
3846,1,-0.0362318,-0.263104,0.566416,1,1,1,5.88924,-0.267035,-0.278043,-0.00210734,-0.476407,-0.597803
3847,1,-0.0375415,-0.260221,0.58568,1,1,1,5.88799,-0.226893,-0.26739,-0.00205255,-0.548153,-0.496289
3848,1,-0.0388323,-0.257252,0.604503,1,1,1,5.88684,-0.286234,-0.245018,-0.00202712,-0.751706,-0.530127
3849,1,-0.0401121,-0.25418,0.622994,1,1,1,5.88512,-0.307178,-0.25141,-0.00206312,-0.645774,-0.620361
3850,1,-0.0413752,-0.25102,0.641064,1,1,1,5.88406,-0.230383,-0.243953,-0.00203529,-0.682642,-0.744434
3851,1,-0.0426221,-0.24777,0.658711,1,1,1,5.88272,-0.246091,-0.258867,-0.00206736,-0.480357,-0.620361
3852,1,-0.0438517,-0.244436,0.67591,1,1,1,5.88167,-0.280998,-0.224778,-0.00213854,-0.82131,-0.699316
3853,1,-0.0450661,-0.241012,0.692685,1,1,1,5.88032,-0.204204,-0.240757,-0.00218351,-0.606938,-0.766992
3854,1,-0.0462625,-0.237508,0.708986,1,1,1,5.87946,-0.197222,-0.222647,-0.00223628,-0.767724,-0.766992
3855,1,-0.0474401,-0.233926,0.724795,1,1,1,5.87793,-0.294961,-0.2333,-0.00233888,-0.61776,-0.913623
3856,1,-0.0486019,-0.230259,0.740141,1,1,1,5.87687,-0.218166,-0.225843,-0.00243718,-0.665472,-0.902344
3857,1,-0.0497427,-0.226525,0.754949,1,1,1,5.87582,-0.193732,-0.198145,-0.00252557,-0.933761,-0.766992
3858,1,-0.050866,-0.222714,0.769253,1,1,1,5.87486,-0.251327,-0.207733,-0.00258869,-0.787722,-0.823389
3859,1,-0.0519706,-0.21883,0.783028,1,1,1,5.87371,-0.181514,-0.205602,-0.00262176,-0.765781,-0.733154
3860,1,-0.053054,-0.214886,0.796232,1,1,1,5.87304,-0.164061,-0.194949,-0.00269487,-0.842221,-0.64292
3861,1,-0.0541186,-0.210872,0.808886,1,1,1,5.87169,-0.237365,-0.213059,-0.00273731,-0.597465,-0.676758
3862,1,-0.0551627,-0.206797,0.820957,1,1,1,5.87093,-0.164061,-0.177905,-0.00282842,-0.944333,-0.913623
3863,1,-0.0561864,-0.202663,0.832437,1,1,1,5.86968,-0.218166,-0.17897,-0.0029508,-0.896311,-0.80083
3864,1,-0.0571892,-0.198474,0.843308,1,1,1,5.86891,-0.179769,-0.207733,-0.00303948,-0.538533,-0.981299
3865,1,-0.058172,-0.194227,0.853569,1,1,1,5.86796,-0.113446,-0.193884,-0.00311495,-0.647093,-0.778271
3866,1,-0.0591323,-0.189936,0.86318,1,1,1,5.86728,-0.193732,-0.170448,-0.00314559,-0.854822,-0.710596
3867,1,-0.0600705,-0.185601,0.872134,1,1,1,5.86613,-0.178024,-0.172578,-0.00317282,-0.780363,-0.541406
3868,1,-0.0609882,-0.181216,0.880437,1,1,1,5.86546,-0.195477,-0.167252,-0.00323718,-0.792293,-0.766992
3869,1,-0.0618824,-0.176798,0.888047,1,1,1,5.86441,-0.143117,-0.174709,-0.00323658,-0.654784,-0.778271
3870,1,-0.0627562,-0.172336,0.894977,1,1,1,5.86393,-0.137881,-0.167252,-0.00327053,-0.685418,-0.620361
3871,1,-0.0636145,-0.167803,0.901246,1,1,1,5.86278,-0.205949,-0.154468,-0.00331827,-0.775685,-0.80083
3872,1,-0.0644338,-0.163329,0.906678,1,1,1,5.8622,-0.0855211,-0.157664,-0.00330769,-0.683316,-0.721875
3873,1,-0.06524,-0.158779,0.911437,1,1,1,5.86124,-0.151844,-0.151272,-0.00328086,-0.69341,-0.620361
3874,1,-0.0660224,-0.154212,0.915439,1,1,1,5.86086,-0.0977384,-0.145946,-0.00329752,-0.69746,-0.586523
3875,1,-0.066782,-0.149626,0.918675,1,1,1,5.85981,-0.200713,-0.136358,-0.00338279,-0.757301,-0.834668
3876,1,-0.0675186,-0.145026,0.92113,1,1,1,5.85923,-0.0680678,-0.137423,-0.00340047,-0.690952,-0.620361
3877,1,-0.0682321,-0.140417,0.922791,1,1,1,5.85856,-0.176278,-0.150207,-0.00343573,-0.498067,-0.744434
3878,1,-0.0689225,-0.135802,0.923642,1,1,1,5.85808,-0.0802851,-0.138489,-0.00344041,-0.570683,-0.597803
3879,1,-0.0695895,-0.131186,0.92367,1,1,1,5.85741,-0.13439,-0.125705,-0.00347663,-0.659288,-0.721875
3880,1,-0.0702344,-0.126565,0.92286,1,1,1,5.85683,-0.141372,-0.117183,-0.00358451,-0.710545,-0.823389
3881,1,-0.0708556,-0.121956,0.921197,1,1,1,5.85616,-0.0767945,-0.102269,-0.00365229,-0.82707,-0.778271
3882,1,-0.0714535,-0.117359,0.91867,1,1,1,5.85578,-0.113446,-0.111856,-0.00373223,-0.675948,-0.834668
3883,1,-0.0720294,-0.112769,0.915256,1,1,1,5.85501,-0.0890118,-0.105464,-0.00378815,-0.697661,-0.95874
3884,1,-0.0725818,-0.108203,0.910949,1,1,1,5.85463,-0.0558505,-0.110791,-0.00381214,-0.586672,-0.789551
3885,1,-0.0731114,-0.103661,0.905732,1,1,1,5.85415,-0.0663225,-0.0948114,-0.00382159,-0.708536,-0.744434
3886,1,-0.0736183,-0.0991487,0.899593,1,1,1,5.85367,-0.141372,-0.0873543,-0.00383521,-0.737725,-0.665479
3887,1,-0.074103,-0.0946659,0.892509,1,1,1,5.8531,-0.0820305,-0.0916155,-0.00384641,-0.638183,-0.597803
3888,1,-0.0745651,-0.0902244,0.884478,1,1,1,5.85271,-0.120428,-0.0884196,-0.00387166,-0.623163,-0.654199
3889,1,-0.0750049,-0.0858275,0.875485,1,1,1,5.85223,-0.0628319,-0.0916155,-0.00389259,-0.537949,-0.654199
3890,1,-0.0754233,-0.0814723,0.865497,1,1,1,5.85185,-0.0628319,-0.100138,-0.00388604,-0.391168,-0.541406
3891,1,-0.0758197,-0.0771741,0.854523,1,1,1,5.85147,-0.0750492,-0.0862891,-0.00391287,-0.495721,-0.631641
3892,1,-0.0761953,-0.0729277,0.842523,1,1,1,5.85099,-0.0994838,-0.0798973,-0.0039093,-0.515015,-0.586523
3893,1,-0.0765494,-0.0687473,0.829508,1,1,1,5.8507,-0.0593412,-0.078832,-0.00388018,-0.473301,-0.586523
3894,1,-0.0768829,-0.0646334,0.815449,1,1,1,5.85041,-0.0366519,-0.0713749,-0.00385783,-0.503755,-0.451172
3895,1,-0.0771956,-0.060598,0.800357,1,1,1,5.84993,-0.0680678,-0.0607219,-0.00388133,-0.576529,-0.620361
3896,1,-0.0774889,-0.0566334,0.784167,1,1,1,5.84974,-0.0575959,-0.0543301,-0.00385442,-0.596801,-0.507568
3897,1,-0.0777621,-0.052758,0.766919,1,1,1,5.84936,-0.0767945,-0.0553954,-0.00384923,-0.539165,-0.676758
3898,1,-0.0780166,-0.0489659,0.748547,1,1,1,5.84926,-0.0174533,-0.0585913,-0.00384757,-0.459735,-0.462451
3899,1,-0.0782522,-0.045271,0.729075,1,1,1,5.84888,-0.0698132,-0.0372854,-0.00387491,-0.655009,-0.766992
3900,1,-0.0784695,-0.041677,0.708481,1,1,1,5.84869,0,-0.0372854,-0.00388279,-0.61475,-0.654199
3901,1,-0.0786689,-0.0381909,0.68676,1,1,1,5.84849,-0.0575959,-0.028763,-0.00386819,-0.666755,-0.631641
3902,1,-0.0788516,-0.0348109,0.663849,1,1,1,5.8484,0,-0.0330242,-0.00389334,-0.584862,-0.563965
3903,1,-0.0790173,-0.0315541,0.63981,1,1,1,5.84811,-0.0506145,-0.0426119,-0.00389442,-0.442879,-0.552686
3904,1,-0.0791673,-0.0284147,0.614541,1,1,1,5.84801,-0.0244346,-0.0511343,-0.00390443,-0.31541,-0.575244
3905,1,-0.0793018,-0.0254075,0.588097,1,1,1,5.84792,0,-0.0245018,-0.00390097,-0.574655,-0.530127
3906,1,-0.0794216,-0.0225357,0.560442,1,1,1,5.84773,-0.0523599,-0.0127836,-0.00394537,-0.678003,-0.47373
3907,1,-0.0795273,-0.0198064,0.531573,1,1,1,5.84753,-0.0366519,-0.00319589,-0.00395543,-0.755308,-0.676758
3908,1,-0.0796199,-0.0172219,0.501434,1,1,1,5.84753,0,-0.0255671,-0.00394395,-0.480181,-0.496289
3909,1,-0.0796998,-0.0147936,0.470067,1,1,1,5.84744,-0.015708,0.00426119,-0.00394398,-0.782865,-0.518848
3910,1,-0.0797681,-0.0125243,0.437418,1,1,1,5.84744,-0.0261799,-0.00745708,-0.00395485,-0.632106,-0.586523
3911,1,-0.0798253,-0.0104231,0.403512,1,1,1,5.84734,0,-0.00958767,-0.00396076,-0.588404,-0.586523
3912,1,-0.0798726,-0.00849168,0.368253,1,1,1,5.84734,0,-0.0170448,-0.00397016,-0.48885,-0.439893
3913,1,-0.0799106,-0.00674098,0.331701,1,1,1,5.84725,0,-0.0138489,-0.00398069,-0.509035,-0.744434
3914,1,-0.0799403,-0.00517672,0.293831,1,1,1,5.84725,-0.00349066,-0.00213059,-0.00404069,-0.631977,-0.755713
3915,1,-0.0799627,-0.00380613,0.25465,1,1,1,5.84715,0.0174533,0.0127836,-0.0040463,-0.785464,-0.688037
3916,1,-0.0799787,-0.00263375,0.214079,1,1,1,5.84715,0,0.00852238,-0.00405208,-0.73068,-0.563965
3917,1,-0.0799893,-0.00166763,0.172138,1,1,1,5.84706,-0.0174533,0.00958767,-0.0040787,-0.73997,-0.688037
3918,1,-0.0799957,-0.000914635,0.128807,1,1,1,5.84706,-0.00523599,-0.00532648,-0.00409662,-0.575157,-0.733154
3919,1,-0.0799989,-0.000381375,0.0840316,1,1,1,5.84706,0.00872665,-0.00213059,-0.00410433,-0.611116,-0.789551
3920,1,-0.0799999,-7.6029e-05,0.0379014,1,1,1,5.84696,0,-0.0010653,-0.00407396,-0.621608,-0.688037
3921,1,-0.08,-0,-0,1,1,1,5.84696,0,-0.00639178,-0.00406819,-0.566692,-0.665479
3922,1,-0.08,-0,-0,1,1,1,5.84696,0,-0.00213059,-0.00407846,-0.614921,-0.665479
3923,1,-0.08,-0,-0,1,1,1,5.84696,0,0.00426119,-0.00406344,-0.683247,-0.823389
3924,1,-0.08,-0,-0,1,1,1,5.84686,0,-0.0127836,-0.00399087,-0.486176,-0.518848
3925,1,-0.08,-0,-0,1,1,1,5.84696,-0.010472,0.00213059,-0.00398612,-0.649604,-0.710596
3926,1,-0.08,-0,-0,1,1,1,5.84686,0,-0.0191753,-0.00393034,-0.407876,-0.48501
3927,1,-0.08,-0,-0,1,1,1,5.84696,0,0.00213059,-0.00390051,-0.638303,-0.586523
3928,1,-0.08,-0,-0,1,1,1,5.84696,-0.00349066,-0.00532648,-0.00390212,-0.556488,-0.428613
3929,1,-0.08,-0,-0,1,1,1,5.84686,0,1.36984e-18,-0.00391354,-0.616587,-0.575244
3930,1,-0.08,-0,-0,1,1,1,5.84686,0,0.00213059,-0.00392001,-0.640878,-0.586523
3931,1,-0.08,-0,-0,1,1,1,5.84686,0,0.0149142,-0.00394394,-0.784656,-0.744434
3932,1,-0.08,-0,-0,1,1,1,5.84686,0,0.00852238,-0.00393149,-0.712703,-0.541406
3933,1,-0.08,-0,-0,1,1,1,5.84686,-0.0139626,7.82767e-19,-0.00388936,-0.613395,-0.575244
3934,1,-0.08,-0,-0,1,1,1,5.84696,0.00872665,-0.0191753,-0.00383946,-0.39588,-0.631641
3935,1,-0.08,-0,-0,1,1,1,5.84696,0.00872665,-0.00213059,-0.00381954,-0.580743,-0.496289
3936,1,-0.08,-0,-0,1,1,1,5.84686,-0.00523599,-0.00213059,-0.0038248,-0.581437,-0.609082
3937,1,-0.08,-0,-0,1,1,1,5.84686,0,0.0117183,-0.00387123,-0.739903,-0.744434
3938,1,-0.08,-0,-0,1,1,1,5.84677,-0.0174533,-0.0117183,-0.0038648,-0.481252,-0.541406
3939,1,-0.08,-0,-0,1,1,1,5.84686,0,0.0213059,-0.00388005,-0.846532,-0.665479
3940,1,-0.08,-0,-0,1,1,1,5.84677,-0.0383972,-0.00213059,-0.00388762,-0.58973,-0.710596
3941,1,-0.08,-0,-0,1,1,1,5.84677,0,-0.01811,-0.00388349,-0.41341,-0.80083
3942,1,-0.08,-0,-0,1,1,1,5.84677,0,-0.00852238,-0.00383226,-0.512112,-0.721875
3943,1,-0.08,-0,-0,1,1,1,5.84686,0,0.010653,-0.00379201,-0.717728,-0.586523
3944,1,-0.08,-0,-0,1,1,1,5.84677,-0.0279253,-0.01811,-0.00379372,-0.40156,-0.812109
3945,1,-0.08,-0,-0,1,1,1,5.84686,0.0296706,0.0191753,-0.00383178,-0.816724,-0.665479
3946,1,-0.08,-0,-0,1,1,1,5.84667,-0.0244346,0.00426119,-0.00384475,-0.65438,-0.631641
3947,1,-0.08,-0,-0,1,1,1,5.84677,0,-0.0191753,-0.00386443,-0.399176,-0.665479
3948,1,-0.08,-0,-0,1,1,1,5.84667,0.00174533,6.52306e-20,-0.00381343,-0.603372,-0.428613
3949,1,-0.08,-0,-0,1,1,1,5.84677,-0.010472,-0.01811,-0.00377944,-0.399676,-0.586523
3950,1,-0.08,-0,-0,1,1,1,5.84677,0.0139626,-0.010653,-0.00379807,-0.484162,-0.609082
3951,1,-0.08,-0,-0,1,1,1,5.84677,0.0244346,-0.01811,-0.00378644,-0.4006,-0.609082
3952,1,-0.08,-0,-0,1,1,1,5.84677,0,0.0234365,-0.00382267,-0.862395,-0.575244
3953,1,-0.08,-0,-0,1,1,1,5.84667,-0.00174533,-0.00319589,-0.00383646,-0.571258,-0.439893
3954,1,-0.08,-0,-0,1,1,1,5.84677,0,-0.00745708,-0.00380839,-0.520679,-0.394775
3955,1,-0.08,-0,-0,1,1,1,5.84667,0,0.00639178,-0.00379234,-0.670898,-0.530127
3956,1,-0.08,-0,-0,1,1,1,5.84667,0,0.0138489,-0.00383537,-0.758607,-0.64292
3957,1,-0.08,-0,-0,1,1,1,5.84667,0,-0.00958767,-0.00387714,-0.506319,-0.609082
3958,1,-0.08,-0,-0,1,1,1,5.84667,-0.0139626,-0.00745708,-0.00386792,-0.528538,-0.620361
3959,1,-0.08,-0,-0,1,1,1,5.84667,0,0.0010653,-0.00384034,-0.618644,-0.552686
3960,1,-0.08,-0,-0,1,1,1,5.84667,0.015708,-0.00213059,-0.00383424,-0.582684,-0.439893
3961,1,-0.08,-0,-0,1,1,1,5.84667,-0.00523599,0.00319589,-0.00384806,-0.643099,-0.710596
3962,1,-0.08,-0,-0,1,1,1,5.84667,-0.00872665,0.00852238,-0.00385842,-0.703057,-0.631641
3963,1,-0.08,-0,-0,1,1,1,5.84667,-0.00523599,0.00745708,-0.00387516,-0.693548,-0.733154
3964,1,-0.08,-0,-0,1,1,1,5.84667,0.00174533,-0.00319589,-0.00387547,-0.576408,-0.609082
3965,1,-0.08,-0,-0,1,1,1,5.84667,0,-0.0117183,-0.00384349,-0.478439,-0.609082
3966,1,-0.08,-0,-0,1,1,1,5.84667,0.0244346,0.00213059,-0.00379936,-0.624952,-0.47373
3967,1,-0.08,-0,-0,1,1,1,5.84667,-0.0296706,-0.0138489,-0.00382085,-0.452015,-0.597803
3968,1,-0.08,-0,-0,1,1,1,5.84667,0,0.0138489,-0.00384664,-0.760094,-0.620361
3969,1,-0.08,-0,-0,1,1,1,5.84658,-0.0122173,0.0223712,-0.00386851,-0.856726,-0.575244
3970,1,-0.08,-0,-0,1,1,1,5.84667,0,0.0117183,-0.00385169,-0.737324,-0.631641
3971,1,-0.08,-0,-0,1,1,1,5.84667,0,0.0127836,-0.003849,-0.748687,-0.496289
3972,1,-0.08,-0,-0,1,1,1,5.84667,0,-0.0191753,-0.00387336,-0.400354,-0.586523
3973,1,-0.08,-0,-0,1,1,1,5.84667,0.0401426,0.0255671,-0.00389343,-0.895171,-0.563965
3974,1,-0.08,-0,-0,1,1,1,5.84667,-0.0139626,0.00852238,-0.00391727,-0.710826,-0.518848
3975,1,-0.08,-0,-0,1,1,1,5.84658,-0.00349066,-0.0010653,-0.00393115,-0.607194,-0.609082
3976,1,-0.08,-0,-0,1,1,1,5.84658,0,-2.08738e-18,-0.00393873,-0.619913,-0.586523
3977,1,-0.08,-0,-0,1,1,1,5.84658,0,0.00745708,-0.00394234,-0.702416,-0.451172
3978,1,-0.08,-0,-0,1,1,1,5.84658,-0.0296706,-0.0191753,-0.00395772,-0.41149,-0.710596
3979,1,-0.08,-0,-0,1,1,1,5.84658,0.0698132,0.00532648,-0.00398626,-0.684778,-0.631641
3980,1,-0.08,-0,-0,1,1,1,5.84648,-0.0331613,0.00213059,-0.00396281,-0.646527,-0.541406
3981,1,-0.08,-0,-0,1,1,1,5.84658,-0.00872665,0.00745708,-0.00394194,-0.702364,-0.586523
3982,1,-0.08,-0,-0,1,1,1,5.84658,0.00872665,0.010653,-0.00393771,-0.73696,-0.710596
3983,1,-0.08,-0,-0,1,1,1,5.84648,-0.015708,-0.00639178,-0.0039496,-0.551038,-0.676758
3984,1,-0.08,-0,-0,1,1,1,5.84648,0.00872665,0.00426119,-0.00395652,-0.669133,-0.699316
3985,1,-0.08,-0,-0,1,1,1,5.84648,0,0.0223712,-0.0039968,-0.873661,-0.654199
3986,1,-0.08,-0,-0,1,1,1,5.84648,0,-0.0127836,-0.0040144,-0.489281,-0.766992
3987,1,-0.08,-0,-0,1,1,1,5.84648,0.0244346,-0.0138489,-0.00397399,-0.472229,-0.665479
3988,1,-0.08,-0,-0,1,1,1,5.84648,0,-0.0149142,-0.00400465,-0.464559,-0.552686
3989,1,-0.08,-0,-0,1,1,1,5.84638,0.0471239,-0.00532648,-0.00403323,-0.573795,-0.766992
3990,1,-0.08,-0,-0,1,1,1,5.84648,0,-0.00532648,-0.00404968,-0.575967,-0.654199
3991,1,-0.08,-0,-0,1,1,1,5.84638,0.00872665,0.00319589,-0.00406856,-0.672205,-0.710596
3992,1,-0.08,-0,-0,1,1,1,5.84638,-0.0314159,-0.0170448,-0.00404173,-0.446017,-0.733154
3993,1,-0.08,-0,-0,1,1,1,5.84648,0.0314159,0.01811,-0.00404481,-0.833126,-0.609082
3994,1,-0.08,-0,-0,1,1,1,5.84638,-0.0418879,-0.0213059,-0.00403759,-0.398597,-0.631641
3995,1,-0.08,-0,-0,1,1,1,5.84648,0.0174533,-0.00852238,-0.00403149,-0.538411,-0.575244
3996,1,-0.08,-0,-0,1,1,1,5.84638,-0.00174533,-0.0117183,-0.00399491,-0.498427,-0.530127
3997,1,-0.08,-0,-0,1,1,1,5.84638,0,0.028763,-0.00402984,-0.948332,-0.733154
3998,1,-0.08,-0,-0,1,1,1,5.84638,-0.00872665,0.00639178,-0.00406044,-0.706288,-0.868506
3999,1,-0.08,-0,-0,1,1,1,5.84629,0,-0.010653,-0.00406085,-0.51885,-0.710596
4000,1,-0.08,-0,-0,1,1,1,5.84629,0,-0.0170448,-0.00400842,-0.441619,-0.597803
4001,1,-0.08,-0,-0,1,1,1,5.84638,0,0.00639178,-0.00402304,-0.701351,-0.744434
4002,1,-0.08,-0,-0,1,1,1,5.84629,-0.00523599,-0.00213059,-0.00398653,-0.602785,-0.699316
4003,1,-0.08,-0,-0,1,1,1,5.84638,-0.0139626,1.63077e-18,-0.00398711,-0.626298,-0.620361
4004,1,-0.08,-0,-0,1,1,1,5.84629,-0.00872665,-0.0170448,-0.00399112,-0.439335,-0.552686
4005,1,-0.08,-0,-0,1,1,1,5.84638,0.010472,0.0170448,-0.00399036,-0.81422,-0.64292
4006,1,-0.08,-0,-0,1,1,1,5.84638,-0.00523599,0.0191753,-0.00405091,-0.845649,-0.620361
4007,1,-0.08,-0,-0,1,1,1,5.84629,-0.00349066,0.0117183,-0.00403222,-0.761153,-0.620361
4008,1,-0.08,-0,-0,1,1,1,5.84638,0.00872665,0.00532648,-0.00405544,-0.69391,-0.676758
4009,1,-0.08,-0,-0,1,1,1,5.84619,0.020944,-0.00426119,-0.00404357,-0.586878,-0.586523
4010,1,-0.08,-0,-0,1,1,1,5.84629,0,-0.00852238,-0.00399983,-0.534232,-0.507568
4011,1,-0.08,-0,-0,1,1,1,5.84629,0,0.00532648,-0.00399356,-0.685742,-0.688037
4012,1,-0.08,-0,-0,1,1,1,5.84629,0.00872665,-0.00426119,-0.00397258,-0.577507,-0.530127
4013,1,-0.08,-0,-0,1,1,1,5.84629,0,-0.00958767,-0.00393874,-0.514449,-0.530127
4014,1,-0.08,-0,-0,1,1,1,5.84629,0,0.00852238,-0.00392928,-0.712411,-0.552686
4015,1,-0.08,-0,-0,1,1,1,5.84629,0,-0.00319589,-0.00395993,-0.587556,-0.688037
4016,1,-0.08,-0,-0,1,1,1,5.84619,0.00349066,0.00213059,-0.00399699,-0.651039,-0.64292
4017,1,-0.08,-0,-0,1,1,1,5.84629,0.00872665,-0.00213059,-0.00395645,-0.598815,-0.394775
4018,1,-0.08,-0,-0,1,1,1,5.84629,-0.0139626,0.0213059,-0.00398201,-0.85999,-0.530127
4019,1,-0.08,-0,-0,1,1,1,5.84619,-0.0191986,0.00852238,-0.00400035,-0.721792,-0.563965
4020,1,-0.08,-0,-0,1,1,1,5.84619,0.00872665,0.0234365,-0.00403039,-0.889813,-0.721875
4021,1,-0.08,4.7913e-06,0.00957212,1,1,1,5.84619,-0.0453786,-0.01811,-0.00402747,-0.431,-0.80083
4022,1,-0.0799997,0.000170943,0.0566017,1,1,1,5.84619,0.0523599,-0.00213059,-0.0039762,-0.591296,-0.530127
4023,1,-0.0799979,0.000568098,0.102141,1,1,1,5.84619,-0.00872665,0.0170448,-0.0040136,-0.795819,-0.586523
4024,1,-0.0799936,0.00119035,0.146339,1,1,1,5.84619,0,-0.00852238,-0.00398922,-0.497441,-0.586523
4025,1,-0.0799856,0.0020291,0.189089,1,1,1,5.84619,0,0.0245018,-0.00404107,-0.851172,-0.676758
4026,1,-0.0799729,0.00308124,0.230574,1,1,1,5.84619,0,0.00958767,-0.00404712,-0.669088,-0.688037
4027,1,-0.0799545,0.00433237,0.270528,1,1,1,5.84619,0,-0.0127836,-0.00402277,-0.398733,-0.575244
4028,1,-0.0799293,0.00578094,0.30917,1,1,1,5.84629,0.020944,0.0127836,-0.00398669,-0.651908,-0.394775
4029,1,-0.0798964,0.00742194,0.346536,1,1,1,5.84619,-0.0349066,0.0191753,-0.00399346,-0.697624,-0.575244
4030,1,-0.0798548,0.0092452,0.382553,1,1,1,5.84619,0.00872665,-0.00532648,-0.00395561,-0.395569,-0.586523
4031,1,-0.0798036,0.0112452,0.417261,1,1,1,5.84629,0.0331613,-0.0010653,-0.00390305,-0.405976,-0.304541
4032,1,-0.079742,0.0134157,0.450679,1,1,1,5.84638,0,0.0191753,-0.00390291,-0.597162,-0.372217
4033,1,-0.0796693,0.0157482,0.482792,1,1,1,5.84629,0,-0.0010653,-0.00383135,-0.331817,-0.338379
4034,1,-0.0795843,0.01824,0.513668,1,1,1,5.84638,0,0.0191753,-0.00372955,-0.50599,-0.31582
4035,1,-0.0794865,0.0208849,0.543314,1,1,1,5.84638,-0.00872665,-0.0010653,-0.00364404,-0.235312,-0.31582
4036,1,-0.0793752,0.0236729,0.5717,1,1,1,5.84638,0.010472,0.00213059,-0.00356899,-0.222234,-0.360938
4037,1,-0.0792496,0.0265997,0.598865,1,1,1,5.84638,0.00872665,0.01811,-0.0034949,-0.348367,-0.406055
4038,1,-0.0791089,0.0296602,0.624832,1,1,1,5.84648,0.0279253,0.01811,-0.00338361,-0.292339,-0.135352
4039,1,-0.0789529,0.0328435,0.649575,1,1,1,5.84648,-0.00523599,0.00532648,-0.00320465,-0.0852532,-0.191748
4040,1,-0.0787803,0.036153,0.67318,1,1,1,5.84658,0.0366519,-0.0127836,-0.00303031,0.180867,-0.146631
4041,1,-0.078591,0.0395757,0.695607,1,1,1,5.84667,0.0296706,0.00532648,-0.00287379,0.0477041,-0.0563965
4042,1,-0.0783845,0.0431046,0.716868,1,1,1,5.84667,0,0.0010653,-0.00271769,0.161565,-0.124072
4043,1,-0.0781598,0.0467433,0.73703,1,1,1,5.84677,0.0191986,0.0234365,-0.00256749,-0.0169527,-0.0338379
4044,1,-0.0779168,0.0504761,0.75605,1,1,1,5.84677,0,0.0191753,-0.0023975,0.101243,-0.0112793
4045,1,-0.077655,0.0542995,0.773957,1,1,1,5.84686,0.00698132,0.028763,-0.00220987,0.0710466,0.0676758
4046,1,-0.0773736,0.0582146,0.790793,1,1,1,5.84696,0.0191986,0.0330242,-0.00203411,0.0988532,-0.0676758
4047,1,-0.0770725,0.0622086,0.806541,1,1,1,5.84706,0.0174533,0.0213059,-0.00185621,0.303552,0.0789551
4048,1,-0.0767513,0.0662787,0.821226,1,1,1,5.84715,0.0244346,0.0266324,-0.00166854,0.323425,0.112793
4049,1,-0.0764096,0.070419,0.834861,1,1,1,5.84725,0.0174533,0.00639178,-0.00144178,0.631139,0.180469
4050,1,-0.0760474,0.0746215,0.847453,1,1,1,5.84734,0.0314159,0.0202406,-0.0012221,0.564392,0.236865
4051,1,-0.0756636,0.078888,0.859036,1,1,1,5.84763,0.0558505,0.0170448,-0.000970821,0.690187,0.293262
4052,1,-0.0752581,0.0832129,0.869621,1,1,1,5.84782,0.0436332,0.0319589,-0.000770158,0.61023,0.372217
4053,1,-0.0748315,0.087582,0.879201,1,1,1,5.84811,0.0785398,0.0340895,-0.000526349,0.67793,0.406055
4054,1,-0.0743822,0.0920033,0.887819,1,1,1,5.8483,0.0575959,0.0628525,-0.000326021,0.447434,0.563965
4055,1,-0.0739114,0.0964588,0.895463,1,1,1,5.84859,0.0261799,0.0692443,-0.000171522,0.456478,0.439893
4056,1,-0.0734175,0.100957,0.90217,1,1,1,5.84888,0.0837758,0.0958767,5.5957e-06,0.246827,0.394775
4057,1,-0.0729014,0.105482,0.907938,1,1,1,5.84926,0.0349066,0.0735055,0.000171984,0.574519,0.64292
4058,1,-0.0723627,0.110034,0.912787,1,1,1,5.84964,0.0925025,0.0553954,0.000346449,0.856851,0.631641
4059,1,-0.0718011,0.114608,0.916732,1,1,1,5.85022,0.122173,0.096942,0.000451614,0.473506,0.394775
4060,1,-0.0712165,0.1192,0.919788,1,1,1,5.85041,0.0436332,0.0894849,0.000634316,0.640287,0.530127
4061,1,-0.070609,0.123805,0.921968,1,1,1,5.85118,0.10472,0.0980073,0.000736008,0.619557,0.541406
4062,1,-0.0699784,0.128419,0.923287,1,1,1,5.85147,0.101229,0.112921,0.00081263,0.524676,0.552686
4063,1,-0.0693254,0.133033,0.923759,1,1,1,5.85223,0.123918,0.10866,0.000933277,0.647585,0.451172
4064,1,-0.0686486,0.137652,0.923399,1,1,1,5.85281,0.165806,0.125705,0.000988468,0.526626,0.552686
4065,1,-0.0679483,0.142269,0.92222,1,1,1,5.85338,0.102974,0.139554,0.00101089,0.435692,0.47373
4066,1,-0.0672254,0.146876,0.920238,1,1,1,5.85405,0.178024,0.139554,0.00108963,0.504985,0.349658
4067,1,-0.0664794,0.151471,0.917467,1,1,1,5.85501,0.13439,0.135293,0.00116084,0.619828,0.48501
4068,1,-0.0657107,0.156049,0.913922,1,1,1,5.85549,0.1309,0.154468,0.00119674,0.471699,0.439893
4069,1,-0.0649197,0.160605,0.90962,1,1,1,5.85645,0.144862,0.141684,0.00117335,0.66516,0.417334
4070,1,-0.0641047,0.165144,0.904564,1,1,1,5.85693,0.155334,0.168317,0.0011777,0.429456,0.462451
4071,1,-0.0632677,0.169653,0.898781,1,1,1,5.85808,0.16057,0.17897,0.00115425,0.364918,0.428613
4072,1,-0.0624089,0.174127,0.892286,1,1,1,5.85866,0.141372,0.168317,0.00111055,0.530776,0.270703
4073,1,-0.0615271,0.178571,0.885083,1,1,1,5.85971,0.233874,0.165121,0.00112253,0.622385,0.47373
4074,1,-0.0606226,0.18298,0.877187,1,1,1,5.86048,0.169297,0.161925,0.00111044,0.710101,0.451172
4075,1,-0.0596966,0.187345,0.86862,1,1,1,5.86172,0.23911,0.187492,0.00112372,0.4849,0.530127
4076,1,-0.0587492,0.191665,0.859396,1,1,1,5.8623,0.13439,0.1811,0.00118637,0.617753,0.699316
4077,1,-0.0577808,0.195935,0.849533,1,1,1,5.86355,0.197222,0.201341,0.00118224,0.447388,0.563965
4078,1,-0.0567906,0.200156,0.839034,1,1,1,5.86431,0.179769,0.201341,0.00119692,0.501255,0.620361
4079,1,-0.0557787,0.204327,0.827909,1,1,1,5.86556,0.191986,0.21519,0.00118449,0.398227,0.47373
4080,1,-0.0547475,0.208434,0.8162,1,1,1,5.86633,0.185005,0.227974,0.001148,0.302294,0.383496
4081,1,-0.0536951,0.212485,0.803892,1,1,1,5.86748,0.205949,0.214125,0.00115175,0.504349,0.439893
4082,1,-0.0526219,0.216476,0.791004,1,1,1,5.86853,0.268781,0.224778,0.00117295,0.438894,0.406055
4083,1,-0.0515304,0.220395,0.777575,1,1,1,5.86978,0.179769,0.217321,0.00119587,0.571947,0.428613
4084,1,-0.0504177,0.224251,0.763579,1,1,1,5.87064,0.253073,0.211994,0.00118389,0.675251,0.47373
4085,1,-0.0492882,0.228029,0.749082,1,1,1,5.87208,0.272271,0.226908,0.00120491,0.560124,0.518848
4086,1,-0.0481378,0.23174,0.734042,1,1,1,5.87313,0.205949,0.221582,0.0012124,0.66462,0.676758
4087,1,-0.0469699,0.235372,0.718512,1,1,1,5.87438,0.228638,0.254606,0.00118653,0.34176,0.518848
4088,1,-0.0457838,0.238926,0.702491,1,1,1,5.87534,0.223402,0.253541,0.00116638,0.392823,0.47373
4089,1,-0.0445819,0.242393,0.686023,1,1,1,5.87687,0.233874,0.26739,0.00115631,0.280514,0.439893
4090,1,-0.0433605,0.245784,0.669064,1,1,1,5.87783,0.244346,0.245018,0.00114278,0.564462,0.439893
4091,1,-0.0421241,0.249084,0.651687,1,1,1,5.87936,0.272271,0.250345,0.00112007,0.541917,0.417334
4092,1,-0.0408697,0.2523,0.633856,1,1,1,5.88042,0.260054,0.254606,0.00112737,0.534102,0.48501
4093,1,-0.0396005,0.255424,0.615624,1,1,1,5.88205,0.253073,0.255671,0.00114994,0.562884,0.631641
4094,1,-0.0383158,0.258455,0.596991,1,1,1,5.8831,0.235619,0.265259,0.00112754,0.489989,0.64292
4095,1,-0.037016,0.261393,0.577969,1,1,1,5.88464,0.233874,0.274847,0.00102277,0.403449,0.47373
4096,1,-0.035703,0.264232,0.558595,1,1,1,5.8855,0.223402,0.270585,0.000979628,0.477029,0.48501
4097,1,-0.0343749,0.266976,0.538847,1,1,1,5.88713,0.282743,0.268455,0.000932042,0.525418,0.496289
4098,1,-0.0330332,0.26962,0.518754,1,1,1,5.88819,0.230383,0.26952,0.000923176,0.543178,0.48501
4099,1,-0.0316788,0.272163,0.498337,1,1,1,5.88972,0.280998,0.245018,0.00100114,0.853799,0.665479
4100,1,-0.0303108,0.274605,0.477588,1,1,1,5.89087,0.296706,0.239692,0.00109828,0.955371,0.857227
4101,1,-0.0289318,0.27694,0.456554,1,1,1,5.8925,0.233874,0.254606,0.00118678,0.832017,0.733154
4102,1,-0.0275427,0.279168,0.435255,1,1,1,5.89336,0.237365,0.272716,0.00129886,0.675701,0.857227
4103,1,-0.0261403,0.281292,0.413648,1,1,1,5.89499,0.247837,0.278043,0.00138635,0.654557,0.733154
4104,1,-0.0247288,0.283306,0.391804,1,1,1,5.89614,0.289725,0.259932,0.0014364,0.884531,0.766992
4105,1,-0.0233073,0.28521,0.369715,1,1,1,5.89787,0.296706,0.259932,0.00155309,0.924043,0.879785
4106,1,-0.0218781,0.287001,0.347422,1,1,1,5.89892,0.267035,0.286565,0.00162362,0.663016,0.868506
4107,1,-0.0204388,0.288682,0.324895,1,1,1,5.90055,0.21293,0.280173,0.00167299,0.759999,0.812109
4108,1,-0.0189912,0.29025,0.302165,1,1,1,5.90151,0.246091,0.289761,0.00169989,0.676234,0.586523
4109,1,-0.0175353,0.291705,0.27924,1,1,1,5.90333,0.310669,0.255671,0.00180283,1.08292,0.744434
4110,1,-0.0160744,0.293042,0.256176,1,1,1,5.90458,0.326377,0.286565,0.00189512,0.772356,0.947461
4111,1,-0.0146062,0.294265,0.232942,1,1,1,5.90621,0.263545,0.289761,0.00191421,0.754065,0.845947
4112,1,-0.0131311,0.295372,0.20955,1,1,1,5.90755,0.301942,0.296153,0.00194428,0.700952,0.721875
4113,1,-0.0116526,0.296361,0.18606,1,1,1,5.90928,0.293215,0.311067,0.0019355,0.546936,0.778271
4114,1,-0.0101675,0.297233,0.162428,1,1,1,5.91043,0.289725,0.300414,0.00187904,0.664735,0.744434
4115,1,-0.00867891,0.297986,0.138706,1,1,1,5.91215,0.305433,0.322785,0.0018629,0.42433,0.744434
4116,1,-0.00718799,0.29862,0.114919,1,1,1,5.9134,0.294961,0.295087,0.00178125,0.722503,0.541406
4117,1,-0.00569333,0.299135,0.0910494,1,1,1,5.91532,0.363028,0.313197,0.00177041,0.526818,0.733154
4118,1,-0.00419664,0.29953,0.0671287,1,1,1,5.91637,0.226893,0.32172,0.00169799,0.425765,0.462451
4119,1,-0.00269822,0.299806,0.0431669,1,1,1,5.91829,0.326377,0.306806,0.0016507,0.584525,0.496289
4120,1,-0.00120001,0.299962,0.0191998,1,1,1,5.91954,0.305433,0.306806,0.0015979,0.576723,0.586523
4121,1,0.000300965,0.299998,-0.00481543,1,1,1,5.92126,0.315905,0.297218,0.00158762,0.679298,0.597803
4122,1,0.00180081,0.299914,-0.0288116,1,1,1,5.9227,0.326377,0.314263,0.00152057,0.479161,0.654199
4123,1,0.00329987,0.29971,-0.0527894,1,1,1,5.92423,0.258309,0.313197,0.00146617,0.478296,0.575244
4124,1,0.00479785,0.299386,-0.0767394,1,1,1,5.92548,0.328122,0.320654,0.00140917,0.381841,0.496289
4125,1,0.00629293,0.298942,-0.100627,1,1,1,5.9273,0.246091,0.317458,0.00139444,0.407211,0.620361
4126,1,0.00778607,0.29838,-0.124464,1,1,1,5.92845,0.305433,0.278043,0.001433,0.837077,0.688037
4127,1,0.00927611,0.297698,-0.148227,1,1,1,5.93047,0.329867,0.311067,0.00147337,0.470094,0.80083
4128,1,0.0107639,0.296897,-0.171923,1,1,1,5.93152,0.216421,0.318524,0.0014386,0.371192,0.575244
4129,1,0.0122461,0.295978,-0.195494,1,1,1,5.93305,0.321141,0.280173,0.00149452,0.787982,0.665479
4130,1,0.0137235,0.294942,-0.21895,1,1,1,5.93459,0.366519,0.297218,0.00156567,0.597151,0.80083
4131,1,0.0151953,0.293789,-0.242271,1,1,1,5.93612,0.214675,0.30574,0.00159293,0.491847,0.868506
4132,1,0.0166614,0.29252,-0.265449,1,1,1,5.93727,0.274017,0.301479,0.00153739,0.513094,0.575244
4133,1,0.0181193,0.291136,-0.288443,1,1,1,5.93881,0.280998,0.282304,0.00155834,0.708483,0.665479
4134,1,0.0195721,0.289636,-0.311294,1,1,1,5.93996,0.284489,0.275912,0.00161086,0.766719,0.439893
4135,1,0.0210155,0.288023,-0.33393,1,1,1,5.94178,0.301942,0.273781,0.0016849,0.780044,0.688037
4136,1,0.0224512,0.286298,-0.356371,1,1,1,5.94274,0.221657,0.265259,0.00172902,0.857968,0.597803
4137,1,0.0238796,0.284458,-0.378618,1,1,1,5.94446,0.319395,0.257802,0.00181546,0.929052,0.733154
4138,1,0.0252956,0.282512,-0.400587,1,1,1,5.94552,0.258309,0.286565,0.00186715,0.596104,0.609082
4139,1,0.0267041,0.280453,-0.422346,1,1,1,5.94696,0.253073,0.270585,0.00192958,0.754892,0.755713
4140,1,0.028101,0.278288,-0.443828,1,1,1,5.9482,0.331613,0.275912,0.00202744,0.683216,0.924902
4141,1,0.0294859,0.276017,-0.465019,1,1,1,5.94974,0.178024,0.279108,0.00203742,0.621225,0.823389
4142,1,0.030861,0.273638,-0.485948,1,1,1,5.95069,0.277507,0.262063,0.00206549,0.782465,0.812109
4143,1,0.0322231,0.271156,-0.506557,1,1,1,5.95232,0.258309,0.249279,0.0021248,0.900741,0.688037
4144,1,0.0335726,0.268572,-0.526849,1,1,1,5.95338,0.247837,0.254606,0.00214398,0.812453,0.47373
4145,1,0.0349211,0.265863,-0.546987,1,1,1,5.95491,0.338594,0.26739,0.00202524,0.619945,0.688037
4146,1,0.0362316,0.263104,-0.566413,1,1,1,5.95597,0.225147,0.260998,0.00221782,0.679,0.766992
4147,1,0.0375396,0.260225,-0.585651,1,1,1,5.9576,0.261799,0.248214,0.00209215,0.764873,0.812109
4148,1,0.0388324,0.257251,-0.604505,1,1,1,5.95865,0.263545,0.259932,0.00202787,0.588202,0.597803
4149,1,0.0401123,0.254179,-0.622998,1,1,1,5.96009,0.253073,0.252475,0.00197069,0.622259,0.462451
4150,1,0.0413741,0.251022,-0.641048,1,1,1,5.96115,0.260054,0.260998,0.00194273,0.483426,0.47373
4151,1,0.0426221,0.24777,-0.65871,1,1,1,5.96278,0.225147,0.262063,0.00188009,0.420903,0.394775
4152,1,0.0438523,0.244434,-0.67592,1,1,1,5.96373,0.260054,0.271651,0.00179595,0.260848,0.372217
4153,1,0.045066,0.241012,-0.692684,1,1,1,5.96508,0.235619,0.249279,0.00170786,0.450629,0.383496
4154,1,0.0462616,0.23751,-0.708973,1,1,1,5.96623,0.305433,0.226908,0.00168058,0.647898,0.48501
4155,1,0.0474401,0.233926,-0.724795,1,1,1,5.96766,0.232129,0.238627,0.00164875,0.468437,0.451172
4156,1,0.0486015,0.230261,-0.740137,1,1,1,5.96853,0.225147,0.246084,0.00163532,0.337359,0.451172
4157,1,0.0497435,0.226523,-0.75496,1,1,1,5.96987,0.20944,0.236496,0.00160919,0.391278,0.406055
4158,1,0.0508666,0.222712,-0.76926,1,1,1,5.97083,0.251327,0.2333,0.00158519,0.374343,0.462451
4159,1,0.0519698,0.218833,-0.783018,1,1,1,5.97188,0.191986,0.226908,0.00156824,0.392724,0.451172
4160,1,0.0530551,0.214882,-0.796245,1,1,1,5.97275,0.225147,0.188558,0.00166489,0.776827,0.552686
4161,1,0.0541186,0.210872,-0.808886,1,1,1,5.97418,0.211185,0.208798,0.00168945,0.506298,0.586523
4162,1,0.0551634,0.206795,-0.820965,1,1,1,5.97476,0.137881,0.196015,0.00176009,0.604361,0.654199
4163,1,0.056187,0.202661,-0.832444,1,1,1,5.97591,0.193732,0.199211,0.0017686,0.517825,0.496289
4164,1,0.0571899,0.198471,-0.843315,1,1,1,5.97668,0.188496,0.191753,0.00184252,0.556516,0.620361
4165,1,0.0581717,0.194229,-0.853565,1,1,1,5.97773,0.143117,0.190688,0.0019285,0.525925,0.654199
4166,1,0.0591324,0.189935,-0.863181,1,1,1,5.9784,0.178024,0.180035,0.00199448,0.597611,0.631641
4167,1,0.0600705,0.1856,-0.872135,1,1,1,5.97936,0.155334,0.177905,0.00204363,0.572926,0.699316
4168,1,0.0609881,0.181216,-0.880436,1,1,1,5.98003,0.165806,0.172578,0.0021394,0.589033,0.80083
4169,1,0.0618831,0.176794,-0.888053,1,1,1,5.98099,0.13439,0.14488,0.00224402,0.852001,0.699316
4170,1,0.0627559,0.172337,-0.894975,1,1,1,5.98176,0.191986,0.140619,0.0023496,0.857007,0.80083
4171,1,0.0636058,0.167849,-0.901186,1,1,1,5.98272,0.143117,0.157664,0.00243674,0.624917,0.755713
4172,1,0.0644343,0.163327,-0.906681,1,1,1,5.9832,0.113446,0.164056,0.00251367,0.508343,0.721875
4173,1,0.0652397,0.15878,-0.911435,1,1,1,5.98406,0.155334,0.153403,0.00256124,0.575185,0.688037
4174,1,0.0660221,0.154213,-0.915438,1,1,1,5.98473,0.151844,0.14275,0.00261297,0.642433,0.609082
4175,1,0.0667817,0.149627,-0.918674,1,1,1,5.98569,0.139626,0.139554,0.0026759,0.629005,0.654199
4176,1,0.0675184,0.145028,-0.92113,1,1,1,5.98617,0.129154,0.149142,0.00270862,0.470903,0.676758
4177,1,0.068232,0.140417,-0.922791,1,1,1,5.98694,0.0977384,0.139554,0.00271009,0.519611,0.507568
4178,1,0.0689225,0.135801,-0.923642,1,1,1,5.98741,0.1309,0.135293,0.00265501,0.502284,0.518848
4179,1,0.06959,0.131182,-0.92367,1,1,1,5.98818,0.141372,0.12677,0.00266723,0.540786,0.338379
4180,1,0.0702339,0.126569,-0.922861,1,1,1,5.98876,0.155334,0.096942,0.00271265,0.81825,0.451172
4181,1,0.0708556,0.121956,-0.921197,1,1,1,5.98952,0.137881,0.132097,0.00271419,0.375241,0.428613
4182,1,0.071454,0.117355,-0.918668,1,1,1,5.98981,0.0645772,0.139554,0.00271227,0.236699,0.3271
4183,1,0.0720288,0.112774,-0.91526,1,1,1,5.99039,0.101229,0.0958767,0.00273499,0.664245,0.586523
4184,1,0.0725818,0.108203,-0.910949,1,1,1,5.99087,0.0994838,0.12677,0.00273451,0.268737,0.665479
4185,1,0.073111,0.103665,-0.905738,1,1,1,5.99125,0.0558505,0.0990726,0.00280457,0.527556,0.620361
4186,1,0.0736179,0.099152,-0.899598,1,1,1,5.99182,0.151844,0.0937461,0.00287158,0.540309,0.541406
4187,1,0.0741028,0.0946679,-0.892513,1,1,1,5.9923,0.0401426,0.0905502,0.00294977,0.531628,0.631641
4188,1,0.0745651,0.0902245,-0.884479,1,1,1,5.99259,0.0715585,0.0692443,0.00301416,0.720967,0.631641
4189,1,0.0750049,0.0858272,-0.875484,1,1,1,5.99317,0.0820305,0.0735055,0.00304824,0.625745,0.530127
4190,1,0.0754234,0.0814719,-0.865496,1,1,1,5.99336,0.0593412,0.050069,0.00309624,0.837713,0.597803
4191,1,0.07582,0.0771706,-0.854514,1,1,1,5.99384,0.10472,0.0617872,0.00316693,0.666785,0.541406
4192,1,0.0761952,0.0729281,-0.842525,1,1,1,5.99413,0.0820305,0.0596566,0.00316804,0.639854,0.541406
4193,1,0.0765495,0.0687464,-0.829505,1,1,1,5.99432,0.0523599,0.0628525,0.003203,0.559704,0.462451
4194,1,0.0768828,0.0646351,-0.815455,1,1,1,5.99451,0.0610865,0.0639178,0.00325114,0.505746,0.631641
4195,1,0.0771956,0.0605981,-0.800357,1,1,1,5.99489,0.0349066,0.0372854,0.00335077,0.76432,0.710596
4196,1,0.0774889,0.0566333,-0.784167,1,1,1,5.99518,0.0628319,0.0404813,0.00340061,0.689254,0.586523
4197,1,0.0777621,0.0527579,-0.766919,1,1,1,5.99537,0.0680678,0.0319589,0.00342895,0.7415,0.699316
4198,1,0.0780164,0.0489689,-0.748562,1,1,1,5.99556,0,0.0628525,0.00342154,0.356675,0.631641
4199,1,0.078252,0.0452741,-0.729092,1,1,1,5.99566,0,0.0362201,0.00342455,0.607326,0.428613
4200,1,0.0784693,0.0416799,-0.708498,1,1,1,5.99576,0.0733038,0.0351548,0.0034707,0.583829,0.586523
4201,1,0.0786689,0.0381912,-0.686762,1,1,1,5.99614,0,0.0234365,0.00353826,0.681806,0.620361
4202,1,0.0788514,0.0348139,-0.66387,1,1,1,5.99614,0.0191986,0.010653,0.00359775,0.791972,0.609082
4203,1,0.0790173,0.0315544,-0.639811,1,1,1,5.99633,0.0680678,0.0415466,0.00366316,0.424076,0.64292
4204,1,0.0791672,0.0284173,-0.614563,1,1,1,5.99652,0.0296706,0.0266324,0.0037317,0.562161,0.721875
4205,1,0.0793017,0.0254104,-0.588123,1,1,1,5.99652,0,0.0255671,0.00373265,0.540754,0.654199
4206,1,0.0794216,0.0225368,-0.560453,1,1,1,5.99662,0.00523599,0.0234365,0.00373678,0.533301,0.541406
4207,1,0.0795273,0.0198076,-0.531587,1,1,1,5.99662,0.015708,0.0191753,0.00374605,0.55191,0.552686
4208,1,0.0796199,0.0172218,-0.501432,1,1,1,5.99662,0,0.0213059,0.0038014,0.508237,0.631641
4209,1,0.0796998,0.0147954,-0.470091,1,1,1,5.99681,0,0.0213059,0.00386552,0.49129,0.778271
4210,1,0.0797681,0.0125241,-0.437414,1,1,1,5.99691,0,0.00639178,0.0038949,0.635909,0.609082
4211,1,0.0798253,0.0104231,-0.403511,1,1,1,5.99691,0,0.010653,0.00389389,0.567859,0.609082
4212,1,0.0798725,0.00849296,-0.368277,1,1,1,5.99681,-0.00872665,0.0234365,0.00391956,0.411873,0.575244
4213,1,0.0799106,0.00674258,-0.331737,1,1,1,5.99691,-0.00698132,0.0127836,0.00392479,0.513389,0.64292
4214,1,0.0799403,0.00517655,-0.293826,1,1,1,5.99691,0,-0.00319589,0.00390791,0.673041,0.451172
4215,1,0.0799627,0.00380523,-0.254621,1,1,1,5.99691,0.0244346,0.010653,0.0038621,0.50334,0.48501
4216,1,0.0799787,0.00263361,-0.214074,1,1,1,5.99681,-0.00523599,-0.00426119,0.00394123,0.669173,0.631641
4217,1,0.0799894,0.00166382,-0.171949,1,1,1,5.9971,0,0.0127836,0.00394345,0.476014,0.665479
4218,1,0.0799957,0.000914699,-0.128812,1,1,1,5.997,0,0.00319589,0.00392666,0.576159,0.541406
4219,1,0.0799988,0.000381875,-0.0840857,1,1,1,5.997,0,0.0138489,0.00389202,0.454188,0.541406
4220,1,0.0799999,7.60747e-05,-0.0379127,1,1,1,5.997,-0.00174533,0.00319589,0.0038389,0.567141,0.48501
4221,1,0.08,0,0,1,1,1,5.997,0,-0.00213059,0.00386374,0.63345,0.586523
4222,1,0.08,0,0,1,1,1,5.997,0.00872665,0.0213059,0.00382718,0.370822,0.597803
4223,1,0.08,0,0,1,1,1,5.997,-0.00349066,-0.0138489,0.00382596,0.757364,0.631641
4224,1,0.08,0,0,1,1,1,5.9971,0.0174533,0.00745708,0.00383054,0.523603,0.688037
4225,1,0.08,0,0,1,1,1,5.997,-0.00872665,0.00426119,0.00383474,0.559312,0.597803
4226,1,0.08,0,0,1,1,1,5.9971,0.0174533,-0.0010653,0.00383346,0.617735,0.64292
4227,1,0.08,0,0,1,1,1,5.9971,0,0.0298283,0.00384131,0.278942,0.733154
4228,1,0.08,0,0,1,1,1,5.9971,0,0.00745708,0.00380515,0.520252,0.597803
4229,1,0.08,0,0,1,1,1,5.9971,0,-0.0149142,0.00377725,0.762652,0.575244
4230,1,0.08,0,0,1,1,1,5.9971,0,-0.00532648,0.00376767,0.655924,0.462451
4231,1,0.08,0,0,1,1,1,5.9971,0,0.00958767,0.00375554,0.490266,0.609082
4232,1,0.08,0,0,1,1,1,5.997,-0.0174533,-0.00532648,0.00377429,0.656797,0.541406
4233,1,0.08,0,0,1,1,1,5.9971,0,0.00639178,0.00374948,0.524622,0.586523
4234,1,0.08,0,0,1,1,1,5.997,-0.00872665,0.00532648,0.00373679,0.534666,0.665479
4235,1,0.08,0,0,1,1,1,5.997,0,0.00639178,0.00372648,0.521586,0.620361
4236,1,0.08,0,0,1,1,1,5.9971,0.00698132,0.0213059,0.0037081,0.355104,0.631641
4237,1,0.08,0,0,1,1,1,5.997,-0.0383972,-0.0213059,0.0037171,0.825023,0.48501
4238,1,0.08,0,0,1,1,1,5.9971,0.0296706,0.00319589,0.00368747,0.551591,0.428613
4239,1,0.08,0,0,1,1,1,5.997,0,-0.0010653,0.00368617,0.598293,0.48501
4240,1,0.08,0,0,1,1,1,5.997,0,-0.00958767,0.00367899,0.691091,0.552686
4241,1,0.08,0,0,1,1,1,5.9971,0.020944,-0.00745708,0.00368729,0.66875,0.631641
4242,1,0.08,0,0,1,1,1,5.9971,-0.00872665,0.00213059,0.0036693,0.56091,0.597803
4243,1,0.08,0,0,1,1,1,5.9971,0,-0.00852238,0.0036622,0.677157,0.518848
4244,1,0.08,0,0,1,1,1,5.9971,0,0.0372854,0.00362464,0.168313,0.552686
4245,1,0.08,0,0,1,1,1,5.997,-0.0680678,0.0213059,0.00357664,0.33775,0.518848
4246,1,0.08,0,0,1,1,1,5.9971,0.0436332,-0.028763,0.00361127,0.893081,0.552686
4247,1,0.08,0,0,1,1,1,5.9971,0.0139626,0.00852238,0.00363071,0.485508,0.586523
4248,1,0.08,0,0,1,1,1,5.9971,-0.010472,0.010653,0.00359678,0.457592,0.518848
4249,1,0.08,0,0,1,1,1,5.9971,0,-0.0202406,0.00361529,0.799865,0.586523
4250,1,0.08,0,0,1,1,1,5.9971,0,-0.0010653,0.00358941,0.58552,0.620361
4251,1,0.08,0,0,1,1,1,5.9971,0,-0.00958767,0.00359526,0.680039,0.507568
4252,1,0.08,0,0,1,1,1,5.9971,0,-0.0010653,0.00358393,0.584796,0.518848
4253,1,0.08,0,0,1,1,1,5.9971,0.00872665,-0.010653,0.00356144,0.687293,0.518848
4254,1,0.08,0,0,1,1,1,5.9971,0,0.00532648,0.00353877,0.508527,0.563965
4255,1,0.08,0,0,1,1,1,5.9971,0,-0.00319589,0.00353012,0.601131,0.552686
4256,1,0.08,0,0,1,1,1,5.9971,0,0.00213059,0.00353286,0.542901,0.710596
4257,1,0.08,0,0,1,1,1,5.9971,0,0.0010653,0.00352527,0.553618,0.552686
4258,1,0.08,0,0,1,1,1,5.9971,0,0.00958767,0.00350588,0.457312,0.541406
4259,1,0.08,0,0,1,1,1,5.9971,0,0.0255671,0.00347788,0.277842,0.552686
4260,1,0.08,0,0,1,1,1,5.9971,0.00698132,0.0234365,0.00345768,0.298613,0.462451
4261,1,0.08,0,0,1,1,1,5.9971,0,0.0159795,0.00346917,0.382156,0.654199
4262,1,0.08,0,0,1,1,1,5.9971,0,-0.010653,0.00343534,0.670648,0.439893
4263,1,0.08,0,0,1,1,1,5.9971,0.0139626,-0.00532648,0.00346054,0.615382,0.47373
4264,1,0.08,0,0,1,1,1,5.9971,0,0.0010653,0.00345264,0.54403,0.496289
4265,1,0.08,0,0,1,1,1,5.9971,0,6.52306e-20,0.00344704,0.555009,0.609082
4266,1,0.08,0,0,1,1,1,5.9971,0,-0.00852238,0.0034567,0.650031,0.563965
4267,1,0.08,0,0,1,1,1,5.9971,0,-0.0170448,0.00345035,0.742938,0.530127
4268,1,0.08,0,0,1,1,1,5.9971,0,0.0319589,0.00343146,0.201405,0.586523
4269,1,0.08,0,0,1,1,1,5.997,-0.0279253,0.00745708,0.00341675,0.468983,0.609082
4270,1,0.08,0,0,1,1,1,5.9971,0,-0.00426119,0.00338384,0.59354,0.496289
4271,1,0.08,0,0,1,1,1,5.997,0.0471239,-0.0010653,0.00338819,0.55896,0.518848
4272,1,0.08,0,0,1,1,1,5.9971,0,-0.0149142,0.0033927,0.711892,0.586523
4273,1,0.08,0,0,1,1,1,5.9971,0.0122173,0.010653,0.00341074,0.433035,0.563965
4274,1,0.08,0,0,1,1,1,5.9971,0,-0.00426119,0.00336846,0.591509,0.417334
4275,1,0.08,0,0,1,1,1,5.9971,0.00872665,0.00319589,0.00336243,0.508686,0.439893
4276,1,0.08,0,0,1,1,1,5.9971,0,0.00639178,0.0033738,0.475033,0.575244
4277,1,0.08,0,0,1,1,1,5.9971,0,-0.00532648,0.00339393,0.60659,0.64292
4278,1,0.08,0,0,1,1,1,5.9971,0,-0.00319589,0.00340172,0.584182,0.518848
4279,1,0.08,0,0,1,1,1,5.9971,0.00174533,0.00852238,0.00339556,0.454467,0.620361
4280,1,0.08,0,0,1,1,1,5.9971,-0.0174533,0.0010653,0.00338051,0.534509,0.496289
4281,1,0.08,0,0,1,1,1,5.9971,0,-0.0191753,0.00337249,0.756097,0.47373
4282,1,0.08,0,0,1,1,1,5.9971,0.00872665,0.00319589,0.0033658,0.509131,0.507568
4283,1,0.08,0,0,1,1,1,5.9971,0,-0.00426119,0.00339025,0.594386,0.496289
4284,1,0.08,0,0,1,1,1,5.9971,0.0279253,-0.0127836,0.00337627,0.686287,0.552686
4285,1,0.08,0,0,1,1,1,5.9971,0.00349066,0.00319589,0.00338086,0.511118,0.552686
4286,1,0.08,0,0,1,1,1,5.9971,0,-0.0245018,0.00342413,0.821505,0.586523
4287,1,0.08,0,0,1,1,1,5.99719,0.0174533,0.0213059,0.00342714,0.318017,0.552686
4288,1,0.08,0,0,1,1,1,5.9971,-0.0261799,-0.0010653,0.00338372,0.55837,0.383496
4289,1,0.08,0,0,1,1,1,5.9971,0.0261799,0.00958767,0.00337535,0.440082,0.552686
4290,1,0.08,0,0,1,1,1,5.9971,0,-0.0010653,0.00337455,0.557158,0.496289
4291,1,0.08,0,0,1,1,1,5.9971,0,0.00319589,0.00335509,0.507718,0.48501
4292,1,0.08,0,0,1,1,1,5.9971,0,0.0202406,0.00332839,0.3167,0.383496
4293,1,0.08,0,0,1,1,1,5.9971,-0.00872665,-7.82767e-19,0.00333417,0.54011,0.563965
4294,1,0.08,0,0,1,1,1,5.9971,0.00872665,-0.00213059,0.00339085,0.571028,0.609082
4295,1,0.08,0,0,1,1,1,5.9971,0,0.00745708,0.00339291,0.465837,0.609082
4296,1,0.08,0,0,1,1,1,5.9971,0,-3.91384e-19,0.00334251,0.541212,0.518848
4297,1,0.08,0,0,1,1,1,5.9971,0.00349066,0.00745708,0.00334128,0.459021,0.48501
4298,1,0.08,0,0,1,1,1,5.9971,0,6.52306e-19,0.00333869,0.540707,0.597803
4299,1,0.08,0,0,1,1,1,5.9971,0,-0.010653,0.00337831,0.66312,0.552686
4300,1,0.08,0,0,1,1,1,5.9971,0.0139626,0.00639178,0.00338841,0.476961,0.563965
4301,1,0.08,0,0,1,1,1,5.9971,0,-0.00852238,0.0033951,0.641899,0.518848
4302,1,0.08,0,0,1,1,1,5.9971,0,0.0127836,0.00340523,0.408871,0.541406
4303,1,0.08,0,0,1,1,1,5.9971,-0.00349066,0.00532648,0.0033906,0.488968,0.575244
4304,1,0.08,0,0,1,1,1,5.9971,0,0.0117183,0.00338363,0.417739,0.518848
4305,1,0.08,0,0,1,1,1,5.9971,0,0.00426119,0.00335504,0.495992,0.530127
4306,1,0.08,0,0,1,1,1,5.9971,0,-0.010653,0.00335276,0.659746,0.406055
4307,1,0.08,0,0,1,1,1,5.9971,0.00698132,0.00426119,0.00333817,0.493765,0.462451
4308,1,0.08,0,0,1,1,1,5.9971,0,0.00958767,0.00330707,0.431069,0.597803
4309,1,0.08,0,0,1,1,1,5.9971,-0.00872665,0.0149142,0.00333324,0.375932,0.609082
4310,1,0.08,0,0,1,1,1,5.9971,0,-0.0117183,0.00333601,0.669254,0.417334
4311,1,0.08,0,0,1,1,1,5.9971,0.0314159,0.0010653,0.00332397,0.527046,0.518848
4312,1,0.08,0,0,1,1,1,5.997,-0.0226893,0.0159795,0.00331204,0.361415,0.530127
4313,1,0.08,0,0,1,1,1,5.9971,-0.0244346,0.00319589,0.00330072,0.50054,0.507568
4314,1,0.08,0,0,1,1,1,5.9971,0.0191986,-0.00958767,0.00329931,0.640973,0.563965
4315,1,0.08,0,0,1,1,1,5.9971,0,-0.00958767,0.00329869,0.640891,0.552686
4316,1,0.08,0,0,1,1,1,5.997,-0.0244346,0.0213059,0.00325543,0.295352,0.541406
4317,1,0.08,0,0,1,1,1,5.997,0,0.0170448,0.00327028,0.344185,0.496289
4318,1,0.08,0,0,1,1,1,5.9971,0.010472,0.0170448,0.00324625,0.341013,0.47373
4319,1,0.08,0,0,1,1,1,5.997,-0.0122173,0.0223712,0.00319257,0.275335,0.47373
4320,1,0.08,0,0,1,1,1,5.997,-0.00174533,0.00745708,0.00314058,0.432529,0.248145
4321,1,0.08,-4.78983e-06,-0.00957065,1,1,1,5.9971,0.015708,-0.00213059,0.00318938,0.543019,0.586523
4322,1,0.0799997,-0.000170917,-0.0565975,1,1,1,5.9971,0,-0.010653,0.00319218,0.628424,0.439893
4323,1,0.0799979,-0.00056847,-0.102174,1,1,1,5.9971,0.0139626,-0.010653,0.00316774,0.613846,0.518848
4324,1,0.0799936,-0.00118983,-0.146308,1,1,1,5.997,-0.020944,0.00852238,0.00315708,0.387609,0.518848
4325,1,0.0799856,-0.00202952,-0.189108,1,1,1,5.997,0,0.00639178,0.00312908,0.39095,0.496289
4326,1,0.079973,-0.00307907,-0.230497,1,1,1,5.997,-0.00872665,-0.0010653,0.00311361,0.452154,0.48501
4327,1,0.0799545,-0.00433131,-0.270497,1,1,1,5.997,0,0.00426119,0.00308419,0.3686,0.462451
4328,1,0.0799293,-0.00578132,-0.30918,1,1,1,5.997,0,0.0138489,0.0030705,0.238005,0.360938
4329,1,0.0798964,-0.00742202,-0.346538,1,1,1,5.997,0,0.00532648,0.00303809,0.301989,0.451172
4330,1,0.0798548,-0.00924382,-0.382527,1,1,1,5.997,0,0.010653,0.00297335,0.207335,0.406055
4331,1,0.0798035,-0.0112495,-0.417331,1,1,1,5.99691,-0.00174533,0.0234365,0.00292165,0.0302789,0.3271
4332,1,0.079742,-0.0134158,-0.45068,1,1,1,5.99691,0,0.0170448,0.00283835,0.0582107,0.259424
4333,1,0.0796693,-0.0157482,-0.482792,1,1,1,5.99691,-0.0174533,-0.0010653,0.00273713,0.210809,0.191748
4334,1,0.0795843,-0.0182418,-0.51369,1,1,1,5.99691,0,-0.00426119,0.00265043,0.199454,0.259424
4335,1,0.0794865,-0.0208848,-0.543312,1,1,1,5.99681,0,-3.26153e-19,0.00259108,0.10803,0.259424
4336,1,0.0793753,-0.023671,-0.571682,1,1,1,5.99681,-0.015708,0.00319589,0.00250162,0.0227632,0.214307
4337,1,0.0792496,-0.0265996,-0.598865,1,1,1,5.99671,-0.0174533,-0.0149142,0.00237633,0.165541,0.124072
4338,1,0.079109,-0.0296597,-0.624828,1,1,1,5.99671,0,0.0010653,0.00225706,-0.0674614,0.146631
4339,1,0.0789529,-0.0328436,-0.649575,1,1,1,5.99671,-0.0139626,-0.0149142,0.00212768,0.0483873,0.101514
4340,1,0.0787803,-0.0361539,-0.673186,1,1,1,5.99662,-0.00523599,-0.0138489,0.00195975,-0.0303545,0.0112793
4341,1,0.078591,-0.0395765,-0.695612,1,1,1,5.99652,0,-0.00319589,0.00181218,-0.212659,0.0112793
4342,1,0.0783844,-0.0431078,-0.716887,1,1,1,5.99652,-0.0174533,-0.00639178,0.00166765,-0.24408,0
4343,1,0.0781598,-0.0467433,-0.73703,1,1,1,5.99643,-0.0244346,-0.0138489,0.00149478,-0.234087,-0.0563965
4344,1,0.0779169,-0.0504735,-0.756037,1,1,1,5.99633,-0.0122173,-0.00745708,0.00129858,-0.380956,-0.101514
4345,1,0.0776549,-0.0543017,-0.773966,1,1,1,5.99614,-0.0296706,-0.01811,0.0011261,-0.338194,-0.15791
4346,1,0.0773735,-0.0582149,-0.790794,1,1,1,5.99604,-0.0366519,-0.0298283,0.00096211,-0.283563,-0.225586
4347,1,0.0770726,-0.0622079,-0.806539,1,1,1,5.99585,-0.0314159,-0.0191753,0.000763922,-0.480644,-0.3271
4348,1,0.0767516,-0.0662745,-0.821212,1,1,1,5.99566,-0.0366519,-0.0436772,0.000636132,-0.282081,-0.259424
4349,1,0.0764097,-0.0704185,-0.83486,1,1,1,5.99537,-0.0558505,-0.0383507,0.000445012,-0.421577,-0.417334
4350,1,0.0760471,-0.0746247,-0.847462,1,1,1,5.99508,-0.0610865,-0.0479384,0.00031912,-0.388342,-0.248145
4351,1,0.0756633,-0.0788911,-0.859044,1,1,1,5.99489,-0.0750492,-0.0639178,0.00020855,-0.283418,-0.338379
4352,1,0.0752581,-0.0832129,-0.869621,1,1,1,5.99461,-0.0715585,-0.0564607,0.000115592,-0.433696,-0.270703
4353,1,0.0748311,-0.0875857,-0.879209,1,1,1,5.99422,-0.0872665,-0.0713749,4.2341e-05,-0.335789,-0.248145
4354,1,0.0743825,-0.0920006,-0.887814,1,1,1,5.99393,-0.0890118,-0.0724402,-4.54696e-05,-0.392855,-0.383496
4355,1,0.073911,-0.0964621,-0.895468,1,1,1,5.99345,-0.0628319,-0.0916155,-0.000129681,-0.250962,-0.349658
4356,1,0.0734175,-0.100956,-0.902169,1,1,1,5.99307,-0.0942478,-0.0852238,-0.000194386,-0.387006,-0.293262
4357,1,0.0729014,-0.105483,-0.907938,1,1,1,5.99259,-0.102974,-0.10653,-0.000266987,-0.220533,-0.360938
4358,1,0.0723627,-0.110034,-0.912787,1,1,1,5.99221,-0.0907571,-0.0830932,-0.000367111,-0.549936,-0.372217
4359,1,0.0718014,-0.114606,-0.916731,1,1,1,5.99154,-0.137881,-0.0990726,-0.000453865,-0.444798,-0.48501
4360,1,0.0712166,-0.1192,-0.919788,1,1,1,5.99115,-0.0645772,-0.109726,-0.000513295,-0.394363,-0.417334
4361,1,0.0706055,-0.123831,-0.921978,1,1,1,5.99058,-0.123918,-0.12464,-0.000592812,-0.300154,-0.383496
4362,1,0.0699789,-0.128415,-0.923286,1,1,1,5.9901,-0.136136,-0.143815,-0.000680311,-0.160053,-0.518848
4363,1,0.0693252,-0.133034,-0.923759,1,1,1,5.98943,-0.0418879,-0.123574,-0.000790993,-0.456567,-0.530127
4364,1,0.0686481,-0.137655,-0.923398,1,1,1,5.98885,-0.172788,-0.125705,-0.000865653,-0.502269,-0.417334
4365,1,0.0679482,-0.142269,-0.92222,1,1,1,5.98809,-0.10821,-0.112921,-0.000949676,-0.712842,-0.609082
4366,1,0.0672255,-0.146875,-0.920239,1,1,1,5.98761,-0.153589,-0.118248,-0.00103577,-0.724704,-0.575244
4367,1,0.0664798,-0.151469,-0.917469,1,1,1,5.98665,-0.144862,-0.122509,-0.00110482,-0.745834,-0.552686
4368,1,0.0657108,-0.156049,-0.913922,1,1,1,5.98617,-0.116937,-0.157664,-0.00114802,-0.4233,-0.541406
4369,1,0.0649189,-0.160609,-0.909615,1,1,1,5.9854,-0.123918,-0.14488,-0.00116644,-0.623219,-0.360938
4370,1,0.0641048,-0.165144,-0.904565,1,1,1,5.98473,-0.193732,-0.147011,-0.00123715,-0.666897,-0.597803
4371,1,0.0632678,-0.169652,-0.898782,1,1,1,5.98368,-0.139626,-0.153403,-0.00127586,-0.658595,-0.507568
4372,1,0.0624082,-0.174131,-0.892281,1,1,1,5.9831,-0.176278,-0.169382,-0.00138219,-0.554922,-0.552686
4373,1,0.0615264,-0.178574,-0.885077,1,1,1,5.98166,-0.15708,-0.155533,-0.00145248,-0.772956,-0.913623
4374,1,0.0606233,-0.182977,-0.877193,1,1,1,5.98118,-0.151844,-0.183231,-0.00148475,-0.528433,-0.80083
4375,1,0.0596974,-0.187342,-0.868628,1,1,1,5.98013,-0.172788,-0.221582,-0.00143165,-0.152921,-0.496289
4376,1,0.0587492,-0.191665,-0.859397,1,1,1,5.97946,-0.155334,-0.194949,-0.00135773,-0.48757,-0.259424
4377,1,0.0577808,-0.195935,-0.849533,1,1,1,5.97811,-0.225147,-0.199211,-0.00131065,-0.486351,-0.383496
4378,1,0.0567898,-0.20016,-0.839025,1,1,1,5.97754,-0.144862,-0.238627,-0.0013065,-0.104627,-0.518848
4379,1,0.0557794,-0.204324,-0.827918,1,1,1,5.97629,-0.143117,-0.201341,-0.0012675,-0.559334,-0.496289
4380,1,0.0547475,-0.208435,-0.816199,1,1,1,5.97543,-0.244346,-0.202406,-0.00129617,-0.60242,-0.451172
4381,1,0.0536951,-0.212485,-0.803892,1,1,1,5.97399,-0.191986,-0.187492,-0.0013305,-0.820841,-0.64292
4382,1,0.0526219,-0.216476,-0.791004,1,1,1,5.97323,-0.221657,-0.218386,-0.00137303,-0.536578,-0.778271
4383,1,0.0515305,-0.220394,-0.777576,1,1,1,5.97198,-0.181514,-0.220516,-0.00136196,-0.559329,-0.597803
4384,1,0.0504181,-0.22425,-0.763583,1,1,1,5.97112,-0.20944,-0.225843,-0.00137573,-0.549673,-0.496289
4385,1,0.0492873,-0.228032,-0.74907,1,1,1,5.96987,-0.197222,-0.214125,-0.00138712,-0.725965,-0.417334
4386,1,0.0481377,-0.23174,-0.734041,1,1,1,5.9691,-0.244346,-0.238627,-0.00140603,-0.504768,-0.507568
4387,1,0.0469708,-0.235369,-0.718524,1,1,1,5.96766,-0.185005,-0.206668,-0.00145054,-0.906445,-0.518848
4388,1,0.045784,-0.238925,-0.702495,1,1,1,5.96671,-0.274017,-0.217321,-0.00154271,-0.846333,-0.766992
4389,1,0.0445809,-0.242396,-0.68601,1,1,1,5.96527,-0.200713,-0.213059,-0.00162045,-0.947275,-0.857227
4390,1,0.0433605,-0.245784,-0.669065,1,1,1,5.9644,-0.247837,-0.219451,-0.00169894,-0.930236,-0.755713
4391,1,0.0421242,-0.249083,-0.651689,1,1,1,5.96306,-0.20944,-0.242888,-0.00177973,-0.725112,-0.80083
4392,1,0.0408697,-0.2523,-0.633856,1,1,1,5.9622,-0.249582,-0.234365,-0.00184453,-0.867418,-0.744434
4393,1,0.0396014,-0.255421,-0.615637,1,1,1,5.96086,-0.267035,-0.2333,-0.00194166,-0.931769,-0.924902
4394,1,0.0383156,-0.258455,-0.596988,1,1,1,5.95961,-0.301942,-0.25141,-0.00206045,-0.787847,-0.902344
4395,1,0.037017,-0.261391,-0.577985,1,1,1,5.95827,-0.193732,-0.246084,-0.00220302,-0.903864,-1.07153
4396,1,0.0357019,-0.264235,-0.558578,1,1,1,5.95721,-0.296706,-0.246084,-0.00231802,-0.955869,-1.11665
4397,1,0.0343749,-0.266976,-0.538846,1,1,1,5.95568,-0.202458,-0.264194,-0.00238782,-0.801208,-0.778271
4398,1,0.0330322,-0.269622,-0.518739,1,1,1,5.95472,-0.289725,-0.237561,-0.00247285,-1.13899,-0.812109
4399,1,0.0316787,-0.272163,-0.498334,1,1,1,5.9529,-0.315905,-0.248214,-0.00254775,-1.06455,-0.924902
4400,1,0.0303108,-0.274605,-0.477588,1,1,1,5.95175,-0.258309,-0.286565,-0.00251699,-0.668306,-0.879785
4401,1,0.0289314,-0.276941,-0.456548,1,1,1,5.95041,-0.277507,-0.279108,-0.00249705,-0.775827,-0.710596
4402,1,0.0275426,-0.279168,-0.435252,1,1,1,5.94907,-0.345575,-0.288695,-0.00248567,-0.695832,-0.699316
4403,1,0.0261412,-0.281291,-0.413662,1,1,1,5.94744,-0.232129,-0.295087,-0.00242759,-0.642783,-0.620361
4404,1,0.0247285,-0.283307,-0.391798,1,1,1,5.94638,-0.315905,-0.298283,-0.00224631,-0.607392,-0.631641
4405,1,0.0233085,-0.285209,-0.369733,1,1,1,5.94427,-0.293215,-0.30361,-0.00216203,-0.559024,-0.744434
4406,1,0.0218768,-0.287003,-0.347402,1,1,1,5.94331,-0.226893,-0.306806,-0.00213627,-0.541043,-0.676758
4407,1,0.0204372,-0.288684,-0.32487,1,1,1,5.94149,-0.282743,-0.297218,-0.00202882,-0.649922,-0.496289
4408,1,0.0189898,-0.290252,-0.302143,1,1,1,5.94053,-0.230383,-0.307871,-0.00194482,-0.53853,-0.496289
4409,1,0.0175348,-0.291705,-0.279232,1,1,1,5.93861,-0.338594,-0.302544,-0.00192945,-0.611558,-0.563965
4410,1,0.0160743,-0.293043,-0.256174,1,1,1,5.93718,-0.328122,-0.282304,-0.00192811,-0.849124,-0.64292
4411,1,0.014606,-0.294265,-0.232939,1,1,1,5.93545,-0.305433,-0.281238,-0.00194484,-0.877114,-0.868506
4412,1,0.0131309,-0.295372,-0.209547,1,1,1,5.9342,-0.314159,-0.310001,-0.00193435,-0.572131,-0.845947
4413,1,0.0116515,-0.296361,-0.186043,1,1,1,5.93286,-0.226893,-0.295087,-0.0019164,-0.744112,-0.710596
4414,1,0.0101676,-0.297233,-0.16243,1,1,1,5.93142,-0.354302,-0.282304,-0.00191905,-0.89466,-0.563965
4415,1,0.00868059,-0.297985,-0.138733,1,1,1,5.92932,-0.375246,-0.298283,-0.00198048,-0.736427,-0.902344
4416,1,0.00718893,-0.298619,-0.114934,1,1,1,5.92807,-0.272271,-0.291891,-0.00194298,-0.807703,-0.710596
4417,1,0.0056933,-0.299135,-0.0910489,1,1,1,5.92653,-0.340339,-0.308936,-0.00186471,-0.613849,-0.530127
4418,1,0.00419675,-0.29953,-0.0671305,1,1,1,5.92529,-0.280998,-0.313197,-0.00180312,-0.561146,-0.609082
4419,1,0.00269823,-0.299806,-0.0431671,1,1,1,5.92375,-0.324631,-0.302544,-0.00179218,-0.678612,-0.721875
4420,1,0.00119873,-0.299962,-0.0191792,1,1,1,5.92222,-0.352557,-0.283369,-0.00182006,-0.894184,-0.823389
4421,1,-0.000301508,-0.299998,0.00482413,1,1,1,5.9204,-0.300197,-0.306806,-0.0018248,-0.63639,-0.812109
4422,1,-0.00179993,-0.299914,0.0287975,1,1,1,5.91934,-0.286234,-0.28763,-0.00187324,-0.852015,-0.823389
4423,1,-0.00329891,-0.29971,0.052774,1,1,1,5.91762,-0.280998,-0.295087,-0.00190474,-0.770913,-0.789551
4424,1,-0.00479679,-0.299386,0.0767224,1,1,1,5.91647,-0.289725,-0.292957,-0.00189833,-0.788321,-0.710596
4425,1,-0.00629261,-0.298943,0.100623,1,1,1,5.91455,-0.322886,-0.288695,-0.00189793,-0.828354,-0.665479
4426,1,-0.00778688,-0.298379,0.124477,1,1,1,5.9135,-0.279253,-0.279108,-0.00189573,-0.925138,-0.688037
4427,1,-0.00927688,-0.297698,0.148239,1,1,1,5.91158,-0.3735,-0.314263,-0.00196325,-0.53962,-0.924902
4428,1,-0.0107627,-0.296898,0.171904,1,1,1,5.91043,-0.200713,-0.266324,-0.00199556,-1.06017,-0.879785
4429,1,-0.0122451,-0.295979,0.195479,1,1,1,5.90889,-0.375246,-0.282304,-0.0020407,-0.87796,-0.755713
4430,1,-0.0137223,-0.294943,0.218931,1,1,1,5.90765,-0.305433,-0.278043,-0.00214697,-0.922809,-0.97002
4431,1,-0.0151953,-0.293789,0.24227,1,1,1,5.90583,-0.244346,-0.281238,-0.00221901,-0.879632,-0.80083
4432,1,-0.016661,-0.29252,0.265444,1,1,1,5.90468,-0.335103,-0.279108,-0.00226803,-0.890627,-0.778271
4433,1,-0.0181202,-0.291135,0.288458,1,1,1,5.90285,-0.274017,-0.28763,-0.00227101,-0.776976,-0.834668
4434,1,-0.0195721,-0.289636,0.311295,1,1,1,5.9019,-0.272271,-0.296153,-0.00225982,-0.660072,-0.778271
4435,1,-0.0210163,-0.288022,0.333943,1,1,1,5.89998,-0.312414,-0.284434,-0.00226679,-0.766837,-0.812109
4436,1,-0.0224523,-0.286296,0.356387,1,1,1,5.89873,-0.272271,-0.30361,-0.00221949,-0.525185,-0.755713
4437,1,-0.0238793,-0.284459,0.378614,1,1,1,5.8971,-0.282743,-0.301479,-0.00222018,-0.523015,-0.755713
4438,1,-0.0252956,-0.282512,0.400586,1,1,1,5.89586,-0.319395,-0.286565,-0.00219458,-0.656645,-0.563965
4439,1,-0.0267041,-0.280453,0.422347,1,1,1,5.89423,-0.305433,-0.286565,-0.00213687,-0.620584,-0.620361
4440,1,-0.0281001,-0.278289,0.443815,1,1,1,5.89288,-0.308923,-0.291891,-0.00206823,-0.523241,-0.563965
4441,1,-0.0294859,-0.276017,0.465018,1,1,1,5.89116,-0.298451,-0.313197,-0.00205587,-0.256332,-0.778271
4442,1,-0.0308612,-0.273638,0.48595,1,1,1,5.89001,-0.230383,-0.284434,-0.00201121,-0.534579,-0.48501
4443,1,-0.0322231,-0.271156,0.506557,1,1,1,5.88838,-0.289725,-0.281238,-0.00196403,-0.530062,-0.552686
4444,1,-0.0335726,-0.268572,0.526848,1,1,1,5.88742,-0.221657,-0.250345,-0.00192371,-0.829903,-0.541406
4445,1,-0.0349087,-0.265888,0.546801,1,1,1,5.88569,-0.361283,-0.245018,-0.00190855,-0.850674,-0.563965
4446,1,-0.0362311,-0.263105,0.566406,1,1,1,5.88445,-0.272271,-0.264194,-0.00193917,-0.60676,-0.857227
4447,1,-0.0375387,-0.260227,0.585638,1,1,1,5.8831,-0.216421,-0.264194,-0.00194803,-0.56978,-0.755713
4448,1,-0.0388331,-0.25725,0.604515,1,1,1,5.88215,-0.228638,-0.254606,-0.00197263,-0.639203,-0.609082
4449,1,-0.0401118,-0.254181,0.622991,1,1,1,5.88052,-0.244346,-0.220516,-0.00205921,-0.98525,-0.665479
4450,1,-0.041374,-0.251023,0.641047,1,1,1,5.87965,-0.218166,-0.243953,-0.00211641,-0.693581,-0.766992
4451,1,-0.0426219,-0.247771,0.658708,1,1,1,5.87812,-0.270526,-0.214125,-0.00221964,-0.992821,-0.755713
4452,1,-0.0438523,-0.244434,0.675919,1,1,1,5.87697,-0.246091,-0.210929,-0.00231469,-0.997025,-0.744434
4453,1,-0.045066,-0.241012,0.692684,1,1,1,5.87563,-0.254818,-0.238627,-0.00240833,-0.66023,-0.766992
4454,1,-0.0462615,-0.237511,0.708973,1,1,1,5.87486,-0.164061,-0.21519,-0.00247742,-0.881756,-0.812109
4455,1,-0.0474402,-0.233926,0.724796,1,1,1,5.87352,-0.232129,-0.225843,-0.00253861,-0.726302,-0.733154
4456,1,-0.0486015,-0.230261,0.740137,1,1,1,5.87285,-0.141372,-0.196015,-0.0026126,-1.01692,-0.744434
4457,1,-0.0497435,-0.226523,0.754959,1,1,1,5.87141,-0.286234,-0.193884,-0.00271348,-1.00562,-0.879785
4458,1,-0.0508667,-0.222712,0.769262,1,1,1,5.87054,-0.191986,-0.196015,-0.00283732,-0.949576,-0.981299
4459,1,-0.0519697,-0.218834,0.783017,1,1,1,5.8693,-0.197222,-0.216255,-0.00290763,-0.686542,-0.688037
4460,1,-0.0530548,-0.214883,0.796242,1,1,1,5.86863,-0.185005,-0.214125,-0.0029918,-0.67061,-0.812109
4461,1,-0.0541185,-0.210872,0.808885,1,1,1,5.86719,-0.174533,-0.19708,-0.00308298,-0.819004,-0.936182
4462,1,-0.0551635,-0.206794,0.820967,1,1,1,5.86642,-0.185005,-0.188558,-0.00311067,-0.864504,-0.868506
4463,1,-0.0561863,-0.202664,0.832436,1,1,1,5.86546,-0.190241,-0.204537,-0.00312836,-0.63863,-0.688037
4464,1,-0.0571899,-0.198471,0.843315,1,1,1,5.8647,-0.188496,-0.185362,-0.00316076,-0.800707,-0.710596
4465,1,-0.0581711,-0.194231,0.853559,1,1,1,5.86345,-0.197222,-0.191753,-0.00319297,-0.681027,-0.676758
4466,1,-0.0591321,-0.189937,0.863177,1,1,1,5.86278,-0.181514,-0.199211,-0.00321683,-0.547942,-0.688037
4467,1,-0.0600703,-0.185601,0.872133,1,1,1,5.86172,-0.151844,-0.174709,-0.00324111,-0.766057,-0.710596
4468,1,-0.0609874,-0.181219,0.88043,1,1,1,5.86096,-0.185005,-0.168317,-0.00328405,-0.786946,-0.631641
4469,1,-0.0618824,-0.176798,0.888047,1,1,1,5.86,-0.195477,-0.152337,-0.00335992,-0.917259,-0.688037
4470,1,-0.0627558,-0.172338,0.894975,1,1,1,5.85923,-0.172788,-0.166186,-0.00341098,-0.715796,-0.64292
4471,1,-0.0636058,-0.167849,0.901186,1,1,1,5.85837,-0.150098,-0.171513,-0.0034677,-0.608593,-0.755713
4472,1,-0.0644344,-0.163326,0.906681,1,1,1,5.8577,-0.15708,-0.156599,-0.00351785,-0.722836,-0.812109
4473,1,-0.0652396,-0.15878,0.911435,1,1,1,5.85683,-0.122173,-0.154468,-0.00356773,-0.696242,-0.733154
4474,1,-0.0660221,-0.154213,0.915438,1,1,1,5.85626,-0.143117,-0.141684,-0.00356602,-0.779871,-0.733154
4475,1,-0.0667817,-0.149627,0.918674,1,1,1,5.8553,-0.169297,-0.129966,-0.0035926,-0.855405,-0.733154
4476,1,-0.0675183,-0.145028,0.92113,1,1,1,5.85473,-0.13439,-0.16299,-0.00364441,-0.442039,-0.778271
4477,1,-0.0682315,-0.140421,0.92279,1,1,1,5.85396,-0.0977384,-0.141684,-0.00368119,-0.62434,-0.868506
4478,1,-0.0689226,-0.135801,0.923642,1,1,1,5.85338,-0.120428,-0.128901,-0.00371219,-0.712084,-0.688037
4479,1,-0.0695895,-0.131186,0.92367,1,1,1,5.85262,-0.172788,-0.10866,-0.00375271,-0.883301,-0.665479
4480,1,-0.0702339,-0.126569,0.922861,1,1,1,5.85214,-0.102974,-0.134227,-0.00378981,-0.550273,-0.688037
4481,1,-0.0708556,-0.121955,0.921197,1,1,1,5.85137,-0.0907571,-0.112921,-0.00379499,-0.72878,-0.631641
4482,1,-0.0714535,-0.117358,0.91867,1,1,1,5.85099,-0.111701,-0.123574,-0.00379329,-0.555172,-0.586523
4483,1,-0.0720289,-0.112773,0.915259,1,1,1,5.85032,-0.106465,-0.104399,-0.0038091,-0.712251,-0.541406
4484,1,-0.0725813,-0.108207,0.910953,1,1,1,5.84974,-0.13439,-0.121444,-0.00377059,-0.464108,-0.530127
4485,1,-0.0731109,-0.103665,0.905738,1,1,1,5.84926,-0.0959931,-0.0958767,-0.00379065,-0.692854,-0.665479
4486,1,-0.0736179,-0.0991521,0.899598,1,1,1,5.84869,-0.116937,-0.107595,-0.00376791,-0.506294,-0.631641
4487,1,-0.0741029,-0.0946675,0.892512,1,1,1,5.84821,-0.0698132,-0.104399,-0.00373333,-0.482706,-0.530127
4488,1,-0.0745651,-0.090225,0.88448,1,1,1,5.84782,-0.102974,-0.0990726,-0.00373396,-0.487856,-0.586523
4489,1,-0.0750049,-0.0858274,0.875484,1,1,1,5.84725,-0.0837758,-0.0980073,-0.00369367,-0.441428,-0.609082
4490,1,-0.0754231,-0.0814749,0.865503,1,1,1,5.84696,-0.0366519,-0.0703096,-0.00369119,-0.693633,-0.530127
4491,1,-0.07582,-0.0771712,0.854515,1,1,1,5.84638,-0.13439,-0.0820279,-0.00372437,-0.517716,-0.597803
4492,1,-0.0761953,-0.072927,0.842521,1,1,1,5.8461,-0.0610865,-0.0692443,-0.00371164,-0.606133,-0.665479
4493,1,-0.0765495,-0.0687463,0.829505,1,1,1,5.84571,-0.0575959,-0.0639178,-0.00372993,-0.617545,-0.575244
4494,1,-0.0768828,-0.0646343,0.815452,1,1,1,5.84543,-0.0855211,-0.0639178,-0.0037219,-0.567885,-0.496289
4495,1,-0.0771956,-0.0605978,0.800356,1,1,1,5.84514,-0.0680678,-0.0490037,-0.00374508,-0.687474,-0.47373
4496,1,-0.0774889,-0.0566326,0.784164,1,1,1,5.84485,-0.101229,-0.0649831,-0.00378092,-0.469937,-0.631641
4497,1,-0.0777623,-0.0527549,0.766905,1,1,1,5.84456,0,-0.0479384,-0.00378436,-0.612619,-0.654199
4498,1,-0.0780166,-0.0489658,0.748547,1,1,1,5.84437,-0.0366519,-0.050069,-0.0037924,-0.546224,-0.631641
4499,1,-0.0782521,-0.0452713,0.729076,1,1,1,5.84408,-0.0383972,-0.0372854,-0.00378749,-0.643496,-0.48501
4500,1,-0.0784694,-0.0416772,0.708482,1,1,1,5.84389,-0.0663225,-0.0458078,-0.00382278,-0.51311,-0.552686
4501,1,-0.0786691,-0.0381886,0.686745,1,1,1,5.8436,0,-0.0138489,-0.00385211,-0.828683,-0.541406
4502,1,-0.0788516,-0.0348104,0.663845,1,1,1,5.84351,-0.0593412,-0.0308936,-0.0038756,-0.605972,-0.631641
4503,1,-0.0790173,-0.0315543,0.639811,1,1,1,5.84341,-0.020944,-0.0234365,-0.0039164,-0.656727,-0.609082
4504,1,-0.0791673,-0.0284155,0.614548,1,1,1,5.84322,-0.0436332,0.00532648,-0.00395583,-0.943283,-0.64292
4505,1,-0.0793018,-0.0254074,0.588096,1,1,1,5.84303,-0.0837758,-0.0372854,-0.00398012,-0.444498,-0.857227
4506,1,-0.0794215,-0.0225385,0.560471,1,1,1,5.84293,0.0383972,-0.0340895,-0.00399978,-0.450861,-0.845947
4507,1,-0.0795273,-0.019808,0.531591,1,1,1,5.84293,0,-0.00319589,-0.00403056,-0.765251,-0.631641
4508,1,-0.0796199,-0.0172229,0.501446,1,1,1,5.84274,-0.0558505,-0.0298283,-0.00402085,-0.443478,-0.597803
4509,1,-0.0796999,-0.0147928,0.470057,1,1,1,5.84274,0,-0.00958767,-0.00403625,-0.642707,-0.64292
4510,1,-0.079768,-0.0125259,0.437442,1,1,1,5.84265,0,-0.010653,-0.00400047,-0.602995,-0.552686
4511,1,-0.0798254,-0.0104215,0.403484,1,1,1,5.84265,-0.0471239,-0.00532648,-0.00401755,-0.642761,-0.654199
4512,1,-0.0798725,-0.008493,0.368278,1,1,1,5.84255,0,-0.00319589,-0.00404937,-0.651658,-0.575244
4513,1,-0.0799106,-0.00674253,0.331736,1,1,1,5.84255,-0.0279253,0.00745708,-0.00407441,-0.755787,-0.845947
4514,1,-0.0799403,-0.00517684,0.293834,1,1,1,5.84245,0.00872665,0.0245018,-0.0041233,-0.935841,-0.755713
4515,1,-0.0799627,-0.00380516,0.254619,1,1,1,5.84245,-0.0436332,0.00213059,-0.00411513,-0.67736,-0.665479
4516,1,-0.0799787,-0.00263286,0.214045,1,1,1,5.84245,0.0139626,-0.00319589,-0.0041143,-0.609986,-0.710596
4517,1,-0.0799893,-0.00166693,0.172103,1,1,1,5.84245,0,-0.0202406,-0.00410451,-0.415261,-0.744434
4518,1,-0.0799957,-0.000914156,0.128775,1,1,1,5.84245,0.0244346,0.0010653,-0.00410645,-0.646762,-0.64292
4519,1,-0.0799989,-0.00038149,0.0840441,1,1,1,5.84245,-0.00523599,-0.0117183,-0.00409285,-0.504135,-0.688037
4520,1,-0.0799999,-7.60577e-05,0.0379085,1,1,1,5.84245,0,-0.0191753,-0.00410719,-0.426783,-0.823389
4521,1,-0.08,-0,-0,1,1,1,5.84245,0.0680678,-0.0223712,-0.00408741,-0.393454,-0.620361
4522,1,-0.08,-0,-0,1,1,1,5.84236,-0.0541052,-0.00639178,-0.0040528,-0.564661,-0.631641
4523,1,-0.08,-0,-0,1,1,1,5.84245,0.00872665,-0.00958767,-0.00404488,-0.52846,-0.586523
4524,1,-0.08,-0,-0,1,1,1,5.84236,-0.0174533,-0.0159795,-0.00402445,-0.455453,-0.552686
4525,1,-0.08,-0,-0,1,1,1,5.84236,0,0.0127836,-0.00404857,-0.77503,-0.631641
4526,1,-0.08,-0,-0,1,1,1,5.84236,-0.00872665,-0.00745708,-0.00405309,-0.55298,-0.64292
4527,1,-0.08,-0,-0,1,1,1,5.84236,0,0.0149142,-0.00407071,-0.80139,-0.676758
4528,1,-0.08,-0,-0,1,1,1,5.84236,0,0.00426119,-0.00406852,-0.683918,-0.597803
4529,1,-0.08,-0,-0,1,1,1,5.84236,-0.00174533,0.010653,-0.0040851,-0.756417,-0.676758
4530,1,-0.08,-0,-0,1,1,1,5.84236,0,0.00532648,-0.00408243,-0.697472,-0.563965
4531,1,-0.08,-0,-0,1,1,1,5.84236,-0.0261799,0.0149142,-0.00409177,-0.80417,-0.609082
4532,1,-0.08,-0,-0,1,1,1,5.84236,0,0.0117183,-0.00412582,-0.77351,-0.586523
4533,1,-0.08,-0,-0,1,1,1,5.84226,-0.0174533,-0.00852238,-0.00413027,-0.55145,-0.699316
4534,1,-0.08,-0,-0,1,1,1,5.84236,0.0261799,0.0010653,-0.00413465,-0.657492,-0.676758
4535,1,-0.08,-0,-0,1,1,1,5.84226,0,0.00958767,-0.00414142,-0.752132,-0.665479
4536,1,-0.08,-0,-0,1,1,1,5.84226,0,0.0149142,-0.00411624,-0.8074,-0.541406
4537,1,-0.08,-0,-0,1,1,1,5.84226,-0.0331613,0.0255671,-0.00415802,-0.930097,-0.676758
4538,1,-0.08,-0,-0,1,1,1,5.84226,0,0.0010653,-0.00418657,-0.664346,-0.721875
4539,1,-0.08,-0,-0,1,1,1,5.84226,0.015708,-0.00852238,-0.00419645,-0.560185,-0.518848
4540,1,-0.08,-0,-0,1,1,1,5.84226,-0.0418879,0.0010653,-0.00420577,-0.66688,-0.541406
4541,1,-0.08,-0,-0,1,1,1,5.84226,0,-0.00639178,-0.00414146,-0.576363,-0.530127
4542,1,-0.08,-0,-0,1,1,1,5.84236,0,0.010653,-0.00413669,-0.763226,-0.563965
4543,1,-0.08,-0,-0,1,1,1,5.84226,-0.0139626,-1.82646e-18,-0.00412463,-0.644452,-0.586523
4544,1,-0.08,-0,-0,1,1,1,5.84226,0.00872665,-0.0010653,-0.00417183,-0.638963,-0.710596
4545,1,-0.08,-0,-0,1,1,1,5.84217,0.0174533,1.56553e-18,-0.00417779,-0.651468,-0.631641
4546,1,-0.08,-0,-0,1,1,1,5.84217,-0.0279253,-0.0117183,-0.00420715,-0.526442,-0.688037
4547,1,-0.08,-0,-0,1,1,1,5.84217,0.0506145,-0.0127836,-0.00417056,-0.509895,-0.552686
4548,1,-0.08,-0,-0,1,1,1,5.84217,-0.0523599,0.00639178,-0.00420134,-0.724886,-0.766992
4549,1,-0.08,-0,-0,1,1,1,5.84217,0.0174533,0.0010653,-0.00417994,-0.663471,-0.586523
4550,1,-0.08,-0,-0,1,1,1,5.84217,-0.0226893,-0.00745708,-0.00420777,-0.573398,-0.766992
4551,1,-0.08,-0,-0,1,1,1,5.84217,0.0174533,-0.0010653,-0.00416536,-0.638109,-0.597803
4552,1,-0.08,-0,-0,1,1,1,5.84217,0,0.00213059,-0.00415082,-0.671345,-0.451172
4553,1,-0.08,-0,-0,1,1,1,5.84207,0,-0.00213059,-0.00411575,-0.619843,-0.417334
4554,1,-0.08,-0,-0,1,1,1,5.84217,-0.0244346,-0.00852238,-0.00412836,-0.551198,-0.597803
4555,1,-0.08,-0,-0,1,1,1,5.84207,0.0418879,0.01811,-0.00411586,-0.842504,-0.631641
4556,1,-0.08,-0,-0,1,1,1,5.84207,-0.0226893,0.0255671,-0.00411923,-0.924977,-0.665479
4557,1,-0.08,-0,-0,1,1,1,5.84197,-0.015708,0.00532648,-0.00411846,-0.702228,-0.552686
4558,1,-0.08,-0,-0,1,1,1,5.84207,0.00698132,0.00532648,-0.00412435,-0.703005,-0.541406
4559,1,-0.08,-0,-0,1,1,1,5.84197,0,-0.0010653,-0.00411212,-0.631081,-0.620361
4560,1,-0.08,-0,-0,1,1,1,5.84207,0.00174533,-0.0138489,-0.00409046,-0.487604,-0.64292
4561,1,-0.08,-0,-0,1,1,1,5.84207,0.00872665,0.00745708,-0.00411082,-0.724656,-0.552686
4562,1,-0.08,-0,-0,1,1,1,5.84197,-0.020944,-0.0191753,-0.00409507,-0.429621,-0.64292
4563,1,-0.08,-0,-0,1,1,1,5.84207,0.0122173,0.00745708,-0.00414615,-0.72932,-0.721875
4564,1,-0.08,-0,-0,1,1,1,5.84188,-0.0174533,-0.0117183,-0.00412185,-0.515183,-0.676758
4565,1,-0.08,-0,-0,1,1,1,5.84197,0.00523599,-0.00745708,-0.00415136,-0.565951,-0.721875
4566,1,-0.08,-0,-0,1,1,1,5.84197,0,0.00532648,-0.0041398,-0.705045,-0.462451
4567,1,-0.08,-0,-0,1,1,1,5.84188,-0.0541052,-0.00532648,-0.00413559,-0.587307,-0.699316
4568,1,-0.08,-0,-0,1,1,1,5.84197,0.0331613,-0.0127836,-0.00412205,-0.503492,-0.676758
4569,1,-0.08,-0,-0,1,1,1,5.84188,0,-0.0127836,-0.00408213,-0.498222,-0.586523
4570,1,-0.08,-0,-0,1,1,1,5.84197,0,0.00319589,-0.00407878,-0.673553,-0.620361
4571,1,-0.08,-0,-0,1,1,1,5.84197,0,0.0127836,-0.00409203,-0.780767,-0.597803
4572,1,-0.08,-0,-0,1,1,1,5.84197,0,0.00426119,-0.00409153,-0.686955,-0.744434
4573,1,-0.08,-0,-0,1,1,1,5.84188,0,0.0191753,-0.00411041,-0.853503,-0.563965
4574,1,-0.08,-0,-0,1,1,1,5.84188,0,0.0159795,-0.00410637,-0.817815,-0.631641
4575,1,-0.08,-0,-0,1,1,1,5.84188,-0.020944,-0.00639178,-0.00410143,-0.57108,-0.597803
4576,1,-0.08,-0,-0,1,1,1,5.84188,0.0174533,0.0170448,-0.00411517,-0.830694,-0.597803
4577,1,-0.08,-0,-0,1,1,1,5.84178,-0.0296706,0.0010653,-0.00411514,-0.654917,-0.688037
4578,1,-0.08,-0,-0,1,1,1,5.84188,0.0279253,4.56614e-19,-0.00412107,-0.643981,-0.699316
4579,1,-0.08,-0,-0,1,1,1,5.84178,0,-0.00852238,-0.004142,-0.552998,-0.755713
4580,1,-0.08,-0,-0,1,1,1,5.84188,0.0174533,-0.0127836,-0.00411933,-0.503132,-0.688037
4581,1,-0.08,-0,-0,1,1,1,5.84188,0.0174533,-0.0159795,-0.00411338,-0.467192,-0.631641
4582,1,-0.08,-0,-0,1,1,1,5.84178,-0.0174533,0.0010653,-0.00411807,-0.655303,-0.688037
4583,1,-0.08,-0,-0,1,1,1,5.84178,0,-0.0010653,-0.0041201,-0.632136,-0.710596
4584,1,-0.08,-0,-0,1,1,1,5.84178,-0.00349066,0.00852238,-0.00409284,-0.734001,-0.688037
4585,1,-0.08,-0,-0,1,1,1,5.84178,-0.0401426,0.00319589,-0.00408266,-0.674066,-0.530127
4586,1,-0.08,-0,-0,1,1,1,5.84178,0,-0.0170448,-0.00406848,-0.449547,-0.654199
4587,1,-0.08,-0,-0,1,1,1,5.84178,0,-0.00213059,-0.0040785,-0.614925,-0.597803
4588,1,-0.08,-0,-0,1,1,1,5.84178,0,0.0138489,-0.00408093,-0.79102,-0.586523
4589,1,-0.08,-0,-0,1,1,1,5.84169,-0.0139626,0.010653,-0.00404716,-0.751408,-0.665479
4590,1,-0.08,-0,-0,1,1,1,5.84178,0.0174533,-0.010653,-0.0040294,-0.514698,-0.597803
4591,1,-0.08,-0,-0,1,1,1,5.84178,0,-0.010653,-0.00404248,-0.516424,-0.733154
4592,1,-0.08,-0,-0,1,1,1,5.84178,0,-0.0117183,-0.00398544,-0.497177,-0.733154
4593,1,-0.08,-0,-0,1,1,1,5.84188,0.00872665,-0.0202406,-0.00399406,-0.404568,-0.552686
4594,1,-0.08,-0,-0,1,1,1,5.84169,-0.0191986,0.00426119,-0.00399523,-0.674244,-0.563965
4595,1,-0.08,-0,-0,1,1,1,5.84178,-0.0226893,0.00745708,-0.00402607,-0.713469,-0.654199
4596,1,-0.08,-0,-0,1,1,1,5.84169,0,-0.00213059,-0.00404112,-0.609991,-0.688037
4597,1,-0.08,-0,-0,1,1,1,5.84169,0,-0.00852238,-0.00404156,-0.53974,-0.597803
4598,1,-0.08,-0,-0,1,1,1,5.84169,-0.0383972,0.01811,-0.00404424,-0.83305,-0.812109
4599,1,-0.08,-0,-0,1,1,1,5.84169,0,-0.00426119,-0.00404485,-0.587047,-0.609082
4600,1,-0.08,-0,-0,1,1,1,5.84169,0,0.010653,-0.00400361,-0.74566,-0.586523
4601,1,-0.08,-0,-0,1,1,1,5.84169,-0.00872665,-0.0191753,-0.00395423,-0.411029,-0.518848
4602,1,-0.08,-0,-0,1,1,1,5.84169,0.0174533,8.47998e-19,-0.00392251,-0.617771,-0.552686
4603,1,-0.08,-0,-0,1,1,1,5.84169,0,0.00639178,-0.00394216,-0.690675,-0.518848
4604,1,-0.08,-0,-0,1,1,1,5.84169,-0.0314159,0.0117183,-0.0039752,-0.753627,-0.688037
4605,1,-0.08,-0,-0,1,1,1,5.84159,0,0.0010653,-0.00399746,-0.639383,-0.676758
4606,1,-0.08,-0,-0,1,1,1,5.84159,0,-0.00213059,-0.00399585,-0.604016,-0.620361
4607,1,-0.08,-0,-0,1,1,1,5.84159,0,-0.00958767,-0.00399061,-0.521296,-0.733154
4608,1,-0.08,-0,-0,1,1,1,5.84159,0.0191986,0.0117183,-0.00397287,-0.75332,-0.597803
4609,1,-0.08,-0,-0,1,1,1,5.84159,-0.00523599,-0.0010653,-0.003935,-0.607701,-0.451172
4610,1,-0.08,-0,-0,1,1,1,5.84169,0,0.0202406,-0.00394165,-0.842944,-0.575244
4611,1,-0.08,-0,-0,1,1,1,5.84159,-0.00698132,-0.010653,-0.00392626,-0.501083,-0.47373
4612,1,-0.08,-0,-0,1,1,1,5.84159,0,0.0010653,-0.00390752,-0.627511,-0.48501
4613,1,-0.08,-0,-0,1,1,1,5.84159,0,0.0010653,-0.00392345,-0.629614,-0.609082
4614,1,-0.08,-0,-0,1,1,1,5.84159,-0.0174533,0.00213059,-0.00393305,-0.6426,-0.676758
4615,1,-0.08,-0,-0,1,1,1,5.84159,0,-7.82767e-19,-0.00393731,-0.619724,-0.631641
4616,1,-0.08,-0,-0,1,1,1,5.84159,0.00872665,0.010653,-0.00393045,-0.736002,-0.733154
4617,1,-0.08,-0,-0,1,1,1,5.84159,0,-0.00532648,-0.00396215,-0.564413,-0.665479
4618,1,-0.08,-0,-0,1,1,1,5.84159,0,0.00745708,-0.00399592,-0.70949,-0.654199
4619,1,-0.08,-0,-0,1,1,1,5.84149,0,-0.0010653,-0.0040337,-0.62073,-0.688037
4620,1,-0.08,-0,-0,1,1,1,5.84149,0,-0.00319589,-0.0040611,-0.60091,-0.64292
4621,1,-0.08,4.78612e-06,0.00956694,1,1,1,5.84149,0,-0.0010653,-0.00405457,-0.62207,-0.721875
4622,1,-0.0799997,0.000170741,0.0565687,1,1,1,5.84149,0.00349066,-0.0117183,-0.00400053,-0.489049,-0.541406
4623,1,-0.0799979,0.000568056,0.102138,1,1,1,5.84159,0,0.00852238,-0.00397965,-0.697591,-0.48501
4624,1,-0.0799936,0.00118983,0.146308,1,1,1,5.84159,0,0.01811,-0.00393297,-0.782981,-0.541406
4625,1,-0.0799856,0.00202875,0.189074,1,1,1,5.84149,-0.0314159,0.0117183,-0.00396763,-0.70086,-0.620361
4626,1,-0.079973,0.00307826,0.230468,1,1,1,5.84149,0,-0.00639178,-0.0039922,-0.486112,-0.766992
4627,1,-0.0799545,0.00433132,0.270497,1,1,1,5.84159,0.0261799,0.00532648,-0.00395932,-0.58958,-0.439893
4628,1,-0.0799293,0.00578079,0.309167,1,1,1,5.84159,-0.0279253,-0.0010653,-0.0039388,-0.493243,-0.406055
4629,1,-0.0798964,0.00742067,0.346509,1,1,1,5.84159,0,0.0202406,-0.00395591,-0.704394,-0.597803
4630,1,-0.0798548,0.00924388,0.382528,1,1,1,5.84149,-0.0174533,-0.010653,-0.00394797,-0.335976,-0.654199
4631,1,-0.0798036,0.0112452,0.417261,1,1,1,5.84159,0.0488692,-0.0117183,-0.00392068,-0.291105,-0.541406
4632,1,-0.079742,0.0134157,0.450678,1,1,1,5.84159,-0.00872665,-0.00639178,-0.00382243,-0.305284,-0.383496
4633,1,-0.0796693,0.0157482,0.482793,1,1,1,5.84159,0,-0.00532648,-0.00374941,-0.27411,-0.417334
4634,1,-0.0795843,0.01824,0.513668,1,1,1,5.84169,0.0139626,0.0170448,-0.00363021,-0.46942,-0.270703
4635,1,-0.0794866,0.0208828,0.543291,1,1,1,5.84169,-0.0471239,0.00319589,-0.00358975,-0.275023,-0.496289
4636,1,-0.0793753,0.0236705,0.571677,1,1,1,5.84169,0.0174533,-0.00532648,-0.00349684,-0.130686,-0.383496
4637,1,-0.0792496,0.0265996,0.598865,1,1,1,5.84178,0,0.0117183,-0.00341656,-0.267687,-0.3271
4638,1,-0.079109,0.0296589,0.624821,1,1,1,5.84178,0,0.00213059,-0.00331068,-0.106926,-0.3271
4639,1,-0.0789529,0.032844,0.649578,1,1,1,5.84188,0.0122173,0.0010653,-0.00319453,-0.0371698,-0.214307
4640,1,-0.0787805,0.0361508,0.673165,1,1,1,5.84188,0,-0.00639178,-0.00304401,0.108763,-0.124072
4641,1,-0.0785912,0.0395732,0.695592,1,1,1,5.84188,0.015708,0.0149142,-0.00288738,-0.0593535,-0.146631
4642,1,-0.0783845,0.0431051,0.716871,1,1,1,5.84197,0.0174533,0.00532648,-0.00275955,0.109166,-0.0563965
4643,1,-0.07816,0.0467399,0.737012,1,1,1,5.84197,0.00174533,2.60922e-19,-0.00256903,0.240918,-0.101514
4644,1,-0.0779168,0.0504759,0.756049,1,1,1,5.84207,0.0261799,0.0127836,-0.00237173,0.176237,-0.0112793
4645,1,-0.0776551,0.0542989,0.773954,1,1,1,5.84217,0.0122173,0.0234365,-0.00217269,0.136413,0
4646,1,-0.0773738,0.058211,0.790778,1,1,1,5.84217,0.015708,0.0266324,-0.00199175,0.176718,0.0451172
4647,1,-0.0770728,0.0622047,0.806526,1,1,1,5.84226,0.0174533,0.0223712,-0.00177327,0.305653,0.0563965
4648,1,-0.0767517,0.0662745,0.821212,1,1,1,5.84245,0.0244346,0.0149142,-0.00153738,0.473475,0.203027
4649,1,-0.07641,0.0704147,0.834848,1,1,1,5.84265,0.0523599,0.0308936,-0.00128689,0.386806,0.349658
4650,1,-0.0760474,0.074621,0.847451,1,1,1,5.84284,0.0226893,0.0255671,-0.00108568,0.52796,0.236865
4651,1,-0.0756637,0.0788877,0.859035,1,1,1,5.84303,0.0837758,0.0330242,-0.000851332,0.534673,0.439893
4652,1,-0.0752584,0.0832101,0.869615,1,1,1,5.84322,0.0314159,0.0511343,-0.000681697,0.415104,0.47373
4653,1,-0.0748315,0.0875824,0.879202,1,1,1,5.84351,0.0506145,0.0521996,-0.000526429,0.481037,0.372217
4654,1,-0.0743825,0.0920004,0.887814,1,1,1,5.8437,0.0802851,0.0458078,-0.000362949,0.631022,0.394775
4655,1,-0.0739114,0.096459,0.895463,1,1,1,5.84418,0.0837758,0.0767014,-0.000212573,0.369973,0.507568
4656,1,-0.0734179,0.100953,0.902165,1,1,1,5.84437,0.0541052,0.0713749,-5.8001e-05,0.507832,0.507568
4657,1,-0.0729018,0.105479,0.907934,1,1,1,5.84495,0.0872665,0.0809626,6.73229e-05,0.477939,0.552686
4658,1,-0.0723631,0.110031,0.912784,1,1,1,5.84523,0.0855211,0.0937461,0.000171115,0.410035,0.586523
4659,1,-0.071801,0.114609,0.916733,1,1,1,5.84571,0.0715585,0.0958767,0.00026758,0.458302,0.428613
4660,1,-0.0712169,0.119197,0.919786,1,1,1,5.84619,0.129154,0.105464,0.000376872,0.426358,0.372217
4661,1,-0.0706095,0.123802,0.921967,1,1,1,5.84686,0.0645772,0.0873543,0.000481878,0.698451,0.518848
4662,1,-0.0699789,0.128415,0.923286,1,1,1,5.84715,0.111701,0.0980073,0.000566391,0.651778,0.507568
4663,1,-0.0693253,0.133033,0.923759,1,1,1,5.84801,0.139626,0.112921,0.000612903,0.552788,0.575244
4664,1,-0.0686486,0.137652,0.923399,1,1,1,5.8483,0.0663225,0.10653,0.000673925,0.689647,0.47373
4665,1,-0.0679488,0.142266,0.922221,1,1,1,5.84916,0.18326,0.132097,0.000796854,0.484814,0.518848
4666,1,-0.0672259,0.146873,0.92024,1,1,1,5.84974,0.113446,0.143815,0.000891698,0.427628,0.541406
4667,1,-0.0664801,0.151467,0.91747,1,1,1,5.85041,0.10821,0.123574,0.000947861,0.715533,0.518848
4668,1,-0.0657107,0.156049,0.913922,1,1,1,5.85108,0.191986,0.134227,0.00101909,0.666298,0.64292
4669,1,-0.064919,0.160608,0.909616,1,1,1,5.85185,0.129154,0.137423,0.00109303,0.699174,0.609082
4670,1,-0.0641053,0.165141,0.904568,1,1,1,5.85252,0.200713,0.149142,0.0011195,0.631988,0.654199
4671,1,-0.0632683,0.16965,0.898785,1,1,1,5.85357,0.15708,0.164056,0.00118938,0.53443,0.665479
4672,1,-0.0624082,0.174131,0.892281,1,1,1,5.85415,0.141372,0.172578,0.0011907,0.496678,0.575244
4673,1,-0.0615271,0.178571,0.885083,1,1,1,5.85511,0.197222,0.190688,0.00121092,0.355961,0.586523
4674,1,-0.0606232,0.182977,0.877193,1,1,1,5.85588,0.146608,0.192819,0.00121259,0.38697,0.428613
4675,1,-0.0596973,0.187342,0.868627,1,1,1,5.85693,0.195477,0.170448,0.00119613,0.684014,0.507568
4676,1,-0.0587499,0.191662,0.859404,1,1,1,5.8577,0.174533,0.1811,0.00117841,0.617567,0.518848
4677,1,-0.05778,0.195939,0.849525,1,1,1,5.85885,0.216421,0.190688,0.0011849,0.565533,0.496289
4678,1,-0.0567899,0.200159,0.839026,1,1,1,5.85961,0.190241,0.201341,0.00119566,0.501664,0.541406
4679,1,-0.0557793,0.204324,0.827917,1,1,1,5.86077,0.216421,0.206668,0.00121088,0.496355,0.665479
4680,1,-0.0547467,0.208438,0.81619,1,1,1,5.86172,0.198968,0.208798,0.00120038,0.521572,0.586523
4681,1,-0.0536944,0.212488,0.803883,1,1,1,5.86278,0.195477,0.21519,0.00122188,0.503956,0.47373
4682,1,-0.052622,0.216475,0.791005,1,1,1,5.86374,0.253073,0.226908,0.00123704,0.426262,0.597803
4683,1,-0.0515304,0.220395,0.777575,1,1,1,5.86518,0.172788,0.226908,0.0012563,0.476732,0.64292
4684,1,-0.0504188,0.224248,0.763593,1,1,1,5.86585,0.169297,0.240757,0.00123838,0.368686,0.507568
4685,1,-0.0492872,0.228032,0.74907,1,1,1,5.86719,0.23911,0.205602,0.00122879,0.799168,0.609082
4686,1,-0.0481379,0.23174,0.734044,1,1,1,5.86824,0.235619,0.234365,0.00125432,0.531823,0.609082
4687,1,-0.0469701,0.235372,0.718514,1,1,1,5.86968,0.216421,0.234365,0.00124227,0.574031,0.575244
4688,1,-0.0457851,0.238922,0.70251,1,1,1,5.87054,0.214675,0.240757,0.00124146,0.546551,0.552686
4689,1,-0.0445819,0.242393,0.686024,1,1,1,5.87208,0.26529,0.230104,0.00123701,0.704797,0.541406
4690,1,-0.0433613,0.245781,0.669076,1,1,1,5.87313,0.226893,0.257802,0.00122582,0.439342,0.530127
4691,1,-0.0421243,0.249083,0.651689,1,1,1,5.87438,0.211185,0.258867,0.00117811,0.459812,0.451172
4692,1,-0.0408706,0.252298,0.633869,1,1,1,5.87543,0.282743,0.256737,0.00120023,0.524829,0.552686
4693,1,-0.0396013,0.255421,0.615636,1,1,1,5.87726,0.244346,0.243953,0.00119607,0.701758,0.665479
4694,1,-0.0383158,0.258455,0.596992,1,1,1,5.87802,0.190241,0.272716,0.00114336,0.413783,0.552686
4695,1,-0.0370169,0.261391,0.577983,1,1,1,5.87965,0.326377,0.255671,0.00116646,0.639368,0.665479
4696,1,-0.0357029,0.264232,0.558593,1,1,1,5.88099,0.315905,0.255671,0.00118562,0.675735,0.710596
4697,1,-0.0343749,0.266976,0.538846,1,1,1,5.88243,0.218166,0.28763,0.00110439,0.344312,0.530127
4698,1,-0.0330334,0.26962,0.518756,1,1,1,5.88339,0.274017,0.281238,0.00110524,0.445401,0.563965
4699,1,-0.0316788,0.272163,0.498336,1,1,1,5.88521,0.253073,0.290826,0.00107233,0.36465,0.665479
4700,1,-0.0303117,0.274603,0.477602,1,1,1,5.88617,0.223402,0.28763,0.00104418,0.423741,0.586523
4701,1,-0.0289328,0.276939,0.456569,1,1,1,5.8878,0.272271,0.282304,0.00103582,0.507848,0.451172
4702,1,-0.0275417,0.27917,0.435239,1,1,1,5.88886,0.282743,0.254606,0.00108702,0.845245,0.586523
4703,1,-0.0261415,0.281291,0.413666,1,1,1,5.89068,0.305433,0.273781,0.00112704,0.66498,0.64292
4704,1,-0.0247299,0.283305,0.39182,1,1,1,5.89173,0.282743,0.278043,0.00115598,0.645157,0.744434
4705,1,-0.0233086,0.285209,0.369734,1,1,1,5.89317,0.246091,0.256737,0.00123035,0.911992,0.688037
4706,1,-0.0218781,0.287001,0.347422,1,1,1,5.89432,0.284489,0.264194,0.00132347,0.864265,0.586523
4707,1,-0.0204387,0.288682,0.324892,1,1,1,5.89605,0.328122,0.276977,0.001408,0.755608,0.845947
4708,1,-0.0189911,0.29025,0.302164,1,1,1,5.8972,0.270526,0.274847,0.00153528,0.81607,0.902344
4709,1,-0.0175364,0.291704,0.279258,1,1,1,5.89892,0.253073,0.292957,0.00160206,0.643453,0.868506
4710,1,-0.0160746,0.293042,0.256179,1,1,1,5.89998,0.240855,0.281238,0.00169466,0.801179,0.834668
4711,1,-0.0146062,0.294265,0.232942,1,1,1,5.90151,0.268781,0.275912,0.00172937,0.878624,0.710596
4712,1,-0.013132,0.295372,0.209565,1,1,1,5.90266,0.331613,0.26952,0.00178852,0.970066,0.857227
4713,1,-0.0116527,0.296361,0.186063,1,1,1,5.90448,0.258309,0.289761,0.00184136,0.766486,0.868506
4714,1,-0.0101676,0.297233,0.16243,1,1,1,5.90554,0.274017,0.268455,0.00188128,1.01582,0.755713
4715,1,-0.0086794,0.297986,0.138714,1,1,1,5.90755,0.364774,0.2855,0.00193231,0.844306,0.733154
4716,1,-0.00718788,0.29862,0.114918,1,1,1,5.9087,0.251327,0.304675,0.0019185,0.638133,0.812109
4717,1,-0.00569339,0.299135,0.0910503,1,1,1,5.91033,0.319395,0.292957,0.00189253,0.767966,0.620361
4718,1,-0.00419788,0.29953,0.0671486,1,1,1,5.91167,0.328122,0.312132,0.00186757,0.556723,0.744434
4719,1,-0.00269817,0.299806,0.0431661,1,1,1,5.9133,0.29147,0.312132,0.00181371,0.550418,0.654199
4720,1,-0.00119989,0.299962,0.0191979,1,1,1,5.91465,0.340339,0.310001,0.00176161,0.566406,0.530127
4721,1,0.000301037,0.299998,-0.00481658,1,1,1,5.91628,0.293215,0.300414,0.0017775,0.672851,0.518848
4722,1,0.00180087,0.299914,-0.0288125,1,1,1,5.91771,0.363028,0.301479,0.00178613,0.659943,0.563965
4723,1,0.00329881,0.29971,-0.0527724,1,1,1,5.91944,0.260054,0.304675,0.00174688,0.61511,0.620361
4724,1,0.00479662,0.299386,-0.0767196,1,1,1,5.92049,0.305433,0.301479,0.00170222,0.637935,0.586523
4725,1,0.00629377,0.298942,-0.100641,1,1,1,5.92241,0.305433,0.2855,0.00167919,0.802891,0.518848
4726,1,0.00778592,0.29838,-0.124462,1,1,1,5.92356,0.284489,0.297218,0.00165733,0.662215,0.552686
4727,1,0.00927727,0.297697,-0.148245,1,1,1,5.92538,0.34383,0.299348,0.00166424,0.629975,0.688037
4728,1,0.0107638,0.296897,-0.171921,1,1,1,5.92673,0.294961,0.300414,0.00164703,0.604582,0.676758
4729,1,0.0122466,0.295978,-0.195502,1,1,1,5.92826,0.253073,0.306806,0.0016232,0.517719,0.552686
4730,1,0.0137223,0.294943,-0.218931,1,1,1,5.92941,0.303687,0.296153,0.00161163,0.618934,0.597803
4731,1,0.0151942,0.29379,-0.242254,1,1,1,5.93133,0.277507,0.283369,0.00164179,0.748143,0.64292
4732,1,0.0166601,0.292521,-0.26543,1,1,1,5.93238,0.289725,0.299348,0.00167321,0.560056,0.676758
4733,1,0.0181204,0.291135,-0.28846,1,1,1,5.9342,0.272271,0.298283,0.00170252,0.557693,0.733154
4734,1,0.0195711,0.289637,-0.311278,1,1,1,5.93536,0.270526,0.302544,0.00173339,0.495809,0.64292
4735,1,0.0210153,0.288024,-0.333926,1,1,1,5.93699,0.26529,0.26739,0.00173288,0.8605,0.733154
4736,1,0.0224512,0.286298,-0.356371,1,1,1,5.93804,0.253073,0.304675,0.00175388,0.431883,0.766992
4737,1,0.0238781,0.28446,-0.378596,1,1,1,5.93957,0.218166,0.298283,0.00177668,0.481746,0.733154
4738,1,0.0252956,0.282512,-0.400587,1,1,1,5.94082,0.335103,0.266324,0.001853,0.819504,0.744434
4739,1,0.026703,0.280455,-0.42233,1,1,1,5.94245,0.228638,0.295087,0.00188328,0.481808,0.857227
4740,1,0.0281011,0.278288,-0.443829,1,1,1,5.94341,0.270526,0.262063,0.00194232,0.825941,0.834668
4741,1,0.0294868,0.276016,-0.465032,1,1,1,5.94513,0.253073,0.266324,0.00201022,0.760702,0.812109
4742,1,0.0308599,0.27364,-0.485931,1,1,1,5.946,0.214675,0.275912,0.00202718,0.627934,0.744434
4743,1,0.032223,0.271157,-0.506555,1,1,1,5.94753,0.296706,0.253541,0.0020988,0.853047,0.631641
4744,1,0.0335714,0.268575,-0.526831,1,1,1,5.94887,0.312414,0.225843,0.00215323,1.13025,0.766992
4745,1,0.0349076,0.265891,-0.546786,1,1,1,5.95022,0.289725,0.252475,0.00222884,0.81143,0.688037
4746,1,0.0362301,0.263108,-0.566392,1,1,1,5.95127,0.275762,0.264194,0.00226158,0.649791,0.789551
4747,1,0.0375385,0.260227,-0.585635,1,1,1,5.95261,0.218166,0.279108,0.00228976,0.451282,0.766992
4748,1,0.0388322,0.257252,-0.604502,1,1,1,5.95367,0.223402,0.262063,0.00229715,0.600485,0.575244
4749,1,0.0401109,0.254183,-0.622978,1,1,1,5.95511,0.268781,0.25141,0.00228245,0.675329,0.609082
4750,1,0.0413739,0.251023,-0.641047,1,1,1,5.95616,0.233874,0.240757,0.0023036,0.753859,0.654199
4751,1,0.042621,0.247773,-0.658696,1,1,1,5.95779,0.275762,0.240757,0.00235717,0.718444,0.710596
4752,1,0.0438525,0.244434,-0.675921,1,1,1,5.95875,0.253073,0.252475,0.00233731,0.543388,0.755713
4753,1,0.0450661,0.241012,-0.692686,1,1,1,5.96009,0.211185,0.266324,0.00225174,0.334954,0.507568
4754,1,0.0462615,0.237511,-0.708973,1,1,1,5.96095,0.202458,0.250345,0.00218753,0.457171,0.338379
4755,1,0.0474401,0.233926,-0.724795,1,1,1,5.96258,0.282743,0.245018,0.00213952,0.46307,0.451172
4756,1,0.0486007,0.230263,-0.740126,1,1,1,5.96345,0.202458,0.243953,0.00206967,0.418319,0.417334
4757,1,0.0497435,0.226523,-0.754959,1,1,1,5.96469,0.247837,0.216255,0.00201453,0.667566,0.451172
4758,1,0.0508666,0.222712,-0.769261,1,1,1,5.96575,0.244346,0.226908,0.00188536,0.484388,0.518848
4759,1,0.0519707,0.21883,-0.783029,1,1,1,5.96699,0.211185,0.208798,0.00190434,0.636427,0.507568
4760,1,0.053054,0.214886,-0.796232,1,1,1,5.96795,0.233874,0.249279,0.00182426,0.130099,0.530127
4761,1,0.0541185,0.210872,-0.808885,1,1,1,5.96891,0.178024,0.209863,0.00184018,0.51459,0.530127
4762,1,0.0551626,0.206798,-0.820956,1,1,1,5.97006,0.251327,0.210929,0.00184566,0.451766,0.451172
4763,1,0.056187,0.202661,-0.832444,1,1,1,5.97102,0.162316,0.210929,0.00184001,0.398462,0.507568
4764,1,0.0571893,0.198474,-0.843309,1,1,1,5.97179,0.174533,0.183231,0.00185355,0.651856,0.496289
4765,1,0.0581717,0.194229,-0.853565,1,1,1,5.97294,0.204204,0.191753,0.00192395,0.513717,0.530127
4766,1,0.059132,0.189937,-0.863177,1,1,1,5.9737,0.197222,0.16086,0.00203826,0.814444,0.733154
4767,1,0.0600711,0.185597,-0.872141,1,1,1,5.97476,0.155334,0.169382,0.00207262,0.670563,0.597803
4768,1,0.0609874,0.181219,-0.880431,1,1,1,5.97524,0.16057,0.171513,0.00216071,0.603708,0.699316
4769,1,0.0618831,0.176794,-0.888053,1,1,1,5.97639,0.132645,0.166186,0.00221057,0.613344,0.597803
4770,1,0.0627559,0.172337,-0.894975,1,1,1,5.97696,0.158825,0.182166,0.00224468,0.386253,0.439893
4771,1,0.0636064,0.167846,-0.90119,1,1,1,5.97792,0.115192,0.154468,0.00229342,0.641206,0.462451
4772,1,0.0644343,0.163326,-0.906681,1,1,1,5.97859,0.204204,0.16086,0.00235426,0.522533,0.518848
4773,1,0.0652391,0.158784,-0.911432,1,1,1,5.97936,0.102974,0.14488,0.00240469,0.648385,0.620361
4774,1,0.0660216,0.154216,-0.915435,1,1,1,5.97994,0.151844,0.150207,0.00242914,0.536247,0.563965
4775,1,0.0667812,0.149631,-0.918672,1,1,1,5.9808,0.122173,0.153403,0.00246865,0.449424,0.620361
4776,1,0.0675178,0.145031,-0.921128,1,1,1,5.98137,0.129154,0.119313,0.00255369,0.778696,0.834668
4777,1,0.0682314,0.140421,-0.92279,1,1,1,5.98214,0.113446,0.127836,0.00264063,0.639442,0.688037
4778,1,0.068922,0.135804,-0.923642,1,1,1,5.98253,0.102974,0.102269,0.00271141,0.873099,0.507568
4779,1,0.0695895,0.131186,-0.92367,1,1,1,5.98339,0.16057,0.116117,0.00280497,0.676263,0.597803
4780,1,0.0702339,0.126569,-0.922861,1,1,1,5.98377,0.0872665,0.121444,0.00285617,0.567743,0.676758
4781,1,0.0708552,0.121958,-0.921199,1,1,1,5.98454,0.143117,0.100138,0.00292911,0.755236,0.845947
4782,1,0.0714539,0.117355,-0.918668,1,1,1,5.98511,0.0925025,0.0980073,0.00295472,0.725769,0.552686
4783,1,0.0720288,0.112773,-0.91526,1,1,1,5.98559,0.115192,0.107595,0.00296121,0.565258,0.349658
4784,1,0.0725812,0.108208,-0.910954,1,1,1,5.98598,0.125664,0.12464,0.00292033,0.316797,0.507568
4785,1,0.073111,0.103665,-0.905738,1,1,1,5.98655,0.0767945,0.112921,0.00290872,0.389015,0.665479
4786,1,0.073618,0.0991518,-0.899597,1,1,1,5.98694,0.0767945,0.101203,0.00288203,0.459718,0.552686
4787,1,0.0741028,0.0946678,-0.892513,1,1,1,5.98751,0.111701,0.0873543,0.00290468,0.560873,0.586523
4788,1,0.0745647,0.0902283,-0.884486,1,1,1,5.98809,0.141372,0.0713749,0.00293028,0.686535,0.688037
4789,1,0.0750049,0.0858277,-0.875485,1,1,1,5.98837,0.0698132,0.0756361,0.00294645,0.588932,0.609082
4790,1,0.0754231,0.0814747,-0.865502,1,1,1,5.98876,0.0872665,0.0916155,0.00291938,0.357431,0.47373
4791,1,0.0758197,0.0771746,-0.854524,1,1,1,5.98904,0.0645772,0.0916155,0.00291931,0.306062,0.496289
4792,1,0.076195,0.0729311,-0.842534,1,1,1,5.98933,0.0628319,0.068179,0.00290989,0.512105,0.439893
4793,1,0.0765494,0.0687478,-0.82951,1,1,1,5.98972,0.0610865,0.0692443,0.00289885,0.449297,0.47373
4794,1,0.0768825,0.0646381,-0.815465,1,1,1,5.98991,0.0541052,0.0596566,0.00293862,0.511431,0.47373
4795,1,0.0771958,0.060595,-0.800345,1,1,1,5.99029,0.0244346,0.0532648,0.00298039,0.539649,0.575244
4796,1,0.0774887,0.056636,-0.784178,1,1,1,5.99048,0.0802851,0.057526,0.00305262,0.455888,0.744434
4797,1,0.0777621,0.0527581,-0.76692,1,1,1,5.99077,0,0.0617872,0.00307325,0.366468,0.620361
4798,1,0.0780164,0.0489686,-0.748561,1,1,1,5.99077,0.0314159,0.0426119,0.0031617,0.545044,0.597803
4799,1,0.0782521,0.0452714,-0.729077,1,1,1,5.99125,0.0488692,0.01811,0.00329589,0.789547,0.879785
4800,1,0.0784693,0.0416798,-0.708498,1,1,1,5.99144,0.0279253,0.0404813,0.0033242,0.505926,0.755713
4801,1,0.0786689,0.0381913,-0.686763,1,1,1,5.99144,0.00349066,0.0436772,0.00332762,0.431376,0.609082
4802,1,0.0788514,0.0348137,-0.663869,1,1,1,5.99154,0.00872665,0.0319589,0.00335196,0.525174,0.462451
4803,1,0.0790173,0.0315544,-0.639812,1,1,1,5.99173,0.0715585,0.028763,0.00337679,0.526912,0.699316
4804,1,0.0791672,0.0284177,-0.614566,1,1,1,5.99192,0.0122173,0.0138489,0.00342201,0.661918,0.507568
4805,1,0.0793017,0.0254107,-0.588126,1,1,1,5.99192,0.0436332,0.0117183,0.00343339,0.653604,0.563965
4806,1,0.0794216,0.0225367,-0.560453,1,1,1,5.99202,-0.00349066,0.0117183,0.00344669,0.623919,0.48501
4807,1,0.0795273,0.0198078,-0.531589,1,1,1,5.99211,0.0349066,0.00745708,0.003485,0.646362,0.552686
4808,1,0.0796198,0.0172247,-0.501468,1,1,1,5.99211,0,0.00852238,0.00345353,0.602976,0.586523
4809,1,0.0796998,0.0147953,-0.47009,1,1,1,5.99211,0.0261799,-3.26153e-19,0.00351511,0.679405,0.64292
4810,1,0.079768,0.0125259,-0.437442,1,1,1,5.99221,0,0.0319589,0.00353648,0.307383,0.609082
4811,1,0.0798253,0.010423,-0.403509,1,1,1,5.99221,-0.00523599,-0.0234365,0.00357651,0.900951,0.654199
4812,1,0.0798725,0.00849318,-0.368282,1,1,1,5.9923,0.0174533,-0.0149142,0.00361581,0.793641,0.699316
4813,1,0.0799106,0.00674254,-0.331736,1,1,1,5.9924,0.0174533,-0.01811,0.00365001,0.816949,0.586523
4814,1,0.0799403,0.00517784,-0.29386,1,1,1,5.9924,0,0.0255671,0.00357771,0.313073,0.496289
4815,1,0.0799627,0.00380521,-0.254621,1,1,1,5.9923,-0.015708,0.00532648,0.00357598,0.524165,0.47373
4816,1,0.0799787,0.00263292,-0.214047,1,1,1,5.9924,0.0139626,-0.00426119,0.00358827,0.622579,0.530127
4817,1,0.0799893,0.001667,-0.172106,1,1,1,5.9924,0.00872665,0.00745708,0.00359173,0.488195,0.518848
4818,1,0.0799957,0.000914688,-0.128811,1,1,1,5.9924,0,1.95692e-19,0.00364725,0.574431,0.676758
4819,1,0.0799988,0.000381829,-0.0840808,1,1,1,5.9924,0,0.00319589,0.00366258,0.541085,0.654199
4820,1,0.0799999,7.60552e-05,-0.0379079,1,1,1,5.9924,0,0.00319589,0.00365031,0.542248,0.609082
4821,1,0.08,0,0,1,1,1,5.9924,0,0.0170448,0.00364145,0.39318,0.744434
4822,1,0.08,0,0,1,1,1,5.9924,-0.0226893,0.00532648,0.00357776,0.513673,0.394775
4823,1,0.08,0,0,1,1,1,5.9924,0.0191986,-0.00852238,0.00354915,0.662234,0.507568
4824,1,0.08,0,0,1,1,1,5.9924,0,0.0127836,0.00350592,0.422162,0.699316
4825,1,0.08,0,0,1,1,1,5.9924,-0.00698132,0.00426119,0.00349798,0.514861,0.518848
4826,1,0.08,0,0,1,1,1,5.9924,0,0.00745708,0.00352243,0.482933,0.563965
4827,1,0.08,0,0,1,1,1,5.9924,-0.0122173,0.00639178,0.00346337,0.486855,0.439893
4828,1,0.08,0,0,1,1,1,5.9924,0,-0.0159795,0.00342516,0.727896,0.462451
4829,1,0.08,0,0,1,1,1,5.9924,0.00872665,0.0010653,0.00339998,0.53708,0.338379
4830,1,0.08,0,0,1,1,1,5.9924,0,-0.0127836,0.00340954,0.690679,0.48501
4831,1,0.08,0,0,1,1,1,5.9924,0,0.00745708,0.0033736,0.463288,0.372217
4832,1,0.08,0,0,1,1,1,5.9924,0,0.0149142,0.00332205,0.374454,0.338379
4833,1,0.08,0,0,1,1,1,5.9924,0,0.00319589,0.00329964,0.500397,0.496289
4834,1,0.08,0,0,1,1,1,5.9924,0.00872665,-0.0276977,0.00332226,0.843214,0.47373
4835,1,0.08,0,0,1,1,1,5.9925,0.0174533,0.0117183,0.00332486,0.409981,0.47373
4836,1,0.08,0,0,1,1,1,5.9925,-0.00349066,-0.0117183,0.00329007,0.663191,0.496289
4837,1,0.08,0,0,1,1,1,5.9925,0,-0.00532648,0.0032582,0.588674,0.462451
4838,1,0.08,0,0,1,1,1,5.9924,-0.020944,0.0117183,0.00323351,0.397922,0.451172
4839,1,0.08,0,0,1,1,1,5.9924,0,-0.0138489,0.00322245,0.677701,0.417334
4840,1,0.08,0,0,1,1,1,5.9924,0.00872665,0.0245018,0.00321212,0.254479,0.496289
4841,1,0.08,0,0,1,1,1,5.9924,-0.0279253,0.010653,0.00322589,0.408635,0.541406
4842,1,0.08,0,0,1,1,1,5.9925,0.00872665,-0.00426119,0.00323185,0.573478,0.383496
4843,1,0.08,0,0,1,1,1,5.9925,0.0174533,0.00958767,0.00319913,0.416821,0.496289
4844,1,0.08,0,0,1,1,1,5.9924,-0.0122173,-0.00532648,0.00322288,0.584011,0.609082
4845,1,0.08,0,0,1,1,1,5.9925,0,0.00213059,0.00321153,0.500485,0.383496
4846,1,0.08,0,0,1,1,1,5.9925,0.0174533,-0.0202406,0.00320869,0.746194,0.48501
4847,1,0.08,0,0,1,1,1,5.9925,0.0174533,-0.0010653,0.00322112,0.536906,0.518848
4848,1,0.08,0,0,1,1,1,5.9925,-0.00349066,0.00745708,0.00319169,0.439275,0.47373
4849,1,0.08,0,0,1,1,1,5.9924,0.00872665,-0.0170448,0.00320153,0.710094,0.507568
4850,1,0.08,0,0,1,1,1,5.9925,0,-0.010653,0.00321467,0.641519,0.665479
4851,1,0.08,0,0,1,1,1,5.9925,0,0.0202406,0.00317744,0.296775,0.496289
4852,1,0.08,0,0,1,1,1,5.9924,-0.0139626,0.00958767,0.00313733,0.408663,0.428613
4853,1,0.08,0,0,1,1,1,5.9924,0,0.0010653,0.00312926,0.501344,0.507568
4854,1,0.08,0,0,1,1,1,5.9924,0,0.0127836,0.0031232,0.371644,0.541406
4855,1,0.08,0,0,1,1,1,5.9925,-0.00698132,0.00426119,0.00311018,0.463671,0.586523
4856,1,0.08,0,0,1,1,1,5.9925,0,0.00532648,0.00308861,0.449105,0.541406
4857,1,0.08,0,0,1,1,1,5.9925,0,0.0127836,0.00306644,0.364151,0.496289
4858,1,0.08,0,0,1,1,1,5.9924,-0.00349066,0.0191753,0.00305207,0.291945,0.47373
4859,1,0.08,0,0,1,1,1,5.9924,-0.00698132,0.00958767,0.00303901,0.395685,0.428613
4860,1,0.08,0,0,1,1,1,5.9924,0.00872665,0.00213059,0.00302608,0.476007,0.360938
4861,1,0.08,0,0,1,1,1,5.9924,0,-0.00532648,0.00303819,0.559632,0.462451
4862,1,0.08,0,0,1,1,1,5.9924,0,-0.010653,0.00306175,0.621333,0.507568
4863,1,0.08,0,0,1,1,1,5.9925,0.010472,1.17415e-18,0.00307218,0.505527,0.575244
4864,1,0.08,0,0,1,1,1,5.9925,0,-0.0010653,0.00304082,0.513106,0.530127
4865,1,0.08,0,0,1,1,1,5.9924,0,0.010653,0.00297179,0.375094,0.394775
4866,1,0.08,0,0,1,1,1,5.9924,0,0.0010653,0.00295803,0.478741,0.541406
4867,1,0.08,0,0,1,1,1,5.9924,0,-0.00426119,0.00295389,0.536787,0.349658
4868,1,0.08,0,0,1,1,1,5.9925,0.0244346,-0.0159795,0.00296672,0.667381,0.428613
4869,1,0.08,0,0,1,1,1,5.9925,0.0244346,0.00745708,0.00291607,0.402894,0.349658
4870,1,0.08,0,0,1,1,1,5.9924,-0.0122173,-0.0170448,0.0029439,0.676088,0.496289
4871,1,0.08,0,0,1,1,1,5.9925,0.0174533,-0.00426119,0.00293489,0.534278,0.496289
4872,1,0.08,0,0,1,1,1,5.9925,0,-0.01811,0.00291899,0.684517,0.372217
4873,1,0.08,0,0,1,1,1,5.9925,0.0383972,0.00745708,0.00292213,0.403694,0.496289
4874,1,0.08,0,0,1,1,1,5.9924,-0.020944,-0.0149142,0.00293469,0.651435,0.462451
4875,1,0.08,0,0,1,1,1,5.9925,0.00698132,-0.0234365,0.00293923,0.74578,0.496289
4876,1,0.08,0,0,1,1,1,5.9925,0,-0.0170448,0.00294922,0.676789,0.676758
4877,1,0.08,0,0,1,1,1,5.9925,0,-0.00745708,0.00293254,0.569123,0.439893
4878,1,0.08,0,0,1,1,1,5.9924,-0.00174533,0.00213059,0.00291845,0.461798,0.552686
4879,1,0.08,0,0,1,1,1,5.9924,0,-0.0117183,0.0029064,0.612545,0.507568
4880,1,0.08,0,0,1,1,1,5.9924,-0.0261799,0.0138489,0.00287755,0.3275,0.372217
4881,1,0.08,0,0,1,1,1,5.9924,0,6.52306e-19,0.0028811,0.480305,0.394775
4882,1,0.08,0,0,1,1,1,5.9925,0.0366519,-0.0010653,0.00289632,0.494032,0.530127
4883,1,0.08,0,0,1,1,1,5.9924,-0.0226893,-0.00213059,0.00289306,0.50532,0.383496
4884,1,0.08,0,0,1,1,1,5.9925,0.0628319,0.0010653,0.00285678,0.465376,0.462451
4885,1,0.08,0,0,1,1,1,5.9924,0,0.00532648,0.00288765,0.422578,0.552686
4886,1,0.08,0,0,1,1,1,5.9925,0.00174533,0.01811,0.00287883,0.280795,0.451172
4887,1,0.08,0,0,1,1,1,5.9924,0,-0.00532648,0.00283964,0.533424,0.439893
4888,1,0.08,0,0,1,1,1,5.9924,0,-0.00639178,0.00286205,0.5481,0.417334
4889,1,0.08,0,0,1,1,1,5.9924,0.00872665,0.00958767,0.00285126,0.370902,0.417334
4890,1,0.08,0,0,1,1,1,5.9924,0,0.00852238,0.00281977,0.378463,0.406055
4891,1,0.08,0,0,1,1,1,5.9924,0,-0.00319589,0.00284136,0.510215,0.47373
4892,1,0.08,0,0,1,1,1,5.9925,0,0.00319589,0.00285953,0.442303,0.530127
4893,1,0.08,0,0,1,1,1,5.9924,-0.0279253,-0.0010653,0.00282985,0.485258,0.31582
4894,1,0.08,0,0,1,1,1,5.9924,0.0453786,-0.0138489,0.00282784,0.625613,0.417334
4895,1,0.08,0,0,1,1,1,5.9924,0,0.00958767,0.00279958,0.36408,0.31582
4896,1,0.08,0,0,1,1,1,5.9924,0,0.00213059,0.00279635,0.445682,0.406055
4897,1,0.08,0,0,1,1,1,5.9925,0,-0.00426119,0.00278276,0.514197,0.518848
4898,1,0.08,0,0,1,1,1,5.9925,-0.00523599,-0.00852238,0.00278346,0.561163,0.439893
4899,1,0.08,0,0,1,1,1,5.9925,0,0.01811,0.0027703,0.266469,0.530127
4900,1,0.08,0,0,1,1,1,5.9924,-0.0418879,-0.00319589,0.00276297,0.499867,0.3271
4901,1,0.08,0,0,1,1,1,5.9925,0.0122173,0.00852238,0.00278217,0.373501,0.47373
4902,1,0.08,0,0,1,1,1,5.9925,-0.00872665,-0.0127836,0.00276254,0.605275,0.394775
4903,1,0.08,0,0,1,1,1,5.9925,0.00872665,-0.00319589,0.0027514,0.498339,0.462451
4904,1,0.08,0,0,1,1,1,5.9924,-0.0174533,0.00532648,0.00272179,0.400685,0.451172
4905,1,0.08,0,0,1,1,1,5.9924,0,-0.0223712,0.0027457,0.708516,0.439893
4906,1,0.08,0,0,1,1,1,5.9925,0.0244346,-0.0010653,0.00274701,0.474323,0.575244
4907,1,0.08,0,0,1,1,1,5.9924,-0.00523599,-0.0010653,0.00275644,0.475568,0.428613
4908,1,0.08,0,0,1,1,1,5.9924,0,0.00852238,0.00274596,0.368721,0.451172
4909,1,0.08,0,0,1,1,1,5.9924,0,0.010653,0.00273074,0.343275,0.496289
4910,1,0.08,0,0,1,1,1,5.9925,0,-0.00852238,0.00273783,0.555139,0.406055
4911,1,0.08,0,0,1,1,1,5.9924,0,-0.00852238,0.00274769,0.556441,0.338379
4912,1,0.08,0,0,1,1,1,5.9924,0,0.0117183,0.00273917,0.33267,0.451172
4913,1,0.08,0,0,1,1,1,5.9924,-0.015708,-0.010653,0.00274611,0.579669,0.451172
4914,1,0.08,0,0,1,1,1,5.9925,0.0191986,0.00745708,0.00276003,0.382296,0.518848
4915,1,0.08,0,0,1,1,1,5.9924,-0.0174533,0.00745708,0.00276173,0.38252,0.47373
4916,1,0.08,0,0,1,1,1,5.9925,0.0174533,0.010653,0.00275573,0.346573,0.428613
4917,1,0.08,0,0,1,1,1,5.9924,-0.00872665,-0.00852238,0.00272887,0.553957,0.360938
4918,1,0.08,0,0,1,1,1,5.9924,0,-0.0138489,0.00271611,0.610864,0.3271
4919,1,0.08,0,0,1,1,1,5.9924,0.0174533,0.0191753,0.00269248,0.244479,0.48501
4920,1,0.08,0,0,1,1,1,5.9924,-0.010472,0.00639178,0.00266516,0.381492,0.394775
4921,1,0.08,-4.82301e-06,-0.00960367,1,1,1,5.9924,0,0.00532648,0.00265661,0.390661,0.439893
4922,1,0.0799997,-0.000170757,-0.0565713,1,1,1,5.9924,0,0.0213059,0.00267689,0.208863,0.518848
4923,1,0.0799979,-0.000568122,-0.102143,1,1,1,5.9924,-0.020944,0.0202406,0.00265734,0.206651,0.563965
4924,1,0.0799936,-0.00118988,-0.146311,1,1,1,5.9924,0,-0.0138489,0.00263864,0.565256,0.372217
4925,1,0.0799856,-0.00202883,-0.189077,1,1,1,5.9924,0.020944,0.0010653,0.00261409,0.381572,0.372217
4926,1,0.079973,-0.00307905,-0.230497,1,1,1,5.9924,-0.00174533,0.0127836,0.00255221,0.22571,0.259424
4927,1,0.0799545,-0.00433125,-0.270496,1,1,1,5.9924,0,-0.0010653,0.00254071,0.355449,0.180469
4928,1,0.0799293,-0.00578209,-0.309199,1,1,1,5.9923,0,-0.00426119,0.00253055,0.365924,0.31582
4929,1,0.0798964,-0.00742198,-0.346537,1,1,1,5.9924,0,-0.00426119,0.002511,0.337872,0.406055
4930,1,0.0798548,-0.00924391,-0.382529,1,1,1,5.9923,0,0.00639178,0.00244313,0.18421,0.281982
4931,1,0.0798037,-0.0112437,-0.417236,1,1,1,5.9923,0,0.00319589,0.00237106,0.180324,0.3271
4932,1,0.079742,-0.0134158,-0.45068,1,1,1,5.9923,-0.0174533,0.00532648,0.002328,0.119734,0.236865
4933,1,0.0796692,-0.0157501,-0.482817,1,1,1,5.9923,0,0.0245018,0.00224756,-0.13509,0.191748
4934,1,0.0795843,-0.01824,-0.513668,1,1,1,5.99221,-0.00872665,-0.00745708,0.00216643,0.170737,0.203027
4935,1,0.0794865,-0.0208847,-0.543311,1,1,1,5.99221,0,-0.00745708,0.00205935,0.119756,0.146631
4936,1,0.0793753,-0.0236705,-0.571677,1,1,1,5.99221,0,0.00319589,0.00193581,-0.0523576,0.135352
4937,1,0.0792484,-0.0266266,-0.599104,1,1,1,5.99211,-0.0122173,-0.00532648,0.00183658,-0.0119299,0.0789551
4938,1,0.079109,-0.0296594,-0.624825,1,1,1,5.99211,0,-0.00319589,0.00173256,-0.0898411,0.0902344
4939,1,0.0789529,-0.0328437,-0.649576,1,1,1,5.99211,-0.0226893,0.00852238,0.00158629,-0.281779,0
4940,1,0.0787803,-0.0361537,-0.673184,1,1,1,5.99202,-0.00872665,0.00319589,0.00142134,-0.290401,-0.0225586
4941,1,0.078591,-0.0395764,-0.695612,1,1,1,5.99202,0,-0.00745708,0.0012969,-0.235926,-0.0676758
4942,1,0.0783845,-0.0431048,-0.716869,1,1,1,5.99192,-0.0174533,-0.0138489,0.00110105,-0.24028,-0.124072
4943,1,0.0781598,-0.0467426,-0.737027,1,1,1,5.99173,-0.0122173,-0.0010653,0.000887843,-0.459089,-0.15791
4944,1,0.0779168,-0.0504761,-0.75605,1,1,1,5.99154,-0.0645772,-0.00532648,0.000682059,-0.49135,-0.406055
4945,1,0.0776548,-0.0543019,-0.773968,1,1,1,5.99144,-0.0226893,-0.01811,0.000541427,-0.421064,-0.304541
4946,1,0.0773736,-0.0582137,-0.790789,1,1,1,5.99135,-0.015708,-0.0351548,0.000441046,-0.29889,-0.169189
4947,1,0.0770728,-0.0622048,-0.806527,1,1,1,5.99106,-0.0541052,-0.0330242,0.000327993,-0.390138,-0.259424
4948,1,0.0767514,-0.0662776,-0.821223,1,1,1,5.99096,-0.0174533,-0.0415466,0.000199174,-0.367804,-0.203027
4949,1,0.0764097,-0.0704182,-0.834859,1,1,1,5.99058,-0.0767945,-0.050069,9.99681e-05,-0.342079,-0.372217
4950,1,0.0760474,-0.0746214,-0.847453,1,1,1,5.99039,-0.0244346,-0.0564607,-1.41894e-05,-0.342459,-0.394775
4951,1,0.0756636,-0.0788881,-0.859036,1,1,1,5.9901,-0.0663225,-0.0351548,-0.000119561,-0.646664,-0.3271
4952,1,0.0752581,-0.0832131,-0.869622,1,1,1,5.98972,-0.109956,-0.0809626,-0.000201388,-0.210663,-0.439893
4953,1,0.0748312,-0.0875855,-0.879208,1,1,1,5.98943,0,-0.0820279,-0.000274565,-0.26532,-0.248145
4954,1,0.0743822,-0.0920034,-0.887819,1,1,1,5.98914,-0.148353,-0.0841585,-0.00037169,-0.31274,-0.281982
4955,1,0.0739114,-0.0964591,-0.895463,1,1,1,5.98857,-0.0279253,-0.078832,-0.000451794,-0.439774,-0.462451
4956,1,0.0734175,-0.100957,-0.90217,1,1,1,5.98828,-0.101229,-0.0735055,-0.000549665,-0.569997,-0.406055
4957,1,0.0729014,-0.105482,-0.907938,1,1,1,5.98761,-0.10821,-0.0884196,-0.000652456,-0.478842,-0.47373
4958,1,0.0723627,-0.110034,-0.912787,1,1,1,5.98732,-0.0820305,-0.0958767,-0.000689177,-0.459794,-0.372217
4959,1,0.0718014,-0.114606,-0.91673,1,1,1,5.98674,-0.129154,-0.0873543,-0.000744795,-0.619528,-0.338379
4960,1,0.0712165,-0.1192,-0.919788,1,1,1,5.98626,-0.113446,-0.125705,-0.000786651,-0.262302,-0.47373
4961,1,0.070609,-0.123805,-0.921968,1,1,1,5.98578,-0.111701,-0.107595,-0.000879258,-0.53297,-0.47373
4962,1,0.0699785,-0.128418,-0.923287,1,1,1,5.98511,-0.143117,-0.100138,-0.000954277,-0.684193,-0.417334
4963,1,0.0693248,-0.133037,-0.923759,1,1,1,5.98454,-0.143117,-0.101203,-0.001051,-0.745182,-0.631641
4964,1,0.0686486,-0.137652,-0.923399,1,1,1,5.98396,-0.13439,-0.116117,-0.0011248,-0.650629,-0.530127
4965,1,0.0679482,-0.14227,-0.92222,1,1,1,5.9832,-0.151844,-0.134227,-0.00122305,-0.524505,-0.733154
4966,1,0.0672259,-0.146872,-0.92024,1,1,1,5.98262,-0.122173,-0.14275,-0.00128448,-0.498057,-0.575244
4967,1,0.0664801,-0.151467,-0.91747,1,1,1,5.98176,-0.150098,-0.134227,-0.00131468,-0.653812,-0.609082
4968,1,0.0657113,-0.156046,-0.913925,1,1,1,5.98118,-0.148353,-0.165121,-0.00133891,-0.375199,-0.507568
4969,1,0.0649191,-0.160608,-0.909616,1,1,1,5.98022,-0.132645,-0.175774,-0.00132155,-0.312471,-0.428613
4970,1,0.0641047,-0.165144,-0.904565,1,1,1,5.97965,-0.150098,-0.156599,-0.00129661,-0.575822,-0.439893
4971,1,0.0632676,-0.169653,-0.898781,1,1,1,5.9785,-0.197222,-0.161925,-0.00129546,-0.573374,-0.507568
4972,1,0.0624081,-0.174131,-0.89228,1,1,1,5.97792,-0.143117,-0.165121,-0.00129996,-0.594539,-0.530127
4973,1,0.0615264,-0.178575,-0.885077,1,1,1,5.97687,-0.179769,-0.17897,-0.00127586,-0.493596,-0.304541
4974,1,0.0606226,-0.18298,-0.877187,1,1,1,5.9761,-0.233874,-0.186427,-0.00123765,-0.46037,-0.47373
4975,1,0.0596974,-0.187342,-0.868628,1,1,1,5.97505,-0.18326,-0.17897,-0.00126206,-0.59993,-0.451172
4976,1,0.0587499,-0.191662,-0.859403,1,1,1,5.97418,-0.230383,-0.180035,-0.00129011,-0.645661,-0.586523
4977,1,0.0577802,-0.195938,-0.849527,1,1,1,5.97303,-0.18675,-0.169382,-0.00135169,-0.824934,-0.654199
4978,1,0.0567905,-0.200157,-0.839033,1,1,1,5.97217,-0.211185,-0.1811,-0.00137366,-0.751583,-0.64292
4979,1,0.0557786,-0.204327,-0.827908,1,1,1,5.97102,-0.191986,-0.206668,-0.00138135,-0.522846,-0.575244
4980,1,0.0547467,-0.208438,-0.81619,1,1,1,5.97044,-0.153589,-0.206668,-0.00137216,-0.571777,-0.518848
4981,1,0.0536945,-0.212488,-0.803885,1,1,1,5.9691,-0.23911,-0.193884,-0.00138249,-0.763318,-0.620361
4982,1,0.052622,-0.216475,-0.791004,1,1,1,5.96824,-0.195477,-0.206668,-0.00141776,-0.677283,-0.688037
4983,1,0.0515296,-0.220398,-0.777564,1,1,1,5.96699,-0.193732,-0.184296,-0.001489,-0.981875,-0.733154
4984,1,0.050418,-0.22425,-0.763583,1,1,1,5.96613,-0.244346,-0.196015,-0.00154711,-0.90897,-0.845947
4985,1,0.0492874,-0.228032,-0.749071,1,1,1,5.96479,-0.226893,-0.213059,-0.00160388,-0.776307,-0.676758
4986,1,0.0481379,-0.23174,-0.734044,1,1,1,5.96402,-0.190241,-0.206668,-0.00166997,-0.901564,-0.766992
4987,1,0.0469702,-0.235371,-0.718516,1,1,1,5.96278,-0.237365,-0.205602,-0.00175666,-0.970724,-0.812109
4988,1,0.0457852,-0.238922,-0.702511,1,1,1,5.96191,-0.18675,-0.235431,-0.00186952,-0.703577,-0.857227
4989,1,0.0445808,-0.242396,-0.686009,1,1,1,5.96047,-0.214675,-0.223712,-0.00202314,-0.897983,-1.04897
4990,1,0.0433613,-0.245782,-0.669075,1,1,1,5.95942,-0.247837,-0.210929,-0.00216064,-1.10083,-1.09409
4991,1,0.0421242,-0.249083,-0.651688,1,1,1,5.95808,-0.225147,-0.223712,-0.00226859,-1.01718,-0.981299
4992,1,0.0408699,-0.252299,-0.633859,1,1,1,5.95712,-0.282743,-0.206668,-0.00240192,-1.26437,-1.09409
4993,1,0.0396005,-0.255423,-0.615625,1,1,1,5.95549,-0.258309,-0.250345,-0.00248645,-0.836191,-0.97002
4994,1,0.0383165,-0.258453,-0.597002,1,1,1,5.95463,-0.228638,-0.247149,-0.00250318,-0.911533,-0.902344
4995,1,0.037016,-0.261393,-0.57797,1,1,1,5.95309,-0.300197,-0.280173,-0.00252684,-0.588788,-0.845947
4996,1,0.0357028,-0.264232,-0.558592,1,1,1,5.95194,-0.268781,-0.259932,-0.00253032,-0.846896,-0.823389
4997,1,0.0343738,-0.266978,-0.53883,1,1,1,5.95031,-0.280998,-0.276977,-0.00249229,-0.687578,-0.778271
4998,1,0.0330332,-0.26962,-0.518754,1,1,1,5.94935,-0.232129,-0.278043,-0.00243438,-0.69959,-0.654199
4999,1,0.0316778,-0.272165,-0.498321,1,1,1,5.94763,-0.305433,-0.279108,-0.00237711,-0.710473,-0.631641
5000,1,0.0303118,-0.274603,-0.477602,1,1,1,5.94648,-0.296706,-0.264194,-0.00234917,-0.899462,-0.721875
5001,1,0.0289329,-0.276939,-0.456571,1,1,1,5.94456,-0.322886,-0.299348,-0.00228951,-0.53245,-0.699316
5002,1,0.0275427,-0.279168,-0.435254,1,1,1,5.9435,-0.253073,-0.312132,-0.00220698,-0.40656,-0.631641
5003,1,0.0261414,-0.281291,-0.413664,1,1,1,5.94187,-0.275762,-0.291891,-0.00218333,-0.650708,-0.688037
5004,1,0.0247288,-0.283306,-0.391803,1,1,1,5.94053,-0.293215,-0.284434,-0.0021044,-0.744613,-0.620361
5005,1,0.0233075,-0.28521,-0.369718,1,1,1,5.939,-0.324631,-0.314263,-0.00201057,-0.425275,-0.47373
5006,1,0.021878,-0.287002,-0.34742,1,1,1,5.93766,-0.329867,-0.279108,-0.00196891,-0.825952,-0.530127
5007,1,0.0204387,-0.288682,-0.324893,1,1,1,5.93583,-0.315905,-0.286565,-0.00194388,-0.759712,-0.620361
5008,1,0.0189915,-0.29025,-0.302169,1,1,1,5.93478,-0.282743,-0.279108,-0.00192515,-0.857203,-0.733154
5009,1,0.0175363,-0.291704,-0.279256,1,1,1,5.93296,-0.263545,-0.290826,-0.00192191,-0.744549,-0.575244
5010,1,0.0160746,-0.293042,-0.256178,1,1,1,5.932,-0.294961,-0.281238,-0.00193728,-0.867264,-0.665479
5011,1,0.0146053,-0.294266,-0.232927,1,1,1,5.92989,-0.383972,-0.26952,-0.00200304,-1.01999,-0.902344
5012,1,0.0131309,-0.295372,-0.209547,1,1,1,5.92864,-0.254818,-0.320654,-0.00202007,-0.473479,-0.936182
5013,1,0.0116516,-0.296361,-0.186044,1,1,1,5.92711,-0.225147,-0.30574,-0.00195926,-0.639029,-0.665479
5014,1,0.0101686,-0.297232,-0.162445,1,1,1,5.92596,-0.322886,-0.28763,-0.00197555,-0.849696,-0.688037
5015,1,0.00868047,-0.297985,-0.138731,1,1,1,5.92423,-0.286234,-0.30361,-0.00196821,-0.681152,-0.766992
5016,1,0.00718793,-0.29862,-0.114918,1,1,1,5.92299,-0.314159,-0.292957,-0.00197886,-0.806281,-0.744434
5017,1,0.00569444,-0.299134,-0.0910671,1,1,1,5.92097,-0.315905,-0.30574,-0.00201362,-0.676307,-0.868506
5018,1,0.00419667,-0.29953,-0.0671292,1,1,1,5.91982,-0.284489,-0.290826,-0.00202496,-0.845545,-0.755713
5019,1,0.00269823,-0.299806,-0.0431671,1,1,1,5.91819,-0.286234,-0.322785,-0.00197896,-0.489841,-0.688037
5020,1,0.00119891,-0.299962,-0.0191822,1,1,1,5.91704,-0.270526,-0.312132,-0.00198459,-0.608467,-0.586523
5021,1,-0.000299933,-0.299998,0.00479892,1,1,1,5.91513,-0.307178,-0.302544,-0.00201,-0.717014,-0.834668
5022,1,-0.00180089,-0.299914,0.0288128,1,1,1,5.91388,-0.284489,-0.308936,-0.0019911,-0.641465,-0.710596
5023,1,-0.00329997,-0.299709,0.0527909,1,1,1,5.91235,-0.307178,-0.30574,-0.00202745,-0.678247,-0.733154
5024,1,-0.00479781,-0.299386,0.0767387,1,1,1,5.911,-0.333358,-0.286565,-0.00208768,-0.893086,-0.913623
5025,1,-0.00629374,-0.298942,0.100641,1,1,1,5.90947,-0.260054,-0.271651,-0.0021622,-1.06112,-0.891064
5026,1,-0.00778598,-0.29838,0.124463,1,1,1,5.90813,-0.321141,-0.280173,-0.0022199,-0.964697,-0.845947
5027,1,-0.0092773,-0.297697,0.148246,1,1,1,5.90631,-0.310669,-0.281238,-0.00229749,-0.951447,-0.913623
5028,1,-0.0107638,-0.296897,0.171921,1,1,1,5.90515,-0.305433,-0.294022,-0.00233208,-0.802182,-0.857227
5029,1,-0.0122449,-0.295979,0.195476,1,1,1,5.90343,-0.286234,-0.302544,-0.00236415,-0.698041,-0.80083
5030,1,-0.0137224,-0.294943,0.218932,1,1,1,5.90228,-0.305433,-0.284434,-0.00237056,-0.882053,-0.778271
5031,1,-0.0151942,-0.29379,0.242252,1,1,1,5.90046,-0.333358,-0.306806,-0.00234843,-0.615524,-0.755713
5032,1,-0.016661,-0.29252,0.265443,1,1,1,5.89931,-0.279253,-0.284434,-0.00219285,-0.822155,-0.947461
5033,1,-0.0181203,-0.291135,0.288458,1,1,1,5.89749,-0.315905,-0.308936,-0.00214245,-0.525669,-0.778271
5034,1,-0.0195712,-0.289637,0.31128,1,1,1,5.89633,-0.244346,-0.298283,-0.00209581,-0.615017,-0.688037
5035,1,-0.0210163,-0.288023,0.333942,1,1,1,5.89461,-0.312414,-0.283369,-0.00205837,-0.751069,-0.699316
5036,1,-0.0224523,-0.286296,0.356389,1,1,1,5.89336,-0.296706,-0.28763,-0.00205699,-0.679616,-0.64292
5037,1,-0.0238782,-0.28446,0.378597,1,1,1,5.89135,-0.294961,-0.288695,-0.00206284,-0.642911,-0.812109
5038,1,-0.0252967,-0.282511,0.400604,1,1,1,5.89029,-0.272271,-0.289761,-0.00202982,-0.599721,-0.665479
5039,1,-0.0267044,-0.280453,0.422351,1,1,1,5.88866,-0.249582,-0.291891,-0.00195766,-0.538371,-0.372217
5040,1,-0.0281,-0.278289,0.443812,1,1,1,5.88771,-0.279253,-0.291891,-0.00193697,-0.505979,-0.47373
5041,1,-0.0294868,-0.276016,0.465033,1,1,1,5.88588,-0.254818,-0.290826,-0.0018982,-0.481602,-0.552686
5042,1,-0.0308611,-0.273638,0.485949,1,1,1,5.88483,-0.29147,-0.268455,-0.00192984,-0.699641,-0.778271
5043,1,-0.032222,-0.271158,0.506541,1,1,1,5.8832,-0.253073,-0.258867,-0.00199481,-0.780272,-0.823389
5044,1,-0.0335724,-0.268573,0.526845,1,1,1,5.88205,-0.280998,-0.25141,-0.00205681,-0.835791,-0.80083
5045,1,-0.0349086,-0.265889,0.546799,1,1,1,5.88061,-0.195477,-0.252475,-0.00206413,-0.789176,-0.597803
5046,1,-0.0362311,-0.263105,0.566407,1,1,1,5.87984,-0.228638,-0.26739,-0.00210031,-0.592897,-0.699316
5047,1,-0.0375385,-0.260227,0.585636,1,1,1,5.87802,-0.289725,-0.248214,-0.00223369,-0.78334,-0.95874
5048,1,-0.0388332,-0.25725,0.604516,1,1,1,5.87678,-0.284489,-0.224778,-0.00234972,-1.01708,-1.00386
5049,1,-0.0401119,-0.25418,0.622992,1,1,1,5.87543,-0.244346,-0.236496,-0.00246761,-0.863352,-0.981299
5050,1,-0.0413749,-0.25102,0.64106,1,1,1,5.87448,-0.23911,-0.2333,-0.00250751,-0.862371,-0.834668
5051,1,-0.042622,-0.24777,0.658709,1,1,1,5.87332,-0.242601,-0.252475,-0.00258357,-0.618956,-0.823389
5052,1,-0.0438523,-0.244434,0.675919,1,1,1,5.87227,-0.237365,-0.231169,-0.00265389,-0.819121,-0.834668
5053,1,-0.0450662,-0.241012,0.692686,1,1,1,5.87093,-0.233874,-0.225843,-0.00270372,-0.839816,-0.755713
5054,1,-0.0462624,-0.237508,0.708984,1,1,1,5.86997,-0.242601,-0.214125,-0.00281441,-0.937917,-1.02642
5055,1,-0.0474402,-0.233926,0.724796,1,1,1,5.86844,-0.202458,-0.223712,-0.00284693,-0.790424,-0.812109
5056,1,-0.0486008,-0.230263,0.740127,1,1,1,5.86776,-0.195477,-0.201341,-0.00289754,-0.995938,-0.845947
5057,1,-0.0497426,-0.226526,0.754948,1,1,1,5.86633,-0.253073,-0.2333,-0.00294871,-0.603075,-0.733154
5058,1,-0.0508665,-0.222712,0.76926,1,1,1,5.86556,-0.174533,-0.231169,-0.0029673,-0.580009,-0.823389
5059,1,-0.0519697,-0.218834,0.783017,1,1,1,5.86441,-0.171042,-0.187492,-0.0030221,-1.01803,-0.665479
5060,1,-0.0530549,-0.214882,0.796243,1,1,1,5.86345,-0.275762,-0.204537,-0.00310942,-0.791605,-0.868506
5061,1,-0.0541185,-0.210872,0.808884,1,1,1,5.86211,-0.153589,-0.209863,-0.00314869,-0.687031,-0.924902
5062,1,-0.0551633,-0.206795,0.820964,1,1,1,5.86153,-0.158825,-0.226908,-0.00316845,-0.450274,-0.744434
5063,1,-0.0561871,-0.202661,0.832445,1,1,1,5.86029,-0.148353,-0.204537,-0.00318068,-0.645502,-0.631641
5064,1,-0.0571899,-0.198471,0.843315,1,1,1,5.85952,-0.219911,-0.222647,-0.00320771,-0.396751,-0.631641
5065,1,-0.0581711,-0.194231,0.853558,1,1,1,5.85837,-0.0994838,-0.188558,-0.00323548,-0.721788,-0.778271
5066,1,-0.0591315,-0.18994,0.863171,1,1,1,5.8577,-0.200713,-0.17897,-0.0032569,-0.775937,-0.778271
5067,1,-0.0600711,-0.185597,0.87214,1,1,1,5.85655,-0.176278,-0.158729,-0.00332199,-0.952454,-0.845947
5068,1,-0.0609881,-0.181216,0.880436,1,1,1,5.85578,-0.18675,-0.177905,-0.00338242,-0.69442,-0.80083
5069,1,-0.0618832,-0.176794,0.888054,1,1,1,5.85482,-0.139626,-0.151272,-0.00343329,-0.938634,-0.654199
5070,1,-0.0627553,-0.17234,0.894971,1,1,1,5.85415,-0.214675,-0.161925,-0.00345078,-0.767973,-0.733154
5071,1,-0.0636058,-0.167849,0.901186,1,1,1,5.8531,-0.146608,-0.165121,-0.00351148,-0.684675,-0.699316
5072,1,-0.0644374,-0.163309,0.9067,1,1,1,5.85242,-0.197222,-0.153403,-0.00353003,-0.759384,-0.710596
5073,1,-0.0652391,-0.158784,0.911432,1,1,1,5.85147,-0.144862,-0.165121,-0.00354981,-0.576759,-0.654199
5074,1,-0.0660221,-0.154213,0.915438,1,1,1,5.85089,-0.143117,-0.164056,-0.00351888,-0.527566,-0.507568
5075,1,-0.0667817,-0.149628,0.918674,1,1,1,5.85012,-0.158825,-0.164056,-0.00346228,-0.463218,-0.507568
5076,1,-0.0675184,-0.145027,0.92113,1,1,1,5.84945,-0.151844,-0.148076,-0.00345973,-0.581714,-0.541406
5077,1,-0.0682319,-0.140418,0.92279,1,1,1,5.84849,-0.153589,-0.136358,-0.00349115,-0.657828,-0.744434
5078,1,-0.0689225,-0.135801,0.923642,1,1,1,5.84792,-0.120428,-0.148076,-0.00345457,-0.467159,-0.620361
5079,1,-0.06959,-0.131182,0.92367,1,1,1,5.84725,-0.111701,-0.140619,-0.00345888,-0.492914,-0.586523
5080,1,-0.0702343,-0.126566,0.92286,1,1,1,5.84667,-0.151844,-0.121444,-0.00345153,-0.646199,-0.699316
5081,1,-0.0708556,-0.121955,0.921197,1,1,1,5.8459,-0.122173,-0.134227,-0.00344269,-0.447932,-0.665479
5082,1,-0.0714535,-0.117359,0.91867,1,1,1,5.84533,-0.116937,-0.112921,-0.0034417,-0.625967,-0.676758
5083,1,-0.0720292,-0.11277,0.915257,1,1,1,5.84475,-0.106465,-0.107595,-0.00339219,-0.622055,-0.338379
5084,1,-0.0725816,-0.108205,0.910951,1,1,1,5.84437,-0.139626,-0.116117,-0.00340004,-0.473765,-0.48501
5085,1,-0.0731109,-0.103665,0.905738,1,1,1,5.8436,-0.0733038,-0.109726,-0.00340316,-0.489372,-0.609082
5086,1,-0.0736183,-0.0991483,0.899592,1,1,1,5.84332,-0.0750492,-0.0862891,-0.00341568,-0.694128,-0.575244
5087,1,-0.0741029,-0.0946675,0.892512,1,1,1,5.84265,-0.10472,-0.0830932,-0.0034536,-0.680151,-0.496289
5088,1,-0.0745647,-0.0902282,0.884486,1,1,1,5.84236,-0.0802851,-0.0607219,-0.0034733,-0.875364,-0.665479
5089,1,-0.0750052,-0.0858247,0.875478,1,1,1,5.84178,-0.1309,-0.0841585,-0.00351962,-0.570768,-0.586523
5090,1,-0.0754231,-0.0814752,0.865504,1,1,1,5.84159,-0.0401426,-0.0628525,-0.00358203,-0.761269,-0.654199
5091,1,-0.0758197,-0.0771744,0.854524,1,1,1,5.84092,-0.10472,-0.0948114,-0.00358337,-0.358537,-0.631641
5092,1,-0.0761952,-0.0729288,0.842527,1,1,1,5.84082,-0.0191986,-0.0703096,-0.00362016,-0.582375,-0.64292
5093,1,-0.0765494,-0.0687477,0.829509,1,1,1,5.84034,-0.0733038,-0.0692443,-0.00363643,-0.546642,-0.620361
5094,1,-0.0768825,-0.064638,0.815465,1,1,1,5.84006,-0.0698132,-0.0692443,-0.00367089,-0.502611,-0.733154
5095,1,-0.0771958,-0.0605949,0.800344,1,1,1,5.83967,-0.0122173,-0.0735055,-0.00367786,-0.409057,-0.676758
5096,1,-0.0774887,-0.0566361,0.784179,1,1,1,5.83958,-0.0453786,-0.0671137,-0.00366805,-0.431653,-0.552686
5097,1,-0.0777623,-0.0527551,0.766905,1,1,1,5.83929,-0.0401426,-0.0383507,-0.0036868,-0.705215,-0.48501
5098,1,-0.0780164,-0.0489686,0.74856,1,1,1,5.839,-0.0977384,-0.0319589,-0.00369657,-0.732825,-0.609082
5099,1,-0.0782521,-0.0452715,0.729077,1,1,1,5.83871,-0.0366519,-0.00958767,-0.00379741,-0.94949,-0.575244
5100,1,-0.0784693,-0.0416797,0.708497,1,1,1,5.83843,-0.0820305,-0.0202406,-0.00383472,-0.795955,-0.609082
5101,1,-0.0786691,-0.0381888,0.686747,1,1,1,5.83833,-0.0418879,-0.039416,-0.0038532,-0.547594,-0.609082
5102,1,-0.0788514,-0.0348139,0.66387,1,1,1,5.83824,-0.00872665,-0.0213059,-0.00387528,-0.711436,-0.530127
5103,1,-0.0790173,-0.0315541,0.63981,1,1,1,5.83795,-0.0820305,-0.0330242,-0.0039272,-0.55269,-0.755713
5104,1,-0.0791671,-0.0284178,0.614567,1,1,1,5.83785,0,-0.0383507,-0.00391982,-0.458109,-0.665479
5105,1,-0.0793018,-0.0254085,0.588106,1,1,1,5.83785,-0.010472,-0.028763,-0.00395376,-0.534777,-0.744434
5106,1,-0.0794216,-0.0225367,0.560452,1,1,1,5.83776,0,-0.01811,-0.00403005,-0.630614,-0.654199
5107,1,-0.0795273,-0.0198079,0.53159,1,1,1,5.83766,-0.0226893,-0.0149142,-0.00403391,-0.636793,-0.64292
5108,1,-0.0796198,-0.0172246,0.501467,1,1,1,5.83756,0,0.0010653,-0.00411317,-0.795513,-0.778271
5109,1,-0.0796998,-0.0147955,0.470093,1,1,1,5.83737,-0.0174533,-0.0138489,-0.0041157,-0.606349,-0.665479
5110,1,-0.0797681,-0.0125246,0.437422,1,1,1,5.83747,0.00523599,1.76123e-18,-0.00416498,-0.741881,-0.721875
5111,1,-0.0798254,-0.0104216,0.403485,1,1,1,5.83728,0,-0.00745708,-0.0041864,-0.641614,-0.755713
5112,1,-0.0798726,-0.00849175,0.368254,1,1,1,5.83728,0.00872665,-0.00532648,-0.00418803,-0.646514,-0.755713
5113,1,-0.0799106,-0.00674135,0.33171,1,1,1,5.83728,0,-0.0010653,-0.00422615,-0.68206,-0.789551
5114,1,-0.0799403,-0.00517805,0.293866,1,1,1,5.83718,-0.00174533,-0.00639178,-0.00421307,-0.607871,-0.64292
5115,1,-0.0799627,-0.00380517,0.25462,1,1,1,5.83728,-0.00872665,0.00319589,-0.00421776,-0.702626,-0.620361
5116,1,-0.0799787,-0.00263297,0.214049,1,1,1,5.83718,-0.00174533,-0.0010653,-0.00418684,-0.642998,-0.597803
5117,1,-0.0799893,-0.00166696,0.172104,1,1,1,5.83718,-0.0279253,0.0127836,-0.00419283,-0.790187,-0.552686
5118,1,-0.0799957,-0.000914187,0.128777,1,1,1,5.83718,0,0.0138489,-0.00421043,-0.801107,-0.755713
5119,1,-0.0799989,-0.000381556,0.0840513,1,1,1,5.83718,0,0.0149142,-0.00425174,-0.818065,-0.620361
5120,1,-0.0799999,-7.6049e-05,0.0379064,1,1,1,5.83718,0,-0.00852238,-0.00425136,-0.562996,-0.609082
5121,1,-0.08,-0,-0,1,1,1,5.83718,0,0.00639178,-0.00424698,-0.730911,-0.620361
5122,1,-0.08,-0,-0,1,1,1,5.83708,-0.0296706,3.91384e-19,-0.00428583,-0.665729,-0.812109
5123,1,-0.08,-0,-0,1,1,1,5.83708,0,0.00745708,-0.0042715,-0.745866,-0.64292
5124,1,-0.08,-0,-0,1,1,1,5.83708,-0.00872665,0.010653,-0.00431036,-0.78615,-0.710596
5125,1,-0.08,-0,-0,1,1,1,5.83699,-0.00872665,-0.00852238,-0.0042831,-0.571623,-0.789551
5126,1,-0.08,-0,-0,1,1,1,5.83718,0.0383972,0.00958767,-0.00434092,-0.778466,-0.699316
5127,1,-0.08,-0,-0,1,1,1,5.83699,0,-1.82646e-18,-0.00431199,-0.669183,-0.631641
5128,1,-0.08,-0,-0,1,1,1,5.83708,0,-0.00745708,-0.00430721,-0.586524,-0.609082
5129,1,-0.08,-0,-0,1,1,1,5.83699,0.0244346,0.00426119,-0.00432458,-0.717718,-0.631641
5130,1,-0.08,-0,-0,1,1,1,5.83699,-0.0401426,-0.00745708,-0.00431006,-0.5869,-0.654199
5131,1,-0.08,-0,-0,1,1,1,5.83699,0.015708,-0.00958767,-0.00434374,-0.567909,-0.744434
5132,1,-0.08,-0,-0,1,1,1,5.83699,0.00698132,-0.00532648,-0.00432135,-0.611827,-0.609082
5133,1,-0.08,-0,-0,1,1,1,5.83699,-0.00523599,0.00745708,-0.00435065,-0.756314,-0.676758
5134,1,-0.08,-0,-0,1,1,1,5.83689,-0.0244346,-0.0138489,-0.00433601,-0.520016,-0.766992
5135,1,-0.08,-0,-0,1,1,1,5.83699,0,0.00745708,-0.004351,-0.75636,-0.654199
5136,1,-0.08,-0,-0,1,1,1,5.8368,-0.0418879,-0.0191753,-0.0043529,-0.463654,-0.688037
5137,1,-0.08,-0,-0,1,1,1,5.83699,0.0122173,-0.00532648,-0.00434064,-0.614374,-0.64292
5138,1,-0.08,-0,-0,1,1,1,5.83689,-0.0122173,0.0138489,-0.00435437,-0.827114,-0.597803
5139,1,-0.08,-0,-0,1,1,1,5.8368,-0.00872665,0.00639178,-0.00434949,-0.744442,-0.699316
5140,1,-0.08,-0,-0,1,1,1,5.83689,0.0174533,-0.00852238,-0.00429513,-0.573211,-0.631641
5141,1,-0.08,-0,-0,1,1,1,5.83689,0,-0.0117183,-0.00428784,-0.537094,-0.688037
5142,1,-0.08,-0,-0,1,1,1,5.8368,0,-0.00319589,-0.00428578,-0.630568,-0.609082
5143,1,-0.08,-0,-0,1,1,1,5.83689,-0.0174533,-0.00639178,-0.00427454,-0.59393,-0.755713
5144,1,-0.08,-0,-0,1,1,1,5.83689,0.0279253,7.82767e-19,-0.00425772,-0.662019,-0.597803
5145,1,-0.08,-0,-0,1,1,1,5.83689,0,0.00426119,-0.00428036,-0.711881,-0.688037
5146,1,-0.08,-0,-0,1,1,1,5.8368,-0.015708,0.00426119,-0.00430869,-0.71562,-0.789551
5147,1,-0.08,-0,-0,1,1,1,5.8368,0,-0.00213059,-0.0042746,-0.640811,-0.64292
5148,1,-0.08,-0,-0,1,1,1,5.83689,0.010472,0.00319589,-0.0043191,-0.705276,-0.676758
5149,1,-0.08,-0,-0,1,1,1,5.8368,0,-0.00852238,-0.00431345,-0.57563,-0.755713
5150,1,-0.08,-0,-0,1,1,1,5.8368,0,-0.0202406,-0.00428438,-0.442891,-0.586523
5151,1,-0.08,-0,-0,1,1,1,5.83689,0,0.0117183,-0.00426084,-0.791331,-0.518848
5152,1,-0.08,-0,-0,1,1,1,5.8368,-0.020944,-0.0010653,-0.00428322,-0.653666,-0.676758
5153,1,-0.08,-0,-0,1,1,1,5.8368,0,0.0010653,-0.00426428,-0.674603,-0.620361
5154,1,-0.08,-0,-0,1,1,1,5.8368,0,-0.00426119,-0.00427415,-0.617315,-0.609082
5155,1,-0.08,-0,-0,1,1,1,5.8368,0,0.00532648,-0.00429697,-0.725792,-0.733154
5156,1,-0.08,-0,-0,1,1,1,5.8368,0,-0.0266324,-0.00425626,-0.36887,-0.733154
5157,1,-0.08,-0,-0,1,1,1,5.83689,0.0331613,-0.0149142,-0.00424382,-0.496128,-0.688037
5158,1,-0.08,-0,-0,1,1,1,5.8368,-0.00174533,0.0170448,-0.0042434,-0.847621,-0.563965
5159,1,-0.08,-0,-0,1,1,1,5.8368,-0.0471239,-0.00852238,-0.00422864,-0.564435,-0.586523
5160,1,-0.08,-0,-0,1,1,1,5.8368,0.0139626,0.0223712,-0.00427318,-0.910143,-0.665479
5161,1,-0.08,-0,-0,1,1,1,5.8367,0,0.00532648,-0.00425916,-0.720801,-0.563965
5162,1,-0.08,-0,-0,1,1,1,5.8368,0,-0.0202406,-0.00422872,-0.435544,-0.507568
5163,1,-0.08,-0,-0,1,1,1,5.8368,0.00872665,-2.60922e-19,-0.00420419,-0.654953,-0.597803
5164,1,-0.08,-0,-0,1,1,1,5.8368,0,0.0149142,-0.00422991,-0.822404,-0.620361
5165,1,-0.08,-0,-0,1,1,1,5.8367,-0.0174533,0.00745708,-0.00423917,-0.741599,-0.620361
5166,1,-0.08,-0,-0,1,1,1,5.8367,0,-0.01811,-0.00427419,-0.464982,-0.721875
5167,1,-0.08,-0,-0,1,1,1,5.8368,0.0523599,-0.00426119,-0.0042492,-0.614021,-0.654199
5168,1,-0.08,-0,-0,1,1,1,5.8367,-0.0174533,-0.00958767,-0.00424002,-0.554219,-0.631641
5169,1,-0.08,-0,-0,1,1,1,5.8368,0.00872665,-0.00319589,-0.0042331,-0.623614,-0.609082
5170,1,-0.08,-0,-0,1,1,1,5.8367,-0.0139626,0.010653,-0.00423696,-0.776461,-0.620361
5171,1,-0.08,-0,-0,1,1,1,5.8367,-0.00872665,0.00426119,-0.00423307,-0.705639,-0.496289
5172,1,-0.08,-0,-0,1,1,1,5.8367,-0.0174533,0.00745708,-0.00417585,-0.733239,-0.518848
5173,1,-0.08,-0,-0,1,1,1,5.8367,-0.0174533,-0.00213059,-0.00414533,-0.623747,-0.609082
5174,1,-0.08,-0,-0,1,1,1,5.8368,0.0122173,-0.00639178,-0.00412195,-0.573788,-0.609082
5175,1,-0.08,-0,-0,1,1,1,5.8367,0,0.0010653,-0.00412029,-0.655596,-0.676758
5176,1,-0.08,-0,-0,1,1,1,5.8367,0,-0.0191753,-0.00410242,-0.430591,-0.665479
5177,1,-0.08,-0,-0,1,1,1,5.8368,0.0174533,0.00745708,-0.00412896,-0.72705,-0.665479
5178,1,-0.08,-0,-0,1,1,1,5.8367,0,-0.00639178,-0.00415679,-0.578386,-0.676758
5179,1,-0.08,-0,-0,1,1,1,5.8367,0,-0.00639178,-0.0041212,-0.573688,-0.688037
5180,1,-0.08,-0,-0,1,1,1,5.8367,0.00698132,-0.00852238,-0.00410613,-0.548263,-0.631641
5181,1,-0.08,-0,-0,1,1,1,5.8368,0.00698132,0.0010653,-0.00409427,-0.652161,-0.507568
5182,1,-0.08,-0,-0,1,1,1,5.8367,-0.0261799,-0.00213059,-0.00409364,-0.616924,-0.575244
5183,1,-0.08,-0,-0,1,1,1,5.8367,0,-0.010653,-0.00414083,-0.529407,-0.868506
5184,1,-0.08,-0,-0,1,1,1,5.8367,0.0279253,-0.0138489,-0.00408434,-0.486796,-0.620361
5185,1,-0.08,-0,-0,1,1,1,5.8367,-0.020944,0.0159795,-0.0041048,-0.817607,-0.676758
5186,1,-0.08,-0,-0,1,1,1,5.8367,0,-0.0010653,-0.00410899,-0.630668,-0.631641
5187,1,-0.08,-0,-0,1,1,1,5.8367,-0.00872665,0.00213059,-0.0040767,-0.661561,-0.597803
5188,1,-0.08,-0,-0,1,1,1,5.8368,0.00174533,0.00426119,-0.00411435,-0.689968,-0.676758
5189,1,-0.08,-0,-0,1,1,1,5.8367,0.00174533,-0.010653,-0.00410822,-0.525103,-0.688037
5190,1,-0.08,-0,-0,1,1,1,5.8367,0,0.0127836,-0.00408873,-0.780332,-0.64292
5191,1,-0.08,-0,-0,1,1,1,5.8367,-0.0174533,0.00639178,-0.00408686,-0.709775,-0.631641
5192,1,-0.08,-0,-0,1,1,1,5.8367,0,0.00213059,-0.00408961,-0.663265,-0.665479
5193,1,-0.08,-0,-0,1,1,1,5.8367,0,0.00852238,-0.00409266,-0.733977,-0.654199
5194,1,-0.08,-0,-0,1,1,1,5.8367,0.00872665,-0.00319589,-0.00410452,-0.606642,-0.812109
5195,1,-0.08,-0,-0,1,1,1,5.8367,0.010472,-0.00958767,-0.00410461,-0.536344,-0.688037
5196,1,-0.08,-0,-0,1,1,1,5.8367,0,-0.00426119,-0.00414142,-0.599794,-0.563965
5197,1,-0.08,-0,-0,1,1,1,5.83661,0.00174533,-0.0170448,-0.00410809,-0.454776,-0.676758
5198,1,-0.08,-0,-0,1,1,1,5.8367,0,0.0266324,-0.00411891,-0.936653,-0.575244
5199,1,-0.08,-0,-0,1,1,1,5.83661,-0.0296706,0.00426119,-0.00411341,-0.689843,-0.733154
5200,1,-0.08,-0,-0,1,1,1,5.8367,0.0296706,-0.00213059,-0.00411847,-0.620202,-0.64292
5201,1,-0.08,-0,-0,1,1,1,5.83661,0,-0.0223712,-0.0041168,-0.397334,-0.699316
5202,1,-0.08,-0,-0,1,1,1,5.83661,-0.0122173,-0.00426119,-0.00413046,-0.598348,-0.688037
5203,1,-0.08,-0,-0,1,1,1,5.83661,0.00523599,0.0010653,-0.00414548,-0.658921,-0.609082
5204,1,-0.08,-0,-0,1,1,1,5.83661,-0.020944,0.010653,-0.00413236,-0.762654,-0.64292
5205,1,-0.08,-0,-0,1,1,1,5.83661,-0.0558505,0.00639178,-0.0041217,-0.714373,-0.710596
5206,1,-0.08,-0,-0,1,1,1,5.8367,0.0541052,-0.00852238,-0.00412166,-0.550313,-0.631641
5207,1,-0.08,-0,-0,1,1,1,5.83661,0,-0.0202406,-0.00409943,-0.418477,-0.688037
5208,1,-0.08,-0,-0,1,1,1,5.83661,0,-0.00639178,-0.00408308,-0.568656,-0.507568
5209,1,-0.08,-0,-0,1,1,1,5.83661,0,0.01811,-0.00408389,-0.838284,-0.688037
5210,1,-0.08,-0,-0,1,1,1,5.83661,0,-0.0170448,-0.00408416,-0.451617,-0.563965
5211,1,-0.08,-0,-0,1,1,1,5.8367,0.0471239,-0.00213059,-0.00406345,-0.612939,-0.586523
5212,1,-0.08,-0,-0,1,1,1,5.83661,-0.0366519,0.0170448,-0.00408692,-0.826965,-0.609082
5213,1,-0.08,-0,-0,1,1,1,5.83661,-0.00872665,0.0159795,-0.00408297,-0.814726,-0.563965
5214,1,-0.08,-0,-0,1,1,1,5.83661,0,0.00852238,-0.00413183,-0.739148,-0.733154
5215,1,-0.08,-0,-0,1,1,1,5.83661,0,-0.0010653,-0.00413511,-0.634116,-0.597803
5216,1,-0.08,-0,-0,1,1,1,5.83661,0.00872665,0.00745708,-0.00416361,-0.731624,-0.586523
5217,1,-0.08,-0,-0,1,1,1,5.83661,-0.00872665,0.0149142,-0.00416619,-0.813993,-0.586523
5218,1,-0.08,-0,-0,1,1,1,5.83661,0,-0.01811,-0.00417094,-0.451354,-0.654199
5219,1,-0.08,-0,-0,1,1,1,5.8367,0.015708,0.010653,-0.00414266,-0.764013,-0.507568
5220,1,-0.08,-0,-0,1,1,1,5.83661,-0.0279253,0.00426119,-0.00419199,-0.700215,-0.64292
5221,1,-0.08,2.41569e-06,0.00480599,1,1,1,5.83661,0,-0.00852238,-0.00420432,-0.560513,-0.710596
5222,1,-0.0799998,8.53747e-05,0.028285,1,1,1,5.83661,0,-0.00213059,-0.00414957,-0.619247,-0.620361
5223,1,-0.079999,0.000284044,0.0510702,1,1,1,5.83661,-0.010472,-0.00852238,-0.00420875,-0.551074,-0.733154
5224,1,-0.0799968,0.000595152,0.0731681,1,1,1,5.83651,0,-7.82767e-19,-0.00420518,-0.637388,-0.676758
5225,1,-0.0799928,0.00101439,0.0945374,1,1,1,5.83661,0,3.26153e-19,-0.00420191,-0.628768,-0.609082
5226,1,-0.0799865,0.00153947,0.115246,1,1,1,5.83661,0,0.00639178,-0.00418075,-0.686889,-0.518848
5227,1,-0.0799773,0.00216612,0.135262,1,1,1,5.83661,-0.0226893,0.0159795,-0.00417878,-0.781544,-0.563965
5228,1,-0.0799647,0.00289044,0.154584,1,1,1,5.83661,0,0.00319589,-0.00418406,-0.62997,-0.631641
5229,1,-0.0799482,0.00371029,0.173254,1,1,1,5.83661,0,0.00639178,-0.00418218,-0.652143,-0.563965
5230,1,-0.0799274,0.00462256,0.191276,1,1,1,5.83661,-0.00698132,-0.00852238,-0.0042075,-0.477649,-0.710596
5231,1,-0.0799018,0.00562188,0.208619,1,1,1,5.83661,0.0436332,0.010653,-0.00421265,-0.674503,-0.631641
5232,1,-0.079871,0.00670774,0.225338,1,1,1,5.83661,-0.020944,0.00213059,-0.00416999,-0.559394,-0.47373
5233,1,-0.0798346,0.00787418,0.241397,1,1,1,5.8367,-0.00872665,-0.0010653,-0.00414253,-0.503986,-0.496289
5234,1,-0.0797921,0.00912097,0.256845,1,1,1,5.83661,0,0.010653,-0.00410327,-0.610172,-0.563965
5235,1,-0.0797433,0.0104423,0.271655,1,1,1,5.8367,-0.00872665,-0.0149142,-0.00407913,-0.307389,-0.462451
5236,1,-0.0796876,0.0118353,0.285839,1,1,1,5.8367,0,0.00426119,-0.00400348,-0.489182,-0.383496
5237,1,-0.0796248,0.0132999,0.299433,1,1,1,5.8367,-0.00872665,0.00639178,-0.00399176,-0.491121,-0.372217
5238,1,-0.0795545,0.0148296,0.312412,1,1,1,5.8367,-0.0122173,-0.0117183,-0.0039012,-0.259295,-0.394775
5239,1,-0.0794764,0.0164219,0.324788,1,1,1,5.8367,0,-0.0117183,-0.00384393,-0.230388,-0.552686
5240,1,-0.0793902,0.0180755,0.336583,1,1,1,5.8367,0.0488692,0.00426119,-0.00378338,-0.376151,-0.31582
5241,1,-0.0792955,0.0197878,0.347804,1,1,1,5.8367,0,0.00319589,-0.00371364,-0.332565,-0.417334
5242,1,-0.0791922,0.0215538,0.358443,1,1,1,5.8368,0,-1.696e-18,-0.00364713,-0.265395,-0.360938
5243,1,-0.0790799,0.0233716,0.368515,1,1,1,5.8368,0.0314159,0.0138489,-0.00354631,-0.38063,-0.270703
5244,1,-0.0789585,0.0252365,0.378018,1,1,1,5.83689,0,-6.52306e-20,-0.00344526,-0.190658,-0.293262
5245,1,-0.0788274,0.0271507,0.386983,1,1,1,5.83689,0.0122173,0.00639178,-0.00333264,-0.221277,-0.281982
5246,1,-0.0786868,0.0291066,0.395394,1,1,1,5.83689,0,-6.52306e-19,-0.00321223,-0.109816,-0.248145
5247,1,-0.0785363,0.0311037,0.403268,1,1,1,5.83689,0.00349066,-0.00213059,-0.0031079,-0.0469167,-0.225586
5248,1,-0.0783757,0.0331385,0.41061,1,1,1,5.83689,0,-0.00852238,-0.00294493,0.0710052,-0.180469
5249,1,-0.0782048,0.0352092,0.41743,1,1,1,5.83699,0.00523599,-0.0010653,-0.00276902,0.0388324,-0.146631
5250,1,-0.0780237,0.0373105,0.423726,1,1,1,5.83699,0,0.0138489,-0.00261361,-0.0779486,-0.112793
5251,1,-0.0778317,0.0394455,0.429522,1,1,1,5.83708,0.00872665,0.0234365,-0.00245981,-0.136022,-0.0902344
5252,1,-0.0776291,0.0416064,0.43481,1,1,1,5.83708,0.010472,0.00319589,-0.00230746,0.133975,-0.0676758
5253,1,-0.0774156,0.0437927,0.439604,1,1,1,5.83718,0.015708,0.00852238,-0.00217443,0.120404,-0.0789551
5254,1,-0.0771911,0.0460018,0.44391,1,1,1,5.83718,0.0174533,0.0149142,-0.00197851,0.10501,0
5255,1,-0.0769557,0.0482293,0.447731,1,1,1,5.83728,0,0.0127836,-0.00178644,0.183375,0
5256,1,-0.0767088,0.0504783,0.451085,1,1,1,5.83737,0.0226893,-0.0138489,-0.00159398,0.531429,0.0225586
5257,1,-0.0764507,0.0527411,0.453969,1,1,1,5.83747,0.0314159,-0.00426119,-0.00140362,0.481616,0.101514
5258,1,-0.0761815,0.0550156,0.456392,1,1,1,5.83756,0.0279253,0.0117183,-0.00119851,0.363914,0.225586
5259,1,-0.0759005,0.0573042,0.458366,1,1,1,5.83776,0.0261799,0.0266324,-0.00100563,0.256155,0.191748
5260,1,-0.0756082,0.0596003,0.459894,1,1,1,5.83785,0.0453786,0.0585913,-0.000844553,-0.0434863,0.259424
5261,1,-0.0753045,0.0619026,0.460984,1,1,1,5.83795,0.00872665,0.0319589,-0.000672263,0.302623,0.338379
5262,1,-0.0749892,0.0642094,0.461643,1,1,1,5.83824,0.0558505,0.0245018,-0.000553575,0.430089,0.259424
5263,1,-0.0746626,0.0665168,0.461879,1,1,1,5.83843,0.0715585,0.0404813,-0.00040633,0.304658,0.293262
5264,1,-0.0743241,0.0688272,0.461699,1,1,1,5.83862,0.0191986,0.0521996,-0.000292172,0.221025,0.214307
5265,1,-0.0739744,0.071133,0.461111,1,1,1,5.83891,0.0383972,0.0447425,-0.000173159,0.348588,0.225586
5266,1,-0.0736127,0.073438,0.460119,1,1,1,5.8391,0.0802851,0.0468731,4.12897e-07,0.3793,0.349658
5267,1,-0.0732398,0.0757351,0.458734,1,1,1,5.83948,0.0349066,0.039416,0.000133556,0.509446,0.406055
5268,1,-0.0728554,0.0780244,0.456961,1,1,1,5.83967,0.0331613,0.0926808,0.000202722,-0.0371613,0.270703
5269,1,-0.0724595,0.0803041,0.454808,1,1,1,5.83996,0.0261799,0.0426119,0.000294366,0.554849,0.338379
5270,1,-0.0720526,0.0825706,0.452284,1,1,1,5.84025,0.0767945,0.0703096,0.00039205,0.293155,0.293262
5271,1,-0.0716342,0.0848246,0.449393,1,1,1,5.84063,0.0558505,0.057526,0.000488866,0.476022,0.462451
5272,1,-0.0712044,0.0870637,0.446143,1,1,1,5.84092,0.0541052,0.0841585,0.000588904,0.226185,0.439893
5273,1,-0.0707635,0.0892856,0.442541,1,1,1,5.8413,0.0296706,0.0809626,0.000665823,0.300265,0.31582
5274,1,-0.0703113,0.09149,0.438593,1,1,1,5.84159,0.0890118,0.0585913,0.000779311,0.590468,0.349658
5275,1,-0.0698484,0.0936724,0.434311,1,1,1,5.84217,0.0925025,0.096942,0.000885957,0.212817,0.48501
5276,1,-0.0693749,0.0958312,0.429701,1,1,1,5.84245,0.0453786,0.0948114,0.000944352,0.271794,0.417334
5277,1,-0.06889,0.0979691,0.424763,1,1,1,5.84284,0.0820305,0.0884196,0.00100145,0.377087,0.3271
5278,1,-0.068395,0.10008,0.419513,1,1,1,5.84322,0.0994838,0.0916155,0.00110566,0.38427,0.349658
5279,1,-0.0678893,0.102163,0.413955,1,1,1,5.8437,0.0733038,0.0767014,0.00117217,0.584388,0.451172
5280,1,-0.0673733,0.104219,0.408095,1,1,1,5.84408,0.116937,0.10653,0.00122906,0.290831,0.417334
5281,1,-0.0668472,0.106244,0.401942,1,1,1,5.84447,0.0750492,0.109726,0.00129287,0.290833,0.530127
5282,1,-0.0663114,0.108236,0.395507,1,1,1,5.84504,0.120428,0.10866,0.00134625,0.335909,0.530127
5283,1,-0.0657648,0.110199,0.388782,1,1,1,5.84552,0.0733038,0.0937461,0.00142392,0.536442,0.620361
5284,1,-0.065209,0.112125,0.381791,1,1,1,5.846,0.111701,0.10653,0.00144452,0.423572,0.406055
5285,1,-0.0646436,0.114016,0.374535,1,1,1,5.84658,0.102974,0.10866,0.00148658,0.430563,0.428613
5286,1,-0.064069,0.11587,0.367022,1,1,1,5.84706,0.137881,0.117183,0.00150324,0.362973,0.417334
5287,1,-0.0634854,0.117685,0.359262,1,1,1,5.84763,0.0994838,0.112921,0.00151908,0.435185,0.575244
5288,1,-0.0628926,0.119461,0.351255,1,1,1,5.84811,0.0907571,0.128901,0.00155045,0.287009,0.293262
5289,1,-0.0622905,0.121198,0.343006,1,1,1,5.84878,0.0855211,0.118248,0.00148668,0.417193,0.270703
5290,1,-0.0616807,0.122891,0.334538,1,1,1,5.84916,0.120428,0.100138,0.00157689,0.651016,0.47373
5291,1,-0.0610615,0.124543,0.325836,1,1,1,5.85003,0.123918,0.12464,0.00163644,0.411848,0.563965
5292,1,-0.0604353,0.126149,0.316934,1,1,1,5.85041,0.0959931,0.115052,0.00169282,0.546126,0.428613
5293,1,-0.0598007,0.127711,0.307819,1,1,1,5.85108,0.118682,0.0926808,0.00171525,0.815593,0.462451
5294,1,-0.0591579,0.129228,0.298495,1,1,1,5.85166,0.171042,0.119313,0.00177813,0.5523,0.733154
5295,1,-0.058508,0.130696,0.288985,1,1,1,5.85242,0.0802851,0.123574,0.00183279,0.532419,0.552686
5296,1,-0.0578514,0.132116,0.279296,1,1,1,5.8529,0.13439,0.155533,0.00178698,0.192787,0.47373
5297,1,-0.0571874,0.133488,0.269422,1,1,1,5.85357,0.0802851,0.121444,0.00176517,0.581472,0.338379
5298,1,-0.0565167,0.13481,0.259378,1,1,1,5.85425,0.197222,0.14275,0.00172045,0.357448,0.31582
5299,1,-0.0558388,0.136083,0.249159,1,1,1,5.85501,0.129154,0.128901,0.00171731,0.525281,0.3271
5300,1,-0.0551554,0.137302,0.238793,1,1,1,5.85568,0.178024,0.151272,0.00170349,0.292992,0.507568
5301,1,-0.0544659,0.13847,0.228277,1,1,1,5.85636,0.109956,0.154468,0.00166355,0.266351,0.406055
5302,1,-0.0537708,0.139585,0.217619,1,1,1,5.85703,0.174533,0.16086,0.00166395,0.210218,0.439893
5303,1,-0.0530702,0.140646,0.206825,1,1,1,5.85779,0.0925025,0.139554,0.00163246,0.452897,0.439893
5304,1,-0.0523644,0.141653,0.195902,1,1,1,5.85837,0.144862,0.123574,0.00163458,0.641366,0.383496
5305,1,-0.0516543,0.142604,0.184867,1,1,1,5.85933,0.171042,0.134227,0.00163416,0.536308,0.406055
5306,1,-0.0509376,0.143502,0.173688,1,1,1,5.85981,0.122173,0.14275,0.00161345,0.450793,0.349658
5307,1,-0.0502194,0.144341,0.162447,1,1,1,5.86077,0.190241,0.14488,0.0016291,0.440216,0.507568
5308,1,-0.0494957,0.145125,0.151084,1,1,1,5.86134,0.106465,0.154468,0.00161406,0.342501,0.48501
5309,1,-0.0487683,0.145852,0.139629,1,1,1,5.86201,0.141372,0.138489,0.00163848,0.530951,0.451172
5310,1,-0.0480372,0.146521,0.128088,1,1,1,5.86278,0.174533,0.143815,0.00167771,0.487225,0.575244
5311,1,-0.0473031,0.147133,0.116471,1,1,1,5.86364,0.102974,0.140619,0.00168596,0.531301,0.48501
5312,1,-0.0465661,0.147686,0.104783,1,1,1,5.86412,0.136136,0.147011,0.00170025,0.470264,0.406055
5313,1,-0.0458263,0.14818,0.093031,1,1,1,5.86508,0.164061,0.143815,0.0017063,0.512675,0.406055
5314,1,-0.0450843,0.148616,0.0812221,1,1,1,5.86575,0.164061,0.154468,0.00170036,0.400631,0.496289
5315,1,-0.0443403,0.148992,0.0693662,1,1,1,5.86652,0.102974,0.170448,0.00168942,0.228577,0.406055
5316,1,-0.043594,0.14931,0.0574591,1,1,1,5.86709,0.171042,0.16086,0.0016519,0.332237,0.3271
5317,1,-0.0428472,0.149567,0.045534,1,1,1,5.86796,0.143117,0.141684,0.00167729,0.55009,0.439893
5318,1,-0.0420989,0.149765,0.0335743,1,1,1,5.86863,0.200713,0.150207,0.00170301,0.463069,0.530127
5319,1,-0.0413498,0.149903,0.0215938,1,1,1,5.86959,0.0977384,0.168317,0.00170629,0.266672,0.47373
5320,1,-0.0405995,0.149981,0.00959178,1,1,1,5.87007,0.158825,0.135293,0.00172555,0.633917,0.428613
5321,1,-0.03985,0.149999,-0.00239988,1,1,1,5.87112,0.164061,0.169382,0.00168916,0.254442,0.383496
5322,1,-0.0391001,0.149957,-0.0143979,1,1,1,5.8716,0.113446,0.147011,0.0016888,0.499914,0.47373
5323,1,-0.0383505,0.149855,-0.0263874,1,1,1,5.87265,0.18326,0.161925,0.00164962,0.329123,0.372217
5324,1,-0.0376016,0.149693,-0.0383608,1,1,1,5.87323,0.123918,0.151272,0.00160113,0.436817,0.31582
5325,1,-0.0368537,0.149471,-0.0503105,1,1,1,5.874,0.193732,0.133162,0.00157571,0.629624,0.406055
5326,1,-0.0361065,0.14919,-0.0622391,1,1,1,5.87476,0.141372,0.149142,0.00154397,0.446058,0.338379
5327,1,-0.0353619,0.148849,-0.0741143,1,1,1,5.87553,0.169297,0.14488,0.00149508,0.481447,0.451172
5328,1,-0.0346187,0.148449,-0.0859514,1,1,1,5.87611,0.10472,0.136358,0.00149824,0.570649,0.417334
5329,1,-0.033877,0.147989,-0.0977472,1,1,1,5.87716,0.195477,0.12464,0.00151247,0.695854,0.439893
5330,1,-0.0331383,0.147471,-0.109474,1,1,1,5.87764,0.115192,0.155533,0.00155635,0.356873,0.609082
5331,1,-0.0324024,0.146895,-0.121135,1,1,1,5.8785,0.10821,0.131032,0.00152209,0.613973,0.451172
5332,1,-0.0316694,0.14626,-0.132723,1,1,1,5.87898,0.136136,0.16086,0.00154483,0.281943,0.530127
5333,1,-0.0309403,0.145568,-0.144222,1,1,1,5.88004,0.129154,0.155533,0.00153624,0.331022,0.48501
5334,1,-0.0302139,0.144818,-0.155647,1,1,1,5.88061,0.137881,0.14488,0.00155432,0.441818,0.428613
5335,1,-0.0294918,0.144011,-0.166972,1,1,1,5.88147,0.127409,0.147011,0.00148685,0.398205,0.394775
5336,1,-0.0287743,0.143149,-0.178187,1,1,1,5.88186,0.0907571,0.154468,0.00144748,0.299615,0.372217
5337,1,-0.0280604,0.142229,-0.189306,1,1,1,5.88291,0.141372,0.145946,0.00145865,0.38347,0.417334
5338,1,-0.0273522,0.141256,-0.200294,1,1,1,5.88349,0.148353,0.139554,0.00145784,0.441777,0.394775
5339,1,-0.0266484,0.140227,-0.211166,1,1,1,5.88435,0.132645,0.135293,0.00144666,0.474294,0.439893
5340,1,-0.02595,0.139145,-0.221906,1,1,1,5.88483,0.127409,0.155533,0.00143375,0.236503,0.451172
5341,1,-0.0252566,0.138008,-0.232516,1,1,1,5.8854,0.0959931,0.132097,0.00141965,0.477987,0.293262
5342,1,-0.02457,0.13682,-0.242966,1,1,1,5.88608,0.195477,0.138489,0.00142289,0.393956,0.417334
5343,1,-0.0238885,0.135578,-0.253278,1,1,1,5.88675,0.101229,0.122509,0.00148902,0.564389,0.518848
5344,1,-0.0232142,0.134287,-0.263416,1,1,1,5.88732,0.127409,0.14275,0.00156,0.337137,0.417334
5345,1,-0.0225456,0.132944,-0.273401,1,1,1,5.88799,0.0907571,0.112921,0.00163273,0.659785,0.654199
5346,1,-0.0218845,0.131553,-0.283203,1,1,1,5.88857,0.129154,0.115052,0.00171381,0.632211,0.64292
5347,1,-0.0212307,0.130113,-0.292819,1,1,1,5.88914,0.113446,0.119313,0.00180617,0.582696,0.721875
5348,1,-0.0205839,0.128626,-0.302251,1,1,1,5.88962,0.0610865,0.116117,0.0018247,0.603183,0.552686
5349,1,-0.019944,0.12709,-0.311497,1,1,1,5.89029,0.144862,0.113987,0.00190622,0.61745,0.518848
5350,1,-0.0193126,0.12551,-0.32053,1,1,1,5.89077,0.10821,0.127836,0.00198522,0.454815,0.620361
5351,1,-0.018689,0.123885,-0.329355,1,1,1,5.89135,0.0645772,0.0777667,0.0020944,0.998741,0.789551
5352,1,-0.0180738,0.122217,-0.337961,1,1,1,5.89183,0.102974,0.110791,0.00218485,0.625666,0.631641
5353,1,-0.017467,0.120506,-0.346342,1,1,1,5.8924,0.0959931,0.118248,0.00226397,0.53185,0.721875
5354,1,-0.0168692,0.118755,-0.354487,1,1,1,5.89288,0.0977384,0.127836,0.00228947,0.407045,0.47373
5355,1,-0.0162794,0.116961,-0.362404,1,1,1,5.89327,0.0890118,0.101203,0.00237747,0.688423,0.688037
5356,1,-0.0156997,0.115132,-0.370063,1,1,1,5.89375,0.101229,0.0926808,0.00246833,0.770564,0.552686
5357,1,-0.0151282,0.113261,-0.377481,1,1,1,5.89442,0.111701,0.101203,0.00257619,0.666983,0.688037
5358,1,-0.0145671,0.111357,-0.384625,1,1,1,5.8948,0.0837758,0.0852238,0.00271111,0.836125,0.812109
5359,1,-0.0140152,0.109417,-0.391508,1,1,1,5.89538,0.0855211,0.0841585,0.00287928,0.845191,0.879785
5360,1,-0.013473,0.107443,-0.398117,1,1,1,5.89586,0.125664,0.0830932,0.00296369,0.842826,0.857227
5361,1,-0.0129404,0.105435,-0.404447,1,1,1,5.89633,0.0767945,0.0884196,0.0029948,0.762736,0.575244
5362,1,-0.0124183,0.103397,-0.410482,1,1,1,5.89662,0.113446,0.111856,0.00299759,0.479371,0.733154
5363,1,-0.0119068,0.101332,-0.416218,1,1,1,5.8972,0.0593412,0.0990726,0.00299577,0.593525,0.496289
5364,1,-0.0114054,0.099237,-0.421654,1,1,1,5.89758,0.118682,0.0884196,0.00299884,0.68456,0.609082
5365,1,-0.0109142,0.0971145,-0.426782,1,1,1,5.89816,0.102974,0.100138,0.00299843,0.528757,0.563965
5366,1,-0.0104342,0.0949697,-0.431586,1,1,1,5.89844,0.0820305,0.0852238,0.0030183,0.668365,0.47373
5367,1,-0.00996455,0.0927992,-0.436069,1,1,1,5.89911,0.113446,0.096942,0.00304601,0.515782,0.597803
5368,1,-0.00950629,0.0906096,-0.440215,1,1,1,5.8994,0.0663225,0.0958767,0.00307025,0.503169,0.597803
5369,1,-0.00905845,0.0883973,-0.444026,1,1,1,5.89979,0.0767945,0.100138,0.00308757,0.430815,0.631641
5370,1,-0.00862145,0.0861654,-0.447492,1,1,1,5.90017,0.0506145,0.0926808,0.00314171,0.492035,0.541406
5371,1,-0.00819679,0.083923,-0.450595,1,1,1,5.90065,0.0593412,0.0809626,0.00320598,0.601389,0.64292
5372,1,-0.00778312,0.0816647,-0.453339,1,1,1,5.90103,0.0942478,0.0756361,0.00323307,0.635378,0.721875
5373,1,-0.00738019,0.0793903,-0.455718,1,1,1,5.90142,0.0628319,0.0884196,0.00327217,0.471595,0.631641
5374,1,-0.00698919,0.077108,-0.457718,1,1,1,5.90161,0.0488692,0.0830932,0.00333376,0.509948,0.654199
5375,1,-0.00660939,0.0748153,-0.459336,1,1,1,5.90209,0.0314159,0.0756361,0.00337706,0.569251,0.654199
5376,1,-0.00624063,0.0725126,-0.460565,1,1,1,5.90228,0.0663225,0.0745708,0.00338922,0.554064,0.586523
5377,1,-0.00588405,0.0702091,-0.461395,1,1,1,5.90266,0.0471239,0.0383507,0.00342319,0.928505,0.586523
5378,1,-0.00553875,0.0679007,-0.461821,1,1,1,5.90295,0.0785398,0.0628525,0.00340655,0.628324,0.586523
5379,1,-0.00520504,0.0655914,-0.461835,1,1,1,5.90333,0.0767945,0.057526,0.00345675,0.665127,0.710596
5380,1,-0.00488286,0.0632832,-0.46143,1,1,1,5.90362,0.0349066,0.0458078,0.00348322,0.769174,0.676758
5381,1,-0.0045724,0.0609793,-0.460599,1,1,1,5.90391,0.0890118,0.0596566,0.00349147,0.589696,0.665479
5382,1,-0.00427266,0.0586747,-0.459332,1,1,1,5.9041,0.0366519,0.0532648,0.00351594,0.635055,0.744434
5383,1,-0.00398539,0.0563851,-0.457628,1,1,1,5.90439,0.0331613,0.0319589,0.00357437,0.849205,0.47373
5384,1,-0.00370936,0.0541037,-0.455477,1,1,1,5.90468,0.125664,0.039416,0.00364343,0.748523,0.721875
5385,1,-0.00344453,0.0518327,-0.452869,1,1,1,5.90496,0.0191986,0.0362201,0.00365836,0.758073,0.631641
5386,1,-0.00319084,0.0495743,-0.449796,1,1,1,5.90506,0.0558505,0.039416,0.00369205,0.700015,0.755713
5387,1,-0.00294875,0.0473356,-0.446259,1,1,1,5.90554,0.0418879,0.0362201,0.00369089,0.707968,0.631641
5388,1,-0.00271747,0.0451125,-0.44224,1,1,1,5.90563,0.0366519,0.0468731,0.0036875,0.563555,0.552686
5389,1,-0.00249745,0.0429127,-0.43774,1,1,1,5.90602,0.0471239,0.0340895,0.00364954,0.67273,0.563965
5390,1,-0.00228846,0.0407375,-0.432752,1,1,1,5.90611,0.0506145,0.0628525,0.00359972,0.323706,0.541406
5391,1,-0.00209015,0.0385871,-0.427262,1,1,1,5.90631,0.015708,0.0479384,0.00356505,0.457502,0.439893
5392,1,-0.00190254,0.0364658,-0.421268,1,1,1,5.90669,0.0959931,0.0479384,0.00350308,0.424068,0.349658
5393,1,-0.00172544,0.0343754,-0.41476,1,1,1,5.90678,0.0418879,0.050069,0.00341446,0.364134,0.417334
5394,1,-0.00155873,0.0323191,-0.407733,1,1,1,5.90698,0.0174533,0.0447425,0.00331799,0.385685,0.372217
5395,1,-0.00140219,0.0302989,-0.400178,1,1,1,5.90726,0.0680678,0.0213059,0.00331266,0.618995,0.507568
5396,1,-0.00125555,0.0283165,-0.392083,1,1,1,5.90746,0.015708,0.0521996,0.0032419,0.246579,0.293262
5397,1,-0.00111886,0.0263777,-0.383453,1,1,1,5.90755,0.0331613,0.0362201,0.00318885,0.392719,0.439893
5398,1,-0.000991715,0.024483,-0.374274,1,1,1,5.90765,0.00872665,0.0308936,0.00319543,0.430167,0.417334
5399,1,-0.000874022,0.0226371,-0.364546,1,1,1,5.90803,0.0139626,0.0223712,0.00315484,0.497219,0.406055
5400,1,-0.000765265,0.0208384,-0.35424,1,1,1,5.90803,0,0.0596566,0.0030874,0.057507,0.31582
5401,1,-0.000665462,0.0190942,-0.343372,1,1,1,5.90813,0,0.0234365,0.00308049,0.435095,0.541406
5402,1,-0.000574303,0.017407,-0.331936,1,1,1,5.90832,0.00174533,0.0117183,0.00306773,0.543172,0.496289
5403,1,-0.00049136,0.015777,-0.319905,1,1,1,5.90841,0.0331613,0.0159795,0.00304065,0.474373,0.372217
5404,1,-0.000416431,0.014209,-0.307284,1,1,1,5.90851,0.0174533,0.0223712,0.00300323,0.381619,0.417334
5405,1,-0.000349174,0.0127054,-0.294064,1,1,1,5.90861,0,0.0202406,0.00297237,0.384355,0.439893
5406,1,-0.000289262,0.0112693,-0.280236,1,1,1,5.9087,0.0296706,0.0330242,0.00296571,0.227147,0.530127
5407,1,-0.000236356,0.00990393,-0.265795,1,1,1,5.9088,-0.00872665,0.0362201,0.00291211,0.170163,0.439893
5408,1,-0.000190097,0.00861234,-0.250734,1,1,1,5.9088,0,0.00852238,0.00282825,0.45001,0.248145
5409,1,-0.000150103,0.00739759,-0.235044,1,1,1,5.90889,0.0453786,0.0255671,0.00280841,0.247177,0.406055
5410,1,-0.000115991,0.00626308,-0.218723,1,1,1,5.90899,0,0.0234365,0.00275144,0.251446,0.281982
5411,1,-8.73368e-05,0.00521151,-0.201755,1,1,1,5.90899,0,0.0127836,0.0027106,0.352705,0.3271
5412,1,-6.37297e-05,0.00424656,-0.18414,1,1,1,5.90909,0.0261799,0.0159795,0.002692,0.305718,0.383496
5413,1,-4.47239e-05,0.0033713,-0.165869,1,1,1,5.90918,0,0.0213059,0.00266166,0.234943,0.406055
5414,1,-2.98623e-05,0.002589,-0.146932,1,1,1,5.90918,0,0.00958767,0.00260745,0.349746,0.3271
5415,1,-1.86716e-05,0.00190298,-0.127322,1,1,1,5.90918,0,0.0447425,0.00255926,-0.048979,0.281982
5416,1,-1.06609e-05,0.00131652,-0.107026,1,1,1,5.90918,0,5.21845e-19,0.00255297,0.438019,0.281982
5417,1,-5.33184e-06,0.000833773,-0.0860666,1,1,1,5.90918,0.00349066,0.00213059,0.00253187,0.408828,0.360938
5418,1,-2.14932e-06,0.000457316,-0.0644036,1,1,1,5.90918,0.0261799,-0.00745708,0.00257795,0.518815,0.575244
5419,1,-5.75402e-07,0.000190927,-0.0420417,1,1,1,5.90928,0,-0.00213059,0.00257766,0.460077,0.47373
5420,1,-5.08908e-08,3.80922e-05,-0.0189699,1,1,1,5.90928,0,0.00745708,0.00252971,0.349673,0.417334
5421,1,0,0,0,1,1,1,5.90928,0,0.0223712,0.00252778,0.187583,0.3271
5422,1,0,0,0,1,1,1,5.90928,0.00523599,0.00852238,0.00249143,0.335122,0.270703
5423,1,0,0,0,1,1,1,5.90937,0,0.00958767,0.00243585,0.316068,0.428613
5424,1,0,0,0,1,1,1,5.90937,0,0.00426119,0.00239741,0.369585,0.31582
5425,1,0,0,0,1,1,1,5.90937,0,-0.00958767,0.00236346,0.517441,0.417334
5426,1,0,0,0,1,1,1,5.90937,0.0191986,0.00532648,0.00234443,0.350873,0.530127
5427,1,0,0,0,1,1,1,5.90937,0,0.0255671,0.00233855,0.127451,0.496289
5428,1,0,0,0,1,1,1,5.90947,-0.00872665,0.00639178,0.00233072,0.337346,0.3271
5429,1,0,0,0,1,1,1,5.90947,-0.00174533,0.00745708,0.00228529,0.319631,0.293262
5430,1,0,0,0,1,1,1,5.90947,0,0.00745708,0.00226525,0.316986,0.360938
5431,1,0,0,0,1,1,1,5.90947,0,0.00639178,0.00221919,0.322624,0.225586
5432,1,0,0,0,1,1,1,5.90947,0,0.00319589,0.00219657,0.354792,0.259424
5433,1,0,0,0,1,1,1,5.90947,0,0.00532648,0.00217453,0.328447,0.281982
5434,1,0,0,0,1,1,1,5.90947,0,0.0127836,0.00217405,0.246355,0.428613
5435,1,0,0,0,1,1,1,5.90947,0,0.00745708,0.0021962,0.307871,0.349658
5436,1,0,0,0,1,1,1,5.90957,0.00523599,0.0010653,0.00215452,0.372678,0.3271
5437,1,0,0,0,1,1,1,5.90947,0.0174533,0.00213059,0.0021302,0.35775,0.383496
5438,1,0,0,0,1,1,1,5.90947,-0.020944,0.00745708,0.00207876,0.292369,0.270703
5439,1,0,0,0,1,1,1,5.90947,0,0.0010653,0.00209579,0.364926,0.372217
5440,1,0,0,0,1,1,1,5.90957,0,-0.0010653,0.0020735,0.385421,0.349658
5441,1,0,0,0,1,1,1,5.90957,0,0.0149142,0.00204541,0.205939,0.214307
5442,1,0,0,0,1,1,1,5.90957,0.00872665,-0.00958767,0.00206041,0.477439,0.259424
5443,1,0,0,0,1,1,1,5.90957,0,-1.82646e-18,0.00204565,0.370026,0.338379
5444,1,0,0,0,1,1,1,5.90957,0,-1.10892e-18,0.00199603,0.363476,0.293262
5445,1,0,0,0,1,1,1,5.90957,0,-0.00213059,0.00192241,0.377194,0.203027
5446,1,0,0,0,1,1,1,5.90957,0.00698132,-0.00426119,0.00191626,0.39982,0.462451
5447,1,0,0,0,1,1,1,5.90957,0.00174533,-0.00426119,0.00191578,0.399757,0.417334
5448,1,0,0,0,1,1,1,5.90957,-0.0279253,2.60922e-19,0.0018872,0.349111,0.3271
5449,1,0,0,0,1,1,1,5.90957,0,0.00532648,0.0018624,0.287245,0.270703
5450,1,0,0,0,1,1,1,5.90957,0,0.0340895,0.00181001,-0.0360636,0.259424
5451,1,0,0,0,1,1,1,5.90957,-0.0122173,-0.00213059,0.00181384,0.362863,0.225586
5452,1,0,0,0,1,1,1,5.90957,0.00872665,0.00426119,0.00179298,0.2898,0.3271
5453,1,0,0,0,1,1,1,5.90957,0,-0.00745708,0.00178856,0.418117,0.349658
5454,1,0,0,0,1,1,1,5.90957,0,-0.00639178,0.00175977,0.402599,0.225586
5455,1,0,0,0,1,1,1,5.90957,0.00872665,0.0149142,0.00171688,0.162573,0.281982
5456,1,0,0,0,1,1,1,5.90957,0,0.00426119,0.00170331,0.277964,0.304541
5457,1,0,0,0,1,1,1,5.90957,0,-0.00958767,0.00173392,0.434342,0.293262
5458,1,0,0,0,1,1,1,5.90957,0.0174533,-0.0010653,0.00172335,0.339201,0.417334
5459,1,0,0,0,1,1,1,5.90957,0,0.00852238,0.00172131,0.233467,0.191748
5460,1,0,0,0,1,1,1,5.90957,0,0.010653,0.00169963,0.207169,0.270703
5461,1,0,0,0,1,1,1,5.90957,0,-0.00319589,0.00172707,0.363129,0.394775
5462,1,0,0,0,1,1,1,5.90957,0,-0.00426119,0.00173178,0.375468,0.304541
5463,1,0,0,0,1,1,1,5.90957,0,-0.010653,0.00175991,0.449491,0.338379
5464,1,0,0,0,1,1,1,5.90957,0,0.00639178,0.00175082,0.260799,0.360938
5465,1,0,0,0,1,1,1,5.90957,0,-1.36984e-18,0.00177659,0.33451,0.304541
5466,1,0,0,0,1,1,1,5.90957,0,0.0159795,0.00177126,0.158032,0.225586
5467,1,0,0,0,1,1,1,5.90957,-0.00872665,-0.0117183,0.00176346,0.461678,0.270703
5468,1,0,0,0,1,1,1,5.90957,0,0.00426119,0.00175268,0.284481,0.31582
5469,1,0,0,0,1,1,1,5.90957,0,0.00958767,0.00172587,0.22235,0.225586
5470,1,0,0,0,1,1,1,5.90957,0,-0.010653,0.00170458,0.442188,0.281982
5471,1,0,0,0,1,1,1,5.90957,0.00349066,-0.0010653,0.00169009,0.33481,0.225586
5472,1,0,0,0,1,1,1,5.90957,0,0,0.00168948,0.323011,0.281982
5473,1,0,0,0,1,1,1,5.90957,0,0.00213059,0.00168126,0.29849,0.259424
5474,1,0,0,0,1,1,1,5.90957,0,-0.0117183,0.00166882,0.449185,0.31582
5475,1,0,0,0,1,1,1,5.90966,0.0122173,-0.00319589,0.0016579,0.353998,0.360938
5476,1,0,0,0,1,1,1,5.90957,0,-0.0170448,0.00166426,0.507174,0.349658
5477,1,0,0,0,1,1,1,5.90966,0.0174533,0.0202406,0.00164095,0.0938681,0.3271
5478,1,0,0,0,1,1,1,5.90957,0,0.00745708,0.00162151,0.232012,0.31582
5479,1,0,0,0,1,1,1,5.90957,0,0.0138489,0.00162477,0.162132,0.293262
5480,1,0,0,0,1,1,1,5.90957,0,0.010653,0.00158173,0.191606,0.259424
5481,1,0,0,0,1,1,1,5.90957,0,-0.00426119,0.00157754,0.355109,0.31582
5482,1,0,0,0,1,1,1,5.90957,0,0.00532648,0.00160431,0.253178,0.462451
5483,1,0,0,0,1,1,1,5.90957,-0.0174533,-0.00213059,0.00155527,0.328732,0.191748
5484,1,0,0,0,1,1,1,5.90966,0.00698132,0.0010653,0.00153117,0.290396,0.293262
5485,1,0,0,0,1,1,1,5.90957,0.00872665,0.00532648,0.00149212,0.238368,0.191748
5486,1,0,0,0,1,1,1,5.90957,0,0.00639178,0.00146889,0.223584,0.383496
5487,1,0,0,0,1,1,1,5.90957,0,-0.0202406,0.00147774,0.517709,0.360938
5488,1,0,0,0,1,1,1,5.90957,-0.00872665,-0.00213059,0.00145678,0.315731,0.281982
5489,1,0,0,0,1,1,1,5.90957,0,0.00426119,0.00142107,0.240709,0.270703
5490,1,0,0,0,1,1,1,5.90957,0,0.0127836,0.00138656,0.142407,0.270703
5491,1,0,0,0,1,1,1,5.90957,0,0.0010653,0.00139785,0.272798,0.338379
5492,1,0,0,0,1,1,1,5.90957,0,-0.00213059,0.00140859,0.30937,0.259424
5493,1,0,0,0,1,1,1,5.90957,0,-0.0159795,0.00141996,0.463209,0.281982
5494,1,0,0,0,1,1,1,5.90957,0,0.00532648,0.00140439,0.226788,0.281982
5495,1,0,0,0,1,1,1,5.90957,0,0.00639178,0.00136882,0.210374,0.180469
5496,1,0,0,0,1,1,1,5.90957,0,-0.00213059,0.00136373,0.303449,0.293262
5497,1,0,0,0,1,1,1,5.90957,0,0.00958767,0.0013404,0.171468,0.270703
5498,1,0,0,0,1,1,1,5.90957,0,0.0010653,0.00132952,0.263778,0.225586
5499,1,0,0,0,1,1,1,5.90957,0,-0.0191753,0.00130086,0.482642,0.191748
5500,1,0,0,0,1,1,1,5.90957,0,-0.00745708,0.00133276,0.357953,0.31582
5501,1,0,0,0,1,1,1,5.90957,0,-0.0245018,0.00131073,0.542401,0.293262
5502,1,0,0,0,1,1,1,5.90957,-0.00872665,0.00639178,0.00134266,0.206922,0.360938
5503,1,0,0,0,1,1,1,5.90957,-0.00872665,0.00852238,0.0013478,0.184164,0.281982
5504,1,0,0,0,1,1,1,5.90966,0,0.00319589,0.00132563,0.239828,0.146631
5505,1,0,0,0,1,1,1,5.90966,0.00698132,0.00958767,0.00130915,0.167343,0.191748
5506,1,0,0,0,1,1,1,5.90957,0,0.00532648,0.00129885,0.212857,0.146631
5507,1,0,0,0,1,1,1,5.90957,0,0.00213059,0.00127595,0.244989,0.180469
5508,1,0,0,0,1,1,1,5.90957,0,-0.00532648,0.00130334,0.330632,0.214307
5509,1,0,0,0,1,1,1,5.90966,0,-0.0010653,0.00128496,0.281333,0.31582
5510,1,0,0,0,1,1,1,5.90966,0,0.0255671,0.00126142,-0.0147307,0.281982
5511,1,0,0,0,1,1,1,5.90957,-0.00872665,0.0170448,0.00122352,0.0740124,0.248145
5512,1,0,0,0,1,1,1,5.90957,0,-0.00958767,0.00119875,0.363699,0.180469
5513,1,0,0,0,1,1,1,5.90957,0,0.00213059,0.00122721,0.238556,0.236865
5514,1,0,0,0,1,1,1,5.90957,0,-0.010653,0.00120314,0.375998,0.248145
5515,1,0,0,0,1,1,1,5.90966,0.00872665,0.0117183,0.00118881,0.128021,0.31582
5516,1,0,0,0,1,1,1,5.90957,-0.00872665,1.04369e-18,0.00119032,0.257122,0.349658
5517,1,0,0,0,1,1,1,5.90957,0,-0.00532648,0.00116555,0.312444,0.259424
5518,1,0,0,0,1,1,1,5.90957,0,0.0010653,0.00114757,0.239762,0.203027
5519,1,0,0,0,1,1,1,5.90957,0,-0.00319589,0.00113312,0.284726,0.169189
5520,1,0,0,0,1,1,1,5.90957,0,-0.00213059,0.00114261,0.274261,0.191748
