index,/gimbal/yaw_sweep/active,/gimbal/yaw_sweep/target_offset,/gimbal/yaw_sweep/reference_velocity,/gimbal/yaw_sweep/reference_acceleration,/gimbal/yaw_sweep/feedforward_scale,/gimbal/yaw_sweep/remote_ready,/gimbal/yaw_sweep/right_switch,/gimbal/yaw/angle,/gimbal/yaw/velocity,/gimbal/yaw/velocity_imu,/gimbal/yaw/control_angle_error,/gimbal/yaw/control_torque,/gimbal/yaw/torque
3889,1,0,0,0,1,1,1,5.68263,0,0.00319589,-2.81672e-19,-0.135155,-0.710596
3890,1,0,0,0,1,1,1,5.68263,-0.00523599,-0.00852238,2.83517e-05,-0.0020882,-0.248145
3891,1,0,0,0,1,1,1,5.68292,-0.0506145,-0.00852238,4.42431e-05,0.000450986,-0.191748
3892,1,0,0,0,1,1,1,5.68292,0.0279253,-0.010653,9.79449e-07,0.0173535,-0.236865
3893,1,0,0,0,1,1,1,5.68302,0,0.00852238,-5.07647e-05,-0.200447,-0.180469
3894,1,0,0,0,1,1,1,5.68302,0,0.00426119,-0.000131081,-0.164176,-0.304541
3895,1,0,0,0,1,1,1,5.68311,0.0331613,0.0170448,-0.000208808,-0.315055,-0.203027
3896,1,0,0,0,1,1,1,5.68311,-0.0261799,0.00745708,-0.000233888,-0.212901,-0.248145
3897,1,0,0,0,1,1,1,5.68321,0.00523599,0.0223712,-0.000307894,-0.386726,-0.236865
3898,1,0,0,0,1,1,1,5.68321,0,0.0127836,-0.000347761,-0.286524,-0.214307
3899,1,0,0,0,1,1,1,5.68321,-0.00872665,-0.00319589,-0.000330971,-0.108418,-0.248145
3900,1,0,0,0,1,1,1,5.6833,0.0191986,0.00426119,-0.000316583,-0.188563,-0.15791
3901,1,0,0,0,1,1,1,5.6833,-0.00349066,0.0149142,-0.000347383,-0.30991,-0.169189
3902,1,0,0,0,1,1,1,5.6833,0,0.010653,-0.000348117,-0.263134,-0.203027
3903,1,0,0,0,1,1,1,5.6833,0,0.00319589,-0.000379132,-0.1852,-0.191748
3904,1,0,0,0,1,1,1,5.6833,0,-0.0127836,-0.000336489,-0.00338732,-0.135352
3905,1,0,0,0,1,1,1,5.6833,0,-0.0010653,-0.000327092,-0.130953,-0.146631
3906,1,0,0,0,1,1,1,5.6833,0,0.00319589,-0.00028971,-0.172684,-0.112793
3907,1,0,0,0,1,1,1,5.6833,0,0.00319589,-0.000305313,-0.175359,-0.191748
3908,1,0,0,0,1,1,1,5.6833,0,0.00852238,-0.000304039,-0.233769,-0.15791
3909,1,0,0,0,1,1,1,5.6833,0,0.0117183,-0.000330415,-0.272516,-0.146631
3910,1,0,0,0,1,1,1,5.6833,0,0.00213059,-0.00035741,-0.170615,-0.214307
3911,1,0,0,0,1,1,1,5.6833,0,-0.00532648,-0.000368129,-0.0897725,-0.225586
3912,1,0,0,0,1,1,1,5.6833,0,-0.010653,-0.000405764,-0.0363782,-0.169189
3913,1,0,0,0,1,1,1,5.6833,0,-0.00319589,-0.00040185,-0.117837,-0.214307
3914,1,0,0,0,1,1,1,5.6833,0,0.0223712,-0.000399001,-0.398553,-0.101514
3915,1,0,0,0,1,1,1,5.6833,0,-0.00852238,-0.000383646,-0.0567273,-0.146631
3916,1,0,0,0,1,1,1,5.6834,0,-0.0127836,-0.000381531,-0.00974289,-0.101514
3917,1,0,0,0,1,1,1,5.6834,0,-0.00426119,-0.000369204,-0.101862,-0.146631
3918,1,0,0,0,1,1,1,5.6834,0,-0.00319589,-0.000369464,-0.113614,-0.180469
3919,1,0,0,0,1,1,1,5.6834,0,-0.0234365,-0.000338339,0.113541,-0.214307
3920,1,0,0,0,1,1,1,5.6834,0,-0.0138489,-0.000348455,0.00649512,-0.101514
3921,1,0,0,0,1,1,1,5.6834,0,0.00426119,-0.000353879,-0.193585,-0.112793
3922,1,0,0,0,1,1,1,5.6834,0,0.0266324,-0.000398298,-0.445532,-0.112793
3923,1,0,0,0,1,1,1,5.6834,-0.00872665,0.00958767,-0.000441828,-0.263786,-0.146631
3924,1,0,0,0,1,1,1,5.6834,0,-0.00852238,-0.000387313,-0.0566457,-0.101514
3925,1,0,0,0,1,1,1,5.6834,0,-0.00745708,-0.00039392,-0.069706,-0.135352
3926,1,0,0,0,1,1,1,5.6834,0,-0.0117183,-0.000404839,-0.0245378,-0.169189
3927,1,0,0,0,1,1,1,5.6834,0.00349066,0.00213059,-0.000394096,-0.175457,-0.101514
3928,1,0,0,0,1,1,1,5.6834,0,-0.00319589,-0.000378245,-0.114516,-0.146631
3929,1,0,0,0,1,1,1,5.6834,0,-0.00745708,-0.000415102,-0.0727656,-0.101514
3930,1,0,0,0,1,1,1,5.6834,0,-0.00426119,-0.000408406,-0.107008,-0.112793
3931,1,0,0,0,1,1,1,5.6834,0,-0.00958767,-0.000405849,-0.0481076,-0.146631
3932,1,0,0,0,1,1,1,5.6834,0,0.00426119,-0.000401541,-0.199839,-0.0902344
3933,1,0,0,0,1,1,1,5.6834,0,-1.30461e-18,-0.000412638,-0.15429,-0.191748
3934,1,0,0,0,1,1,1,5.6834,0,0.00852238,-0.000442407,-0.252075,-0.191748
3935,1,0,0,0,1,1,1,5.6834,0,0.00958767,-0.000445077,-0.264002,-0.248145
3936,1,0,0,0,1,1,1,5.6834,0,0.00532648,-0.000463506,-0.219774,-0.146631
3937,1,0,0,0,1,1,1,5.6834,0,-0.00745708,-0.000455439,-0.07809,-0.146631
3938,1,0,0,0,1,1,1,5.6834,0,0.0117183,-0.000445929,-0.287764,-0.112793
3939,1,0,0,0,1,1,1,5.6834,0,-0.0127836,-0.000432575,-0.0164808,-0.180469
3940,1,0,0,0,1,1,1,5.6834,0,-0.00745708,-0.000484436,-0.0819177,-0.214307
3941,1,0,0,0,1,1,1,5.6834,0.0261799,-0.00213059,-0.000477896,-0.139646,-0.180469
3942,1,0,0,0,1,1,1,5.6834,-0.00872665,-0.00426119,-0.000461684,-0.113979,-0.225586
3943,1,0,0,0,1,1,1,5.6834,0.00872665,0.00639178,-0.000479895,-0.233656,-0.112793
3944,1,0,0,0,1,1,1,5.6834,-0.00523599,0.0149142,-0.000478721,-0.327247,-0.15791
3945,1,0,0,0,1,1,1,5.6834,0,0.00745708,-0.000487939,-0.246436,-0.214307
3946,1,0,0,0,1,1,1,5.6834,0,0.00213059,-0.00048591,-0.187577,-0.169189
3947,1,0,0,0,1,1,1,5.6834,0,0.0127836,-0.000494484,-0.305754,-0.124072
3948,1,0,0,0,1,1,1,5.6834,0,-0.00213059,-0.000518734,-0.145036,-0.146631
3949,1,0,0,0,1,1,1,5.6834,0,0.00852238,-0.000535302,-0.264406,-0.180469
3950,1,0,0,0,1,1,1,5.6834,0,0.00745708,-0.000515703,-0.249585,-0.225586
3951,1,0,0,0,1,1,1,5.6834,0,-0.00639178,-0.000567791,-0.104639,-0.169189
3952,1,0,0,0,1,1,1,5.6834,0,-0.00426119,-0.000531125,-0.123177,-0.225586
3953,1,0,0,0,1,1,1,5.6834,0,-0.0010653,-0.000523035,-0.157322,-0.180469
3954,1,0,0,0,1,1,1,5.6834,0,0.01811,-0.000550027,-0.371814,-0.214307
3955,1,0,0,0,1,1,1,5.6834,0,-0.00745708,-0.000591768,-0.0960855,-0.281982
3956,1,0,0,0,1,1,1,5.6834,0.00872665,-0.0213059,-0.000572377,0.0588116,-0.203027
3957,1,0,0,0,1,1,1,5.6834,0.0139626,0.0223712,-0.000577712,-0.422342,-0.146631
3958,1,0,0,0,1,1,1,5.6834,0,-1.696e-18,-0.000589374,-0.177797,-0.180469
3959,1,0,0,0,1,1,1,5.6834,0.00523599,0.010653,-0.000626451,-0.299874,-0.270703
3960,1,0,0,0,1,1,1,5.6834,0,0.010653,-0.000597141,-0.295881,-0.248145
3961,1,0,0,0,1,1,1,5.6834,-0.00698132,-0.0202406,-0.000602883,0.0430666,-0.248145
3962,1,0,0,0,1,1,1,5.6834,0.00523599,-0.0245018,-0.00056989,0.0944571,-0.180469
3963,1,0,0,0,1,1,1,5.6834,0,0.0170448,-0.000582268,-0.364352,-0.169189
3964,1,0,0,0,1,1,1,5.6834,0,0.0223712,-0.000594737,-0.424589,-0.146631
3965,1,0,0,0,1,1,1,5.6834,-0.015708,-0.00319589,-0.000603657,-0.144528,-0.146631
3966,1,0,0,0,1,1,1,5.6834,0.00523599,0.0202406,-0.000617842,-0.404202,-0.15791
3967,1,0,0,0,1,1,1,5.6834,-0.00872665,0.00958767,-0.0006293,-0.28834,-0.180469
3968,1,0,0,0,1,1,1,5.6834,0,3.26153e-19,-0.000643832,-0.184986,-0.169189
3969,1,0,0,0,1,1,1,5.6834,0,-0.00745708,-0.000661382,-0.105275,-0.180469
3970,1,0,0,0,1,1,1,5.6834,0,0.00213059,-0.000697276,-0.215477,-0.236865
3971,1,0,0,0,1,1,1,5.6834,0,0.00319589,-0.000693041,-0.226636,-0.112793
3972,1,0,0,0,1,1,1,5.6834,0,0.0213059,-0.000684738,-0.424608,-0.169189
3973,1,0,0,0,1,1,1,5.6834,-0.00174533,-0.0010653,-0.00071899,-0.183188,-0.146631
3974,1,0,0,0,1,1,1,5.6834,0,0.0255671,-0.000768896,-0.482733,-0.236865
3975,1,0,0,0,1,1,1,5.6834,-0.0174533,0.0138489,-0.000780036,-0.355302,-0.248145
3976,1,0,0,0,1,1,1,5.6834,0,0.00532648,-0.000787752,-0.262575,-0.248145
3977,1,0,0,0,1,1,1,5.6834,0,0.00639178,-0.000813662,-0.277713,-0.248145
3978,1,0,0,0,1,1,1,5.6834,0,0.00958767,-0.000805805,-0.311831,-0.191748
3979,1,0,0,0,1,1,1,5.6834,-0.00872665,-0.00639178,-0.000839002,-0.140439,-0.214307
3980,1,0,0,0,1,1,1,5.6834,0.00872665,0.0127836,-0.000857485,-0.353807,-0.191748
3981,1,0,0,0,1,1,1,5.6834,0,-0.0276977,-0.000849149,0.0925872,-0.293262
3982,1,0,0,0,1,1,1,5.6834,0.00174533,0.010653,-0.000865514,-0.33143,-0.169189
3983,1,0,0,0,1,1,1,5.6834,-0.00174533,-0.00852238,-0.000829259,-0.115716,-0.135352
3984,1,0,0,0,1,1,1,5.6834,0,0.00319589,-0.000826767,-0.244288,-0.146631
3985,1,0,0,0,1,1,1,5.6834,0,0.0159795,-0.000831209,-0.385494,-0.203027
3986,1,0,0,0,1,1,1,5.6834,0,-0.0010653,-0.000859478,-0.201733,-0.281982
3987,1,0,0,0,1,1,1,5.6834,0.00872665,-0.00852238,-0.000856054,-0.119253,-0.214307
3988,1,0,0,0,1,1,1,5.6833,-0.0261799,0.00426119,-0.000856725,-0.259961,-0.281982
3989,1,0,0,0,1,1,1,5.6834,0,0.0191753,-0.000832155,-0.420617,-0.214307
3990,1,0,0,0,1,1,1,5.6834,0,0.00319589,-0.000818509,-0.243175,-0.236865
3991,1,0,0,0,1,1,1,5.6834,0,-0.0010653,-0.000847554,-0.200159,-0.203027
3992,1,0,0,0,1,1,1,5.6834,-0.00872665,0.00745708,-0.000816133,-0.289757,-0.112793
3993,1,0,0,0,1,1,1,5.6834,-0.0244346,1.95692e-19,-0.000796557,-0.205083,-0.225586
3994,1,0,0,0,1,1,1,5.6834,0.0226893,6.52306e-20,-0.000818733,-0.208073,-0.259424
3995,1,0,0,0,1,1,1,5.6834,0,-0.0010653,-0.00086071,-0.201895,-0.236865
3996,1,0,0,0,1,1,1,5.6834,-0.00174533,-0.00745708,-0.000803769,-0.123797,-0.214307
3997,1,0,0,0,1,1,1,5.6834,0,0.00532648,-0.000844998,-0.270131,-0.191748
3998,1,0,0,0,1,1,1,5.6834,0,-4.56614e-19,-0.000862287,-0.213822,-0.236865
3999,1,0,0,0,1,1,1,5.6834,0,0.00319589,-0.000846909,-0.246947,-0.191748
4000,1,0,0,0,1,1,1,5.6834,0,-0.0127836,-0.000822393,-0.0679367,-0.112793
4001,1,0,0,0,1,1,1,5.6834,0,0.0127836,-0.000861346,-0.354317,-0.191748
4002,1,0,0,0,1,1,1,5.6833,-0.0383972,-0.00319589,-0.000844345,-0.176299,-0.191748
4003,1,0,0,0,1,1,1,5.6834,0,0.00958767,-0.000846081,-0.317147,-0.135352
4004,1,0,0,0,1,1,1,5.6834,0,1.5003e-18,-0.000856087,-0.213004,-0.214307
4005,1,0,0,0,1,1,1,5.6834,0,-0.0010653,-0.000889122,-0.205646,-0.135352
4006,1,0,0,0,1,1,1,5.6834,-0.0261799,-0.00319589,-0.0008865,-0.181863,-0.214307
4007,1,0,0,0,1,1,1,5.6834,0,0.0159795,-0.000893346,-0.393696,-0.191748
4008,1,0,0,0,1,1,1,5.6834,0,0.0202406,-0.0009065,-0.442305,-0.281982
4009,1,0,0,0,1,1,1,5.6834,-0.015708,0.00532648,-0.000942528,-0.283005,-0.248145
4010,1,0,0,0,1,1,1,5.6834,0.00872665,0.010653,-0.000937737,-0.340964,-0.259424
4011,1,0,0,0,1,1,1,5.6834,0,0.0138489,-0.000944645,-0.377031,-0.146631
4012,1,0,0,0,1,1,1,5.6834,0,0.0159795,-0.000943307,-0.40029,-0.214307
4013,1,0,0,0,1,1,1,5.6834,-0.00872665,-0.00532648,-0.000974042,-0.169982,-0.236865
4014,1,0,0,0,1,1,1,5.6834,0,-0.00213059,-0.00100275,-0.208926,-0.293262
4015,1,0,0,0,1,1,1,5.6834,0,-0.00745708,-0.000991356,-0.148831,-0.203027
4016,1,0,0,0,1,1,1,5.6834,0,0.00319589,-0.000967827,-0.262908,-0.214307
4017,1,0,0,0,1,1,1,5.6834,0,-0.00639178,-0.000936466,-0.153268,-0.203027
4018,1,0,0,0,1,1,1,5.6834,0,0.0117183,-0.00093694,-0.352577,-0.180469
4019,1,0,0,0,1,1,1,5.6834,-0.0191986,-6.52306e-20,-0.000971258,-0.228206,-0.428613
4020,1,0,0,0,1,1,1,5.6834,0.0418879,0.00639178,-0.000984148,-0.300217,-0.31582
4021,1,0,0,0,1,1,1,5.6834,-0.00349066,0.00319589,-0.000987112,-0.265454,-0.236865
4022,1,0,0,0,1,1,1,5.6834,0,1.43507e-18,-0.00099366,-0.231106,-0.304541
4023,1,0,0,0,1,1,1,5.6834,0,0.010653,-0.00100113,-0.349317,-0.31582
4024,1,0,0,0,1,1,1,5.6834,0,-0.0202406,-0.00101043,-0.0107297,-0.349658
4025,1,0,0,0,1,1,1,5.6834,0.0174533,-0.0170448,-0.00104359,-0.0502613,-0.372217
4026,1,0,0,0,1,1,1,5.6833,0,0.0117183,-0.00110096,-0.374228,-0.293262
4027,1,0,0,0,1,1,1,5.6834,0,-0.0010653,-0.00107852,-0.230646,-0.236865
4028,1,0,0,0,1,1,1,5.6834,0.010472,0.0010653,-0.00107466,-0.253573,-0.225586
4029,1,0,0,0,1,1,1,5.6834,0,-0.00213059,-0.00107478,-0.218434,-0.225586
4030,1,0,0,0,1,1,1,5.6834,-0.00872665,-0.0010653,-0.00107371,-0.230012,-0.293262
4031,1,0,0,0,1,1,1,5.6834,0,0.0127836,-0.00111639,-0.387983,-0.394775
4032,1,0,0,0,1,1,1,5.6833,0,-0.0117183,-0.00113933,-0.12149,-0.360938
4033,1,0,0,0,1,1,1,5.6834,0,0.0170448,-0.00117083,-0.442041,-0.293262
4034,1,0,0,0,1,1,1,5.6833,0,0.0138489,-0.00118614,-0.408908,-0.31582
4035,1,0,0,0,1,1,1,5.6834,-0.0244346,-0.0191753,-0.00112718,-0.0375383,-0.191748
4036,1,0,0,0,1,1,1,5.6834,0.0244346,0.0127836,-0.00114395,-0.39162,-0.248145
4037,1,0,0,0,1,1,1,5.6834,-0.00349066,-0.00958767,-0.00118032,-0.150338,-0.281982
4038,1,0,0,0,1,1,1,5.6834,0,-0.00639178,-0.00116639,-0.183655,-0.225586
4039,1,0,0,0,1,1,1,5.6834,0,0.0138489,-0.00116684,-0.406361,-0.259424
4040,1,0,0,0,1,1,1,5.6834,0,0.0127836,-0.00114277,-0.391465,-0.203027
4041,1,0,0,0,1,1,1,5.6834,-0.0244346,0.00532648,-0.00115798,-0.311444,-0.281982
4042,1,0,0,0,1,1,1,5.6834,0.0226893,0.0010653,-0.00112757,-0.26051,-0.214307
4043,1,0,0,0,1,1,1,5.6834,0,0.00852238,-0.00115137,-0.345727,-0.293262
4044,1,0,0,0,1,1,1,5.6834,-0.00174533,0.028763,-0.00118606,-0.572953,-0.383496
4045,1,0,0,0,1,1,1,5.6833,-0.00872665,0.0138489,-0.00117341,-0.407111,-0.180469
4046,1,0,0,0,1,1,1,5.6834,0,0.00426119,-0.00115859,-0.299807,-0.180469
4047,1,0,0,0,1,1,1,5.6834,0,-0.0010653,-0.0011411,-0.238907,-0.146631
4048,1,0,0,0,1,1,1,5.6834,-0.0366519,-0.00319589,-0.00113328,-0.214436,-0.225586
4049,1,0,0,0,1,1,1,5.6834,0.00174533,0.00745708,-0.00114779,-0.333537,-0.259424
4050,1,0,0,0,1,1,1,5.6833,-0.0191986,0.0117183,-0.00117318,-0.383761,-0.383496
4051,1,0,0,0,1,1,1,5.6833,0,-0.00532648,-0.00119544,-0.199207,-0.236865
4052,1,0,0,0,1,1,1,5.6834,0,0.00745708,-0.00118721,-0.338739,-0.248145
4053,1,0,0,0,1,1,1,5.6834,0,0.00319589,-0.00117429,-0.29016,-0.146631
4054,1,0,0,0,1,1,1,5.6834,0.0139626,-0.0245018,-0.00115605,0.0169211,-0.214307
4055,1,0,0,0,1,1,1,5.6834,0.0541052,0.00958767,-0.00118185,-0.361469,-0.259424
4056,1,0,0,0,1,1,1,5.6834,-0.0279253,-0.00426119,-0.00116786,-0.207285,-0.248145
4057,1,0,0,0,1,1,1,5.6834,0,0.00745708,-0.00120695,-0.341345,-0.281982
4058,1,0,0,0,1,1,1,5.6833,0,0.00319589,-0.00118981,-0.29221,-0.180469
4059,1,0,0,0,1,1,1,5.6834,-0.0296706,-0.00958767,-0.00117679,-0.149871,-0.270703
4060,1,0,0,0,1,1,1,5.6834,0.0226893,-0.00745708,-0.00117929,-0.173639,-0.225586
4061,1,0,0,0,1,1,1,5.6834,0,3.26153e-19,-0.00116306,-0.253524,-0.146631
4062,1,0,0,0,1,1,1,5.6834,0,0.00213059,-0.00119267,-0.28087,-0.191748
4063,1,0,0,0,1,1,1,5.6834,0,0.00852238,-0.00119658,-0.351694,-0.236865
4064,1,0,0,0,1,1,1,5.6834,0,0.0138489,-0.00121019,-0.412082,-0.338379
4065,1,0,0,0,1,1,1,5.6834,0,2.60922e-19,-0.00117895,-0.255622,-0.169189
4066,1,0,0,0,1,1,1,5.6834,0,0.00639178,-0.00120765,-0.329719,-0.349658
4067,1,0,0,0,1,1,1,5.6834,0.00872665,-0.00319589,-0.00119574,-0.222683,-0.236865
4068,1,0,0,0,1,1,1,5.6834,0,-0.0191753,-0.00117029,-0.0435501,-0.259424
4069,1,0,0,0,1,1,1,5.6834,0.00349066,0.00426119,-0.00120697,-0.306193,-0.203027
4070,1,0,0,0,1,1,1,5.6834,0,-0.0127836,-0.00117716,-0.114765,-0.180469
4071,1,0,0,0,1,1,1,5.6834,0,0.010653,-0.00122003,-0.378227,-0.236865
4072,1,0,0,0,1,1,1,5.6834,0,0.00319589,-0.00120513,-0.294232,-0.203027
4073,1,0,0,0,1,1,1,5.6834,-0.0191986,0.010653,-0.00121549,-0.377627,-0.259424
4074,1,0,0,0,1,1,1,5.6834,0.00872665,0.0191753,-0.00123546,-0.47401,-0.3271
4075,1,0,0,0,1,1,1,5.6834,-0.00174533,0.00426119,-0.00124585,-0.311326,-0.270703
4076,1,0,0,0,1,1,1,5.6834,0,-0.00319589,-0.00124669,-0.229409,-0.349658
4077,1,0,0,0,1,1,1,5.6834,0,0.00958767,-0.00122713,-0.367446,-0.135352
4078,1,0,0,0,1,1,1,5.6834,-0.0139626,0.00745708,-0.00127476,-0.350296,-0.349658
4079,1,0,0,0,1,1,1,5.6833,0,-0.00213059,-0.00127195,-0.244461,-0.259424
4080,1,0,0,0,1,1,1,5.6834,0,0.0127836,-0.00131544,-0.414257,-0.406055
4081,1,0,0,0,1,1,1,5.6834,0,0.00213059,-0.00135072,-0.301732,-0.248145
4082,1,0,0,0,1,1,1,5.6833,-0.00698132,0.0117183,-0.00131075,-0.401639,-0.31582
4083,1,0,0,0,1,1,1,5.6833,-0.0244346,0.0010653,-0.00133918,-0.288491,-0.383496
4084,1,0,0,0,1,1,1,5.6833,0.00698132,-0.0223712,-0.00131039,-0.0268876,-0.383496
4085,1,0,0,0,1,1,1,5.6834,0.0279253,0.0202406,-0.0013083,-0.495342,-0.236865
4086,1,0,0,0,1,1,1,5.6833,-0.0279253,-0.00639178,-0.00135671,-0.208777,-0.372217
4087,1,0,0,0,1,1,1,5.6834,0.0279253,0.00958767,-0.00133717,-0.381971,-0.270703
4088,1,0,0,0,1,1,1,5.6834,-0.00872665,-0.0127836,-0.00135211,-0.137859,-0.31582
4089,1,0,0,0,1,1,1,5.6834,0.0401426,-0.00213059,-0.00133658,-0.252992,-0.248145
4090,1,0,0,0,1,1,1,5.6833,-0.0401426,-0.00532648,-0.00133642,-0.217816,-0.338379
4091,1,0,0,0,1,1,1,5.6834,0.0122173,0.00426119,-0.00133058,-0.32251,-0.270703
4092,1,0,0,0,1,1,1,5.6833,-0.00872665,0.0170448,-0.00139458,-0.471577,-0.518848
4093,1,0,0,0,1,1,1,5.6833,0.0174533,0.0213059,-0.00140837,-0.52027,-0.293262
4094,1,0,0,0,1,1,1,5.6833,-0.0226893,0.010653,-0.00137918,-0.399234,-0.360938
4095,1,0,0,0,1,1,1,5.6833,-0.00523599,-0.00532648,-0.00138186,-0.223814,-0.293262
4096,1,0,0,0,1,1,1,5.6833,0.00872665,0.00426119,-0.00139847,-0.331471,-0.360938
4097,1,0,0,0,1,1,1,5.6833,0,0.0010653,-0.00140466,-0.297133,-0.293262
4098,1,0,0,0,1,1,1,5.6833,0,0.00319589,-0.00141213,-0.321556,-0.281982
4099,1,0,0,0,1,1,1,5.6833,0,0.0010653,-0.00145,-0.303118,-0.270703
4100,1,0,0,0,1,1,1,5.6833,-0.0296706,0.0213059,-0.00146214,-0.527368,-0.372217
4101,1,0,0,0,1,1,1,5.6833,-0.0139626,0.0159795,-0.00146966,-0.469769,-0.31582
4102,1,0,0,0,1,1,1,5.6833,0.00872665,0.00319589,-0.00151524,-0.335166,-0.406055
4103,1,0,0,0,1,1,1,5.6833,0.00872665,-0.00426119,-0.00151462,-0.253056,-0.338379
4104,1,0,0,0,1,1,1,5.6833,0,-0.010653,-0.0015112,-0.182296,-0.349658
4105,1,0,0,0,1,1,1,5.6834,0.0122173,0.00532648,-0.00154365,-0.362354,-0.31582
4106,1,0,0,0,1,1,1,5.6833,-0.00872665,0.00639178,-0.00156339,-0.376678,-0.360938
4107,1,0,0,0,1,1,1,5.6833,-0.00872665,0.00745708,-0.00160135,-0.393406,-0.338379
4108,1,0,0,0,1,1,1,5.6833,0,0.0010653,-0.00163114,-0.327029,-0.281982
4109,1,0,0,0,1,1,1,5.6833,0,-0.00852238,-0.00159772,-0.217152,-0.338379
4110,1,0,0,0,1,1,1,5.6834,0,-0.00426119,-0.00161036,-0.265694,-0.338379
4111,1,0,0,0,1,1,1,5.6833,0.015708,-0.00639178,-0.00161573,-0.242967,-0.383496
4112,1,0,0,0,1,1,1,5.6833,-0.00523599,-0.0117183,-0.00163431,-0.186828,-0.451172
4113,1,0,0,0,1,1,1,5.6833,0.0191986,0.0191753,-0.00166315,-0.530464,-0.383496
4114,1,0,0,0,1,1,1,5.6833,-0.00872665,-0.0170448,-0.00168542,-0.134983,-0.530127
4115,1,0,0,0,1,1,1,5.6834,0.0488692,0.0010653,-0.00170038,-0.336169,-0.281982
4116,1,0,0,0,1,1,1,5.6833,-0.0558505,-0.00532648,-0.00172535,-0.269155,-0.428613
4117,1,0,0,0,1,1,1,5.6833,0.0436332,0.0127836,-0.00173911,-0.470182,-0.281982
4118,1,0,0,0,1,1,1,5.68321,-0.0471239,0.0138489,-0.001717,-0.478982,-0.270703
4119,1,0,0,0,1,1,1,5.6833,-0.0261799,-0.00319589,-0.00175189,-0.296095,-0.496289
4120,1,0,0,0,1,1,1,5.68321,0.0279253,-0.00213059,-0.00172884,-0.30477,-0.3271
4121,1,0,0,0,1,1,1,5.68321,-0.0279253,0.00745708,-0.00175499,-0.413687,-0.462451
4122,1,0,0,0,1,1,1,5.6833,0.0331613,-0.00213059,-0.00178524,-0.312215,-0.518848
4123,1,0,0,0,1,1,1,5.6833,0.0174533,0.00852238,-0.00180558,-0.432082,-0.304541
4124,1,0,0,0,1,1,1,5.68321,-0.0296706,-0.0191753,-0.00177484,-0.12335,-0.281982
4125,1,0,0,0,1,1,1,5.6833,0,-0.0010653,-0.00180418,-0.326434,-0.47373
4126,1,0,0,0,1,1,1,5.6833,0.0139626,0.0117183,-0.00182954,-0.470401,-0.428613
4127,1,0,0,0,1,1,1,5.6833,-0.00872665,0.00852238,-0.00181737,-0.433639,-0.281982
4128,1,0,0,0,1,1,1,5.6833,0,0.00319589,-0.00181014,-0.374093,-0.338379
4129,1,0,0,0,1,1,1,5.6833,0,0.0149142,-0.00185187,-0.508502,-0.439893
4130,1,0,0,0,1,1,1,5.68321,-0.00523599,-0.0149142,-0.00186802,-0.182523,-0.439893
4131,1,0,0,0,1,1,1,5.6833,0,0.00745708,-0.00185332,-0.426666,-0.3271
4132,1,0,0,0,1,1,1,5.6833,0,-0.010653,-0.00181556,-0.222471,-0.338379
4133,1,0,0,0,1,1,1,5.6833,0,0.0010653,-0.00184009,-0.354611,-0.31582
4134,1,0,0,0,1,1,1,5.6833,0,0.0117183,-0.00185053,-0.473171,-0.349658
4135,1,0,0,0,1,1,1,5.6833,0,0.010653,-0.00182407,-0.45796,-0.293262
4136,1,0,0,0,1,1,1,5.6833,-0.00174533,0.0234365,-0.00185905,-0.603197,-0.451172
4137,1,0,0,0,1,1,1,5.68321,0.00698132,-0.00639178,-0.00185524,-0.274582,-0.259424
4138,1,0,0,0,1,1,1,5.6833,0,-0.0223712,-0.00183657,-0.0963435,-0.248145
4139,1,0,0,0,1,1,1,5.6833,0.0174533,0.00745708,-0.00186522,-0.428237,-0.338379
4140,1,0,0,0,1,1,1,5.68321,-0.0331613,-0.00319589,-0.00187762,-0.312691,-0.48501
4141,1,0,0,0,1,1,1,5.6833,0.00349066,-0.0117183,-0.00190227,-0.222199,-0.338379
4142,1,0,0,0,1,1,1,5.68321,-0.0139626,-0.00639178,-0.00189621,-0.27999,-0.338379
4143,1,0,0,0,1,1,1,5.6833,0,0.0159795,-0.00191391,-0.52841,-0.338379
4144,1,0,0,0,1,1,1,5.6833,0,-0.00532648,-0.00195027,-0.298844,-0.428613
4145,1,0,0,0,1,1,1,5.68321,0.00872665,-0.0117183,-0.00197624,-0.231963,-0.518848
4146,1,0,0,0,1,1,1,5.68321,0,0.00958767,-0.00200077,-0.469566,-0.3271
4147,1,0,0,0,1,1,1,5.68321,-0.015708,0.0213059,-0.00203624,-0.603149,-0.383496
4148,1,0,0,0,1,1,1,5.68321,0,0.0159795,-0.00205569,-0.547126,-0.518848
4149,1,0,0,0,1,1,1,5.68321,0,0.0149142,-0.0020903,-0.539975,-0.417334
4150,1,0,0,0,1,1,1,5.68321,0,0.0127836,-0.00207696,-0.514778,-0.406055
4151,1,0,0,0,1,1,1,5.68321,-0.0244346,0.0170448,-0.00208248,-0.562379,-0.304541
4152,1,0,0,0,1,1,1,5.68321,0.00872665,0.01811,-0.00211709,-0.578667,-0.451172
4153,1,0,0,0,1,1,1,5.68321,-0.00872665,0.0010653,-0.00215934,-0.396752,-0.48501
4154,1,0,0,0,1,1,1,5.68321,0.015708,0.0170448,-0.00217265,-0.574282,-0.406055
4155,1,0,0,0,1,1,1,5.68321,-0.0139626,0.0149142,-0.00218184,-0.552059,-0.417334
4156,1,0,0,0,1,1,1,5.68321,0.010472,-0.00745708,-0.00217903,-0.305604,-0.48501
4157,1,0,0,0,1,1,1,5.68321,0.020944,0.0117183,-0.00218108,-0.516804,-0.428613
4158,1,0,0,0,1,1,1,5.68321,-0.0261799,0.00426119,-0.00220175,-0.437504,-0.47373
4159,1,0,0,0,1,1,1,5.68321,0,-0.0149142,-0.00218946,-0.224953,-0.428613
4160,1,0,0,0,1,1,1,5.68321,0,0.0010653,-0.00222069,-0.404849,-0.406055
4161,1,0,0,0,1,1,1,5.68321,-0.00523599,-0.0127836,-0.00222148,-0.252616,-0.417334
4162,1,0,0,0,1,1,1,5.68321,0,0.00852238,-0.00225113,-0.490896,-0.406055
4163,1,0,0,0,1,1,1,5.68321,0,-0.00426119,-0.0022579,-0.35117,-0.394775
4164,1,0,0,0,1,1,1,5.68321,0,-0.0010653,-0.00226503,-0.387265,-0.372217
4165,1,0,0,0,1,1,1,5.68321,0,0.0127836,-0.00228805,-0.542642,-0.417334
4166,1,0,0,0,1,1,1,5.68321,-0.00872665,-0.0234365,-0.00228802,-0.144217,-0.3271
4167,1,0,0,0,1,1,1,5.68321,0.0314159,-0.0010653,-0.00226224,-0.386897,-0.383496
4168,1,0,0,0,1,1,1,5.68321,-0.020944,0.00426119,-0.00225395,-0.444395,-0.383496
4169,1,0,0,0,1,1,1,5.68321,0,0.0117183,-0.00230507,-0.53317,-0.417334
4170,1,0,0,0,1,1,1,5.68311,-0.0261799,-0.00426119,-0.00232434,-0.35994,-0.47373
4171,1,0,0,0,1,1,1,5.68321,0,0.00213059,-0.00231958,-0.429622,-0.360938
4172,1,0,0,0,1,1,1,5.68321,-0.010472,0.0234365,-0.00228904,-0.659956,-0.383496
4173,1,0,0,0,1,1,1,5.68321,-0.0558505,0.00213059,-0.00231196,-0.428615,-0.360938
4174,1,0,0,0,1,1,1,5.68321,0.0191986,0.00319589,-0.00230196,-0.439014,-0.428613
4175,1,0,0,0,1,1,1,5.68321,-0.00523599,-0.00532648,-0.0023158,-0.347094,-0.451172
4176,1,0,0,0,1,1,1,5.68321,0,-0.010653,-0.002306,-0.28721,-0.417334
4177,1,0,0,0,1,1,1,5.68321,0,0.00958767,-0.00233419,-0.513577,-0.451172
4178,1,0,0,0,1,1,1,5.68321,0,0.0117183,-0.00235021,-0.539128,-0.451172
4179,1,0,0,0,1,1,1,5.68321,0,-0.00532648,-0.00238608,-0.356371,-0.48501
4180,1,0,0,0,1,1,1,5.68321,0,-0.00639178,-0.00237599,-0.343322,-0.406055
4181,1,0,0,0,1,1,1,5.68321,0,0.0191753,-0.00238736,-0.626061,-0.338379
4182,1,0,0,0,1,1,1,5.68321,-0.0279253,0.0010653,-0.00241228,-0.430139,-0.552686
4183,1,0,0,0,1,1,1,5.68321,0.0191986,-0.00532648,-0.0023753,-0.354948,-0.406055
4184,1,0,0,0,1,1,1,5.68321,0,-0.0010653,-0.00237408,-0.40166,-0.439893
4185,1,0,0,0,1,1,1,5.68321,0.00872665,-0.00213059,-0.00244236,-0.398955,-0.552686
4186,1,0,0,0,1,1,1,5.68311,0,0.00745708,-0.00243241,-0.503107,-0.31582
4187,1,0,0,0,1,1,1,5.68311,-0.0349066,0.0170448,-0.00248048,-0.614915,-0.349658
4188,1,0,0,0,1,1,1,5.68311,-0.0226893,0.0138489,-0.00245622,-0.576558,-0.417334
4189,1,0,0,0,1,1,1,5.68321,-0.0628319,-0.00426119,-0.00247418,-0.379719,-0.47373
4190,1,9.92316e-08,5.93936e-05,0.0236396,1,1,1,5.68311,0.0436332,-0.0255671,-0.00247741,-0.141699,-0.417334
4191,1,7.87945e-07,0.000235204,0.0465676,1,1,1,5.68321,0.00349066,0.01811,-0.00247708,-0.616691,-0.428613
4192,1,2.63931e-06,0.000523882,0.0687899,1,1,1,5.68311,-0.0226893,-0.00958767,-0.00247767,-0.305392,-0.439893
4193,1,6.20917e-06,0.000921948,0.0903151,1,1,1,5.68321,0.00523599,-0.00213059,-0.00246128,-0.377309,-0.462451
4194,1,1.20352e-05,0.00142588,0.111148,1,1,1,5.68321,0.0226893,-0.0170448,-0.00248056,-0.206644,-0.293262
4195,1,2.06384e-05,0.00203226,0.131297,1,1,1,5.68321,0.00523599,-0.0117183,-0.00245107,-0.251027,-0.428613
4196,1,3.25241e-05,0.00273778,0.150771,1,1,1,5.68321,0.00523599,-0.00532648,-0.00247801,-0.313452,-0.451172
4197,1,4.81752e-05,0.00353885,0.169572,1,1,1,5.68321,0.0383972,-0.00639178,-0.00245737,-0.286489,-0.451172
4198,1,6.80646e-05,0.00443231,0.187712,1,1,1,5.68321,0,-0.00213059,-0.00247025,-0.321498,-0.428613
4199,1,9.26477e-05,0.00541491,0.205199,1,1,1,5.68321,0.0174533,0.01811,-0.00241877,-0.522698,-0.270703
4200,1,0.000122356,0.00648321,0.222035,1,1,1,5.6833,0,-0.00319589,-0.00237835,-0.267551,-0.225586
4201,1,0.000157616,0.00763414,0.238231,1,1,1,5.68321,0,0.00639178,-0.00233507,-0.350848,-0.31582
4202,1,0.000198834,0.00886459,0.253796,1,1,1,5.6833,0.015708,0.01811,-0.00229109,-0.456597,-0.270703
4203,1,0.000246391,0.0101711,0.268732,1,1,1,5.6833,0,0.01811,-0.00225344,-0.433436,-0.191748
4204,1,0.000300668,0.0115509,0.283049,1,1,1,5.6833,0.00523599,0.00958767,-0.00221059,-0.31503,-0.31582
4205,1,0.000362011,0.0130005,0.296753,1,1,1,5.6833,0,0.0159795,-0.00220107,-0.364305,-0.360938
4206,1,0.000430782,0.0145173,0.309854,1,1,1,5.6833,0.010472,-0.00639178,-0.00214918,-0.0908552,-0.270703
4207,1,0.000507299,0.0160982,0.322358,1,1,1,5.6833,0,0.0191753,-0.00211932,-0.34693,-0.214307
4208,1,0.000591871,0.01774,0.334271,1,1,1,5.6833,0,-0.0340895,-0.00203869,0.271518,-0.248145
4209,1,0.000684797,0.0194399,0.3456,1,1,1,5.6834,0.0226893,0.00852238,-0.00191165,-0.157214,-0.124072
4210,1,0.000786362,0.0211951,0.356353,1,1,1,5.6834,0,0.00639178,-0.00183152,-0.10053,-0.146631
4211,1,0.000896845,0.0230027,0.366538,1,1,1,5.6834,0,0.0117183,-0.00171544,-0.119587,-0.0902344
4212,1,0.00101647,0.0248595,0.37616,1,1,1,5.6834,0,0.00532648,-0.00163149,-0.014366,-0.101514
4213,1,0.0011455,0.0267631,0.385228,1,1,1,5.6834,0,0.0159795,-0.00154142,-0.0949261,-0.101514
4214,1,0.00128416,0.0287107,0.393749,1,1,1,5.6834,0,0.0149142,-0.00146538,-0.0480351,-0.0902344
4215,1,0.00143268,0.0306997,0.401731,1,1,1,5.68349,0.010472,-0.00319589,-0.00133476,0.194482,-0.0563965
4216,1,0.00159123,0.0327272,0.409179,1,1,1,5.68349,0.0174533,-0.00745708,-0.00119613,0.286902,-0.0338379
4217,1,0.00176002,0.0347908,0.416102,1,1,1,5.68349,0,-3.26153e-19,-0.00106728,0.249675,0
4218,1,0.00193919,0.0368873,0.422506,1,1,1,5.68359,0.00698132,0.00426119,-0.000883302,0.256334,0.0676758
4219,1,0.00212891,0.0390145,0.428399,1,1,1,5.68369,0,0.0010653,-0.000723682,0.341553,0.101514
4220,1,0.00232937,0.0411704,0.433788,1,1,1,5.68369,0.0174533,0.0404813,-0.000619092,-0.0491292,0.101514
4221,1,0.00254068,0.0433518,0.438681,1,1,1,5.68378,0.00872665,0.0159795,-0.000455342,0.271211,0.180469
4222,1,0.00276293,0.0455563,0.443084,1,1,1,5.68388,0.0279253,0.0298283,-0.000318453,0.167078,0.15791
4223,1,0.00299626,0.0477817,0.447004,1,1,1,5.68407,0.0174533,0.0415466,-0.000183234,0.0865148,0.259424
4224,1,0.00324081,0.0500259,0.45045,1,1,1,5.68417,0.0331613,0.0351548,-0.000125709,0.193408,0.169189
4225,1,0.00349657,0.0522857,0.453427,1,1,1,5.68426,0.0418879,0.0521996,-2.49554e-05,0.0494969,0.248145
4226,1,0.00376368,0.0545593,0.455943,1,1,1,5.68445,0.0279253,0.0223712,4.46042e-05,0.415675,0.180469
4227,1,0.00404221,0.0568445,0.458006,1,1,1,5.68465,0.0698132,0.0213059,0.000128205,0.468376,0.135352
4228,1,0.00433214,0.0591386,0.459623,1,1,1,5.68484,0.0628319,0.0266324,0.000250023,0.45717,0.304541
4229,1,0.00463353,0.0614395,0.4608,1,1,1,5.68512,0.0471239,0.068179,0.000278892,0.0340131,0.281982
4230,1,0.00494653,0.0637458,0.461545,1,1,1,5.68522,0.0244346,0.0532648,0.000313141,0.232096,0.214307
4231,1,0.00527103,0.0660545,0.461866,1,1,1,5.6857,0.0610865,0.0404813,0.00038009,0.411264,0.15791
4232,1,0.00560709,0.0683639,0.461768,1,1,1,5.6858,0.0541052,0.0628525,0.000393043,0.196258,0.214307
4233,1,0.00595465,0.0706714,0.461261,1,1,1,5.68618,0.0401426,0.0809626,0.000376025,0.0234483,0.101514
4234,1,0.00631376,0.0729755,0.46035,1,1,1,5.68637,0.0663225,0.057526,0.00040448,0.313778,0.135352
4235,1,0.0066844,0.0752743,0.459043,1,1,1,5.68695,0.0733038,0.0660484,0.000395715,0.247365,0.191748
4236,1,0.00706653,0.0775656,0.457348,1,1,1,5.68714,0.0366519,0.0756361,0.000417686,0.173776,0.15791
4237,1,0.00746,0.0798469,0.455271,1,1,1,5.68762,0.0715585,0.0660484,0.000414815,0.307026,0.146631
4238,1,0.00786499,0.0821177,0.452819,1,1,1,5.6879,0.0837758,0.0628525,0.000437505,0.374277,0.259424
4239,1,0.00828118,0.0843746,0.45,1,1,1,5.68838,0.0802851,0.078832,0.000442288,0.22753,0.191748
4240,1,0.0087087,0.086617,0.446822,1,1,1,5.68867,0.0767945,0.0884196,0.000439267,0.149444,0.180469
4241,1,0.00914737,0.0888425,0.44329,1,1,1,5.68925,0.0733038,0.0692443,0.000461015,0.390736,0.135352
4242,1,0.00959707,0.0910492,0.439413,1,1,1,5.68963,0.141372,0.0798973,0.000471985,0.302481,0.214307
4243,1,0.0100575,0.0932344,0.4352,1,1,1,5.69011,0.0750492,0.0767014,0.000462086,0.36298,0.146631
4244,1,0.0105303,0.0954047,0.430642,1,1,1,5.69049,0.102974,0.096942,0.000444878,0.164727,0.191748
4245,1,0.0110114,0.0975403,0.425784,1,1,1,5.69107,0.0698132,0.0958767,0.000428463,0.199668,0.0789551
4246,1,0.0115044,0.0996564,0.420596,1,1,1,5.69145,0.132645,0.113987,0.000420289,0.0249421,0.225586
4247,1,0.012008,0.101746,0.415099,1,1,1,5.69193,0.0750492,0.0980073,0.000413826,0.22496,0.146631
4248,1,0.012522,0.103808,0.409298,1,1,1,5.69241,0.116937,0.100138,0.000428788,0.228761,0.135352
4249,1,0.013046,0.105838,0.403205,1,1,1,5.69308,0.0977384,0.100138,0.00045325,0.257071,0.236865
4250,1,0.0135801,0.107838,0.396823,1,1,1,5.69347,0.102974,0.116117,0.000439598,0.103785,0.214307
4251,1,0.0141243,0.109806,0.39016,1,1,1,5.69394,0.0680678,0.10866,0.000459981,0.212057,0.101514
4252,1,0.0146786,0.111741,0.383217,1,1,1,5.69442,0.13439,0.104399,0.000501745,0.288608,0.112793
4253,1,0.0152416,0.113638,0.376019,1,1,1,5.69519,0.10472,0.0926808,0.00053982,0.446078,0.270703
4254,1,0.0158145,0.115499,0.368556,1,1,1,5.69557,0.111701,0.12677,0.000543784,0.0946796,0.293262
4255,1,0.0163965,0.117323,0.360842,1,1,1,5.69625,0.106465,0.10653,0.000553387,0.340353,0.406055
4256,1,0.016988,0.119108,0.352878,1,1,1,5.69673,0.0890118,0.0990726,0.000617169,0.453559,0.304541
4257,1,0.0175875,0.120851,0.344686,1,1,1,5.69768,0.155334,0.127836,0.000593897,0.155131,0.304541
4258,1,0.0181961,0.122554,0.336258,1,1,1,5.69797,0.0366519,0.135293,0.000572912,0.090412,0.203027
4259,1,0.0188135,0.124215,0.3276,1,1,1,5.69874,0.143117,0.116117,0.000547353,0.317111,0.270703
4260,1,0.0194385,0.125831,0.318735,1,1,1,5.69931,0.123918,0.14488,0.000488473,0.0116504,0.203027
4261,1,0.0200713,0.127401,0.309665,1,1,1,5.69998,0.111701,0.118248,0.000444932,0.315982,0.191748
4262,1,0.0207126,0.128927,0.300381,1,1,1,5.70046,0.111701,0.154468,0.000377322,-0.0743312,0.101514
4263,1,0.0213605,0.130404,0.290916,1,1,1,5.70123,0.113446,0.148076,0.000317385,0.00407003,0.203027
4264,1,0.022016,0.131835,0.281258,1,1,1,5.70171,0.113446,0.134227,0.000320808,0.173187,0.135352
4265,1,0.0226791,0.133217,0.271413,1,1,1,5.70238,0.120428,0.116117,0.000343166,0.391378,0.180469
4266,1,0.0233486,0.13455,0.261401,1,1,1,5.70286,0.122173,0.133162,0.000384737,0.225685,0.248145
4267,1,0.0240245,0.135831,0.251224,1,1,1,5.70372,0.118682,0.123574,0.000486804,0.361187,0.417334
4268,1,0.0247068,0.137062,0.240888,1,1,1,5.7043,0.132645,0.103334,0.000569755,0.610359,0.406055
4269,1,0.0253947,0.138239,0.230408,1,1,1,5.70507,0.144862,0.103334,0.000739098,0.64977,0.518848
4270,1,0.0260887,0.139365,0.219777,1,1,1,5.70564,0.16057,0.134227,0.000822561,0.33615,0.507568
4271,1,0.0267881,0.140436,0.209012,1,1,1,5.70612,0.0680678,0.138489,0.00090401,0.314147,0.417334
4272,1,0.0274935,0.141455,0.198104,1,1,1,5.7067,0.179769,0.133162,0.00093555,0.389513,0.360938
4273,1,0.0282027,0.142418,0.187094,1,1,1,5.70727,0.0942478,0.12464,0.000979451,0.501462,0.31582
4274,1,0.0289176,0.143326,0.175951,1,1,1,5.70785,0.176278,0.135293,0.00106919,0.408706,0.496289
4275,1,0.0296362,0.144177,0.16471,1,1,1,5.70861,0.10472,0.134227,0.00123164,0.45499,0.755713
4276,1,0.0303592,0.144973,0.153366,1,1,1,5.70919,0.0907571,0.137423,0.00134802,0.447166,0.631641
4277,1,0.0310854,0.14571,0.141937,1,1,1,5.70976,0.0977384,0.129966,0.0014315,0.550752,0.563965
4278,1,0.0318157,0.146391,0.130413,1,1,1,5.71034,0.16057,0.118248,0.00156156,0.707601,0.665479
4279,1,0.0325492,0.147014,0.11881,1,1,1,5.7112,0.13439,0.111856,0.00167381,0.802808,0.744434
4280,1,0.0332862,0.14758,0.107127,1,1,1,5.71168,0.113446,0.127836,0.00177573,0.649813,0.778271
4281,1,0.0340256,0.148086,0.0953845,1,1,1,5.71235,0.13439,0.117183,0.00187129,0.788006,0.609082
4282,1,0.0347672,0.148534,0.0835874,1,1,1,5.71293,0.143117,0.116117,0.0019781,0.821745,0.609082
4283,1,0.0355101,0.148922,0.071751,1,1,1,5.71379,0.162316,0.138489,0.00208326,0.597507,0.710596
4284,1,0.0362561,0.149251,0.0598529,1,1,1,5.71427,0.109956,0.150207,0.00211331,0.478301,0.586523
4285,1,0.0370025,0.14952,0.0479342,1,1,1,5.71504,0.15708,0.140619,0.00215868,0.594587,0.710596
4286,1,0.0377507,0.14973,0.0359772,1,1,1,5.71571,0.141372,0.139554,0.00220906,0.617704,0.755713
4287,1,0.0384998,0.14988,0.0240001,1,1,1,5.71648,0.113446,0.152337,0.00220844,0.480396,0.665479
4288,1,0.0392494,0.14997,0.0120084,1,1,1,5.71695,0.141372,0.158729,0.00226119,0.420181,0.766992
4289,1,0.0399994,0.15,8.9616e-06,1,1,1,5.71782,0.101229,0.140619,0.00229558,0.625992,0.699316
4290,1,0.0407498,0.14997,-0.0119956,1,1,1,5.71849,0.191986,0.156599,0.00228895,0.450367,0.676758
4291,1,0.0414995,0.14988,-0.0239889,1,1,1,5.71916,0.0925025,0.164056,0.00231932,0.37292,0.597803
4292,1,0.042248,0.14973,-0.0359571,1,1,1,5.71983,0.171042,0.131032,0.00234543,0.738831,0.428613
4293,1,0.0429961,0.149521,-0.0479117,1,1,1,5.72069,0.185005,0.134227,0.00244433,0.717072,0.676758
4294,1,0.0437431,0.149251,-0.0598399,1,1,1,5.72136,0.13439,0.156599,0.00247286,0.473578,0.563965
4295,1,0.0444891,0.148922,-0.0717383,1,1,1,5.72213,0.132645,0.141684,0.0024578,0.632199,0.597803
4296,1,0.0452328,0.148534,-0.0835872,1,1,1,5.72271,0.146608,0.152337,0.00253309,0.522874,0.631641
4297,1,0.0459739,0.148087,-0.0953767,1,1,1,5.72376,0.102974,0.152337,0.00246161,0.508007,0.609082
4298,1,0.0467132,0.14758,-0.107118,1,1,1,5.72405,0.0994838,0.16086,0.00245761,0.408935,0.518848
4299,1,0.0474495,0.147016,-0.11879,1,1,1,5.7252,0.144862,0.158729,0.00238875,0.41612,0.518848
4300,1,0.0481837,0.146392,-0.130403,1,1,1,5.72568,0.122173,0.16299,0.00234544,0.356176,0.552686
4301,1,0.048914,0.145711,-0.141928,1,1,1,5.72664,0.120428,0.161925,0.00230919,0.354797,0.496289
4302,1,0.0496401,0.144973,-0.153354,1,1,1,5.72721,0.144862,0.14275,0.00230135,0.55626,0.530127
4303,1,0.050363,0.144178,-0.164698,1,1,1,5.72808,0.132645,0.175774,0.00224905,0.176604,0.406055
4304,1,0.0510818,0.143327,-0.175941,1,1,1,5.72865,0.155334,0.137423,0.00223635,0.586569,0.439893
4305,1,0.0517962,0.142419,-0.187075,1,1,1,5.72961,0.139626,0.14488,0.00216893,0.484482,0.349658
4306,1,0.0525059,0.141456,-0.198095,1,1,1,5.73009,0.143117,0.156599,0.00217952,0.346541,0.586523
4307,1,0.0532112,0.140438,-0.209,1,1,1,5.73095,0.0645772,0.131032,0.00214159,0.610036,0.439893
4308,1,0.0539102,0.139366,-0.219761,1,1,1,5.73143,0.146608,0.141684,0.00216083,0.483822,0.406055
4309,1,0.0546047,0.13824,-0.230398,1,1,1,5.73239,0.109956,0.134227,0.00214752,0.550986,0.541406
4310,1,0.0552925,0.137063,-0.240877,1,1,1,5.73287,0.118682,0.151272,0.00212767,0.34751,0.530127
4311,1,0.0559752,0.135832,-0.25122,1,1,1,5.73364,0.0890118,0.143815,0.00210041,0.411002,0.417334
4312,1,0.0566508,0.134551,-0.261391,1,1,1,5.73431,0.188496,0.141684,0.00209214,0.41852,0.586523
4313,1,0.0573206,0.133218,-0.27141,1,1,1,5.73498,0.0663225,0.129966,0.00207664,0.529729,0.451172
4314,1,0.0579833,0.131836,-0.281248,1,1,1,5.73555,0.169297,0.135293,0.00209042,0.457539,0.518848
4315,1,0.0586385,0.130407,-0.290901,1,1,1,5.73623,0.0733038,0.127836,0.00209895,0.524311,0.563965
4316,1,0.0592873,0.128927,-0.30038,1,1,1,5.7368,0.172788,0.137423,0.00210604,0.402833,0.439893
4317,1,0.0599282,0.127402,-0.309658,1,1,1,5.73747,0.10472,0.100138,0.0021568,0.802423,0.631641
4318,1,0.0605609,0.125832,-0.318727,1,1,1,5.73805,0.136136,0.111856,0.00219646,0.661563,0.586523
4319,1,0.0611863,0.124215,-0.327598,1,1,1,5.73872,0.13439,0.132097,0.00221648,0.421355,0.575244
4320,1,0.0618033,0.122556,-0.336249,1,1,1,5.7392,0.0942478,0.132097,0.00221416,0.399401,0.518848
4321,1,0.0624118,0.120853,-0.344677,1,1,1,5.73987,0.10821,0.133162,0.00222773,0.36733,0.439893
4322,1,0.0630114,0.11911,-0.352869,1,1,1,5.74044,0.178024,0.12677,0.00218751,0.40972,0.48501
4323,1,0.0636025,0.117326,-0.360829,1,1,1,5.74092,0.102974,0.128901,0.00219499,0.364197,0.552686
4324,1,0.0641845,0.115503,-0.368543,1,1,1,5.74159,0.122173,0.10866,0.00220621,0.564792,0.439893
4325,1,0.0647578,0.11364,-0.376011,1,1,1,5.74217,0.137881,0.10653,0.00223336,0.567832,0.552686
4326,1,0.0653213,0.111741,-0.383216,1,1,1,5.74265,0.0977384,0.10866,0.00226267,0.523888,0.552686
4327,1,0.0658748,0.109809,-0.390148,1,1,1,5.74322,0.0872665,0.10866,0.00227859,0.501236,0.507568
4328,1,0.0664193,0.107841,-0.396816,1,1,1,5.74361,0.113446,0.105464,0.00229052,0.512793,0.507568
4329,1,0.0669535,0.10584,-0.403199,1,1,1,5.74409,0.0942478,0.0926808,0.00233122,0.633269,0.541406
4330,1,0.0674773,0.10381,-0.40929,1,1,1,5.74457,0.0994838,0.0884196,0.00237609,0.660226,0.586523
4331,1,0.0679912,0.101749,-0.415089,1,1,1,5.74505,0.109956,0.0926808,0.00243669,0.595181,0.631641
4332,1,0.0684948,0.0996599,-0.420587,1,1,1,5.74553,0.113446,0.0873543,0.00251069,0.637047,0.789551
4333,1,0.0689878,0.097544,-0.425775,1,1,1,5.74591,0.0558505,0.0724402,0.0025655,0.781572,0.620361
4334,1,0.0694706,0.0954008,-0.43065,1,1,1,5.74629,0.109956,0.109726,0.00261433,0.350818,0.654199
4335,1,0.069942,0.0932367,-0.435196,1,1,1,5.74668,0.015708,0.0894849,0.0026646,0.552831,0.654199
4336,1,0.0704028,0.09105,-0.439412,1,1,1,5.74715,0.118682,0.0809626,0.00271439,0.625647,0.676758
4337,1,0.0708526,0.0888429,-0.443289,1,1,1,5.74763,0.0750492,0.0884196,0.00277351,0.523717,0.733154
4338,1,0.0712909,0.0866192,-0.446818,1,1,1,5.74792,0.0628319,0.0820279,0.00282416,0.572863,0.733154
4339,1,0.0717184,0.0843768,-0.449998,1,1,1,5.7484,0.0698132,0.0671137,0.00277885,0.702894,0.563965
4340,1,0.0721346,0.0821197,-0.452817,1,1,1,5.74859,0.0418879,0.078832,0.00275517,0.542698,0.597803
4341,1,0.0725396,0.0798494,-0.455268,1,1,1,5.74917,0.0994838,0.0873543,0.00278124,0.424109,0.64292
4342,1,0.0729331,0.0775677,-0.457346,1,1,1,5.74946,0.0279253,0.0713749,0.0028263,0.577467,0.597803
4343,1,0.0733155,0.075275,-0.459043,1,1,1,5.74994,0.0628319,0.0553954,0.00281436,0.723216,0.462451
4344,1,0.0736861,0.0729762,-0.46035,1,1,1,5.75003,0.0383972,0.0617872,0.00282017,0.625202,0.575244
4345,1,0.074045,0.0706738,-0.46126,1,1,1,5.75061,0.0837758,0.0756361,0.00284714,0.44797,0.654199
4346,1,0.0743929,0.0683641,-0.461768,1,1,1,5.75089,0.0366519,0.0692443,0.0028801,0.494143,0.676758
4347,1,0.0747286,0.0660569,-0.461866,1,1,1,5.75118,0.0418879,0.0713749,0.002898,0.444665,0.507568
4348,1,0.0750534,0.0637466,-0.461545,1,1,1,5.75137,0.0733038,0.0713749,0.00288742,0.414885,0.439893
4349,1,0.0753664,0.0614397,-0.4608,1,1,1,5.75176,0.0226893,0.0330242,0.00288341,0.807942,0.451172
4350,1,0.0756676,0.0591407,-0.459624,1,1,1,5.75195,0.0645772,0.0490037,0.00288437,0.604175,0.552686
4351,1,0.0759576,0.0568465,-0.458008,1,1,1,5.75224,0.0506145,0.0532648,0.00289824,0.531133,0.48501
4352,1,0.0762361,0.0545613,-0.455946,1,1,1,5.75243,0.0471239,0.0479384,0.00295504,0.5694,0.552686
4353,1,0.0765034,0.0522862,-0.453428,1,1,1,5.75281,0.0366519,0.0351548,0.00303743,0.693259,0.631641
4354,1,0.076759,0.0500278,-0.450453,1,1,1,5.753,0.0453786,0.0628525,0.00304839,0.362667,0.631641
4355,1,0.0770037,0.047782,-0.447005,1,1,1,5.7531,0.00349066,0.0202406,0.00310685,0.81197,0.597803
4356,1,0.077237,0.045557,-0.443085,1,1,1,5.75319,0.0593412,0.0468731,0.00317025,0.500561,0.688037
4357,1,0.0774591,0.0433538,-0.438685,1,1,1,5.75348,0,0.0372854,0.00322984,0.58741,0.597803
4358,1,0.0776704,0.0411727,-0.433794,1,1,1,5.75358,0.0436332,0.0415466,0.00323108,0.514558,0.541406
4359,1,0.077871,0.039015,-0.4284,1,1,1,5.75367,0.00349066,0.0213059,0.00328939,0.719119,0.64292
4360,1,0.0780608,0.0368877,-0.422507,1,1,1,5.75387,0.0383972,0.0159795,0.00333401,0.758263,0.665479
4361,1,0.0782399,0.0347912,-0.416104,1,1,1,5.75396,0.0314159,-0.00852238,0.00343837,1.01667,0.676758
4362,1,0.0784087,0.0327277,-0.409181,1,1,1,5.75406,0.0366519,0.00319589,0.00352134,0.874318,0.845947
4363,1,0.0785673,0.0307002,-0.401732,1,1,1,5.75415,0.00698132,0.0255671,0.00355589,0.608905,0.64292
4364,1,0.0787158,0.0287111,-0.393751,1,1,1,5.75415,0,0.0319589,0.00360534,0.521782,0.609082
4365,1,0.0788545,0.0267634,-0.385229,1,1,1,5.75425,0,0.0010653,0.00363445,0.842699,0.721875
4366,1,0.0789835,0.02486,-0.376162,1,1,1,5.75425,0,0.0010653,0.00373141,0.833366,0.688037
4367,1,0.0791031,0.023003,-0.36654,1,1,1,5.75444,0.0174533,0.0234365,0.00378419,0.572765,0.766992
4368,1,0.0792136,0.0211951,-0.356353,1,1,1,5.75444,0,0.0117183,0.00384019,0.68826,0.778271
4369,1,0.0793152,0.0194401,-0.345601,1,1,1,5.75454,0,-2.15261e-18,0.00392494,0.808281,0.766992
4370,1,0.0794081,0.0177402,-0.334272,1,1,1,5.75454,0.00698132,0.0138489,0.00393525,0.637995,0.688037
4371,1,0.0794927,0.0160985,-0.32236,1,1,1,5.75454,0.00698132,0.0117183,0.00400766,0.65248,0.823389
4372,1,0.0795692,0.0145178,-0.309858,1,1,1,5.75463,0,0.00532648,0.00406201,0.712288,0.654199
4373,1,0.079638,0.0130008,-0.296756,1,1,1,5.75473,0,0.0117183,0.00409785,0.629903,0.812109
4374,1,0.0796993,0.0115511,-0.283051,1,1,1,5.75463,-0.0279253,0.00852238,0.00411986,0.652069,0.688037
4375,1,0.0797536,0.0101713,-0.268733,1,1,1,5.75473,0,-0.00745708,0.00411802,0.812654,0.541406
4376,1,0.0798012,0.00886485,-0.253799,1,1,1,5.75473,0.0191986,0.00213059,0.00419146,0.702927,0.823389
4377,1,0.0798424,0.00763445,-0.238236,1,1,1,5.75473,-0.0226893,0.0117183,0.00423424,0.590178,0.699316
4378,1,0.0798776,0.00648348,-0.222039,1,1,1,5.75482,0.0226893,-0.00745708,0.00425198,0.791583,0.744434
4379,1,0.0799073,0.00541518,-0.205203,1,1,1,5.75482,0,0.00426119,0.00423881,0.650187,0.620361
4380,1,0.0799319,0.00443258,-0.187717,1,1,1,5.75473,-0.0244346,-0.00532648,0.00424515,0.746878,0.620361
4381,1,0.0799518,0.00353912,-0.169578,1,1,1,5.75482,0.00872665,0.0255671,0.00420696,0.393587,0.530127
4382,1,0.0799675,0.00273784,-0.150773,1,1,1,5.75473,-0.00174533,-0.00639178,0.00421852,0.739467,0.665479
4383,1,0.0799794,0.00203239,-0.131301,1,1,1,5.75482,0,-7.17537e-19,0.00425019,0.66742,0.586523
4384,1,0.079988,0.00142598,-0.111152,1,1,1,5.75482,0.0279253,-0.0170448,0.0042225,0.846651,0.609082
4385,1,0.0799938,0.000921991,-0.0903171,1,1,1,5.75482,0.0453786,0.00319589,0.00423718,0.622695,0.654199
4386,1,0.0799974,0.000523996,-0.0687972,1,1,1,5.75482,-0.00349066,-0.00532648,0.00419739,0.709342,0.654199
4387,1,0.0799992,0.000235246,-0.0465717,1,1,1,5.75482,0.0314159,-0.00426119,0.00422425,0.700767,0.563965
4388,1,0.0799999,5.94108e-05,-0.023643,1,1,1,5.75482,0,-0.00213059,0.00418842,0.673688,0.496289
4389,1,0.08,2.38458e-13,-1.512e-06,1,1,1,5.75482,0.0471239,0.00639178,0.00422191,0.586983,0.710596
4390,1,0.08,0,0,1,1,1,5.75492,0.00523599,-0.0159795,0.00420319,0.830594,0.530127
4391,1,0.08,0,0,1,1,1,5.75492,0.0418879,0.00426119,0.00416484,0.602885,0.47373
4392,1,0.08,0,0,1,1,1,5.75473,-0.0296706,-0.00745708,0.00416344,0.731602,0.552686
4393,1,0.08,0,0,1,1,1,5.75492,0,0.00426119,0.00415621,0.601746,0.530127
4394,1,0.08,0,0,1,1,1,5.75482,0,0.00639178,0.00418019,0.581476,0.676758
4395,1,0.08,0,0,1,1,1,5.75492,-0.0314159,0.00319589,0.00414708,0.61226,0.552686
4396,1,0.08,0,0,1,1,1,5.75482,0.00523599,0.00319589,0.00412566,0.609433,0.699316
4397,1,0.08,0,0,1,1,1,5.75482,-0.0122173,1.95692e-18,0.00411776,0.643545,0.417334
4398,1,0.08,0,0,1,1,1,5.75482,0.0244346,0.0117183,0.00408738,0.510633,0.417334
4399,1,0.08,0,0,1,1,1,5.75482,0,0.01811,0.00404984,0.435368,0.620361
4400,1,0.08,0,0,1,1,1,5.75482,0,-0.00532648,0.00408361,0.697627,0.518848
4401,1,0.08,0,0,1,1,1,5.75482,0.0174533,-0.00639178,0.00407704,0.708479,0.597803
4402,1,0.08,0,0,1,1,1,5.75482,-0.020944,0.00319589,0.00403574,0.597562,0.575244
4403,1,0.08,0,0,1,1,1,5.75482,0.00872665,-0.01811,0.00403036,0.831218,0.48501
4404,1,0.08,0,0,1,1,1,5.75482,0.00698132,0.00639178,0.00407033,0.566974,0.721875
4405,1,0.08,0,0,1,1,1,5.75492,-0.0488692,0.00319589,0.00406044,0.600823,0.721875
4406,1,0.08,0,0,1,1,1,5.75482,-0.00698132,0.010653,0.00403678,0.515672,0.676758
4407,1,0.08,0,0,1,1,1,5.75482,-0.015708,0.0149142,0.00400155,0.464149,0.507568
4408,1,0.08,0,0,1,1,1,5.75482,-0.00872665,-0.00852238,0.00398776,0.72013,0.575244
4409,1,0.08,0,0,1,1,1,5.75492,0,0.0010653,0.00402116,0.619075,0.744434
4410,1,0.08,0,0,1,1,1,5.75502,0.0244346,-0.00745708,0.00401857,0.71248,0.778271
4411,1,0.08,0,0,1,1,1,5.75492,0,-0.0159795,0.00400625,0.804599,0.699316
4412,1,0.08,0,0,1,1,1,5.75492,-0.00872665,0.0351548,0.00399746,0.240962,0.834668
4413,1,0.08,0,0,1,1,1,5.75482,-0.0401426,0.0234365,0.00398594,0.368342,0.676758
4414,1,0.08,0,0,1,1,1,5.75492,0.0174533,-2.21784e-18,0.00396738,0.623695,0.541406
4415,1,0.08,0,0,1,1,1,5.75492,0.015708,0.0010653,0.0039461,0.609167,0.620361
4416,1,0.08,0,0,1,1,1,5.75492,0,0.00319589,0.00395536,0.586952,0.631641
4417,1,0.08,0,0,1,1,1,5.75492,0,-0.01811,0.00397846,0.824367,0.766992
4418,1,0.08,0,0,1,1,1,5.75502,0.00349066,-0.0010653,0.0039715,0.635956,0.710596
4419,1,0.08,0,0,1,1,1,5.75492,0,-0.010653,0.00396413,0.740448,0.530127
4420,1,0.08,0,0,1,1,1,5.75492,0.00349066,-0.00852238,0.00394453,0.714424,0.688037
4421,1,0.08,0,0,1,1,1,5.75492,0,0.0202406,0.00391527,0.394169,0.530127
4422,1,0.08,0,0,1,1,1,5.75492,0.00698132,-0.0117183,0.00390716,0.744647,0.563965
4423,1,0.08,0,0,1,1,1,5.75492,0.0349066,0.0117183,0.00389987,0.485881,0.609082
4424,1,0.08,0,0,1,1,1,5.75492,0,0.00426119,0.00389626,0.567433,0.631641
4425,1,0.08,0,0,1,1,1,5.75492,0,0.0010653,0.00386586,0.598575,0.586523
4426,1,0.08,0,0,1,1,1,5.75492,0,-0.00426119,0.00386443,0.656978,0.586523
4427,1,0.08,0,0,1,1,1,5.75492,0,-8.47998e-19,0.00384127,0.607048,0.620361
4428,1,0.08,0,0,1,1,1,5.75492,-0.00872665,-0.0010653,0.00384278,0.618966,0.462451
4429,1,0.08,0,0,1,1,1,5.75492,0.00174533,-0.0010653,0.00385353,0.620384,0.64292
4430,1,0.08,0,0,1,1,1,5.75492,0,-0.00213059,0.00384986,0.631618,0.620361
4431,1,0.08,0,0,1,1,1,5.75492,0.00349066,0.0149142,0.00384053,0.442894,0.597803
4432,1,0.08,0,0,1,1,1,5.75492,-0.00872665,0.00958767,0.0037853,0.494195,0.64292
4433,1,0.08,0,0,1,1,1,5.75482,0,0.00532648,0.00375597,0.537197,0.552686
4434,1,0.08,0,0,1,1,1,5.75492,0,0.0202406,0.00375192,0.372607,0.609082
4435,1,0.08,0,0,1,1,1,5.75482,-0.00872665,0.00639178,0.00374991,0.524678,0.710596
4436,1,0.08,0,0,1,1,1,5.75492,0,0.00213059,0.00373441,0.569506,0.597803
4437,1,0.08,0,0,1,1,1,5.75492,0,-0.0159795,0.00372801,0.767871,0.518848
4438,1,0.08,0,0,1,1,1,5.75492,0.00523599,-0.00213059,0.00373725,0.616753,0.496289
4439,1,0.08,0,0,1,1,1,5.75492,0,-0.0010653,0.00371297,0.601831,0.676758
4440,1,0.08,0,0,1,1,1,5.75492,-0.00872665,-0.0127836,0.00371289,0.730721,0.620361
4441,1,0.08,0,0,1,1,1,5.75492,0.0122173,0.0138489,0.00367093,0.432226,0.530127
4442,1,0.08,0,0,1,1,1,5.75492,-0.00872665,0.0127836,0.00367467,0.444438,0.631641
4443,1,0.08,0,0,1,1,1,5.75492,-0.020944,-0.0010653,0.0036982,0.599881,0.575244
4444,1,0.08,0,0,1,1,1,5.75492,0.0139626,0.00426119,0.00365552,0.535655,0.665479
4445,1,0.08,0,0,1,1,1,5.75482,0,0.0010653,0.00363802,0.5685,0.518848
4446,1,0.08,0,0,1,1,1,5.75492,0,-0.0010653,0.00362174,0.589788,0.530127
4447,1,0.08,0,0,1,1,1,5.75492,0.015708,0.00958767,0.00359514,0.469093,0.563965
4448,1,0.08,0,0,1,1,1,5.75492,0,-0.0117183,0.00360247,0.704427,0.665479
4449,1,0.08,0,0,1,1,1,5.75492,-0.00174533,-0.00426119,0.00358812,0.620504,0.507568
4450,1,0.08,0,0,1,1,1,5.75482,0,-0.0010653,0.00358249,0.584608,0.575244
4451,1,0.08,0,0,1,1,1,5.75492,0,-0.00213059,0.00355396,0.59256,0.530127
4452,1,0.08,0,0,1,1,1,5.75482,-0.0139626,-0.00745708,0.00355115,0.650779,0.620361
4453,1,0.08,0,0,1,1,1,5.75492,0,0.0138489,0.00352393,0.412821,0.541406
4454,1,0.08,0,0,1,1,1,5.75482,-0.0191986,0.0010653,0.0035274,0.553898,0.530127
4455,1,0.08,0,0,1,1,1,5.75492,-0.00174533,7.82767e-19,0.00353053,0.56603,0.609082
4456,1,0.08,0,0,1,1,1,5.75492,0,0.0202406,0.00348508,0.337384,0.654199
4457,1,0.08,0,0,1,1,1,5.75482,-0.0488692,0.0138489,0.00345177,0.403296,0.47373
4458,1,0.08,0,0,1,1,1,5.75482,0.0296706,0.01811,0.00344741,0.355847,0.417334
4459,1,0.08,0,0,1,1,1,5.75482,-0.0506145,0.0255671,0.00340268,0.267916,0.530127
4460,1,0.08,0,0,1,1,1,5.75482,0.00174533,0.00532648,0.00338152,0.48777,0.462451
4461,1,0.08,0,0,1,1,1,5.75482,0,-0.00426119,0.003347,0.588677,0.530127
4462,1,0.08,0,0,1,1,1,5.75482,0,-8.47998e-19,0.00335121,0.54236,0.597803
4463,1,0.08,0,0,1,1,1,5.75492,0,-0.00745708,0.00331823,0.620034,0.530127
4464,1,0.08,0,0,1,1,1,5.75482,-0.00872665,0.00639178,0.0032824,0.462967,0.417334
4465,1,0.08,0,0,1,1,1,5.75482,0,0.010653,0.00328298,0.416171,0.383496
4466,1,0.08,0,0,1,1,1,5.75492,0.0174533,-9.78459e-19,0.00328681,0.533859,0.48501
4467,1,0.08,0,0,1,1,1,5.75492,0,-0.0117183,0.00329148,0.663376,0.47373
4468,1,0.08,0,0,1,1,1,5.75482,-0.00872665,0.00426119,0.00324705,0.481737,0.394775
4469,1,0.08,0,0,1,1,1,5.75492,0,-0.0340895,0.00326275,0.905667,0.428613
4470,1,0.08,0,0,1,1,1,5.75492,0.0471239,-0.00745708,0.00326415,0.612896,0.541406
4471,1,0.08,0,0,1,1,1,5.75482,0,0.0138489,0.00324769,0.376358,0.575244
4472,1,0.08,0,0,1,1,1,5.75492,0,0.0266324,0.00322191,0.232336,0.417334
4473,1,0.08,0,0,1,1,1,5.75482,-0.020944,-0.0010653,0.00319911,0.534001,0.383496
4474,1,0.08,0,0,1,1,1,5.75482,0.0506145,0.00532648,0.00318998,0.462486,0.507568
4475,1,0.08,0,0,1,1,1,5.75482,-0.00349066,-1.30461e-18,0.00314795,0.515529,0.575244
4476,1,0.08,0,0,1,1,1,5.75492,0.015708,-0.00745708,0.00313346,0.595645,0.597803
4477,1,0.08,0,0,1,1,1,5.75482,0,0.0234365,0.00307368,0.247923,0.383496
4478,1,0.08,0,0,1,1,1,5.75482,-0.0122173,-0.00319589,0.00307887,0.541566,0.541406
4479,1,0.08,0,0,1,1,1,5.75482,0.0174533,0.010653,0.00305357,0.385888,0.609082
4480,1,0.08,0,0,1,1,1,5.75482,-0.0174533,0.00426119,0.00310921,0.463543,0.676758
4481,1,0.08,0,0,1,1,1,5.75482,-0.0244346,-0.00426119,0.00311282,0.557766,0.541406
4482,1,0.08,0,0,1,1,1,5.75492,0.0366519,-0.00426119,0.00309404,0.555287,0.597803
4483,1,0.08,0,0,1,1,1,5.75482,0,0.0191753,0.00307931,0.29554,0.451172
4484,1,0.08,0,0,1,1,1,5.75482,0,0.00426119,0.00302626,0.452594,0.406055
4485,1,0.08,0,0,1,1,1,5.75482,0.00872665,-0.00745708,0.00304626,0.584134,0.530127
4486,1,0.08,0,0,1,1,1,5.75482,0,-0.0138489,0.0030684,0.657366,0.552686
4487,1,0.08,0,0,1,1,1,5.75492,0.0122173,0.00958767,0.00306472,0.399079,0.586523
4488,1,0.08,0,0,1,1,1,5.75482,-0.0139626,0.0010653,0.00307568,0.494272,0.530127
4489,1,0.08,0,0,1,1,1,5.75492,0,0.00319589,0.00305387,0.467956,0.552686
4490,1,0.0799998,-0.000118787,-0.0472792,1,1,1,5.75482,-0.0174533,0.0234365,0.00303817,0.235074,0.541406
4491,1,0.0799984,-0.000470386,-0.0931332,1,1,1,5.75482,-0.015708,-0.00745708,0.00304638,0.565162,0.530127
4492,1,0.0799947,-0.00104779,-0.137581,1,1,1,5.75482,0.00349066,0.0010653,0.00303938,0.457088,0.462451
4493,1,0.0799876,-0.00184385,-0.180628,1,1,1,5.75482,0,0.0213059,0.003014,0.215195,0.48501
4494,1,0.0799759,-0.00285176,-0.222296,1,1,1,5.75482,0,-0.010653,0.0030304,0.550601,0.575244
4495,1,0.0799587,-0.00406442,-0.26259,1,1,1,5.75482,0,0.0138489,0.00298937,0.255034,0.383496
4496,1,0.079935,-0.00547555,-0.301542,1,1,1,5.75482,0,0.00319589,0.00299459,0.350023,0.394775
4497,1,0.0799036,-0.00707785,-0.339148,1,1,1,5.75482,-0.0122173,0.00532648,0.00292076,0.291798,0.439893
4498,1,0.0798639,-0.00886442,-0.375421,1,1,1,5.75473,-0.00872665,-0.00958767,0.00288988,0.424655,0.428613
4499,1,0.0798147,-0.0108297,-0.410395,1,1,1,5.75473,0,-2.60922e-19,0.00282077,0.280931,0.338379
4500,1,0.0797553,-0.0129664,-0.444069,1,1,1,5.75473,0,-0.00532648,0.00272444,0.295747,0.248145
4501,1,0.0796848,-0.0152685,-0.476465,1,1,1,5.75473,0,0.00319589,0.00267094,0.162025,0.259424
4502,1,0.0796023,-0.017729,-0.507589,1,1,1,5.75473,-0.015708,-0.00426119,0.00260379,0.200503,0.236865
4503,1,0.0795072,-0.0203424,-0.537465,1,1,1,5.75473,0,-0.00745708,0.00251692,0.187802,0.225586
4504,1,0.0793987,-0.0231014,-0.566095,1,1,1,5.75463,0,-0.00532648,0.00241826,0.113333,0.225586
4505,1,0.079276,-0.0260013,-0.593509,1,1,1,5.75463,-0.00523599,-0.00852238,0.00227647,0.0898056,0.15791
4506,1,0.0791384,-0.0290349,-0.61971,1,1,1,5.75454,-0.00872665,0.00426119,0.00216829,-0.105778,0.15791
4507,1,0.0789854,-0.0321963,-0.644715,1,1,1,5.75454,-0.0174533,0.00745708,0.00205005,-0.198922,0.101514
4508,1,0.0788163,-0.0354801,-0.668541,1,1,1,5.75454,0,0.010653,0.00190111,-0.297771,0.0789551
4509,1,0.0786304,-0.0388797,-0.691198,1,1,1,5.75444,-0.020944,0.00426119,0.00172152,-0.297581,0.0112793
4510,1,0.0784273,-0.0423899,-0.712705,1,1,1,5.75444,0,-0.0170448,0.00159217,-0.127575,-0.0676758
4511,1,0.0782063,-0.0460051,-0.733075,1,1,1,5.75435,-0.0191986,0.00213059,0.00140214,-0.412403,-0.0563965
4512,1,0.077967,-0.0497192,-0.752321,1,1,1,5.75425,-0.0174533,-0.0159795,0.00120457,-0.290333,-0.0563965
4513,1,0.077709,-0.0535261,-0.770456,1,1,1,5.75406,-0.0418879,-0.00532648,0.000997627,-0.486618,-0.349658
4514,1,0.0774317,-0.0574214,-0.787498,1,1,1,5.75387,-0.0349066,-0.0340895,0.000840374,-0.243685,-0.293262
4515,1,0.0771347,-0.0613992,-0.80346,1,1,1,5.75387,-0.00174533,-0.0340895,0.000693841,-0.31603,-0.270703
4516,1,0.0768175,-0.0654548,-0.818359,1,1,1,5.75367,-0.0628319,-0.0415466,0.000503936,-0.314211,-0.47373
4517,1,0.07648,-0.0695808,-0.832202,1,1,1,5.75348,0,-0.0404813,0.000325937,-0.404894,-0.496289
4518,1,0.0761216,-0.0737748,-0.845013,1,1,1,5.75329,-0.0314159,-0.0404813,0.000186446,-0.478977,-0.259424
4519,1,0.0757423,-0.0780279,-0.856795,1,1,1,5.753,-0.0890118,-0.0436772,-2.0693e-05,-0.529044,-0.496289
4520,1,0.0753412,-0.0823408,-0.867577,1,1,1,5.75281,-0.0558505,-0.0532648,-0.000197034,-0.505027,-0.541406
4521,1,0.0749186,-0.0867037,-0.877362,1,1,1,5.75252,-0.0418879,-0.0447425,-0.000376785,-0.681288,-0.575244
4522,1,0.0744742,-0.0911124,-0.886167,1,1,1,5.75224,-0.0942478,-0.0553954,-0.000588719,-0.652364,-0.665479
4523,1,0.0740074,-0.0955639,-0.894009,1,1,1,5.75185,-0.0174533,-0.0660484,-0.00071972,-0.611663,-0.575244
4524,1,0.0735185,-0.100051,-0.900899,1,1,1,5.75166,-0.0645772,-0.057526,-0.000856239,-0.783377,-0.563965
4525,1,0.0730068,-0.104572,-0.906854,1,1,1,5.75099,-0.125664,-0.0884196,-0.00104074,-0.529433,-0.744434
4526,1,0.0724726,-0.109119,-0.911887,1,1,1,5.75061,-0.0645772,-0.0926808,-0.00119578,-0.563954,-0.710596
4527,1,0.0719156,-0.113689,-0.916012,1,1,1,5.75022,-0.0663225,-0.0884196,-0.0013048,-0.685627,-0.676758
4528,1,0.0713358,-0.118277,-0.919245,1,1,1,5.74984,-0.13439,-0.120379,-0.00138502,-0.405085,-0.688037
4529,1,0.0707329,-0.122879,-0.9216,1,1,1,5.74926,-0.0471239,-0.111856,-0.00149367,-0.573655,-0.789551
4530,1,0.070107,-0.127491,-0.92309,1,1,1,5.74888,-0.0837758,-0.111856,-0.00156937,-0.643823,-0.609082
4531,1,0.069458,-0.132108,-0.923731,1,1,1,5.74811,-0.141372,-0.123574,-0.00166651,-0.588405,-0.575244
4532,1,0.0687859,-0.136727,-0.923537,1,1,1,5.74744,-0.18326,-0.128901,-0.00174363,-0.600337,-0.654199
4533,1,0.0680907,-0.141343,-0.922522,1,1,1,5.74687,-0.0750492,-0.140619,-0.00182556,-0.542382,-0.688037
4534,1,0.0673725,-0.145951,-0.9207,1,1,1,5.74629,-0.132645,-0.147011,-0.00186853,-0.536892,-0.530127
4535,1,0.0666312,-0.150548,-0.918087,1,1,1,5.74553,-0.129154,-0.137423,-0.00195749,-0.713932,-0.631641
4536,1,0.065867,-0.155131,-0.914696,1,1,1,5.74476,-0.178024,-0.161925,-0.00196163,-0.503505,-0.586523
4537,1,0.0650799,-0.159694,-0.910541,1,1,1,5.74409,-0.122173,-0.171513,-0.00199909,-0.461386,-0.620361
4538,1,0.0642701,-0.164235,-0.905639,1,1,1,5.74342,-0.174533,-0.170448,-0.00197706,-0.527203,-0.349658
4539,1,0.0634376,-0.16875,-0.900001,1,1,1,5.74236,-0.174533,-0.166186,-0.00201896,-0.63729,-0.755713
4540,1,0.0625826,-0.173234,-0.893643,1,1,1,5.74179,-0.141372,-0.180035,-0.00203748,-0.54456,-0.699316
4541,1,0.0617054,-0.177684,-0.886581,1,1,1,5.74073,-0.151844,-0.177905,-0.00203987,-0.624376,-0.699316
4542,1,0.0608059,-0.182098,-0.878826,1,1,1,5.74006,-0.176278,-0.173643,-0.00208469,-0.733404,-0.699316
4543,1,0.0598844,-0.186472,-0.870395,1,1,1,5.73891,-0.139626,-0.183231,-0.00210507,-0.685946,-0.462451
4544,1,0.0589411,-0.190802,-0.8613,1,1,1,5.73824,-0.191986,-0.182166,-0.00210746,-0.752428,-0.586523
4545,1,0.0579765,-0.195084,-0.851559,1,1,1,5.73709,-0.188496,-0.174709,-0.00220458,-0.902779,-0.80083
4546,1,0.0569905,-0.199316,-0.841185,1,1,1,5.73623,-0.23911,-0.198145,-0.00217459,-0.694044,-0.755713
4547,1,0.0559834,-0.203495,-0.83019,1,1,1,5.73527,-0.197222,-0.185362,-0.0022205,-0.893916,-0.755713
4548,1,0.0549557,-0.207617,-0.818592,1,1,1,5.73421,-0.284489,-0.222647,-0.00224906,-0.540211,-0.936182
4549,1,0.0539072,-0.21168,-0.8064,1,1,1,5.73316,-0.122173,-0.224778,-0.00230174,-0.57574,-1.01514
4550,1,0.0528388,-0.21568,-0.793635,1,1,1,5.7322,-0.216421,-0.232235,-0.00228227,-0.540655,-0.64292
4551,1,0.0517508,-0.219615,-0.78031,1,1,1,5.73105,-0.190241,-0.219451,-0.00226027,-0.726826,-0.744434
4552,1,0.0506428,-0.223482,-0.766433,1,1,1,5.73019,-0.23911,-0.208798,-0.0022876,-0.89601,-0.812109
4553,1,0.0495159,-0.227278,-0.752027,1,1,1,5.72884,-0.244346,-0.214125,-0.00230332,-0.887279,-0.789551
4554,1,0.0483702,-0.231001,-0.737102,1,1,1,5.72788,-0.235619,-0.222647,-0.00236078,-0.848709,-0.789551
4555,1,0.0472059,-0.234649,-0.721671,1,1,1,5.72645,-0.218166,-0.238627,-0.00238732,-0.722395,-0.879785
4556,1,0.0460238,-0.238217,-0.705753,1,1,1,5.72568,-0.167552,-0.237561,-0.00242573,-0.784145,-0.733154
4557,1,0.044824,-0.241705,-0.689359,1,1,1,5.72424,-0.258309,-0.219451,-0.00244631,-1.02956,-0.789551
4558,1,0.0436068,-0.24511,-0.672502,1,1,1,5.72328,-0.214675,-0.232235,-0.00248106,-0.93658,-0.778271
4559,1,0.042373,-0.24843,-0.655202,1,1,1,5.72184,-0.287979,-0.225843,-0.00253349,-1.05594,-0.857227
4560,1,0.0411229,-0.251661,-0.63747,1,1,1,5.7206,-0.305433,-0.241822,-0.00258251,-0.928054,-0.879785
4561,1,0.0398567,-0.254803,-0.619318,1,1,1,5.71906,-0.240855,-0.243953,-0.00258593,-0.94441,-0.823389
4562,1,0.0385748,-0.257854,-0.600762,1,1,1,5.71811,-0.279253,-0.276977,-0.00253188,-0.611348,-0.789551
4563,1,0.0372782,-0.26081,-0.581821,1,1,1,5.71657,-0.214675,-0.279108,-0.00246133,-0.613437,-0.64292
4564,1,0.035967,-0.263671,-0.562503,1,1,1,5.71561,-0.253073,-0.263128,-0.00237544,-0.811014,-0.631641
4565,1,0.0346418,-0.266435,-0.542827,1,1,1,5.71398,-0.315905,-0.288695,-0.00235575,-0.560994,-0.688037
4566,1,0.0333028,-0.269099,-0.522801,1,1,1,5.71264,-0.338594,-0.25141,-0.00237507,-1.0062,-0.936182
4567,1,0.0319508,-0.271663,-0.502447,1,1,1,5.71101,-0.280998,-0.275912,-0.00234868,-0.763937,-0.699316
4568,1,0.0305864,-0.274123,-0.481777,1,1,1,5.70996,-0.261799,-0.275912,-0.00229131,-0.785099,-0.575244
4569,1,0.0292099,-0.276479,-0.460805,1,1,1,5.70833,-0.29147,-0.274847,-0.00223366,-0.816719,-0.64292
4570,1,0.0278218,-0.278731,-0.439542,1,1,1,5.70727,-0.240855,-0.288695,-0.0021749,-0.683027,-0.721875
4571,1,0.0264227,-0.280875,-0.418006,1,1,1,5.70545,-0.315905,-0.275912,-0.00220762,-0.854013,-0.823389
4572,1,0.0250131,-0.28291,-0.396211,1,1,1,5.7042,-0.280998,-0.275912,-0.00218554,-0.874966,-0.721875
4573,1,0.0235659,-0.284873,-0.373739,1,1,1,5.70267,-0.315905,-0.278043,-0.00223455,-0.881535,-0.721875
4574,1,0.0221515,-0.286668,-0.351692,1,1,1,5.70152,-0.279253,-0.2855,-0.00221893,-0.81915,-0.834668
4575,1,0.0207181,-0.288366,-0.329271,1,1,1,5.70008,-0.233874,-0.286565,-0.00225451,-0.833064,-0.812109
4576,1,0.0192811,-0.289946,-0.306723,1,1,1,5.69893,-0.333358,-0.263128,-0.0022954,-1.11564,-0.823389
4577,1,0.0178282,-0.291422,-0.283856,1,1,1,5.6972,-0.301942,-0.28763,-0.00240183,-0.878463,-1.02642
4578,1,0.016354,-0.292796,-0.260595,1,1,1,5.69605,-0.249582,-0.256737,-0.00253034,-1.24885,-0.947461
4579,1,0.0149005,-0.29403,-0.237602,1,1,1,5.69433,-0.333358,-0.265259,-0.00265813,-1.1839,-1.00386
4580,1,0.0134275,-0.295159,-0.214255,1,1,1,5.69327,-0.240855,-0.268455,-0.00277893,-1.17526,-1.04897
4581,1,0.0119491,-0.296172,-0.190774,1,1,1,5.69174,-0.305433,-0.26739,-0.00291177,-1.21364,-1.20688
4582,1,0.010466,-0.297067,-0.16718,1,1,1,5.69049,-0.261799,-0.281238,-0.00296144,-1.07552,-1.11665
4583,1,0.00897854,-0.297844,-0.143484,1,1,1,5.68896,-0.310669,-0.281238,-0.00303347,-1.0912,-0.981299
4584,1,0.00748767,-0.298502,-0.119703,1,1,1,5.68771,-0.303687,-0.298283,-0.00308439,-0.915184,-0.857227
4585,1,0.00599371,-0.299041,-0.0958481,1,1,1,5.68628,-0.253073,-0.297218,-0.00311704,-0.934458,-0.823389
4586,1,0.00449761,-0.29946,-0.0719401,1,1,1,5.68512,-0.310669,-0.292957,-0.00321326,-0.995809,-0.992578
4587,1,0.00299931,-0.29976,-0.0479825,1,1,1,5.68311,-0.296706,-0.290826,-0.00329668,-1.03053,-1.15049
4588,1,0.00149999,-0.29994,-0.0239991,1,1,1,5.68196,-0.270526,-0.297218,-0.003325,-0.962769,-1.02642
4589,1,1.251e-07,-0.3,-2.0016e-06,1,1,1,5.68033,-0.29147,-0.301479,-0.0032926,-0.908964,-0.891064
4590,1,-0.00149973,-0.29994,0.0239949,1,1,1,5.67928,-0.268781,-0.301479,-0.00327976,-0.903113,-1.00386
4591,1,-0.00299915,-0.29976,0.04798,1,1,1,5.67755,-0.293215,-0.30361,-0.00325184,-0.870379,-0.766992
4592,1,-0.00449729,-0.29946,0.0719351,1,1,1,5.6763,-0.31765,-0.308936,-0.00324747,-0.804151,-0.845947
4593,1,-0.00599337,-0.299041,0.0958427,1,1,1,5.67439,-0.284489,-0.289761,-0.00326208,-1.00846,-1.01514
4594,1,-0.00748722,-0.298502,0.119695,1,1,1,5.67324,-0.277507,-0.307871,-0.0031037,-0.778316,-0.97002
4595,1,-0.00897837,-0.297844,0.143481,1,1,1,5.67161,-0.270526,-0.281238,-0.00313523,-1.06398,-0.823389
4596,1,-0.0104657,-0.297067,0.167175,1,1,1,5.67026,-0.324631,-0.2855,-0.00314931,-1.00607,-1.00386
4597,1,-0.0119488,-0.296172,0.19077,1,1,1,5.66835,-0.329867,-0.294022,-0.00315586,-0.898835,-1.01514
4598,1,-0.0134272,-0.29516,0.214249,1,1,1,5.6672,-0.26529,-0.28763,-0.00318035,-0.956571,-1.04897
4599,1,-0.0149001,-0.29403,0.237597,1,1,1,5.66537,-0.321141,-0.30361,-0.00311952,-0.755561,-0.744434
4600,1,-0.0163673,-0.292784,0.260805,1,1,1,5.66432,-0.240855,-0.306806,-0.00303016,-0.689997,-0.665479
4601,1,-0.0178279,-0.291422,0.283852,1,1,1,5.66279,-0.31765,-0.2855,-0.00301973,-0.90299,-0.665479
4602,1,-0.0192812,-0.289946,0.306725,1,1,1,5.66135,-0.319395,-0.278043,-0.00308396,-0.972112,-0.812109
4603,1,-0.0207272,-0.288355,0.329414,1,1,1,5.65953,-0.305433,-0.282304,-0.00309865,-0.904369,-1.02642
4604,1,-0.0221645,-0.286652,0.351896,1,1,1,5.65838,-0.246091,-0.301479,-0.00307729,-0.666499,-0.913623
4605,1,-0.0235935,-0.284837,0.374169,1,1,1,5.65684,-0.251327,-0.282304,-0.00311045,-0.856322,-0.845947
4606,1,-0.0250128,-0.282911,0.396207,1,1,1,5.65569,-0.300197,-0.258867,-0.00313873,-1.09104,-0.778271
4607,1,-0.0264224,-0.280875,0.418002,1,1,1,5.65397,-0.310669,-0.270585,-0.00315795,-0.936553,-0.879785
4608,1,-0.0278216,-0.278731,0.439539,1,1,1,5.65301,-0.225147,-0.266324,-0.00321115,-0.961033,-0.981299
4609,1,-0.0292094,-0.27648,0.460797,1,1,1,5.65128,-0.305433,-0.265259,-0.0033211,-0.956558,-1.07153
4610,1,-0.0305859,-0.274124,0.48177,1,1,1,5.65013,-0.240855,-0.294022,-0.00334295,-0.611075,-0.879785
4611,1,-0.0319506,-0.271663,0.502443,1,1,1,5.64898,-0.195477,-0.282304,-0.0033537,-0.708199,-0.992578
4612,1,-0.0333024,-0.2691,0.522797,1,1,1,5.64793,-0.251327,-0.230104,-0.00344268,-1.25975,-0.823389
4613,1,-0.0346412,-0.266436,0.542818,1,1,1,5.6462,-0.329867,-0.236496,-0.00358728,-1.17291,-1.18433
4614,1,-0.0359668,-0.263672,0.5625,1,1,1,5.64505,-0.242601,-0.246084,-0.00376123,-1.05362,-1.35352
4615,1,-0.0372777,-0.260812,0.581813,1,1,1,5.64371,-0.20944,-0.246084,-0.00386693,-1.02966,-1.31968
4616,1,-0.0385746,-0.257855,0.600759,1,1,1,5.64275,-0.223402,-0.239692,-0.00396355,-1.07365,-1.13921
4617,1,-0.0398564,-0.254804,0.619315,1,1,1,5.64131,-0.214675,-0.258867,-0.00400711,-0.828304,-1.0377
4618,1,-0.0411226,-0.251662,0.637466,1,1,1,5.64045,-0.230383,-0.25141,-0.00401349,-0.869946,-1.06025
4619,1,-0.0423727,-0.24843,0.655198,1,1,1,5.63901,-0.251327,-0.256737,-0.00407561,-0.777308,-1.07153
4620,1,-0.0436066,-0.245111,0.672499,1,1,1,5.63795,-0.246091,-0.240757,-0.00412959,-0.916921,-1.12793
4621,1,-0.0448238,-0.241706,0.689356,1,1,1,5.63661,-0.197222,-0.229039,-0.00420821,-1.01191,-0.97002
4622,1,-0.0460235,-0.238218,0.705749,1,1,1,5.63556,-0.314159,-0.2333,-0.00424659,-0.924869,-1.12793
4623,1,-0.0472059,-0.234649,0.72167,1,1,1,5.63431,-0.169297,-0.248214,-0.00423351,-0.71292,-0.97002
4624,1,-0.0483699,-0.231002,0.737098,1,1,1,5.63345,-0.216421,-0.237561,-0.00424274,-0.784277,-0.834668
4625,1,-0.0495157,-0.227279,0.752025,1,1,1,5.63191,-0.249582,-0.238627,-0.00425536,-0.72631,-0.902344
4626,1,-0.0506427,-0.223483,0.766432,1,1,1,5.63086,-0.221657,-0.231169,-0.00418305,-0.750032,-0.834668
4627,1,-0.0517503,-0.219616,0.780304,1,1,1,5.62981,-0.258309,-0.227974,-0.00412363,-0.727829,-0.665479
4628,1,-0.0528386,-0.215681,0.793632,1,1,1,5.62885,-0.218166,-0.207733,-0.00409572,-0.896523,-0.710596
4629,1,-0.0539071,-0.21168,0.806398,1,1,1,5.6275,-0.223402,-0.207733,-0.00406548,-0.841475,-0.597803
4630,1,-0.0549553,-0.207618,0.818588,1,1,1,5.62674,-0.181514,-0.211994,-0.00401528,-0.736276,-0.676758
4631,1,-0.0559833,-0.203495,0.830189,1,1,1,5.62549,-0.225147,-0.205602,-0.00404665,-0.758407,-0.665479
4632,1,-0.0569902,-0.199317,0.841182,1,1,1,5.62463,-0.218166,-0.194949,-0.00404281,-0.82208,-0.80083
4633,1,-0.0579763,-0.195084,0.851558,1,1,1,5.62348,-0.204204,-0.204537,-0.00406319,-0.665772,-0.868506
4634,1,-0.058941,-0.190802,0.861299,1,1,1,5.62261,-0.18326,-0.189623,-0.00405315,-0.774475,-0.823389
4635,1,-0.0598842,-0.186473,0.870393,1,1,1,5.62166,-0.188496,-0.199211,-0.00406173,-0.61555,-0.710596
4636,1,-0.0608056,-0.1821,0.878824,1,1,1,5.62089,-0.193732,-0.19708,-0.00405092,-0.582572,-0.845947
4637,1,-0.0617051,-0.177686,0.886578,1,1,1,5.61993,-0.143117,-0.16086,-0.00408867,-0.930599,-0.766992
4638,1,-0.0625825,-0.173235,0.893642,1,1,1,5.61926,-0.143117,-0.16299,-0.00410546,-0.853605,-0.699316
4639,1,-0.0634374,-0.16875,0.899999,1,1,1,5.6183,-0.167552,-0.152337,-0.00414562,-0.920046,-0.778271
4640,1,-0.0642699,-0.164236,0.905637,1,1,1,5.61773,-0.167552,-0.122509,-0.00420566,-1.19975,-0.766992
4641,1,-0.0650797,-0.159695,0.91054,1,1,1,5.61657,-0.23911,-0.141684,-0.004295,-0.944042,-1.0377
4642,1,-0.0658668,-0.155132,0.914695,1,1,1,5.616,-0.0872665,-0.150207,-0.00436371,-0.802623,-1.16177
4643,1,-0.0666311,-0.150549,0.918086,1,1,1,5.61523,-0.122173,-0.159795,-0.00435317,-0.638904,-0.80083
4644,1,-0.0673723,-0.145952,0.9207,1,1,1,5.61456,-0.188496,-0.151272,-0.00435128,-0.675497,-0.868506
4645,1,-0.0680905,-0.141344,0.922521,1,1,1,5.61379,-0.101229,-0.149142,-0.00432427,-0.638402,-0.609082
4646,1,-0.0687857,-0.136728,0.923537,1,1,1,5.61312,-0.188496,-0.14488,-0.00426359,-0.620343,-0.541406
4647,1,-0.0694578,-0.13211,0.923731,1,1,1,5.61236,-0.13439,-0.141684,-0.00421956,-0.59286,-0.699316
4648,1,-0.0701068,-0.127493,0.923091,1,1,1,5.61188,-0.0907571,-0.14488,-0.00421725,-0.500666,-0.676758
4649,1,-0.0707328,-0.12288,0.9216,1,1,1,5.61121,-0.0855211,-0.122509,-0.00421902,-0.69046,-0.733154
4650,1,-0.0713356,-0.118278,0.919246,1,1,1,5.61073,-0.111701,-0.10866,-0.00424197,-0.789552,-0.620361
4651,1,-0.0719155,-0.11369,0.916013,1,1,1,5.61006,-0.141372,-0.107595,-0.0043076,-0.753932,-0.778271
4652,1,-0.0724725,-0.109119,0.911888,1,1,1,5.60967,-0.0628319,-0.0926808,-0.00440495,-0.875208,-0.688037
4653,1,-0.0730068,-0.104572,0.906855,1,1,1,5.609,-0.1309,-0.0852238,-0.00445734,-0.908916,-0.868506
4654,1,-0.0735183,-0.100052,0.900901,1,1,1,5.60881,-0.0296706,-0.0958767,-0.00453611,-0.747368,-0.913623
4655,1,-0.0740074,-0.0955642,0.89401,1,1,1,5.60823,-0.0558505,-0.0841585,-0.00458724,-0.828777,-0.766992
4656,1,-0.074474,-0.0911139,0.88617,1,1,1,5.60785,-0.129154,-0.0735055,-0.00465455,-0.901209,-0.823389
4657,1,-0.0749186,-0.086704,0.877363,1,1,1,5.60747,-0.0418879,-0.0862891,-0.0046801,-0.710954,-0.620361
4658,1,-0.0753411,-0.0823423,0.867581,1,1,1,5.60718,-0.113446,-0.0724402,-0.0047295,-0.817536,-0.845947
4659,1,-0.0757421,-0.0780304,0.856801,1,1,1,5.6067,-0.0506145,-0.0649831,-0.00475048,-0.850817,-0.744434
4660,1,-0.0761215,-0.0737758,0.845016,1,1,1,5.60641,-0.0506145,-0.0724402,-0.00477563,-0.721434,-0.766992
4661,1,-0.0764799,-0.0695817,0.832205,1,1,1,5.60593,-0.0523599,-0.0553954,-0.00482081,-0.865107,-0.778271
4662,1,-0.0768175,-0.065455,0.81836,1,1,1,5.60565,-0.0837758,-0.0490037,-0.00485608,-0.89126,-0.733154
4663,1,-0.0771346,-0.0614001,0.803464,1,1,1,5.60536,-0.0506145,-0.0564607,-0.00484041,-0.75939,-0.688037
4664,1,-0.0774316,-0.0574223,0.787502,1,1,1,5.60517,-0.0837758,-0.0617872,-0.00484385,-0.654577,-0.654199
4665,1,-0.0777089,-0.053527,0.77046,1,1,1,5.60488,-0.0314159,-0.0436772,-0.00486584,-0.811183,-0.64292
4666,1,-0.077967,-0.0497192,0.752321,1,1,1,5.60459,-0.0575959,-0.0458078,-0.00491002,-0.749302,-0.789551
4667,1,-0.0782063,-0.0460055,0.733077,1,1,1,5.6044,-0.0436332,-0.0383507,-0.00492833,-0.790785,-0.823389
4668,1,-0.0784273,-0.0423905,0.712708,1,1,1,5.60421,-0.0314159,-0.0330242,-0.00498192,-0.814864,-0.823389
4669,1,-0.0786304,-0.03888,0.6912,1,1,1,5.60392,-0.00872665,-0.0308936,-0.00500987,-0.801849,-0.857227
4670,1,-0.0788162,-0.0354806,0.668544,1,1,1,5.60392,-0.020944,-0.0298283,-0.00504238,-0.779244,-0.823389
4671,1,-0.0789854,-0.0321968,0.644719,1,1,1,5.60373,-0.0174533,-0.0340895,-0.00507269,-0.69935,-0.654199
4672,1,-0.0791384,-0.0290353,0.619714,1,1,1,5.60363,-0.0331613,-0.0223712,-0.00515825,-0.804193,-0.868506
4673,1,-0.0792759,-0.0260018,0.593514,1,1,1,5.60344,0.00872665,-0.00745708,-0.00517131,-0.936364,-0.80083
4674,1,-0.0793986,-0.0231023,0.566104,1,1,1,5.60344,-0.0785398,0.010653,-0.00525573,-1.11493,-1.0377
4675,1,-0.0795072,-0.0203428,0.537469,1,1,1,5.60325,0,-0.00852238,-0.00527912,-0.877197,-0.845947
4676,1,-0.0796023,-0.0177295,0.507596,1,1,1,5.60334,0,-0.0308936,-0.00530748,-0.606939,-0.992578
4677,1,-0.0796848,-0.0152687,0.476468,1,1,1,5.60325,0.0226893,-0.0117183,-0.00529343,-0.790149,-0.744434
4678,1,-0.0797553,-0.012967,0.444079,1,1,1,5.60315,-0.0279253,0.0117183,-0.00532984,-1.02903,-0.845947
4679,1,-0.0798147,-0.01083,0.4104,1,1,1,5.60306,-0.0366519,0.0010653,-0.00538237,-0.897264,-0.868506
4680,1,-0.0798639,-0.00886504,0.375433,1,1,1,5.60306,0,-0.010653,-0.00536435,-0.746765,-0.789551
4681,1,-0.0799036,-0.00707817,0.339155,1,1,1,5.60315,-0.00872665,-0.0010653,-0.00540066,-0.84018,-0.823389
4682,1,-0.079935,-0.00547564,0.301544,1,1,1,5.60315,0,0.00532648,-0.00543765,-0.900987,-0.913623
4683,1,-0.0799587,-0.00406476,0.262601,1,1,1,5.60306,0,0.00852238,-0.00549021,-0.931241,-1.01514
4684,1,-0.0799759,-0.00285191,0.222301,1,1,1,5.60306,0,-0.010653,-0.00551911,-0.714917,-0.924902
4685,1,-0.0799876,-0.00184408,0.180639,1,1,1,5.60306,0.010472,0.00852238,-0.00552923,-0.920688,-0.823389
4686,1,-0.0799947,-0.00104794,0.137591,1,1,1,5.60306,0,0.00852238,-0.00553576,-0.917856,-0.812109
4687,1,-0.0799984,-0.000470461,0.0931404,1,1,1,5.60306,-0.00349066,0.0010653,-0.00554486,-0.836226,-0.868506
4688,1,-0.0799998,-0.000118814,0.0472846,1,1,1,5.60306,0.010472,0.0276977,-0.00556476,-1.13398,-0.766992
4689,1,-0.08,-2.85979e-12,7.41118e-06,1,1,1,5.60296,-0.0331613,0.0138489,-0.00559108,-0.990359,-0.868506
4690,1,-0.08,-0,-0,1,1,1,5.60306,0.00872665,0.0117183,-0.00558231,-0.965765,-0.812109
4691,1,-0.08,-0,-0,1,1,1,5.60306,-0.00872665,-0.00958767,-0.00557109,-0.729919,-0.834668
4692,1,-0.08,-0,-0,1,1,1,5.60306,0.0122173,0.00958767,-0.00560133,-0.94484,-0.902344
4693,1,-0.08,-0,-0,1,1,1,5.60306,0.0174533,0.0170448,-0.00558864,-1.02519,-0.913623
4694,1,-0.08,-0,-0,1,1,1,5.60306,0,-0.0127836,-0.00559424,-0.697821,-0.913623
4695,1,-0.08,-0,-0,1,1,1,5.60306,0.0226893,0.00639178,-0.00560964,-0.910782,-0.823389
4696,1,-0.08,-0,-0,1,1,1,5.60296,-0.0349066,0.00532648,-0.005611,-0.899244,-0.992578
4697,1,-0.08,-0,-0,1,1,1,5.60306,-0.0226893,-0.00852238,-0.00556891,-0.74135,-0.721875
4698,1,-0.08,-0,-0,1,1,1,5.60296,0,-0.00426119,-0.00558491,-0.790335,-0.845947
4699,1,-0.08,-0,-0,1,1,1,5.60296,0,0.0138489,-0.00560417,-0.992088,-0.981299
4700,1,-0.08,-0,-0,1,1,1,5.60296,0,-0.028763,-0.0056211,-0.525592,-0.924902
4701,1,-0.08,-0,-0,1,1,1,5.60296,0.0506145,1.76123e-18,-0.0056194,-0.84176,-0.891064
4702,1,-0.08,-0,-0,1,1,1,5.60296,-0.00872665,-0.00532648,-0.00561883,-0.783095,-0.789551
4703,1,-0.08,-0,-0,1,1,1,5.60296,0,-0.00532648,-0.00559993,-0.7806,-0.834668
4704,1,-0.08,-0,-0,1,1,1,5.60296,0.010472,-0.00852238,-0.00558891,-0.74399,-0.834668
4705,1,-0.08,-0,-0,1,1,1,5.60296,0,0.00958767,-0.00563278,-0.948991,-0.947461
4706,1,-0.08,-0,-0,1,1,1,5.60286,-0.0122173,-0.00426119,-0.00566247,-0.800573,-0.95874
4707,1,-0.08,-0,-0,1,1,1,5.60286,0.015708,-0.00426119,-0.00565218,-0.799215,-0.879785
4708,1,-0.08,-0,-0,1,1,1,5.60286,0,0.00213059,-0.00564054,-0.867988,-0.947461
4709,1,-0.08,-0,-0,1,1,1,5.60296,-0.00872665,-0.0010653,-0.00565528,-0.834779,-0.891064
4710,1,-0.08,-0,-0,1,1,1,5.60286,0,-0.00426119,-0.00567017,-0.801589,-0.879785
4711,1,-0.08,-0,-0,1,1,1,5.60286,0,0.01811,-0.0056991,-1.05149,-0.721875
4712,1,-0.08,-0,-0,1,1,1,5.60286,-0.0314159,-0.00213059,-0.00566085,-0.823796,-0.676758
4713,1,-0.08,-0,-0,1,1,1,5.60286,0,0.0170448,-0.00567023,-1.03596,-0.721875
4714,1,-0.08,-0,-0,1,1,1,5.60286,-0.0226893,-0.00745708,-0.00565735,-0.764742,-0.823389
4715,1,-0.08,-0,-0,1,1,1,5.60286,0,0.0010653,-0.00564672,-0.857085,-0.688037
4716,1,-0.08,-0,-0,1,1,1,5.60277,-0.0453786,0.0298283,-0.00568113,-1.17802,-0.924902
4717,1,-0.08,-0,-0,1,1,1,5.60277,-0.0296706,-0.0010653,-0.00572686,-0.844228,-0.80083
4718,1,-0.08,-0,-0,1,1,1,5.60277,0.0122173,-0.00213059,-0.00567049,-0.825068,-0.766992
4719,1,-0.08,-0,-0,1,1,1,5.60277,-0.0314159,-0.00319589,-0.00564896,-0.810508,-0.733154
4720,1,-0.08,-0,-0,1,1,1,5.60277,0.00872665,0.0149142,-0.00561872,-1.00573,-0.733154
4721,1,-0.08,-0,-0,1,1,1,5.60277,-0.0331613,-0.00213059,-0.00562913,-0.819609,-0.665479
4722,1,-0.08,-0,-0,1,1,1,5.60277,0,0.010653,-0.00564478,-0.962294,-0.924902
4723,1,-0.08,-0,-0,1,1,1,5.60277,-0.00872665,-0.0245018,-0.00565059,-0.576357,-0.823389
4724,1,-0.08,-0,-0,1,1,1,5.60277,0,-0.00852238,-0.00562856,-0.749224,-0.778271
4725,1,-0.08,-0,-0,1,1,1,5.60277,0,-0.0010653,-0.00564723,-0.833717,-0.879785
4726,1,-0.08,-0,-0,1,1,1,5.60277,0,1.63077e-18,-0.00561773,-0.84154,-0.879785
4727,1,-0.08,-0,-0,1,1,1,5.60277,-0.0139626,0.0117183,-0.00563545,-0.972781,-0.789551
4728,1,-0.08,-0,-0,1,1,1,5.60277,0,-0.00639178,-0.00568064,-0.779535,-1.04897
4729,1,-0.08,-0,-0,1,1,1,5.60277,0.0174533,-0.00958767,-0.00568575,-0.745055,-0.936182
4730,1,-0.08,-0,-0,1,1,1,5.60277,0,-0.0138489,-0.00569514,-0.699421,-0.755713
4731,1,-0.08,-0,-0,1,1,1,5.60277,0.00872665,-0.0223712,-0.00567097,-0.602484,-0.981299
4732,1,-0.08,-0,-0,1,1,1,5.60277,0,-0.0127836,-0.00568865,-0.710283,-0.891064
4733,1,-0.08,-0,-0,1,1,1,5.60277,0.0261799,-0.00426119,-0.00569872,-0.805358,-0.766992
4734,1,-0.08,-0,-0,1,1,1,5.60267,-0.020944,0.0127836,-0.00570672,-0.993906,-0.733154
4735,1,-0.08,-0,-0,1,1,1,5.60267,-0.020944,-0.0010653,-0.00572549,-0.844047,-0.891064
4736,1,-0.08,-0,-0,1,1,1,5.60267,0,0.0245018,-0.00573401,-1.12641,-0.80083
4737,1,-0.08,-0,-0,1,1,1,5.60258,-0.0296706,-0.00745708,-0.00573751,-0.775323,-1.08281
4738,1,-0.08,-0,-0,1,1,1,5.60267,0.0349066,0.00213059,-0.00571637,-0.877998,-0.924902
4739,1,-0.08,-0,-0,1,1,1,5.60267,-0.00174533,0.00532648,-0.00574521,-0.916959,-1.07153
4740,1,-0.08,-0,-0,1,1,1,5.60258,0.00349066,-0.0138489,-0.00573847,-0.705141,-0.924902
4741,1,-0.08,-0,-0,1,1,1,5.60258,0,-0.00426119,-0.00572125,-0.808331,-0.868506
4742,1,-0.08,-0,-0,1,1,1,5.60258,0,-0.00532648,-0.00569423,-0.793047,-0.845947
4743,1,-0.08,-0,-0,1,1,1,5.60258,0,0.00639178,-0.00570057,-0.922785,-0.80083
4744,1,-0.08,-0,-0,1,1,1,5.60258,0,-0.00958767,-0.005722,-0.749839,-1.06025
4745,1,-0.08,-0,-0,1,1,1,5.60258,0.0174533,-0.00958767,-0.00567391,-0.743491,-0.721875
4746,1,-0.08,-0,-0,1,1,1,5.60258,-0.0401426,0.0149142,-0.00570245,-1.01678,-0.80083
4747,1,-0.08,-0,-0,1,1,1,5.60258,0,0.00213059,-0.00570826,-0.876927,-0.857227
4748,1,-0.08,-0,-0,1,1,1,5.60258,0,0.01811,-0.00572028,-1.05429,-0.936182
4749,1,-0.08,-0,-0,1,1,1,5.60258,-0.0366519,5.87076e-19,-0.00569938,-0.852319,-0.823389
4750,1,-0.08,-0,-0,1,1,1,5.60258,0.0174533,-0.00958767,-0.00568787,-0.745334,-0.778271
4751,1,-0.08,-0,-0,1,1,1,5.60258,0.00872665,-0.010653,-0.00566973,-0.731222,-0.992578
4752,1,-0.08,-0,-0,1,1,1,5.60258,0,0.00745708,-0.00566709,-0.930083,-0.857227
4753,1,-0.08,-0,-0,1,1,1,5.60248,0,9.78459e-19,-0.00563869,-0.844308,-0.688037
4754,1,-0.08,-0,-0,1,1,1,5.60258,-0.0488692,0.00532648,-0.00566459,-0.906317,-1.00386
4755,1,-0.08,-0,-0,1,1,1,5.60248,0.0401426,-0.00958767,-0.00569785,-0.746652,-0.879785
4756,1,-0.08,-0,-0,1,1,1,5.60248,-0.0436332,-0.00958767,-0.00571119,-0.748413,-1.01514
4757,1,-0.08,-0,-0,1,1,1,5.60248,0.020944,-0.0191753,-0.00566717,-0.637138,-0.744434
4758,1,-0.08,-0,-0,1,1,1,5.60248,-0.0261799,-0.0266324,-0.00562002,-0.548886,-0.688037
4759,1,-0.08,-0,-0,1,1,1,5.60248,0,0.0117183,-0.00562091,-0.970861,-0.868506
4760,1,-0.08,-0,-0,1,1,1,5.60239,-0.00872665,0.00852238,-0.0056354,-0.937619,-0.891064
4761,1,-0.08,-0,-0,1,1,1,5.60239,-0.00872665,-0.0138489,-0.0056183,-0.689278,-0.868506
4762,1,-0.08,-0,-0,1,1,1,5.60248,0.0139626,-0.0010653,-0.00560503,-0.828146,-0.789551
4763,1,-0.08,-0,-0,1,1,1,5.60248,0.00349066,0.00319589,-0.00560053,-0.874424,-0.710596
4764,1,-0.08,-0,-0,1,1,1,5.60248,0,0.00426119,-0.00560929,-0.887299,-0.823389
4765,1,-0.08,-0,-0,1,1,1,5.60248,0,0.00958767,-0.00561513,-0.946661,-0.95874
4766,1,-0.08,-0,-0,1,1,1,5.60239,-0.00872665,-0.00852238,-0.00559187,-0.74438,-0.834668
4767,1,-0.08,-0,-0,1,1,1,5.60248,0,1.95692e-18,-0.00555678,-0.833494,-0.845947
4768,1,-0.08,-0,-0,1,1,1,5.60248,0.00698132,0.0223712,-0.00558205,-1.08291,-0.845947
4769,1,-0.08,-0,-0,1,1,1,5.60239,-0.0191986,0.0191753,-0.00559021,-1.04884,-0.80083
4770,1,-0.08,-0,-0,1,1,1,5.60248,0.00523599,0.00532648,-0.00559097,-0.8966,-0.902344
4771,1,-0.08,-0,-0,1,1,1,5.60239,0,-0.00852238,-0.00555334,-0.739295,-0.812109
4772,1,-0.08,-0,-0,1,1,1,5.60248,0.00872665,0.0117183,-0.00555252,-0.961834,-0.891064
4773,1,-0.08,-0,-0,1,1,1,5.60239,0,0.0010653,-0.00554241,-0.843316,-0.710596
4774,1,-0.08,-0,-0,1,1,1,5.60248,0,0.00852238,-0.00555842,-0.927457,-0.845947
4775,1,-0.08,-0,-0,1,1,1,5.60239,0,0.00639178,-0.005568,-0.905286,-0.778271
4776,1,-0.08,-0,-0,1,1,1,5.60248,0,-0.00319589,-0.0055717,-0.80031,-0.778271
4777,1,-0.08,-0,-0,1,1,1,5.60239,0,0.00532648,-0.00555923,-0.89241,-0.80083
4778,1,-0.08,-0,-0,1,1,1,5.60248,0,-4.56614e-19,-0.00556584,-0.834691,-0.834668
4779,1,-0.08,-0,-0,1,1,1,5.60239,0,0.0117183,-0.00561343,-0.969874,-0.947461
4780,1,-0.08,-0,-0,1,1,1,5.60239,0,-0.0117183,-0.00563483,-0.714897,-1.02642
4781,1,-0.08,-0,-0,1,1,1,5.60239,0.00872665,-0.0010653,-0.00565894,-0.835262,-0.778271
4782,1,-0.08,-0,-0,1,1,1,5.60239,0,-0.00426119,-0.00565649,-0.799783,-0.676758
4783,1,-0.08,-0,-0,1,1,1,5.60239,0,-0.00852238,-0.00562513,-0.748771,-0.80083
4784,1,-0.08,-0,-0,1,1,1,5.60239,0,-0.00745708,-0.00560691,-0.758085,-0.609082
4785,1,-0.08,-0,-0,1,1,1,5.60239,0,-2.60922e-19,-0.00560053,-0.83927,-0.676758
4786,1,-0.08,-0,-0,1,1,1,5.60239,-0.0436332,0.0149142,-0.00560518,-1.00394,-0.688037
4787,1,-0.08,-0,-0,1,1,1,5.60239,-0.0349066,-0.0213059,-0.00563249,-0.609123,-0.913623
4788,1,-0.08,-0,-0,1,1,1,5.60239,0.0244346,0.0213059,-0.00564138,-1.07903,-0.789551
4789,1,-0.08,-0,-0,1,1,1,5.60229,-0.00349066,0.0010653,-0.00561175,-0.852469,-0.845947
4790,1,-0.0799998,0.000118795,0.0472808,1,1,1,5.60248,0,-0.01811,-0.00559981,-0.631802,-0.778271
4791,1,-0.0799984,0.000470425,0.093137,1,1,1,5.60239,0.0471239,-0.00426119,-0.00557729,-0.77034,-0.710596
4792,1,-0.0799947,0.00104781,0.137583,1,1,1,5.60239,-0.0296706,0.01811,-0.00558858,-1.00451,-0.676758
4793,1,-0.0799876,0.00184391,0.180631,1,1,1,5.60229,-0.0244346,0.00532648,-0.00560842,-0.850612,-0.924902
4794,1,-0.0799759,0.00285185,0.222299,1,1,1,5.60229,0.00872665,0.01811,-0.00560523,-0.972503,-0.778271
4795,1,-0.0799587,0.00406469,0.262598,1,1,1,5.60239,-0.0349066,0.00639178,-0.00558463,-0.820249,-0.755713
4796,1,-0.079935,0.00547553,0.301541,1,1,1,5.60239,0,0.00319589,-0.00559267,-0.763277,-0.755713
4797,1,-0.0799037,0.00707764,0.339143,1,1,1,5.60239,0.0349066,0.0010653,-0.00553989,-0.707833,-0.620361
4798,1,-0.0798639,0.00886451,0.375422,1,1,1,5.60239,-0.0296706,0.0010653,-0.0055161,-0.677565,-0.755713
4799,1,-0.0798147,0.0108299,0.410399,1,1,1,5.60239,0.020944,-0.00852238,-0.00547975,-0.538163,-0.563965
4800,1,-0.0797553,0.0129665,0.444071,1,1,1,5.60239,0,0.00958767,-0.00544508,-0.701737,-0.507568
4801,1,-0.0796848,0.0152684,0.476464,1,1,1,5.60239,0,-0.00958767,-0.00534447,-0.444615,-0.586523
4802,1,-0.0796023,0.0177291,0.50759,1,1,1,5.60248,0.0226893,0.0010653,-0.00527707,-0.518214,-0.451172
4803,1,-0.0795072,0.0203423,0.537464,1,1,1,5.60248,0.0349066,-0.00852238,-0.0052071,-0.367128,-0.507568
4804,1,-0.0793987,0.0231016,0.566098,1,1,1,5.60248,-0.0506145,0.00532648,-0.00513646,-0.472132,-0.541406
4805,1,-0.079276,0.0260011,0.593507,1,1,1,5.60248,0.00174533,0.00213059,-0.00502975,-0.383335,-0.518848
4806,1,-0.0791384,0.0290349,0.61971,1,1,1,5.60258,0,0.0159795,-0.00494744,-0.483766,-0.496289
4807,1,-0.0789854,0.0321962,0.644715,1,1,1,5.60258,0,0.00213059,-0.00481933,-0.272079,-0.507568
4808,1,-0.0788163,0.0354801,0.668541,1,1,1,5.60258,0.00872665,0.00745708,-0.00467362,-0.267658,-0.383496
4809,1,-0.0786304,0.0388796,0.691197,1,1,1,5.60267,0.0122173,-0.00745708,-0.00449668,-0.0352056,-0.338379
4810,1,-0.0784273,0.04239,0.712705,1,1,1,5.60277,0.0174533,0.0138489,-0.00432781,-0.201042,-0.180469
4811,1,-0.0782064,0.0460044,0.733071,1,1,1,5.60277,0.0191986,0.0138489,-0.00414927,-0.130116,-0.214307
4812,1,-0.0779671,0.0497192,0.752321,1,1,1,5.60286,0.0174533,0.00852238,-0.00398388,-0.00126301,-0.225586
4813,1,-0.077709,0.0535258,0.770454,1,1,1,5.60286,0.0279253,0.00745708,-0.00378348,0.0863176,-0.15791
4814,1,-0.0774317,0.0574211,0.787497,1,1,1,5.60296,0.0174533,0.00852238,-0.00354258,0.157488,-0.214307
4815,1,-0.0771346,0.0613994,0.803461,1,1,1,5.60315,0.0296706,0.0372854,-0.00336776,-0.0851587,-0.135352
4816,1,-0.0768176,0.0654542,0.818358,1,1,1,5.60315,0.0174533,0.0276977,-0.00313418,0.103962,0.0338379
4817,1,-0.07648,0.0695814,0.832204,1,1,1,5.60334,0.0279253,0.0159795,-0.00292171,0.314059,-0.0225586
4818,1,-0.0761216,0.0737746,0.845012,1,1,1,5.60344,0.0314159,0.0351548,-0.00265629,0.193751,0
4819,1,-0.0757422,0.078029,0.856797,1,1,1,5.60363,0.0366519,0.039416,-0.00243862,0.231227,0.169189
4820,1,-0.0753412,0.0823412,0.867578,1,1,1,5.60382,0.0366519,0.0468731,-0.00217917,0.2405,0.236865
4821,1,-0.0749186,0.086704,0.877363,1,1,1,5.60411,0,0.0415466,-0.00195887,0.384934,0.281982
4822,1,-0.0744741,0.0911133,0.886169,1,1,1,5.6043,0.0733038,0.0276977,-0.00172196,0.626168,0.360938
4823,1,-0.0740075,0.0955637,0.894009,1,1,1,5.60478,0.0558505,0.0415466,-0.00151033,0.560028,0.281982
4824,1,-0.0735185,0.100051,0.900899,1,1,1,5.60488,0.0663225,0.0777667,-0.00135918,0.239427,0.270703
4825,1,-0.0730069,0.104571,0.906854,1,1,1,5.60526,0.0593412,0.0703096,-0.00127673,0.38873,0.214307
4826,1,-0.0724727,0.109118,0.911887,1,1,1,5.60555,0.102974,0.0830932,-0.00111091,0.328668,0.439893
4827,1,-0.0719157,0.113688,0.916012,1,1,1,5.60612,0.0471239,0.0841585,-0.000912799,0.402405,0.507568
4828,1,-0.0713358,0.118277,0.919245,1,1,1,5.60651,0.111701,0.0767014,-0.000768493,0.561916,0.530127
4829,1,-0.0707329,0.12288,0.9216,1,1,1,5.60699,0.136136,0.100138,-0.000626525,0.382253,0.417334
4830,1,-0.0701062,0.127497,0.923092,1,1,1,5.60756,0.0890118,0.113987,-0.000526257,0.301428,0.451172
4831,1,-0.0694579,0.132109,0.923731,1,1,1,5.60804,0.141372,0.0916155,-0.000434999,0.617311,0.406055
4832,1,-0.0687859,0.136727,0.923537,1,1,1,5.60862,0.0977384,0.10866,-0.00035239,0.499164,0.496289
4833,1,-0.0680907,0.141343,0.922522,1,1,1,5.60929,0.143117,0.138489,-0.000268037,0.24062,0.31582
4834,1,-0.0673725,0.145951,0.9207,1,1,1,5.60986,0.125664,0.129966,-0.000197096,0.401095,0.225586
4835,1,-0.0666312,0.150549,0.918087,1,1,1,5.61063,0.164061,0.129966,-0.000106914,0.470463,0.394775
4836,1,-0.0658666,0.155133,0.914694,1,1,1,5.61121,0.115192,0.140619,4.92578e-06,0.425988,0.394775
4837,1,-0.0650799,0.159694,0.910541,1,1,1,5.61207,0.122173,0.131032,8.77819e-05,0.599453,0.417334
4838,1,-0.0642701,0.164235,0.905638,1,1,1,5.61264,0.162316,0.150207,0.000121105,0.448979,0.406055
4839,1,-0.0634377,0.168749,0.900001,1,1,1,5.61351,0.164061,0.156599,0.000152373,0.438144,0.496289
4840,1,-0.0625827,0.173234,0.893644,1,1,1,5.61408,0.111701,0.149142,0.000225265,0.585526,0.462451
4841,1,-0.0617052,0.177685,0.886579,1,1,1,5.61523,0.171042,0.155533,0.000338323,0.586362,0.541406
4842,1,-0.0608058,0.182099,0.878826,1,1,1,5.61581,0.151844,0.161925,0.000413144,0.580929,0.563965
4843,1,-0.0598844,0.186472,0.870395,1,1,1,5.61686,0.169297,0.143815,0.000502008,0.846231,0.496289
4844,1,-0.0589412,0.190801,0.861301,1,1,1,5.61753,0.188496,0.164056,0.000605583,0.691944,0.541406
4845,1,-0.0579765,0.195084,0.85156,1,1,1,5.61868,0.181514,0.202406,0.000666774,0.331848,0.597803
4846,1,-0.0569904,0.199316,0.841184,1,1,1,5.61926,0.136136,0.198145,0.000723927,0.438415,0.394775
4847,1,-0.0559834,0.203495,0.83019,1,1,1,5.62051,0.188496,0.187492,0.000754723,0.61055,0.552686
4848,1,-0.0549556,0.207617,0.818591,1,1,1,5.62118,0.185005,0.208798,0.000799037,0.433201,0.620361
4849,1,-0.0539071,0.21168,0.806399,1,1,1,5.62242,0.15708,0.194949,0.000877074,0.64592,0.676758
4850,1,-0.0528344,0.215696,0.793582,1,1,1,5.62319,0.197222,0.221582,0.00088743,0.403352,0.259424
4851,1,-0.0517505,0.219616,0.780307,1,1,1,5.62434,0.211185,0.194949,0.000924454,0.748874,0.530127
4852,1,-0.0506428,0.223482,0.766433,1,1,1,5.6252,0.20944,0.227974,0.00100597,0.444878,0.507568
4853,1,-0.0495158,0.227279,0.752025,1,1,1,5.62645,0.181514,0.225843,0.00107144,0.524095,0.541406
4854,1,-0.0483697,0.231003,0.737095,1,1,1,5.62731,0.219911,0.19708,0.00112784,0.893488,0.439893
4855,1,-0.0472053,0.234651,0.721662,1,1,1,5.62875,0.268781,0.210929,0.00122929,0.800639,0.64292
4856,1,-0.0460246,0.238215,0.705763,1,1,1,5.62952,0.169297,0.227974,0.00129412,0.665926,0.721875
4857,1,-0.0448249,0.241703,0.689371,1,1,1,5.63076,0.237365,0.223712,0.00136495,0.765369,0.541406
4858,1,-0.0436079,0.245108,0.672516,1,1,1,5.63172,0.235619,0.216255,0.00144993,0.901171,0.654199
4859,1,-0.0423739,0.248427,0.655213,1,1,1,5.63316,0.263545,0.242888,0.00156392,0.665703,0.710596
4860,1,-0.0411228,0.251661,0.637469,1,1,1,5.63412,0.247837,0.246084,0.00164228,0.681706,0.744434
4861,1,-0.0398574,0.254802,0.619329,1,1,1,5.63565,0.216421,0.256737,0.00166605,0.605821,0.834668
4862,1,-0.0385758,0.257852,0.600775,1,1,1,5.63652,0.198968,0.266324,0.00154422,0.520995,0.676758
4863,1,-0.0372782,0.260811,0.58182,1,1,1,5.63805,0.260054,0.258867,0.00157744,0.64343,0.665479
4864,1,-0.035967,0.263671,0.562503,1,1,1,5.63911,0.246091,0.2333,0.0015918,0.960472,0.620361
4865,1,-0.0346424,0.266434,0.542835,1,1,1,5.64083,0.338594,0.25141,0.00161149,0.797655,0.64292
4866,1,-0.0333038,0.269097,0.522817,1,1,1,5.64189,0.244346,0.275912,0.00158336,0.556034,0.699316
4867,1,-0.0319479,0.271668,0.502403,1,1,1,5.64332,0.275762,0.284434,0.00157526,0.491695,0.541406
4868,1,-0.0305872,0.274122,0.481789,1,1,1,5.64476,0.363028,0.298283,0.00155366,0.365199,0.654199
4869,1,-0.0292106,0.276478,0.460815,1,1,1,5.6462,0.150098,0.304675,0.00142471,0.302926,0.518848
4870,1,-0.0278227,0.278729,0.439557,1,1,1,5.64716,0.261799,0.299348,0.00130466,0.369419,0.31582
4871,1,-0.0264234,0.280873,0.418018,1,1,1,5.64917,0.333358,0.28763,0.00128574,0.519594,0.47373
4872,1,-0.0250141,0.282909,0.396226,1,1,1,5.65023,0.232129,0.281238,0.0012701,0.610895,0.530127
4873,1,-0.0235937,0.284836,0.374173,1,1,1,5.65195,0.331613,0.297218,0.00119166,0.445389,0.48501
4874,1,-0.0221638,0.286653,0.351884,1,1,1,5.65301,0.225147,0.294022,0.00113327,0.491894,0.518848
4875,1,-0.0207284,0.288354,0.329433,1,1,1,5.65483,0.314159,0.289761,0.00116323,0.562232,0.575244
4876,1,-0.0192826,0.289944,0.306747,1,1,1,5.65598,0.282743,0.290826,0.00119591,0.572902,0.507568
4877,1,-0.0178291,0.291421,0.283871,1,1,1,5.65761,0.29147,0.289761,0.00122708,0.60554,0.688037
4878,1,-0.0163675,0.292784,0.260807,1,1,1,5.65876,0.274017,0.274847,0.00127014,0.790555,0.586523
4879,1,-0.0149013,0.294029,0.237616,1,1,1,5.66058,0.347321,0.2855,0.00132235,0.694744,0.665479
4880,1,-0.0134261,0.295161,0.214231,1,1,1,5.66173,0.272271,0.274847,0.00136627,0.830363,0.812109
4881,1,-0.0119501,0.296171,0.190791,1,1,1,5.66336,0.296706,0.291891,0.00136082,0.653164,0.631641
4882,1,-0.0104669,0.297067,0.167195,1,1,1,5.66451,0.268781,0.296153,0.00135335,0.614318,0.688037
4883,1,-0.00897823,0.297844,0.143479,1,1,1,5.66614,0.284489,0.294022,0.00141449,0.654254,0.609082
4884,1,-0.00748875,0.298501,0.11972,1,1,1,5.66748,0.356047,0.278043,0.00148694,0.847064,0.710596
4885,1,-0.0059948,0.29904,0.0958656,1,1,1,5.66911,0.249582,0.296153,0.00154894,0.662225,0.744434
4886,1,-0.00449745,0.29946,0.0719375,1,1,1,5.67026,0.329867,0.288695,0.00159919,0.755121,0.676758
4887,1,-0.00299918,0.29976,0.0479805,1,1,1,5.67228,0.303687,0.298283,0.00167126,0.662863,0.992578
4888,1,-0.00150109,0.29994,0.0240166,1,1,1,5.67343,0.249582,0.312132,0.00164282,0.507025,0.688037
4889,1,-1.011e-07,0.3,1.6176e-06,1,1,1,5.67496,0.301942,0.316393,0.0016334,0.457936,0.699316
4890,1,0.00149982,0.29994,-0.0239963,1,1,1,5.67621,0.280998,0.297218,0.00157857,0.657898,0.665479
4891,1,0.00299905,0.29976,-0.0479784,1,1,1,5.67784,0.307178,0.313197,0.00155943,0.475398,0.451172
4892,1,0.00449729,0.29946,-0.071935,1,1,1,5.67918,0.34383,0.291891,0.00159613,0.709839,0.609082
4893,1,0.00599384,0.299041,-0.0958502,1,1,1,5.68091,0.289725,0.313197,0.00166754,0.479575,0.766992
4894,1,0.00748746,0.298502,-0.119699,1,1,1,5.68206,0.275762,0.296153,0.00164826,0.655644,0.586523
4895,1,0.00897851,0.297844,-0.143483,1,1,1,5.68369,0.329867,0.280173,0.00173736,0.835327,0.744434
4896,1,0.0104646,0.297068,-0.167158,1,1,1,5.68503,0.310669,0.313197,0.00176325,0.465352,0.733154
4897,1,0.0119479,0.296173,-0.190755,1,1,1,5.68666,0.249582,0.296153,0.00182075,0.648981,0.80083
4898,1,0.0134261,0.295161,-0.214232,1,1,1,5.6879,0.293215,0.310001,0.00177747,0.47634,0.563965
4899,1,0.0149007,0.29403,-0.237607,1,1,1,5.68953,0.294961,0.314263,0.00175859,0.411158,0.620361
4900,1,0.0163673,0.292784,-0.260804,1,1,1,5.69078,0.282743,0.2855,0.00174924,0.708656,0.496289
4901,1,0.0178281,0.291422,-0.283855,1,1,1,5.69241,0.324631,0.296153,0.00170631,0.567145,0.507568
4902,1,0.0192833,0.289944,-0.306756,1,1,1,5.69366,0.303687,0.307871,0.00169311,0.416877,0.64292
4903,1,0.0207281,0.288354,-0.329428,1,1,1,5.69538,0.251327,0.315328,0.00165859,0.308884,0.64292
4904,1,0.0221635,0.286653,-0.351881,1,1,1,5.69663,0.338594,0.312132,0.00159627,0.31229,0.518848
4905,1,0.0235936,0.284837,-0.374171,1,1,1,5.69836,0.233874,0.2855,0.00155203,0.574167,0.518848
4906,1,0.0250119,0.282912,-0.396192,1,1,1,5.69951,0.267035,0.294022,0.00144808,0.439861,0.338379
4907,1,0.0264227,0.280875,-0.418007,1,1,1,5.70123,0.305433,0.298283,0.00139849,0.358843,0.428613
4908,1,0.0278205,0.278733,-0.439522,1,1,1,5.70229,0.268781,0.26739,0.00135364,0.663572,0.541406
4909,1,0.0292095,0.27648,-0.460798,1,1,1,5.70392,0.315905,0.2855,0.00134556,0.434096,0.518848
4910,1,0.0305851,0.274125,-0.481758,1,1,1,5.70516,0.286234,0.26739,0.00133223,0.600521,0.530127
4911,1,0.0319508,0.271662,-0.502447,1,1,1,5.7067,0.263545,0.266324,0.0013699,0.586478,0.586523
4912,1,0.0333025,0.2691,-0.522798,1,1,1,5.70765,0.232129,0.250345,0.00139426,0.732808,0.47373
4913,1,0.0346416,0.266435,-0.542824,1,1,1,5.70919,0.270526,0.270585,0.00138041,0.474582,0.530127
4914,1,0.0359658,0.263674,-0.562485,1,1,1,5.71015,0.244346,0.230104,0.00143567,0.892402,0.699316
4915,1,0.0372784,0.26081,-0.581823,1,1,1,5.71178,0.305433,0.240757,0.00146932,0.744192,0.654199
4916,1,0.0385738,0.257857,-0.600747,1,1,1,5.71264,0.205949,0.257802,0.00156755,0.534272,0.857227
4917,1,0.0398563,0.254804,-0.619314,1,1,1,5.71408,0.18675,0.255671,0.00163038,0.528595,0.597803
4918,1,0.0411217,0.251664,-0.637454,1,1,1,5.71504,0.272271,0.260998,0.00165448,0.434264,0.383496
4919,1,0.042373,0.24843,-0.655201,1,1,1,5.71638,0.233874,0.250345,0.00177591,0.529336,0.744434
4920,1,0.0436058,0.245113,-0.672488,1,1,1,5.71763,0.277507,0.222647,0.00186405,0.805723,0.631641
4921,1,0.044824,0.241705,-0.689359,1,1,1,5.71878,0.226893,0.234365,0.00192029,0.643383,0.64292
4922,1,0.0460237,0.238218,-0.705751,1,1,1,5.71973,0.244346,0.218386,0.00196195,0.781982,0.699316
4923,1,0.0472067,0.234647,-0.72168,1,1,1,5.72089,0.225147,0.224778,0.00203497,0.678975,0.48501
4924,1,0.0483702,0.231001,-0.737102,1,1,1,5.72184,0.274017,0.235431,0.00207871,0.522362,0.597803
4925,1,0.0495158,0.227279,-0.752026,1,1,1,5.72328,0.204204,0.207733,0.00214096,0.787351,0.676758
4926,1,0.0506428,0.223482,-0.766434,1,1,1,5.72415,0.21293,0.218386,0.00217627,0.626082,0.654199
4927,1,0.0517496,0.219619,-0.780296,1,1,1,5.72549,0.221657,0.234365,0.00219117,0.402762,0.620361
4928,1,0.0528379,0.215684,-0.793624,1,1,1,5.72635,0.214675,0.208798,0.00217076,0.631004,0.47373
4929,1,0.0539071,0.21168,-0.806399,1,1,1,5.7276,0.232129,0.234365,0.00211238,0.290994,0.439893
4930,1,0.0549553,0.207618,-0.818588,1,1,1,5.72827,0.162316,0.224778,0.00202728,0.333385,0.406055
4931,1,0.0559834,0.203495,-0.83019,1,1,1,5.72951,0.249582,0.220516,0.00203009,0.328366,0.552686
4932,1,0.0569895,0.19932,-0.841175,1,1,1,5.73057,0.204204,0.199211,0.00203194,0.510048,0.552686
4933,1,0.0579763,0.195084,-0.851558,1,1,1,5.73153,0.15708,0.198145,0.00197663,0.460896,0.372217
4934,1,0.058941,0.190802,-0.861299,1,1,1,5.7322,0.195477,0.213059,0.00193324,0.237029,0.394775
4935,1,0.0598843,0.186472,-0.870394,1,1,1,5.73344,0.158825,0.175774,0.00191722,0.590478,0.439893
4936,1,0.0608057,0.182099,-0.878824,1,1,1,5.73431,0.228638,0.168317,0.0019118,0.616802,0.507568
4937,1,0.0617046,0.177688,-0.886574,1,1,1,5.73527,0.169297,0.184296,0.00191104,0.385556,0.451172
4938,1,0.0625818,0.173238,-0.893637,1,1,1,5.73584,0.148353,0.161925,0.00191239,0.576063,0.394775
4939,1,0.0634369,0.168753,-0.899996,1,1,1,5.7369,0.205949,0.164056,0.00196819,0.503897,0.451172
4940,1,0.0642695,0.164238,-0.905635,1,1,1,5.73766,0.167552,0.183231,0.00198384,0.238688,0.394775
4941,1,0.0650827,0.159678,-0.910557,1,1,1,5.73853,0.0994838,0.152337,0.00197706,0.520825,0.586523
4942,1,0.0658669,0.155131,-0.914695,1,1,1,5.7391,0.13439,0.171513,0.00194145,0.248654,0.417334
4943,1,0.0666311,0.150549,-0.918086,1,1,1,5.73996,0.151844,0.14488,0.00194925,0.485774,0.394775
4944,1,0.0673718,0.145956,-0.920698,1,1,1,5.74064,0.146608,0.148076,0.00194326,0.392942,0.3271
4945,1,0.0680901,0.141347,-0.922521,1,1,1,5.7414,0.13439,0.137423,0.00192167,0.450311,0.31582
4946,1,0.0687857,0.136728,-0.923537,1,1,1,5.74198,0.141372,0.143815,0.00190976,0.321454,0.372217
4947,1,0.0694579,0.132109,-0.923731,1,1,1,5.74265,0.101229,0.119313,0.00192267,0.535825,0.349658
4948,1,0.0701063,0.127496,-0.923091,1,1,1,5.74313,0.129154,0.10653,0.00199333,0.6291,0.394775
4949,1,0.0707323,0.122884,-0.921602,1,1,1,5.7438,0.113446,0.115052,0.00199232,0.478675,0.417334
4950,1,0.0713358,0.118276,-0.919245,1,1,1,5.74418,0.102974,0.0692443,0.00208709,0.938718,0.518848
4951,1,0.0719152,0.113692,-0.916015,1,1,1,5.74505,0.150098,0.109726,0.00213255,0.443477,0.47373
4952,1,0.0724721,0.109123,-0.911891,1,1,1,5.74524,0.0331613,0.0649831,0.0021851,0.886955,0.575244
4953,1,0.0730064,0.104575,-0.906859,1,1,1,5.746,0.171042,0.102269,0.00225194,0.430393,0.597803
4954,1,0.0735183,0.100053,-0.900901,1,1,1,5.7462,0.00349066,0.0916155,0.00229599,0.498592,0.552686
4955,1,0.074007,0.0955676,-0.894015,1,1,1,5.74658,0.10472,0.0724402,0.00233681,0.660707,0.406055
4956,1,0.074474,0.091114,-0.88617,1,1,1,5.74696,0.0925025,0.0639178,0.00240986,0.710406,0.47373
4957,1,0.0749191,0.086699,-0.877352,1,1,1,5.74763,0.10821,0.102269,0.00248701,0.245659,0.64292
4958,1,0.0753409,0.0823449,-0.867587,1,1,1,5.74783,0.0366519,0.0809626,0.00254407,0.435371,0.563965
4959,1,0.0757418,0.0780334,-0.856809,1,1,1,5.74821,0.0488692,0.0841585,0.00256249,0.351132,0.496289
4960,1,0.0761213,0.0737783,-0.845023,1,1,1,5.7484,0.0401426,0.0830932,0.00259287,0.316177,0.451172
4961,1,0.0764797,0.069585,-0.832216,1,1,1,5.74888,0.0488692,0.0511343,0.0026272,0.622476,0.406055
4962,1,0.0768172,0.0654582,-0.818372,1,1,1,5.74917,0.10472,0.0490037,0.0026477,0.599809,0.541406
4963,1,0.0771344,0.0614025,-0.803473,1,1,1,5.74955,0.0506145,0.0607219,0.00266975,0.426032,0.541406
4964,1,0.0774314,0.0574251,-0.787514,1,1,1,5.74965,0.0261799,0.0383507,0.00270801,0.630493,0.47373
4965,1,0.0777089,0.0535277,-0.770463,1,1,1,5.75013,0.0907571,0.050069,0.00267387,0.451548,0.507568
4966,1,0.0779669,0.049722,-0.752335,1,1,1,5.75022,0,0.0617872,0.00265808,0.276312,0.518848
4967,1,0.0782061,0.0460082,-0.733092,1,1,1,5.75032,0.0244346,0.0426119,0.00260914,0.437815,0.349658
4968,1,0.0784271,0.0423932,-0.712724,1,1,1,5.75051,0.0471239,0.0340895,0.00265481,0.495997,0.394775
4969,1,0.0786303,0.0388825,-0.691216,1,1,1,5.75089,0.015708,0.0127836,0.00268275,0.693908,0.428613
4970,1,0.0788161,0.035483,-0.668562,1,1,1,5.75099,0.0174533,0.01811,0.00278134,0.609716,0.631641
4971,1,0.0789854,0.0321956,-0.64471,1,1,1,5.75128,0.010472,0.0213059,0.00279487,0.539278,0.439893
4972,1,0.0791383,0.0290376,-0.619733,1,1,1,5.75128,0,0.0266324,0.00278245,0.443738,0.518848
4973,1,0.0792758,0.026004,-0.593534,1,1,1,5.75147,0.0314159,0.0415466,0.00281003,0.249714,0.563965
4974,1,0.0793986,0.0231021,-0.566102,1,1,1,5.75157,0.00174533,0.0255671,0.00279689,0.39194,0.338379
4975,1,0.0795072,0.0203429,-0.537471,1,1,1,5.75157,0.0279253,0.0202406,0.00279355,0.420201,0.406055
4976,1,0.0796023,0.0177315,-0.507619,1,1,1,5.75166,0.00523599,0.0255671,0.00279329,0.333675,0.372217
4977,1,0.0796847,0.0152706,-0.476494,1,1,1,5.75176,0.0122173,0.00213059,0.00280991,0.567807,0.394775
4978,1,0.0797552,0.0129686,-0.444102,1,1,1,5.75176,0.0122173,0.0213059,0.00287889,0.342254,0.552686
4979,1,0.0798147,0.0108316,-0.410427,1,1,1,5.75185,-0.0261799,0.00213059,0.00290854,0.535577,0.518848
4980,1,0.0798638,0.00886654,-0.375461,1,1,1,5.75185,0,0.00213059,0.0029281,0.518939,0.47373
4981,1,0.0799036,0.00707934,-0.33918,1,1,1,5.75185,0,0.00319589,0.00296675,0.495477,0.552686
4982,1,0.0799349,0.00547586,-0.30155,1,1,1,5.75195,0,-0.0010653,0.00299291,0.531409,0.575244
4983,1,0.0799587,0.00406567,-0.262628,1,1,1,5.75195,0,-0.01811,0.00302429,0.711212,0.530127
4984,1,0.0799759,0.00285276,-0.222332,1,1,1,5.75195,0,-0.01811,0.00305224,0.70569,0.609082
4985,1,0.0799876,0.00184468,-0.180667,1,1,1,5.75204,0.0174533,-0.00319589,0.00305373,0.535334,0.530127
4986,1,0.0799947,0.00104837,-0.137618,1,1,1,5.75195,-0.0174533,-0.0149142,0.00305756,0.661045,0.507568
4987,1,0.0799984,0.000469455,-0.0930429,1,1,1,5.75195,0.00698132,-0.0117183,0.00302571,0.620882,0.281982
4988,1,0.0799998,0.000119007,-0.0473227,1,1,1,5.75195,0.0174533,-0.00319589,0.00304341,0.531641,0.462451
4989,1,0.08,7.97058e-11,-3.91195e-05,1,1,1,5.75204,0,0.00319589,0.00302841,0.46459,0.372217
4990,1,0.08,0,0,1,1,1,5.75195,0,-0.0159795,0.00301106,0.673234,0.406055
4991,1,0.08,0,0,1,1,1,5.75204,0.0226893,-0.0138489,0.00298263,0.646044,0.428613
4992,1,0.08,0,0,1,1,1,5.75195,-0.00872665,0.00426119,0.00296207,0.444121,0.439893
4993,1,0.08,0,0,1,1,1,5.75195,0,-0.00319589,0.00295534,0.525259,0.451172
4994,1,0.08,0,0,1,1,1,5.75195,0,0.01811,0.0029329,0.287932,0.439893
4995,1,0.08,0,0,1,1,1,5.75195,-0.00872665,-0.00426119,0.00295393,0.536792,0.48501
4996,1,0.08,0,0,1,1,1,5.75204,0.0244346,-0.00213059,0.00298194,0.517053,0.530127
4997,1,0.08,0,0,1,1,1,5.75204,0,0.00426119,0.00293997,0.441203,0.439893
4998,1,0.08,0,0,1,1,1,5.75195,-0.00872665,-0.00532648,0.00294732,0.547637,0.439893
4999,1,0.08,0,0,1,1,1,5.75204,0,0.0010653,0.00293837,0.476147,0.631641
5000,1,0.08,0,0,1,1,1,5.75204,-0.010472,-0.00213059,0.00296987,0.515459,0.439893
5001,1,0.08,0,0,1,1,1,5.75204,0,-0.0138489,0.0029881,0.646767,0.394775
5002,1,0.08,0,0,1,1,1,5.75204,0.0122173,0.00639178,0.00297605,0.422529,0.597803
5003,1,0.08,0,0,1,1,1,5.75204,-0.0174533,0.0234365,0.00291033,0.226362,0.372217
5004,1,0.08,0,0,1,1,1,5.75204,0.00698132,-0.00639178,0.00290018,0.553133,0.541406
5005,1,0.08,0,0,1,1,1,5.75204,0,0.010653,0.00291208,0.367212,0.552686
5006,1,0.08,0,0,1,1,1,5.75214,0,0.010653,0.00291852,0.368062,0.439893
5007,1,0.08,0,0,1,1,1,5.75204,0,-0.00213059,0.00291254,0.507892,0.349658
5008,1,0.08,0,0,1,1,1,5.75204,0.0226893,0.0159795,0.00291231,0.308651,0.462451
5009,1,0.08,0,0,1,1,1,5.75204,-0.0122173,0.00958767,0.00289374,0.376509,0.541406
5010,1,0.08,0,0,1,1,1,5.75204,0,0.0223712,0.00286269,0.231792,0.417334
5011,1,0.08,0,0,1,1,1,5.75204,-0.0174533,0.0159795,0.00284625,0.299931,0.394775
5012,1,0.08,0,0,1,1,1,5.75204,0,-0.00532648,0.00282638,0.531673,0.428613
5013,1,0.08,0,0,1,1,1,5.75204,0,-0.00745708,0.00282247,0.554594,0.383496
5014,1,0.08,0,0,1,1,1,5.75204,0,-0.00958767,0.00280836,0.576168,0.462451
5015,1,0.08,0,0,1,1,1,5.75204,0,0.00958767,0.00275909,0.358736,0.451172
5016,1,0.08,0,0,1,1,1,5.75204,-0.0226893,0.00426119,0.00273687,0.414394,0.394775
5017,1,0.08,0,0,1,1,1,5.75204,0,0.0010653,0.00271545,0.446721,0.507568
5018,1,0.08,0,0,1,1,1,5.75204,-0.0261799,-0.00532648,0.00269622,0.514493,0.349658
5019,1,0.08,0,0,1,1,1,5.75204,0.00349066,-0.00426119,0.00269655,0.502817,0.451172
5020,1,0.08,0,0,1,1,1,5.75204,0,-0.0213059,0.00269877,0.690603,0.428613
5021,1,0.08,0,0,1,1,1,5.75214,0.0261799,-0.00958767,0.0026966,0.561415,0.372217
5022,1,0.08,0,0,1,1,1,5.75214,0,-0.00213059,0.0026817,0.477421,0.451172
5023,1,0.08,0,0,1,1,1,5.75204,0,6.52306e-19,0.00267947,0.45369,0.417334
5024,1,0.08,0,0,1,1,1,5.75204,0,0.0010653,0.00265097,0.43821,0.394775
5025,1,0.08,0,0,1,1,1,5.75204,0,-0.00639178,0.00266192,0.521683,0.383496
5026,1,0.08,0,0,1,1,1,5.75204,0,-0.0117183,0.00266355,0.58049,0.496289
5027,1,0.08,0,0,1,1,1,5.75204,0,-0.0010653,0.00263701,0.459803,0.338379
5028,1,0.08,0,0,1,1,1,5.75204,0.0191986,0.01811,0.00261329,0.245744,0.552686
5029,1,0.08,0,0,1,1,1,5.75195,-0.0122173,-0.00319589,0.00261739,0.480651,0.406055
5030,1,0.08,0,0,1,1,1,5.75214,0.0418879,-0.00639178,0.00264126,0.518956,0.47373
5031,1,0.08,0,0,1,1,1,5.75214,0,0.00745708,0.00261651,0.363352,0.406055
5032,1,0.08,0,0,1,1,1,5.75214,0,0.00426119,0.0026105,0.397712,0.338379
5033,1,0.08,0,0,1,1,1,5.75214,0,-0.0010653,0.00260389,0.455432,0.428613
5034,1,0.08,0,0,1,1,1,5.75214,0,-0.0117183,0.00260025,0.572134,0.48501
5035,1,0.08,0,0,1,1,1,5.75214,0,0.010653,0.00259529,0.325396,0.406055
5036,1,0.08,0,0,1,1,1,5.75214,0,-0.00639178,0.00262449,0.516742,0.47373
5037,1,0.08,0,0,1,1,1,5.75214,0,-0.00639178,0.00261695,0.515747,0.541406
5038,1,0.08,0,0,1,1,1,5.75214,-0.00523599,-0.0170448,0.00261176,0.632245,0.496289
5039,1,0.08,0,0,1,1,1,5.75214,0.00523599,0.00426119,0.00258705,0.394618,0.360938
5040,1,0.08,0,0,1,1,1,5.75204,0,0.00319589,0.00255806,0.402509,0.462451
5041,1,0.08,0,0,1,1,1,5.75204,0,-0.00213059,0.0025143,0.455324,0.338379
5042,1,0.08,0,0,1,1,1,5.75204,-0.00174533,-0.010653,0.00257229,0.556725,0.496289
5043,1,0.08,0,0,1,1,1,5.75214,-0.0226893,-0.01811,0.00256196,0.637389,0.338379
5044,1,0.08,0,0,1,1,1,5.75204,0.0366519,-0.00213059,0.00255863,0.461176,0.48501
5045,1,0.08,0,0,1,1,1,5.75214,-0.0383972,0.00213059,0.00255583,0.413933,0.360938
5046,1,0.08,0,0,1,1,1,5.75214,0.0541052,-0.0138489,0.00252443,0.585562,0.406055
5047,1,0.08,0,0,1,1,1,5.75214,0.00349066,-0.0010653,0.00250276,0.442083,0.372217
5048,1,0.08,0,0,1,1,1,5.75214,-0.00174533,0.00426119,0.00249683,0.382708,0.439893
5049,1,0.08,0,0,1,1,1,5.75214,0,-0.00213059,0.0025164,0.455601,0.552686
5050,1,0.08,0,0,1,1,1,5.75214,0,0.010653,0.00250297,0.313209,0.406055
5051,1,0.08,0,0,1,1,1,5.75214,0,-0.00852238,0.00246446,0.519055,0.293262
5052,1,0.08,0,0,1,1,1,5.75204,0,0.0117183,0.00243829,0.292953,0.248145
5053,1,0.08,0,0,1,1,1,5.75214,0,0.0010653,0.00239245,0.404085,0.248145
5054,1,0.08,0,0,1,1,1,5.75204,0.00872665,0.01811,0.00235505,0.211656,0.281982
5055,1,0.08,0,0,1,1,1,5.75204,0,-0.00426119,0.00239727,0.463313,0.394775
5056,1,0.08,0,0,1,1,1,5.75214,0,-0.00532648,0.00238009,0.472764,0.304541
5057,1,0.08,0,0,1,1,1,5.75214,0.00174533,-0.00213059,0.00238456,0.438199,0.293262
5058,1,0.08,0,0,1,1,1,5.75214,0,0.0138489,0.0023461,0.257348,0.304541
5059,1,0.08,0,0,1,1,1,5.75204,0,0.0138489,0.00231619,0.2534,0.349658
5060,1,0.08,0,0,1,1,1,5.75204,0,-0.010653,0.00232681,0.524322,0.383496
5061,1,0.08,0,0,1,1,1,5.75214,0.00523599,-0.0191753,0.00231359,0.616322,0.360938
5062,1,0.08,0,0,1,1,1,5.75214,0,0.00745708,0.00233029,0.32557,0.462451
5063,1,0.08,0,0,1,1,1,5.75214,-0.0244346,0.0255671,0.00232711,0.125941,0.383496
5064,1,0.08,0,0,1,1,1,5.75214,0.00698132,-0.00532648,0.00230928,0.463416,0.406055
5065,1,0.08,0,0,1,1,1,5.75214,0,0.0159795,0.00232496,0.231121,0.360938
5066,1,0.08,0,0,1,1,1,5.75214,0,-0.0191753,0.00232892,0.618347,0.360938
5067,1,0.08,0,0,1,1,1,5.75214,0.015708,-0.0202406,0.00231721,0.628519,0.349658
5068,1,0.08,0,0,1,1,1,5.75204,-0.00698132,0.00213059,0.00234106,0.385584,0.417334
5069,1,0.08,0,0,1,1,1,5.75214,-0.0139626,0.010653,0.00229869,0.286244,0.304541
5070,1,0.08,0,0,1,1,1,5.75204,-0.00872665,-0.0319589,0.00231866,0.757611,0.383496
5071,1,0.08,0,0,1,1,1,5.75224,0.015708,0.00213059,0.00233902,0.385314,0.439893
5072,1,0.08,0,0,1,1,1,5.75214,-0.015708,-0.0170448,0.00235311,0.598102,0.451172
5073,1,0.08,0,0,1,1,1,5.75214,0.00174533,0.0138489,0.00237098,0.260632,0.394775
5074,1,0.08,0,0,1,1,1,5.75214,0,0.0138489,0.0023316,0.255434,0.349658
5075,1,0.08,0,0,1,1,1,5.75214,0,0.00852238,0.00230617,0.310668,0.428613
5076,1,0.08,0,0,1,1,1,5.75214,0,-0.00426119,0.00229854,0.450281,0.394775
5077,1,0.08,0,0,1,1,1,5.75214,0,-0.0127836,0.00227521,0.540947,0.270703
5078,1,0.08,0,0,1,1,1,5.75204,0.010472,0.00426119,0.00225598,0.350917,0.406055
5079,1,0.08,0,0,1,1,1,5.75214,-0.015708,-0.00319589,0.00223512,0.430191,0.349658
5080,1,0.08,0,0,1,1,1,5.75204,0,-0.00213059,0.00218914,0.412403,0.360938
5081,1,0.08,0,0,1,1,1,5.75204,0,0.0010653,0.00215413,0.372627,0.281982
5082,1,0.08,0,0,1,1,1,5.75204,0,-0.00426119,0.00216995,0.433306,0.31582
5083,1,0.08,0,0,1,1,1,5.75214,0,-0.00319589,0.00216601,0.421068,0.48501
5084,1,0.08,0,0,1,1,1,5.75214,0,-0.00213059,0.00215383,0.407742,0.47373
5085,1,0.08,0,0,1,1,1,5.75214,0,0.00213059,0.00213926,0.358946,0.462451
5086,1,0.08,0,0,1,1,1,5.75214,0,-1.30461e-19,0.00217378,0.386939,0.47373
5087,1,0.08,0,0,1,1,1,5.75214,-0.00872665,0.00532648,0.00213732,0.323534,0.3271
5088,1,0.08,0,0,1,1,1,5.75204,-0.00349066,0.00958767,0.00213592,0.276477,0.31582
5089,1,0.08,0,0,1,1,1,5.75214,-0.0174533,0.00319589,0.0021585,0.349767,0.439893
5090,1,0.0799998,-0.00011879,-0.0472798,1,1,1,5.75214,0.00872665,-0.0010653,0.0021306,0.384794,0.383496
5091,1,0.0799984,-0.0004704,-0.0931345,1,1,1,5.75204,0,0.00319589,0.00215395,0.330178,0.360938
5092,1,0.0799947,-0.00104771,-0.137576,1,1,1,5.75214,0,-0.00426119,0.00212979,0.395615,0.372217
5093,1,0.0799876,-0.00184387,-0.180629,1,1,1,5.75214,0,-0.00426119,0.00209526,0.375159,0.360938
5094,1,0.0799759,-0.00285179,-0.222297,1,1,1,5.75204,-0.0174533,0.00745708,0.00205386,0.222484,0.3271
5095,1,0.0799587,-0.00406446,-0.262591,1,1,1,5.75204,0,0.0117183,0.00202624,0.151338,0.248145
5096,1,0.079935,-0.00547549,-0.30154,1,1,1,5.75204,0,0.0127836,0.00198766,0.111647,0.236865
5097,1,0.0799036,-0.00707774,-0.339146,1,1,1,5.75204,0,0.00852238,0.00196125,0.12999,0.270703
5098,1,0.0798639,-0.00886476,-0.375427,1,1,1,5.75204,0,-0.0138489,0.00192564,0.344244,0.191748
5099,1,0.0798147,-0.0108299,-0.410399,1,1,1,5.75204,0,-0.00426119,0.00185696,0.20058,0.180469
5100,1,0.0797553,-0.0129665,-0.444071,1,1,1,5.75204,0,0.0202406,0.00177894,-0.110296,0.169189
5101,1,0.0796848,-0.0152683,-0.476463,1,1,1,5.75195,-0.0191986,-0.00958767,0.00170816,0.17556,0.0789551
5102,1,0.0796023,-0.0177288,-0.507587,1,1,1,5.75195,0,-0.00532648,0.00160105,0.0796148,0.0789551
5103,1,0.0795072,-0.0203421,-0.537462,1,1,1,5.75195,0,-0.00639178,0.00154117,0.0471698,0.0902344
5104,1,0.0793987,-0.0231016,-0.566098,1,1,1,5.75195,-0.00523599,-0.00745708,0.00141702,0.00392304,0.0902344
5105,1,0.079276,-0.0260012,-0.593509,1,1,1,5.75195,0,0.0010653,0.00132999,-0.140527,0.0225586
5106,1,0.0791384,-0.0290347,-0.619709,1,1,1,5.75195,-0.00523599,-0.0010653,0.00121241,-0.174466,0.0225586
5107,1,0.0789854,-0.0321962,-0.644714,1,1,1,5.75185,-0.00872665,-0.00639178,0.00107641,-0.177562,-0.0451172
5108,1,0.0788163,-0.0354798,-0.668539,1,1,1,5.75185,0,-0.00745708,0.000924388,-0.231165,-0.0225586
5109,1,0.0786304,-0.03888,-0.6912,1,1,1,5.75176,-0.0191986,-0.00532648,0.000720554,-0.329481,-0.15791
5110,1,0.0784273,-0.0423899,-0.712704,1,1,1,5.75166,-0.0226893,-0.0245018,0.000551804,-0.189688,-0.248145
5111,1,0.0782063,-0.0460048,-0.733073,1,1,1,5.75157,-0.0139626,0.0127836,0.000332229,-0.679207,-0.360938
5112,1,0.0779671,-0.0497191,-0.75232,1,1,1,5.75137,-0.0645772,-0.0223712,0.000167329,-0.366196,-0.530127
5113,1,0.077709,-0.0535263,-0.770457,1,1,1,5.75128,0,-0.0415466,1.93007e-05,-0.22734,-0.394775
5114,1,0.0774317,-0.0574214,-0.787498,1,1,1,5.75128,-0.020944,-0.0191753,-0.000113413,-0.543739,-0.406055
5115,1,0.0771347,-0.0613992,-0.80346,1,1,1,5.75089,-0.0523599,-0.0351548,-0.000275997,-0.444021,-0.439893
5116,1,0.0768176,-0.0654539,-0.818356,1,1,1,5.75089,-0.00698132,-0.0308936,-0.000384875,-0.559611,-0.417334
5117,1,0.07648,-0.0695814,-0.832204,1,1,1,5.75061,-0.0959931,-0.0617872,-0.000529198,-0.295021,-0.575244
5118,1,0.0761216,-0.0737747,-0.845013,1,1,1,5.75032,-0.00872665,-0.0330242,-0.000636026,-0.680876,-0.406055
5119,1,0.0757422,-0.0780294,-0.856798,1,1,1,5.75013,-0.116937,-0.0543301,-0.000792285,-0.525431,-0.451172
5120,1,0.0753412,-0.0823409,-0.867577,1,1,1,5.74984,-0.0680678,-0.0660484,-0.000945362,-0.475365,-0.552686
5121,1,0.0749187,-0.0867026,-0.87736,1,1,1,5.74946,-0.0279253,-0.0532648,-0.00110148,-0.695657,-0.665479
5122,1,0.0744745,-0.0911096,-0.886162,1,1,1,5.74917,-0.0907571,-0.0692443,-0.00121518,-0.594336,-0.665479
5123,1,0.0740078,-0.0955607,-0.894004,1,1,1,5.74878,-0.0383972,-0.0777667,-0.00133368,-0.575885,-0.518848
5124,1,0.0735183,-0.100053,-0.900901,1,1,1,5.7485,-0.109956,-0.078832,-0.00144289,-0.638485,-0.597803
5125,1,0.0730071,-0.10457,-0.906852,1,1,1,5.74792,-0.0837758,-0.0798973,-0.00155784,-0.702032,-0.541406
5126,1,0.0724704,-0.109138,-0.911906,1,1,1,5.74754,-0.115192,-0.0894849,-0.00163674,-0.667215,-0.462451
5127,1,0.0719161,-0.113685,-0.91601,1,1,1,5.74687,-0.139626,-0.116117,-0.00167044,-0.439342,-0.64292
5128,1,0.0713362,-0.118274,-0.919243,1,1,1,5.74639,-0.0767945,-0.12464,-0.00169815,-0.408673,-0.530127
5129,1,0.0707331,-0.122877,-0.921599,1,1,1,5.74591,-0.102974,-0.120379,-0.00177447,-0.524777,-0.496289
5130,1,0.0701073,-0.127489,-0.92309,1,1,1,5.74533,-0.143117,-0.133162,-0.00178262,-0.444459,-0.552686
5131,1,0.069458,-0.132109,-0.923731,1,1,1,5.74466,-0.0802851,-0.139554,-0.00174504,-0.42817,-0.439893
5132,1,0.0687863,-0.136724,-0.923537,1,1,1,5.74418,-0.191986,-0.129966,-0.00175781,-0.594354,-0.406055
5133,1,0.0680911,-0.14134,-0.922523,1,1,1,5.74322,-0.143117,-0.115052,-0.00182689,-0.82748,-0.676758
5134,1,0.0673729,-0.145949,-0.920702,1,1,1,5.74265,-0.151844,-0.145946,-0.00188615,-0.555737,-0.845947
5135,1,0.0666317,-0.150546,-0.918089,1,1,1,5.74188,-0.0698132,-0.151272,-0.00185062,-0.549906,-0.575244
5136,1,0.0658669,-0.155131,-0.914695,1,1,1,5.7414,-0.169297,-0.151272,-0.00184552,-0.607045,-0.48501
5137,1,0.0650799,-0.159694,-0.910541,1,1,1,5.74025,-0.165806,-0.154468,-0.00188033,-0.634885,-0.597803
5138,1,0.06427,-0.164235,-0.905638,1,1,1,5.73968,-0.181514,-0.167252,-0.00191817,-0.557656,-0.654199
5139,1,0.0634375,-0.16875,-0.9,1,1,1,5.73881,-0.111701,-0.171513,-0.00190553,-0.565684,-0.654199
5140,1,0.0625826,-0.173234,-0.893643,1,1,1,5.73814,-0.164061,-0.168317,-0.00191125,-0.658069,-0.530127
5141,1,0.0617059,-0.177682,-0.886585,1,1,1,5.73718,-0.181514,-0.187492,-0.00197195,-0.512599,-0.766992
5142,1,0.0608057,-0.182099,-0.878825,1,1,1,5.73632,-0.219911,-0.167252,-0.00204592,-0.801737,-0.947461
5143,1,0.0598848,-0.18647,-0.870398,1,1,1,5.73527,-0.148353,-0.1811,-0.00212318,-0.716291,-0.891064
5144,1,0.0589381,-0.190815,-0.861271,1,1,1,5.7345,-0.188496,-0.17897,-0.00216183,-0.800129,-0.879785
5145,1,0.0579771,-0.195081,-0.851566,1,1,1,5.73344,-0.190241,-0.19708,-0.00221173,-0.662299,-0.766992
5146,1,0.0569904,-0.199316,-0.841184,1,1,1,5.73258,-0.197222,-0.192819,-0.00220344,-0.76059,-0.699316
5147,1,0.0559832,-0.203495,-0.830188,1,1,1,5.73153,-0.197222,-0.193884,-0.00221328,-0.80254,-0.541406
5148,1,0.0549551,-0.207619,-0.818586,1,1,1,5.73066,-0.226893,-0.198145,-0.0022542,-0.813484,-0.620361
5149,1,0.0539071,-0.21168,-0.806399,1,1,1,5.72942,-0.228638,-0.186427,-0.00230681,-1.00123,-0.789551
5150,1,0.0528388,-0.21568,-0.793635,1,1,1,5.72846,-0.247837,-0.204537,-0.00232395,-0.854918,-0.834668
5151,1,0.0517504,-0.219616,-0.780305,1,1,1,5.72731,-0.193732,-0.204537,-0.00234098,-0.906354,-0.733154
5152,1,0.0506427,-0.223482,-0.766433,1,1,1,5.72645,-0.23911,-0.234365,-0.00236476,-0.630542,-0.823389
5153,1,0.0495166,-0.227276,-0.752036,1,1,1,5.7251,-0.174533,-0.208798,-0.00238962,-0.962678,-0.812109
5154,1,0.048371,-0.230999,-0.737112,1,1,1,5.72424,-0.235619,-0.205602,-0.00246456,-1.05558,-0.823389
5155,1,0.0472052,-0.234651,-0.721661,1,1,1,5.72261,-0.253073,-0.236496,-0.002482,-0.764424,-0.992578
5156,1,0.0460245,-0.238215,-0.705762,1,1,1,5.72184,-0.15708,-0.226908,-0.00248272,-0.914535,-0.755713
5157,1,0.0448237,-0.241706,-0.689354,1,1,1,5.72012,-0.34383,-0.240757,-0.00248774,-0.80696,-0.845947
5158,1,0.0436069,-0.24511,-0.672504,1,1,1,5.71916,-0.202458,-0.263128,-0.00246136,-0.59915,-0.823389
5159,1,0.0423728,-0.24843,-0.655198,1,1,1,5.71782,-0.230383,-0.257802,-0.00236412,-0.684004,-0.665479
5160,1,0.0411226,-0.251662,-0.637466,1,1,1,5.71686,-0.263545,-0.2333,-0.00236246,-0.992839,-0.597803
5161,1,0.0398565,-0.254804,-0.619316,1,1,1,5.71504,-0.261799,-0.259932,-0.00231129,-0.731256,-0.563965
5162,1,0.0385743,-0.257855,-0.600754,1,1,1,5.71437,-0.204204,-0.26739,-0.00227081,-0.680904,-0.654199
5163,1,0.037278,-0.260811,-0.581817,1,1,1,5.71245,-0.319395,-0.243953,-0.0022882,-0.977201,-0.778271
5164,1,0.0359677,-0.26367,-0.562514,1,1,1,5.7113,-0.280998,-0.260998,-0.00228819,-0.824867,-0.868506
5165,1,0.0346416,-0.266435,-0.542825,1,1,1,5.70967,-0.267035,-0.282304,-0.00225244,-0.619319,-0.699316
5166,1,0.0333027,-0.269099,-0.5228,1,1,1,5.70861,-0.270526,-0.288695,-0.0021873,-0.571569,-0.676758
5167,1,0.0319508,-0.271663,-0.502447,1,1,1,5.70718,-0.242601,-0.272716,-0.00212872,-0.769312,-0.575244
5168,1,0.0305858,-0.274124,-0.481769,1,1,1,5.70593,-0.3735,-0.279108,-0.00210387,-0.725136,-0.710596
5169,1,0.0292096,-0.27648,-0.4608,1,1,1,5.70411,-0.225147,-0.286565,-0.00213447,-0.676103,-0.812109
5170,1,0.0278215,-0.278731,-0.439538,1,1,1,5.70305,-0.300197,-0.289761,-0.00211396,-0.664834,-0.721875
5171,1,0.0264223,-0.280875,-0.418001,1,1,1,5.70152,-0.235619,-0.310001,-0.00207822,-0.462654,-0.631641
5172,1,0.025013,-0.282911,-0.396209,1,1,1,5.70046,-0.267035,-0.26952,-0.00209181,-0.933479,-0.665479
5173,1,0.0235936,-0.284837,-0.37417,1,1,1,5.69874,-0.326377,-0.26952,-0.00211654,-0.960224,-0.845947
5174,1,0.0221656,-0.286651,-0.351913,1,1,1,5.69768,-0.251327,-0.239692,-0.00221581,-1.32441,-1.00386
5175,1,0.0207283,-0.288354,-0.329431,1,1,1,5.69577,-0.366519,-0.25141,-0.0023307,-1.23354,-1.15049
5176,1,0.0192815,-0.289946,-0.306728,1,1,1,5.69462,-0.214675,-0.291891,-0.00237666,-0.813431,-1.09409
5177,1,0.0178278,-0.291422,-0.283851,1,1,1,5.69337,-0.235619,-0.272716,-0.00246788,-1.05131,-0.913623
5178,1,0.0163673,-0.292784,-0.260804,1,1,1,5.69203,-0.356047,-0.268455,-0.00255555,-1.12325,-0.868506
5179,1,0.0149012,-0.294029,-0.237615,1,1,1,5.6903,-0.272271,-0.270585,-0.00260609,-1.11852,-1.08281
5180,1,0.0134273,-0.29516,-0.21425,1,1,1,5.68925,-0.26529,-0.283369,-0.00265179,-0.994529,-1.07153
5181,1,0.0119488,-0.296172,-0.19077,1,1,1,5.68762,-0.294961,-0.294022,-0.00269073,-0.8916,-0.868506
5182,1,0.0104658,-0.297067,-0.167177,1,1,1,5.68647,-0.280998,-0.30361,-0.00268427,-0.792933,-0.891064
5183,1,0.0089783,-0.297844,-0.14348,1,1,1,5.68493,-0.277507,-0.299348,-0.00268114,-0.845612,-0.80083
5184,1,0.00748716,-0.298502,-0.119694,1,1,1,5.68359,-0.338594,-0.273781,-0.00271341,-1.13584,-0.891064
5185,1,0.00599479,-0.29904,-0.0958653,1,1,1,5.68167,-0.315905,-0.282304,-0.00273106,-1.04764,-0.936182
5186,1,0.00449742,-0.29946,-0.0719372,1,1,1,5.68062,-0.251327,-0.291891,-0.0027437,-0.945613,-0.95874
5187,1,0.00300032,-0.29976,-0.0479987,1,1,1,5.67889,-0.305433,-0.299348,-0.00277449,-0.867956,-0.913623
5188,1,0.00150105,-0.29994,-0.024016,1,1,1,5.67765,-0.272271,-0.314263,-0.00275288,-0.699855,-0.721875
5189,1,-1.302e-07,-0.3,2.0832e-06,1,1,1,5.67592,-0.31765,-0.30361,-0.00274469,-0.813295,-0.789551
5190,1,-0.00149994,-0.29994,0.0239982,1,1,1,5.67458,-0.333358,-0.311067,-0.00269126,-0.720076,-0.947461
5191,1,-0.00299909,-0.29976,0.0479791,1,1,1,5.67295,-0.272271,-0.30361,-0.00265654,-0.791892,-0.80083
5192,1,-0.00449731,-0.29946,0.0719353,1,1,1,5.6718,-0.307178,-0.315328,-0.00262025,-0.651124,-0.620361
5193,1,-0.00599385,-0.299041,0.0958504,1,1,1,5.66998,-0.298451,-0.30574,-0.00260264,-0.745724,-0.879785
5194,1,-0.00748761,-0.298502,0.119702,1,1,1,5.66863,-0.34383,-0.295087,-0.00262592,-0.855938,-1.00386
5195,1,-0.00897721,-0.297844,0.143462,1,1,1,5.66662,-0.270526,-0.307871,-0.00263027,-0.704466,-0.913623
5196,1,-0.0104658,-0.297067,0.167177,1,1,1,5.66566,-0.251327,-0.294022,-0.00257494,-0.836557,-0.721875
5197,1,-0.0119489,-0.296172,0.190772,1,1,1,5.66394,-0.347321,-0.307871,-0.00255195,-0.666847,-0.778271
5198,1,-0.0134274,-0.29516,0.214253,1,1,1,5.66269,-0.254818,-0.320654,-0.00251419,-0.505457,-0.665479
5199,1,-0.0148994,-0.294031,0.237585,1,1,1,5.66096,-0.315905,-0.294022,-0.00250422,-0.779915,-0.868506
5200,1,-0.0163671,-0.292784,0.260801,1,1,1,5.65962,-0.296706,-0.290826,-0.0025526,-0.802827,-0.823389
5201,1,-0.017828,-0.291422,0.283853,1,1,1,5.6578,-0.261799,-0.282304,-0.00253225,-0.873861,-0.710596
5202,1,-0.0192814,-0.289946,0.306728,1,1,1,5.65694,-0.247837,-0.299348,-0.00252056,-0.66343,-0.710596
5203,1,-0.0207272,-0.288355,0.329414,1,1,1,5.65521,-0.254818,-0.270585,-0.00252544,-0.9577,-0.688037
5204,1,-0.0221647,-0.286652,0.351898,1,1,1,5.65406,-0.314159,-0.26952,-0.00259205,-0.954067,-0.721875
5205,1,-0.0235924,-0.284838,0.374152,1,1,1,5.65214,-0.287979,-0.259932,-0.0026489,-1.04158,-0.992578
5206,1,-0.025012,-0.282912,0.396193,1,1,1,5.65119,-0.197222,-0.26739,-0.0026998,-0.939463,-0.857227
5207,1,-0.0264215,-0.280876,0.417988,1,1,1,5.64946,-0.289725,-0.258867,-0.00273708,-1.01,-0.733154
5208,1,-0.0278216,-0.278731,0.439539,1,1,1,5.6486,-0.197222,-0.270585,-0.00277605,-0.856776,-0.891064
5209,1,-0.0292096,-0.27648,0.4608,1,1,1,5.64706,-0.289725,-0.250345,-0.00285426,-1.05906,-0.857227
5210,1,-0.030586,-0.274124,0.481771,1,1,1,5.64582,-0.319395,-0.237561,-0.00302146,-1.18982,-1.16177
5211,1,-0.0319495,-0.271665,0.502427,1,1,1,5.64428,-0.21293,-0.263128,-0.00310398,-0.886262,-1.09409
5212,1,-0.0333025,-0.2691,0.522797,1,1,1,5.64332,-0.254818,-0.250345,-0.0031749,-1.00181,-1.01514
5213,1,-0.0346415,-0.266435,0.542823,1,1,1,5.64179,-0.253073,-0.25141,-0.0032793,-0.968259,-0.992578
5214,1,-0.0359672,-0.263671,0.562506,1,1,1,5.64093,-0.225147,-0.254606,-0.00337855,-0.909393,-1.00386
5215,1,-0.037278,-0.260811,0.581817,1,1,1,5.63939,-0.251327,-0.245018,-0.00344032,-0.985095,-1.0377
5216,1,-0.0385857,-0.257829,0.60092,1,1,1,5.63834,-0.246091,-0.259932,-0.00349256,-0.788545,-1.01514
5217,1,-0.0398555,-0.254806,0.619302,1,1,1,5.637,-0.223402,-0.258867,-0.00351804,-0.76383,-0.947461
5218,1,-0.0411226,-0.251662,0.637465,1,1,1,5.63604,-0.23911,-0.250345,-0.00355099,-0.820683,-0.789551
5219,1,-0.0423729,-0.24843,0.655199,1,1,1,5.6345,-0.232129,-0.249279,-0.00359471,-0.795897,-0.834668
5220,1,-0.0436068,-0.245111,0.672501,1,1,1,5.63354,-0.240855,-0.238627,-0.003596,-0.869959,-0.857227
5221,1,-0.0448239,-0.241706,0.689358,1,1,1,5.6322,-0.261799,-0.246084,-0.00359407,-0.743399,-0.744434
5222,1,-0.046024,-0.238217,0.705755,1,1,1,5.63105,-0.277507,-0.227974,-0.00363977,-0.903403,-0.913623
5223,1,-0.0472064,-0.234648,0.721677,1,1,1,5.62961,-0.195477,-0.229039,-0.00361827,-0.842673,-0.789551
5224,1,-0.0483702,-0.231001,0.737102,1,1,1,5.62885,-0.207694,-0.25141,-0.00354828,-0.540304,-0.563965
5225,1,-0.049515,-0.227282,0.752015,1,1,1,5.62741,-0.237365,-0.250345,-0.00350987,-0.499098,-0.733154
5226,1,-0.0506426,-0.223483,0.766432,1,1,1,5.62655,-0.18326,-0.225843,-0.00336428,-0.700606,-0.733154
5227,1,-0.051754,-0.219603,0.78035,1,1,1,5.6252,-0.219911,-0.219451,-0.00344434,-0.731803,-0.586523
5228,1,-0.0528389,-0.21568,0.793636,1,1,1,5.62444,-0.219911,-0.19708,-0.00334669,-0.914844,-0.609082
5229,1,-0.0539063,-0.211683,0.80639,1,1,1,5.623,-0.218166,-0.201341,-0.00334673,-0.817007,-0.721875
5230,1,-0.0549547,-0.20762,0.818581,1,1,1,5.62233,-0.16057,-0.220516,-0.00336535,-0.55681,-0.631641
5231,1,-0.0559826,-0.203498,0.830181,1,1,1,5.62108,-0.174533,-0.187492,-0.00336835,-0.868118,-0.721875
5232,1,-0.0569896,-0.19932,0.841175,1,1,1,5.62031,-0.207694,-0.188558,-0.003425,-0.810916,-0.834668
5233,1,-0.0579756,-0.195088,0.85155,1,1,1,5.61926,-0.164061,-0.174709,-0.00346138,-0.914522,-0.699316
5234,1,-0.0589403,-0.190805,0.861292,1,1,1,5.61849,-0.219911,-0.177905,-0.00350489,-0.831055,-0.857227
5235,1,-0.0598835,-0.186476,0.870386,1,1,1,5.61744,-0.155334,-0.180035,-0.00358749,-0.763965,-0.80083
5236,1,-0.0608049,-0.182103,0.878818,1,1,1,5.61657,-0.214675,-0.174709,-0.0036205,-0.771921,-0.755713
5237,1,-0.061705,-0.177686,0.886578,1,1,1,5.61562,-0.200713,-0.16299,-0.00368289,-0.853618,-0.834668
5238,1,-0.0625819,-0.173238,0.893637,1,1,1,5.61485,-0.169297,-0.168317,-0.00371661,-0.743739,-0.868506
5239,1,-0.0634374,-0.168751,0.899999,1,1,1,5.61389,-0.165806,-0.172578,-0.00368248,-0.636264,-0.755713
5240,1,-0.0642707,-0.164232,0.905642,1,1,1,5.61322,-0.132645,-0.161925,-0.00366033,-0.694138,-0.654199
5241,1,-0.0650792,-0.159698,0.910537,1,1,1,5.61216,-0.165806,-0.152337,-0.00365885,-0.742933,-0.721875
5242,1,-0.0658663,-0.155135,0.914692,1,1,1,5.61169,-0.101229,-0.152337,-0.00363964,-0.683664,-0.64292
5243,1,-0.0666305,-0.150553,0.918084,1,1,1,5.61073,-0.146608,-0.143815,-0.00363323,-0.719725,-0.47373
5244,1,-0.0673717,-0.145956,0.920698,1,1,1,5.61015,-0.207694,-0.136358,-0.00372407,-0.756823,-0.721875
5245,1,-0.06809,-0.141347,0.92252,1,1,1,5.60938,-0.0733038,-0.100138,-0.00377941,-1.10558,-0.721875
5246,1,-0.0687852,-0.136732,0.923536,1,1,1,5.60881,-0.18326,-0.131032,-0.00380541,-0.712269,-0.721875
5247,1,-0.0694574,-0.132113,0.923731,1,1,1,5.60814,-0.123918,-0.0937461,-0.00391656,-1.08023,-0.834668
5248,1,-0.0701067,-0.127493,0.923091,1,1,1,5.60737,-0.150098,-0.136358,-0.00392627,-0.556029,-0.654199
5249,1,-0.0707323,-0.122884,0.921602,1,1,1,5.60689,-0.115192,-0.129966,-0.00394869,-0.572802,-0.789551
5250,1,-0.0713352,-0.118282,0.919248,1,1,1,5.60632,-0.0994838,-0.112921,-0.00399281,-0.709835,-0.710596
5251,1,-0.0719155,-0.11369,0.916013,1,1,1,5.60565,-0.136136,-0.104399,-0.00405286,-0.755475,-0.789551
5252,1,-0.0724722,-0.109122,0.911891,1,1,1,5.60517,-0.102974,-0.122509,-0.00404894,-0.500136,-0.699316
5253,1,-0.073007,-0.10457,0.906852,1,1,1,5.60488,-0.0855211,-0.10866,-0.00406298,-0.599034,-0.507568
5254,1,-0.0735184,-0.100051,0.900899,1,1,1,5.6043,-0.113446,-0.0852238,-0.00408986,-0.805641,-0.541406
5255,1,-0.074007,-0.0955679,0.894016,1,1,1,5.60382,-0.115192,-0.0841585,-0.00413251,-0.768807,-0.586523
5256,1,-0.074474,-0.0911137,0.886169,1,1,1,5.60344,-0.0767945,-0.078832,-0.00420727,-0.78358,-0.699316
5257,1,-0.0749183,-0.0867077,0.877371,1,1,1,5.60296,-0.0663225,-0.0703096,-0.00429507,-0.835958,-0.834668
5258,1,-0.0753408,-0.0823451,0.867587,1,1,1,5.60277,-0.0314159,-0.0884196,-0.00438072,-0.595767,-0.857227
5259,1,-0.0757418,-0.0780337,0.85681,1,1,1,5.60229,-0.0261799,-0.0649831,-0.00446192,-0.812774,-0.936182
5260,1,-0.0761213,-0.0737787,0.845024,1,1,1,5.602,-0.0575959,-0.0660484,-0.00450159,-0.75561,-0.879785
5261,1,-0.0764797,-0.0695851,0.832216,1,1,1,5.60171,-0.0383972,-0.0490037,-0.00458805,-0.904739,-0.766992
5262,1,-0.0768175,-0.065455,0.81836,1,1,1,5.60143,-0.0907571,-0.0543301,-0.00461222,-0.8005,-0.823389
5263,1,-0.0771346,-0.0614,0.803463,1,1,1,5.60123,-0.0715585,-0.0404813,-0.00469773,-0.916345,-0.845947
5264,1,-0.0774314,-0.0574253,0.787514,1,1,1,5.60085,-0.0767945,-0.0415466,-0.00478403,-0.86937,-0.95874
5265,1,-0.0777087,-0.0535299,0.770473,1,1,1,5.60076,-0.0314159,-0.0447425,-0.00482224,-0.793748,-0.823389
5266,1,-0.0779668,-0.0497224,0.752337,1,1,1,5.60056,-0.0558505,-0.0404813,-0.00486141,-0.80152,-0.834668
5267,1,-0.0782061,-0.0460081,0.733091,1,1,1,5.60037,-0.0314159,-0.0298283,-0.00493417,-0.885342,-0.778271
5268,1,-0.0784271,-0.0423932,0.712724,1,1,1,5.60018,-0.0558505,-0.0234365,-0.00500158,-0.922955,-0.823389
5269,1,-0.0786304,-0.0388805,0.691203,1,1,1,5.59999,-0.0436332,-0.0404813,-0.00506484,-0.703648,-0.924902
5270,1,-0.0788161,-0.0354829,0.668561,1,1,1,5.59989,0,-0.0213059,-0.00511564,-0.882693,-0.879785
5271,1,-0.0789853,-0.0321991,0.644736,1,1,1,5.5997,-0.0488692,-0.010653,-0.00518116,-0.971497,-0.879785
5272,1,-0.0791383,-0.0290377,0.619734,1,1,1,5.59951,-0.0174533,-0.0330242,-0.00519834,-0.692329,-0.868506
5273,1,-0.0792759,-0.0260038,0.593532,1,1,1,5.59951,-0.020944,-0.0340895,-0.00522112,-0.650005,-0.823389
5274,1,-0.0793986,-0.023104,0.566121,1,1,1,5.59941,-0.0139626,-0.0266324,-0.0052311,-0.701561,-0.631641
5275,1,-0.0795072,-0.0203421,0.537462,1,1,1,5.59932,-0.0174533,-0.0149142,-0.00528129,-0.807169,-0.80083
5276,1,-0.0796023,-0.0177314,0.507618,1,1,1,5.59922,0,-0.0276977,-0.00529179,-0.640045,-0.744434
5277,1,-0.0796847,-0.0152704,0.476491,1,1,1,5.59922,0,0.00426119,-0.00528996,-0.965485,-0.834668
5278,1,-0.0797553,-0.0129668,0.444076,1,1,1,5.59922,-0.00174533,-0.00426119,-0.00537901,-0.859747,-0.902344
5279,1,-0.0798147,-0.0108316,0.410426,1,1,1,5.59903,0,-0.00319589,-0.00543102,-0.85683,-0.924902
5280,1,-0.0798638,-0.00886645,0.375459,1,1,1,5.59903,0,0.00213059,-0.00547195,-0.901602,-0.924902
5281,1,-0.0799036,-0.00707791,0.339149,1,1,1,5.59903,0,-0.00319589,-0.00547767,-0.826907,-0.891064
5282,1,-0.0799349,-0.0054769,0.301576,1,1,1,5.59903,0.00872665,-0.01811,-0.00550326,-0.651858,-0.879785
5283,1,-0.0799587,-0.00406555,0.262624,1,1,1,5.59903,0.0244346,-0.0170448,-0.005515,-0.653282,-0.947461
5284,1,-0.0799759,-0.00285289,0.222337,1,1,1,5.59893,0,0.00213059,-0.00550811,-0.854092,-0.834668
5285,1,-0.0799876,-0.00184397,0.180634,1,1,1,5.59893,-0.0279253,-0.0191753,-0.00550311,-0.612565,-0.755713
5286,1,-0.0799947,-0.00104784,0.137585,1,1,1,5.59893,0,-0.00213059,-0.00546961,-0.791942,-0.631641
5287,1,-0.0799984,-0.000470473,0.0931416,1,1,1,5.59893,0,0.0159795,-0.00547209,-0.990676,-0.755713
5288,1,-0.0799998,-0.000118796,0.047281,1,1,1,5.59893,0,0.0213059,-0.00551236,-1.05676,-0.823389
5289,1,-0.08,-3.39634e-11,2.55358e-05,1,1,1,5.59884,-0.00174533,0.00639178,-0.00556768,-0.90524,-0.891064
5290,1,-0.08,-0,-0,1,1,1,5.59884,0,-0.01811,-0.00555387,-0.6339,-0.992578
5291,1,-0.08,-0,-0,1,1,1,5.59893,0.00698132,-0.0127836,-0.00551378,-0.6872,-0.879785
5292,1,-0.08,-0,-0,1,1,1,5.59884,0,-0.00532648,-0.00546529,-0.762826,-0.812109
5293,1,-0.08,-0,-0,1,1,1,5.59884,-0.00872665,-0.00745708,-0.0054249,-0.734059,-0.766992
5294,1,-0.08,-0,-0,1,1,1,5.59884,0.00523599,-0.00426119,-0.00540436,-0.766502,-0.688037
5295,1,-0.08,-0,-0,1,1,1,5.59884,0,0.010653,-0.00538749,-0.928331,-0.913623
5296,1,-0.08,-0,-0,1,1,1,5.59884,0.00872665,-0.00426119,-0.00538072,-0.763382,-0.936182
5297,1,-0.08,-0,-0,1,1,1,5.59884,0,0.028763,-0.00542639,-1.13268,-0.868506
5298,1,-0.08,-0,-0,1,1,1,5.59874,-0.0174533,-0.00532648,-0.00542854,-0.757976,-0.924902
5299,1,-0.08,-0,-0,1,1,1,5.59874,0,0.00213059,-0.00542707,-0.839809,-0.857227
5300,1,-0.08,-0,-0,1,1,1,5.59874,0,-0.00319589,-0.00540142,-0.777832,-0.812109
5301,1,-0.08,-0,-0,1,1,1,5.59874,0,-0.010653,-0.00541122,-0.697099,-0.924902
5302,1,-0.08,-0,-0,1,1,1,5.59874,0,-0.0170448,-0.00540264,-0.625656,-0.766992
5303,1,-0.08,-0,-0,1,1,1,5.59874,0,0.0149142,-0.00541989,-0.979482,-0.879785
5304,1,-0.08,-0,-0,1,1,1,5.59865,-0.00698132,-0.00213059,-0.00546067,-0.797372,-0.947461
5305,1,-0.08,-0,-0,1,1,1,5.59865,0,0.0138489,-0.00549865,-0.978159,-0.947461
5306,1,-0.08,-0,-0,1,1,1,5.59855,-0.010472,0.00532648,-0.00545022,-0.87802,-0.812109
5307,1,-0.08,-0,-0,1,1,1,5.59865,-0.0314159,-0.0202406,-0.00537283,-0.586567,-0.541406
5308,1,-0.08,-0,-0,1,1,1,5.59874,0,-0.0223712,-0.00533911,-0.558679,-0.721875
5309,1,-0.08,-0,-0,1,1,1,5.59865,0.0279253,0.00319589,-0.00531446,-0.836663,-0.631641
5310,1,-0.08,-0,-0,1,1,1,5.59855,-0.015708,0.00958767,-0.00535239,-0.911979,-0.699316
5311,1,-0.08,-0,-0,1,1,1,5.59855,-0.020944,0.00532648,-0.00533689,-0.863061,-0.744434
5312,1,-0.08,-0,-0,1,1,1,5.59855,0.00872665,0.00745708,-0.00532744,-0.88525,-0.710596
5313,1,-0.08,-0,-0,1,1,1,5.59855,0,0.0127836,-0.00535174,-0.947049,-0.834668
5314,1,-0.08,-0,-0,1,1,1,5.59855,0,0.00426119,-0.00536672,-0.85528,-0.766992
5315,1,-0.08,-0,-0,1,1,1,5.59855,0,0.00958767,-0.00535726,-0.912623,-0.766992
5316,1,-0.08,-0,-0,1,1,1,5.59855,0,-0.0213059,-0.00535324,-0.572262,-0.721875
5317,1,-0.08,-0,-0,1,1,1,5.59855,0.00872665,1.30461e-18,-0.00536371,-0.80801,-0.80083
5318,1,-0.08,-0,-0,1,1,1,5.59845,-0.00698132,-0.00319589,-0.00532025,-0.767118,-0.688037
5319,1,-0.08,-0,-0,1,1,1,5.59855,-0.0523599,-0.00213059,-0.00530774,-0.777185,-0.733154
5320,1,-0.08,-0,-0,1,1,1,5.59855,0.0226893,0.00426119,-0.00530241,-0.846791,-0.755713
5321,1,-0.08,-0,-0,1,1,1,5.59845,-0.00872665,-0.00426119,-0.00528783,-0.75112,-0.733154
5322,1,-0.08,-0,-0,1,1,1,5.59845,0,-0.00213059,-0.00530383,-0.776669,-0.924902
5323,1,-0.08,-0,-0,1,1,1,5.59845,0,0.00958767,-0.00532933,-0.908936,-0.733154
5324,1,-0.08,-0,-0,1,1,1,5.59845,0,0.0170448,-0.005321,-0.989864,-0.665479
5325,1,-0.08,-0,-0,1,1,1,5.59836,-0.0226893,-0.00319589,-0.00529668,-0.764007,-0.744434
5326,1,-0.08,-0,-0,1,1,1,5.59855,0.0139626,0.00532648,-0.00530101,-0.858324,-0.721875
5327,1,-0.08,-0,-0,1,1,1,5.59845,0.015708,0.00639178,-0.00529581,-0.869357,-0.64292
5328,1,-0.08,-0,-0,1,1,1,5.59845,-0.0558505,-0.00213059,-0.00529783,-0.775877,-0.868506
5329,1,-0.08,-0,-0,1,1,1,5.59845,0,-0.0010653,-0.00529745,-0.787545,-0.755713
5330,1,-0.08,-0,-0,1,1,1,5.59836,0,-0.0117183,-0.00524812,-0.663852,-0.64292
5331,1,-0.08,-0,-0,1,1,1,5.59845,-0.0261799,-0.00745708,-0.0052494,-0.710893,-0.710596
5332,1,-0.08,-0,-0,1,1,1,5.59836,-0.0279253,-0.0159795,-0.00522958,-0.614531,-0.891064
5333,1,-0.08,-0,-0,1,1,1,5.59845,0,-0.0010653,-0.00521337,-0.776447,-0.766992
5334,1,-0.08,-0,-0,1,1,1,5.59836,0,0.00213059,-0.00520071,-0.80993,-0.609082
5335,1,-0.08,-0,-0,1,1,1,5.59836,-0.00174533,0.0127836,-0.00515737,-0.921393,-0.586523
5336,1,-0.08,-0,-0,1,1,1,5.59845,-0.0436332,0.00639178,-0.00519072,-0.855485,-0.834668
5337,1,-0.08,-0,-0,1,1,1,5.59836,0,-0.0138489,-0.00515839,-0.62857,-0.845947
5338,1,-0.08,-0,-0,1,1,1,5.59836,0,0.00319589,-0.00514826,-0.814726,-0.721875
5339,1,-0.08,-0,-0,1,1,1,5.59836,-0.00523599,0.00213059,-0.00516787,-0.805596,-0.710596
5340,1,-0.08,-0,-0,1,1,1,5.59836,0,0.0117183,-0.00517914,-0.912548,-0.80083
5341,1,-0.08,-0,-0,1,1,1,5.59836,-0.0279253,-0.00639178,-0.00516539,-0.711522,-0.778271
5342,1,-0.08,-0,-0,1,1,1,5.59836,0.0226893,0.0170448,-0.00520692,-0.974805,-0.789551
5343,1,-0.08,-0,-0,1,1,1,5.59826,-0.0122173,-0.00745708,-0.00520659,-0.705242,-0.845947
5344,1,-0.08,-0,-0,1,1,1,5.59836,0,0.0340895,-0.00520718,-1.16233,-0.834668
5345,1,-0.08,-0,-0,1,1,1,5.59826,-0.0383972,-0.00745708,-0.00522045,-0.707072,-0.913623
5346,1,-0.08,-0,-0,1,1,1,5.59836,0.0366519,0.00852238,-0.00519805,-0.879889,-0.755713
5347,1,-0.08,-0,-0,1,1,1,5.59826,0,0.00745708,-0.005189,-0.866976,-0.823389
5348,1,-0.08,-0,-0,1,1,1,5.59836,0,0.0170448,-0.00519496,-0.973227,-0.755713
5349,1,-0.08,-0,-0,1,1,1,5.59826,-0.0122173,-0.0117183,-0.0051706,-0.653618,-0.789551
5350,1,-0.08,-0,-0,1,1,1,5.59826,0,-0.00639178,-0.00516619,-0.711627,-0.755713
5351,1,-0.08,-0,-0,1,1,1,5.59826,0.00872665,0.0149142,-0.00522111,-0.953242,-0.845947
5352,1,-0.08,-0,-0,1,1,1,5.59817,-0.0349066,-0.00852238,-0.00523923,-0.697832,-0.913623
5353,1,-0.08,-0,-0,1,1,1,5.59826,0,0.00958767,-0.00527012,-0.90112,-0.778271
5354,1,-0.08,-0,-0,1,1,1,5.59817,-0.015708,-0.00426119,-0.00525546,-0.746848,-0.902344
5355,1,-0.08,-0,-0,1,1,1,5.59826,-0.00872665,-0.00319589,-0.00524978,-0.757816,-0.789551
5356,1,-0.08,-0,-0,1,1,1,5.59817,0,0.00426119,-0.00527745,-0.843497,-0.766992
5357,1,-0.08,-0,-0,1,1,1,5.59807,0,-0.0383507,-0.00526212,-0.372743,-1.01514
5358,1,-0.08,-0,-0,1,1,1,5.59817,0,-0.0213059,-0.00525376,-0.559131,-0.710596
5359,1,-0.08,-0,-0,1,1,1,5.59817,0,-0.0117183,-0.0052491,-0.66398,-0.845947
5360,1,-0.08,-0,-0,1,1,1,5.59807,0,0.0117183,-0.00527119,-0.924697,-0.868506
5361,1,-0.08,-0,-0,1,1,1,5.59807,-0.0122173,0.0138489,-0.0052614,-0.946843,-0.755713
5362,1,-0.08,-0,-0,1,1,1,5.59817,0,0.0149142,-0.00527181,-0.959935,-0.744434
5363,1,-0.08,-0,-0,1,1,1,5.59807,-0.0139626,-0.00213059,-0.00524203,-0.768511,-0.879785
5364,1,-0.08,-0,-0,1,1,1,5.59807,0,0.0010653,-0.0052714,-0.807543,-0.936182
5365,1,-0.08,-0,-0,1,1,1,5.59807,0.020944,0.00639178,-0.00527727,-0.866909,-0.80083
5366,1,-0.08,-0,-0,1,1,1,5.59807,0,-0.0191753,-0.00526267,-0.583743,-0.936182
5367,1,-0.08,-0,-0,1,1,1,5.59817,0,-0.0010653,-0.00525281,-0.781652,-0.868506
5368,1,-0.08,-0,-0,1,1,1,5.59807,0,0.0255671,-0.00528432,-1.07877,-0.868506
5369,1,-0.08,-0,-0,1,1,1,5.59798,-0.00872665,0.0117183,-0.00533511,-0.933136,-0.710596
5370,1,-0.08,-0,-0,1,1,1,5.59798,-0.0174533,0.010653,-0.00532342,-0.919874,-0.789551
5371,1,-0.08,-0,-0,1,1,1,5.59798,-0.00872665,0.010653,-0.00533803,-0.921802,-0.575244
5372,1,-0.08,-0,-0,1,1,1,5.59798,-0.0314159,0.01811,-0.00534399,-1.00462,-0.834668
5373,1,-0.08,-0,-0,1,1,1,5.59798,-0.0471239,0.00852238,-0.00537296,-0.902977,-0.879785
5374,1,-0.08,-0,-0,1,1,1,5.59798,0.0383972,0.00745708,-0.00538803,-0.893247,-0.891064
5375,1,-0.08,-0,-0,1,1,1,5.59798,0,-0.010653,-0.0053853,-0.693677,-0.868506
5376,1,-0.08,-0,-0,1,1,1,5.59798,-0.015708,-0.010653,-0.00539081,-0.694404,-0.879785
5377,1,-0.08,-0,-0,1,1,1,5.59798,0,0.0191753,-0.00541727,-1.02601,-0.879785
5378,1,-0.08,-0,-0,1,1,1,5.59788,-0.0122173,0.00745708,-0.00540026,-0.894862,-0.755713
5379,1,-0.08,-0,-0,1,1,1,5.59788,-0.0122173,-0.00745708,-0.00538916,-0.729341,-0.879785
5380,1,-0.08,-0,-0,1,1,1,5.59798,0.00872665,-0.00532648,-0.00542297,-0.757241,-0.755713
5381,1,-0.08,-0,-0,1,1,1,5.59788,0.0453786,0.00532648,-0.00543964,-0.876624,-0.688037
5382,1,-0.08,-0,-0,1,1,1,5.59788,-0.0541052,0.010653,-0.00541229,-0.931605,-0.721875
5383,1,-0.08,-0,-0,1,1,1,5.59788,-0.0174533,-0.00532648,-0.00540642,-0.755057,-0.676758
5384,1,-0.08,-0,-0,1,1,1,5.59788,0,-0.0010653,-0.00538843,-0.799554,-0.755713
5385,1,-0.08,-0,-0,1,1,1,5.59788,-0.00174533,-0.010653,-0.00537369,-0.692144,-0.721875
5386,1,-0.08,-0,-0,1,1,1,5.59788,0,-0.00852238,-0.00541089,-0.720491,-0.778271
5387,1,-0.08,-0,-0,1,1,1,5.59788,0.00872665,0.00426119,-0.00540297,-0.860065,-0.778271
5388,1,-0.08,-0,-0,1,1,1,5.59778,-0.0244346,0.0138489,-0.00543937,-0.970335,-0.891064
5389,1,-0.08,-0,-0,1,1,1,5.59788,-0.015708,0.0234365,-0.0054285,-1.07436,-0.812109
5390,1,-0.0799998,0.000118834,0.0472886,1,1,1,5.59788,0.00872665,0.00319589,-0.0054733,-0.849466,-0.789551
5391,1,-0.0799984,0.000470045,0.0931001,1,1,1,5.59778,0.00174533,-0.00532648,-0.00545264,-0.742177,-0.868506
5392,1,-0.0799947,0.00104799,0.137594,1,1,1,5.59778,0.00349066,6.52306e-19,-0.00545495,-0.787657,-0.744434
5393,1,-0.0799876,0.00184318,0.180597,1,1,1,5.59778,0,0.0010653,-0.00547869,-0.786629,-0.710596
5394,1,-0.0799759,0.00285111,0.222272,1,1,1,5.59778,0,-0.010653,-0.00540412,-0.629577,-0.778271
5395,1,-0.0799587,0.00406503,0.262609,1,1,1,5.59788,-0.0506145,0.00745708,-0.00540991,-0.808899,-0.812109
5396,1,-0.0799349,0.00547577,0.301547,1,1,1,5.59778,0.0244346,-0.00532648,-0.0054256,-0.647475,-0.913623
5397,1,-0.0799036,0.00707783,0.339148,1,1,1,5.59788,0.0383972,-0.00958767,-0.00539979,-0.572153,-0.778271
5398,1,-0.0798639,0.00886489,0.37543,1,1,1,5.59778,-0.0174533,0.00745708,-0.00536663,-0.728139,-0.766992
5399,1,-0.0798147,0.0108301,0.410402,1,1,1,5.59788,-0.0139626,-0.0149142,-0.00531341,-0.445895,-0.631641
5400,1,-0.0797553,0.0129649,0.444048,1,1,1,5.59788,0.00523599,0.0010653,-0.00522752,-0.579297,-0.609082
5401,1,-0.0796848,0.0152685,0.476466,1,1,1,5.59788,0,0.039416,-0.00519086,-0.963377,-0.609082
5402,1,-0.0796023,0.017729,0.507589,1,1,1,5.59788,0.0174533,0.0117183,-0.00515655,-0.619492,-0.64292
5403,1,-0.0795073,0.0203404,0.537443,1,1,1,5.59788,0,-0.00426119,-0.00508537,-0.397964,-0.586523
5404,1,-0.0793987,0.0231018,0.566099,1,1,1,5.59798,0.0174533,0.028763,-0.00499947,-0.711854,-0.48501
5405,1,-0.079276,0.0260014,0.59351,1,1,1,5.59798,-0.0279253,-0.00213059,-0.00487972,-0.31666,-0.406055
5406,1,-0.0791384,0.0290349,0.619711,1,1,1,5.59807,0.00349066,-0.0127836,-0.00474811,-0.141068,-0.47373
5407,1,-0.0789854,0.0321965,0.644716,1,1,1,5.59807,0.0523599,0.00213059,-0.00459545,-0.24253,-0.360938
5408,1,-0.0788164,0.0354777,0.668524,1,1,1,5.59807,-0.00698132,0.0255671,-0.00446768,-0.439722,-0.191748
5409,1,-0.0786305,0.0388775,0.691184,1,1,1,5.59817,0,0.0010653,-0.00435733,-0.110596,-0.349658
5410,1,-0.0784274,0.0423877,0.712692,1,1,1,5.59817,0.0279253,0.028763,-0.00421295,-0.349978,-0.304541
5411,1,-0.0782065,0.0460024,0.73306,1,1,1,5.59826,0,0.00426119,-0.00401079,-0.00640961,-0.248145
5412,1,-0.0779672,0.0497162,0.752306,1,1,1,5.59836,0.0261799,0.0170448,-0.00382591,-0.074196,-0.101514
5413,1,-0.077709,0.0535267,0.770458,1,1,1,5.59836,0,0.00852238,-0.00364567,0.0927932,-0.15791
5414,1,-0.0774319,0.0574189,0.787488,1,1,1,5.59845,0.0174533,0.00745708,-0.00346013,0.179295,-0.124072
5415,1,-0.0771348,0.0613967,0.803451,1,1,1,5.59855,0.0296706,0.00958767,-0.00323324,0.237466,-0.0789551
5416,1,-0.0768154,0.0654806,0.81845,1,1,1,5.59865,0.020944,0.0138489,-0.00299772,0.274877,-0.0338379
5417,1,-0.0764778,0.0696073,0.832287,1,1,1,5.59874,0.0226893,0.028763,-0.00277116,0.194688,0
5418,1,-0.0761215,0.0737757,0.845016,1,1,1,5.59893,0.0331613,0.00852238,-0.00250932,0.50654,0.0338379
5419,1,-0.0757421,0.07803,0.8568,1,1,1,5.59922,0.0645772,0.0159795,-0.00225496,0.514242,0.15791
5420,1,-0.0753412,0.0823414,0.867579,1,1,1,5.59932,0.0488692,0.0223712,-0.0019796,0.5379,0.338379
5421,1,-0.0749186,0.0867038,0.877362,1,1,1,5.5997,0.0314159,0.039416,-0.00178083,0.433639,0.338379
5422,1,-0.0744741,0.0911133,0.886169,1,1,1,5.5997,0.00349066,0.0639178,-0.00163656,0.239708,0.203027
5423,1,-0.0740074,0.0955641,0.894009,1,1,1,5.60028,0.0575959,0.0639178,-0.00151196,0.312442,0.180469
5424,1,-0.0735184,0.100051,0.900899,1,1,1,5.60037,0.0558505,0.0564607,-0.00139153,0.467208,0.0563965
5425,1,-0.0730069,0.104571,0.906854,1,1,1,5.60104,0.118682,0.0735055,-0.00124501,0.357154,0.31582
5426,1,-0.0724726,0.109119,0.911887,1,1,1,5.60123,0.0541052,0.0894849,-0.00112487,0.254944,0.349658
5427,1,-0.0719157,0.113688,0.916012,1,1,1,5.60171,0.0890118,0.057526,-0.000986922,0.682705,0.293262
5428,1,-0.0713358,0.118277,0.919245,1,1,1,5.60229,0.146608,0.0852238,-0.000852898,0.45469,0.281982
5429,1,-0.0707328,0.12288,0.9216,1,1,1,5.60286,0.10472,0.0894849,-0.000780786,0.474699,0.304541
5430,1,-0.070107,0.127491,0.92309,1,1,1,5.60325,0.0767945,0.123574,-0.000704973,0.167333,0.417334
5431,1,-0.0694579,0.132109,0.923731,1,1,1,5.60392,0.101229,0.120379,-0.000614935,0.272063,0.293262
5432,1,-0.0687797,0.136769,0.923531,1,1,1,5.6044,0.132645,0.140619,-0.000517564,0.120792,0.338379
5433,1,-0.0680906,0.141343,0.922522,1,1,1,5.60507,0.0820305,0.141684,-0.000450082,0.174723,0.439893
5434,1,-0.0673724,0.145951,0.9207,1,1,1,5.60565,0.146608,0.12464,-0.000386783,0.427172,0.338379
5435,1,-0.0666312,0.150549,0.918087,1,1,1,5.60641,0.141372,0.125705,-0.000308076,0.482802,0.349658
5436,1,-0.065867,0.155131,0.914696,1,1,1,5.60699,0.151844,0.132097,-0.000175947,0.487828,0.496289
5437,1,-0.06508,0.159694,0.910542,1,1,1,5.60775,0.123918,0.151272,-8.68176e-05,0.346004,0.338379
5438,1,-0.06427,0.164235,0.905638,1,1,1,5.60843,0.178024,0.168317,-3.05819e-05,0.222177,0.31582
5439,1,-0.0634375,0.16875,0.9,1,1,1,5.60919,0.137881,0.155533,4.66259e-05,0.428969,0.496289
5440,1,-0.0625826,0.173234,0.893643,1,1,1,5.60986,0.146608,0.127836,0.000158182,0.804446,0.383496
5441,1,-0.0617053,0.177685,0.88658,1,1,1,5.61101,0.202458,0.16299,0.000235868,0.483969,0.439893
5442,1,-0.0608059,0.182098,0.878826,1,1,1,5.61149,0.146608,0.171513,0.000307863,0.454739,0.620361
5443,1,-0.0598843,0.186472,0.870394,1,1,1,5.61245,0.13439,0.170448,0.000346581,0.524967,0.406055
5444,1,-0.0589412,0.190801,0.861301,1,1,1,5.61322,0.240855,0.174709,0.000394495,0.537585,0.48501
5445,1,-0.0579764,0.195084,0.851559,1,1,1,5.61427,0.172788,0.174709,0.000482219,0.602475,0.451172
5446,1,-0.0569905,0.199316,0.841185,1,1,1,5.61504,0.219911,0.189623,0.000525669,0.496113,0.563965
5447,1,-0.0559834,0.203495,0.83019,1,1,1,5.6161,0.178024,0.183231,0.000582878,0.625467,0.507568
5448,1,-0.0549556,0.207617,0.818591,1,1,1,5.61686,0.197222,0.186427,0.000654108,0.650682,0.586523
5449,1,-0.0539072,0.21168,0.8064,1,1,1,5.61811,0.219911,0.194949,0.000736785,0.6184,0.563965
5450,1,-0.0528389,0.21568,0.793635,1,1,1,5.61888,0.164061,0.199211,0.000835757,0.634656,0.496289
5451,1,-0.0517506,0.219615,0.780308,1,1,1,5.62022,0.230383,0.217321,0.000914227,0.4949,0.676758
5452,1,-0.0506428,0.223482,0.766434,1,1,1,5.62098,0.16057,0.202406,0.000953635,0.711194,0.575244
5453,1,-0.0495159,0.227279,0.752027,1,1,1,5.62233,0.293215,0.217321,0.000959549,0.593973,0.552686
5454,1,-0.0483703,0.231001,0.737102,1,1,1,5.62309,0.151844,0.218386,0.00098602,0.63079,0.552686
5455,1,-0.0472061,0.234649,0.721672,1,1,1,5.62444,0.235619,0.243953,0.000965897,0.390612,0.372217
5456,1,-0.0460238,0.238218,0.705752,1,1,1,5.6253,0.200713,0.229039,0.000974456,0.598455,0.394775
5457,1,-0.044824,0.241705,0.689358,1,1,1,5.62683,0.237365,0.209863,0.00100852,0.855951,0.428613
5458,1,-0.0436068,0.24511,0.672502,1,1,1,5.6276,0.226893,0.222647,0.00108157,0.767138,0.755713
5459,1,-0.042373,0.24843,0.655201,1,1,1,5.62913,0.221657,0.248214,0.00111125,0.530358,0.48501
5460,1,-0.0411229,0.251661,0.63747,1,1,1,5.63,0.254818,0.257802,0.00118521,0.474657,0.462451
5461,1,-0.0398565,0.254804,0.619316,1,1,1,5.63134,0.150098,0.214125,0.00125162,1.00184,0.620361
5462,1,-0.0385749,0.257854,0.600763,1,1,1,5.6322,0.29147,0.230104,0.00138607,0.882794,0.778271
5463,1,-0.0372781,0.260811,0.581819,1,1,1,5.63402,0.247837,0.245018,0.00150327,0.771909,0.857227
5464,1,-0.0359669,0.263672,0.562501,1,1,1,5.63489,0.202458,0.252475,0.00155132,0.731153,0.857227
5465,1,-0.0346416,0.266435,0.542825,1,1,1,5.63642,0.301942,0.280173,0.00159701,0.466553,0.80083
5466,1,-0.0333026,0.269099,0.522799,1,1,1,5.63757,0.242601,0.294022,0.00159697,0.345977,0.64292
5467,1,-0.0319508,0.271662,0.502448,1,1,1,5.63891,0.205949,0.260998,0.00161985,0.742653,0.575244
5468,1,-0.0305862,0.274123,0.481774,1,1,1,5.64006,0.336849,0.274847,0.00162739,0.620429,0.597803
5469,1,-0.0292098,0.27648,0.460804,1,1,1,5.64179,0.251327,0.264194,0.0016309,0.765755,0.597803
5470,1,-0.0278216,0.278731,0.439539,1,1,1,5.64284,0.275762,0.300414,0.00161069,0.391448,0.597803
5471,1,-0.0264226,0.280875,0.418006,1,1,1,5.64457,0.267035,0.26952,0.00160301,0.754848,0.586523
5472,1,-0.025013,0.28291,0.39621,1,1,1,5.64582,0.322886,0.289761,0.00156203,0.54981,0.597803
5473,1,-0.0235936,0.284837,0.37417,1,1,1,5.64735,0.270526,0.308936,0.00149668,0.351594,0.48501
5474,1,-0.0221649,0.286652,0.351902,1,1,1,5.64869,0.326377,0.311067,0.00141001,0.335773,0.541406
5475,1,-0.0207273,0.288355,0.329416,1,1,1,5.65023,0.246091,0.300414,0.00134569,0.46247,0.428613
5476,1,-0.0192815,0.289946,0.306729,1,1,1,5.65147,0.333358,0.316393,0.00127036,0.293378,0.439893
5477,1,-0.017828,0.291422,0.283854,1,1,1,5.65329,0.251327,0.30574,0.00118306,0.412947,0.507568
5478,1,-0.0163674,0.292784,0.260807,1,1,1,5.65425,0.233874,0.298283,0.00117469,0.50816,0.383496
5479,1,-0.0149005,0.29403,0.237602,1,1,1,5.65627,0.31765,0.264194,0.0012013,0.899861,0.496289
5480,1,-0.0134273,0.29516,0.21425,1,1,1,5.65742,0.289725,0.2855,0.00123056,0.682247,0.665479
5481,1,-0.0119491,0.296172,0.190774,1,1,1,5.65914,0.310669,0.294022,0.00127667,0.606118,0.710596
5482,1,-0.0104658,0.297067,0.167177,1,1,1,5.66039,0.305433,0.279108,0.00131107,0.784205,0.654199
5483,1,-0.00897855,0.297844,0.143484,1,1,1,5.66211,0.286234,0.274847,0.00119446,0.823603,0.552686
5484,1,-0.00748757,0.298502,0.119701,1,1,1,5.66327,0.314159,0.304675,0.00137524,0.526305,0.699316
5485,1,-0.00599367,0.299041,0.0958475,1,1,1,5.66499,0.225147,0.324916,0.00118935,0.283266,0.665479
5486,1,-0.00449735,0.29946,0.071936,1,1,1,5.66605,0.268781,0.276977,0.0011802,0.811671,0.394775
5487,1,-0.00299931,0.29976,0.0479825,1,1,1,5.66806,0.356047,0.30361,0.00121684,0.526414,0.64292
5488,1,-0.00149995,0.29994,0.0239984,1,1,1,5.66902,0.197222,0.291891,0.00125787,0.661318,0.597803
5489,1,-6.84e-08,0.3,1.0944e-06,1,1,1,5.67084,0.354302,0.282304,0.00130949,0.77336,0.597803
5490,1,0.00149978,0.29994,-0.0239957,1,1,1,5.67209,0.286234,0.314263,0.00133445,0.423491,0.80083
5491,1,0.00299905,0.29976,-0.0479784,1,1,1,5.67372,0.225147,0.308936,0.00138133,0.484963,0.823389
5492,1,0.00449712,0.29946,-0.0719323,1,1,1,5.67496,0.326377,0.308936,0.00134176,0.473213,0.631641
5493,1,0.00599339,0.299041,-0.095843,1,1,1,5.6765,0.244346,0.298283,0.00137117,0.587548,0.496289
5494,1,0.00748727,0.298502,-0.119696,1,1,1,5.67774,0.335103,0.289761,0.00142478,0.680822,0.586523
5495,1,0.00897837,0.297844,-0.143481,1,1,1,5.67947,0.263545,0.304675,0.00144882,0.510833,0.665479
5496,1,0.0104656,0.297067,-0.167174,1,1,1,5.68052,0.258309,0.278043,0.0014756,0.796307,0.620361
5497,1,0.0119487,0.296172,-0.190768,1,1,1,5.68234,0.329867,0.290826,0.00152442,0.650668,0.665479
5498,1,0.0134272,0.29516,-0.21425,1,1,1,5.6834,0.237365,0.292957,0.00155332,0.617557,0.654199
5499,1,0.0149001,0.29403,-0.237597,1,1,1,5.68503,0.321141,0.304675,0.00161966,0.483465,0.631641
5500,1,0.0163672,0.292784,-0.260803,1,1,1,5.68647,0.335103,0.290826,0.00161894,0.618686,0.620361
5501,1,0.0178279,0.291422,-0.283853,1,1,1,5.6879,0.267035,0.278043,0.0016691,0.748477,0.631641
5502,1,0.0192813,0.289946,-0.306725,1,1,1,5.68915,0.345575,0.26952,0.00171587,0.829689,0.755713
5503,1,0.0207271,0.288355,-0.329413,1,1,1,5.69088,0.230383,0.295087,0.00171458,0.527563,0.631641
5504,1,0.0221647,0.286652,-0.351899,1,1,1,5.69174,0.247837,0.292957,0.00166127,0.520648,0.451172
5505,1,0.0235935,0.284837,-0.374168,1,1,1,5.69356,0.31765,0.275912,0.00164728,0.681925,0.338379
5506,1,0.0250128,0.282911,-0.396207,1,1,1,5.69481,0.315905,0.300414,0.00158037,0.37743,0.620361
5507,1,0.0264224,0.280875,-0.418002,1,1,1,5.69644,0.277507,0.295087,0.00155234,0.405306,0.518848
5508,1,0.0278214,0.278731,-0.439536,1,1,1,5.69778,0.328122,0.294022,0.00152477,0.385026,0.462451
5509,1,0.0292132,0.276474,-0.460855,1,1,1,5.69931,0.223402,0.284434,0.0014718,0.453243,0.496289
5510,1,0.030585,0.274125,-0.481757,1,1,1,5.70027,0.277507,0.268455,0.00139806,0.587326,0.394775
5511,1,0.0319496,0.271665,-0.502429,1,1,1,5.7019,0.284489,0.282304,0.00134825,0.395748,0.372217
5512,1,0.0333028,0.269099,-0.522803,1,1,1,5.70296,0.261799,0.281238,0.00129436,0.36619,0.439893
5513,1,0.0346403,0.266438,-0.542805,1,1,1,5.70459,0.258309,0.258867,0.00127675,0.574935,0.406055
5514,1,0.0359666,0.263672,-0.562498,1,1,1,5.70564,0.282743,0.262063,0.00131278,0.509776,0.575244
5515,1,0.0372778,0.260811,-0.581814,1,1,1,5.70708,0.198968,0.250345,0.00132596,0.604188,0.417334
5516,1,0.0385745,0.257855,-0.600757,1,1,1,5.70804,0.270526,0.239692,0.00133573,0.685203,0.394775
5517,1,0.0398554,0.254807,-0.6193,1,1,1,5.70948,0.246091,0.242888,0.00137271,0.617161,0.451172
5518,1,0.0411216,0.251664,-0.637451,1,1,1,5.71034,0.23911,0.231169,0.00146797,0.72063,0.721875
5519,1,0.0423719,0.248433,-0.655185,1,1,1,5.71197,0.249582,0.227974,0.00159577,0.734584,0.710596
5520,1,0.0436057,0.245114,-0.672486,1,1,1,5.71302,0.23911,0.241822,0.00168123,0.554214,0.823389
5521,1,0.0448243,0.241704,-0.689363,1,1,1,5.71408,0.169297,0.2333,0.00173278,0.613375,0.744434
5522,1,0.0460228,0.238221,-0.705738,1,1,1,5.71504,0.258309,0.237561,0.00179535,0.532837,0.552686
5523,1,0.047206,0.234649,-0.721672,1,1,1,5.71638,0.195477,0.221582,0.00188452,0.678011,0.812109
5524,1,0.0483692,0.231005,-0.737088,1,1,1,5.71734,0.225147,0.225843,0.00191555,0.591063,0.64292
5525,1,0.0495161,0.227278,-0.752029,1,1,1,5.71839,0.221657,0.200276,0.00196968,0.834313,0.597803
5526,1,0.0506419,0.223485,-0.766422,1,1,1,5.71945,0.260054,0.192819,0.00201415,0.876862,0.812109
5527,1,0.0517505,0.219615,-0.780308,1,1,1,5.7206,0.198968,0.209863,0.00207724,0.651914,0.541406
5528,1,0.052838,0.215683,-0.793625,1,1,1,5.72136,0.230383,0.187492,0.00209562,0.852661,0.552686
5529,1,0.0539064,0.211683,-0.806391,1,1,1,5.7228,0.289725,0.19708,0.00216388,0.707981,0.699316
5530,1,0.0549547,0.20762,-0.81858,1,1,1,5.72376,0.18675,0.21519,0.00217982,0.459165,0.654199
5531,1,0.0559834,0.203495,-0.83019,1,1,1,5.72472,0.172788,0.216255,0.00217681,0.394646,0.530127
5532,1,0.0569904,0.199316,-0.841184,1,1,1,5.72558,0.228638,0.196015,0.00212952,0.558079,0.507568
5533,1,0.0579766,0.195083,-0.851561,1,1,1,5.72673,0.21293,0.210929,0.00209775,0.33628,0.462451
5534,1,0.058942,0.190798,-0.861309,1,1,1,5.7275,0.15708,0.205602,0.00206786,0.336807,0.406055
5535,1,0.0598837,0.186475,-0.870388,1,1,1,5.72856,0.18326,0.171513,0.00200213,0.648652,0.349658
5536,1,0.0608057,0.182099,-0.878824,1,1,1,5.72932,0.216421,0.185362,0.00197684,0.437928,0.372217
5537,1,0.0617052,0.177685,-0.886579,1,1,1,5.73047,0.165806,0.193884,0.00194852,0.285024,0.428613
5538,1,0.0625825,0.173234,-0.893642,1,1,1,5.73114,0.158825,0.16086,0.00193015,0.590111,0.496289
5539,1,0.0634368,0.168753,-0.899995,1,1,1,5.7322,0.204204,0.159795,0.00191656,0.544006,0.439893
5540,1,0.06427,0.164235,-0.905638,1,1,1,5.73277,0.1309,0.159795,0.00193867,0.490528,0.48501
5541,1,0.0650793,0.159697,-0.910538,1,1,1,5.73383,0.148353,0.157664,0.00191388,0.454161,0.372217
5542,1,0.0658669,0.155132,-0.914695,1,1,1,5.73431,0.153589,0.161925,0.00191577,0.350774,0.462451
5543,1,0.0666311,0.150549,-0.918086,1,1,1,5.73517,0.127409,0.145946,0.00188279,0.465323,0.349658
5544,1,0.0673726,0.14595,-0.920701,1,1,1,5.73575,0.150098,0.137423,0.00192694,0.507938,0.406055
5545,1,0.0680906,0.141344,-0.922522,1,1,1,5.73661,0.115192,0.131032,0.00192435,0.520962,0.248145
5546,1,0.0687858,0.136728,-0.923537,1,1,1,5.73709,0.174533,0.137423,0.00197943,0.400993,0.48501
5547,1,0.0694574,0.132113,-0.923731,1,1,1,5.73795,0.0872665,0.120379,0.00200916,0.535589,0.48501
5548,1,0.0701069,0.127492,-0.92309,1,1,1,5.73843,0.1309,0.14275,0.00201286,0.23321,0.518848
5549,1,0.0707366,0.122851,-0.921588,1,1,1,5.73901,0.0680678,0.102269,0.00203837,0.625008,0.530127
5550,1,0.0713394,0.118249,-0.919228,1,1,1,5.73948,0.118682,0.104399,0.00206567,0.548889,0.496289
5551,1,0.0719192,0.11366,-0.91599,1,1,1,5.74016,0.123918,0.0894849,0.00213205,0.665694,0.417334
5552,1,0.0724726,0.109119,-0.911887,1,1,1,5.74064,0.106465,0.101203,0.00217945,0.487764,0.631641
5553,1,0.0730068,0.104572,-0.906855,1,1,1,5.74121,0.0837758,0.104399,0.00219955,0.400027,0.575244
5554,1,0.0735183,0.100052,-0.900901,1,1,1,5.7415,0.0506145,0.113987,0.00220781,0.240893,0.338379
5555,1,0.0740074,0.0955646,-0.89401,1,1,1,5.74207,0.111701,0.0852238,0.00224261,0.507635,0.439893
5556,1,0.074474,0.0911139,-0.88617,1,1,1,5.74255,0.0959931,0.0884196,0.00228297,0.424158,0.597803
5557,1,0.0749185,0.0867052,-0.877365,1,1,1,5.74284,0.0471239,0.0852238,0.00229632,0.408083,0.406055
5558,1,0.0753412,0.0823414,-0.867579,1,1,1,5.74322,0.10821,0.0841585,0.00232067,0.370702,0.439893
5559,1,0.0757421,0.0780303,-0.856801,1,1,1,5.74361,0.0418879,0.0564607,0.00237197,0.630627,0.496289
5560,1,0.0761216,0.0737751,-0.845014,1,1,1,5.7439,0.0837758,0.0692443,0.00239281,0.442083,0.48501
5561,1,0.0764799,0.0695816,-0.832205,1,1,1,5.74418,0.0366519,0.0735055,0.00243097,0.350459,0.406055
5562,1,0.0768175,0.065455,-0.81836,1,1,1,5.74457,0.0890118,0.0490037,0.00248577,0.578402,0.47373
5563,1,0.0771346,0.0614005,-0.803465,1,1,1,5.74485,0.0471239,0.0777667,0.00254015,0.221412,0.552686
5564,1,0.0774316,0.0574219,-0.7875,1,1,1,5.74505,0.0191986,0.0532648,0.00254796,0.445276,0.462451
5565,1,0.077709,0.0535267,-0.770458,1,1,1,5.74524,0.0610865,0.0308936,0.00259648,0.652259,0.439893
5566,1,0.077967,0.0497196,-0.752323,1,1,1,5.74543,0.0506145,0.0223712,0.00266878,0.711276,0.439893
5567,1,0.0782063,0.0460057,-0.733078,1,1,1,5.74562,0.0523599,0.0490037,0.00269519,0.378839,0.428613
5568,1,0.0784272,0.0423907,-0.712709,1,1,1,5.74572,0.0122173,0.0511343,0.00273211,0.318686,0.518848
5569,1,0.0786304,0.0388806,-0.691204,1,1,1,5.74591,0.0122173,0.0117183,0.00281153,0.722608,0.620361
5570,1,0.0788163,0.0354801,-0.668541,1,1,1,5.746,0,-0.0010653,0.00290031,0.836323,0.552686
5571,1,0.0789853,0.0321992,-0.644737,1,1,1,5.74629,0.0575959,0.0138489,0.0029825,0.64612,0.665479
5572,1,0.0791383,0.0290374,-0.619731,1,1,1,5.74629,-0.0122173,0.00958767,0.00303488,0.664553,0.507568
5573,1,0.0792759,0.0260037,-0.593531,1,1,1,5.74639,0.0506145,0.0298283,0.00304753,0.409967,0.597803
5574,1,0.0793986,0.0231045,-0.566126,1,1,1,5.74639,0,0.00532648,0.00307563,0.651407,0.64292
5575,1,0.0795071,0.0203447,-0.53749,1,1,1,5.74648,0.0174533,0.0276977,0.00309487,0.377968,0.451172
5576,1,0.0796023,0.017731,-0.507614,1,1,1,5.74648,0.020944,0.00426119,0.00312564,0.61191,0.518848
5577,1,0.0796847,0.0152697,-0.476481,1,1,1,5.74658,0.0174533,-0.01811,0.00319055,0.840691,0.541406
5578,1,0.0797552,0.0129685,-0.444101,1,1,1,5.74658,0,0.0255671,0.00321916,0.340296,0.654199
5579,1,0.0798147,0.0108315,-0.410425,1,1,1,5.74658,-0.0261799,0.0138489,0.00322115,0.447941,0.507568
5580,1,0.0798639,0.00886464,-0.375425,1,1,1,5.74658,0.0226893,0.00745708,0.00328358,0.507254,0.665479
5581,1,0.0799036,0.00707934,-0.33918,1,1,1,5.74658,-0.020944,0.00426119,0.003288,0.526165,0.48501
5582,1,0.0799349,0.00547697,-0.301578,1,1,1,5.74658,0.0261799,0.00958767,0.00331583,0.456863,0.620361
5583,1,0.0799587,0.00406571,-0.262629,1,1,1,5.74658,0,-0.0010653,0.00335504,0.567378,0.631641
5584,1,0.0799759,0.00285285,-0.222336,1,1,1,5.74668,0.00872665,-0.0223712,0.0033756,0.795247,0.586523
5585,1,0.0799876,0.00184476,-0.180671,1,1,1,5.74668,0.0279253,0.00639178,0.00338608,0.47374,0.48501
5586,1,0.0799947,0.00104847,-0.137624,1,1,1,5.74668,-0.00523599,0.0149142,0.00334732,0.371183,0.451172
5587,1,0.0799984,0.000470846,-0.0931778,1,1,1,5.74658,0,0.0170448,0.00333852,0.345778,0.518848
5588,1,0.0799998,0.000119018,-0.0473247,1,1,1,5.74668,0.00872665,-0.00319589,0.00333176,0.569704,0.47373
5589,1,0.08,8.51162e-11,-4.04251e-05,1,1,1,5.74658,0.0122173,-0.00319589,0.00332942,0.574632,0.631641
5590,1,0.08,0,0,1,1,1,5.74658,-0.0541052,0.0149142,0.00334981,0.37812,0.586523
5591,1,0.08,0,0,1,1,1,5.74668,0,-0.00426119,0.00333791,0.587477,0.64292
5592,1,0.08,0,0,1,1,1,5.74668,0,0.0191753,0.00335168,0.331494,0.597803
5593,1,0.08,0,0,1,1,1,5.74658,-0.00349066,-0.010653,0.00333132,0.656917,0.530127
5594,1,0.08,0,0,1,1,1,5.74668,0.015708,0.00532648,0.00332838,0.480754,0.541406
5595,1,0.08,0,0,1,1,1,5.74658,0,-0.00745708,0.00332701,0.621194,0.451172
5596,1,0.08,0,0,1,1,1,5.74668,0.0244346,-0.010653,0.00335911,0.660585,0.620361
5597,1,0.08,0,0,1,1,1,5.74668,0,-0.00958767,0.00337519,0.650989,0.507568
5598,1,0.08,0,0,1,1,1,5.74668,0.0139626,0.00426119,0.00337321,0.49839,0.609082
5599,1,0.08,0,0,1,1,1,5.74668,0,-0.00852238,0.0033543,0.636513,0.47373
5600,1,0.08,0,0,1,1,1,5.74668,0,0.0266324,0.00333165,0.246821,0.563965
5601,1,0.08,0,0,1,1,1,5.74658,-0.0366519,0.00319589,0.00330049,0.50051,0.462451
5602,1,0.08,0,0,1,1,1,5.74668,0.0314159,-0.00532648,0.00333209,0.598428,0.563965
5603,1,0.08,0,0,1,1,1,5.74668,0,-0.0117183,0.0033414,0.669966,0.530127
5604,1,0.08,0,0,1,1,1,5.74668,0,0.0010653,0.00332035,0.526568,0.47373
5605,1,0.08,0,0,1,1,1,5.74668,0,0.010653,0.00331059,0.419815,0.563965
5606,1,0.08,0,0,1,1,1,5.74668,0,-0.010653,0.00331458,0.654707,0.530127
5607,1,0.08,0,0,1,1,1,5.74668,0.00349066,0.0149142,0.00329721,0.371177,0.507568
5608,1,0.08,0,0,1,1,1,5.74668,0,-0.00213059,0.00324262,0.551462,0.439893
5609,1,0.08,0,0,1,1,1,5.74668,0,-0.0010653,0.00322123,0.536921,0.417334
5610,1,0.08,0,0,1,1,1,5.74668,0,0.0010653,0.00320715,0.511625,0.586523
5611,1,0.08,0,0,1,1,1,5.74668,0,-0.00958767,0.00320219,0.628153,0.518848
5612,1,0.08,0,0,1,1,1,5.74668,0,-0.00319589,0.00320936,0.55879,0.575244
5613,1,0.08,0,0,1,1,1,5.74668,0,7.17537e-19,0.00321949,0.524973,0.541406
5614,1,0.08,0,0,1,1,1,5.74668,0,-0.01811,0.00321999,0.724249,0.47373
5615,1,0.08,0,0,1,1,1,5.74668,0.0314159,-1.30461e-18,0.00317632,0.519274,0.530127
5616,1,0.08,0,0,1,1,1,5.74658,-0.0471239,-0.00639178,0.00319125,0.591554,0.47373
5617,1,0.08,0,0,1,1,1,5.74668,0.015708,0.00958767,0.003202,0.417199,0.620361
5618,1,0.08,0,0,1,1,1,5.74668,0,-0.00319589,0.0032127,0.559232,0.586523
5619,1,0.08,0,0,1,1,1,5.74668,0,-0.00319589,0.00320207,0.557828,0.530127
5620,1,0.08,0,0,1,1,1,5.74668,0,-0.00319589,0.00320153,0.557757,0.496289
5621,1,0.08,0,0,1,1,1,5.74668,0,0.00213059,0.00316746,0.494669,0.496289
5622,1,0.08,0,0,1,1,1,5.74658,-0.015708,0.00745708,0.00315847,0.43489,0.48501
5623,1,0.08,0,0,1,1,1,5.74668,0,0.00426119,0.00316026,0.470281,0.541406
5624,1,0.08,0,0,1,1,1,5.74668,0,-0.0010653,0.00313221,0.525169,0.428613
5625,1,0.08,0,0,1,1,1,5.74668,0.0139626,-0.0159795,0.00316737,0.693867,0.586523
5626,1,0.08,0,0,1,1,1,5.74668,0,0.00958767,0.00316445,0.412243,0.530127
5627,1,0.08,0,0,1,1,1,5.74668,-0.0174533,-0.0127836,0.0031521,0.656697,0.439893
5628,1,0.08,0,0,1,1,1,5.74668,0,-0.00852238,0.0031666,0.611738,0.552686
5629,1,0.08,0,0,1,1,1,5.74668,0,0.010653,0.0031377,0.396993,0.530127
5630,1,0.08,0,0,1,1,1,5.74668,-0.020944,0.0319589,0.00315668,0.165133,0.451172
5631,1,0.08,0,0,1,1,1,5.74668,-0.0558505,0.010653,0.00315483,0.399254,0.48501
5632,1,0.08,0,0,1,1,1,5.74668,0.0174533,-0.00639178,0.00316326,0.58786,0.349658
5633,1,0.08,0,0,1,1,1,5.74677,0,-0.00426119,0.00316305,0.564396,0.496289
5634,1,0.08,0,0,1,1,1,5.74668,0,0.00213059,0.00315592,0.493145,0.676758
5635,1,0.08,0,0,1,1,1,5.74668,-0.00872665,-0.00319589,0.00314845,0.55075,0.48501
5636,1,0.08,0,0,1,1,1,5.74668,0,0.00852238,0.00312588,0.41887,0.530127
5637,1,0.08,0,0,1,1,1,5.74668,0,-0.00639178,0.00315941,0.587352,0.654199
5638,1,0.08,0,0,1,1,1,5.74668,0,0.01811,0.00316102,0.318044,0.507568
5639,1,0.08,0,0,1,1,1,5.74668,-0.0174533,0.00639178,0.00312643,0.44238,0.563965
5640,1,0.08,0,0,1,1,1,5.74668,-0.0122173,-0.00532648,0.00312222,0.570725,0.496289
5641,1,0.08,0,0,1,1,1,5.74668,0,6.52306e-20,0.00310775,0.510223,0.451172
5642,1,0.08,0,0,1,1,1,5.74668,0,0.00745708,0.00308806,0.425596,0.394775
5643,1,0.08,0,0,1,1,1,5.74668,0,-0.0191753,0.00310185,0.720373,0.383496
5644,1,0.08,0,0,1,1,1,5.74668,0.00523599,0.00426119,0.00306431,0.457616,0.462451
5645,1,0.08,0,0,1,1,1,5.74668,0,-0.00426119,0.00305851,0.550597,0.609082
5646,1,0.08,0,0,1,1,1,5.74668,-0.00872665,-0.00958767,0.00308112,0.612172,0.507568
5647,1,0.08,0,0,1,1,1,5.74668,0,0.00745708,0.00305674,0.421461,0.417334
5648,1,0.08,0,0,1,1,1,5.74668,0,-2.02215e-18,0.00307501,0.505902,0.47373
5649,1,0.08,0,0,1,1,1,5.74668,0,0.0138489,0.00302958,0.347568,0.552686
5650,1,0.08,0,0,1,1,1,5.74668,-0.0174533,-0.00532648,0.00304663,0.560746,0.552686
5651,1,0.08,0,0,1,1,1,5.74668,0,0.010653,0.00304742,0.385076,0.518848
5652,1,0.08,0,0,1,1,1,5.74668,0,0.00532648,0.00305022,0.444038,0.496289
5653,1,0.08,0,0,1,1,1,5.74668,-0.0122173,-0.00532648,0.00303907,0.559748,0.417334
5654,1,0.08,0,0,1,1,1,5.74668,0.0349066,0.00958767,0.00307659,0.400645,0.552686
5655,1,0.08,0,0,1,1,1,5.74668,-0.0226893,0.00213059,0.00303343,0.476977,0.462451
5656,1,0.08,0,0,1,1,1,5.74668,0.0261799,0.0117183,0.00298306,0.364864,0.507568
5657,1,0.08,0,0,1,1,1,5.74668,-0.00349066,-0.0223712,0.00297157,0.73833,0.349658
5658,1,0.08,0,0,1,1,1,5.74668,0.020944,-0.010653,0.00296314,0.608317,0.360938
5659,1,0.08,0,0,1,1,1,5.74668,0.0244346,0.00639178,0.00295023,0.419121,0.47373
5660,1,0.08,0,0,1,1,1,5.74668,0,0.0170448,0.00288765,0.293678,0.406055
5661,1,0.08,0,0,1,1,1,5.74668,0,0.00958767,0.00291133,0.378831,0.47373
5662,1,0.08,0,0,1,1,1,5.74668,0,-0.00213059,0.00291451,0.508152,0.541406
5663,1,0.08,0,0,1,1,1,5.74668,0,-0.0149142,0.00293531,0.651517,0.507568
5664,1,0.08,0,0,1,1,1,5.74668,0.00872665,0.00532648,0.0029381,0.429238,0.518848
5665,1,0.08,0,0,1,1,1,5.74668,0,0.00213059,0.00292882,0.463167,0.48501
5666,1,0.08,0,0,1,1,1,5.74668,0,0.0149142,0.00288732,0.31707,0.406055
5667,1,0.08,0,0,1,1,1,5.74668,-0.015708,0.0010653,0.00288893,0.469621,0.372217
5668,1,0.08,0,0,1,1,1,5.74668,0,-0.00745708,0.00289614,0.564319,0.3271
5669,1,0.08,0,0,1,1,1,5.74668,0.00174533,0.0138489,0.0028566,0.324734,0.439893
5670,1,0.08,0,0,1,1,1,5.74668,0,0.010653,0.0028326,0.35672,0.372217
5671,1,0.08,0,0,1,1,1,5.74668,0,0.0191753,0.00282415,0.261859,0.462451
5672,1,0.08,0,0,1,1,1,5.74658,-0.0174533,0.0159795,0.00277649,0.290723,0.349658
5673,1,0.08,0,0,1,1,1,5.74668,0,-0.00319589,0.00279756,0.504432,0.439893
5674,1,0.08,0,0,1,1,1,5.74668,0.0191986,-0.0117183,0.00279284,0.597555,0.383496
5675,1,0.08,0,0,1,1,1,5.74668,0.0226893,0.00639178,0.00280124,0.399454,0.439893
5676,1,0.08,0,0,1,1,1,5.74668,0,-0.0010653,0.00282585,0.484731,0.518848
5677,1,0.08,0,0,1,1,1,5.74668,0,-0.0138489,0.00283061,0.625978,0.439893
5678,1,0.08,0,0,1,1,1,5.74668,0,-0.00426119,0.00282194,0.519369,0.349658
5679,1,0.08,0,0,1,1,1,5.74668,0,0.00213059,0.00279791,0.445888,0.507568
5680,1,0.08,0,0,1,1,1,5.74668,-0.0139626,-0.00852238,0.00280039,0.563397,0.47373
5681,1,0.08,0,0,1,1,1,5.74668,0.00174533,-0.0170448,0.00281957,0.659675,0.304541
5682,1,0.08,0,0,1,1,1,5.74668,0.0558505,0.00213059,0.00284406,0.45198,0.541406
5683,1,0.08,0,0,1,1,1,5.74668,-0.00349066,0.0010653,0.00282154,0.460725,0.47373
5684,1,0.08,0,0,1,1,1,5.74668,0,-0.00852238,0.00279699,0.562948,0.428613
5685,1,0.08,0,0,1,1,1,5.74668,0.00872665,0.010653,0.00281112,0.353885,0.541406
5686,1,0.08,0,0,1,1,1,5.74668,-0.0226893,-0.0010653,0.00283034,0.485324,0.597803
5687,1,0.08,0,0,1,1,1,5.74668,-0.015708,0.00319589,0.00281066,0.435853,0.406055
5688,1,0.08,0,0,1,1,1,5.74658,0,0.00426119,0.00277556,0.419501,0.439893
5689,1,0.08,0,0,1,1,1,5.74668,0,-1.76123e-18,0.00278489,0.467606,0.372217
5690,1,0.0799998,-0.000118779,-0.0472776,1,1,1,5.74668,0.00872665,-0.0138489,0.0027797,0.611095,0.304541
5691,1,0.0799984,-0.000470386,-0.0931332,1,1,1,5.74668,0.0279253,-0.0127836,0.00283727,0.59615,0.586523
5692,1,0.0799947,-0.00104778,-0.137581,1,1,1,5.74668,-0.0349066,0.00639178,0.00282731,0.370504,0.439893
5693,1,0.0799876,-0.00184389,-0.18063,1,1,1,5.74668,0,-0.00426119,0.00281011,0.46952,0.406055
5694,1,0.0799759,-0.00285183,-0.222298,1,1,1,5.74668,0.020944,0.00319589,0.00282275,0.370853,0.563965
5695,1,0.0799587,-0.00406452,-0.262593,1,1,1,5.74658,-0.0174533,0.0159795,0.00276477,0.201949,0.406055
5696,1,0.079935,-0.00547558,-0.301542,1,1,1,5.74658,-0.0226893,0.01811,0.0027068,0.147979,0.259424
5697,1,0.0799036,-0.00707785,-0.339148,1,1,1,5.74658,0,-0.0255671,0.00268109,0.599991,0.281982
5698,1,0.0798639,-0.0088647,-0.375426,1,1,1,5.74658,0.00698132,0.0159795,0.00260546,0.105871,0.259424
5699,1,0.0798147,-0.0108298,-0.410397,1,1,1,5.74658,-0.0174533,0.00319589,0.00253773,0.208415,0.225586
5700,1,0.0797553,-0.0129665,-0.444071,1,1,1,5.74648,0,-0.00852238,0.00248779,0.299663,0.236865
5701,1,0.0796848,-0.0152684,-0.476464,1,1,1,5.74648,0,0.0138489,0.00245241,0.0159973,0.304541
5702,1,0.0796023,-0.0177293,-0.507593,1,1,1,5.74648,-0.0174533,-0.00852238,0.00238579,0.218599,0.236865
5703,1,0.0795072,-0.0203421,-0.537462,1,1,1,5.74648,0,0.0159795,0.00230329,-0.0981923,0.124072
5704,1,0.0793987,-0.0231015,-0.566096,1,1,1,5.74648,0,-6.52306e-19,0.0021721,0.0221032,0.101514
5705,1,0.079276,-0.026001,-0.593507,1,1,1,5.74639,-0.00698132,0.00213059,0.00205689,-0.0560549,0.0902344
5706,1,0.0791384,-0.0290346,-0.619708,1,1,1,5.74639,-0.00872665,-0.0159795,0.00195813,0.0891947,0.0338379
5707,1,0.0789854,-0.0321962,-0.644714,1,1,1,5.74639,0,-0.0245018,0.00185784,0.12726,0.0225586
5708,1,0.0788163,-0.0354801,-0.668541,1,1,1,5.74629,0,-0.00745708,0.00170212,-0.125443,0.0451172
5709,1,0.0786304,-0.0388794,-0.691196,1,1,1,5.74629,-0.010472,-0.00958767,0.00153019,-0.171178,0.0112793
5710,1,0.0784273,-0.0423897,-0.712703,1,1,1,5.7462,-0.0174533,-0.00639178,0.00135285,-0.277602,-0.0563965
5711,1,0.0782063,-0.0460048,-0.733073,1,1,1,5.7461,-0.00698132,0.00213059,0.00113203,-0.450308,-0.0789551
5712,1,0.0779671,-0.0497189,-0.75232,1,1,1,5.7461,-0.0174533,-0.0191753,0.000958265,-0.2895,-0.0789551
5713,1,0.077709,-0.0535259,-0.770455,1,1,1,5.74591,-0.0191986,-0.0138489,0.0007733,-0.424466,-0.236865
5714,1,0.0774317,-0.0574214,-0.787498,1,1,1,5.74581,-0.0453786,-0.0298283,0.000572754,-0.328716,-0.31582
5715,1,0.0771346,-0.0613994,-0.803461,1,1,1,5.74562,0,-0.0330242,0.000413369,-0.368162,-0.360938
5716,1,0.0768175,-0.0654544,-0.818358,1,1,1,5.74553,-0.0453786,-0.0276977,0.000241251,-0.504139,-0.439893
5717,1,0.07648,-0.0695811,-0.832203,1,1,1,5.74524,-0.0418879,-0.050069,9.47622e-05,-0.333299,-0.406055
5718,1,0.0761216,-0.0737746,-0.845012,1,1,1,5.74505,-0.0383972,-0.0617872,-7.1936e-05,-0.283346,-0.47373
5719,1,0.0757421,-0.0780296,-0.856799,1,1,1,5.74485,-0.0174533,-0.0617872,-0.000160777,-0.350958,-0.394775
5720,1,0.0753412,-0.0823412,-0.867578,1,1,1,5.74466,-0.0698132,-0.0447425,-0.000334609,-0.619523,-0.428613
5721,1,0.0749186,-0.0867041,-0.877363,1,1,1,5.74409,-0.0575959,-0.0490037,-0.000482308,-0.650465,-0.552686
5722,1,0.0744741,-0.0911132,-0.886168,1,1,1,5.74399,-0.0436332,-0.0511343,-0.000630255,-0.70553,-0.541406
5723,1,0.0740074,-0.0955639,-0.894009,1,1,1,5.74342,-0.102974,-0.0692443,-0.000727116,-0.577986,-0.48501
5724,1,0.0735184,-0.100051,-0.900899,1,1,1,5.74313,-0.0558505,-0.0767014,-0.000841079,-0.570078,-0.676758
5725,1,0.0730069,-0.104571,-0.906854,1,1,1,5.74274,-0.0820305,-0.0724402,-0.000905651,-0.68408,-0.518848
5726,1,0.0724727,-0.109118,-0.911886,1,1,1,5.74236,-0.0942478,-0.105464,-0.000973514,-0.389357,-0.586523
5727,1,0.0719157,-0.113689,-0.916012,1,1,1,5.74188,-0.0628319,-0.0948114,-0.00106987,-0.578709,-0.541406
5728,1,0.0713357,-0.118277,-0.919245,1,1,1,5.74131,-0.148353,-0.116117,-0.00115342,-0.415385,-0.31582
5729,1,0.0707329,-0.122879,-0.9216,1,1,1,5.74083,-0.0750492,-0.121444,-0.00119654,-0.421817,-0.563965
5730,1,0.0701069,-0.127492,-0.92309,1,1,1,5.74035,-0.146608,-0.0852238,-0.00131323,-0.895765,-0.744434
5731,1,0.0694579,-0.132109,-0.923731,1,1,1,5.73958,-0.116937,-0.109726,-0.0014453,-0.705108,-0.575244
5732,1,0.0687858,-0.136728,-0.923537,1,1,1,5.73901,-0.171042,-0.12677,-0.00152488,-0.588476,-0.766992
5733,1,0.0680906,-0.141343,-0.922522,1,1,1,5.73853,-0.0855211,-0.101203,-0.00164635,-0.946041,-0.699316
5734,1,0.0673724,-0.145951,-0.9207,1,1,1,5.73786,-0.200713,-0.150207,-0.00170506,-0.475103,-0.789551
5735,1,0.0666312,-0.150549,-0.918087,1,1,1,5.73718,-0.0558505,-0.127836,-0.00180445,-0.794062,-0.778271
5736,1,0.0658669,-0.155131,-0.914695,1,1,1,5.73642,-0.207694,-0.143815,-0.00183398,-0.681084,-0.620361
5737,1,0.06508,-0.159694,-0.910542,1,1,1,5.73555,-0.109956,-0.153403,-0.00189723,-0.643066,-0.654199
5738,1,0.0642701,-0.164235,-0.905638,1,1,1,5.73488,-0.200713,-0.153403,-0.00191958,-0.703951,-0.631641
5739,1,0.0634376,-0.168749,-0.900001,1,1,1,5.73392,-0.153589,-0.14488,-0.00197063,-0.862323,-0.609082
5740,1,0.0625825,-0.173234,-0.893642,1,1,1,5.73335,-0.18326,-0.159795,-0.00197289,-0.755453,-0.563965
5741,1,0.0617052,-0.177685,-0.886579,1,1,1,5.73229,-0.20944,-0.173643,-0.00201157,-0.665107,-0.676758
5742,1,0.0608058,-0.182099,-0.878825,1,1,1,5.73162,-0.122173,-0.167252,-0.00203618,-0.794349,-0.575244
5743,1,0.0598843,-0.186472,-0.870394,1,1,1,5.73047,-0.230383,-0.172578,-0.00206774,-0.795401,-0.631641
5744,1,0.0589411,-0.190802,-0.8613,1,1,1,5.7298,-0.169297,-0.177905,-0.0021476,-0.803424,-0.834668
5745,1,0.0579765,-0.195084,-0.851559,1,1,1,5.72846,-0.198968,-0.196015,-0.00217654,-0.662599,-0.868506
5746,1,0.0569904,-0.199316,-0.841184,1,1,1,5.72788,-0.13439,-0.194949,-0.00219369,-0.72996,-0.721875
5747,1,0.0559834,-0.203495,-0.83019,1,1,1,5.72673,-0.202458,-0.188558,-0.00217884,-0.850186,-0.530127
5748,1,0.0549556,-0.207617,-0.818591,1,1,1,5.72587,-0.230383,-0.201341,-0.00213277,-0.755875,-0.688037
5749,1,0.0539073,-0.21168,-0.806401,1,1,1,5.72472,-0.216421,-0.200276,-0.00217467,-0.82434,-0.755713
5750,1,0.0528389,-0.21568,-0.793636,1,1,1,5.72376,-0.21293,-0.208798,-0.00230035,-0.7979,-0.789551
5751,1,0.0517507,-0.219615,-0.780309,1,1,1,5.72261,-0.216421,-0.211994,-0.00235684,-0.820472,-0.823389
5752,1,0.0506427,-0.223483,-0.766432,1,1,1,5.72165,-0.244346,-0.198145,-0.00243072,-1.032,-0.744434
5753,1,0.049516,-0.227278,-0.752028,1,1,1,5.72002,-0.267035,-0.243953,-0.00238082,-0.570244,-0.834668
5754,1,0.0483702,-0.231001,-0.737102,1,1,1,5.71916,-0.174533,-0.242888,-0.00234477,-0.622905,-0.688037
5755,1,0.0472062,-0.234648,-0.721674,1,1,1,5.71791,-0.246091,-0.248214,-0.00226805,-0.598001,-0.530127
5756,1,0.0460239,-0.238217,-0.705754,1,1,1,5.71695,-0.23911,-0.237561,-0.00222905,-0.753344,-0.48501
5757,1,0.044824,-0.241705,-0.689359,1,1,1,5.71542,-0.267035,-0.252475,-0.0022036,-0.628572,-0.710596
5758,1,0.0436069,-0.24511,-0.672504,1,1,1,5.71446,-0.200713,-0.260998,-0.0021559,-0.569585,-0.710596
5759,1,0.042373,-0.24843,-0.655202,1,1,1,5.71293,-0.272271,-0.231169,-0.00210572,-0.930216,-0.620361
5760,1,0.0411227,-0.251662,-0.637468,1,1,1,5.71178,-0.298451,-0.239692,-0.00213971,-0.881178,-0.80083
5761,1,0.0398553,-0.254807,-0.619299,1,1,1,5.71005,-0.244346,-0.275912,-0.00206557,-0.510561,-0.631641
5762,1,0.0385749,-0.257854,-0.600763,1,1,1,5.70928,-0.218166,-0.256737,-0.00201438,-0.750386,-0.530127
5763,1,0.0372781,-0.260811,-0.581818,1,1,1,5.70756,-0.315905,-0.283369,-0.00197126,-0.487034,-0.688037
5764,1,0.0359668,-0.263672,-0.5625,1,1,1,5.7065,-0.258309,-0.283369,-0.00188757,-0.508803,-0.597803
5765,1,0.0346417,-0.266435,-0.542825,1,1,1,5.70507,-0.280998,-0.2855,-0.00186387,-0.51504,-0.688037
5766,1,0.0333029,-0.269099,-0.522803,1,1,1,5.70372,-0.296706,-0.278043,-0.00185869,-0.628097,-0.631641
5767,1,0.0319508,-0.271663,-0.502447,1,1,1,5.70209,-0.23911,-0.26739,-0.00185088,-0.774503,-0.710596
5768,1,0.0305862,-0.274123,-0.481774,1,1,1,5.70133,-0.18326,-0.278043,-0.00186272,-0.688634,-0.665479
5769,1,0.0292098,-0.27648,-0.460803,1,1,1,5.69979,-0.260054,-0.273781,-0.00187926,-0.76607,-0.676758
5770,1,0.0278217,-0.278731,-0.439541,1,1,1,5.69855,-0.305433,-0.256737,-0.00198282,-0.995644,-0.755713
5771,1,0.0264225,-0.280875,-0.418004,1,1,1,5.69692,-0.286234,-0.266324,-0.00208398,-0.931423,-1.09409
5772,1,0.025013,-0.28291,-0.39621,1,1,1,5.69577,-0.258309,-0.266324,-0.00217852,-0.969987,-1.11665
5773,1,0.0235936,-0.284837,-0.374171,1,1,1,5.69414,-0.253073,-0.256737,-0.00231716,-1.11915,-1.10537
5774,1,0.022165,-0.286652,-0.351903,1,1,1,5.69318,-0.242601,-0.275912,-0.00239339,-0.941919,-1.00386
5775,1,0.0207273,-0.288355,-0.329415,1,1,1,5.69164,-0.274017,-0.276977,-0.00243061,-0.956384,-0.913623
5776,1,0.0192816,-0.289946,-0.30673,1,1,1,5.69049,-0.315905,-0.276977,-0.00248725,-0.984005,-1.02642
5777,1,0.017828,-0.291422,-0.283854,1,1,1,5.68877,-0.274017,-0.294022,-0.00255287,-0.824338,-1.10537
5778,1,0.0163676,-0.292784,-0.260809,1,1,1,5.68762,-0.287979,-0.279108,-0.00259962,-1.01177,-0.868506
5779,1,0.0149005,-0.29403,-0.237604,1,1,1,5.68608,-0.282743,-0.298283,-0.00259758,-0.812598,-0.845947
5780,1,0.0134275,-0.29516,-0.214253,1,1,1,5.68493,-0.287979,-0.278043,-0.00263329,-1.05054,-0.95874
5781,1,0.0119491,-0.296172,-0.190774,1,1,1,5.68292,-0.322886,-0.296153,-0.00266087,-0.864109,-1.04897
5782,1,0.010466,-0.297067,-0.167181,1,1,1,5.68186,-0.246091,-0.32172,-0.00263202,-0.586711,-0.95874
5783,1,0.00897851,-0.297844,-0.143483,1,1,1,5.68033,-0.261799,-0.297218,-0.00259303,-0.857274,-0.744434
5784,1,0.00748765,-0.298502,-0.119702,1,1,1,5.67908,-0.319395,-0.278043,-0.00260158,-1.07406,-0.778271
5785,1,0.00599379,-0.299041,-0.0958493,1,1,1,5.67717,-0.31765,-0.307871,-0.00258559,-0.747094,-0.80083
5786,1,0.00449749,-0.29946,-0.0719383,1,1,1,5.67602,-0.29147,-0.313197,-0.00252542,-0.682336,-0.733154
5787,1,0.00299926,-0.29976,-0.0479818,1,1,1,5.67429,-0.315905,-0.297218,-0.00255306,-0.862053,-0.902344
5788,1,0.0015,-0.29994,-0.0239992,1,1,1,5.67295,-0.336849,-0.304675,-0.00250841,-0.772958,-0.789551
5789,1,3e-08,-0.3,-4.8e-07,1,1,1,5.67132,-0.267035,-0.33983,-0.00249047,-0.381216,-0.868506
5790,1,-0.0014998,-0.29994,0.023996,1,1,1,5.67017,-0.296706,-0.311067,-0.00244383,-0.687315,-0.496289
5791,1,-0.00299902,-0.29976,0.047978,1,1,1,5.66815,-0.380482,-0.292957,-0.00247518,-0.885056,-0.857227
5792,1,-0.00449707,-0.29946,0.0719316,1,1,1,5.66672,-0.282743,-0.306806,-0.00247002,-0.72494,-0.834668
5793,1,-0.00599339,-0.299041,0.0958429,1,1,1,5.66518,-0.268781,-0.302544,-0.00242305,-0.757068,-0.597803
5794,1,-0.00748733,-0.298502,0.119697,1,1,1,5.66413,-0.294961,-0.304675,-0.00241518,-0.722576,-0.620361
5795,1,-0.00897804,-0.297844,0.143476,1,1,1,5.66221,-0.300197,-0.28763,-0.00244658,-0.902749,-0.857227
5796,1,-0.0104656,-0.297067,0.167174,1,1,1,5.66096,-0.335103,-0.295087,-0.00242282,-0.804688,-0.834668
5797,1,-0.0119488,-0.296172,0.19077,1,1,1,5.65914,-0.305433,-0.297218,-0.00240313,-0.764291,-0.879785
5798,1,-0.0134272,-0.29516,0.214249,1,1,1,5.6579,-0.286234,-0.311067,-0.00238113,-0.593274,-0.857227
5799,1,-0.0149002,-0.29403,0.237598,1,1,1,5.65636,-0.225147,-0.324916,-0.00235124,-0.419783,-0.721875
5800,1,-0.0163673,-0.292784,0.260804,1,1,1,5.65521,-0.282743,-0.275912,-0.0023729,-0.943088,-0.597803
5801,1,-0.0178277,-0.291422,0.283849,1,1,1,5.6532,-0.345575,-0.280173,-0.00241768,-0.882105,-0.947461
5802,1,-0.0192812,-0.289946,0.306725,1,1,1,5.65214,-0.205949,-0.266324,-0.00249956,-1.02384,-1.00386
5803,1,-0.0207271,-0.288355,0.329413,1,1,1,5.65032,-0.328122,-0.283369,-0.00252966,-0.817583,-0.868506
5804,1,-0.0221647,-0.286652,0.351898,1,1,1,5.64936,-0.216421,-0.278043,-0.00256159,-0.856204,-0.857227
5805,1,-0.0235935,-0.284837,0.374169,1,1,1,5.64793,-0.289725,-0.281238,-0.00259852,-0.800449,-0.845947
5806,1,-0.0250129,-0.282911,0.396207,1,1,1,5.64678,-0.251327,-0.270585,-0.00272118,-0.907063,-0.812109
5807,1,-0.0264224,-0.280875,0.418002,1,1,1,5.64505,-0.280998,-0.242888,-0.0028736,-1.20368,-1.13921
5808,1,-0.0278214,-0.278731,0.439537,1,1,1,5.6439,-0.279253,-0.248214,-0.00301564,-1.13441,-1.11665
5809,1,-0.0292095,-0.27648,0.460799,1,1,1,5.64236,-0.253073,-0.257802,-0.00313454,-1.01393,-1.01514
5810,1,-0.030586,-0.274124,0.481771,1,1,1,5.64141,-0.258309,-0.247149,-0.0032054,-1.10851,-0.936182
5811,1,-0.0319505,-0.271663,0.502443,1,1,1,5.63987,-0.29147,-0.250345,-0.00331467,-1.05457,-1.01514
5812,1,-0.0333025,-0.2691,0.522797,1,1,1,5.63882,-0.244346,-0.257802,-0.0034117,-0.950944,-0.97002
5813,1,-0.0346415,-0.266435,0.542822,1,1,1,5.63719,-0.256563,-0.240757,-0.00346537,-1.1099,-1.00386
5814,1,-0.0359667,-0.263672,0.562498,1,1,1,5.63623,-0.247837,-0.262063,-0.00348387,-0.841186,-0.95874
5815,1,-0.0372779,-0.260811,0.581816,1,1,1,5.63469,-0.249582,-0.246084,-0.00350198,-0.98143,-0.868506
5816,1,-0.0385747,-0.257855,0.60076,1,1,1,5.63364,-0.249582,-0.258867,-0.00343824,-0.793339,-0.721875
5817,1,-0.0398563,-0.254804,0.619313,1,1,1,5.6322,-0.293215,-0.257802,-0.00338108,-0.757347,-0.609082
5818,1,-0.0411225,-0.251662,0.637464,1,1,1,5.63124,-0.23911,-0.253541,-0.00338507,-0.763544,-0.699316
5819,1,-0.0423728,-0.24843,0.655198,1,1,1,5.62971,-0.263545,-0.26952,-0.00335658,-0.541737,-0.744434
5820,1,-0.0436067,-0.245111,0.6725,1,1,1,5.62875,-0.225147,-0.247149,-0.00333944,-0.742272,-0.710596
5821,1,-0.0448237,-0.241706,0.689354,1,1,1,5.62722,-0.228638,-0.226908,-0.00334315,-0.921125,-0.597803
5822,1,-0.0460237,-0.238218,0.705751,1,1,1,5.62635,-0.244346,-0.223712,-0.0033341,-0.909854,-0.733154
5823,1,-0.0472059,-0.234649,0.72167,1,1,1,5.62492,-0.270526,-0.232235,-0.00334867,-0.771896,-0.789551
5824,1,-0.0483701,-0.231002,0.7371,1,1,1,5.62396,-0.233874,-0.253541,-0.00335543,-0.491385,-0.913623
5825,1,-0.0495158,-0.227279,0.752025,1,1,1,5.62281,-0.146608,-0.218386,-0.00335472,-0.830041,-0.654199
5826,1,-0.0506426,-0.223483,0.766432,1,1,1,5.62166,-0.314159,-0.240757,-0.00329201,-0.526961,-0.620361
5827,1,-0.0517504,-0.219616,0.780306,1,1,1,5.6206,-0.202458,-0.2333,-0.00329967,-0.560449,-0.710596
5828,1,-0.0528387,-0.215681,0.793633,1,1,1,5.61955,-0.253073,-0.229039,-0.00331119,-0.558553,-0.778271
5829,1,-0.0539071,-0.21168,0.806399,1,1,1,5.61868,-0.178024,-0.199211,-0.0033549,-0.841411,-0.688037
5830,1,-0.0549554,-0.207618,0.818589,1,1,1,5.61763,-0.247837,-0.173643,-0.00345887,-1.08469,-0.778271
5831,1,-0.0559832,-0.203495,0.830188,1,1,1,5.61619,-0.219911,-0.199211,-0.00352719,-0.760097,-0.947461
5832,1,-0.0569902,-0.199317,0.841182,1,1,1,5.61562,-0.129154,-0.19708,-0.00355165,-0.73379,-0.823389
5833,1,-0.0579763,-0.195084,0.851558,1,1,1,5.61437,-0.240855,-0.202406,-0.00355292,-0.621839,-0.924902
5834,1,-0.058941,-0.190802,0.861299,1,1,1,5.6137,-0.120428,-0.19708,-0.00353978,-0.624633,-0.721875
5835,1,-0.0598842,-0.186473,0.870393,1,1,1,5.61245,-0.188496,-0.208798,-0.00346162,-0.430857,-0.620361
5836,1,-0.0608055,-0.1821,0.878823,1,1,1,5.61197,-0.116937,-0.186427,-0.00344527,-0.619813,-0.462451
5837,1,-0.0617051,-0.177686,0.886579,1,1,1,5.61082,-0.158825,-0.170448,-0.00336102,-0.729045,-0.541406
5838,1,-0.0625825,-0.173234,0.893642,1,1,1,5.61025,-0.169297,-0.157664,-0.00339414,-0.818285,-0.710596
5839,1,-0.0634375,-0.16875,0.9,1,1,1,5.6091,-0.162316,-0.143815,-0.00348953,-0.92717,-0.891064
5840,1,-0.0642699,-0.164236,0.905637,1,1,1,5.60852,-0.144862,-0.157664,-0.00363431,-0.737582,-0.891064
5841,1,-0.0650797,-0.159695,0.91054,1,1,1,5.60766,-0.127409,-0.148076,-0.00359633,-0.781485,-0.733154
5842,1,-0.0658668,-0.155132,0.914695,1,1,1,5.60699,-0.207694,-0.155533,-0.0036632,-0.651574,-0.744434
5843,1,-0.0666311,-0.150549,0.918086,1,1,1,5.60612,-0.101229,-0.156599,-0.00375627,-0.595254,-1.02642
5844,1,-0.0673723,-0.145952,0.9207,1,1,1,5.60545,-0.122173,-0.150207,-0.00379353,-0.613553,-0.699316
5845,1,-0.0680905,-0.141344,0.922521,1,1,1,5.60478,-0.129154,-0.137423,-0.00376454,-0.693422,-0.530127
5846,1,-0.0687857,-0.136728,0.923537,1,1,1,5.6044,-0.106465,-0.121444,-0.00381677,-0.819142,-0.620361
5847,1,-0.0694578,-0.13211,0.923731,1,1,1,5.60344,-0.10821,-0.118248,-0.00381213,-0.796847,-0.665479
5848,1,-0.0701068,-0.127492,0.92309,1,1,1,5.60315,-0.118682,-0.127836,-0.00387162,-0.642532,-0.631641
5849,1,-0.0707328,-0.12288,0.9216,1,1,1,5.60229,-0.0593412,-0.110791,-0.00393412,-0.781757,-0.755713
5850,1,-0.0713357,-0.118277,0.919246,1,1,1,5.60191,-0.109956,-0.125705,-0.00398438,-0.568036,-0.733154
5851,1,-0.0719155,-0.11369,0.916013,1,1,1,5.60133,-0.0488692,-0.0916155,-0.00405736,-0.896651,-0.789551
5852,1,-0.0724726,-0.109119,0.911888,1,1,1,5.60085,-0.1309,-0.104399,-0.00412678,-0.709553,-0.778271
5853,1,-0.0730068,-0.104572,0.906855,1,1,1,5.60037,-0.0645772,-0.0862891,-0.0042122,-0.864812,-0.913623
5854,1,-0.0735184,-0.100052,0.9009,1,1,1,5.59989,-0.1309,-0.0671137,-0.00430607,-1.03338,-0.95874
5855,1,-0.0740074,-0.0955643,0.89401,1,1,1,5.59941,-0.111701,-0.0703096,-0.00434747,-0.949457,-0.868506
5856,1,-0.074474,-0.0911136,0.886169,1,1,1,5.59913,-0.0558505,-0.0841585,-0.00439115,-0.749246,-0.766992
5857,1,-0.0749186,-0.0867041,0.877363,1,1,1,5.59874,-0.0837758,-0.0809626,-0.00443473,-0.737155,-0.766992
5858,1,-0.0753412,-0.0823414,0.867579,1,1,1,5.59845,-0.0523599,-0.0862891,-0.00449912,-0.634773,-0.755713
5859,1,-0.0757421,-0.0780304,0.856801,1,1,1,5.59798,-0.0296706,-0.0841585,-0.00455467,-0.614025,-0.778271
5860,1,-0.0761216,-0.0737754,0.845015,1,1,1,5.59778,-0.0907571,-0.0564607,-0.00462525,-0.87735,-0.834668
5861,1,-0.0764799,-0.0695816,0.832205,1,1,1,5.5974,-0.0541052,-0.0692443,-0.00465544,-0.690937,-0.778271
5862,1,-0.0768175,-0.065455,0.81836,1,1,1,5.59721,-0.0715585,-0.0351548,-0.00472443,-1.02622,-0.845947
5863,1,-0.0771346,-0.0614,0.803463,1,1,1,5.59682,-0.0436332,-0.0521996,-0.00479536,-0.800313,-0.879785
5864,1,-0.0774316,-0.0574223,0.787502,1,1,1,5.59673,-0.0226893,-0.050069,-0.00486987,-0.786911,-0.868506
5865,1,-0.0777089,-0.0535271,0.77046,1,1,1,5.59654,-0.0314159,-0.00745708,-0.00500212,-1.22759,-0.879785
5866,1,-0.077967,-0.0497194,0.752322,1,1,1,5.59625,-0.0628319,-0.0330242,-0.00507236,-0.911351,-0.947461
5867,1,-0.0782063,-0.0460056,0.733078,1,1,1,5.59615,-0.0506145,-0.0245018,-0.00519219,-0.977951,-1.0377
5868,1,-0.0784273,-0.0423905,0.712708,1,1,1,5.59596,-0.00349066,-0.0362201,-0.00524283,-0.814146,-0.936182
5869,1,-0.0786304,-0.0388801,0.691201,1,1,1,5.59596,-0.0226893,-0.0298283,-0.00531095,-0.853306,-0.936182
5870,1,-0.0788162,-0.0354805,0.668544,1,1,1,5.59587,-0.0191986,0.00532648,-0.00542135,-1.21597,-0.981299
5871,1,-0.0789854,-0.0321969,0.644719,1,1,1,5.59558,-0.0663225,-0.0276977,-0.00551741,-0.828362,-1.07153
5872,1,-0.0791384,-0.0290354,0.619715,1,1,1,5.59558,0.0296706,-0.0159795,-0.00560597,-0.933601,-0.981299
5873,1,-0.0792759,-0.026002,0.593516,1,1,1,5.59548,0,-0.00852238,-0.00567602,-0.991269,-0.97002
5874,1,-0.0793987,-0.023102,0.566101,1,1,1,5.59548,0,-0.0127836,-0.00574001,-0.921048,-0.97002
5875,1,-0.0795072,-0.0203425,0.537466,1,1,1,5.59539,0,0.00426119,-0.00583096,-1.09066,-0.857227
5876,1,-0.0796023,-0.0177294,0.507594,1,1,1,5.59539,-0.0610865,-0.0159795,-0.00585054,-0.842677,-1.00386
5877,1,-0.0796847,-0.0152689,0.476471,1,1,1,5.59539,0.00174533,0.00319589,-0.00591978,-1.03688,-0.891064
5878,1,-0.0797553,-0.0129669,0.444077,1,1,1,5.59519,-0.0191986,-0.0149142,-0.00597368,-0.821058,-0.879785
5879,1,-0.0798147,-0.0108302,0.410403,1,1,1,5.59529,0,-0.0117183,-0.0060074,-0.839149,-1.0377
5880,1,-0.0798639,-0.00886509,0.375434,1,1,1,5.59529,0,0.0308936,-0.00606577,-1.29636,-0.936182
5881,1,-0.0799036,-0.00707802,0.339152,1,1,1,5.59519,-0.020944,0.00745708,-0.00611023,-1.02759,-0.97002
5882,1,-0.0799349,-0.00547575,0.301547,1,1,1,5.59519,0,-0.0010653,-0.00614486,-0.92403,-0.992578
5883,1,-0.0799587,-0.00406484,0.262603,1,1,1,5.59519,0,0.0223712,-0.0061428,-1.16972,-0.891064
5884,1,-0.0799759,-0.00285189,0.2223,1,1,1,5.59519,0.0122173,-0.0159795,-0.00612541,-0.736357,-0.845947
5885,1,-0.0799876,-0.00184406,0.180638,1,1,1,5.59519,0.0244346,0.0234365,-0.00612514,-1.1634,-0.766992
5886,1,-0.0799947,-0.00104791,0.137589,1,1,1,5.5951,-0.0436332,0.0127836,-0.00615025,-1.04584,-0.879785
5887,1,-0.0799984,-0.000470516,0.0931458,1,1,1,5.5951,-0.0418879,0.0191753,-0.00620643,-1.12276,-1.11665
5888,1,-0.0799998,-0.000118822,0.0472862,1,1,1,5.5951,0.0174533,-0.0191753,-0.00616124,-0.697114,-0.947461
5889,1,-0.08,-1.07434e-12,4.54079e-06,1,1,1,5.59519,0,-0.00213059,-0.00614737,-0.888016,-0.834668
5890,1,-0.08,-0,-0,1,1,1,5.59519,-0.00523599,-0.00852238,-0.00609463,-0.810745,-0.95874
5891,1,-0.08,-0,-0,1,1,1,5.59519,0,-0.00745708,-0.00610515,-0.823852,-1.02642
5892,1,-0.08,-0,-0,1,1,1,5.5951,0.0139626,0.00319589,-0.00611239,-0.94199,-0.981299
5893,1,-0.08,-0,-0,1,1,1,5.5951,-0.00872665,0.00532648,-0.00608779,-0.96218,-0.789551
5894,1,-0.08,-0,-0,1,1,1,5.59519,0,0.00852238,-0.00610376,-0.999442,-0.879785
5895,1,-0.08,-0,-0,1,1,1,5.5951,0,0.00745708,-0.00608554,-0.985319,-0.834668
5896,1,-0.08,-0,-0,1,1,1,5.59519,0,0.010653,-0.00609967,-1.02234,-0.834668
5897,1,-0.08,-0,-0,1,1,1,5.5951,0,-0.00319589,-0.00608746,-0.86839,-0.902344
5898,1,-0.08,-0,-0,1,1,1,5.5951,0,-0.00639178,-0.00608825,-0.833339,-1.01514
5899,1,-0.08,-0,-0,1,1,1,5.5951,0,-0.00213059,-0.0061204,-0.884456,-0.857227
5900,1,-0.08,-0,-0,1,1,1,5.595,-0.0226893,0.00852238,-0.00613578,-1.00367,-1.01514
5901,1,-0.08,-0,-0,1,1,1,5.5951,-0.0174533,-0.028763,-0.00610699,-0.589729,-0.812109
5902,1,-0.08,-0,-0,1,1,1,5.5951,0,-0.0138489,-0.00611438,-0.754761,-0.868506
5903,1,-0.08,-0,-0,1,1,1,5.5951,0.0226893,-0.0010653,-0.00611885,-0.895969,-0.97002
5904,1,-0.08,-0,-0,1,1,1,5.5951,-0.0122173,0.00745708,-0.00614889,-0.993682,-1.06025
5905,1,-0.08,-0,-0,1,1,1,5.5951,0,-0.00319589,-0.0061651,-0.878638,-0.902344
5906,1,-0.08,-0,-0,1,1,1,5.595,0,-0.0159795,-0.00612212,-0.732346,-0.812109
5907,1,-0.08,-0,-0,1,1,1,5.5951,0,0.0149142,-0.00618008,-1.07983,-0.924902
5908,1,-0.08,-0,-0,1,1,1,5.595,-0.020944,0.00639178,-0.00616669,-0.984313,-0.936182
5909,1,-0.08,-0,-0,1,1,1,5.5951,-0.0418879,-0.00213059,-0.00614829,-0.888138,-0.812109
5910,1,-0.08,-0,-0,1,1,1,5.5951,0.0139626,-0.00852238,-0.00612903,-0.815286,-0.936182
5911,1,-0.08,-0,-0,1,1,1,5.5951,0.00872665,0.00532648,-0.00610736,-0.964763,-0.868506
5912,1,-0.08,-0,-0,1,1,1,5.5951,0,-0.00319589,-0.00610909,-0.871245,-1.0377
5913,1,-0.08,-0,-0,1,1,1,5.5951,0,0.00639178,-0.00612341,-0.9786,-0.834668
5914,1,-0.08,-0,-0,1,1,1,5.595,-0.020944,0.00958767,-0.00613058,-1.0147,-0.992578
5915,1,-0.08,-0,-0,1,1,1,5.595,-0.0244346,-0.00319589,-0.00612628,-0.873514,-0.879785
5916,1,-0.08,-0,-0,1,1,1,5.595,0,-0.00213059,-0.00615396,-0.888887,-0.924902
5917,1,-0.08,-0,-0,1,1,1,5.595,0.00349066,-0.00745708,-0.00615415,-0.83032,-0.924902
5918,1,-0.08,-0,-0,1,1,1,5.595,0,-0.00958767,-0.00616753,-0.808649,-0.812109
5919,1,-0.08,-0,-0,1,1,1,5.595,0,0.00852238,-0.00618119,-1.00966,-0.834668
5920,1,-0.08,-0,-0,1,1,1,5.595,-0.0296706,0.00852238,-0.00619171,-1.01105,-0.981299
5921,1,-0.08,-0,-0,1,1,1,5.595,-0.0261799,0.00745708,-0.00620655,-1.00129,-0.97002
5922,1,-0.08,-0,-0,1,1,1,5.595,0.0174533,-2.08738e-18,-0.00621316,-0.920137,-0.936182
5923,1,-0.08,-0,-0,1,1,1,5.595,0,0.00532648,-0.00619623,-0.976494,-0.868506
5924,1,-0.08,-0,-0,1,1,1,5.595,0,-0.00213059,-0.0061904,-0.893697,-0.95874
5925,1,-0.08,-0,-0,1,1,1,5.595,0,-0.00639178,-0.00619548,-0.847494,-0.891064
5926,1,-0.08,-0,-0,1,1,1,5.595,0,0.0159795,-0.00623201,-1.0984,-0.947461
5927,1,-0.08,-0,-0,1,1,1,5.595,-0.00349066,-0.0202406,-0.00620324,-0.696181,-0.868506
5928,1,-0.08,-0,-0,1,1,1,5.5951,0.00872665,0.00532648,-0.00619945,-0.976919,-0.857227
5929,1,-0.08,-0,-0,1,1,1,5.595,0,0.00639178,-0.00620564,-0.989454,-0.924902
5930,1,-0.08,-0,-0,1,1,1,5.595,-0.0366519,-0.0010653,-0.00620869,-0.907829,-1.08281
5931,1,-0.08,-0,-0,1,1,1,5.595,0,0.0223712,-0.00623617,-1.16926,-0.891064
5932,1,-0.08,-0,-0,1,1,1,5.59491,-0.0401426,0.00852238,-0.00624944,-1.01867,-1.04897
5933,1,-0.08,-0,-0,1,1,1,5.595,0,-0.0202406,-0.00620808,-0.696819,-0.845947
5934,1,-0.08,-0,-0,1,1,1,5.595,0.00523599,0.00426119,-0.00621891,-0.967769,-0.80083
5935,1,-0.08,-0,-0,1,1,1,5.59491,0,0.00319589,-0.00621671,-0.955761,-1.06025
5936,1,-0.08,-0,-0,1,1,1,5.59491,0.0174533,-0.0159795,-0.00625384,-0.749733,-0.891064
5937,1,-0.08,-0,-0,1,1,1,5.595,0.0366519,-0.00213059,-0.00622537,-0.898312,-0.857227
5938,1,-0.08,-0,-0,1,1,1,5.59491,-0.0418879,-0.0138489,-0.00622689,-0.769612,-0.95874
5939,1,-0.08,-0,-0,1,1,1,5.595,0.0174533,0.00745708,-0.00622424,-1.00363,-0.981299
5940,1,-0.08,-0,-0,1,1,1,5.59491,0,-0.00958767,-0.00619764,-0.812624,-0.891064
5941,1,-0.08,-0,-0,1,1,1,5.59491,0,0.0191753,-0.00621047,-1.13071,-1.01514
5942,1,-0.08,-0,-0,1,1,1,5.59491,0.00872665,-0.00745708,-0.00621713,-0.838634,-1.01514
5943,1,-0.08,-0,-0,1,1,1,5.59491,0.0174533,-0.00213059,-0.0062153,-0.896983,-1.06025
5944,1,-0.08,-0,-0,1,1,1,5.59491,0.0122173,-5.21845e-19,-0.00620727,-0.919359,-0.891064
5945,1,-0.08,-0,-0,1,1,1,5.59491,0,-0.0223712,-0.00622771,-0.675974,-0.936182
5946,1,-0.08,-0,-0,1,1,1,5.59491,0,-0.00958767,-0.00618255,-0.810632,-0.936182
5947,1,-0.08,-0,-0,1,1,1,5.59491,-0.00698132,-0.00426119,-0.00621547,-0.873569,-0.97002
5948,1,-0.08,-0,-0,1,1,1,5.59481,0,-0.00319589,-0.00619342,-0.882376,-0.981299
5949,1,-0.08,-0,-0,1,1,1,5.59491,0,-0.0191753,-0.00620674,-0.708361,-1.00386
5950,1,-0.08,-0,-0,1,1,1,5.59491,0.0174533,-0.0149142,-0.00619649,-0.753881,-0.924902
5951,1,-0.08,-0,-0,1,1,1,5.59491,0.00872665,-0.0127836,-0.00617336,-0.774265,-0.868506
5952,1,-0.08,-0,-0,1,1,1,5.59491,0,-0.00426119,-0.00615374,-0.865421,-0.789551
5953,1,-0.08,-0,-0,1,1,1,5.59491,0,-0.00745708,-0.00618507,-0.834401,-0.902344
5954,1,-0.08,-0,-0,1,1,1,5.59491,-0.0174533,0.0117183,-0.00618296,-1.04505,-0.857227
5955,1,-0.08,-0,-0,1,1,1,5.59481,-0.0296706,0.00319589,-0.00618666,-0.951794,-0.95874
5956,1,-0.08,-0,-0,1,1,1,5.59491,0.00872665,-0.00852238,-0.00616763,-0.820381,-0.981299
5957,1,-0.08,-0,-0,1,1,1,5.59491,0.00523599,0.0191753,-0.00619796,-1.12906,-0.97002
5958,1,-0.08,-0,-0,1,1,1,5.59481,0,-0.00426119,-0.00619264,-0.870555,-1.12793
5959,1,-0.08,-0,-0,1,1,1,5.59491,0,0.0159795,-0.00614284,-1.08663,-0.721875
5960,1,-0.08,-0,-0,1,1,1,5.59491,-0.0279253,-0.00426119,-0.00614225,-0.863904,-0.947461
5961,1,-0.08,-0,-0,1,1,1,5.59491,0,0.00852238,-0.0061585,-1.00667,-0.902344
5962,1,-0.08,-0,-0,1,1,1,5.59481,0,0.0159795,-0.00618017,-1.09156,-0.913623
5963,1,-0.08,-0,-0,1,1,1,5.59481,-0.0296706,0.0127836,-0.0062119,-1.06059,-0.95874
5964,1,-0.08,-0,-0,1,1,1,5.59481,0,-0.00532648,-0.00621669,-0.862012,-0.981299
5965,1,-0.08,-0,-0,1,1,1,5.59481,0,0.00319589,-0.00626383,-0.96198,-1.0377
5966,1,-0.08,-0,-0,1,1,1,5.59481,0,0.00852238,-0.00624387,-1.01794,-1.01514
5967,1,-0.08,-0,-0,1,1,1,5.59481,-0.0418879,0.01811,-0.00626167,-1.12575,-0.97002
5968,1,-0.08,-0,-0,1,1,1,5.59481,0.0349066,-0.00213059,-0.00625997,-0.902879,-0.879785
5969,1,-0.08,-0,-0,1,1,1,5.59481,0,-0.00319589,-0.00625807,-0.890911,-0.891064
5970,1,-0.08,-0,-0,1,1,1,5.59481,0,-0.00958767,-0.00624682,-0.819115,-0.902344
5971,1,-0.08,-0,-0,1,1,1,5.59481,0,0.00852238,-0.00624388,-1.01794,-1.00386
5972,1,-0.08,-0,-0,1,1,1,5.59481,0,-0.0010653,-0.00631102,-0.921336,-1.08281
5973,1,-0.08,-0,-0,1,1,1,5.59481,0.0191986,0.0149142,-0.00630504,-1.09632,-0.947461
5974,1,-0.08,-0,-0,1,1,1,5.59481,0,-0.00958767,-0.00627965,-0.823449,-0.992578
5975,1,-0.08,-0,-0,1,1,1,5.59481,0.00349066,-0.00213059,-0.00623964,-0.900195,-0.812109
5976,1,-0.08,-0,-0,1,1,1,5.59481,0,0.0010653,-0.00625141,-0.936905,-0.845947
5977,1,-0.08,-0,-0,1,1,1,5.59481,0,0.00852238,-0.00626413,-1.02061,-0.97002
5978,1,-0.08,-0,-0,1,1,1,5.59481,-0.00872665,0.0245018,-0.00624768,-1.19421,-0.834668
5979,1,-0.08,-0,-0,1,1,1,5.59472,-0.0314159,-0.0127836,-0.00625782,-0.785413,-0.891064
5980,1,-0.08,-0,-0,1,1,1,5.59481,0.0139626,0.0010653,-0.00622236,-0.933069,-0.857227
5981,1,-0.08,-0,-0,1,1,1,5.59481,0,0.00958767,-0.00623105,-1.02796,-0.95874
5982,1,-0.08,-0,-0,1,1,1,5.59481,0.0261799,0.00745708,-0.00625755,-1.00802,-0.97002
5983,1,-0.08,-0,-0,1,1,1,5.59472,0,-0.00213059,-0.0062639,-0.903399,-0.947461
5984,1,-0.08,-0,-0,1,1,1,5.59472,0,-0.00532648,-0.00626136,-0.867908,-0.936182
5985,1,-0.08,-0,-0,1,1,1,5.59472,0,0.0127836,-0.00628671,-1.07046,-0.924902
5986,1,-0.08,-0,-0,1,1,1,5.59472,0,-0.0213059,-0.00626917,-0.693165,-0.992578
5987,1,-0.08,-0,-0,1,1,1,5.59481,0.0122173,0.0010653,-0.00629289,-0.94238,-0.891064
5988,1,-0.08,-0,-0,1,1,1,5.59472,0,-0.0138489,-0.00629241,-0.778261,-0.95874
5989,1,-0.08,-0,-0,1,1,1,5.59472,0,0.00213059,-0.00632014,-0.957695,-1.02642
5990,1,-0.0799998,0.000118762,0.0472743,1,1,1,5.59472,0,-0.010653,-0.00632578,-0.809659,-1.01514
5991,1,-0.0799984,0.000470384,0.093133,1,1,1,5.59472,0.00872665,-0.00639178,-0.00631833,-0.844722,-0.95874
5992,1,-0.0799947,0.00104769,0.137575,1,1,1,5.59472,0,0.00958767,-0.00635939,-1.01251,-0.834668
5993,1,-0.0799876,0.00184388,0.18063,1,1,1,5.59472,0,-0.00532648,-0.00635282,-0.831694,-0.97002
5994,1,-0.0799759,0.00285179,0.222297,1,1,1,5.59481,0.010472,-0.00639178,-0.00632263,-0.797683,-0.80083
5995,1,-0.0799587,0.00406458,0.262595,1,1,1,5.59472,0.0244346,0.0138489,-0.00633233,-1.00098,-0.902344
5996,1,-0.079935,0.0054755,0.301541,1,1,1,5.59472,-0.0296706,0.00213059,-0.00633298,-0.849283,-1.02642
5997,1,-0.0799037,0.00707767,0.339144,1,1,1,5.59472,0,-0.0213059,-0.00629683,-0.561669,-0.778271
5998,1,-0.0798639,0.00886462,0.375425,1,1,1,5.59472,-0.00698132,9.13229e-19,-0.00624872,-0.762555,-0.868506
5999,1,-0.0798147,0.0108299,0.410399,1,1,1,5.59481,-0.00174533,-0.0159795,-0.0062177,-0.553551,-0.868506
6000,1,-0.0797553,0.0129667,0.444073,1,1,1,5.59481,0.0418879,0.0117183,-0.0061722,-0.821158,-0.733154
6001,1,-0.0796848,0.0152685,0.476466,1,1,1,5.59481,0,0.0213059,-0.0061204,-0.886874,-0.676758
6002,1,-0.0796023,0.0177291,0.507591,1,1,1,5.59491,0.00872665,-0.0127836,-0.00604591,-0.467371,-0.631641
6003,1,-0.0795072,0.0203422,0.537463,1,1,1,5.59491,0.0436332,0.00958767,-0.00599934,-0.670925,-0.721875
6004,1,-0.0793987,0.0231015,0.566096,1,1,1,5.59481,-0.015708,-0.0223712,-0.00589304,-0.267338,-0.699316
6005,1,-0.079276,0.0260012,0.593508,1,1,1,5.595,0.015708,-0.00532648,-0.00578725,-0.401307,-0.597803
6006,1,-0.0791384,0.0290347,0.619709,1,1,1,5.59491,0,0.0362201,-0.0057089,-0.80694,-0.47373
6007,1,-0.0789854,0.032196,0.644713,1,1,1,5.59491,-0.00174533,-5.87076e-19,-0.00554536,-0.344494,-0.451172
6008,1,-0.0788163,0.03548,0.66854,1,1,1,5.59519,0.0279253,0.0149142,-0.00543134,-0.44972,-0.338379
6009,1,-0.0786304,0.0388799,0.691199,1,1,1,5.5951,0.0122173,0.0266324,-0.00530113,-0.516391,-0.406055
6010,1,-0.0784273,0.0423898,0.712704,1,1,1,5.59519,0.00872665,-0.00319589,-0.0051716,-0.124948,-0.360938
6011,1,-0.0782064,0.0460047,0.733073,1,1,1,5.59529,0.0453786,0.0255671,-0.00501976,-0.373941,-0.349658
6012,1,-0.0779671,0.0497191,0.752321,1,1,1,5.59529,0,0.00319589,-0.00485079,-0.0571238,-0.304541
6013,1,-0.077709,0.0535259,0.770455,1,1,1,5.59548,0.0366519,0.0223712,-0.00463418,-0.190053,-0.236865
6014,1,-0.0774317,0.0574211,0.787497,1,1,1,5.59548,0,0.0159795,-0.00446764,-0.04742,-0.236865
6015,1,-0.0771347,0.0613993,0.803461,1,1,1,5.59567,0.0314159,0.0159795,-0.00430118,0.0257582,-0.191748
6016,1,-0.0768176,0.065454,0.818357,1,1,1,5.59577,0.0174533,0.0362201,-0.00413588,-0.123071,-0.191748
6017,1,-0.07648,0.0695811,0.832203,1,1,1,5.59596,0.0174533,0.0191753,-0.00392175,0.145759,-0.112793
6018,1,-0.0761216,0.0737749,0.845013,1,1,1,5.59606,0.0366519,0.0234365,-0.00369022,0.18298,-0.112793
6019,1,-0.0757421,0.0780299,0.8568,1,1,1,5.59625,0.0226893,0.0490037,-0.00348213,-0.01675,-0.0451172
6020,1,-0.0753412,0.0823412,0.867578,1,1,1,5.59635,0.0314159,0.0426119,-0.00328365,0.134314,0
6021,1,-0.0749186,0.086704,0.877363,1,1,1,5.59654,0.020944,0.0255671,-0.00305196,0.407635,0
6022,1,-0.0744741,0.0911131,0.886168,1,1,1,5.59673,0.0506145,0.0362201,-0.00278672,0.382955,0.0902344
6023,1,-0.0740075,0.0955637,0.894009,1,1,1,5.59711,0.0471239,0.0564607,-0.00255832,0.247874,0.180469
6024,1,-0.0735184,0.100051,0.900899,1,1,1,5.5973,0.0698132,0.0458078,-0.00231319,0.455557,0.236865
6025,1,-0.0730069,0.104571,0.906854,1,1,1,5.59769,0.0593412,0.068179,-0.00207932,0.299033,0.451172
6026,1,-0.0724727,0.109118,0.911887,1,1,1,5.59798,0.0698132,0.0649831,-0.00189592,0.415877,0.349658
6027,1,-0.0719156,0.113689,0.916013,1,1,1,5.59836,0.106465,0.0862891,-0.00173072,0.261662,0.417334
6028,1,-0.0713358,0.118277,0.919245,1,1,1,5.59874,0.0715585,0.0948114,-0.00155784,0.24939,0.372217
6029,1,-0.0707329,0.122879,0.9216,1,1,1,5.59922,0.0698132,0.0958767,-0.00141939,0.313699,0.236865
6030,1,-0.0701069,0.127492,0.92309,1,1,1,5.5997,0.141372,0.0852238,-0.00127923,0.507126,0.372217
6031,1,-0.0694579,0.132109,0.923731,1,1,1,5.60037,0.111701,0.116117,-0.00112286,0.246829,0.360938
6032,1,-0.0687859,0.136727,0.923537,1,1,1,5.60076,0.102974,0.12464,-0.00102021,0.224289,0.31582
6033,1,-0.0680906,0.141343,0.922522,1,1,1,5.60143,0.101229,0.134227,-0.0009494,0.18489,0.360938
6034,1,-0.0673724,0.145952,0.9207,1,1,1,5.60191,0.150098,0.136358,-0.000870628,0.228427,0.270703
6035,1,-0.0666312,0.150549,0.918087,1,1,1,5.60258,0.10472,0.122509,-0.000785196,0.448551,0.293262
6036,1,-0.065867,0.155131,0.914696,1,1,1,5.60315,0.179769,0.123574,-0.000630006,0.515237,0.406055
6037,1,-0.0650799,0.159694,0.910541,1,1,1,5.60411,0.101229,0.136358,-0.000508985,0.447818,0.530127
6038,1,-0.0642691,0.164241,0.905632,1,1,1,5.60449,0.129154,0.158729,-0.000443473,0.266321,0.349658
6039,1,-0.0634376,0.168749,0.900001,1,1,1,5.60536,0.136136,0.16299,-0.000378142,0.283292,0.462451
6040,1,-0.0625826,0.173234,0.893643,1,1,1,5.60603,0.16057,0.16299,-0.000278536,0.352142,0.496289
6041,1,-0.0617054,0.177684,0.886581,1,1,1,5.60699,0.155334,0.16086,-0.000156739,0.447448,0.609082
6042,1,-0.0608058,0.182099,0.878825,1,1,1,5.60766,0.146608,0.156599,-1.93163e-05,0.568082,0.688037
6043,1,-0.0598844,0.186472,0.870395,1,1,1,5.60871,0.150098,0.166186,9.59034e-05,0.532807,0.563965
6044,1,-0.0589412,0.190802,0.861301,1,1,1,5.60929,0.146608,0.16299,0.000184526,0.633422,0.47373
6045,1,-0.0579765,0.195084,0.85156,1,1,1,5.61044,0.216421,0.1811,0.000263992,0.498048,0.518848
6046,1,-0.0569904,0.199316,0.841184,1,1,1,5.61111,0.169297,0.198145,0.000313975,0.369001,0.541406
6047,1,-0.0559833,0.203495,0.830189,1,1,1,5.61216,0.162316,0.211994,0.000361812,0.273937,0.428613
6048,1,-0.0549555,0.207617,0.818589,1,1,1,5.61293,0.205949,0.189623,0.000409507,0.576314,0.338379
6049,1,-0.0539073,0.21168,0.806401,1,1,1,5.61418,0.237365,0.183231,0.000479452,0.705651,0.552686
6050,1,-0.0528389,0.21568,0.793636,1,1,1,5.61494,0.176278,0.213059,0.000554065,0.437138,0.699316
6051,1,-0.0517506,0.219615,0.780308,1,1,1,5.6161,0.188496,0.203472,0.000616308,0.599055,0.699316
6052,1,-0.0506429,0.223482,0.766435,1,1,1,5.61705,0.195477,0.202406,0.000707203,0.670971,0.620361
6053,1,-0.0495159,0.227279,0.752026,1,1,1,5.6184,0.214675,0.234365,0.000780655,0.376363,0.597803
6054,1,-0.0483702,0.231001,0.737102,1,1,1,5.61916,0.198968,0.227974,0.000865106,0.503993,0.563965
6055,1,-0.0472059,0.234649,0.721671,1,1,1,5.62051,0.176278,0.237561,0.000907441,0.448736,0.530127
6056,1,-0.0460238,0.238217,0.705753,1,1,1,5.62137,0.247837,0.236496,0.000943008,0.508671,0.541406
6057,1,-0.0448239,0.241706,0.689357,1,1,1,5.62281,0.219911,0.248214,0.000987172,0.428334,0.676758
6058,1,-0.0436069,0.24511,0.672503,1,1,1,5.62367,0.188496,0.241822,0.00101957,0.543962,0.451172
6059,1,-0.042373,0.24843,0.655202,1,1,1,5.62511,0.242601,0.247149,0.00101978,0.52496,0.530127
6060,1,-0.0411229,0.251661,0.63747,1,1,1,5.62607,0.254818,0.243953,0.00108264,0.607694,0.383496
6061,1,-0.0398565,0.254804,0.619316,1,1,1,5.6275,0.221657,0.257802,0.0010924,0.494243,0.575244
6062,1,-0.0385748,0.257854,0.600762,1,1,1,5.62837,0.240855,0.248214,0.00114119,0.64292,0.688037
6063,1,-0.0372782,0.260811,0.58182,1,1,1,5.63,0.253073,0.254606,0.00121508,0.618817,0.755713
6064,1,-0.0359668,0.263672,0.5625,1,1,1,5.63096,0.240855,0.256737,0.00130682,0.642991,0.868506
6065,1,-0.0346416,0.266435,0.542824,1,1,1,5.6323,0.226893,0.26739,0.00137967,0.56964,0.744434
6066,1,-0.0333028,0.269099,0.522801,1,1,1,5.63345,0.263545,0.240757,0.00146294,0.906062,0.631641
6067,1,-0.0319508,0.271663,0.502447,1,1,1,5.63517,0.284489,0.237561,0.00155367,0.985316,0.834668
6068,1,-0.0305863,0.274123,0.481775,1,1,1,5.63613,0.249582,0.272716,0.00162192,0.638627,0.981299
6069,1,-0.0292097,0.27648,0.460802,1,1,1,5.63776,0.225147,0.286565,0.00161818,0.513608,0.699316
6070,1,-0.0278217,0.278731,0.43954,1,1,1,5.63872,0.235619,0.279108,0.0016018,0.619331,0.552686
6071,1,-0.0264225,0.280875,0.418004,1,1,1,5.64045,0.321141,0.279108,0.00160736,0.645178,0.586523
6072,1,-0.0250131,0.28291,0.39621,1,1,1,5.64179,0.305433,0.284434,0.00163608,0.614429,0.64292
6073,1,-0.0235937,0.284836,0.374172,1,1,1,5.64332,0.268781,0.280173,0.00163093,0.68273,0.563965
6074,1,-0.0221649,0.286652,0.351902,1,1,1,5.64457,0.342085,0.2855,0.00160026,0.640557,0.507568
6075,1,-0.0207273,0.288355,0.329416,1,1,1,5.64639,0.249582,0.2855,0.00152434,0.648407,0.451172
6076,1,-0.0192816,0.289945,0.30673,1,1,1,5.64735,0.247837,0.311067,0.00140414,0.367221,0.439893
6077,1,-0.017828,0.291422,0.283854,1,1,1,5.64927,0.315905,0.325981,0.00129649,0.2034,0.406055
6078,1,-0.0163675,0.292784,0.260808,1,1,1,5.65051,0.279253,0.306806,0.00123125,0.418959,0.417334
6079,1,-0.0149004,0.29403,0.237602,1,1,1,5.65224,0.314159,0.320654,0.00114636,0.267184,0.451172
6080,1,-0.0134275,0.29516,0.214253,1,1,1,5.65349,0.296706,0.307871,0.00112088,0.415589,0.518848
6081,1,-0.011949,0.296172,0.190773,1,1,1,5.65521,0.268781,0.317458,0.00107156,0.313034,0.428613
6082,1,-0.010466,0.297067,0.16718,1,1,1,5.65646,0.319395,0.290826,0.00107275,0.614211,0.530127
6083,1,-0.00897856,0.297844,0.143484,1,1,1,5.65818,0.294961,0.306806,0.00107734,0.446778,0.586523
6084,1,-0.00748767,0.298502,0.119703,1,1,1,5.65943,0.296706,0.290826,0.00110244,0.631876,0.597803
6085,1,-0.00599361,0.299041,0.0958464,1,1,1,5.66125,0.305433,0.30574,0.00114975,0.479731,0.597803
6086,1,-0.00449732,0.29946,0.0719354,1,1,1,5.6624,0.289725,0.313197,0.00117344,0.404329,0.530127
6087,1,-0.00299937,0.29976,0.0479834,1,1,1,5.66403,0.249582,0.296153,0.00119314,0.595756,0.360938
6088,1,-0.00150003,0.29994,0.0239996,1,1,1,5.66518,0.336849,0.282304,0.00125401,0.757254,0.654199
6089,1,-2.445e-07,0.3,3.912e-06,1,1,1,5.6671,0.294961,0.282304,0.00130244,0.763458,0.936182
6090,1,0.00149976,0.29994,-0.0239954,1,1,1,5.66815,0.226893,0.271651,0.00136075,0.886534,0.778271
6091,1,0.00299903,0.29976,-0.047978,1,1,1,5.66988,0.324631,0.288695,0.00140263,0.701455,0.507568
6092,1,0.00449701,0.29946,-0.0719306,1,1,1,5.67113,0.338594,0.2855,0.00143364,0.73562,0.518848
6093,1,0.00599346,0.299041,-0.0958441,1,1,1,5.67285,0.263545,0.289761,0.00145453,0.685079,0.47373
6094,1,0.00748731,0.298502,-0.119697,1,1,1,5.674,0.333358,0.28763,0.00145237,0.69958,0.609082
6095,1,0.00897836,0.297844,-0.143481,1,1,1,5.67582,0.310669,0.290826,0.00149663,0.661723,0.766992
6096,1,0.0104656,0.297067,-0.167175,1,1,1,5.67698,0.249582,0.28763,0.00147512,0.682448,0.688037
6097,1,0.0119489,0.296172,-0.190771,1,1,1,5.67861,0.329867,0.294022,0.00145718,0.596645,0.406055
6098,1,0.0134271,0.29516,-0.214248,1,1,1,5.67976,0.279253,0.301479,0.00146332,0.501442,0.518848
6099,1,0.0149003,0.29403,-0.2376,1,1,1,5.68148,0.272271,0.284434,0.00148831,0.676692,0.563965
6100,1,0.0163673,0.292784,-0.260804,1,1,1,5.68263,0.307178,0.280173,0.00150047,0.708567,0.541406
6101,1,0.0178278,0.291422,-0.28385,1,1,1,5.68417,0.272271,0.2855,0.00155625,0.640577,0.541406
6102,1,0.0192812,0.289946,-0.306725,1,1,1,5.68541,0.329867,0.294022,0.00159946,0.533828,0.609082
6103,1,0.0207271,0.288355,-0.329412,1,1,1,5.68704,0.237365,0.291891,0.00159379,0.535174,0.609082
6104,1,0.0221647,0.286652,-0.351898,1,1,1,5.6881,0.310669,0.281238,0.00165249,0.638729,0.80083
6105,1,0.0235934,0.284837,-0.374167,1,1,1,5.69011,0.261799,0.265259,0.0016761,0.794478,0.778271
6106,1,0.0250129,0.282911,-0.396208,1,1,1,5.69097,0.20944,0.302544,0.00164768,0.35535,0.597803
6107,1,0.0264223,0.280875,-0.418,1,1,1,5.6926,0.277507,0.26952,0.00159045,0.683142,0.451172
6108,1,0.0278215,0.278731,-0.439538,1,1,1,5.69366,0.289725,0.26739,0.00159985,0.68028,0.496289
6109,1,0.0292094,0.27648,-0.460797,1,1,1,5.69557,0.319395,0.2855,0.00161087,0.453677,0.699316
6110,1,0.0305861,0.274124,-0.481772,1,1,1,5.69663,0.23911,0.288695,0.00156758,0.381554,0.620361
6111,1,0.0319505,0.271663,-0.502442,1,1,1,5.69826,0.287979,0.26952,0.0015667,0.560681,0.64292
6112,1,0.0333025,0.2691,-0.522798,1,1,1,5.69941,0.254818,0.28763,0.00149636,0.317938,0.372217
6113,1,0.0346413,0.266436,-0.54282,1,1,1,5.70075,0.263545,0.271651,0.00143826,0.450695,0.349658
6114,1,0.0359667,0.263672,-0.562498,1,1,1,5.702,0.289725,0.281238,0.00126367,0.286378,0.394775
6115,1,0.0372778,0.260811,-0.581814,1,1,1,5.70344,0.218166,0.254606,0.00122649,0.536866,0.383496
6116,1,0.0385747,0.257854,-0.60076,1,1,1,5.70449,0.275762,0.275912,0.00136284,0.282913,0.451172
6117,1,0.0398563,0.254804,-0.619314,1,1,1,5.70603,0.191986,0.240757,0.00134931,0.628436,0.417334
6118,1,0.0411226,0.251662,-0.637466,1,1,1,5.70689,0.251327,0.240757,0.00125606,0.577144,0.428613
6119,1,0.0423727,0.248431,-0.655197,1,1,1,5.70842,0.223402,0.240757,0.00130555,0.543942,0.417334
6120,1,0.0436066,0.245111,-0.672499,1,1,1,5.70919,0.21293,0.229039,0.00137935,0.641949,0.462451
6121,1,0.0448237,0.241706,-0.689354,1,1,1,5.71072,0.256563,0.220516,0.00145919,0.705184,0.789551
6122,1,0.0460236,0.238218,-0.705749,1,1,1,5.71159,0.221657,0.219451,0.00154254,0.686047,0.845947
6123,1,0.0472057,0.23465,-0.721667,1,1,1,5.71293,0.181514,0.207733,0.00162803,0.783078,0.620361
6124,1,0.04837,0.231002,-0.737099,1,1,1,5.7136,0.195477,0.191753,0.00169846,0.92433,0.609082
6125,1,0.0495157,0.227279,-0.752024,1,1,1,5.71513,0.279253,0.202406,0.00180939,0.778136,0.766992
6126,1,0.0506427,0.223482,-0.766433,1,1,1,5.7159,0.1309,0.203472,0.00188472,0.731437,0.699316
6127,1,0.0517504,0.219616,-0.780306,1,1,1,5.71705,0.235619,0.222647,0.00192481,0.479775,0.64292
6128,1,0.0528387,0.215681,-0.793634,1,1,1,5.71782,0.204204,0.206668,0.00194212,0.610178,0.64292
6129,1,0.0539071,0.21168,-0.806399,1,1,1,5.71906,0.207694,0.219451,0.00199257,0.428738,0.778271
6130,1,0.0549554,0.207618,-0.818588,1,1,1,5.71983,0.158825,0.204537,0.00202852,0.548548,0.688037
6131,1,0.0559831,0.203496,-0.830187,1,1,1,5.72098,0.174533,0.19708,0.0020647,0.585893,0.586523
6132,1,0.0569903,0.199317,-0.841183,1,1,1,5.72175,0.219911,0.189623,0.00212134,0.625776,0.541406
6133,1,0.0579762,0.195085,-0.851557,1,1,1,5.72299,0.18675,0.187492,0.00212843,0.598102,0.507568
6134,1,0.058941,0.190802,-0.861299,1,1,1,5.72376,0.218166,0.185362,0.0021312,0.567812,0.609082
6135,1,0.0598842,0.186473,-0.870393,1,1,1,5.72482,0.146608,0.1811,0.00212389,0.559154,0.417334
6136,1,0.0608057,0.182099,-0.878824,1,1,1,5.72549,0.221657,0.17897,0.00211489,0.526397,0.451172
6137,1,0.0617052,0.177685,-0.886579,1,1,1,5.72664,0.174533,0.171513,0.00209761,0.55074,0.451172
6138,1,0.0625825,0.173235,-0.893642,1,1,1,5.72731,0.150098,0.170448,0.00210481,0.50764,0.372217
6139,1,0.0634374,0.16875,-0.9,1,1,1,5.72836,0.16057,0.169382,0.00208469,0.460617,0.394775
6140,1,0.0642699,0.164236,-0.905637,1,1,1,5.72894,0.146608,0.165121,0.00205347,0.447035,0.349658
6141,1,0.0650798,0.159695,-0.910541,1,1,1,5.73009,0.165806,0.156599,0.0020259,0.480574,0.360938
6142,1,0.0658667,0.155132,-0.914694,1,1,1,5.73057,0.150098,0.150207,0.00203804,0.495758,0.507568
6143,1,0.066631,0.15055,-0.918086,1,1,1,5.73162,0.146608,0.156599,0.00199285,0.362622,0.428613
6144,1,0.0673723,0.145952,-0.9207,1,1,1,5.73201,0.109956,0.158729,0.00195375,0.27709,0.3271
6145,1,0.0680905,0.141344,-0.922521,1,1,1,5.73297,0.13439,0.129966,0.00198291,0.540367,0.417334
6146,1,0.0687857,0.136728,-0.923537,1,1,1,5.73364,0.188496,0.121444,0.00198961,0.578065,0.563965
6147,1,0.0694579,0.13211,-0.923731,1,1,1,5.73431,0.111701,0.134227,0.00201537,0.383988,0.439893
6148,1,0.0701068,0.127492,-0.92309,1,1,1,5.73479,0.115192,0.133162,0.00196834,0.332786,0.360938
6149,1,0.0707327,0.122881,-0.9216,1,1,1,5.73546,0.115192,0.107595,0.00197838,0.558817,0.383496
6150,1,0.0713356,0.118278,-0.919246,1,1,1,5.73594,0.113446,0.107595,0.00200877,0.506526,0.48501
6151,1,0.0719156,0.113689,-0.916013,1,1,1,5.73661,0.0890118,0.104399,0.00201552,0.486573,0.439893
6152,1,0.0724725,0.109119,-0.911888,1,1,1,5.7369,0.0855211,0.0958767,0.00203624,0.527416,0.360938
6153,1,0.0730068,0.104572,-0.906854,1,1,1,5.73766,0.10821,0.0809626,0.00209348,0.643786,0.338379
6154,1,0.0735184,0.100052,-0.9009,1,1,1,5.73795,0.102974,0.102269,0.0021135,0.357298,0.372217
6155,1,0.0740074,0.0955644,-0.89401,1,1,1,5.73843,0.0698132,0.102269,0.00215162,0.308098,0.428613
6156,1,0.074474,0.091114,-0.88617,1,1,1,5.73881,0.0942478,0.0671137,0.0021907,0.646317,0.496289
6157,1,0.0749185,0.0867048,-0.877365,1,1,1,5.73929,0.102974,0.0926808,0.00223831,0.31836,0.518848
6158,1,0.0753411,0.0823419,-0.86758,1,1,1,5.73958,0.0383972,0.0777667,0.00227494,0.434959,0.417334
6159,1,0.0757421,0.0780305,-0.856801,1,1,1,5.73996,0.0959931,0.0830932,0.0023021,0.328438,0.507568
6160,1,0.0761216,0.0737751,-0.845014,1,1,1,5.74025,0.0715585,0.0703096,0.00234911,0.424576,0.575244
6161,1,0.0764799,0.0695818,-0.832205,1,1,1,5.74064,0.0383972,0.0543301,0.00233827,0.549141,0.439893
6162,1,0.0768175,0.0654552,-0.818361,1,1,1,5.74073,0.0331613,0.0703096,0.00235622,0.32693,0.462451
6163,1,0.0771346,0.0614001,-0.803464,1,1,1,5.74111,0.0488692,0.0308936,0.0024012,0.718662,0.507568
6164,1,0.0774316,0.0574224,-0.787502,1,1,1,5.7414,0.0698132,0.0532648,0.00245217,0.432629,0.631641
6165,1,0.077709,0.0535269,-0.770459,1,1,1,5.74159,0,0.0543301,0.00249014,0.380411,0.507568
6166,1,0.077967,0.0497195,-0.752322,1,1,1,5.74179,0.0593412,0.0511343,0.00253776,0.37758,0.518848
6167,1,0.0782063,0.0460055,-0.733077,1,1,1,5.74207,0.00872665,0.028763,0.0025348,0.580306,0.496289
6168,1,0.0784273,0.0423903,-0.712707,1,1,1,5.74217,0.0453786,0.0372854,0.00253899,0.44552,0.597803
6169,1,0.0786304,0.03888,-0.6912,1,1,1,5.74246,0,0.0319589,0.00256444,0.467331,0.462451
6170,1,0.0788162,0.0354805,-0.668544,1,1,1,5.74255,0.0244346,0.0468731,0.00253919,0.26133,0.394775
6171,1,0.0789854,0.032197,-0.64472,1,1,1,5.74265,0.0296706,0.010653,0.00257429,0.627364,0.609082
6172,1,0.0791384,0.0290351,-0.619712,1,1,1,5.74284,0.0226893,0.010653,0.00258357,0.59323,0.597803
6173,1,0.0792759,0.026002,-0.593515,1,1,1,5.74294,0.0296706,0.01811,0.00260285,0.480144,0.507568
6174,1,0.0793987,0.0231021,-0.566102,1,1,1,5.74294,0,0.0213059,0.0026032,0.413243,0.496289
6175,1,0.0795072,0.0203426,-0.537468,1,1,1,5.74303,0.0331613,0.0255671,0.00262921,0.339913,0.383496
6176,1,0.0796023,0.0177296,-0.507597,1,1,1,5.74303,0.00872665,0.0138489,0.00265635,0.444482,0.372217
6177,1,0.0796847,0.0152689,-0.476471,1,1,1,5.74303,0,-0.00213059,0.00273071,0.604208,0.47373
6178,1,0.0797553,0.0129668,-0.444075,1,1,1,5.74322,0.0174533,0.0202406,0.00278991,0.342208,0.428613
6179,1,0.0798147,0.0108301,-0.410402,1,1,1,5.74313,-0.0366519,0.0138489,0.0027873,0.390658,0.406055
6180,1,0.0798639,0.00886515,-0.375435,1,1,1,5.74313,0.0453786,0.00958767,0.00282147,0.422823,0.451172
6181,1,0.0799036,0.00707808,-0.339153,1,1,1,5.74313,0,0.0138489,0.00286511,0.364867,0.496289
6182,1,0.0799349,0.00547573,-0.301546,1,1,1,5.74313,0,-0.039416,0.00288744,0.939345,0.417334
6183,1,0.0799587,0.00406495,-0.262606,1,1,1,5.74322,0.0645772,-1.30461e-18,0.00289622,0.49509,0.48501
6184,1,0.0799759,0.00285195,-0.222303,1,1,1,5.74322,-0.00698132,0.00639178,0.00291697,0.418308,0.620361
6185,1,0.0799876,0.001844,-0.180635,1,1,1,5.74322,-0.0366519,0.00639178,0.00289144,0.408443,0.406055
6186,1,0.0799947,0.00104792,-0.13759,1,1,1,5.74322,0.0401426,-0.0117183,0.00288459,0.603058,0.47373
6187,1,0.0799984,0.000470482,-0.0931425,1,1,1,5.74322,0,-0.0223712,0.00289281,0.720521,0.451172
6188,1,0.0799998,0.00011884,-0.0472898,1,1,1,5.74322,0,0.00426119,0.00287537,0.427435,0.428613
6189,1,0.08,3.84262e-13,-2.7168e-06,1,1,1,5.74322,0,-0.00852238,0.00285275,0.570309,0.47373
6190,1,0.08,0,0,1,1,1,5.74322,0,-1.04369e-18,0.00285926,0.477422,0.406055
6191,1,0.08,0,0,1,1,1,5.74322,0,0.00426119,0.00283278,0.427054,0.406055
6192,1,0.08,0,0,1,1,1,5.74322,0,-0.010653,0.00282481,0.590058,0.428613
6193,1,0.08,0,0,1,1,1,5.74322,0.00872665,0.0202406,0.002798,0.246689,0.507568
6194,1,0.08,0,0,1,1,1,5.74313,-0.0296706,-0.0010653,0.00279871,0.481148,0.406055
6195,1,0.08,0,0,1,1,1,5.74322,0,-0.00958767,0.00278407,0.572961,0.360938
6196,1,0.08,0,0,1,1,1,5.74322,0.0174533,0.0149142,0.00276014,0.300283,0.3271
6197,1,0.08,0,0,1,1,1,5.74322,0,-0.00532648,0.0027258,0.518397,0.360938
6198,1,0.08,0,0,1,1,1,5.74322,0,-0.00745708,0.00272975,0.542355,0.451172
6199,1,0.08,0,0,1,1,1,5.74322,0,-0.00532648,0.00272339,0.518079,0.31582
6200,1,0.08,0,0,1,1,1,5.74322,0,0.00745708,0.00268058,0.371808,0.349658
6201,1,0.08,0,0,1,1,1,5.74322,0,0.0138489,0.0026359,0.295601,0.3271
6202,1,0.08,0,0,1,1,1,5.74313,0,0.0202406,0.00260558,0.221289,0.428613
6203,1,0.08,0,0,1,1,1,5.74313,0,0.00852238,0.00257538,0.346204,0.372217
6204,1,0.08,0,0,1,1,1,5.74313,0,-0.00532648,0.00258445,0.499739,0.293262
6205,1,0.08,0,0,1,1,1,5.74322,0,-0.00426119,0.00260875,0.491228,0.518848
6206,1,0.08,0,0,1,1,1,5.74322,-0.00872665,-0.0159795,0.00263809,0.624001,0.451172
6207,1,0.08,0,0,1,1,1,5.74322,0,0.0149142,0.00260629,0.279975,0.451172
6208,1,0.08,0,0,1,1,1,5.74322,0,0.00532648,0.00259086,0.383403,0.417334
6209,1,0.08,0,0,1,1,1,5.74322,0,0.00426119,0.00261118,0.397802,0.496289
6210,1,0.08,0,0,1,1,1,5.74322,0,0.01811,0.00258452,0.241946,0.496289
6211,1,0.08,0,0,1,1,1,5.74313,0,-0.0127836,0.00260501,0.584481,0.496289
6212,1,0.08,0,0,1,1,1,5.74322,0,-0.010653,0.00259037,0.559112,0.518848
6213,1,0.08,0,0,1,1,1,5.74322,0,-0.0202406,0.00257321,0.662311,0.31582
6214,1,0.08,0,0,1,1,1,5.74322,0,-0.0010653,0.00257499,0.451617,0.47373
6215,1,0.08,0,0,1,1,1,5.74322,0,-0.0159795,0.00256511,0.614369,0.47373
6216,1,0.08,0,0,1,1,1,5.74322,0,-0.0159795,0.00254422,0.61161,0.338379
6217,1,0.08,0,0,1,1,1,5.74322,0.0296706,0.00852238,0.0025287,0.340042,0.428613
6218,1,0.08,0,0,1,1,1,5.74313,-0.0226893,-0.00532648,0.00251159,0.490122,0.338379
6219,1,0.08,0,0,1,1,1,5.74322,0,-0.00532648,0.00250363,0.48907,0.281982
6220,1,0.08,0,0,1,1,1,5.74322,0.0191986,-0.0159795,0.00249654,0.605318,0.394775
6221,1,0.08,0,0,1,1,1,5.74322,0.0174533,0.0170448,0.00249269,0.241543,0.360938
6222,1,0.08,0,0,1,1,1,5.74322,0,-0.00958767,0.00246404,0.530717,0.3271
6223,1,0.08,0,0,1,1,1,5.74322,0.0279253,0.00213059,0.00244833,0.399742,0.428613
6224,1,0.08,0,0,1,1,1,5.74322,0,-5.87076e-19,0.00243937,0.421997,0.417334
6225,1,0.08,0,0,1,1,1,5.74322,0,-0.0117183,0.00246348,0.55408,0.439893
6226,1,0.08,0,0,1,1,1,5.74322,0,0.0010653,0.00247038,0.414371,0.394775
6227,1,0.08,0,0,1,1,1,5.74322,0,0.0266324,0.00244375,0.129618,0.518848
6228,1,0.08,0,0,1,1,1,5.74313,-0.00698132,-0.00319589,0.00242539,0.455306,0.428613
6229,1,0.08,0,0,1,1,1,5.74313,0,0.00639178,0.00238788,0.34489,0.47373
6230,1,0.08,0,0,1,1,1,5.74313,0,0.0191753,0.00237035,0.201958,0.439893
6231,1,0.08,0,0,1,1,1,5.74313,-0.00872665,-0.0010653,0.00233906,0.420474,0.383496
6232,1,0.08,0,0,1,1,1,5.74313,0,-0.00639178,0.00234327,0.479621,0.462451
6233,1,0.08,0,0,1,1,1,5.74322,0.00349066,8.47998e-19,0.00238752,0.415152,0.688037
6234,1,0.08,0,0,1,1,1,5.74322,-0.0471239,0.00426119,0.0023466,0.362878,0.496289
6235,1,0.08,0,0,1,1,1,5.74313,0,-0.0213059,0.00234397,0.643769,0.406055
6236,1,0.08,0,0,1,1,1,5.74313,0.00349066,-0.00745708,0.00233958,0.490852,0.586523
6237,1,0.08,0,0,1,1,1,5.74322,0,0.00426119,0.00232121,0.359527,0.3271
6238,1,0.08,0,0,1,1,1,5.74313,0,0.00319589,0.00227649,0.365342,0.259424
6239,1,0.08,0,0,1,1,1,5.74313,0,-9.13229e-19,0.00226924,0.399539,0.394775
6240,1,0.08,0,0,1,1,1,5.74313,0,0.010653,0.00227902,0.283648,0.496289
6241,1,0.08,0,0,1,1,1,5.74313,0,0.00745708,0.0022793,0.31884,0.439893
6242,1,0.08,0,0,1,1,1,5.74322,0,-0.0170448,0.00226819,0.586893,0.259424
6243,1,0.08,0,0,1,1,1,5.74322,0.0244346,0.00958767,0.00225491,0.292184,0.3271
6244,1,0.08,0,0,1,1,1,5.74322,0,0.00639178,0.00223555,0.324783,0.31582
6245,1,0.08,0,0,1,1,1,5.74322,0,-0.0117183,0.00226169,0.527445,0.48501
6246,1,0.08,0,0,1,1,1,5.74322,0,0.00532648,0.0022324,0.336085,0.3271
6247,1,0.08,0,0,1,1,1,5.74313,0,-0.0010653,0.00220648,0.402973,0.236865
6248,1,0.08,0,0,1,1,1,5.74313,0,-0.0010653,0.00221897,0.404623,0.394775
6249,1,0.08,0,0,1,1,1,5.74313,0,0.00852238,0.00221596,0.298761,0.48501
6250,1,0.08,0,0,1,1,1,5.74322,-0.010472,-1.36984e-18,0.00220029,0.390438,0.428613
6251,1,0.08,0,0,1,1,1,5.74313,0,4.56614e-19,0.00215296,0.384191,0.304541
6252,1,0.08,0,0,1,1,1,5.74313,0,0.0010653,0.00216952,0.374659,0.31582
6253,1,0.08,0,0,1,1,1,5.74322,0,0.0202406,0.0021262,0.158011,0.281982
6254,1,0.08,0,0,1,1,1,5.74313,0,0.00639178,0.00207979,0.304223,0.281982
6255,1,0.08,0,0,1,1,1,5.74313,0,-0.0234365,0.00209939,0.634921,0.3271
6256,1,0.08,0,0,1,1,1,5.74313,0,0.0245018,0.0020814,0.105225,0.383496
6257,1,0.08,0,0,1,1,1,5.74313,0,-0.0234365,0.00208438,0.63294,0.451172
6258,1,0.08,0,0,1,1,1,5.74313,0,-0.00639178,0.00208056,0.444944,0.349658
6259,1,0.08,0,0,1,1,1,5.74313,0,0.00745708,0.00207321,0.291636,0.394775
6260,1,0.08,0,0,1,1,1,5.74313,0,-0.0223712,0.00206206,0.618276,0.338379
6261,1,0.08,0,0,1,1,1,5.74322,0.015708,-0.0159795,0.00204302,0.545453,0.203027
6262,1,0.08,0,0,1,1,1,5.74313,0,-0.00532648,0.00201813,0.424984,0.383496
6263,1,0.08,0,0,1,1,1,5.74313,0,0.00213059,0.00201418,0.342435,0.394775
6264,1,0.08,0,0,1,1,1,5.74313,-0.00872665,-0.00958767,0.0020297,0.473385,0.31582
6265,1,0.08,0,0,1,1,1,5.74313,0,-0.00532648,0.00204348,0.42833,0.349658
6266,1,0.08,0,0,1,1,1,5.74313,0,0.0149142,0.0019803,0.197344,0.338379
6267,1,0.08,0,0,1,1,1,5.74313,0,-0.010653,0.00196822,0.476988,0.225586
6268,1,0.08,0,0,1,1,1,5.74313,0.0122173,-0.00532648,0.00194734,0.415533,0.281982
6269,1,0.08,0,0,1,1,1,5.74313,0,0.00532648,0.00194429,0.298055,0.394775
6270,1,0.08,0,0,1,1,1,5.74313,-0.00872665,-0.00213059,0.00196814,0.383231,0.360938
6271,1,0.08,0,0,1,1,1,5.74313,0,0.0159795,0.00191852,0.177382,0.349658
6272,1,0.08,0,0,1,1,1,5.74313,-0.0279253,0.0010653,0.00191713,0.341343,0.15791
6273,1,0.08,0,0,1,1,1,5.74313,0,0.0010653,0.00192235,0.342032,0.349658
6274,1,0.08,0,0,1,1,1,5.74313,0,-0.0255671,0.00191681,0.634258,0.31582
6275,1,0.08,0,0,1,1,1,5.74313,0.00349066,-0.0149142,0.00193407,0.519353,0.191748
6276,1,0.08,0,0,1,1,1,5.74313,0.0279253,-0.00319589,0.00195938,0.393793,0.541406
6277,1,0.08,0,0,1,1,1,5.74313,0,0.00213059,0.00193636,0.332163,0.281982
6278,1,0.08,0,0,1,1,1,5.74313,0,0.0117183,0.00191252,0.223552,0.372217
6279,1,0.08,0,0,1,1,1,5.74313,-0.00872665,0.00213059,0.00189593,0.326826,0.31582
6280,1,0.08,0,0,1,1,1,5.74313,0,-0.0127836,0.00189359,0.490574,0.360938
6281,1,0.08,0,0,1,1,1,5.74313,0.00872665,-0.010653,0.00192242,0.470942,0.270703
6282,1,0.08,0,0,1,1,1,5.74313,0,0.00426119,0.00193184,0.30813,0.304541
6283,1,0.08,0,0,1,1,1,5.74313,0,-0.01811,0.00197938,0.560489,0.270703
6284,1,0.08,0,0,1,1,1,5.74322,0.0436332,-0.00213059,0.00196212,0.382436,0.47373
6285,1,0.08,0,0,1,1,1,5.74313,0,0.0245018,0.00194448,0.0871513,0.259424
6286,1,0.08,0,0,1,1,1,5.74313,0.0174533,0.00426119,0.00196438,0.312425,0.406055
6287,1,0.08,0,0,1,1,1,5.74313,0,0.0010653,0.00192948,0.342731,0.439893
6288,1,0.08,0,0,1,1,1,5.74313,-0.0331613,-0.00319589,0.0019324,0.390232,0.270703
6289,1,0.08,0,0,1,1,1,5.74313,0,-0.0159795,0.00195098,0.533304,0.3271
6290,1,0.0799998,-0.000118757,-0.0472733,1,1,1,5.74313,0.015708,0.0255671,0.00194827,0.0677717,0.349658
6291,1,0.0799984,-0.000470351,-0.0931298,1,1,1,5.74313,-0.0279253,0.00213059,0.00188584,0.306507,0.259424
6292,1,0.0799947,-0.00104778,-0.137581,1,1,1,5.74313,0,0.00852238,0.00187152,0.220902,0.293262
6293,1,0.0799876,-0.00184384,-0.180628,1,1,1,5.74313,0,-0.0010653,0.00187757,0.311269,0.236865
6294,1,0.0799759,-0.00285177,-0.222296,1,1,1,5.74313,0.00872665,0.00532648,0.00184407,0.218232,0.225586
6295,1,0.0799587,-0.00406465,-0.262597,1,1,1,5.74313,0,-0.00426119,0.00177666,0.294068,0.236865
6296,1,0.079935,-0.0054755,-0.30154,1,1,1,5.74313,-0.00872665,-0.00426119,0.00177132,0.27058,0.383496
6297,1,0.0799036,-0.00707771,-0.339145,1,1,1,5.74313,0,0.00319589,0.00175987,0.161998,0.349658
6298,1,0.0798639,-0.00886468,-0.375426,1,1,1,5.74313,0,-0.00426119,0.00171188,0.210564,0.203027
6299,1,0.0798147,-0.0108298,-0.410397,1,1,1,5.74303,0.00872665,0.0170448,0.00163874,-0.0626115,0.293262
6300,1,0.0797553,-0.0129664,-0.44407,1,1,1,5.74303,0,-0.00639178,0.00160411,0.159579,0.203027
6301,1,0.0796848,-0.0152685,-0.476466,1,1,1,5.74303,0,0.010653,0.0015121,-0.0730682,0.124072
6302,1,0.0796023,-0.0177293,-0.507593,1,1,1,5.74303,-0.0174533,0.0010653,0.00148039,-0.00638029,0.191748
6303,1,0.0795072,-0.0203422,-0.537462,1,1,1,5.74303,-0.0174533,0.00319589,0.00134209,-0.0853752,0.124072
6304,1,0.0793987,-0.0231017,-0.566098,1,1,1,5.74294,0,-0.0127836,0.0012492,0.0396491,0.101514
6305,1,0.079276,-0.0260014,-0.59351,1,1,1,5.74294,0,-0.0149142,0.00114576,0.0093597,0.0563965
6306,1,0.0791384,-0.0290345,-0.619708,1,1,1,5.74294,0,0.00745708,0.0010033,-0.297647,0.0563965
6307,1,0.0789854,-0.0321962,-0.644715,1,1,1,5.74284,-0.020944,-0.0255671,0.000887385,0.00617562,0.0112793
6308,1,0.0788163,-0.0354798,-0.668539,1,1,1,5.74274,-0.00872665,-0.0138489,0.000749993,-0.186265,-0.124072
6309,1,0.0786304,-0.0388799,-0.6912,1,1,1,5.74274,-0.0174533,-0.0159795,0.000575074,-0.233429,-0.191748
6310,1,0.0784273,-0.0423898,-0.712704,1,1,1,5.74265,-0.0122173,-0.0276977,0.000448489,-0.169395,-0.236865
6311,1,0.0782063,-0.046005,-0.733075,1,1,1,5.74255,-0.010472,-0.00532648,0.000313359,-0.482333,-0.236865
6312,1,0.0779671,-0.0497189,-0.75232,1,1,1,5.74255,-0.0191986,-0.0117183,0.000159117,-0.483608,-0.293262
6313,1,0.077709,-0.0535261,-0.770456,1,1,1,5.74236,-0.0383972,-0.00319589,-6.92409e-05,-0.661284,-0.383496
6314,1,0.0774317,-0.0574217,-0.787499,1,1,1,5.74207,-0.0750492,-0.00958767,-0.000260548,-0.670539,-0.496289
6315,1,0.0771346,-0.0613996,-0.803462,1,1,1,5.74198,-0.020944,-0.0351548,-0.000355887,-0.455707,-0.462451
6316,1,0.0768175,-0.0654544,-0.818358,1,1,1,5.74188,-0.0139626,-0.028763,-0.000484837,-0.597933,-0.518848
6317,1,0.07648,-0.069581,-0.832203,1,1,1,5.7415,-0.0820305,-0.0383507,-0.000646606,-0.570497,-0.462451
6318,1,0.0761216,-0.0737749,-0.845013,1,1,1,5.74131,-0.0506145,-0.0426119,-0.000765318,-0.595765,-0.541406
6319,1,0.0757422,-0.0780294,-0.856798,1,1,1,5.74102,-0.0506145,-0.0564607,-0.000909778,-0.520347,-0.428613
6320,1,0.0753412,-0.0823414,-0.867578,1,1,1,5.74073,-0.1309,-0.057526,-0.00100931,-0.57957,-0.586523
6321,1,0.0749186,-0.0867039,-0.877363,1,1,1,5.74044,-0.0541052,-0.0521996,-0.00114116,-0.714505,-0.597803
6322,1,0.0744741,-0.0911131,-0.886168,1,1,1,5.73996,-0.118682,-0.078832,-0.00122459,-0.491183,-0.586523
6323,1,0.0740074,-0.095564,-0.894009,1,1,1,5.73968,-0.0558505,-0.0671137,-0.00128285,-0.686078,-0.462451
6324,1,0.0735184,-0.100052,-0.9009,1,1,1,5.73929,-0.115192,-0.0905502,-0.00137026,-0.499419,-0.552686
6325,1,0.0730069,-0.104571,-0.906854,1,1,1,5.73881,-0.0663225,-0.0745708,-0.00147405,-0.749009,-0.620361
6326,1,0.0724727,-0.109118,-0.911887,1,1,1,5.73843,-0.102974,-0.0852238,-0.00156939,-0.704693,-0.507568
6327,1,0.0719157,-0.113688,-0.916012,1,1,1,5.73786,-0.122173,-0.0852238,-0.00167427,-0.779483,-0.64292
6328,1,0.0713357,-0.118277,-0.919246,1,1,1,5.73738,-0.125664,-0.0990726,-0.0017479,-0.69752,-0.665479
6329,1,0.0707329,-0.12288,-0.9216,1,1,1,5.7368,-0.113446,-0.100138,-0.00182007,-0.756018,-0.654199
6330,1,0.0701069,-0.127492,-0.92309,1,1,1,5.73623,-0.148353,-0.123574,-0.00190267,-0.570196,-0.721875
6331,1,0.069458,-0.132109,-0.923731,1,1,1,5.73546,-0.106465,-0.135293,-0.00194816,-0.507655,-0.766992
6332,1,0.0687859,-0.136727,-0.923537,1,1,1,5.73507,-0.106465,-0.129966,-0.00203171,-0.638052,-0.699316
6333,1,0.0680907,-0.141343,-0.922522,1,1,1,5.73412,-0.129154,-0.137423,-0.00207645,-0.621843,-0.688037
6334,1,0.0673725,-0.145951,-0.9207,1,1,1,5.73364,-0.127409,-0.135293,-0.0020377,-0.698171,-0.496289
6335,1,0.0666312,-0.150549,-0.918087,1,1,1,5.73277,-0.198968,-0.136358,-0.00203444,-0.744615,-0.48501
6336,1,0.065867,-0.155131,-0.914696,1,1,1,5.7321,-0.169297,-0.155533,-0.00202806,-0.59115,-0.64292
6337,1,0.0650799,-0.159694,-0.910541,1,1,1,5.73134,-0.137881,-0.16086,-0.00203881,-0.592187,-0.586523
6338,1,0.06427,-0.164235,-0.905638,1,1,1,5.73066,-0.162316,-0.158729,-0.00206457,-0.677208,-0.620361
6339,1,0.0634376,-0.168749,-0.900001,1,1,1,5.72951,-0.162316,-0.132097,-0.00206551,-1.02683,-0.710596
6340,1,0.0625825,-0.173234,-0.893642,1,1,1,5.72894,-0.155334,-0.155533,-0.00208883,-0.82965,-0.766992
6341,1,0.0617052,-0.177685,-0.88658,1,1,1,5.72769,-0.202458,-0.166186,-0.00211611,-0.772997,-0.699316
6342,1,0.0608058,-0.182099,-0.878826,1,1,1,5.72712,-0.150098,-0.171513,-0.0021261,-0.771462,-0.80083
6343,1,0.0598843,-0.186472,-0.870394,1,1,1,5.72606,-0.193732,-0.182166,-0.00212849,-0.709627,-0.710596
6344,1,0.0589412,-0.190801,-0.861301,1,1,1,5.72539,-0.132645,-0.175774,-0.00215861,-0.838447,-0.609082
6345,1,0.0579764,-0.195084,-0.851559,1,1,1,5.72405,-0.244346,-0.196015,-0.00222508,-0.68004,-0.744434
6346,1,0.0569904,-0.199316,-0.841184,1,1,1,5.72328,-0.15708,-0.205602,-0.00220794,-0.625288,-0.733154
6347,1,0.0559834,-0.203495,-0.83019,1,1,1,5.72232,-0.188496,-0.184296,-0.00224619,-0.917369,-0.620361
6348,1,0.0549555,-0.207617,-0.81859,1,1,1,5.72127,-0.296706,-0.196015,-0.00230904,-0.849963,-0.812109
6349,1,0.0539073,-0.211679,-0.806402,1,1,1,5.71973,-0.200713,-0.207733,-0.0023748,-0.782234,-0.947461
6350,1,0.0528389,-0.21568,-0.793636,1,1,1,5.71906,-0.171042,-0.239692,-0.00232261,-0.47344,-0.721875
6351,1,0.0517506,-0.219615,-0.780308,1,1,1,5.71772,-0.244346,-0.245018,-0.00223282,-0.450299,-0.665479
6352,1,0.0506429,-0.223482,-0.766435,1,1,1,5.71686,-0.197222,-0.245018,-0.00215759,-0.486817,-0.563965
6353,1,0.0495158,-0.227279,-0.752026,1,1,1,5.71561,-0.198968,-0.226908,-0.00214037,-0.730356,-0.597803
6354,1,0.0483701,-0.231002,-0.7371,1,1,1,5.71456,-0.282743,-0.245018,-0.00207551,-0.56774,-0.575244
6355,1,0.0472061,-0.234648,-0.721673,1,1,1,5.71302,-0.23911,-0.232235,-0.00205532,-0.750206,-0.744434
6356,1,0.0460238,-0.238218,-0.705752,1,1,1,5.71187,-0.274017,-0.229039,-0.00202753,-0.824947,-0.766992
6357,1,0.0448239,-0.241706,-0.689357,1,1,1,5.71044,-0.26529,-0.263128,-0.0019878,-0.486975,-0.541406
6358,1,0.0435971,-0.245137,-0.672367,1,1,1,5.70938,-0.267035,-0.258867,-0.00193216,-0.567146,-0.541406
6359,1,0.042373,-0.24843,-0.655201,1,1,1,5.70804,-0.228638,-0.262063,-0.00180672,-0.553636,-0.552686
6360,1,0.0411228,-0.251661,-0.637468,1,1,1,5.70708,-0.223402,-0.259932,-0.00170911,-0.601564,-0.530127
6361,1,0.0398566,-0.254804,-0.619318,1,1,1,5.70535,-0.331613,-0.248214,-0.00170591,-0.767865,-0.755713
6362,1,0.0385749,-0.257854,-0.600763,1,1,1,5.70411,-0.249582,-0.272716,-0.00172079,-0.537861,-0.823389
6363,1,0.0372782,-0.260811,-0.581819,1,1,1,5.70277,-0.202458,-0.26739,-0.00172389,-0.632246,-0.676758
6364,1,0.0359669,-0.263672,-0.562502,1,1,1,5.70171,-0.286234,-0.266324,-0.00171376,-0.676709,-0.586523
6365,1,0.0346418,-0.266435,-0.542826,1,1,1,5.70037,-0.221657,-0.255671,-0.00172961,-0.829182,-0.676758
6366,1,0.0333026,-0.269099,-0.5228,1,1,1,5.69931,-0.270526,-0.262063,-0.00178188,-0.798624,-0.688037
6367,1,0.0319507,-0.271663,-0.502445,1,1,1,5.69759,-0.284489,-0.258867,-0.00185649,-0.87588,-1.02642
6368,1,0.0305862,-0.274123,-0.481774,1,1,1,5.69653,-0.21293,-0.242888,-0.00196245,-1.0967,-0.947461
6369,1,0.0292097,-0.27648,-0.460802,1,1,1,5.6949,-0.329867,-0.256737,-0.00206381,-0.988157,-0.812109
6370,1,0.0278216,-0.278731,-0.43954,1,1,1,5.69385,-0.204204,-0.274847,-0.00214628,-0.828402,-0.947461
6371,1,0.0264227,-0.280875,-0.418007,1,1,1,5.69251,-0.247837,-0.256737,-0.00223694,-1.06653,-0.879785
6372,1,0.025013,-0.282911,-0.396209,1,1,1,5.69126,-0.296706,-0.268455,-0.00221457,-0.961592,-0.868506
6373,1,0.0235936,-0.284837,-0.374171,1,1,1,5.68953,-0.246091,-0.272716,-0.00227883,-0.947858,-0.992578
6374,1,0.0221648,-0.286652,-0.351901,1,1,1,5.68867,-0.235619,-0.270585,-0.00231035,-0.997539,-1.07153
6375,1,0.0207274,-0.288355,-0.329417,1,1,1,5.68704,-0.282743,-0.275912,-0.00233124,-0.96268,-0.699316
6376,1,0.0192816,-0.289946,-0.30673,1,1,1,5.68589,-0.277507,-0.274847,-0.00241433,-1.00577,-0.879785
6377,1,0.017828,-0.291422,-0.283854,1,1,1,5.68407,-0.296706,-0.28763,-0.00242032,-0.880859,-0.902344
6378,1,0.0163676,-0.292784,-0.260809,1,1,1,5.68292,-0.300197,-0.283369,-0.00247493,-0.948405,-1.06025
6379,1,0.0149004,-0.29403,-0.237601,1,1,1,5.68119,-0.26529,-0.308936,-0.00247413,-0.679098,-0.913623
6380,1,0.0134275,-0.29516,-0.214253,1,1,1,5.68023,-0.226893,-0.30361,-0.00244152,-0.743965,-0.676758
6381,1,0.011949,-0.296172,-0.190773,1,1,1,5.67841,-0.324631,-0.312132,-0.00243572,-0.658586,-0.789551
6382,1,0.0104659,-0.297067,-0.167179,1,1,1,5.67707,-0.319395,-0.275912,-0.00240984,-1.06125,-0.834668
6383,1,0.00897872,-0.297844,-0.143486,1,1,1,5.67525,-0.338594,-0.319589,-0.00235837,-0.580216,-0.834668
6384,1,0.00748764,-0.298502,-0.119702,1,1,1,5.67419,-0.261799,-0.313197,-0.0023234,-0.650636,-0.97002
6385,1,0.00599374,-0.299041,-0.0958486,1,1,1,5.67237,-0.29147,-0.296153,-0.00227762,-0.835307,-0.721875
6386,1,0.00449752,-0.29946,-0.0719388,1,1,1,5.67122,-0.254818,-0.30361,-0.00226426,-0.7533,-0.733154
6387,1,0.00299937,-0.29976,-0.0479835,1,1,1,5.6694,-0.357792,-0.274847,-0.00226339,-1.0699,-0.778271
6388,1,0.00150007,-0.29994,-0.0240003,1,1,1,5.66806,-0.331613,-0.2855,-0.00230248,-0.956682,-0.981299
6389,1,1.857e-07,-0.3,-2.9712e-06,1,1,1,5.66614,-0.275762,-0.307871,-0.00231192,-0.709139,-0.80083
6390,1,-0.00149972,-0.29994,0.0239947,1,1,1,5.66499,-0.305433,-0.306806,-0.00224266,-0.707593,-0.699316
6391,1,-0.00299901,-0.29976,0.0479777,1,1,1,5.66346,-0.270526,-0.289761,-0.00221079,-0.885272,-0.552686
6392,1,-0.0044971,-0.29946,0.071932,1,1,1,5.66211,-0.34383,-0.300414,-0.00216824,-0.755383,-0.64292
6393,1,-0.00599348,-0.299041,0.0958444,1,1,1,5.66029,-0.315905,-0.306806,-0.00219001,-0.679411,-0.778271
6394,1,-0.00748741,-0.298502,0.119698,1,1,1,5.65886,-0.349066,-0.270585,-0.00220075,-1.06924,-0.778271
6395,1,-0.00897829,-0.297844,0.143479,1,1,1,5.65723,-0.357792,-0.312132,-0.00220982,-0.60196,-0.80083
6396,1,-0.0104657,-0.297067,0.167176,1,1,1,5.65607,-0.218166,-0.299348,-0.00222222,-0.731292,-0.766992
6397,1,-0.0119487,-0.296172,0.190768,1,1,1,5.65444,-0.324631,-0.278043,-0.00224363,-0.954156,-0.733154
6398,1,-0.013427,-0.29516,0.214247,1,1,1,5.6532,-0.310669,-0.291891,-0.00231737,-0.79578,-0.891064
6399,1,-0.0149003,-0.29403,0.2376,1,1,1,5.65138,-0.263545,-0.281238,-0.00233862,-0.898551,-0.947461
6400,1,-0.0163672,-0.292784,0.260803,1,1,1,5.65032,-0.272271,-0.274847,-0.00242692,-0.961905,-0.80083
6401,1,-0.0178277,-0.291422,0.28385,1,1,1,5.6486,-0.244346,-0.276977,-0.00249326,-0.927215,-0.879785
6402,1,-0.0192812,-0.289946,0.306724,1,1,1,5.64773,-0.244346,-0.257802,-0.00258651,-1.12905,-0.891064
6403,1,-0.020727,-0.288355,0.329412,1,1,1,5.64582,-0.314159,-0.257802,-0.0026991,-1.12115,-0.992578
6404,1,-0.0221647,-0.286652,0.351898,1,1,1,5.64467,-0.275762,-0.26739,-0.00282843,-1.0086,-1.07153
6405,1,-0.0235934,-0.284837,0.374167,1,1,1,5.64313,-0.258309,-0.259932,-0.00291612,-1.07673,-1.0377
6406,1,-0.0250128,-0.282911,0.396207,1,1,1,5.64208,-0.279253,-0.284434,-0.00297446,-0.788094,-0.95874
6407,1,-0.0264222,-0.280875,0.417999,1,1,1,5.64064,-0.21293,-0.272716,-0.00305646,-0.899676,-0.936182
6408,1,-0.0278213,-0.278731,0.439535,1,1,1,5.63939,-0.356047,-0.257802,-0.00315273,-1.04702,-0.992578
6409,1,-0.0292095,-0.27648,0.460798,1,1,1,5.63767,-0.228638,-0.264194,-0.0031638,-0.947505,-0.97002
6410,1,-0.030586,-0.274124,0.481771,1,1,1,5.6369,-0.211185,-0.278043,-0.00318578,-0.766066,-0.845947
6411,1,-0.0319506,-0.271663,0.502444,1,1,1,5.63508,-0.268781,-0.266324,-0.00320558,-0.864387,-0.766992
6412,1,-0.0333025,-0.2691,0.522798,1,1,1,5.63412,-0.253073,-0.26952,-0.00320593,-0.794841,-0.845947
6413,1,-0.0346414,-0.266435,0.542821,1,1,1,5.63259,-0.272271,-0.284434,-0.00321011,-0.595747,-0.778271
6414,1,-0.0359667,-0.263672,0.562499,1,1,1,5.63144,-0.280998,-0.260998,-0.00321358,-0.817256,-0.710596
6415,1,-0.0372779,-0.260811,0.581815,1,1,1,5.6299,-0.26529,-0.263128,-0.00321116,-0.755513,-0.778271
6416,1,-0.0385746,-0.257855,0.600759,1,1,1,5.62885,-0.242601,-0.253541,-0.00320665,-0.82133,-0.620361
6417,1,-0.0398564,-0.254804,0.619315,1,1,1,5.62712,-0.279253,-0.291891,-0.00317613,-0.35529,-0.868506
6418,1,-0.0411225,-0.251662,0.637465,1,1,1,5.62635,-0.169297,-0.239692,-0.00310483,-0.878835,-0.597803
6419,1,-0.0423729,-0.24843,0.6552,1,1,1,5.62472,-0.333358,-0.256737,-0.00306598,-0.643938,-0.597803
6420,1,-0.0436067,-0.245111,0.6725,1,1,1,5.62386,-0.200713,-0.258867,-0.00306277,-0.576813,-0.744434
6421,1,-0.0448236,-0.241706,0.689353,1,1,1,5.62233,-0.205949,-0.238627,-0.00304528,-0.752869,-0.80083
6422,1,-0.0460236,-0.238218,0.705749,1,1,1,5.62156,-0.188496,-0.230104,-0.00306642,-0.80418,-0.688037
6423,1,-0.0472058,-0.234649,0.721669,1,1,1,5.62003,-0.230383,-0.234365,-0.00305128,-0.709153,-0.755713
6424,1,-0.0483699,-0.231002,0.737098,1,1,1,5.61936,-0.171042,-0.236496,-0.00307691,-0.642065,-0.755713
6425,1,-0.0495157,-0.227279,0.752024,1,1,1,5.61792,-0.205949,-0.209863,-0.00315164,-0.897008,-0.834668
6426,1,-0.0506425,-0.223483,0.76643,1,1,1,5.61686,-0.280998,-0.203472,-0.00321523,-0.926927,-0.913623
6427,1,-0.0517504,-0.219616,0.780305,1,1,1,5.61562,-0.204204,-0.208798,-0.00330157,-0.830191,-0.845947
6428,1,-0.0528387,-0.215681,0.793633,1,1,1,5.61475,-0.253073,-0.208798,-0.00333809,-0.784723,-1.00386
6429,1,-0.0539071,-0.21168,0.806399,1,1,1,5.6136,-0.172788,-0.203472,-0.00336506,-0.795838,-0.699316
6430,1,-0.0549554,-0.207618,0.818588,1,1,1,5.61264,-0.267035,-0.213059,-0.00337171,-0.639549,-0.733154
6431,1,-0.0559832,-0.203495,0.830188,1,1,1,5.61159,-0.155334,-0.21519,-0.00334405,-0.560111,-0.620361
6432,1,-0.0569902,-0.199317,0.841182,1,1,1,5.61082,-0.202458,-0.200276,-0.00334438,-0.671264,-0.47373
6433,1,-0.0579762,-0.195085,0.851557,1,1,1,5.60958,-0.225147,-0.189623,-0.0033742,-0.738851,-0.688037
6434,1,-0.0589409,-0.190803,0.861298,1,1,1,5.60881,-0.150098,-0.171513,-0.00340204,-0.887698,-0.563965
6435,1,-0.0598842,-0.186473,0.870393,1,1,1,5.60756,-0.253073,-0.174709,-0.00348445,-0.808856,-0.857227
6436,1,-0.0608057,-0.182099,0.878824,1,1,1,5.6068,-0.1309,-0.193884,-0.0035375,-0.549945,-0.789551
6437,1,-0.0617051,-0.177686,0.886578,1,1,1,5.60593,-0.162316,-0.187492,-0.0035412,-0.565315,-0.676758
6438,1,-0.0625824,-0.173235,0.893641,1,1,1,5.60526,-0.158825,-0.166186,-0.00355218,-0.745393,-0.552686
6439,1,-0.0634375,-0.16875,0.9,1,1,1,5.6043,-0.193732,-0.175774,-0.003567,-0.585801,-0.744434
6440,1,-0.0642698,-0.164237,0.905637,1,1,1,5.60373,-0.0959931,-0.152337,-0.00362609,-0.795086,-0.755713
6441,1,-0.0650798,-0.159695,0.910541,1,1,1,5.60267,-0.179769,-0.128901,-0.00365643,-1.00034,-0.845947
6442,1,-0.0658668,-0.155132,0.914695,1,1,1,5.60219,-0.111701,-0.147011,-0.00373983,-0.755393,-0.947461
6443,1,-0.066631,-0.15055,0.918086,1,1,1,5.60123,-0.141372,-0.134227,-0.00380785,-0.848146,-0.936182
6444,1,-0.0673722,-0.145953,0.9207,1,1,1,5.60066,-0.113446,-0.154468,-0.0038267,-0.571076,-0.744434
6445,1,-0.0680905,-0.141344,0.922521,1,1,1,5.59999,-0.118682,-0.122509,-0.00388541,-0.873402,-0.631641
6446,1,-0.0687857,-0.136729,0.923537,1,1,1,5.59932,-0.178024,-0.116117,-0.00397708,-0.898891,-0.868506
6447,1,-0.0694578,-0.13211,0.923731,1,1,1,5.59855,-0.10472,-0.107595,-0.00406532,-0.947441,-0.778271
6448,1,-0.0701068,-0.127493,0.923091,1,1,1,5.59817,-0.102974,-0.110791,-0.004107,-0.861074,-0.812109
6449,1,-0.0707327,-0.122881,0.9216,1,1,1,5.5974,-0.146608,-0.118248,-0.00417575,-0.731609,-0.80083
6450,1,-0.0713356,-0.118278,0.919246,1,1,1,5.59702,-0.0610865,-0.10866,-0.0041986,-0.783788,-0.823389
6451,1,-0.0719156,-0.113689,0.916013,1,1,1,5.59644,-0.113446,-0.111856,-0.0042393,-0.698005,-0.609082
6452,1,-0.0724726,-0.109119,0.911888,1,1,1,5.59606,-0.0959931,-0.103334,-0.00430548,-0.744869,-0.755713
6453,1,-0.0730068,-0.104572,0.906854,1,1,1,5.59548,-0.0855211,-0.0767014,-0.00437802,-0.992156,-0.924902
6454,1,-0.0735183,-0.100052,0.900901,1,1,1,5.5951,-0.0890118,-0.0990726,-0.00446766,-0.70317,-0.97002
6455,1,-0.0740073,-0.0955648,0.894011,1,1,1,5.59462,-0.0122173,-0.0660484,-0.004584,-1.02756,-0.857227
6456,1,-0.074474,-0.091114,0.88617,1,1,1,5.59433,-0.136136,-0.0671137,-0.00466395,-0.972744,-0.868506
6457,1,-0.0749185,-0.0867047,0.877364,1,1,1,5.59385,-0.0698132,-0.0617872,-0.00475785,-0.990725,-0.902344
6458,1,-0.0753412,-0.0823414,0.867579,1,1,1,5.59357,-0.0785398,-0.0468731,-0.00485261,-1.11501,-1.02642
6459,1,-0.075742,-0.0780308,0.856802,1,1,1,5.59309,-0.0453786,-0.0628525,-0.00497474,-0.903846,-0.913623
6460,1,-0.0761215,-0.0737758,0.845016,1,1,1,5.59299,-0.0383972,-0.0447425,-0.00502788,-1.05939,-0.744434
6461,1,-0.0764799,-0.0695817,0.832205,1,1,1,5.59251,-0.111701,-0.0372854,-0.00512704,-1.10473,-0.879785
6462,1,-0.0768175,-0.0654549,0.81836,1,1,1,5.59232,-0.0366519,-0.0596566,-0.00514642,-0.812397,-0.823389
6463,1,-0.0771346,-0.0613998,0.803463,1,1,1,5.59203,-0.0698132,-0.039416,-0.0052107,-0.995751,-0.812109
6464,1,-0.0774316,-0.0574218,0.7875,1,1,1,5.59174,-0.0575959,-0.0553954,-0.00526167,-0.780028,-0.733154
6465,1,-0.077709,-0.0535266,0.770458,1,1,1,5.59146,-0.0366519,-0.0564607,-0.00526392,-0.7231,-0.789551
6466,1,-0.077967,-0.0497194,0.752322,1,1,1,5.59146,-0.0226893,-0.0521996,-0.00529775,-0.730169,-0.778271
6467,1,-0.0782063,-0.0460053,0.733076,1,1,1,5.59098,-0.0261799,-0.039416,-0.00534027,-0.833435,-0.936182
6468,1,-0.0784272,-0.0423906,0.712708,1,1,1,5.59088,-0.0244346,-0.0458078,-0.00536347,-0.724602,-0.857227
6469,1,-0.0786304,-0.0388804,0.691203,1,1,1,5.59069,-0.0261799,-0.0415466,-0.00534688,-0.729151,-0.80083
6470,1,-0.0788162,-0.0354809,0.668547,1,1,1,5.5904,-0.0471239,-0.0340895,-0.00536997,-0.775613,-0.789551
6471,1,-0.0789854,-0.0321968,0.644719,1,1,1,5.59021,-0.0174533,-0.0319589,-0.0053668,-0.761602,-0.676758
6472,1,-0.0791384,-0.0290355,0.619715,1,1,1,5.59011,-0.0610865,-0.0479384,-0.00533459,-0.546227,-0.699316
6473,1,-0.0792759,-0.0260017,0.593513,1,1,1,5.59002,-0.00698132,-0.0362201,-0.00529661,-0.636505,-0.676758
6474,1,-0.0793987,-0.023102,0.566101,1,1,1,5.58973,-0.0488692,-0.0330242,-0.00527391,-0.636874,-0.699316
6475,1,-0.0795072,-0.0203426,0.537468,1,1,1,5.58963,-0.015708,-0.0266324,-0.00523406,-0.672032,-0.710596
6476,1,-0.0796023,-0.0177296,0.507596,1,1,1,5.58954,-0.0191986,-0.0266324,-0.0052126,-0.641287,-0.744434
6477,1,-0.0796847,-0.0152689,0.476471,1,1,1,5.58944,0,-0.0213059,-0.00518432,-0.670282,-0.721875
6478,1,-0.0797553,-0.012967,0.444079,1,1,1,5.58935,-0.00523599,-0.0223712,-0.00516626,-0.632453,-0.688037
6479,1,-0.0798147,-0.0108302,0.410404,1,1,1,5.58925,-0.0174533,-0.00426119,-0.00514347,-0.807138,-0.744434
6480,1,-0.0798639,-0.00886519,0.375435,1,1,1,5.58915,0,0.00319589,-0.00513511,-0.868844,-0.665479
6481,1,-0.0799036,-0.0070779,0.339149,1,1,1,5.58906,-0.0244346,-0.00532648,-0.005096,-0.753089,-0.64292
6482,1,-0.0799349,-0.00547575,0.301547,1,1,1,5.58915,0.00523599,0.0010653,-0.0050653,-0.804965,-0.64292
6483,1,-0.0799587,-0.0040648,0.262602,1,1,1,5.58906,0,-0.0117183,-0.00509298,-0.656161,-0.766992
6484,1,-0.0799759,-0.00285203,0.222306,1,1,1,5.58906,-0.00872665,0.0010653,-0.00510085,-0.788609,-0.721875
6485,1,-0.0799876,-0.00184408,0.180639,1,1,1,5.58896,-0.015708,-0.0117183,-0.00512406,-0.644559,-0.631641
6486,1,-0.0799947,-0.00104793,0.13759,1,1,1,5.58896,-0.0349066,-0.00745708,-0.00508756,-0.682921,-0.721875
6487,1,-0.0799984,-0.000470458,0.0931401,1,1,1,5.58896,-0.010472,0.00745708,-0.00509733,-0.847462,-0.744434
6488,1,-0.0799998,-0.00011884,0.0472896,1,1,1,5.58887,0,0.0010653,-0.00511233,-0.781305,-0.902344
6489,1,-0.08,-5.56781e-12,1.03392e-05,1,1,1,5.58887,0,0.00319589,-0.00507175,-0.804624,-0.563965
6490,1,-0.08,-0,-0,1,1,1,5.58887,-0.0279253,-0.0159795,-0.00507936,-0.594702,-0.823389
6491,1,-0.08,-0,-0,1,1,1,5.58887,0.0349066,0.00852238,-0.0050543,-0.860914,-0.766992
6492,1,-0.08,-0,-0,1,1,1,5.58887,-0.00872665,0.00213059,-0.00504203,-0.788984,-0.744434
6493,1,-0.08,-0,-0,1,1,1,5.58877,-0.0122173,-0.00852238,-0.0050187,-0.668722,-0.654199
6494,1,-0.08,-0,-0,1,1,1,5.58877,-0.0174533,-1.43507e-18,-0.00495351,-0.753863,-0.654199
6495,1,-0.08,-0,-0,1,1,1,5.58877,-0.0366519,-0.010653,-0.00491616,-0.631751,-0.710596
6496,1,-0.08,-0,-0,1,1,1,5.58877,0.0174533,0.0010653,-0.0049401,-0.763811,-0.744434
6497,1,-0.08,-0,-0,1,1,1,5.58868,0,0.01811,-0.00495587,-0.953385,-0.766992
6498,1,-0.08,-0,-0,1,1,1,5.58868,-0.0226893,1.10892e-18,-0.00496674,-0.75561,-0.823389
6499,1,-0.08,-0,-0,1,1,1,5.58868,0,-0.00639178,-0.00496566,-0.685158,-0.80083
6500,1,-0.08,-0,-0,1,1,1,5.58868,0,-0.00319589,-0.00495228,-0.718546,-0.778271
6501,1,-0.08,-0,-0,1,1,1,5.58868,0,-0.00426119,-0.00492232,-0.702874,-0.755713
6502,1,-0.08,-0,-0,1,1,1,5.58868,0.00872665,-0.00532648,-0.00489189,-0.687138,-0.676758
6503,1,-0.08,-0,-0,1,1,1,5.58858,0,-0.00745708,-0.00488089,-0.66225,-0.721875
6504,1,-0.08,-0,-0,1,1,1,5.58858,0,0.00639178,-0.00487718,-0.814097,-0.834668
6505,1,-0.08,-0,-0,1,1,1,5.58858,-0.0174533,-0.00213059,-0.00487868,-0.720549,-0.744434
6506,1,-0.08,-0,-0,1,1,1,5.58858,0.00872665,0.0340895,-0.00487646,-1.11868,-0.721875
6507,1,-0.08,-0,-0,1,1,1,5.58848,-0.0523599,0.00532648,-0.00486347,-0.80057,-0.812109
6508,1,-0.08,-0,-0,1,1,1,5.58858,0.0366519,-0.00958767,-0.00486133,-0.636232,-0.721875
6509,1,-0.08,-0,-0,1,1,1,5.58848,0.0418879,-0.00639178,-0.00480791,-0.664335,-0.755713
6510,1,-0.08,-0,-0,1,1,1,5.58848,0,0.01811,-0.004797,-0.932414,-0.699316
6511,1,-0.08,-0,-0,1,1,1,5.58848,-0.0122173,0.0117183,-0.00481574,-0.864579,-0.665479
6512,1,-0.08,-0,-0,1,1,1,5.58848,0,-0.00213059,-0.00483274,-0.714485,-0.812109
6513,1,-0.08,-0,-0,1,1,1,5.58839,0.00872665,-0.0117183,-0.00481322,-0.606445,-0.699316
6514,1,-0.08,-0,-0,1,1,1,5.58839,0,0.0117183,-0.0048245,-0.865735,-0.721875
6515,1,-0.08,-0,-0,1,1,1,5.58839,-0.00872665,-0.00319589,-0.00484668,-0.704607,-0.654199
6516,1,-0.08,-0,-0,1,1,1,5.58839,-0.0139626,0.00426119,-0.00483237,-0.784746,-0.699316
6517,1,-0.08,-0,-0,1,1,1,5.58839,0,-0.00213059,-0.00482404,-0.713337,-0.766992
6518,1,-0.08,-0,-0,1,1,1,5.58839,0,0.0117183,-0.00485509,-0.869772,-0.688037
6519,1,-0.08,-0,-0,1,1,1,5.58839,-0.00523599,-0.0223712,-0.00484268,-0.49315,-0.857227
6520,1,-0.08,-0,-0,1,1,1,5.58839,0.00872665,-0.00745708,-0.00484103,-0.656988,-0.699316
6521,1,-0.08,-0,-0,1,1,1,5.58839,0,-0.00532648,-0.00482106,-0.677789,-0.654199
6522,1,-0.08,-0,-0,1,1,1,5.58839,0,0.00213059,-0.00482767,-0.760689,-0.631641
6523,1,-0.08,-0,-0,1,1,1,5.58829,0,0.0170448,-0.00484262,-0.926718,-0.778271
6524,1,-0.08,-0,-0,1,1,1,5.58829,0.00349066,0.0117183,-0.00482774,-0.866162,-0.789551
6525,1,-0.08,-0,-0,1,1,1,5.58829,-0.0261799,-0.0010653,-0.00480709,-0.722818,-0.64292
6526,1,-0.08,-0,-0,1,1,1,5.58829,0,0.00852238,-0.0048124,-0.828983,-0.733154
6527,1,-0.08,-0,-0,1,1,1,5.58829,-0.00872665,0.00532648,-0.0047933,-0.791306,-0.654199
6528,1,-0.08,-0,-0,1,1,1,5.58829,0,-0.00213059,-0.00477297,-0.706595,-0.80083
6529,1,-0.08,-0,-0,1,1,1,5.58829,0,0.00319589,-0.00477629,-0.765625,-0.699316
6530,1,-0.08,-0,-0,1,1,1,5.58829,0,-0.00958767,-0.00476203,-0.623124,-0.620361
6531,1,-0.08,-0,-0,1,1,1,5.58829,0,0.00213059,-0.00478226,-0.754695,-0.857227
6532,1,-0.08,-0,-0,1,1,1,5.58829,0.0226893,0.0159795,-0.00478404,-0.907268,-0.710596
6533,1,-0.08,-0,-0,1,1,1,5.58829,0,-0.0117183,-0.00476649,-0.600275,-0.609082
6534,1,-0.08,-0,-0,1,1,1,5.58829,0,0.0117183,-0.00476425,-0.857782,-0.699316
6535,1,-0.08,-0,-0,1,1,1,5.5882,0,-0.00958767,-0.00477394,-0.624696,-0.80083
6536,1,-0.08,-0,-0,1,1,1,5.5882,0,0.00319589,-0.00475388,-0.762667,-0.586523
6537,1,-0.08,-0,-0,1,1,1,5.5882,-0.0122173,-7.82767e-19,-0.00475571,-0.727754,-0.744434
6538,1,-0.08,-0,-0,1,1,1,5.5882,0.00523599,-0.0127836,-0.00470375,-0.580276,-0.620361
6539,1,-0.08,-0,-0,1,1,1,5.5882,0,0.00213059,-0.00467496,-0.740531,-0.631641
6540,1,-0.08,-0,-0,1,1,1,5.5882,0,-0.00319589,-0.0047021,-0.685523,-0.80083
6541,1,-0.08,-0,-0,1,1,1,5.5882,0.0174533,-0.0010653,-0.00471746,-0.710986,-0.778271
6542,1,-0.08,-0,-0,1,1,1,5.5882,0,0.00213059,-0.00471561,-0.745898,-0.755713
6543,1,-0.08,-0,-0,1,1,1,5.5882,-0.0401426,-0.00213059,-0.00473297,-0.701315,-0.812109
6544,1,-0.08,-0,-0,1,1,1,5.5882,0.0383972,0.00958767,-0.00473063,-0.829908,-0.710596
6545,1,-0.08,-0,-0,1,1,1,5.5881,-0.0174533,0.0010653,-0.00473768,-0.737092,-0.80083
6546,1,-0.08,-0,-0,1,1,1,5.5882,0.0122173,0.00426119,-0.00472778,-0.770939,-0.665479
6547,1,-0.08,-0,-0,1,1,1,5.5881,0,0.0170448,-0.00472817,-0.911611,-0.688037
6548,1,-0.08,-0,-0,1,1,1,5.5881,0,0.0117183,-0.00474712,-0.855521,-0.688037
6549,1,-0.08,-0,-0,1,1,1,5.5881,-0.0139626,0.00852238,-0.00475546,-0.821466,-0.755713
6550,1,-0.08,-0,-0,1,1,1,5.5881,0,0.00213059,-0.00474873,-0.75027,-0.766992
6551,1,-0.08,-0,-0,1,1,1,5.5881,0,0.0149142,-0.00481227,-0.899275,-0.789551
6552,1,-0.08,-0,-0,1,1,1,5.588,0,-0.0213059,-0.00476563,-0.494698,-0.688037
6553,1,-0.08,-0,-0,1,1,1,5.5881,0,-0.00532648,-0.00475795,-0.669458,-0.665479
6554,1,-0.08,-0,-0,1,1,1,5.5881,-0.00872665,0.00958767,-0.004741,-0.831277,-0.710596
6555,1,-0.08,-0,-0,1,1,1,5.588,-0.0349066,-0.00958767,-0.00472009,-0.617587,-0.654199
6556,1,-0.08,-0,-0,1,1,1,5.5881,0,0.0117183,-0.00475488,-0.856546,-0.823389
6557,1,-0.08,-0,-0,1,1,1,5.588,0,-0.010653,-0.00472031,-0.605899,-0.609082
6558,1,-0.08,-0,-0,1,1,1,5.5881,0,0.00639178,-0.00470875,-0.791865,-0.575244
6559,1,-0.08,-0,-0,1,1,1,5.588,-0.020944,0.0234365,-0.00468331,-0.975999,-0.620361
6560,1,-0.08,-0,-0,1,1,1,5.588,-0.010472,0.010653,-0.00472006,-0.840231,-0.834668
6561,1,-0.08,-0,-0,1,1,1,5.588,0,-0.00852238,-0.00477522,-0.636583,-0.902344
6562,1,-0.08,-0,-0,1,1,1,5.58791,0,-3.26153e-19,-0.00477368,-0.730125,-0.721875
6563,1,-0.08,-0,-0,1,1,1,5.588,0,0.00532648,-0.00478202,-0.789818,-0.766992
6564,1,-0.08,-0,-0,1,1,1,5.58791,-0.0122173,-0.00639178,-0.00479018,-0.661994,-0.744434
6565,1,-0.08,-0,-0,1,1,1,5.58791,0,0.010653,-0.00473304,-0.841944,-0.631641
6566,1,-0.08,-0,-0,1,1,1,5.58791,-0.0244346,0.0234365,-0.00473432,-0.982732,-0.688037
6567,1,-0.08,-0,-0,1,1,1,5.58791,-0.0366519,-0.00745708,-0.00474351,-0.644115,-0.699316
6568,1,-0.08,-0,-0,1,1,1,5.58791,0.00523599,0.0276977,-0.00477716,-1.03526,-0.699316
6569,1,-0.08,-0,-0,1,1,1,5.58781,-0.0279253,-0.0223712,-0.00476742,-0.483216,-0.755713
6570,1,-0.08,-0,-0,1,1,1,5.58781,0.00872665,-0.0223712,-0.00474009,-0.479608,-0.597803
6571,1,-0.08,-0,-0,1,1,1,5.58791,0.0436332,0.00639178,-0.0047122,-0.79232,-0.733154
6572,1,-0.08,-0,-0,1,1,1,5.58781,-0.0349066,-0.0170448,-0.00469462,-0.532197,-0.857227
6573,1,-0.08,-0,-0,1,1,1,5.58791,0,0.00213059,-0.00470632,-0.744671,-0.834668
6574,1,-0.08,-0,-0,1,1,1,5.58772,0.0122173,0.010653,-0.00469503,-0.836926,-0.834668
6575,1,-0.08,-0,-0,1,1,1,5.58781,-0.015708,-0.00852238,-0.00465536,-0.620761,-0.563965
6576,1,-0.08,-0,-0,1,1,1,5.58781,0.00174533,-0.010653,-0.00464904,-0.596491,-0.631641
6577,1,-0.08,-0,-0,1,1,1,5.58781,0.0366519,-0.00745708,-0.00462572,-0.628567,-0.609082
6578,1,-0.08,-0,-0,1,1,1,5.58781,-0.0244346,-0.00745708,-0.00461951,-0.627747,-0.699316
6579,1,-0.08,-0,-0,1,1,1,5.58781,0,0.010653,-0.00464152,-0.829864,-0.654199
6580,1,-0.08,-0,-0,1,1,1,5.58772,-0.00349066,0.0127836,-0.00465579,-0.855183,-0.688037
6581,1,-0.08,-0,-0,1,1,1,5.58772,-0.0174533,0.0159795,-0.00467113,-0.892364,-0.631641
6582,1,-0.08,-0,-0,1,1,1,5.58772,-0.00174533,-0.00745708,-0.00467328,-0.634845,-0.699316
6583,1,-0.08,-0,-0,1,1,1,5.58772,0,-0.0117183,-0.0046642,-0.586773,-0.778271
6584,1,-0.08,-0,-0,1,1,1,5.58772,0.015708,0.0010653,-0.00467443,-0.728743,-0.834668
6585,1,-0.08,-0,-0,1,1,1,5.58772,0.010472,0.00319589,-0.00467228,-0.751895,-0.699316
6586,1,-0.08,-0,-0,1,1,1,5.58772,-0.00872665,-1.36984e-18,-0.00465777,-0.714826,-0.609082
6587,1,-0.08,-0,-0,1,1,1,5.58772,-0.00872665,-0.00745708,-0.00465894,-0.632952,-0.699316
6588,1,-0.08,-0,-0,1,1,1,5.58772,0.00872665,0.00213059,-0.00464499,-0.736576,-0.766992
6589,1,-0.08,-0,-0,1,1,1,5.58772,0,0.0170448,-0.00466926,-0.903834,-0.665479
6590,1,-0.0799999,5.93784e-05,0.0236367,1,1,1,5.58772,0,-0.00426119,-0.00468374,-0.6673,-0.744434
6591,1,-0.0799992,0.000235213,0.0465685,1,1,1,5.58772,0,7.82767e-19,-0.00467278,-0.707312,-0.620361
6592,1,-0.0799974,0.000523856,0.0687882,1,1,1,5.58772,-0.015708,0.0308936,-0.00469128,-1.04288,-0.744434
6593,1,-0.0799938,0.000921915,0.0903135,1,1,1,5.58762,-0.0541052,-0.00319589,-0.00469872,-0.660933,-0.744434
6594,1,-0.079988,0.00142586,0.111147,1,1,1,5.58762,0.00872665,-0.00958767,-0.00467899,-0.578866,-0.665479
6595,1,-0.0799794,0.0020323,0.131298,1,1,1,5.58762,0,-0.00852238,-0.00466764,-0.578768,-0.721875
6596,1,-0.0799675,0.00273766,0.150768,1,1,1,5.58762,-0.00872665,-0.00532648,-0.00463673,-0.598405,-0.563965
6597,1,-0.0799518,0.00353888,0.169573,1,1,1,5.58762,0,-0.00319589,-0.00464036,-0.609797,-0.676758
6598,1,-0.0799319,0.00443234,0.187713,1,1,1,5.58762,-0.0261799,-0.0117183,-0.00459581,-0.496606,-0.631641
6599,1,-0.0799074,0.00541498,0.2052,1,1,1,5.58762,0,0.00426119,-0.00459373,-0.657539,-0.597803
6600,1,-0.0798776,0.00648325,0.222036,1,1,1,5.58762,-0.00872665,0.0191753,-0.00457715,-0.803876,-0.530127
6601,1,-0.0798424,0.0076342,0.238232,1,1,1,5.58762,-0.0296706,-0.0138489,-0.00453914,-0.419136,-0.507568
6602,1,-0.0798012,0.00886442,0.253794,1,1,1,5.58762,0,-0.0159795,-0.0045057,-0.373945,-0.552686
6603,1,-0.0797536,0.010171,0.268731,1,1,1,5.58772,0.0122173,0.00745708,-0.00442879,-0.603401,-0.586523
6604,1,-0.0796993,0.0115508,0.283049,1,1,1,5.58772,0,-0.00639178,-0.00439053,-0.427008,-0.406055
6605,1,-0.079638,0.0130005,0.296753,1,1,1,5.58772,0,-0.00213059,-0.00439972,-0.455317,-0.688037
6606,1,-0.0795692,0.0145172,0.309853,1,1,1,5.58762,-0.00698132,0.00426119,-0.00435021,-0.498573,-0.541406
6607,1,-0.0794927,0.0160981,0.322357,1,1,1,5.58772,-0.020944,4.56614e-19,-0.00429386,-0.423038,-0.586523
6608,1,-0.0794081,0.0177398,0.334269,1,1,1,5.58772,0.0174533,-0.00426119,-0.00419354,-0.341038,-0.48501
6609,1,-0.0793152,0.0194398,0.345599,1,1,1,5.58772,0.020944,-0.00213059,-0.00409895,-0.329466,-0.383496
6610,1,-0.0792136,0.0211949,0.356352,1,1,1,5.58772,0,-0.010653,-0.0039864,-0.197746,-0.360938
6611,1,-0.0791032,0.0230025,0.366537,1,1,1,5.58781,0,-0.00852238,-0.00390714,-0.187036,-0.360938
6612,1,-0.0789835,0.0248593,0.376159,1,1,1,5.58781,0,0.0308936,-0.0038182,-0.584664,-0.259424
6613,1,-0.0788545,0.0267631,0.385228,1,1,1,5.58781,-0.0174533,0.0127836,-0.00372642,-0.348631,-0.259424
6614,1,-0.0787158,0.0287109,0.39375,1,1,1,5.58791,0,0.00319589,-0.00362944,-0.205191,-0.281982
6615,1,-0.0785673,0.0306996,0.40173,1,1,1,5.58791,0.00698132,0.0127836,-0.00354676,-0.274142,-0.349658
6616,1,-0.0784088,0.0327272,0.409179,1,1,1,5.58791,0,0.0351548,-0.00342799,-0.478547,-0.146631
6617,1,-0.07824,0.0347905,0.416102,1,1,1,5.58791,-0.0191986,0.0159795,-0.00331398,-0.226203,-0.281982
6618,1,-0.0780608,0.0368874,0.422506,1,1,1,5.5881,0.0244346,0.00639178,-0.00317519,-0.0757117,-0.180469
6619,1,-0.0778711,0.0390147,0.428399,1,1,1,5.5881,0.0174533,0.00958767,-0.00300609,-0.0610294,-0.112793
6620,1,-0.0776706,0.0411704,0.433789,1,1,1,5.5881,0.00872665,0.00532648,-0.00283324,0.035542,-0.0563965
6621,1,-0.0774593,0.043352,0.438682,1,1,1,5.5882,0.0174533,0.0149142,-0.00267431,-0.0215109,-0.0451172
6622,1,-0.077237,0.0455566,0.443084,1,1,1,5.5882,0,0.00852238,-0.00250271,0.0995805,-0.0902344
6623,1,-0.0770037,0.047782,0.447005,1,1,1,5.58829,0.0174533,0.0234365,-0.00235342,-0.0165213,-0.0789551
6624,1,-0.0767592,0.0500257,0.45045,1,1,1,5.58839,0.0174533,-0.00852238,-0.00218335,0.385789,0
6625,1,-0.0765035,0.0522855,0.453427,1,1,1,5.58848,0.0261799,-0.00213059,-0.0019722,0.373273,0.0338379
6626,1,-0.0762363,0.0545591,0.455943,1,1,1,5.58858,0.0122173,0.0234365,-0.00178209,0.14723,0.0789551
6627,1,-0.0759578,0.0568443,0.458006,1,1,1,5.58868,0.020944,0.0234365,-0.0016465,0.193946,0.0902344
6628,1,-0.0756678,0.0591388,0.459623,1,1,1,5.58877,0.0191986,0.0117183,-0.00145652,0.378022,0.124072
6629,1,-0.0753664,0.0614396,0.4608,1,1,1,5.58887,0.0261799,0.0245018,-0.00125352,0.295207,0.15791
6630,1,-0.0750535,0.0637459,0.461545,1,1,1,5.58906,0.0314159,0.0479384,-0.00105934,0.0945278,0.203027
6631,1,-0.074729,0.0660545,0.461866,1,1,1,5.58925,0,0.0372854,-0.00086058,0.268661,0.225586
6632,1,-0.0743929,0.068364,0.461768,1,1,1,5.58944,0.0436332,0.028763,-0.000696331,0.414557,0.135352
6633,1,-0.0740453,0.0706715,0.461261,1,1,1,5.58963,0.0663225,0.0458078,-0.00056241,0.275413,0.259424
6634,1,-0.0736862,0.0729758,0.46035,1,1,1,5.58983,0.0314159,0.0319589,-0.000379499,0.483027,0.3271
6635,1,-0.0733156,0.0752745,0.459043,1,1,1,5.59021,0.0575959,0.0553954,-0.0002522,0.272229,0.372217
6636,1,-0.0729335,0.0775656,0.457348,1,1,1,5.59031,0.00174533,0.057526,-0.000170722,0.289394,0.3271
6637,1,-0.0725399,0.0798472,0.455271,1,1,1,5.59069,0.0663225,0.0756361,-4.05973e-05,0.137085,0.293262
6638,1,-0.0721351,0.0821173,0.452819,1,1,1,5.59098,0.0506145,0.057526,4.21644e-05,0.375994,0.225586
6639,1,-0.0717188,0.0843745,0.450001,1,1,1,5.59146,0.0890118,0.0703096,2.72342e-05,0.261585,0.180469
6640,1,-0.0712913,0.0866171,0.446821,1,1,1,5.59174,0.0890118,0.096942,7.84099e-05,0.00402584,0.236865
6641,1,-0.0708526,0.0888424,0.44329,1,1,1,5.59222,0.0471239,0.0894849,4.49899e-05,0.107692,0.146631
6642,1,-0.0704029,0.0910495,0.439412,1,1,1,5.59251,0.109956,0.100138,5.00763e-05,0.0183467,0.15791
6643,1,-0.0699422,0.093236,0.435197,1,1,1,5.59309,0.0558505,0.0926808,9.66644e-05,0.133422,0.169189
6644,1,-0.0694702,0.0954025,0.430647,1,1,1,5.59347,0.118682,0.0777667,0.000109893,0.325247,0.146631
6645,1,-0.0689882,0.0975418,0.42578,1,1,1,5.59404,0.10821,0.122509,7.95588e-05,-0.145161,0.169189
6646,1,-0.0684952,0.099658,0.420592,1,1,1,5.59443,0.0802851,0.104399,4.58788e-05,0.0738852,0.0676758
6647,1,-0.0679917,0.101747,0.415095,1,1,1,5.595,0.125664,0.110791,5.37299e-05,0.0298592,0.101514
6648,1,-0.0674778,0.103808,0.409295,1,1,1,5.59548,0.0837758,0.102269,4.42532e-05,0.146636,0.112793
6649,1,-0.0669537,0.10584,0.403201,1,1,1,5.59606,0.116937,0.103334,1.66322e-05,0.154823,0.0225586
6650,1,-0.0664194,0.10784,0.396818,1,1,1,5.59654,0.0977384,0.111856,-5.74489e-05,0.0738656,0.0112793
6651,1,-0.0658753,0.109807,0.390154,1,1,1,5.59711,0.10472,0.107595,-6.03312e-05,0.143327,0.0563965
6652,1,-0.0653214,0.111741,0.383217,1,1,1,5.5975,0.0942478,0.0980073,-1.24876e-05,0.27831,0.0225586
6653,1,-0.064758,0.113639,0.376014,1,1,1,5.59817,0.116937,0.103334,1.56724e-05,0.246243,0.0451172
6654,1,-0.0641851,0.115501,0.368551,1,1,1,5.59855,0.111701,0.10653,8.17208e-05,0.243067,0.180469
6655,1,-0.063603,0.117324,0.360835,1,1,1,5.59922,0.111701,0.0884196,0.000159759,0.475486,0.3271
6656,1,-0.0630119,0.119109,0.352876,1,1,1,5.5997,0.0977384,0.102269,0.000232976,0.355142,0.3271
6657,1,-0.062412,0.120853,0.344679,1,1,1,5.60028,0.120428,0.109726,0.00028164,0.301114,0.214307
6658,1,-0.0618034,0.122555,0.336251,1,1,1,5.60076,0.129154,0.101203,0.000377489,0.429558,0.360938
6659,1,-0.0611865,0.124215,0.3276,1,1,1,5.60152,0.0977384,0.138489,0.000459485,0.052026,0.428613
6660,1,-0.0605614,0.125831,0.318735,1,1,1,5.60191,0.101229,0.101203,0.000496386,0.486259,0.360938
6661,1,-0.0599283,0.127402,0.309659,1,1,1,5.60267,0.151844,0.112921,0.000520845,0.380173,0.304541
6662,1,-0.0592875,0.128927,0.300382,1,1,1,5.60315,0.146608,0.122509,0.000528174,0.294231,0.31582
6663,1,-0.0586391,0.130405,0.290911,1,1,1,5.60382,0.122173,0.119313,0.000578019,0.354432,0.281982
6664,1,-0.0579835,0.131836,0.281251,1,1,1,5.60449,0.143117,0.121444,0.000573687,0.347413,0.203027
6665,1,-0.0573208,0.133218,0.271412,1,1,1,5.60507,0.165806,0.107595,0.000626275,0.523759,0.3271
6666,1,-0.0566513,0.13455,0.2614,1,1,1,5.60565,0.0994838,0.138489,0.000694037,0.210021,0.349658
6667,1,-0.0559754,0.135831,0.251224,1,1,1,5.60641,0.106465,0.112921,0.000755948,0.515159,0.360938
6668,1,-0.0552931,0.137062,0.240888,1,1,1,5.60699,0.151844,0.134227,0.000773649,0.298132,0.180469
6669,1,-0.0546048,0.13824,0.230401,1,1,1,5.60766,0.146608,0.121444,0.000858184,0.465117,0.428613
6670,1,-0.0539108,0.139365,0.21977,1,1,1,5.60833,0.118682,0.125705,0.000909707,0.43951,0.394775
6671,1,-0.0532113,0.140437,0.209002,1,1,1,5.609,0.146608,0.138489,0.000946839,0.317394,0.360938
6672,1,-0.0525065,0.141455,0.198105,1,1,1,5.60948,0.0959931,0.152337,0.000950097,0.177857,0.270703
6673,1,-0.0517969,0.142418,0.187086,1,1,1,5.61034,0.136136,0.129966,0.000989391,0.441032,0.360938
6674,1,-0.0510824,0.143326,0.175951,1,1,1,5.61092,0.13439,0.135293,0.00101066,0.396727,0.293262
6675,1,-0.0503637,0.144177,0.164709,1,1,1,5.61169,0.139626,0.134227,0.00104593,0.423684,0.394775
6676,1,-0.0496407,0.144973,0.153364,1,1,1,5.61226,0.13439,0.143815,0.001059,0.330011,0.304541
6677,1,-0.048914,0.145711,0.141927,1,1,1,5.61303,0.141372,0.156599,0.00110277,0.204774,0.383496
6678,1,-0.0481838,0.146392,0.130404,1,1,1,5.6136,0.164061,0.128901,0.00118147,0.528909,0.451172
6679,1,-0.0474502,0.147015,0.118801,1,1,1,5.61437,0.143117,0.121444,0.00125665,0.629821,0.451172
6680,1,-0.0467138,0.14758,0.107128,1,1,1,5.61504,0.169297,0.135293,0.00130182,0.491387,0.563965
6681,1,-0.0459745,0.148086,0.0953866,1,1,1,5.61571,0.141372,0.135293,0.00138238,0.509719,0.530127
6682,1,-0.045233,0.148534,0.0835901,1,1,1,5.61629,0.1309,0.127836,0.00142706,0.604233,0.439893
6683,1,-0.0444893,0.148922,0.0717424,1,1,1,5.61725,0.176278,0.150207,0.00145525,0.367733,0.518848
6684,1,-0.0437438,0.149251,0.0598501,1,1,1,5.61763,0.0785398,0.137423,0.00148364,0.516395,0.451172
6685,1,-0.0429969,0.14952,0.0479247,1,1,1,5.61859,0.178024,0.121444,0.00155071,0.705496,0.462451
6686,1,-0.0422487,0.14973,0.0359691,1,1,1,5.61916,0.123918,0.141684,0.00160494,0.494146,0.48501
6687,1,-0.0414997,0.14988,0.0239916,1,1,1,5.62003,0.136136,0.137423,0.00160593,0.543025,0.507568
6688,1,-0.04075,0.14997,0.0120002,1,1,1,5.62051,0.132645,0.139554,0.00165239,0.527772,0.575244
6689,1,-0.0400001,0.15,1.6944e-06,1,1,1,5.62146,0.139626,0.138489,0.00166854,0.542635,0.552686
6690,1,-0.0392501,0.14997,-0.0119981,1,1,1,5.62194,0.144862,0.134227,0.00166695,0.589098,0.496289
6691,1,-0.0385004,0.14988,-0.0239903,1,1,1,5.62281,0.179769,0.149142,0.00168034,0.426537,0.394775
6692,1,-0.0377514,0.14973,-0.0359662,1,1,1,5.62348,0.137881,0.149142,0.00170343,0.42829,0.451172
6693,1,-0.0370033,0.14952,-0.047921,1,1,1,5.62424,0.120428,0.141684,0.00167169,0.502878,0.31582
6694,1,-0.0362563,0.149251,-0.0598496,1,1,1,5.62472,0.150098,0.131032,0.0017251,0.624835,0.270703
6695,1,-0.0355108,0.148922,-0.0717404,1,1,1,5.62578,0.1309,0.14275,0.00177136,0.499137,0.518848
6696,1,-0.0347672,0.148534,-0.0835869,1,1,1,5.62616,0.102974,0.133162,0.00183924,0.610325,0.530127
6697,1,-0.0340256,0.148086,-0.0953851,1,1,1,5.62722,0.144862,0.121444,0.00189735,0.742878,0.530127
6698,1,-0.0332865,0.14758,-0.107123,1,1,1,5.6276,0.101229,0.145946,0.00193874,0.474475,0.394775
6699,1,-0.0325499,0.147015,-0.118799,1,1,1,5.62846,0.151844,0.143815,0.00200399,0.501744,0.699316
6700,1,-0.0318163,0.146392,-0.130403,1,1,1,5.62904,0.150098,0.141684,0.00206017,0.52667,0.609082
6701,1,-0.0310861,0.145711,-0.141925,1,1,1,5.62971,0.0977384,0.14275,0.00205222,0.506064,0.31582
6702,1,-0.0303593,0.144973,-0.153363,1,1,1,5.63028,0.181514,0.121444,0.00213177,0.743488,0.530127
6703,1,-0.0296365,0.144178,-0.164706,1,1,1,5.63115,0.10472,0.154468,0.00215594,0.375328,0.451172
6704,1,-0.0289174,0.143326,-0.175953,1,1,1,5.63163,0.141372,0.131032,0.00221685,0.632428,0.462451
6705,1,-0.0282034,0.142418,-0.187083,1,1,1,5.63249,0.146608,0.117183,0.00231197,0.788672,0.575244
6706,1,-0.0274936,0.141455,-0.198103,1,1,1,5.63307,0.15708,0.136358,0.00239332,0.57959,0.755713
6707,1,-0.0267888,0.140438,-0.209,1,1,1,5.63383,0.0925025,0.140619,0.00241999,0.525733,0.654199
6708,1,-0.0260893,0.139366,-0.219769,1,1,1,5.63431,0.13439,0.145946,0.00237781,0.449066,0.518848
6709,1,-0.0253952,0.13824,-0.2304,1,1,1,5.63508,0.148353,0.135293,0.00236575,0.551534,0.47373
6710,1,-0.0247069,0.137062,-0.240887,1,1,1,5.63565,0.150098,0.118248,0.00236535,0.725679,0.530127
6711,1,-0.0240247,0.135831,-0.251222,1,1,1,5.63652,0.18326,0.120379,0.00240172,0.693982,0.620361
6712,1,-0.0233487,0.13455,-0.261399,1,1,1,5.63709,0.122173,0.150207,0.0023767,0.348079,0.530127
6713,1,-0.0226793,0.133218,-0.27141,1,1,1,5.63767,0.115192,0.14488,0.00229911,0.379566,0.281982
6714,1,-0.0220167,0.131836,-0.281249,1,1,1,5.63824,0.146608,0.143815,0.00226383,0.369988,0.248145
6715,1,-0.0213611,0.130406,-0.290907,1,1,1,5.63911,0.113446,0.121444,0.00228933,0.603125,0.428613
6716,1,-0.0207071,0.128914,-0.300461,1,1,1,5.63958,0.129154,0.127836,0.00227016,0.512984,0.394775
6717,1,-0.0200718,0.127402,-0.309658,1,1,1,5.64035,0.144862,0.118248,0.00225582,0.599081,0.406055
6718,1,-0.0194387,0.125831,-0.318733,1,1,1,5.64093,0.146608,0.131032,0.00228053,0.444492,0.439893
6719,1,-0.0188136,0.124215,-0.327599,1,1,1,5.6416,0.0942478,0.123574,0.00226216,0.505052,0.462451
6720,1,-0.0181967,0.122556,-0.336249,1,1,1,5.64208,0.115192,0.135293,0.00223255,0.35288,0.383496
6721,1,-0.0175881,0.120853,-0.344677,1,1,1,5.64284,0.0959931,0.118248,0.00219525,0.514865,0.31582
6722,1,-0.0169882,0.119109,-0.352875,1,1,1,5.64323,0.125664,0.109726,0.00216784,0.58439,0.349658
6723,1,-0.0163971,0.117325,-0.360835,1,1,1,5.64419,0.179769,0.112921,0.00215543,0.52703,0.451172
6724,1,-0.015815,0.115501,-0.368549,1,1,1,5.64467,0.0680678,0.111856,0.00210003,0.509282,0.349658
6725,1,-0.0152422,0.11364,-0.376012,1,1,1,5.64534,0.165806,0.131032,0.00201599,0.264275,0.248145
6726,1,-0.0146787,0.111741,-0.383216,1,1,1,5.64572,0.0837758,0.128901,0.00197929,0.259931,0.360938
6727,1,-0.0141248,0.109808,-0.390153,1,1,1,5.64658,0.0977384,0.135293,0.0018407,0.146161,0.169189
6728,1,-0.0135807,0.10784,-0.396817,1,1,1,5.64687,0.10472,0.127836,0.00170148,0.185246,0.146631
6729,1,-0.0130465,0.10584,-0.403199,1,1,1,5.64773,0.113446,0.125705,0.00168094,0.180577,0.259424
6730,1,-0.0125223,0.103809,-0.409294,1,1,1,5.64812,0.0767945,0.107595,0.00160957,0.344674,0.270703
6731,1,-0.0120084,0.101748,-0.415094,1,1,1,5.64888,0.139626,0.122509,0.00147714,0.13672,0.146631
6732,1,-0.0115049,0.0996584,-0.420591,1,1,1,5.64927,0.0907571,0.104399,0.00136719,0.295671,0.236865
6733,1,-0.0110119,0.0975425,-0.425778,1,1,1,5.64994,0.0785398,0.104399,0.00129951,0.259955,0.169189
6734,1,-0.0105295,0.095401,-0.43065,1,1,1,5.65013,0.0925025,0.0990726,0.00125151,0.285704,0.191748
6735,1,-0.0100579,0.0932363,-0.435197,1,1,1,5.6508,0.0872665,0.0937461,0.00125741,0.319029,0.203027
6736,1,-0.00959715,0.0910496,-0.439412,1,1,1,5.65128,0.1309,0.0830932,0.00123306,0.406218,0.270703
6737,1,-0.00914743,0.0888428,-0.443289,1,1,1,5.65166,0.0837758,0.0948114,0.0012567,0.253202,0.236865
6738,1,-0.00870878,0.0866174,-0.446821,1,1,1,5.65205,0.1309,0.0809626,0.00132196,0.386271,0.439893
6739,1,-0.00828129,0.0843752,-0.45,1,1,1,5.65262,0.0418879,0.102269,0.00132238,0.123926,0.451172
6740,1,-0.00786504,0.082118,-0.452819,1,1,1,5.65282,0.0488692,0.0852238,0.00131929,0.282836,0.225586
6741,1,-0.00746013,0.0798476,-0.45527,1,1,1,5.65329,0.0872665,0.0937461,0.00133133,0.162398,0.349658
6742,1,-0.0070666,0.077566,-0.457347,1,1,1,5.65358,0.0366519,0.0639178,0.00131074,0.45943,0.236865
6743,1,-0.00668446,0.0752746,-0.459043,1,1,1,5.65397,0.116937,0.0767014,0.00134992,0.295555,0.360938
6744,1,-0.00631383,0.072976,-0.46035,1,1,1,5.65425,0.0366519,0.0490037,0.00138385,0.576227,0.360938
6745,1,-0.00595475,0.0706721,-0.461261,1,1,1,5.65473,0.106465,0.0649831,0.00140614,0.374927,0.417334
6746,1,-0.00560714,0.0683642,-0.461768,1,1,1,5.65483,0.00174533,0.0596566,0.00143341,0.408656,0.439893
6747,1,-0.00527107,0.0660548,-0.461866,1,1,1,5.65521,0.0575959,0.0436772,0.00150792,0.565826,0.3271
6748,1,-0.00494658,0.0637461,-0.461545,1,1,1,5.6554,0.0610865,0.0596566,0.00158105,0.371348,0.496289
6749,1,-0.00463362,0.0614402,-0.4608,1,1,1,5.65569,0.0122173,0.0628525,0.00157524,0.307163,0.428613
6750,1,-0.00433215,0.0591387,-0.459623,1,1,1,5.65588,0.0645772,0.0532648,0.00160768,0.388757,0.507568
6751,1,-0.00404223,0.0568447,-0.458007,1,1,1,5.65617,0.0261799,0.0511343,0.00166804,0.392164,0.451172
6752,1,-0.00376371,0.0545596,-0.455944,1,1,1,5.65636,0.0558505,0.0404813,0.00172859,0.489517,0.406055
6753,1,-0.0034966,0.052286,-0.453427,1,1,1,5.65665,0.0279253,0.0447425,0.00176074,0.419273,0.451172
6754,1,-0.00324083,0.0500261,-0.45045,1,1,1,5.65665,0.020944,0.0521996,0.00180013,0.315061,0.47373
6755,1,-0.00299648,0.0477838,-0.447008,1,1,1,5.65694,0,0.0351548,0.00186745,0.48434,0.507568
6756,1,-0.00276315,0.0455586,-0.443088,1,1,1,5.65713,0.0506145,0.0383507,0.00194903,0.433131,0.372217
6757,1,-0.00254087,0.0433538,-0.438685,1,1,1,5.65732,0.0122173,0.0383507,0.00200902,0.414548,0.575244
6758,1,-0.00232942,0.0411708,-0.43379,1,1,1,5.65732,0.00174533,0.0340895,0.00204626,0.440173,0.451172
6759,1,-0.0021291,0.0390166,-0.428404,1,1,1,5.65751,0.0453786,0.0276977,0.00212759,0.495476,0.597803
6760,1,-0.00193935,0.0368892,-0.422512,1,1,1,5.6577,0.0314159,0.00852238,0.00223211,0.694862,0.778271
6761,1,-0.00176017,0.0347926,-0.416108,1,1,1,5.6578,0,0.0245018,0.00228491,0.501172,0.462451
6762,1,-0.00159138,0.0327291,-0.409186,1,1,1,5.6578,0.0174533,0.0308936,0.00229086,0.40724,0.48501
6763,1,-0.00143282,0.0307016,-0.401738,1,1,1,5.6579,0.00872665,0.0138489,0.00236091,0.58009,0.563965
6764,1,-0.0012843,0.0287126,-0.393757,1,1,1,5.65809,0.020944,0.00852238,0.00238333,0.6183,0.47373
6765,1,-0.00114553,0.0267635,-0.38523,1,1,1,5.65809,0.0436332,0.01811,0.00245261,0.499208,0.439893
6766,1,-0.00101601,0.0248526,-0.376126,1,1,1,5.65818,0.0174533,0.00852238,0.00255033,0.595351,0.586523
6767,1,-0.000896921,0.0230039,-0.366545,1,1,1,5.65828,0.0261799,0.00532648,0.00264966,0.622231,0.710596
6768,1,-0.000786351,0.0211949,-0.356352,1,1,1,5.65828,0,0.010653,0.002693,0.548549,0.586523
6769,1,-0.000684785,0.0194397,-0.345598,1,1,1,5.65838,0.0191986,0.0298283,0.00273021,0.322461,0.620361
6770,1,-0.000591951,0.0177415,-0.334281,1,1,1,5.65838,0,-0.00319589,0.00271693,0.664685,0.451172
6771,1,-0.000507297,0.0160982,-0.322358,1,1,1,5.65847,0.0558505,0.0138489,0.00275149,0.463226,0.462451
6772,1,-0.000430848,0.0145187,-0.309866,1,1,1,5.65847,0.0174533,0.00745708,0.00278204,0.519907,0.541406
6773,1,-0.000362007,0.0130004,-0.296752,1,1,1,5.65847,0,0.00958767,0.00277816,0.479136,0.417334
6774,1,-0.000300663,0.0115508,-0.283048,1,1,1,5.65847,-0.015708,0.0149142,0.00278986,0.406196,0.394775
6775,1,-0.000246439,0.0101724,-0.268746,1,1,1,5.65857,0,0.00958767,0.00284144,0.456666,0.563965
6776,1,-0.000198833,0.00886454,-0.253795,1,1,1,5.65857,0,0.00852238,0.00288363,0.459981,0.552686
6777,1,-0.000157655,0.00763535,-0.238248,1,1,1,5.65857,0,0.0117183,0.002893,0.413144,0.451172
6778,1,-0.00012239,0.00648435,-0.222052,1,1,1,5.65857,0,-0.00958767,0.00293312,0.64094,0.48501
6779,1,-9.26716e-05,0.00541582,-0.205214,1,1,1,5.65857,0.0139626,-0.0117183,0.00294422,0.655082,0.552686
6780,1,-6.80862e-05,0.00443322,-0.18773,1,1,1,5.65857,-0.0244346,-0.0213059,0.00296457,0.753622,0.48501
6781,1,-4.81932e-05,0.00353971,-0.169591,1,1,1,5.65857,0.0226893,-0.00958767,0.00299051,0.619723,0.518848
6782,1,-3.25254e-05,0.00273785,-0.150773,1,1,1,5.65857,0,0.0127836,0.00301559,0.369751,0.586523
6783,1,-2.06479e-05,0.00203288,-0.131315,1,1,1,5.65857,-0.020944,-0.00745708,0.00298173,0.582013,0.451172
6784,1,-1.2037e-05,0.00142602,-0.111153,1,1,1,5.65857,0,0.0159795,0.00299273,0.321056,0.530127
6785,1,-6.2131e-06,0.000922333,-0.0903332,1,1,1,5.65857,-0.0296706,-0.00213059,0.00297307,0.514426,0.462451
6786,1,-2.6417e-06,0.000524195,-0.0688098,1,1,1,5.65857,0.00872665,-0.0191753,0.00299532,0.703007,0.507568
6787,1,-7.88042e-07,0.000235223,-0.0465695,1,1,1,5.65866,0.00872665,0.00213059,0.00299297,0.467929,0.439893
6788,1,-9.65486e-08,5.83208e-05,-0.0234273,1,1,1,5.65866,0,0.00319589,0.00299549,0.457646,0.563965
6789,1,0,1.57058e-12,-3.88319e-06,1,1,1,5.65857,0,0.00639178,0.0029812,0.423208,0.406055
6790,1,0,0,0,1,1,1,5.65866,0.00349066,0.00745708,0.00295337,0.407817,0.360938
6791,1,0,0,0,1,1,1,5.65866,0.00872665,0.0138489,0.00295056,0.337136,0.496289
6792,1,0,0,0,1,1,1,5.65866,0,-0.0298283,0.00296604,0.819629,0.394775
6793,1,0,0,0,1,1,1,5.65876,0.0471239,-0.0149142,0.00296261,0.65512,0.518848
6794,1,0,0,0,1,1,1,5.65857,-0.0488692,-0.00745708,0.0029695,0.574003,0.417334
6795,1,0,0,0,1,1,1,5.65866,0.00174533,0.00426119,0.00295603,0.443323,0.451172
6796,1,0,0,0,1,1,1,5.65866,-0.00523599,0.01811,0.00295344,0.290643,0.451172
6797,1,0,0,0,1,1,1,5.65866,-0.0488692,0.00426119,0.00296509,0.444518,0.383496
6798,1,0,0,0,1,1,1,5.65876,0.0575959,0.01811,0.00295863,0.291329,0.428613
6799,1,0,0,0,1,1,1,5.65866,-0.0174533,0.0138489,0.00296093,0.338506,0.530127
6800,1,0,0,0,1,1,1,5.65876,0,-0.0127836,0.00296119,0.631496,0.451172
6801,1,0,0,0,1,1,1,5.65876,0.015708,0.0138489,0.00291079,0.331887,0.360938
6802,1,0,0,0,1,1,1,5.65866,-0.00872665,0.00958767,0.00288363,0.375175,0.47373
6803,1,0,0,0,1,1,1,5.65866,-0.015708,0.00213059,0.00286111,0.454231,0.451172
6804,1,0,0,0,1,1,1,5.65866,0,0.00319589,0.00282998,0.438403,0.507568
6805,1,0,0,0,1,1,1,5.65866,0,-0.00745708,0.00282066,0.554356,0.462451
6806,1,0,0,0,1,1,1,5.65866,0,0.00532648,0.00280925,0.412229,0.451172
6807,1,0,0,0,1,1,1,5.65866,0,0.0170448,0.00279479,0.28142,0.394775
6808,1,0,0,0,1,1,1,5.65866,0.00349066,-0.00213059,0.0027836,0.490872,0.428613
6809,1,0,0,0,1,1,1,5.65866,0,0.010653,0.00275904,0.347011,0.406055
6810,1,0,0,0,1,1,1,5.65866,0,0.00639178,0.0027026,0.386433,0.304541
6811,1,0,0,0,1,1,1,5.65866,0,-0.00852238,0.00274564,0.55617,0.518848
6812,1,0,0,0,1,1,1,5.65876,0.00872665,0.00532648,0.00270758,0.398809,0.518848
6813,1,0,0,0,1,1,1,5.65866,0,0.00213059,0.00269546,0.432364,0.394775
6814,1,0,0,0,1,1,1,5.65876,0.00872665,0.00532648,0.0026906,0.396568,0.48501
6815,1,0,0,0,1,1,1,5.65866,0,-0.00213059,0.00270248,0.480164,0.372217
6816,1,0,0,0,1,1,1,5.65876,0.0174533,0.00639178,0.00266534,0.381515,0.304541
6817,1,0,0,0,1,1,1,5.65866,0.0436332,0.0149142,0.00263992,0.284414,0.496289
6818,1,0,0,0,1,1,1,5.65876,-0.00349066,0.00213059,0.00259153,0.418645,0.48501
6819,1,0,0,0,1,1,1,5.65866,0.00872665,0.00319589,0.00258465,0.406019,0.338379
6820,1,0,0,0,1,1,1,5.65866,0,-0.00958767,0.00257015,0.544724,0.360938
6821,1,0,0,0,1,1,1,5.65866,0.0174533,-0.0138489,0.0025663,0.59109,0.372217
6822,1,0,0,0,1,1,1,5.65866,0,-0.0170448,0.0025608,0.625518,0.428613
6823,1,0,0,0,1,1,1,5.65866,0.0296706,-0.00213059,0.00253412,0.457941,0.394775
6824,1,0,0,0,1,1,1,5.65866,-0.00872665,0.0138489,0.00251801,0.28004,0.530127
6825,1,0,0,0,1,1,1,5.65866,-0.0279253,-0.00745708,0.00252663,0.515543,0.462451
6826,1,0,0,0,1,1,1,5.65876,0.00349066,0.00532648,0.00248698,0.369691,0.47373
6827,1,0,0,0,1,1,1,5.65866,0.00174533,-0.0010653,0.00247223,0.438053,0.31582
6828,1,0,0,0,1,1,1,5.65866,0,-0.0245018,0.00251938,0.702078,0.451172
6829,1,0,0,0,1,1,1,5.65876,0.0261799,0.00426119,0.00250442,0.38371,0.417334
6830,1,0,0,0,1,1,1,5.65866,-0.020944,0.010653,0.00250983,0.314115,0.406055
6831,1,0,0,0,1,1,1,5.65866,-0.00523599,-0.0117183,0.00252908,0.56274,0.394775
6832,1,0,0,0,1,1,1,5.65876,0.0226893,-0.0117183,0.00253078,0.562964,0.451172
6833,1,0,0,0,1,1,1,5.65866,0.0523599,0.00745708,0.00253563,0.352675,0.394775
6834,1,0,0,0,1,1,1,5.65866,0,-0.00426119,0.00254894,0.483333,0.48501
6835,1,0,0,0,1,1,1,5.65866,0,0.0010653,0.00250767,0.419294,0.439893
6836,1,0,0,0,1,1,1,5.65866,-0.0174533,-0.0138489,0.00252587,0.585753,0.394775
6837,1,0,0,0,1,1,1,5.65876,0,0.00319589,0.00253073,0.398901,0.349658
6838,1,0,0,0,1,1,1,5.65866,0.0122173,0.0234365,0.00250748,0.173185,0.417334
6839,1,0,0,0,1,1,1,5.65866,-0.0296706,0.00319589,0.00249897,0.394709,0.394775
6840,1,0,0,0,1,1,1,5.65866,0.00872665,0.00426119,0.00248031,0.380528,0.417334
6841,1,0,0,0,1,1,1,5.65866,0,-0.0127836,0.00247126,0.566825,0.451172
6842,1,0,0,0,1,1,1,5.65876,0,-0.0191753,0.00247295,0.637359,0.496289
6843,1,0,0,0,1,1,1,5.65876,0.0663225,-1.10892e-18,0.00249856,0.42981,0.552686
6844,1,0,0,0,1,1,1,5.65876,-0.0471239,-0.00426119,0.00248974,0.475518,0.518848
6845,1,0,0,0,1,1,1,5.65876,0,-0.00852238,0.00251766,0.526078,0.439893
6846,1,0,0,0,1,1,1,5.65876,0,0.00213059,0.00248261,0.404268,0.394775
6847,1,0,0,0,1,1,1,5.65866,0,0.00639178,0.00242633,0.349966,0.349658
6848,1,0,0,0,1,1,1,5.65866,-0.00523599,-0.010653,0.00241686,0.536208,0.47373
6849,1,0,0,0,1,1,1,5.65866,0.00698132,0.00958767,0.00242849,0.315096,0.518848
6850,1,0,0,0,1,1,1,5.65866,-0.0488692,0.00639178,0.00243936,0.351685,0.47373
6851,1,0,0,0,1,1,1,5.65876,0,-0.00426119,0.00244436,0.469529,0.462451
6852,1,0,0,0,1,1,1,5.65876,0,0.0010653,0.00244045,0.410421,0.48501
6853,1,0,0,0,1,1,1,5.65866,-0.00523599,0.0159795,0.00244141,0.246492,0.372217
6854,1,0,0,0,1,1,1,5.65876,0.00872665,-0.00319589,0.0024451,0.457908,0.383496
6855,1,0,0,0,1,1,1,5.65876,0,-0.0138489,0.00245127,0.575905,0.394775
6856,1,0,0,0,1,1,1,5.65876,0,-0.00213059,0.00241552,0.442285,0.349658
6857,1,0,0,0,1,1,1,5.65866,0.00349066,0.0010653,0.00241378,0.406901,0.372217
6858,1,0,0,0,1,1,1,5.65876,0.015708,-0.00319589,0.00240365,0.452437,0.451172
6859,1,0,0,0,1,1,1,5.65866,0,0.00532648,0.00239786,0.357927,0.439893
6860,1,0,0,0,1,1,1,5.65876,0,-0.010653,0.00240043,0.534039,0.417334
6861,1,0,0,0,1,1,1,5.65876,0.00698132,0.00532648,0.00235855,0.352737,0.406055
6862,1,0,0,0,1,1,1,5.65866,-0.0122173,0.00532648,0.00230125,0.345174,0.338379
6863,1,0,0,0,1,1,1,5.65866,0,-0.01811,0.00231327,0.604562,0.338379
6864,1,0,0,0,1,1,1,5.65876,0.0244346,-0.0149142,0.00232631,0.571129,0.47373
6865,1,0,0,0,1,1,1,5.65876,0.0349066,-0.00532648,0.00231036,0.463559,0.406055
6866,1,0,0,0,1,1,1,5.65866,-0.0226893,-0.0117183,0.00232496,0.535795,0.428613
6867,1,0,0,0,1,1,1,5.65876,0.00872665,0.01811,0.00232211,0.207308,0.507568
6868,1,0,0,0,1,1,1,5.65866,-0.0558505,0.0170448,0.00227353,0.212613,0.180469
6869,1,0,0,0,1,1,1,5.65866,0,-0.00213059,0.00225614,0.421247,0.304541
6870,1,0,0,0,1,1,1,5.65866,0.00872665,-0.0234365,0.00228408,0.6593,0.372217
6871,1,0,0,0,1,1,1,5.65876,0.0139626,-0.00426119,0.00228547,0.448555,0.451172
6872,1,0,0,0,1,1,1,5.65866,-0.0191986,-0.00213059,0.00227146,0.423269,0.372217
6873,1,0,0,0,1,1,1,5.65866,0,0.0117183,0.00228296,0.272449,0.428613
6874,1,0,0,0,1,1,1,5.65866,-0.010472,0.00852238,0.00226617,0.305388,0.417334
6875,1,0,0,0,1,1,1,5.65866,0,-0.00532648,0.00229264,0.46122,0.428613
6876,1,0,0,0,1,1,1,5.65876,0.015708,-0.0010653,0.00224749,0.408387,0.439893
6877,1,0,0,0,1,1,1,5.65866,0.0261799,0.00319589,0.00225798,0.362898,0.3271
6878,1,0,0,0,1,1,1,5.65876,0,0.0117183,0.0022417,0.267004,0.439893
6879,1,0,0,0,1,1,1,5.65866,0,0.00745708,0.0022405,0.313718,0.394775
6880,1,0,0,0,1,1,1,5.65866,0,0.00426119,0.00219248,0.342535,0.225586
6881,1,0,0,0,1,1,1,5.65866,0,-0.0276977,0.00218367,0.692919,0.304541
6882,1,0,0,0,1,1,1,5.65866,0,-0.00426119,0.00220304,0.437674,0.417334
6883,1,0,0,0,1,1,1,5.65866,-0.015708,-0.00852238,0.00219832,0.483924,0.293262
6884,1,0,0,0,1,1,1,5.65866,0.00872665,0.0159795,0.00219856,0.214436,0.372217
6885,1,0,0,0,1,1,1,5.65866,-0.0174533,-0.00852238,0.00217205,0.480457,0.304541
6886,1,0,0,0,1,1,1,5.65866,0.0296706,-0.010653,0.00219324,0.50669,0.507568
6887,1,0,0,0,1,1,1,5.65866,0,0.00958767,0.0021724,0.281292,0.349658
6888,1,0,0,0,1,1,1,5.65866,0,0.00745708,0.00213158,0.299322,0.349658
