index,/gimbal/yaw_sweep/active,/gimbal/yaw_sweep/target_offset,/gimbal/yaw_sweep/reference_velocity,/gimbal/yaw_sweep/reference_acceleration,/gimbal/yaw_sweep/feedforward_scale,/gimbal/yaw_sweep/remote_ready,/gimbal/yaw_sweep/right_switch,/gimbal/yaw/angle,/gimbal/yaw/velocity,/gimbal/yaw/velocity_imu,/gimbal/yaw/control_angle_error,/gimbal/yaw/control_torque,/gimbal/yaw/torque
1646,1,0,0,0,1,1,1,5.62961,0,-0.00319589,5.34457e-06,-0.0639693,-0.225586
1647,1,0,0,0,1,1,1,5.62961,0,-0.0213059,2.1089e-05,0.137234,-0.101514
1648,1,0,0,0,1,1,1,5.62961,0,-0.00852238,7.5671e-05,0.00472716,-0.0451172
1649,1,0,0,0,1,1,1,5.62971,0,-0.00532648,0.000134645,-0.0212223,-0.0112793
1650,1,0,0,0,1,1,1,5.62971,0,-0.00213059,0.000132346,-0.0564515,-0.0112793
1651,1,0,0,0,1,1,1,5.62971,0,0.00532648,7.9583e-05,-0.146161,-0.0563965
1652,1,0,0,0,1,1,1,5.62961,-0.00872665,-0.010653,4.12102e-05,0.0235807,-0.0676758
1653,1,0,0,0,1,1,1,5.62961,0.00872665,0.00745708,-1.54702e-05,-0.183821,-0.180469
1654,1,0,0,0,1,1,1,5.62961,-0.0226893,-0.010653,-1.50108e-05,0.0152012,-0.15791
1655,1,0,0,0,1,1,1,5.62961,0,-0.00532648,3.28659e-05,-0.036014,-0.0676758
1656,1,0,0,0,1,1,1,5.62961,0,-0.0245018,7.11802e-05,0.180476,-0.0225586
1657,1,0,0,0,1,1,1,5.62961,0.00698132,7.30583e-18,8.11762e-05,-0.0872658,-0.0451172
1658,1,0,0,0,1,1,1,5.62961,0,0.00426119,7.19295e-05,-0.13541,-0.0338379
1659,1,0,0,0,1,1,1,5.62961,0,0.0149142,9.32583e-05,-0.249045,-0.135352
1660,1,0,0,0,1,1,1,5.62961,0,-0.010653,5.312e-05,0.0259606,-0.203027
1661,1,0,0,0,1,1,1,5.62971,0.00872665,0.00745708,5.14487e-05,-0.17315,-0.0676758
1662,1,0,0,0,1,1,1,5.62971,0,-0.0170448,7.0351e-05,0.0989443,-0.101514
1663,1,0,0,0,1,1,1,5.62971,0,-0.0276977,0.000127592,0.224881,-0.101514
1664,1,0,0,0,1,1,1,5.62971,0,0.0149142,9.50227e-05,-0.247984,-0.101514
1665,1,0,0,0,1,1,1,5.62971,0,0.0117183,6.28234e-05,-0.217743,-0.169189
1666,1,0,0,0,1,1,1,5.62971,0,-0.00958767,6.81242e-05,0.0172472,-0.0902344
1667,1,0,0,0,1,1,1,5.62971,0,-0.00319589,1.87675e-05,-0.060639,-0.259424
1668,1,0,0,0,1,1,1,5.62961,0,-0.010653,5.19426e-05,0.0265987,-0.0225586
1669,1,0,0,0,1,1,1,5.62961,-0.0244346,1.82646e-18,3.16203e-05,-0.093343,-0.124072
1670,1,0,0,0,1,1,1,5.62961,0.00698132,0.0159795,7.03253e-06,-0.2724,-0.0902344
1671,1,0,0,0,1,1,1,5.62961,0,-0.00319589,-3.12807e-05,-0.0674015,-0.0676758
1672,1,0,0,0,1,1,1,5.62961,-0.0279253,0.00319589,-7.29378e-06,-0.134134,-0.146631
1673,1,0,0,0,1,1,1,5.62961,0,0.0159795,-2.90775e-05,-0.277722,-0.0676758
1674,1,0,0,0,1,1,1,5.62961,-0.010472,0.00426119,-4.54715e-05,-0.151394,-0.0676758
1675,1,0,0,0,1,1,1,5.62961,-0.00872665,-0.00852238,-6.37646e-05,-0.0138121,-0.0789551
1676,1,0,0,0,1,1,1,5.62961,-0.00872665,0.00532648,-9.21363e-05,-0.170457,-0.0563965
1677,1,0,0,0,1,1,1,5.62961,-0.00872665,0.00745708,-8.26659e-05,-0.192492,-0.191748
1678,1,0,0,0,1,1,1,5.62961,0.00174533,-0.010653,-9.16718e-05,0.0055213,-0.225586
1679,1,0,0,0,1,1,1,5.62961,0.00698132,0.00213059,-9.23887e-05,-0.135427,-0.124072
1680,1,0,0,0,1,1,1,5.62961,0,-0.00213059,-6.9536e-05,-0.0852918,-0.101514
1681,1,0,0,0,1,1,1,5.62961,0,0.010653,-6.85935e-05,-0.225564,-0.0676758
1682,1,0,0,0,1,1,1,5.62961,0,0.0319589,-7.64385e-05,-0.460827,-0.112793
1683,1,0,0,0,1,1,1,5.62961,-0.0261799,0.0383507,-0.000133983,-0.539543,-0.0563965
1684,1,0,0,0,1,1,1,5.62961,0.00872665,-0.00213059,-0.000179279,-0.100228,-0.112793
1685,1,0,0,0,1,1,1,5.62961,0.0174533,-0.00319589,-0.000180639,-0.0886896,-0.0902344
1686,1,0,0,0,1,1,1,5.62961,-0.0122173,-0.00958767,-0.000179499,-0.0182295,-0.191748
1687,1,0,0,0,1,1,1,5.62961,0.00523599,0.00213059,-0.000195824,-0.149285,-0.214307
1688,1,0,0,0,1,1,1,5.62952,0,-0.00319589,-0.000209388,-0.0924709,-0.169189
1689,1,0,0,0,1,1,1,5.62961,0.00174533,0.00213059,-0.000179156,-0.146643,-0.101514
1690,1,0,0,0,1,1,1,5.62961,0,-0.0010653,-0.000227087,-0.118257,-0.101514
1691,1,0,0,0,1,1,1,5.62952,0.010472,-0.00319589,-0.000237003,-0.0961296,-0.0676758
1692,1,0,0,0,1,1,1,5.62952,-0.0506145,-0.00426119,-0.0002517,-0.0863513,-0.191748
1693,1,0,0,0,1,1,1,5.62961,0.0139626,0.01811,-0.000223567,-0.328141,-0.135352
1694,1,0,0,0,1,1,1,5.62961,0,-0.0010653,-0.000203848,-0.114763,-0.0902344
1695,1,0,0,0,1,1,1,5.62961,0,-0.0127836,-0.000185849,0.016406,-0.101514
1696,1,0,0,0,1,1,1,5.62961,0,0.0010653,-0.000158281,-0.131922,-0.0676758
1697,1,0,0,0,1,1,1,5.62961,0,-1.10892e-18,-0.000160528,-0.12057,-0.0338379
1698,1,0,0,0,1,1,1,5.62961,0,-0.00852238,-0.000183095,-0.0304225,-0.0676758
1699,1,0,0,0,1,1,1,5.62961,0,-0.0149142,-0.000172358,0.0415579,-0.15791
1700,1,0,0,0,1,1,1,5.62961,0,-0.0127836,-0.000199793,0.0142465,-0.0676758
1701,1,0,0,0,1,1,1,5.62961,0,-0.00426119,-0.000200202,-0.0795535,-0.169189
1702,1,0,0,0,1,1,1,5.62961,-0.00174533,0.00639178,-0.000220119,-0.199365,-0.135352
1703,1,0,0,0,1,1,1,5.62952,0,-0.00532648,-0.000237178,-0.0727162,-0.124072
1704,1,0,0,0,1,1,1,5.62952,0,-0.0266324,-0.000207219,0.166037,-0.180469
1705,1,0,0,0,1,1,1,5.62961,0.00872665,-0.00745708,-0.000238503,-0.0494545,-0.259424
1706,1,0,0,0,1,1,1,5.62952,0,-0.00639178,-0.000246238,-0.0621938,-0.124072
1707,1,0,0,0,1,1,1,5.62961,0,0.00319589,-0.000266625,-0.170349,-0.124072
1708,1,0,0,0,1,1,1,5.62952,0,-0.00319589,-0.000249009,-0.097391,-0.225586
1709,1,0,0,0,1,1,1,5.62961,0,-0.00958767,-0.000228186,-0.0243025,-0.0676758
1710,1,0,0,0,1,1,1,5.62961,0,0.00319589,-0.000230729,-0.165343,-0.15791
1711,1,0,0,0,1,1,1,5.62961,0,0.00532648,-0.000245437,-0.190989,-0.0451172
1712,1,0,0,0,1,1,1,5.62961,0,0.0127836,-0.000256865,-0.274525,-0.225586
1713,1,0,0,0,1,1,1,5.62952,-0.00872665,0.00319589,-0.000287066,-0.173047,-0.214307
1714,1,0,0,0,1,1,1,5.62952,0,0.00319589,-0.000278894,-0.171726,-0.236865
1715,1,0,0,0,1,1,1,5.62952,0,0.0245018,-0.000285694,-0.407063,-0.146631
1716,1,0,0,0,1,1,1,5.62952,0,-0.0117183,-0.000294658,-0.00998064,-0.349658
1717,1,0,0,0,1,1,1,5.62961,0.0122173,-0.00426119,-0.000298419,-0.0925182,-0.225586
1718,1,0,0,0,1,1,1,5.62952,0,0.00426119,-0.000269022,-0.182127,-0.101514
1719,1,0,0,0,1,1,1,5.62952,-0.00698132,0.0117183,-0.00027165,-0.264759,-0.124072
1720,1,0,0,0,1,1,1,5.62952,-0.0174533,0.00213059,-0.000241598,-0.154833,-0.225586
1721,1,0,0,0,1,1,1,5.62952,0,-0.00532648,-0.000213795,-0.0690221,-0.180469
1722,1,0,0,0,1,1,1,5.62952,0,-0.010653,-0.000235429,-0.0138506,-0.0676758
1723,1,0,0,0,1,1,1,5.62952,0.00872665,-0.0213059,-0.000194725,0.109122,-0.0676758
1724,1,0,0,0,1,1,1,5.62961,0,1.30461e-19,-0.000224749,-0.129584,-0.236865
1725,1,0,0,0,1,1,1,5.62952,0,-0.0138489,-0.000225888,0.022612,-0.214307
1726,1,0,0,0,1,1,1,5.62952,0,-0.00532648,-0.000245208,-0.0737762,-0.248145
1727,1,0,0,0,1,1,1,5.62952,0,0.0010653,-0.000222065,-0.14081,-0.15791
1728,1,0,0,0,1,1,1,5.62952,-0.015708,0.00319589,-0.000245077,-0.167505,-0.169189
1729,1,0,0,0,1,1,1,5.62952,0,0.00532648,-0.000268921,-0.194089,-0.191748
1730,1,0,0,0,1,1,1,5.62952,0,-0.00852238,-0.000269337,-0.0418063,-0.101514
1731,1,0,0,0,1,1,1,5.62952,0,0.00958767,-0.000278243,-0.242192,-0.0902344
1732,1,0,0,0,1,1,1,5.62952,0,0.00319589,-0.000307571,-0.175754,-0.124072
1733,1,0,0,0,1,1,1,5.62952,0,-0.0117183,-0.000314833,-0.012657,-0.101514
1734,1,0,0,0,1,1,1,5.62952,0,0.01811,-0.000308934,-0.339779,-0.0676758
1735,1,0,0,0,1,1,1,5.62952,0,0.00958767,-0.000305747,-0.245628,-0.225586
1736,1,0,0,0,1,1,1,5.62952,0,0.00745708,-0.000344108,-0.22745,-0.124072
1737,1,0,0,0,1,1,1,5.62952,0,-0.00319589,-0.000338131,-0.109463,-0.0789551
1738,1,0,0,0,1,1,1,5.62952,-0.00698132,-0.00958767,-0.0003514,-0.0409204,-0.169189
1739,1,0,0,0,1,1,1,5.62952,0,-0.0117183,-0.000332998,-0.0149349,-0.0789551
1740,1,0,0,0,1,1,1,5.62952,0,-0.00426119,-0.000372343,-0.102276,-0.112793
1741,1,0,0,0,1,1,1,5.62952,0,-9.78459e-19,-0.000372238,-0.149135,-0.191748
1742,1,0,0,0,1,1,1,5.62952,0,-0.0010653,-0.000334879,-0.132136,-0.0676758
1743,1,0,0,0,1,1,1,5.62952,0,0.0127836,-0.000322874,-0.283023,-0.101514
1744,1,0,0,0,1,1,1,5.62952,0,0.00319589,-0.000368367,-0.183779,-0.214307
1745,1,0,0,0,1,1,1,5.62952,0,-1.23938e-18,-0.000354012,-0.146564,-0.0789551
1746,1,0,0,0,1,1,1,5.62952,0,0.00319589,-0.000335704,-0.179031,-0.112793
1747,1,0,0,0,1,1,1,5.62952,0,-0.01811,-0.000322331,0.0567936,-0.191748
1748,1,0,0,0,1,1,1,5.62952,0,-0.00426119,-0.000350028,-0.0993306,-0.203027
1749,1,0,0,0,1,1,1,5.62952,0,0.00958767,-0.000332781,-0.249252,-0.0676758
1750,1,0,0,0,1,1,1,5.62952,-0.00872665,-0.0127836,-0.00033132,-0.0031151,-0.169189
1751,1,0,0,0,1,1,1,5.62952,0.00872665,-0.010653,-0.00032533,-0.0257609,-0.135352
1752,1,0,0,0,1,1,1,5.62952,0,-0.00426119,-0.000299194,-0.0925474,-0.135352
1753,1,0,0,0,1,1,1,5.62952,0,0.010653,-0.000315514,-0.25883,-0.146631
1754,1,0,0,0,1,1,1,5.62952,0,0.00852238,-0.00033797,-0.238358,-0.270703
1755,1,0,0,0,1,1,1,5.62952,0,-0.0010653,-0.000311558,-0.128645,-0.0563965
1756,1,0,0,0,1,1,1,5.62961,0,0.00745708,-0.000324372,-0.224495,-0.15791
1757,1,0,0,0,1,1,1,5.62952,0,0.00852238,-0.000341347,-0.238804,-0.124072
1758,1,0,0,0,1,1,1,5.62952,0,0.0170448,-0.000354256,-0.334254,-0.135352
1759,1,0,0,0,1,1,1,5.62952,-0.0174533,-0.0170448,-0.000373233,0.0382256,-0.180469
1760,1,0,0,0,1,1,1,5.62952,0,0.00532648,-0.000382964,-0.209143,-0.135352
1761,1,0,0,0,1,1,1,5.62952,0,-0.0010653,-0.000400734,-0.141179,-0.304541
1762,1,0,0,0,1,1,1,5.62952,0,0.00639178,-0.000435948,-0.227855,-0.225586
1763,1,0,0,0,1,1,1,5.62952,0,0.01811,-0.000427314,-0.355571,-0.124072
1764,1,0,0,0,1,1,1,5.62952,0,-0.0191753,-0.000469599,0.0489417,-0.146631
1765,1,0,0,0,1,1,1,5.62952,0.0279253,-1.04369e-18,-0.000453688,-0.159887,-0.191748
1766,1,0,0,0,1,1,1,5.62952,0,-0.00532648,-0.000470245,-0.103481,-0.270703
1767,1,0,0,0,1,1,1,5.62952,0,-0.00213059,-0.000463822,-0.137788,-0.180469
1768,1,0,0,0,1,1,1,5.62952,0,-0.0149142,-0.000459163,0.00344624,-0.135352
1769,1,0,0,0,1,1,1,5.62952,0.015708,0.00532648,-0.000513439,-0.226365,-0.203027
1770,1,0,0,0,1,1,1,5.62942,-0.0191986,0.00213059,-0.000495453,-0.1887,-0.135352
1771,1,0,0,0,1,1,1,5.62952,-0.00698132,0.00745708,-0.00052323,-0.251094,-0.304541
1772,1,0,0,0,1,1,1,5.62942,0,-0.0159795,-0.00049779,0.0100657,-0.225586
1773,1,0,0,0,1,1,1,5.62952,0,0.0234365,-0.000485883,-0.421642,-0.146631
1774,1,0,0,0,1,1,1,5.62952,0,-0.0010653,-0.000505652,-0.155028,-0.236865
1775,1,0,0,0,1,1,1,5.62942,0,-0.00213059,-0.000497011,-0.142046,-0.225586
1776,1,0,0,0,1,1,1,5.62942,0,-0.00319589,-0.000542895,-0.136507,-0.112793
1777,1,0,0,0,1,1,1,5.62942,0.0122173,0.00532648,-0.000503464,-0.224763,-0.124072
1778,1,0,0,0,1,1,1,5.62952,-0.020944,-0.00958767,-0.000486139,-0.0585696,-0.0902344
1779,1,0,0,0,1,1,1,5.62952,0.00523599,0.00319589,-0.000488713,-0.199568,-0.225586
1780,1,0,0,0,1,1,1,5.62952,0,0.0149142,-0.000533364,-0.33446,-0.236865
1781,1,0,0,0,1,1,1,5.62942,0,-0.00319589,-0.00054506,-0.136793,-0.304541
1782,1,0,0,0,1,1,1,5.62942,0,-0.00426119,-0.000537888,-0.124128,-0.248145
1783,1,0,0,0,1,1,1,5.62942,0,-0.0426119,-0.000480499,0.305798,-0.146631
1784,1,0,0,0,1,1,1,5.62952,0.0139626,-0.00426119,-0.000485948,-0.11677,-0.0338379
1785,1,0,0,0,1,1,1,5.62952,0,0.00852238,-0.000484538,-0.257408,-0.0338379
1786,1,0,0,0,1,1,1,5.62952,-0.00872665,0.0319589,-0.000517728,-0.519888,-0.214307
1787,1,0,0,0,1,1,1,5.62942,-0.010472,0.00213059,-0.000552454,-0.19636,-0.124072
1788,1,0,0,0,1,1,1,5.62942,0,0.00319589,-0.000557498,-0.208745,-0.236865
1789,1,0,0,0,1,1,1,5.62942,0,-0.00958767,-0.000560369,-0.0685043,-0.101514
1790,1,0,0,0,1,1,1,5.62942,0,0.0159795,-0.000573026,-0.351413,-0.101514
1791,1,0,0,0,1,1,1,5.62942,-0.0174533,-0.00213059,-0.000558763,-0.1502,-0.146631
1792,1,0,0,0,1,1,1,5.62942,0,0.00745708,-0.000606613,-0.261863,-0.248145
1793,1,0,0,0,1,1,1,5.62933,0.00872665,-0.00958767,-0.000593026,-0.072725,-0.180469
1794,1,0,0,0,1,1,1,5.62942,0,-1.23938e-18,-0.000632954,-0.18355,-0.169189
1795,1,0,0,0,1,1,1,5.62933,0,-0.0159795,-0.000617555,-0.00572508,-0.15791
1796,1,0,0,0,1,1,1,5.62942,0,5.21845e-19,-0.000633216,-0.183584,-0.112793
1797,1,0,0,0,1,1,1,5.62942,0,0.00852238,-0.000677767,-0.283211,-0.214307
1798,1,0,0,0,1,1,1,5.62933,0,-0.0170448,-0.000722236,-0.0078429,-0.180469
1799,1,0,0,0,1,1,1,5.62933,0.0279253,-0.00745708,-0.000711627,-0.111907,-0.236865
1800,1,0,0,0,1,1,1,5.62933,0,-4.56614e-19,-0.000690926,-0.191146,-0.191748
1801,1,0,0,0,1,1,1,5.62933,0,0.0245018,-0.000678536,-0.459087,-0.180469
1802,1,0,0,0,1,1,1,5.62933,0,0.00745708,-0.000692925,-0.273494,-0.146631
1803,1,0,0,0,1,1,1,5.62933,-0.0174533,0.00426119,-0.00070549,-0.239998,-0.293262
1804,1,0,0,0,1,1,1,5.62933,0,-0.00319589,-0.000703964,-0.157769,-0.31582
1805,1,0,0,0,1,1,1,5.62933,0,0.00639178,-0.000718113,-0.2651,-0.203027
1806,1,0,0,0,1,1,1,5.62933,0,-0.00958767,-0.000715842,-0.0890268,-0.214307
1807,1,0,0,0,1,1,1,5.62933,0,-0.0010653,-0.000699322,-0.18008,-0.31582
1808,1,0,0,0,1,1,1,5.62933,0.0471239,0.00958767,-0.000733969,-0.302348,-0.146631
1809,1,0,0,0,1,1,1,5.62933,-0.00872665,0.0149142,-0.00078055,-0.367088,-0.259424
1810,1,0,0,0,1,1,1,5.62933,0,0.010653,-0.000836237,-0.327566,-0.31582
1811,1,0,0,0,1,1,1,5.62923,0,0.00532648,-0.00084778,-0.270288,-0.304541
1812,1,0,0,0,1,1,1,5.62933,0.020944,-0.0138489,-0.000835908,-0.0580024,-0.191748
1813,1,0,0,0,1,1,1,5.62933,0.00523599,-0.00745708,-0.000812625,-0.125239,-0.0676758
1814,1,0,0,0,1,1,1,5.62923,-0.0401426,0.00958767,-0.000829538,-0.314963,-0.203027
1815,1,0,0,0,1,1,1,5.62923,0,-4.56614e-19,-0.000796543,-0.205103,-0.169189
1816,1,0,0,0,1,1,1,5.62923,0.00872665,0.0010653,-0.000822573,-0.220262,-0.203027
1817,1,0,0,0,1,1,1,5.62923,0,-0.00426119,-0.000851438,-0.165517,-0.270703
1818,1,0,0,0,1,1,1,5.62923,0,-0.0149142,-0.000864237,-0.0500235,-0.180469
1819,1,0,0,0,1,1,1,5.62923,0.0366519,0.00958767,-0.000844985,-0.316969,-0.236865
1820,1,0,0,0,1,1,1,5.62923,0,-0.0234365,-0.000822358,0.0493026,-0.146631
1821,1,0,0,0,1,1,1,5.62923,0.0244346,0.00745708,-0.00078774,-0.285429,-0.0676758
1822,1,0,0,0,1,1,1,5.62923,-0.00174533,-0.0010653,-0.000832343,-0.198151,-0.31582
1823,1,0,0,0,1,1,1,5.62913,0.00872665,5.21845e-19,-0.00079759,-0.205282,-0.203027
1824,1,0,0,0,1,1,1,5.62923,0,0.0159795,-0.000811875,-0.382942,-0.214307
1825,1,0,0,0,1,1,1,5.62913,-0.00698132,0.00319589,-0.000766644,-0.235835,-0.236865
1826,1,0,0,0,1,1,1,5.62923,0.00523599,0.00639178,-0.000772262,-0.272242,-0.281982
1827,1,0,0,0,1,1,1,5.62913,0.00349066,-0.00213059,-0.000741081,-0.174178,-0.180469
1828,1,0,0,0,1,1,1,5.62913,-0.0279253,0.00639178,-0.000726756,-0.266241,-0.169189
1829,1,0,0,0,1,1,1,5.62913,-0.00349066,-0.0117183,-0.000726659,-0.067018,-0.225586
1830,1,0,0,0,1,1,1,5.62913,0,0.00426119,-0.000723912,-0.242429,-0.191748
1831,1,0,0,0,1,1,1,5.62913,0,0.00426119,-0.000700511,-0.23934,-0.270703
1832,1,0,0,0,1,1,1,5.62913,0,0.0010653,-0.000743515,-0.209862,-0.281982
1833,1,0,0,0,1,1,1,5.62913,0,0.0010653,-0.000744612,-0.210007,-0.169189
1834,1,0,0,0,1,1,1,5.62913,0,0.00319589,-0.000730676,-0.231604,-0.0676758
1835,1,0,0,0,1,1,1,5.62913,0,0.0245018,-0.000758292,-0.469522,-0.338379
1836,1,0,0,0,1,1,1,5.62913,0,0.0202406,-0.000767907,-0.424011,-0.146631
1837,1,0,0,0,1,1,1,5.62913,-0.0226893,-0.00319589,-0.000760633,-0.165192,-0.180469
1838,1,0,0,0,1,1,1,5.62913,0.00523599,-0.0010653,-0.000750261,-0.187157,-0.225586
1839,1,0,0,0,1,1,1,5.62913,0,0.00639178,-0.000774136,-0.272496,-0.236865
1840,1,0,0,0,1,1,1,5.62913,0,0.00426119,-0.000748658,-0.245696,-0.124072
1841,1,0,0,0,1,1,1,5.62913,-0.00872665,-0.0010653,-0.000772127,-0.190203,-0.135352
1842,1,0,0,0,1,1,1,5.62913,-0.010472,0.0127836,-0.000801983,-0.346481,-0.281982
1843,1,0,0,0,1,1,1,5.62904,0,0.00532648,-0.000774638,-0.260844,-0.270703
1844,1,0,0,0,1,1,1,5.62904,0,0.00319589,-0.000760994,-0.235606,-0.135352
1845,1,0,0,0,1,1,1,5.62904,-0.00872665,-0.00319589,-0.000760536,-0.16508,-0.417334
1846,1,0,0,0,1,1,1,5.62904,0.0244346,-0.00319589,-0.000748255,-0.163615,-0.248145
1847,1,0,0,0,1,1,1,5.62904,0,-0.0127836,-0.000763297,-0.0601359,-0.203027
1848,1,0,0,0,1,1,1,5.62904,0,0.00958767,-0.00076318,-0.306204,-0.236865
1849,1,0,0,0,1,1,1,5.62904,0,0.0191753,-0.000802818,-0.416901,-0.191748
1850,1,0,0,0,1,1,1,5.62894,-0.010472,0.00532648,-0.000766958,-0.25983,-0.101514
1851,1,0,0,0,1,1,1,5.62894,-0.0279253,0.0149142,-0.000798343,-0.369437,-0.293262
1852,1,0,0,0,1,1,1,5.62894,0,-0.00213059,-0.000797195,-0.181793,-0.270703
1853,1,0,0,0,1,1,1,5.62894,0,-0.0138489,-0.000728265,-0.0433197,-0.0563965
1854,1,0,0,0,1,1,1,5.62894,0,-0.0213059,-0.000714469,0.0400554,-0.191748
1855,1,0,0,0,1,1,1,5.62894,0.00698132,0.00745708,-0.000730136,-0.278406,-0.169189
1856,1,0,0,0,1,1,1,5.62894,-0.00523599,-0.0117183,-0.000736644,-0.0683361,-0.281982
1857,1,0,0,0,1,1,1,5.62894,0.00872665,-0.0138489,-0.00069825,-0.039599,-0.15791
1858,1,0,0,0,1,1,1,5.62894,0,0.00426119,-0.00068173,-0.236714,-0.146631
1859,1,0,0,0,1,1,1,5.62894,0,0.00852238,-0.000717719,-0.288485,-0.203027
1860,1,0,0,0,1,1,1,5.62894,0,-0.00745708,-0.000728215,-0.114097,-0.169189
1861,1,0,0,0,1,1,1,5.62894,0,-0.0191753,-0.000705589,0.017791,-0.101514
1862,1,0,0,0,1,1,1,5.62894,0,-0.0010653,-0.000687652,-0.179052,-0.0676758
1863,1,0,0,0,1,1,1,5.62894,0,0.00532648,-0.000724678,-0.254249,-0.169189
1864,1,0,0,0,1,1,1,5.62894,-0.00523599,-0.00745708,-0.00077004,-0.119617,-0.281982
1865,1,0,0,0,1,1,1,5.62885,0.0401426,0.0149142,-0.00079778,-0.369363,-0.259424
1866,1,0,0,0,1,1,1,5.62885,0,0.00745708,-0.000766744,-0.283132,-0.191748
1867,1,0,0,0,1,1,1,5.62885,0,0.0127836,-0.000772052,-0.34253,-0.101514
1868,1,0,0,0,1,1,1,5.62885,-0.0174533,-0.00213059,-0.00076256,-0.177022,-0.146631
1869,1,0,0,0,1,1,1,5.62885,-0.00349066,-0.0372854,-0.000740569,0.212539,-0.259424
1870,1,0,0,0,1,1,1,5.62885,0.0296706,0.00745708,-0.000707025,-0.274723,-0.112793
1871,1,0,0,0,1,1,1,5.62885,-0.0139626,0.00426119,-0.000724915,-0.242562,-0.270703
1872,1,0,0,0,1,1,1,5.62885,0.0279253,0.0170448,-0.000699405,-0.379502,-0.0902344
1873,1,0,0,0,1,1,1,5.62875,-0.0174533,0.0010653,-0.000706586,-0.204988,-0.101514
1874,1,0,0,0,1,1,1,5.62885,0,0.0010653,-0.000722175,-0.207045,-0.146631
1875,1,0,0,0,1,1,1,5.62885,0,0.00532648,-0.000733133,-0.255365,-0.349658
1876,1,0,0,0,1,1,1,5.62885,0,-0.0138489,-0.000718381,-0.0424132,-0.203027
1877,1,0,0,0,1,1,1,5.62885,0.00349066,-0.00532648,-0.000735932,-0.138552,-0.270703
1878,1,0,0,0,1,1,1,5.62875,0,0.0170448,-0.000759236,-0.387711,-0.225586
1879,1,0,0,0,1,1,1,5.62875,-0.015708,0.00639178,-0.000723012,-0.265425,-0.101514
1880,1,0,0,0,1,1,1,5.62885,0.00174533,0.0010653,-0.000751923,-0.210972,-0.124072
1881,1,0,0,0,1,1,1,5.62875,0,0.00426119,-0.000727537,-0.242908,-0.203027
1882,1,0,0,0,1,1,1,5.62875,0,0.00852238,-0.000715219,-0.288155,-0.124072
1883,1,0,0,0,1,1,1,5.62875,0,0.00852238,-0.000684437,-0.283774,-0.0676758
1884,1,0,0,0,1,1,1,5.62885,0,0.00426119,-0.000689317,-0.237863,-0.0902344
1885,1,0,0,0,1,1,1,5.62875,-0.00523599,0.0117183,-0.000709077,-0.322499,-0.236865
1886,1,0,0,0,1,1,1,5.62875,0,0.00639178,-0.000731397,-0.266854,-0.259424
1887,1,0,0,0,1,1,1,5.62875,0,-0.0010653,-0.000750381,-0.187332,-0.281982
1888,1,0,0,0,1,1,1,5.62875,0,-0.00958767,-0.000735149,-0.0915753,-0.236865
1889,1,0,0,0,1,1,1,5.62875,0,0.01811,-0.000749809,-0.398185,-0.191748
1890,1,0,0,0,1,1,1,5.62875,0,-0.01811,-0.000772004,-0.00254325,-0.31582
1891,1,0,0,0,1,1,1,5.62875,0.0226893,-0.00639178,-0.000783482,-0.13311,-0.259424
1892,1,0,0,0,1,1,1,5.62865,-0.00523599,0.0191753,-0.000793168,-0.415627,-0.383496
1893,1,0,0,0,1,1,1,5.62865,-0.0349066,0.00532648,-0.000779292,-0.261134,-0.349658
1894,1,0,0,0,1,1,1,5.62875,0.0383972,-0.00852238,-0.000753479,-0.105713,-0.0676758
1895,1,0,0,0,1,1,1,5.62865,0,0.0127836,-0.000771046,-0.342397,-0.304541
1896,1,0,0,0,1,1,1,5.62865,0,0.00958767,-0.000773044,-0.307443,-0.349658
1897,1,0,0,0,1,1,1,5.62865,-0.00349066,0.010653,-0.000781907,-0.320364,-0.236865
1898,1,0,0,0,1,1,1,5.62865,0,0.0170448,-0.000793261,-0.392203,-0.124072
1899,1,0,0,0,1,1,1,5.62856,-0.0139626,0.0149142,-0.00078932,-0.368246,-0.146631
1900,1,0,0,0,1,1,1,5.62865,0,0.0234365,-0.000841159,-0.468835,-0.462451
1901,1,0,0,0,1,1,1,5.62856,0,0.00319589,-0.000843641,-0.246441,-0.124072
1902,1,0,0,0,1,1,1,5.62865,0.00523599,0.00639178,-0.000843229,-0.281616,-0.0902344
1903,1,0,0,0,1,1,1,5.62856,0,0.010653,-0.000834985,-0.327401,-0.146631
1904,1,0,0,0,1,1,1,5.62846,-0.0453786,-0.0191753,-0.00084456,-0.000553097,-0.383496
1905,1,0,0,0,1,1,1,5.62856,0.0296706,1.82646e-18,-0.000872665,-0.215192,-0.259424
1906,1,0,0,0,1,1,1,5.62837,-0.0139626,0.0117183,-0.000819246,-0.336325,-0.169189
1907,1,0,0,0,1,1,1,5.62846,-0.0488692,0.00532648,-0.000792699,-0.263228,-0.203027
1908,1,0,0,0,1,1,1,5.62846,0.00872665,-0.00426119,-0.000784499,-0.156681,-0.281982
1909,1,0,0,0,1,1,1,5.62846,0,9.78459e-19,-0.000734462,-0.196731,-0.101514
1910,1,0,0,0,1,1,1,5.62846,0,-0.00213059,-0.000749952,-0.175557,-0.0902344
1911,1,0,0,0,1,1,1,5.62837,0,0.0117183,-0.000751689,-0.328124,-0.0676758
1912,1,0,0,0,1,1,1,5.62837,-0.0349066,0.00213059,-0.000746097,-0.221921,-0.180469
1913,1,0,0,0,1,1,1,5.62846,0,0.010653,-0.000748698,-0.316011,-0.0676758
1914,1,0,0,0,1,1,1,5.62837,-0.00872665,0.0127836,-0.000744162,-0.338849,-0.101514
1915,1,0,0,0,1,1,1,5.62837,-0.0244346,0.0149142,-0.000776166,-0.36651,-0.270703
1916,1,0,0,0,1,1,1,5.62837,0.0244346,0.01811,-0.000760716,-0.399613,-0.191748
1917,1,0,0,0,1,1,1,5.62837,-0.00174533,-0.010653,-0.000736026,-0.0799727,-0.15791
1918,1,0,0,0,1,1,1,5.62837,0,-0.00426119,-0.00070177,-0.145718,-0.0676758
1919,1,0,0,0,1,1,1,5.62837,0,0.0159795,-0.000757404,-0.375751,-0.15791
1920,1,0,0,0,1,1,1,5.62837,-0.0174533,0.0127836,-0.000722575,-0.33585,-0.15791
1921,1,0,0,0,1,1,1,5.62837,-0.0314159,0.0010653,-0.000712413,-0.205464,-0.101514
1922,1,0,0,0,1,1,1,5.62837,0.00523599,-0.010653,-0.000696456,-0.0747495,-0.0902344
1923,1,0,0,0,1,1,1,5.62837,0.00523599,0.00745708,-0.000681411,-0.271974,-0.0789551
1924,1,0,0,0,1,1,1,5.62837,0,0.0138489,-0.000681623,-0.342006,-0.270703
1925,1,0,0,0,1,1,1,5.62837,0,0.00319589,-0.000714225,-0.229432,-0.203027
1926,1,0,0,0,1,1,1,5.62837,0,-0.0298283,-0.000705592,0.135033,-0.304541
1927,1,0,0,0,1,1,1,5.62837,0.0174533,0.0127836,-0.000712202,-0.33463,-0.180469
1928,1,0,0,0,1,1,1,5.62837,0,-0.0149142,-0.000729213,-0.0322004,-0.15791
1929,1,0,0,0,1,1,1,5.62837,0,-0.00319589,-0.000733891,-0.161719,-0.15791
1930,1,0,0,0,1,1,1,5.62827,-0.010472,-0.00852238,-0.000736698,-0.103498,-0.146631
1931,1,0,0,0,1,1,1,5.62827,0,0.0159795,-0.000767627,-0.377101,-0.214307
1932,1,0,0,0,1,1,1,5.62827,-0.00872665,0.00426119,-0.000777177,-0.24946,-0.180469
1933,1,0,0,0,1,1,1,5.62827,0,0.00532648,-0.000783742,-0.262045,-0.236865
1934,1,0,0,0,1,1,1,5.62827,0,0.0330242,-0.000810864,-0.5703,-0.236865
1935,1,0,0,0,1,1,1,5.62818,-0.0331613,-0.00745708,-0.000797366,-0.123224,-0.225586
1936,1,0,0,0,1,1,1,5.62827,0,-0.00213059,-0.000784428,-0.180085,-0.124072
1937,1,0,0,0,1,1,1,5.62827,0,0.0010653,-0.000802774,-0.217684,-0.169189
1938,1,0,0,0,1,1,1,5.62827,-0.00872665,-0.00745708,-0.000780494,-0.120997,-0.203027
1939,1,0,0,0,1,1,1,5.62827,0,0.00319589,-0.000777132,-0.237736,-0.146631
1940,1,0,0,0,1,1,1,5.62818,-0.0226893,0.00852238,-0.000773934,-0.295875,-0.383496
1941,1,0,0,0,1,1,1,5.62818,0,-0.00532648,-0.000776181,-0.143865,-0.281982
1942,1,0,0,0,1,1,1,5.62818,0,-0.00852238,-0.000758789,-0.106405,-0.225586
1943,1,0,0,0,1,1,1,5.62818,0,-0.0010653,-0.000762722,-0.188961,-0.169189
1944,1,0,0,0,1,1,1,5.62818,-0.00523599,-0.00319589,-0.000747491,-0.163482,-0.146631
1945,1,0,0,0,1,1,1,5.62818,0,0.00213059,-0.000786452,-0.227248,-0.338379
1946,1,7.94572e-09,2.38436e-05,0.0476522,1,1,1,5.62818,-0.0174533,-0.0202406,-0.000748503,0.0310273,-0.281982
1947,1,1.69583e-06,0.000842988,0.277651,1,1,1,5.62818,0.0296706,-0.00958767,-0.000716992,-0.0391132,-0.112793
1948,1,1.02938e-05,0.00277658,0.493574,1,1,1,5.62818,0,-0.00319589,-0.000694886,-0.0524493,-0.259424
1949,1,3.12075e-05,0.00575614,0.695792,1,1,1,5.62818,0,0.0138489,-0.000681676,-0.172877,-0.146631
1950,1,6.94778e-05,0.0097117,0.884469,1,1,1,5.62818,0,-0.0127836,-0.000676196,0.196213,-0.15791
1951,1,0.000129842,0.0145786,1.06,1,1,1,5.62818,0.0122173,-0.0010653,-0.00065977,0.15424,0
1952,1,0.000216685,0.020291,1.22263,1,1,1,5.62818,0,0.0138489,-0.000575238,0.0957818,0.0563965
1953,1,0.00033407,0.0267848,1.37264,1,1,1,5.62827,0.00349066,0.0319589,-0.000437094,0.0181538,0.15791
1954,1,0.000485728,0.0339968,1.5103,1,1,1,5.62827,0.015708,0.00639178,-0.00034282,0.421074,0.15791
1955,1,0.000675138,0.0418678,1.63594,1,1,1,5.62837,0.015708,0.0202406,-0.000174898,0.408568,0.101514
1956,1,0.000905348,0.0503348,1.7498,1,1,1,5.62846,0.0331613,0.00426119,1.14603e-06,0.730995,0.406055
1957,1,0.00117938,0.0593462,1.85224,1,1,1,5.62865,0.0645772,0.028763,0.000227634,0.621787,0.710596
1958,1,0.00149965,0.0688398,1.94348,1,1,1,5.62885,0.0261799,0.0319589,0.0004124,0.744848,0.812109
1959,1,0.00186852,0.0787634,2.02385,1,1,1,5.62894,0.0436332,0.0426119,0.000632732,0.795135,0.812109
1960,1,0.00228793,0.0890613,2.09361,1,1,1,5.62923,0.0977384,0.0372854,0.000866291,1.02668,0.902344
1961,1,0.00275968,0.0996824,2.15307,1,1,1,5.62961,0.0750492,0.0553954,0.00107501,1.00005,1.10537
1962,1,0.00328514,0.110574,2.20249,1,1,1,5.62981,0.00174533,0.0841585,0.00129736,0.859336,0.744434
1963,1,0.00386577,0.121691,2.24219,1,1,1,5.63028,0.118682,0.0798973,0.00149914,1.08065,1.07153
1964,1,0.00450233,0.13298,2.27243,1,1,1,5.63076,0.0890118,0.078832,0.00173456,1.27282,1.15049
1965,1,0.00519583,0.1444,2.29353,1,1,1,5.63144,0.120428,0.0894849,0.0019518,1.33396,1.11665
1966,1,0.00594649,0.155901,2.30574,1,1,1,5.63182,0.0942478,0.139554,0.00201926,0.940917,0.992578
1967,1,0.0067549,0.167443,2.30938,1,1,1,5.63259,0.151844,0.12464,0.00220755,1.27816,1.13921
1968,1,0.00762094,0.178981,2.30472,1,1,1,5.63335,0.205949,0.156599,0.00237385,1.09642,1.28584
1969,1,0.00854452,0.190476,2.29206,1,1,1,5.63422,0.106465,0.191753,0.00249004,0.870088,1.15049
1970,1,0.0095255,0.201888,2.27168,1,1,1,5.63498,0.200713,0.191753,0.00254508,1.01882,0.834668
1971,1,0.0105633,0.213181,2.24387,1,1,1,5.63613,0.240855,0.191753,0.00263981,1.17101,1.15049
1972,1,0.0116571,0.224316,2.20891,1,1,1,5.63709,0.21293,0.213059,0.00269024,1.07966,1.17305
1973,1,0.0128062,0.235259,2.1671,1,1,1,5.63824,0.197222,0.235431,0.0026845,0.964664,0.981299
1974,1,0.0140093,0.245976,2.11873,1,1,1,5.63911,0.218166,0.240757,0.00267549,1.03287,0.947461
1975,1,0.0152654,0.256435,2.06407,1,1,1,5.64073,0.296706,0.241822,0.00270384,1.14952,1.06025
1976,1,0.0165732,0.266607,2.00342,1,1,1,5.64179,0.237365,0.284434,0.00268588,0.798171,1.09409
1977,1,0.0179309,0.27646,1.93708,1,1,1,5.64323,0.256563,0.279108,0.00265353,0.966313,0.936182
1978,1,0.0193373,0.285969,1.86531,1,1,1,5.64467,0.322886,0.288695,0.00263574,0.968347,0.755713
1979,1,0.0207901,0.295105,1.78843,1,1,1,5.64649,0.272271,0.296153,0.00258713,0.983658,0.902344
1980,1,0.0222877,0.303845,1.7067,1,1,1,5.64745,0.253073,0.337699,0.00251075,0.614454,0.902344
1981,1,0.0238278,0.312164,1.62042,1,1,1,5.64946,0.282743,0.32172,0.00242681,0.870121,0.755713
1982,1,0.0254087,0.320042,1.52987,1,1,1,5.6508,0.375246,0.333438,0.00237499,0.820174,0.924902
1983,1,0.0270276,0.327457,1.43536,1,1,1,5.65282,0.296706,0.353679,0.00229691,0.666177,0.80083
1984,1,0.028682,0.334388,1.33718,1,1,1,5.65406,0.315905,0.355809,0.00221202,0.703347,0.654199
1985,1,0.0303706,0.340823,1.23556,1,1,1,5.65598,0.380482,0.331307,0.00216056,1.03183,0.834668
1986,1,0.0320896,0.34674,1.13086,1,1,1,5.65751,0.354302,0.33983,0.00220959,1.00561,1.10537
1987,1,0.0338372,0.352127,1.02331,1,1,1,5.65943,0.352557,0.338764,0.00224276,1.07596,1.06025
1988,1,0.0356097,0.356968,0.913275,1,1,1,5.66106,0.380482,0.356874,0.00229486,0.931326,1.07153
1989,1,0.0374059,0.361255,0.800935,1,1,1,5.66288,0.322886,0.349417,0.00231639,1.05596,0.981299
1990,1,0.0392213,0.364974,0.686688,1,1,1,5.66442,0.361283,0.362201,0.00233022,0.94992,0.913623
1991,1,0.0410546,0.368119,0.570723,1,1,1,5.66662,0.37001,0.367527,0.00236644,0.921755,1.12793
1992,1,0.0429018,0.37068,0.453406,1,1,1,5.66806,0.342085,0.337699,0.00240827,1.27347,1.06025
1993,1,0.0447605,0.372651,0.334976,1,1,1,5.67026,0.397935,0.336634,0.00247677,1.30545,0.936182
1994,1,0.0466274,0.374028,0.215751,1,1,1,5.67161,0.347321,0.368593,0.0025024,0.961122,0.947461
1995,1,0.0484996,0.374808,0.0960194,1,1,1,5.67391,0.359538,0.368593,0.00254045,0.962135,0.845947
1996,1,0.0503743,0.374988,-0.0239583,1,1,1,5.67525,0.364774,0.372854,0.00257328,0.90807,0.879785
1997,1,0.0522486,0.374568,-0.143881,1,1,1,5.67736,0.326377,0.382442,0.00254658,0.77947,0.699316
1998,1,0.0541194,0.37355,-0.263469,1,1,1,5.6788,0.403171,0.382442,0.00252189,0.749277,0.823389
1999,1,0.0559828,0.371935,-0.382371,1,1,1,5.6811,0.331613,0.380311,0.00255507,0.744062,0.95874
2000,1,0.0578376,0.369727,-0.500415,1,1,1,5.68254,0.352557,0.386703,0.00251834,0.627104,0.744434
2001,1,0.0596794,0.366933,-0.617219,1,1,1,5.68445,0.34383,0.340895,0.00255656,1.08789,0.823389
2002,1,0.0615061,0.363557,-0.73254,1,1,1,5.68618,0.434587,0.351548,0.00262017,0.925662,0.902344
2003,1,0.0633142,0.35961,-0.846064,1,1,1,5.68829,0.307178,0.346222,0.0026189,0.922177,0.857227
2004,1,0.0651012,0.3551,-0.957512,1,1,1,5.68953,0.363028,0.359005,0.00262791,0.714683,1.02642
2005,1,0.0668639,0.35004,-1.06658,1,1,1,5.69174,0.282743,0.353679,0.0025568,0.687596,0.789551
2006,1,0.0686007,0.344439,-1.17304,1,1,1,5.69299,0.338594,0.349417,0.00252962,0.649134,0.654199
2007,1,0.0703074,0.338315,-1.27652,1,1,1,5.69519,0.347321,0.348352,0.00246075,0.563467,0.665479
2008,1,0.0719829,0.331679,-1.37681,1,1,1,5.69653,0.350811,0.350483,0.00238522,0.435403,0.609082
2009,1,0.0736237,0.324551,-1.47358,1,1,1,5.69855,0.29147,0.346222,0.00230434,0.371086,0.428613
2010,1,0.0752277,0.316949,-1.56655,1,1,1,5.6997,0.305433,0.34196,0.00222919,0.302165,0.281982
2011,1,0.0767925,0.308892,-1.65542,1,1,1,5.70152,0.286234,0.298283,0.00216319,0.662579,0.31582
2012,1,0.0783159,0.300402,-1.73991,1,1,1,5.70267,0.282743,0.297218,0.00213675,0.556008,0.3271
2013,1,0.0797958,0.291501,-1.81974,1,1,1,5.70459,0.34383,0.2855,0.00213677,0.566531,0.394775
2014,1,0.0812303,0.282213,-1.89462,1,1,1,5.70583,0.308923,0.296153,0.00206712,0.316796,0.507568
2015,1,0.0826174,0.272564,-1.96425,1,1,1,5.70718,0.207694,0.262063,0.00204952,0.562467,0.428613
2016,1,0.0839553,0.26258,-2.02835,1,1,1,5.70823,0.277507,0.26739,0.0020396,0.371226,0.360938
2017,1,0.0852423,0.252293,-2.08662,1,1,1,5.70957,0.21293,0.248214,0.0020966,0.45484,0.406055
2018,1,0.0864776,0.241725,-2.13881,1,1,1,5.71063,0.294961,0.210929,0.00216212,0.736185,0.563965
2019,1,0.0876593,0.230913,-2.1846,1,1,1,5.71207,0.233874,0.216255,0.00224389,0.548858,0.620361
2020,1,0.0887865,0.219889,-2.22371,1,1,1,5.71283,0.162316,0.211994,0.00228711,0.460259,0.518848
2021,1,0.0898579,0.208688,-2.25585,1,1,1,5.71379,0.204204,0.199211,0.00235597,0.467584,0.417334
2022,1,0.0908731,0.197343,-2.28073,1,1,1,5.71475,0.247837,0.182166,0.00243563,0.522467,0.699316
2023,1,0.0918311,0.185894,-2.29806,1,1,1,5.71571,0.129154,0.169382,0.00254891,0.534713,0.688037
2024,1,0.0927318,0.174377,-2.30756,1,1,1,5.71638,0.153589,0.16086,0.00258288,0.489877,0.518848
2025,1,0.0935748,0.162833,-2.30894,1,1,1,5.71715,0.164061,0.145946,0.00263495,0.51856,0.552686
2026,1,0.0943603,0.151299,-2.30191,1,1,1,5.71782,0.144862,0.123574,0.00274479,0.638244,0.563965
2027,1,0.0950881,0.139826,-2.28618,1,1,1,5.71858,0.137881,0.121444,0.00283796,0.535035,0.575244
2028,1,0.0957587,0.128453,-2.26147,1,1,1,5.71897,0.10472,0.0990726,0.00291145,0.654398,0.620361
2029,1,0.0963728,0.117227,-2.22748,1,1,1,5.71954,0.13439,0.111856,0.00300082,0.392268,0.530127
2030,1,0.0969313,0.106194,-2.18393,1,1,1,5.72002,0.0959931,0.0639178,0.00311257,0.804761,0.665479
2031,1,0.0974352,0.095403,-2.13053,1,1,1,5.72041,0.106465,0.0820279,0.0032109,0.493328,0.530127
2032,1,0.0978857,0.0849081,-2.06701,1,1,1,5.72079,0.0715585,0.0596566,0.00332052,0.633763,0.552686
2033,1,0.0982848,0.0747515,-1.99304,1,1,1,5.72108,0.0733038,0.0490037,0.00341061,0.648359,0.47373
2034,1,0.098634,0.0649933,-1.90836,1,1,1,5.72136,0.0715585,0.0745708,0.00344977,0.26423,0.439893
2035,1,0.0989355,0.0556867,-1.81269,1,1,1,5.72146,0.020944,0.0521996,0.00351646,0.418172,0.597803
2036,1,0.0991917,0.0468854,-1.70572,1,1,1,5.72165,0.0331613,0.0362201,0.00359882,0.511691,0.541406
2037,1,0.0994052,0.0386492,-1.58719,1,1,1,5.72184,0.0174533,0.0308936,0.00366377,0.494328,0.428613
2038,1,0.0995792,0.0310332,-1.45676,1,1,1,5.72194,0.0488692,0.0223712,0.00373087,0.521715,0.541406
2039,1,0.0997167,0.0241013,-1.31421,1,1,1,5.72204,0.00698132,0.00213059,0.00380368,0.688892,0.654199
2040,1,0.0998214,0.0179119,-1.1592,1,1,1,5.72213,0,-0.00426119,0.00383894,0.709679,0.507568
2041,1,0.0998972,0.0125309,-0.991496,1,1,1,5.72213,0.0349066,0.00532648,0.00389748,0.569508,0.518848
2042,1,0.0999482,0.00801923,-0.81072,1,1,1,5.72213,0,-0.00532648,0.00394202,0.662686,0.541406
2043,1,0.099979,0.0044449,-0.616647,1,1,1,5.72213,0.00872665,0.00426119,0.0039895,0.547021,0.586523
2044,1,0.0999943,0.00187525,-0.409015,1,1,1,5.72223,0.0349066,0.00319589,0.00400986,0.559243,0.710596
2045,1,0.0999995,0.000378136,-0.187479,1,1,1,5.72213,0,-0.00639178,0.00400893,0.677567,0.394775
2046,1,0.1,0,0,1,1,1,5.72223,0.0296706,-0.0010653,0.00399095,0.638524,0.631641
2047,1,0.1,0,0,1,1,1,5.72223,0,0.0298283,0.00397419,0.296481,0.620361
2048,1,0.1,0,0,1,1,1,5.72223,0,0.010653,0.00396748,0.506524,0.597803
2049,1,0.1,0,0,1,1,1,5.72223,0,0.0234365,0.00393421,0.361514,0.597803
2050,1,0.1,0,0,1,1,1,5.72223,0.00872665,-0.00426119,0.00393831,0.66673,0.563965
2051,1,0.1,0,0,1,1,1,5.72223,0.0122173,-0.00958767,0.00392775,0.723928,0.665479
2052,1,0.1,0,0,1,1,1,5.72223,0,0.00319589,0.00391159,0.581176,0.597803
2053,1,0.1,0,0,1,1,1,5.72223,0,0.00319589,0.00389046,0.578386,0.47373
2054,1,0.1,0,0,1,1,1,5.72223,0,0.0127836,0.00390178,0.474416,0.47373
2055,1,0.1,0,0,1,1,1,5.72223,-0.0139626,-0.00319589,0.00393696,0.654833,0.699316
2056,1,0.1,0,0,1,1,1,5.72223,0.010472,-2.02215e-18,0.00392572,0.618196,0.552686
2057,1,0.1,0,0,1,1,1,5.72223,0,0.00426119,0.00388446,0.565876,0.462451
2058,1,0.1,0,0,1,1,1,5.72223,0,-0.00532648,0.00387366,0.669915,0.575244
2059,1,0.1,0,0,1,1,1,5.72223,0,0.00319589,0.0038319,0.570656,0.496289
2060,1,0.1,0,0,1,1,1,5.72223,0,-8.47998e-19,0.00382862,0.605378,0.563965
2061,1,0.1,0,0,1,1,1,5.72223,0,0.0298283,0.00378007,0.270858,0.597803
2062,1,0.1,0,0,1,1,1,5.72223,-0.0366519,0.00319589,0.00376447,0.561755,0.518848
2063,1,0.1,0,0,1,1,1,5.72223,0,-0.0266324,0.00378251,0.892248,0.563965
2064,1,0.1,0,0,1,1,1,5.72223,0,0.00426119,0.00376099,0.549577,0.597803
2065,1,0.1,0,0,1,1,1,5.72223,0,0.0223712,0.00376393,0.350755,0.654199
2066,1,0.1,0,0,1,1,1,5.72223,-0.00523599,0.0223712,0.00373118,0.346432,0.47373
2067,1,0.1,0,0,1,1,1,5.72223,-0.0139626,0.00213059,0.00371649,0.56714,0.496289
2068,1,0.1,0,0,1,1,1,5.72223,0.0244346,-0.00532648,0.00371678,0.649207,0.530127
2069,1,0.1,0,0,1,1,1,5.72223,0,-0.010653,0.00367353,0.702089,0.552686
2070,1,0.1,0,0,1,1,1,5.72223,-0.00698132,0.0159795,0.00367277,0.409032,0.699316
2071,1,0.1,0,0,1,1,1,5.72223,-0.0401426,0.00745708,0.00365115,0.499924,0.586523
2072,1,0.1,0,0,1,1,1,5.72232,0.0366519,0.0117183,0.00365192,0.453153,0.710596
2073,1,0.1,0,0,1,1,1,5.72223,-0.0122173,0.0149142,0.00367745,0.421368,0.665479
2074,1,0.1,0,0,1,1,1,5.72232,0,0.00958767,0.00363282,0.474068,0.48501
2075,1,0.1,0,0,1,1,1,5.72223,0.0139626,-0.01811,0.00361746,0.776715,0.575244
2076,1,0.1,0,0,1,1,1,5.72223,0,0.0202406,0.00359709,0.352168,0.518848
2077,1,0.1,0,0,1,1,1,5.72223,-0.015708,-0.00639178,0.00361214,0.647113,0.563965
2078,1,0.1,0,0,1,1,1,5.72232,0.020944,0.00426119,0.00359421,0.527563,0.518848
2079,1,0.1,0,0,1,1,1,5.72223,0,0.0159795,0.00358584,0.397557,0.631641
2080,1,0.1,0,0,1,1,1,5.72223,0,-0.00213059,0.00355992,0.593346,0.586523
2081,1,0.1,0,0,1,1,1,5.72223,0,0.00639178,0.00357428,0.501495,0.631641
2082,1,0.1,0,0,1,1,1,5.72232,-0.010472,-8.47998e-19,0.00351455,0.563921,0.462451
2083,1,0.1,0,0,1,1,1,5.72223,0.0349066,0.010653,0.00352033,0.447502,0.575244
2084,1,0.1,0,0,1,1,1,5.72232,0,-0.00745708,0.00349627,0.643536,0.48501
2085,1,0.1,0,0,1,1,1,5.72232,0.00872665,-0.00532648,0.00346813,0.616384,0.496289
2086,1,0.1,0,0,1,1,1,5.72223,-0.00349066,0.00213059,0.00348938,0.537162,0.597803
2087,1,0.1,0,0,1,1,1,5.72223,-0.0349066,-0.00852238,0.00349048,0.65449,0.47373
2088,1,0.1,0,0,1,1,1,5.72223,0.00872665,0.0223712,0.00347014,0.311975,0.518848
2089,1,0.1,0,0,1,1,1,5.72223,-0.015708,-0.00639178,0.00342865,0.622892,0.47373
2090,1,0.1,0,0,1,1,1,5.72223,0.0174533,-0.0159795,0.00344291,0.730238,0.47373
2091,1,0.1,0,0,1,1,1,5.72232,0.0244346,-0.00745708,0.00344261,0.636452,0.518848
2092,1,0.1,0,0,1,1,1,5.72232,0,0.00958767,0.0033922,0.442307,0.563965
2093,1,0.1,0,0,1,1,1,5.72223,0,0.00639178,0.00337421,0.475087,0.620361
2094,1,0.1,0,0,1,1,1,5.72232,0,-0.0223712,0.0033695,0.790857,0.609082
2095,1,0.1,0,0,1,1,1,5.72232,0.0558505,0.0117183,0.00340364,0.42038,0.733154
2096,1,0.1,0,0,1,1,1,5.72232,-0.0488692,0.0010653,0.00338292,0.534827,0.563965
2097,1,0.1,0,0,1,1,1,5.72232,0.0174533,0.0159795,0.00333231,0.364091,0.541406
2098,1,0.1,0,0,1,1,1,5.72223,-0.0174533,-0.00532648,0.00332848,0.597951,0.496289
2099,1,0.1,0,0,1,1,1,5.72232,0,0.00852238,0.00333794,0.446862,0.631641
2100,1,0.1,0,0,1,1,1,5.72232,0,-0.00639178,0.00333523,0.61056,0.609082
2101,1,0.1,0,0,1,1,1,5.72232,0,0.00213059,0.00331521,0.514171,0.496289
2102,1,0.1,0,0,1,1,1,5.72232,0,-0.00213059,0.00332413,0.562221,0.609082
2103,1,0.1,0,0,1,1,1,5.72223,0,-0.00958767,0.00328902,0.639616,0.48501
2104,1,0.1,0,0,1,1,1,5.72232,0,0.00426119,0.00327902,0.485958,0.530127
2105,1,0.1,0,0,1,1,1,5.72232,0,0.00639178,0.00330455,0.465891,0.597803
2106,1,0.1,0,0,1,1,1,5.72232,-0.010472,-0.00213059,0.00333636,0.563836,0.688037
2107,1,0.1,0,0,1,1,1,5.72232,0,0.00639178,0.0032859,0.463429,0.586523
2108,1,0.1,0,0,1,1,1,5.72232,-0.0174533,0.00213059,0.00329347,0.511302,0.563965
2109,1,0.1,0,0,1,1,1,5.72232,-0.015708,0.00426119,0.00327517,0.48545,0.47373
2110,1,0.1,0,0,1,1,1,5.72232,0,-0.00852238,0.00326785,0.625102,0.462451
2111,1,0.1,0,0,1,1,1,5.72232,0.0191986,-0.00532648,0.00327391,0.590747,0.518848
2112,1,0.1,0,0,1,1,1,5.72232,0,0.0127836,0.00326163,0.389915,0.563965
2113,1,0.1,0,0,1,1,1,5.72223,0,0.0202406,0.00322957,0.303656,0.575244
2114,1,0.1,0,0,1,1,1,5.72232,0,-0.0223712,0.0032596,0.77635,0.462451
2115,1,0.1,0,0,1,1,1,5.72232,0.00349066,-0.0138489,0.00326028,0.682694,0.349658
2116,1,0.1,0,0,1,1,1,5.72232,0.0139626,-0.00745708,0.0032864,0.615832,0.563965
2117,1,0.1,0,0,1,1,1,5.72232,-0.00698132,0.0308936,0.0032545,0.189765,0.541406
2118,1,0.1,0,0,1,1,1,5.72232,-0.015708,-0.0127836,0.00329513,0.675576,0.48501
2119,1,0.1,0,0,1,1,1,5.72232,0,0.00852238,0.00325095,0.435379,0.383496
2120,1,0.1,0,0,1,1,1,5.72232,0.0279253,0.00745708,0.00322962,0.444281,0.496289
2121,1,0.1,0,0,1,1,1,5.72232,-0.0261799,-0.00426119,0.00321716,0.571538,0.406055
2122,1,0.1,0,0,1,1,1,5.72232,0.015708,0.00639178,0.00322735,0.455701,0.439893
2123,1,0.1,0,0,1,1,1,5.72232,-0.00698132,0.0202406,0.00322514,0.303071,0.48501
2124,1,0.1,0,0,1,1,1,5.72232,0,-0.00745708,0.00320658,0.605296,0.462451
2125,1,0.1,0,0,1,1,1,5.72232,0.020944,-0.0010653,0.00316685,0.529742,0.48501
2126,1,0.1,0,0,1,1,1,5.72223,-0.0174533,-0.00213059,0.00315745,0.54022,0.428613
2127,1,0.1,0,0,1,1,1,5.72232,0,-0.00426119,0.00311893,0.558571,0.451172
2128,1,0.1,0,0,1,1,1,5.72223,-0.00872665,0.00213059,0.00313316,0.490141,0.609082
2129,1,0.1,0,0,1,1,1,5.72223,-0.0244346,-0.00745708,0.00309309,0.590316,0.304541
2130,1,0.1,0,0,1,1,1,5.72223,0,-0.0149142,0.00308028,0.670652,0.439893
2131,1,0.1,0,0,1,1,1,5.72232,0.0366519,-0.0191753,0.00317255,0.729705,0.654199
2132,1,0.1,0,0,1,1,1,5.72232,0,0.0127836,0.00316354,0.376968,0.688037
2133,1,0.1,0,0,1,1,1,5.72232,0,0.00958767,0.00313199,0.407958,0.575244
2134,1,0.1,0,0,1,1,1,5.72232,0,-0.0149142,0.00312286,0.676274,0.586523
2135,1,0.1,0,0,1,1,1,5.72232,0.0261799,-0.00639178,0.00311635,0.581668,0.530127
2136,1,0.1,0,0,1,1,1,5.72232,-0.00872665,0.0117183,0.00309179,0.379215,0.48501
2137,1,0.1,0,0,1,1,1,5.72232,-0.015708,0.010653,0.00307778,0.389084,0.496289
2138,1,0.1,0,0,1,1,1,5.72232,0,0.00213059,0.00310645,0.486615,0.518848
2139,1,0.1,0,0,1,1,1,5.72232,0,0.0191753,0.00309463,0.297562,0.609082
2140,1,0.1,0,0,1,1,1,5.72232,0,-0.0404813,0.00310979,0.955786,0.575244
2141,1,0.1,0,0,1,1,1,5.72232,0.0558505,0.00213059,0.00310635,0.486601,0.47373
2142,1,0.1,0,0,1,1,1,5.72232,-0.0244346,-0.0010653,0.00311469,0.522857,0.518848
2143,1,0.1,0,0,1,1,1,5.72232,-0.00174533,-0.0010653,0.00309052,0.519667,0.496289
2144,1,0.1,0,0,1,1,1,5.72223,0,0.0159795,0.0031103,0.334785,0.451172
2145,1,0.1,0,0,1,1,1,5.72223,-0.0296706,-0.0127836,0.00309127,0.648667,0.439893
2146,1,0.1,0,0,1,1,1,5.72223,0.0314159,-0.01811,0.00314849,0.714811,0.586523
2147,1,0.1,0,0,1,1,1,5.72232,-0.00872665,-0.0170448,0.00317654,0.706796,0.518848
2148,1,0.1,0,0,1,1,1,5.72232,0,0.0191753,0.00313357,0.302703,0.48501
2149,1,0.1,0,0,1,1,1,5.72223,-0.0174533,0.0159795,0.0031163,0.335578,0.462451
2150,1,0.1,0,0,1,1,1,5.72223,0,0.01811,0.00307319,0.30645,0.428613
2151,1,0.1,0,0,1,1,1,5.72223,0,-0.0159795,0.00308404,0.682867,0.575244
2152,1,0.1,0,0,1,1,1,5.72223,-0.015708,0.010653,0.00308769,0.390393,0.496289
2153,1,0.1,0,0,1,1,1,5.72232,0,-0.00745708,0.00307187,0.587514,0.507568
2154,1,0.1,0,0,1,1,1,5.72232,0,-0.00426119,0.00309371,0.555243,0.676758
2155,1,0.1,0,0,1,1,1,5.72232,-0.00349066,-0.00958767,0.0030674,0.610361,0.394775
2156,1,0.1,0,0,1,1,1,5.72232,0.0122173,-0.00213059,0.00304759,0.525707,0.462451
2157,1,0.1,0,0,1,1,1,5.72232,0,-0.00426119,0.0030249,0.54616,0.439893
2158,1,0.1,0,0,1,1,1,5.72223,-0.0139626,-0.00213059,0.00303395,0.523918,0.451172
2159,1,0.1,0,0,1,1,1,5.72232,0,0.00852238,0.00302004,0.404899,0.507568
2160,1,0.1,0,0,1,1,1,5.72232,0,-0.01811,0.00302419,0.698404,0.394775
2161,1,0.1,0,0,1,1,1,5.72232,0.0314159,0.0117183,0.00302736,0.370711,0.586523
2162,1,0.1,0,0,1,1,1,5.72223,-0.0314159,0.010653,0.0030048,0.379451,0.417334
2163,1,0.1,0,0,1,1,1,5.72232,0,-0.00639178,0.00300734,0.567278,0.439893
2164,1,0.1,0,0,1,1,1,5.72232,0.00872665,0.00852238,0.00297951,0.39955,0.406055
2165,1,0.1,0,0,1,1,1,5.72223,0,0.00426119,0.00295034,0.442572,0.349658
2166,1,0.1,0,0,1,1,1,5.72223,0,-0.00639178,0.00296452,0.561626,0.47373
2167,1,0.1,0,0,1,1,1,5.72232,0,0.00958767,0.00291644,0.379505,0.338379
2168,1,0.1,0,0,1,1,1,5.72223,0,0.0170448,0.00290344,0.295761,0.439893
2169,1,0.1,0,0,1,1,1,5.72223,-0.0418879,-0.00639178,0.00287579,0.549914,0.530127
2170,1,0.1,0,0,1,1,1,5.72232,0.015708,-0.00213059,0.00289538,0.505627,0.439893
2171,1,0.1,0,0,1,1,1,5.72232,0,0.00745708,0.00287108,0.396954,0.281982
2172,1,0.1,0,0,1,1,1,5.72223,0,-0.0159795,0.00286441,0.653876,0.394775
2173,1,0.1,0,0,1,1,1,5.72223,0,0.0127836,0.00285545,0.336301,0.259424
2174,1,0.1,0,0,1,1,1,5.72223,0,0.0170448,0.00283561,0.286808,0.338379
2175,1,0.1,0,0,1,1,1,5.72223,0,-0.0127836,0.00284169,0.615722,0.530127
2176,1,0.1,0,0,1,1,1,5.72232,0,-0.01811,0.00285448,0.676002,0.518848
2177,1,0.1,0,0,1,1,1,5.72232,0.0174533,-0.00639178,0.00283953,0.545127,0.496289
2178,1,0.1,0,0,1,1,1,5.72223,-0.0122173,-0.00852238,0.00279905,0.563221,0.428613
2179,1,0.1,0,0,1,1,1,5.72223,0.00872665,-1.43507e-18,0.00278915,0.468168,0.3271
2180,1,0.1,0,0,1,1,1,5.72223,0.0226893,-0.0127836,0.00278567,0.608327,0.428613
2181,1,0.1,0,0,1,1,1,5.72223,0.0174533,0.00958767,0.00277494,0.360828,0.439893
2182,1,0.1,0,0,1,1,1,5.72223,-0.0174533,-0.0127836,0.00279327,0.609331,0.496289
2183,1,0.1,0,0,1,1,1,5.72232,0,-2.60922e-19,0.00277208,0.465914,0.439893
2184,1,0.1,0,0,1,1,1,5.72223,0,0.0138489,0.00272725,0.30766,0.462451
2185,1,0.1,0,0,1,1,1,5.72223,-0.0174533,0.0127836,0.00270682,0.316681,0.417334
2186,1,0.1,0,0,1,1,1,5.72223,0.015708,-0.00532648,0.00269876,0.514827,0.47373
2187,1,0.1,0,0,1,1,1,5.72223,0,0.00639178,0.00266424,0.38137,0.3271
2188,1,0.1,0,0,1,1,1,5.72223,0,-0.0117183,0.00268836,0.583764,0.349658
2189,1,0.1,0,0,1,1,1,5.72223,0.00698132,-0.0149142,0.00271145,0.621967,0.439893
2190,1,0.1,0,0,1,1,1,5.72223,0,-0.0202406,0.00272602,0.682481,0.597803
2191,1,0.1,0,0,1,1,1,5.72223,0,-0.00426119,0.00270213,0.503554,0.428613
2192,1,0.1,0,0,1,1,1,5.72223,0,0.0170448,0.00270708,0.269843,0.439893
2193,1,0.1,0,0,1,1,1,5.72223,-0.0366519,-0.010653,0.00269444,0.572848,0.338379
2194,1,0.1,0,0,1,1,1,5.72223,0.0383972,0.0191753,0.00269997,0.245467,0.439893
2195,1,0.1,0,0,1,1,1,5.72223,-0.0174533,0.00426119,0.00270019,0.409552,0.428613
2196,1,0.1,0,0,1,1,1,5.72223,0.010472,-0.010653,0.0026669,0.569213,0.406055
2197,1,0.1,0,0,1,1,1,5.72223,0.0191986,0.00532648,0.00262367,0.387733,0.31582
2198,1,0.1,0,0,1,1,1,5.72223,-0.0174533,0.0213059,0.00259872,0.208666,0.338379
2199,1,0.1,0,0,1,1,1,5.72223,-0.0436332,0.0149142,0.00259148,0.27802,0.496289
2200,1,0.1,0,0,1,1,1,5.72223,0.00174533,-0.010653,0.00257111,0.556569,0.507568
2201,1,0.1,0,0,1,1,1,5.72223,0,-7.17537e-19,0.00257077,0.439342,0.417334
2202,1,0.1,0,0,1,1,1,5.72223,0,0.010653,0.00258158,0.323586,0.575244
2203,1,0.1,0,0,1,1,1,5.72223,-0.00349066,0.00532648,0.0025661,0.380134,0.338379
2204,1,0.1,0,0,1,1,1,5.72223,0.015708,-0.00213059,0.00256227,0.461656,0.383496
2205,1,0.1,0,0,1,1,1,5.72223,0,0.00852238,0.00254557,0.342269,0.360938
2206,1,0.1,0,0,1,1,1,5.72223,0,-0.00852238,0.0025455,0.529752,0.360938
2207,1,0.1,0,0,1,1,1,5.72223,0.00698132,0.00852238,0.00253767,0.341226,0.372217
2208,1,0.1,0,0,1,1,1,5.72223,0.0279253,-0.0127836,0.00252032,0.573302,0.349658
2209,1,0.1,0,0,1,1,1,5.72223,0.0296706,0.0127836,0.00248994,0.288053,0.383496
2210,1,0.1,0,0,1,1,1,5.72223,-0.0139626,0.00213059,0.00247656,0.403469,0.349658
2211,1,0.1,0,0,1,1,1,5.72223,0,-0.00319589,0.00249008,0.463845,0.428613
2212,1,0.1,0,0,1,1,1,5.72223,0.0296706,-0.00852238,0.00248003,0.52111,0.507568
2213,1,0.1,0,0,1,1,1,5.72223,0.00698132,-0.00426119,0.00249779,0.476582,0.383496
2214,1,0.1,0,0,1,1,1,5.72223,0,0.00213059,0.00246464,0.401896,0.383496
2215,1,0.1,0,0,1,1,1,5.72223,0.0471239,-0.00532648,0.00248353,0.486417,0.496289
2216,1,0.1,0,0,1,1,1,5.72223,-0.0349066,0.00958767,0.00243642,0.316143,0.462451
2217,1,0.1,0,0,1,1,1,5.72223,0,-0.0127836,0.00238962,0.556049,0.372217
2218,1,0.1,0,0,1,1,1,5.72223,0,0.0149142,0.00238102,0.250239,0.406055
2219,1,0.1,0,0,1,1,1,5.72223,-0.0139626,0.00852238,0.002348,0.31619,0.417334
2220,1,0.1,0,0,1,1,1,5.72223,0,0.00958767,0.00234618,0.304231,0.3271
2221,1,0.1,0,0,1,1,1,5.72223,0,-0.0149142,0.00236544,0.576293,0.518848
2222,1,0.1,0,0,1,1,1,5.72223,0,-0.0127836,0.00238252,0.555112,0.372217
2223,1,0.1,0,0,1,1,1,5.72223,0.00872665,0.00319589,0.00233729,0.373368,0.394775
2224,1,0.1,0,0,1,1,1,5.72213,-0.0226893,0.010653,0.00231952,0.288994,0.281982
2225,1,0.1,0,0,1,1,1,5.72223,-0.0139626,-0.0159795,0.00234527,0.585349,0.349658
2226,1,0.1,0,0,1,1,1,5.72223,0.0261799,-0.00426119,0.00230069,0.450564,0.349658
2227,1,0.1,0,0,1,1,1,5.72213,0.0244346,-0.010653,0.00231324,0.52253,0.372217
2228,1,0.1,0,0,1,1,1,5.72223,-0.00698132,-0.0138489,0.00233195,0.560155,0.428613
2229,1,0.1,0,0,1,1,1,5.72223,0.0191986,-0.00532648,0.00233098,0.46628,0.451172
2230,1,0.1,0,0,1,1,1,5.72213,-0.0191986,0.01811,0.0022868,0.202647,0.428613
2231,1,0.1,0,0,1,1,1,5.72213,-0.00872665,0.0138489,0.00227587,0.248077,0.383496
2232,1,0.1,0,0,1,1,1,5.72223,0.00698132,0.0010653,0.00227069,0.388012,0.417334
2233,1,0.1,0,0,1,1,1,5.72213,0,0.00958767,0.00228555,0.296229,0.293262
2234,1,0.1,0,0,1,1,1,5.72223,0,-0.0127836,0.002278,0.541316,0.203027
2235,1,0.1,0,0,1,1,1,5.72223,0.0174533,-0.00213059,0.00223362,0.418275,0.270703
2236,1,0.1,0,0,1,1,1,5.72213,-0.00872665,0.00745708,0.00221822,0.310777,0.349658
2237,1,0.1,0,0,1,1,1,5.72213,-0.0401426,0.00745708,0.00222444,0.311598,0.270703
2238,1,0.1,0,0,1,1,1,5.72213,0.0436332,-1.23938e-18,0.00220756,0.391398,0.293262
2239,1,0.1,0,0,1,1,1,5.72213,0,0.0117183,0.00222128,0.264309,0.394775
2240,1,0.1,0,0,1,1,1,5.72223,0,-0.00745708,0.00224363,0.478187,0.575244
2241,1,0.1,0,0,1,1,1,5.72223,0,0.0255671,0.00216893,0.104843,0.372217
2242,1,0.1,0,0,1,1,1,5.72213,-0.0261799,0.0159795,0.00214478,0.207338,0.293262
2243,1,0.1,0,0,1,1,1,5.72213,-0.00523599,-0.00639178,0.00212796,0.4512,0.293262
2244,1,0.1,0,0,1,1,1,5.72213,0,2.60922e-18,0.00213181,0.381399,0.349658
2245,1,0.1,0,0,1,1,1,5.72213,0,-0.00532648,0.00218004,0.446356,0.406055
2246,1,0.1,-4.76914e-05,-0.0953086,1,1,1,5.72213,0,-0.00852238,0.00216942,0.466013,0.338379
2247,1,0.0999966,-0.00168594,-0.555296,1,1,1,5.72213,0.00872665,0.010653,0.00218083,0.171232,0.462451
2248,1,0.0999794,-0.00555387,-0.987208,1,1,1,5.72213,-0.0383972,-0.00852238,0.00214551,0.268687,0.281982
2249,1,0.0999376,-0.0115109,-1.39151,1,1,1,5.72213,0,-0.0117183,0.00209251,0.166246,0.236865
2250,1,0.099861,-0.0194258,-1.76904,1,1,1,5.72204,-0.015708,0.00319589,0.0020029,-0.160533,0.169189
2251,1,0.0997403,-0.0291574,-2.12,1,1,1,5.72204,-0.00349066,-0.00745708,0.00191727,-0.224334,0.146631
2252,1,0.0995666,-0.0405823,-2.44526,1,1,1,5.72194,-0.0226893,0.0127836,0.0017344,-0.658985,0
2253,1,0.0993319,-0.0535685,-2.74525,1,1,1,5.72175,-0.0558505,-0.00745708,0.00149816,-0.672897,-0.439893
2254,1,0.0990286,-0.0679926,-3.02059,1,1,1,5.72136,-0.0593412,-0.0308936,0.00125233,-0.667309,-0.518848
2255,1,0.0986497,-0.0837356,-3.27189,1,1,1,5.72098,-0.0575959,-0.0447425,0.00102493,-0.777435,-0.766992
2256,1,0.0981893,-0.100671,-3.49962,1,1,1,5.7206,-0.0994838,-0.0617872,0.000792966,-0.864941,-0.913623
2257,1,0.0976412,-0.118693,-3.70448,1,1,1,5.72002,-0.0698132,-0.100138,0.000593554,-0.723821,-0.947461
2258,1,0.0970007,-0.13768,-3.88698,1,1,1,5.71954,-0.127409,-0.100138,0.000461783,-1.00232,-0.891064
2259,1,0.096263,-0.157526,-4.0477,1,1,1,5.71878,-0.164061,-0.152337,0.000385645,-0.706493,-0.755713
2260,1,0.0954241,-0.178122,-4.18722,1,1,1,5.7182,-0.169297,-0.164056,0.000270184,-0.867701,-0.834668
2261,1,0.0944808,-0.199361,-4.30611,1,1,1,5.71695,-0.162316,-0.180035,0.0001951,-0.980712,-0.823389
2262,1,0.0934295,-0.221153,-4.405,1,1,1,5.71628,-0.18326,-0.216255,0.000156273,-0.870334,-0.80083
2263,1,0.0922684,-0.243382,-4.48438,1,1,1,5.71494,-0.244346,-0.2333,0.000110519,-0.974266,-1.04897
2264,1,0.0909953,-0.26596,-4.54487,1,1,1,5.71379,-0.268781,-0.246084,-1.94172e-06,-1.13645,-1.07153
2265,1,0.0896084,-0.2888,-4.58705,1,1,1,5.71197,-0.314159,-0.272716,-6.00108e-05,-1.13911,-1.16177
2266,1,0.088107,-0.311802,-4.61149,1,1,1,5.71091,-0.253073,-0.30361,-0.000103518,-1.09223,-1.19561
2267,1,0.0864901,-0.334888,-4.61876,1,1,1,5.7089,-0.356047,-0.337699,-0.000114879,-1.00431,-1.10537
2268,1,0.0847581,-0.357963,-4.60945,1,1,1,5.70765,-0.270526,-0.36007,-6.94305e-05,-1.03391,-1.0377
2269,1,0.0829108,-0.380953,-4.58412,1,1,1,5.70555,-0.42586,-0.362201,-8.14409e-05,-1.29087,-0.902344
2270,1,0.0809488,-0.403779,-4.54336,1,1,1,5.70372,-0.476475,-0.397356,-0.000129047,-1.18659,-1.21816
2271,1,0.0788734,-0.426362,-4.48773,1,1,1,5.70142,-0.333358,-0.418662,-0.000124634,-1.22142,-1.17305
2272,1,0.0766857,-0.448632,-4.41782,1,1,1,5.69998,-0.380482,-0.434641,-0.000173965,-1.31708,-1.16177
2273,1,0.0743875,-0.470519,-4.3342,1,1,1,5.69701,-0.523599,-0.462339,-0.000230133,-1.27875,-1.34224
2274,1,0.0719814,-0.491952,-4.23745,1,1,1,5.695,-0.47822,-0.467665,-0.000266979,-1.47544,-1.27456
2275,1,0.0694689,-0.512872,-4.12813,1,1,1,5.69232,-0.472984,-0.479384,-0.000312469,-1.59523,-1.21816
2276,1,0.0668535,-0.533214,-4.00685,1,1,1,5.6903,-0.572468,-0.523061,-0.000388358,-1.35993,-1.46631
2277,1,0.0641379,-0.552921,-3.87415,1,1,1,5.68695,-0.464258,-0.545432,-0.000427121,-1.34352,-1.37607
2278,1,0.0613257,-0.571936,-3.73063,1,1,1,5.68503,-0.518363,-0.577391,-0.000407899,-1.20279,-1.33096
2279,1,0.0584196,-0.590212,-3.57684,1,1,1,5.68139,-0.631809,-0.592305,-0.000428474,-1.245,-1.252
2280,1,0.0554248,-0.607689,-3.4134,1,1,1,5.67889,-0.572468,-0.608285,-0.000395789,-1.25599,-1.21816
2281,1,0.0523445,-0.624328,-3.24085,1,1,1,5.67554,-0.678933,-0.628525,-0.000341111,-1.20543,-1.16177
2282,1,0.049183,-0.640083,-3.05976,1,1,1,5.67257,-0.689405,-0.647701,-0.000350107,-1.16423,-1.22944
2283,1,0.0459454,-0.654911,-2.87075,1,1,1,5.66902,-0.600393,-0.675398,-0.000271542,-1.00348,-1.08281
2284,1,0.0426357,-0.668777,-2.67435,1,1,1,5.66614,-0.787143,-0.666876,-0.000256693,-1.23737,-1.16177
2285,1,0.0392588,-0.681646,-2.47112,1,1,1,5.66202,-0.574213,-0.691378,-0.000169647,-1.08422,-1.15049
2286,1,0.0358204,-0.69348,-2.26169,1,1,1,5.65943,-0.706858,-0.716945,-3.58123e-05,-0.898081,-0.97002
2287,1,0.0323262,-0.704252,-2.04666,1,1,1,5.65483,-0.682424,-0.709488,4.45514e-05,-1.06931,-0.879785
2288,1,0.0287797,-0.713938,-1.82649,1,1,1,5.65214,-0.712094,-0.740381,0.000123644,-0.805126,-1.0377
2289,1,0.0251886,-0.72251,-1.60189,1,1,1,5.64764,-0.630064,-0.73399,0.00020975,-0.935036,-0.823389
2290,1,0.0215573,-0.729949,-1.37337,1,1,1,5.64495,-0.752237,-0.746773,0.000324007,-0.835824,-0.778271
2291,1,0.0178905,-0.736238,-1.14143,1,1,1,5.64016,-0.759218,-0.732924,0.000679106,-0.983805,-0.902344
2292,1,0.0141962,-0.74136,-0.906796,1,1,1,5.63728,-0.731293,-0.743577,0.000360673,-0.937546,-1.10537
2293,1,0.0104792,-0.745302,-0.669963,1,1,1,5.63278,-0.696386,-0.760622,0.000686799,-0.721287,-1.00386
2294,1,0.00674523,-0.748057,-0.431508,1,1,1,5.6299,-0.750492,-0.7521,0.000392824,-0.851303,-0.868506
2295,1,0.00300306,-0.749615,-0.192179,1,1,1,5.6254,-0.696386,-0.77234,0.000883324,-0.545505,-0.733154
2296,1,-0.000748691,-0.749976,0.047916,1,1,1,5.62281,-0.692896,-0.753165,0.000963338,-0.713134,-0.744434
2297,1,-0.00449678,-0.749137,0.287739,1,1,1,5.61801,-0.708604,-0.7521,0.00100903,-0.672226,-0.541406
2298,1,-0.00823841,-0.747099,0.526917,1,1,1,5.61514,-0.818559,-0.743577,0.00104168,-0.700236,-0.586523
2299,1,-0.011966,-0.74387,0.764772,1,1,1,5.61044,-0.649262,-0.743577,0.00107516,-0.62052,-0.541406
2300,1,-0.0156751,-0.739455,1.00083,1,1,1,5.60795,-0.733038,-0.756361,0.00113611,-0.384184,-0.496289
2301,1,-0.0193588,-0.733865,1.23444,1,1,1,5.60306,-0.685914,-0.71588,0.00110528,-0.731844,-0.406055
2302,1,-0.0230118,-0.727115,1.46506,1,1,1,5.60037,-0.760964,-0.714814,0.00112095,-0.625559,-0.541406
2303,1,-0.0266283,-0.71922,1.69212,1,1,1,5.59596,-0.675442,-0.707357,0.00106823,-0.585351,-0.563965
2304,1,-0.030202,-0.710201,1.915,1,1,1,5.59328,-0.710349,-0.716945,0.00104793,-0.340105,-0.439893
2305,1,-0.0337277,-0.70008,2.13315,1,1,1,5.58887,-0.719076,-0.6999,0.000970789,-0.382623,-0.575244
2306,1,-0.0372014,-0.688877,2.34609,1,1,1,5.58609,-0.649262,-0.678594,0.000949147,-0.451707,-0.439893
2307,1,-0.0406152,-0.676628,2.55306,1,1,1,5.58206,-0.680678,-0.667941,0.000951923,-0.388465,-0.124072
2308,1,-0.0439659,-0.663357,2.75364,1,1,1,5.57947,-0.675442,-0.688182,0.000964427,0.0274414,-0.236865
2309,1,-0.047247,-0.649104,2.94714,1,1,1,5.57544,-0.612611,-0.637048,0.000954007,-0.333687,-0.394775
2310,1,-0.0504553,-0.633899,3.13308,1,1,1,5.57295,-0.58294,-0.639178,0.000962895,-0.0956999,-0.214307
2311,1,-0.0535845,-0.617787,3.3108,1,1,1,5.56931,-0.644026,-0.628525,0.00102022,0.0180095,-0.135352
2312,1,-0.0566314,-0.600807,3.4798,1,1,1,5.56682,-0.595157,-0.584848,0.000982066,-0.234673,-0.225586
2313,1,-0.0595913,-0.583004,3.63946,1,1,1,5.56336,-0.593412,-0.579522,0.000958685,-0.0547923,-0.15791
2314,1,-0.0624603,-0.564427,3.78922,1,1,1,5.56097,-0.570723,-0.562477,0.000869155,-0.00485423,-0.225586
2315,1,-0.0652344,-0.545129,3.92848,1,1,1,5.5579,-0.488692,-0.530518,0.000834267,-0.103422,-0.180469
2316,1,-0.0679105,-0.525161,4.0567,1,1,1,5.55579,-0.558505,-0.513473,0.000763124,-0.0365562,-0.169189
2317,1,-0.0704847,-0.504584,4.17326,1,1,1,5.55263,-0.469494,-0.498559,0.000681952,0.0579673,-0.0902344
2318,1,-0.0729555,-0.483448,4.27764,1,1,1,5.55081,-0.47822,-0.470861,0.000600522,0.0170187,-0.101514
2319,1,-0.0753186,-0.461827,4.3692,1,1,1,5.54803,-0.459022,-0.460208,0.000525939,0.168391,-0.0676758
2320,1,-0.077573,-0.439778,4.44742,1,1,1,5.5463,-0.424115,-0.426119,0.000466374,0.0677753,-0.0225586
2321,1,-0.0797157,-0.417378,4.51169,1,1,1,5.54381,-0.394444,-0.421858,0.000427438,0.300069,0.0338379
2322,1,-0.0817493,-0.394651,4.56152,1,1,1,5.54237,-0.345575,-0.386703,0.000386043,0.194937,0.0902344
2323,1,-0.0836621,-0.37179,4.59612,1,1,1,5.54007,-0.366519,-0.353679,0.000327775,0.109634,0.0676758
2324,1,-0.085464,-0.348749,4.61512,1,1,1,5.53882,-0.312414,-0.32172,0.000242199,0.0319144,0.15791
2325,1,-0.0871497,-0.325664,4.61788,1,1,1,5.53671,-0.305433,-0.311067,8.9082e-05,0.176446,0.0676758
2326,1,-0.0887205,-0.3026,4.60382,1,1,1,5.53566,-0.254818,-0.278043,-3.56328e-05,0.0764692,-0.0112793
2327,1,-0.0901762,-0.279651,4.57236,1,1,1,5.53403,-0.263545,-0.256737,-0.000121847,0.106702,0.101514
2328,1,-0.0915172,-0.256909,4.52294,1,1,1,5.53307,-0.221657,-0.236496,-0.000246288,0.137861,0
2329,1,-0.0927455,-0.234457,4.45497,1,1,1,5.53182,-0.195477,-0.190688,-0.000377671,-0.118946,0.0338379
2330,1,-0.0938624,-0.212392,4.36788,1,1,1,5.53106,-0.190241,-0.184296,-0.000531354,0.0459404,0.0338379
2331,1,-0.0948703,-0.190808,4.26107,1,1,1,5.53,-0.144862,-0.165121,-0.000691212,0.0607795,0.112793
2332,1,-0.0957717,-0.16981,4.13398,1,1,1,5.52943,-0.15708,-0.14488,-0.000860705,0.0518037,0
2333,1,-0.0965766,-0.149317,3.98459,1,1,1,5.52866,-0.102974,-0.10866,-0.00105009,-0.144996,0.0112793
2334,1,-0.097274,-0.129808,3.81503,1,1,1,5.52818,-0.101229,-0.118248,-0.00122242,0.148586,-0.0112793
2335,1,-0.0978705,-0.111387,3.62553,1,1,1,5.5278,-0.0663225,-0.068179,-0.00139837,-0.23005,-0.0676758
2336,1,-0.0983833,-0.093774,3.41148,1,1,1,5.52751,-0.0698132,-0.0479384,-0.00160485,-0.299306,-0.124072
2337,1,-0.0988105,-0.0772975,3.17437,1,1,1,5.52722,-0.0418879,-0.0468731,-0.00182446,-0.177573,-0.101514
2338,1,-0.0991584,-0.0620687,2.91357,1,1,1,5.52703,-0.0541052,-0.0159795,-0.00204402,-0.402621,-0.169189
2339,1,-0.0994335,-0.0482022,2.62842,1,1,1,5.52684,-0.0191986,-0.0010653,-0.00229684,-0.477498,-0.394775
2340,1,-0.0996429,-0.0358233,2.31838,1,1,1,5.52674,-0.0296706,-0.00958767,-0.00245687,-0.302983,-0.372217
2341,1,-0.0997944,-0.0250603,1.98294,1,1,1,5.52674,0,0.00319589,-0.00262469,-0.387166,-0.47373
2342,1,-0.0998964,-0.0160387,1.62145,1,1,1,5.52674,0,-0.0117183,-0.00269481,-0.177656,-0.372217
2343,1,-0.0999579,-0.00889039,1.23333,1,1,1,5.52674,0.00872665,0.00319589,-0.00277266,-0.323566,-0.394775
2344,1,-0.0999886,-0.00375044,0.818024,1,1,1,5.52684,0.0122173,0.00532648,-0.00283877,-0.356064,-0.304541
2345,1,-0.099999,-0.000756283,0.37496,1,1,1,5.52684,0,0.00745708,-0.0028878,-0.416359,-0.281982
2346,1,-0.1,-0,-0,1,1,1,5.52674,-0.0226893,0.0159795,-0.00289435,-0.558455,-0.451172
2347,1,-0.1,-0,-0,1,1,1,5.52674,-0.0244346,0.00532648,-0.00288896,-0.444064,-0.462451
2348,1,-0.1,-0,-0,1,1,1,5.52684,0.0139626,0.00532648,-0.00288932,-0.447661,-0.338379
2349,1,-0.1,-0,-0,1,1,1,5.52674,0,0.0117183,-0.00291251,-0.524782,-0.293262
2350,1,-0.1,-0,-0,1,1,1,5.52674,-0.015708,0.0223712,-0.00293911,-0.649246,-0.439893
2351,1,-0.1,-0,-0,1,1,1,5.52674,0,0.0117183,-0.00297162,-0.540821,-0.428613
2352,1,-0.1,-0,-0,1,1,1,5.52674,0,-0.00213059,-0.00300579,-0.397591,-0.417334
2353,1,-0.1,-0,-0,1,1,1,5.52674,0,-0.0010653,-0.0030037,-0.412595,-0.507568
2354,1,-0.1,-0,-0,1,1,1,5.52674,0,-0.0117183,-0.00297227,-0.294171,-0.338379
2355,1,-0.1,-0,-0,1,1,1,5.52674,0,-0.00426119,-0.00297006,-0.379105,-0.451172
2356,1,-0.1,-0,-0,1,1,1,5.52674,0,0.00958767,-0.00298946,-0.537836,-0.496289
2357,1,-0.1,-0,-0,1,1,1,5.52674,-0.00872665,0.01811,-0.00301143,-0.638666,-0.496289
2358,1,-0.1,-0,-0,1,1,1,5.52674,0,0.00426119,-0.00299392,-0.487176,-0.496289
2359,1,-0.1,-0,-0,1,1,1,5.52674,-0.00872665,5.21845e-19,-0.00298547,-0.442498,-0.372217
2360,1,-0.1,-0,-0,1,1,1,5.52674,0,-0.00319589,-0.00301169,-0.414848,-0.360938
2361,1,-0.1,-0,-0,1,1,1,5.52674,0.00523599,0.00426119,-0.00302966,-0.503202,-0.417334
2362,1,-0.1,-0,-0,1,1,1,5.52674,-0.00174533,-0.00852238,-0.00300224,-0.362247,-0.394775
2363,1,-0.1,-0,-0,1,1,1,5.52674,0,0.0117183,-0.00301017,-0.589317,-0.417334
2364,1,-0.1,-0,-0,1,1,1,5.52674,0,0.01811,-0.00302494,-0.665422,-0.507568
2365,1,-0.1,-0,-0,1,1,1,5.52674,0,0.0138489,-0.00305361,-0.62638,-0.47373
2366,1,-0.1,-0,-0,1,1,1,5.52674,0,0.00532648,-0.00306924,-0.538774,-0.586523
2367,1,-0.1,-0,-0,1,1,1,5.52674,0,0.0127836,-0.00311487,-0.631349,-0.507568
2368,1,-0.1,-0,-0,1,1,1,5.52665,-0.0226893,0.00745708,-0.00315632,-0.583126,-0.688037
2369,1,-0.1,-0,-0,1,1,1,5.52665,0,0.00852238,-0.00314586,-0.596924,-0.518848
2370,1,-0.1,-0,-0,1,1,1,5.52665,0.015708,0.00852238,-0.00312862,-0.598012,-0.47373
2371,1,-0.1,-0,-0,1,1,1,5.52665,0,-0.00532648,-0.00315668,-0.453837,-0.518848
2372,1,-0.1,-0,-0,1,1,1,5.52665,0,0.00319589,-0.00316145,-0.552133,-0.47373
2373,1,-0.1,-0,-0,1,1,1,5.52665,-0.00872665,-0.00426119,-0.00318179,-0.473123,-0.609082
2374,1,-0.1,-0,-0,1,1,1,5.52665,0,0.00958767,-0.00319272,-0.626904,-0.541406
2375,1,-0.1,-0,-0,1,1,1,5.52665,0,0.0170448,-0.00321236,-0.711524,-0.541406
2376,1,-0.1,-0,-0,1,1,1,5.52665,-0.015708,-0.0202406,-0.00324312,-0.305445,-0.778271
2377,1,-0.1,-0,-0,1,1,1,5.52665,0.0139626,0.010653,-0.00323007,-0.643553,-0.428613
2378,1,-0.1,-0,-0,1,1,1,5.52665,0,-0.00319589,-0.00322007,-0.489894,-0.383496
2379,1,-0.1,-0,-0,1,1,1,5.52665,0,-0.0159795,-0.00320709,-0.347562,-0.428613
2380,1,-0.1,-0,-0,1,1,1,5.52665,-0.015708,0.00426119,-0.00317895,-0.566494,-0.48501
2381,1,-0.1,-0,-0,1,1,1,5.52665,0,0.0191753,-0.00320029,-0.733368,-0.462451
2382,1,-0.1,-0,-0,1,1,1,5.52665,0,0.0117183,-0.00319726,-0.650939,-0.586523
2383,1,-0.1,-0,-0,1,1,1,5.52655,-0.0174533,0.00319589,-0.00323058,-0.561591,-0.744434
2384,1,-0.1,-0,-0,1,1,1,5.52655,0,0.0127836,-0.00321634,-0.665176,-0.451172
2385,1,-0.1,-0,-0,1,1,1,5.52655,0,-0.0159795,-0.00321729,-0.348908,-0.530127
2386,1,-0.1,-0,-0,1,1,1,5.52655,0,0.0127836,-0.00320615,-0.663831,-0.518848
2387,1,-0.1,-0,-0,1,1,1,5.52655,-0.00872665,0.00639178,-0.00321932,-0.59526,-0.496289
2388,1,-0.1,-0,-0,1,1,1,5.52655,0,-0.00745708,-0.00320907,-0.44157,-0.620361
2389,1,-0.1,-0,-0,1,1,1,5.52655,0,-0.00319589,-0.00321546,-0.489286,-0.48501
2390,1,-0.1,-0,-0,1,1,1,5.52655,0,-0.00426119,-0.00323621,-0.480306,-0.654199
2391,1,-0.1,-0,-0,1,1,1,5.52655,0,0.00639178,-0.00325643,-0.600158,-0.64292
2392,1,-0.1,-0,-0,1,1,1,5.52655,0,0.00745708,-0.00328437,-0.615565,-0.620361
2393,1,-0.1,-0,-0,1,1,1,5.52655,0,-0.00532648,-0.00328218,-0.474657,-0.64292
2394,1,-0.1,-0,-0,1,1,1,5.52655,0.00872665,-0.00426119,-0.00329993,-0.488717,-0.530127
2395,1,-0.1,-0,-0,1,1,1,5.52655,0,-0.00532648,-0.00329013,-0.475706,-0.597803
2396,1,-0.1,-0,-0,1,1,1,5.52655,0.00872665,0.00213059,-0.00330736,-0.560008,-0.462451
2397,1,-0.1,-0,-0,1,1,1,5.52655,0,-0.00639178,-0.00331696,-0.467529,-0.451172
2398,1,-0.1,-0,-0,1,1,1,5.52645,-0.0174533,0.010653,-0.00333166,-0.656961,-0.496289
2399,1,-0.1,-0,-0,1,1,1,5.52645,0,0.00213059,-0.00334621,-0.565137,-0.620361
2400,1,-0.1,-0,-0,1,1,1,5.52645,0,-0.00958767,-0.0033646,-0.438662,-0.586523
2401,1,-0.1,-0,-0,1,1,1,5.52645,0,-0.00852238,-0.00332394,-0.445014,-0.48501
2402,1,-0.1,-0,-0,1,1,1,5.52645,0,-0.0255671,-0.00329684,-0.253944,-0.360938
2403,1,-0.1,-0,-0,1,1,1,5.52655,0.0261799,9.78459e-19,-0.00328707,-0.533893,-0.541406
2404,1,-0.1,-0,-0,1,1,1,5.52645,0,-0.00319589,-0.00329629,-0.499955,-0.518848
2405,1,-0.1,-0,-0,1,1,1,5.52645,0,-0.0138489,-0.0033,-0.383262,-0.575244
2406,1,-0.1,-0,-0,1,1,1,5.52645,0,-0.00745708,-0.00330519,-0.454257,-0.383496
2407,1,-0.1,-0,-0,1,1,1,5.52645,0,-0.00852238,-0.00331884,-0.444341,-0.620361
2408,1,-0.1,-0,-0,1,1,1,5.52645,0,-0.00213059,-0.00331467,-0.5141,-0.530127
2409,1,-0.1,-0,-0,1,1,1,5.52645,0,0.00745708,-0.00337221,-0.62716,-0.631641
2410,1,-0.1,-0,-0,1,1,1,5.52645,0,-0.00745708,-0.0033568,-0.46107,-0.586523
2411,1,-0.1,-0,-0,1,1,1,5.52645,0,1.36984e-18,-0.00333454,-0.54016,-0.507568
2412,1,-0.1,-0,-0,1,1,1,5.52645,0,-0.00745708,-0.0033275,-0.457202,-0.507568
2413,1,-0.1,-0,-0,1,1,1,5.52645,0,-0.00745708,-0.00332877,-0.45737,-0.48501
2414,1,-0.1,-0,-0,1,1,1,5.52645,0,-0.00426119,-0.00331671,-0.490932,-0.496289
2415,1,-0.1,-0,-0,1,1,1,5.52645,0,8.47998e-19,-0.00334001,-0.540881,-0.530127
2416,1,-0.1,-0,-0,1,1,1,5.52645,0,0.00852238,-0.00334065,-0.634712,-0.575244
2417,1,-0.1,-0,-0,1,1,1,5.52645,0,-0.00639178,-0.00331256,-0.466948,-0.575244
2418,1,-0.1,-0,-0,1,1,1,5.52645,0,-0.00852238,-0.00333743,-0.446794,-0.552686
2419,1,-0.1,-0,-0,1,1,1,5.52645,0,-0.00745708,-0.00333747,-0.458518,-0.609082
2420,1,-0.1,-0,-0,1,1,1,5.52645,0,-0.010653,-0.00334178,-0.423932,-0.586523
2421,1,-0.1,-0,-0,1,1,1,5.52645,0,-0.0159795,-0.00336442,-0.36833,-0.676758
2422,1,-0.1,-0,-0,1,1,1,5.52636,0,0.0127836,-0.00339736,-0.68907,-0.586523
2423,1,-0.1,-0,-0,1,1,1,5.52636,0,-0.00426119,-0.00336277,-0.497013,-0.394775
2424,1,-0.1,-0,-0,1,1,1,5.52636,-0.0383972,-0.00319589,-0.00338419,-0.511558,-0.609082
2425,1,-0.1,-0,-0,1,1,1,5.52636,0.00872665,0.00319589,-0.00336429,-0.579241,-0.439893
2426,1,-0.1,-0,-0,1,1,1,5.52636,0,0.00532648,-0.00335654,-0.601655,-0.597803
2427,1,-0.1,-0,-0,1,1,1,5.52636,0,-0.010653,-0.00333795,-0.423427,-0.541406
2428,1,-0.1,-0,-0,1,1,1,5.52636,0,-0.0170448,-0.00333316,-0.352485,-0.47373
2429,1,-0.1,-0,-0,1,1,1,5.52636,0.00872665,0.00426119,-0.00335381,-0.589576,-0.530127
2430,1,-0.1,-0,-0,1,1,1,5.52636,0,-0.0191753,-0.00334847,-0.331069,-0.665479
2431,1,-0.1,-0,-0,1,1,1,5.52636,0,0.0191753,-0.00334327,-0.752241,-0.620361
2432,1,-0.1,-0,-0,1,1,1,5.52636,0.0174533,-1.76123e-18,-0.00335091,-0.54232,-0.507568
2433,1,-0.1,-0,-0,1,1,1,5.52636,0,-0.0127836,-0.0033619,-0.403151,-0.552686
2434,1,-0.1,-0,-0,1,1,1,5.52636,0,0.00213059,-0.00335994,-0.566948,-0.47373
2435,1,-0.1,-0,-0,1,1,1,5.52636,0,-0.00639178,-0.00332418,-0.468483,-0.552686
2436,1,-0.1,-0,-0,1,1,1,5.52636,0,-0.00958767,-0.00333769,-0.435111,-0.597803
2437,1,-0.1,-0,-0,1,1,1,5.52636,0,0.0117183,-0.00333716,-0.669406,-0.47373
2438,1,-0.1,-0,-0,1,1,1,5.52636,0,-0.00532648,-0.00333855,-0.482097,-0.518848
2439,1,-0.1,-0,-0,1,1,1,5.52636,0,-0.01811,-0.00336663,-0.345185,-0.665479
2440,1,-0.1,-0,-0,1,1,1,5.52636,0,0.0117183,-0.00336829,-0.673516,-0.541406
2441,1,-0.1,-0,-0,1,1,1,5.52636,0,0.0159795,-0.0034025,-0.724904,-0.609082
2442,1,-0.1,-0,-0,1,1,1,5.52636,0,0.00213059,-0.003373,-0.568672,-0.47373
2443,1,-0.1,-0,-0,1,1,1,5.52636,0,0.0127836,-0.00339607,-0.688901,-0.462451
2444,1,-0.1,-0,-0,1,1,1,5.52626,0,-0.00639178,-0.00339176,-0.477402,-0.575244
2445,1,-0.1,-0,-0,1,1,1,5.52626,0,-0.00958767,-0.0033955,-0.442741,-0.541406
2446,1,-0.1,-0,-0,1,1,1,5.52626,0,0.0010653,-0.0034126,-0.562182,-0.462451
2447,1,-0.1,-0,-0,1,1,1,5.52626,0,0.0010653,-0.00341602,-0.562632,-0.563965
2448,1,-0.1,-0,-0,1,1,1,5.52626,0,0.00532648,-0.00338524,-0.605443,-0.428613
2449,1,-0.1,-0,-0,1,1,1,5.52636,0,0.0266324,-0.003445,-0.847696,-0.541406
2450,1,-0.1,-0,-0,1,1,1,5.52626,0,0.00852238,-0.00345312,-0.649558,-0.597803
2451,1,-0.1,-0,-0,1,1,1,5.52626,0,0.010653,-0.0034751,-0.675896,-0.654199
2452,1,-0.1,-0,-0,1,1,1,5.52626,0,1.5003e-18,-0.00346295,-0.557109,-0.496289
2453,1,-0.1,-0,-0,1,1,1,5.52626,0,0.00319589,-0.00350115,-0.597306,-0.552686
2454,1,-0.1,-0,-0,1,1,1,5.52626,-0.0122173,0.00532648,-0.00350981,-0.621887,-0.597803
2455,1,-0.1,-0,-0,1,1,1,5.52626,0,-0.00852238,-0.00356506,-0.476842,-0.721875
2456,1,-0.1,-0,-0,1,1,1,5.52626,0,-0.00745708,-0.00355251,-0.486904,-0.563965
2457,1,-0.1,-0,-0,1,1,1,5.52626,0,-0.010653,-0.00356519,-0.453422,-0.64292
2458,1,-0.1,-0,-0,1,1,1,5.52626,0,0.00745708,-0.00356193,-0.652202,-0.586523
2459,1,-0.1,-0,-0,1,1,1,5.52626,0,-0.00319589,-0.00357389,-0.536599,-0.439893
2460,1,-0.1,-0,-0,1,1,1,5.52617,-0.0261799,-0.00852238,-0.00356218,-0.476461,-0.507568
2461,1,-0.1,-0,-0,1,1,1,5.52626,0,0.00213059,-0.0035556,-0.592775,-0.507568
2462,1,-0.1,-0,-0,1,1,1,5.52626,0,0.00958767,-0.00354296,-0.673135,-0.47373
2463,1,-0.1,-0,-0,1,1,1,5.52617,0,0.0170448,-0.00356033,-0.757456,-0.496289
2464,1,-0.1,-0,-0,1,1,1,5.52617,-0.0191986,-0.00639178,-0.00356834,-0.500711,-0.620361
2465,1,-0.1,-0,-0,1,1,1,5.52617,0.00872665,0.00319589,-0.00354026,-0.60247,-0.462451
2466,1,-0.1,-0,-0,1,1,1,5.52617,0,0.0010653,-0.00354415,-0.579546,-0.48501
2467,1,-0.1,-0,-0,1,1,1,5.52617,0,0.00319589,-0.0035459,-0.603214,-0.631641
2468,1,-0.1,-0,-0,1,1,1,5.52617,0,0.00639178,-0.00356569,-0.640981,-0.518848
2469,1,-0.1,-0,-0,1,1,1,5.52617,0,-0.00958767,-0.00351619,-0.458673,-0.518848
2470,1,-0.1,-0,-0,1,1,1,5.52617,0,0.01811,-0.00354046,-0.766552,-0.552686
2471,1,-0.1,-0,-0,1,1,1,5.52617,0,0.0149142,-0.00351456,-0.727978,-0.496289
2472,1,-0.1,-0,-0,1,1,1,5.52617,0,-0.00426119,-0.00352431,-0.518336,-0.597803
2473,1,-0.1,-0,-0,1,1,1,5.52617,0,0.0127836,-0.0035431,-0.708308,-0.451172
2474,1,-0.1,-0,-0,1,1,1,5.52617,-0.00872665,-0.00319589,-0.00353912,-0.532009,-0.496289
2475,1,-0.1,-0,-0,1,1,1,5.52617,0,-1.43507e-18,-0.00353226,-0.566258,-0.597803
2476,1,-0.1,-0,-0,1,1,1,5.52617,0,-0.00745708,-0.00356042,-0.487948,-0.733154
2477,1,-0.1,-0,-0,1,1,1,5.52617,0.00872665,-0.0138489,-0.00354854,-0.41607,-0.48501
2478,1,-0.1,-0,-0,1,1,1,5.52617,0,-0.00319589,-0.00353607,-0.531607,-0.541406
2479,1,-0.1,-0,-0,1,1,1,5.52617,0,-0.0308936,-0.00348591,-0.22031,-0.620361
2480,1,-0.1,-0,-0,1,1,1,5.52617,0.00872665,0.0117183,-0.00350746,-0.691886,-0.507568
2481,1,-0.1,-0,-0,1,1,1,5.52617,0,9.13229e-19,-0.00347281,-0.558412,-0.47373
2482,1,-0.1,-0,-0,1,1,1,5.52617,0,0.00745708,-0.00348621,-0.642208,-0.64292
2483,1,-0.1,-0,-0,1,1,1,5.52617,0,0.00852238,-0.00354905,-0.66222,-0.620361
2484,1,-0.1,-0,-0,1,1,1,5.52617,0,-0.00213059,-0.00358445,-0.54971,-0.665479
2485,1,-0.1,-0,-0,1,1,1,5.52617,0,-0.0010653,-0.0035773,-0.560485,-0.688037
2486,1,-0.1,-0,-0,1,1,1,5.52617,0,-0.00852238,-0.00358165,-0.479032,-0.755713
2487,1,-0.1,-0,-0,1,1,1,5.52607,0,0.00426119,-0.00358843,-0.620546,-0.597803
2488,1,-0.1,-0,-0,1,1,1,5.52607,0,0.00426119,-0.00356878,-0.617953,-0.417334
2489,1,-0.1,-0,-0,1,1,1,5.52607,0,-0.0138489,-0.0035637,-0.418071,-0.507568
2490,1,-0.1,-0,-0,1,1,1,5.52607,0,-0.00319589,-0.0035604,-0.534818,-0.552686
2491,1,-0.1,-0,-0,1,1,1,5.52607,0,0.00213059,-0.00352501,-0.588737,-0.406055
2492,1,-0.1,-0,-0,1,1,1,5.52607,0,-0.00426119,-0.00352299,-0.518161,-0.654199
2493,1,-0.1,-0,-0,1,1,1,5.52607,0,-0.00319589,-0.00352793,-0.530531,-0.541406
2494,1,-0.1,-0,-0,1,1,1,5.52607,0,-0.00319589,-0.00352148,-0.52968,-0.507568
2495,1,-0.1,-0,-0,1,1,1,5.52607,0,-0.00852238,-0.00351192,-0.469827,-0.47373
2496,1,-0.1,-0,-0,1,1,1,5.52607,0,-0.00426119,-0.00355929,-0.522953,-0.665479
2497,1,-0.1,-0,-0,1,1,1,5.52607,0,0.00745708,-0.00351931,-0.646577,-0.48501
2498,1,-0.1,-0,-0,1,1,1,5.52607,0,0.0170448,-0.00353428,-0.754018,-0.631641
2499,1,-0.1,-0,-0,1,1,1,5.52607,-0.00349066,0.00213059,-0.003549,-0.591904,-0.552686
2500,1,-0.1,-0,-0,1,1,1,5.52607,0,-0.0010653,-0.00353517,-0.554925,-0.530127
2501,1,-0.1,-0,-0,1,1,1,5.52607,0,0.01811,-0.00357802,-0.771509,-0.609082
2502,1,-0.1,-0,-0,1,1,1,5.52607,0,-0.0010653,-0.00360087,-0.563596,-0.676758
2503,1,-0.1,-0,-0,1,1,1,5.52607,0,7.17537e-19,-0.00358642,-0.573407,-0.48501
2504,1,-0.1,-0,-0,1,1,1,5.52607,0,0.010653,-0.00361683,-0.694604,-0.518848
2505,1,-0.1,-0,-0,1,1,1,5.52607,0,0.0202406,-0.00362944,-0.801734,-0.710596
2506,1,-0.1,-0,-0,1,1,1,5.52607,0,0.0170448,-0.00364394,-0.768493,-0.552686
2507,1,-0.1,-0,-0,1,1,1,5.52607,-0.00698132,0.0170448,-0.0036381,-0.767722,-0.552686
2508,1,-0.1,-0,-0,1,1,1,5.52607,0,0.00958767,-0.00365174,-0.687494,-0.620361
2509,1,-0.1,-0,-0,1,1,1,5.52597,0,-0.0127836,-0.00362458,-0.437825,-0.586523
2510,1,-0.1,-0,-0,1,1,1,5.52607,0.00174533,-0.00852238,-0.00361499,-0.483433,-0.530127
2511,1,-0.1,-0,-0,1,1,1,5.52607,0,0.00532648,-0.00360787,-0.63483,-0.541406
2512,1,-0.1,-0,-0,1,1,1,5.52607,0,0.00426119,-0.00363927,-0.627257,-0.439893
2513,1,-0.1,-0,-0,1,1,1,5.52597,0,0.0245018,-0.00365584,-0.85209,-0.766992
2514,1,-0.1,-0,-0,1,1,1,5.52597,0.0122173,-0.00958767,-0.00365927,-0.477559,-0.64292
2515,1,-0.1,-0,-0,1,1,1,5.52597,0,0.00852238,-0.00365789,-0.676588,-0.586523
2516,1,-0.1,-0,-0,1,1,1,5.52597,0,-9.13229e-19,-0.00364832,-0.581578,-0.620361
2517,1,-0.1,-0,-0,1,1,1,5.52597,0,0.010653,-0.00367309,-0.70203,-0.586523
2518,1,-0.1,-0,-0,1,1,1,5.52597,0,0.00213059,-0.00371346,-0.613614,-0.721875
2519,1,-0.1,-0,-0,1,1,1,5.52597,0,3.91384e-19,-0.00373138,-0.592542,-0.631641
2520,1,-0.1,-0,-0,1,1,1,5.52597,-0.0174533,-0.0138489,-0.00375338,-0.443109,-0.676758
2521,1,-0.1,-0,-0,1,1,1,5.52597,0,0.00319589,-0.00378129,-0.634285,-0.755713
2522,1,-0.1,-0,-0,1,1,1,5.52588,0,-0.0202406,-0.00374734,-0.372002,-0.530127
2523,1,-0.1,-0,-0,1,1,1,5.52597,0.00523599,0.0159795,-0.00374319,-0.769875,-0.541406
2524,1,-0.1,-0,-0,1,1,1,5.52597,0,0.01811,-0.00379635,-0.800329,-0.665479
2525,1,-0.1,-0,-0,1,1,1,5.52588,0,-0.00958767,-0.00377407,-0.492713,-0.518848
2526,1,-0.1,-0,-0,1,1,1,5.52588,0,0.0138489,-0.00374878,-0.747177,-0.597803
2527,1,-0.1,-0,-0,1,1,1,5.52588,-0.00872665,-0.0117183,-0.00374857,-0.465911,-0.48501
2528,1,-0.1,-0,-0,1,1,1,5.52588,0,0.00319589,-0.00374503,-0.629499,-0.575244
2529,1,-0.1,-0,-0,1,1,1,5.52588,0,0.01811,-0.00373961,-0.792839,-0.496289
2530,1,-0.1,-0,-0,1,1,1,5.52588,-0.0174533,-0.010653,-0.00374486,-0.477138,-0.631641
2531,1,-0.1,-0,-0,1,1,1,5.52588,0,0.00745708,-0.00372569,-0.673819,-0.586523
2532,1,-0.1,-0,-0,1,1,1,5.52588,0.00698132,0.00532648,-0.00373461,-0.65156,-0.597803
2533,1,-0.1,-0,-0,1,1,1,5.52588,0,0.00426119,-0.00376923,-0.644411,-0.620361
2534,1,-0.1,-0,-0,1,1,1,5.52588,0,0.00213059,-0.00376335,-0.620199,-0.620361
2535,1,-0.1,-0,-0,1,1,1,5.52588,0,-0.0191753,-0.0037612,-0.38555,-0.665479
2536,1,-0.1,-0,-0,1,1,1,5.52588,0,-0.00532648,-0.00373855,-0.534897,-0.609082
2537,1,-0.1,-0,-0,1,1,1,5.52588,0,-0.00852238,-0.0037203,-0.497333,-0.609082
2538,1,-0.1,-0,-0,1,1,1,5.52588,0,0.00639178,-0.00371919,-0.661243,-0.552686
2539,1,-0.1,-0,-0,1,1,1,5.52588,0,0.00319589,-0.00373263,-0.627862,-0.518848
2540,1,-0.1,-0,-0,1,1,1,5.52588,-0.00872665,0.010653,-0.00376678,-0.714398,-0.609082
2541,1,-0.1,-0,-0,1,1,1,5.52588,-0.00349066,0.00958767,-0.00380893,-0.708243,-0.778271
2542,1,-0.1,-0,-0,1,1,1,5.52578,0,0.00639178,-0.00382688,-0.675458,-0.609082
2543,1,-0.1,-0,-0,1,1,1,5.52578,0,0.00426119,-0.00382914,-0.65232,-0.631641
2544,1,-0.1,-0,-0,1,1,1,5.52578,0,0.0117183,-0.00383588,-0.735237,-0.609082
2545,1,-0.1,-0,-0,1,1,1,5.52578,-0.010472,-0.0213059,-0.00382797,-0.370927,-0.631641
2546,1,-0.1,4.76743e-05,0.0952916,1,1,1,5.52578,0,-0.0276977,-0.00381815,-0.285227,-0.563965
2547,1,-0.0999966,0.00168629,0.555352,1,1,1,5.52578,0.0174533,0.0010653,-0.00381643,-0.51602,-0.586523
2548,1,-0.0999794,0.0055532,0.987152,1,1,1,5.52578,0.00523599,0.00958767,-0.00383046,-0.502835,-0.439893
2549,1,-0.0999376,0.011512,1.39157,1,1,1,5.52578,0,0.00852238,-0.00378088,-0.35393,-0.383496
2550,1,-0.099861,0.0194248,1.769,1,1,1,5.52588,0,-0.00852238,-0.00371522,-0.0069158,-0.349658
2551,1,-0.0997403,0.0291578,2.12002,1,1,1,5.52597,0.0366519,0.00319589,-0.00359598,0.0494278,-0.112793
2552,1,-0.0995666,0.0405813,2.44524,1,1,1,5.52597,0,0.0340895,-0.00342242,-0.0806065,-0.0789551
2553,1,-0.0993319,0.0535696,2.74527,1,1,1,5.52597,0,-0.00213059,-0.00322425,0.546074,-0.0112793
2554,1,-0.0990285,0.0679948,3.02063,1,1,1,5.52607,0.00872665,0.0351548,-0.00299363,0.384048,0.0676758
2555,1,-0.0986498,0.0837329,3.27185,1,1,1,5.52617,0.0366519,0.0127836,-0.00269224,0.901195,0.541406
2556,1,-0.0981892,0.100674,3.49965,1,1,1,5.52645,0.0523599,0.0362201,-0.00227765,0.94421,0.789551
2557,1,-0.0976412,0.118693,3.70449,1,1,1,5.52693,0,0.0521996,-0.00191649,1.0715,1.12793
2558,1,-0.0970007,0.137681,3.88698,1,1,1,5.52703,0.0523599,0.0649831,-0.00156742,1.2413,0.97002
2559,1,-0.096263,0.157527,4.0477,1,1,1,5.5277,0.144862,0.0830932,-0.00120238,1.36287,1.27456
2560,1,-0.0954242,0.178121,4.18721,1,1,1,5.52818,0.0750492,0.118248,-0.000869061,1.29891,1.26328
2561,1,-0.0944806,0.199366,4.30613,1,1,1,5.52895,0.150098,0.137423,-0.000593263,1.40721,1.24072
2562,1,-0.0934297,0.221149,4.40498,1,1,1,5.52962,0.191986,0.150207,-0.000272974,1.59658,1.39863
2563,1,-0.0922684,0.243382,4.48438,1,1,1,5.53086,0.205949,0.201341,-1.35066e-06,1.36052,1.47759
2564,1,-0.0909952,0.265962,4.54487,1,1,1,5.53173,0.216421,0.25141,0.000146898,1.1193,1.31968
2565,1,-0.0896084,0.288799,4.58705,1,1,1,5.53316,0.223402,0.265259,0.000292595,1.27584,1.33096
2566,1,-0.088107,0.311803,4.61149,1,1,1,5.53422,0.258309,0.283369,0.000419699,1.38273,1.07153
2567,1,-0.0864901,0.334887,4.61876,1,1,1,5.53614,0.357792,0.307871,0.00052692,1.41514,1.12793
2568,1,-0.084758,0.357965,4.60945,1,1,1,5.53748,0.328122,0.310001,0.000671379,1.69669,1.43247
2569,1,-0.0829109,0.380952,4.58412,1,1,1,5.53988,0.434587,0.368593,0.000770352,1.34777,1.36479
2570,1,-0.0809489,0.403778,4.54336,1,1,1,5.54131,0.347321,0.399486,0.000829799,1.29308,1.55654
2571,1,-0.0788736,0.42636,4.48774,1,1,1,5.54352,0.434587,0.432511,0.000868783,1.20677,1.29712
2572,1,-0.0766857,0.448633,4.41782,1,1,1,5.54544,0.45204,0.445294,0.000899934,1.33584,1.3084
2573,1,-0.0743875,0.470519,4.33419,1,1,1,5.54812,0.471239,0.493232,0.000825944,1.05614,1.20688
2574,1,-0.0719813,0.491952,4.23745,1,1,1,5.54985,0.44855,0.490037,0.00083004,1.34222,1.28584
2575,1,-0.0694691,0.512871,4.12814,1,1,1,5.55311,0.513127,0.509212,0.00081564,1.37156,1.18433
2576,1,-0.0668533,0.533215,4.00684,1,1,1,5.55522,0.574213,0.53691,0.000809155,1.29983,1.252
2577,1,-0.064138,0.55292,3.87416,1,1,1,5.55838,0.535816,0.576326,0.000803388,1.08992,1.21816
2578,1,-0.0613255,0.571937,3.73063,1,1,1,5.56087,0.621337,0.564607,0.000801317,1.4327,1.37607
2579,1,-0.0584197,0.590211,3.57684,1,1,1,5.56442,0.593412,0.616807,0.00076324,1.0569,1.40991
2580,1,-0.055425,0.607688,3.41341,1,1,1,5.56662,0.560251,0.643439,0.000654443,0.939907,1.11665
2581,1,-0.0523444,0.624329,3.24084,1,1,1,5.57056,0.638791,0.637048,0.00053374,1.17255,1.19561
2582,1,-0.0491828,0.640084,3.05975,1,1,1,5.57305,0.567232,0.680725,0.000453601,0.849058,1.06025
2583,1,-0.045915,0.655044,2.86896,1,1,1,5.57707,0.652753,0.658354,0.000416098,1.2453,1.22944
2584,1,-0.0426356,0.668778,2.67434,1,1,1,5.57976,0.684169,0.675398,0.000397303,1.19724,1.27456
2585,1,-0.0392586,0.681646,2.47111,1,1,1,5.58398,0.720821,0.678594,0.00038084,1.28892,1.34224
2586,1,-0.0358207,0.69348,2.26171,1,1,1,5.58685,0.680678,0.710553,0.000343099,1.04816,1.24072
2587,1,-0.0323257,0.704253,2.04663,1,1,1,5.59098,0.748746,0.708422,0.000297831,1.16666,1.09409
2588,1,-0.0287805,0.713936,1.82654,1,1,1,5.59424,0.856957,0.723337,0.000292711,1.08994,1.16177
2589,1,-0.0251882,0.722511,1.60187,1,1,1,5.59836,0.642281,0.751034,0.000183143,0.842643,1.04897
2590,1,-0.0215566,0.72995,1.37333,1,1,1,5.60133,0.7662,0.749969,3.95724e-05,0.891228,0.744434
2591,1,-0.0178906,0.736238,1.14144,1,1,1,5.60574,0.773181,0.781928,-0.00012122,0.559672,0.834668
2592,1,-0.0141963,0.74136,0.906801,1,1,1,5.60871,0.712094,0.763818,-0.000202516,0.775292,0.654199
2593,1,-0.0104792,0.745302,0.669966,1,1,1,5.61341,0.748746,0.777667,-0.000310926,0.620539,0.834668
2594,1,-0.00674546,0.748057,0.431523,1,1,1,5.61629,0.752237,0.767014,-0.000418194,0.720369,0.721875
2595,1,-0.00300043,0.749616,0.192011,1,1,1,5.62089,0.7662,0.760622,-0.000463806,0.767393,0.721875
2596,1,0.000749207,0.749976,-0.047949,1,1,1,5.62396,0.776672,0.764883,-0.000484103,0.686731,0.812109
2597,1,0.0044971,0.749137,-0.287759,1,1,1,5.62818,0.706858,0.757426,-0.000585207,0.707993,0.665479
2598,1,0.00823798,0.7471,-0.526889,1,1,1,5.63115,0.76969,0.751034,-0.000605717,0.7146,0.631641
2599,1,0.0119664,0.74387,-0.764796,1,1,1,5.63575,0.794125,0.751034,-0.000569575,0.645393,0.868506
2600,1,0.0156747,0.739455,-1.0008,1,1,1,5.63901,0.762709,0.727598,-0.000557279,0.816011,0.631641
2601,1,0.0193586,0.733866,-1.23443,1,1,1,5.64313,0.759218,0.7521,-0.000607576,0.436452,0.575244
2602,1,0.0230121,0.727115,-1.46508,1,1,1,5.6462,0.785398,0.720141,-0.000661668,0.662287,0.47373
2603,1,0.0266284,0.71922,-1.69213,1,1,1,5.65051,0.729548,0.737185,-0.000765922,0.328854,0.372217
2604,1,0.030202,0.710201,-1.915,1,1,1,5.6532,0.678933,0.713749,-0.000865597,0.427005,0.31582
2605,1,0.0337283,0.700078,-2.13319,1,1,1,5.65742,0.726057,0.707357,-0.000935796,0.329551,0.259424
2606,1,0.0372009,0.688879,-2.34605,1,1,1,5.66029,0.715585,0.697769,-0.000992774,0.25691,0.3271
2607,1,0.0406153,0.676628,-2.55307,1,1,1,5.66442,0.652753,0.692443,-0.00100017,0.132677,0.281982
2608,1,0.0439654,0.663359,-2.75361,1,1,1,5.66681,0.624828,0.667941,-0.00103665,0.203031,0.236865
2609,1,0.0472474,0.649103,-2.94716,1,1,1,5.67084,0.696386,0.635982,-0.00102988,0.350535,0.259424
2610,1,0.0504547,0.633902,-3.13305,1,1,1,5.67343,0.596903,0.626395,-0.00102783,0.241369,0.248145
2611,1,0.0535843,0.617788,-3.3108,1,1,1,5.67698,0.603884,0.640243,-0.00102429,-0.135115,0.3271
2612,1,0.0566315,0.600806,-3.47981,1,1,1,5.67928,0.546288,0.577391,-0.000947515,0.33266,0.248145
2613,1,0.0595913,0.583004,-3.63946,1,1,1,5.68282,0.565487,0.563542,-0.000943838,0.242386,0.0902344
2614,1,0.0624602,0.564428,-3.78921,1,1,1,5.68474,0.497419,0.562477,-0.000911626,0.00785029,0.124072
2615,1,0.0652344,0.545129,-3.92848,1,1,1,5.6881,0.527089,0.548628,-0.000827112,-0.0856513,0.135352
2616,1,0.0679104,0.525162,-4.05669,1,1,1,5.69011,0.509636,0.528387,-0.000803076,-0.124746,0.0563965
2617,1,0.070485,0.504581,-4.17327,1,1,1,5.69289,0.460767,0.480449,-0.000744684,0.139839,0
2618,1,0.0729555,0.483448,-4.27764,1,1,1,5.6949,0.481711,0.472992,-0.000708192,-0.0489861,0.0902344
2619,1,0.0753187,0.461827,-4.36921,1,1,1,5.69759,0.472984,0.437837,-0.000674162,0.0623259,-0.0225586
2620,1,0.0775729,0.439779,-4.44742,1,1,1,5.69951,0.438078,0.427184,-0.0006306,-0.0973064,0.0451172
2621,1,0.0797159,0.417376,-4.51169,1,1,1,5.70181,0.350811,0.417596,-0.000592638,-0.271504,0
2622,1,0.081746,0.394688,-4.56145,1,1,1,5.70315,0.324631,0.384572,-0.000590171,-0.195238,-0.0563965
2623,1,0.0836623,0.371788,-4.59612,1,1,1,5.70535,0.39968,0.353679,-0.000553226,-0.137509,-0.0563965
2624,1,0.085464,0.348749,-4.61512,1,1,1,5.70679,0.326377,0.333438,-0.00053049,-0.198784,-0.0451172
2625,1,0.0871498,0.325663,-4.61788,1,1,1,5.70842,0.279253,0.315328,-0.000442348,-0.271689,-0.203027
2626,1,0.0887204,0.302601,-4.60382,1,1,1,5.70948,0.263545,0.279108,-0.000324199,-0.138165,-0.203027
2627,1,0.090176,0.279653,-4.57236,1,1,1,5.71101,0.246091,0.245018,-0.000181052,-0.0201078,-0.135352
2628,1,0.0915172,0.25691,-4.52294,1,1,1,5.71197,0.253073,0.216255,-0.000108528,0.0364536,-0.0563965
2629,1,0.0927454,0.234457,-4.45497,1,1,1,5.71331,0.176278,0.180035,0.000145807,0.206338,-0.0112793
2630,1,0.0938625,0.21239,-4.36787,1,1,1,5.71398,0.162316,0.172578,0.000379908,0.0649991,-0.0902344
2631,1,0.0948702,0.19081,-4.26108,1,1,1,5.71494,0.151844,0.119313,0.000647024,0.440908,0.0676758
2632,1,0.0957715,0.169814,-4.13401,1,1,1,5.71542,0.10821,0.12464,0.000891317,0.180175,0.146631
2633,1,0.0965696,0.149502,-3.98606,1,1,1,5.716,0.0959931,0.0905502,0.00117457,0.3701,0.169189
2634,1,0.097268,0.129985,-3.8167,1,1,1,5.71638,0.0802851,0.0735055,0.00148204,0.389662,0.214307
2635,1,0.097871,0.111371,-3.62535,1,1,1,5.71676,0.0610865,0.0628525,0.00177187,0.350881,0.31582
2636,1,0.0983833,0.0937725,-3.41146,1,1,1,5.71695,0.0488692,0.0564607,0.00205192,0.280032,0.3271
2637,1,0.0988105,0.0772964,-3.17435,1,1,1,5.71724,0.0261799,0.0362201,0.0023192,0.376717,0.597803
2638,1,0.0991584,0.062067,-2.91354,1,1,1,5.71734,0.00698132,0.01811,0.00261542,0.473233,0.48501
2639,1,0.0994335,0.0482024,-2.62842,1,1,1,5.71743,0,0.0308936,0.00284905,0.24155,0.654199
2640,1,0.0996429,0.035824,-2.3184,1,1,1,5.71753,0.0122173,0.0138489,0.00305473,0.355177,0.575244
2641,1,0.0997944,0.0250606,-1.98295,1,1,1,5.71743,-0.0174533,-0.01811,0.00326851,0.657878,0.609082
2642,1,0.0998964,0.0160377,-1.62141,1,1,1,5.71753,0.0226893,-0.0159795,0.00343224,0.603806,0.47373
2643,1,0.0999579,0.00889095,-1.23337,1,1,1,5.71743,0,-0.0170448,0.0035551,0.605469,0.541406
2644,1,0.0999886,0.00375057,-0.818038,1,1,1,5.71743,0,0.00532648,0.00364513,0.373425,0.676758
2645,1,0.099999,0.000756368,-0.374981,1,1,1,5.71724,-0.0279253,-0.010653,0.00370306,0.588236,0.609082
2646,1,0.1,0,0,1,1,1,5.71734,0.0139626,-0.0298283,0.00375757,0.855218,0.688037
2647,1,0.1,0,0,1,1,1,5.71734,0.0244346,-0.0010653,0.00378345,0.547736,0.541406
2648,1,0.1,0,0,1,1,1,5.71724,-0.0174533,-0.00532648,0.00377622,0.597931,0.575244
2649,1,0.1,0,0,1,1,1,5.71734,0,-0.00213059,0.00375159,0.563544,0.541406
2650,1,0.1,0,0,1,1,1,5.71724,-0.020944,-0.00639178,0.00374382,0.613942,0.609082
2651,1,0.1,0,0,1,1,1,5.71734,0,0.0276977,0.0037112,0.239209,0.552686
2652,1,0.1,0,0,1,1,1,5.71724,-0.00174533,0.010653,0.0037205,0.432324,0.462451
2653,1,0.1,0,0,1,1,1,5.71734,-0.0139626,0.0138489,0.00371413,0.400796,0.631641
2654,1,0.1,0,0,1,1,1,5.71734,0,0.00958767,0.00362833,0.438958,0.406055
2655,1,0.1,0,0,1,1,1,5.71724,0.00698132,-0.0117183,0.00361458,0.675158,0.563965
2656,1,0.1,0,0,1,1,1,5.71724,-0.0174533,-0.0234365,0.0036474,0.813243,0.541406
2657,1,0.1,0,0,1,1,1,5.71743,0.0314159,-0.00319589,0.00366243,0.597468,0.631641
2658,1,0.1,0,0,1,1,1,5.71734,-0.015708,0.00532648,0.00363825,0.50464,0.609082
2659,1,0.1,0,0,1,1,1,5.71734,0,0.01811,0.00360961,0.364151,0.507568
2660,1,0.1,0,0,1,1,1,5.71734,0,-0.010653,0.00360954,0.684369,0.383496
2661,1,0.1,0,0,1,1,1,5.71734,0.0122173,-0.00958767,0.00358401,0.673221,0.620361
2662,1,0.1,0,0,1,1,1,5.71724,-0.0331613,0.0010653,0.00360064,0.563057,0.586523
2663,1,0.1,0,0,1,1,1,5.71734,0,0.0010653,0.00359246,0.562487,0.47373
2664,1,0.1,0,0,1,1,1,5.71743,0.0715585,-0.0191753,0.00361371,0.787939,0.654199
2665,1,0.1,0,0,1,1,1,5.71734,0.00174533,-0.00426119,0.00363519,0.626718,0.631641
2666,1,0.1,0,0,1,1,1,5.71734,-0.0122173,-0.00426119,0.00364585,0.628126,0.507568
2667,1,0.1,0,0,1,1,1,5.71743,0.0261799,0.0149142,0.00364493,0.417075,0.676758
2668,1,0.1,0,0,1,1,1,5.71734,-0.0314159,0.00426119,0.00364337,0.534051,0.541406
2669,1,0.1,0,0,1,1,1,5.71734,0,-0.0127836,0.00361483,0.717777,0.552686
2670,1,0.1,0,0,1,1,1,5.71734,0,-0.0127836,0.00363804,0.720841,0.620361
2671,1,0.1,0,0,1,1,1,5.71743,0,-0.00319589,0.00369781,0.623266,0.699316
2672,1,0.1,0,0,1,1,1,5.71743,0,0.0149142,0.00371076,0.425764,0.778271
2673,1,0.1,0,0,1,1,1,5.71734,-0.0261799,0.0117183,0.00369351,0.458643,0.721875
2674,1,0.1,0,0,1,1,1,5.71734,0,0.00745708,0.00367765,0.503422,0.631641
2675,1,0.1,0,0,1,1,1,5.71734,-0.00872665,0.0149142,0.00366319,0.419486,0.563965
2676,1,0.1,0,0,1,1,1,5.71734,-0.0244346,0.0010653,0.00365382,0.570585,0.428613
2677,1,0.1,0,0,1,1,1,5.71734,0.0261799,-0.00852238,0.00365493,0.676197,0.575244
2678,1,0.1,0,0,1,1,1,5.71734,-0.0279253,-0.0117183,0.00364622,0.710203,0.575244
2679,1,0.1,0,0,1,1,1,5.71743,0.00349066,0.00639178,0.00363641,0.509696,0.417334
2680,1,0.1,0,0,1,1,1,5.71734,0,0.00852238,0.00366408,0.489912,0.654199
2681,1,0.1,0,0,1,1,1,5.71734,-0.0418879,0.0149142,0.00359316,0.410241,0.428613
2682,1,0.1,0,0,1,1,1,5.71734,0.00349066,0.0191753,0.00357657,0.361178,0.48501
2683,1,0.1,0,0,1,1,1,5.71724,-0.0296706,0.00319589,0.00356425,0.535327,0.552686
2684,1,0.1,0,0,1,1,1,5.71734,0.0366519,-4.56614e-19,0.00352342,0.565092,0.496289
2685,1,0.1,0,0,1,1,1,5.71724,0,-0.0266324,0.00356111,0.863023,0.451172
2686,1,0.1,0,0,1,1,1,5.71743,0,-0.0159795,0.00355783,0.745408,0.530127
2687,1,0.1,0,0,1,1,1,5.71734,0.00872665,0.010653,0.00353351,0.449241,0.349658
2688,1,0.1,0,0,1,1,1,5.71734,0,0.00213059,0.00350439,0.539143,0.462451
2689,1,0.1,0,0,1,1,1,5.71734,0,0.0117183,0.00347098,0.429268,0.518848
2690,1,0.1,0,0,1,1,1,5.71734,-0.0383972,-0.0223712,0.00345283,0.801857,0.563965
2691,1,0.1,0,0,1,1,1,5.71734,0.0453786,0.0159795,0.00341096,0.374473,0.428613
2692,1,0.1,0,0,1,1,1,5.71724,-0.0174533,-0.0138489,0.00341448,0.703048,0.496289
2693,1,0.1,0,0,1,1,1,5.71734,0.00174533,0.00213059,0.00340973,0.526648,0.552686
2694,1,0.1,0,0,1,1,1,5.71734,0,-0.00213059,0.00339337,0.571361,0.530127
2695,1,0.1,0,0,1,1,1,5.71734,0,-0.0010653,0.00338044,0.557937,0.417334
2696,1,0.1,0,0,1,1,1,5.71734,0.00174533,-0.00213059,0.00339009,0.570929,0.586523
2697,1,0.1,0,0,1,1,1,5.71734,-0.015708,7.82767e-19,0.00337045,0.544899,0.518848
2698,1,0.1,0,0,1,1,1,5.71734,-0.00872665,-0.00319589,0.00333849,0.575836,0.541406
2699,1,0.1,0,0,1,1,1,5.71734,0,0.0010653,0.00330864,0.525023,0.496289
2700,1,0.1,0,0,1,1,1,5.71724,0,0.01811,0.0032594,0.33103,0.462451
2701,1,0.1,0,0,1,1,1,5.71724,-0.00872665,-0.00213059,0.00325797,0.553489,0.654199
2702,1,0.1,0,0,1,1,1,5.71734,0,0.0223712,0.00322457,0.27956,0.609082
2703,1,0.1,0,0,1,1,1,5.71724,0,0.00852238,0.00319811,0.428404,0.620361
2704,1,0.1,0,0,1,1,1,5.71724,-0.0261799,0.0191753,0.00319702,0.311078,0.552686
2705,1,0.1,0,0,1,1,1,5.71724,-0.0541052,0.00745708,0.00316774,0.436113,0.518848
2706,1,0.1,0,0,1,1,1,5.71724,0.0244346,0.0159795,0.00314878,0.339864,0.496289
2707,1,0.1,0,0,1,1,1,5.71724,-0.020944,0.00745708,0.00316382,0.435596,0.518848
2708,1,0.1,0,0,1,1,1,5.71734,0.0139626,-2.60922e-19,0.00313952,0.514417,0.428613
2709,1,0.1,0,0,1,1,1,5.71724,0.0261799,-0.0010653,0.00312488,0.524202,0.586523
2710,1,0.1,0,0,1,1,1,5.71724,-0.0279253,0.00426119,0.00311073,0.463743,0.518848
2711,1,0.1,0,0,1,1,1,5.71734,0.00523599,0.0202406,0.00308152,0.284114,0.530127
2712,1,0.1,0,0,1,1,1,5.71724,-0.015708,0.0213059,0.00309441,0.274097,0.417334
2713,1,0.1,0,0,1,1,1,5.71724,-0.0628319,0.0138489,0.00310236,0.357174,0.552686
2714,1,0.1,0,0,1,1,1,5.71734,0.0471239,0.00319589,0.00308465,0.472019,0.47373
2715,1,0.1,0,0,1,1,1,5.71724,0,-0.00532648,0.00307361,0.564308,0.530127
2716,1,0.1,0,0,1,1,1,5.71734,0,0.0138489,0.0030521,0.35054,0.349658
2717,1,0.1,0,0,1,1,1,5.71724,0.00872665,-1.43507e-18,0.0030122,0.497611,0.439893
2718,1,0.1,0,0,1,1,1,5.71724,-0.010472,-0.0276977,0.00298611,0.798842,0.48501
2719,1,0.1,0,0,1,1,1,5.71734,0.0523599,0.010653,0.00298735,0.377147,0.360938
2720,1,0.1,0,0,1,1,1,5.71724,-0.0261799,-0.0213059,0.00300977,0.731654,0.530127
2721,1,0.1,0,0,1,1,1,5.71734,0.0139626,-0.0127836,0.00303894,0.641759,0.541406
2722,1,0.1,0,0,1,1,1,5.71724,-0.00872665,0.0127836,0.0030114,0.356885,0.530127
2723,1,0.1,0,0,1,1,1,5.71724,-0.0279253,0.0127836,0.0029874,0.353718,0.586523
2724,1,0.1,0,0,1,1,1,5.71724,0,0.00958767,0.00298458,0.3885,0.338379
2725,1,0.1,0,0,1,1,1,5.71734,0,0.00532648,0.00297587,0.434224,0.541406
2726,1,0.1,0,0,1,1,1,5.71724,-0.020944,0.00745708,0.00298388,0.411844,0.406055
2727,1,0.1,0,0,1,1,1,5.71724,0,-0.00426119,0.00295978,0.537564,0.462451
2728,1,0.1,0,0,1,1,1,5.71724,-0.00872665,0.0010653,0.00296548,0.479726,0.31582
2729,1,0.1,0,0,1,1,1,5.71724,0,0.00426119,0.00294287,0.441585,0.270703
2730,1,0.1,0,0,1,1,1,5.71724,0,0.0138489,0.00295134,0.33724,0.360938
2731,1,0.1,0,0,1,1,1,5.71724,-0.0418879,0.00426119,0.00293969,0.441166,0.383496
2732,1,0.1,0,0,1,1,1,5.71724,0.0471239,-0.0127836,0.00293916,0.628588,0.552686
2733,1,0.1,0,0,1,1,1,5.71724,0.020944,-0.00426119,0.00295967,0.537549,0.496289
2734,1,0.1,0,0,1,1,1,5.71734,-0.0279253,0.00852238,0.00295157,0.395861,0.620361
2735,1,0.1,0,0,1,1,1,5.71724,0,-0.00532648,0.0029757,0.551384,0.541406
2736,1,0.1,0,0,1,1,1,5.71724,-0.0174533,0.0127836,0.00293555,0.346873,0.48501
2737,1,0.1,0,0,1,1,1,5.71724,-0.0122173,-0.00639178,0.00293648,0.557924,0.496289
2738,1,0.1,0,0,1,1,1,5.71724,0.00872665,0.00213059,0.00289837,0.459149,0.236865
2739,1,0.1,0,0,1,1,1,5.71724,0.0226893,-0.00852238,0.00288626,0.574732,0.406055
2740,1,0.1,0,0,1,1,1,5.71724,-0.00872665,-0.0159795,0.00293244,0.662857,0.47373
2741,1,0.1,0,0,1,1,1,5.71734,0.0122173,-0.0010653,0.00294695,0.500716,0.462451
2742,1,0.1,0,0,1,1,1,5.71724,-0.0122173,-0.00639178,0.00294961,0.559658,0.665479
2743,1,0.1,0,0,1,1,1,5.71724,0,-0.0117183,0.00296042,0.619676,0.372217
2744,1,0.1,0,0,1,1,1,5.71724,0,0.00958767,0.00291852,0.379781,0.563965
2745,1,0.1,0,0,1,1,1,5.71715,-0.00872665,0.0298283,0.00288757,0.153048,0.293262
2746,1,0.1,0,0,1,1,1,5.71724,0.00872665,0.00213059,0.00288042,0.456779,0.428613
2747,1,0.1,0,0,1,1,1,5.71724,0.0331613,-0.00852238,0.00288256,0.574244,0.654199
2748,1,0.1,0,0,1,1,1,5.71724,-0.0436332,0.00426119,0.00285597,0.430114,0.552686
2749,1,0.1,0,0,1,1,1,5.71724,0,0.00532648,0.00286289,0.41931,0.428613
2750,1,0.1,0,0,1,1,1,5.71724,0.00872665,0.00639178,0.00282693,0.402845,0.451172
2751,1,0.1,0,0,1,1,1,5.71724,0,0.0117183,0.00282818,0.344419,0.47373
2752,1,0.1,0,0,1,1,1,5.71724,0,0.00426119,0.00280116,0.42288,0.462451
2753,1,0.1,0,0,1,1,1,5.71724,0,-0.00745708,0.0028016,0.551839,0.406055
2754,1,0.1,0,0,1,1,1,5.71724,0.0279253,0.00213059,0.00278952,0.44478,0.620361
2755,1,0.1,0,0,1,1,1,5.71724,0,0.010653,0.0027993,0.352324,0.575244
2756,1,0.1,0,0,1,1,1,5.71734,0,-0.00532648,0.00281512,0.530187,0.609082
2757,1,0.1,0,0,1,1,1,5.71724,0,-0.0010653,0.00276855,0.477166,0.3271
2758,1,0.1,0,0,1,1,1,5.71724,-0.00174533,0.0202406,0.00275223,0.240647,0.507568
2759,1,0.1,0,0,1,1,1,5.71724,-0.0174533,0.00958767,0.00274783,0.357249,0.496289
2760,1,0.1,0,0,1,1,1,5.71724,0.010472,0.00426119,0.00275417,0.416678,0.496289
2761,1,0.1,0,0,1,1,1,5.71724,-0.00349066,-0.00426119,0.00275148,0.510069,0.428613
2762,1,0.1,0,0,1,1,1,5.71724,0,-0.0127836,0.00270143,0.597208,0.338379
2763,1,0.1,0,0,1,1,1,5.71724,0.0488692,0.00319589,0.00270894,0.422426,0.586523
2764,1,0.1,0,0,1,1,1,5.71724,-0.0453786,0.00958767,0.00273641,0.355742,0.586523
2765,1,0.1,0,0,1,1,1,5.71724,-0.0383972,-0.0127836,0.00269783,0.596733,0.3271
2766,1,0.1,0,0,1,1,1,5.71715,0,0.00745708,0.0027379,0.379375,0.394775
2767,1,0.1,0,0,1,1,1,5.71724,-0.00523599,0.00852238,0.00274884,0.369101,0.563965
2768,1,0.1,0,0,1,1,1,5.71724,0.00872665,-0.00958767,0.00274239,0.567459,0.451172
2769,1,0.1,0,0,1,1,1,5.71724,0.0244346,-0.0127836,0.00275268,0.603973,0.48501
2770,1,0.1,0,0,1,1,1,5.71724,-0.010472,0.00532648,0.00274307,0.403495,0.530127
2771,1,0.1,0,0,1,1,1,5.71724,0,0.0149142,0.00275531,0.299645,0.451172
2772,1,0.1,0,0,1,1,1,5.71724,0.0139626,0.0127836,0.00269044,0.314518,0.360938
2773,1,0.1,0,0,1,1,1,5.71715,0.0226893,-0.00958767,0.00269795,0.561594,0.496289
2774,1,0.1,0,0,1,1,1,5.71724,-0.0122173,0.00426119,0.00269249,0.408535,0.518848
2775,1,0.1,0,0,1,1,1,5.71724,0,-0.0010653,0.00268051,0.465545,0.360938
2776,1,0.1,0,0,1,1,1,5.71715,0,0.00213059,0.00267115,0.429155,0.372217
2777,1,0.1,0,0,1,1,1,5.71715,0,0.0255671,0.00265565,0.169307,0.541406
2778,1,0.1,0,0,1,1,1,5.71724,-0.00872665,0.0170448,0.00261863,0.258166,0.338379
2779,1,0.1,0,0,1,1,1,5.71715,0.00872665,-0.00426119,0.00260013,0.49009,0.304541
2780,1,0.1,0,0,1,1,1,5.71724,0.0296706,-0.0138489,0.0026147,0.597478,0.462451
2781,1,0.1,0,0,1,1,1,5.71724,0,-0.00852238,0.00263048,0.540969,0.48501
2782,1,0.1,0,0,1,1,1,5.71724,0,0.00213059,0.00263204,0.423993,0.406055
2783,1,0.1,0,0,1,1,1,5.71724,0,0.0159795,0.00259852,0.267231,0.541406
2784,1,0.1,0,0,1,1,1,5.71715,-0.015708,0.0117183,0.00258411,0.312202,0.530127
2785,1,0.1,0,0,1,1,1,5.71715,-0.0174533,-0.00532648,0.00258709,0.500088,0.496289
2786,1,0.1,0,0,1,1,1,5.71715,0,-0.0213059,0.00253997,0.669641,0.225586
2787,1,0.1,0,0,1,1,1,5.71724,0.0593412,0.00426119,0.00256075,0.391145,0.372217
2788,1,0.1,0,0,1,1,1,5.71715,-0.0558505,-0.0138489,0.00255255,0.589274,0.439893
2789,1,0.1,0,0,1,1,1,5.71724,0.0174533,0.0202406,0.00256902,0.216464,0.383496
2790,1,0.1,0,0,1,1,1,5.71724,-0.00349066,-0.0117183,0.00254634,0.565018,0.417334
2791,1,0.1,0,0,1,1,1,5.71724,0.0261799,-0.00958767,0.0025385,0.540547,0.507568
2792,1,0.1,0,0,1,1,1,5.71715,-0.0453786,0.0213059,0.00251161,0.197168,0.496289
2793,1,0.1,0,0,1,1,1,5.71715,-0.0226893,0.00319589,0.00248283,0.392579,0.383496
2794,1,0.1,0,0,1,1,1,5.71715,0,0.00639178,0.00247248,0.356058,0.259424
2795,1,0.1,0,0,1,1,1,5.71715,0,-0.00213059,0.00247821,0.45056,0.338379
2796,1,0.1,0,0,1,1,1,5.71715,0,0,0.00247948,0.427291,0.225586
2797,1,0.1,0,0,1,1,1,5.71715,0,-0.00958767,0.00247028,0.531541,0.372217
2798,1,0.1,0,0,1,1,1,5.71715,-0.00872665,0.0117183,0.00244767,0.294192,0.428613
2799,1,0.1,0,0,1,1,1,5.71715,0,0.0266324,0.00241747,0.12615,0.541406
2800,1,0.1,0,0,1,1,1,5.71715,0,1.17415e-18,0.00239062,0.415561,0.462451
2801,1,0.1,0,0,1,1,1,5.71715,0,-0.010653,0.00239813,0.533736,0.48501
2802,1,0.1,0,0,1,1,1,5.71715,0,0.00532648,0.00237652,0.355109,0.462451
2803,1,0.1,0,0,1,1,1,5.71715,0,-0.00532648,0.0023885,0.473873,0.552686
2804,1,0.1,0,0,1,1,1,5.71715,0,-0.010653,0.00244002,0.539265,0.451172
2805,1,0.1,0,0,1,1,1,5.71724,0.00698132,0.0127836,0.00243649,0.280998,0.462451
2806,1,0.1,0,0,1,1,1,5.71715,0,0.0138489,0.00242097,0.267231,0.462451
2807,1,0.1,0,0,1,1,1,5.71715,-0.0174533,0.0149142,0.00237849,0.249905,0.394775
2808,1,0.1,0,0,1,1,1,5.71715,0.00872665,-0.00639178,0.00236581,0.482597,0.360938
2809,1,0.1,0,0,1,1,1,5.71715,0.00523599,0.00745708,0.00235914,0.329378,0.530127
2810,1,0.1,0,0,1,1,1,5.71715,-0.0279253,0.00426119,0.00237066,0.366054,0.439893
2811,1,0.1,0,0,1,1,1,5.71715,0,-0.0223712,0.00237246,0.659248,0.406055
2812,1,0.1,0,0,1,1,1,5.71715,0.00872665,-0.0159795,0.0023714,0.588799,0.47373
2813,1,0.1,0,0,1,1,1,5.71715,0.010472,0.00426119,0.00235101,0.36346,0.496289
2814,1,0.1,0,0,1,1,1,5.71715,-0.0279253,0.00958767,0.00234289,0.303797,0.496289
2815,1,0.1,0,0,1,1,1,5.71715,-0.0122173,2.47876e-18,0.00231931,0.406149,0.439893
2816,1,0.1,0,0,1,1,1,5.71715,0,0.00426119,0.00232827,0.360458,0.293262
2817,1,0.1,0,0,1,1,1,5.71715,0,-0.0010653,0.00231726,0.417597,0.563965
2818,1,0.1,0,0,1,1,1,5.71715,-0.0191986,0.0117183,0.00229636,0.274219,0.394775
2819,1,0.1,0,0,1,1,1,5.71715,0,0.00213059,0.00232326,0.383234,0.462451
2820,1,0.1,0,0,1,1,1,5.71715,0,0.00745708,0.00232731,0.325178,0.439893
2821,1,0.1,0,0,1,1,1,5.71715,-0.00698132,-0.00639178,0.00235954,0.481769,0.372217
2822,1,0.1,0,0,1,1,1,5.71724,0.0191986,-0.00213059,0.00234293,0.432703,0.48501
2823,1,0.1,0,0,1,1,1,5.71715,0,0.00213059,0.00232406,0.383339,0.304541
2824,1,0.1,0,0,1,1,1,5.71715,0,-1.36984e-18,0.00228741,0.401938,0.281982
2825,1,0.1,0,0,1,1,1,5.71715,0.00872665,0.00532648,0.00227506,0.341717,0.417334
2826,1,0.1,0,0,1,1,1,5.71715,0,-0.00745708,0.00225277,0.479394,0.383496
2827,1,0.1,0,0,1,1,1,5.71715,0.015708,0.00213059,0.00228403,0.378055,0.586523
2828,1,0.1,0,0,1,1,1,5.71715,-0.0471239,-0.0010653,0.00227606,0.412158,0.383496
2829,1,0.1,0,0,1,1,1,5.71715,0.015708,0.00426119,0.00224923,0.350025,0.383496
2830,1,0.1,0,0,1,1,1,5.71705,-0.0279253,-0.00319589,0.00228214,0.436398,0.383496
2831,1,0.1,0,0,1,1,1,5.71715,0,-0.00532648,0.00226665,0.457789,0.3271
2832,1,0.1,0,0,1,1,1,5.71715,0.010472,0.00532648,0.00219272,0.330848,0.349658
2833,1,0.1,0,0,1,1,1,5.71705,0,-0.0117183,0.00218007,0.516671,0.372217
2834,1,0.1,0,0,1,1,1,5.71715,0,-0.0149142,0.0022039,0.55497,0.3271
2835,1,0.1,0,0,1,1,1,5.71715,0.020944,-0.0149142,0.00221156,0.555981,0.439893
2836,1,0.1,0,0,1,1,1,5.71705,-0.0314159,0.00958767,0.00219207,0.283889,0.31582
2837,1,0.1,0,0,1,1,1,5.71705,0,0.0319589,0.00215209,0.0325278,0.428613
2838,1,0.1,0,0,1,1,1,5.71705,0,-0.00213059,0.00216199,0.40882,0.338379
2839,1,0.1,0,0,1,1,1,5.71705,0,-0.00639178,0.00214685,0.453694,0.338379
2840,1,0.1,0,0,1,1,1,5.71705,0,-0.00745708,0.00218616,0.470601,0.462451
2841,1,0.1,0,0,1,1,1,5.71715,-0.00349066,0.00852238,0.00217392,0.293212,0.417334
2842,1,0.1,0,0,1,1,1,5.71705,0,0.00426119,0.00218122,0.341047,0.462451
2843,1,0.1,0,0,1,1,1,5.71705,-0.00872665,-9.78459e-19,0.0021509,0.383919,0.338379
2844,1,0.1,0,0,1,1,1,5.71705,0,0.00745708,0.00215551,0.302499,0.372217
2845,1,0.1,0,0,1,1,1,5.71705,-0.0122173,0.0117183,0.00214468,0.254197,0.406055
2846,1,0.1,-4.76009e-05,-0.0952185,1,1,1,5.71705,0,-0.0149142,0.00217659,0.537283,0.383496
2847,1,0.0999966,-0.00168565,-0.555249,1,1,1,5.71715,0.00698132,0.00213059,0.00215926,0.262139,0.383496
2848,1,0.0999794,-0.00555336,-0.987165,1,1,1,5.71695,-0.00523599,0.00852238,0.0020962,0.0746948,0.248145
2849,1,0.0999376,-0.0115118,-1.39156,1,1,1,5.71695,-0.0174533,-0.00213059,0.00205913,0.0563516,0.135352
2850,1,0.099861,-0.0194234,-1.76894,1,1,1,5.71695,0,-0.0255671,0.00201806,0.157895,0.112793
2851,1,0.0997403,-0.0291583,-2.12003,1,1,1,5.71695,-0.00349066,-0.0149142,0.00191016,-0.143223,0.135352
2852,1,0.0995666,-0.0405812,-2.44523,1,1,1,5.71686,-0.0174533,-0.00852238,0.00174486,-0.422505,0.0902344
2853,1,0.0993319,-0.0535691,-2.74526,1,1,1,5.71667,-0.0174533,-0.00532648,0.00157098,-0.684261,-0.146631
2854,1,0.0990285,-0.0679944,-3.02062,1,1,1,5.71657,-0.0645772,-0.00639178,0.00134412,-0.921534,-0.439893
2855,1,0.0986498,-0.0837343,-3.27187,1,1,1,5.7158,-0.113446,-0.0564607,0.00111357,-0.633953,-0.80083
2856,1,0.0981892,-0.100674,-3.49965,1,1,1,5.71561,-0.00872665,-0.0724402,0.000885435,-0.732158,-0.845947
2857,1,0.0976412,-0.118692,-3.70448,1,1,1,5.71523,-0.0942478,-0.0884196,0.000701072,-0.834198,-0.823389
2858,1,0.0970008,-0.137678,-3.88695,1,1,1,5.71475,-0.111701,-0.103334,0.000541272,-0.952898,-0.744434
2859,1,0.096263,-0.157526,-4.0477,1,1,1,5.71408,-0.169297,-0.107595,0.000348746,-1.20148,-1.11665
2860,1,0.0954242,-0.178121,-4.18722,1,1,1,5.71331,-0.162316,-0.147011,0.000111705,-1.07694,-1.11665
2861,1,0.0944806,-0.199366,-4.30614,1,1,1,5.71226,-0.169297,-0.167252,-3.4798e-05,-1.15494,-1.18433
2862,1,0.0934296,-0.221149,-4.40498,1,1,1,5.71149,-0.195477,-0.190688,-0.000126354,-1.19311,-1.08281
2863,1,0.0922686,-0.243378,-4.48437,1,1,1,5.71005,-0.293215,-0.229039,-0.0002082,-1.06875,-1.02642
2864,1,0.0909951,-0.265964,-4.54488,1,1,1,5.709,-0.216421,-0.275912,-0.000243338,-0.84549,-0.97002
2865,1,0.0896084,-0.2888,-4.58705,1,1,1,5.70765,-0.282743,-0.2855,-0.000287892,-1.03371,-1.04897
2866,1,0.0881071,-0.311801,-4.61149,1,1,1,5.70622,-0.361283,-0.28763,-0.000337026,-1.30431,-1.06025
2867,1,0.0864902,-0.334886,-4.61876,1,1,1,5.7042,-0.350811,-0.318524,-0.00018447,-1.22987,-1.15049
2868,1,0.0847581,-0.357964,-4.60945,1,1,1,5.70296,-0.329867,-0.350483,-0.000388964,-1.189,-1.20688
2869,1,0.0829106,-0.380955,-4.58412,1,1,1,5.70075,-0.310669,-0.37818,-0.000200728,-1.13886,-1.08281
2870,1,0.080949,-0.403777,-4.54336,1,1,1,5.69951,-0.352557,-0.39416,-0.000218111,-1.24034,-1.12793
2871,1,0.0788732,-0.426364,-4.48773,1,1,1,5.69682,-0.469494,-0.408009,-0.000273297,-1.36641,-1.26328
2872,1,0.0766861,-0.448629,-4.41783,1,1,1,5.695,-0.466003,-0.429315,-0.000375783,-1.41186,-1.35352
2873,1,0.0743877,-0.470518,-4.3342,1,1,1,5.69251,-0.394444,-0.479384,-0.000446047,-1.12973,-1.52271
2874,1,0.0719817,-0.491948,-4.23747,1,1,1,5.69069,-0.446804,-0.476188,-0.00049095,-1.42171,-1.3084
2875,1,0.0694691,-0.51287,-4.12814,1,1,1,5.68762,-0.544543,-0.498559,-0.000553283,-1.4274,-1.36479
2876,1,0.0668534,-0.533215,-4.00684,1,1,1,5.6856,-0.460767,-0.53904,-0.000559243,-1.21673,-1.47759
2877,1,0.0641379,-0.552921,-3.87415,1,1,1,5.68254,-0.565487,-0.547563,-0.000564344,-1.34779,-1.252
2878,1,0.0613254,-0.571938,-3.73062,1,1,1,5.68014,-0.589921,-0.583783,-0.000535463,-1.15922,-1.252
2879,1,0.0584196,-0.590212,-3.57684,1,1,1,5.67707,-0.514872,-0.602958,-0.000543824,-1.15288,-1.29712
2880,1,0.0554248,-0.607689,-3.4134,1,1,1,5.67448,-0.675442,-0.631721,-0.00052168,-1.02545,-1.19561
2881,1,0.0523447,-0.624327,-3.24086,1,1,1,5.67094,-0.506145,-0.628525,-0.000458742,-1.23124,-1.13921
2882,1,0.0491829,-0.640084,-3.05976,1,1,1,5.66854,-0.66497,-0.637048,-0.000438615,-1.30276,-0.947461
2883,1,0.0459453,-0.654912,-2.87075,1,1,1,5.66384,-0.699877,-0.660484,-0.000415859,-1.19745,-1.29712
2884,1,0.0426356,-0.668778,-2.67434,1,1,1,5.66183,-0.486947,-0.68179,-0.00031906,-1.09122,-1.13921
2885,1,0.0392591,-0.681644,-2.47114,1,1,1,5.65742,-0.839503,-0.703096,-0.000189625,-0.966952,-0.924902
2886,1,0.0358207,-0.693479,-2.26171,1,1,1,5.65464,-0.612611,-0.712684,-0.00014668,-0.970417,-1.21816
2887,1,0.0323256,-0.704254,-2.04662,1,1,1,5.65042,-0.747001,-0.735055,-4.23242e-05,-0.80984,-1.0377
2888,1,0.0287801,-0.713937,-1.82652,1,1,1,5.64764,-0.607375,-0.740381,4.8182e-05,-0.825058,-0.902344
2889,1,0.025188,-0.722511,-1.60186,1,1,1,5.64332,-0.815069,-0.725467,0.000108044,-1.05279,-0.913623
2890,1,0.0215569,-0.729949,-1.37335,1,1,1,5.64006,-0.738274,-0.731859,0.000117717,-1.03966,-1.02642
2891,1,0.0178908,-0.736238,-1.14145,1,1,1,5.63594,-0.750492,-0.758491,0.000151513,-0.785793,-0.936182
2892,1,0.0141963,-0.74136,-0.906802,1,1,1,5.63297,-0.71384,-0.743577,0.000183187,-0.973699,-0.778271
2893,1,0.0104789,-0.745303,-0.669947,1,1,1,5.62818,-0.820305,-0.743577,0.000234516,-0.980042,-0.812109
2894,1,0.00674553,-0.748056,-0.431527,1,1,1,5.62559,-0.631809,-0.771275,0.000271379,-0.669577,-1.0377
2895,1,0.00300038,-0.749616,-0.192008,1,1,1,5.62108,-0.764454,-0.779797,0.000344718,-0.549213,-0.766992
2896,1,-0.000748797,-0.749976,0.0479228,1,1,1,5.6182,-0.703368,-0.777667,0.000373239,-0.537627,-0.766992
2897,1,-0.00449698,-0.749137,0.287752,1,1,1,5.61341,-0.792379,-0.761687,0.000495191,-0.64943,-0.688037
2898,1,-0.00823856,-0.747099,0.526927,1,1,1,5.61053,-0.675442,-0.755296,0.000566913,-0.648852,-0.665479
2899,1,-0.0119661,-0.74387,0.764782,1,1,1,5.60603,-0.820305,-0.751034,0.000609556,-0.614416,-0.552686
2900,1,-0.0156751,-0.739455,1.00083,1,1,1,5.60296,-0.727802,-0.748904,0.00064911,-0.542905,-0.620361
2901,1,-0.0193587,-0.733866,1.23443,1,1,1,5.59865,-0.778417,-0.757426,0.000722738,-0.334677,-0.394775
2902,1,-0.0230116,-0.727116,1.46504,1,1,1,5.59577,-0.678933,-0.747838,0.000734084,-0.321233,-0.428613
2903,1,-0.0266276,-0.719222,1.69208,1,1,1,5.59136,-0.731293,-0.729728,0.000750727,-0.386884,-0.462451
2904,1,-0.0302022,-0.710201,1.91502,1,1,1,5.58829,-0.752237,-0.716945,0.00076002,-0.38191,-0.462451
2905,1,-0.0337278,-0.70008,2.13316,1,1,1,5.58417,-0.731293,-0.722271,0.000803819,-0.160397,-0.541406
2906,1,-0.0372011,-0.688878,2.34607,1,1,1,5.58129,-0.668461,-0.704161,0.000773347,-0.194615,-0.417334
2907,1,-0.0406156,-0.676626,2.55309,1,1,1,5.57717,-0.698132,-0.672202,0.000833451,-0.357581,-0.428613
2908,1,-0.0439655,-0.663359,2.75361,1,1,1,5.57458,-0.630064,-0.667941,0.000838459,-0.212188,-0.214307
2909,1,-0.0472475,-0.649102,2.94717,1,1,1,5.57065,-0.659734,-0.680725,0.000893759,0.138516,-0.214307
2910,1,-0.0504551,-0.6339,3.13307,1,1,1,5.56816,-0.607375,-0.66368,0.000946964,0.171359,-0.124072
2911,1,-0.0535846,-0.617787,3.31081,1,1,1,5.56452,-0.593412,-0.61148,0.000921917,-0.182761,-0.214307
2912,1,-0.0566313,-0.600807,3.47979,1,1,1,5.56193,-0.652753,-0.595501,0.000900518,-0.128617,-0.203027
2913,1,-0.0595913,-0.583004,3.63946,1,1,1,5.55848,-0.532325,-0.585913,0.000853689,0.00138928,-0.248145
2914,1,-0.0624602,-0.564428,3.78921,1,1,1,5.55637,-0.563741,-0.562477,0.000816572,-0.0118024,-0.203027
2915,1,-0.0652344,-0.545129,3.92848,1,1,1,5.55291,-0.534071,-0.528387,0.000752342,-0.13793,-0.203027
2916,1,-0.0679104,-0.525162,4.05669,1,1,1,5.55081,-0.497419,-0.53691,0.000705923,0.213341,-0.169189
2917,1,-0.070485,-0.504582,4.17327,1,1,1,5.54783,-0.507891,-0.513473,0.000689409,0.223132,-0.0676758
2918,1,-0.0729554,-0.483449,4.27763,1,1,1,5.54592,-0.467748,-0.483645,0.00064857,0.164269,-0.0338379
2919,1,-0.0753184,-0.461829,4.3692,1,1,1,5.54323,-0.417134,-0.451686,0.000604793,0.0859996,0
2920,1,-0.0775727,-0.439781,4.44741,1,1,1,5.5416,-0.413643,-0.433576,0.000527658,0.158481,0.0563965
2921,1,-0.079716,-0.417374,4.5117,1,1,1,5.53901,-0.378736,-0.393095,0.000435963,-0.0147309,0.101514
2922,1,-0.0817459,-0.394689,4.56145,1,1,1,5.53738,-0.411898,-0.386703,0.000340795,0.187256,0.146631
2923,1,-0.0836624,-0.371787,4.59612,1,1,1,5.53527,-0.298451,-0.348352,0.000216204,0.0342004,0.124072
2924,1,-0.0854636,-0.348754,4.61512,1,1,1,5.53393,-0.378736,-0.346222,0.00015166,0.287457,0.135352
2925,1,-0.0871499,-0.325661,4.61788,1,1,1,5.53211,-0.260054,-0.314263,6.59839e-05,0.207967,0.101514
2926,1,-0.0887206,-0.302598,4.60382,1,1,1,5.53086,-0.305433,-0.275912,-6.43664e-05,0.0487158,0.101514
2927,1,-0.0901761,-0.279652,4.57236,1,1,1,5.52933,-0.247837,-0.255671,-0.000181759,0.0862459,0.101514
2928,1,-0.0915174,-0.256905,4.52293,1,1,1,5.52837,-0.232129,-0.240757,-0.000303229,0.17651,0.0451172
2929,1,-0.0927456,-0.234453,4.45496,1,1,1,5.52703,-0.211185,-0.185362,-0.000509866,-0.19714,0.0338379
2930,1,-0.0938624,-0.212391,4.36787,1,1,1,5.52626,-0.193732,-0.172578,-0.000672798,-0.103906,0.0338379
2931,1,-0.0948703,-0.190808,4.26107,1,1,1,5.5253,-0.169297,-0.149142,-0.000858489,-0.140314,-0.0338379
2932,1,-0.0957715,-0.169815,4.13401,1,1,1,5.52463,-0.127409,-0.135293,-0.0010259,-0.0788709,-0.0338379
2933,1,-0.0965695,-0.149504,3.98609,1,1,1,5.52396,-0.13439,-0.109726,-0.00122335,-0.162116,-0.0338379
2934,1,-0.0972678,-0.12999,3.81676,1,1,1,5.52358,-0.0872665,-0.0916155,-0.00141162,-0.175184,-0.0563965
2935,1,-0.0978709,-0.111373,3.62538,1,1,1,5.523,-0.0837758,-0.0735055,-0.00161101,-0.204567,-0.112793
2936,1,-0.0983833,-0.093772,3.41146,1,1,1,5.52281,-0.0418879,-0.0415466,-0.00182247,-0.403708,-0.135352
2937,1,-0.0988105,-0.077298,3.17437,1,1,1,5.52252,-0.0488692,-0.0553954,-0.00201814,-0.114316,-0.146631
2938,1,-0.0991584,-0.0620671,2.91354,1,1,1,5.52243,-0.0226893,-0.0010653,-0.00226455,-0.600648,-0.281982
2939,1,-0.0994335,-0.0482025,2.62843,1,1,1,5.52214,-0.0366519,-0.01811,-0.00250984,-0.323271,-0.530127
2940,1,-0.0996429,-0.0358247,2.31842,1,1,1,5.52214,0.0174533,0.00852238,-0.00273791,-0.545241,-0.428613
2941,1,-0.0997944,-0.0250602,1.98294,1,1,1,5.52214,0,-0.00532648,-0.00293237,-0.341267,-0.47373
2942,1,-0.0998964,-0.0160375,1.6214,1,1,1,5.52214,-0.00872665,-0.010653,-0.00306214,-0.246249,-0.541406
2943,1,-0.0999579,-0.00889108,1.23338,1,1,1,5.52223,0,-0.00639178,-0.00318195,-0.281986,-0.451172
2944,1,-0.0999886,-0.00375018,0.817997,1,1,1,5.52223,0,0.0191753,-0.00322862,-0.569514,-0.383496
2945,1,-0.099999,-0.000756283,0.37496,1,1,1,5.52223,0,0.0117183,-0.0032617,-0.522362,-0.3271
2946,1,-0.1,-0,-0,1,1,1,5.52223,-0.00872665,-0.010653,-0.00328102,-0.327395,-0.417334
2947,1,-0.1,-0,-0,1,1,1,5.52223,0.0261799,-0.00213059,-0.00330162,-0.42784,-0.338379
2948,1,-0.1,-0,-0,1,1,1,5.52223,-0.0139626,-0.00745708,-0.00331841,-0.375863,-0.496289
2949,1,-0.1,-0,-0,1,1,1,5.52223,0,0.01811,-0.00333103,-0.662605,-0.48501
2950,1,-0.1,-0,-0,1,1,1,5.52223,0,-0.010653,-0.00334689,-0.352943,-0.541406
2951,1,-0.1,-0,-0,1,1,1,5.52223,0,0.00532648,-0.00338006,-0.537468,-0.620361
2952,1,-0.1,-0,-0,1,1,1,5.52214,0,0.00745708,-0.00340922,-0.569244,-0.48501
2953,1,-0.1,-0,-0,1,1,1,5.52214,0,-0.00319589,-0.00339391,-0.454019,-0.496289
2954,1,-0.1,-0,-0,1,1,1,5.52223,0.00872665,-0.00426119,-0.00343068,-0.451977,-0.530127
2955,1,-0.1,-0,-0,1,1,1,5.52214,0,0.00745708,-0.00340937,-0.581559,-0.394775
2956,1,-0.1,-0,-0,1,1,1,5.52214,0,-0.0117183,-0.00344401,-0.380167,-0.507568
2957,1,-0.1,-0,-0,1,1,1,5.52223,0.00523599,0.00958767,-0.00344759,-0.619089,-0.575244
2958,1,-0.1,-0,-0,1,1,1,5.52214,0,0.00213059,-0.0034598,-0.543199,-0.496289
2959,1,-0.1,-0,-0,1,1,1,5.52214,0,0.0223712,-0.00347291,-0.77181,-0.496289
2960,1,-0.1,-0,-0,1,1,1,5.52214,0,0.00852238,-0.0034942,-0.626822,-0.563965
2961,1,-0.1,-0,-0,1,1,1,5.52214,0,0.00426119,-0.00348729,-0.583053,-0.48501
2962,1,-0.1,-0,-0,1,1,1,5.52214,0,0.00532648,-0.00348414,-0.598238,-0.496289
2963,1,-0.1,-0,-0,1,1,1,5.52214,0,0.0127836,-0.00352114,-0.689972,-0.462451
2964,1,-0.1,-0,-0,1,1,1,5.52214,-0.0174533,0.0138489,-0.00355228,-0.710651,-0.620361
2965,1,-0.1,-0,-0,1,1,1,5.52214,0,0.00213059,-0.00358743,-0.591694,-0.64292
2966,1,-0.1,-0,-0,1,1,1,5.52214,0,0.00639178,-0.00358198,-0.641946,-0.541406
2967,1,-0.1,-0,-0,1,1,1,5.52214,0,0.028763,-0.00359247,-0.890599,-0.575244
2968,1,-0.1,-0,-0,1,1,1,5.52214,0,0.0191753,-0.00362723,-0.789723,-0.586523
2969,1,-0.1,-0,-0,1,1,1,5.52214,-0.00872665,-0.0159795,-0.00360681,-0.400325,-0.620361
2970,1,-0.1,-0,-0,1,1,1,5.52214,0,-1.63077e-18,-0.00364053,-0.58055,-0.676758
2971,1,-0.1,-0,-0,1,1,1,5.52214,0,0.010653,-0.00366835,-0.701405,-0.744434
2972,1,-0.1,-0,-0,1,1,1,5.52214,0,-0.0234365,-0.00369959,-0.330544,-0.755713
2973,1,-0.1,-0,-0,1,1,1,5.52214,0.015708,-0.00213059,-0.00368943,-0.563568,-0.586523
2974,1,-0.1,-0,-0,1,1,1,5.52214,-0.00872665,-0.0202406,-0.00371264,-0.367422,-0.778271
2975,1,-0.1,-0,-0,1,1,1,5.52214,0.00698132,-0.00426119,-0.00371768,-0.54386,-0.688037
2976,1,-0.1,-0,-0,1,1,1,5.52214,0,0.00532648,-0.00370045,-0.647051,-0.64292
2977,1,-0.1,-0,-0,1,1,1,5.52204,-0.0191986,-0.00319589,-0.00374458,-0.559129,-0.710596
2978,1,-0.1,-0,-0,1,1,1,5.52204,0.00872665,9.78459e-19,-0.00375998,-0.596318,-0.64292
2979,1,-0.1,-0,-0,1,1,1,5.52204,0,0.0149142,-0.00374498,-0.758393,-0.552686
2980,1,-0.1,-0,-0,1,1,1,5.52204,0,0.0170448,-0.00375461,-0.7831,-0.710596
2981,1,-0.1,-0,-0,1,1,1,5.52204,-0.00872665,0.0127836,-0.00377962,-0.739529,-0.699316
2982,1,-0.1,-0,-0,1,1,1,5.52204,0,0.00532648,-0.00376949,-0.656164,-0.64292
2983,1,-0.1,-0,-0,1,1,1,5.52204,0,1.10892e-18,-0.00380074,-0.601698,-0.64292
2984,1,-0.1,-0,-0,1,1,1,5.52204,0,0.0010653,-0.00383519,-0.617963,-0.688037
2985,1,-0.1,-0,-0,1,1,1,5.52204,0,-0.0202406,-0.00383712,-0.383852,-0.744434
2986,1,-0.1,-0,-0,1,1,1,5.52204,0.00872665,0.0223712,-0.00386112,-0.855751,-0.563965
2987,1,-0.1,-0,-0,1,1,1,5.52204,-0.00872665,-0.00745708,-0.00386609,-0.528296,-0.744434
2988,1,-0.1,-0,-0,1,1,1,5.52204,0,-0.00639178,-0.00384913,-0.537775,-0.631641
2989,1,-0.1,-0,-0,1,1,1,5.52204,0,0.00532648,-0.0038838,-0.671253,-0.744434
2990,1,-0.1,-0,-0,1,1,1,5.52204,0,0.00852238,-0.00390904,-0.709739,-0.699316
2991,1,-0.1,-0,-0,1,1,1,5.52204,0,3.26153e-19,-0.00389515,-0.61416,-0.586523
2992,1,-0.1,-0,-0,1,1,1,5.52204,0,-0.00532648,-0.00388488,-0.554213,-0.541406
2993,1,-0.1,-0,-0,1,1,1,5.52204,0.00872665,0.0010653,-0.00393259,-0.63082,-0.699316
2994,1,-0.1,-0,-0,1,1,1,5.52204,0,0.0170448,-0.00394739,-0.808547,-0.778271
2995,1,-0.1,-0,-0,1,1,1,5.52204,0,0.0117183,-0.00399467,-0.756198,-0.654199
2996,1,-0.1,-0,-0,1,1,1,5.52204,0,0.0138489,-0.00396929,-0.776284,-0.552686
2997,1,-0.1,-0,-0,1,1,1,5.52204,0,-0.00426119,-0.00395084,-0.574637,-0.530127
2998,1,-0.1,-0,-0,1,1,1,5.52204,-0.00872665,-0.0010653,-0.00398681,-0.61454,-0.733154
2999,1,-0.1,-0,-0,1,1,1,5.52204,0,0.00958767,-0.0040418,-0.738982,-0.676758
3000,1,-0.1,-0,-0,1,1,1,5.52204,0,-0.00319589,-0.00403035,-0.596851,-0.597803
3001,1,-0.1,-0,-0,1,1,1,5.52204,0,-0.00532648,-0.00404619,-0.575506,-0.676758
3002,1,-0.1,-0,-0,1,1,1,5.52204,0,0.0010653,-0.00407356,-0.649428,-0.688037
3003,1,-0.1,-0,-0,1,1,1,5.52204,0,0.00745708,-0.00407532,-0.71997,-0.575244
3004,1,-0.1,-0,-0,1,1,1,5.52204,0,0.00532648,-0.00405377,-0.693689,-0.631641
3005,1,-0.1,-0,-0,1,1,1,5.52204,0,0.00639178,-0.00407775,-0.708573,-0.665479
3006,1,-0.1,-0,-0,1,1,1,5.52204,0,-0.00426119,-0.00408943,-0.592932,-0.665479
3007,1,-0.1,-0,-0,1,1,1,5.52204,0,0.01811,-0.00412543,-0.843768,-0.778271
3008,1,-0.1,-0,-0,1,1,1,5.52204,0,0.00532648,-0.00413663,-0.704627,-0.64292
3009,1,-0.1,-0,-0,1,1,1,5.52204,0,-0.0010653,-0.00412055,-0.632195,-0.496289
3010,1,-0.1,-0,-0,1,1,1,5.52204,-0.00872665,0.00426119,-0.00413045,-0.692092,-0.631641
3011,1,-0.1,-0,-0,1,1,1,5.52204,0,-0.0138489,-0.00414254,-0.494478,-0.778271
3012,1,-0.1,-0,-0,1,1,1,5.52204,0,1.17415e-18,-0.00415196,-0.648059,-0.64292
3013,1,-0.1,-0,-0,1,1,1,5.52204,0,0.0117183,-0.00420322,-0.783726,-0.710596
3014,1,-0.1,-0,-0,1,1,1,5.52204,0,0.00958767,-0.00422344,-0.762959,-0.699316
3015,1,-0.1,-0,-0,1,1,1,5.52204,0,-0.00958767,-0.00420641,-0.549782,-0.699316
3016,1,-0.1,-0,-0,1,1,1,5.52204,0,0.0138489,-0.00420945,-0.807985,-0.676758
3017,1,-0.1,-0,-0,1,1,1,5.52204,-0.015708,0.0127836,-0.00420551,-0.795747,-0.699316
3018,1,-0.1,-0,-0,1,1,1,5.52204,0,0.0213059,-0.0042425,-0.894376,-0.766992
3019,1,-0.1,-0,-0,1,1,1,5.52195,-0.0226893,0.0170448,-0.00427796,-0.852183,-0.778271
3020,1,-0.1,-0,-0,1,1,1,5.52204,0.00872665,-0.0266324,-0.00425679,-0.368939,-0.710596
3021,1,-0.1,-0,-0,1,1,1,5.52204,0.00349066,0.00319589,-0.00426321,-0.697898,-0.665479
3022,1,-0.1,-0,-0,1,1,1,5.52204,0,0.00745708,-0.0042436,-0.742183,-0.676758
3023,1,-0.1,-0,-0,1,1,1,5.52204,-0.00872665,0.00639178,-0.00426705,-0.73356,-0.654199
3024,1,-0.1,-0,-0,1,1,1,5.52204,0,-0.0010653,-0.00425361,-0.649758,-0.609082
3025,1,-0.1,-0,-0,1,1,1,5.52204,0,-8.47998e-19,-0.00424009,-0.659692,-0.620361
3026,1,-0.1,-0,-0,1,1,1,5.52204,0,0.00426119,-0.00425839,-0.708981,-0.778271
3027,1,-0.1,-0,-0,1,1,1,5.52204,0,-0.0159795,-0.00423372,-0.483077,-0.597803
3028,1,-0.1,-0,-0,1,1,1,5.52204,0,-0.00639178,-0.00421103,-0.585546,-0.48501
3029,1,-0.1,-0,-0,1,1,1,5.52204,0,-0.00319589,-0.00422455,-0.622486,-0.665479
3030,1,-0.1,-0,-0,1,1,1,5.52204,0,0.0010653,-0.00421729,-0.6684,-0.609082
3031,1,-0.1,-0,-0,1,1,1,5.52204,0,-0.00319589,-0.00422403,-0.622417,-0.654199
3032,1,-0.1,-0,-0,1,1,1,5.52204,0,0.00532648,-0.00425617,-0.720406,-0.631641
3033,1,-0.1,-0,-0,1,1,1,5.52195,0,0.00319589,-0.0042389,-0.69469,-0.676758
3034,1,-0.1,-0,-0,1,1,1,5.52195,0,-0.00532648,-0.00424652,-0.601949,-0.688037
3035,1,-0.1,-0,-0,1,1,1,5.52195,0,2.60922e-19,-0.00419756,-0.654077,-0.609082
3036,1,-0.1,-0,-0,1,1,1,5.52195,0,0.028763,-0.00418252,-0.968486,-0.541406
3037,1,-0.1,-0,-0,1,1,1,5.52195,0,-0.00426119,-0.00417281,-0.603938,-0.620361
3038,1,-0.1,-0,-0,1,1,1,5.52204,0,-0.0117183,-0.00412977,-0.516229,-0.631641
3039,1,-0.1,-0,-0,1,1,1,5.52204,0,0.00213059,-0.00412193,-0.667532,-0.699316
3040,1,-0.1,-0,-0,1,1,1,5.52195,0,0.0202406,-0.00413695,-0.868725,-0.597803
3041,1,-0.1,-0,-0,1,1,1,5.52195,0,0.00532648,-0.00412321,-0.702855,-0.676758
3042,1,-0.1,-0,-0,1,1,1,5.52195,0,-0.00319589,-0.0040988,-0.605887,-0.721875
3043,1,-0.1,-0,-0,1,1,1,5.52204,0,-0.00745708,-0.00410719,-0.560122,-0.688037
3044,1,-0.1,-0,-0,1,1,1,5.52204,0,0.00639178,-0.00414331,-0.717226,-0.64292
3045,1,-0.1,-0,-0,1,1,1,5.52195,0,0.01811,-0.00414135,-0.845868,-0.665479
3046,1,-0.1,-0,-0,1,1,1,5.52195,0,-0.0159795,-0.00416079,-0.47345,-0.733154
3047,1,-0.1,-0,-0,1,1,1,5.52195,0.0139626,-0.00745708,-0.00416061,-0.567173,-0.676758
3048,1,-0.1,-0,-0,1,1,1,5.52195,0,0.00639178,-0.00418835,-0.723172,-0.688037
3049,1,-0.1,-0,-0,1,1,1,5.52195,0,-0.00213059,-0.00424021,-0.636271,-0.64292
3050,1,-0.1,-0,-0,1,1,1,5.52195,-0.00872665,-0.00958767,-0.00423101,-0.553029,-0.552686
3051,1,-0.1,-0,-0,1,1,1,5.52204,0,0.00639178,-0.00423662,-0.729544,-0.654199
3052,1,-0.1,-0,-0,1,1,1,5.52195,0,-0.00958767,-0.00428328,-0.559928,-0.789551
3053,1,-0.1,-0,-0,1,1,1,5.52195,0,-0.00426119,-0.00426899,-0.616634,-0.789551
3054,1,-0.1,-0,-0,1,1,1,5.52195,0.00349066,0.00532648,-0.00426499,-0.72157,-0.631641
3055,1,-0.1,-0,-0,1,1,1,5.52195,0,-0.00319589,-0.00425767,-0.626858,-0.654199
3056,1,-0.1,-0,-0,1,1,1,5.52195,0,0.0117183,-0.00424124,-0.788745,-0.665479
3057,1,-0.1,-0,-0,1,1,1,5.52195,0,0.0138489,-0.0042177,-0.809074,-0.609082
3058,1,-0.1,-0,-0,1,1,1,5.52195,0,-0.01811,-0.00422116,-0.457983,-0.733154
3059,1,-0.1,-0,-0,1,1,1,5.52195,0,-0.00639178,-0.00421918,-0.586623,-0.620361
3060,1,-0.1,-0,-0,1,1,1,5.52195,0,0.00213059,-0.00420629,-0.678667,-0.586523
3061,1,-0.1,-0,-0,1,1,1,5.52195,0,-0.00745708,-0.00420865,-0.573514,-0.710596
3062,1,-0.1,-0,-0,1,1,1,5.52195,0,0.0010653,-0.00420755,-0.667115,-0.597803
3063,1,-0.1,-0,-0,1,1,1,5.52195,0,-2.21784e-18,-0.00423023,-0.65839,-0.597803
3064,1,-0.1,-0,-0,1,1,1,5.52195,0,0.00852238,-0.00425312,-0.755158,-0.812109
3065,1,-0.1,-0,-0,1,1,1,5.52195,0,-0.0319589,-0.00424943,-0.309376,-0.688037
3066,1,-0.1,-0,-0,1,1,1,5.52195,0,0.0234365,-0.00429324,-0.92451,-0.530127
3067,1,-0.1,-0,-0,1,1,1,5.52195,-0.0122173,-0.00639178,-0.00428002,-0.594653,-0.597803
3068,1,-0.1,-0,-0,1,1,1,5.52195,0,0.0010653,-0.00427457,-0.675962,-0.631641
3069,1,-0.1,-0,-0,1,1,1,5.52195,0,0.010653,-0.00428779,-0.783171,-0.631641
3070,1,-0.1,-0,-0,1,1,1,5.52195,0,-1.696e-18,-0.00424207,-0.659953,-0.518848
3071,1,-0.1,-0,-0,1,1,1,5.52195,0,-0.00319589,-0.00424357,-0.624996,-0.665479
3072,1,-0.1,-0,-0,1,1,1,5.52195,0,0.00745708,-0.00426858,-0.74548,-0.755713
3073,1,-0.1,-0,-0,1,1,1,5.52195,-0.0139626,0.0149142,-0.00429214,-0.830618,-0.80083
3074,1,-0.1,-0,-0,1,1,1,5.52195,0.00872665,-0.00426119,-0.00430084,-0.620837,-0.823389
3075,1,-0.1,-0,-0,1,1,1,5.52195,0,0.0010653,-0.00431119,-0.680795,-0.654199
3076,1,-0.1,-0,-0,1,1,1,5.52195,0,0.00852238,-0.00434262,-0.766972,-0.710596
3077,1,-0.1,-0,-0,1,1,1,5.52195,0,-0.0138489,-0.00430977,-0.516552,-0.699316
3078,1,-0.1,-0,-0,1,1,1,5.52195,0,-0.00426119,-0.00427663,-0.617643,-0.699316
3079,1,-0.1,-0,-0,1,1,1,5.52195,0,-0.0010653,-0.00428596,-0.654028,-0.609082
3080,1,-0.1,-0,-0,1,1,1,5.52195,0,0.00958767,-0.004298,-0.7728,-0.665479
3081,1,-0.1,-0,-0,1,1,1,5.52195,0,-0.0010653,-0.00427538,-0.652632,-0.575244
3082,1,-0.1,-0,-0,1,1,1,5.52195,-0.0174533,0.00213059,-0.00428738,-0.68937,-0.620361
3083,1,-0.1,-0,-0,1,1,1,5.52195,0,7.17537e-19,-0.00429366,-0.666763,-0.688037
3084,1,-0.1,-0,-0,1,1,1,5.52195,-0.015708,0.0159795,-0.00432465,-0.846628,-0.778271
3085,1,-0.1,-0,-0,1,1,1,5.52195,0,-0.00958767,-0.00432909,-0.565976,-0.733154
3086,1,-0.1,-0,-0,1,1,1,5.52195,0,-0.00958767,-0.00433954,-0.567354,-0.755713
3087,1,-0.1,-0,-0,1,1,1,5.52195,0.00174533,0.0127836,-0.0043483,-0.814595,-0.631641
3088,1,-0.1,-0,-0,1,1,1,5.52185,-0.00174533,0.0010653,-0.00438041,-0.689933,-0.744434
3089,1,-0.1,-0,-0,1,1,1,5.52195,0,0.00213059,-0.00443355,-0.708665,-0.823389
3090,1,-0.1,-0,-0,1,1,1,5.52185,0,-0.00852238,-0.00445508,-0.594324,-0.755713
3091,1,-0.1,-0,-0,1,1,1,5.52185,0,1.10892e-18,-0.00447131,-0.690213,-0.744434
3092,1,-0.1,-0,-0,1,1,1,5.52185,0,-0.0223712,-0.0044276,-0.438359,-0.620361
3093,1,-0.1,-0,-0,1,1,1,5.52195,0.00523599,-0.0010653,-0.00444969,-0.675641,-0.857227
3094,1,-0.1,-0,-0,1,1,1,5.52195,0.0174533,0.00958767,-0.00445665,-0.793742,-0.631641
3095,1,-0.1,-0,-0,1,1,1,5.52195,0,0.0117183,-0.00444308,-0.815387,-0.64292
3096,1,-0.1,-0,-0,1,1,1,5.52195,0,0.00426119,-0.0044285,-0.731435,-0.789551
3097,1,-0.1,-0,-0,1,1,1,5.52185,-0.00349066,-0.0010653,-0.00447624,-0.679145,-0.812109
3098,1,-0.1,-0,-0,1,1,1,5.52185,0,0.0117183,-0.00446211,-0.8179,-0.710596
3099,1,-0.1,-0,-0,1,1,1,5.52185,0,0.00532648,-0.00446629,-0.748141,-0.620361
3100,1,-0.1,-0,-0,1,1,1,5.52185,-0.015708,0.00958767,-0.00447865,-0.796646,-0.868506
3101,1,-0.1,-0,-0,1,1,1,5.52185,0,-0.0138489,-0.004471,-0.537835,-0.665479
3102,1,-0.1,-0,-0,1,1,1,5.52185,0,-0.0149142,-0.00447854,-0.527112,-0.710596
3103,1,-0.1,-0,-0,1,1,1,5.52185,0,0.00213059,-0.004473,-0.713872,-0.597803
3104,1,-0.1,-0,-0,1,1,1,5.52185,0,-0.0010653,-0.00450257,-0.682622,-0.766992
3105,1,-0.1,-0,-0,1,1,1,5.52185,0,-0.00852238,-0.00448784,-0.598648,-0.654199
3106,1,-0.1,-0,-0,1,1,1,5.52185,0,0.00319589,-0.00449204,-0.728105,-0.620361
3107,1,-0.1,-0,-0,1,1,1,5.52185,0,0.00319589,-0.00450093,-0.729278,-0.676758
3108,1,-0.1,-0,-0,1,1,1,5.52185,0,-0.0010653,-0.00454148,-0.687757,-0.778271
3109,1,-0.1,-0,-0,1,1,1,5.52185,0,-0.00213059,-0.00454011,-0.675858,-0.586523
3110,1,-0.1,-0,-0,1,1,1,5.52185,0,0.00213059,-0.00451939,-0.719996,-0.563965
3111,1,-0.1,-0,-0,1,1,1,5.52185,0,-0.0117183,-0.00456706,-0.573951,-0.924902
3112,1,-0.1,-0,-0,1,1,1,5.52185,0,0.00852238,-0.00455789,-0.795388,-0.665479
3113,1,-0.1,-0,-0,1,1,1,5.52185,0,-0.0213059,-0.00452295,-0.462664,-0.631641
3114,1,-0.1,-0,-0,1,1,1,5.52185,0,-0.0127836,-0.00451844,-0.555815,-0.789551
3115,1,-0.1,-0,-0,1,1,1,5.52185,0,0.00532648,-0.00451028,-0.753948,-0.699316
3116,1,-0.1,-0,-0,1,1,1,5.52185,0,-0.0223712,-0.00450891,-0.449092,-0.744434
3117,1,-0.1,-0,-0,1,1,1,5.52185,0.010472,0.0010653,-0.00449576,-0.705159,-0.688037
3118,1,-0.1,-0,-0,1,1,1,5.52185,0,-0.00958767,-0.004488,-0.586951,-0.665479
3119,1,-0.1,-0,-0,1,1,1,5.52185,0,0.00639178,-0.00447908,-0.761549,-0.665479
3120,1,-0.1,-0,-0,1,1,1,5.52185,0,0.00213059,-0.00445713,-0.711777,-0.620361
3121,1,-0.1,-0,-0,1,1,1,5.52185,0,0.0223712,-0.00447348,-0.936583,-0.699316
3122,1,-0.1,-0,-0,1,1,1,5.52185,0,-0.0138489,-0.00445286,-0.53544,-0.733154
3123,1,-0.1,-0,-0,1,1,1,5.52185,0,-0.00213059,-0.00449469,-0.669862,-0.766992
3124,1,-0.1,-0,-0,1,1,1,5.52185,0,0.010653,-0.0045048,-0.811816,-0.699316
3125,1,-0.1,-0,-0,1,1,1,5.52185,0,0.0191753,-0.00451956,-0.907511,-0.631641
3126,1,-0.1,-0,-0,1,1,1,5.52185,0,0.00319589,-0.00451902,-0.731666,-0.665479
3127,1,-0.1,-0,-0,1,1,1,5.52185,0,1.95692e-19,-0.00452073,-0.696737,-0.654199
3128,1,-0.1,-0,-0,1,1,1,5.52185,0,-0.0213059,-0.0045104,-0.461007,-0.665479
3129,1,-0.1,-0,-0,1,1,1,5.52185,0,-0.00958767,-0.00453037,-0.592545,-0.766992
3130,1,-0.1,-0,-0,1,1,1,5.52185,0,-0.0213059,-0.00451799,-0.462009,-0.665479
3131,1,-0.1,-0,-0,1,1,1,5.52185,0.00872665,0.00213059,-0.00450401,-0.717966,-0.823389
3132,1,-0.1,-0,-0,1,1,1,5.52185,0.0174533,1.04369e-18,-0.0045122,-0.69561,-0.631641
3133,1,-0.1,-0,-0,1,1,1,5.52185,0,-0.00213059,-0.00453156,-0.674729,-0.688037
3134,1,-0.1,-0,-0,1,1,1,5.52185,0,0.00319589,-0.00449676,-0.728728,-0.597803
3135,1,-0.1,-0,-0,1,1,1,5.52185,0,0.00319589,-0.00452096,-0.731921,-0.80083
3136,1,-0.1,-0,-0,1,1,1,5.52185,0,0.0202406,-0.00458059,-0.927285,-0.744434
3137,1,-0.1,-0,-0,1,1,1,5.52185,0,0.00852238,-0.00458258,-0.798646,-0.665479
3138,1,-0.1,-0,-0,1,1,1,5.52185,0,0.0138489,-0.00463146,-0.86369,-0.676758
3139,1,-0.1,-0,-0,1,1,1,5.52185,0,0.00532648,-0.00466374,-0.774205,-0.766992
3140,1,-0.1,-0,-0,1,1,1,5.52176,-0.00523599,-0.00213059,-0.00465429,-0.69093,-0.676758
3141,1,-0.1,-0,-0,1,1,1,5.52185,0,-0.00958767,-0.00467565,-0.611722,-0.744434
3142,1,-0.1,-0,-0,1,1,1,5.52185,0,0.0138489,-0.00469254,-0.871752,-0.744434
3143,1,-0.1,-0,-0,1,1,1,5.52185,0,0.00532648,-0.00466946,-0.77496,-0.64292
3144,1,-0.1,-0,-0,1,1,1,5.52185,0,-0.0159795,-0.00471961,-0.547215,-0.744434
3145,1,-0.1,-0,-0,1,1,1,5.52185,0,-1.23938e-18,-0.00476541,-0.729034,-0.789551
3146,1,-0.1,4.76989e-05,0.0953161,1,1,1,5.52176,-0.00523599,-0.0010653,-0.00475458,-0.701788,-0.755713
3147,1,-0.0999966,0.00168611,0.555322,1,1,1,5.52176,0,-0.0255671,-0.0047208,-0.34244,-0.733154
3148,1,-0.0999794,0.00555348,0.987176,1,1,1,5.52185,0.0174533,-0.00639178,-0.00468652,-0.440041,-0.541406
3149,1,-0.0999376,0.0115121,1.39157,1,1,1,5.52185,0.0139626,0.0010653,-0.00464566,-0.386034,-0.394775
3150,1,-0.099861,0.019424,1.76896,1,1,1,5.52185,0,-0.00852238,-0.00459777,-0.123399,-0.439893
3151,1,-0.0997403,0.0291579,2.12002,1,1,1,5.52195,0.0191986,0.010653,-0.00450458,-0.152492,-0.349658
3152,1,-0.0995666,0.0405814,2.44524,1,1,1,5.52195,0.0174533,0.00852238,-0.00434633,0.0784924,-0.225586
3153,1,-0.0993319,0.0535701,2.74528,1,1,1,5.52204,0.00698132,-0.00426119,-0.00415827,0.446285,-0.146631
3154,1,-0.0990286,0.0679923,3.02058,1,1,1,5.52204,0.015708,0.00639178,-0.00391069,0.578337,-0.0451172
3155,1,-0.0986498,0.0837333,3.27185,1,1,1,5.52214,0.0226893,0.0170448,-0.00355108,0.740343,0.15791
3156,1,-0.0981893,0.100671,3.49961,1,1,1,5.52233,0.0645772,0.0255671,-0.00313752,0.946178,0.575244
3157,1,-0.0976413,0.118689,3.70444,1,1,1,5.52291,0.0226893,0.0553954,-0.00274611,0.924913,1.04897
3158,1,-0.0970007,0.13768,3.88697,1,1,1,5.5231,0.0610865,0.0564607,-0.00236127,1.22777,1.09409
3159,1,-0.0962629,0.157527,4.04771,1,1,1,5.52358,0.0959931,0.0756361,-0.00198944,1.33739,1.08281
3160,1,-0.0954241,0.178123,4.18722,1,1,1,5.52406,0.143117,0.120379,-0.00162238,1.17232,1.252
3161,1,-0.0944807,0.199363,4.30612,1,1,1,5.52492,0.10472,0.125705,-0.00126999,1.44361,1.38735
3162,1,-0.0934297,0.221149,4.40498,1,1,1,5.52559,0.165806,0.171513,-0.00105779,1.25329,1.31968
3163,1,-0.0922684,0.243382,4.48438,1,1,1,5.52655,0.197222,0.185362,-0.000837152,1.41787,1.12793
3164,1,-0.0909953,0.26596,4.54487,1,1,1,5.52751,0.242601,0.220516,-0.000590768,1.35432,1.26328
3165,1,-0.0896083,0.288801,4.58705,1,1,1,5.52895,0.253073,0.240757,-0.00033941,1.45632,1.42119
3166,1,-0.0881069,0.311803,4.61149,1,1,1,5.5301,0.274017,0.297218,-0.000146966,1.15117,1.42119
3167,1,-0.0864905,0.334882,4.61876,1,1,1,5.53173,0.284489,0.296153,4.46397e-05,1.47654,1.50015
3168,1,-0.084758,0.357964,4.60945,1,1,1,5.53316,0.363028,0.343026,0.000218698,1.2708,1.52271
3169,1,-0.082911,0.38095,4.58413,1,1,1,5.53489,0.296706,0.343026,0.000370907,1.57331,1.45503
3170,1,-0.0809488,0.403779,4.54336,1,1,1,5.53671,0.460767,0.385637,0.000477052,1.39632,1.42119
3171,1,-0.0788733,0.426363,4.48773,1,1,1,5.53892,0.408407,0.405878,0.000539488,1.45379,1.33096
3172,1,-0.0766856,0.448634,4.41781,1,1,1,5.54083,0.472984,0.422923,0.000630732,1.54458,1.37607
3173,1,-0.0743877,0.470518,4.3342,1,1,1,5.54352,0.47822,0.467665,0.000656097,1.31479,1.26328
3174,1,-0.0719815,0.491951,4.23746,1,1,1,5.54534,0.459022,0.480449,0.0006359,1.42155,1.39863
3175,1,-0.0694691,0.512871,4.12814,1,1,1,5.54831,0.555015,0.506016,0.000644276,1.38397,1.19561
3176,1,-0.0668537,0.533212,4.00686,1,1,1,5.55033,0.47473,0.543301,0.000618107,1.20385,1.27456
3177,1,-0.0641383,0.552918,3.87417,1,1,1,5.55378,0.55676,0.540106,0.000658795,1.46896,1.55654
3178,1,-0.0613251,0.571939,3.73061,1,1,1,5.55617,0.570723,0.574195,0.000649239,1.30713,1.38735
3179,1,-0.0584201,0.590208,3.57687,1,1,1,5.55943,0.60912,0.585913,0.000641023,1.3804,1.20688
3180,1,-0.055425,0.607688,3.41341,1,1,1,5.56193,0.621337,0.630656,0.000575467,1.07112,1.27456
3181,1,-0.0523443,0.624329,3.24084,1,1,1,5.56557,0.575959,0.658354,0.000511086,0.937506,1.11665
3182,1,-0.049183,0.640083,3.05977,1,1,1,5.56835,0.706858,0.649831,0.000423052,1.18592,1.13921
3183,1,-0.0459448,0.654914,2.87072,1,1,1,5.57228,0.631809,0.693508,0.000350238,0.85072,1.08281
3184,1,-0.0426354,0.668779,2.67433,1,1,1,5.57477,0.68766,0.683921,0.000275947,1.08764,1.08281
3185,1,-0.0392591,0.681644,2.47114,1,1,1,5.57909,0.678933,0.680725,0.000244948,1.24707,1.11665
3186,1,-0.0358206,0.69348,2.2617,1,1,1,5.58168,0.654498,0.705227,0.000207829,1.08809,1.01514
3187,1,-0.032326,0.704252,2.04665,1,1,1,5.58628,0.750492,0.702031,0.000178028,1.22055,1.08281
3188,1,-0.02878,0.713938,1.82651,1,1,1,5.58887,0.631809,0.724402,0.000129239,1.05499,1.08281
3189,1,-0.0251884,0.72251,1.60188,1,1,1,5.59357,0.849975,0.732924,0.000140039,1.03624,1.17305
3190,1,-0.0215565,0.72995,1.37332,1,1,1,5.59673,0.71733,0.751034,9.44612e-05,0.88929,1.33096
3191,1,-0.017891,0.736238,1.14146,1,1,1,5.60085,0.738274,0.757426,4.36778e-05,0.855507,1.07153
3192,1,-0.0141967,0.741359,0.906829,1,1,1,5.60392,0.727802,0.75423,-5.64737e-05,0.904365,0.924902
3193,1,-0.0104791,0.745302,0.669961,1,1,1,5.60852,0.809833,0.760622,-0.000159065,0.832509,0.812109
3194,1,-0.00674535,0.748057,0.431516,1,1,1,5.61149,0.710349,0.786189,-0.000304998,0.528877,0.733154
3195,1,-0.00300042,0.749616,0.192011,1,1,1,5.61581,0.802851,0.769144,-0.000422794,0.682169,0.688037
3196,1,0.000748581,0.749976,-0.0479089,1,1,1,5.61907,0.7662,0.727598,-0.000486946,1.09796,0.654199
3197,1,0.00449715,0.749137,-0.287762,1,1,1,5.62367,0.853466,0.753165,-0.000943078,0.710065,0.845947
3198,1,0.00823808,0.7471,-0.526896,1,1,1,5.62635,0.58294,0.753165,-0.00101099,0.639354,0.766992
3199,1,0.0119667,0.743869,-0.764817,1,1,1,5.63086,0.806342,0.761687,-0.000691402,0.511502,0.48501
3200,1,0.0156744,0.739456,-1.00078,1,1,1,5.63374,0.738274,0.745708,-0.000698884,0.596768,0.688037
3201,1,0.0193587,0.733866,-1.23443,1,1,1,5.63834,0.71384,0.738251,-0.00107521,0.525413,0.439893
3202,1,0.0230113,0.727116,-1.46503,1,1,1,5.64093,0.68766,0.732924,-0.00104771,0.470893,0.496289
3203,1,0.0266276,0.719222,-1.69208,1,1,1,5.64572,0.776672,0.709488,-0.00101249,0.602827,0.620361
3204,1,0.0302015,0.710203,-1.91497,1,1,1,5.6485,0.649262,0.721206,-0.00105492,0.323725,0.462451
3205,1,0.0337286,0.700078,-2.13321,1,1,1,5.65243,0.684169,0.723337,-0.00111884,0.133467,0.383496
3206,1,0.0372007,0.68888,-2.34604,1,1,1,5.65531,0.696386,0.708422,-0.00120614,0.114315,0.214307
3207,1,0.0406153,0.676628,-2.55307,1,1,1,5.65914,0.633555,0.691378,-0.00125898,0.111538,0.225586
3208,1,0.0439657,0.663358,-2.75363,1,1,1,5.66192,0.720821,0.673268,-0.00130962,0.109047,0.214307
3209,1,0.0472472,0.649103,-2.94715,1,1,1,5.66576,0.572468,0.658354,-0.00132098,0.066362,0.304541
3210,1,0.0504548,0.633901,-3.13306,1,1,1,5.66815,0.6353,0.614676,-0.00122668,0.344908,0.203027
3211,1,0.0535847,0.617786,-3.31082,1,1,1,5.67218,0.619592,0.594436,-0.00116671,0.351173,0.31582
3212,1,0.0566315,0.600806,-3.47981,1,1,1,5.67429,0.539307,0.581652,-0.00109719,0.267559,0.3271
3213,1,0.0595915,0.583003,-3.63947,1,1,1,5.67774,0.542797,0.572064,-0.00106629,0.134036,0.15791
3214,1,0.0624602,0.564428,-3.78921,1,1,1,5.67995,0.541052,0.526257,-0.000972869,0.399735,0.124072
3215,1,0.0652346,0.545128,-3.92849,1,1,1,5.68302,0.541052,0.529453,-0.000907305,0.116187,0.135352
3216,1,0.0679101,0.525164,-4.05668,1,1,1,5.68503,0.466003,0.506016,-0.000821883,0.121229,0.0789551
3217,1,0.070485,0.504582,-4.17327,1,1,1,5.688,0.488692,0.485775,-0.000719209,0.0884336,0.225586
3218,1,0.072955,0.483452,-4.27762,1,1,1,5.68982,0.432842,0.454882,-0.000617538,0.167834,0.180469
3219,1,0.0753189,0.461825,-4.36921,1,1,1,5.69241,0.436332,0.444229,-0.000568711,0.0123352,0.0112793
3220,1,0.077573,0.439778,-4.44742,1,1,1,5.69404,0.415388,0.435706,-0.000459015,-0.1605,0.0902344
3221,1,0.0797158,0.417377,-4.51169,1,1,1,5.69653,0.392699,0.409074,-0.000379144,-0.141269,-0.0112793
3222,1,0.0817461,0.394687,-4.56145,1,1,1,5.69826,0.417134,0.41227,-0.000383955,-0.464152,0.0563965
3223,1,0.0836622,0.371789,-4.59612,1,1,1,5.70037,0.329867,0.36007,-0.000362822,-0.174742,0.0338379
3224,1,0.0854639,0.34875,-4.61512,1,1,1,5.70161,0.289725,0.352613,-0.000371374,-0.380986,-0.0789551
3225,1,0.0871497,0.325665,-4.61788,1,1,1,5.70324,0.286234,0.308936,-0.000340408,-0.18143,-0.101514
3226,1,0.0887204,0.302602,-4.60382,1,1,1,5.70449,0.336849,0.284434,-0.000277959,-0.184964,-0.146631
3227,1,0.0901762,0.27965,-4.57236,1,1,1,5.70612,0.218166,0.272716,-0.000188475,-0.320813,-0.124072
3228,1,0.0915173,0.256907,-4.52294,1,1,1,5.70698,0.20944,0.235431,-6.73912e-05,-0.165962,-0.169189
3229,1,0.0927455,0.234457,-4.45497,1,1,1,5.70833,0.204204,0.223712,6.90168e-05,-0.283126,-0.225586
3230,1,0.0938626,0.212388,-4.36786,1,1,1,5.709,0.162316,0.166186,0.000286719,0.122708,-0.101514
3231,1,0.0948704,0.190806,-4.26106,1,1,1,5.70996,0.148353,0.153403,0.000503044,0.0461416,-0.101514
3232,1,0.0957716,0.169811,-4.13399,1,1,1,5.71044,0.113446,0.10653,0.000773943,0.362379,0
3233,1,0.0965695,0.149504,-3.98608,1,1,1,5.71111,0.10821,0.0990726,0.00101887,0.253609,0.101514
3234,1,0.0972679,0.129987,-3.81672,1,1,1,5.71149,0.0802851,0.0628525,0.00134025,0.485571,0.203027
3235,1,0.0978708,0.111376,-3.62541,1,1,1,5.71187,0.0506145,0.0543301,0.00173093,0.438486,0.383496
3236,1,0.0983834,0.0937709,-3.41144,1,1,1,5.71216,0.0942478,0.0170448,0.00210113,0.720271,0.552686
3237,1,0.0988105,0.0772987,-3.17439,1,1,1,5.71254,0.0314159,-0.0010653,0.00242481,0.802093,0.47373
3238,1,0.0991583,0.06207,-2.91359,1,1,1,5.71254,0.020944,-0.00745708,0.0026946,0.766151,0.597803
3239,1,0.0994335,0.0482018,-2.62841,1,1,1,5.71264,0.0453786,0.00426119,0.0029503,0.549441,0.541406
3240,1,0.0996429,0.0358251,-2.31843,1,1,1,5.71274,0,-0.0159795,0.00315364,0.698385,0.518848
3241,1,0.0997944,0.0250606,-1.98295,1,1,1,5.71264,0.00872665,-0.0308936,0.0033346,0.808944,0.541406
3242,1,0.0998964,0.0160389,-1.62146,1,1,1,5.71264,-0.0174533,-0.0191753,0.00348188,0.64696,0.575244
3243,1,0.0999579,0.00889045,-1.23334,1,1,1,5.71264,0,0.00213059,0.00354792,0.394129,0.349658
3244,1,0.0999886,0.00375104,-0.818088,1,1,1,5.71254,-0.0139626,-0.00426119,0.00363217,0.477182,0.406055
3245,1,0.099999,0.000756151,-0.374928,1,1,1,5.71254,0,-0.010653,0.00363109,0.577653,0.541406
3246,1,0.1,0,0,1,1,1,5.71254,0,-0.0117183,0.00367637,0.644427,0.64292
3247,1,0.1,0,0,1,1,1,5.71254,0,-0.00745708,0.00372571,0.609556,0.609082
3248,1,0.1,0,0,1,1,1,5.71254,0.0174533,-0.0117183,0.00372676,0.661197,0.563965
3249,1,0.1,0,0,1,1,1,5.71254,0.00872665,-0.010653,0.00367969,0.646746,0.338379
3250,1,0.1,0,0,1,1,1,5.71245,0,0.0223712,0.00365789,0.285197,0.552686
3251,1,0.1,0,0,1,1,1,5.71245,-0.0488692,-0.00958767,0.00364798,0.638903,0.552686
3252,1,0.1,0,0,1,1,1,5.71245,0.00872665,-0.0191753,0.00364499,0.747834,0.439893
3253,1,0.1,0,0,1,1,1,5.71254,0.0191986,0.0138489,0.00363535,0.38783,0.563965
3254,1,0.1,0,0,1,1,1,5.71254,-0.0314159,0.0010653,0.00362562,0.531328,0.47373
3255,1,0.1,0,0,1,1,1,5.71254,0.00698132,-0.0202406,0.00362857,0.770276,0.518848
3256,1,0.1,0,0,1,1,1,5.71254,0,0.0127836,0.00360081,0.407267,0.530127
3257,1,0.1,0,0,1,1,1,5.71254,-0.00872665,0.0138489,0.00358708,0.397728,0.530127
3258,1,0.1,0,0,1,1,1,5.71254,0,0.00639178,0.00357387,0.481805,0.563965
3259,1,0.1,0,0,1,1,1,5.71254,-0.00349066,0.00213059,0.00356112,0.530767,0.462451
3260,1,0.1,0,0,1,1,1,5.71254,0.00349066,0.010653,0.00351492,0.434585,0.541406
3261,1,0.1,0,0,1,1,1,5.71245,0,-0.0010653,0.00350369,0.565962,0.586523
3262,1,0.1,0,0,1,1,1,5.71254,0,-0.00319589,0.00349827,0.592749,0.496289
3263,1,0.1,0,0,1,1,1,5.71254,0.0418879,0.00213059,0.00350529,0.539262,0.676758
3264,1,0.1,0,0,1,1,1,5.71254,-0.0418879,3.26153e-19,0.00350963,0.563271,0.552686
3265,1,0.1,0,0,1,1,1,5.71264,0.0191986,0.00958767,0.00351172,0.458083,0.699316
3266,1,0.1,0,0,1,1,1,5.71254,-0.0610865,0.0170448,0.00349652,0.374049,0.372217
3267,1,0.1,0,0,1,1,1,5.71254,0.00872665,0.00532648,0.00351637,0.505569,0.665479
3268,1,0.1,0,0,1,1,1,5.71264,0.00698132,-0.00958767,0.00353076,0.671525,0.530127
3269,1,0.1,0,0,1,1,1,5.71264,0.0279253,-0.00213059,0.00354291,0.591101,0.631641
3270,1,0.1,0,0,1,1,1,5.71254,-0.015708,0.0170448,0.00354849,0.380908,0.64292
3271,1,0.1,0,0,1,1,1,5.71254,-0.0349066,-0.00532648,0.00354698,0.626793,0.575244
3272,1,0.1,0,0,1,1,1,5.71254,0,0.00319589,0.0035345,0.531399,0.439893
3273,1,0.1,0,0,1,1,1,5.71254,0,-0.00532648,0.00349933,0.620502,0.406055
3274,1,0.1,0,0,1,1,1,5.71254,-0.00872665,0.0127836,0.00348394,0.419261,0.406055
3275,1,0.1,0,0,1,1,1,5.71254,-0.0279253,0.00426119,0.00347952,0.512423,0.496289
3276,1,0.1,0,0,1,1,1,5.71254,0.00872665,0.00958767,0.00347962,0.453846,0.394775
3277,1,0.1,0,0,1,1,1,5.71254,-0.0261799,-7.82767e-19,0.0034753,0.55874,0.372217
3278,1,0.1,0,0,1,1,1,5.71254,0.0436332,0.00639178,0.00345993,0.486401,0.496289
3279,1,0.1,0,0,1,1,1,5.71254,-0.0139626,0.0213059,0.00339988,0.314419,0.349658
3280,1,0.1,0,0,1,1,1,5.71254,0,-0.0170448,0.00343044,0.74031,0.31582
3281,1,0.1,0,0,1,1,1,5.71254,0.0366519,-0.0127836,0.00342995,0.693373,0.349658
3282,1,0.1,0,0,1,1,1,5.71254,0,0.00319589,0.00342885,0.517454,0.631641
3283,1,0.1,0,0,1,1,1,5.71254,-0.0279253,0.0010653,0.00340046,0.537142,0.451172
3284,1,0.1,0,0,1,1,1,5.71254,0.00523599,0.00426119,0.00341761,0.504251,0.597803
3285,1,0.1,0,0,1,1,1,5.71264,-0.0279253,0.00426119,0.00341862,0.504385,0.64292
3286,1,0.1,0,0,1,1,1,5.71254,0,-0.0138489,0.00340238,0.701451,0.552686
3287,1,0.1,0,0,1,1,1,5.71254,0.00872665,-0.00639178,0.00342063,0.621833,0.552686
3288,1,0.1,0,0,1,1,1,5.71264,0,0.0170448,0.00340922,0.362525,0.575244
3289,1,0.1,0,0,1,1,1,5.71254,-0.0174533,0.0159795,0.00339606,0.372506,0.609082
3290,1,0.1,0,0,1,1,1,5.71264,0.00872665,-0.00852238,0.00337888,0.639758,0.47373
3291,1,0.1,0,0,1,1,1,5.71264,0.0418879,0.00213059,0.0034033,0.525799,0.563965
3292,1,0.1,0,0,1,1,1,5.71264,-0.00349066,0.00852238,0.00335554,0.449185,0.530127
3293,1,0.1,0,0,1,1,1,5.71254,0.0191986,0.00745708,0.00336977,0.462782,0.620361
3294,1,0.1,0,0,1,1,1,5.71254,0,-0.00213059,0.00337869,0.569424,0.699316
3295,1,0.1,0,0,1,1,1,5.71254,0,-0.0191753,0.00341,0.761049,0.552686
3296,1,0.1,0,0,1,1,1,5.71264,0.020944,0.0138489,0.00341542,0.398497,0.64292
3297,1,0.1,0,0,1,1,1,5.71254,-0.0191986,0.00426119,0.00339179,0.500843,0.620361
3298,1,0.1,0,0,1,1,1,5.71254,0,-0.00319589,0.0033813,0.581487,0.518848
3299,1,0.1,0,0,1,1,1,5.71254,0,0.00426119,0.00339374,0.5011,0.597803
3300,1,0.1,0,0,1,1,1,5.71254,0,0.00213059,0.00337215,0.521687,0.349658
3301,1,0.1,0,0,1,1,1,5.71254,0.015708,-2.15261e-18,0.00339565,0.548225,0.654199
3302,1,0.1,0,0,1,1,1,5.71264,0,-0.00532648,0.00338477,0.605381,0.552686
3303,1,0.1,0,0,1,1,1,5.71254,0.020944,-0.00426119,0.00338441,0.593616,0.462451
3304,1,0.1,0,0,1,1,1,5.71254,0,-0.00319589,0.00339181,0.582874,0.552686
3305,1,0.1,0,0,1,1,1,5.71254,0,0.00532648,0.00334533,0.482992,0.507568
3306,1,0.1,0,0,1,1,1,5.71254,-0.00698132,0.0149142,0.0033114,0.373049,0.47373
3307,1,0.1,0,0,1,1,1,5.71254,0,6.52306e-20,0.00329007,0.53429,0.462451
3308,1,0.1,0,0,1,1,1,5.71254,0,0.00213059,0.00329146,0.511036,0.338379
3309,1,0.1,0,0,1,1,1,5.71254,0.0174533,0.0159795,0.00326479,0.355178,0.586523
3310,1,0.1,0,0,1,1,1,5.71254,-0.020944,-0.0117183,0.00327162,0.660754,0.563965
3311,1,0.1,0,0,1,1,1,5.71254,0.00523599,-0.00852238,0.00328257,0.627046,0.31582
3312,1,0.1,0,0,1,1,1,5.71254,0.0174533,0.0234365,0.00324651,0.270738,0.462451
3313,1,0.1,0,0,1,1,1,5.71245,-0.020944,0.00426119,0.00323959,0.480752,0.507568
3314,1,0.1,0,0,1,1,1,5.71264,0.0366519,-0.00745708,0.00324706,0.610639,0.563965
3315,1,0.1,0,0,1,1,1,5.71254,0,-0.0159795,0.00322503,0.701478,0.48501
3316,1,0.1,0,0,1,1,1,5.71254,-0.0383972,0.0149142,0.00318979,0.356996,0.394775
3317,1,0.1,0,0,1,1,1,5.71254,0.00872665,0.00639178,0.00315144,0.44568,0.406055
3318,1,0.1,0,0,1,1,1,5.71245,0,0.00213059,0.00317422,0.49556,0.530127
3319,1,0.1,0,0,1,1,1,5.71264,-0.0174533,-0.00213059,0.0032114,0.547341,0.710596
3320,1,0.1,0,0,1,1,1,5.71254,0,-0.0202406,0.00319125,0.743892,0.620361
3321,1,0.1,0,0,1,1,1,5.71254,0.0401426,0.0191753,0.00315335,0.305313,0.552686
3322,1,0.1,0,0,1,1,1,5.71254,-0.0331613,0.0138489,0.00310333,0.357303,0.31582
3323,1,0.1,0,0,1,1,1,5.71254,0.0174533,0.0010653,0.00307716,0.494467,0.383496
3324,1,0.1,0,0,1,1,1,5.71254,0,-0.00852238,0.00309816,0.602703,0.496289
3325,1,0.1,0,0,1,1,1,5.71254,0.00698132,0.0010653,0.00310096,0.497608,0.563965
3326,1,0.1,0,0,1,1,1,5.71254,-0.00872665,0.00213059,0.00311465,0.487698,0.541406
3327,1,0.1,0,0,1,1,1,5.71254,0,0.00852238,0.00307915,0.412702,0.48501
3328,1,0.1,0,0,1,1,1,5.71254,0,0.00426119,0.00306111,0.457194,0.48501
3329,1,0.1,0,0,1,1,1,5.71254,0,-0.00532648,0.00306848,0.56363,0.496289
3330,1,0.1,0,0,1,1,1,5.71254,0.0191986,-0.00319589,0.00302187,0.534042,0.439893
3331,1,0.1,0,0,1,1,1,5.71254,0.00872665,0.0276977,0.00300949,0.192578,0.518848
3332,1,0.1,0,0,1,1,1,5.71254,0,0.0149142,0.00300951,0.333199,0.48501
3333,1,0.1,0,0,1,1,1,5.71254,0,-0.00319589,0.00302128,0.533963,0.586523
3334,1,0.1,0,0,1,1,1,5.71254,0.00872665,0.010653,0.00296105,0.373676,0.507568
3335,1,0.1,0,0,1,1,1,5.71245,0,-0.00213059,0.00296768,0.515171,0.552686
3336,1,0.1,0,0,1,1,1,5.71254,0,-0.00745708,0.00292723,0.568423,0.462451
3337,1,0.1,0,0,1,1,1,5.71254,0.0279253,-0.0117183,0.00292873,0.615493,0.507568
3338,1,0.1,0,0,1,1,1,5.71254,0,0.0138489,0.00288839,0.32893,0.372217
3339,1,0.1,0,0,1,1,1,5.71254,-0.00698132,0.00745708,0.00291532,0.402795,0.552686
3340,1,0.1,0,0,1,1,1,5.71254,0.00698132,1.82646e-18,0.0028983,0.482575,0.394775
3341,1,0.1,0,0,1,1,1,5.71245,0,-0.0010653,0.0028852,0.492565,0.372217
3342,1,0.1,0,0,1,1,1,5.71254,0,-0.0213059,0.00288965,0.715799,0.64292
3343,1,0.1,0,0,1,1,1,5.71254,0,0.00319589,0.00286003,0.442369,0.417334
3344,1,0.1,0,0,1,1,1,5.71245,0,-0.0159795,0.00284575,0.651413,0.417334
3345,1,0.1,0,0,1,1,1,5.71254,0.0226893,0.0117183,0.00281369,0.342507,0.530127
3346,1,0.1,0,0,1,1,1,5.71245,-0.0366519,0.00852238,0.00276028,0.370595,0.428613
3347,1,0.1,0,0,1,1,1,5.71245,0,-0.0127836,0.00274166,0.602518,0.338379
3348,1,0.1,0,0,1,1,1,5.71245,0.00349066,-0.010653,0.00279823,0.586549,0.530127
3349,1,0.1,0,0,1,1,1,5.71254,0,0.0223712,0.00278281,0.221248,0.48501
3350,1,0.1,0,0,1,1,1,5.71245,0,0.00745708,0.00277892,0.38479,0.259424
3351,1,0.1,0,0,1,1,1,5.71254,0,0.00532648,0.00280721,0.411961,0.530127
3352,1,0.1,0,0,1,1,1,5.71254,0,0.00745708,0.00280685,0.388477,0.428613
3353,1,0.1,0,0,1,1,1,5.71245,0,-0.0010653,0.00279291,0.480383,0.563965
3354,1,0.1,0,0,1,1,1,5.71245,-0.00872665,-0.0010653,0.00278752,0.479671,0.609082
3355,1,0.1,0,0,1,1,1,5.71245,0,-0.00213059,0.00280083,0.493146,0.439893
3356,1,0.1,0,0,1,1,1,5.71254,0.0174533,-0.01811,0.00278433,0.666743,0.439893
3357,1,0.1,0,0,1,1,1,5.71254,0.0366519,0.0234365,0.00275988,0.206503,0.360938
3358,1,0.1,0,0,1,1,1,5.71245,-0.0471239,0.0127836,0.00275,0.322381,0.383496
3359,1,0.1,0,0,1,1,1,5.71254,0,-0.00958767,0.00275482,0.5691,0.541406
3360,1,0.1,0,0,1,1,1,5.71254,0,0.00532648,0.00274794,0.404136,0.496289
3361,1,0.1,0,0,1,1,1,5.71245,-0.00872665,-0.0149142,0.00274133,0.625912,0.3271
3362,1,0.1,0,0,1,1,1,5.71245,0,-0.00213059,0.00270216,0.480122,0.383496
3363,1,0.1,0,0,1,1,1,5.71245,0.00872665,-0.00319589,0.00269554,0.490966,0.417334
3364,1,0.1,0,0,1,1,1,5.71254,0.0174533,-0.010653,0.00267861,0.570759,0.451172
3365,1,0.1,0,0,1,1,1,5.71245,0.020944,0.0127836,0.00264342,0.308312,0.406055
3366,1,0.1,0,0,1,1,1,5.71245,-0.0191986,0.0117183,0.0026839,0.325374,0.496289
3367,1,0.1,0,0,1,1,1,5.71245,-0.0314159,-0.00532648,0.00265441,0.508973,0.47373
3368,1,0.1,0,0,1,1,1,5.71245,0,-0.00213059,0.00268492,0.477846,0.541406
3369,1,0.1,0,0,1,1,1,5.71254,-0.0226893,0.010653,0.00268644,0.337428,0.496289
3370,1,0.1,0,0,1,1,1,5.71245,0,0.00213059,0.00268017,0.430346,0.236865
3371,1,0.1,0,0,1,1,1,5.71254,0,0.0010653,0.00264259,0.437104,0.383496
3372,1,0.1,0,0,1,1,1,5.71245,0,0.00213059,0.00264445,0.425631,0.47373
3373,1,0.1,0,0,1,1,1,5.71245,-0.0366519,2.41353e-18,0.00264654,0.449343,0.47373
3374,1,0.1,0,0,1,1,1,5.71245,0.015708,0.00213059,0.00263921,0.424939,0.586523
3375,1,0.1,0,0,1,1,1,5.71245,-0.00349066,0.00532648,0.00262866,0.388392,0.496289
3376,1,0.1,0,0,1,1,1,5.71245,0.00698132,0.0245018,0.00261519,0.175685,0.383496
3377,1,0.1,0,0,1,1,1,5.71245,-0.0191986,-0.00532648,0.00261336,0.503555,0.48501
3378,1,0.1,0,0,1,1,1,5.71245,0.00349066,0.0138489,0.00260766,0.291874,0.281982
3379,1,0.1,0,0,1,1,1,5.71245,0,-0.0170448,0.00261339,0.63246,0.360938
3380,1,0.1,0,0,1,1,1,5.71245,0.0174533,-0.00639178,0.00262154,0.516353,0.360938
3381,1,0.1,0,0,1,1,1,5.71245,0,0.0170448,0.00261514,0.257706,0.530127
3382,1,0.1,0,0,1,1,1,5.71245,-0.0296706,-0.0127836,0.00261906,0.586335,0.394775
3383,1,0.1,0,0,1,1,1,5.71254,0.00174533,0.00532648,0.00262207,0.387522,0.406055
3384,1,0.1,0,0,1,1,1,5.71245,-0.0401426,0.0213059,0.0025887,0.207343,0.439893
3385,1,0.1,0,0,1,1,1,5.71245,-0.0139626,-0.00426119,0.00256457,0.485397,0.507568
3386,1,0.1,0,0,1,1,1,5.71245,0,-0.00639178,0.00256257,0.508569,0.31582
3387,1,0.1,0,0,1,1,1,5.71254,0,0.0010653,0.00255582,0.42565,0.394775
3388,1,0.1,0,0,1,1,1,5.71245,0,0.0213059,0.0025321,0.199872,0.406055
3389,1,0.1,0,0,1,1,1,5.71245,-0.0383972,0.00426119,0.00252503,0.386432,0.48501
3390,1,0.1,0,0,1,1,1,5.71245,0.0261799,0.00639178,0.00250315,0.360106,0.270703
3391,1,0.1,0,0,1,1,1,5.71245,0,0.0159795,0.00248341,0.252036,0.406055
3392,1,0.1,0,0,1,1,1,5.71245,-0.0139626,0.0170448,0.00249216,0.241472,0.428613
3393,1,0.1,0,0,1,1,1,5.71245,-0.0226893,0.00532648,0.00249786,0.371126,0.417334
3394,1,0.1,0,0,1,1,1,5.71245,0.0331613,0.00213059,0.00247297,0.402995,0.406055
3395,1,0.1,0,0,1,1,1,5.71245,0,0.00958767,0.00245818,0.319016,0.372217
3396,1,0.1,0,0,1,1,1,5.71245,0.00174533,0.010653,0.00244419,0.30545,0.451172
3397,1,0.1,0,0,1,1,1,5.71245,-0.0174533,-0.00639178,0.00240892,0.488287,0.304541
3398,1,0.1,0,0,1,1,1,5.71245,0.0244346,-0.00639178,0.00242609,0.490553,0.563965
3399,1,0.1,0,0,1,1,1,5.71245,-0.0261799,0.0117183,0.00243692,0.292773,0.417334
3400,1,0.1,0,0,1,1,1,5.71245,0.0366519,-0.0138489,0.00245226,0.576036,0.586523
3401,1,0.1,0,0,1,1,1,5.71245,-0.00174533,-0.0149142,0.00248023,0.591446,0.428613
3402,1,0.1,0,0,1,1,1,5.71254,0.0418879,0.010653,0.00246603,0.308333,0.586523
3403,1,0.1,0,0,1,1,1,5.71235,-0.0174533,0.0223712,0.00245914,0.178523,0.496289
3404,1,0.1,0,0,1,1,1,5.71254,0.0174533,0.0010653,0.00243236,0.409353,0.417334
3405,1,0.1,0,0,1,1,1,5.71245,0,-0.0010653,0.00241054,0.42991,0.406055
3406,1,0.1,0,0,1,1,1,5.71245,0,-0.00532648,0.00242355,0.4785,0.47373
3407,1,0.1,0,0,1,1,1,5.71245,0,-0.0149142,0.00242531,0.584196,0.360938
3408,1,0.1,0,0,1,1,1,5.71245,0,-0.0170448,0.00241888,0.606785,0.406055
3409,1,0.1,0,0,1,1,1,5.71245,0.0226893,0.0010653,0.00244992,0.411671,0.428613
3410,1,0.1,0,0,1,1,1,5.71245,0,-0.00426119,0.00245943,0.471517,0.530127
3411,1,0.1,0,0,1,1,1,5.71245,0,-0.00426119,0.00240275,0.464036,0.338379
3412,1,0.1,0,0,1,1,1,5.71235,-0.00349066,0.0149142,0.00238362,0.250583,0.360938
3413,1,0.1,0,0,1,1,1,5.71245,-0.0139626,0.00639178,0.00234781,0.339602,0.31582
3414,1,0.1,0,0,1,1,1,5.71245,0.0331613,-0.00319589,0.00232668,0.442277,0.304541
3415,1,0.1,0,0,1,1,1,5.71245,0,0.0127836,0.00233634,0.267778,0.462451
3416,1,0.1,0,0,1,1,1,5.71245,-0.00174533,0.00958767,0.00230261,0.298479,0.3271
3417,1,0.1,0,0,1,1,1,5.71235,0.00523599,-0.00319589,0.00232986,0.442696,0.507568
3418,1,0.1,0,0,1,1,1,5.71245,0,-0.00213059,0.00232909,0.430876,0.383496
3419,1,0.1,0,0,1,1,1,5.71245,0.0174533,-0.00532648,0.00231378,0.46401,0.3271
3420,1,0.1,0,0,1,1,1,5.71235,0,0.00532648,0.00231024,0.34636,0.338379
3421,1,0.1,0,0,1,1,1,5.71245,-0.00698132,-0.00532648,0.00231735,0.464481,0.451172
3422,1,0.1,0,0,1,1,1,5.71245,0.00174533,-0.0117183,0.00231874,0.534975,0.47373
3423,1,0.1,0,0,1,1,1,5.71245,0,0.0117183,0.00231256,0.276358,0.428613
3424,1,0.1,0,0,1,1,1,5.71245,0,-0.00532648,0.00231477,0.464142,0.360938
3425,1,0.1,0,0,1,1,1,5.71235,0,-0.00319589,0.00228458,0.436719,0.304541
3426,1,0.1,0,0,1,1,1,5.71235,0,-0.00639178,0.00227245,0.470272,0.462451
3427,1,0.1,0,0,1,1,1,5.71245,0,0.00639178,0.00223372,0.324542,0.3271
3428,1,0.1,0,0,1,1,1,5.71235,0,0.0127836,0.00222047,0.252483,0.372217
3429,1,0.1,0,0,1,1,1,5.71235,-0.010472,-0.0138489,0.00222627,0.546204,0.270703
3430,1,0.1,0,0,1,1,1,5.71245,0.0331613,0.0170448,0.00215202,0.196575,0.259424
3431,1,0.1,0,0,1,1,1,5.71235,0,0.0191753,0.002123,0.169307,0.281982
3432,1,0.1,0,0,1,1,1,5.71235,0.00523599,0.00745708,0.0021241,0.298354,0.304541
3433,1,0.1,0,0,1,1,1,5.71235,-0.00872665,0.00426119,0.00212186,0.333213,0.3271
3434,1,0.1,0,0,1,1,1,5.71235,0,-0.00639178,0.00207641,0.444396,0.214307
3435,1,0.1,0,0,1,1,1,5.71235,0.0139626,0.00852238,0.00205469,0.277474,0.281982
3436,1,0.1,0,0,1,1,1,5.71235,0,0.0308936,0.00202029,0.0268481,0.236865
3437,1,0.1,0,0,1,1,1,5.71235,-0.0383972,0.00852238,0.00201448,0.272165,0.338379
3438,1,0.1,0,0,1,1,1,5.71235,0,-0.00213059,0.00198935,0.386031,0.180469
3439,1,0.1,0,0,1,1,1,5.71235,0,0.00426119,0.00202017,0.319789,0.270703
3440,1,0.1,0,0,1,1,1,5.71235,0,0.0245018,0.0020106,0.0958793,0.293262
3441,1,0.1,0,0,1,1,1,5.71235,0,0.00639178,0.00198242,0.29137,0.281982
3442,1,0.1,0,0,1,1,1,5.71235,0.00523599,0.0308936,0.00197174,0.02044,0.383496
3443,1,0.1,0,0,1,1,1,5.71226,-0.0453786,-0.0138489,0.00198779,0.514726,0.248145
3444,1,0.1,0,0,1,1,1,5.71235,0.0645772,0.00426119,0.00200128,0.317296,0.406055
3445,1,0.1,0,0,1,1,1,5.71235,-0.0436332,-0.0010653,0.00199942,0.375642,0.259424
3446,1,0.1,-4.76242e-05,-0.0952417,1,1,1,5.71235,0.0453786,0.00213059,0.00198272,0.324195,0.417334
3447,1,0.0999966,-0.0016859,-0.555289,1,1,1,5.71235,-0.00523599,1.36984e-18,0.00196356,0.259734,0.349658
3448,1,0.0999794,-0.00555347,-0.987175,1,1,1,5.71235,0.00349066,-0.0117183,0.00192755,0.275072,0.248145
3449,1,0.0999376,-0.0115122,-1.39158,1,1,1,5.71226,0,-0.0010653,0.00191118,0.0250861,0.236865
3450,1,0.099861,-0.0194237,-1.76895,1,1,1,5.71226,0,-0.0010653,0.00182985,-0.136795,0.214307
3451,1,0.0997403,-0.0291583,-2.12003,1,1,1,5.71216,-0.00349066,-0.00213059,0.00171078,-0.31061,0.112793
3452,1,0.0995666,-0.0405827,-2.44527,1,1,1,5.71207,-0.0191986,-0.0117183,0.0015915,-0.407689,-0.0451172
3453,1,0.0993319,-0.0535697,-2.74528,1,1,1,5.71197,-0.0261799,-0.00745708,0.00142576,-0.680228,-0.0563965
3454,1,0.0990285,-0.0679934,-3.0206,1,1,1,5.71168,-0.0802851,-0.00958767,0.00117966,-0.909097,-0.349658
3455,1,0.0986498,-0.083734,-3.27186,1,1,1,5.71072,-0.137881,-0.0255671,0.000939318,-0.998042,-0.710596
3456,1,0.0981892,-0.100673,-3.49963,1,1,1,5.71053,-0.0296706,-0.0745708,0.000795071,-0.721313,-0.676758
3457,1,0.0976413,-0.11869,-3.70446,1,1,1,5.71015,-0.109956,-0.113987,0.000658436,-0.558489,-0.721875
3458,1,0.0970007,-0.137681,-3.88698,1,1,1,5.70967,-0.1309,-0.111856,0.000563525,-0.854682,-0.834668
3459,1,0.096263,-0.157526,-4.04769,1,1,1,5.7089,-0.148353,-0.135293,0.000449603,-0.88086,-0.755713
3460,1,0.0954241,-0.178122,-4.18722,1,1,1,5.70813,-0.202458,-0.141684,0.000338533,-1.09977,-0.868506
3461,1,0.0944807,-0.199365,-4.30613,1,1,1,5.70727,-0.193732,-0.14275,0.000252112,-1.37846,-0.733154
3462,1,0.0934296,-0.22115,-4.40498,1,1,1,5.70641,-0.242601,-0.199211,0.000141548,-1.05651,-0.902344
3463,1,0.0922687,-0.243377,-4.48436,1,1,1,5.70478,-0.223402,-0.242888,6.1917e-05,-0.873085,-1.07153
3464,1,0.0909953,-0.265962,-4.54487,1,1,1,5.70401,-0.228638,-0.242888,-1.76249e-05,-1.17094,-1.09409
3465,1,0.0896085,-0.288799,-4.58705,1,1,1,5.70229,-0.324631,-0.266324,-0.000134483,-1.21769,-1.13921
3466,1,0.0881068,-0.311806,-4.61149,1,1,1,5.70114,-0.225147,-0.306806,-0.000158673,-1.06283,-1.01514
3467,1,0.0864903,-0.334885,-4.61876,1,1,1,5.6997,-0.324631,-0.30361,-0.000230692,-1.39393,-1.02642
3468,1,0.0847583,-0.357961,-4.60945,1,1,1,5.69807,-0.436332,-0.32385,-0.000367174,-1.47465,-1.252
3469,1,0.0829108,-0.380953,-4.58412,1,1,1,5.69586,-0.3735,-0.368593,-0.000479379,-1.27961,-1.50015
3470,1,0.080949,-0.403777,-4.54336,1,1,1,5.69433,-0.366519,-0.390964,-0.00057747,-1.32406,-1.20688
3471,1,0.0788732,-0.426364,-4.48773,1,1,1,5.69212,-0.363028,-0.426119,-0.000628126,-1.21599,-1.35352
3472,1,0.0766859,-0.44863,-4.41783,1,1,1,5.69049,-0.453786,-0.44849,-0.000708977,-1.24711,-1.35352
3473,1,0.0743877,-0.470518,-4.3342,1,1,1,5.68762,-0.415388,-0.454882,-0.000785866,-1.44656,-1.46631
3474,1,0.0719813,-0.491952,-4.23745,1,1,1,5.68589,-0.443314,-0.483645,-0.000810732,-1.38485,-1.40991
3475,1,0.0694694,-0.512868,-4.12815,1,1,1,5.68292,-0.548033,-0.499624,-0.000818965,-1.45294,-1.29712
3476,1,0.0668535,-0.533214,-4.00684,1,1,1,5.68071,-0.534071,-0.541171,-0.000791182,-1.22588,-1.252
3477,1,0.0641381,-0.55292,-3.87416,1,1,1,5.67784,-0.486947,-0.560346,-0.000741868,-1.23168,-1.13921
3478,1,0.0613254,-0.571937,-3.73062,1,1,1,5.67554,-0.626573,-0.57526,-0.000695643,-1.27465,-1.19561
3479,1,0.0584198,-0.59021,-3.57685,1,1,1,5.6718,-0.563741,-0.589109,-0.000702986,-1.32674,-1.18433
3480,1,0.055425,-0.607688,-3.41341,1,1,1,5.66959,-0.598648,-0.605089,-0.000682896,-1.34036,-1.18433
3481,1,0.0523442,-0.624329,-3.24083,1,1,1,5.66528,-0.71384,-0.650896,-0.000636709,-1.01069,-1.09409
3482,1,0.049183,-0.640083,-3.05976,1,1,1,5.66298,-0.527089,-0.664745,-0.000505549,-1.0067,-0.97002
3483,1,0.0459451,-0.654913,-2.87073,1,1,1,5.65933,-0.787143,-0.664745,-0.000387323,-1.14436,-0.913623
3484,1,0.0426353,-0.668779,-2.67432,1,1,1,5.65617,-0.785398,-0.687117,-0.000315072,-1.0307,-1.12793
3485,1,0.0392592,-0.681644,-2.47114,1,1,1,5.65253,-0.617847,-0.727598,-0.000213285,-0.699566,-1.15049
3486,1,0.0358213,-0.693478,-2.26174,1,1,1,5.64956,-0.750492,-0.686051,-0.000119083,-1.25737,-0.80083
3487,1,0.0323257,-0.704253,-2.04663,1,1,1,5.64534,-0.74002,-0.693508,-7.61836e-05,-1.27076,-1.02642
3488,1,0.0287795,-0.713939,-1.82648,1,1,1,5.64236,-0.804597,-0.704161,-8.87632e-05,-1.24298,-1.09409
3489,1,0.0251885,-0.72251,-1.60189,1,1,1,5.63805,-0.659734,-0.741447,-2.54966e-05,-0.897196,-1.10537
3490,1,0.0215566,-0.72995,-1.37333,1,1,1,5.63517,-0.71384,-0.732924,-2.07447e-06,-1.04589,-0.778271
3491,1,0.017891,-0.736238,-1.14146,1,1,1,5.63057,-0.79587,-0.753165,7.48192e-05,-0.855952,-0.981299
3492,1,0.0141962,-0.74136,-0.906794,1,1,1,5.6276,-0.734784,-0.768079,0.0001452,-0.710266,-1.04897
3493,1,0.0104789,-0.745303,-0.669948,1,1,1,5.62367,-0.668461,-0.758491,0.000227416,-0.817089,-0.778271
3494,1,0.00674561,-0.748056,-0.431532,1,1,1,5.62041,-0.846485,-0.764883,0.00029869,-0.73537,-0.766992
3495,1,0.00300056,-0.749616,-0.192019,1,1,1,5.6161,-0.706858,-0.77021,0.000362249,-0.651138,-0.733154
3496,1,-0.000749252,-0.749976,0.0479519,1,1,1,5.61264,-0.834267,-0.761687,0.000412461,-0.706266,-0.597803
3497,1,-0.00449744,-0.749137,0.287781,1,1,1,5.60843,-0.726057,-0.78832,0.000465814,-0.360289,-0.710596
3498,1,-0.00823849,-0.747099,0.526922,1,1,1,5.60517,-0.799361,-0.749969,0.000547732,-0.708951,-0.462451
3499,1,-0.011966,-0.74387,0.764775,1,1,1,5.60085,-0.748746,-0.762753,0.000598531,-0.4864,-0.620361
3500,1,-0.0156748,-0.739455,1.00081,1,1,1,5.59778,-0.748746,-0.742512,0.000641098,-0.613579,-0.654199
3501,1,-0.0193586,-0.733866,1.23442,1,1,1,5.59347,-0.699877,-0.730794,0.000635149,-0.640177,-0.609082
3502,1,-0.0230112,-0.727117,1.46502,1,1,1,5.59031,-0.811578,-0.723337,0.000636378,-0.605012,-0.631641
3503,1,-0.0266275,-0.719222,1.69207,1,1,1,5.58609,-0.68766,-0.720141,0.000637824,-0.509472,-0.541406
3504,1,-0.0302017,-0.710202,1.91498,1,1,1,5.58302,-0.762709,-0.711618,0.000645919,-0.458099,-0.530127
3505,1,-0.0337279,-0.70008,2.13317,1,1,1,5.57899,-0.68766,-0.71588,0.000683325,-0.249044,-0.349658
3506,1,-0.0372009,-0.688879,2.34605,1,1,1,5.57602,-0.745256,-0.696704,0.000757603,-0.279079,-0.3271
3507,1,-0.0406149,-0.676629,2.55305,1,1,1,5.57219,-0.659734,-0.686051,0.00078911,-0.211316,-0.203027
3508,1,-0.043966,-0.663357,2.75365,1,1,1,5.5694,-0.71384,-0.658354,0.000842446,-0.317301,-0.304541
3509,1,-0.0472472,-0.649103,2.94715,1,1,1,5.56557,-0.652753,-0.64557,0.000842772,-0.255142,-0.15791
3510,1,-0.050455,-0.6339,3.13307,1,1,1,5.56298,-0.651008,-0.60935,0.000846849,-0.439774,-0.124072
3511,1,-0.0535841,-0.61779,3.31078,1,1,1,5.55915,-0.645772,-0.618938,0.00086516,-0.108494,-0.101514
3512,1,-0.0566316,-0.600805,3.47981,1,1,1,5.55704,-0.518363,-0.596566,0.000774828,-0.13396,-0.169189
3513,1,-0.0595916,-0.583002,3.63948,1,1,1,5.5533,-0.621337,-0.572064,0.00067969,-0.174887,-0.191748
3514,1,-0.0624604,-0.564427,3.78922,1,1,1,5.55109,-0.516617,-0.556085,0.000629771,-0.107464,-0.259424
3515,1,-0.065234,-0.545132,3.92846,1,1,1,5.54793,-0.568977,-0.551824,0.000580127,0.0961626,-0.135352
3516,1,-0.0679105,-0.525161,4.0567,1,1,1,5.54582,-0.509636,-0.497494,0.00047546,-0.251982,-0.0676758
3517,1,-0.070485,-0.504582,4.17327,1,1,1,5.54275,-0.483456,-0.488971,0.000419142,-0.0839513,-0.15791
3518,1,-0.0729549,-0.483453,4.27761,1,1,1,5.54103,-0.453786,-0.460208,0.000358478,-0.133684,-0.0225586
3519,1,-0.0753186,-0.461827,4.3692,1,1,1,5.53815,-0.469494,-0.436772,0.000285533,-0.1227,-0.169189
3520,1,-0.0775729,-0.439779,4.44742,1,1,1,5.53642,-0.424115,-0.425053,0.000172703,0.0142638,-0.0112793
3521,1,-0.0797158,-0.417377,4.51169,1,1,1,5.53403,-0.404916,-0.397356,7.53852e-05,-0.0198909,-0.0338379
3522,1,-0.081746,-0.394688,4.56145,1,1,1,5.5324,-0.389208,-0.383507,-1.98624e-05,0.100072,-0.0112793
3523,1,-0.0836621,-0.37179,4.59612,1,1,1,5.53019,-0.376991,-0.35794,-0.000106367,0.0927935,0
3524,1,-0.0854639,-0.34875,4.61512,1,1,1,5.52875,-0.333358,-0.331307,-0.000221809,0.0690987,0
3525,1,-0.0871497,-0.325664,4.61788,1,1,1,5.52693,-0.329867,-0.313197,-0.000260148,0.148441,0.0112793
3526,1,-0.0887202,-0.302604,4.60382,1,1,1,5.52569,-0.296706,-0.300414,-0.000204291,0.294921,-0.0112793
3527,1,-0.0901759,-0.279654,4.57237,1,1,1,5.52415,-0.242601,-0.266324,-0.000255691,0.189987,0
3528,1,-0.0915172,-0.256909,4.52294,1,1,1,5.5231,-0.268781,-0.232235,-0.000355347,0.0728618,0.0225586
3529,1,-0.0927455,-0.234456,4.45497,1,1,1,5.52176,-0.198968,-0.219451,-0.000529345,0.17426,0
3530,1,-0.0938625,-0.21239,4.36787,1,1,1,5.52108,-0.178024,-0.190688,-0.000524791,0.11542,0
3531,1,-0.0948702,-0.190811,4.26108,1,1,1,5.51993,-0.164061,-0.176839,-0.000684655,0.188553,0.0112793
3532,1,-0.0957716,-0.169812,4.134,1,1,1,5.51936,-0.123918,-0.151272,-0.000843466,0.122887,0
3533,1,-0.0965695,-0.149505,3.98609,1,1,1,5.51869,-0.10472,-0.110791,-0.00110512,-0.133997,-0.0563965
3534,1,-0.0972686,-0.129967,3.81654,1,1,1,5.5183,-0.0907571,-0.0543301,-0.00134166,-0.575256,-0.0902344
3535,1,-0.0978709,-0.111372,3.62537,1,1,1,5.51792,-0.0645772,-0.0585913,-0.00161953,-0.370656,-0.15791
3536,1,-0.0983833,-0.0937712,3.41144,1,1,1,5.51773,-0.0314159,-0.0159795,-0.00192808,-0.701312,-0.0789551
3537,1,-0.0988106,-0.0772954,3.17433,1,1,1,5.51754,-0.0418879,-0.0138489,-0.00229327,-0.613698,-0.439893
3538,1,-0.0991584,-0.0620657,2.91351,1,1,1,5.51735,-0.0174533,0.0010653,-0.00267171,-0.687494,-0.733154
3539,1,-0.0994335,-0.0482022,2.62842,1,1,1,5.51735,0,0.00745708,-0.00300376,-0.681066,-0.586523
3540,1,-0.0996429,-0.0358258,2.31845,1,1,1,5.51725,-0.010472,0.0223712,-0.00324928,-0.777755,-0.789551
3541,1,-0.0997944,-0.0250602,1.98294,1,1,1,5.51735,-0.0174533,0.0138489,-0.00343559,-0.631601,-0.586523
3542,1,-0.0998964,-0.0160392,1.62147,1,1,1,5.51735,0.00872665,-0.0117183,-0.00356334,-0.314582,-0.575244
3543,1,-0.0999579,-0.00888996,1.2333,1,1,1,5.51744,0.015708,-0.00532648,-0.00362223,-0.365052,-0.541406
3544,1,-0.0999886,-0.0037512,0.818105,1,1,1,5.51744,0,0.0010653,-0.00368837,-0.445275,-0.48501
3545,1,-0.099999,-0.000756236,0.374949,1,1,1,5.51744,0,0.00426119,-0.00372865,-0.516906,-0.654199
3546,1,-0.1,-0,-0,1,1,1,5.51744,0.00174533,0.0266324,-0.00374741,-0.813769,-0.451172
3547,1,-0.1,-0,-0,1,1,1,5.51735,-0.020944,-0.00532648,-0.00379667,-0.474465,-0.597803
3548,1,-0.1,-0,-0,1,1,1,5.51735,0,-0.0010653,-0.00379449,-0.525584,-0.620361
3549,1,-0.1,-0,-0,1,1,1,5.51735,0,-0.00958767,-0.0037577,-0.431082,-0.575244
3550,1,-0.1,-0,-0,1,1,1,5.51744,0,-0.00745708,-0.00379189,-0.463846,-0.597803
3551,1,-0.1,-0,-0,1,1,1,5.51744,0,0.0127836,-0.00380761,-0.693057,-0.609082
3552,1,-0.1,-0,-0,1,1,1,5.51744,0,0.00213059,-0.00382955,-0.584205,-0.688037
3553,1,-0.1,-0,-0,1,1,1,5.51744,0,-0.010653,-0.00381989,-0.447303,-0.64292
3554,1,-0.1,-0,-0,1,1,1,5.51744,0,-0.0255671,-0.00379145,-0.283595,-0.462451
3555,1,-0.1,-0,-0,1,1,1,5.51744,0.00698132,0.01811,-0.00383401,-0.774339,-0.755713
3556,1,-0.1,-0,-0,1,1,1,5.51735,0.00174533,-0.00745708,-0.0037703,-0.488268,-0.575244
3557,1,-0.1,-0,-0,1,1,1,5.51744,0,0.0138489,-0.00373612,-0.721709,-0.462451
3558,1,-0.1,-0,-0,1,1,1,5.51744,0,-0.00213059,-0.00377435,-0.556379,-0.496289
3559,1,-0.1,-0,-0,1,1,1,5.51744,0,-0.00852238,-0.00376551,-0.489304,-0.496289
3560,1,-0.1,-0,-0,1,1,1,5.51744,0,-0.01811,-0.00374378,-0.385167,-0.654199
3561,1,-0.1,-0,-0,1,1,1,5.51744,0,0.00639178,-0.0037448,-0.658895,-0.518848
3562,1,-0.1,-0,-0,1,1,1,5.51744,0,-0.0010653,-0.00376279,-0.584188,-0.609082
3563,1,-0.1,-0,-0,1,1,1,5.51744,0,-0.00213059,-0.00381217,-0.579769,-0.710596
3564,1,-0.1,-0,-0,1,1,1,5.51735,0.0191986,0.0127836,-0.00382775,-0.745882,-0.507568
3565,1,-0.1,-0,-0,1,1,1,5.51735,0,-0.0138489,-0.00381549,-0.451307,-0.48501
3566,1,-0.1,-0,-0,1,1,1,5.51735,0,-0.00426119,-0.00379015,-0.553427,-0.428613
3567,1,-0.1,-0,-0,1,1,1,5.51744,0,1.82646e-18,-0.00377411,-0.598182,-0.620361
3568,1,-0.1,-0,-0,1,1,1,5.51735,0,0.0298283,-0.0038381,-0.93474,-0.507568
3569,1,-0.1,-0,-0,1,1,1,5.51735,-0.00523599,-0.00213059,-0.00381934,-0.580716,-0.496289
3570,1,-0.1,-0,-0,1,1,1,5.51735,0,-0.00213059,-0.00383279,-0.582492,-0.552686
3571,1,-0.1,-0,-0,1,1,1,5.51735,0,0.010653,-0.00387315,-0.728438,-0.654199
3572,1,-0.1,-0,-0,1,1,1,5.51735,0,-0.0138489,-0.00388761,-0.460827,-0.609082
3573,1,-0.1,-0,-0,1,1,1,5.51735,0.00872665,0.00213059,-0.00388533,-0.6363,-0.688037
3574,1,-0.1,-0,-0,1,1,1,5.51735,0,-0.00745708,-0.00392114,-0.535563,-0.620361
3575,1,-0.1,-0,-0,1,1,1,5.51735,0,0.00639178,-0.00390248,-0.685437,-0.665479
3576,1,-0.1,-0,-0,1,1,1,5.51735,0,-0.00426119,-0.00392382,-0.571072,-0.733154
3577,1,-0.1,-0,-0,1,1,1,5.51735,0,-0.00319589,-0.00394658,-0.585793,-0.552686
3578,1,-0.1,-0,-0,1,1,1,5.51735,0,-0.00639178,-0.00391153,-0.546012,-0.496289
3579,1,-0.1,-0,-0,1,1,1,5.51735,0,-0.00213059,-0.00392893,-0.595182,-0.80083
3580,1,-0.1,-0,-0,1,1,1,5.51735,0,-0.0138489,-0.0039299,-0.466409,-0.676758
3581,1,-0.1,-0,-0,1,1,1,5.51735,0,-0.0010653,-0.00391808,-0.605469,-0.586523
3582,1,-0.1,-0,-0,1,1,1,5.51735,0,-0.0159795,-0.00390227,-0.439326,-0.699316
3583,1,-0.1,-0,-0,1,1,1,5.51735,0,-0.0010653,-0.0039282,-0.606805,-0.812109
3584,1,-0.1,-0,-0,1,1,1,5.51735,0,5.21845e-19,-0.0038978,-0.61451,-0.688037
3585,1,-0.1,-0,-0,1,1,1,5.51735,-0.00174533,-0.00745708,-0.00390571,-0.533526,-0.676758
3586,1,-0.1,-0,-0,1,1,1,5.51735,0,0.0159795,-0.00393212,-0.794813,-0.755713
3587,1,-0.1,-0,-0,1,1,1,5.51735,-0.00872665,-0.00532648,-0.00395176,-0.563041,-0.845947
3588,1,-0.1,-0,-0,1,1,1,5.51735,0.00872665,-0.00532648,-0.00396446,-0.564717,-0.563965
3589,1,-0.1,-0,-0,1,1,1,5.51735,0,-0.01811,-0.00393705,-0.420481,-0.518848
3590,1,-0.1,-0,-0,1,1,1,5.51735,0,0.010653,-0.00393696,-0.736861,-0.64292
3591,1,-0.1,-0,-0,1,1,1,5.51735,-0.0174533,0.00532648,-0.00396012,-0.681327,-0.575244
3592,1,-0.1,-0,-0,1,1,1,5.51735,0,-0.00852238,-0.00391626,-0.5232,-0.575244
3593,1,-0.1,-0,-0,1,1,1,5.51735,0,-0.00639178,-0.00393749,-0.549439,-0.609082
3594,1,-0.1,-0,-0,1,1,1,5.51735,0,0.00852238,-0.00396562,-0.717209,-0.676758
3595,1,-0.1,-0,-0,1,1,1,5.51735,0,-0.00745708,-0.00398702,-0.544259,-0.586523
3596,1,-0.1,-0,-0,1,1,1,5.51735,-0.0139626,0.0010653,-0.00399554,-0.639129,-0.586523
3597,1,-0.1,-0,-0,1,1,1,5.51735,-0.00872665,0.0117183,-0.00402116,-0.759694,-0.665479
3598,1,-0.1,-0,-0,1,1,1,5.51735,0,0.0266324,-0.00406967,-0.930153,-0.80083
3599,1,-0.1,-0,-0,1,1,1,5.51735,-0.0174533,0.00319589,-0.0040698,-0.672369,-0.710596
3600,1,-0.1,-0,-0,1,1,1,5.51735,0.00698132,0.01811,-0.00408854,-0.838898,-0.733154
3601,1,-0.1,-0,-0,1,1,1,5.51735,-0.00872665,0.00958767,-0.00408111,-0.744171,-0.575244
3602,1,-0.1,-0,-0,1,1,1,5.51735,-0.00872665,-0.00745708,-0.0040681,-0.554961,-0.64292
3603,1,-0.1,-0,-0,1,1,1,5.51735,0,0.00319589,-0.0040679,-0.672117,-0.575244
3604,1,-0.1,-0,-0,1,1,1,5.51735,0,0.0149142,-0.00405228,-0.798957,-0.597803
3605,1,-0.1,-0,-0,1,1,1,5.51735,0,0.0138489,-0.00407902,-0.790768,-0.710596
3606,1,-0.1,-0,-0,1,1,1,5.51735,0,-0.00532648,-0.00408671,-0.580855,-0.609082
3607,1,-0.1,-0,-0,1,1,1,5.51735,0,0.0117183,-0.00409136,-0.76896,-0.552686
3608,1,-0.1,-0,-0,1,1,1,5.51725,-0.0261799,-0.00532648,-0.0041001,-0.582622,-0.834668
3609,1,-0.1,-0,-0,1,1,1,5.51735,0.00872665,-0.0202406,-0.00406842,-0.414385,-0.575244
3610,1,-0.1,-0,-0,1,1,1,5.51735,0.0139626,-0.0213059,-0.00405808,-0.401302,-0.688037
3611,1,-0.1,-0,-0,1,1,1,5.51735,0,-0.00213059,-0.0040437,-0.610332,-0.64292
3612,1,-0.1,-0,-0,1,1,1,5.51735,0,0.00213059,-0.00405504,-0.658702,-0.597803
3613,1,-0.1,-0,-0,1,1,1,5.51735,0,0.0266324,-0.00405646,-0.92841,-0.530127
3614,1,-0.1,-0,-0,1,1,1,5.51735,0,-0.0010653,-0.00411818,-0.631881,-0.834668
3615,1,-0.1,-0,-0,1,1,1,5.51735,0,0.0010653,-0.00415541,-0.660233,-0.676758
3616,1,-0.1,-0,-0,1,1,1,5.51735,0,0.0127836,-0.00415009,-0.788431,-0.744434
3617,1,-0.1,-0,-0,1,1,1,5.51735,0,0.00745708,-0.00418347,-0.734246,-0.744434
3618,1,-0.1,-0,-0,1,1,1,5.51735,0,-0.00532648,-0.00416916,-0.591738,-0.676758
3619,1,-0.1,-0,-0,1,1,1,5.51735,0,0.0010653,-0.0041863,-0.664309,-0.778271
3620,1,-0.1,-0,-0,1,1,1,5.51735,0,0.0149142,-0.00418128,-0.815985,-0.631641
3621,1,-0.1,-0,-0,1,1,1,5.51735,0,-0.0127836,-0.004184,-0.511668,-0.620361
3622,1,-0.1,-0,-0,1,1,1,5.51735,0,0.00958767,-0.00421604,-0.761981,-0.609082
3623,1,-0.1,-0,-0,1,1,1,5.51735,0,0.0127836,-0.00421427,-0.796903,-0.597803
3624,1,-0.1,-0,-0,1,1,1,5.51735,0,0.00532648,-0.0042299,-0.716939,-0.552686
3625,1,-0.1,-0,-0,1,1,1,5.51735,0,2.60922e-19,-0.00420515,-0.65508,-0.620361
3626,1,-0.1,-0,-0,1,1,1,5.51735,0,0.00213059,-0.00419823,-0.677603,-0.575244
3627,1,-0.1,-0,-0,1,1,1,5.51735,0,-0.00426119,-0.00421793,-0.609894,-0.744434
3628,1,-0.1,-0,-0,1,1,1,5.51735,0.020944,-0.00745708,-0.00424334,-0.578093,-0.609082
3629,1,-0.1,-0,-0,1,1,1,5.51735,0.010472,0.00426119,-0.00423647,-0.706087,-0.654199
3630,1,-0.1,-0,-0,1,1,1,5.51735,0.00872665,0.00852238,-0.00424673,-0.754315,-0.766992
3631,1,-0.1,-0,-0,1,1,1,5.51735,0,-0.00852238,-0.00423164,-0.56483,-0.406055
3632,1,-0.1,-0,-0,1,1,1,5.51735,-0.0279253,0.00852238,-0.00424107,-0.753567,-0.620361
3633,1,-0.1,-0,-0,1,1,1,5.51735,0,-0.00745708,-0.00427605,-0.58241,-0.654199
3634,1,-0.1,-0,-0,1,1,1,5.51735,0,-0.00958767,-0.00428143,-0.559684,-0.665479
3635,1,-0.1,-0,-0,1,1,1,5.51735,0,-0.0127836,-0.00426464,-0.522313,-0.631641
3636,1,-0.1,-0,-0,1,1,1,5.51735,0,-0.0170448,-0.00425282,-0.473879,-0.744434
3637,1,-0.1,-0,-0,1,1,1,5.51735,0,0.0170448,-0.00428306,-0.852857,-0.744434
3638,1,-0.1,-0,-0,1,1,1,5.51735,0,-0.00532648,-0.00429747,-0.608675,-0.710596
3639,1,-0.1,-0,-0,1,1,1,5.51735,0,0.00958767,-0.00431653,-0.775247,-0.654199
3640,1,-0.1,-0,-0,1,1,1,5.51735,0,-0.00213059,-0.00432172,-0.647031,-0.541406
3641,1,-0.1,-0,-0,1,1,1,5.51735,0,0.0170448,-0.00433759,-0.860055,-0.654199
3642,1,-0.1,-0,-0,1,1,1,5.51735,0,-0.00852238,-0.00432894,-0.577674,-0.744434
3643,1,-0.1,-0,-0,1,1,1,5.51735,0,-0.00958767,-0.00432554,-0.565507,-0.755713
3644,1,-0.1,-0,-0,1,1,1,5.51735,0,0.00745708,-0.00433704,-0.754518,-0.64292
3645,1,-0.1,-0,-0,1,1,1,5.51735,0,-0.00958767,-0.00436082,-0.570163,-0.710596
3646,1,-0.1,-0,-0,1,1,1,5.51735,-0.00349066,0.0138489,-0.00436853,-0.828983,-0.665479
3647,1,-0.1,-0,-0,1,1,1,5.51735,0,-0.00213059,-0.0043561,-0.651569,-0.654199
3648,1,-0.1,-0,-0,1,1,1,5.51735,0,-0.00426119,-0.00433053,-0.624757,-0.620361
3649,1,-0.1,-0,-0,1,1,1,5.51735,0,0.00745708,-0.00433722,-0.754541,-0.778271
3650,1,-0.1,-0,-0,1,1,1,5.51735,0,0.0127836,-0.0043555,-0.815545,-0.744434
3651,1,-0.1,-0,-0,1,1,1,5.51735,0,0.010653,-0.0043357,-0.789495,-0.575244
3652,1,-0.1,-0,-0,1,1,1,5.51735,-0.0174533,0.00958767,-0.00436134,-0.781161,-0.80083
3653,1,-0.1,-0,-0,1,1,1,5.51735,0,-0.01811,-0.00434146,-0.473862,-0.64292
3654,1,-0.1,-0,-0,1,1,1,5.51735,0,0.0191753,-0.00436114,-0.886599,-0.676758
3655,1,-0.1,-0,-0,1,1,1,5.51735,0,0.010653,-0.0043718,-0.794261,-0.733154
3656,1,-0.1,-0,-0,1,1,1,5.51735,0,-0.00532648,-0.00439849,-0.62201,-0.823389
3657,1,-0.1,-0,-0,1,1,1,5.51735,0,0.00319589,-0.00443883,-0.72108,-0.778271
3658,1,-0.1,-0,-0,1,1,1,5.51735,0,0.00319589,-0.00442427,-0.719159,-0.620361
3659,1,-0.1,-0,-0,1,1,1,5.51735,0,0.00958767,-0.00443242,-0.790543,-0.744434
3660,1,-0.1,-0,-0,1,1,1,5.51735,0,0.0010653,-0.00443711,-0.697417,-0.755713
3661,1,-0.1,-0,-0,1,1,1,5.51735,0,-0.00319589,-0.00443188,-0.649853,-0.744434
3662,1,-0.1,-0,-0,1,1,1,5.51735,0,-0.010653,-0.00446307,-0.571942,-0.721875
3663,1,-0.1,-0,-0,1,1,1,5.51735,0,1.30461e-19,-0.00447004,-0.690046,-0.857227
3664,1,-0.1,-0,-0,1,1,1,5.51735,0.0261799,-0.00745708,-0.00447197,-0.608272,-0.699316
3665,1,-0.1,-0,-0,1,1,1,5.51735,0,0.0191753,-0.00453464,-0.909501,-0.789551
3666,1,-0.1,-0,-0,1,1,1,5.51725,0,-0.0149142,-0.00455046,-0.536605,-0.631641
3667,1,-0.1,-0,-0,1,1,1,5.51735,0.0296706,0.0138489,-0.00457921,-0.856793,-0.823389
3668,1,-0.1,-0,-0,1,1,1,5.51725,0,0.00745708,-0.0045971,-0.788844,-0.857227
3669,1,-0.1,-0,-0,1,1,1,5.51735,0,-1.82646e-18,-0.00457821,-0.704324,-0.631641
3670,1,-0.1,-0,-0,1,1,1,5.51735,0,-0.00639178,-0.00456523,-0.632301,-0.665479
3671,1,-0.1,-0,-0,1,1,1,5.51735,0,0.00852238,-0.00460873,-0.802099,-0.733154
3672,1,-0.1,-0,-0,1,1,1,5.51725,0,0.00958767,-0.00464989,-0.81925,-0.721875
3673,1,-0.1,-0,-0,1,1,1,5.51725,0,0.00426119,-0.00464411,-0.759896,-0.778271
3674,1,-0.1,-0,-0,1,1,1,5.51725,0,-0.00213059,-0.00463255,-0.68806,-0.812109
3675,1,-0.1,-0,-0,1,1,1,5.51725,0,0.0127836,-0.0046458,-0.853864,-0.778271
3676,1,-0.1,-0,-0,1,1,1,5.51725,0,0.00745708,-0.00468203,-0.800055,-0.789551
3677,1,-0.1,-0,-0,1,1,1,5.51725,0,-0.00426119,-0.0046789,-0.670742,-0.620361
3678,1,-0.1,-0,-0,1,1,1,5.51725,-0.0226893,0.00426119,-0.00464841,-0.760463,-0.654199
3679,1,-0.1,-0,-0,1,1,1,5.51735,0,0.0255671,-0.00468958,-1.00026,-0.654199
3680,1,-0.1,-0,-0,1,1,1,5.51725,-0.010472,0.00639178,-0.00468706,-0.789002,-0.530127
3681,1,-0.1,-0,-0,1,1,1,5.51725,-0.00523599,0.00958767,-0.0047001,-0.825877,-0.755713
3682,1,-0.1,-0,-0,1,1,1,5.51725,0,-0.00745708,-0.00468353,-0.636199,-0.620361
3683,1,-0.1,-0,-0,1,1,1,5.51725,0,0.0010653,-0.00472514,-0.735437,-0.710596
3684,1,-0.1,-0,-0,1,1,1,5.51725,0,0.0127836,-0.00474089,-0.866416,-0.766992
3685,1,-0.1,-0,-0,1,1,1,5.51725,0,0.00745708,-0.00474334,-0.808149,-0.631641
3686,1,-0.1,-0,-0,1,1,1,5.51735,0,-0.00958767,-0.00471393,-0.616774,-0.552686
3687,1,-0.1,-0,-0,1,1,1,5.51735,0,0.00958767,-0.00472426,-0.829067,-0.575244
3688,1,-0.1,-0,-0,1,1,1,5.51725,-0.00872665,0.00319589,-0.00471429,-0.757441,-0.699316
3689,1,-0.1,-0,-0,1,1,1,5.51725,0,0.0170448,-0.00472968,-0.911811,-0.575244
3690,1,-0.1,-0,-0,1,1,1,5.51725,0,-0.00532648,-0.00476139,-0.669912,-0.721875
3691,1,-0.1,-0,-0,1,1,1,5.51725,0,-0.0298283,-0.00472607,-0.39573,-0.744434
3692,1,-0.1,-0,-0,1,1,1,5.51725,0.00872665,0.0117183,-0.00474246,-0.854906,-0.755713
3693,1,-0.1,-0,-0,1,1,1,5.51725,0,-0.00319589,-0.00474709,-0.691461,-0.530127
3694,1,-0.1,-0,-0,1,1,1,5.51725,-0.0174533,0.0117183,-0.00475796,-0.856952,-0.665479
3695,1,-0.1,-0,-0,1,1,1,5.51725,0,0.00958767,-0.00476518,-0.834468,-0.699316
3696,1,-0.1,-0,-0,1,1,1,5.51725,0,-0.0127836,-0.00476483,-0.588338,-0.710596
3697,1,-0.1,-0,-0,1,1,1,5.51735,0,0.00852238,-0.00478561,-0.825446,-0.733154
3698,1,-0.1,-0,-0,1,1,1,5.51735,0,-0.0159795,-0.00481625,-0.559971,-0.812109
3699,1,-0.1,-0,-0,1,1,1,5.51725,0.010472,-0.0170448,-0.00482378,-0.549247,-0.778271
3700,1,-0.1,-0,-0,1,1,1,5.51725,0,0.010653,-0.00483468,-0.85536,-0.665479
3701,1,-0.1,-0,-0,1,1,1,5.51725,0,0.00532648,-0.00484405,-0.798006,-0.913623
3702,1,-0.1,-0,-0,1,1,1,5.51725,0,0.00426119,-0.00488151,-0.791232,-0.891064
3703,1,-0.1,-0,-0,1,1,1,5.51725,0,0.00319589,-0.00485785,-0.776391,-0.744434
3704,1,-0.1,-0,-0,1,1,1,5.51725,0,0.00532648,-0.00488317,-0.80317,-0.868506
3705,1,-0.1,-0,-0,1,1,1,5.51725,0,-0.0159795,-0.00483582,-0.562554,-0.676758
3706,1,-0.1,-0,-0,1,1,1,5.51725,0,0.00639178,-0.00486571,-0.812583,-0.823389
3707,1,-0.1,-0,-0,1,1,1,5.51725,0,0.0159795,-0.0048842,-0.920489,-0.981299
3708,1,-0.1,-0,-0,1,1,1,5.51725,0.00872665,-0.00319589,-0.00487988,-0.708989,-0.575244
3709,1,-0.1,-0,-0,1,1,1,5.51725,0,-0.010653,-0.00486831,-0.625435,-0.778271
3710,1,-0.1,-0,-0,1,1,1,5.51725,0,-0.0010653,-0.00487848,-0.732241,-0.857227
3711,1,-0.1,-0,-0,1,1,1,5.51725,0,-0.0010653,-0.00488909,-0.733642,-0.857227
3712,1,-0.1,-0,-0,1,1,1,5.51725,0,0.0138489,-0.00489806,-0.898881,-0.710596
3713,1,-0.1,-0,-0,1,1,1,5.51725,0,-0.010653,-0.00493356,-0.634048,-0.95874
3714,1,-0.1,-0,-0,1,1,1,5.51725,0,-0.0010653,-0.00493912,-0.740246,-0.699316
3715,1,-0.1,-0,-0,1,1,1,5.51725,0,-0.00958767,-0.00491143,-0.642844,-0.665479
3716,1,-0.1,-0,-0,1,1,1,5.51725,0,-0.00958767,-0.00491703,-0.643584,-0.665479
3717,1,-0.1,-0,-0,1,1,1,5.51725,0.0174533,-0.00532648,-0.00494174,-0.693719,-0.857227
3718,1,-0.1,-0,-0,1,1,1,5.51725,0,-0.0117183,-0.00491189,-0.619469,-0.744434
3719,1,-0.1,-0,-0,1,1,1,5.51725,0,-0.00213059,-0.00493495,-0.727977,-0.936182
3720,1,-0.1,-0,-0,1,1,1,5.51725,0,-0.00639178,-0.00492591,-0.67991,-0.823389
3721,1,-0.1,-0,-0,1,1,1,5.51725,0,-0.00319589,-0.00494331,-0.717363,-0.834668
3722,1,-0.1,-0,-0,1,1,1,5.51725,0.00698132,-0.0010653,-0.00494662,-0.741236,-0.665479
3723,1,-0.1,-0,-0,1,1,1,5.51725,0,0.00639178,-0.00495965,-0.824984,-0.857227
3724,1,-0.1,-0,-0,1,1,1,5.51725,0,-0.010653,-0.00494294,-0.635285,-0.733154
3725,1,-0.1,-0,-0,1,1,1,5.51725,0,-0.00958767,-0.00496992,-0.650564,-0.699316
3726,1,-0.1,-0,-0,1,1,1,5.51725,0,-0.0010653,-0.00496907,-0.744199,-0.688037
3727,1,-0.1,-0,-0,1,1,1,5.51725,0,-6.52306e-20,-0.00497372,-0.756532,-0.857227
3728,1,-0.1,-0,-0,1,1,1,5.51725,0,-0.0234365,-0.00495594,-0.496383,-0.744434
3729,1,-0.1,-0,-0,1,1,1,5.51725,0,-0.00532648,-0.00495611,-0.695615,-0.789551
3730,1,-0.1,-0,-0,1,1,1,5.51725,0,-0.00532648,-0.00497052,-0.697517,-0.812109
3731,1,-0.1,-0,-0,1,1,1,5.51725,0,0.00213059,-0.00497737,-0.780449,-0.755713
3732,1,-0.1,-0,-0,1,1,1,5.51725,0,-0.0010653,-0.00498531,-0.746342,-0.789551
3733,1,-0.1,-0,-0,1,1,1,5.51725,0,0.0234365,-0.00498384,-1.01567,-0.676758
3734,1,-0.1,-0,-0,1,1,1,5.51725,0,0.00213059,-0.00500972,-0.78472,-0.755713
3735,1,-0.1,-0,-0,1,1,1,5.51725,0,0.0010653,-0.00500325,-0.772148,-0.823389
3736,1,-0.1,-0,-0,1,1,1,5.51725,0,-0.010653,-0.00499664,-0.642374,-0.744434
3737,1,-0.1,-0,-0,1,1,1,5.51725,0,0.01811,-0.00500049,-0.959275,-0.609082
3738,1,-0.1,-0,-0,1,1,1,5.51725,0,-0.00319589,-0.00500169,-0.725069,-0.654199
3739,1,-0.1,-0,-0,1,1,1,5.51725,0,-1.5003e-18,-0.00505855,-0.767728,-0.755713
3740,1,-0.1,-0,-0,1,1,1,5.51725,0,0.00958767,-0.00506528,-0.874081,-0.812109
3741,1,-0.1,-0,-0,1,1,1,5.51725,0,0.0117183,-0.00504097,-0.894309,-0.609082
3742,1,-0.1,-0,-0,1,1,1,5.51725,0,0.010653,-0.00508082,-0.887852,-0.778271
3743,1,-0.1,-0,-0,1,1,1,5.51725,-0.00174533,-0.0010653,-0.00507921,-0.758738,-0.879785
3744,1,-0.1,-0,-0,1,1,1,5.51725,0,0.0266324,-0.00507998,-1.06351,-0.654199
3745,1,-0.1,-0,-0,1,1,1,5.51725,-0.00523599,0.0159795,-0.00503866,-0.940877,-0.676758
3746,1,-0.1,4.7656e-05,0.0952734,1,1,1,5.51725,-0.010472,-0.0010653,-0.00506596,-0.742896,-0.733154
3747,1,-0.0999966,0.0016859,0.555288,1,1,1,5.51725,0,0.00958767,-0.00504961,-0.772553,-0.631641
3748,1,-0.0999794,0.00555365,0.98719,1,1,1,5.51725,0,0.0138489,-0.00508083,-0.71473,-0.733154
3749,1,-0.0999376,0.0115125,1.3916,1,1,1,5.51725,0,-5.21845e-19,-0.00506436,-0.42957,-0.496289
3750,1,-0.099861,0.0194277,1.76912,1,1,1,5.51735,0.00523599,0.0170448,-0.00502881,-0.461462,-0.462451
3751,1,-0.0997403,0.0291587,2.12004,1,1,1,5.51735,0.00872665,0.0159795,-0.00493725,-0.268176,-0.293262
3752,1,-0.0995666,0.0405815,2.44524,1,1,1,5.51744,0,0.00639178,-0.00479052,0.0433071,-0.259424
3753,1,-0.0993319,0.0535677,2.74523,1,1,1,5.51744,0.00872665,-0.00426119,-0.00459194,0.389018,-0.191748
3754,1,-0.0990285,0.0679949,3.02063,1,1,1,5.51754,0.0174533,-0.00958767,-0.00430483,0.702564,-0.124072
3755,1,-0.0986498,0.0837336,3.27186,1,1,1,5.51763,0.020944,-7.82767e-19,-0.00400513,0.866811,-0.0225586
3756,1,-0.0981892,0.100673,3.49964,1,1,1,5.51782,0.0750492,0.0234365,-0.00361907,0.903817,0.338379
3757,1,-0.0976413,0.11869,3.70446,1,1,1,5.5184,0.0366519,0.0372854,-0.00321598,1.05931,0.834668
3758,1,-0.0970006,0.137681,3.88698,1,1,1,5.51859,0.0872665,0.0671137,-0.00280686,1.04953,0.947461
3759,1,-0.096263,0.157527,4.0477,1,1,1,5.51917,0.0610865,0.0777667,-0.00241634,1.25498,1.17305
3760,1,-0.0954241,0.178123,4.18723,1,1,1,5.51955,0.15708,0.120379,-0.00208766,1.10695,1.17305
3761,1,-0.0944806,0.199366,4.30613,1,1,1,5.52041,0.127409,0.138489,-0.00177021,1.23186,1.19561
3762,1,-0.0934296,0.22115,4.40499,1,1,1,5.52108,0.188496,0.16299,-0.00152353,1.27972,1.24072
3763,1,-0.0922687,0.243377,4.48436,1,1,1,5.52214,0.223402,0.196015,-0.00131053,1.23176,1.10537
3764,1,-0.0909954,0.26596,4.54487,1,1,1,5.523,0.185005,0.202406,-0.0010565,1.48479,1.20688
3765,1,-0.0896084,0.288799,4.58705,1,1,1,5.52473,0.308923,0.25141,-0.000787248,1.2731,1.46631
3766,1,-0.0881069,0.311803,4.61149,1,1,1,5.52569,0.219911,0.292957,-0.000607083,1.1296,1.38735
3767,1,-0.0864901,0.334888,4.61876,1,1,1,5.52712,0.275762,0.308936,-0.000491307,1.25571,1.10537
3768,1,-0.0847563,0.357987,4.60943,1,1,1,5.52856,0.371755,0.315328,-0.000312804,1.49469,1.22944
3769,1,-0.0829108,0.380953,4.58412,1,1,1,5.53086,0.359538,0.36007,-0.00012419,1.31026,1.45503
3770,1,-0.0809488,0.403779,4.54336,1,1,1,5.53221,0.354302,0.386703,5.12069e-05,1.31929,1.54526
3771,1,-0.0788735,0.426362,4.48773,1,1,1,5.53451,0.300197,0.398421,0.000183832,1.4803,1.42119
3772,1,-0.0766858,0.448632,4.41782,1,1,1,5.53614,0.497419,0.420792,0.000255425,1.50937,1.29712
3773,1,-0.0743876,0.470519,4.3342,1,1,1,5.53892,0.464258,0.435706,0.000341468,1.61586,1.31968
3774,1,-0.0719813,0.491952,4.23745,1,1,1,5.54103,0.563741,0.483645,0.000391982,1.34684,1.46631
3775,1,-0.0694692,0.51287,4.12815,1,1,1,5.54371,0.492183,0.494298,0.000434982,1.47848,1.34224
3776,1,-0.0668538,0.533212,4.00686,1,1,1,5.54611,0.560251,0.529453,0.000471327,1.33104,1.36479
3777,1,-0.0641377,0.552922,3.87414,1,1,1,5.54918,0.516617,0.562477,0.000443434,1.18785,1.21816
3778,1,-0.0613255,0.571937,3.73063,1,1,1,5.55128,0.575959,0.567803,0.000412519,1.33832,1.19561
3779,1,-0.05842,0.590209,3.57686,1,1,1,5.55502,0.644026,0.597632,0.000439106,1.21777,1.42119
3780,1,-0.0554214,0.607708,3.41321,1,1,1,5.55752,0.555015,0.610415,0.000406354,1.26465,1.22944
3781,1,-0.0523443,0.624329,3.24084,1,1,1,5.56116,0.647517,0.633852,0.000311474,1.1727,1.02642
3782,1,-0.0491833,0.640082,3.05978,1,1,1,5.56365,0.649262,0.651962,-7.58e-05,1.08933,1.06025
3783,1,-0.0459451,0.654913,2.87073,1,1,1,5.56768,0.696386,0.676464,0.000153436,1.00339,0.992578
3784,1,-0.0426355,0.668778,2.67433,1,1,1,5.57036,0.668461,0.687117,-0.000279617,0.9696,1.15049
3785,1,-0.0392587,0.681646,2.47111,1,1,1,5.57429,0.642281,0.696704,-0.000332785,0.984857,1.02642
3786,1,-0.0358207,0.693479,2.26171,1,1,1,5.57727,0.757473,0.698835,-0.000355136,1.07338,1.11665
3787,1,-0.0323259,0.704253,2.04664,1,1,1,5.58148,0.6353,0.703096,-0.000369719,1.12537,1.07153
3788,1,-0.0287802,0.713937,1.82652,1,1,1,5.58436,0.806342,0.709488,-0.000390563,1.13931,1.09409
3789,1,-0.0251879,0.722511,1.60185,1,1,1,5.58868,0.659734,0.747838,-0.000381911,0.792211,1.17305
3790,1,-0.0215573,0.729949,1.37337,1,1,1,5.59165,0.7662,0.731859,-0.000433761,1.01803,0.992578
3791,1,-0.0178909,0.736238,1.14146,1,1,1,5.59625,0.731293,0.737185,-0.00043704,1.0025,0.97002
3792,1,-0.0141966,0.741359,0.906818,1,1,1,5.59913,0.74351,0.745708,-0.000470086,0.932378,1.07153
3793,1,-0.0104792,0.745302,0.669964,1,1,1,5.60354,0.715585,0.761687,-0.000556894,0.757392,0.676758
3794,1,-0.00674597,0.748056,0.431555,1,1,1,5.6066,0.776672,0.763818,-0.000647812,0.719052,0.891064
3795,1,-0.00300033,0.749616,0.192005,1,1,1,5.61111,0.722566,0.761687,-0.000703611,0.7177,0.586523
3796,1,0.000748574,0.749976,-0.0479085,1,1,1,5.61408,0.780162,0.753165,-0.000787387,0.767475,0.845947
3797,1,0.00449697,0.749137,-0.287751,1,1,1,5.61868,0.748746,0.763818,-0.000823918,0.599168,0.586523
3798,1,0.00823803,0.7471,-0.526893,1,1,1,5.62175,0.752237,0.753165,-0.000864636,0.649468,0.563965
3799,1,0.0119664,0.743869,-0.7648,1,1,1,5.62607,0.699877,0.771275,-0.000933857,0.365165,0.518848
3800,1,0.0156754,0.739454,-1.00084,1,1,1,5.62894,0.715585,0.756361,-0.00102065,0.426594,0.428613
3801,1,0.0193586,0.733866,-1.23442,1,1,1,5.63326,0.708604,0.744643,-0.00106071,0.445715,0.439893
3802,1,0.0230117,0.727115,-1.46505,1,1,1,5.63623,0.74002,0.723337,-0.00103323,0.566695,0.518848
3803,1,0.0266273,0.719223,-1.69206,1,1,1,5.64064,0.685914,0.714814,-0.000998821,0.534699,0.654199
3804,1,0.0302021,0.710201,-1.91501,1,1,1,5.64352,0.692896,0.716945,-0.00102267,0.363785,0.665479
3805,1,0.0337279,0.70008,-2.13317,1,1,1,5.64773,0.657989,0.713749,-0.00106558,0.235477,0.281982
3806,1,0.037201,0.688879,-2.34606,1,1,1,5.65032,0.66148,0.697769,-0.00108745,0.238101,0.507568
3807,1,0.0406149,0.676629,-2.55305,1,1,1,5.65444,0.654498,0.678594,-0.00108718,0.267029,0.293262
3808,1,0.0439655,0.663359,-2.75362,1,1,1,5.65694,0.621337,0.684986,-0.00115891,-0.00764355,0.180469
3809,1,0.0472466,0.649106,-2.94712,1,1,1,5.66087,0.677188,0.64557,-0.00117505,0.218163,0.146631
3810,1,0.0504547,0.633901,-3.13305,1,1,1,5.66355,0.659734,0.610415,-0.00113531,0.395219,0.191748
3811,1,0.0535845,0.617787,-3.31081,1,1,1,5.66691,0.593412,0.610415,-0.00110194,0.17507,0.203027
3812,1,0.0566316,0.600805,-3.47981,1,1,1,5.6694,0.638791,0.576326,-0.00101306,0.328602,0.338379
3813,1,0.0595912,0.583005,-3.63945,1,1,1,5.67295,0.528835,0.570999,-0.000972447,0.150171,0.236865
3814,1,0.06246,0.564429,-3.7892,1,1,1,5.67496,0.53058,0.566738,-0.000932062,-0.0481551,0.180469
3815,1,0.0652341,0.545131,-3.92847,1,1,1,5.67822,0.502655,0.529453,-0.000844073,0.115996,0.146631
3816,1,0.0679103,0.525163,-4.05669,1,1,1,5.68023,0.499164,0.504951,-0.000774044,0.130787,0.101514
3817,1,0.0704851,0.504581,-4.17327,1,1,1,5.68311,0.488692,0.495363,-0.000716728,-0.0258586,0.0451172
3818,1,0.0729553,0.483449,-4.27763,1,1,1,5.68493,0.453786,0.480449,-0.00062737,-0.124209,0.0112793
3819,1,0.0753185,0.461829,-4.3692,1,1,1,5.68762,0.413643,0.454882,-0.000534912,-0.109086,0.0112793
3820,1,0.0775729,0.439779,-4.44742,1,1,1,5.68925,0.406662,0.402682,-0.000458896,0.192555,-0.0563965
3821,1,0.0797158,0.417377,-4.51169,1,1,1,5.69164,0.383972,0.384572,-0.000312956,0.128433,-0.0338379
3822,1,0.081747,0.394676,-4.56147,1,1,1,5.69318,0.376991,0.384572,-0.000235805,-0.14655,0.0451172
3823,1,0.0836623,0.371787,-4.59612,1,1,1,5.69519,0.312414,0.368593,-0.0001378,-0.243183,-0.0451172
3824,1,0.0854637,0.348753,-4.61512,1,1,1,5.69663,0.361283,0.338764,-9.53171e-05,-0.195261,-0.124072
3825,1,0.0871495,0.325666,-4.61788,1,1,1,5.69864,0.287979,0.311067,-2.33522e-05,-0.164389,-0.124072
3826,1,0.0887203,0.302603,-4.60382,1,1,1,5.6997,0.254818,0.290826,4.72579e-05,-0.213089,-0.0563965
3827,1,0.0901758,0.279656,-4.57237,1,1,1,5.70133,0.251327,0.284434,5.39223e-05,-0.419526,-0.0902344
3828,1,0.0915173,0.256908,-4.52294,1,1,1,5.70209,0.178024,0.247149,0.000104493,-0.27532,-0.135352
3829,1,0.0927455,0.234457,-4.45497,1,1,1,5.70334,0.237365,0.229039,0.000193419,-0.329418,-0.124072
3830,1,0.0938626,0.212388,-4.36786,1,1,1,5.7043,0.214675,0.185362,0.000317944,-0.089472,-0.112793
3831,1,0.0948702,0.19081,-4.26108,1,1,1,5.70526,0.13439,0.16086,0.000425457,-0.0537829,-0.112793
3832,1,0.0957716,0.169811,-4.13399,1,1,1,5.70574,0.137881,0.136358,0.000574151,-0.00175418,-0.0789551
3833,1,0.0965694,0.149507,-3.98611,1,1,1,5.7065,0.10821,0.109726,0.000743698,0.0885133,-0.0676758
3834,1,0.0972684,0.129972,-3.81659,1,1,1,5.70689,0.0750492,0.0980073,0.000954918,0.0340791,-0.0451172
3835,1,0.0978709,0.111374,-3.62539,1,1,1,5.70737,0.0750492,0.0596566,0.00120447,0.292882,0.0112793
3836,1,0.0983833,0.0937716,-3.41145,1,1,1,5.70756,0.0366519,0.0415466,0.00144645,0.34413,0.0451172
3837,1,0.0988105,0.0772988,-3.17439,1,1,1,5.70775,0.0244346,0.00213059,0.00176869,0.658652,0.135352
3838,1,0.0991584,0.0620675,-2.91355,1,1,1,5.70785,0.0453786,0.00852238,0.00207168,0.48644,0.3271
3839,1,0.0994335,0.0482023,-2.62842,1,1,1,5.70813,0.0122173,-0.0170448,0.00242736,0.693832,0.518848
3840,1,0.0996429,0.0358263,-2.31846,1,1,1,5.70813,0.00349066,-0.0159795,0.00268063,0.615462,0.507568
3841,1,0.0997944,0.0250613,-1.98297,1,1,1,5.70804,0,-0.0191753,0.0028886,0.600876,0.417334
3842,1,0.0998964,0.0160381,-1.62142,1,1,1,5.70804,0,-0.00958767,0.00307274,0.467489,0.530127
3843,1,0.0999579,0.00889033,-1.23333,1,1,1,5.70804,-0.0366519,-0.00745708,0.00319708,0.433862,0.48501
3844,1,0.0999886,0.00375028,-0.818008,1,1,1,5.70794,0,-0.0010653,0.00325389,0.372069,0.47373
3845,1,0.099999,0.000756652,-0.37505,1,1,1,5.70794,0,0.0138489,0.00331596,0.247821,0.575244
3846,1,0.1,0,0,1,1,1,5.70794,0,0.0170448,0.00333694,0.263338,0.462451
3847,1,0.1,0,0,1,1,1,5.70794,-0.00872665,-0.00532648,0.00329953,0.507372,0.338379
3848,1,0.1,0,0,1,1,1,5.70785,0,-0.00639178,0.00330744,0.524117,0.462451
3849,1,0.1,0,0,1,1,1,5.70794,0,-0.0010653,0.00332342,0.47193,0.575244
3850,1,0.1,0,0,1,1,1,5.70794,0,0.0266324,0.00332306,0.171609,0.530127
3851,1,0.1,0,0,1,1,1,5.70785,-0.0366519,-0.00745708,0.00328481,0.544269,0.3271
3852,1,0.1,0,0,1,1,1,5.70794,0.0541052,-0.0223712,0.00331516,0.716545,0.563965
3853,1,0.1,0,0,1,1,1,5.70794,0,0.0010653,0.00329198,0.459382,0.406055
3854,1,0.1,0,0,1,1,1,5.70794,0,0.01811,0.00326508,0.27207,0.394775
3855,1,0.1,0,0,1,1,1,5.70794,-0.00872665,0.00426119,0.00323958,0.42412,0.462451
3856,1,0.1,0,0,1,1,1,5.70794,0,-0.00213059,0.00321408,0.4946,0.439893
3857,1,0.1,0,0,1,1,1,5.70794,0,0.00852238,0.00320744,0.379874,0.417334
3858,1,0.1,0,0,1,1,1,5.70794,0,-0.00639178,0.00319145,0.545323,0.518848
3859,1,0.1,0,0,1,1,1,5.70794,0,0.00745708,0.00317299,0.394363,0.47373
3860,1,0.1,0,0,1,1,1,5.70794,-0.00872665,0.0149142,0.00315381,0.313449,0.462451
3861,1,0.1,0,0,1,1,1,5.70794,0,-0.00639178,0.00310937,0.545064,0.496289
3862,1,0.1,0,0,1,1,1,5.70794,0,0.0159795,0.00304365,0.292971,0.236865
3863,1,0.1,0,0,1,1,1,5.70794,0.0226893,0.010653,0.00301942,0.351608,0.47373
3864,1,0.1,0,0,1,1,1,5.70794,0,-0.00426119,0.00304187,0.522167,0.586523
3865,1,0.1,0,0,1,1,1,5.70794,0,0.00319589,0.00302991,0.442099,0.496289
3866,1,0.1,0,0,1,1,1,5.70794,0,-0.0117183,0.00302456,0.608884,0.394775
3867,1,0.1,0,0,1,1,1,5.70804,0.00698132,-0.0213059,0.00305915,0.723151,0.496289
3868,1,0.1,0,0,1,1,1,5.70804,-0.00872665,-0.01811,0.00304785,0.690185,0.47373
3869,1,0.1,0,0,1,1,1,5.70804,0.0226893,-5.87076e-19,0.00305631,0.496108,0.439893
3870,1,0.1,0,0,1,1,1,5.70804,-0.0139626,0.00852238,0.00307521,0.408941,0.507568
3871,1,0.1,0,0,1,1,1,5.70804,0,0.00532648,0.00309853,0.450415,0.575244
3872,1,0.1,0,0,1,1,1,5.70804,0,0.00213059,0.00306053,0.480553,0.372217
3873,1,0.1,0,0,1,1,1,5.70794,0.0471239,0.00745708,0.00307327,0.423644,0.48501
3874,1,0.1,0,0,1,1,1,5.70804,0,0.00426119,0.00308839,0.460795,0.64292
3875,1,0.1,0,0,1,1,1,5.70804,-0.00349066,-0.00745708,0.00310615,0.59204,0.530127
3876,1,0.1,0,0,1,1,1,5.70804,0.0174533,0.0191753,0.00309713,0.297892,0.48501
3877,1,0.1,0,0,1,1,1,5.70794,-0.0122173,-0.01811,0.00307251,0.704782,0.496289
3878,1,0.1,0,0,1,1,1,5.70794,0.00349066,0.00958767,0.00305644,0.397986,0.563965
3879,1,0.1,0,0,1,1,1,5.70794,0,0.0149142,0.00306488,0.340508,0.620361
3880,1,0.1,0,0,1,1,1,5.70804,0,0.00532648,0.00304129,0.442859,0.451172
3881,1,0.1,0,0,1,1,1,5.70794,0.0139626,0.00426119,0.00299303,0.448207,0.451172
3882,1,0.1,0,0,1,1,1,5.70794,0,0.0010653,0.00299757,0.483961,0.507568
3883,1,0.1,0,0,1,1,1,5.70794,0,-0.00958767,0.00300656,0.602331,0.541406
3884,1,0.1,0,0,1,1,1,5.70794,0,0.0149142,0.00297572,0.32874,0.48501
3885,1,0.1,0,0,1,1,1,5.70794,-0.00872665,0.0266324,0.00294818,0.196203,0.496289
3886,1,0.1,0,0,1,1,1,5.70804,0.00698132,0.0191753,0.00294674,0.278041,0.428613
3887,1,0.1,0,0,1,1,1,5.70804,-0.00872665,0.00745708,0.00293754,0.405727,0.575244
3888,1,0.1,0,0,1,1,1,5.70794,0,-0.00319589,0.00292022,0.520624,0.496289
3889,1,0.1,0,0,1,1,1,5.70794,0,0.0010653,0.00292078,0.473824,0.47373
3890,1,0.1,0,0,1,1,1,5.70794,0,-0.00213059,0.00293823,0.511283,0.552686
3891,1,0.1,0,0,1,1,1,5.70804,-0.00872665,-0.00426119,0.0028993,0.529581,0.439893
3892,1,0.1,0,0,1,1,1,5.70794,0,0.00852238,0.00285875,0.383609,0.518848
3893,1,0.1,0,0,1,1,1,5.70794,-0.015708,-0.0010653,0.00287099,0.490689,0.428613
3894,1,0.1,0,0,1,1,1,5.70804,0.0349066,0.00639178,0.00290094,0.412614,0.597803
3895,1,0.1,0,0,1,1,1,5.70794,-0.0226893,-0.00426119,0.00289607,0.529154,0.451172
3896,1,0.1,0,0,1,1,1,5.70804,0.0261799,0.00958767,0.00285437,0.371313,0.496289
3897,1,0.1,0,0,1,1,1,5.70794,0,0.0010653,0.00284046,0.463222,0.428613
3898,1,0.1,0,0,1,1,1,5.70804,0.010472,0.00958767,0.00283286,0.368473,0.360938
3899,1,0.1,0,0,1,1,1,5.70794,0,0.010653,0.0028373,0.357341,0.47373
3900,1,0.1,0,0,1,1,1,5.70804,0.0139626,0.0138489,0.0027972,0.316893,0.281982
3901,1,0.1,0,0,1,1,1,5.70794,0.00872665,0.0138489,0.00277798,0.314355,0.417334
3902,1,0.1,0,0,1,1,1,5.70794,0,-0.00852238,0.00274876,0.556583,0.3271
3903,1,0.1,0,0,1,1,1,5.70794,0.0314159,0.00532648,0.00271084,0.399239,0.360938
3904,1,0.1,0,0,1,1,1,5.70794,-0.0279253,-0.01811,0.0027434,0.661339,0.383496
3905,1,0.1,0,0,1,1,1,5.70804,0.0139626,-0.00426119,0.00271343,0.505046,0.462451
3906,1,0.1,0,0,1,1,1,5.70794,-0.00349066,-0.00319589,0.00268788,0.489955,0.552686
3907,1,0.1,0,0,1,1,1,5.70794,0,-0.00213059,0.00264769,0.472931,0.428613
3908,1,0.1,0,0,1,1,1,5.70794,0,-0.0127836,0.00265982,0.591715,0.372217
3909,1,0.1,0,0,1,1,1,5.70794,0.00698132,-0.00958767,0.00265605,0.556063,0.349658
3910,1,0.1,0,0,1,1,1,5.70794,0,0.0117183,0.00262845,0.318054,0.507568
3911,1,0.1,0,0,1,1,1,5.70794,-0.0226893,0.00745708,0.00260215,0.361456,0.428613
3912,1,0.1,0,0,1,1,1,5.70794,0.00872665,0.0127836,0.00257687,0.299528,0.360938
3913,1,0.1,0,0,1,1,1,5.70794,0,0.00213059,0.00258618,0.417939,0.417334
3914,1,0.1,0,0,1,1,1,5.70794,0,-0.0117183,0.00259631,0.571614,0.394775
3915,1,0.1,0,0,1,1,1,5.70804,0.0226893,-0.00213059,0.00257536,0.463384,0.462451
3916,1,0.1,0,0,1,1,1,5.70794,-0.0366519,0.01811,0.00257869,0.241177,0.349658
3917,1,0.1,0,0,1,1,1,5.70794,-0.00174533,-0.0149142,0.00261507,0.609244,0.349658
3918,1,0.1,0,0,1,1,1,5.70804,0.0541052,0.00532648,0.0025806,0.382047,0.281982
3919,1,0.1,0,0,1,1,1,5.70785,0,0.0255671,0.00254615,0.154854,0.349658
3920,1,0.1,0,0,1,1,1,5.70794,0,-0.0010653,0.0025568,0.449216,0.281982
3921,1,0.1,0,0,1,1,1,5.70794,0.010472,-0.0234365,0.00252546,0.691163,0.406055
3922,1,0.1,0,0,1,1,1,5.70794,-0.00872665,-0.00958767,0.00254763,0.541751,0.507568
3923,1,0.1,0,0,1,1,1,5.70794,0.00523599,-0.0159795,0.00255925,0.613595,0.462451
3924,1,0.1,0,0,1,1,1,5.70794,-0.0174533,-0.00852238,0.00255414,0.530892,0.394775
3925,1,0.1,0,0,1,1,1,5.70794,0,-0.0010653,0.00255192,0.448572,0.462451
3926,1,0.1,0,0,1,1,1,5.70794,0,0.00639178,0.00255018,0.366314,0.530127
3927,1,0.1,0,0,1,1,1,5.70794,-0.00698132,0.00852238,0.00253933,0.341446,0.428613
3928,1,0.1,0,0,1,1,1,5.70794,0,0.0245018,0.0025067,0.161364,0.406055
3929,1,0.1,0,0,1,1,1,5.70785,-0.0244346,-0.028763,0.00249852,0.746197,0.304541
3930,1,0.1,0,0,1,1,1,5.70794,0.0279253,-0.0117183,0.00251554,0.560952,0.417334
3931,1,0.1,0,0,1,1,1,5.70794,-0.00523599,5.87076e-19,0.00251474,0.431945,0.439893
3932,1,0.1,0,0,1,1,1,5.70794,0,-0.010653,0.00252439,0.550403,0.462451
3933,1,0.1,0,0,1,1,1,5.70794,0,0.00852238,0.00249487,0.335577,0.394775
3934,1,0.1,0,0,1,1,1,5.70794,-0.00872665,0.010653,0.00247241,0.309175,0.349658
3935,1,0.1,0,0,1,1,1,5.70794,0,0.0127836,0.0024572,0.283731,0.428613
3936,1,0.1,0,0,1,1,1,5.70794,0.0279253,-0.00958767,0.0024797,0.532785,0.48501
3937,1,0.1,0,0,1,1,1,5.70794,0,0.0010653,0.0024564,0.412527,0.417334
3938,1,0.1,0,0,1,1,1,5.70794,0,0.0223712,0.00246856,0.179766,0.439893
3939,1,0.1,0,0,1,1,1,5.70794,-0.0331613,0.00745708,0.00246646,0.343545,0.439893
3940,1,0.1,0,0,1,1,1,5.70794,0.015708,-0.0340895,0.00247628,0.801853,0.372217
3941,1,0.1,0,0,1,1,1,5.70794,0.0506145,0.010653,0.00244381,0.3054,0.338379
3942,1,0.1,0,0,1,1,1,5.70794,-0.0279253,0.00639178,0.00241787,0.348849,0.349658
3943,1,0.1,0,0,1,1,1,5.70794,0,-0.00958767,0.00239792,0.52199,0.406055
3944,1,0.1,0,0,1,1,1,5.70794,0,-0.00319589,0.00241107,0.453416,0.406055
3945,1,0.1,0,0,1,1,1,5.70794,0,0.00639178,0.00241413,0.348356,0.349658
3946,1,0.1,0,0,1,1,1,5.70794,0,0.00213059,0.00239564,0.392788,0.372217
3947,1,0.1,0,0,1,1,1,5.70794,0,0.0149142,0.0023544,0.246724,0.349658
3948,1,0.1,0,0,1,1,1,5.70785,0,0.0117183,0.00238302,0.285658,0.394775
3949,1,0.1,0,0,1,1,1,5.70785,-0.0401426,0.0127836,0.00235286,0.269958,0.383496
3950,1,0.1,0,0,1,1,1,5.70785,0.00872665,0.00958767,0.00239614,0.310826,0.372217
3951,1,0.1,0,0,1,1,1,5.70794,-0.010472,0.00213059,0.00237385,0.389911,0.462451
3952,1,0.1,0,0,1,1,1,5.70785,0,-0.00958767,0.00237481,0.51894,0.372217
3953,1,0.1,0,0,1,1,1,5.70794,0.0122173,0.01811,0.00236773,0.21333,0.428613
3954,1,0.1,0,0,1,1,1,5.70794,-0.00698132,-0.0117183,0.00234827,0.538872,0.31582
3955,1,0.1,0,0,1,1,1,5.70794,0.0174533,-0.00532648,0.00231328,0.463944,0.394775
3956,1,0.1,0,0,1,1,1,5.70794,-0.010472,0.00213059,0.00228679,0.378419,0.383496
3957,1,0.1,0,0,1,1,1,5.70785,0,0.0117183,0.00224542,0.267494,0.394775
3958,1,0.1,0,0,1,1,1,5.70785,-0.0122173,0.00852238,0.00219553,0.296063,0.338379
3959,1,0.1,0,0,1,1,1,5.70785,0,0.00213059,0.00217953,0.364261,0.417334
3960,1,0.1,0,0,1,1,1,5.70794,0,0.0223712,0.00217302,0.140756,0.31582
3961,1,0.1,0,0,1,1,1,5.70785,0,0.0223712,0.00214938,0.137635,0.281982
3962,1,0.1,0,0,1,1,1,5.70785,0,-0.0170448,0.00216696,0.57353,0.394775
3963,1,0.1,0,0,1,1,1,5.70785,0,0.00319589,0.0021909,0.354044,0.394775
3964,1,0.1,0,0,1,1,1,5.70785,0,-0.00639178,0.00216479,0.456062,0.406055
3965,1,0.1,0,0,1,1,1,5.70785,0,0.00852238,0.00216923,0.292592,0.31582
3966,1,0.1,0,0,1,1,1,5.70785,0,0.0127836,0.00216873,0.245653,0.394775
3967,1,0.1,0,0,1,1,1,5.70785,-0.0139626,0.0191753,0.00216507,0.17486,0.372217
3968,1,0.1,0,0,1,1,1,5.70785,0.0174533,0.00426119,0.00212388,0.333479,0.214307
3969,1,0.1,0,0,1,1,1,5.70785,0,-0.0138489,0.00213929,0.534723,0.349658
3970,1,0.1,0,0,1,1,1,5.70785,0,-0.0202406,0.0021188,0.602328,0.293262
3971,1,0.1,0,0,1,1,1,5.70794,0.0331613,0.00213059,0.00213585,0.358495,0.360938
3972,1,0.1,0,0,1,1,1,5.70785,-0.0418879,0.00958767,0.00214497,0.277671,0.3271
3973,1,0.1,0,0,1,1,1,5.70794,0,-0.00958767,0.00213149,0.486821,0.3271
3974,1,0.1,0,0,1,1,1,5.70785,0,-0.0010653,0.0021331,0.393287,0.360938
3975,1,0.1,0,0,1,1,1,5.70794,0,-0.0170448,0.00216715,0.573556,0.451172
3976,1,0.1,0,0,1,1,1,5.70794,0.00872665,0.00745708,0.00212906,0.299008,0.3271
3977,1,0.1,0,0,1,1,1,5.70785,0,-0.010653,0.00211156,0.495909,0.281982
3978,1,0.1,0,0,1,1,1,5.70785,0,-0.00426119,0.00212316,0.427131,0.417334
3979,1,0.1,0,0,1,1,1,5.70785,0,0.00532648,0.00212869,0.322396,0.428613
3980,1,0.1,0,0,1,1,1,5.70785,0,0.00426119,0.00212985,0.334267,0.281982
3981,1,0.1,0,0,1,1,1,5.70794,0.0174533,0.00852238,0.00211135,0.284952,0.394775
3982,1,0.1,0,0,1,1,1,5.70785,-0.0174533,-0.00426119,0.00211332,0.425831,0.349658
3983,1,0.1,0,0,1,1,1,5.70785,0,0.00426119,0.00209171,0.329232,0.281982
3984,1,0.1,0,0,1,1,1,5.70785,0,-0.00319589,0.00207353,0.40886,0.248145
3985,1,0.1,0,0,1,1,1,5.70785,0.00872665,0.00532648,0.00204791,0.311732,0.394775
3986,1,0.1,0,0,1,1,1,5.70785,-0.0244346,0.00532648,0.00203394,0.309888,0.304541
3987,1,0.1,0,0,1,1,1,5.70785,0,-0.00213059,0.00205201,0.394302,0.439893
3988,1,0.1,0,0,1,1,1,5.70785,-0.00872665,0.00958767,0.00204296,0.264206,0.372217
3989,1,0.1,0,0,1,1,1,5.70785,0,0.00532648,0.00201741,0.307707,0.428613
3990,1,0.1,0,0,1,1,1,5.70785,0,0.00426119,0.00198779,0.315515,0.383496
3991,1,0.1,0,0,1,1,1,5.70785,0,-0.00532648,0.00199349,0.421733,0.417334
3992,1,0.1,0,0,1,1,1,5.70785,0,-1.63077e-18,0.00201865,0.366462,0.383496
3993,1,0.1,0,0,1,1,1,5.70785,0,-1.30461e-19,0.00201285,0.365696,0.394775
3994,1,0.1,0,0,1,1,1,5.70785,0,-0.00639178,0.0020133,0.436066,0.383496
3995,1,0.1,0,0,1,1,1,5.70785,0,0.00852238,0.00197025,0.266327,0.293262
3996,1,0.1,0,0,1,1,1,5.70785,-0.00872665,-0.0127836,0.00199035,0.503345,0.338379
3997,1,0.1,0,0,1,1,1,5.70785,0,0.00639178,0.00197214,0.290013,0.383496
3998,1,0.1,0,0,1,1,1,5.70785,-0.0191986,0.00426119,0.00194864,0.310347,0.293262
3999,1,0.1,0,0,1,1,1,5.70785,0,-0.00852238,0.00196549,0.453191,0.47373
4000,1,0.1,0,0,1,1,1,5.70785,0,-0.0245018,0.0019862,0.631698,0.406055
4001,1,0.1,0,0,1,1,1,5.70794,0.0279253,-0.0010653,0.00199763,0.375405,0.48501
4002,1,0.1,0,0,1,1,1,5.70785,-0.0383972,0.00213059,0.00196976,0.336572,0.3271
4003,1,0.1,0,0,1,1,1,5.70785,0.020944,-0.0149142,0.00198319,0.525837,0.451172
4004,1,0.1,0,0,1,1,1,5.70785,-0.00523599,0.0117183,0.00197649,0.231996,0.406055
4005,1,0.1,0,0,1,1,1,5.70785,0,-0.0159795,0.00198366,0.537617,0.349658
4006,1,0.1,0,0,1,1,1,5.70785,0,0.0298283,0.00194784,0.0290038,0.428613
4007,1,0.1,0,0,1,1,1,5.70775,-0.0436332,-0.00532648,0.00192623,0.412854,0.293262
4008,1,0.1,0,0,1,1,1,5.70785,0.0366519,-0.00532648,0.00193231,0.413656,0.372217
4009,1,0.1,0,0,1,1,1,5.70785,-0.015708,0.00319589,0.00190875,0.3168,0.31582
4010,1,0.1,0,0,1,1,1,5.70785,0,0.00213059,0.00193203,0.331591,0.360938
4011,1,0.1,0,0,1,1,1,5.70785,0,0.0117183,0.00191303,0.223619,0.3271
4012,1,0.1,0,0,1,1,1,5.70785,0,0.00745708,0.00191984,0.271391,0.406055
4013,1,0.1,0,0,1,1,1,5.70785,-0.0174533,-0.00213059,0.0019052,0.374923,0.417334
4014,1,0.1,0,0,1,1,1,5.70785,0,0.00426119,0.00185708,0.298261,0.3271
4015,1,0.1,0,0,1,1,1,5.70785,0,-0.0117183,0.00184342,0.472232,0.293262
4016,1,0.1,0,0,1,1,1,5.70785,0,0.00639178,0.00183918,0.272462,0.281982
4017,1,0.1,0,0,1,1,1,5.70785,0,-0.00319589,0.00186182,0.380915,0.394775
4018,1,0.1,0,0,1,1,1,5.70785,0,0.00213059,0.0019156,0.329422,0.462451
4019,1,0.1,0,0,1,1,1,5.70785,-0.0122173,-0.010653,0.00185351,0.461741,0.349658
4020,1,0.1,0,0,1,1,1,5.70785,-0.00872665,0.0117183,0.00189367,0.221064,0.349658
4021,1,0.1,0,0,1,1,1,5.70785,-0.00698132,0.00426119,0.00190053,0.303997,0.338379
4022,1,0.1,0,0,1,1,1,5.70785,0.0139626,0.0234365,0.00185838,0.0875037,0.214307
4023,1,0.1,0,0,1,1,1,5.70785,0,-0.0170448,0.00185674,0.532582,0.372217
4024,1,0.1,0,0,1,1,1,5.70785,0,-0.0255671,0.00186717,0.627705,0.304541
4025,1,0.1,0,0,1,1,1,5.70785,0.0244346,-0.00213059,0.0018843,0.372164,0.3271
4026,1,0.1,0,0,1,1,1,5.70785,-0.015708,0.0127836,0.00184811,0.203331,0.3271
4027,1,0.1,0,0,1,1,1,5.70785,-0.0122173,0.00319589,0.00184274,0.308087,0.225586
4028,1,0.1,0,0,1,1,1,5.70785,0.0279253,0.0170448,0.00183679,0.154964,0.3271
4029,1,0.1,0,0,1,1,1,5.70775,0,-0.00639178,0.00184224,0.413486,0.31582
4030,1,0.1,0,0,1,1,1,5.70785,0.0139626,0.010653,0.0018653,0.229037,0.338379
4031,1,0.1,0,0,1,1,1,5.70785,-0.00872665,-0.0010653,0.00187784,0.359594,0.304541
4032,1,0.1,0,0,1,1,1,5.70785,0.00872665,-0.00213059,0.00188634,0.372434,0.338379
4033,1,0.1,0,0,1,1,1,5.70785,0,-0.0202406,0.00184354,0.565994,0.270703
4034,1,0.1,0,0,1,1,1,5.70785,0,-0.00532648,0.00179515,0.395552,0.248145
4035,1,0.1,0,0,1,1,1,5.70775,0,0.010653,0.00176584,0.215908,0.180469
4036,1,0.1,0,0,1,1,1,5.70775,0,-0.00745708,0.00177912,0.416871,0.3271
4037,1,0.1,0,0,1,1,1,5.70785,0.0139626,-0.0117183,0.00176977,0.462511,0.31582
4038,1,0.1,0,0,1,1,1,5.70775,0,0.00745708,0.00175354,0.24944,0.406055
4039,1,0.1,0,0,1,1,1,5.70775,-0.010472,0.00852238,0.00176959,0.23984,0.3271
4040,1,0.1,0,0,1,1,1,5.70785,0.020944,-0.00958767,0.00175824,0.437553,0.360938
4041,1,0.1,0,0,1,1,1,5.70775,0,0.0010653,0.00171828,0.314955,0.304541
4042,1,0.1,0,0,1,1,1,5.70775,-0.0191986,-0.00745708,0.00172189,0.409318,0.31582
4043,1,0.1,0,0,1,1,1,5.70785,0,-0.00532648,0.00172595,0.386417,0.338379
4044,1,0.1,0,0,1,1,1,5.70775,-0.010472,-0.0266324,0.00173337,0.621761,0.281982
4045,1,0.1,0,0,1,1,1,5.70785,0.0244346,-0.00958767,0.00172464,0.433117,0.281982
4046,1,0.1,-4.77126e-05,-0.0953297,1,1,1,5.70775,0,0.00852238,0.00173983,0.221811,0.349658
4047,1,0.0999966,-0.00168604,-0.555312,1,1,1,5.70775,-0.0174533,0.0010653,0.00170462,0.213827,0.180469
4048,1,0.0999794,-0.00555372,-0.987196,1,1,1,5.70775,0,-0.01811,0.00167793,0.312423,0.236865
4049,1,0.0999376,-0.0115117,-1.39155,1,1,1,5.70775,0,0.0010653,0.0016083,-0.0383266,0.0902344
4050,1,0.099861,-0.0194238,-1.76896,1,1,1,5.70765,-0.00872665,0.00319589,0.00155551,-0.219584,0.0902344
4051,1,0.0997403,-0.0291579,-2.12002,1,1,1,5.70765,-0.0191986,-0.00532648,0.00142502,-0.313381,0.0112793
4052,1,0.0995666,-0.040581,-2.44523,1,1,1,5.70756,-0.0191986,-0.010653,0.00129505,-0.459559,0
4053,1,0.0993319,-0.0535675,-2.74523,1,1,1,5.70737,-0.0401426,-0.00319589,0.00111005,-0.770105,-0.169189
4054,1,0.0990285,-0.0679938,-3.02061,1,1,1,5.70708,-0.102974,-0.028763,0.000871443,-0.740815,-0.507568
4055,1,0.0986498,-0.0837317,-3.27183,1,1,1,5.7065,-0.0488692,-0.01811,0.000639982,-1.12115,-0.857227
4056,1,0.0981893,-0.100671,-3.49961,1,1,1,5.70631,-0.0558505,-0.0617872,0.000455821,-0.909309,-0.902344
4057,1,0.0976412,-0.118694,-3.70449,1,1,1,5.70564,-0.0925025,-0.0937461,0.000271662,-0.83617,-0.95874
4058,1,0.0970007,-0.137678,-3.88696,1,1,1,5.70535,-0.0837758,-0.0980073,0.000111289,-1.07241,-0.879785
4059,1,0.0962631,-0.157523,-4.04767,1,1,1,5.70449,-0.188496,-0.123574,-4.42251e-05,-1.0818,-1.00386
4060,1,0.0954242,-0.178122,-4.18722,1,1,1,5.70372,-0.172788,-0.161925,-0.000159198,-0.95125,-1.0377
4061,1,0.0944806,-0.199365,-4.30613,1,1,1,5.70286,-0.153589,-0.17897,-0.000247886,-1.05564,-1.00386
4062,1,0.0934296,-0.22115,-4.40498,1,1,1,5.70209,-0.191986,-0.205602,-0.000323592,-1.0564,-1.01514
4063,1,0.0922686,-0.243378,-4.48437,1,1,1,5.70075,-0.188496,-0.230104,-0.000414821,-1.0856,-1.07153
4064,1,0.0909952,-0.265962,-4.54487,1,1,1,5.69998,-0.204204,-0.26952,-0.00048537,-0.949566,-0.981299
4065,1,0.0896084,-0.288799,-4.58705,1,1,1,5.69836,-0.308923,-0.260998,-0.000585019,-1.3454,-1.29712
4066,1,0.0881068,-0.311805,-4.61149,1,1,1,5.69701,-0.312414,-0.268455,-0.000728694,-1.57217,-1.34224
4067,1,0.0864903,-0.334884,-4.61876,1,1,1,5.6951,-0.366519,-0.298283,-0.000844638,-1.54741,-1.39863
4068,1,0.0847582,-0.357961,-4.60945,1,1,1,5.69385,-0.303687,-0.364332,-0.000905747,-1.11397,-1.44375
4069,1,0.082911,-0.38095,-4.58413,1,1,1,5.69203,-0.324631,-0.369658,-0.00096544,-1.34407,-1.37607
4070,1,0.0809489,-0.403777,-4.54336,1,1,1,5.6903,-0.439823,-0.392029,-0.00106872,-1.38979,-1.47759
4071,1,0.0788734,-0.426362,-4.48773,1,1,1,5.68781,-0.349066,-0.402682,-0.00113772,-1.554,-1.39863
4072,1,0.0766859,-0.44863,-4.41783,1,1,1,5.68628,-0.411898,-0.44849,-0.00115488,-1.31837,-1.24072
4073,1,0.0743875,-0.470519,-4.33419,1,1,1,5.6834,-0.520108,-0.478318,-0.00116987,-1.25108,-1.43247
4074,1,0.0719812,-0.491953,-4.23744,1,1,1,5.68139,-0.459022,-0.486841,-0.00116779,-1.40781,-1.27456
4075,1,0.0694693,-0.512869,-4.12815,1,1,1,5.67861,-0.507891,-0.526257,-0.00110834,-1.20855,-1.18433
4076,1,0.0668535,-0.533214,-4.00685,1,1,1,5.67669,-0.499164,-0.534779,-0.00107197,-1.34337,-1.19561
4077,1,0.0641379,-0.552921,-3.87415,1,1,1,5.67304,-0.612611,-0.566738,-0.00106501,-1.2155,-1.29712
4078,1,0.0613259,-0.571934,-3.73065,1,1,1,5.67094,-0.47473,-0.589109,-0.000977961,-1.17053,-1.16177
4079,1,0.05842,-0.590209,-3.57686,1,1,1,5.66748,-0.729548,-0.585913,-0.000877108,-1.39409,-1.12793
4080,1,0.0554244,-0.607691,-3.41338,1,1,1,5.66461,-0.640536,-0.616807,-0.000863686,-1.24495,-1.28584
4081,1,0.052344,-0.62433,-3.24082,1,1,1,5.66116,-0.55676,-0.650896,-0.000751946,-1.03384,-1.09409
4082,1,0.0491829,-0.640084,-3.05976,1,1,1,5.65847,-0.726057,-0.644505,-0.000609566,-1.25095,-1.07153
4083,1,0.0459456,-0.654911,-2.87076,1,1,1,5.65444,-0.612611,-0.672202,-0.000521465,-1.08894,-0.992578
4084,1,0.0426352,-0.668779,-2.67432,1,1,1,5.65186,-0.706858,-0.689247,-0.000433937,-1.03081,-1.10537
4085,1,0.0392588,-0.681645,-2.47112,1,1,1,5.64773,-0.586431,-0.687117,-0.00032709,-1.16742,-0.947461
4086,1,0.0358206,-0.69348,-2.26171,1,1,1,5.64515,-0.719076,-0.687117,-0.000301857,-1.27896,-0.95874
4087,1,0.0323261,-0.704252,-2.04665,1,1,1,5.64026,-0.74351,-0.703096,-0.000292696,-1.20395,-1.10537
4088,1,0.0287797,-0.713938,-1.82649,1,1,1,5.63767,-0.677188,-0.740381,-0.000256993,-0.876462,-1.28584
4089,1,0.0251886,-0.72251,-1.60189,1,1,1,5.63345,-0.645772,-0.735055,-0.000191284,-0.998367,-1.02642
4090,1,0.0215567,-0.72995,-1.37334,1,1,1,5.63048,-0.811578,-0.730794,-0.000109394,-1.09153,-0.981299
4091,1,0.0178909,-0.736238,-1.14146,1,1,1,5.62597,-0.698132,-0.757426,-7.23893e-05,-0.837348,-0.924902
4092,1,0.0141967,-0.741359,-0.906826,1,1,1,5.62329,-0.726057,-0.763818,4.71075e-05,-0.778292,-0.845947
4093,1,0.0104793,-0.745302,-0.669974,1,1,1,5.61878,-0.727802,-0.749969,0.000148589,-0.92938,-0.789551
4094,1,0.00674577,-0.748056,-0.431543,1,1,1,5.61581,-0.783653,-0.768079,0.000209301,-0.720272,-0.834668
4095,1,0.00300059,-0.749616,-0.192021,1,1,1,5.61101,-0.682424,-0.758491,0.0003283,-0.792005,-0.665479
4096,1,-0.000749255,-0.749976,0.0479521,1,1,1,5.60843,-0.696386,-0.769144,0.000394746,-0.634287,-0.733154
4097,1,-0.00449677,-0.749137,0.287738,1,1,1,5.60325,-0.747001,-0.737185,0.00041523,-0.937142,-0.755713
4098,1,-0.00823795,-0.7471,0.526888,1,1,1,5.60066,-0.715585,-0.751034,0.000466595,-0.717129,-0.733154
4099,1,-0.0119654,-0.74387,0.764738,1,1,1,5.59606,-0.741765,-0.756361,0.000499104,-0.57938,-0.609082
4100,1,-0.0156751,-0.739455,1.00082,1,1,1,5.59328,-0.727802,-0.726533,0.000915908,-0.762218,-0.496289
4101,1,-0.0193585,-0.733866,1.23441,1,1,1,5.58848,-0.823795,-0.721206,0.000893141,-0.721062,-0.586523
4102,1,-0.0230118,-0.727115,1.46506,1,1,1,5.58551,-0.719076,-0.727598,0.00085652,-0.539354,-0.755713
4103,1,-0.0266279,-0.719221,1.69209,1,1,1,5.58129,-0.647517,-0.73612,0.000916954,-0.306263,-0.372217
4104,1,-0.030202,-0.710202,1.915,1,1,1,5.57851,-0.76969,-0.731859,0.000942036,-0.205101,-0.394775
4105,1,-0.033728,-0.700079,2.13317,1,1,1,5.5741,-0.602139,-0.704161,0.00102325,-0.340097,-0.394775
4106,1,-0.0372012,-0.688878,2.34608,1,1,1,5.57161,-0.654498,-0.706292,0.00109573,-0.136205,-0.349658
4107,1,-0.0406153,-0.676628,2.55307,1,1,1,5.56749,-0.645772,-0.676464,0.00111744,-0.278825,-0.293262
4108,1,-0.0439654,-0.663359,2.75361,1,1,1,5.56461,-0.678933,-0.682855,0.00112156,-0.0150291,-0.293262
4109,1,-0.0472469,-0.649104,2.94713,1,1,1,5.56078,-0.621337,-0.633852,0.0011029,-0.351724,-0.293262
4110,1,-0.050455,-0.6339,3.13307,1,1,1,5.55828,-0.630064,-0.630656,0.00107422,-0.17626,-0.236865
4111,1,-0.0535846,-0.617787,3.31081,1,1,1,5.55464,-0.654498,-0.596566,0.00099563,-0.337772,-0.304541
4112,1,-0.0566316,-0.600805,3.47981,1,1,1,5.55205,-0.621337,-0.586979,0.000932451,-0.218905,-0.259424
4113,1,-0.0595915,-0.583003,3.63947,1,1,1,5.54879,-0.555015,-0.586979,0.00087084,0.0144438,-0.304541
4114,1,-0.0624602,-0.564428,3.78921,1,1,1,5.54649,-0.553269,-0.547563,0.000815474,-0.176198,-0.0789551
4115,1,-0.0652344,-0.545129,3.92848,1,1,1,5.54323,-0.542797,-0.52093,0.000748962,-0.220807,-0.112793
4116,1,-0.0679104,-0.525162,4.05669,1,1,1,5.54122,-0.483456,-0.516669,0.000711958,-0.00880951,-0.101514
4117,1,-0.0704851,-0.504581,4.17327,1,1,1,5.53815,-0.523599,-0.496428,0.000595245,0.0219029,-0.0338379
4118,1,-0.0729553,-0.483449,4.27763,1,1,1,5.53614,-0.476475,-0.461274,0.00048488,-0.105738,-0.0563965
4119,1,-0.0753188,-0.461825,4.36921,1,1,1,5.53355,-0.459022,-0.451686,0.000416159,0.0583223,-0.0676758
4120,1,-0.0775729,-0.439779,4.44742,1,1,1,5.53173,-0.420624,-0.410139,0.000323514,-0.129635,-0.0676758
4121,1,-0.079716,-0.417375,4.5117,1,1,1,5.52933,-0.432842,-0.410139,0.000219081,0.139446,-0.0338379
4122,1,-0.0817461,-0.394687,4.56145,1,1,1,5.5278,-0.361283,-0.388833,0.000139591,0.179867,-0.0563965
4123,1,-0.0836623,-0.371788,4.59612,1,1,1,5.52549,-0.371755,-0.363266,9.37932e-05,0.179232,-0.0451172
4124,1,-0.0854639,-0.348751,4.61512,1,1,1,5.52425,-0.296706,-0.334503,4.54406e-05,0.142206,0
4125,1,-0.0871504,-0.325654,4.61788,1,1,1,5.52223,-0.310669,-0.318524,-1.40595e-05,0.242312,-0.0112793
4126,1,-0.0887205,-0.3026,4.60382,1,1,1,5.52118,-0.251327,-0.28763,-6.32691e-05,0.176867,0.0338379
4127,1,-0.0901761,-0.279652,4.57236,1,1,1,5.51945,-0.267035,-0.238627,-0.000183456,-0.101981,0
4128,1,-0.0915173,-0.256907,4.52294,1,1,1,5.5185,-0.226893,-0.234365,-0.000291556,0.107214,0.101514
4129,1,-0.0927455,-0.234455,4.45497,1,1,1,5.51735,-0.185005,-0.193884,-0.000475359,-0.0991299,0.0789551
4130,1,-0.0938625,-0.21239,4.36787,1,1,1,5.51658,-0.178024,-0.191753,-0.000642059,0.110581,0.0338379
4131,1,-0.0948704,-0.190807,4.26106,1,1,1,5.51572,-0.136136,-0.132097,-0.00087035,-0.330166,-0.0338379
4132,1,-0.0957715,-0.169814,4.13401,1,1,1,5.51514,-0.125664,-0.122509,-0.00113885,-0.236928,-0.112793
4133,1,-0.0965695,-0.149505,3.98609,1,1,1,5.51457,-0.0890118,-0.0862891,-0.00142553,-0.450844,-0.0451172
4134,1,-0.0972679,-0.129989,3.81674,1,1,1,5.51428,-0.0698132,-0.0521996,-0.00183775,-0.673412,-0.101514
4135,1,-0.0978709,-0.111374,3.62539,1,1,1,5.51399,-0.0645772,-0.0308936,-0.00222105,-0.766528,-0.383496
4136,1,-0.0983833,-0.0937718,3.41145,1,1,1,5.5138,-0.0296706,-0.010653,-0.00264709,-0.870314,-0.789551
4137,1,-0.0988105,-0.0772968,3.17436,1,1,1,5.51361,-0.00872665,-6.52306e-19,-0.00304186,-0.881763,-0.721875
4138,1,-0.0991584,-0.0620675,2.91355,1,1,1,5.51351,-0.0139626,0.00958767,-0.00344096,-0.901442,-0.845947
4139,1,-0.0994335,-0.0482028,2.62843,1,1,1,5.51351,0,-0.0149142,-0.00378362,-0.558541,-0.913623
4140,1,-0.0996429,-0.0358246,2.31841,1,1,1,5.51351,0,0.00213059,-0.00405097,-0.682642,-0.665479
4141,1,-0.0997944,-0.02506,1.98293,1,1,1,5.51351,0.00872665,0.0191753,-0.00426961,-0.823338,-0.710596
4142,1,-0.0998964,-0.016039,1.62147,1,1,1,5.51361,0.015708,0.0117183,-0.00441039,-0.708446,-0.530127
4143,1,-0.0999579,-0.00889031,1.23333,1,1,1,5.51361,0.00174533,-0.00213059,-0.00447313,-0.538226,-0.428613
4144,1,-0.0999886,-0.00375047,0.818028,1,1,1,5.51361,0,-0.0010653,-0.00451347,-0.556778,-0.451172
4145,1,-0.099999,-0.000756374,0.374983,1,1,1,5.51361,0,0.0213059,-0.00455566,-0.84065,-0.631641
4146,1,-0.1,-0,-0,1,1,1,5.51361,0,0.01811,-0.00460141,-0.862458,-0.665479
4147,1,-0.1,-0,-0,1,1,1,5.51361,0,0.0138489,-0.00466633,-0.830838,-0.541406
4148,1,-0.1,-0,-0,1,1,1,5.51361,0,-0.0191753,-0.00471368,-0.480972,-0.654199
4149,1,-0.1,-0,-0,1,1,1,5.5137,0.0279253,0.00958767,-0.00474142,-0.807002,-0.913623
4150,1,-0.1,-0,-0,1,1,1,5.51361,0,-0.0010653,-0.00471089,-0.691379,-0.721875
4151,1,-0.1,-0,-0,1,1,1,5.5137,0,-0.00745708,-0.00468469,-0.622778,-0.710596
4152,1,-0.1,-0,-0,1,1,1,5.5137,0,-0.0170448,-0.00463657,-0.515573,-0.665479
4153,1,-0.1,-0,-0,1,1,1,5.5137,0,0.0138489,-0.00464242,-0.861626,-0.80083
4154,1,-0.1,-0,-0,1,1,1,5.51361,0,-0.01811,-0.00463157,-0.512157,-0.891064
4155,1,-0.1,-0,-0,1,1,1,5.5137,0.00872665,0.00426119,-0.00461012,-0.755409,-0.676758
4156,1,-0.1,-0,-0,1,1,1,5.5137,0,-0.00426119,-0.00459727,-0.659967,-0.710596
4157,1,-0.1,-0,-0,1,1,1,5.5137,0,-0.0010653,-0.00462892,-0.699299,-0.845947
4158,1,-0.1,-0,-0,1,1,1,5.5137,0,0.010653,-0.00460019,-0.824407,-0.665479
4159,1,-0.1,-0,-0,1,1,1,5.51361,-0.0139626,-0.0170448,-0.00460591,-0.520488,-0.778271
4160,1,-0.1,-0,-0,1,1,1,5.51361,0,0.00319589,-0.00458787,-0.740754,-0.597803
4161,1,-0.1,-0,-0,1,1,1,5.51361,0,-0.0149142,-0.00460878,-0.544304,-0.755713
4162,1,-0.1,-0,-0,1,1,1,5.51361,-0.00872665,0.00319589,-0.00462376,-0.745491,-0.80083
4163,1,-0.1,-0,-0,1,1,1,5.51361,0,0.010653,-0.00466539,-0.833014,-0.710596
4164,1,-0.1,-0,-0,1,1,1,5.51361,0,2.60922e-19,-0.00464238,-0.712794,-0.755713
4165,1,-0.1,-0,-0,1,1,1,5.51361,0,-0.00852238,-0.00468741,-0.624992,-0.845947
4166,1,-0.1,-0,-0,1,1,1,5.51361,0,0.00532648,-0.00473005,-0.782957,-0.631641
4167,1,-0.1,-0,-0,1,1,1,5.51361,0,-0.00213059,-0.00474216,-0.702529,-0.778271
4168,1,-0.1,-0,-0,1,1,1,5.51361,0,0.00958767,-0.00476449,-0.834378,-0.721875
4169,1,-0.1,-0,-0,1,1,1,5.51361,0,-0.00745708,-0.00479331,-0.650689,-0.80083
4170,1,-0.1,-0,-0,1,1,1,5.51361,-0.00872665,-0.0010653,-0.00482583,-0.725291,-0.812109
4171,1,-0.1,-0,-0,1,1,1,5.51361,0.00174533,-0.00639178,-0.0048247,-0.666551,-0.721875
4172,1,-0.1,-0,-0,1,1,1,5.51361,0,0.00745708,-0.0048255,-0.818993,-0.654199
4173,1,-0.1,-0,-0,1,1,1,5.51361,0,0.00319589,-0.00484594,-0.774819,-0.789551
4174,1,-0.1,-0,-0,1,1,1,5.51361,0,-0.0149142,-0.00482318,-0.572604,-0.845947
4175,1,-0.1,-0,-0,1,1,1,5.51361,0.00872665,0.00958767,-0.00483488,-0.843668,-0.789551
4176,1,-0.1,-0,-0,1,1,1,5.51361,0,-0.00532648,-0.00482918,-0.67886,-0.733154
4177,1,-0.1,-0,-0,1,1,1,5.51361,0,-0.0202406,-0.0047909,-0.509752,-0.64292
4178,1,-0.1,-0,-0,1,1,1,5.51361,0,0.00426119,-0.00479884,-0.780321,-0.710596
4179,1,-0.1,-0,-0,1,1,1,5.51361,-0.00872665,0.010653,-0.00479618,-0.850279,-0.778271
4180,1,-0.1,-0,-0,1,1,1,5.51361,0,-0.00319589,-0.00479917,-0.698336,-0.721875
4181,1,-0.1,-0,-0,1,1,1,5.51361,0,-0.00532648,-0.00480572,-0.675764,-0.834668
4182,1,-0.1,-0,-0,1,1,1,5.51361,0,-0.0010653,-0.00479362,-0.721039,-0.518848
4183,1,-0.1,-0,-0,1,1,1,5.51361,0,-0.01811,-0.00477713,-0.531371,-0.789551
4184,1,-0.1,-0,-0,1,1,1,5.51361,0,-0.0117183,-0.00477773,-0.60176,-0.631641
4185,1,-0.1,-0,-0,1,1,1,5.51361,0,0.01811,-0.0047878,-0.9312,-0.823389
4186,1,-0.1,-0,-0,1,1,1,5.51361,0.00872665,-0.00745708,-0.00477812,-0.648684,-0.575244
4187,1,-0.1,-0,-0,1,1,1,5.51361,0,0.00639178,-0.00481212,-0.805509,-0.654199
4188,1,-0.1,-0,-0,1,1,1,5.51361,0,-0.00852238,-0.00480957,-0.641117,-0.891064
4189,1,-0.1,-0,-0,1,1,1,5.51361,0,-0.010653,-0.00483276,-0.620741,-0.80083
4190,1,-0.1,-0,-0,1,1,1,5.51361,0,0.0223712,-0.00491995,-0.995517,-0.755713
4191,1,-0.1,-0,-0,1,1,1,5.51361,0,-0.00532648,-0.00490459,-0.688815,-0.80083
4192,1,-0.1,-0,-0,1,1,1,5.51361,0.00872665,-0.01811,-0.0048791,-0.544831,-0.609082
4193,1,-0.1,-0,-0,1,1,1,5.51361,0.00523599,-0.0159795,-0.00490321,-0.57145,-0.834668
4194,1,-0.1,-0,-0,1,1,1,5.51361,0,0.0010653,-0.00492712,-0.762099,-0.789551
4195,1,-0.1,-0,-0,1,1,1,5.51361,0,-0.00319589,-0.00492073,-0.714381,-0.733154
4196,1,-0.1,-0,-0,1,1,1,5.51361,0,0.00852238,-0.00493731,-0.845471,-0.733154
4197,1,-0.1,-0,-0,1,1,1,5.51361,0,0.0010653,-0.00493625,-0.763304,-0.710596
4198,1,-0.1,-0,-0,1,1,1,5.51361,0,-0.00958767,-0.00492394,-0.644496,-0.845947
4199,1,-0.1,-0,-0,1,1,1,5.51361,0,0.0010653,-0.00491079,-0.759943,-0.733154
4200,1,-0.1,-0,-0,1,1,1,5.51361,0.00872665,0.00426119,-0.00491714,-0.795935,-0.552686
4201,1,-0.1,-0,-0,1,1,1,5.51361,0,0.00639178,-0.00495683,-0.824611,-0.924902
4202,1,-0.1,-0,-0,1,1,1,5.51361,0,-0.0276977,-0.00493493,-0.446736,-0.812109
4203,1,-0.1,-0,-0,1,1,1,5.5137,0.00174533,-0.00958767,-0.0049144,-0.643237,-0.688037
4204,1,-0.1,-0,-0,1,1,1,5.51361,0.00872665,-0.00426119,-0.0049332,-0.70431,-0.913623
4205,1,-0.1,-0,-0,1,1,1,5.51361,0,0.00852238,-0.00493125,-0.844671,-0.665479
4206,1,-0.1,-0,-0,1,1,1,5.51361,0,-0.00532648,-0.0049504,-0.694862,-0.891064
4207,1,-0.1,-0,-0,1,1,1,5.51361,0,-0.0127836,-0.00496827,-0.615193,-0.710596
4208,1,-0.1,-0,-0,1,1,1,5.51361,0,0.00426119,-0.00492698,-0.797235,-0.812109
4209,1,-0.1,-0,-0,1,1,1,5.51361,0,-0.00213059,-0.00490734,-0.724333,-0.812109
4210,1,-0.1,-0,-0,1,1,1,5.51361,0,-0.00532648,-0.00489201,-0.687154,-0.834668
4211,1,-0.1,-0,-0,1,1,1,5.51361,0,0.00319589,-0.00491064,-0.783359,-0.812109
4212,1,-0.1,-0,-0,1,1,1,5.51361,0,0.0010653,-0.0049183,-0.760934,-0.812109
4213,1,-0.1,-0,-0,1,1,1,5.51361,0,0.0138489,-0.00493966,-0.904373,-0.812109
4214,1,-0.1,-0,-0,1,1,1,5.51361,0,0.00319589,-0.00494582,-0.788002,-0.924902
4215,1,-0.1,-0,-0,1,1,1,5.51361,-0.00872665,0.0202406,-0.00495682,-0.976948,-0.789551
4216,1,-0.1,-0,-0,1,1,1,5.51361,0,-0.00319589,-0.00495288,-0.718626,-0.563965
4217,1,-0.1,-0,-0,1,1,1,5.51361,0,-0.00319589,-0.00497312,-0.721298,-0.879785
4218,1,-0.1,-0,-0,1,1,1,5.51361,0,0.00958767,-0.00499168,-0.864366,-0.845947
4219,1,-0.1,-0,-0,1,1,1,5.51361,0,-0.00639178,-0.00500271,-0.690049,-0.947461
4220,1,-0.1,-0,-0,1,1,1,5.51361,0,0.01811,-0.00501145,-0.960722,-0.80083
4221,1,-0.1,-0,-0,1,1,1,5.51361,0,-0.00639178,-0.00497153,-0.685932,-0.665479
4222,1,-0.1,-0,-0,1,1,1,5.5137,0,0.0149142,-0.0050154,-0.926089,-0.80083
4223,1,-0.1,-0,-0,1,1,1,5.51361,0,0.00745708,-0.00503836,-0.847091,-0.721875
4224,1,-0.1,-0,-0,1,1,1,5.51361,0,0.00958767,-0.0050617,-0.873609,-0.845947
4225,1,-0.1,-0,-0,1,1,1,5.51361,0,0.010653,-0.00510207,-0.890656,-0.80083
4226,1,-0.1,-0,-0,1,1,1,5.51361,0,-0.00852238,-0.00511082,-0.680882,-0.699316
4227,1,-0.1,-0,-0,1,1,1,5.51361,0,0.0138489,-0.00509424,-0.924777,-0.518848
4228,1,-0.1,-0,-0,1,1,1,5.51361,0,-0.0010653,-0.00509488,-0.760805,-0.845947
4229,1,-0.1,-0,-0,1,1,1,5.51361,0,-0.0117183,-0.00509368,-0.643465,-0.778271
4230,1,-0.1,-0,-0,1,1,1,5.51361,0,0.00958767,-0.00513381,-0.883128,-0.80083
4231,1,-0.1,-0,-0,1,1,1,5.51361,-0.00872665,-0.0127836,-0.00515609,-0.639985,-0.97002
4232,1,-0.1,-0,-0,1,1,1,5.51361,0,0.0170448,-0.00520896,-0.975074,-0.902344
4233,1,-0.1,-0,-0,1,1,1,5.51361,0,-0.010653,-0.00523381,-0.67368,-0.857227
4234,1,-0.1,-0,-0,1,1,1,5.51361,0,-0.00213059,-0.00524536,-0.768951,-0.789551
4235,1,-0.1,-0,-0,1,1,1,5.51361,0,-0.0117183,-0.00524708,-0.663713,-0.766992
4236,1,-0.1,-0,-0,1,1,1,5.51361,0,-0.0010653,-0.00524851,-0.781086,-0.609082
4237,1,-0.1,-0,-0,1,1,1,5.51361,0,0.00852238,-0.00526768,-0.88908,-0.936182
4238,1,-0.1,-0,-0,1,1,1,5.51361,0,-0.00745708,-0.00527688,-0.71452,-0.778271
4239,1,-0.1,-0,-0,1,1,1,5.51361,0,0.010653,-0.00525668,-0.911065,-0.789551
4240,1,-0.1,-0,-0,1,1,1,5.51361,0,0.0117183,-0.00526054,-0.923292,-0.789551
4241,1,-0.1,-0,-0,1,1,1,5.51361,0,0.00319589,-0.00526614,-0.830285,-0.744434
4242,1,-0.1,-0,-0,1,1,1,5.51361,0,0.0149142,-0.00525543,-0.957772,-0.676758
4243,1,-0.1,-0,-0,1,1,1,5.51361,-0.00523599,0.00319589,-0.00524633,-0.82767,-0.80083
4244,1,-0.1,-0,-0,1,1,1,5.5137,0.020944,0.00213059,-0.0052531,-0.816846,-0.845947
4245,1,-0.1,-0,-0,1,1,1,5.51361,0.00872665,0.00745708,-0.00526397,-0.876872,-0.688037
4246,1,-0.1,-0,-0,1,1,1,5.51361,0,0.00319589,-0.00525388,-0.828667,-0.755713
4247,1,-0.1,-0,-0,1,1,1,5.51361,0,2.60922e-19,-0.0052246,-0.789647,-0.699316
4248,1,-0.1,-0,-0,1,1,1,5.51361,0,-0.01811,-0.00524328,-0.592902,-0.609082
4249,1,-0.1,-0,-0,1,1,1,5.51361,0,-0.00958767,-0.0052572,-0.688486,-0.80083
4250,1,-0.1,-0,-0,1,1,1,5.51361,0.0244346,1.10892e-18,-0.0052752,-0.796327,-0.80083
4251,1,-0.1,-0,-0,1,1,1,5.51361,0,1.5003e-18,-0.00526443,-0.794905,-0.845947
4252,1,-0.1,-0,-0,1,1,1,5.51361,0,0.00426119,-0.00525821,-0.840957,-0.755713
4253,1,-0.1,-0,-0,1,1,1,5.51361,0,-0.0170448,-0.00522445,-0.602135,-0.812109
4254,1,-0.1,-0,-0,1,1,1,5.51361,0,-0.0213059,-0.00521537,-0.554063,-0.699316
4255,1,-0.1,-0,-0,1,1,1,5.51361,0.00523599,0.0202406,-0.0052625,-1.0173,-0.80083
4256,1,-0.1,-0,-0,1,1,1,5.51361,0,0.0149142,-0.0052813,-0.961188,-0.755713
4257,1,-0.1,-0,-0,1,1,1,5.51361,0,0.00958767,-0.00532602,-0.908499,-0.744434
4258,1,-0.1,-0,-0,1,1,1,5.51361,-0.00872665,0.00958767,-0.00528713,-0.903365,-0.891064
4259,1,-0.1,-0,-0,1,1,1,5.51361,0,0.00532648,-0.00530255,-0.858527,-0.665479
4260,1,-0.1,-0,-0,1,1,1,5.51361,0,0.00213059,-0.0053038,-0.823538,-0.552686
4261,1,-0.1,-0,-0,1,1,1,5.51361,0,0.00532648,-0.00530674,-0.859082,-0.80083
4262,1,-0.1,-0,-0,1,1,1,5.51361,0,0.00852238,-0.00532794,-0.897034,-0.97002
4263,1,-0.1,-0,-0,1,1,1,5.51361,0.00698132,-0.00852238,-0.00531878,-0.708333,-0.733154
4264,1,-0.1,-0,-0,1,1,1,5.51361,0,-0.0191753,-0.00530347,-0.589129,-0.891064
4265,1,-0.1,-0,-0,1,1,1,5.51361,0,0.0010653,-0.00529526,-0.810693,-0.755713
4266,1,-0.1,-0,-0,1,1,1,5.51361,-0.00872665,0.00639178,-0.00529548,-0.869313,-0.812109
4267,1,-0.1,-0,-0,1,1,1,5.51361,-0.00872665,-0.00319589,-0.00530798,-0.765499,-0.913623
4268,1,-0.1,-0,-0,1,1,1,5.51361,0,-0.00639178,-0.00531686,-0.731516,-0.97002
4269,1,-0.1,-0,-0,1,1,1,5.51361,0,-0.0159795,-0.00530507,-0.624495,-0.891064
4270,1,-0.1,-0,-0,1,1,1,5.51361,0.00872665,0.00213059,-0.00531249,-0.824685,-0.823389
4271,1,-0.1,-0,-0,1,1,1,5.51361,0,0.0149142,-0.00533438,-0.968193,-0.879785
4272,1,-0.1,-0,-0,1,1,1,5.51361,-0.0174533,0.00745708,-0.00537839,-0.891976,-0.992578
4273,1,-0.1,-0,-0,1,1,1,5.51361,0,0.00319589,-0.00541523,-0.849965,-0.95874
4274,1,-0.1,-0,-0,1,1,1,5.51361,0,0.010653,-0.00540476,-0.930611,-0.789551
4275,1,-0.1,-0,-0,1,1,1,5.51361,0,0.00319589,-0.00544085,-0.853346,-0.95874
4276,1,-0.1,-0,-0,1,1,1,5.51361,0,-0.010653,-0.00546967,-0.704813,-0.947461
4277,1,-0.1,-0,-0,1,1,1,5.51361,0.00174533,0.0245018,-0.00549957,-1.09546,-0.891064
4278,1,-0.1,-0,-0,1,1,1,5.51361,0,-0.00532648,-0.00550552,-0.768138,-0.868506
4279,1,-0.1,-0,-0,1,1,1,5.51361,0,-0.00319589,-0.00547802,-0.787944,-0.80083
4280,1,-0.1,-0,-0,1,1,1,5.51361,0,-0.00639178,-0.00548019,-0.753075,-0.845947
4281,1,-0.1,-0,-0,1,1,1,5.51361,0,-0.00319589,-0.00552481,-0.79412,-1.08281
4282,1,-0.1,-0,-0,1,1,1,5.51351,0.0279253,0.00532648,-0.00555915,-0.892399,-0.924902
4283,1,-0.1,-0,-0,1,1,1,5.51351,0,-0.00213059,-0.00559427,-0.815008,-0.947461
4284,1,-0.1,-0,-0,1,1,1,5.51351,0,0.0159795,-0.00558031,-1.01237,-0.868506
4285,1,-0.1,-0,-0,1,1,1,5.51351,-0.010472,-0.00958767,-0.00557134,-0.729953,-0.834668
4286,1,-0.1,-0,-0,1,1,1,5.51351,0,0.0276977,-0.00558579,-1.142,-0.947461
4287,1,-0.1,-0,-0,1,1,1,5.51351,-0.0331613,-0.00532648,-0.00557751,-0.777639,-0.755713
4288,1,-0.1,-0,-0,1,1,1,5.51361,0,0.0191753,-0.00559649,-1.04967,-0.710596
4289,1,-0.1,-0,-0,1,1,1,5.51351,-0.00349066,-0.00213059,-0.00559216,-0.814729,-0.755713
4290,1,-0.1,-0,-0,1,1,1,5.51361,-0.00698132,-0.00426119,-0.0056196,-0.794914,-0.902344
4291,1,-0.1,-0,-0,1,1,1,5.51351,0,0.0117183,-0.0056723,-0.977645,-0.845947
4292,1,-0.1,-0,-0,1,1,1,5.51351,-0.00698132,-0.00639178,-0.00565908,-0.776689,-0.789551
4293,1,-0.1,-0,-0,1,1,1,5.51361,0,0.0159795,-0.00570022,-1.0282,-0.981299
4294,1,-0.1,-0,-0,1,1,1,5.51351,0,0.0159795,-0.00572169,-1.03104,-0.947461
4295,1,-0.1,-0,-0,1,1,1,5.51351,-0.0174533,1.30461e-18,-0.00575139,-0.859183,-0.868506
4296,1,-0.1,-0,-0,1,1,1,5.51351,0,-0.00426119,-0.00576448,-0.814038,-0.845947
4297,1,-0.1,-0,-0,1,1,1,5.51351,0,0.00426119,-0.00577223,-0.908808,-0.947461
4298,1,-0.1,-0,-0,1,1,1,5.51351,0.00872665,0.0149142,-0.00580989,-1.03096,-0.891064
4299,1,-0.1,-0,-0,1,1,1,5.51351,-0.00872665,0.00639178,-0.00581434,-0.937803,-0.879785
4300,1,-0.1,-0,-0,1,1,1,5.51351,0,0.00319589,-0.00580161,-0.900968,-0.845947
4301,1,-0.1,-0,-0,1,1,1,5.51351,0,0.00852238,-0.00579517,-0.958709,-0.902344
4302,1,-0.1,-0,-0,1,1,1,5.51351,0,-0.00745708,-0.00578119,-0.781089,-0.95874
4303,1,-0.1,-0,-0,1,1,1,5.51361,0,0.00213059,-0.00577226,-0.885375,-0.755713
4304,1,-0.1,-0,-0,1,1,1,5.51361,0,0.0010653,-0.00577619,-0.874176,-0.924902
4305,1,-0.1,-0,-0,1,1,1,5.51351,0,0.0117183,-0.00579612,-0.993988,-0.902344
4306,1,-0.1,-0,-0,1,1,1,5.51351,0,-0.00639178,-0.00579801,-0.795027,-0.902344
4307,1,-0.1,-0,-0,1,1,1,5.51351,0,0.0127836,-0.00583258,-1.01052,-0.902344
4308,1,-0.1,-0,-0,1,1,1,5.51351,0.00523599,0.0213059,-0.00584991,-1.10655,-0.699316
4309,1,-0.1,-0,-0,1,1,1,5.51351,0,-0.0149142,-0.00580727,-0.702504,-0.755713
4310,1,-0.1,-0,-0,1,1,1,5.51351,0,0.0138489,-0.00579008,-1.01663,-0.620361
4311,1,-0.1,-0,-0,1,1,1,5.51351,-0.00872665,0.00745708,-0.00581488,-0.949591,-0.868506
4312,1,-0.1,-0,-0,1,1,1,5.51351,0.00872665,0.0159795,-0.00584856,-1.04778,-0.64292
4313,1,-0.1,-0,-0,1,1,1,5.51351,0,-0.00745708,-0.0058237,-0.786701,-0.845947
4314,1,-0.1,-0,-0,1,1,1,5.51361,-0.00174533,-0.0127836,-0.00583389,-0.729455,-0.812109
4315,1,-0.1,-0,-0,1,1,1,5.51351,0,-0.00852238,-0.00585095,-0.778579,-0.981299
4316,1,-0.1,-0,-0,1,1,1,5.51351,0,-0.00426119,-0.00584946,-0.825256,-0.789551
4317,1,-0.1,-0,-0,1,1,1,5.51351,0,0.0202406,-0.00588107,-1.09895,-1.04897
4318,1,-0.1,-0,-0,1,1,1,5.51351,0,0.0127836,-0.00587549,-1.01618,-0.699316
4319,1,-0.1,-0,-0,1,1,1,5.51351,0,3.26153e-19,-0.00588193,-0.876415,-0.812109
4320,1,-0.1,-0,-0,1,1,1,5.51351,-0.00872665,-0.00639178,-0.00587226,-0.804828,-0.597803
4321,1,-0.1,-0,-0,1,1,1,5.51351,0,-0.00745708,-0.00590153,-0.796974,-1.00386
4322,1,-0.1,-0,-0,1,1,1,5.51351,0,0.00639178,-0.0059122,-0.95072,-0.902344
4323,1,-0.1,-0,-0,1,1,1,5.51351,0,0.0170448,-0.00591338,-1.06806,-0.845947
4324,1,-0.1,-0,-0,1,1,1,5.51351,0,0.0117183,-0.0059334,-1.01211,-0.845947
4325,1,-0.1,-0,-0,1,1,1,5.51351,0,-0.010653,-0.00593833,-0.766677,-0.95874
4326,1,-0.1,-0,-0,1,1,1,5.51351,-0.00174533,-0.01811,-0.00591868,-0.682055,-0.845947
4327,1,-0.1,-0,-0,1,1,1,5.51361,0.0191986,0.00852238,-0.00593608,-0.977309,-0.902344
4328,1,-0.1,-0,-0,1,1,1,5.51361,0,-0.010653,-0.00594144,-0.767087,-0.981299
4329,1,-0.1,-0,-0,1,1,1,5.51351,0,-0.0010653,-0.00595148,-0.873878,-1.02642
4330,1,-0.1,-0,-0,1,1,1,5.51351,0,-0.0138489,-0.00593938,-0.73166,-0.902344
4331,1,-0.1,-0,-0,1,1,1,5.51351,0,-0.00639178,-0.00596533,-0.817114,-1.04897
4332,1,-0.1,-0,-0,1,1,1,5.51351,0.00698132,-0.00213059,-0.00599851,-0.868367,-1.01514
4333,1,-0.1,-0,-0,1,1,1,5.51351,0,-0.0127836,-0.00602597,-0.754808,-0.992578
4334,1,-0.1,-0,-0,1,1,1,5.51351,0,0.0159795,-0.00604265,-1.0734,-0.891064
4335,1,-0.1,-0,-0,1,1,1,5.51351,0,-0.00319589,-0.00606805,-0.865828,-0.80083
4336,1,-0.1,-0,-0,1,1,1,5.51351,0,-0.0213059,-0.00606597,-0.666343,-0.95874
4337,1,-0.1,-0,-0,1,1,1,5.51361,0.0296706,-0.0330242,-0.00601969,-0.531333,-0.936182
4338,1,-0.1,-0,-0,1,1,1,5.51351,0,-0.00319589,-0.00602964,-0.860758,-0.845947
4339,1,-0.1,-0,-0,1,1,1,5.51351,0,0.0010653,-0.00601817,-0.906117,-0.778271
4340,1,-0.1,-0,-0,1,1,1,5.51351,-0.010472,0.00426119,-0.00600638,-0.939715,-0.812109
4341,1,-0.1,-0,-0,1,1,1,5.51351,0,-1.30461e-19,-0.00603546,-0.89668,-0.924902
4342,1,-0.1,-0,-0,1,1,1,5.51351,0,-0.00532648,-0.00602553,-0.836779,-0.699316
4343,1,-0.1,-0,-0,1,1,1,5.51351,0,-0.00852238,-0.0060082,-0.799336,-0.868506
4344,1,-0.1,-0,-0,1,1,1,5.51351,0,0.00745708,-0.0060343,-0.978556,-1.0377
4345,1,-0.1,-0,-0,1,1,1,5.51351,0,-0.0159795,-0.00603563,-0.720929,-1.02642
4346,1,-0.1,2.384e-05,0.0476486,1,1,1,5.51351,0,-0.00745708,-0.0060718,-0.812402,-1.06025
4347,1,-0.0999983,0.000842901,0.277637,1,1,1,5.51351,0,0.00213059,-0.006058,-0.873362,-0.845947
4348,1,-0.0999897,0.00277672,0.493586,1,1,1,5.51351,0,0.0138489,-0.0061011,-0.953545,-0.992578
4349,1,-0.0999688,0.00575595,0.695782,1,1,1,5.51351,0,-0.00852238,-0.00610605,-0.642792,-0.834668
4350,1,-0.0999305,0.00971222,0.884491,1,1,1,5.51361,0.00349066,0.00426119,-0.00608829,-0.705635,-0.80083
4351,1,-0.0998702,0.0145789,1.06001,1,1,1,5.51361,0,-0.0127836,-0.00603103,-0.425817,-0.676758
4352,1,-0.0997833,0.0202908,1.22262,1,1,1,5.51361,0,-0.00426119,-0.00595695,-0.41645,-0.688037
4353,1,-0.0996659,0.0267847,1.37263,1,1,1,5.51361,0.0174533,-0.00213059,-0.00589922,-0.331096,-0.496289
4354,1,-0.0995143,0.0339963,1.51029,1,1,1,5.51361,0,-0.00213059,-0.00576489,-0.20511,-0.338379
4355,1,-0.0993249,0.0418669,1.63593,1,1,1,5.5137,0.0279253,0.0010653,-0.00559588,-0.103299,-0.15791
4356,1,-0.0990946,0.0503362,1.74982,1,1,1,5.5138,0,0.00745708,-0.00539733,-0.027041,-0.248145
4357,1,-0.0988206,0.0593469,1.85225,1,1,1,5.51389,0,0.010653,-0.00515285,0.0954715,-0.180469
4358,1,-0.0985004,0.0688397,1.94348,1,1,1,5.51389,0.0174533,0.0351548,-0.0049192,-0.0134689,-0.0338379
4359,1,-0.0981315,0.0787629,2.02385,1,1,1,5.51399,0.0174533,0.0191753,-0.00463885,0.332811,-0.0338379
4360,1,-0.0977121,0.0890606,2.09361,1,1,1,5.51418,0.0296706,0.0255671,-0.00428028,0.44822,0
4361,1,-0.0972404,0.0996812,2.15306,1,1,1,5.51437,0.0523599,0.01811,-0.00389406,0.722988,0.338379
4362,1,-0.0967148,0.110575,2.20249,1,1,1,5.51476,0.1309,0.0426119,-0.00351873,0.647161,0.744434
4363,1,-0.0961343,0.12169,2.24218,1,1,1,5.51495,0.0366519,0.0521996,-0.00320077,0.728292,0.575244
4364,1,-0.0954976,0.132982,2.27244,1,1,1,5.51533,0.0820305,0.0852238,-0.002909,0.549547,0.812109
4365,1,-0.0948042,0.1444,2.29353,1,1,1,5.51581,0.0802851,0.0990726,-0.00265325,0.576111,0.812109
4366,1,-0.0940535,0.155901,2.30575,1,1,1,5.51619,0.0837758,0.112921,-0.00241052,0.600744,0.766992
4367,1,-0.0932442,0.167455,2.30938,1,1,1,5.51696,0.113446,0.14275,-0.00220986,0.443229,0.665479
4368,1,-0.092379,0.178982,2.30472,1,1,1,5.51744,0.123918,0.134227,-0.00202888,0.702646,0.586523
4369,1,-0.0914555,0.190476,2.29206,1,1,1,5.5184,0.169297,0.161925,-0.00182418,0.56664,0.552686
4370,1,-0.0904745,0.201889,2.27168,1,1,1,5.51907,0.18326,0.175774,-0.00163415,0.578753,0.710596
4371,1,-0.0894367,0.213181,2.24387,1,1,1,5.51993,0.151844,0.199211,-0.00146523,0.479867,0.721875
4372,1,-0.0883428,0.224316,2.20891,1,1,1,5.5208,0.232129,0.180035,-0.00127995,0.848653,0.778271
4373,1,-0.087194,0.235258,2.1671,1,1,1,5.52195,0.20944,0.204537,-0.0010829,0.73649,0.845947
4374,1,-0.0859908,0.245975,2.11873,1,1,1,5.52281,0.200713,0.222647,-0.000966361,0.678805,0.913623
4375,1,-0.0847347,0.256434,2.06408,1,1,1,5.52396,0.226893,0.224778,-0.000788892,0.801874,0.868506
4376,1,-0.0834268,0.266607,2.00342,1,1,1,5.52502,0.225147,0.241822,-0.000625866,0.754687,0.823389
4377,1,-0.0820692,0.276459,1.93709,1,1,1,5.52636,0.268781,0.264194,-0.00049953,0.639175,0.902344
4378,1,-0.0806628,0.285969,1.86531,1,1,1,5.52732,0.195477,0.268455,-0.00035475,0.720254,0.823389
4379,1,-0.0792084,0.295114,1.78835,1,1,1,5.52885,0.282743,0.252475,-0.000196992,1.02086,0.891064
4380,1,-0.0777124,0.303844,1.7067,1,1,1,5.53,0.244346,0.268455,-2.08189e-05,0.967616,0.947461
4381,1,-0.0761721,0.312165,1.62042,1,1,1,5.53173,0.305433,0.291891,0.00014796,0.825773,1.0377
4382,1,-0.0745915,0.320041,1.52988,1,1,1,5.53288,0.270526,0.301479,0.000266972,0.822668,0.97002
4383,1,-0.0729726,0.327456,1.43537,1,1,1,5.53451,0.300197,0.302544,0.000385554,0.907176,0.95874
4384,1,-0.0713178,0.334389,1.33717,1,1,1,5.53585,0.335103,0.322785,0.00050141,0.774245,0.936182
4385,1,-0.0696297,0.340822,1.23558,1,1,1,5.53767,0.296706,0.32172,0.000596296,0.865375,0.97002
4386,1,-0.0679104,0.346739,1.13086,1,1,1,5.53911,0.361283,0.335569,0.000702322,0.787774,0.95874
4387,1,-0.066163,0.352126,1.02333,1,1,1,5.54112,0.287979,0.336634,0.000788119,0.840991,0.924902
4388,1,-0.0643901,0.356968,0.913263,1,1,1,5.54246,0.342085,0.353679,0.000832208,0.705343,0.778271
4389,1,-0.062594,0.361255,0.800931,1,1,1,5.54457,0.331613,0.372854,0.000845477,0.534221,0.80083
4390,1,-0.0607785,0.364975,0.686679,1,1,1,5.54592,0.322886,0.344091,0.000836589,0.879034,0.597803
4391,1,-0.0589453,0.368119,0.570721,1,1,1,5.54822,0.460767,0.350483,0.000934427,0.846773,0.789551
4392,1,-0.0570983,0.37068,0.453408,1,1,1,5.54965,0.284489,0.374985,0.000987192,0.601466,0.676758
4393,1,-0.0552394,0.372651,0.334972,1,1,1,5.55186,0.383972,0.356874,0.00100997,0.812212,0.721875
4394,1,-0.0533726,0.374028,0.215754,1,1,1,5.5532,0.319395,0.385637,0.0010078,0.496903,0.699316
4395,1,-0.0515005,0.374808,0.0960248,1,1,1,5.5556,0.354302,0.354744,0.00101702,0.831373,0.620361
4396,1,-0.0496255,0.374988,-0.0239651,1,1,1,5.55704,0.376991,0.373919,0.0010022,0.604679,0.665479
4397,1,-0.0477517,0.374568,-0.143866,1,1,1,5.55924,0.366519,0.384572,0.000967107,0.461038,0.496289
4398,1,-0.0458809,0.37355,-0.263452,1,1,1,5.56058,0.349066,0.379246,0.000979702,0.492916,0.631641
4399,1,-0.0440171,0.371935,-0.382379,1,1,1,5.56289,0.331613,0.374985,0.000996748,0.506464,0.507568
4400,1,-0.0421624,0.369727,-0.500419,1,1,1,5.56442,0.39968,0.356874,0.00100148,0.663139,0.451172
4401,1,-0.0403207,0.366933,-0.617214,1,1,1,5.56662,0.420624,0.353679,0.00096829,0.643237,0.541406
4402,1,-0.0384941,0.363558,-0.732527,1,1,1,5.56797,0.293215,0.372854,0.000971391,0.37607,0.597803
4403,1,-0.0366833,0.359604,-0.846218,1,1,1,5.57027,0.347321,0.369658,0.000953617,0.344331,0.507568
4404,1,-0.0348991,0.355101,-0.957494,1,1,1,5.57151,0.338594,0.370723,0.000890828,0.253044,0.541406
4405,1,-0.0331358,0.350039,-1.0666,1,1,1,5.57343,0.319395,0.340895,0.000936039,0.510604,0.360938
4406,1,-0.0313998,0.34444,-1.17301,1,1,1,5.57487,0.357792,0.33983,0.00096244,0.443185,0.3271
4407,1,-0.0296924,0.338314,-1.27653,1,1,1,5.57679,0.347321,0.313197,0.00105639,0.660884,0.518848
4408,1,-0.0280173,0.33168,-1.3768,1,1,1,5.57823,0.354302,0.314263,0.00113132,0.566152,0.563965
4409,1,-0.0263764,0.324552,-1.47357,1,1,1,5.57995,0.29147,0.299348,0.00121993,0.64302,0.507568
4410,1,-0.0247725,0.31695,-1.56653,1,1,1,5.5812,0.31765,0.300414,0.00135546,0.546562,0.541406
4411,1,-0.0232079,0.308894,-1.6554,1,1,1,5.58311,0.284489,0.306806,0.00145627,0.381752,0.755713
4412,1,-0.0216842,0.300403,-1.73991,1,1,1,5.58417,0.221657,0.295087,0.00151486,0.40444,0.665479
4413,1,-0.0202043,0.291502,-1.81973,1,1,1,5.5858,0.26529,0.250345,0.00159668,0.789468,0.496289
4414,1,-0.01877,0.282214,-1.8946,1,1,1,5.58676,0.251327,0.26952,0.00167808,0.468125,0.439893
4415,1,-0.0173828,0.272565,-1.96424,1,1,1,5.58839,0.242601,0.26739,0.0017413,0.374474,0.372217
4416,1,-0.0160449,0.262581,-2.02834,1,1,1,5.58944,0.277507,0.252475,0.00181001,0.418847,0.541406
4417,1,-0.0147574,0.25229,-2.08664,1,1,1,5.59088,0.214675,0.249279,0.00188198,0.332205,0.507568
4418,1,-0.0135223,0.241724,-2.13882,1,1,1,5.59184,0.225147,0.241822,0.00195282,0.289853,0.428613
4419,1,-0.0123406,0.230912,-2.18461,1,1,1,5.59328,0.174533,0.216255,0.00204327,0.446924,0.304541
4420,1,-0.0112136,0.21989,-2.22371,1,1,1,5.59414,0.261799,0.217321,0.00206776,0.300298,0.383496
4421,1,-0.0101422,0.208689,-2.25584,1,1,1,5.59539,0.172788,0.220516,0.00202246,0.118417,0.225586
4422,1,-0.00912697,0.197344,-2.28073,1,1,1,5.59615,0.216421,0.200276,0.0020184,0.199329,0.281982
4423,1,-0.00816874,0.185892,-2.29806,1,1,1,5.59721,0.171042,0.185362,0.00197855,0.216194,0.214307
4424,1,-0.00726801,0.174374,-2.30756,1,1,1,5.59788,0.165806,0.174709,0.00196489,0.190295,0.270703
4425,1,-0.00642515,0.162832,-2.30894,1,1,1,5.59893,0.167552,0.175774,0.00198971,0.0425422,0.259424
4426,1,-0.00563974,0.1513,-2.30191,1,1,1,5.59961,0.174533,0.150207,0.00198586,0.184217,0.146631
4427,1,-0.00491206,0.139828,-2.28618,1,1,1,5.60037,0.123918,0.131032,0.00196602,0.25527,0.225586
4428,1,-0.00424141,0.128455,-2.26147,1,1,1,5.60085,0.123918,0.131032,0.0020188,0.129184,0.248145
4429,1,-0.00362722,0.117227,-2.22748,1,1,1,5.60152,0.0925025,0.138489,0.00205841,-0.0775835,0.203027
4430,1,-0.00306881,0.106196,-2.18394,1,1,1,5.602,0.101229,0.096942,0.00207521,0.254278,0.124072
4431,1,-0.00256482,0.0954035,-2.13053,1,1,1,5.60248,0.116937,0.0830932,0.00209287,0.287175,0.394775
4432,1,-0.00211424,0.0849069,-2.067,1,1,1,5.60286,0.0418879,0.0820279,0.00214459,0.189137,0.270703
4433,1,-0.0017122,0.0746711,-1.9924,1,1,1,5.60315,0.0575959,0.0543301,0.00218284,0.386127,0.203027
4434,1,-0.00136607,0.0649947,-1.90837,1,1,1,5.60344,0.0645772,0.0298283,0.00227355,0.564707,0.304541
4435,1,-0.00106454,0.0556866,-1.81269,1,1,1,5.60382,0.0575959,0.0521996,0.00238477,0.237301,0.236865
4436,1,-0.000808352,0.0468864,-1.70573,1,1,1,5.60392,0.0261799,0.0415466,0.0023957,0.266484,0.31582
4437,1,-0.000594731,0.0386481,-1.58717,1,1,1,5.60411,0.0261799,0.0362201,0.00243562,0.249368,0.31582
4438,1,-0.000420812,0.0310338,-1.45677,1,1,1,5.60421,0.0244346,0.0117183,0.00252052,0.458868,0.293262
4439,1,-0.000283261,0.0241007,-1.3142,1,1,1,5.6043,0.0191986,0.010653,0.00258332,0.418134,0.293262
4440,1,-0.000178558,0.0179123,-1.15921,1,1,1,5.6043,0,0.0117183,0.00265997,0.367196,0.31582
4441,1,-0.000102795,0.0125298,-0.991456,1,1,1,5.6044,0,0.010653,0.00271987,0.348663,0.3271
4442,1,-5.18036e-05,0.00801923,-0.810721,1,1,1,5.6043,0,-0.0127836,0.00280461,0.592489,0.394775
4443,1,-2.10465e-05,0.00444512,-0.616661,1,1,1,5.6044,0.00174533,-0.00958767,0.00287764,0.552591,0.47373
4444,1,-5.67952e-06,0.00187549,-0.40904,1,1,1,5.6044,0.00349066,-0.0255671,0.00291119,0.730607,0.575244
4445,1,-5.06634e-07,0.000378256,-0.187508,1,1,1,5.6044,0.0401426,-0.00319589,0.00290516,0.496709,0.349658
4446,1,0,0,0,1,1,1,5.6043,-0.0191986,0.00213059,0.00291117,0.460838,0.383496
4447,1,0,0,0,1,1,1,5.6044,-0.010472,-0.00745708,0.00289122,0.563669,0.349658
4448,1,0,0,0,1,1,1,5.6043,0,-0.00639178,0.00289928,0.553014,0.428613
4449,1,0,0,0,1,1,1,5.6044,0,-0.0117183,0.00290975,0.612988,0.507568
4450,1,0,0,0,1,1,1,5.6044,0,-0.0138489,0.00291064,0.636542,0.406055
4451,1,0,0,0,1,1,1,5.6044,0.0174533,6.52306e-19,0.00289858,0.482612,0.563965
4452,1,0,0,0,1,1,1,5.6043,-0.0453786,0.00958767,0.00286576,0.372816,0.304541
4453,1,0,0,0,1,1,1,5.6044,0,-0.00639178,0.00288273,0.55083,0.47373
4454,1,0,0,0,1,1,1,5.6044,0.020944,0.0223712,0.00291689,0.238946,0.451172
4455,1,0,0,0,1,1,1,5.6043,-0.0349066,0.010653,0.00289037,0.364346,0.47373
4456,1,0,0,0,1,1,1,5.6044,0.0296706,0.0127836,0.00286236,0.337212,0.428613
4457,1,0,0,0,1,1,1,5.6043,0,-0.00745708,0.00284367,0.557392,0.417334
4458,1,0,0,0,1,1,1,5.6044,0,0.00319589,0.00283444,0.438991,0.349658
4459,1,0,0,0,1,1,1,5.6044,0,0.0117183,0.00283609,0.345463,0.597803
4460,1,0,0,0,1,1,1,5.6044,-0.00523599,0.01811,0.0028067,0.271274,0.496289
4461,1,0,0,0,1,1,1,5.6043,-0.00872665,0.0245018,0.00277061,0.1962,0.417334
4462,1,0,0,0,1,1,1,5.6044,0.00523599,0.0170448,0.00275562,0.27625,0.507568
4463,1,0,0,0,1,1,1,5.6043,-0.010472,0.0159795,0.00273106,0.284726,0.406055
4464,1,0,0,0,1,1,1,5.6044,0,-0.0010653,0.00273712,0.473018,0.394775
4465,1,0,0,0,1,1,1,5.6044,0.00349066,-5.21845e-19,0.0027184,0.458829,0.372217
4466,1,0,0,0,1,1,1,5.6043,0,-0.00426119,0.0027248,0.506547,0.48501
4467,1,0,0,0,1,1,1,5.6044,-0.00872665,-0.0010653,0.00269481,0.467433,0.304541
4468,1,0,0,0,1,1,1,5.6044,0,0.0191753,0.00267339,0.241958,0.48501
4469,1,0,0,0,1,1,1,5.6043,-0.0261799,-0.00426119,0.00266453,0.498591,0.428613
4470,1,0,0,0,1,1,1,5.6044,0.00174533,-0.00745708,0.00266194,0.533404,0.541406
4471,1,0,0,0,1,1,1,5.6044,0,-0.00639178,0.00265769,0.521125,0.462451
4472,1,0,0,0,1,1,1,5.6043,-0.0139626,0.0117183,0.00268026,0.324894,0.609082
4473,1,0,0,0,1,1,1,5.6043,-0.0506145,0.01811,0.00266776,0.252933,0.541406
4474,1,0,0,0,1,1,1,5.6044,0.00872665,-0.01811,0.0026726,0.651993,0.496289
4475,1,0,0,0,1,1,1,5.6044,0.0174533,0.0138489,0.00267148,0.300297,0.552686
4476,1,0,0,0,1,1,1,5.6044,-0.015708,-0.0127836,0.00267046,0.59312,0.609082
4477,1,0,0,0,1,1,1,5.6044,0,0.00852238,0.00266565,0.35812,0.541406
4478,1,0,0,0,1,1,1,5.6044,0,-0.00532648,0.0026437,0.50756,0.47373
4479,1,0,0,0,1,1,1,5.6044,0,0.00532648,0.0026818,0.395407,0.541406
4480,1,0,0,0,1,1,1,5.6044,0,0.0117183,0.00267864,0.324679,0.586523
4481,1,0,0,0,1,1,1,5.6044,-0.0139626,-0.00532648,0.00265929,0.509618,0.394775
4482,1,0,0,0,1,1,1,5.6044,0.0349066,0.00532648,0.00265496,0.391864,0.620361
4483,1,0,0,0,1,1,1,5.6043,-0.00174533,-0.00426119,0.00265824,0.497761,0.597803
4484,1,0,0,0,1,1,1,5.6044,0,0.00958767,0.00269185,0.349859,0.575244
4485,1,0,0,0,1,1,1,5.6044,0,0.00958767,0.00265027,0.344371,0.451172
4486,1,0,0,0,1,1,1,5.6044,0,-0.0138489,0.00264602,0.601612,0.394775
4487,1,0,0,0,1,1,1,5.6044,0.0488692,0.0308936,0.00265003,0.109975,0.48501
4488,1,0,0,0,1,1,1,5.6044,-0.0418879,0.0010653,0.00262888,0.435294,0.3271
4489,1,0,0,0,1,1,1,5.6044,0,0.0149142,0.0026265,0.282643,0.439893
4490,1,0,0,0,1,1,1,5.6044,-0.00349066,0.00213059,0.00261687,0.42199,0.451172
4491,1,0,0,0,1,1,1,5.6044,-0.00872665,0.00852238,0.00260678,0.350349,0.451172
4492,1,0,0,0,1,1,1,5.6044,0,-0.00532648,0.00256667,0.497392,0.47373
4493,1,0,0,0,1,1,1,5.6044,0.0244346,0.0213059,0.00254941,0.202157,0.270703
4494,1,0,0,0,1,1,1,5.6044,0,-0.00639178,0.00254264,0.505938,0.349658
4495,1,0,0,0,1,1,1,5.6044,0.0191986,-0.00319589,0.00256226,0.473373,0.417334
4496,1,0,0,0,1,1,1,5.6043,-0.015708,-0.0117183,0.00256089,0.566939,0.360938
4497,1,0,0,0,1,1,1,5.6044,0,0.0170448,0.00250614,0.243318,0.372217
4498,1,0,0,0,1,1,1,5.6043,-0.0122173,0.0234365,0.00246064,0.167003,0.225586
4499,1,0,0,0,1,1,1,5.6043,-0.0610865,-0.010653,0.00245418,0.541135,0.259424
4500,1,0,0,0,1,1,1,5.6044,0.0593412,-0.0191753,0.0024871,0.639226,0.338379
4501,1,0,0,0,1,1,1,5.6044,0,0.00426119,0.0025193,0.385674,0.417334
4502,1,0,0,0,1,1,1,5.6044,0,0.00213059,0.00248929,0.40515,0.214307
4503,1,0,0,0,1,1,1,5.6044,0,-0.0138489,0.00249481,0.581653,0.383496
4504,1,0,0,0,1,1,1,5.6044,0.0401426,0.0127836,0.00246563,0.284844,0.383496
4505,1,0,0,0,1,1,1,5.6043,0.00523599,0.0117183,0.00246594,0.296603,0.462451
4506,1,0,0,0,1,1,1,5.6044,-0.0506145,0.0127836,0.00246903,0.285293,0.417334
4507,1,0,0,0,1,1,1,5.6044,0,-0.00426119,0.00245317,0.470691,0.428613
4508,1,0,0,0,1,1,1,5.6044,0,0.00213059,0.00246492,0.401933,0.462451
4509,1,0,0,0,1,1,1,5.6044,-0.020944,-0.00958767,0.00244927,0.528769,0.3271
4510,1,0,0,0,1,1,1,5.6044,0.020944,-0.0010653,0.00244633,0.434634,0.48501
4511,1,0,0,0,1,1,1,5.6043,0,-0.00639178,0.00247338,0.496796,0.406055
4512,1,0,0,0,1,1,1,5.6044,0,-1.23938e-18,0.00245249,0.423728,0.406055
4513,1,0,0,0,1,1,1,5.6044,0.0174533,0.0117183,0.00243158,0.292067,0.338379
4514,1,0,0,0,1,1,1,5.6044,0,0.0170448,0.00239988,0.229291,0.439893
4515,1,0,0,0,1,1,1,5.6043,-0.0139626,0.00319589,0.00236884,0.377532,0.372217
4516,1,0,0,0,1,1,1,5.6044,0,0.0202406,0.00232377,0.184091,0.383496
4517,1,0,0,0,1,1,1,5.6043,0,-0.00426119,0.0023637,0.458881,0.428613
4518,1,0,0,0,1,1,1,5.6044,0,0.0117183,0.00230771,0.275716,0.47373
4519,1,0,0,0,1,1,1,5.6043,0,0.00745708,0.0023123,0.323196,0.3271
4520,1,0,0,0,1,1,1,5.6043,0,0.00319589,0.00230227,0.368745,0.383496
4521,1,0,0,0,1,1,1,5.6043,0,0.00426119,0.00230542,0.357442,0.406055
4522,1,0,0,0,1,1,1,5.6044,-0.00174533,-0.0245018,0.0022727,0.669516,0.338379
4523,1,0,0,0,1,1,1,5.6044,0.0645772,0.00745708,0.00228969,0.320211,0.349658
4524,1,0,0,0,1,1,1,5.6044,-0.020944,0.00319589,0.00224123,0.360688,0.462451
4525,1,0,0,0,1,1,1,5.6043,0,0.00319589,0.00221873,0.357717,0.338379
4526,1,0,0,0,1,1,1,5.6044,0.0191986,0.0159795,0.00220851,0.21575,0.688037
4527,1,0,0,0,1,1,1,5.6043,-0.0418879,-0.00319589,0.00217865,0.422737,0.203027
4528,1,0,0,0,1,1,1,5.6044,0.0575959,-0.0010653,0.00216081,0.396945,0.383496
4529,1,0,0,0,1,1,1,5.6043,0.00872665,0.00213059,0.00214867,0.360188,0.383496
4530,1,0,0,0,1,1,1,5.6043,-0.0401426,0.00745708,0.0021481,0.301521,0.293262
4531,1,0,0,0,1,1,1,5.6043,0,0.010653,0.00210267,0.260369,0.417334
4532,1,0,0,0,1,1,1,5.6043,-0.0366519,0.00319589,0.00212736,0.345656,0.225586
4533,1,0,0,0,1,1,1,5.6044,-0.0418879,-0.00958767,0.00211221,0.484277,0.31582
4534,1,0,0,0,1,1,1,5.6043,0.0663225,-0.0117183,0.00209962,0.50605,0.439893
4535,1,0,0,0,1,1,1,5.6043,0,0.0138489,0.00210401,0.225391,0.518848
4536,1,0,0,0,1,1,1,5.6043,-0.010472,0.00639178,0.00207749,0.303919,0.338379
4537,1,0,0,0,1,1,1,5.6043,0,0.010653,0.00208683,0.258279,0.507568
4538,1,0,0,0,1,1,1,5.6043,0,0.010653,0.00206145,0.254929,0.338379
4539,1,0,0,0,1,1,1,5.6043,0,-0.00532648,0.00204155,0.428076,0.3271
4540,1,0,0,0,1,1,1,5.6043,0,0.0138489,0.00202937,0.215539,0.304541
4541,1,0,0,0,1,1,1,5.6043,0,6.52306e-20,0.00204178,0.369514,0.417334
4542,1,0,0,0,1,1,1,5.6043,0,0.01811,0.00204862,0.171208,0.496289
4543,1,0,0,0,1,1,1,5.6043,-0.0279253,-0.00213059,0.00204247,0.393042,0.338379
4544,1,0,0,0,1,1,1,5.6043,0,-0.0117183,0.00208211,0.503739,0.383496
4545,1,0,0,0,1,1,1,5.6043,0,0.00958767,0.0020727,0.268132,0.338379
4546,1,0,0,0,1,1,1,5.6043,0.020944,0.0159795,0.00201487,0.190189,0.259424
4547,1,0,0,0,1,1,1,5.6043,0,-0.00426119,0.00202643,0.414362,0.496289
4548,1,0,0,0,1,1,1,5.6043,-0.0418879,-0.00958767,0.00202442,0.472687,0.428613
4549,1,0,0,0,1,1,1,5.6043,0,-0.00639178,0.00201261,0.435975,0.3271
4550,1,0,0,0,1,1,1,5.6043,0,0.0010653,0.00202133,0.355098,0.270703
4551,1,0,0,0,1,1,1,5.6043,-0.0279253,-0.0149142,0.00203497,0.532672,0.394775
4552,1,0,0,0,1,1,1,5.6043,0,-5.87076e-19,0.00205356,0.37107,0.349658
4553,1,0,0,0,1,1,1,5.6043,0,0.00639178,0.00204512,0.299647,0.338379
4554,1,0,0,0,1,1,1,5.6043,0,-0.0127836,0.00205883,0.512385,0.338379
4555,1,0,0,0,1,1,1,5.6043,0,-0.0010653,0.00200918,0.37693,0.135352
4556,1,0,0,0,1,1,1,5.6043,0.010472,0.00852238,0.00202131,0.273067,0.304541
4557,1,0,0,0,1,1,1,5.6043,-0.0296706,-0.00213059,0.0020133,0.389193,0.304541
4558,1,0,0,0,1,1,1,5.6043,0,-0.00532648,0.00199069,0.421362,0.259424
4559,1,0,0,0,1,1,1,5.6043,0,-0.00426119,0.00200806,0.411937,0.507568
4560,1,0,0,0,1,1,1,5.6043,0,0.00639178,0.00197299,0.290126,0.248145
4561,1,0,0,0,1,1,1,5.6043,0,0.00639178,0.00195099,0.287221,0.270703
4562,1,0,0,0,1,1,1,5.6043,0,0.0010653,0.00196045,0.347062,0.451172
4563,1,0,0,0,1,1,1,5.6043,-0.0226893,-0.0191753,0.0019678,0.570679,0.214307
4564,1,0,0,0,1,1,1,5.6044,0.0558505,0.0245018,0.00192323,0.0843464,0.360938
4565,1,0,0,0,1,1,1,5.60421,-0.00872665,0.00852238,0.00194278,0.262701,0.236865
4566,1,0,0,0,1,1,1,5.6044,0.0122173,-0.0010653,0.00193037,0.366527,0.349658
4567,1,0,0,0,1,1,1,5.6043,0.0244346,-0.00426119,0.00194532,0.403655,0.428613
4568,1,0,0,0,1,1,1,5.6043,-0.0418879,-0.00532648,0.00192753,0.413025,0.428613
4569,1,0,0,0,1,1,1,5.6043,0.0139626,-0.0138489,0.00193339,0.507545,0.406055
4570,1,0,0,0,1,1,1,5.6043,-0.0174533,-0.00426119,0.00197334,0.407354,0.496289
4571,1,0,0,0,1,1,1,5.6043,-0.015708,0.00319589,0.00198068,0.326295,0.3271
4572,1,0,0,0,1,1,1,5.6043,0.00349066,0.0127836,0.00197441,0.220003,0.281982
4573,1,0,0,0,1,1,1,5.6043,-0.00872665,0.010653,0.00196231,0.241842,0.270703
4574,1,0,0,0,1,1,1,5.6043,0.00872665,0.00745708,0.00193064,0.272816,0.417334
4575,1,0,0,0,1,1,1,5.6043,0.00523599,0.0149142,0.00191907,0.189261,0.360938
4576,1,0,0,0,1,1,1,5.6043,-0.0488692,0.0117183,0.00194122,0.22734,0.372217
4577,1,0,0,0,1,1,1,5.6043,-0.0366519,0.0149142,0.00195641,0.19419,0.372217
4578,1,0,0,0,1,1,1,5.6044,0.0383972,0.0202406,0.00195192,0.135007,0.31582
4579,1,0,0,0,1,1,1,5.6043,-0.0122173,0.00426119,0.00195196,0.310786,0.360938
4580,1,0,0,0,1,1,1,5.6043,0,-0.00745708,0.00192284,0.435843,0.180469
4581,1,0,0,0,1,1,1,5.6044,0.015708,0.0117183,0.00189251,0.22091,0.417334
4582,1,0,0,0,1,1,1,5.6043,-0.00174533,0.0117183,0.0019026,0.222242,0.372217
4583,1,0,0,0,1,1,1,5.6043,-0.0366519,0.00852238,0.00193465,0.261628,0.48501
4584,1,0,0,0,1,1,1,5.6044,0.00174533,-0.0117183,0.00192472,0.482964,0.428613
4585,1,0,0,0,1,1,1,5.6044,0.0593412,0.0234365,0.00192474,0.0962636,0.383496
4586,1,0,0,0,1,1,1,5.6043,-0.0261799,-0.0202406,0.00190786,0.574485,0.417334
4587,1,0,0,0,1,1,1,5.6044,0.0331613,0.0127836,0.00185476,0.204209,0.48501
4588,1,0,0,0,1,1,1,5.60421,-0.0314159,-0.00319589,0.00188427,0.383879,0.394775
4589,1,0,0,0,1,1,1,5.6043,-0.020944,-0.010653,0.00186729,0.463665,0.338379
4590,1,0,0,0,1,1,1,5.6043,0,-0.0127836,0.00187228,0.48776,0.259424
4591,1,0,0,0,1,1,1,5.6043,0.00872665,-0.00639178,0.00187053,0.417219,0.439893
4592,1,0,0,0,1,1,1,5.6043,0,-0.0127836,0.00189616,0.490912,0.47373
4593,1,0,0,0,1,1,1,5.6043,0,0.0149142,0.00188598,0.184894,0.248145
4594,1,0,0,0,1,1,1,5.6043,0,0.0191753,0.00186405,0.135126,0.214307
4595,1,0,0,0,1,1,1,5.6043,-0.0244346,0.00213059,0.00186894,0.323264,0.462451
4596,1,0,0,0,1,1,1,5.6043,0.00872665,0.00958767,0.00188428,0.24326,0.360938
4597,1,0,0,0,1,1,1,5.6043,-0.0244346,0.00319589,0.00184488,0.30837,0.383496
4598,1,0,0,0,1,1,1,5.6043,0,-0.00532648,0.00184694,0.402387,0.360938
4599,1,0,0,0,1,1,1,5.6043,0.00698132,0.0010653,0.00179322,0.324987,0.3271
4600,1,0,0,0,1,1,1,5.6043,0,0.0138489,0.00179812,0.185015,0.338379
4601,1,0,0,0,1,1,1,5.6043,-0.0314159,0.00639178,0.00174427,0.259934,0.304541
4602,1,0,0,0,1,1,1,5.6043,0,0.0117183,0.00172035,0.198186,0.203027
4603,1,0,0,0,1,1,1,5.6043,0,-0.00639178,0.00168985,0.39337,0.3271
4604,1,0,0,0,1,1,1,5.6043,0.00872665,-0.00852238,0.00170156,0.418352,0.417334
4605,1,0,0,0,1,1,1,5.6043,0,-0.00213059,0.00166236,0.342869,0.3271
4606,1,0,0,0,1,1,1,5.6043,0,0.0191753,0.00165715,0.107816,0.270703
4607,1,0,0,0,1,1,1,5.60421,-0.0331613,0.0138489,0.00162287,0.161882,0.3271
4608,1,0,0,0,1,1,1,5.6043,0.0122173,-0.0127836,0.00159878,0.451658,0.191748
4609,1,0,0,0,1,1,1,5.6043,0.0331613,0.0213059,0.00159062,0.0755967,0.203027
4610,1,0,0,0,1,1,1,5.6043,0,0.01811,0.00157807,0.108987,0.293262
4611,1,0,0,0,1,1,1,5.6043,-0.0122173,-0.00852238,0.00159177,0.403859,0.338379
4612,1,0,0,0,1,1,1,5.6043,0,0.00426119,0.00159789,0.264049,0.191748
4613,1,0,0,0,1,1,1,5.6043,0,0.00532648,0.00159752,0.252281,0.281982
4614,1,0,0,0,1,1,1,5.6043,0,0.00639178,0.0016134,0.242659,0.225586
4615,1,0,0,0,1,1,1,5.6043,-0.015708,-0.00319589,0.00159489,0.34568,0.124072
4616,1,0,0,0,1,1,1,5.6043,0.0401426,0.00319589,0.00156936,0.272001,0.203027
4617,1,0,0,0,1,1,1,5.6043,0.020944,0.00852238,0.00159104,0.216271,0.406055
4618,1,0,0,0,1,1,1,5.6043,-0.0401426,-0.00319589,0.00160388,0.346867,0.406055
4619,1,0,0,0,1,1,1,5.6043,0,0.00426119,0.00157596,0.261153,0.236865
4620,1,0,0,0,1,1,1,5.6043,0,-0.00958767,0.00159011,0.415359,0.372217
4621,1,0,0,0,1,1,1,5.6043,0,-0.00639178,0.00160999,0.382828,0.372217
4622,1,0,0,0,1,1,1,5.6043,-0.0174533,0.00958767,0.00160458,0.206341,0.225586
4623,1,0,0,0,1,1,1,5.6043,0,0.0010653,0.00161043,0.300858,0.270703
4624,1,0,0,0,1,1,1,5.6043,0,-0.00426119,0.00154248,0.35048,0.180469
4625,1,0,0,0,1,1,1,5.6043,0.0139626,-0.010653,0.00156726,0.424061,0.360938
4626,1,0,0,0,1,1,1,5.6043,-0.0471239,0.00213059,0.0015502,0.28119,0.225586
4627,1,0,0,0,1,1,1,5.6043,-0.00349066,-0.00852238,0.00150937,0.392864,0.169189
4628,1,0,0,0,1,1,1,5.6043,0.0349066,0.00319589,0.00153781,0.267836,0.394775
4629,1,0,0,0,1,1,1,5.60421,-0.0174533,0.0010653,0.00155619,0.293699,0.293262
4630,1,0,0,0,1,1,1,5.6043,0,-0.010653,0.00156412,0.423646,0.507568
4631,1,0,0,0,1,1,1,5.6043,0.0174533,0.00745708,0.00151909,0.21842,0.259424
4632,1,0,0,0,1,1,1,5.60421,-0.0226893,0.010653,0.00148464,0.17879,0.214307
4633,1,0,0,0,1,1,1,5.6043,0,-0.00852238,0.00146885,0.387634,0.203027
4634,1,0,0,0,1,1,1,5.6043,0.0122173,-0.00958767,0.00146371,0.398674,0.338379
4635,1,0,0,0,1,1,1,5.6043,0.00523599,-0.0191753,0.00149286,0.507987,0.281982
4636,1,0,0,0,1,1,1,5.6043,0,0.00958767,0.00145512,0.186611,0.293262
4637,1,0,0,0,1,1,1,5.6043,0,-0.00532648,0.00141118,0.344867,0.214307
4638,1,0,0,0,1,1,1,5.6043,0,0.0170448,0.00139782,0.0970188,0.48501
4639,1,0,0,0,1,1,1,5.60421,-0.0174533,0.00852238,0.00144367,0.196818,0.406055
4640,1,0,0,0,1,1,1,5.6044,0,-0.0117183,0.0014349,0.418308,0.349658
4641,1,0,0,0,1,1,1,5.6043,0.0383972,-0.0159795,0.00141769,0.462908,0.146631
4642,1,0,0,0,1,1,1,5.6043,-0.00872665,0.0117183,0.00136969,0.151898,0.338379
4643,1,0,0,0,1,1,1,5.60421,0,0.00532648,0.001374,0.222777,0.248145
4644,1,0,0,0,1,1,1,5.6043,0.0331613,0.00532648,0.0013744,0.22283,0.372217
4645,1,0,0,0,1,1,1,5.6043,0.020944,0.00426119,0.00138302,0.235686,0.372217
