index,/gimbal/yaw_sweep/active,/gimbal/yaw_sweep/target_offset,/gimbal/yaw_sweep/reference_velocity,/gimbal/yaw_sweep/reference_acceleration,/gimbal/yaw_sweep/feedforward_scale,/gimbal/yaw_sweep/remote_ready,/gimbal/yaw_sweep/right_switch,/gimbal/yaw/angle,/gimbal/yaw/velocity,/gimbal/yaw/velocity_imu,/gimbal/yaw/control_angle_error,/gimbal/yaw/control_torque,/gimbal/yaw/torque
1286,1,0,0,0,1,1,1,5.59462,0,-0.00852238,8.43091e-06,-0.00512032,-0.597803
1287,1,0,0,0,1,1,1,5.59481,0.0261799,-0.0202406,3.68072e-05,0.127976,-0.293262
1288,1,0,0,0,1,1,1,5.59481,0,6.13168e-18,7.3384e-05,-0.0888559,-0.101514
1289,1,0,0,0,1,1,1,5.59481,0,-0.0010653,8.87026e-05,-0.0745938,-0.0902344
1290,1,0,0,0,1,1,1,5.59481,0,0.0340895,5.66032e-06,-0.473073,-0.146631
1291,1,0,0,0,1,1,1,5.59481,0,0.0266324,-1.74987e-05,-0.39488,-0.101514
1292,1,0,0,0,1,1,1,5.59491,0.00174533,0.0138489,-7.80555e-05,-0.262641,-0.180469
1293,1,0,0,0,1,1,1,5.59491,0,0.0010653,-0.000104928,-0.125569,-0.169189
1294,1,0,0,0,1,1,1,5.59491,0,0.00745708,-0.000137013,-0.200114,-0.236865
1295,1,0,0,0,1,1,1,5.59491,0,0.0149142,-0.000111637,-0.278063,-0.101514
1296,1,0,0,0,1,1,1,5.59491,0,-0.00958767,-0.000118895,-0.0100743,-0.146631
1297,1,0,0,0,1,1,1,5.595,0,-0.00852238,-0.000108102,-0.0201399,-0.0676758
1298,1,0,0,0,1,1,1,5.595,0,-0.00958767,-9.17946e-05,-0.00617468,-0.0676758
1299,1,0,0,0,1,1,1,5.595,0,5.34891e-18,-6.77434e-05,-0.108058,-0.0563965
1300,1,0,0,0,1,1,1,5.595,0,0.0170448,-6.7703e-05,-0.295421,-0.0676758
1301,1,0,0,0,1,1,1,5.595,0,-0.00745708,-6.19734e-05,-0.025423,-0.101514
1302,1,0,0,0,1,1,1,5.595,0,-0.0010653,-3.66157e-05,-0.0915835,-0.0563965
1303,1,0,0,0,1,1,1,5.595,0,-0.0010653,-3.81021e-05,-0.0920879,-0.0563965
1304,1,0,0,0,1,1,1,5.595,0,0.010653,-7.59941e-05,-0.226626,-0.0676758
1305,1,0,0,0,1,1,1,5.595,0,0.00852238,-0.000120097,-0.209599,-0.101514
1306,1,0,0,0,1,1,1,5.595,0,0.0159795,-0.000143794,-0.294755,-0.0902344
1307,1,0,0,0,1,1,1,5.595,0,-0.00532648,-0.000139904,-0.0598759,-0.0902344
1308,1,0,0,0,1,1,1,5.595,0,-0.00319589,-0.000124702,-0.0811192,-0.0676758
1309,1,0,0,0,1,1,1,5.595,0,-0.0245018,-7.28744e-05,0.160595,-0.0451172
1310,1,0,0,0,1,1,1,5.595,0,-0.00639178,-7.4368e-05,-0.0382592,-0.101514
1311,1,0,0,0,1,1,1,5.595,0,0.00319589,-0.000129055,-0.151952,-0.101514
1312,1,0,0,0,1,1,1,5.595,0,0.00958767,-0.000143624,-0.224423,-0.0676758
1313,1,0,0,0,1,1,1,5.595,0,-0.00745708,-0.000178136,-0.0414861,-0.135352
1314,1,0,0,0,1,1,1,5.595,0,-0.00745708,-0.000165495,-0.0398108,-0.101514
1315,1,0,0,0,1,1,1,5.595,0,-0.0127836,-0.000198438,0.0144253,-0.169189
1316,1,0,0,0,1,1,1,5.595,0,-7.17537e-19,-0.000188693,-0.124876,-0.15791
1317,1,0,0,0,1,1,1,5.595,0,-0.00532648,-0.000168815,-0.0633673,-0.146631
1318,1,0,0,0,1,1,1,5.595,0,4.56614e-19,-0.000179355,-0.123553,-0.135352
1319,1,0,0,0,1,1,1,5.595,0,0.00958767,-0.00021812,-0.234256,-0.169189
1320,1,0,0,0,1,1,1,5.595,0,-0.00426119,-0.000213005,-0.0810054,-0.180469
1321,1,0,0,0,1,1,1,5.595,0,-0.00319589,-0.000232349,-0.0955153,-0.169189
1322,1,0,0,0,1,1,1,5.595,0,-0.00426119,-0.000233985,-0.084013,-0.15791
1323,1,0,0,0,1,1,1,5.595,0,-0.00426119,-0.000232806,-0.0838574,-0.146631
1324,1,0,0,0,1,1,1,5.595,0,-0.00319589,-0.000213125,-0.0927349,-0.101514
1325,1,0,0,0,1,1,1,5.595,0,0.0117183,-0.00023222,-0.259554,-0.146631
1326,1,0,0,0,1,1,1,5.595,0,0.00852238,-0.000225709,-0.22354,-0.146631
1327,1,0,0,0,1,1,1,5.595,0,0.0149142,-0.000238316,-0.294984,-0.169189
1328,1,0,0,0,1,1,1,5.595,0,-0.0202406,-0.000236248,0.0914623,-0.146631
1329,1,0,0,0,1,1,1,5.595,0,-0.00852238,-0.000256562,-0.04012,-0.191748
1330,1,0,0,0,1,1,1,5.595,0,-0.00532648,-0.000275928,-0.0778312,-0.203027
1331,1,0,0,0,1,1,1,5.595,0,0.0138489,-0.00026156,-0.286759,-0.15791
1332,1,0,0,0,1,1,1,5.595,0,-0.00532648,-0.000285522,-0.0790975,-0.281982
1333,1,0,0,0,1,1,1,5.595,0.00872665,-0.00319589,-0.00029652,-0.103921,-0.135352
1334,1,0,0,0,1,1,1,5.595,-0.00523599,-0.00319589,-0.000251127,-0.0973645,-0.101514
1335,1,0,0,0,1,1,1,5.595,0,0.00213059,-0.000277967,-0.160128,-0.101514
1336,1,0,0,0,1,1,1,5.595,0,-0.0117183,-0.000333093,-0.0150674,-0.169189
1337,1,0,0,0,1,1,1,5.595,0.00698132,-1.30461e-19,-0.000303417,-0.139495,-0.112793
1338,1,0,0,0,1,1,1,5.595,0,0.0010653,-0.00032126,-0.153882,-0.146631
1339,1,0,0,0,1,1,1,5.595,0,0.00213059,-0.000343298,-0.168752,-0.15791
1340,1,0,0,0,1,1,1,5.595,0,1.36984e-18,-0.00033201,-0.143435,-0.191748
1341,1,0,0,0,1,1,1,5.595,0,0.00852238,-0.000334089,-0.237604,-0.112793
1342,1,0,0,0,1,1,1,5.595,0,0.00213059,-0.000308897,-0.16384,-0.15791
1343,1,0,0,0,1,1,1,5.595,0,0.01811,-0.000318905,-0.341306,-0.15791
1344,1,0,0,0,1,1,1,5.595,0,0.0202406,-0.000333239,-0.366583,-0.180469
1345,1,0,0,0,1,1,1,5.595,-0.00872665,0.00852238,-0.000359536,-0.241205,-0.169189
1346,1,0,0,0,1,1,1,5.595,0,-0.010653,-0.000386794,-0.0338742,-0.259424
1347,1,0,0,0,1,1,1,5.595,0.00174533,-0.00852238,-0.00039455,-0.0583344,-0.191748
1348,1,0,0,0,1,1,1,5.59491,-0.00349066,0.00745708,-0.000411486,-0.236294,-0.180469
1349,1,0,0,0,1,1,1,5.595,0,-0.0127836,-0.00041803,-0.0145607,-0.180469
1350,1,0,0,0,1,1,1,5.595,0,0.00958767,-0.000412758,-0.259889,-0.169189
1351,1,0,0,0,1,1,1,5.595,0,0.00426119,-0.000413921,-0.201503,-0.146631
1352,1,0,0,0,1,1,1,5.595,0,0.00426119,-0.000424786,-0.202945,-0.146631
1353,1,0,0,0,1,1,1,5.595,0,0.0202406,-0.00048597,-0.386795,-0.191748
1354,1,0,0,0,1,1,1,5.595,0,-0.00213059,-0.000492368,-0.141556,-0.180469
1355,1,0,0,0,1,1,1,5.595,0,0.0213059,-0.00051763,-0.402659,-0.180469
1356,1,0,0,0,1,1,1,5.595,0,-0.0010653,-0.000513433,-0.156051,-0.101514
1357,1,0,0,0,1,1,1,5.595,0,0.00319589,-0.000538606,-0.20621,-0.236865
1358,1,0,0,0,1,1,1,5.595,0,-0.00958767,-0.000496543,-0.0593966,-0.169189
1359,1,0,0,0,1,1,1,5.595,0,-0.00852238,-0.000478706,-0.0688225,-0.169189
1360,1,0,0,0,1,1,1,5.595,0,0.0010653,-0.000481869,-0.175271,-0.101514
1361,1,0,0,0,1,1,1,5.595,0,-0.00532648,-0.000484297,-0.105336,-0.112793
1362,1,0,0,0,1,1,1,5.595,0,-0.00319589,-0.000488851,-0.128931,-0.191748
1363,1,0,0,0,1,1,1,5.595,0,0.0223712,-0.000507447,-0.413067,-0.101514
1364,1,0,0,0,1,1,1,5.595,0,-0.00426119,-0.000549671,-0.125683,-0.259424
1365,1,0,0,0,1,1,1,5.595,0,0.01811,-0.000582929,-0.376157,-0.203027
1366,1,0,0,0,1,1,1,5.59491,-0.0226893,-0.0117183,-0.000602512,-0.0506306,-0.270703
1367,1,0,0,0,1,1,1,5.595,0,-0.00639178,-0.00061565,-0.110956,-0.304541
1368,1,0,0,0,1,1,1,5.59491,0.00523599,0.0010653,-0.000562296,-0.185122,-0.180469
1369,1,0,0,0,1,1,1,5.595,0,0.0276977,-0.000612503,-0.485525,-0.112793
1370,1,0,0,0,1,1,1,5.595,0,-0.0138489,-0.000604181,-0.0273503,-0.15791
1371,1,0,0,0,1,1,1,5.595,0,-0.0138489,-0.000605049,-0.027529,-0.0902344
1372,1,0,0,0,1,1,1,5.595,-0.00872665,0.01811,-0.000617638,-0.380739,-0.169189
1373,1,0,0,0,1,1,1,5.595,0,-0.00319589,-0.00062294,-0.147073,-0.214307
1374,1,0,0,0,1,1,1,5.595,0,-0.00213059,-0.000655082,-0.162979,-0.293262
1375,1,0,0,0,1,1,1,5.595,0.00174533,0.00958767,-0.000656231,-0.29203,-0.259424
1376,1,0,0,0,1,1,1,5.595,0,0.00745708,-0.000644606,-0.266914,-0.203027
1377,1,0,0,0,1,1,1,5.595,0,-0.00532648,-0.000627503,-0.124239,-0.248145
1378,1,0,0,0,1,1,1,5.595,0,-0.00319589,-0.000610734,-0.145462,-0.203027
1379,1,0,0,0,1,1,1,5.595,0,-0.0149142,-0.000613854,-0.016973,-0.180469
1380,1,0,0,0,1,1,1,5.595,0,0.0159795,-0.000619675,-0.357487,-0.214307
1381,1,0,0,0,1,1,1,5.595,0,-0.0010653,-0.000627483,-0.17111,-0.203027
1382,1,0,0,0,1,1,1,5.595,0,0.00213059,-0.000670909,-0.211996,-0.214307
1383,1,0,0,0,1,1,1,5.59491,0,0.0170448,-0.000706147,-0.380704,-0.281982
1384,1,0,0,0,1,1,1,5.59491,-0.0122173,-0.00319589,-0.00069117,-0.15608,-0.270703
1385,1,0,0,0,1,1,1,5.59491,0,-0.00426119,-0.000727718,-0.149149,-0.394775
1386,1,0,0,0,1,1,1,5.59491,0.0401426,-0.0010653,-0.00073898,-0.185827,-0.236865
1387,1,0,0,0,1,1,1,5.59491,0,-0.00426119,-0.00072993,-0.149478,-0.191748
1388,1,0,0,0,1,1,1,5.59491,0.00174533,-0.00213059,-0.00071261,-0.170628,-0.214307
1389,1,0,0,0,1,1,1,5.59491,0,0.0117183,-0.000706827,-0.322202,-0.180469
1390,1,0,0,0,1,1,1,5.59491,0,3.91384e-19,-0.000737934,-0.197407,-0.281982
1391,1,0,0,0,1,1,1,5.59491,0,-0.00319589,-0.000780683,-0.167895,-0.236865
1392,1,0,0,0,1,1,1,5.59491,0,-0.00639178,-0.00074985,-0.128671,-0.191748
1393,1,0,0,0,1,1,1,5.59491,-0.00872665,-0.00319589,-0.000723995,-0.160413,-0.214307
1394,1,0,0,0,1,1,1,5.59491,0,-0.0117183,-0.00074699,-0.0697018,-0.248145
1395,1,0,0,0,1,1,1,5.59491,0.00872665,-0.00639178,-0.000728896,-0.125877,-0.293262
1396,1,0,0,0,1,1,1,5.59491,0,0.00532648,-0.000710956,-0.252438,-0.15791
1397,1,0,0,0,1,1,1,5.59491,0,-0.00426119,-0.000736588,-0.150357,-0.236865
1398,1,0,0,0,1,1,1,5.59491,0,0.00745708,-0.000750383,-0.281078,-0.214307
1399,1,0,0,0,1,1,1,5.59491,0,-0.0010653,-0.000739619,-0.185911,-0.169189
1400,1,0,0,0,1,1,1,5.59491,0,-0.00639178,-0.000768197,-0.131092,-0.214307
1401,1,0,0,0,1,1,1,5.59491,0,-0.0117183,-0.000745702,-0.0695317,-0.203027
1402,1,0,0,0,1,1,1,5.59491,0,0.0213059,-0.000756251,-0.43419,-0.203027
1403,1,0,0,0,1,1,1,5.59491,-0.0244346,-0.00532648,-0.000782037,-0.144638,-0.338379
1404,1,0,0,0,1,1,1,5.59491,0.0244346,-0.00213059,-0.000790125,-0.180751,-0.236865
1405,1,0,0,0,1,1,1,5.59491,0,0.01811,-0.000807489,-0.405799,-0.225586
1406,1,0,0,0,1,1,1,5.59491,-0.00872665,-0.0010653,-0.000780052,-0.191249,-0.225586
1407,1,0,0,0,1,1,1,5.59491,0,0.0010653,-0.000785001,-0.215338,-0.146631
1408,1,0,0,0,1,1,1,5.59491,0,-0.00532648,-0.000824579,-0.150253,-0.225586
1409,1,0,0,0,1,1,1,5.59491,0.0279253,-0.00958767,-0.000806767,-0.100827,-0.236865
1410,1,0,0,0,1,1,1,5.59491,0,0.00639178,-0.000839461,-0.281119,-0.259424
1411,1,0,0,0,1,1,1,5.59491,0,0.00213059,-0.000816294,-0.231187,-0.112793
1412,1,0,0,0,1,1,1,5.59491,0,-0.0010653,-0.000819077,-0.1964,-0.112793
1413,1,0,0,0,1,1,1,5.59491,0,0.0138489,-0.00080566,-0.358622,-0.236865
1414,1,0,0,0,1,1,1,5.59491,0,0.00852238,-0.000835035,-0.30385,-0.338379
1415,1,0,0,0,1,1,1,5.59491,0,0.0010653,-0.000820636,-0.220042,-0.225586
1416,1,0,0,0,1,1,1,5.59491,0,0.0234365,-0.000820495,-0.466107,-0.203027
1417,1,0,0,0,1,1,1,5.59491,-0.00349066,0.00213059,-0.000816972,-0.231277,-0.169189
1418,1,0,0,0,1,1,1,5.59491,0.00523599,0.0149142,-0.000825719,-0.373051,-0.146631
1419,1,0,0,0,1,1,1,5.59491,0,-9.78459e-19,-0.000827113,-0.209179,-0.112793
1420,1,0,0,0,1,1,1,5.59491,0,-0.00745708,-0.00084468,-0.129462,-0.191748
1421,1,0,0,0,1,1,1,5.59491,0,-0.00745708,-0.000848079,-0.129919,-0.203027
1422,1,0,0,0,1,1,1,5.59491,-0.00872665,-0.00213059,-0.000856502,-0.189622,-0.236865
1423,1,0,0,0,1,1,1,5.59491,0,0.0127836,-0.00086071,-0.354233,-0.203027
1424,1,0,0,0,1,1,1,5.59491,0,-0.01811,-0.000855403,-0.0135508,-0.3271
1425,1,0,0,0,1,1,1,5.59491,0.00698132,-0.00532648,-0.00087223,-0.156543,-0.225586
1426,1,0,0,0,1,1,1,5.59491,-0.0174533,-0.0213059,-0.000894829,0.0162479,-0.293262
1427,1,0,0,0,1,1,1,5.59491,0.0122173,0.0149142,-0.000938429,-0.387928,-0.214307
1428,1,0,0,0,1,1,1,5.59491,0,-0.00426119,-0.000938497,-0.177009,-0.169189
1429,1,0,0,0,1,1,1,5.59491,-0.0139626,-0.0202406,-0.000931189,-0.000269878,-0.304541
1430,1,0,0,0,1,1,1,5.59491,0.0261799,0.00532648,-0.000919889,-0.280017,-0.203027
1431,1,0,0,0,1,1,1,5.59491,0,0.00532648,-0.00093469,-0.28197,-0.304541
1432,1,0,0,0,1,1,1,5.59491,0,0.00532648,-0.00095319,-0.284412,-0.281982
1433,1,0,0,0,1,1,1,5.59491,0,-0.00213059,-0.000950245,-0.201996,-0.248145
1434,1,0,0,0,1,1,1,5.59491,0,0.0255671,-0.00100609,-0.514043,-0.293262
1435,1,0,0,0,1,1,1,5.59491,-0.00349066,-0.00213059,-0.00100524,-0.209255,-0.203027
1436,1,0,0,0,1,1,1,5.59491,-0.00349066,0.010653,-0.00103904,-0.354336,-0.31582
1437,1,0,0,0,1,1,1,5.59491,0,0.0010653,-0.00102986,-0.24766,-0.248145
1438,1,0,0,0,1,1,1,5.59491,0,0.010653,-0.00102979,-0.353116,-0.203027
1439,1,0,0,0,1,1,1,5.59491,0,0.00852238,-0.00104718,-0.331974,-0.3271
1440,1,0,0,0,1,1,1,5.59491,0,-0.00532648,-0.00106582,-0.182097,-0.248145
1441,1,0,0,0,1,1,1,5.59491,0.010472,0.00213059,-0.00108766,-0.267008,-0.293262
1442,1,0,0,0,1,1,1,5.59491,-0.00872665,0.0191753,-0.00110898,-0.457314,-0.31582
1443,1,0,0,0,1,1,1,5.59491,-0.0279253,0.00958767,-0.00112964,-0.354577,-0.338379
1444,1,0,0,0,1,1,1,5.59491,0,0.00745708,-0.00112457,-0.33047,-0.304541
1445,1,0,0,0,1,1,1,5.59491,0,-0.00213059,-0.00115289,-0.228745,-0.439893
1446,1,0,0,0,1,1,1,5.59491,0.0244346,0.00213059,-0.00116328,-0.27699,-0.3271
1447,1,0,0,0,1,1,1,5.59491,0,0.00745708,-0.00117055,-0.336541,-0.248145
1448,1,0,0,0,1,1,1,5.59491,0,0.00639178,-0.00119119,-0.327547,-0.293262
1449,1,0,0,0,1,1,1,5.59491,0,0.01811,-0.0011898,-0.456113,-0.372217
1450,1,0,0,0,1,1,1,5.59491,0.00349066,-6.52306e-20,-0.0012059,-0.259178,-0.406055
1451,1,0,0,0,1,1,1,5.59491,0.00872665,-0.00319589,-0.00121626,-0.225392,-0.248145
1452,1,0,0,0,1,1,1,5.59491,0,0.00532648,-0.00122256,-0.319969,-0.248145
1453,1,0,0,0,1,1,1,5.59491,0,-0.0138489,-0.00117801,-0.10316,-0.259424
1454,1,0,0,0,1,1,1,5.59491,0,-0.0117183,-0.00114193,-0.121834,-0.169189
1455,1,0,0,0,1,1,1,5.59491,0,-0.00426119,-0.0011647,-0.206867,-0.281982
1456,1,0,0,0,1,1,1,5.59491,0,0.010653,-0.00117263,-0.37197,-0.203027
1457,1,0,0,0,1,1,1,5.59481,-0.00523599,0.0170448,-0.00117475,-0.44256,-0.349658
1458,1,0,0,0,1,1,1,5.59491,0.00523599,0.00532648,-0.00117758,-0.314032,-0.383496
1459,1,0,0,0,1,1,1,5.59491,0,-0.0010653,-0.00117411,-0.243264,-0.259424
1460,1,0,0,0,1,1,1,5.59491,0,0.00319589,-0.00115227,-0.287255,-0.293262
1461,1,0,0,0,1,1,1,5.59491,0,0.0266324,-0.00116,-0.546008,-0.214307
1462,1,0,0,0,1,1,1,5.59491,0,-0.00852238,-0.00117739,-0.16167,-0.3271
1463,1,0,0,0,1,1,1,5.59491,0,0.00639178,-0.00115621,-0.322929,-0.236865
1464,1,0,0,0,1,1,1,5.59491,0,-0.00213059,-0.00116473,-0.23027,-0.304541
1465,1,0,0,0,1,1,1,5.59491,0,1.30461e-19,-0.00119194,-0.257335,-0.31582
1466,1,0,0,0,1,1,1,5.59491,0,-0.00426119,-0.00116553,-0.206939,-0.3271
1467,1,0,0,0,1,1,1,5.59491,0,-0.0010653,-0.00116849,-0.242522,-0.259424
1468,1,0,0,0,1,1,1,5.59491,0,-0.0191753,-0.00113751,-0.0392231,-0.270703
1469,1,0,0,0,1,1,1,5.59491,0.00698132,0.010653,-0.00116864,-0.371443,-0.225586
1470,1,0,0,0,1,1,1,5.59491,-0.00523599,0.00639178,-0.00121908,-0.331228,-0.259424
1471,1,0,0,0,1,1,1,5.59491,0,-0.0010653,-0.00125327,-0.253714,-0.349658
1472,1,0,0,0,1,1,1,5.59491,0,0.00852238,-0.00127053,-0.361456,-0.338379
1473,1,0,0,0,1,1,1,5.59491,0,1.17415e-18,-0.00123753,-0.263354,-0.191748
1474,1,0,0,0,1,1,1,5.59491,0,0.00213059,-0.00124587,-0.28783,-0.270703
1475,1,0,0,0,1,1,1,5.59491,0,0.0138489,-0.00122883,-0.414349,-0.338379
1476,1,0,0,0,1,1,1,5.59491,0.0122173,0.00639178,-0.00120859,-0.329793,-0.338379
1477,1,0,0,0,1,1,1,5.59491,0,-0.00639178,-0.00121585,-0.190183,-0.31582
1478,1,0,0,0,1,1,1,5.59491,0,-0.00213059,-0.00123806,-0.239988,-0.338379
1479,1,0,0,0,1,1,1,5.59491,0,-0.00319589,-0.00124771,-0.229543,-0.236865
1480,1,0,0,0,1,1,1,5.59491,0,0.00745708,-0.00122753,-0.343951,-0.259424
1481,1,0,0,0,1,1,1,5.59491,-0.00349066,-3.26153e-19,-0.00126415,-0.266868,-0.372217
1482,1,0,0,0,1,1,1,5.59491,0.0244346,-0.00639178,-0.00129447,-0.200561,-0.270703
1483,1,0,0,0,1,1,1,5.59491,0.0174533,0.00426119,-0.0012934,-0.317601,-0.259424
1484,1,0,0,0,1,1,1,5.59491,-0.00872665,0.00426119,-0.00128943,-0.317078,-0.236865
1485,1,0,0,0,1,1,1,5.59491,0,-0.00639178,-0.00127012,-0.197347,-0.112793
1486,1,0,0,0,1,1,1,5.59491,0,0.00745708,-0.00126259,-0.348689,-0.214307
1487,1,0,0,0,1,1,1,5.59491,0,-0.00745708,-0.00127329,-0.186046,-0.304541
1488,1,0,0,0,1,1,1,5.59491,0,-0.00426119,-0.00123722,-0.216439,-0.248145
1489,1,0,0,0,1,1,1,5.59491,0,0.00426119,-0.00123708,-0.310167,-0.236865
1490,1,0,0,0,1,1,1,5.59491,0,-0.00213059,-0.00122153,-0.237805,-0.225586
1491,1,0,0,0,1,1,1,5.59491,0,0.0138489,-0.00122763,-0.414385,-0.236865
1492,1,0,0,0,1,1,1,5.59491,0,0.0010653,-0.00124519,-0.276083,-0.304541
1493,1,0,0,0,1,1,1,5.59491,0,-0.00639178,-0.00124913,-0.194575,-0.270703
1494,1,0,0,0,1,1,1,5.59491,0,0.0138489,-0.00125049,-0.417402,-0.248145
1495,1,0,0,0,1,1,1,5.59481,0,-0.00426119,-0.00126255,-0.219783,-0.304541
1496,1,0,0,0,1,1,1,5.59491,0,0.00319589,-0.00126277,-0.301841,-0.293262
1497,1,0,0,0,1,1,1,5.59491,0,0.0170448,-0.00126845,-0.454928,-0.214307
1498,1,0,0,0,1,1,1,5.59491,0,-0.00319589,-0.0013265,-0.239943,-0.383496
1499,1,0,0,0,1,1,1,5.59491,0.010472,0.0138489,-0.00136394,-0.432378,-0.349658
1500,1,0,0,0,1,1,1,5.59481,0,0.00213059,-0.0013831,-0.306005,-0.383496
1501,1,0,0,0,1,1,1,5.59491,0,-0.00319589,-0.00141078,-0.251069,-0.372217
1502,1,0,0,0,1,1,1,5.59481,0,-0.0010653,-0.00140233,-0.273389,-0.338379
1503,1,0,0,0,1,1,1,5.59481,0,0.0159795,-0.00144185,-0.466098,-0.349658
1504,1,0,0,0,1,1,1,5.59481,0,-0.00745708,-0.00145441,-0.209954,-0.3271
1505,1,0,0,0,1,1,1,5.59481,0,0.0010653,-0.00143002,-0.300481,-0.293262
1506,1,0,0,0,1,1,1,5.59491,0.00698132,7.17537e-19,-0.00144111,-0.290227,-0.349658
1507,1,0,0,0,1,1,1,5.59481,0,-0.00639178,-0.00145531,-0.221791,-0.31582
1508,1,0,0,0,1,1,1,5.59481,-0.00698132,0.01811,-0.00145581,-0.491377,-0.203027
1509,1,0,0,0,1,1,1,5.59481,-0.0174533,-0.00852238,-0.00146622,-0.199795,-0.293262
1510,1,0,0,0,1,1,1,5.59491,0,0.00426119,-0.00142649,-0.33509,-0.281982
1511,1,0,0,0,1,1,1,5.59491,0,-0.0010653,-0.00139981,-0.273056,-0.15791
1512,1,0,0,0,1,1,1,5.59491,0,0.00213059,-0.00140033,-0.30828,-0.3271
1513,1,0,0,0,1,1,1,5.59481,0,-0.00958767,-0.00140603,-0.180067,-0.417334
1514,1,0,0,0,1,1,1,5.59491,0.0244346,-0.0127836,-0.00142692,-0.147735,-0.304541
1515,1,0,0,0,1,1,1,5.59491,0.0314159,0.00958767,-0.0014014,-0.390449,-0.236865
1516,1,0,0,0,1,1,1,5.59491,-0.0349066,0.00639178,-0.00140893,-0.356288,-0.338379
1517,1,0,0,0,1,1,1,5.59481,0.00349066,0.00532648,-0.00140852,-0.344517,-0.31582
1518,1,0,0,0,1,1,1,5.59491,0.00523599,-0.0149142,-0.00141473,-0.122688,-0.338379
1519,1,0,0,0,1,1,1,5.59491,0.0122173,0.00213059,-0.00141611,-0.310363,-0.259424
1520,1,0,0,0,1,1,1,5.59481,0,0.0117183,-0.00143425,-0.418222,-0.248145
1521,1,0,0,0,1,1,1,5.59481,-0.015708,1.23938e-18,-0.00146192,-0.292973,-0.372217
1522,1,0,0,0,1,1,1,5.59481,0,0.00639178,-0.00145784,-0.362744,-0.293262
1523,1,0,0,0,1,1,1,5.59481,-0.00872665,-0.00639178,-0.00144686,-0.220676,-0.236865
1524,1,0,0,0,1,1,1,5.59491,0,0.00532648,-0.00148403,-0.354484,-0.372217
1525,1,0,0,0,1,1,1,5.59491,0.00698132,-0.0170448,-0.00147345,-0.107003,-0.304541
1526,1,0,0,0,1,1,1,5.59491,0,0.01811,-0.00148069,-0.494661,-0.281982
1527,1,0,0,0,1,1,1,5.59481,-0.0314159,-0.0255671,-0.00146866,-0.0126243,-0.293262
1528,1,0,0,0,1,1,1,5.59491,0.0279253,-0.00213059,-0.00145657,-0.268831,-0.169189
1529,1,0,0,0,1,1,1,5.59481,0,-0.00852238,-0.00149603,-0.20373,-0.281982
1530,1,0,0,0,1,1,1,5.59481,-0.0261799,0.00958767,-0.00153723,-0.408378,-0.349658
1531,1,0,0,0,1,1,1,5.59481,0,-0.00319589,-0.0015237,-0.265974,-0.31582
1532,1,0,0,0,1,1,1,5.59481,0.00872665,-0.00213059,-0.00153128,-0.278693,-0.3271
1533,1,0,0,0,1,1,1,5.59481,0,-0.00213059,-0.00154806,-0.280908,-0.372217
1534,1,0,0,0,1,1,1,5.59481,0,0.00639178,-0.00158496,-0.379524,-0.31582
1535,1,0,0,0,1,1,1,5.59481,0,0.00213059,-0.0015898,-0.333291,-0.338379
1536,1,0,0,0,1,1,1,5.59481,0,-0.00532648,-0.00156207,-0.247601,-0.3271
1537,1,0,0,0,1,1,1,5.59481,-0.00174533,0.00958767,-0.00157803,-0.413764,-0.349658
1538,1,0,0,0,1,1,1,5.59491,0.0279253,-0.00426119,-0.00157912,-0.26157,-0.338379
1539,1,0,0,0,1,1,1,5.59481,0,0.00745708,-0.00157664,-0.390144,-0.293262
1540,1,0,0,0,1,1,1,5.59481,0,-0.00213059,-0.00157997,-0.285119,-0.417334
1541,1,0,0,0,1,1,1,5.59491,0,-0.00958767,-0.00154356,-0.198286,-0.338379
1542,1,0,0,0,1,1,1,5.59481,0.020944,-0.0138489,-0.0015486,-0.152078,-0.394775
1543,1,0,0,0,1,1,1,5.59491,0.0244346,-0.0117183,-0.00151933,-0.171615,-0.270703
1544,1,0,0,0,1,1,1,5.59491,0,-0.0117183,-0.00152549,-0.172464,-0.3271
1545,1,0,0,0,1,1,1,5.59491,0.00872665,0.00745708,-0.00155863,-0.387767,-0.293262
1546,1,0,0,0,1,1,1,5.59481,0,0.00639178,-0.00156734,-0.377199,-0.3271
1547,1,0,0,0,1,1,1,5.59481,-0.00872665,-0.0159795,-0.00154948,-0.128757,-0.3271
1548,1,0,0,0,1,1,1,5.59481,0,-0.0149142,-0.00156228,-0.142166,-0.304541
1549,1,0,0,0,1,1,1,5.59481,0.00872665,0.00852238,-0.00158541,-0.40302,-0.428613
1550,1,0,0,0,1,1,1,5.59481,0,-0.0223712,-0.00155482,-0.0591522,-0.338379
1551,1,0,0,0,1,1,1,5.59491,0.0174533,0.00532648,-0.00156877,-0.365669,-0.394775
1552,1,0,0,0,1,1,1,5.59481,0,-0.00319589,-0.00157335,-0.272527,-0.349658
1553,1,0,0,0,1,1,1,5.59481,0,-0.00958767,-0.00156369,-0.200942,-0.372217
1554,1,0,0,0,1,1,1,5.59481,0,2.3483e-18,-0.00161381,-0.313023,-0.383496
1555,1,0,0,0,1,1,1,5.59481,0.00872665,-0.00319589,-0.00160946,-0.277294,-0.349658
1556,1,0,0,0,1,1,1,5.59481,0,-0.0010653,-0.00162994,-0.303433,-0.439893
1557,1,0,0,0,1,1,1,5.59481,0.00523599,-0.00639178,-0.00163363,-0.24533,-0.248145
1558,1,0,0,0,1,1,1,5.59481,-0.0174533,-0.00213059,-0.00161376,-0.28958,-0.214307
1559,1,0,0,0,1,1,1,5.59481,-0.0174533,-0.010653,-0.00160797,-0.195069,-0.417334
1560,1,0,0,0,1,1,1,5.59491,0.0314159,-0.00426119,-0.0016229,-0.26735,-0.31582
1561,1,0,0,0,1,1,1,5.59481,0.0349066,-0.00639178,-0.0016074,-0.241867,-0.225586
1562,1,0,0,0,1,1,1,5.59481,-0.0506145,-0.00426119,-0.0016081,-0.265396,-0.3271
1563,1,0,0,0,1,1,1,5.59481,0.010472,-0.01811,-0.00161095,-0.113435,-0.349658
1564,1,0,0,0,1,1,1,5.59481,0,0.0117183,-0.00161715,-0.442365,-0.270703
1565,1,0,0,0,1,1,1,5.59481,0,-0.00532648,-0.00161984,-0.255228,-0.383496
1566,1,0,0,0,1,1,1,5.59481,0,-0.00426119,-0.00159734,-0.263975,-0.394775
1567,1,0,0,0,1,1,1,5.59491,0.00872665,0.00852238,-0.00159647,-0.40448,-0.248145
1568,1,0,0,0,1,1,1,5.59491,0,0.00958767,-0.00161715,-0.418929,-0.349658
1569,1,0,0,0,1,1,1,5.59481,0,0.0202406,-0.00164112,-0.539274,-0.31582
1570,1,0,0,0,1,1,1,5.59481,0,-0.00319589,-0.0016106,-0.277445,-0.259424
1571,1,0,0,0,1,1,1,5.59481,-0.00872665,0.0170448,-0.00165048,-0.505356,-0.338379
1572,1,0,0,0,1,1,1,5.59481,-0.010472,-0.00213059,-0.00164616,-0.293856,-0.428613
1573,1,0,0,0,1,1,1,5.59481,0,0.00426119,-0.00163105,-0.362172,-0.3271
1574,1,0,0,0,1,1,1,5.59481,0.015708,-0.00213059,-0.00164044,-0.293101,-0.31582
1575,1,0,0,0,1,1,1,5.59481,0,-1.43507e-18,-0.00163624,-0.315983,-0.270703
1576,1,0,0,0,1,1,1,5.59481,0,0.0202406,-0.00165104,-0.540585,-0.406055
1577,1,0,0,0,1,1,1,5.59481,-0.0174533,0.00958767,-0.00170652,-0.430725,-0.383496
1578,1,0,0,0,1,1,1,5.59481,0,0.0138489,-0.00172316,-0.479794,-0.417334
1579,1,0,0,0,1,1,1,5.59481,-0.0139626,-0.00319589,-0.00173887,-0.294376,-0.428613
1580,1,0,0,0,1,1,1,5.59481,0,-0.00213059,-0.00173161,-0.305135,-0.270703
1581,1,0,0,0,1,1,1,5.59481,0,0.01811,-0.00175358,-0.530683,-0.349658
1582,1,0,0,0,1,1,1,5.59481,0,0.0117183,-0.00173406,-0.457797,-0.372217
1583,1,0,0,0,1,1,1,5.59481,-0.00872665,-0.00426119,-0.00175339,-0.284575,-0.281982
1584,1,0,0,0,1,1,1,5.59481,0,0.0330242,-0.00177338,-0.697353,-0.349658
1585,1,0,0,0,1,1,1,5.59472,-0.0122173,-0.0010653,-0.00178046,-0.323303,-0.31582
1586,1,6.30578e-08,9.46761e-05,0.0945753,1,1,1,5.59481,0,-0.0117183,-0.00178027,-0.188883,-0.31582
1587,1,2.67955e-06,0.00114129,0.321744,1,1,1,5.59481,0.00349066,-0.00532648,-0.00177593,-0.207428,-0.293262
1588,1,1.33124e-05,0.00328907,0.534957,1,1,1,5.59481,0,-0.0010653,-0.00178798,-0.19383,-0.270703
1589,1,3.72904e-05,0.00646824,0.734438,1,1,1,5.59481,0,0.010653,-0.00176454,-0.247504,-0.214307
1590,1,7.95961e-05,0.0106107,0.920478,1,1,1,5.59481,0.0174533,0.0138489,-0.00174352,-0.198454,-0.225586
1591,1,0.000144888,0.0156507,1.0934,1,1,1,5.59481,0,0.00745708,-0.00173737,-0.0373365,-0.203027
1592,1,0.000237489,0.0215232,1.25348,1,1,1,5.59491,0.015708,0.00852238,-0.00166136,0.0589106,-0.124072
1593,1,0.000361409,0.0281649,1.40101,1,1,1,5.59491,0,0.00213059,-0.00152166,0.253363,-0.0676758
1594,1,0.000520313,0.0355128,1.53626,1,1,1,5.595,0.0174533,-0.00532648,-0.00137875,0.466573,0.0225586
1595,1,0.000717635,0.0435083,1.65955,1,1,1,5.595,0,-0.0138489,-0.00122962,0.698422,0.0676758
1596,1,0.000956393,0.0520896,1.77112,1,1,1,5.5951,0.0314159,0.0127836,-0.00101507,0.558761,0.15791
1597,1,0.00123938,0.0611994,1.87129,1,1,1,5.59539,0.0541052,0.0149142,-0.000771546,0.697737,0.620361
1598,1,0.00156919,0.0707843,1.96035,1,1,1,5.59548,0.0174533,0.0298283,-0.000592625,0.690549,0.507568
1599,1,0.00194791,0.0807849,2.03857,1,1,1,5.59577,0.0750492,0.0468731,-0.000380318,0.668129,0.654199
1600,1,0.00237764,0.091152,2.10626,1,1,1,5.59587,0,0.0713749,-0.000181867,0.564413,0.631641
1601,1,0.00286,0.101832,2.1637,1,1,1,5.59635,0.0436332,0.0713749,-1.14768e-05,0.728223,0.845947
1602,1,0.00339634,0.112772,2.21116,1,1,1,5.59663,0.0855211,0.0873543,0.000174517,0.720605,0.857227
1603,1,0.00398799,0.123925,2.24895,1,1,1,5.59711,0.0698132,0.0820279,0.00033821,0.944885,0.891064
1604,1,0.00463591,0.135246,2.27736,1,1,1,5.5975,0.0942478,0.110791,0.00048454,0.792458,0.812109
1605,1,0.0053407,0.146685,2.29666,1,1,1,5.59817,0.0977384,0.12677,0.000638149,0.781552,0.891064
1606,1,0.00610285,0.158197,2.30714,1,1,1,5.59865,0.137881,0.14488,0.00077069,0.743653,0.891064
1607,1,0.00692278,0.169743,2.30911,1,1,1,5.59951,0.109956,0.148076,0.000937068,0.873636,0.97002
1608,1,0.00780031,0.181276,2.30283,1,1,1,5.60018,0.158825,0.16299,0.0010381,0.863728,0.778271
1609,1,0.00873548,0.192758,2.28861,1,1,1,5.60104,0.151844,0.180035,0.00117235,0.833539,0.80083
1610,1,0.00972763,0.204148,2.26673,1,1,1,5.60181,0.240855,0.176839,0.00128798,1.02073,0.902344
1611,1,0.0107767,0.215413,2.23746,1,1,1,5.60286,0.18326,0.186427,0.00140984,1.06562,0.902344
1612,1,0.0118816,0.226512,2.20112,1,1,1,5.60373,0.246091,0.201341,0.00155883,1.05315,1.04897
1613,1,0.0130415,0.237412,2.15798,1,1,1,5.60497,0.185005,0.206668,0.00166883,1.13691,1.17305
1614,1,0.0142552,0.24808,2.10833,1,1,1,5.60584,0.193732,0.229039,0.00182337,1.03582,1.07153
1615,1,0.0155218,0.258485,2.05246,1,1,1,5.60728,0.253073,0.234365,0.0019389,1.11249,1.15049
1616,1,0.0168397,0.268595,1.99066,1,1,1,5.60823,0.195477,0.25141,0.00203859,1.05355,1.02642
1617,1,0.0182072,0.278382,1.92321,1,1,1,5.60967,0.261799,0.270585,0.00209702,0.959967,0.936182
1618,1,0.0196228,0.287818,1.85041,1,1,1,5.61063,0.254818,0.274847,0.00217962,1.02923,0.947461
1619,1,0.0210848,0.296878,1.77253,1,1,1,5.61245,0.253073,0.264194,0.00229144,1.26117,1.11665
1620,1,0.022591,0.305535,1.68987,1,1,1,5.61341,0.284489,0.280173,0.00241386,1.1969,1.27456
1621,1,0.0241393,0.313768,1.60273,1,1,1,5.61523,0.296706,0.30361,0.00252923,1.04356,1.18433
1622,1,0.0257279,0.321556,1.51137,1,1,1,5.61648,0.305433,0.310001,0.00265228,1.07309,1.24072
1623,1,0.0273544,0.328877,1.41608,1,1,1,5.6182,0.268781,0.298283,0.00274305,1.29051,1.02642
1624,1,0.0290158,0.335711,1.3172,1,1,1,5.61955,0.3735,0.313197,0.0028333,1.20873,1.08281
1625,1,0.0307106,0.342043,1.21495,1,1,1,5.62146,0.310669,0.331307,0.00293196,1.08688,1.26328
1626,1,0.0324352,0.347854,1.10967,1,1,1,5.62281,0.342085,0.332373,0.0029881,1.13906,1.252
1627,1,0.0341882,0.353135,1.00159,1,1,1,5.62463,0.305433,0.346222,0.00302368,1.04048,1.10537
1628,1,0.0359659,0.357867,0.891058,1,1,1,5.62597,0.368264,0.35794,0.00309637,0.964304,1.15049
1629,1,0.0377659,0.362041,0.778334,1,1,1,5.62808,0.275762,0.33983,0.00316593,1.20823,1.07153
1630,1,0.0395854,0.365647,0.663702,1,1,1,5.62952,0.404916,0.352613,0.00324654,1.10764,1.08281
1631,1,0.0414215,0.368676,0.547458,1,1,1,5.63163,0.296706,0.353679,0.00333154,1.12931,1.09409
1632,1,0.0432712,0.37112,0.429895,1,1,1,5.63297,0.357792,0.361136,0.00336182,1.06526,0.924902
1633,1,0.0451316,0.372973,0.311294,1,1,1,5.63537,0.371755,0.35794,0.00345175,1.12003,1.02642
1634,1,0.0469997,0.374231,0.191952,1,1,1,5.6368,0.385718,0.347287,0.00350752,1.2441,1.0377
1635,1,0.0488731,0.374892,0.0721185,1,1,1,5.63891,0.387463,0.386703,0.00354896,0.809019,1.13921
1636,1,0.0507476,0.374952,-0.0478464,1,1,1,5.64035,0.300197,0.383507,0.00352391,0.824608,0.95874
1637,1,0.0526216,0.374413,-0.167736,1,1,1,5.64256,0.382227,0.388833,0.00347586,0.735677,0.812109
1638,1,0.0544911,0.373276,-0.287206,1,1,1,5.64419,0.408407,0.388833,0.00342352,0.697886,0.755713
1639,1,0.0563533,0.371542,-0.405982,1,1,1,5.64649,0.349066,0.361136,0.0033721,0.957193,0.823389
1640,1,0.0582053,0.369218,-0.523773,1,1,1,5.64783,0.359538,0.371789,0.00327718,0.781695,0.597803
1641,1,0.0600444,0.366307,-0.640303,1,1,1,5.65023,0.397935,0.400552,0.00318358,0.400368,0.609082
1642,1,0.0618674,0.362817,-0.755281,1,1,1,5.65157,0.335103,0.400552,0.00306514,0.32426,0.620361
1643,1,0.0636716,0.358757,-0.868419,1,1,1,5.65368,0.338594,0.388833,0.00292853,0.367507,0.48501
1644,1,0.0654542,0.354136,-0.97943,1,1,1,5.65512,0.357792,0.359005,0.00285312,0.612513,0.507568
1645,1,0.0672119,0.348967,-1.088,1,1,1,5.65732,0.361283,0.33983,0.00283184,0.742688,0.563965
1646,1,0.0689429,0.343261,-1.19388,1,1,1,5.65866,0.349066,0.322785,0.00283082,0.846528,0.676758
1647,1,0.0706438,0.337033,-1.29677,1,1,1,5.66077,0.385718,0.347287,0.00285737,0.490028,0.744434
1648,1,0.0723125,0.330298,-1.39638,1,1,1,5.66202,0.258309,0.315328,0.00290002,0.749285,0.710596
1649,1,0.0739461,0.323075,-1.49241,1,1,1,5.66394,0.324631,0.317458,0.00290136,0.622806,0.507568
1650,1,0.0755421,0.315382,-1.58456,1,1,1,5.66509,0.314159,0.32385,0.00292594,0.447564,0.451172
1651,1,0.077099,0.307237,-1.67259,1,1,1,5.66691,0.272271,0.297218,0.00293401,0.628651,0.563965
1652,1,0.0786141,0.298662,-1.75619,1,1,1,5.66806,0.296706,0.281238,0.00298861,0.694288,0.665479
1653,1,0.080085,0.289683,-1.83504,1,1,1,5.66978,0.286234,0.273781,0.0030602,0.664364,0.654199
1654,1,0.0815102,0.28032,-1.9089,1,1,1,5.67103,0.284489,0.283369,0.00310856,0.440126,0.575244
1655,1,0.0828876,0.270602,-1.97746,1,1,1,5.67247,0.246091,0.278043,0.00313792,0.374077,0.64292
1656,1,0.0842157,0.260555,-2.04043,1,1,1,5.67343,0.202458,0.276977,0.00310032,0.249277,0.394775
1657,1,0.0854926,0.250208,-2.09752,1,1,1,5.67496,0.242601,0.238627,0.00307596,0.533773,0.3271
1658,1,0.0867172,0.239591,-2.14845,1,1,1,5.67573,0.214675,0.220516,0.00312721,0.603395,0.620361
1659,1,0.0878882,0.228734,-2.19293,1,1,1,5.67707,0.188496,0.214125,0.00316902,0.541081,0.496289
1660,1,0.0890043,0.217672,-2.23067,1,1,1,5.67793,0.200713,0.207733,0.00322536,0.479366,0.406055
1661,1,0.0900647,0.206438,-2.26139,1,1,1,5.67928,0.197222,0.193884,0.00330541,0.501935,0.688037
1662,1,0.0910684,0.195071,-2.28479,1,1,1,5.67985,0.129154,0.202406,0.00335444,0.27398,0.541406
1663,1,0.0920151,0.183604,-2.30059,1,1,1,5.68091,0.155334,0.185362,0.0033827,0.324612,0.541406
1664,1,0.0929044,0.172078,-2.30849,1,1,1,5.68148,0.137881,0.166186,0.00345649,0.4053,0.462451
1665,1,0.0937359,0.160532,-2.30822,1,1,1,5.68244,0.0977384,0.151272,0.00350697,0.437209,0.360938
1666,1,0.0945097,0.149009,-2.29948,1,1,1,5.68282,0.129154,0.147011,0.00357816,0.356388,0.3271
1667,1,0.0952261,0.137552,-2.28199,1,1,1,5.68369,0.116937,0.117183,0.0036871,0.56406,0.597803
1668,1,0.0958855,0.126204,-2.25545,1,1,1,5.68417,0.106465,0.12464,0.00376187,0.359932,0.541406
1669,1,0.0964884,0.115014,-2.21958,1,1,1,5.68465,0.0942478,0.0905502,0.00386431,0.619965,0.575244
1670,1,0.0970359,0.104025,-2.17409,1,1,1,5.68522,0.127409,0.0777667,0.00396096,0.648917,0.586523
1671,1,0.0975291,0.0932888,-2.1187,1,1,1,5.6857,0.0610865,0.0916155,0.00404218,0.387603,0.496289
1672,1,0.0979693,0.0828549,-2.05311,1,1,1,5.68599,0.0872665,0.0703096,0.00407538,0.512017,0.507568
1673,1,0.0983582,0.0727744,-1.97703,1,1,1,5.68628,0.0959931,0.0756361,0.00415432,0.355546,0.597803
1674,1,0.0986977,0.0631033,-1.8902,1,1,1,5.68675,0.0645772,0.0798973,0.00416967,0.209154,0.620361
1675,1,0.09899,0.0538907,-1.79228,1,1,1,5.68675,0,0.039416,0.00421165,0.56584,0.530127
1676,1,0.0992375,0.0451988,-1.68305,1,1,1,5.68714,0.0645772,0.0383507,0.00425687,0.497561,0.609082
1677,1,0.099443,0.0370808,-1.56217,1,1,1,5.68723,0.0191986,0.0458078,0.0042861,0.342312,0.620361
1678,1,0.0996094,0.029597,-1.42937,1,1,1,5.68743,0.0191986,0.0330242,0.00427033,0.413422,0.631641
1679,1,0.0997401,0.0228075,-1.28435,1,1,1,5.68743,0,0.0245018,0.00429177,0.452994,0.406055
1680,1,0.0998387,0.0167742,-1.12683,1,1,1,5.68762,0.0314159,0.00958767,0.00431598,0.574461,0.47373
1681,1,0.0999092,0.01156,-0.95651,1,1,1,5.68771,0.0139626,0.0298283,0.00432881,0.319749,0.586523
1682,1,0.0999558,0.00723072,-0.77315,1,1,1,5.68771,0.00523599,0.0010653,0.0043704,0.620733,0.744434
1683,1,0.0999831,0.00385131,-0.576418,1,1,1,5.68781,0,0.0159795,0.00435898,0.447964,0.665479
1684,1,0.099996,0.00148952,-0.366035,1,1,1,5.68771,-0.0366519,-0.00639178,0.00435504,0.70088,0.563965
1685,1,0.0999998,0.00021428,-0.141701,1,1,1,5.68781,0.0122173,0.00532648,0.00434885,0.593952,0.64292
1686,1,0.1,0,0,1,1,1,5.68781,0,0.0234365,0.00434407,0.415615,0.609082
1687,1,0.1,0,0,1,1,1,5.68781,-0.00872665,-0.00745708,0.00436149,0.757744,0.699316
1688,1,0.1,0,0,1,1,1,5.68781,0,0.00532648,0.00435871,0.616758,0.721875
1689,1,0.1,0,0,1,1,1,5.68781,0,0.00213059,0.00438846,0.65584,0.766992
1690,1,0.1,0,0,1,1,1,5.68781,0,0.0010653,0.00432853,0.659648,0.721875
1691,1,0.1,0,0,1,1,1,5.68781,0,0.00532648,0.00434599,0.615079,0.586523
1692,1,0.1,0,0,1,1,1,5.68781,0.00349066,0.0010653,0.00437462,0.665731,0.64292
1693,1,0.1,0,0,1,1,1,5.6879,0,0.00852238,0.00433576,0.578574,0.64292
1694,1,0.1,0,0,1,1,1,5.6879,0,0.0149142,0.00431259,0.505206,0.710596
1695,1,0.1,0,0,1,1,1,5.68781,-0.0174533,0.00745708,0.0042551,0.579646,0.676758
1696,1,0.1,0,0,1,1,1,5.68781,0,-0.0127836,0.00425083,0.801728,0.699316
1697,1,0.1,0,0,1,1,1,5.6879,0.0122173,-0.00745708,0.00425282,0.7434,0.609082
1698,1,0.1,0,0,1,1,1,5.6879,0.0261799,-0.00745708,0.0042328,0.740757,0.744434
1699,1,0.1,0,0,1,1,1,5.6879,0,0.00426119,0.00426384,0.615954,0.688037
1700,1,0.1,0,0,1,1,1,5.6879,0,-0.00213059,0.00423695,0.682714,0.64292
1701,1,0.1,0,0,1,1,1,5.6879,0,0.00213059,0.00423074,0.635021,0.710596
1702,1,0.1,0,0,1,1,1,5.6879,0,-0.0010653,0.00423453,0.670676,0.857227
1703,1,0.1,0,0,1,1,1,5.6879,0,-0.010653,0.00420221,0.771874,0.586523
1704,1,0.1,0,0,1,1,1,5.6879,0,-0.00213059,0.00417124,0.674041,0.563965
1705,1,0.1,0,0,1,1,1,5.6879,0,-0.00319589,0.00416356,0.684745,0.609082
1706,1,0.1,0,0,1,1,1,5.6879,0,-0.00319589,0.004138,0.68137,0.823389
1707,1,0.1,0,0,1,1,1,5.688,0,0.00213059,0.00415792,0.625409,0.688037
1708,1,0.1,0,0,1,1,1,5.688,0.00349066,0.00319589,0.00413368,0.61049,0.496289
1709,1,0.1,0,0,1,1,1,5.6879,0.00174533,-0.00745708,0.00411186,0.724793,0.552686
1710,1,0.1,0,0,1,1,1,5.6879,0,0.0010653,0.00408961,0.628111,0.597803
1711,1,0.1,0,0,1,1,1,5.6879,0,0.010653,0.00408787,0.522416,0.609082
1712,1,0.1,0,0,1,1,1,5.6879,0,-0.00426119,0.00408335,0.685875,0.654199
1713,1,0.1,0,0,1,1,1,5.688,0,0.0117183,0.00404032,0.504421,0.496289
1714,1,0.1,0,0,1,1,1,5.6879,0,0.010653,0.00404045,0.516157,0.609082
1715,1,0.1,0,0,1,1,1,5.6879,-0.00872665,-0.0234365,0.00407015,0.895062,0.530127
1716,1,0.1,0,0,1,1,1,5.688,0.00174533,0.01811,0.00403948,0.434001,0.609082
1717,1,0.1,0,0,1,1,1,5.6879,-0.020944,0.0298283,0.003981,0.297381,0.451172
1718,1,0.1,0,0,1,1,1,5.6879,0.00872665,-0.00639178,0.00397094,0.694474,0.530127
1719,1,0.1,0,0,1,1,1,5.688,0.00872665,-0.00532648,0.00403164,0.690768,0.710596
1720,1,0.1,0,0,1,1,1,5.688,0,-0.00213059,0.00400821,0.652521,0.64292
1721,1,0.1,0,0,1,1,1,5.688,0,-0.0010653,0.00398371,0.637568,0.496289
1722,1,0.1,0,0,1,1,1,5.688,0,0.00852238,0.00397655,0.531158,0.620361
1723,1,0.1,0,0,1,1,1,5.688,0,0.00639178,0.00397072,0.553825,0.64292
1724,1,0.1,0,0,1,1,1,5.688,-0.00872665,-0.0117183,0.00399142,0.755769,0.518848
1725,1,0.1,0,0,1,1,1,5.688,0.00872665,-0.00532648,0.00397522,0.68332,0.609082
1726,1,0.1,0,0,1,1,1,5.688,0,0.0149142,0.00394644,0.456874,0.64292
1727,1,0.1,0,0,1,1,1,5.6879,-0.0261799,0.0127836,0.00389056,0.472934,0.417334
1728,1,0.1,0,0,1,1,1,5.6879,0.0279253,-0.00852238,0.0038908,0.707332,0.654199
1729,1,0.1,0,0,1,1,1,5.688,0.00523599,-0.00532648,0.00392074,0.67613,0.744434
1730,1,0.1,0,0,1,1,1,5.688,-0.020944,0.0010653,0.00389904,0.602955,0.620361
1731,1,0.1,0,0,1,1,1,5.688,0,0.0202406,0.00388329,0.389947,0.620361
1732,1,0.1,0,0,1,1,1,5.688,0,-0.0010653,0.00387778,0.623586,0.654199
1733,1,0.1,0,0,1,1,1,5.688,0,-0.0191753,0.00390324,0.826156,0.620361
1734,1,0.1,0,0,1,1,1,5.688,0,0.00426119,0.00389936,0.567843,0.733154
1735,1,0.1,0,0,1,1,1,5.688,0,0.0149142,0.00386391,0.445981,0.609082
1736,1,0.1,0,0,1,1,1,5.688,-0.0174533,-0.00213059,0.00384952,0.631573,0.575244
1737,1,0.1,0,0,1,1,1,5.688,0,0.00639178,0.00382787,0.534969,0.575244
1738,1,0.1,0,0,1,1,1,5.688,0,0.00213059,0.0038012,0.578322,0.47373
1739,1,0.1,0,0,1,1,1,5.688,0,-0.00958767,0.00380274,0.707426,0.597803
1740,1,0.1,0,0,1,1,1,5.688,0,0.00532648,0.00379203,0.541956,0.372217
1741,1,0.1,0,0,1,1,1,5.6881,0,0.00319589,0.00378516,0.564486,0.766992
1742,1,0.1,0,0,1,1,1,5.688,-0.0261799,0.00319589,0.00373317,0.557623,0.439893
1743,1,0.1,0,0,1,1,1,5.688,0.00872665,-0.0149142,0.00376717,0.761322,0.563965
1744,1,0.1,0,0,1,1,1,5.688,0.00349066,0.00213059,0.00374427,0.570807,0.507568
1745,1,0.1,0,0,1,1,1,5.688,0,-0.0159795,0.00372774,0.767835,0.541406
1746,1,0.1,0,0,1,1,1,5.688,-0.00174533,0.00532648,0.0036838,0.52767,0.631641
1747,1,0.1,0,0,1,1,1,5.688,0,0.0266324,0.00368335,0.293245,0.676758
1748,1,0.1,0,0,1,1,1,5.688,-0.00174533,-0.00639178,0.00369912,0.658594,0.541406
1749,1,0.1,0,0,1,1,1,5.688,0,-1.696e-18,0.00366746,0.584105,0.64292
1750,1,0.1,0,0,1,1,1,5.688,-0.00872665,1.76123e-18,0.00365079,0.581905,0.552686
1751,1,0.1,0,0,1,1,1,5.688,0,0.00319589,0.00366765,0.548975,0.541406
1752,1,0.1,0,0,1,1,1,5.688,0,0.00532648,0.0036649,0.525176,0.597803
1753,1,0.1,0,0,1,1,1,5.688,0,0.0138489,0.00368325,0.433851,0.586523
1754,1,0.1,0,0,1,1,1,5.6881,0.00523599,0.010653,0.00367865,0.468399,0.530127
1755,1,0.1,0,0,1,1,1,5.688,0,0.00426119,0.00367615,0.538379,0.620361
1756,1,0.1,0,0,1,1,1,5.688,0.0174533,0.010653,0.00366116,0.46609,0.586523
1757,1,0.1,0,0,1,1,1,5.688,-0.00872665,-1.95692e-19,0.00364549,0.581204,0.710596
1758,1,0.1,0,0,1,1,1,5.688,-0.0174533,0.010653,0.00364316,0.463714,0.597803
1759,1,0.1,0,0,1,1,1,5.688,-0.010472,-0.0276977,0.00363249,0.884164,0.439893
1760,1,0.1,0,0,1,1,1,5.688,0,-0.00213059,0.0036502,0.605263,0.563965
1761,1,0.1,0,0,1,1,1,5.688,0,-0.00319589,0.00361613,0.612484,0.620361
1762,1,0.1,0,0,1,1,1,5.688,0,0.00426119,0.00363698,0.533209,0.766992
1763,1,0.1,0,0,1,1,1,5.688,0,0.0010653,0.00364252,0.569095,0.620361
1764,1,0.1,0,0,1,1,1,5.688,0,-0.00852238,0.00363426,0.673468,0.620361
1765,1,0.1,0,0,1,1,1,5.688,0,0.0149142,0.00364415,0.416972,0.699316
1766,1,0.1,0,0,1,1,1,5.6881,0,-0.00426119,0.00367186,0.631559,0.609082
1767,1,0.1,0,0,1,1,1,5.6881,0,-0.010653,0.00365421,0.699539,0.563965
1768,1,0.1,0,0,1,1,1,5.688,0,-0.00639178,0.00366467,0.654047,0.563965
1769,1,0.1,0,0,1,1,1,5.688,0,0.00639178,0.00363755,0.509846,0.451172
1770,1,0.1,0,0,1,1,1,5.688,0,0.00319589,0.00358513,0.538083,0.394775
1771,1,0.1,0,0,1,1,1,5.688,0,-0.0213059,0.00356192,0.804539,0.507568
1772,1,0.1,0,0,1,1,1,5.688,-0.0174533,-0.00532648,0.00356966,0.629787,0.496289
1773,1,0.1,0,0,1,1,1,5.688,0,-0.00319589,0.00356253,0.605409,0.575244
1774,1,0.1,0,0,1,1,1,5.688,0,0.0127836,0.00352988,0.425325,0.518848
1775,1,0.1,0,0,1,1,1,5.6879,0,0.0117183,0.00352756,0.436737,0.541406
1776,1,0.1,0,0,1,1,1,5.688,0,-0.010653,0.00352875,0.682978,0.586523
1777,1,0.1,0,0,1,1,1,5.688,0.00349066,-0.0170448,0.00353072,0.753547,0.563965
1778,1,0.1,0,0,1,1,1,5.688,-0.00872665,-0.00532648,0.00349294,0.619659,0.507568
1779,1,0.1,0,0,1,1,1,5.688,0,-0.010653,0.00349093,0.677986,0.360938
1780,1,0.1,0,0,1,1,1,5.688,0.0244346,0.0010653,0.00343903,0.542234,0.417334
1781,1,0.1,0,0,1,1,1,5.688,0.00872665,0.00958767,0.00344144,0.448806,0.609082
1782,1,0.1,0,0,1,1,1,5.688,0,-0.00745708,0.00342648,0.634323,0.428613
1783,1,0.1,0,0,1,1,1,5.688,0,0.00426119,0.00337423,0.498525,0.462451
1784,1,0.1,0,0,1,1,1,5.6879,-0.00872665,-0.0191753,0.00340971,0.76101,0.530127
1785,1,0.1,0,0,1,1,1,5.688,0.0174533,0.00213059,0.00341896,0.527866,0.496289
1786,1,0.1,0,0,1,1,1,5.688,0,0.00426119,0.00344745,0.508191,0.541406
1787,1,0.1,0,0,1,1,1,5.688,0,0.00319589,0.00343071,0.517699,0.541406
1788,1,0.1,0,0,1,1,1,5.688,0,0.0213059,0.00341146,0.315947,0.406055
1789,1,0.1,0,0,1,1,1,5.688,-0.00872665,-0.0117183,0.00343327,0.682092,0.507568
1790,1,0.1,0,0,1,1,1,5.6881,0.0191986,0.00745708,0.00342528,0.470109,0.597803
1791,1,0.1,0,0,1,1,1,5.688,0,0.00319589,0.00340834,0.514747,0.394775
1792,1,0.1,0,0,1,1,1,5.688,0,-0.0010653,0.00339429,0.559764,0.439893
1793,1,0.1,0,0,1,1,1,5.688,0.00872665,0.0117183,0.00340344,0.420353,0.676758
1794,1,0.1,0,0,1,1,1,5.688,-0.0314159,0.00639178,0.00342055,0.481203,0.609082
1795,1,0.1,0,0,1,1,1,5.688,-0.0226893,0.0149142,0.00338347,0.382562,0.349658
1796,1,0.1,0,0,1,1,1,5.6879,0,0.0010653,0.0033428,0.529532,0.349658
1797,1,0.1,0,0,1,1,1,5.688,0,-0.00639178,0.00333494,0.610521,0.552686
1798,1,0.1,0,0,1,1,1,5.688,0,0.00745708,0.00334237,0.459165,0.530127
1799,1,0.1,0,0,1,1,1,5.688,-0.0279253,0.0138489,0.00330777,0.384288,0.586523
1800,1,0.1,0,0,1,1,1,5.688,0,0.00319589,0.00327074,0.496583,0.439893
1801,1,0.1,0,0,1,1,1,5.688,0,0.01811,0.00322006,0.325838,0.439893
1802,1,0.1,0,0,1,1,1,5.688,0,-0.00532648,0.00321292,0.582696,0.507568
1803,1,0.1,0,0,1,1,1,5.688,0,-0.00532648,0.00321873,0.583464,0.462451
1804,1,0.1,0,0,1,1,1,5.688,0,0.00958767,0.00321749,0.419244,0.530127
1805,1,0.1,0,0,1,1,1,5.688,0,-0.0149142,0.00320423,0.687014,0.451172
1806,1,0.1,0,0,1,1,1,5.688,0,-0.00213059,0.00319611,0.545323,0.541406
1807,1,0.1,0,0,1,1,1,5.688,0,-0.00532648,0.00322203,0.5839,0.586523
1808,1,0.1,0,0,1,1,1,5.688,0,-0.0010653,0.00319795,0.533848,0.530127
1809,1,0.1,0,0,1,1,1,5.688,0,0.00532648,0.00320626,0.464635,0.597803
1810,1,0.1,0,0,1,1,1,5.688,0,-0.0138489,0.00323104,0.678834,0.47373
1811,1,0.1,0,0,1,1,1,5.688,0,0.00319589,0.00324011,0.49254,0.609082
1812,1,0.1,0,0,1,1,1,5.688,0,-0.00639178,0.00319949,0.592642,0.496289
1813,1,0.1,0,0,1,1,1,5.688,0,-0.00319589,0.00317937,0.554832,0.496289
1814,1,0.1,0,0,1,1,1,5.688,0,0.010653,0.00319011,0.403912,0.620361
1815,1,0.1,0,0,1,1,1,5.688,-0.00523599,-0.0127836,0.00318889,0.661553,0.451172
1816,1,0.1,0,0,1,1,1,5.688,0,0.010653,0.00319069,0.403988,0.575244
1817,1,0.1,0,0,1,1,1,5.688,-0.00174533,0.00852238,0.00319968,0.428612,0.575244
1818,1,0.1,0,0,1,1,1,5.688,0,0.0117183,0.00314094,0.385703,0.372217
1819,1,0.1,0,0,1,1,1,5.6879,0,-0.0117183,0.00316637,0.646862,0.47373
1820,1,0.1,0,0,1,1,1,5.6879,0,0.0117183,0.00316421,0.388775,0.518848
1821,1,0.1,0,0,1,1,1,5.688,0,-0.0191753,0.00318103,0.730824,0.620361
1822,1,0.1,0,0,1,1,1,5.688,0,0.0276977,0.00320541,0.218439,0.586523
1823,1,0.1,0,0,1,1,1,5.688,-0.0383972,0.0202406,0.00321069,0.301165,0.665479
1824,1,0.1,0,0,1,1,1,5.688,0,0.00213059,0.00319753,0.498637,0.496289
1825,1,0.1,0,0,1,1,1,5.688,0,-0.0213059,0.00320896,0.757947,0.48501
1826,1,0.1,0,0,1,1,1,5.688,0,-0.00319589,0.00321667,0.559755,0.563965
1827,1,0.1,0,0,1,1,1,5.688,0,0.00639178,0.00320552,0.452819,0.665479
1828,1,0.1,0,0,1,1,1,5.688,-0.00698132,-0.0010653,0.00320756,0.535117,0.552686
1829,1,0.1,0,0,1,1,1,5.688,0,-0.00213059,0.00319637,0.545357,0.48501
1830,1,0.1,0,0,1,1,1,5.688,0,-0.0138489,0.00319877,0.674575,0.507568
1831,1,0.1,0,0,1,1,1,5.688,0.00872665,0.00639178,0.00318912,0.450655,0.563965
1832,1,0.1,0,0,1,1,1,5.688,-0.00872665,0.0191753,0.0031678,0.307221,0.439893
1833,1,0.1,0,0,1,1,1,5.688,0,-0.0149142,0.0032126,0.688119,0.507568
1834,1,0.1,0,0,1,1,1,5.688,0,0.00213059,0.00320927,0.500187,0.563965
1835,1,0.1,0,0,1,1,1,5.688,0,-0.0010653,0.00318155,0.531683,0.575244
1836,1,0.1,0,0,1,1,1,5.6879,-0.0314159,0.010653,0.00318097,0.402706,0.451172
1837,1,0.1,0,0,1,1,1,5.688,0,0.0127836,0.00314849,0.374982,0.518848
1838,1,0.1,0,0,1,1,1,5.688,0,0.0202406,0.00313408,0.291052,0.563965
1839,1,0.1,0,0,1,1,1,5.6879,-0.00349066,0.00426119,0.00311486,0.464289,0.417334
1840,1,0.1,0,0,1,1,1,5.688,0.00174533,0.0149142,0.00309056,0.343898,0.48501
1841,1,0.1,0,0,1,1,1,5.6879,-0.00872665,-0.0010653,0.00307041,0.517013,0.541406
1842,1,0.1,0,0,1,1,1,5.688,0,-0.00532648,0.00307288,0.564211,0.496289
1843,1,0.1,0,0,1,1,1,5.688,0.00872665,-1.89169e-18,0.00308146,0.506753,0.48501
1844,1,0.1,0,0,1,1,1,5.688,0.00174533,0.00532648,0.0030829,0.448351,0.766992
1845,1,0.1,0,0,1,1,1,5.688,0,0.0170448,0.00304434,0.31436,0.349658
1846,1,0.1,0,0,1,1,1,5.688,0.00523599,0.00639178,0.00303509,0.430323,0.349658
1847,1,0.1,0,0,1,1,1,5.688,0,-0.00639178,0.00302393,0.569468,0.428613
1848,1,0.1,0,0,1,1,1,5.688,0,-0.0191753,0.00299937,0.706846,0.428613
1849,1,0.1,0,0,1,1,1,5.688,0.0418879,-0.0245018,0.00303761,0.770484,0.530127
1850,1,0.1,0,0,1,1,1,5.688,-0.0122173,0.00319589,0.00305762,0.468451,0.552686
1851,1,0.1,0,0,1,1,1,5.688,-0.00872665,0.00958767,0.00304315,0.396231,0.47373
1852,1,0.1,0,0,1,1,1,5.688,0.00872665,-0.00319589,0.0030455,0.537161,0.451172
1853,1,0.1,0,0,1,1,1,5.688,0,-0.00958767,0.00306736,0.610356,0.586523
1854,1,0.1,0,0,1,1,1,5.688,0,-0.00213059,0.00302593,0.522859,0.586523
1855,1,0.1,0,0,1,1,1,5.688,0.0244346,0.0010653,0.00304354,0.490029,0.620361
1856,1,0.1,0,0,1,1,1,5.688,-0.0418879,-0.0149142,0.00305141,0.666842,0.451172
1857,1,0.1,0,0,1,1,1,5.688,0,-0.0127836,0.00305011,0.643234,0.462451
1858,1,0.1,0,0,1,1,1,5.688,0,0.00213059,0.00306768,0.481497,0.507568
1859,1,0.1,0,0,1,1,1,5.688,0,0.01811,0.00305557,0.304125,0.47373
1860,1,0.1,0,0,1,1,1,5.688,0,0.00319589,0.00299359,0.46,0.383496
1861,1,0.1,0,0,1,1,1,5.688,0,0.00958767,0.00299378,0.389715,0.575244
1862,1,0.1,0,0,1,1,1,5.6879,-0.0174533,0.0010653,0.00298237,0.481954,0.48501
1863,1,0.1,0,0,1,1,1,5.688,0,0.010653,0.00296411,0.37408,0.496289
1864,1,0.1,0,0,1,1,1,5.688,0,-0.0117183,0.00300532,0.625604,0.688037
1865,1,0.1,0,0,1,1,1,5.688,0,-0.00639178,0.00301745,0.568613,0.586523
1866,1,0.1,0,0,1,1,1,5.688,0,-0.00213059,0.00303429,0.523963,0.563965
1867,1,0.1,0,0,1,1,1,5.688,0,0.00426119,0.0029974,0.448784,0.439893
1868,1,0.1,0,0,1,1,1,5.688,0,-0.00426119,0.00302907,0.54671,0.609082
1869,1,0.1,0,0,1,1,1,5.688,0,0.00319589,0.00302325,0.463915,0.48501
1870,1,0.1,0,0,1,1,1,5.688,-0.00523599,0.00958767,0.00298658,0.388764,0.372217
1871,1,0.1,0,0,1,1,1,5.6879,0,0.00426119,0.00293712,0.440827,0.383496
1872,1,0.1,0,0,1,1,1,5.6879,0.00349066,0.00426119,0.00291879,0.438408,0.530127
1873,1,0.1,0,0,1,1,1,5.6879,0,-0.0191753,0.00295666,0.701208,0.575244
1874,1,0.1,0,0,1,1,1,5.688,0,-0.00532648,0.00294726,0.547629,0.597803
1875,1,0.1,0,0,1,1,1,5.688,0,0.0138489,0.00293223,0.334717,0.428613
1876,1,0.1,0,0,1,1,1,5.688,0,-0.00426119,0.00291469,0.531613,0.417334
1877,1,0.1,0,0,1,1,1,5.688,0,-0.00213059,0.00289409,0.505456,0.406055
1878,1,0.1,0,0,1,1,1,5.688,0,-0.0138489,0.00284279,0.627586,0.462451
1879,1,0.1,0,0,1,1,1,5.6879,0.0349066,-0.0149142,0.00282176,0.636528,0.293262
1880,1,0.1,0,0,1,1,1,5.6879,0,0.0149142,0.00279183,0.304465,0.48501
1881,1,0.1,0,0,1,1,1,5.6879,0,0.0159795,0.00280118,0.293982,0.394775
1882,1,0.1,0,0,1,1,1,5.688,0.00349066,-0.00852238,0.00278662,0.561579,0.293262
1883,1,0.1,0,0,1,1,1,5.688,0.00872665,0.00639178,0.00272958,0.389995,0.259424
1884,1,0.1,0,0,1,1,1,5.6879,0.00523599,0.00426119,0.00271011,0.410862,0.338379
1885,1,0.1,0,0,1,1,1,5.6879,0,-0.00639178,0.00271677,0.528924,0.439893
1886,1,0.0999999,-0.000189436,-0.189192,1,1,1,5.6879,0,0.0010653,0.00270669,0.411132,0.349658
1887,1,0.0999946,-0.00228275,-0.643512,1,1,1,5.6879,0,0.00532648,0.00269241,0.259986,0.394775
1888,1,0.0999734,-0.00657778,-1.06989,1,1,1,5.6879,-0.0174533,-0.00639178,0.00266614,0.261299,0.304541
1889,1,0.0999254,-0.0129363,-1.46887,1,1,1,5.68781,-0.00349066,0.00958767,0.00262438,-0.064264,0.259424
1890,1,0.0998408,-0.0212216,-1.84097,1,1,1,5.68771,-0.0366519,-0.0159795,0.00258255,0.0485726,0.135352
1891,1,0.0997102,-0.0313027,-2.18684,1,1,1,5.68771,-0.015708,0.0149142,0.00245413,-0.488225,0.0902344
1892,1,0.099525,-0.0430472,-2.50698,1,1,1,5.68762,-0.0191986,-0.0191753,0.00233699,-0.324468,-0.0451172
1893,1,0.0992772,-0.0563296,-2.80202,1,1,1,5.68752,-0.0314159,-0.01811,0.00216296,-0.569554,-0.169189
1894,1,0.0989594,-0.0710255,-3.07251,1,1,1,5.68733,-0.0314159,-0.0351548,0.0019457,-0.634871,-0.270703
1895,1,0.0985648,-0.0870157,-3.31908,1,1,1,5.68704,-0.0698132,-0.00852238,0.00163507,-1.20622,-0.47373
1896,1,0.0980872,-0.104179,-3.54224,1,1,1,5.68637,-0.216421,-0.0521996,0.00132095,-1.01634,-0.845947
1897,1,0.0975212,-0.122401,-3.7426,1,1,1,5.68599,-0.0191986,-0.0660484,0.00103836,-1.15841,-1.11665
1898,1,0.0968616,-0.141569,-3.92071,1,1,1,5.6856,-0.113446,-0.0926808,0.00082483,-1.15769,-1.07153
1899,1,0.0961041,-0.161572,-4.07716,1,1,1,5.68484,-0.158825,-0.118248,0.00060204,-1.17666,-1.12793
1900,1,0.0952447,-0.182304,-4.21252,1,1,1,5.68417,-0.169297,-0.155533,0.00044079,-1.06256,-1.19561
1901,1,0.0942801,-0.203662,-4.32739,1,1,1,5.6833,-0.150098,-0.173643,0.000335332,-1.15492,-0.947461
1902,1,0.0932071,-0.225547,-4.42234,1,1,1,5.68244,-0.279253,-0.190688,0.000222812,-1.26341,-1.17305
1903,1,0.0920238,-0.247855,-4.49791,1,1,1,5.681,-0.211185,-0.230104,0.000127682,-1.1254,-1.0377
1904,1,0.0907281,-0.270493,-4.55471,1,1,1,5.68014,-0.235619,-0.232235,8.72794e-05,-1.38933,-1.06025
1905,1,0.0893184,-0.293372,-4.59332,1,1,1,5.67851,-0.335103,-0.271651,1.53255e-05,-1.24849,-0.992578
1906,1,0.0877942,-0.316397,-4.61429,1,1,1,5.67726,-0.294961,-0.322785,-3.55282e-06,-0.969611,-1.10537
1907,1,0.0861545,-0.339484,-4.61821,1,1,1,5.67544,-0.314159,-0.352613,-2.46011e-05,-0.923137,-1.09409
1908,1,0.0843994,-0.36255,-4.60566,1,1,1,5.67391,-0.410152,-0.351548,-0.00011431,-1.22327,-1.43247
1909,1,0.082529,-0.385517,-4.57721,1,1,1,5.6717,-0.303687,-0.385637,-0.00016624,-1.12748,-1.20688
1910,1,0.0805446,-0.408297,-4.53345,1,1,1,5.67026,-0.420624,-0.421858,-0.000191838,-0.999658,-1.36479
1911,1,0.0784467,-0.430824,-4.47493,1,1,1,5.66768,-0.42586,-0.413335,-0.000205182,-1.35597,-1.18433
1912,1,0.0762371,-0.453021,-4.40225,1,1,1,5.66576,-0.502655,-0.460208,-0.000237593,-1.10023,-1.26328
1913,1,0.073917,-0.474824,-4.31596,1,1,1,5.66317,-0.349066,-0.490037,-0.000269056,-1.02418,-1.3084
1914,1,0.0714895,-0.496161,-4.21667,1,1,1,5.66125,-0.534071,-0.506016,-0.000222388,-1.08085,-1.0377
1915,1,0.0689563,-0.51697,-4.10492,1,1,1,5.6579,-0.575959,-0.526257,-0.000243354,-1.09249,-1.21816
1916,1,0.0663207,-0.53719,-3.98132,1,1,1,5.65569,-0.492183,-0.526257,-0.000224531,-1.31149,-1.20688
1917,1,0.0635853,-0.556766,-3.84641,1,1,1,5.65272,-0.612611,-0.53904,-0.000198342,-1.37901,-1.00386
1918,1,0.060754,-0.575638,-3.70079,1,1,1,5.65032,-0.630064,-0.57313,-0.00017862,-1.20331,-1.13921
1919,1,0.0578304,-0.593755,-3.54506,1,1,1,5.64706,-0.516617,-0.602958,-0.000214438,-1.07172,-1.02642
1920,1,0.0548178,-0.611072,-3.37973,1,1,1,5.64447,-0.715585,-0.617872,-0.000206332,-1.08629,-1.06025
1921,1,0.0517211,-0.627538,-3.20544,1,1,1,5.64064,-0.591667,-0.594436,-0.000307768,-1.52714,-1.39863
1922,1,0.0485445,-0.64311,-3.02276,1,1,1,5.63815,-0.630064,-0.651962,-0.000348534,-1.05703,-1.38735
1923,1,0.0452913,-0.657753,-2.83217,1,1,1,5.63441,-0.593412,-0.664745,-0.000374966,-1.06413,-1.252
1924,1,0.0419686,-0.67142,-2.63441,1,1,1,5.63182,-0.645772,-0.656223,-0.000397853,-1.2911,-1.17305
1925,1,0.0385787,-0.684086,-2.42988,1,1,1,5.6276,-0.734784,-0.669006,-9.26213e-05,-1.22809,-1.02642
1926,1,0.0351292,-0.69571,-2.21932,1,1,1,5.62511,-0.586431,-0.702031,-9.27331e-05,-0.969131,-1.08281
1927,1,0.0316234,-0.70627,-2.00318,1,1,1,5.62108,-0.720821,-0.703096,-2.78781e-05,-1.03741,-0.834668
1928,1,0.028068,-0.715735,-1.7821,1,1,1,5.6184,-0.668461,-0.716945,-3.31652e-05,-0.962084,-1.01514
1929,1,0.0244682,-0.724083,-1.55666,1,1,1,5.6137,-0.801106,-0.731859,-5.81242e-05,-0.863661,-1.18433
1930,1,0.020829,-0.731295,-1.32739,1,1,1,5.61082,-0.633555,-0.739316,-7.90068e-05,-0.832216,-1.06025
1931,1,0.017157,-0.737352,-1.09491,1,1,1,5.6067,-0.809833,-0.731859,-4.44925e-05,-0.941563,-0.789551
1932,1,0.0134579,-0.742239,-0.859803,1,1,1,5.60344,-0.760964,-0.741447,-6.41007e-05,-0.857476,-0.924902
1933,1,0.0097368,-0.745946,-0.622591,1,1,1,5.59922,-0.76969,-0.763818,-1.69716e-05,-0.60828,-0.744434
1934,1,0.00600021,-0.748463,-0.383882,1,1,1,5.59625,-0.71733,-0.729728,-1.73219e-05,-0.971822,-0.654199
1935,1,0.00225411,-0.749783,-0.144256,1,1,1,5.59174,-0.877901,-0.731859,-0.000441812,-0.980401,-0.766992
1936,1,-0.00149567,-0.749905,0.0957206,1,1,1,5.58848,-0.774926,-0.730794,-0.000147539,-0.915209,-0.936182
1937,1,-0.00524308,-0.748826,0.33547,1,1,1,5.58417,-0.76969,-0.748904,-0.000171807,-0.665743,-0.733154
1938,1,-0.00898193,-0.746551,0.574401,1,1,1,5.5812,-0.720821,-0.7521,-0.000173491,-0.562487,-0.631641
1939,1,-0.012706,-0.743085,0.811922,1,1,1,5.57679,-0.794125,-0.735055,-0.000153727,-0.66429,-0.575244
1940,1,-0.0164108,-0.738435,1.04756,1,1,1,5.57382,-0.682424,-0.73612,-0.000114853,-0.550734,-0.439893
1941,1,-0.0200887,-0.732614,1.28061,1,1,1,5.5695,-0.781908,-0.728663,-8.90539e-05,-0.518952,-0.496289
1942,1,-0.023735,-0.725634,1.51057,1,1,1,5.56662,-0.69115,-0.712684,-0.00012142,-0.576137,-0.518848
1943,1,-0.0273433,-0.717514,1.73684,1,1,1,5.56212,-0.773181,-0.710553,-0.000140564,-0.466427,-0.507568
1944,1,-0.0309081,-0.708273,1.95884,1,1,1,5.55934,-0.692896,-0.703096,-0.00017567,-0.404995,-0.518848
1945,1,-0.0344241,-0.697934,2.17601,1,1,1,5.55541,-0.694641,-0.694574,-0.0001572,-0.334244,-0.259424
1946,1,-0.0378861,-0.686521,2.38779,1,1,1,5.55244,-0.741765,-0.669006,-0.000248052,-0.455436,-0.180469
1947,1,-0.0412876,-0.674066,2.59353,1,1,1,5.5485,-0.651008,-0.66368,-0.000299417,-0.336965,-0.451172
1948,1,-0.0446249,-0.660596,2.79275,1,1,1,5.54592,-0.614356,-0.651962,-0.000356442,-0.278462,-0.270703
1949,1,-0.0478921,-0.64615,2.9848,1,1,1,5.54218,-0.602139,-0.649831,-0.000439948,-0.108306,-0.191748
1950,1,-0.0510849,-0.630761,3.16915,1,1,1,5.53959,-0.685914,-0.613611,-0.000526038,-0.303001,-0.180469
1951,1,-0.0541984,-0.614471,3.3452,1,1,1,5.53585,-0.610865,-0.613611,-0.000584214,-0.0864483,-0.248145
1952,1,-0.0572279,-0.597325,3.51236,1,1,1,5.53364,-0.561996,-0.579522,-0.000654518,-0.23769,-0.281982
1953,1,-0.0601696,-0.579367,3.67007,1,1,1,5.5301,-0.553269,-0.576326,-0.000762409,-0.0471654,-0.191748
1954,1,-0.0630206,-0.560639,3.81782,1,1,1,5.52789,-0.551524,-0.553954,-0.000834025,-0.0544946,-0.180469
1955,1,-0.0657752,-0.541205,3.95491,1,1,1,5.52463,-0.544543,-0.542236,-0.000876599,0.0667284,-0.236865
1956,1,-0.0684312,-0.521111,4.08085,1,1,1,5.52262,-0.47822,-0.526257,-0.000870925,0.154142,-0.135352
1957,1,-0.0709852,-0.500417,4.19504,1,1,1,5.51974,-0.483456,-0.478318,-0.000925801,-0.113456,-0.124072
1958,1,-0.0734346,-0.47918,4.29691,1,1,1,5.51782,-0.471239,-0.472992,-0.000947276,0.0961588,-0.124072
1959,1,-0.0757763,-0.457468,4.38587,1,1,1,5.51524,-0.427606,-0.441033,-0.0010236,0.00832609,-0.124072
1960,1,-0.0780086,-0.435344,4.46135,1,1,1,5.51361,-0.390954,-0.399486,-0.00115529,-0.190332,-0.124072
1961,1,-0.0801294,-0.412876,4.52278,1,1,1,5.51111,-0.438078,-0.367527,-0.00131509,-0.286309,-0.146631
1962,1,-0.082137,-0.39014,4.56958,1,1,1,5.50968,-0.347321,-0.350483,-0.00153438,-0.227164,-0.112793
1963,1,-0.0840304,-0.367206,4.60117,1,1,1,5.50766,-0.366519,-0.310001,-0.00170947,-0.419135,-0.0789551
1964,1,-0.0858089,-0.344154,4.61699,1,1,1,5.50642,-0.280998,-0.30574,-0.00192014,-0.220242,-0.0789551
1965,1,-0.0874718,-0.321065,4.61644,1,1,1,5.50479,-0.286234,-0.266324,-0.00212981,-0.409903,-0.101514
1966,1,-0.0890195,-0.298019,4.59896,1,1,1,5.50373,-0.26529,-0.249279,-0.00240242,-0.36683,-0.146631
1967,1,-0.0904522,-0.275105,4.56397,1,1,1,5.5022,-0.240855,-0.224778,-0.00263835,-0.405011,-0.293262
1968,1,-0.0917708,-0.25241,4.5109,1,1,1,5.50133,-0.205949,-0.193884,-0.00289941,-0.523602,-0.293262
1969,1,-0.092977,-0.230024,4.43915,1,1,1,5.49999,-0.200713,-0.187492,-0.003128,-0.375103,-0.259424
1970,1,-0.0940718,-0.208051,4.34819,1,1,1,5.49932,-0.18675,-0.170448,-0.00330084,-0.34379,-0.349658
1971,1,-0.0950582,-0.186576,4.23739,1,1,1,5.49827,-0.174533,-0.167252,-0.00343745,-0.164373,-0.270703
1972,1,-0.0959386,-0.16571,4.10622,1,1,1,5.49769,-0.141372,-0.155533,-0.00357185,-0.089055,-0.293262
1973,1,-0.0967164,-0.145552,3.95409,1,1,1,5.49683,-0.0994838,-0.156599,-0.00366955,0.119919,-0.270703
1974,1,-0.0973955,-0.126204,3.78038,1,1,1,5.49635,-0.137881,-0.125705,-0.00373416,-0.0308432,-0.214307
1975,1,-0.09798,-0.107784,3.5846,1,1,1,5.49577,-0.0506145,-0.101203,-0.0038024,-0.12645,-0.203027
1976,1,-0.098475,-0.0903964,3.36609,1,1,1,5.49539,-0.102974,-0.0820279,-0.00388822,-0.182768,-0.0563965
1977,1,-0.0988859,-0.0741606,3.12432,1,1,1,5.49501,-0.0244346,-0.0564607,-0.00395825,-0.324847,-0.203027
1978,1,-0.0992187,-0.0591942,2.85873,1,1,1,5.49482,-0.0942478,-0.028763,-0.00406765,-0.51586,-0.338379
1979,1,-0.0994802,-0.0456137,2.56866,1,1,1,5.49453,-0.0191986,-0.0330242,-0.00415815,-0.373789,-0.31582
1980,1,-0.0996774,-0.0335476,2.25363,1,1,1,5.49443,-0.0314159,-0.0266324,-0.00424865,-0.371301,-0.349658
1981,1,-0.0998184,-0.0231206,1.91305,1,1,1,5.49434,0,-0.00639178,-0.00435681,-0.547969,-0.530127
1982,1,-0.0999116,-0.0144609,1.54627,1,1,1,5.49424,-0.0226893,0.00639178,-0.00446336,-0.668257,-0.688037
1983,1,-0.0999662,-0.00770212,1.1528,1,1,1,5.49424,0,-0.00213059,-0.00454714,-0.573488,-0.541406
1984,1,-0.099992,-0.00297864,0.732023,1,1,1,5.49414,-0.0122173,-0.00852238,-0.00456374,-0.520078,-0.733154
1985,1,-0.0999996,-0.000428489,0.283379,1,1,1,5.49424,0,0.0010653,-0.00458085,-0.673382,-0.496289
1986,1,-0.1,-0,-0,1,1,1,5.49414,-0.00698132,-0.00426119,-0.00459704,-0.659937,-0.766992
1987,1,-0.1,-0,-0,1,1,1,5.49414,0,-0.00852238,-0.0045811,-0.610959,-0.744434
1988,1,-0.1,-0,-0,1,1,1,5.49414,0,-3.91384e-19,-0.00456542,-0.702636,-0.834668
1989,1,-0.1,-0,-0,1,1,1,5.49414,0,0.0127836,-0.00456151,-0.842738,-0.575244
1990,1,-0.1,-0,-0,1,1,1,5.49414,-0.0174533,-0.0159795,-0.00455268,-0.52518,-0.699316
1991,1,-0.1,-0,-0,1,1,1,5.49414,0,-0.00319589,-0.00457825,-0.669175,-0.631641
1992,1,-0.1,-0,-0,1,1,1,5.49405,0,-0.0159795,-0.00452733,-0.521833,-0.462451
1993,1,-0.1,-0,-0,1,1,1,5.49414,0,-0.00639178,-0.0045168,-0.625908,-0.609082
1994,1,-0.1,-0,-0,1,1,1,5.49405,-0.00872665,-0.0117183,-0.00457024,-0.574371,-0.710596
1995,1,-0.1,-0,-0,1,1,1,5.49405,0.0122173,0.0170448,-0.00459551,-0.8941,-0.766992
1996,1,-0.1,-0,-0,1,1,1,5.49395,0,-0.00745708,-0.00457114,-0.621363,-0.676758
1997,1,-0.1,-0,-0,1,1,1,5.49405,0,-0.0319589,-0.0045036,-0.342927,-0.575244
1998,1,-0.1,-0,-0,1,1,1,5.49405,0,-0.010653,-0.00448212,-0.574457,-0.563965
1999,1,-0.1,-0,-0,1,1,1,5.49405,0,0.010653,-0.00444891,-0.804438,-0.541406
2000,1,-0.1,-0,-0,1,1,1,5.49395,-0.0279253,-0.00426119,-0.00444437,-0.639784,-0.654199
2001,1,-0.1,-0,-0,1,1,1,5.49395,0,-0.0202406,-0.00446544,-0.466791,-0.665479
2002,1,-0.1,-0,-0,1,1,1,5.49395,0,-0.0276977,-0.00446932,-0.385275,-0.64292
2003,1,-0.1,-0,-0,1,1,1,5.49405,0.0139626,0.0170448,-0.00446175,-0.876443,-0.620361
2004,1,-0.1,-0,-0,1,1,1,5.49386,-0.0279253,0.0117183,-0.00447015,-0.818961,-0.778271
2005,1,-0.1,-0,-0,1,1,1,5.49386,-0.0244346,0.00532648,-0.00451813,-0.754984,-0.744434
2006,1,-0.1,-0,-0,1,1,1,5.49386,0,-0.01811,-0.00445505,-0.488856,-0.575244
2007,1,-0.1,-0,-0,1,1,1,5.49386,0,-0.0234365,-0.00439911,-0.422881,-0.552686
2008,1,-0.1,-0,-0,1,1,1,5.49395,0,0.00426119,-0.00435653,-0.721935,-0.586523
2009,1,-0.1,-0,-0,1,1,1,5.49386,-0.0244346,-0.00852238,-0.00435781,-0.581484,-0.688037
2010,1,-0.1,-0,-0,1,1,1,5.49386,0,0.0234365,-0.00441632,-0.940756,-0.755713
2011,1,-0.1,-0,-0,1,1,1,5.49376,0,-0.01811,-0.00439937,-0.481506,-0.744434
2012,1,-0.1,-0,-0,1,1,1,5.49386,0.0139626,-0.00426119,-0.00442056,-0.636641,-0.563965
2013,1,-0.1,-0,-0,1,1,1,5.49376,0.0279253,0.00532648,-0.00442888,-0.743203,-0.733154
2014,1,-0.1,-0,-0,1,1,1,5.49366,-0.0261799,-0.00426119,-0.00443071,-0.637981,-0.755713
2015,1,-0.1,-0,-0,1,1,1,5.49376,0,-0.0159795,-0.00439033,-0.503749,-0.47373
2016,1,-0.1,-0,-0,1,1,1,5.49366,-0.0331613,0.010653,-0.00438621,-0.796163,-0.868506
2017,1,-0.1,-0,-0,1,1,1,5.49366,0,-1.56553e-18,-0.00437051,-0.676908,-0.597803
2018,1,-0.1,-0,-0,1,1,1,5.49366,0,-0.0170448,-0.0043185,-0.482549,-0.609082
2019,1,-0.1,-0,-0,1,1,1,5.49366,0,0.0127836,-0.00430607,-0.80902,-0.699316
2020,1,-0.1,-0,-0,1,1,1,5.49366,0,-0.00639178,-0.00432587,-0.600705,-0.789551
2021,1,-0.1,-0,-0,1,1,1,5.49357,0.00872665,-0.00319589,-0.00432733,-0.636053,-0.766992
2022,1,-0.1,-0,-0,1,1,1,5.49357,0,0.0213059,-0.00434908,-0.908444,-0.620361
2023,1,-0.1,-0,-0,1,1,1,5.49347,-0.0296706,0.0127836,-0.00437594,-0.818243,-0.812109
2024,1,-0.1,-0,-0,1,1,1,5.49357,0.00698132,-0.010653,-0.00435775,-0.55804,-0.496289
2025,1,-0.1,-0,-0,1,1,1,5.49347,0.0279253,0.00532648,-0.00432229,-0.729134,-0.530127
2026,1,-0.1,-0,-0,1,1,1,5.49347,-0.0523599,-0.00639178,-0.00429507,-0.596639,-0.676758
2027,1,-0.1,-0,-0,1,1,1,5.49347,0,-0.0117183,-0.00425902,-0.53329,-0.665479
2028,1,-0.1,-0,-0,1,1,1,5.49347,0,0.0117183,-0.00429172,-0.795407,-0.721875
2029,1,-0.1,-0,-0,1,1,1,5.49347,0,0.0159795,-0.00428622,-0.841554,-0.665479
2030,1,-0.1,-0,-0,1,1,1,5.49347,-0.0226893,-0.00639178,-0.00427831,-0.594428,-0.755713
2031,1,-0.1,-0,-0,1,1,1,5.49347,0,0.00213059,-0.00429396,-0.690239,-0.710596
2032,1,-0.1,-0,-0,1,1,1,5.49338,0,-0.00639178,-0.00426465,-0.592624,-0.665479
2033,1,-0.1,-0,-0,1,1,1,5.49338,0,-0.00532648,-0.00428352,-0.606834,-0.699316
2034,1,-0.1,-0,-0,1,1,1,5.49338,0,-0.0138489,-0.00426834,-0.511084,-0.541406
2035,1,-0.1,-0,-0,1,1,1,5.49338,0.00523599,-0.00745708,-0.00422137,-0.575193,-0.620361
2036,1,-0.1,-0,-0,1,1,1,5.49338,-0.00698132,-0.010653,-0.00419348,-0.536357,-0.654199
2037,1,-0.1,-0,-0,1,1,1,5.49338,0,0.00426119,-0.00419406,-0.700488,-0.755713
2038,1,-0.1,-0,-0,1,1,1,5.49338,0.00872665,-0.00426119,-0.00424259,-0.613149,-0.766992
2039,1,-0.1,-0,-0,1,1,1,5.49338,0,-0.00745708,-0.00422354,-0.575479,-0.654199
2040,1,-0.1,-0,-0,1,1,1,5.49338,0,0.00213059,-0.00422804,-0.681538,-0.766992
2041,1,-0.1,-0,-0,1,1,1,5.49338,0,0.0138489,-0.00421407,-0.808594,-0.721875
2042,1,-0.1,-0,-0,1,1,1,5.49338,0,0.0149142,-0.00421302,-0.820174,-0.688037
2043,1,-0.1,-0,-0,1,1,1,5.49328,-0.0296706,-0.00213059,-0.00423137,-0.635104,-0.699316
2044,1,-0.1,-0,-0,1,1,1,5.49328,0.0226893,0.0117183,-0.00424071,-0.788674,-0.496289
2045,1,-0.1,-0,-0,1,1,1,5.49328,0,-0.0213059,-0.00424122,-0.425475,-0.834668
2046,1,-0.1,-0,-0,1,1,1,5.49328,0,0.00532648,-0.00424106,-0.718411,-0.699316
2047,1,-0.1,-0,-0,1,1,1,5.49328,0,0.0138489,-0.00424028,-0.812054,-0.552686
2048,1,-0.1,-0,-0,1,1,1,5.49328,-0.010472,-0.00852238,-0.00419855,-0.560462,-0.676758
2049,1,-0.1,-0,-0,1,1,1,5.49328,-0.0226893,-7.17537e-19,-0.00423524,-0.659052,-0.597803
2050,1,-0.1,-0,-0,1,1,1,5.49319,0,0.0159795,-0.00425569,-0.837525,-0.507568
2051,1,-0.1,-0,-0,1,1,1,5.49319,-0.00523599,0.010653,-0.0042249,-0.774869,-0.744434
2052,1,-0.1,-0,-0,1,1,1,5.49328,0.00872665,-0.00852238,-0.00422472,-0.563917,-0.868506
2053,1,-0.1,-0,-0,1,1,1,5.49319,0.00349066,0.00319589,-0.00423169,-0.693737,-0.609082
2054,1,-0.1,-0,-0,1,1,1,5.49319,-0.00698132,0.010653,-0.00423511,-0.776217,-0.654199
2055,1,-0.1,-0,-0,1,1,1,5.49309,-0.00872665,0.010653,-0.00422862,-0.77536,-0.496289
2056,1,-0.1,-0,-0,1,1,1,5.49309,-0.0471239,-0.0159795,-0.00423859,-0.48372,-0.710596
2057,1,-0.1,-0,-0,1,1,1,5.49309,0.00872665,0.00745708,-0.00424499,-0.742367,-0.744434
2058,1,-0.1,-0,-0,1,1,1,5.49309,0.0453786,-0.0255671,-0.00418508,-0.371193,-0.530127
2059,1,-0.1,-0,-0,1,1,1,5.49309,0,-0.00745708,-0.00415056,-0.565846,-0.552686
2060,1,-0.1,-0,-0,1,1,1,5.49309,0,-0.00532648,-0.00414445,-0.588476,-0.575244
2061,1,-0.1,-0,-0,1,1,1,5.49309,0,0.00213059,-0.00417631,-0.674709,-0.699316
2062,1,-0.1,-0,-0,1,1,1,5.49299,0,-0.010653,-0.00421624,-0.539361,-0.789551
2063,1,-0.1,-0,-0,1,1,1,5.49299,0.00872665,-0.00426119,-0.00422867,-0.611311,-0.721875
2064,1,-0.1,-0,-0,1,1,1,5.49299,0,0.00319589,-0.00426264,-0.697824,-0.688037
2065,1,-0.1,-0,-0,1,1,1,5.49299,0,-0.00426119,-0.00424875,-0.613962,-0.586523
2066,1,-0.1,-0,-0,1,1,1,5.49299,-0.0296706,-0.00532648,-0.00423375,-0.600264,-0.755713
2067,1,-0.1,-0,-0,1,1,1,5.49299,0,-0.028763,-0.00421806,-0.340391,-0.654199
2068,1,-0.1,-0,-0,1,1,1,5.49299,0,0.00319589,-0.0042004,-0.689607,-0.541406
2069,1,-0.1,-0,-0,1,1,1,5.4929,-0.00174533,0.00213059,-0.00421606,-0.679956,-0.676758
2070,1,-0.1,-0,-0,1,1,1,5.4929,0,-0.0159795,-0.00422031,-0.481307,-0.688037
2071,1,-0.1,-0,-0,1,1,1,5.4929,0,-0.00639178,-0.00419947,-0.58402,-0.631641
2072,1,-0.1,-0,-0,1,1,1,5.4929,0,-0.00958767,-0.00421175,-0.550487,-0.665479
2073,1,-0.1,-0,-0,1,1,1,5.4929,0,-0.010653,-0.00420998,-0.538534,-0.710596
2074,1,-0.1,-0,-0,1,1,1,5.4929,-0.00349066,0.00639178,-0.00420732,-0.725676,-0.541406
2075,1,-0.1,-0,-0,1,1,1,5.4929,0,0.00852238,-0.00420057,-0.748221,-0.575244
2076,1,-0.1,-0,-0,1,1,1,5.4929,0,-0.0149142,-0.00422292,-0.493369,-0.676758
2077,1,-0.1,-0,-0,1,1,1,5.4929,0.0279253,0.0138489,-0.00421634,-0.808895,-0.597803
2078,1,-0.1,-0,-0,1,1,1,5.4929,-0.0226893,-0.00958767,-0.00426569,-0.557606,-0.733154
2079,1,-0.1,-0,-0,1,1,1,5.4929,0.00872665,0.00319589,-0.00424133,-0.695011,-0.620361
2080,1,-0.1,-0,-0,1,1,1,5.4929,0,0.00426119,-0.00419415,-0.700501,-0.575244
2081,1,-0.1,-0,-0,1,1,1,5.4929,-0.00872665,-0.0138489,-0.00418138,-0.499605,-0.597803
2082,1,-0.1,-0,-0,1,1,1,5.4929,0,0.0138489,-0.00418721,-0.805049,-0.721875
2083,1,-0.1,-0,-0,1,1,1,5.4928,-0.0418879,0.00852238,-0.00423502,-0.752769,-0.710596
2084,1,-0.1,-0,-0,1,1,1,5.4928,0,0.00745708,-0.00424237,-0.742021,-0.80083
2085,1,-0.1,-0,-0,1,1,1,5.4928,-0.0191986,-0.0223712,-0.00423393,-0.412796,-0.699316
2086,1,-0.1,-0,-0,1,1,1,5.4928,0.0191986,-0.010653,-0.00422443,-0.540442,-0.575244
2087,1,-0.1,-0,-0,1,1,1,5.4928,0.00872665,0.0308936,-0.00424414,-1.00006,-0.631641
2088,1,-0.1,-0,-0,1,1,1,5.49271,-0.00349066,0.0010653,-0.00422134,-0.668936,-0.552686
2089,1,-0.1,-0,-0,1,1,1,5.49271,-0.0122173,-0.00426119,-0.00418908,-0.606086,-0.586523
2090,1,-0.1,-0,-0,1,1,1,5.49271,0,0.00213059,-0.00418568,-0.675946,-0.710596
2091,1,-0.1,-0,-0,1,1,1,5.49271,0,0.00852238,-0.00415982,-0.742842,-0.609082
2092,1,-0.1,-0,-0,1,1,1,5.49271,-0.00349066,0.0117183,-0.00420875,-0.784456,-0.721875
2093,1,-0.1,-0,-0,1,1,1,5.49271,-0.0174533,-0.00532648,-0.00418849,-0.594289,-0.744434
2094,1,-0.1,-0,-0,1,1,1,5.49271,0.0191986,-0.00426119,-0.00418973,-0.606172,-0.609082
2095,1,-0.1,-0,-0,1,1,1,5.49271,0.00872665,-0.0127836,-0.00419296,-0.512851,-0.721875
2096,1,-0.1,-0,-0,1,1,1,5.49271,-0.015708,0.0127836,-0.00420422,-0.795576,-0.947461
2097,1,-0.1,-0,-0,1,1,1,5.49271,-0.0261799,-0.00852238,-0.00419044,-0.559392,-0.64292
2098,1,-0.1,-0,-0,1,1,1,5.49271,0.00349066,-0.01811,-0.00415739,-0.449565,-0.755713
2099,1,-0.1,-0,-0,1,1,1,5.49271,0,0.0138489,-0.00412873,-0.79733,-0.631641
2100,1,-0.1,-0,-0,1,1,1,5.49271,0.00872665,0.00213059,-0.00412461,-0.667885,-0.778271
2101,1,-0.1,-0,-0,1,1,1,5.49271,0,0.0010653,-0.00413006,-0.656886,-0.620361
2102,1,-0.1,-0,-0,1,1,1,5.49271,0,-0.0117183,-0.00414537,-0.518288,-0.462451
2103,1,-0.1,-0,-0,1,1,1,5.49271,0.015708,-0.00319589,-0.00414582,-0.612093,-0.812109
2104,1,-0.1,-0,-0,1,1,1,5.49271,0,0.00532648,-0.00415878,-0.707551,-0.563965
2105,1,-0.1,-0,-0,1,1,1,5.49271,0,-0.00426119,-0.00414702,-0.600533,-0.620361
2106,1,-0.1,-0,-0,1,1,1,5.49271,0,0.0191753,-0.00419085,-0.864121,-0.665479
2107,1,-0.1,-0,-0,1,1,1,5.49261,0,-0.00426119,-0.00419165,-0.606425,-0.541406
2108,1,-0.1,-0,-0,1,1,1,5.49261,-0.015708,-0.0127836,-0.00417408,-0.51036,-0.609082
2109,1,-0.1,-0,-0,1,1,1,5.49261,0.00523599,0.0149142,-0.00417136,-0.814675,-0.665479
2110,1,-0.1,-0,-0,1,1,1,5.49261,0,0.0202406,-0.00417736,-0.874059,-0.620361
2111,1,-0.1,-0,-0,1,1,1,5.49261,-0.0191986,-0.00426119,-0.00416391,-0.602763,-0.586523
2112,1,-0.1,-0,-0,1,1,1,5.49261,0,-0.00426119,-0.00413856,-0.599417,-0.507568
2113,1,-0.1,-0,-0,1,1,1,5.49261,0,-0.00532648,-0.00413422,-0.587125,-0.575244
2114,1,-0.1,-0,-0,1,1,1,5.49261,0,0.0138489,-0.0041056,-0.794276,-0.496289
2115,1,-0.1,-0,-0,1,1,1,5.49251,0,0.00852238,-0.00411288,-0.736646,-0.620361
2116,1,-0.1,-0,-0,1,1,1,5.49261,0,-0.0010653,-0.00408778,-0.627869,-0.507568
2117,1,-0.1,-0,-0,1,1,1,5.49261,0,-0.00213059,-0.00410371,-0.618253,-0.507568
2118,1,-0.1,-0,-0,1,1,1,5.49261,-0.00523599,0.0223712,-0.00412298,-0.890316,-0.575244
2119,1,-0.1,-0,-0,1,1,1,5.49251,-0.00174533,0.0149142,-0.00414521,-0.811224,-0.541406
2120,1,-0.1,-0,-0,1,1,1,5.49261,0,0.00745708,-0.00413143,-0.727376,-0.507568
2121,1,-0.1,-0,-0,1,1,1,5.49251,0,-0.0010653,-0.00412633,-0.632957,-0.48501
2122,1,-0.1,-0,-0,1,1,1,5.49251,-0.0314159,-0.010653,-0.00412384,-0.527164,-0.631641
2123,1,-0.1,-0,-0,1,1,1,5.49251,0,0.00639178,-0.00414156,-0.716995,-0.947461
2124,1,-0.1,-0,-0,1,1,1,5.49251,0.00872665,-0.00319589,-0.00419047,-0.617988,-0.744434
2125,1,-0.1,-0,-0,1,1,1,5.49251,0.0261799,0.00958767,-0.00417402,-0.756436,-0.631641
2126,1,-0.1,-0,-0,1,1,1,5.49251,0,0.0010653,-0.004145,-0.658858,-0.518848
2127,1,-0.1,-0,-0,1,1,1,5.49251,0,-0.00958767,-0.00414787,-0.542054,-0.631641
2128,1,-0.1,-0,-0,1,1,1,5.49251,0,-0.00426119,-0.00414402,-0.600138,-0.451172
2129,1,-0.1,-0,-0,1,1,1,5.49242,0,0.0138489,-0.00419464,-0.80603,-0.789551
2130,1,-0.1,-0,-0,1,1,1,5.49242,0,-0.00745708,-0.00421187,-0.573939,-0.902344
2131,1,-0.1,-0,-0,1,1,1,5.49242,0.00872665,-0.00852238,-0.00425849,-0.568374,-0.744434
2132,1,-0.1,-0,-0,1,1,1,5.49242,0,0.0138489,-0.00424091,-0.812138,-0.541406
2133,1,-0.1,-0,-0,1,1,1,5.49242,-0.00174533,0.0117183,-0.00424509,-0.789253,-0.676758
2134,1,-0.1,-0,-0,1,1,1,5.49242,0,-0.0138489,-0.00425146,-0.508855,-0.744434
2135,1,-0.1,-0,-0,1,1,1,5.49242,0.015708,-0.0149142,-0.00422175,-0.493215,-0.597803
2136,1,-0.1,-0,-0,1,1,1,5.49242,0,-0.00745708,-0.00425142,-0.57916,-0.766992
2137,1,-0.1,-0,-0,1,1,1,5.49232,0.00872665,0.00319589,-0.00423207,-0.693788,-0.676758
2138,1,-0.1,-0,-0,1,1,1,5.49232,0,-0.0159795,-0.00419798,-0.47836,-0.699316
2139,1,-0.1,-0,-0,1,1,1,5.49242,0.0349066,-0.00639178,-0.00419522,-0.58346,-0.541406
2140,1,-0.1,-0,-0,1,1,1,5.49232,-0.010472,-0.00213059,-0.00418018,-0.628347,-0.609082
2141,1,-0.1,-0,-0,1,1,1,5.49232,0,-0.0127836,-0.00417427,-0.510384,-0.586523
2142,1,-0.1,-0,-0,1,1,1,5.49232,0,0.00852238,-0.0041637,-0.743354,-0.541406
2143,1,-0.1,-0,-0,1,1,1,5.49232,0,0.0138489,-0.00420782,-0.807769,-0.744434
2144,1,-0.1,-0,-0,1,1,1,5.49232,0,0.0117183,-0.00418833,-0.78176,-0.609082
2145,1,-0.1,-0,-0,1,1,1,5.49232,0,-0.00426119,-0.00417948,-0.604819,-0.586523
2146,1,-0.1,-0,-0,1,1,1,5.49232,-0.00872665,0.0149142,-0.00418525,-0.816508,-0.676758
2147,1,-0.1,-0,-0,1,1,1,5.49232,0,-5.87076e-19,-0.00418131,-0.651932,-0.654199
2148,1,-0.1,-0,-0,1,1,1,5.49232,-0.0226893,-0.00319589,-0.00419648,-0.618781,-0.744434
2149,1,-0.1,-0,-0,1,1,1,5.49232,0,0.0127836,-0.00418967,-0.793656,-0.688037
2150,1,-0.1,-0,-0,1,1,1,5.49232,0,-0.00319589,-0.00421691,-0.621477,-0.699316
2151,1,-0.1,-0,-0,1,1,1,5.49232,0.00872665,-0.00639178,-0.00424603,-0.590167,-0.654199
2152,1,-0.1,-0,-0,1,1,1,5.49232,0,0.00958767,-0.0042395,-0.765078,-0.665479
2153,1,-0.1,-0,-0,1,1,1,5.49232,-0.0244346,0.00213059,-0.00424059,-0.683194,-0.744434
2154,1,-0.1,-0,-0,1,1,1,5.49232,0,0.00319589,-0.00424719,-0.695783,-0.688037
2155,1,-0.1,-0,-0,1,1,1,5.49232,0,0.00852238,-0.00425664,-0.755622,-0.710596
2156,1,-0.1,-0,-0,1,1,1,5.49232,0,-0.00319589,-0.00422419,-0.622438,-0.530127
2157,1,-0.1,-0,-0,1,1,1,5.49232,-0.0261799,0.01811,-0.00425004,-0.860216,-0.766992
2158,1,-0.1,-0,-0,1,1,1,5.49223,0.0314159,0.00958767,-0.00427132,-0.769278,-0.676758
2159,1,-0.1,-0,-0,1,1,1,5.49223,-0.00872665,0.00745708,-0.00427976,-0.746956,-0.597803
2160,1,-0.1,-0,-0,1,1,1,5.49223,-0.0174533,0.00852238,-0.00426863,-0.757205,-0.563965
2161,1,-0.1,-0,-0,1,1,1,5.49223,-0.00872665,-9.78459e-19,-0.00428418,-0.665512,-0.609082
2162,1,-0.1,-0,-0,1,1,1,5.49223,0,0.00426119,-0.00427025,-0.710546,-0.507568
2163,1,-0.1,-0,-0,1,1,1,5.49223,0,0.00958767,-0.00423262,-0.76417,-0.47373
2164,1,-0.1,-0,-0,1,1,1,5.49232,0,0.00852238,-0.00424453,-0.754024,-0.609082
2165,1,-0.1,-0,-0,1,1,1,5.49223,0,0.00426119,-0.0042822,-0.712123,-0.64292
2166,1,-0.1,-0,-0,1,1,1,5.49223,-0.00872665,0.0159795,-0.00429736,-0.843026,-0.64292
2167,1,-0.1,-0,-0,1,1,1,5.49223,0,0.00745708,-0.00429327,-0.748739,-0.530127
2168,1,-0.1,-0,-0,1,1,1,5.49223,-0.0366519,-6.52306e-20,-0.00430689,-0.66851,-0.766992
2169,1,-0.1,-0,-0,1,1,1,5.49223,0,-0.00639178,-0.004316,-0.599402,-0.766992
2170,1,-0.1,-0,-0,1,1,1,5.49223,0.0436332,0.00213059,-0.00428982,-0.689693,-0.597803
2171,1,-0.1,-0,-0,1,1,1,5.49213,0,-0.00745708,-0.00427037,-0.581661,-0.552686
2172,1,-0.1,-0,-0,1,1,1,5.49223,-0.00872665,0.00958767,-0.0043107,-0.774477,-0.609082
2173,1,-0.1,-0,-0,1,1,1,5.49213,-0.00174533,-0.00213059,-0.00429711,-0.643782,-0.507568
2174,1,-0.1,-0,-0,1,1,1,5.49213,-0.020944,-0.00852238,-0.00428766,-0.572226,-0.552686
2175,1,-0.1,-0,-0,1,1,1,5.49213,0,0.00532648,-0.00427277,-0.722597,-0.733154
2176,1,-0.1,-0,-0,1,1,1,5.49213,0,0.0159795,-0.00431051,-0.844761,-0.778271
2177,1,-0.1,-0,-0,1,1,1,5.49213,-0.00872665,-0.0138489,-0.00431577,-0.517344,-0.688037
2178,1,-0.1,-0,-0,1,1,1,5.49213,0,3.26153e-19,-0.00432252,-0.670572,-0.755713
2179,1,-0.1,-0,-0,1,1,1,5.49213,0,0.00213059,-0.00430425,-0.691597,-0.597803
2180,1,-0.1,-0,-0,1,1,1,5.49213,0,-0.00745708,-0.00428814,-0.584006,-0.541406
2181,1,-0.1,-0,-0,1,1,1,5.49213,0,0.0223712,-0.00428162,-0.911258,-0.507568
2182,1,-0.1,-0,-0,1,1,1,5.49213,-0.0244346,-0.00745708,-0.00428368,-0.583418,-0.609082
2183,1,-0.1,-0,-0,1,1,1,5.49213,0,0.00532648,-0.00427702,-0.723158,-0.64292
2184,1,-0.1,-0,-0,1,1,1,5.49213,0,0.0191753,-0.00431667,-0.880729,-0.721875
2185,1,-0.1,-0,-0,1,1,1,5.49213,-0.00872665,0.0010653,-0.00433176,-0.683511,-0.688037
2186,1,-0.0999999,0.000189392,0.18917,1,1,1,5.49213,0,-0.00213059,-0.00433723,-0.61465,-0.710596
2187,1,-0.0999946,0.00228258,0.643488,1,1,1,5.49213,0.00872665,0.0159795,-0.00432562,-0.709939,-0.552686
2188,1,-0.0999734,0.00657809,1.06991,1,1,1,5.49213,0,0.0255671,-0.00432999,-0.691849,-0.507568
2189,1,-0.0999254,0.012936,1.46885,1,1,1,5.49213,-0.0191986,0.00319589,-0.00427462,-0.294192,-0.394775
2190,1,-0.0998408,0.0212223,1.84099,1,1,1,5.49223,0.0122173,0.0138489,-0.00418579,-0.236749,-0.236865
2191,1,-0.0997102,0.0313026,2.18684,1,1,1,5.49223,0,0.00958767,-0.00409188,0.00253018,-0.146631
2192,1,-0.099525,0.0430473,2.50698,1,1,1,5.49232,0.020944,0.0202406,-0.00396984,0.0971105,-0.0451172
2193,1,-0.0992771,0.0563316,2.80206,1,1,1,5.49242,0.010472,0.00426119,-0.00375634,0.51098,-0.0676758
2194,1,-0.0989593,0.0710274,3.07255,1,1,1,5.49251,0.020944,0.00745708,-0.00348783,0.734877,0.146631
2195,1,-0.0985647,0.0870161,3.31909,1,1,1,5.49261,0.0279253,0.0404813,-0.00318146,0.648598,0.349658
2196,1,-0.0980872,0.10418,3.54226,1,1,1,5.4929,0.0767945,0.0159795,-0.00280661,1.21488,0.552686
2197,1,-0.0975212,0.122399,3.74257,1,1,1,5.49347,0.0977384,0.0458078,-0.00242353,1.19502,1.0377
2198,1,-0.0968616,0.141569,3.92071,1,1,1,5.49376,0.0715585,0.0830932,-0.00208057,1.09547,1.04897
2199,1,-0.0961041,0.161572,4.07716,1,1,1,5.49424,0.0890118,0.0937461,-0.00177731,1.28892,1.17305
2200,1,-0.0952447,0.182305,4.21253,1,1,1,5.49472,0.120428,0.115052,-0.00148405,1.36935,1.16177
2201,1,-0.0942801,0.20366,4.32738,1,1,1,5.49568,0.15708,0.158729,-0.00123024,1.2026,1.31968
2202,1,-0.0932073,0.225544,4.42233,1,1,1,5.49625,0.151844,0.173643,-0.000988365,1.353,1.24072
2203,1,-0.0920239,0.247853,4.49791,1,1,1,5.4975,0.232129,0.21519,-0.000729864,1.21551,1.3084
2204,1,-0.0907281,0.270493,4.55471,1,1,1,5.49846,0.228638,0.248214,-0.000507662,1.16736,1.39863
2205,1,-0.0893185,0.293371,4.59332,1,1,1,5.4998,0.225147,0.253541,-0.00034619,1.41419,1.252
2206,1,-0.0877941,0.316397,4.61429,1,1,1,5.50105,0.349066,0.274847,-0.000182079,1.48492,1.42119
2207,1,-0.0861544,0.339485,4.61821,1,1,1,5.50287,0.305433,0.314263,-2.55689e-05,1.35367,1.43247
2208,1,-0.0843992,0.362553,4.60566,1,1,1,5.50411,0.305433,0.344091,9.2617e-05,1.31878,1.39863
2209,1,-0.0825292,0.385514,4.57722,1,1,1,5.50632,0.404916,0.380311,0.00019652,1.20753,1.31968
2210,1,-0.0805445,0.408298,4.53345,1,1,1,5.50785,0.347321,0.426119,0.000213032,0.973143,1.27456
2211,1,-0.0784466,0.430824,4.47493,1,1,1,5.51025,0.427606,0.427184,0.000288821,1.23378,1.53398
2212,1,-0.076237,0.453021,4.40225,1,1,1,5.51207,0.390954,0.436772,0.000332542,1.38968,1.3084
2213,1,-0.0739169,0.474825,4.31596,1,1,1,5.51495,0.528835,0.464469,0.000357314,1.33674,1.16177
2214,1,-0.0714895,0.49616,4.21667,1,1,1,5.51677,0.485202,0.490037,0.000385408,1.29955,1.26328
2215,1,-0.0689566,0.516968,4.10494,1,1,1,5.51974,0.472984,0.516669,0.000355938,1.23384,1.10537
2216,1,-0.0663209,0.537188,3.98133,1,1,1,5.52185,0.579449,0.540106,0.000333548,1.19509,1.12793
2217,1,-0.0635853,0.556766,3.84641,1,1,1,5.52511,0.546288,0.560346,0.000261328,1.17396,1.19561
2218,1,-0.060754,0.575638,3.70079,1,1,1,5.52722,0.527089,0.577391,0.000267751,1.18953,1.29712
2219,1,-0.0578305,0.593755,3.54506,1,1,1,5.53077,0.60912,0.583783,0.000277354,1.31211,1.16177
2220,1,-0.0548178,0.611072,3.37973,1,1,1,5.53336,0.677188,0.602958,0.000342937,1.29158,1.35352
2221,1,-0.0517208,0.62754,3.20542,1,1,1,5.53681,0.610865,0.624264,0.000359186,1.22867,1.35352
2222,1,-0.0485443,0.643111,3.02274,1,1,1,5.53949,0.670206,0.631721,0.000413595,1.31092,1.28584
2223,1,-0.0452913,0.657753,2.83218,1,1,1,5.54342,0.612611,0.653027,0.00044913,1.22623,1.27456
2224,1,-0.0419679,0.671423,2.63437,1,1,1,5.54601,0.675442,0.680725,0.000418395,1.04838,1.252
2225,1,-0.0385789,0.684085,2.4299,1,1,1,5.55004,0.638791,0.694574,0.00039368,1.00969,0.95874
2226,1,-0.0351291,0.69571,2.21931,1,1,1,5.55282,0.741765,0.689247,0.00034048,1.16389,0.924902
2227,1,-0.0316237,0.706269,2.0032,1,1,1,5.55713,0.7662,0.691378,0.000380506,1.23672,1.02642
2228,1,-0.0280679,0.715735,1.7821,1,1,1,5.56011,0.705113,0.71588,0.000364036,1.04114,1.01514
2229,1,-0.0244683,0.724083,1.55667,1,1,1,5.56432,0.759218,0.747838,0.000313101,0.7445,0.947461
2230,1,-0.0208292,0.731294,1.3274,1,1,1,5.5673,0.738274,0.737185,0.000329823,0.91169,1.09409
2231,1,-0.0171573,0.737351,1.09493,1,1,1,5.5718,0.68766,0.760622,0.000278015,0.679313,0.879785
2232,1,-0.0134575,0.742239,0.859781,1,1,1,5.57439,0.710349,0.773406,0.000222108,0.548794,0.868506
2233,1,-0.00973701,0.745946,0.622604,1,1,1,5.5789,0.727802,0.729728,0.000210801,1.03077,0.879785
2234,1,-0.00600016,0.748463,0.383879,1,1,1,5.58206,0.738274,0.738251,0.000205769,0.925919,0.597803
2235,1,-0.00225399,0.749783,0.144248,1,1,1,5.58666,0.811578,0.73399,0.000258586,0.955403,0.845947
2236,1,0.0014957,0.749905,-0.0957225,1,1,1,5.58944,0.678933,0.747838,0.000255854,0.76365,0.789551
2237,1,0.00524313,0.748826,-0.335473,1,1,1,5.59414,0.853466,0.753165,0.00029749,0.657747,0.823389
2238,1,0.00898155,0.746552,-0.574377,1,1,1,5.59711,0.698132,0.724402,0.000329259,0.910495,0.812109
2239,1,0.0127065,0.743085,-0.811954,1,1,1,5.60143,0.806342,0.744643,0.000315663,0.604298,0.597803
2240,1,0.0164105,0.738435,-1.04754,1,1,1,5.6043,0.675442,0.756361,0.000243872,0.368575,0.563965
2241,1,0.0200888,0.732614,-1.28061,1,1,1,5.60862,0.7662,0.75423,0.000188818,0.273492,0.428613
2242,1,0.0237351,0.725634,-1.51058,1,1,1,5.61159,0.712094,0.73612,0.000176757,0.347234,0.428613
2243,1,0.0273433,0.717514,-1.73684,1,1,1,5.61581,0.715585,0.731859,0.000170431,0.256672,0.530127
2244,1,0.0309084,0.708272,-1.95886,1,1,1,5.61878,0.696386,0.728663,0.000139191,0.137872,0.451172
2245,1,0.0344242,0.697933,-2.17602,1,1,1,5.62271,0.644026,0.709488,0.000115976,0.183597,0.360938
2246,1,0.037886,0.686521,-2.38779,1,1,1,5.62549,0.668461,0.702031,0.000103312,0.0900212,0.270703
2247,1,0.0412878,0.674065,-2.59355,1,1,1,5.62923,0.6353,0.672202,0.000140674,0.238312,0.349658
2248,1,0.0446247,0.660598,-2.79273,1,1,1,5.63201,0.651008,0.628525,0.00025539,0.539397,0.270703
2249,1,0.047892,0.64615,-2.9848,1,1,1,5.63585,0.677188,0.633852,0.000352895,0.289222,0.349658
2250,1,0.0510844,0.630763,-3.16912,1,1,1,5.63834,0.612611,0.607219,0.000459332,0.381909,0.338379
2251,1,0.0541981,0.614473,-3.34518,1,1,1,5.64189,0.60912,0.607219,0.000598226,0.177357,0.383496
2252,1,0.0572281,0.597325,-3.51237,1,1,1,5.64428,0.600393,0.569934,0.000642474,0.359533,0.15791
2253,1,0.0601699,0.579366,-3.67009,1,1,1,5.64764,0.584685,0.604023,0.000635488,-0.258486,0.112793
2254,1,0.0630204,0.56064,-3.81781,1,1,1,5.64975,0.500909,0.55715,0.000396013,-0.0242721,0.180469
2255,1,0.0657751,0.541206,-3.95491,1,1,1,5.65291,0.548033,0.540106,0.000381865,-0.0956949,0.0563965
2256,1,0.0684312,0.521111,-4.08085,1,1,1,5.65512,0.497419,0.498559,0.000420474,0.103629,0.0789551
2257,1,0.0709855,0.500414,-4.19505,1,1,1,5.65799,0.472984,0.472992,0.000466673,0.123517,0.0225586
2258,1,0.0734347,0.479179,-4.29691,1,1,1,5.65981,0.47473,0.460208,0.000574195,0.00805123,0.0338379
2259,1,0.0757767,0.457465,-4.38588,1,1,1,5.66269,0.438078,0.454882,0.000625337,-0.20097,0.0451172
2260,1,0.0780087,0.435342,-4.46136,1,1,1,5.66432,0.389208,0.423988,0.000737527,-0.122831,0.0902344
2261,1,0.0801294,0.412876,-4.52278,1,1,1,5.66662,0.385718,0.392029,0.000821082,-0.0387603,0.0902344
2262,1,0.0821369,0.390141,-4.56958,1,1,1,5.66815,0.390954,0.383507,0.000922505,-0.21022,-0.0112793
2263,1,0.0840303,0.367207,-4.60117,1,1,1,5.67026,0.335103,0.328111,0.00105636,0.138765,-0.0225586
2264,1,0.0858087,0.344156,-4.61699,1,1,1,5.6717,0.347321,0.315328,0.00117323,0.0182416,-0.0338379
2265,1,0.0874718,0.321065,-4.61644,1,1,1,5.67333,0.270526,0.302544,0.00128574,-0.100466,-0.0676758
2266,1,0.0890196,0.298017,-4.59896,1,1,1,5.67458,0.298451,0.260998,0.00137636,0.0971907,-0.0112793
2267,1,0.0904521,0.275106,-4.56398,1,1,1,5.67602,0.232129,0.257802,0.00148946,-0.118538,0.0112793
2268,1,0.091771,0.252408,-4.51089,1,1,1,5.67698,0.225147,0.234365,0.00157259,-0.110827,-0.0338379
2269,1,0.0929768,0.230027,-4.43916,1,1,1,5.67822,0.200713,0.208798,0.00172626,-0.0616898,-0.0451172
2270,1,0.0940718,0.20805,-4.34819,1,1,1,5.67889,0.171042,0.199211,0.00187571,-0.180476,-0.0112793
2271,1,0.0950582,0.186576,-4.23739,1,1,1,5.67976,0.136136,0.152337,0.0020537,0.124317,-0.0225586
2272,1,0.0959386,0.165711,-4.10623,1,1,1,5.68033,0.1309,0.100138,0.00229497,0.508266,-0.0225586
2273,1,0.0967164,0.14555,-3.95408,1,1,1,5.681,0.10472,0.0937461,0.00256156,0.405429,0.0563965
2274,1,0.0973955,0.126205,-3.78039,1,1,1,5.68139,0.0767945,0.0585913,0.00280217,0.628526,0.124072
2275,1,0.0979801,0.107782,-3.58458,1,1,1,5.68196,0.111701,0.0724402,0.00305389,0.330075,0.338379
2276,1,0.098475,0.0903971,-3.3661,1,1,1,5.68215,0.0226893,0.0404813,0.00330531,0.551375,0.507568
2277,1,0.0988859,0.0741607,-3.12432,1,1,1,5.68254,0.0436332,0.0649831,0.00351169,0.163897,0.552686
2278,1,0.0992188,0.0591928,-2.85871,1,1,1,5.68254,0,0.039416,0.00368624,0.340982,0.47373
2279,1,0.0994802,0.0456143,-2.56868,1,1,1,5.68263,0.00698132,0.028763,0.00386604,0.375863,0.530127
2280,1,0.0996774,0.0335472,-2.25362,1,1,1,5.68282,0.0383972,0.0202406,0.00402151,0.406272,0.541406
2281,1,0.0998184,0.0231213,-1.91307,1,1,1,5.68282,-0.0226893,0.0117183,0.00413966,0.455128,0.47373
2282,1,0.0999116,0.0144616,-1.5463,1,1,1,5.68292,0.0366519,0.00213059,0.00423592,0.538569,0.496289
2283,1,0.0999662,0.00770281,-1.15285,1,1,1,5.68292,0,-0.0202406,0.00432093,0.788145,0.631641
2284,1,0.099992,0.00297852,-0.732009,1,1,1,5.68292,0,0.00639178,0.00437491,0.518591,0.665479
2285,1,0.0999996,0.00042857,-0.283405,1,1,1,5.68292,-0.00872665,0.00852238,0.00438371,0.541892,0.710596
2286,1,0.1,0,0,1,1,1,5.68292,-0.0226893,0.00319589,0.00443938,0.650843,0.721875
2287,1,0.1,0,0,1,1,1,5.68302,0,-0.00958767,0.00447755,0.796501,0.744434
2288,1,0.1,0,0,1,1,1,5.68302,0,0.00958767,0.00447176,0.584808,0.755713
2289,1,0.1,0,0,1,1,1,5.68292,0,-0.0170448,0.00448117,0.879007,0.710596
2290,1,0.1,0,0,1,1,1,5.68302,0.00872665,0.00532648,0.0044521,0.629085,0.665479
2291,1,0.1,0,0,1,1,1,5.68302,0,-0.00426119,0.00443727,0.732593,0.518848
2292,1,0.1,0,0,1,1,1,5.68302,0.0401426,0.00426119,0.00439494,0.633259,0.688037
2293,1,0.1,0,0,1,1,1,5.68292,0,0.0330242,0.00437947,0.314824,0.699316
2294,1,0.1,0,0,1,1,1,5.68292,-0.0331613,-0.0010653,0.00435673,0.686806,0.597803
2295,1,0.1,0,0,1,1,1,5.68292,0,0.00532648,0.00430405,0.609543,0.507568
2296,1,0.1,0,0,1,1,1,5.68292,0,-0.00639178,0.00431751,0.74022,0.755713
2297,1,0.1,0,0,1,1,1,5.68292,0,1.5003e-18,0.00431954,0.670179,0.699316
2298,1,0.1,0,0,1,1,1,5.68302,0,-0.0127836,0.0043081,0.809288,0.654199
2299,1,0.1,0,0,1,1,1,5.68302,0.00872665,0.00319589,0.00427147,0.628679,0.575244
2300,1,0.1,0,0,1,1,1,5.68292,0,0.00319589,0.00426421,0.627721,0.609082
2301,1,0.1,0,0,1,1,1,5.68292,0,-0.0159795,0.0042481,0.836523,0.518848
2302,1,0.1,0,0,1,1,1,5.68302,0.0279253,0.0010653,0.00424794,0.64901,0.64292
2303,1,0.1,0,0,1,1,1,5.68292,0,0.0010653,0.00423028,0.646679,0.620361
2304,1,0.1,0,0,1,1,1,5.68292,0,-0.00852238,0.00424269,0.753781,0.665479
2305,1,0.1,0,0,1,1,1,5.68302,0,0.0159795,0.00417678,0.475561,0.586523
2306,1,0.1,0,0,1,1,1,5.68292,-0.00872665,-0.0010653,0.00418352,0.663943,0.631641
2307,1,0.1,0,0,1,1,1,5.68292,0,0.00852238,0.00419452,0.55993,0.676758
2308,1,0.1,0,0,1,1,1,5.68302,0.0139626,0.0010653,0.00421312,0.644414,0.688037
2309,1,0.1,0,0,1,1,1,5.68302,0,0.00639178,0.00422149,0.586928,0.744434
2310,1,0.1,0,0,1,1,1,5.68302,-0.00872665,-0.0149142,0.00423157,0.822623,0.710596
2311,1,0.1,0,0,1,1,1,5.68302,0.00872665,0.00319589,0.00424312,0.624937,0.733154
2312,1,0.1,0,0,1,1,1,5.68302,-0.00872665,-0.00319589,0.00424844,0.695948,0.744434
2313,1,0.1,0,0,1,1,1,5.68302,0,0.00213059,0.00422982,0.634899,0.676758
2314,1,0.1,0,0,1,1,1,5.68292,-0.0122173,0.00745708,0.00424466,0.578267,0.597803
2315,1,0.1,0,0,1,1,1,5.68302,-0.00872665,-0.0138489,0.0042644,0.815239,0.733154
2316,1,0.1,0,0,1,1,1,5.68302,0,0.00319589,0.00428663,0.63068,0.733154
2317,1,0.1,0,0,1,1,1,5.68302,0,0.0127836,0.0042413,0.519232,0.631641
2318,1,0.1,0,0,1,1,1,5.68302,0,0.00852238,0.00422314,0.563709,0.620361
2319,1,0.1,0,0,1,1,1,5.68302,0,0.00639178,0.00422635,0.587568,0.699316
2320,1,0.1,0,0,1,1,1,5.68302,0,0.0213059,0.00421436,0.42193,0.710596
2321,1,0.1,0,0,1,1,1,5.68292,0,-0.0117183,0.00421687,0.785528,0.721875
2322,1,0.1,0,0,1,1,1,5.68302,0,-0.01811,0.00421833,0.85603,0.721875
2323,1,0.1,0,0,1,1,1,5.68302,0.00698132,-0.0202406,0.0042127,0.878723,0.609082
2324,1,0.1,0,0,1,1,1,5.68292,0,-0.00745708,0.004213,0.738144,0.530127
2325,1,0.1,0,0,1,1,1,5.68302,0,-0.0010653,0.00418182,0.663719,0.676758
2326,1,0.1,0,0,1,1,1,5.68292,-0.00872665,0.010653,0.00421252,0.53887,0.823389
2327,1,0.1,0,0,1,1,1,5.68302,-0.0645772,-0.00426119,0.00418349,0.699094,0.563965
2328,1,0.1,0,0,1,1,1,5.68302,0.0488692,-0.010653,0.00422005,0.77423,0.721875
2329,1,0.1,0,0,1,1,1,5.68302,0,-0.00426119,0.00422029,0.703951,0.609082
2330,1,0.1,0,0,1,1,1,5.68302,0,0.028763,0.00416951,0.333982,0.48501
2331,1,0.1,0,0,1,1,1,5.68292,-0.020944,0.010653,0.00413906,0.529173,0.530127
2332,1,0.1,0,0,1,1,1,5.68302,0.0226893,-0.0117183,0.00414751,0.776372,0.721875
2333,1,0.1,0,0,1,1,1,5.68302,0.0139626,-0.00639178,0.00416633,0.720265,0.80083
2334,1,0.1,0,0,1,1,1,5.68302,-0.0296706,0.0170448,0.00414034,0.459032,0.688037
2335,1,0.1,0,0,1,1,1,5.68302,-0.00523599,0.00745708,0.00410464,0.559785,0.563965
2336,1,0.1,0,0,1,1,1,5.68302,0,0.00852238,0.00408555,0.545546,0.575244
2337,1,0.1,0,0,1,1,1,5.68302,0,-0.0127836,0.00405691,0.776131,0.541406
2338,1,0.1,0,0,1,1,1,5.68302,0.0244346,-0.0127836,0.00407081,0.777967,0.733154
2339,1,0.1,0,0,1,1,1,5.68302,0,-0.0010653,0.00407849,0.650079,0.597803
2340,1,0.1,0,0,1,1,1,5.68302,0,0.010653,0.0040871,0.522315,0.665479
2341,1,0.1,0,0,1,1,1,5.68302,0,0.00213059,0.00408101,0.615257,0.812109
2342,1,0.1,0,0,1,1,1,5.68302,-0.0296706,0.0191753,0.00405305,0.424074,0.631641
2343,1,0.1,0,0,1,1,1,5.68302,-0.0174533,0.00319589,0.00402507,0.596154,0.541406
2344,1,0.1,0,0,1,1,1,5.68302,0,0.00532648,0.00398897,0.567953,0.507568
2345,1,0.1,0,0,1,1,1,5.68302,0,0.010653,0.003974,0.507385,0.507568
2346,1,0.1,0,0,1,1,1,5.68302,0,-0.0138489,0.00395777,0.774764,0.552686
2347,1,0.1,0,0,1,1,1,5.68302,0,-0.00426119,0.00393537,0.666341,0.462451
2348,1,0.1,0,0,1,1,1,5.68302,0.00698132,-0.00426119,0.00393348,0.666093,0.710596
2349,1,0.1,0,0,1,1,1,5.68302,0,0.0117183,0.00394627,0.492007,0.597803
2350,1,0.1,0,0,1,1,1,5.68302,0,-0.0010653,0.00392264,0.629507,0.575244
2351,1,0.1,0,0,1,1,1,5.68302,-0.0122173,-0.0117183,0.0038936,0.742856,0.417334
2352,1,0.1,0,0,1,1,1,5.68302,0.0366519,-0.0149142,0.00388414,0.776762,0.597803
2353,1,0.1,0,0,1,1,1,5.68302,0.00872665,-0.0117183,0.00391406,0.745557,0.563965
2354,1,0.1,0,0,1,1,1,5.68302,0,0.0010653,0.00389062,0.601844,0.654199
2355,1,0.1,0,0,1,1,1,5.68302,0,-0.0117183,0.00390408,0.744239,0.64292
2356,1,0.1,0,0,1,1,1,5.68302,0,-0.00213059,0.00390772,0.639255,0.654199
2357,1,0.1,0,0,1,1,1,5.68302,0,0.00745708,0.00387017,0.528835,0.563965
2358,1,0.1,0,0,1,1,1,5.68302,0,0.0117183,0.00383956,0.477921,0.48501
2359,1,0.1,0,0,1,1,1,5.68302,0,-0.00639178,0.00382545,0.675269,0.563965
2360,1,0.1,0,0,1,1,1,5.68302,0,0.00958767,0.00378826,0.494586,0.462451
2361,1,0.1,0,0,1,1,1,5.68292,0,0.0138489,0.00382067,0.45199,0.688037
2362,1,0.1,0,0,1,1,1,5.68302,0,0.00213059,0.00379876,0.578,0.552686
2363,1,0.1,0,0,1,1,1,5.68302,0,-0.00532648,0.00378022,0.657581,0.654199
2364,1,0.1,0,0,1,1,1,5.68302,0,0.0138489,0.00379414,0.448489,0.541406
2365,1,0.1,0,0,1,1,1,5.68302,-0.0645772,0.0213059,0.00373475,0.358622,0.552686
2366,1,0.1,0,0,1,1,1,5.68292,0,-0.0010653,0.00374628,0.606227,0.586523
2367,1,0.1,0,0,1,1,1,5.68302,0,-0.0010653,0.00373975,0.605365,0.552686
2368,1,0.1,0,0,1,1,1,5.68302,0,-0.00745708,0.00372919,0.674281,0.631641
2369,1,0.1,0,0,1,1,1,5.68302,0,0.00426119,0.00371406,0.543383,0.563965
2370,1,0.1,0,0,1,1,1,5.68292,0,0.0138489,0.00368555,0.434155,0.575244
2371,1,0.1,0,0,1,1,1,5.68292,-0.00698132,0.00532648,0.00367829,0.526942,0.575244
2372,1,0.1,0,0,1,1,1,5.68292,0,0.0149142,0.00366722,0.420017,0.439893
2373,1,0.1,0,0,1,1,1,5.68292,0,-0.0010653,0.00368146,0.597671,0.688037
2374,1,0.1,0,0,1,1,1,5.68302,0,-0.00958767,0.00366204,0.688854,0.496289
2375,1,0.1,0,0,1,1,1,5.68302,0.00698132,-0.00532648,0.00366513,0.642388,0.586523
2376,1,0.1,0,0,1,1,1,5.68292,0,-0.01811,0.00367422,0.784208,0.586523
2377,1,0.1,0,0,1,1,1,5.68302,0.0174533,0.00639178,0.00370008,0.518102,0.575244
2378,1,0.1,0,0,1,1,1,5.68302,0,0.00958767,0.00366818,0.478736,0.496289
2379,1,0.1,0,0,1,1,1,5.68292,0,0.0191753,0.00362217,0.367198,0.48501
2380,1,0.1,0,0,1,1,1,5.68292,0,-0.00958767,0.00359285,0.679721,0.496289
2381,1,0.1,0,0,1,1,1,5.68302,0.015708,-0.00213059,0.0035866,0.596868,0.541406
2382,1,0.1,0,0,1,1,1,5.68292,0,-0.00532648,0.00357154,0.630035,0.609082
2383,1,0.1,0,0,1,1,1,5.68302,0.0122173,0.0138489,0.00359249,0.421871,0.710596
2384,1,0.1,0,0,1,1,1,5.68302,-0.00872665,-0.00958767,0.00357638,0.677546,0.541406
2385,1,0.1,0,0,1,1,1,5.68302,0.00872665,0.00958767,0.00356697,0.465376,0.451172
2386,1,0.1,0,0,1,1,1,5.68292,0,0.00319589,0.00352057,0.529561,0.496289
2387,1,0.1,0,0,1,1,1,5.68292,0,-1.10892e-18,0.00348646,0.560212,0.451172
2388,1,0.1,0,0,1,1,1,5.68292,0,0.0117183,0.0034907,0.431871,0.552686
2389,1,0.1,0,0,1,1,1,5.68292,0,0.00213059,0.00347613,0.535413,0.563965
2390,1,0.1,0,0,1,1,1,5.68292,0,0.01811,0.00342739,0.353205,0.439893
2391,1,0.1,0,0,1,1,1,5.68292,0,-0.00958767,0.00344384,0.660051,0.699316
2392,1,0.1,0,0,1,1,1,5.68302,0,0.00745708,0.00345416,0.473922,0.552686
2393,1,0.1,0,0,1,1,1,5.68292,0,-0.010653,0.00344563,0.672006,0.541406
2394,1,0.1,0,0,1,1,1,5.68292,0,-0.0010653,0.00345689,0.568028,0.631641
2395,1,0.1,0,0,1,1,1,5.68302,0,0.0266324,0.00343078,0.259906,0.47373
2396,1,0.1,0,0,1,1,1,5.68292,0,0.0117183,0.00337938,0.417178,0.31582
2397,1,0.1,0,0,1,1,1,5.68292,0,0.00532648,0.00339975,0.490176,0.563965
2398,1,0.1,0,0,1,1,1,5.68292,0,0.00639178,0.00344331,0.484207,0.552686
2399,1,0.1,0,0,1,1,1,5.68292,-0.00349066,-0.010653,0.00343582,0.67071,0.541406
2400,1,0.1,0,0,1,1,1,5.68292,0,0.0149142,0.00339669,0.384308,0.631641
2401,1,0.1,0,0,1,1,1,5.68292,0,0.0010653,0.00337968,0.534399,0.552686
2402,1,0.1,0,0,1,1,1,5.68292,0,0.00852238,0.00338037,0.452462,0.496289
2403,1,0.1,0,0,1,1,1,5.68292,0,-0.00319589,0.00338362,0.581793,0.597803
2404,1,0.1,0,0,1,1,1,5.68292,0,0.00532648,0.00340587,0.490983,0.575244
2405,1,0.1,0,0,1,1,1,5.68292,-0.00872665,0.00532648,0.00336318,0.485349,0.563965
2406,1,0.1,0,0,1,1,1,5.68292,-0.00872665,-0.00213059,0.00335924,0.566856,0.597803
2407,1,0.1,0,0,1,1,1,5.68292,0,-0.00532648,0.00335059,0.600869,0.563965
2408,1,0.1,0,0,1,1,1,5.68292,-0.00872665,0.00745708,0.00335036,0.46022,0.563965
2409,1,0.1,0,0,1,1,1,5.68292,0,0.0138489,0.00338825,0.394912,0.676758
2410,1,0.1,0,0,1,1,1,5.68292,-0.0139626,0.00958767,0.00334741,0.436393,0.47373
2411,1,0.1,0,0,1,1,1,5.68292,0.00872665,-0.0266324,0.0033262,0.832015,0.383496
2412,1,0.1,0,0,1,1,1,5.68292,0,0.00213059,0.0033273,0.515767,0.47373
2413,1,0.1,0,0,1,1,1,5.68292,0,-0.0127836,0.00333497,0.680835,0.507568
2414,1,0.1,0,0,1,1,1,5.68292,0.00523599,0.0117183,0.00332824,0.410427,0.552686
2415,1,0.1,0,0,1,1,1,5.68292,-0.00872665,0.00532648,0.00327922,0.474266,0.394775
2416,1,0.1,0,0,1,1,1,5.68292,0,-0.00639178,0.00327392,0.602467,0.360938
2417,1,0.1,0,0,1,1,1,5.68292,0,-0.010653,0.00326517,0.648185,0.394775
2418,1,0.1,0,0,1,1,1,5.68292,0.020944,-0.00745708,0.00327532,0.61437,0.552686
2419,1,0.1,0,0,1,1,1,5.68292,0,0.0213059,0.00323646,0.292848,0.64292
2420,1,0.1,0,0,1,1,1,5.68292,-0.0331613,-0.00958767,0.00326136,0.635964,0.575244
2421,1,0.1,0,0,1,1,1,5.68292,0,0.00532648,0.00327699,0.473972,0.541406
2422,1,0.1,0,0,1,1,1,5.68292,0.00872665,0.0149142,0.00326311,0.366674,0.518848
2423,1,0.1,0,0,1,1,1,5.68292,0,-0.00426119,0.00325683,0.576775,0.609082
2424,1,0.1,0,0,1,1,1,5.68292,0,-0.00426119,0.0031895,0.567887,0.47373
2425,1,0.1,0,0,1,1,1,5.68292,0.020944,-8.47998e-19,0.00315834,0.516901,0.496289
2426,1,0.1,0,0,1,1,1,5.68292,0,0.01811,0.00313963,0.315221,0.597803
2427,1,0.1,0,0,1,1,1,5.68282,0,0.0159795,0.00312913,0.337271,0.575244
2428,1,0.1,0,0,1,1,1,5.68292,-0.0174533,-0.0010653,0.00305333,0.514758,0.349658
2429,1,0.1,0,0,1,1,1,5.68292,0.0366519,-2.3483e-18,0.00303635,0.500798,0.496289
2430,1,0.1,0,0,1,1,1,5.68282,-0.020944,0.00426119,0.00300674,0.450017,0.48501
2431,1,0.1,0,0,1,1,1,5.68282,0,0.00319589,0.00301245,0.462489,0.47373
2432,1,0.1,0,0,1,1,1,5.68292,0.00349066,-0.00319589,0.00302258,0.534135,0.496289
2433,1,0.1,0,0,1,1,1,5.68292,0,0.00852238,0.00300458,0.402858,0.507568
2434,1,0.1,0,0,1,1,1,5.68282,-0.0174533,0.00426119,0.00298442,0.447071,0.383496
2435,1,0.1,0,0,1,1,1,5.68282,-0.00349066,-0.00958767,0.00295409,0.595404,0.31582
2436,1,0.1,0,0,1,1,1,5.68282,0.0139626,-0.0138489,0.00293745,0.640081,0.428613
2437,1,0.1,0,0,1,1,1,5.68292,0.0261799,0.0213059,0.00294542,0.254431,0.48501
2438,1,0.1,0,0,1,1,1,5.68282,-0.010472,0.00213059,0.00294567,0.465392,0.417334
2439,1,0.1,0,0,1,1,1,5.68292,0,0.0330242,0.00288886,0.118063,0.451172
2440,1,0.1,0,0,1,1,1,5.68282,0,0.0170448,0.0028587,0.289856,0.406055
2441,1,0.1,0,0,1,1,1,5.68282,0,-0.00958767,0.00287183,0.584547,0.609082
2442,1,0.1,0,0,1,1,1,5.68292,-0.015708,-0.00319589,0.00286067,0.512764,0.394775
2443,1,0.1,0,0,1,1,1,5.68292,0.00174533,0.00319589,0.00280877,0.435603,0.394775
2444,1,0.1,0,0,1,1,1,5.68282,0,0.00319589,0.00281214,0.436048,0.304541
2445,1,0.1,0,0,1,1,1,5.68292,0,-0.00319589,0.00283516,0.509395,0.496289
2446,1,0.1,0,0,1,1,1,5.68292,0.0174533,0.00213059,0.00283803,0.451183,0.507568
2447,1,0.1,0,0,1,1,1,5.68292,0,-0.0117183,0.00283456,0.603063,0.48501
2448,1,0.1,0,0,1,1,1,5.68292,0,0.00852238,0.00280946,0.377103,0.451172
2449,1,0.1,0,0,1,1,1,5.68292,0,-0.0010653,0.00282211,0.484237,0.428613
2450,1,0.1,0,0,1,1,1,5.68292,0,-0.0138489,0.00286868,0.631003,0.451172
2451,1,0.1,0,0,1,1,1,5.68292,0,0.01811,0.00287581,0.280396,0.496289
2452,1,0.1,0,0,1,1,1,5.68292,0,0.0117183,0.00284229,0.346282,0.383496
2453,1,0.1,0,0,1,1,1,5.68292,0,0.0202406,0.00283133,0.251088,0.563965
2454,1,0.1,0,0,1,1,1,5.68282,-0.0349066,0.00639178,0.00278912,0.397854,0.293262
2455,1,0.1,0,0,1,1,1,5.68282,0,-0.0010653,0.002773,0.477754,0.530127
2456,1,0.1,0,0,1,1,1,5.68282,-0.00872665,0.0127836,0.00276977,0.32499,0.518848
2457,1,0.1,0,0,1,1,1,5.68282,-0.0174533,-0.00319589,0.00273946,0.496763,0.417334
2458,1,0.1,0,0,1,1,1,5.68282,0,-0.00745708,0.00273938,0.543626,0.338379
2459,1,0.1,0,0,1,1,1,5.68282,0.00872665,0.00213059,0.0027528,0.439933,0.417334
2460,1,0.1,0,0,1,1,1,5.68282,0,0.00745708,0.00278218,0.38522,0.451172
2461,1,0.1,0,0,1,1,1,5.68282,0,0.0255671,0.00275165,0.181979,0.360938
2462,1,0.1,0,0,1,1,1,5.68282,0,-0.0149142,0.00273847,0.625534,0.3271
2463,1,0.1,0,0,1,1,1,5.68292,0.0279253,0.00958767,0.00273782,0.355928,0.541406
2464,1,0.1,0,0,1,1,1,5.68282,-0.015708,0.0127836,0.00271571,0.317855,0.48501
2465,1,0.1,0,0,1,1,1,5.68282,0,0.00958767,0.00273565,0.355641,0.541406
2466,1,0.1,0,0,1,1,1,5.68292,0,0.0223712,0.00273427,0.214839,0.462451
2467,1,0.1,0,0,1,1,1,5.68282,0,0.00426119,0.00276785,0.418483,0.586523
2468,1,0.1,0,0,1,1,1,5.68282,-0.015708,-0.010653,0.00278554,0.584874,0.428613
2469,1,0.1,0,0,1,1,1,5.68292,0.00872665,0.00319589,0.00277363,0.430964,0.530127
2470,1,0.1,0,0,1,1,1,5.68282,-0.0174533,0.00532648,0.00276893,0.406908,0.451172
2471,1,0.1,0,0,1,1,1,5.68282,-0.0174533,-0.00213059,0.0027226,0.48282,0.360938
2472,1,0.1,0,0,1,1,1,5.68282,0,0.0159795,0.00274397,0.28643,0.451172
2473,1,0.1,0,0,1,1,1,5.68282,-0.0296706,0.010653,0.00269909,0.339097,0.530127
2474,1,0.1,0,0,1,1,1,5.68282,0,0.00532648,0.00268403,0.395701,0.496289
2475,1,0.1,0,0,1,1,1,5.68282,-0.00872665,-0.0170448,0.00269089,0.64269,0.406055
2476,1,0.1,0,0,1,1,1,5.68282,0,0.00319589,0.00268399,0.419131,0.47373
2477,1,0.1,0,0,1,1,1,5.68282,0,-0.00213059,0.0026632,0.474978,0.372217
2478,1,0.1,0,0,1,1,1,5.68282,0,0.0170448,0.00262336,0.258792,0.338379
2479,1,0.1,0,0,1,1,1,5.68282,-0.00174533,-0.00852238,0.00264603,0.543022,0.383496
2480,1,0.1,0,0,1,1,1,5.68282,0.00349066,0.0117183,0.00265025,0.320932,0.47373
2481,1,0.1,0,0,1,1,1,5.68282,0,0.0266324,0.00266085,0.158276,0.654199
2482,1,0.1,0,0,1,1,1,5.68282,-0.0558505,0.0010653,0.00265602,0.438876,0.439893
2483,1,0.1,0,0,1,1,1,5.68282,0.00872665,0.0213059,0.00260608,0.209637,0.383496
2484,1,0.1,0,0,1,1,1,5.68282,0,0.0010653,0.00262775,0.435145,0.462451
2485,1,0.1,0,0,1,1,1,5.68282,0,-0.0170448,0.00260352,0.631157,0.383496
2486,1,0.0999999,-0.000189428,-0.189188,1,1,1,5.68282,0,0.0010653,0.00259064,0.395814,0.439893
2487,1,0.0999946,-0.00228304,-0.643551,1,1,1,5.68282,0,0.00532648,0.00258752,0.246128,0.406055
2488,1,0.0999734,-0.0065781,-1.06991,1,1,1,5.68282,0,0.0255671,0.00253629,-0.107399,0.394775
2489,1,0.0999254,-0.0129366,-1.46888,1,1,1,5.68273,-0.0349066,0.00852238,0.00246761,-0.0732495,0.146631
2490,1,0.0998408,-0.0212228,-1.84101,1,1,1,5.68263,0,-0.0298283,0.00240962,0.178055,0.0902344
2491,1,0.0997102,-0.0313016,-2.18681,1,1,1,5.68263,0,-0.00745708,0.00232209,-0.259565,0.0338379
2492,1,0.099525,-0.0430478,-2.507,1,1,1,5.68254,-0.0296706,-0.0234365,0.00219535,-0.296301,-0.0112793
2493,1,0.0992772,-0.0563308,-2.80204,1,1,1,5.68244,-0.0174533,-0.0266324,0.00198006,-0.501123,-0.0902344
2494,1,0.0989593,-0.0710277,-3.07255,1,1,1,5.68225,-0.0593412,-0.0223712,0.00175865,-0.801898,-0.169189
2495,1,0.0985647,-0.087016,-3.31909,1,1,1,5.68158,-0.136136,-0.0479384,0.00150591,-0.791342,-0.80083
2496,1,0.0980872,-0.104179,-3.54225,1,1,1,5.68119,-0.0366519,-0.0564607,0.00127063,-0.976114,-0.80083
2497,1,0.0975212,-0.122401,-3.7426,1,1,1,5.68081,-0.120428,-0.0735055,0.00108495,-1.06865,-0.845947
2498,1,0.0968617,-0.141567,-3.9207,1,1,1,5.68043,-0.111701,-0.0980073,0.000897677,-1.08733,-1.01514
2499,1,0.0961041,-0.161571,-4.07715,1,1,1,5.67956,-0.122173,-0.131032,0.000735253,-1.01491,-0.947461
2500,1,0.0952448,-0.182303,-4.21252,1,1,1,5.67908,-0.137881,-0.150207,0.000576025,-1.09936,-0.879785
2501,1,0.09428,-0.203663,-4.3274,1,1,1,5.67793,-0.221657,-0.17897,0.000477922,-1.07379,-0.947461
2502,1,0.0932072,-0.225545,-4.42233,1,1,1,5.67717,-0.214675,-0.229039,0.000354249,-0.820249,-1.09409
2503,1,0.0920238,-0.247855,-4.49792,1,1,1,5.67582,-0.165806,-0.224778,0.00025224,-1.16263,-1.09409
2504,1,0.0907282,-0.270492,-4.55471,1,1,1,5.67477,-0.294961,-0.234365,0.00013264,-1.35629,-1.19561
2505,1,0.0893185,-0.293371,-4.59332,1,1,1,5.67304,-0.270526,-0.275912,9.54539e-05,-1.18632,-0.97002
2506,1,0.0877942,-0.316397,-4.61429,1,1,1,5.67209,-0.246091,-0.30574,3.03831e-05,-1.14808,-1.09409
2507,1,0.0861545,-0.339484,-4.61821,1,1,1,5.67007,-0.357792,-0.338764,-2.1207e-05,-1.07066,-1.09409
2508,1,0.0843995,-0.36255,-4.60567,1,1,1,5.66863,-0.364774,-0.344091,-7.21986e-05,-1.29443,-1.02642
2509,1,0.0825292,-0.385514,-4.57722,1,1,1,5.66624,-0.415388,-0.37605,7.82412e-05,-1.19508,-1.15049
2510,1,0.0805445,-0.408298,-4.53344,1,1,1,5.6649,-0.328122,-0.403748,5.78485e-05,-1.15966,-0.992578
2511,1,0.0784467,-0.430824,-4.47493,1,1,1,5.66259,-0.436332,-0.423988,1.10599e-05,-1.20493,-1.15049
2512,1,0.0762369,-0.453023,-4.40224,1,1,1,5.66058,-0.518363,-0.429315,-5.11173e-05,-1.40989,-1.29712
2513,1,0.073917,-0.474824,-4.31596,1,1,1,5.6577,-0.455531,-0.478318,-2.21579e-05,-1.11415,-1.12793
2514,1,0.0714894,-0.496161,-4.21666,1,1,1,5.65617,-0.401426,-0.491102,-6.27984e-05,-1.219,-1.13921
2515,1,0.068956,-0.516973,-4.10491,1,1,1,5.65291,-0.572468,-0.517734,-8.34724e-05,-1.16025,-1.3084
2516,1,0.066321,-0.537188,-3.98133,1,1,1,5.65071,-0.490438,-0.510277,-8.40118e-05,-1.46357,-1.29712
2517,1,0.0635854,-0.556765,-3.84641,1,1,1,5.64783,-0.518363,-0.552889,-6.87804e-05,-1.20543,-0.97002
2518,1,0.0607539,-0.575639,-3.70079,1,1,1,5.64562,-0.624828,-0.549693,-0.000161245,-1.45597,-1.16177
2519,1,0.0578303,-0.593756,-3.54505,1,1,1,5.6416,-0.633555,-0.572064,-0.000268473,-1.41745,-1.39863
2520,1,0.0548182,-0.61107,-3.37975,1,1,1,5.63958,-0.499164,-0.599762,-0.000339934,-1.3038,-1.35352
2521,1,0.0517212,-0.627537,-3.20545,1,1,1,5.63585,-0.678933,-0.610415,-0.000415658,-1.36661,-1.28584
2522,1,0.048544,-0.643112,-3.02273,1,1,1,5.63345,-0.577704,-0.639178,-0.000464236,-1.21424,-1.31968
2523,1,0.0452914,-0.657753,-2.83218,1,1,1,5.62942,-0.68766,-0.639178,-0.000495896,-1.36244,-1.24072
2524,1,0.041968,-0.671422,-2.63437,1,1,1,5.62683,-0.631809,-0.675398,-0.000485846,-1.09374,-1.0377
2525,1,0.0385789,-0.684085,-2.4299,1,1,1,5.62319,-0.69115,-0.683921,-0.000448593,-1.11164,-0.924902
2526,1,0.035129,-0.69571,-2.21931,1,1,1,5.62031,-0.720821,-0.71588,-0.000379849,-0.854037,-0.947461
2527,1,0.0316238,-0.706268,-2.0032,1,1,1,5.61638,-0.682424,-0.700965,-0.000320694,-1.09918,-0.913623
2528,1,0.028068,-0.715735,-1.7821,1,1,1,5.61322,-0.797615,-0.700965,-0.000325723,-1.17596,-1.06025
2529,1,0.0244679,-0.724083,-1.55664,1,1,1,5.609,-0.6353,-0.730794,-0.000345868,-0.9134,-0.936182
2530,1,0.020829,-0.731295,-1.32739,1,1,1,5.60603,-0.825541,-0.739316,-0.000330389,-0.865238,-0.97002
2531,1,0.0171568,-0.737352,-1.0949,1,1,1,5.60171,-0.637045,-0.738251,-0.00033077,-0.910069,-1.01514
2532,1,0.0134576,-0.742239,-0.859787,1,1,1,5.59874,-0.762709,-0.73612,-0.000332665,-0.952366,-0.778271
2533,1,0.00973661,-0.745946,-0.622579,1,1,1,5.59424,-0.699877,-0.735055,-0.000359188,-0.972254,-0.891064
2534,1,0.00600028,-0.748463,-0.383887,1,1,1,5.59117,-0.781908,-0.724402,-0.000368664,-1.0803,-0.699316
2535,1,0.00225391,-0.749783,-0.144243,1,1,1,5.58647,-0.801106,-0.724402,-0.000444134,-1.06685,-0.97002
2536,1,-0.00149596,-0.749905,0.0957397,1,1,1,5.5834,-0.731293,-0.782993,-0.000414965,-0.379532,-0.947461
2537,1,-0.00524297,-0.748826,0.335462,1,1,1,5.57928,-0.698132,-0.75423,-0.000378267,-0.636461,-0.766992
2538,1,-0.00898167,-0.746551,0.574385,1,1,1,5.57592,-0.853466,-0.747838,-0.000321081,-0.630116,-0.80083
2539,1,-0.0127062,-0.743085,0.811934,1,1,1,5.5719,-0.682424,-0.773406,-0.000294878,-0.263174,-0.563965
2540,1,-0.0164109,-0.738435,1.04756,1,1,1,5.56864,-0.787143,-0.728663,-0.000249912,-0.651566,-0.48501
2541,1,-0.0200889,-0.732613,1.28062,1,1,1,5.56432,-0.757473,-0.73612,-0.000230444,-0.456924,-0.507568
2542,1,-0.0237347,-0.725635,1.51056,1,1,1,5.56126,-0.750492,-0.719075,-0.000224086,-0.520021,-0.507568
2543,1,-0.0273433,-0.717514,1.73684,1,1,1,5.55713,-0.684169,-0.702031,-0.000214378,-0.569836,-0.349658
2544,1,-0.0309085,-0.708272,1.95887,1,1,1,5.55426,-0.741765,-0.694574,-0.000266648,-0.510957,-0.3271
2545,1,-0.0344239,-0.697934,2.176,1,1,1,5.54985,-0.616101,-0.710553,-0.000290778,-0.177891,-0.406055
2546,1,-0.0378858,-0.686522,2.38777,1,1,1,5.54735,-0.708604,-0.683921,-0.000283401,-0.296073,-0.383496
2547,1,-0.0412876,-0.674066,2.59353,1,1,1,5.54323,-0.638791,-0.687117,-0.000355812,-0.0873321,-0.541406
2548,1,-0.0446248,-0.660597,2.79274,1,1,1,5.54064,-0.630064,-0.655158,-0.000363236,-0.243722,-0.281982
2549,1,-0.0478922,-0.64615,2.98481,1,1,1,5.53671,-0.715585,-0.630656,-0.000459075,-0.321176,-0.293262
2550,1,-0.0510846,-0.630762,3.16914,1,1,1,5.53412,-0.542797,-0.612546,-0.000517417,-0.313005,-0.383496
2551,1,-0.0541978,-0.614474,3.34517,1,1,1,5.53038,-0.647517,-0.596566,-0.000552522,-0.268557,-0.180469
2552,1,-0.0572283,-0.597323,3.51238,1,1,1,5.52818,-0.53058,-0.59337,-0.000565815,-0.0714775,-0.203027
2553,1,-0.06017,-0.579365,3.67009,1,1,1,5.52463,-0.600393,-0.57313,-0.000600968,-0.0566005,-0.124072
2554,1,-0.0630204,-0.560641,3.81781,1,1,1,5.52262,-0.507891,-0.55502,-0.000630267,-0.0102567,-0.0902344
2555,1,-0.0657753,-0.541204,3.95492,1,1,1,5.51936,-0.514872,-0.512408,-0.000696117,-0.23193,-0.180469
2556,1,-0.0684313,-0.52111,4.08085,1,1,1,5.51735,-0.513127,-0.519865,-0.000767091,0.10141,-0.191748
2557,1,-0.0709854,-0.500415,4.19505,1,1,1,5.51447,-0.467748,-0.472992,-0.000889592,-0.164656,-0.0789551
2558,1,-0.0734345,-0.479181,4.2969,1,1,1,5.51274,-0.436332,-0.428249,-0.00107263,-0.412421,-0.15791
2559,1,-0.0757764,-0.457468,4.38587,1,1,1,5.50996,-0.467748,-0.428249,-0.00123132,-0.161712,-0.15791
2560,1,-0.0780087,-0.435343,4.46135,1,1,1,5.50833,-0.376991,-0.408009,-0.00139202,-0.130999,-0.214307
2561,1,-0.080129,-0.412881,4.52277,1,1,1,5.50603,-0.366519,-0.370723,-0.00154748,-0.285454,-0.180469
2562,1,-0.0821369,-0.390141,4.56958,1,1,1,5.50469,-0.342085,-0.351548,-0.00173453,-0.245167,-0.191748
2563,1,-0.0840311,-0.367197,4.60118,1,1,1,5.50258,-0.328122,-0.314263,-0.00195348,-0.408795,-0.180469
2564,1,-0.0858088,-0.344155,4.61699,1,1,1,5.50133,-0.328122,-0.313197,-0.00214356,-0.171983,-0.146631
2565,1,-0.0874719,-0.321063,4.61644,1,1,1,5.49942,-0.272271,-0.28763,-0.00233955,-0.207525,-0.135352
2566,1,-0.0890196,-0.298018,4.59896,1,1,1,5.49836,-0.270526,-0.275912,-0.00248415,-0.087149,-0.135352
2567,1,-0.0904522,-0.275105,4.56397,1,1,1,5.49673,-0.233874,-0.265259,-0.00255945,0.0504607,-0.15791
2568,1,-0.0917708,-0.25241,4.5109,1,1,1,5.49587,-0.225147,-0.221582,-0.00265859,-0.183649,-0.112793
2569,1,-0.0929769,-0.230025,4.43916,1,1,1,5.49453,-0.205949,-0.222647,-0.002736,0.0699281,0.0112793
2570,1,-0.0940718,-0.20805,4.34819,1,1,1,5.49376,-0.195477,-0.173643,-0.00284504,-0.239663,-0.135352
2571,1,-0.0950581,-0.186578,4.2374,1,1,1,5.49271,-0.169297,-0.155533,-0.00292549,-0.215014,-0.0112793
2572,1,-0.0959386,-0.16571,4.10622,1,1,1,5.49203,-0.155334,-0.139554,-0.00306119,-0.186372,-0.0902344
2573,1,-0.0967164,-0.145551,3.95408,1,1,1,5.49127,-0.0907571,-0.118248,-0.00315599,-0.22187,-0.0902344
2574,1,-0.0973954,-0.126207,3.78042,1,1,1,5.49088,-0.106465,-0.101203,-0.003293,-0.230726,-0.135352
2575,1,-0.0979803,-0.107773,3.58448,1,1,1,5.49031,-0.0680678,-0.078832,-0.00346844,-0.318999,-0.31582
2576,1,-0.098475,-0.0903962,3.36609,1,1,1,5.49002,-0.0593412,-0.0447425,-0.00364439,-0.552769,-0.360938
2577,1,-0.0988859,-0.0741611,3.12433,1,1,1,5.48964,-0.0593412,-0.0404813,-0.00381551,-0.47588,-0.3271
2578,1,-0.0992187,-0.0591937,2.85872,1,1,1,5.48954,-0.0506145,-0.0372854,-0.00403214,-0.413947,-0.518848
2579,1,-0.0994802,-0.0456151,2.5687,1,1,1,5.48925,0.010472,-0.0223712,-0.00417913,-0.491181,-0.597803
2580,1,-0.0996774,-0.0335472,2.25362,1,1,1,5.48925,0,-0.010653,-0.0042852,-0.549726,-0.406055
2581,1,-0.0998184,-0.0231206,1.91304,1,1,1,5.48925,0,-0.00319589,-0.00441892,-0.589471,-0.507568
2582,1,-0.0999116,-0.0144621,1.54633,1,1,1,5.48925,-0.0139626,0.0202406,-0.00456559,-0.832546,-0.462451
2583,1,-0.0999662,-0.0077023,1.15281,1,1,1,5.48916,-0.0191986,0.01811,-0.00470945,-0.817557,-0.80083
2584,1,-0.099992,-0.00297859,0.732017,1,1,1,5.48916,0.015708,0.00532648,-0.00477167,-0.699859,-0.755713
2585,1,-0.0999996,-0.000428434,0.283361,1,1,1,5.48916,0,-0.00532648,-0.00480159,-0.632211,-0.812109
2586,1,-0.1,-0,-0,1,1,1,5.48916,0.00872665,0.00639178,-0.00482799,-0.807605,-0.789551
2587,1,-0.1,-0,-0,1,1,1,5.48916,0,-0.00745708,-0.00482246,-0.654537,-0.631641
2588,1,-0.1,-0,-0,1,1,1,5.48916,-0.00872665,0.00426119,-0.0048017,-0.780698,-0.654199
2589,1,-0.1,-0,-0,1,1,1,5.48916,0,0.0127836,-0.00479817,-0.873977,-0.721875
2590,1,-0.1,-0,-0,1,1,1,5.48916,-0.00174533,0.0117183,-0.00478684,-0.860764,-0.868506
2591,1,-0.1,-0,-0,1,1,1,5.48916,-0.0174533,0.0149142,-0.00483315,-0.902031,-0.812109
2592,1,-0.1,-0,-0,1,1,1,5.48906,0,-0.0276977,-0.00480858,-0.430058,-0.665479
2593,1,-0.1,-0,-0,1,1,1,5.48916,0.0191986,-0.0362201,-0.0047863,-0.33337,-0.789551
2594,1,-0.1,-0,-0,1,1,1,5.48906,0,-0.0351548,-0.00478548,-0.344981,-0.710596
2595,1,-0.1,-0,-0,1,1,1,5.48916,0.0366519,0.00852238,-0.00480315,-0.827762,-1.00386
2596,1,-0.1,-0,-0,1,1,1,5.48906,0,0.00532648,-0.0048337,-0.796639,-1.00386
2597,1,-0.1,-0,-0,1,1,1,5.48906,-0.00174533,-0.00852238,-0.00483886,-0.644984,-0.857227
2598,1,-0.1,-0,-0,1,1,1,5.48916,0.0418879,0.00319589,-0.00482552,-0.772123,-0.609082
2599,1,-0.1,-0,-0,1,1,1,5.48906,0,0.0138489,-0.00483539,-0.890609,-0.857227
2600,1,-0.1,-0,-0,1,1,1,5.48906,-0.0174533,0.00426119,-0.00479905,-0.780348,-0.541406
2601,1,-0.1,-0,-0,1,1,1,5.48906,-0.020944,0.00426119,-0.00477508,-0.777183,-0.834668
2602,1,-0.1,-0,-0,1,1,1,5.48916,0.0122173,-0.0117183,-0.00475412,-0.598643,-0.609082
2603,1,-0.1,-0,-0,1,1,1,5.48916,0.00523599,0.00639178,-0.00474608,-0.796792,-0.620361
2604,1,-0.1,-0,-0,1,1,1,5.48906,-0.00349066,0.0127836,-0.00476784,-0.869974,-0.654199
2605,1,-0.1,-0,-0,1,1,1,5.48906,-0.00872665,0.0149142,-0.00480422,-0.898212,-0.665479
2606,1,-0.1,-0,-0,1,1,1,5.48906,-0.020944,-0.0202406,-0.00480234,-0.511261,-0.654199
2607,1,-0.1,-0,-0,1,1,1,5.48906,0.00523599,5.21845e-19,-0.00482831,-0.737336,-0.981299
2608,1,-0.1,-0,-0,1,1,1,5.48906,0,-0.00639178,-0.00484439,-0.669149,-0.733154
2609,1,-0.1,-0,-0,1,1,1,5.48906,0,-0.0010653,-0.00483509,-0.726514,-0.733154
2610,1,-0.1,-0,-0,1,1,1,5.48906,0,0.0010653,-0.00482317,-0.748377,-0.699316
2611,1,-0.1,-0,-0,1,1,1,5.48906,0,0.00532648,-0.00481663,-0.794386,-0.733154
2612,1,-0.1,-0,-0,1,1,1,5.48906,0,-0.0127836,-0.0048611,-0.601046,-0.755713
2613,1,-0.1,-0,-0,1,1,1,5.48906,0.0401426,0.00213059,-0.00487549,-0.767001,-0.733154
2614,1,-0.1,-0,-0,1,1,1,5.48906,0,-4.56614e-19,-0.00486442,-0.742103,-0.609082
2615,1,-0.1,-0,-0,1,1,1,5.48906,0,-0.010653,-0.00488231,-0.627282,-0.755713
2616,1,-0.1,-0,-0,1,1,1,5.48906,-0.00872665,-0.00745708,-0.0048915,-0.66365,-0.812109
2617,1,-0.1,-0,-0,1,1,1,5.48906,0,0.0255671,-0.00488373,-1.02589,-0.789551
2618,1,-0.1,-0,-0,1,1,1,5.48906,0.00872665,0.00958767,-0.00490165,-0.852482,-0.755713
2619,1,-0.1,-0,-0,1,1,1,5.48906,0,-0.00213059,-0.00490704,-0.724292,-0.857227
2620,1,-0.1,-0,-0,1,1,1,5.48906,0.00523599,0.010653,-0.00491914,-0.866509,-0.812109
2621,1,-0.1,-0,-0,1,1,1,5.48906,0,-0.00852238,-0.00492135,-0.655872,-0.778271
2622,1,-0.1,-0,-0,1,1,1,5.48906,0.0174533,0.0213059,-0.00492238,-0.984119,-0.631641
2623,1,-0.1,-0,-0,1,1,1,5.48897,-0.00872665,0.00852238,-0.00493455,-0.845107,-0.80083
2624,1,-0.1,-0,-0,1,1,1,5.48897,0.00872665,-0.0159795,-0.00490777,-0.572052,-0.857227
2625,1,-0.1,-0,-0,1,1,1,5.48906,0,-0.010653,-0.00491098,-0.631066,-0.676758
2626,1,-0.1,-0,-0,1,1,1,5.48897,-0.00174533,0.0170448,-0.00492299,-0.937326,-0.868506
2627,1,-0.1,-0,-0,1,1,1,5.48897,0,-0.00426119,-0.00492925,-0.703788,-0.733154
2628,1,-0.1,-0,-0,1,1,1,5.48897,0,0.00745708,-0.00495063,-0.835511,-0.710596
2629,1,-0.1,-0,-0,1,1,1,5.48897,0,0.00319589,-0.00495608,-0.789357,-0.812109
2630,1,-0.1,-0,-0,1,1,1,5.48897,0,0.0255671,-0.0049474,-1.0343,-0.710596
2631,1,-0.1,-0,-0,1,1,1,5.48897,-0.020944,0.00745708,-0.00496842,-0.83786,-0.631641
2632,1,-0.1,-0,-0,1,1,1,5.48897,-0.00872665,-0.0138489,-0.004952,-0.601326,-0.710596
2633,1,-0.1,-0,-0,1,1,1,5.48897,0,0.00532648,-0.00494871,-0.811822,-0.755713
2634,1,-0.1,-0,-0,1,1,1,5.48897,0,0.00958767,-0.00496313,-0.860597,-0.676758
2635,1,-0.1,-0,-0,1,1,1,5.48897,0,0.0202406,-0.0049571,-0.976985,-0.688037
2636,1,-0.1,-0,-0,1,1,1,5.48897,-0.00174533,0.00426119,-0.00498523,-0.804923,-0.891064
2637,1,-0.1,-0,-0,1,1,1,5.48897,0,-0.00426119,-0.00498042,-0.710542,-0.755713
2638,1,-0.1,-0,-0,1,1,1,5.48897,0,0.00958767,-0.00496476,-0.860813,-0.609082
2639,1,-0.1,-0,-0,1,1,1,5.48897,0,-0.0170448,-0.00495561,-0.566648,-0.710596
2640,1,-0.1,-0,-0,1,1,1,5.48897,0,0.010653,-0.00497947,-0.874473,-0.823389
2641,1,-0.1,-0,-0,1,1,1,5.48897,0,-0.00639178,-0.0049624,-0.684727,-0.631641
2642,1,-0.1,-0,-0,1,1,1,5.48897,0,0.00213059,-0.00493571,-0.77495,-0.699316
2643,1,-0.1,-0,-0,1,1,1,5.48897,-0.00349066,-0.00639178,-0.0049294,-0.680371,-0.755713
2644,1,-0.1,-0,-0,1,1,1,5.48897,0,-0.00426119,-0.0049425,-0.705537,-0.868506
2645,1,-0.1,-0,-0,1,1,1,5.48897,0,0.0010653,-0.00493596,-0.763265,-0.755713
2646,1,-0.1,-0,-0,1,1,1,5.48897,0,-0.00852238,-0.00496633,-0.66181,-0.766992
2647,1,-0.1,-0,-0,1,1,1,5.48897,0.00872665,0.00639178,-0.00497534,-0.827055,-0.97002
2648,1,-0.1,-0,-0,1,1,1,5.48897,0,-0.00213059,-0.00496407,-0.731821,-0.665479
2649,1,-0.1,-0,-0,1,1,1,5.48897,0,-0.00426119,-0.00500849,-0.714247,-0.891064
2650,1,-0.1,-0,-0,1,1,1,5.48897,0.00872665,0.00213059,-0.00497111,-0.779623,-0.575244
2651,1,-0.1,-0,-0,1,1,1,5.48887,-0.00872665,-0.0117183,-0.00497941,-0.628381,-0.947461
2652,1,-0.1,-0,-0,1,1,1,5.48897,0.00872665,0.00426119,-0.004999,-0.806741,-0.812109
2653,1,-0.1,-0,-0,1,1,1,5.48887,0,-0.0010653,-0.00503528,-0.752938,-0.891064
2654,1,-0.1,-0,-0,1,1,1,5.48887,-0.0174533,-0.00532648,-0.00502244,-0.70437,-0.936182
2655,1,-0.1,-0,-0,1,1,1,5.48897,0,-0.0159795,-0.00501915,-0.586754,-1.00386
2656,1,-0.1,-0,-0,1,1,1,5.48897,0.0453786,0.010653,-0.00499804,-0.876924,-0.665479
2657,1,-0.1,-0,-0,1,1,1,5.48887,-0.0174533,0.00426119,-0.00500399,-0.8074,-0.834668
2658,1,-0.1,-0,-0,1,1,1,5.48887,0,0.00745708,-0.00503665,-0.846865,-0.891064
2659,1,-0.1,-0,-0,1,1,1,5.48887,0,-0.00639178,-0.00503524,-0.694342,-0.654199
2660,1,-0.1,-0,-0,1,1,1,5.48887,0,1.23938e-18,-0.00504534,-0.765985,-0.778271
2661,1,-0.1,-0,-0,1,1,1,5.48887,0,1.63077e-18,-0.00503887,-0.765131,-0.891064
2662,1,-0.1,-0,-0,1,1,1,5.48887,0,-0.0117183,-0.00502626,-0.634566,-0.766992
2663,1,-0.1,-0,-0,1,1,1,5.48887,0,0.00532648,-0.00507051,-0.827899,-0.868506
2664,1,-0.1,-0,-0,1,1,1,5.48887,-0.00349066,-0.0010653,-0.00508585,-0.759614,-0.789551
2665,1,-0.1,-0,-0,1,1,1,5.48887,0,-0.00639178,-0.00507085,-0.699042,-0.95874
2666,1,-0.1,-0,-0,1,1,1,5.48897,0.0523599,-0.0010653,-0.00509423,-0.76072,-0.891064
2667,1,-0.1,-0,-0,1,1,1,5.48887,0.00872665,-0.0127836,-0.00506332,-0.627739,-0.597803
2668,1,-0.1,-0,-0,1,1,1,5.48887,-0.0226893,0.00639178,-0.00499941,-0.830231,-0.733154
2669,1,-0.1,-0,-0,1,1,1,5.48887,-0.0436332,-0.00639178,-0.00501112,-0.691159,-0.609082
2670,1,-0.1,-0,-0,1,1,1,5.48887,0,-0.00745708,-0.00504246,-0.683576,-0.744434
2671,1,-0.1,-0,-0,1,1,1,5.48887,0.00349066,-0.00532648,-0.00500471,-0.70203,-0.688037
2672,1,-0.1,-0,-0,1,1,1,5.48887,0,-0.0149142,-0.00502262,-0.59893,-0.688037
2673,1,-0.1,-0,-0,1,1,1,5.48887,0.0383972,0.0149142,-0.00503107,-0.928157,-0.789551
2674,1,-0.1,-0,-0,1,1,1,5.48887,0,-0.0010653,-0.00502673,-0.75181,-0.766992
2675,1,-0.1,-0,-0,1,1,1,5.48887,0,0.00213059,-0.00501445,-0.785344,-0.766992
2676,1,-0.1,-0,-0,1,1,1,5.48887,0,-0.00532648,-0.00502539,-0.70476,-0.766992
2677,1,-0.1,-0,-0,1,1,1,5.48887,0,0.00213059,-0.00501573,-0.785513,-0.868506
2678,1,-0.1,-0,-0,1,1,1,5.48887,0.0383972,-0.00532648,-0.00505059,-0.708087,-0.845947
2679,1,-0.1,-0,-0,1,1,1,5.48878,0.0366519,-0.0010653,-0.00506659,-0.757071,-0.766992
2680,1,-0.1,-0,-0,1,1,1,5.48878,-0.0174533,-0.00426119,-0.00503359,-0.717561,-0.789551
2681,1,-0.1,-0,-0,1,1,1,5.48878,-0.00698132,0.0010653,-0.00508076,-0.782378,-0.80083
2682,1,-0.1,-0,-0,1,1,1,5.48878,0,0.00426119,-0.0050909,-0.818872,-0.710596
2683,1,-0.1,-0,-0,1,1,1,5.48878,0,1.10892e-18,-0.00508917,-0.77177,-0.789551
2684,1,-0.1,-0,-0,1,1,1,5.48878,0,0.010653,-0.0050731,-0.886832,-0.766992
2685,1,-0.1,-0,-0,1,1,1,5.48878,-0.00872665,0.0010653,-0.0050975,-0.784588,-0.766992
2686,1,-0.1,-0,-0,1,1,1,5.48878,0,-0.0149142,-0.00510584,-0.609916,-0.721875
2687,1,-0.1,-0,-0,1,1,1,5.48878,0.00872665,0.0010653,-0.00510504,-0.785584,-0.699316
2688,1,-0.1,-0,-0,1,1,1,5.48878,0,-0.00426119,-0.00507159,-0.722576,-0.721875
2689,1,-0.1,-0,-0,1,1,1,5.48878,0,0.00745708,-0.00510172,-0.855454,-0.823389
2690,1,-0.1,-0,-0,1,1,1,5.48878,0,0.0010653,-0.00512924,-0.788778,-0.80083
2691,1,-0.1,-0,-0,1,1,1,5.48878,0,0.00639178,-0.00516622,-0.852251,-0.789551
2692,1,-0.1,-0,-0,1,1,1,5.48878,0,-0.0223712,-0.00518991,-0.538985,-0.868506
2693,1,-0.1,-0,-0,1,1,1,5.48878,0.020944,-0.010653,-0.00521128,-0.670706,-0.744434
2694,1,-0.1,-0,-0,1,1,1,5.48868,-0.00174533,-0.00319589,-0.00520203,-0.751514,-0.812109
2695,1,-0.1,-0,-0,1,1,1,5.48868,0,-0.00958767,-0.00519288,-0.679996,-0.823389
2696,1,-0.1,-0,-0,1,1,1,5.48868,0,-0.00958767,-0.0051731,-0.677385,-0.812109
2697,1,-0.1,-0,-0,1,1,1,5.48868,0,-1.10892e-18,-0.00519751,-0.786071,-0.879785
2698,1,-0.1,-0,-0,1,1,1,5.48868,0,-0.0255671,-0.00513987,-0.497224,-0.710596
2699,1,-0.1,-0,-0,1,1,1,5.48868,0,0.0117183,-0.00512311,-0.905152,-0.902344
2700,1,-0.1,-0,-0,1,1,1,5.48868,0,0.00532648,-0.0051494,-0.838312,-0.834668
2701,1,-0.1,-0,-0,1,1,1,5.48868,0,0.00213059,-0.00514258,-0.802257,-0.936182
2702,1,-0.1,-0,-0,1,1,1,5.48868,0.0122173,-0.00958767,-0.00511961,-0.670324,-0.654199
2703,1,-0.1,-0,-0,1,1,1,5.48868,0,0.00426119,-0.00511824,-0.822481,-0.834668
2704,1,-0.1,-0,-0,1,1,1,5.48868,0.00698132,-0.010653,-0.00513091,-0.660097,-0.789551
2705,1,-0.1,-0,-0,1,1,1,5.48868,0.00872665,0.0010653,-0.00510371,-0.785408,-0.766992
2706,1,-0.1,-0,-0,1,1,1,5.48868,0,-0.0127836,-0.00511698,-0.634823,-0.789551
2707,1,-0.1,-0,-0,1,1,1,5.48868,0,0.00639178,-0.00517179,-0.852986,-1.11665
2708,1,-0.1,-0,-0,1,1,1,5.48858,0,-0.00532648,-0.00517155,-0.724054,-0.981299
2709,1,-0.1,-0,-0,1,1,1,5.48858,0,-0.0149142,-0.00515868,-0.61689,-0.80083
2710,1,-0.1,-0,-0,1,1,1,5.48868,0.015708,0.00319589,-0.0051409,-0.813754,-0.789551
2711,1,-0.1,-0,-0,1,1,1,5.48858,0,0.010653,-0.00516534,-0.899008,-0.823389
2712,1,-0.1,-0,-0,1,1,1,5.48858,0,0.00426119,-0.00515584,-0.827444,-0.80083
2713,1,-0.1,-0,-0,1,1,1,5.48858,0,-0.0127836,-0.00512101,-0.635354,-0.710596
2714,1,-0.1,-0,-0,1,1,1,5.48858,0,0.00852238,-0.00514056,-0.872301,-0.80083
2715,1,-0.1,-0,-0,1,1,1,5.48858,0,0.0117183,-0.00514733,-0.908348,-0.902344
2716,1,-0.1,-0,-0,1,1,1,5.48858,0.00872665,-0.0010653,-0.00514976,-0.76805,-0.891064
2717,1,-0.1,-0,-0,1,1,1,5.48858,0,0.0117183,-0.00512594,-0.905526,-0.834668
2718,1,-0.1,-0,-0,1,1,1,5.48858,0.0139626,0.00852238,-0.00512122,-0.869748,-0.80083
2719,1,-0.1,-0,-0,1,1,1,5.48858,-0.0174533,0.00426119,-0.00514837,-0.826457,-0.778271
2720,1,-0.1,-0,-0,1,1,1,5.48858,0,-0.0117183,-0.00514006,-0.649588,-0.834668
2721,1,-0.1,-0,-0,1,1,1,5.48858,0.0279253,-0.00213059,-0.00513929,-0.754949,-0.688037
2722,1,-0.1,-0,-0,1,1,1,5.48858,0,0.010653,-0.00515055,-0.897055,-0.665479
2723,1,-0.1,-0,-0,1,1,1,5.48858,0,0.00958767,-0.00513675,-0.883515,-0.733154
2724,1,-0.1,-0,-0,1,1,1,5.48858,0,-0.00426119,-0.00520113,-0.739676,-0.879785
2725,1,-0.1,-0,-0,1,1,1,5.48858,0.0122173,0.00213059,-0.00518786,-0.808234,-0.688037
2726,1,-0.1,-0,-0,1,1,1,5.48858,-0.00174533,-0.00213059,-0.00518596,-0.76111,-0.654199
2727,1,-0.1,-0,-0,1,1,1,5.48849,0,0.0010653,-0.0051935,-0.79726,-0.688037
2728,1,-0.1,-0,-0,1,1,1,5.48849,-0.020944,0.0138489,-0.00515027,-0.932173,-0.665479
2729,1,-0.1,-0,-0,1,1,1,5.48849,-0.0366519,-0.0245018,-0.00516722,-0.512553,-0.755713
2730,1,-0.1,-0,-0,1,1,1,5.48849,0,-0.00213059,-0.00518388,-0.760835,-0.699316
2731,1,-0.1,-0,-0,1,1,1,5.48849,0.00872665,0.00426119,-0.00516995,-0.829306,-0.834668
2732,1,-0.1,-0,-0,1,1,1,5.48849,0,-0.00213059,-0.00518928,-0.761549,-0.891064
2733,1,-0.1,-0,-0,1,1,1,5.48849,0,-0.00426119,-0.00519617,-0.739022,-0.755713
2734,1,-0.1,-0,-0,1,1,1,5.48849,0,-0.00532648,-0.00518281,-0.725539,-0.868506
2735,1,-0.1,-0,-0,1,1,1,5.48849,0,6.52306e-20,-0.00519301,-0.785477,-0.755713
2736,1,-0.1,-0,-0,1,1,1,5.48849,0,0.00745708,-0.00521726,-0.870706,-0.80083
2737,1,-0.1,-0,-0,1,1,1,5.48849,0,-0.00532648,-0.00523707,-0.732702,-0.857227
2738,1,-0.1,-0,-0,1,1,1,5.48849,0,-0.00426119,-0.00524271,-0.745165,-0.755713
2739,1,-0.1,-0,-0,1,1,1,5.48849,0,-0.0223712,-0.00521773,-0.542657,-0.80083
2740,1,-0.1,-0,-0,1,1,1,5.48849,0,0.00639178,-0.00523069,-0.860761,-0.778271
2741,1,-0.1,-0,-0,1,1,1,5.48849,0,-1.17415e-18,-0.00523678,-0.791255,-0.744434
2742,1,-0.1,-0,-0,1,1,1,5.48849,0,0.00639178,-0.00526923,-0.865848,-0.755713
2743,1,-0.1,-0,-0,1,1,1,5.48839,0,-0.0159795,-0.00521814,-0.61302,-0.721875
2744,1,-0.1,-0,-0,1,1,1,5.48849,0,0.0010653,-0.0052502,-0.804744,-0.936182
2745,1,-0.1,-0,-0,1,1,1,5.48849,0,0.00426119,-0.00528715,-0.844777,-0.902344
2746,1,-0.1,-0,-0,1,1,1,5.48839,0,0.00319589,-0.00529884,-0.834602,-0.80083
2747,1,-0.1,-0,-0,1,1,1,5.48839,0,-0.00213059,-0.00531096,-0.777611,-0.913623
2748,1,-0.1,-0,-0,1,1,1,5.48839,0,-0.0127836,-0.00530394,-0.659501,-0.654199
2749,1,-0.1,-0,-0,1,1,1,5.48839,0,-0.0202406,-0.00526172,-0.571901,-0.665479
2750,1,-0.1,-0,-0,1,1,1,5.48839,-0.00698132,-0.00958767,-0.00525938,-0.688774,-0.721875
2751,1,-0.1,-0,-0,1,1,1,5.48839,0,-0.0191753,-0.00522942,-0.579355,-0.755713
2752,1,-0.1,-0,-0,1,1,1,5.48839,0.00872665,0.00958767,-0.00519804,-0.891606,-0.631641
2753,1,-0.1,-0,-0,1,1,1,5.48839,-0.0244346,0.0245018,-0.00524886,-1.06237,-0.868506
2754,1,-0.1,-0,-0,1,1,1,5.48839,0,0.0127836,-0.00526801,-0.935997,-0.936182
2755,1,-0.1,-0,-0,1,1,1,5.48839,0,-0.0149142,-0.00529165,-0.634443,-0.913623
2756,1,-0.1,-0,-0,1,1,1,5.48839,0,0.0127836,-0.00524278,-0.932666,-0.609082
2757,1,-0.1,-0,-0,1,1,1,5.4883,-0.020944,-0.0117183,-0.00524996,-0.664093,-0.733154
2758,1,-0.1,-0,-0,1,1,1,5.48839,0,-0.0149142,-0.00525771,-0.629962,-0.936182
2759,1,-0.1,-0,-0,1,1,1,5.48839,0.020944,0.0159795,-0.0052479,-0.968497,-0.789551
2760,1,-0.1,-0,-0,1,1,1,5.4883,-0.00174533,-2.60922e-18,-0.00527247,-0.795966,-0.744434
2761,1,-0.1,-0,-0,1,1,1,5.4883,0,0.00213059,-0.00524661,-0.815989,-0.778271
2762,1,-0.1,-0,-0,1,1,1,5.4883,0,6.52306e-19,-0.00524412,-0.792224,-0.733154
2763,1,-0.1,-0,-0,1,1,1,5.4883,0,0.010653,-0.00525937,-0.91142,-0.936182
2764,1,-0.1,-0,-0,1,1,1,5.4883,0,0.00745708,-0.00524251,-0.874039,-0.913623
2765,1,-0.1,-0,-0,1,1,1,5.4883,0,1.23938e-18,-0.00526979,-0.795612,-0.845947
2766,1,-0.1,-0,-0,1,1,1,5.4883,0,0.00958767,-0.00521236,-0.893496,-0.755713
2767,1,-0.1,-0,-0,1,1,1,5.4883,-0.0226893,0.0127836,-0.00525388,-0.934132,-0.834668
2768,1,-0.1,-0,-0,1,1,1,5.4883,-0.00872665,-0.0234365,-0.00524043,-0.533935,-0.868506
2769,1,-0.1,-0,-0,1,1,1,5.4883,0,0.00745708,-0.00523463,-0.872999,-0.97002
2770,1,-0.1,-0,-0,1,1,1,5.4883,0,-0.0127836,-0.00523848,-0.65086,-1.00386
2771,1,-0.1,-0,-0,1,1,1,5.4883,0.00872665,0.00426119,-0.00523488,-0.837877,-0.845947
2772,1,-0.1,-0,-0,1,1,1,5.4883,0,-0.0191753,-0.00522064,-0.578196,-0.766992
2773,1,-0.1,-0,-0,1,1,1,5.4883,0.00523599,-0.00213059,-0.00518184,-0.760567,-1.02642
2774,1,-0.1,-0,-0,1,1,1,5.4883,0.0314159,0.0149142,-0.00522763,-0.954103,-0.80083
2775,1,-0.1,-0,-0,1,1,1,5.4882,0,-5.87076e-19,-0.00523507,-0.79103,-0.924902
2776,1,-0.1,-0,-0,1,1,1,5.4883,0.0174533,0.00532648,-0.00523961,-0.85022,-0.654199
2777,1,-0.1,-0,-0,1,1,1,5.4883,0,-0.0127836,-0.00522149,-0.648617,-0.902344
2778,1,-0.1,-0,-0,1,1,1,5.4883,0,-0.00319589,-0.00523809,-0.756273,-0.823389
2779,1,-0.1,-0,-0,1,1,1,5.4883,0,0.00213059,-0.00524137,-0.815297,-0.845947
2780,1,-0.1,-0,-0,1,1,1,5.4882,0,0.00852238,-0.0052621,-0.888343,-0.755713
2781,1,-0.1,-0,-0,1,1,1,5.4882,0,-0.00213059,-0.00523038,-0.766973,-0.812109
2782,1,-0.1,-0,-0,1,1,1,5.4883,0.0191986,-0.00213059,-0.00521685,-0.765188,-0.676758
2783,1,-0.1,-0,-0,1,1,1,5.4882,0.0244346,0.00213059,-0.00521392,-0.811674,-0.766992
2784,1,-0.1,-0,-0,1,1,1,5.4882,0,0.00213059,-0.00525115,-0.816589,-0.812109
2785,1,-0.1,-0,-0,1,1,1,5.4882,0.015708,0.0138489,-0.00527424,-0.948538,-0.857227
2786,1,-0.0999999,0.000189342,0.189146,1,1,1,5.4882,0,0.0138489,-0.00529089,-0.916311,-0.789551
2787,1,-0.0999946,0.00228308,0.643557,1,1,1,5.4882,-0.00872665,0.00958767,-0.00531638,-0.770391,-0.744434
2788,1,-0.0999734,0.00657823,1.06992,1,1,1,5.4882,0.00349066,-0.0149142,-0.00531281,-0.376279,-0.654199
2789,1,-0.0999254,0.0129362,1.46886,1,1,1,5.4883,0.0261799,-0.00532648,-0.00525519,-0.329869,-0.462451
2790,1,-0.0998408,0.0212225,1.841,1,1,1,5.4883,0.00872665,-0.00745708,-0.00512583,-0.126455,-0.259424
2791,1,-0.0997102,0.0313024,2.18683,1,1,1,5.48839,0.00872665,0.00852238,-0.00507108,-0.114997,-0.270703
2792,1,-0.099525,0.0430478,2.507,1,1,1,5.48849,0.0349066,-0.00852238,-0.0049233,0.287676,-0.112793
2793,1,-0.0992772,0.0563307,2.80204,1,1,1,5.48858,0.0226893,0.0234365,-0.00473514,0.17092,0
2794,1,-0.0989594,0.0710265,3.07253,1,1,1,5.48868,0.0226893,0.0245018,-0.00453496,0.40848,0.0225586
2795,1,-0.0985647,0.0870167,3.3191,1,1,1,5.48887,0.0331613,0.0266324,-0.00429156,0.651178,0.112793
2796,1,-0.0980872,0.10418,3.54225,1,1,1,5.48897,0.0331613,0.0202406,-0.00395296,1.01189,0.293262
2797,1,-0.0975212,0.122402,3.7426,1,1,1,5.48954,0.153589,0.0245018,-0.00355172,1.27447,0.891064
2798,1,-0.0968616,0.141569,3.92071,1,1,1,5.48983,0.0383972,0.0649831,-0.00313262,1.1499,1.29712
2799,1,-0.0961041,0.161571,4.07715,1,1,1,5.4904,0.0750492,0.0649831,-0.002763,1.46952,1.21816
2800,1,-0.0952447,0.182304,4.21253,1,1,1,5.49088,0.148353,0.129966,-0.00245021,1.07242,1.34224
2801,1,-0.09428,0.203663,4.32739,1,1,1,5.49165,0.118682,0.165121,-0.00219162,0.998991,1.17305
2802,1,-0.0932072,0.225544,4.42233,1,1,1,5.49242,0.197222,0.153403,-0.00191316,1.44663,1.20688
2803,1,-0.0920239,0.247854,4.49791,1,1,1,5.49366,0.247837,0.192819,-0.00165927,1.33071,1.24072
2804,1,-0.0907282,0.270492,4.55471,1,1,1,5.49453,0.232129,0.219451,-0.00144288,1.3508,1.17305
2805,1,-0.0893186,0.29337,4.59331,1,1,1,5.49597,0.263545,0.262063,-0.00126606,1.18908,1.21816
2806,1,-0.0877944,0.316394,4.61429,1,1,1,5.49692,0.263545,0.26952,-0.00105984,1.41718,1.34224
2807,1,-0.0861544,0.339486,4.61821,1,1,1,5.49884,0.326377,0.288695,-0.000835569,1.51725,1.34224
2808,1,-0.0843994,0.362551,4.60566,1,1,1,5.50009,0.307178,0.333438,-0.00066367,1.32569,1.35352
2809,1,-0.0825292,0.385514,4.57722,1,1,1,5.5022,0.389208,0.359005,-0.000507254,1.33871,1.47759
2810,1,-0.0805445,0.408298,4.53344,1,1,1,5.50364,0.308923,0.380311,-0.000351777,1.39387,1.48887
2811,1,-0.0784467,0.430824,4.47493,1,1,1,5.50603,0.45204,0.395225,-0.00019061,1.51479,1.39863
2812,1,-0.0762366,0.453026,4.40223,1,1,1,5.50785,0.411898,0.420792,-6.69589e-05,1.50697,1.42119
2813,1,-0.0739171,0.474824,4.31596,1,1,1,5.51044,0.500909,0.463404,2.7634e-05,1.30013,1.36479
2814,1,-0.0714894,0.496161,4.21666,1,1,1,5.51217,0.410152,0.486841,6.33391e-05,1.28731,1.24072
2815,1,-0.068956,0.516972,4.10491,1,1,1,5.51543,0.567232,0.507081,9.64246e-05,1.30079,1.34224
2816,1,-0.0663206,0.537191,3.98131,1,1,1,5.51744,0.513127,0.530518,6.50056e-05,1.26009,1.13921
2817,1,-0.0635856,0.556764,3.84642,1,1,1,5.52041,0.555015,0.558216,3.58087e-05,1.16331,1.06025
2818,1,-0.0607543,0.575636,3.70081,1,1,1,5.52281,0.58294,0.566738,7.35125e-05,1.27716,1.21816
2819,1,-0.0578302,0.593757,3.54504,1,1,1,5.52645,0.558505,0.601893,7.00515e-05,1.08157,1.28584
2820,1,-0.0548178,0.611072,3.37973,1,1,1,5.52847,0.534071,0.602958,8.20244e-05,1.2512,1.18433
2821,1,-0.0517211,0.627538,3.20544,1,1,1,5.53249,0.677188,0.605089,0.000139604,1.40445,1.24072
2822,1,-0.0485438,0.643113,3.02272,1,1,1,5.53499,0.614356,0.612546,0.00024175,1.49403,1.29712
2823,1,-0.0452915,0.657753,2.83218,1,1,1,5.53882,0.71384,0.659419,0.00023205,1.12099,1.11665
2824,1,-0.0419682,0.671422,2.63439,1,1,1,5.54151,0.668461,0.667941,0.00028857,1.1665,1.16177
2825,1,-0.0385787,0.684086,2.42988,1,1,1,5.54553,0.630064,0.688182,0.000274277,1.05948,1.01514
2826,1,-0.0351291,0.69571,2.21932,1,1,1,5.54822,0.760964,0.702031,0.000211842,1.00154,1.06025
2827,1,-0.031624,0.706268,2.00321,1,1,1,5.55234,0.724312,0.710553,0.000253383,1.00367,1.07153
2828,1,-0.0280682,0.715734,1.78211,1,1,1,5.5555,0.767945,0.71801,0.000244391,0.996298,1.21816
2829,1,-0.024468,0.724083,1.55665,1,1,1,5.55963,0.712094,0.732924,0.000231927,0.892268,0.947461
2830,1,-0.0208297,0.731294,1.32743,1,1,1,5.5626,0.731293,0.731859,0.000239726,0.952305,1.01514
2831,1,-0.0171568,0.737352,1.0949,1,1,1,5.56701,0.727802,0.751034,-0.000177904,0.718427,0.845947
2832,1,-0.0134572,0.74224,0.859761,1,1,1,5.56998,0.753982,0.756361,-0.000189898,0.67616,0.902344
2833,1,-0.00973649,0.745946,0.622572,1,1,1,5.57429,0.663225,0.735055,0.000165317,0.960535,0.676758
2834,1,-0.00599998,0.748463,0.383867,1,1,1,5.57736,0.804597,0.732924,-0.000277186,0.9131,0.654199
2835,1,-0.00225424,0.749783,0.144265,1,1,1,5.58177,0.771436,0.732924,-0.000264976,0.88927,0.64292
2836,1,0.0014952,0.749905,-0.0956907,1,1,1,5.58474,0.767945,0.730794,-0.000193588,0.883483,0.80083
2837,1,0.00524301,0.748826,-0.335465,1,1,1,5.58925,0.68766,0.73399,-0.000154031,0.799936,0.64292
2838,1,0.00898208,0.746551,-0.57441,1,1,1,5.59213,0.79587,0.731859,-8.50709e-05,0.765149,0.733154
2839,1,0.0127062,0.743085,-0.811939,1,1,1,5.59702,0.698132,0.738251,-2.7421e-05,0.621305,0.879785
2840,1,0.0164106,0.738435,-1.04754,1,1,1,5.5997,0.698132,0.737185,-1.97475e-06,0.540567,0.665479
2841,1,0.0200892,0.732613,-1.28064,1,1,1,5.60392,0.706858,0.727598,-5.84015e-05,0.526883,0.394775
2842,1,0.0237352,0.725634,-1.51058,1,1,1,5.6068,0.708604,0.725467,-0.00010865,0.41888,0.349658
2843,1,0.0273431,0.717514,-1.73683,1,1,1,5.61121,0.755728,0.740381,-0.000109751,0.118218,0.462451
2844,1,0.0309081,0.708273,-1.95884,1,1,1,5.61399,0.623083,0.708422,-0.000107982,0.320488,0.428613
2845,1,0.034424,0.697934,-2.17601,1,1,1,5.6183,0.710349,0.707357,-0.000134062,0.166213,0.259424
2846,1,0.0378859,0.686521,-2.38778,1,1,1,5.62089,0.647517,0.683921,-0.000109643,0.253585,0.360938
2847,1,0.0412879,0.674065,-2.59355,1,1,1,5.62482,0.649262,0.661549,-5.81121e-05,0.322074,0.439893
2848,1,0.0446249,0.660596,-2.79275,1,1,1,5.62722,0.588176,0.664745,-3.66298e-05,0.0938187,0.259424
2849,1,0.0478919,0.646151,-2.98479,1,1,1,5.63096,0.6353,0.621068,2.65078e-05,0.376108,0.214307
2850,1,0.0510846,0.630762,-3.16913,1,1,1,5.63335,0.579449,0.624264,9.75842e-05,0.135134,0.169189
2851,1,0.054198,0.614473,-3.34518,1,1,1,5.637,0.610865,0.576326,0.000254945,0.459733,0.304541
2852,1,0.0572279,0.597325,-3.51236,1,1,1,5.63949,0.581195,0.574195,0.000403273,0.271176,0.293262
2853,1,0.0601702,0.579364,-3.6701,1,1,1,5.64275,0.555015,0.565673,0.000500608,0.136781,0.304541
2854,1,0.0630207,0.560638,-3.81782,1,1,1,5.64495,0.541052,0.529453,0.000625734,0.30361,0.146631
2855,1,0.0657752,0.541205,-3.95491,1,1,1,5.64821,0.534071,0.527322,0.000708505,0.0830702,0.124072
2856,1,0.0684316,0.521108,-4.08087,1,1,1,5.65013,0.443314,0.512408,0.000713148,-0.0145163,0.0902344
2857,1,0.0709854,0.500415,-4.19505,1,1,1,5.6531,0.53058,0.496428,0.000756551,-0.0999834,0
2858,1,0.0734344,0.479182,-4.2969,1,1,1,5.65512,0.471239,0.477253,0.000789335,-0.156011,0.0902344
2859,1,0.0757762,0.457469,-4.38586,1,1,1,5.65761,0.408407,0.454882,0.000835698,-0.178692,0.0451172
2860,1,0.0780085,0.435344,-4.46135,1,1,1,5.65924,0.42586,0.415466,0.00088001,-0.0171504,0.0338379
2861,1,0.0801292,0.412878,-4.52278,1,1,1,5.66192,0.394444,0.423988,0.00092201,-0.384141,0.0338379
2862,1,0.0821368,0.390142,-4.56958,1,1,1,5.66336,0.349066,0.379246,0.000955357,-0.167913,0
2863,1,0.0840303,0.367207,-4.60117,1,1,1,5.66537,0.305433,0.353679,0.00101947,-0.157585,-0.0789551
2864,1,0.0858089,0.344153,-4.61699,1,1,1,5.66662,0.328122,0.32385,0.00112388,-0.0926843,-0.0112793
2865,1,0.0874717,0.321066,-4.61644,1,1,1,5.66854,0.280998,0.297218,0.00127948,-0.0525511,-0.0902344
2866,1,0.0890194,0.29802,-4.59896,1,1,1,5.66959,0.270526,0.275912,0.00139901,-0.0727892,0.0112793
2867,1,0.0904522,0.275105,-4.56397,1,1,1,5.67122,0.249582,0.230104,0.00159184,0.191806,0.0451172
2868,1,0.0917708,0.25241,-4.5109,1,1,1,5.67209,0.197222,0.220516,0.00173431,0.0567549,0.0451172
2869,1,0.0929767,0.230028,-4.43917,1,1,1,5.67333,0.193732,0.200276,0.00188932,0.0479327,0.0338379
2870,1,0.0940719,0.208049,-4.34818,1,1,1,5.6741,0.193732,0.202406,0.00200985,-0.203475,0.0338379
2871,1,0.0950581,0.186579,-4.23741,1,1,1,5.67506,0.136136,0.173643,0.00213869,-0.104638,0.0676758
2872,1,0.0959386,0.16571,-4.10622,1,1,1,5.67563,0.1309,0.140619,0.00232555,0.0604461,-0.0451172
2873,1,0.0967165,0.145549,-3.95407,1,1,1,5.6763,0.0994838,0.104399,0.00249315,0.270189,0.0789551
2874,1,0.0973954,0.126206,-3.78041,1,1,1,5.67669,0.0959931,0.0990726,0.00268141,0.157285,0.135352
2875,1,0.0979801,0.107782,-3.58458,1,1,1,5.67717,0.0663225,0.078832,0.00288762,0.225955,0.0789551
2876,1,0.098475,0.0903965,-3.36609,1,1,1,5.67745,0.0698132,0.0436772,0.00311152,0.47782,0.225586
2877,1,0.0988859,0.0741611,-3.12433,1,1,1,5.67765,0.0366519,0.0255671,0.00332709,0.559324,0.281982
2878,1,0.0992188,0.0591929,-2.85871,1,1,1,5.67793,0.0733038,0.0138489,0.00354755,0.591171,0.406055
2879,1,0.0994802,0.0456147,-2.56869,1,1,1,5.67803,0.015708,0.00639178,0.00376109,0.595836,0.47373
2880,1,0.0996774,0.0335484,-2.25366,1,1,1,5.67813,0.015708,0.00319589,0.00391206,0.567021,0.575244
2881,1,0.0998184,0.0231216,-1.91308,1,1,1,5.67813,0.0139626,-0.00745708,0.00406693,0.645109,0.552686
2882,1,0.0999116,0.0144605,-1.54625,1,1,1,5.67822,0,-0.00426119,0.00419096,0.592062,0.518848
2883,1,0.0999662,0.00770235,-1.15282,1,1,1,5.67813,0.0122173,-0.0159795,0.00429469,0.727505,0.710596
2884,1,0.099992,0.00297879,-0.732041,1,1,1,5.67813,-0.0436332,5.87076e-19,0.00435333,0.580555,0.48501
2885,1,0.0999996,0.000428389,-0.283346,1,1,1,5.67822,0.00174533,-0.0149142,0.00438423,0.79977,0.541406
2886,1,0.1,0,0,1,1,1,5.67813,0.00872665,-0.00319589,0.00435733,0.710322,0.541406
2887,1,0.1,0,0,1,1,1,5.67822,0.0174533,0.00213059,0.00434721,0.650395,0.733154
2888,1,0.1,0,0,1,1,1,5.67813,-0.015708,0.0191753,0.00434304,0.462352,0.518848
2889,1,0.1,0,0,1,1,1,5.67822,-0.00698132,0.00426119,0.00432242,0.623687,0.676758
2890,1,0.1,0,0,1,1,1,5.67822,0,-0.00639178,0.00430689,0.738819,0.710596
2891,1,0.1,0,0,1,1,1,5.67822,0.00698132,0.0117183,0.00434404,0.544512,0.755713
2892,1,0.1,0,0,1,1,1,5.67822,0,-0.0159795,0.0043151,0.845367,0.688037
2893,1,0.1,0,0,1,1,1,5.67822,0.0331613,0.0159795,0.0042875,0.490176,0.609082
2894,1,0.1,0,0,1,1,1,5.67822,-0.00523599,0.00213059,0.00427354,0.640671,0.688037
2895,1,0.1,0,0,1,1,1,5.67822,-0.010472,5.87076e-19,0.00429308,0.666686,0.631641
2896,1,0.1,0,0,1,1,1,5.67822,0.0174533,0.0234365,0.00431499,0.411777,0.744434
2897,1,0.1,0,0,1,1,1,5.67822,-0.0122173,-0.00213059,0.00431266,0.692707,0.654199
2898,1,0.1,0,0,1,1,1,5.67822,0,-0.0127836,0.00429797,0.807951,0.575244
2899,1,0.1,0,0,1,1,1,5.67832,0.00698132,0.00745708,0.00429257,0.584591,0.609082
2900,1,0.1,0,0,1,1,1,5.67822,0,0.00426119,0.00425375,0.614622,0.417334
2901,1,0.1,0,0,1,1,1,5.67822,0,-0.01811,0.00423991,0.858879,0.721875
2902,1,0.1,0,0,1,1,1,5.67822,0,-3.91384e-19,0.00423727,0.65932,0.778271
2903,1,0.1,0,0,1,1,1,5.67822,0,-0.00958767,0.00425145,0.766656,0.733154
2904,1,0.1,0,0,1,1,1,5.67832,0,-7.17537e-19,0.00418905,0.652955,0.609082
2905,1,0.1,0,0,1,1,1,5.67822,0.0418879,0.00426119,0.00418121,0.605046,0.688037
2906,1,0.1,0,0,1,1,1,5.67822,0,0.00532648,0.0041482,0.588971,0.665479
2907,1,0.1,0,0,1,1,1,5.67822,0,-0.0308936,0.0041493,0.987537,0.688037
2908,1,0.1,0,0,1,1,1,5.67822,0,0.0117183,0.00414345,0.518035,0.586523
2909,1,0.1,0,0,1,1,1,5.67822,0,-0.00639178,0.00411379,0.71333,0.609082
2910,1,0.1,0,0,1,1,1,5.67822,0,0.0127836,0.00409741,0.500239,0.620361
2911,1,0.1,0,0,1,1,1,5.67822,-0.0279253,-0.0117183,0.00408015,0.76748,0.575244
2912,1,0.1,0,0,1,1,1,5.67832,0.0314159,0.00745708,0.00406239,0.554208,0.620361
2913,1,0.1,0,0,1,1,1,5.67822,0.0122173,0.0127836,0.00404529,0.493359,0.654199
2914,1,0.1,0,0,1,1,1,5.67822,-0.00872665,-0.00319589,0.00403641,0.667961,0.64292
2915,1,0.1,0,0,1,1,1,5.67822,0,-0.00319589,0.00400731,0.66412,0.586523
2916,1,0.1,0,0,1,1,1,5.67822,0,0.0010653,0.00397404,0.612855,0.597803
2917,1,0.1,0,0,1,1,1,5.67822,0,0.00426119,0.00396788,0.576887,0.552686
2918,1,0.1,0,0,1,1,1,5.67822,0.00349066,0.00639178,0.00396745,0.553394,0.733154
2919,1,0.1,0,0,1,1,1,5.67822,0,0.00852238,0.00393665,0.525892,0.552686
2920,1,0.1,0,0,1,1,1,5.67822,0,-0.00745708,0.00390497,0.697485,0.462451
2921,1,0.1,0,0,1,1,1,5.67822,0.00872665,-0.00852238,0.00388989,0.707211,0.530127
2922,1,0.1,0,0,1,1,1,5.67822,0,0.00958767,0.00387194,0.505632,0.654199
2923,1,0.1,0,0,1,1,1,5.67822,0,0.0159795,0.00385781,0.433457,0.439893
2924,1,0.1,0,0,1,1,1,5.67822,0.00872665,-0.0127836,0.00390761,0.756423,0.530127
2925,1,0.1,0,0,1,1,1,5.67832,0,0.0191753,0.00385859,0.398405,0.620361
2926,1,0.1,0,0,1,1,1,5.67822,-0.0226893,-0.0191753,0.00386561,0.821189,0.563965
2927,1,0.1,0,0,1,1,1,5.67832,0,-0.010653,0.00388807,0.730408,0.676758
2928,1,0.1,0,0,1,1,1,5.67822,0,-0.00958767,0.00388402,0.718155,0.552686
2929,1,0.1,0,0,1,1,1,5.67822,0,1.04369e-18,0.0038475,0.60787,0.462451
2930,1,0.1,0,0,1,1,1,5.67822,0.0244346,-0.00639178,0.00384613,0.677998,0.631641
2931,1,0.1,0,0,1,1,1,5.67822,0.0261799,0.00426119,0.0038491,0.561208,0.64292
2932,1,0.1,0,0,1,1,1,5.67822,-0.0296706,0.00852238,0.00387624,0.517918,0.665479
2933,1,0.1,0,0,1,1,1,5.67822,-0.0261799,-0.0127836,0.00386709,0.751075,0.462451
2934,1,0.1,0,0,1,1,1,5.67822,0.0366519,0.0010653,0.00383995,0.595155,0.766992
2935,1,0.1,0,0,1,1,1,5.67822,0.00523599,-0.0010653,0.00381788,0.615678,0.541406
2936,1,0.1,0,0,1,1,1,5.67822,0,0.0010653,0.00380081,0.589989,0.530127
2937,1,0.1,0,0,1,1,1,5.67822,0,0.00426119,0.00379012,0.553423,0.597803
2938,1,0.1,0,0,1,1,1,5.67822,-0.00698132,0.00745708,0.00377368,0.516098,0.586523
2939,1,0.1,0,0,1,1,1,5.67822,-0.0296706,0.0202406,0.00375876,0.37351,0.439893
2940,1,0.1,0,0,1,1,1,5.67832,0.0401426,0.0149142,0.00371679,0.426561,0.518848
2941,1,0.1,0,0,1,1,1,5.67822,0,0.0010653,0.00367582,0.57349,0.518848
2942,1,0.1,0,0,1,1,1,5.67822,0,-0.00532648,0.00366344,0.642165,0.496289
2943,1,0.1,0,0,1,1,1,5.67822,0,0.0117183,0.0036575,0.453889,0.620361
2944,1,0.1,0,0,1,1,1,5.67822,-0.00349066,0.00426119,0.00365809,0.535995,0.665479
2945,1,0.1,0,0,1,1,1,5.67822,-0.00698132,-0.00426119,0.00362016,0.624734,0.406055
2946,1,0.1,0,0,1,1,1,5.67822,0.0279253,0.00745708,0.00360156,0.493378,0.631641
2947,1,0.1,0,0,1,1,1,5.67822,0.00349066,-0.0010653,0.0036215,0.589756,0.609082
2948,1,0.1,0,0,1,1,1,5.67822,-0.0191986,0.0170448,0.00359818,0.387467,0.563965
2949,1,0.1,0,0,1,1,1,5.67822,-0.0279253,0.00852238,0.00360297,0.481846,0.48501
2950,1,0.1,0,0,1,1,1,5.67822,0.0314159,0.00319589,0.00360095,0.540171,0.676758
2951,1,0.1,0,0,1,1,1,5.67822,0,0.0010653,0.00359638,0.563004,0.620361
2952,1,0.1,0,0,1,1,1,5.67822,-0.00872665,0.00639178,0.00358764,0.503259,0.507568
2953,1,0.1,0,0,1,1,1,5.67822,-0.00872665,0.0149142,0.00352623,0.401407,0.586523
2954,1,0.1,0,0,1,1,1,5.67813,-0.010472,0.00213059,0.00353829,0.543617,0.620361
2955,1,0.1,0,0,1,1,1,5.67822,0,0.00639178,0.00352578,0.495094,0.552686
2956,1,0.1,0,0,1,1,1,5.67822,0,3.26153e-19,0.00354308,0.567686,0.665479
2957,1,0.1,0,0,1,1,1,5.67822,-0.00872665,0.0138489,0.00349283,0.408716,0.620361
2958,1,0.1,0,0,1,1,1,5.67822,-0.0174533,-0.00213059,0.00351659,0.587626,0.609082
2959,1,0.1,0,0,1,1,1,5.67822,-0.0244346,0.0127836,0.0034853,0.41944,0.552686
2960,1,0.1,0,0,1,1,1,5.67822,0,0.0170448,0.00346755,0.370225,0.575244
2961,1,0.1,0,0,1,1,1,5.67822,-0.0139626,-0.00532648,0.00345852,0.615116,0.48501
2962,1,0.1,0,0,1,1,1,5.67822,0,-0.00213059,0.00343548,0.576919,0.563965
2963,1,0.1,0,0,1,1,1,5.67822,0,-0.00532648,0.00342363,0.61051,0.439893
2964,1,0.1,0,0,1,1,1,5.67822,0.0296706,0.0213059,0.00344319,0.320136,0.688037
2965,1,0.1,0,0,1,1,1,5.67813,-0.0314159,0.0149142,0.00342906,0.38858,0.597803
2966,1,0.1,0,0,1,1,1,5.67822,0,-0.00745708,0.00346052,0.638817,0.676758
2967,1,0.1,0,0,1,1,1,5.67822,0,-0.00639178,0.00344184,0.624632,0.462451
2968,1,0.1,0,0,1,1,1,5.67822,0,-0.00213059,0.00343254,0.576532,0.541406
2969,1,0.1,0,0,1,1,1,5.67822,0,-0.0159795,0.00346638,0.733336,0.609082
2970,1,0.1,0,0,1,1,1,5.67822,0,0.00532648,0.00342847,0.493966,0.563965
2971,1,0.1,0,0,1,1,1,5.67822,0,-0.0127836,0.00341034,0.690784,0.575244
2972,1,0.1,0,0,1,1,1,5.67822,-0.00872665,-0.00213059,0.00338332,0.570035,0.496289
2973,1,0.1,0,0,1,1,1,5.67822,0,0.00426119,0.00335192,0.495581,0.451172
2974,1,0.1,0,0,1,1,1,5.67822,0.0279253,-0.0245018,0.0033811,0.815825,0.699316
2975,1,0.1,0,0,1,1,1,5.67822,0.0139626,0.00852238,0.00341861,0.45751,0.654199
2976,1,0.1,0,0,1,1,1,5.67822,-0.015708,-0.0117183,0.00340268,0.678055,0.597803
2977,1,0.1,0,0,1,1,1,5.67822,0.0174533,8.47998e-19,0.00340982,0.550096,0.530127
2978,1,0.1,0,0,1,1,1,5.67822,0,0.00745708,0.00342143,0.469601,0.518848
2979,1,0.1,0,0,1,1,1,5.67822,-0.0122173,-0.00958767,0.00339212,0.653225,0.609082
2980,1,0.1,0,0,1,1,1,5.67822,-0.0139626,-0.00639178,0.00338618,0.617286,0.496289
2981,1,0.1,0,0,1,1,1,5.67822,0,0.00426119,0.00336384,0.497153,0.541406
2982,1,0.1,0,0,1,1,1,5.67822,0,0.0223712,0.00333869,0.294624,0.64292
2983,1,0.1,0,0,1,1,1,5.67813,-0.010472,0.0010653,0.00333769,0.528857,0.597803
2984,1,0.1,0,0,1,1,1,5.67822,-0.00174533,0.0117183,0.00328877,0.405217,0.360938
2985,1,0.1,0,0,1,1,1,5.67813,0.0383972,0.00426119,0.00329683,0.488309,0.597803
2986,1,0.1,0,0,1,1,1,5.67822,0,-0.0010653,0.00327407,0.543895,0.462451
2987,1,0.1,0,0,1,1,1,5.67822,0.0314159,-0.00852238,0.0033276,0.632989,0.575244
2988,1,0.1,0,0,1,1,1,5.67822,0,0.00213059,0.00331209,0.513759,0.563965
2989,1,0.1,0,0,1,1,1,5.67822,-0.00174533,0.0127836,0.00329797,0.394713,0.518848
2990,1,0.1,0,0,1,1,1,5.67822,0,0.00319589,0.00328891,0.498981,0.530127
2991,1,0.1,0,0,1,1,1,5.67822,0,0.00319589,0.00323694,0.492122,0.439893
2992,1,0.1,0,0,1,1,1,5.67813,-0.0122173,-0.00745708,0.00324734,0.610677,0.372217
2993,1,0.1,0,0,1,1,1,5.67822,0,-0.00213059,0.00324434,0.55169,0.48501
2994,1,0.1,0,0,1,1,1,5.67822,0,-0.00958767,0.00322322,0.63093,0.48501
2995,1,0.1,0,0,1,1,1,5.67822,0.0174533,0.0170448,0.00317943,0.332193,0.48501
2996,1,0.1,0,0,1,1,1,5.67813,-0.0401426,-0.00852238,0.00317062,0.612268,0.293262
2997,1,0.1,0,0,1,1,1,5.67822,0,0.0170448,0.00314437,0.327564,0.417334
2998,1,0.1,0,0,1,1,1,5.67813,0,-0.00319589,0.00315661,0.551827,0.518848
2999,1,0.1,0,0,1,1,1,5.67822,0,0.00639178,0.00318937,0.450687,0.518848
3000,1,0.1,0,0,1,1,1,5.67822,0.010472,0.00426119,0.00315065,0.469013,0.507568
3001,1,0.1,0,0,1,1,1,5.67813,0.010472,0.00319589,0.00315913,0.481851,0.507568
3002,1,0.1,0,0,1,1,1,5.67822,0,0.01811,0.00312345,0.313084,0.552686
3003,1,0.1,0,0,1,1,1,5.67813,-0.0122173,0.0117183,0.00310079,0.380403,0.48501
3004,1,0.1,0,0,1,1,1,5.67813,0,0.0127836,0.00307825,0.36571,0.439893
3005,1,0.1,0,0,1,1,1,5.67813,0,0.0138489,0.00305739,0.351237,0.383496
3006,1,0.1,0,0,1,1,1,5.67813,0.0244346,0.0138489,0.00303787,0.348661,0.417334
3007,1,0.1,0,0,1,1,1,5.67813,0,-0.00426119,0.00303477,0.547463,0.541406
3008,1,0.1,0,0,1,1,1,5.67813,0,1.30461e-19,0.00300878,0.497158,0.586523
3009,1,0.1,0,0,1,1,1,5.67813,0,0.0191753,0.0029706,0.28119,0.428613
3010,1,0.1,0,0,1,1,1,5.67813,0,0.00745708,0.00296651,0.409552,0.439893
3011,1,0.1,0,0,1,1,1,5.67813,-0.010472,-0.00426119,0.00300089,0.54299,0.439893
3012,1,0.1,0,0,1,1,1,5.67822,0.0366519,0.00745708,0.002958,0.408428,0.451172
3013,1,0.1,0,0,1,1,1,5.67813,0.00174533,0.00639178,0.0029686,0.421546,0.507568
3014,1,0.1,0,0,1,1,1,5.67813,0,0.0245018,0.00295928,0.221105,0.496289
3015,1,0.1,0,0,1,1,1,5.67813,-0.0174533,-0.00958767,0.00294975,0.594831,0.518848
3016,1,0.1,0,0,1,1,1,5.67813,0,0.00213059,0.00296273,0.467644,0.541406
3017,1,0.1,0,0,1,1,1,5.67813,0,0.0117183,0.00291244,0.355542,0.439893
3018,1,0.1,0,0,1,1,1,5.67813,0,-0.00852238,0.0029077,0.577563,0.406055
3019,1,0.1,0,0,1,1,1,5.67813,0.00872665,-0.00532648,0.00290417,0.541941,0.439893
3020,1,0.1,0,0,1,1,1,5.67813,0,0.00213059,0.00288346,0.45718,0.518848
3021,1,0.1,0,0,1,1,1,5.67813,0,0.00532648,0.00288435,0.422144,0.676758
3022,1,0.1,0,0,1,1,1,5.67813,-0.0575959,0.00958767,0.00284763,0.370423,0.428613
3023,1,0.1,0,0,1,1,1,5.67813,0,-0.0159795,0.00284216,0.650939,0.372217
3024,1,0.1,0,0,1,1,1,5.67813,0,0.00426119,0.00284679,0.428903,0.439893
3025,1,0.1,0,0,1,1,1,5.67813,0,0.00319589,0.00284763,0.440733,0.439893
3026,1,0.1,0,0,1,1,1,5.67813,0,1.43507e-18,0.00283656,0.474426,0.338379
3027,1,0.1,0,0,1,1,1,5.67813,0,0.0255671,0.00279445,0.187629,0.462451
3028,1,0.1,0,0,1,1,1,5.67813,0,-0.00213059,0.0027992,0.49293,0.428613
3029,1,0.1,0,0,1,1,1,5.67813,0,0.0010653,0.00279027,0.456597,0.394775
3030,1,0.1,0,0,1,1,1,5.67813,0,-0.0127836,0.0027983,0.609995,0.406055
3031,1,0.1,0,0,1,1,1,5.67813,0.00698132,0.00213059,0.00277594,0.442988,0.394775
3032,1,0.1,0,0,1,1,1,5.67813,0,0.0234365,0.00274973,0.205163,0.406055
3033,1,0.1,0,0,1,1,1,5.67803,-0.015708,-0.00958767,0.00275007,0.568474,0.417334
3034,1,0.1,0,0,1,1,1,5.67822,0.015708,-0.00745708,0.0027501,0.54504,0.428613
3035,1,0.1,0,0,1,1,1,5.67813,0.0261799,-0.00319589,0.00270317,0.491921,0.451172
3036,1,0.1,0,0,1,1,1,5.67803,-0.0296706,-0.0170448,0.00272,0.646533,0.47373
3037,1,0.1,0,0,1,1,1,5.67813,0,-0.0117183,0.00276984,0.59452,0.597803
3038,1,0.1,0,0,1,1,1,5.67813,-0.00872665,0.0149142,0.00274012,0.297641,0.48501
3039,1,0.1,0,0,1,1,1,5.67813,-0.010472,-0.00852238,0.00271935,0.552701,0.462451
3040,1,0.1,0,0,1,1,1,5.67813,0,-0.0010653,0.00267747,0.465144,0.417334
3041,1,0.1,0,0,1,1,1,5.67813,0,0.0010653,0.00265601,0.438875,0.293262
3042,1,0.1,0,0,1,1,1,5.67813,0.00174533,-2.60922e-19,0.00266656,0.451986,0.563965
3043,1,0.1,0,0,1,1,1,5.67813,0,-2.60922e-19,0.00264864,0.44962,0.462451
3044,1,0.1,0,0,1,1,1,5.67813,0,0.0170448,0.00262002,0.258351,0.530127
3045,1,0.1,0,0,1,1,1,5.67813,-0.00872665,0.0170448,0.00257839,0.252855,0.372217
3046,1,0.1,0,0,1,1,1,5.67813,0,-0.00213059,0.00257651,0.463537,0.3271
3047,1,0.1,0,0,1,1,1,5.67813,0,0.00639178,0.00252802,0.363389,0.304541
3048,1,0.1,0,0,1,1,1,5.67813,0,0.0223712,0.00252172,0.186783,0.281982
3049,1,0.1,0,0,1,1,1,5.67803,-0.020944,0.0159795,0.00250168,0.254448,0.383496
3050,1,0.1,0,0,1,1,1,5.67813,0.00872665,-0.010653,0.00248809,0.54561,0.394775
3051,1,0.1,0,0,1,1,1,5.67813,0.00872665,-0.00532648,0.00251336,0.490355,0.394775
3052,1,0.1,0,0,1,1,1,5.67813,0,0.00639178,0.00252097,0.362458,0.406055
3053,1,0.1,0,0,1,1,1,5.67813,0,-0.00213059,0.00249243,0.452438,0.372217
3054,1,0.1,0,0,1,1,1,5.67813,0,-0.00852238,0.00247623,0.520609,0.406055
3055,1,0.1,0,0,1,1,1,5.67813,0,0.0117183,0.00244264,0.293527,0.349658
3056,1,0.1,0,0,1,1,1,5.67813,0,0.00745708,0.00242836,0.338515,0.48501
3057,1,0.1,0,0,1,1,1,5.67803,0,0.00426119,0.00242391,0.373083,0.417334
3058,1,0.1,0,0,1,1,1,5.67813,0,-0.0149142,0.00241363,0.582655,0.417334
3059,1,0.1,0,0,1,1,1,5.67813,0.0226893,-0.00958767,0.00243185,0.526468,0.530127
3060,1,0.1,0,0,1,1,1,5.67803,-0.0296706,0.00319589,0.00241497,0.383621,0.394775
3061,1,0.1,0,0,1,1,1,5.67813,0,0.0149142,0.00242004,0.255389,0.406055
3062,1,0.1,0,0,1,1,1,5.67813,0,-0.00745708,0.00239813,0.498581,0.394775
3063,1,0.1,0,0,1,1,1,5.67813,0,0.0213059,0.00238075,0.179874,0.541406
3064,1,0.1,0,0,1,1,1,5.67803,-0.0401426,0.0159795,0.0023538,0.234928,0.360938
3065,1,0.1,0,0,1,1,1,5.67803,0,-1.10892e-18,0.00233173,0.407789,0.281982
3066,1,0.1,0,0,1,1,1,5.67803,0.0174533,0.00532648,0.00234983,0.351586,0.439893
3067,1,0.1,0,0,1,1,1,5.67803,-0.00174533,-0.00213059,0.00238507,0.438266,0.394775
3068,1,0.1,0,0,1,1,1,5.67813,0.0139626,0.00852238,0.00234955,0.316395,0.417334
3069,1,0.1,0,0,1,1,1,5.67803,0.00523599,0.00745708,0.00232422,0.324769,0.338379
3070,1,0.1,0,0,1,1,1,5.67803,0.00698132,0.00852238,0.00231371,0.311664,0.496289
3071,1,0.1,0,0,1,1,1,5.67803,0,-0.010653,0.0023081,0.521852,0.417334
3072,1,0.1,0,0,1,1,1,5.67813,0,-0.0255671,0.00230788,0.685878,0.406055
3073,1,0.1,0,0,1,1,1,5.67813,0.0279253,0.0127836,0.00228807,0.261406,0.462451
3074,1,0.1,0,0,1,1,1,5.67803,-0.0279253,0.00639178,0.00226594,0.328794,0.349658
3075,1,0.1,0,0,1,1,1,5.67803,-0.0244346,0.00213059,0.00224869,0.373391,0.451172
3076,1,0.1,0,0,1,1,1,5.67803,0,-0.0127836,0.00221697,0.533259,0.338379
3077,1,0.1,0,0,1,1,1,5.67803,0.015708,-0.00745708,0.00225071,0.479121,0.417334
3078,1,0.1,0,0,1,1,1,5.67803,-0.0122173,0.00213059,0.00228165,0.377742,0.383496
3079,1,0.1,0,0,1,1,1,5.67803,-0.00872665,0.00745708,0.00224225,0.313949,0.360938
3080,1,0.1,0,0,1,1,1,5.67803,0,0.00958767,0.00221146,0.286448,0.372217
3081,1,0.1,0,0,1,1,1,5.67803,0,0.00213059,0.00220847,0.368081,0.383496
3082,1,0.1,0,0,1,1,1,5.67803,0,-0.00852238,0.00221581,0.486233,0.372217
3083,1,0.1,0,0,1,1,1,5.67813,0.00523599,-0.00426119,0.00221672,0.439481,0.417334
3084,1,0.1,0,0,1,1,1,5.67803,0,0,0.0022054,0.391113,0.451172
3085,1,0.1,0,0,1,1,1,5.67803,0,0.00852238,0.00221118,0.29813,0.304541
3086,1,0.0999999,-0.000189373,-0.189161,1,1,1,5.67803,0,-0.00426119,0.00221001,0.404167,0.304541
3087,1,0.0999946,-0.00228236,-0.643459,1,1,1,5.67803,0,0.00426119,0.00219011,0.205412,0.349658
3088,1,0.0999734,-0.00657787,-1.06989,1,1,1,5.67803,0,0.00319589,0.00215401,0.0882282,0.270703
3089,1,0.0999254,-0.0129361,-1.46886,1,1,1,5.67803,-0.0174533,-0.0010653,0.00207952,-0.019005,0.214307
3090,1,0.0998408,-0.0212216,-1.84097,1,1,1,5.67793,-0.00523599,0.00745708,0.00197504,-0.289463,0.112793
3091,1,0.0997102,-0.0313017,-2.18681,1,1,1,5.67793,-0.0174533,0.00426119,0.00185679,-0.449891,0.0451172
3092,1,0.099525,-0.0430478,-2.507,1,1,1,5.67784,-0.0174533,-0.0159795,0.00170896,-0.443376,0
3093,1,0.0992772,-0.0563293,-2.80201,1,1,1,5.67774,-0.0296706,0.0010653,0.00153102,-0.865337,-0.191748
3094,1,0.0989594,-0.0710248,-3.0725,1,1,1,5.67736,-0.0959931,-0.0223712,0.00126964,-0.868237,-0.575244
3095,1,0.0985648,-0.0870152,-3.31907,1,1,1,5.67688,-0.0680678,-0.0436772,0.00107299,-0.896603,-0.778271
3096,1,0.0980872,-0.104179,-3.54224,1,1,1,5.67669,-0.0349066,-0.039416,0.00080101,-1.22752,-0.981299
3097,1,0.0975212,-0.122399,-3.74258,1,1,1,5.67582,-0.167552,-0.0873543,0.000589842,-0.985189,-1.13921
3098,1,0.0968617,-0.141567,-3.9207,1,1,1,5.67554,-0.0226893,-0.125705,0.000457383,-0.843939,-1.15049
3099,1,0.0961041,-0.161571,-4.07716,1,1,1,5.67496,-0.148353,-0.131032,0.000375384,-1.06416,-0.879785
3100,1,0.0952447,-0.182304,-4.21253,1,1,1,5.6741,-0.185005,-0.173643,0.000274504,-0.882925,-0.845947
3101,1,0.0942801,-0.203662,-4.32739,1,1,1,5.67304,-0.165806,-0.191753,0.000199102,-0.970921,-1.01514
3102,1,0.0932072,-0.225545,-4.42233,1,1,1,5.67237,-0.204204,-0.210929,0.000102863,-1.05366,-0.936182
3103,1,0.0920239,-0.247853,-4.49791,1,1,1,5.67094,-0.195477,-0.235431,5.06957e-05,-1.07316,-1.00386
3104,1,0.0907281,-0.270493,-4.55471,1,1,1,5.67007,-0.272271,-0.254606,-5.05186e-05,-1.15928,-1.02642
3105,1,0.0893187,-0.293369,-4.59331,1,1,1,5.66796,-0.336849,-0.268455,-0.000195706,-1.31018,-1.46631
3106,1,0.0877944,-0.316394,-4.61429,1,1,1,5.66681,-0.240855,-0.304675,-0.000305169,-1.20932,-1.33096
3107,1,0.0861545,-0.339484,-4.61821,1,1,1,5.6649,-0.319395,-0.34196,-0.000370397,-1.08782,-1.27456
3108,1,0.0843995,-0.36255,-4.60567,1,1,1,5.66365,-0.305433,-0.372854,-0.000390102,-1.02664,-1.13921
3109,1,0.0825292,-0.385514,-4.57722,1,1,1,5.66154,-0.363028,-0.377115,-0.00030346,-1.23792,-0.868506
3110,1,0.0805445,-0.408298,-4.53345,1,1,1,5.65991,-0.471239,-0.389899,-0.000287251,-1.3614,-1.10537
3111,1,0.0784467,-0.430824,-4.47493,1,1,1,5.65703,-0.432842,-0.419727,-0.000270597,-1.29182,-0.981299
3112,1,0.0762367,-0.453024,-4.40224,1,1,1,5.65569,-0.378736,-0.460208,-0.000254763,-1.09924,-1.16177
3113,1,0.0739171,-0.474824,-4.31596,1,1,1,5.65272,-0.502655,-0.461274,-0.00032431,-1.34536,-1.16177
3114,1,0.0714893,-0.496161,-4.21666,1,1,1,5.65051,-0.546288,-0.504951,-0.000332974,-1.10616,-1.19561
3115,1,0.0689561,-0.516972,-4.10491,1,1,1,5.64802,-0.385718,-0.53904,-0.000325576,-0.961627,-1.18433
3116,1,0.0663205,-0.537192,-3.98131,1,1,1,5.64582,-0.621337,-0.498559,-0.000409529,-1.64105,-1.24072
3117,1,0.0635852,-0.556766,-3.8464,1,1,1,5.64198,-0.603884,-0.535844,-0.000496815,-1.45707,-1.38735
3118,1,0.0607542,-0.575636,-3.70081,1,1,1,5.64016,-0.42586,-0.578456,-0.000523859,-1.19543,-1.37607
3119,1,0.0578306,-0.593754,-3.54506,1,1,1,5.63671,-0.670206,-0.598697,-0.000568616,-1.1715,-1.42119
3120,1,0.0548178,-0.611072,-3.37973,1,1,1,5.63412,-0.58294,-0.602958,-0.000661583,-1.31887,-1.37607
3121,1,0.0517207,-0.62754,-3.20542,1,1,1,5.63067,-0.631809,-0.640243,-0.000649882,-1.07579,-1.19561
3122,1,0.048544,-0.643112,-3.02273,1,1,1,5.62798,-0.652753,-0.634917,-0.000603284,-1.284,-1.02642
3123,1,0.0452915,-0.657752,-2.83219,1,1,1,5.62434,-0.637045,-0.644505,-0.00056962,-1.3172,-0.97002
3124,1,0.0419678,-0.671423,-2.63436,1,1,1,5.62166,-0.71384,-0.684986,-0.000544279,-0.999654,-1.12793
3125,1,0.0385788,-0.684086,-2.42989,1,1,1,5.61763,-0.567232,-0.669006,-0.000503125,-1.28665,-0.97002
3126,1,0.0351293,-0.69571,-2.21932,1,1,1,5.61475,-0.844739,-0.707357,-0.00047898,-0.965413,-1.06025
3127,1,0.0316234,-0.70627,-2.00318,1,1,1,5.61044,-0.55676,-0.725467,-0.000423153,-0.848325,-0.981299
3128,1,0.028068,-0.715734,-1.78211,1,1,1,5.60785,-0.753982,-0.716945,-0.000329789,-1.00364,-0.879785
3129,1,0.0244683,-0.724082,-1.55667,1,1,1,5.60325,-0.71733,-0.71588,-0.000300933,-1.07287,-0.891064
3130,1,0.0208292,-0.731294,-1.3274,1,1,1,5.60047,-0.722566,-0.721206,-0.000306483,-1.06273,-1.0377
3131,1,0.017157,-0.737352,-1.09492,1,1,1,5.59587,-0.715585,-0.743577,-0.000328487,-0.853519,-0.992578
3132,1,0.0134578,-0.742239,-0.8598,1,1,1,5.59318,-0.699877,-0.738251,-0.000278667,-0.923014,-0.902344
3133,1,0.00973664,-0.745946,-0.622581,1,1,1,5.58829,-0.799361,-0.738251,-0.0003157,-0.932334,-0.80083
3134,1,0.00600037,-0.748462,-0.383892,1,1,1,5.58532,-0.760964,-0.759557,-0.000329188,-0.689909,-0.947461
3135,1,0.00225423,-0.749783,-0.144264,1,1,1,5.58091,-0.675442,-0.773406,-0.000283585,-0.505942,-0.744434
3136,1,-0.00149582,-0.749905,0.0957305,1,1,1,5.57803,-0.783653,-0.749969,-0.000268985,-0.721633,-0.766992
3137,1,-0.00524292,-0.748826,0.335459,1,1,1,5.57343,-0.675442,-0.732924,-0.000254098,-0.852754,-0.631641
3138,1,-0.00898197,-0.746551,0.574404,1,1,1,5.57065,-0.752237,-0.77234,-0.000191995,-0.341959,-0.676758
3139,1,-0.0127064,-0.743085,0.811952,1,1,1,5.56615,-0.694641,-0.743577,-0.000208153,-0.578099,-0.620361
3140,1,-0.0164104,-0.738435,1.04753,1,1,1,5.56308,-0.773181,-0.755296,-0.000209759,-0.353608,-0.586523
3141,1,-0.020089,-0.732613,1.28062,1,1,1,5.55867,-0.649262,-0.730794,-0.000245278,-0.518364,-0.518848
3142,1,-0.023735,-0.725634,1.51057,1,1,1,5.55589,-0.764454,-0.705227,-0.000282337,-0.681809,-0.586523
3143,1,-0.0273432,-0.717514,1.73683,1,1,1,5.55128,-0.696386,-0.724402,-0.000303316,-0.338075,-0.428613
3144,1,-0.0309081,-0.708273,1.95884,1,1,1,5.5486,-0.710349,-0.703096,-0.000293785,-0.421851,-0.48501
3145,1,-0.0344242,-0.697933,2.17602,1,1,1,5.54429,-0.677188,-0.707357,-0.000276346,-0.211138,-0.372217
3146,1,-0.037886,-0.686521,2.38778,1,1,1,5.5417,-0.644026,-0.673268,-0.000324355,-0.419499,-0.406055
3147,1,-0.041288,-0.674065,2.59356,1,1,1,5.53738,-0.689405,-0.672202,-0.000384118,-0.255592,-0.3271
3148,1,-0.0446249,-0.660596,2.79275,1,1,1,5.53499,-0.612611,-0.665811,-0.000392934,-0.131687,-0.248145
3149,1,-0.0478922,-0.646149,2.98481,1,1,1,5.53106,-0.642281,-0.634917,-0.000382306,-0.263153,-0.112793
3150,1,-0.0510892,-0.63074,3.16939,1,1,1,5.52856,-0.624828,-0.632786,-0.000460171,-0.0818645,-0.270703
3151,1,-0.0541979,-0.614474,3.34517,1,1,1,5.52482,-0.563741,-0.613611,-0.000496534,-0.0730318,-0.146631
3152,1,-0.0572279,-0.597325,3.51236,1,1,1,5.52252,-0.621337,-0.576326,-0.000571124,-0.25973,-0.248145
3153,1,-0.0601701,-0.579364,3.6701,1,1,1,5.51926,-0.507891,-0.564607,-0.000613819,-0.152611,-0.112793
3154,1,-0.0630201,-0.560643,3.81779,1,1,1,5.51706,-0.591667,-0.532648,-0.000702049,-0.267553,-0.169189
3155,1,-0.0657754,-0.541203,3.95492,1,1,1,5.51399,-0.500909,-0.524126,-0.000526772,-0.0836057,-0.180469
3156,1,-0.0684312,-0.521111,4.08085,1,1,1,5.51198,-0.513127,-0.516669,-0.000896981,0.0459861,-0.169189
3157,1,-0.0709851,-0.500418,4.19503,1,1,1,5.50891,-0.460767,-0.474057,-0.00107218,-0.18138,-0.112793
3158,1,-0.0734345,-0.479181,4.2969,1,1,1,5.50709,-0.450295,-0.454882,-0.00120045,-0.139866,-0.169189
3159,1,-0.0757765,-0.457466,4.38587,1,1,1,5.50459,-0.404916,-0.429315,-0.00113559,-0.140337,-0.101514
3160,1,-0.0780085,-0.435344,4.46135,1,1,1,5.50287,-0.427606,-0.395225,-0.00130826,-0.263575,-0.0902344
3161,1,-0.0801292,-0.412878,4.52278,1,1,1,5.50057,-0.385718,-0.380311,-0.00150381,-0.17816,-0.169189
3162,1,-0.0821371,-0.390138,4.56958,1,1,1,5.49903,-0.3735,-0.361136,-0.00168658,-0.136716,-0.214307
3163,1,-0.0840305,-0.367205,4.60118,1,1,1,5.49702,-0.356047,-0.332373,-0.00184281,-0.197236,-0.169189
3164,1,-0.0858089,-0.344153,4.61699,1,1,1,5.49558,-0.329867,-0.327046,-0.00196966,0.00238552,-0.214307
3165,1,-0.0874717,-0.321067,4.61644,1,1,1,5.49386,-0.310669,-0.297218,-0.00206476,-0.0646874,-0.0225586
3166,1,-0.0890195,-0.298019,4.59896,1,1,1,5.49261,-0.298451,-0.279108,-0.00215881,-0.00637417,0
3167,1,-0.0904521,-0.275105,4.56397,1,1,1,5.49108,-0.244346,-0.248214,-0.00225721,-0.093597,-0.0225586
3168,1,-0.0917708,-0.25241,4.5109,1,1,1,5.49012,-0.219911,-0.235431,-0.00236034,0.0113263,-0.0112793
3169,1,-0.0929769,-0.230025,4.43916,1,1,1,5.48878,-0.204204,-0.188558,-0.00250064,-0.270776,0.0225586
3170,1,-0.0940719,-0.208049,4.34818,1,1,1,5.48801,-0.197222,-0.17897,-0.00273091,-0.163632,0.0225586
3171,1,-0.0950582,-0.186578,4.2374,1,1,1,5.48705,-0.169297,-0.184296,-0.00275907,0.124727,-0.236865
3172,1,-0.0959386,-0.16571,4.10622,1,1,1,5.48647,-0.113446,-0.150207,-0.00291455,-0.0477448,-0.169189
3173,1,-0.0967164,-0.14555,3.95408,1,1,1,5.48561,-0.116937,-0.100138,-0.00310549,-0.413742,-0.259424
3174,1,-0.0973955,-0.126205,3.78039,1,1,1,5.48513,-0.136136,-0.0852238,-0.00326385,-0.402595,-0.225586
3175,1,-0.09798,-0.107784,3.5846,1,1,1,5.48456,-0.0890118,-0.0735055,-0.00340976,-0.369531,-0.214307
3176,1,-0.098475,-0.090397,3.3661,1,1,1,5.48427,-0.0663225,-0.0628525,-0.00351554,-0.335107,-0.191748
3177,1,-0.0988859,-0.0741616,3.12434,1,1,1,5.48389,-0.0733038,-0.0617872,-0.00361702,-0.212367,-0.259424
3178,1,-0.0992188,-0.0591927,2.8587,1,1,1,5.48369,-0.0174533,-0.0458078,-0.00369452,-0.269068,-0.225586
3179,1,-0.0994802,-0.0456141,2.56867,1,1,1,5.4835,-0.0279253,-0.0138489,-0.00376441,-0.521448,-0.270703
3180,1,-0.0996774,-0.0335473,2.25363,1,1,1,5.48341,-0.0366519,-0.00745708,-0.00385228,-0.518227,-0.372217
3181,1,-0.0998184,-0.0231208,1.91305,1,1,1,5.48321,-0.0174533,-0.01811,-0.00391997,-0.34885,-0.428613
3182,1,-0.0999116,-0.0144606,1.54626,1,1,1,5.48321,0,-0.00213059,-0.00400255,-0.499851,-0.3271
3183,1,-0.0999662,-0.00770239,1.15282,1,1,1,5.48321,0,0.0319589,-0.00408457,-0.877248,-0.575244
3184,1,-0.099992,-0.00297864,0.732023,1,1,1,5.48321,0,0.0362201,-0.00418214,-0.958622,-0.631641
3185,1,-0.0999996,-0.000428423,0.283357,1,1,1,5.48312,-0.010472,-0.00213059,-0.00425884,-0.595721,-0.665479
3186,1,-0.1,-0,-0,1,1,1,5.48312,0,-0.00426119,-0.00427174,-0.616997,-0.699316
3187,1,-0.1,-0,-0,1,1,1,5.48312,0,-0.0010653,-0.0042557,-0.650034,-0.721875
3188,1,-0.1,-0,-0,1,1,1,5.48312,0,0.00319589,-0.00419918,-0.689447,-0.597803
3189,1,-0.1,-0,-0,1,1,1,5.48312,0,-0.00852238,-0.00417812,-0.557766,-0.631641
3190,1,-0.1,-0,-0,1,1,1,5.48312,0,0.00213059,-0.00413004,-0.668602,-0.530127
3191,1,-0.1,-0,-0,1,1,1,5.48312,0,-0.0117183,-0.00410419,-0.512852,-0.597803
3192,1,-0.1,-0,-0,1,1,1,5.48312,0,0.0010653,-0.00412111,-0.655705,-0.586523
3193,1,-0.1,-0,-0,1,1,1,5.48302,0,-0.010653,-0.00415661,-0.53149,-0.699316
3194,1,-0.1,-0,-0,1,1,1,5.48302,0,-0.00532648,-0.00415064,-0.589293,-0.575244
3195,1,-0.1,-0,-0,1,1,1,5.48302,0,-1.36984e-18,-0.00415709,-0.648736,-0.575244
3196,1,-0.1,-0,-0,1,1,1,5.48302,0,-0.00852238,-0.00417574,-0.557451,-0.48501
3197,1,-0.1,-0,-0,1,1,1,5.48302,0.0174533,0.00319589,-0.00411814,-0.678749,-0.631641
3198,1,-0.1,-0,-0,1,1,1,5.48302,0,-0.0266324,-0.00411267,-0.349916,-0.710596
3199,1,-0.1,-0,-0,1,1,1,5.48312,0.020944,-0.0127836,-0.00412632,-0.504055,-0.744434
3200,1,-0.1,-0,-0,1,1,1,5.48293,0,-0.0149142,-0.00409315,-0.476241,-0.676758
3201,1,-0.1,-0,-0,1,1,1,5.48302,0.00174533,-0.01811,-0.00407287,-0.438408,-0.710596
3202,1,-0.1,-0,-0,1,1,1,5.48302,0.00872665,0.01811,-0.0040477,-0.833506,-0.541406
3203,1,-0.1,-0,-0,1,1,1,5.48293,-0.010472,-0.00532648,-0.00404964,-0.575961,-0.541406
3204,1,-0.1,-0,-0,1,1,1,5.48302,0,0.0149142,-0.00408258,-0.802957,-0.541406
3205,1,-0.1,-0,-0,1,1,1,5.48293,0,0.00213059,-0.00410696,-0.665555,-0.688037
3206,1,-0.1,-0,-0,1,1,1,5.48293,-0.0174533,0.00745708,-0.00413311,-0.727598,-0.721875
3207,1,-0.1,-0,-0,1,1,1,5.48293,0,-0.00745708,-0.00413712,-0.564072,-0.699316
3208,1,-0.1,-0,-0,1,1,1,5.48293,0,1.82646e-18,-0.0041103,-0.64256,-0.530127
3209,1,-0.1,-0,-0,1,1,1,5.48293,-0.00872665,0.00319589,-0.00411376,-0.678172,-0.541406
3210,1,-0.1,-0,-0,1,1,1,5.48293,-0.0296706,-0.00426119,-0.004111,-0.595778,-0.676758
3211,1,-0.1,-0,-0,1,1,1,5.48293,0,0.00852238,-0.00410482,-0.735582,-0.64292
3212,1,-0.1,-0,-0,1,1,1,5.48293,0,-0.00213059,-0.00407893,-0.614982,-0.530127
3213,1,-0.1,-0,-0,1,1,1,5.48293,0,-0.0010653,-0.00407906,-0.626718,-0.552686
3214,1,-0.1,-0,-0,1,1,1,5.48293,0,-1.89169e-18,-0.00406748,-0.636908,-0.620361
3215,1,-0.1,-0,-0,1,1,1,5.48293,0,-0.00852238,-0.00406037,-0.542222,-0.688037
3216,1,-0.1,-0,-0,1,1,1,5.48293,0,0.00532648,-0.00405106,-0.693331,-0.688037
3217,1,-0.1,-0,-0,1,1,1,5.48293,-0.00174533,-0.00852238,-0.0040515,-0.541051,-0.665479
3218,1,-0.1,-0,-0,1,1,1,5.48293,0.015708,-0.00532648,-0.00404785,-0.575725,-0.710596
3219,1,-0.1,-0,-0,1,1,1,5.48293,0,-0.00319589,-0.00403174,-0.597036,-0.654199
3220,1,-0.1,-0,-0,1,1,1,5.48293,0,-0.00745708,-0.00401694,-0.548208,-0.631641
3221,1,-0.1,-0,-0,1,1,1,5.48293,0,-0.00532648,-0.00400264,-0.569758,-0.597803
3222,1,-0.1,-0,-0,1,1,1,5.48293,0,-0.00532648,-0.00401861,-0.571865,-0.541406
3223,1,-0.1,-0,-0,1,1,1,5.48293,0.0174533,0.0159795,-0.00401388,-0.805606,-0.563965
3224,1,-0.1,-0,-0,1,1,1,5.48293,-0.00872665,0.010653,-0.00403767,-0.750154,-0.620361
3225,1,-0.1,-0,-0,1,1,1,5.48293,-0.00698132,-0.00958767,-0.0040411,-0.527961,-0.721875
3226,1,-0.1,-0,-0,1,1,1,5.48293,0,-0.00745708,-0.00403477,-0.550561,-0.688037
3227,1,-0.1,-0,-0,1,1,1,5.48293,0,-0.0127836,-0.00399572,-0.486816,-0.631641
3228,1,-0.1,-0,-0,1,1,1,5.48293,0.0261799,0.0010653,-0.0039845,-0.637673,-0.47373
3229,1,-0.1,-0,-0,1,1,1,5.48293,0,0.0149142,-0.00401974,-0.794661,-0.665479
3230,1,-0.1,-0,-0,1,1,1,5.48283,-0.0139626,0.00745708,-0.00404141,-0.715493,-0.755713
3231,1,-0.1,-0,-0,1,1,1,5.48283,0,0.0170448,-0.00405985,-0.823392,-0.631641
3232,1,-0.1,-0,-0,1,1,1,5.48283,0,0.00319589,-0.00403455,-0.667715,-0.609082
3233,1,-0.1,-0,-0,1,1,1,5.48283,0,0.0117183,-0.00405516,-0.764182,-0.609082
3234,1,-0.1,-0,-0,1,1,1,5.48283,0,0.0202406,-0.004024,-0.853815,-0.530127
3235,1,-0.1,-0,-0,1,1,1,5.48283,-0.0226893,-0.00426119,-0.00404904,-0.5876,-0.699316
3236,1,-0.1,-0,-0,1,1,1,5.48283,0,0.0117183,-0.00409515,-0.769461,-0.778271
3237,1,-0.1,-0,-0,1,1,1,5.48283,0,0.00426119,-0.00413439,-0.692613,-0.699316
3238,1,-0.1,-0,-0,1,1,1,5.48283,0,0.01811,-0.00411099,-0.841861,-0.597803
3239,1,-0.1,-0,-0,1,1,1,5.48273,-0.0331613,-0.0010653,-0.00414584,-0.635533,-0.654199
3240,1,-0.1,-0,-0,1,1,1,5.48273,0,-0.00639178,-0.00419127,-0.582938,-0.733154
3241,1,-0.1,-0,-0,1,1,1,5.48273,0,-0.00426119,-0.00418451,-0.605482,-0.688037
3242,1,-0.1,-0,-0,1,1,1,5.48273,0,0.00745708,-0.0041689,-0.732322,-0.563965
3243,1,-0.1,-0,-0,1,1,1,5.48273,0,0.00319589,-0.00414393,-0.682154,-0.597803
3244,1,-0.1,-0,-0,1,1,1,5.48273,0,-0.00532648,-0.00412816,-0.586325,-0.507568
3245,1,-0.1,-0,-0,1,1,1,5.48273,0,0.0159795,-0.00413429,-0.8215,-0.586523
3246,1,-0.1,-0,-0,1,1,1,5.48273,0,-0.010653,-0.00410253,-0.524351,-0.530127
3247,1,-0.1,-0,-0,1,1,1,5.48273,0,0.00426119,-0.00412764,-0.691722,-0.688037
3248,1,-0.1,-0,-0,1,1,1,5.48273,0,0.00532648,-0.00412048,-0.702495,-0.733154
3249,1,-0.1,-0,-0,1,1,1,5.48273,0,0.0138489,-0.00411454,-0.795456,-0.507568
3250,1,-0.1,-0,-0,1,1,1,5.48273,0,0.0234365,-0.00412314,-0.902056,-0.665479
3251,1,-0.1,-0,-0,1,1,1,5.48273,-0.0226893,-0.00639178,-0.00411197,-0.57247,-0.688037
3252,1,-0.1,-0,-0,1,1,1,5.48273,0.010472,0.00319589,-0.00411211,-0.677954,-0.552686
3253,1,-0.1,-0,-0,1,1,1,5.48273,0.00349066,-0.00852238,-0.0041146,-0.549382,-0.699316
3254,1,-0.1,-0,-0,1,1,1,5.48273,0,-0.00319589,-0.00413138,-0.610188,-0.597803
3255,1,-0.1,-0,-0,1,1,1,5.48273,0,0.00532648,-0.00415039,-0.706443,-0.721875
3256,1,-0.1,-0,-0,1,1,1,5.48264,0,-0.0010653,-0.00412894,-0.633301,-0.507568
3257,1,-0.1,-0,-0,1,1,1,5.48264,0,0.00319589,-0.00414634,-0.682471,-0.631641
3258,1,-0.1,-0,-0,1,1,1,5.48264,0,-0.00213059,-0.0041623,-0.625987,-0.733154
3259,1,-0.1,-0,-0,1,1,1,5.48264,0,0.00958767,-0.00415134,-0.753441,-0.609082
3260,1,-0.1,-0,-0,1,1,1,5.48264,0,0.0191753,-0.00416241,-0.860367,-0.699316
3261,1,-0.1,-0,-0,1,1,1,5.48264,-0.0191986,-3.91384e-19,-0.00416193,-0.649375,-0.654199
3262,1,-0.1,-0,-0,1,1,1,5.48264,0,-0.00745708,-0.00414223,-0.564746,-0.676758
3263,1,-0.1,-0,-0,1,1,1,5.48264,0,-0.00213059,-0.00417222,-0.627297,-0.688037
3264,1,-0.1,-0,-0,1,1,1,5.48264,-0.00174533,6.52306e-19,-0.004154,-0.648328,-0.721875
3265,1,-0.1,-0,-0,1,1,1,5.48264,0,-0.0202406,-0.00416265,-0.426822,-0.710596
3266,1,-0.1,-0,-0,1,1,1,5.48264,0,-0.00532648,-0.00412868,-0.586394,-0.575244
3267,1,-0.1,-0,-0,1,1,1,5.48264,0,-0.0010653,-0.00411624,-0.631626,-0.631641
3268,1,-0.1,-0,-0,1,1,1,5.48264,0,-0.00319589,-0.00411663,-0.608241,-0.631641
3269,1,-0.1,-0,-0,1,1,1,5.48264,0,0.00426119,-0.00410154,-0.688276,-0.575244
3270,1,-0.1,-0,-0,1,1,1,5.48264,0,0.0010653,-0.0041378,-0.657908,-0.710596
3271,1,-0.1,-0,-0,1,1,1,5.48264,0,0.00426119,-0.00417965,-0.698587,-0.688037
3272,1,-0.1,-0,-0,1,1,1,5.48264,0,0.0149142,-0.00418356,-0.816286,-0.778271
3273,1,-0.1,-0,-0,1,1,1,5.48264,-0.0296706,-0.00532648,-0.0041779,-0.592891,-0.665479
3274,1,-0.1,-0,-0,1,1,1,5.48264,0,0.00852238,-0.0042078,-0.749176,-0.676758
3275,1,-0.1,-0,-0,1,1,1,5.48264,0,-0.00639178,-0.00419783,-0.583804,-0.631641
3276,1,-0.1,-0,-0,1,1,1,5.48264,0,0.00639178,-0.00422827,-0.728441,-0.665479
3277,1,-0.1,-0,-0,1,1,1,5.48264,-0.00698132,0.0159795,-0.00422379,-0.833314,-0.676758
3278,1,-0.1,-0,-0,1,1,1,5.48264,0,0.00319589,-0.00422321,-0.692618,-0.710596
3279,1,-0.1,-0,-0,1,1,1,5.48264,0,-0.0138489,-0.00420895,-0.503244,-0.676758
3280,1,-0.1,-0,-0,1,1,1,5.48264,0,-0.00532648,-0.00420677,-0.596703,-0.665479
3281,1,-0.1,-0,-0,1,1,1,5.48264,0,0.0117183,-0.0042147,-0.785241,-0.699316
3282,1,-0.1,-0,-0,1,1,1,5.48264,0,0.0149142,-0.00425097,-0.825184,-0.755713
3283,1,-0.1,-0,-0,1,1,1,5.48254,0,-0.0117183,-0.00422161,-0.528351,-0.699316
3284,1,-0.1,-0,-0,1,1,1,5.48264,0.010472,-0.00213059,-0.00425134,-0.63774,-0.631641
3285,1,-0.1,-0,-0,1,1,1,5.48254,0.0401426,-0.0117183,-0.00422785,-0.529175,-0.609082
3286,1,-0.1,-0,-0,1,1,1,5.48254,-0.0349066,0.0245018,-0.00425465,-0.931134,-0.609082
3287,1,-0.1,-0,-0,1,1,1,5.48254,-0.0139626,-0.0138489,-0.00426637,-0.510824,-0.699316
3288,1,-0.1,-0,-0,1,1,1,5.48254,0.00349066,0.0117183,-0.00427135,-0.792719,-0.721875
3289,1,-0.1,-0,-0,1,1,1,5.48254,0,-0.00426119,-0.00425359,-0.614601,-0.575244
3290,1,-0.1,-0,-0,1,1,1,5.48254,0,-0.00426119,-0.00426129,-0.615618,-0.654199
3291,1,-0.1,-0,-0,1,1,1,5.48245,0,0.0223712,-0.00428231,-0.911348,-0.654199
3292,1,-0.1,-0,-0,1,1,1,5.48245,0,-1.95692e-18,-0.0042941,-0.666822,-0.688037
3293,1,-0.1,-0,-0,1,1,1,5.48245,0,0.00213059,-0.00426834,-0.686857,-0.823389
3294,1,-0.1,-0,-0,1,1,1,5.48245,0.0226893,-0.01811,-0.00425851,-0.462913,-0.699316
3295,1,-0.1,-0,-0,1,1,1,5.48245,0.00523599,0.010653,-0.00426383,-0.780008,-0.688037
3296,1,-0.1,-0,-0,1,1,1,5.48245,0,0.0010653,-0.00428144,-0.676869,-0.631641
3297,1,-0.1,-0,-0,1,1,1,5.48245,0,7.17537e-19,-0.00425507,-0.661669,-0.530127
3298,1,-0.1,-0,-0,1,1,1,5.48245,0,0.00213059,-0.00427276,-0.68744,-0.597803
3299,1,-0.1,-0,-0,1,1,1,5.48245,0,-0.00639178,-0.00429676,-0.596863,-0.823389
3300,1,-0.1,-0,-0,1,1,1,5.48245,0,0.0149142,-0.00432949,-0.835548,-0.755713
3301,1,-0.1,-0,-0,1,1,1,5.48245,-0.00872665,-0.00319589,-0.0043279,-0.636128,-0.609082
3302,1,-0.1,-0,-0,1,1,1,5.48245,0,-0.00852238,-0.00433893,-0.578993,-0.631641
3303,1,-0.1,-0,-0,1,1,1,5.48245,0,-0.00852238,-0.00433733,-0.578781,-0.744434
3304,1,-0.1,-0,-0,1,1,1,5.48245,0,0.00639178,-0.00432885,-0.741718,-0.609082
3305,1,-0.1,-0,-0,1,1,1,5.48245,0,-0.00426119,-0.00430156,-0.620932,-0.631641
3306,1,-0.1,-0,-0,1,1,1,5.48245,0.00523599,0.0138489,-0.00433006,-0.823905,-0.620361
3307,1,-0.1,-0,-0,1,1,1,5.48235,0,0.00852238,-0.00432992,-0.765296,-0.631641
3308,1,-0.1,-0,-0,1,1,1,5.48235,0,-0.0191753,-0.00430722,-0.457625,-0.721875
3309,1,-0.1,-0,-0,1,1,1,5.48245,0,-0.00319589,-0.0043,-0.632445,-0.654199
3310,1,-0.1,-0,-0,1,1,1,5.48235,0,-2.15261e-18,-0.00431213,-0.669201,-0.688037
3311,1,-0.1,-0,-0,1,1,1,5.48235,-0.00349066,0.00213059,-0.00433743,-0.695977,-0.80083
3312,1,-0.1,-0,-0,1,1,1,5.48235,0,0.00532648,-0.00433538,-0.730861,-0.541406
3313,1,-0.1,-0,-0,1,1,1,5.48235,0,0.00639178,-0.00435137,-0.74469,-0.778271
3314,1,-0.1,-0,-0,1,1,1,5.48235,0,-0.00213059,-0.00434396,-0.649966,-0.733154
3315,1,-0.1,-0,-0,1,1,1,5.48235,0,-0.0117183,-0.0043362,-0.543478,-0.631641
3316,1,-0.1,-0,-0,1,1,1,5.48235,0,0.00532648,-0.00429884,-0.726039,-0.518848
3317,1,-0.1,-0,-0,1,1,1,5.48235,-0.0139626,0.0149142,-0.00429999,-0.831655,-0.688037
3318,1,-0.1,-0,-0,1,1,1,5.48235,0,0.00958767,-0.00432445,-0.776292,-0.733154
3319,1,-0.1,-0,-0,1,1,1,5.48226,0,0.0159795,-0.00434003,-0.848658,-0.721875
3320,1,-0.1,-0,-0,1,1,1,5.48226,0,0.0010653,-0.00436041,-0.687293,-0.733154
3321,1,-0.1,-0,-0,1,1,1,5.48226,0,-0.00639178,-0.00434525,-0.603263,-0.64292
3322,1,-0.1,-0,-0,1,1,1,5.48226,0,-0.00319589,-0.00428177,-0.630039,-0.552686
3323,1,-0.1,-0,-0,1,1,1,5.48226,0,-0.0127836,-0.0042592,-0.521595,-0.518848
3324,1,-0.1,-0,-0,1,1,1,5.48235,0,0.0159795,-0.00429256,-0.842392,-0.597803
3325,1,-0.1,-0,-0,1,1,1,5.48226,0,-0.00319589,-0.0042698,-0.628458,-0.755713
3326,1,-0.1,-0,-0,1,1,1,5.48226,0,0.0202406,-0.00427443,-0.886872,-0.654199
3327,1,-0.1,-0,-0,1,1,1,5.48226,-0.0174533,0.0117183,-0.00430781,-0.797531,-0.699316
3328,1,-0.1,-0,-0,1,1,1,5.48226,0,-0.0010653,-0.00427517,-0.652604,-0.744434
3329,1,-0.1,-0,-0,1,1,1,5.48226,-0.00872665,0.00213059,-0.00427838,-0.688182,-0.64292
3330,1,-0.1,-0,-0,1,1,1,5.48226,0,0.0276977,-0.00430707,-0.973208,-0.64292
3331,1,-0.1,-0,-0,1,1,1,5.48216,-0.0191986,0.00958767,-0.00431809,-0.775452,-0.631641
3332,1,-0.1,-0,-0,1,1,1,5.48226,0,-0.00852238,-0.00430345,-0.574309,-0.64292
3333,1,-0.1,-0,-0,1,1,1,5.48226,0,0.0010653,-0.00428847,-0.677796,-0.654199
3334,1,-0.1,-0,-0,1,1,1,5.48226,0,0.010653,-0.00428523,-0.782833,-0.733154
3335,1,-0.1,-0,-0,1,1,1,5.48216,-0.0401426,-0.0159795,-0.00427113,-0.488016,-0.755713
3336,1,-0.1,-0,-0,1,1,1,5.48216,0.020944,-0.00426119,-0.00429827,-0.620498,-0.563965
3337,1,-0.1,-0,-0,1,1,1,5.48216,0.00872665,-0.00319589,-0.00426475,-0.627792,-0.631641
3338,1,-0.1,-0,-0,1,1,1,5.48216,0,0.0138489,-0.00423577,-0.811459,-0.586523
3339,1,-0.1,-0,-0,1,1,1,5.48216,-0.0191986,0.0149142,-0.00429168,-0.830558,-0.688037
3340,1,-0.1,-0,-0,1,1,1,5.48216,0,0.00319589,-0.00425971,-0.697437,-0.620361
3341,1,-0.1,-0,-0,1,1,1,5.48216,0,0.0213059,-0.00427826,-0.899096,-0.699316
3342,1,-0.1,-0,-0,1,1,1,5.48216,-0.00698132,6.52306e-20,-0.00428011,-0.664975,-0.563965
3343,1,-0.1,-0,-0,1,1,1,5.48216,0,-0.00852238,-0.00426567,-0.569322,-0.688037
3344,1,-0.1,-0,-0,1,1,1,5.48216,0.00349066,-0.00745708,-0.00423769,-0.577347,-0.597803
3345,1,-0.1,-0,-0,1,1,1,5.48216,0,-0.01811,-0.0042604,-0.463162,-0.654199
3346,1,-0.1,-0,-0,1,1,1,5.48216,-0.00349066,5.87076e-19,-0.00426258,-0.662661,-0.552686
3347,1,-0.1,-0,-0,1,1,1,5.48206,0,-0.0223712,-0.00424069,-0.413688,-0.676758
3348,1,-0.1,-0,-0,1,1,1,5.48206,0,-0.0159795,-0.00420126,-0.478792,-0.620361
3349,1,-0.1,-0,-0,1,1,1,5.48216,0.0122173,-0.0117183,-0.00416929,-0.521445,-0.620361
3350,1,-0.1,-0,-0,1,1,1,5.48216,0,0.0010653,-0.00418952,-0.664735,-0.778271
3351,1,-0.1,-0,-0,1,1,1,5.48216,0,-0.0159795,-0.00419983,-0.478604,-0.665479
3352,1,-0.1,-0,-0,1,1,1,5.48206,0,0.00852238,-0.00421612,-0.750275,-0.575244
3353,1,-0.1,-0,-0,1,1,1,5.48206,0,0.00426119,-0.00420439,-0.701852,-0.688037
3354,1,-0.1,-0,-0,1,1,1,5.48216,0.00523599,0.00852238,-0.00417352,-0.744651,-0.665479
3355,1,-0.1,-0,-0,1,1,1,5.48206,-0.00872665,0.00213059,-0.00418758,-0.676198,-0.688037
3356,1,-0.1,-0,-0,1,1,1,5.48206,0,0.0117183,-0.0041719,-0.779592,-0.620361
3357,1,-0.1,-0,-0,1,1,1,5.48206,-0.00872665,-0.00319589,-0.00416118,-0.61412,-0.676758
3358,1,-0.1,-0,-0,1,1,1,5.48206,0,-0.00745708,-0.00419235,-0.571363,-0.778271
3359,1,-0.1,-0,-0,1,1,1,5.48206,0.00523599,0.00319589,-0.00421792,-0.69192,-0.665479
3360,1,-0.1,-0,-0,1,1,1,5.48206,-0.00872665,-0.0149142,-0.00419472,-0.489647,-0.778271
3361,1,-0.1,-0,-0,1,1,1,5.48206,0,-0.00532648,-0.00421766,-0.59814,-0.631641
3362,1,-0.1,-0,-0,1,1,1,5.48206,0,-0.00958767,-0.00421317,-0.550674,-0.586523
3363,1,-0.1,-0,-0,1,1,1,5.48206,0,-0.0213059,-0.00418489,-0.418041,-0.552686
3364,1,-0.1,-0,-0,1,1,1,5.48206,0,-0.00639178,-0.00417976,-0.581419,-0.721875
3365,1,-0.1,-0,-0,1,1,1,5.48206,0,-0.00319589,-0.00415204,-0.612914,-0.586523
3366,1,-0.1,-0,-0,1,1,1,5.48206,0.010472,-0.00426119,-0.00415897,-0.602111,-0.676758
3367,1,-0.1,-0,-0,1,1,1,5.48206,0.00872665,-0.00745708,-0.00418241,-0.570051,-0.744434
3368,1,-0.1,-0,-0,1,1,1,5.48206,0,0.0138489,-0.00414438,-0.799396,-0.744434
3369,1,-0.1,-0,-0,1,1,1,5.48197,-0.0767945,-0.00639178,-0.00418528,-0.582147,-0.710596
3370,1,-0.1,-0,-0,1,1,1,5.48197,0.0122173,-0.00213059,-0.00418619,-0.62914,-0.868506
3371,1,-0.1,-0,-0,1,1,1,5.48206,-0.00349066,0.0117183,-0.00419692,-0.782895,-0.64292
3372,1,-0.1,-0,-0,1,1,1,5.48197,0,-0.00958767,-0.00411855,-0.538184,-0.631641
3373,1,-0.1,-0,-0,1,1,1,5.48197,-0.0436332,0.0191753,-0.00415675,-0.85962,-0.631641
3374,1,-0.1,-0,-0,1,1,1,5.48197,0,0.010653,-0.00419705,-0.771193,-0.688037
3375,1,-0.1,-0,-0,1,1,1,5.48197,0,0.00958767,-0.00422855,-0.763633,-0.755713
3376,1,-0.1,-0,-0,1,1,1,5.48197,0,0.00639178,-0.0042269,-0.72826,-0.609082
3377,1,-0.1,-0,-0,1,1,1,5.48197,-0.00872665,0.0127836,-0.00422916,-0.798869,-0.530127
3378,1,-0.1,-0,-0,1,1,1,5.48197,-0.00698132,0.00213059,-0.00420492,-0.678486,-0.688037
3379,1,-0.1,-0,-0,1,1,1,5.48197,-0.00872665,-0.00958767,-0.00421967,-0.551532,-0.688037
3380,1,-0.1,-0,-0,1,1,1,5.48197,0,0.0117183,-0.00426266,-0.791572,-0.80083
3381,1,-0.1,-0,-0,1,1,1,5.48197,-0.00174533,-0.010653,-0.00426063,-0.545221,-0.688037
3382,1,-0.1,-0,-0,1,1,1,5.48197,0,-5.21845e-19,-0.00423279,-0.658729,-0.541406
3383,1,-0.1,-0,-0,1,1,1,5.48197,0,0.00745708,-0.00422495,-0.739722,-0.744434
3384,1,-0.1,-0,-0,1,1,1,5.48197,0.00698132,0.0010653,-0.00424421,-0.671954,-0.744434
3385,1,-0.1,-0,-0,1,1,1,5.48197,0,-0.00319589,-0.0042381,-0.624275,-0.80083
3386,1,-0.0999999,0.000189471,0.18921,1,1,1,5.48197,0.0174533,0.00958767,-0.00427451,-0.735261,-0.620361
3387,1,-0.0999946,0.00228297,0.643542,1,1,1,5.48187,0.020944,-0.00852238,-0.00423948,-0.429024,-0.665479
3388,1,-0.0999734,0.00657854,1.06995,1,1,1,5.48197,0,-0.00958767,-0.00418916,-0.286526,-0.541406
3389,1,-0.0999254,0.0129365,1.46887,1,1,1,5.48197,0,-0.00958767,-0.00410865,-0.131625,-0.360938
3390,1,-0.0998408,0.0212212,1.84095,1,1,1,5.48206,0.010472,5.87076e-19,-0.00400139,-0.0600482,-0.360938
3391,1,-0.0997102,0.0313023,2.18683,1,1,1,5.48216,0,0.00213059,-0.00392832,0.1062,-0.203027
3392,1,-0.099525,0.0430468,2.50697,1,1,1,5.48216,0.0139626,0.00213059,-0.00378275,0.321083,-0.112793
3393,1,-0.0992774,0.05632,2.80182,1,1,1,5.48226,0.0279253,0.0127836,-0.00359253,0.438766,0
3394,1,-0.0989593,0.0710276,3.07255,1,1,1,5.48235,0.0139626,0.0170448,-0.00337203,0.644414,0.0338379
3395,1,-0.0985647,0.087016,3.31908,1,1,1,5.48245,0.0366519,0.0170448,-0.00309223,0.916753,0.3271
3396,1,-0.0980872,0.104179,3.54224,1,1,1,5.48273,0.0855211,0.0213059,-0.00274148,1.16356,0.654199
3397,1,-0.0975212,0.1224,3.74259,1,1,1,5.48312,0.0959931,0.0617872,-0.00236657,1.02587,1.00386
3398,1,-0.0968617,0.141567,3.9207,1,1,1,5.4836,0.101229,0.0820279,-0.00198221,1.11985,1.09409
3399,1,-0.0961042,0.161569,4.07714,1,1,1,5.48408,0.0855211,0.0873543,-0.00164445,1.37753,1.19561
3400,1,-0.0952447,0.182304,4.21253,1,1,1,5.48456,0.15708,0.122509,-0.00134723,1.307,1.3084
3401,1,-0.09428,0.203663,4.3274,1,1,1,5.48542,0.171042,0.14488,-0.00105563,1.38022,1.28584
3402,1,-0.0932072,0.225544,4.42233,1,1,1,5.48628,0.174533,0.16086,-0.000804272,1.52065,1.27456
3403,1,-0.092024,0.247851,4.4979,1,1,1,5.48762,0.263545,0.232235,-0.000596662,1.04793,1.43247
3404,1,-0.0907281,0.270493,4.55472,1,1,1,5.48839,0.169297,0.236496,-0.000490648,1.29809,1.07153
3405,1,-0.0893188,0.293367,4.59331,1,1,1,5.48993,0.310669,0.271651,-0.000428855,1.20233,0.845947
3406,1,-0.0877942,0.316396,4.61429,1,1,1,5.49108,0.342085,0.286565,-0.000445567,1.31829,1.21816
3407,1,-0.0861547,0.339482,4.61821,1,1,1,5.49299,0.29147,0.347287,-0.000344192,0.944305,1.35352
3408,1,-0.0843992,0.362553,4.60566,1,1,1,5.49434,0.352557,0.334503,-0.000215912,1.379,1.37607
3409,1,-0.0825293,0.385513,4.57722,1,1,1,5.49644,0.328122,0.362201,7.46395e-05,1.38625,1.3084
3410,1,-0.0805446,0.408297,4.53345,1,1,1,5.49798,0.427606,0.388833,-3.73987e-05,1.34649,1.33096
3411,1,-0.0784467,0.430824,4.47493,1,1,1,5.50038,0.39619,0.388833,6.97456e-05,1.62303,1.26328
3412,1,-0.0762369,0.453023,4.40224,1,1,1,5.50229,0.507891,0.413335,0.000169595,1.62336,1.43247
3413,1,-0.0739171,0.474823,4.31597,1,1,1,5.50488,0.434587,0.444229,0.000232259,1.54083,1.19561
3414,1,-0.0714896,0.49616,4.21667,1,1,1,5.5068,0.507891,0.478318,0.000329971,1.42094,1.42119
3415,1,-0.0689564,0.51697,4.10492,1,1,1,5.50977,0.499164,0.487906,0.000401577,1.55777,1.29712
3416,1,-0.0663208,0.537189,3.98132,1,1,1,5.51178,0.528835,0.53691,0.000428336,1.24593,1.22944
3417,1,-0.0635857,0.556763,3.84643,1,1,1,5.51514,0.579449,0.55715,0.000463892,1.24134,1.18433
3418,1,-0.0607541,0.575637,3.7008,1,1,1,5.51754,0.654498,0.599762,0.000405695,0.96712,1.48887
3419,1,-0.0578302,0.593757,3.54504,1,1,1,5.52051,0.457276,0.618938,0.00030359,0.932113,0.857227
3420,1,-0.0548179,0.611072,3.37973,1,1,1,5.52319,0.731293,0.624264,0.000267128,1.04777,0.95874
3421,1,-0.0517208,0.627539,3.20543,1,1,1,5.52693,0.558505,0.630656,0.00026873,1.14602,1.17305
3422,1,-0.0485439,0.643113,3.02272,1,1,1,5.52943,0.671952,0.639178,0.000212012,1.2,1.02642
3423,1,-0.0452915,0.657752,2.83218,1,1,1,5.53336,0.722566,0.648766,0.000256985,1.24483,1.16177
3424,1,-0.0419682,0.671422,2.63438,1,1,1,5.53604,0.649262,0.66368,0.000315355,1.22059,1.45503
3425,1,-0.038579,0.684085,2.42991,1,1,1,5.54007,0.705113,0.680725,0.000330752,1.15301,1.26328
3426,1,-0.0351291,0.69571,2.21931,1,1,1,5.54285,0.637045,0.700965,0.000328117,1.03396,1.07153
3427,1,-0.0316236,0.706269,2.00319,1,1,1,5.54697,0.748746,0.700965,0.000337086,1.12556,1.11665
3428,1,-0.0280679,0.715735,1.7821,1,1,1,5.54994,0.68766,0.702031,0.000359435,1.19368,1.02642
3429,1,-0.0244679,0.724083,1.55665,1,1,1,5.55426,0.788889,0.704161,0.000363584,1.23316,1.0377
3430,1,-0.0208293,0.731294,1.32741,1,1,1,5.55723,0.708604,0.7521,0.000348631,0.751979,1.02642
3431,1,-0.0171575,0.737351,1.09495,1,1,1,5.56145,0.701622,0.744643,0.00031018,0.861169,0.924902
3432,1,-0.0134577,0.742239,0.859796,1,1,1,5.56461,0.762709,0.768079,0.000253337,0.613751,0.710596
3433,1,-0.00973695,0.745946,0.622601,1,1,1,5.56912,0.736529,0.762753,0.000197218,0.667857,0.812109
3434,1,-0.00599998,0.748463,0.383867,1,1,1,5.57219,0.7662,0.771275,0.000151727,0.5565,0.721875
3435,1,-0.00225417,0.749783,0.14426,1,1,1,5.5764,0.74351,0.765949,8.96889e-05,0.58041,0.609082
3436,1,0.0014954,0.749905,-0.0957037,1,1,1,5.57938,0.752237,0.741447,6.44397e-05,0.806175,0.518848
3437,1,0.0052429,0.748826,-0.335458,1,1,1,5.58388,0.816814,0.737185,0.000124735,0.80777,0.823389
3438,1,0.00898185,0.746551,-0.574396,1,1,1,5.58705,0.694641,0.732924,0.000194831,0.79695,0.80083
3439,1,0.0127065,0.743085,-0.811955,1,1,1,5.59136,0.802851,0.730794,0.000242514,0.745713,0.845947
3440,1,0.0164105,0.738435,-1.04754,1,1,1,5.59462,0.762709,0.735055,0.000273273,0.607564,0.721875
3441,1,0.0200888,0.732614,-1.28061,1,1,1,5.59874,0.706858,0.73399,0.00028084,0.510881,0.710596
3442,1,0.023735,0.725634,-1.51057,1,1,1,5.60162,0.706858,0.726533,0.000242581,0.463569,0.620361
3443,1,0.0273436,0.717513,-1.73686,1,1,1,5.60593,0.727802,0.710553,0.000218212,0.499164,0.47373
3444,1,0.0309083,0.708272,-1.95885,1,1,1,5.60881,0.720821,0.709488,0.000194107,0.358126,0.439893
3445,1,0.034424,0.697934,-2.176,1,1,1,5.61293,0.666716,0.716945,0.000125121,0.10413,0.270703
3446,1,0.0378853,0.686523,-2.38774,1,1,1,5.61552,0.668461,0.671137,0.000103803,0.430554,0.270703
3447,1,0.0412878,0.674065,-2.59354,1,1,1,5.61983,0.69115,0.66368,0.000116213,0.329054,0.146631
3448,1,0.0446248,0.660597,-2.79274,1,1,1,5.62223,0.598648,0.656223,0.000157922,0.221034,0.270703
3449,1,0.0478923,0.646149,-2.98481,1,1,1,5.62607,0.593412,0.644505,0.000189914,0.148292,0.146631
3450,1,0.0510846,0.630762,-3.16914,1,1,1,5.62846,0.600393,0.62746,0.00025038,0.128461,0.281982
3451,1,0.0541978,0.614475,-3.34516,1,1,1,5.63201,0.574213,0.584848,0.000318428,0.380963,0.191748
3452,1,0.0572279,0.597326,-3.51236,1,1,1,5.63431,0.593412,0.589109,0.000396357,0.111727,0.248145
3453,1,0.0601702,0.579364,-3.6701,1,1,1,5.63776,0.532325,0.562477,0.000504613,0.177974,0.203027
3454,1,0.0630202,0.560642,-3.8178,1,1,1,5.63997,0.502655,0.542236,0.000588186,0.162992,0.0902344
3455,1,0.065775,0.541206,-3.9549,1,1,1,5.64304,0.551524,0.523061,0.000655425,0.127132,0.135352
3456,1,0.068431,0.521112,-4.08084,1,1,1,5.64515,0.518363,0.496428,0.000780837,0.176472,0.169189
3457,1,0.0709851,0.500418,-4.19503,1,1,1,5.64821,0.464258,0.481514,0.000887737,0.0888946,0.0676758
3458,1,0.0734345,0.47918,-4.2969,1,1,1,5.65003,0.446804,0.469796,0.000929666,-0.0476661,0.0902344
3459,1,0.0757762,0.457469,-4.38586,1,1,1,5.65262,0.469494,0.446359,0.000931873,-0.0652417,-0.0563965
3460,1,0.0780087,0.435343,-4.46135,1,1,1,5.65454,0.436332,0.455947,0.000962367,-0.443771,-0.0112793
3461,1,0.0801291,0.412879,-4.52278,1,1,1,5.65684,0.387463,0.428249,0.000955903,-0.420223,0
3462,1,0.0821369,0.39014,-4.56958,1,1,1,5.65828,0.356047,0.382442,0.000984975,-0.193189,-0.0451172
3463,1,0.0840302,0.367209,-4.60117,1,1,1,5.66058,0.387463,0.365397,0.00104428,-0.276972,-0.0225586
3464,1,0.0858089,0.344154,-4.61699,1,1,1,5.66192,0.305433,0.316393,0.00112959,-0.00435887,-0.0338379
3465,1,0.0874718,0.321064,-4.61644,1,1,1,5.66374,0.312414,0.307871,0.00120655,-0.174986,-0.0563965
3466,1,0.0890195,0.298019,-4.59896,1,1,1,5.6648,0.23911,0.275912,0.00133471,-0.0771438,-0.0112793
3467,1,0.0904522,0.275104,-4.56397,1,1,1,5.66624,0.251327,0.256737,0.00143828,-0.118412,0.0225586
3468,1,0.0917709,0.25241,-4.5109,1,1,1,5.6672,0.207694,0.213059,0.00163973,0.129669,0.0112793
3469,1,0.0929767,0.230029,-4.43917,1,1,1,5.66844,0.193732,0.209863,0.00181877,-0.0629963,0.0225586
3470,1,0.0940719,0.208049,-4.34818,1,1,1,5.66911,0.171042,0.151272,0.00203568,0.367342,0.0563965
3471,1,0.0950582,0.186576,-4.23739,1,1,1,5.67017,0.148353,0.115052,0.00223638,0.55888,0.0902344
3472,1,0.0959385,0.165712,-4.10624,1,1,1,5.67065,0.120428,0.110791,0.0025037,0.420578,0.0338379
3473,1,0.0967164,0.145551,-3.95409,1,1,1,5.67141,0.102974,0.107595,0.00273645,0.2777,0.203027
3474,1,0.0973954,0.126206,-3.7804,1,1,1,5.6717,0.0802851,0.0798973,0.00293142,0.411969,0.203027
3475,1,0.09798,0.107783,-3.58459,1,1,1,5.67228,0.0925025,0.0543301,0.00312629,0.537974,0.236865
3476,1,0.098475,0.0903975,-3.3661,1,1,1,5.67247,0.0628319,0.0639178,0.0032636,0.285751,0.270703
3477,1,0.0988859,0.0741615,-3.12434,1,1,1,5.67285,0.0453786,0.0298283,0.00340409,0.531585,0.349658
3478,1,0.0992187,0.0591942,-2.85873,1,1,1,5.67295,0.0331613,0.039416,0.00351261,0.312434,0.360938
3479,1,0.0994802,0.0456148,-2.56869,1,1,1,5.67314,0.0191986,0.00852238,0.00365805,0.564399,0.372217
3480,1,0.0996774,0.0335482,-2.25365,1,1,1,5.67324,0.0279253,0.00852238,0.00378874,0.497155,0.360938
3481,1,0.0998184,0.0231209,-1.91305,1,1,1,5.67333,0.00872665,0.00532648,0.00389174,0.484848,0.48501
3482,1,0.0999116,0.0144616,-1.5463,1,1,1,5.67333,0,-0.00639178,0.00401621,0.595501,0.417334
3483,1,0.0999662,0.00770231,-1.15281,1,1,1,5.67343,0.00872665,-0.0117183,0.00413027,0.661602,0.541406
3484,1,0.099992,0.00297842,-0.731997,1,1,1,5.67343,0.0174533,0.00319589,0.00413775,0.518753,0.620361
3485,1,0.0999996,0.000428444,-0.283364,1,1,1,5.67333,0,0.0010653,0.00416027,0.59443,0.620361
3486,1,0.1,0,0,1,1,1,5.67343,0,0.0010653,0.00415,0.636082,0.64292
3487,1,0.1,0,0,1,1,1,5.67343,0,0.00745708,0.00416586,0.567866,0.676758
3488,1,0.1,0,0,1,1,1,5.67343,0,0.0138489,0.00414486,0.494785,0.609082
3489,1,0.1,0,0,1,1,1,5.67343,0,0.00426119,0.00414371,0.600097,0.654199
3490,1,0.1,0,0,1,1,1,5.67352,0,0.0170448,0.00413686,0.458574,0.665479
3491,1,0.1,0,0,1,1,1,5.67352,0,-0.0117183,0.00411797,0.772473,0.665479
3492,1,0.1,0,0,1,1,1,5.67352,0,0.00958767,0.0041027,0.536092,0.631641
3493,1,0.1,0,0,1,1,1,5.67352,0,-0.00319589,0.00410034,0.6764,0.64292
3494,1,0.1,0,0,1,1,1,5.67352,0,-0.00532648,0.00408959,0.698417,0.586523
3495,1,0.1,0,0,1,1,1,5.67352,0,0.0127836,0.00403296,0.491732,0.586523
3496,1,0.1,0,0,1,1,1,5.67343,0,-0.0010653,0.00401527,0.641734,0.575244
3497,1,0.1,0,0,1,1,1,5.67343,0,-0.0010653,0.00401564,0.641783,0.462451
3498,1,0.1,0,0,1,1,1,5.67352,0.0174533,0.00745708,0.00400778,0.546998,0.688037
3499,1,0.1,0,0,1,1,1,5.67352,0,-0.0447425,0.00398513,1.1182,0.541406
3500,1,0.1,0,0,1,1,1,5.67352,0,0.0170448,0.0039604,0.435281,0.507568
3501,1,0.1,0,0,1,1,1,5.67343,-0.00872665,0.00319589,0.0039099,0.580951,0.48501
3502,1,0.1,0,0,1,1,1,5.67352,0,-0.00958767,0.00392919,0.724117,0.586523
3503,1,0.1,0,0,1,1,1,5.67352,0,0.0127836,0.0038836,0.472016,0.530127
3504,1,0.1,0,0,1,1,1,5.67343,0,-0.0149142,0.00387329,0.77533,0.451172
3505,1,0.1,0,0,1,1,1,5.67352,0.020944,0.0159795,0.00383841,0.430896,0.755713
3506,1,0.1,0,0,1,1,1,5.67343,-0.0645772,-0.00426119,0.00380598,0.649263,0.338379
3507,1,0.1,0,0,1,1,1,5.67352,0.020944,-0.0191753,0.00377439,0.809149,0.654199
3508,1,0.1,0,0,1,1,1,5.67352,-0.00872665,-0.00319589,0.00377512,0.63347,0.688037
3509,1,0.1,0,0,1,1,1,5.67352,0,0.00745708,0.00373726,0.511291,0.462451
3510,1,0.1,0,0,1,1,1,5.67352,-0.0122173,0.0010653,0.00375617,0.584096,0.439893
3511,1,0.1,0,0,1,1,1,5.67352,0,0.0149142,0.00376203,0.432533,0.518848
3512,1,0.1,0,0,1,1,1,5.67352,0,0.00213059,0.0037547,0.572184,0.575244
3513,1,0.1,0,0,1,1,1,5.67352,0,0.00958767,0.00371804,0.485317,0.586523
3514,1,0.1,0,0,1,1,1,5.67352,0,-0.00958767,0.00368096,0.691352,0.575244
3515,1,0.1,0,0,1,1,1,5.67352,0.015708,0.0202406,0.00364067,0.357922,0.620361
3516,1,0.1,0,0,1,1,1,5.67343,-0.0191986,-0.00639178,0.00363742,0.650449,0.620361
3517,1,0.1,0,0,1,1,1,5.67352,0,-0.00426119,0.00360828,0.623166,0.631641
3518,1,0.1,0,0,1,1,1,5.67352,0,-0.0159795,0.00358749,0.749323,0.609082
3519,1,0.1,0,0,1,1,1,5.67352,0.0261799,-0.010653,0.00362133,0.695198,0.64292
3520,1,0.1,0,0,1,1,1,5.67352,0,0.0170448,0.00361777,0.390053,0.699316
3521,1,0.1,0,0,1,1,1,5.67352,-0.00349066,-0.00426119,0.00364085,0.627465,0.64292
3522,1,0.1,0,0,1,1,1,5.67352,0,0.00639178,0.00361375,0.506706,0.507568
3523,1,0.1,0,0,1,1,1,5.67352,-0.00523599,-0.00213059,0.00358642,0.596844,0.609082
3524,1,0.1,0,0,1,1,1,5.67343,-0.0139626,0.00213059,0.00360067,0.551852,0.552686
3525,1,0.1,0,0,1,1,1,5.67352,-0.0331613,-0.0245018,0.00361036,0.846087,0.586523
3526,1,0.1,0,0,1,1,1,5.67352,0.0226893,0.0138489,0.00359395,0.422064,0.609082
3527,1,0.1,0,0,1,1,1,5.67352,-0.020944,-0.00745708,0.00360062,0.65731,0.518848
3528,1,0.1,0,0,1,1,1,5.67352,0.0296706,-0.00958767,0.00356944,0.67663,0.64292
3529,1,0.1,0,0,1,1,1,5.67352,0.0366519,-0.00319589,0.00356999,0.606393,0.676758
3530,1,0.1,0,0,1,1,1,5.67352,-0.0471239,0.00745708,0.00355729,0.487535,0.586523
3531,1,0.1,0,0,1,1,1,5.67352,0,0.00639178,0.00354193,0.497226,0.530127
3532,1,0.1,0,0,1,1,1,5.67352,0,-0.00958767,0.00351817,0.669863,0.47373
3533,1,0.1,0,0,1,1,1,5.67352,0.0279253,0.00958767,0.00350255,0.456872,0.64292
3534,1,0.1,0,0,1,1,1,5.67343,-0.0279253,0.01811,0.0034974,0.362446,0.575244
3535,1,0.1,0,0,1,1,1,5.67343,-0.0174533,0.0234365,0.00347423,0.300797,0.620361
3536,1,0.1,0,0,1,1,1,5.67352,-0.00349066,-0.00319589,0.00348986,0.595817,0.609082
3537,1,0.1,0,0,1,1,1,5.67352,0,-0.00745708,0.00350708,0.644963,0.620361
3538,1,0.1,0,0,1,1,1,5.67352,0,0.00213059,0.00344302,0.531043,0.518848
3539,1,0.1,0,0,1,1,1,5.67352,0.0122173,0.00745708,0.00341853,0.469218,0.541406
3540,1,0.1,0,0,1,1,1,5.67352,0,0.0127836,0.00343774,0.413162,0.586523
3541,1,0.1,0,0,1,1,1,5.67352,-0.020944,-0.0138489,0.00341102,0.702592,0.541406
3542,1,0.1,0,0,1,1,1,5.67352,0.00349066,0.0159795,0.00339252,0.372039,0.541406
3543,1,0.1,0,0,1,1,1,5.67352,-0.00872665,0.0127836,0.00340886,0.40935,0.552686
3544,1,0.1,0,0,1,1,1,5.67352,0,0.0010653,0.00339956,0.537024,0.665479
3545,1,0.1,0,0,1,1,1,5.67352,0,0.00426119,0.00339206,0.500879,0.417334
3546,1,0.1,0,0,1,1,1,5.67352,0.0296706,0.00213059,0.00341346,0.52714,0.654199
3547,1,0.1,0,0,1,1,1,5.67352,0,-0.00639178,0.00341154,0.620633,0.439893
3548,1,0.1,0,0,1,1,1,5.67352,0,-0.010653,0.00341872,0.668453,0.518848
3549,1,0.1,0,0,1,1,1,5.67352,0,0.0213059,0.0034202,0.317101,0.507568
3550,1,0.1,0,0,1,1,1,5.67352,0,0.0170448,0.0034349,0.365914,0.383496
3551,1,0.1,0,0,1,1,1,5.67352,-0.0436332,0.00639178,0.003411,0.479942,0.406055
3552,1,0.1,0,0,1,1,1,5.67352,0.0244346,-0.00958767,0.00341655,0.656449,0.462451
3553,1,0.1,0,0,1,1,1,5.67352,0,-0.00319589,0.00343951,0.589171,0.48501
3554,1,0.1,0,0,1,1,1,5.67352,0,-0.00745708,0.00344654,0.636972,0.586523
3555,1,0.1,0,0,1,1,1,5.67352,0,-0.0138489,0.00345834,0.708839,0.48501
3556,1,0.1,0,0,1,1,1,5.67352,0,-0.0202406,0.00344405,0.777262,0.496289
3557,1,0.1,0,0,1,1,1,5.67352,0.0418879,-0.0170448,0.00343375,0.740747,0.541406
3558,1,0.1,0,0,1,1,1,5.67352,-0.0174533,-0.00213059,0.00343654,0.577059,0.530127
3559,1,0.1,0,0,1,1,1,5.67352,0,-0.010653,0.00346049,0.673968,0.530127
3560,1,0.1,0,0,1,1,1,5.67352,0.00872665,-0.00319589,0.00346036,0.591922,0.462451
3561,1,0.1,0,0,1,1,1,5.67352,0,-0.00319589,0.00343714,0.588857,0.462451
3562,1,0.1,0,0,1,1,1,5.67352,0,0.00319589,0.00342159,0.516496,0.451172
3563,1,0.1,0,0,1,1,1,5.67352,-0.00523599,-0.010653,0.00338877,0.6645,0.360938
3564,1,0.1,0,0,1,1,1,5.67343,0.00174533,-0.00319589,0.00339826,0.583725,0.372217
3565,1,0.1,0,0,1,1,1,5.67352,0,-0.0159795,0.00338201,0.722199,0.541406
3566,1,0.1,0,0,1,1,1,5.67352,0,-0.00639178,0.00341254,0.620765,0.586523
3567,1,0.1,0,0,1,1,1,5.67352,0,0.00958767,0.00337618,0.440191,0.620361
3568,1,0.1,0,0,1,1,1,5.67352,0,-0.00958767,0.0033387,0.646173,0.507568
3569,1,0.1,0,0,1,1,1,5.67352,0.0122173,0.0170448,0.00333464,0.35268,0.406055
3570,1,0.1,0,0,1,1,1,5.67343,-0.0174533,-0.00745708,0.00331689,0.619857,0.462451
3571,1,0.1,0,0,1,1,1,5.67352,0,0.00958767,0.00331577,0.432218,0.609082
3572,1,0.1,0,0,1,1,1,5.67352,-0.00872665,0.0010653,0.00326502,0.519264,0.530127
3573,1,0.1,0,0,1,1,1,5.67352,0,-0.00958767,0.00327868,0.63825,0.586523
3574,1,0.1,0,0,1,1,1,5.67352,-0.00872665,-0.00958767,0.00326182,0.636025,0.541406
3575,1,0.1,0,0,1,1,1,5.67352,0,0.00532648,0.00326563,0.472471,0.518848
3576,1,0.1,0,0,1,1,1,5.67352,0,0.0138489,0.00327453,0.379901,0.496289
3577,1,0.1,0,0,1,1,1,5.67352,0,-0.0010653,0.0032998,0.547292,0.428613
3578,1,0.1,0,0,1,1,1,5.67352,0.0174533,0.00319589,0.00327575,0.497244,0.597803
3579,1,0.1,0,0,1,1,1,5.67343,0,-3.26153e-19,0.00325741,0.529978,0.417334
3580,1,0.1,0,0,1,1,1,5.67352,0.00349066,0.00852238,0.00323739,0.433589,0.541406
3581,1,0.1,0,0,1,1,1,5.67352,0,-0.00852238,0.00324057,0.621501,0.710596
3582,1,0.1,0,0,1,1,1,5.67352,-0.0174533,-0.0202406,0.00328504,0.756272,0.64292
3583,1,0.1,0,0,1,1,1,5.67352,0.0174533,0.00852238,0.00327426,0.438457,0.563965
3584,1,0.1,0,0,1,1,1,5.67352,0,0.0010653,0.00331919,0.526415,0.631641
3585,1,0.1,0,0,1,1,1,5.67352,-0.0226893,0.00213059,0.00330286,0.512542,0.48501
3586,1,0.1,0,0,1,1,1,5.67352,0.0226893,0.00319589,0.00325801,0.494902,0.518848
3587,1,0.1,0,0,1,1,1,5.67352,0,0.0191753,0.00324719,0.3177,0.575244
3588,1,0.1,0,0,1,1,1,5.67352,-0.0244346,0.00319589,0.00321588,0.489341,0.518848
3589,1,0.1,0,0,1,1,1,5.67352,0,0.010653,0.00318469,0.403196,0.383496
3590,1,0.1,0,0,1,1,1,5.67343,0.00174533,-0.00639178,0.00319233,0.591697,0.575244
3591,1,0.1,0,0,1,1,1,5.67352,0.00349066,-0.010653,0.00319572,0.639017,0.48501
3592,1,0.1,0,0,1,1,1,5.67352,0,-0.0010653,0.00319084,0.53291,0.552686
3593,1,0.1,0,0,1,1,1,5.67352,0.00698132,-0.00639178,0.00320818,0.593789,0.64292
3594,1,0.1,0,0,1,1,1,5.67343,-0.0349066,-0.0117183,0.00321785,0.653657,0.609082
3595,1,0.1,0,0,1,1,1,5.67352,0,0.010653,0.00317941,0.402499,0.609082
3596,1,0.1,0,0,1,1,1,5.67343,-0.0331613,-0.0127836,0.00316815,0.658815,0.394775
3597,1,0.1,0,0,1,1,1,5.67352,0.0174533,-0.0010653,0.00319407,0.533335,0.575244
3598,1,0.1,0,0,1,1,1,5.67352,0,0.0191753,0.00317923,0.308729,0.575244
3599,1,0.1,0,0,1,1,1,5.67343,-0.0122173,0.0202406,0.00318219,0.297402,0.48501
3600,1,0.1,0,0,1,1,1,5.67352,0.0174533,0.00639178,0.00315592,0.446271,0.541406
3601,1,0.1,0,0,1,1,1,5.67343,0.00523599,0.00426119,0.00316486,0.470889,0.552686
3602,1,0.1,0,0,1,1,1,5.67352,0,0.00319589,0.00313404,0.478539,0.31582
3603,1,0.1,0,0,1,1,1,5.67352,0.0174533,0.00958767,0.00311673,0.405944,0.563965
3604,1,0.1,0,0,1,1,1,5.67343,-0.0174533,-0.00745708,0.00308745,0.589572,0.552686
3605,1,0.1,0,0,1,1,1,5.67352,0,-0.00319589,0.00313963,0.549586,0.530127
3606,1,0.1,0,0,1,1,1,5.67352,0.0296706,0.0138489,0.00315518,0.364147,0.530127
3607,1,0.1,0,0,1,1,1,5.67343,-0.010472,-0.00213059,0.00314864,0.539058,0.47373
3608,1,0.1,0,0,1,1,1,5.67352,0,-0.0010653,0.0031557,0.52827,0.631641
3609,1,0.1,0,0,1,1,1,5.67352,0,-0.00745708,0.00315172,0.598055,0.349658
3610,1,0.1,0,0,1,1,1,5.67352,0,-0.00319589,0.00313186,0.54856,0.406055
3611,1,0.1,0,0,1,1,1,5.67352,0.00872665,-0.00426119,0.00313052,0.560101,0.541406
3612,1,0.1,0,0,1,1,1,5.67352,0,0.00213059,0.00307258,0.482145,0.530127
3613,1,0.1,0,0,1,1,1,5.67352,0.00349066,0.0223712,0.00307399,0.259683,0.654199
3614,1,0.1,0,0,1,1,1,5.67352,-0.0453786,-0.00213059,0.00306022,0.527386,0.586523
3615,1,0.1,0,0,1,1,1,5.67352,0,-0.00745708,0.00305615,0.58544,0.609082
3616,1,0.1,0,0,1,1,1,5.67343,-0.0244346,-0.0117183,0.00307283,0.634514,0.48501
3617,1,0.1,0,0,1,1,1,5.67352,0,-0.0010653,0.00306993,0.516949,0.64292
3618,1,0.1,0,0,1,1,1,5.67343,-0.0174533,0.00639178,0.00305379,0.432791,0.518848
3619,1,0.1,0,0,1,1,1,5.67352,0,-0.00745708,0.00301061,0.579429,0.3271
3620,1,0.1,0,0,1,1,1,5.67343,0,0.0202406,0.00301597,0.275461,0.48501
3621,1,0.1,0,0,1,1,1,5.67343,-0.0244346,0.0255671,0.00303782,0.219754,0.688037
3622,1,0.1,0,0,1,1,1,5.67352,0,0.010653,0.0030204,0.38151,0.496289
3623,1,0.1,0,0,1,1,1,5.67343,0,-0.00532648,0.00304412,0.560415,0.530127
3624,1,0.1,0,0,1,1,1,5.67352,0.0174533,0.00958767,0.00303164,0.394712,0.620361
3625,1,0.1,0,0,1,1,1,5.67343,0,-0.00213059,0.00301219,0.521045,0.541406
3626,1,0.1,0,0,1,1,1,5.67352,0,0.00745708,0.00301571,0.416046,0.496289
3627,1,0.1,0,0,1,1,1,5.67352,0,0.00426119,0.00304705,0.455338,0.688037
3628,1,0.1,0,0,1,1,1,5.67352,-0.00349066,-0.00319589,0.00307621,0.541214,0.530127
3629,1,0.1,0,0,1,1,1,5.67352,0,0.010653,0.00305196,0.385677,0.563965
3630,1,0.1,0,0,1,1,1,5.67343,0,-0.0010653,0.00302288,0.510738,0.281982
3631,1,0.1,0,0,1,1,1,5.67352,0.00523599,-0.0010653,0.00305358,0.51479,0.586523
3632,1,0.1,0,0,1,1,1,5.67352,0,0.0010653,0.00301392,0.486119,0.47373
3633,1,0.1,0,0,1,1,1,5.67343,0.00872665,0.00532648,0.00299722,0.437042,0.383496
3634,1,0.1,0,0,1,1,1,5.67352,0.0383972,0.00213059,0.00296289,0.467665,0.518848
3635,1,0.1,0,0,1,1,1,5.67343,0,0.00958767,0.0029452,0.383302,0.496289
3636,1,0.1,0,0,1,1,1,5.67343,-0.015708,0.0149142,0.00295006,0.325352,0.406055
3637,1,0.1,0,0,1,1,1,5.67343,-0.0279253,-0.00426119,0.00293375,0.534128,0.47373
3638,1,0.1,0,0,1,1,1,5.67343,0.015708,0.0159795,0.00289333,0.306146,0.575244
3639,1,0.1,0,0,1,1,1,5.67343,0,0.0159795,0.00290235,0.307336,0.518848
3640,1,0.1,0,0,1,1,1,5.67352,0,0.0127836,0.00287763,0.339228,0.439893
3641,1,0.1,0,0,1,1,1,5.67343,0,-0.00532648,0.00290122,0.541553,0.462451
3642,1,0.1,0,0,1,1,1,5.67343,0.0139626,0.010653,0.00292824,0.369345,0.575244
3643,1,0.1,0,0,1,1,1,5.67343,-0.0331613,0.0117183,0.0029065,0.354758,0.530127
3644,1,0.1,0,0,1,1,1,5.67343,0.00174533,-0.010653,0.00289762,0.599669,0.451172
3645,1,0.1,0,0,1,1,1,5.67352,0,-0.00319589,0.00294738,0.524208,0.654199
3646,1,0.1,0,0,1,1,1,5.67343,-0.0261799,0.00319589,0.00291862,0.450103,0.48501
3647,1,0.1,0,0,1,1,1,5.67343,0.00872665,-0.0010653,0.00290458,0.495123,0.417334
3648,1,0.1,0,0,1,1,1,5.67352,0.0122173,0.0127836,0.00287659,0.339091,0.563965
3649,1,0.1,0,0,1,1,1,5.67343,0,-0.00213059,0.00287671,0.503162,0.406055
3650,1,0.1,0,0,1,1,1,5.67352,0.0139626,6.52306e-20,0.00284985,0.47618,0.349658
3651,1,0.1,0,0,1,1,1,5.67343,0,-0.0010653,0.0028369,0.486189,0.47373
3652,1,0.1,0,0,1,1,1,5.67343,0,0.00213059,0.00282199,0.449067,0.609082
3653,1,0.1,0,0,1,1,1,5.67343,0,-0.0127836,0.00283416,0.614728,0.417334
3654,1,0.1,0,0,1,1,1,5.67352,0.0174533,-0.0010653,0.00282028,0.483995,0.518848
3655,1,0.1,0,0,1,1,1,5.67343,0,0.0127836,0.00280256,0.329319,0.3271
3656,1,0.1,0,0,1,1,1,5.67343,0.0296706,0.00639178,0.00276706,0.394942,0.518848
3657,1,0.1,0,0,1,1,1,5.67343,0,-0.00958767,0.00274319,0.567565,0.304541
3658,1,0.1,0,0,1,1,1,5.67343,0.020944,-0.0127836,0.00276372,0.60543,0.518848
3659,1,0.1,0,0,1,1,1,5.67343,0,-0.00319589,0.0027699,0.500782,0.48501
3660,1,0.1,0,0,1,1,1,5.67343,0,-0.00319589,0.00277546,0.501515,0.349658
3661,1,0.1,0,0,1,1,1,5.67343,0,0.00852238,0.00275043,0.369311,0.428613
3662,1,0.1,0,0,1,1,1,5.67343,-0.0139626,-0.00639178,0.00272447,0.52994,0.248145
3663,1,0.1,0,0,1,1,1,5.67343,0.010472,0.00745708,0.00274191,0.379905,0.48501
3664,1,0.1,0,0,1,1,1,5.67343,0,0.0138489,0.00271885,0.30655,0.439893
3665,1,0.1,0,0,1,1,1,5.67343,0,0.0010653,0.0026821,0.442319,0.394775
3666,1,0.1,0,0,1,1,1,5.67343,0,-0.0138489,0.00266805,0.60452,0.372217
3667,1,0.1,0,0,1,1,1,5.67343,0.0174533,0.0170448,0.00268653,0.26713,0.406055
3668,1,0.1,0,0,1,1,1,5.67343,0,-0.00319589,0.00265551,0.485682,0.225586
3669,1,0.1,0,0,1,1,1,5.67343,0,0.00426119,0.002659,0.404115,0.417334
3670,1,0.1,0,0,1,1,1,5.67343,-0.0139626,0.00958767,0.00267148,0.347171,0.360938
3671,1,0.1,0,0,1,1,1,5.67343,-0.0296706,-0.00532648,0.00263517,0.506434,0.293262
3672,1,0.1,0,0,1,1,1,5.67343,0.0244346,0.01811,0.00260524,0.244681,0.394775
3673,1,0.1,0,0,1,1,1,5.67333,0,-0.00852238,0.00260159,0.537156,0.439893
3674,1,0.1,0,0,1,1,1,5.67343,0,-0.00319589,0.00266004,0.48628,0.417334
3675,1,0.1,0,0,1,1,1,5.67343,0,0.00532648,0.0026596,0.392476,0.451172
3676,1,0.1,0,0,1,1,1,5.67343,0,0.0276977,0.00267888,0.148937,0.451172
3677,1,0.1,0,0,1,1,1,5.67343,-0.0401426,0.0191753,0.00265125,0.239036,0.47373
3678,1,0.1,0,0,1,1,1,5.67343,0.0349066,0.00213059,0.00264297,0.425436,0.518848
3679,1,0.1,0,0,1,1,1,5.67343,0,-0.00639178,0.00264144,0.518979,0.518848
3680,1,0.1,0,0,1,1,1,5.67343,-0.00872665,0.00319589,0.00265702,0.415572,0.530127
3681,1,0.1,0,0,1,1,1,5.67343,-0.00698132,0.00213059,0.00263807,0.424789,0.338379
3682,1,0.1,0,0,1,1,1,5.67343,0,-0.00426119,0.00260605,0.490871,0.383496
3683,1,0.1,0,0,1,1,1,5.67343,0,-0.0319589,0.00265035,0.801394,0.394775
3684,1,0.1,0,0,1,1,1,5.67343,0.010472,0.00852238,0.0025939,0.348649,0.225586
3685,1,0.1,0,0,1,1,1,5.67343,0.020944,0.0170448,0.00253632,0.247213,0.417334
3686,1,0.0999999,-0.000189362,-0.189156,1,1,1,5.67333,-0.0471239,0.00958767,0.00254241,0.295706,0.304541
3687,1,0.0999946,-0.00228284,-0.643524,1,1,1,5.67333,-0.015708,-0.00213059,0.00255415,0.323751,0.293262
3688,1,0.0999734,-0.00657784,-1.06989,1,1,1,5.67343,0.0349066,-0.00958767,0.00250962,0.275778,0.31582
3689,1,0.0999254,-0.0129363,-1.46887,1,1,1,5.67333,0,-0.00852238,0.00251868,0.12097,0.338379
3690,1,0.0998408,-0.0212218,-1.84098,1,1,1,5.67324,-0.0349066,-0.010653,0.00246913,-0.0250271,0.248145
3691,1,0.0997102,-0.031302,-2.18682,1,1,1,5.67324,0,-0.00852238,0.00238459,-0.239766,0.214307
3692,1,0.099525,-0.0430464,-2.50696,1,1,1,5.67324,-0.020944,-0.0149142,0.00221503,-0.388198,0.0789551
3693,1,0.0992772,-0.0563307,-2.80204,1,1,1,5.67304,0,-0.0213059,0.00201053,-0.556057,-0.0789551
3694,1,0.0989593,-0.0710267,-3.07253,1,1,1,5.67295,-0.0715585,0.00426119,0.00177281,-1.09309,-0.304541
3695,1,0.0985647,-0.0870169,-3.3191,1,1,1,5.67228,-0.137881,-0.0191753,0.00146828,-1.11411,-0.812109
3696,1,0.0980872,-0.10418,-3.54225,1,1,1,5.67189,-0.0610865,-0.0468731,0.00121058,-1.09139,-0.924902
3697,1,0.0975212,-0.1224,-3.74258,1,1,1,5.67161,-0.102974,-0.0735055,0.000961939,-1.0882,-1.08281
3698,1,0.0968616,-0.141568,-3.9207,1,1,1,5.67113,-0.0890118,-0.127836,0.000774362,-0.779403,-1.0377
3699,1,0.0961041,-0.161571,-4.07716,1,1,1,5.67055,-0.0698132,-0.149142,0.000632887,-0.832811,-0.891064
3700,1,0.0952447,-0.182304,-4.21253,1,1,1,5.66988,-0.233874,-0.159795,0.000494956,-1.00783,-0.924902
3701,1,0.0942801,-0.203662,-4.32739,1,1,1,5.66863,-0.191986,-0.17897,0.000347031,-1.09528,-1.17305
3702,1,0.0932073,-0.225543,-4.42232,1,1,1,5.66768,-0.218166,-0.204537,0.00021331,-1.1133,-1.10537
3703,1,0.0920239,-0.247853,-4.49791,1,1,1,5.66633,-0.216421,-0.252475,0.00019236,-0.870658,-1.10537
3704,1,0.0907281,-0.270493,-4.55472,1,1,1,5.66557,-0.216421,-0.268455,0.000184819,-0.977499,-0.845947
3705,1,0.0893188,-0.293367,-4.59331,1,1,1,5.66374,-0.305433,-0.288695,0.000154548,-1.04077,-1.02642
3706,1,0.0877941,-0.316398,-4.61429,1,1,1,5.66279,-0.23911,-0.313197,0.000106475,-1.05885,-1.00386
3707,1,0.0861545,-0.339485,-4.61821,1,1,1,5.66058,-0.394444,-0.324916,4.97301e-05,-1.21662,-1.09409
3708,1,0.0843992,-0.362553,-4.60566,1,1,1,5.65905,-0.39619,-0.338764,5.89584e-06,-1.34574,-1.17305
3709,1,0.0825291,-0.385515,-4.57722,1,1,1,5.65684,-0.376991,-0.377115,-3.78353e-05,-1.20186,-1.16177
3710,1,0.0805446,-0.408297,-4.53345,1,1,1,5.6555,-0.326377,-0.409074,-6.66059e-05,-1.12138,-1.09409
3711,1,0.0784467,-0.430823,-4.47493,1,1,1,5.65282,-0.464258,-0.421858,-7.99049e-05,-1.24343,-1.16177
3712,1,0.0762369,-0.453023,-4.40224,1,1,1,5.65099,-0.453786,-0.444229,-0.000141418,-1.26118,-1.34224
3713,1,0.0739168,-0.474826,-4.31595,1,1,1,5.6485,-0.387463,-0.481514,-0.000155597,-1.10118,-1.24072
3714,1,0.0714894,-0.496161,-4.21666,1,1,1,5.64678,-0.462512,-0.469796,-0.000201513,-1.47623,-1.19561
3715,1,0.0689562,-0.516971,-4.10492,1,1,1,5.64332,-0.619592,-0.487906,-0.000296431,-1.52274,-1.33096
3716,1,0.0663205,-0.537192,-3.98131,1,1,1,5.64121,-0.460767,-0.52093,-0.000404833,-1.39825,-1.46631
3717,1,0.0635852,-0.556766,-3.8464,1,1,1,5.63824,-0.548033,-0.53904,-0.000486323,-1.42413,-1.33096
3718,1,0.0607542,-0.575637,-3.7008,1,1,1,5.63585,-0.610865,-0.549693,-0.000540621,-1.51732,-1.18433
3719,1,0.0578301,-0.593757,-3.54504,1,1,1,5.63249,-0.593412,-0.572064,-0.000573003,-1.46794,-1.22944
3720,1,0.0548178,-0.611072,-3.37973,1,1,1,5.63009,-0.626573,-0.616807,-0.000584075,-1.15838,-1.27456
3721,1,0.0517211,-0.627538,-3.20544,1,1,1,5.62626,-0.542797,-0.640243,-0.000584174,-1.0692,-1.39863
3722,1,0.0485441,-0.643112,-3.02273,1,1,1,5.62405,-0.568977,-0.648766,-0.000526462,-1.123,-1.12793
3723,1,0.0452917,-0.657751,-2.8322,1,1,1,5.61993,-0.703368,-0.669006,-0.000493023,-1.03946,-1.10537
3724,1,0.0419683,-0.671421,-2.6344,1,1,1,5.61734,-0.631809,-0.6999,-0.000475857,-0.827959,-1.15049
3725,1,0.0385793,-0.684084,-2.42992,1,1,1,5.61312,-0.727802,-0.704161,-0.000446179,-0.893969,-1.17305
3726,1,0.0351295,-0.695709,-2.21934,1,1,1,5.61034,-0.621337,-0.706292,-0.000376618,-0.963883,-1.01514
3727,1,0.0316237,-0.706269,-2.00319,1,1,1,5.60612,-0.809833,-0.713749,-0.000321476,-0.963652,-0.97002
3728,1,0.0280684,-0.715734,-1.78213,1,1,1,5.60315,-0.668461,-0.71801,-0.000280364,-0.986697,-0.789551
3729,1,0.0244683,-0.724083,-1.55667,1,1,1,5.59893,-0.816814,-0.739316,-0.000220059,-0.805231,-0.947461
3730,1,0.0208293,-0.731294,-1.32741,1,1,1,5.59606,-0.656244,-0.737185,-0.000221818,-0.876511,-0.902344
3731,1,0.0171571,-0.737351,-1.09492,1,1,1,5.59155,-0.774926,-0.723337,-0.000230916,-1.06246,-0.845947
3732,1,0.0134575,-0.742239,-0.859782,1,1,1,5.58839,-0.794125,-0.742512,-0.000297949,-0.88024,-1.15049
3733,1,0.00973704,-0.745946,-0.622606,1,1,1,5.58398,-0.694641,-0.757426,-0.000218112,-0.708111,-0.812109
3734,1,0.00600036,-0.748463,-0.383891,1,1,1,5.5812,-0.701622,-0.774471,-0.000169433,-0.502381,-0.597803
3735,1,0.0022545,-0.749783,-0.144281,1,1,1,5.5764,-0.787143,-0.757426,-0.000151233,-0.661402,-0.766992
3736,1,-0.00149612,-0.749904,0.0957498,1,1,1,5.57353,-0.680678,-0.771275,-0.000113304,-0.46311,-0.733154
3737,1,-0.00524252,-0.748827,0.335434,1,1,1,5.56912,-0.762709,-0.756361,-7.08245e-05,-0.566148,-0.552686
3738,1,-0.0089819,-0.746551,0.574399,1,1,1,5.56605,-0.7662,-0.755296,-5.7161e-05,-0.507042,-0.496289
3739,1,-0.0127064,-0.743085,0.81195,1,1,1,5.56164,-0.808087,-0.746773,-6.33242e-05,-0.518874,-0.733154
3740,1,-0.0164108,-0.738435,1.04756,1,1,1,5.55867,-0.678933,-0.730794,-9.13892e-05,-0.60226,-0.631641
3741,1,-0.0200888,-0.732614,1.28061,1,1,1,5.55435,-0.820305,-0.716945,0.000270232,-0.597351,-0.563965
3742,1,-0.0237349,-0.725634,1.51057,1,1,1,5.55138,-0.694641,-0.722271,0.000228085,-0.421513,-0.518848
3743,1,-0.0273435,-0.717513,1.73685,1,1,1,5.54716,-0.738274,-0.709488,0.000171473,-0.433591,-0.428613
3744,1,-0.0309082,-0.708273,1.95884,1,1,1,5.54438,-0.69115,-0.667941,-0.000299776,-0.804755,-0.360938
3745,1,-0.0344238,-0.697935,2.17599,1,1,1,5.54016,-0.755728,-0.665811,3.43441e-05,-0.62287,-0.406055
3746,1,-0.0378858,-0.686521,2.38778,1,1,1,5.53757,-0.630064,-0.667941,-8.86903e-05,-0.444535,-0.428613
3747,1,-0.0412875,-0.674066,2.59353,1,1,1,5.53345,-0.624828,-0.657288,-0.000132318,-0.383308,-0.293262
3748,1,-0.0446251,-0.660596,2.79276,1,1,1,5.53077,-0.692896,-0.642374,-0.000169224,-0.356864,-0.270703
3749,1,-0.0478921,-0.64615,2.9848,1,1,1,5.52703,-0.596903,-0.642374,-0.000193206,-0.15425,-0.304541
3750,1,-0.0510846,-0.630763,3.16913,1,1,1,5.52444,-0.633555,-0.614676,-0.000157831,-0.236552,-0.146631
3751,1,-0.054198,-0.614474,3.34518,1,1,1,5.52089,-0.619592,-0.599762,-0.000219661,-0.184177,-0.203027
3752,1,-0.0572278,-0.597326,3.51235,1,1,1,5.5185,-0.574213,-0.586979,-0.000311119,-0.103845,-0.203027
3753,1,-0.0601698,-0.579366,3.67008,1,1,1,5.51524,-0.546288,-0.572064,-0.000419328,-0.0415665,-0.214307
3754,1,-0.0630206,-0.560639,3.81781,1,1,1,5.51303,-0.520108,-0.545432,-0.000524439,-0.100121,-0.270703
3755,1,-0.0657753,-0.541204,3.95492,1,1,1,5.50977,-0.561996,-0.523061,-0.000703628,-0.116488,-0.259424
3756,1,-0.068431,-0.521113,4.08084,1,1,1,5.50776,-0.469494,-0.481514,-0.000865868,-0.335638,-0.236865
3757,1,-0.0709852,-0.500416,4.19504,1,1,1,5.50488,-0.466003,-0.491102,-0.00100225,0.0159689,-0.293262
3758,1,-0.0734345,-0.479181,4.2969,1,1,1,5.50316,-0.445059,-0.461274,-0.00114376,-0.0614902,-0.191748
3759,1,-0.0757765,-0.457467,4.38587,1,1,1,5.50038,-0.443314,-0.442098,-0.00128054,-0.0179257,-0.135352
3760,1,-0.0780084,-0.435346,4.46134,1,1,1,5.49875,-0.392699,-0.41227,-0.00143404,-0.0915189,-0.112793
3761,1,-0.0801292,-0.412878,4.52278,1,1,1,5.49644,-0.397935,-0.398421,-0.00153953,0.019078,-0.0225586
3762,1,-0.0821369,-0.390141,4.56958,1,1,1,5.49491,-0.382227,-0.36007,-0.00165112,-0.13946,-0.0338379
3763,1,-0.0840304,-0.367206,4.60117,1,1,1,5.4928,-0.363028,-0.356874,-0.00178324,0.0847799,-0.0112793
3764,1,-0.0858088,-0.344154,4.61699,1,1,1,5.49136,-0.319395,-0.334503,-0.00189318,0.100348,-0.0112793
3765,1,-0.0874719,-0.321063,4.61644,1,1,1,5.48964,-0.310669,-0.292957,-0.00201938,-0.099949,-0.0112793
3766,1,-0.0890194,-0.29802,4.59896,1,1,1,5.48849,-0.282743,-0.272716,-0.00215744,-0.0715767,-0.0112793
3767,1,-0.0904523,-0.275104,4.56397,1,1,1,5.48686,-0.244346,-0.266324,-0.00225412,0.110555,-0.135352
3768,1,-0.0917708,-0.252411,4.5109,1,1,1,5.48599,-0.230383,-0.199211,-0.00241164,-0.389564,-0.0676758
3769,1,-0.0929768,-0.230027,4.43916,1,1,1,5.48456,-0.228638,-0.185362,-0.00258817,-0.31476,-0.203027
3770,1,-0.0940718,-0.20805,4.34819,1,1,1,5.48379,-0.158825,-0.208798,-0.00272105,0.168331,-0.146631
3771,1,-0.0950581,-0.186578,4.2374,1,1,1,5.48283,-0.141372,-0.171513,-0.00283161,-0.0218884,-0.135352
3772,1,-0.0959386,-0.16571,4.10623,1,1,1,5.48226,-0.137881,-0.133162,-0.00296333,-0.2379,-0.101514
3773,1,-0.0967164,-0.14555,3.95408,1,1,1,5.48139,-0.120428,-0.152337,-0.00304116,0.173911,-0.101514
3774,1,-0.0973954,-0.126207,3.78041,1,1,1,5.48101,-0.111701,-0.113987,-0.00315359,-0.0650762,-0.112793
3775,1,-0.09798,-0.107785,3.58462,1,1,1,5.48034,-0.0698132,-0.0777667,-0.00327233,-0.29666,-0.135352
3776,1,-0.098475,-0.0903972,3.3661,1,1,1,5.48005,-0.0872665,-0.0713749,-0.00339459,-0.217605,-0.180469
3777,1,-0.0988859,-0.0741599,3.12431,1,1,1,5.47976,-0.0314159,-0.0404813,-0.00353167,-0.427935,-0.259424
3778,1,-0.0992187,-0.0591952,2.85875,1,1,1,5.47948,-0.0663225,-0.0532648,-0.00363113,-0.172302,-0.259424
3779,1,-0.0994801,-0.0456159,2.56872,1,1,1,5.47938,0,-0.0319589,-0.00375918,-0.316358,-0.31582
3780,1,-0.0996774,-0.0335485,2.25366,1,1,1,5.47928,-0.0471239,0.00745708,-0.00391201,-0.685549,-0.394775
3781,1,-0.0998184,-0.0231201,1.91303,1,1,1,5.47919,-0.0366519,0.028763,-0.00410314,-0.885627,-0.575244
3782,1,-0.0999116,-0.0144613,1.54629,1,1,1,5.47909,0,0.0266324,-0.00420773,-0.841523,-0.552686
3783,1,-0.0999662,-0.00770258,1.15283,1,1,1,5.47909,-0.0383972,0.0255671,-0.00432981,-0.83909,-0.665479
3784,1,-0.099992,-0.00297867,0.732027,1,1,1,5.47909,0,0.0330242,-0.00441487,-0.953874,-0.688037
3785,1,-0.0999996,-0.000428358,0.283336,1,1,1,5.47909,-0.00698132,0.0213059,-0.00447773,-0.882418,-0.586523
3786,1,-0.1,-0,-0,1,1,1,5.479,-0.0331613,0.00852238,-0.00448059,-0.785184,-0.721875
3787,1,-0.1,-0,-0,1,1,1,5.479,-0.0331613,-0.0010653,-0.00446402,-0.677533,-0.710596
3788,1,-0.1,-0,-0,1,1,1,5.47909,0.00523599,0.00639178,-0.00447163,-0.760564,-0.755713
3789,1,-0.1,-0,-0,1,1,1,5.479,0,-0.00532648,-0.00448565,-0.633515,-0.688037
3790,1,-0.1,-0,-0,1,1,1,5.479,0,-0.00639178,-0.00445818,-0.61817,-0.721875
3791,1,-0.1,-0,-0,1,1,1,5.479,0,0.00958767,-0.0044673,-0.795148,-0.744434
3792,1,-0.1,-0,-0,1,1,1,5.479,0,0.00532648,-0.00448062,-0.750033,-0.721875
3793,1,-0.1,-0,-0,1,1,1,5.479,0,-0.0138489,-0.00448773,-0.540043,-0.789551
3794,1,-0.1,-0,-0,1,1,1,5.479,0,0.00426119,-0.00451085,-0.742305,-0.710596
3795,1,-0.1,-0,-0,1,1,1,5.479,0,0.0170448,-0.00453654,-0.886316,-0.721875
3796,1,-0.1,-0,-0,1,1,1,5.479,0,-0.00532648,-0.0045312,-0.639527,-0.733154
3797,1,-0.1,-0,-0,1,1,1,5.479,0,-0.0010653,-0.00452606,-0.685721,-0.64292
3798,1,-0.1,-0,-0,1,1,1,5.479,0,-0.01811,-0.00449782,-0.494502,-0.676758
3799,1,-0.1,-0,-0,1,1,1,5.479,0,0.0213059,-0.00449513,-0.927723,-0.755713
3800,1,-0.1,-0,-0,1,1,1,5.479,0,0.0223712,-0.00455164,-0.9469,-0.97002
3801,1,-0.1,-0,-0,1,1,1,5.4789,-0.00872665,0.0010653,-0.00455047,-0.712381,-0.721875
3802,1,-0.1,-0,-0,1,1,1,5.4789,0,0.0202406,-0.00452057,-0.919363,-0.733154
3803,1,-0.1,-0,-0,1,1,1,5.4789,-0.0488692,-0.00745708,-0.00449956,-0.611914,-0.699316
3804,1,-0.1,-0,-0,1,1,1,5.479,0.0191986,-0.00426119,-0.00450836,-0.64823,-0.654199
3805,1,-0.1,-0,-0,1,1,1,5.4789,0.0174533,-0.010653,-0.00452219,-0.579747,-0.755713
3806,1,-0.1,-0,-0,1,1,1,5.4789,-0.00698132,0.00532648,-0.00452903,-0.756423,-0.541406
3807,1,-0.1,-0,-0,1,1,1,5.4788,-0.0174533,-0.010653,-0.00450407,-0.577354,-0.744434
3808,1,-0.1,-0,-0,1,1,1,5.4789,0.00872665,0.00639178,-0.00449232,-0.763296,-0.64292
3809,1,-0.1,-0,-0,1,1,1,5.4789,0,0.0010653,-0.00450605,-0.706517,-0.575244
3810,1,-0.1,-0,-0,1,1,1,5.4788,-0.0366519,0.0117183,-0.00454541,-0.828895,-0.823389
3811,1,-0.1,-0,-0,1,1,1,5.4788,0,-0.00426119,-0.00451721,-0.649399,-0.710596
3812,1,-0.1,-0,-0,1,1,1,5.4788,0,0.0127836,-0.00454604,-0.840697,-0.733154
3813,1,-0.1,-0,-0,1,1,1,5.4788,-0.0174533,-0.010653,-0.00453668,-0.58166,-0.778271
3814,1,-0.1,-0,-0,1,1,1,5.4788,0,0.0127836,-0.00453494,-0.839231,-0.688037
3815,1,-0.1,-0,-0,1,1,1,5.4788,0,3.26153e-19,-0.00452624,-0.697463,-0.688037
3816,1,-0.1,-0,-0,1,1,1,5.4788,0,0.00532648,-0.00454429,-0.758438,-0.80083
3817,1,-0.1,-0,-0,1,1,1,5.4788,-0.00872665,-0.0245018,-0.0044999,-0.424467,-0.710596
3818,1,-0.1,-0,-0,1,1,1,5.4788,0,-0.00319589,-0.00449741,-0.658503,-0.64292
3819,1,-0.1,-0,-0,1,1,1,5.4788,0,-0.00745708,-0.00447264,-0.608361,-0.665479
3820,1,-0.1,-0,-0,1,1,1,5.4788,0,0.00319589,-0.00448502,-0.727177,-0.80083
3821,1,-0.1,-0,-0,1,1,1,5.4788,-0.00872665,-0.0117183,-0.0044463,-0.558011,-0.665479
3822,1,-0.1,-0,-0,1,1,1,5.4788,0.00872665,-0.010653,-0.00445208,-0.570492,-0.688037
3823,1,-0.1,-0,-0,1,1,1,5.4788,0.0139626,0.0159795,-0.00444481,-0.862488,-0.688037
3824,1,-0.1,-0,-0,1,1,1,5.4788,0,0.00852238,-0.00442974,-0.778472,-0.778271
3825,1,-0.1,-0,-0,1,1,1,5.4788,-0.00872665,0.00958767,-0.00440543,-0.786981,-0.575244
3826,1,-0.1,-0,-0,1,1,1,5.47871,-0.00872665,0.0149142,-0.00442531,-0.848197,-0.80083
3827,1,-0.1,-0,-0,1,1,1,5.47871,0,-0.00426119,-0.0044351,-0.638561,-0.721875
3828,1,-0.1,-0,-0,1,1,1,5.47871,0,-0.0127836,-0.00443099,-0.544272,-0.766992
3829,1,-0.1,-0,-0,1,1,1,5.47871,0.00349066,0.010653,-0.00442463,-0.801234,-0.688037
3830,1,-0.1,-0,-0,1,1,1,5.47871,0,0.0117183,-0.00443888,-0.814833,-0.665479
3831,1,-0.1,-0,-0,1,1,1,5.47871,-0.00872665,0.0117183,-0.004435,-0.814321,-0.620361
3832,1,-0.1,-0,-0,1,1,1,5.47871,-0.00349066,0.0170448,-0.0044899,-0.88016,-0.902344
3833,1,-0.1,-0,-0,1,1,1,5.47861,0,0.00532648,-0.00450498,-0.753249,-0.676758
3834,1,-0.1,-0,-0,1,1,1,5.47861,-0.00872665,-0.0234365,-0.00443928,-0.428183,-0.699316
3835,1,-0.1,-0,-0,1,1,1,5.47871,0.00872665,-0.0202406,-0.00444061,-0.463513,-0.80083
3836,1,-0.1,-0,-0,1,1,1,5.47861,0.00523599,0.00319589,-0.0044026,-0.716298,-0.665479
3837,1,-0.1,-0,-0,1,1,1,5.47861,-0.00872665,0.0010653,-0.00440177,-0.692751,-0.586523
3838,1,-0.1,-0,-0,1,1,1,5.47861,-0.0331613,-0.00426119,-0.00440917,-0.635138,-0.823389
3839,1,-0.1,-0,-0,1,1,1,5.47852,0,-0.0159795,-0.00442388,-0.508178,-0.721875
3840,1,-0.1,-0,-0,1,1,1,5.47861,0.0191986,-0.0202406,-0.00440191,-0.458405,-0.530127
3841,1,-0.1,-0,-0,1,1,1,5.47861,0.00872665,0.0117183,-0.00440539,-0.810413,-0.609082
3842,1,-0.1,-0,-0,1,1,1,5.47852,-0.010472,0.00213059,-0.00438468,-0.702214,-0.552686
3843,1,-0.1,-0,-0,1,1,1,5.47852,0,-0.00852238,-0.00437148,-0.58329,-0.676758
3844,1,-0.1,-0,-0,1,1,1,5.47852,0,-0.0170448,-0.00439535,-0.492694,-0.710596
3845,1,-0.1,-0,-0,1,1,1,5.47861,0.0122173,-0.00958767,-0.00439502,-0.574678,-0.586523
3846,1,-0.1,-0,-0,1,1,1,5.47852,-0.00174533,0.00426119,-0.00440615,-0.728485,-0.64292
3847,1,-0.1,-0,-0,1,1,1,5.47852,0,-0.00532648,-0.00439055,-0.620962,-0.654199
3848,1,-0.1,-0,-0,1,1,1,5.47852,0,-0.00852238,-0.00439017,-0.585756,-0.575244
3849,1,-0.1,-0,-0,1,1,1,5.47852,0,0.01811,-0.00440594,-0.880794,-0.586523
3850,1,-0.1,-0,-0,1,1,1,5.47842,-0.0383972,-1.82646e-18,-0.00445523,-0.688091,-0.733154
3851,1,-0.1,-0,-0,1,1,1,5.47852,0.00872665,0.00213059,-0.00448357,-0.715268,-0.755713
3852,1,-0.1,-0,-0,1,1,1,5.47842,-0.00174533,0.00745708,-0.00444945,-0.769355,-0.676758
3853,1,-0.1,-0,-0,1,1,1,5.47842,-0.0453786,-6.52306e-20,-0.00444145,-0.686271,-0.80083
3854,1,-0.1,-0,-0,1,1,1,5.47852,0.0349066,-0.00639178,-0.00445563,-0.617834,-0.64292
3855,1,-0.1,-0,-0,1,1,1,5.47842,0.010472,6.52306e-20,-0.0044118,-0.682358,-0.507568
3856,1,-0.1,-0,-0,1,1,1,5.47842,-0.0191986,-0.00532648,-0.00442576,-0.625609,-0.665479
3857,1,-0.1,-0,-0,1,1,1,5.47842,0.0174533,0.00639178,-0.00438544,-0.749188,-0.518848
3858,1,-0.1,-0,-0,1,1,1,5.47842,-0.015708,0.00958767,-0.00437468,-0.782922,-0.620361
3859,1,-0.1,-0,-0,1,1,1,5.47842,0,0.00213059,-0.004386,-0.702389,-0.654199
3860,1,-0.1,-0,-0,1,1,1,5.47842,0,0.00213059,-0.00440775,-0.705259,-0.721875
3861,1,-0.1,-0,-0,1,1,1,5.47842,0,0.01811,-0.00443099,-0.884102,-0.744434
3862,1,-0.1,-0,-0,1,1,1,5.47842,0,0.0159795,-0.00443205,-0.860804,-0.699316
3863,1,-0.1,-0,-0,1,1,1,5.47842,-0.0122173,-0.00852238,-0.00441074,-0.588471,-0.665479
3864,1,-0.1,-0,-0,1,1,1,5.47842,0.010472,-0.00852238,-0.00437857,-0.584225,-0.563965
3865,1,-0.1,-0,-0,1,1,1,5.47842,0,0.0127836,-0.00441595,-0.823525,-0.744434
3866,1,-0.1,-0,-0,1,1,1,5.47842,0,0.0149142,-0.00440631,-0.845688,-0.631641
3867,1,-0.1,-0,-0,1,1,1,5.47842,-0.0191986,-0.010653,-0.00440944,-0.564864,-0.857227
3868,1,-0.1,-0,-0,1,1,1,5.47842,0.0279253,0.00745708,-0.00443102,-0.766923,-0.733154
3869,1,-0.1,-0,-0,1,1,1,5.47842,0.00872665,-0.00852238,-0.00441883,-0.58954,-0.575244
3870,1,-0.1,-0,-0,1,1,1,5.47842,-0.00872665,-0.00745708,-0.00439402,-0.597982,-0.631641
3871,1,-0.1,-0,-0,1,1,1,5.47842,0,-0.00639178,-0.00439105,-0.609309,-0.631641
3872,1,-0.1,-0,-0,1,1,1,5.47832,-0.010472,0.00745708,-0.00436245,-0.757872,-0.541406
3873,1,-0.1,-0,-0,1,1,1,5.47832,-0.0139626,0.0127836,-0.00438736,-0.819751,-0.755713
3874,1,-0.1,-0,-0,1,1,1,5.47842,0,0.00639178,-0.0043956,-0.750529,-0.665479
3875,1,-0.1,-0,-0,1,1,1,5.47842,0,-0.00958767,-0.00439676,-0.574908,-0.654199
3876,1,-0.1,-0,-0,1,1,1,5.47842,0,-0.0010653,-0.0043851,-0.667114,-0.688037
3877,1,-0.1,-0,-0,1,1,1,5.47842,0,0.00426119,-0.00437902,-0.724904,-0.654199
3878,1,-0.1,-0,-0,1,1,1,5.47842,0,0.00639178,-0.00438259,-0.748811,-0.676758
3879,1,-0.1,-0,-0,1,1,1,5.47832,0,-0.0191753,-0.00435568,-0.464021,-0.597803
3880,1,-0.1,-0,-0,1,1,1,5.47842,0,0.00852238,-0.00437514,-0.771264,-0.676758
3881,1,-0.1,-0,-0,1,1,1,5.47832,0,0.0127836,-0.00439948,-0.82135,-0.766992
3882,1,-0.1,-0,-0,1,1,1,5.47832,0,-0.00852238,-0.00440942,-0.588297,-0.699316
3883,1,-0.1,-0,-0,1,1,1,5.47832,0,-0.00532648,-0.00440664,-0.623086,-0.665479
3884,1,-0.1,-0,-0,1,1,1,5.47832,0,0.00532648,-0.00439594,-0.738855,-0.789551
3885,1,-0.1,-0,-0,1,1,1,5.47832,0,0.0170448,-0.00442551,-0.871659,-0.620361
3886,1,-0.1,-0,-0,1,1,1,5.47832,-0.00349066,0.0117183,-0.00447632,-0.819775,-0.80083
3887,1,-0.1,-0,-0,1,1,1,5.47832,-0.00872665,-0.0138489,-0.00451917,-0.544194,-0.902344
3888,1,-0.1,-0,-0,1,1,1,5.47832,0.010472,0.0010653,-0.00451407,-0.707575,-0.64292
3889,1,-0.1,-0,-0,1,1,1,5.47823,0,-0.0149142,-0.00448874,-0.528458,-0.710596
3890,1,-0.1,-0,-0,1,1,1,5.47832,0,-0.0245018,-0.00444909,-0.417759,-0.586523
3891,1,-0.1,-0,-0,1,1,1,5.47832,0,0.00958767,-0.00445386,-0.793374,-0.789551
3892,1,-0.1,-0,-0,1,1,1,5.47823,0.0122173,0.00852238,-0.00443929,-0.779733,-0.654199
3893,1,-0.1,-0,-0,1,1,1,5.47823,-0.010472,0.00213059,-0.00444352,-0.709981,-0.676758
3894,1,-0.1,-0,-0,1,1,1,5.47823,0.00872665,-0.0010653,-0.00447245,-0.678646,-0.609082
3895,1,-0.1,-0,-0,1,1,1,5.47823,0,0.0298283,-0.00448668,-1.02035,-0.699316
3896,1,-0.1,-0,-0,1,1,1,5.47823,0,-0.0170448,-0.00446965,-0.502501,-0.676758
3897,1,-0.1,-0,-0,1,1,1,5.47823,0,0.00639178,-0.00452027,-0.766985,-0.789551
3898,1,-0.1,-0,-0,1,1,1,5.47813,-0.00872665,0.00213059,-0.00453547,-0.722119,-0.80083
3899,1,-0.1,-0,-0,1,1,1,5.47823,0,-0.0010653,-0.00453605,-0.68704,-0.665479
3900,1,-0.1,-0,-0,1,1,1,5.47823,0,0.0127836,-0.00451628,-0.836768,-0.496289
3901,1,-0.1,-0,-0,1,1,1,5.47813,-0.0191986,0.0298283,-0.00453693,-1.02699,-0.857227
3902,1,-0.1,-0,-0,1,1,1,5.47813,0.015708,-0.0159795,-0.00454827,-0.524598,-0.699316
3903,1,-0.1,-0,-0,1,1,1,5.47813,0.0331613,-0.00532648,-0.00451189,-0.636979,-0.597803
3904,1,-0.1,-0,-0,1,1,1,5.47813,-0.00872665,-0.00426119,-0.00447309,-0.643575,-0.64292
3905,1,-0.1,-0,-0,1,1,1,5.47813,0,0.0458078,-0.00453537,-1.20255,-0.609082
3906,1,-0.1,-0,-0,1,1,1,5.47813,-0.0226893,0.00426119,-0.00450856,-0.742003,-0.845947
3907,1,-0.1,-0,-0,1,1,1,5.47813,-0.00523599,-0.00213059,-0.00452686,-0.674109,-0.609082
3908,1,-0.1,-0,-0,1,1,1,5.47813,-0.00698132,0.00532648,-0.00451505,-0.754578,-0.789551
3909,1,-0.1,-0,-0,1,1,1,5.47804,0,-0.00745708,-0.00454688,-0.61816,-0.676758
3910,1,-0.1,-0,-0,1,1,1,5.47804,0,0.0170448,-0.00452102,-0.884267,-0.688037
3911,1,-0.1,-0,-0,1,1,1,5.47804,-0.020944,0.00852238,-0.00452237,-0.790699,-0.699316
3912,1,-0.1,-0,-0,1,1,1,5.47804,0,0.0159795,-0.00449411,-0.868996,-0.688037
3913,1,-0.1,-0,-0,1,1,1,5.47804,-0.0261799,0.0138489,-0.00447687,-0.843285,-0.609082
3914,1,-0.1,-0,-0,1,1,1,5.47804,0,0.00319589,-0.00447415,-0.725743,-0.721875
3915,1,-0.1,-0,-0,1,1,1,5.47804,0,-0.00532648,-0.00448131,-0.632941,-0.755713
3916,1,-0.1,-0,-0,1,1,1,5.47804,0.0139626,-0.010653,-0.00449691,-0.576409,-0.665479
3917,1,-0.1,-0,-0,1,1,1,5.47804,0.0122173,-0.0127836,-0.00448931,-0.55197,-0.721875
3918,1,-0.1,-0,-0,1,1,1,5.47804,0,0.00532648,-0.00451259,-0.754253,-0.834668
3919,1,-0.1,-0,-0,1,1,1,5.47804,0,0.0149142,-0.00452606,-0.861496,-0.699316
3920,1,-0.1,-0,-0,1,1,1,5.47804,0,-0.0127836,-0.00451654,-0.555564,-0.789551
3921,1,-0.1,-0,-0,1,1,1,5.47804,0,-0.00852238,-0.00452754,-0.60389,-0.778271
3922,1,-0.1,-0,-0,1,1,1,5.47794,0.00174533,0.00958767,-0.0045372,-0.804375,-0.710596
3923,1,-0.1,-0,-0,1,1,1,5.47794,-0.00523599,0.0213059,-0.00451325,-0.930115,-0.676758
3924,1,-0.1,-0,-0,1,1,1,5.47804,0,-0.010653,-0.0045212,-0.579616,-0.721875
3925,1,-0.1,-0,-0,1,1,1,5.47794,0.00872665,0.00213059,-0.00454129,-0.722887,-0.778271
3926,1,-0.1,-0,-0,1,1,1,5.47794,0,0.00639178,-0.00450537,-0.765019,-0.597803
3927,1,-0.1,-0,-0,1,1,1,5.47794,-0.00872665,-0.00852238,-0.00458672,-0.611702,-0.913623
3928,1,-0.1,-0,-0,1,1,1,5.47785,0,-0.010653,-0.0045546,-0.584024,-0.688037
3929,1,-0.1,-0,-0,1,1,1,5.47794,0,-0.0127836,-0.00456524,-0.561993,-0.812109
3930,1,-0.1,-0,-0,1,1,1,5.47785,0,-0.0010653,-0.00455537,-0.68959,-0.755713
3931,1,-0.1,-0,-0,1,1,1,5.47785,0,0.0149142,-0.00455835,-0.865758,-0.710596
3932,1,-0.1,-0,-0,1,1,1,5.47785,-0.00523599,-0.0127836,-0.0045337,-0.55783,-0.575244
3933,1,-0.1,-0,-0,1,1,1,5.47785,0,0.01811,-0.00451632,-0.895364,-0.710596
3934,1,-0.1,-0,-0,1,1,1,5.47785,0,-0.00745708,-0.00451345,-0.613747,-0.699316
3935,1,-0.1,-0,-0,1,1,1,5.47785,0,0.0117183,-0.00457449,-0.832733,-0.891064
3936,1,-0.1,-0,-0,1,1,1,5.47775,0.0174533,-0.00745708,-0.00452549,-0.615337,-0.620361
3937,1,-0.1,-0,-0,1,1,1,5.47785,0,-0.0170448,-0.00452773,-0.510169,-0.665479
3938,1,-0.1,-0,-0,1,1,1,5.47785,0,-0.0159795,-0.00450429,-0.518792,-0.676758
3939,1,-0.1,-0,-0,1,1,1,5.47785,0.00872665,0.0010653,-0.00450136,-0.705898,-0.597803
3940,1,-0.1,-0,-0,1,1,1,5.47785,0,0.0276977,-0.00450525,-0.999368,-0.620361
3941,1,-0.1,-0,-0,1,1,1,5.47775,-0.0174533,-0.00213059,-0.00445794,-0.665012,-0.586523
3942,1,-0.1,-0,-0,1,1,1,5.47785,0,-0.00319589,-0.00444548,-0.651649,-0.631641
3943,1,-0.1,-0,-0,1,1,1,5.47775,0.010472,0.0127836,-0.00447106,-0.830799,-0.64292
3944,1,-0.1,-0,-0,1,1,1,5.47775,-0.0139626,0.0223712,-0.00451886,-0.942572,-0.721875
3945,1,-0.1,-0,-0,1,1,1,5.47775,-0.00872665,0.00426119,-0.00447779,-0.737941,-0.597803
3946,1,-0.1,-0,-0,1,1,1,5.47775,-0.00698132,-0.00745708,-0.00447024,-0.608044,-0.676758
3947,1,-0.1,-0,-0,1,1,1,5.47775,0,-0.00213059,-0.00448314,-0.668339,-0.80083
3948,1,-0.1,-0,-0,1,1,1,5.47775,0.0191986,-0.00639178,-0.00445617,-0.617905,-0.631641
3949,1,-0.1,-0,-0,1,1,1,5.47775,0,-0.00639178,-0.00444058,-0.615848,-0.620361
3950,1,-0.1,-0,-0,1,1,1,5.47775,0,0.00852238,-0.00446419,-0.78302,-0.665479
3951,1,-0.1,-0,-0,1,1,1,5.47775,-0.00872665,-0.00319589,-0.00447717,-0.655831,-0.665479
3952,1,-0.1,-0,-0,1,1,1,5.47765,0,-0.00639178,-0.00448908,-0.622249,-0.609082
3953,1,-0.1,-0,-0,1,1,1,5.47765,0,-0.00639178,-0.0044715,-0.619928,-0.721875
3954,1,-0.1,-0,-0,1,1,1,5.47775,0.00872665,-0.010653,-0.00446082,-0.571646,-0.665479
3955,1,-0.1,-0,-0,1,1,1,5.47765,0,-0.0202406,-0.00444285,-0.46381,-0.721875
3956,1,-0.1,-0,-0,1,1,1,5.47765,0,0.00639178,-0.00443806,-0.756134,-0.631641
3957,1,-0.1,-0,-0,1,1,1,5.47765,0,0.00532648,-0.00441433,-0.741283,-0.665479
3958,1,-0.1,-0,-0,1,1,1,5.47775,0.00872665,0.0138489,-0.00443748,-0.838084,-0.710596
3959,1,-0.1,-0,-0,1,1,1,5.47765,0,0.00319589,-0.00446192,-0.724128,-0.64292
3960,1,-0.1,-0,-0,1,1,1,5.47765,0,-0.00852238,-0.00447912,-0.597498,-0.688037
3961,1,-0.1,-0,-0,1,1,1,5.47765,0,0.00852238,-0.0045011,-0.787891,-0.857227
3962,1,-0.1,-0,-0,1,1,1,5.47765,0,-0.00426119,-0.00450328,-0.64756,-0.766992
3963,1,-0.1,-0,-0,1,1,1,5.47765,0,0.00639178,-0.00452504,-0.767615,-0.744434
3964,1,-0.1,-0,-0,1,1,1,5.47765,0,-0.00532648,-0.0045014,-0.635593,-0.688037
3965,1,-0.1,-0,-0,1,1,1,5.47765,0,-0.00852238,-0.00449374,-0.599427,-0.688037
3966,1,-0.1,-0,-0,1,1,1,5.47765,0,0.0138489,-0.00450888,-0.84751,-0.665479
3967,1,-0.1,-0,-0,1,1,1,5.47765,0,-0.01811,-0.00453489,-0.499395,-0.710596
3968,1,-0.1,-0,-0,1,1,1,5.47765,0,0.00852238,-0.0045243,-0.790953,-0.710596
3969,1,-0.1,-0,-0,1,1,1,5.47765,-0.015708,-0.00958767,-0.00449906,-0.588412,-0.733154
3970,1,-0.1,-0,-0,1,1,1,5.47765,0,-0.01811,-0.00446546,-0.490231,-0.631641
3971,1,-0.1,-0,-0,1,1,1,5.47765,0,-0.00532648,-0.00444703,-0.628417,-0.676758
3972,1,-0.1,-0,-0,1,1,1,5.47765,0,0.00532648,-0.00445882,-0.747156,-0.530127
3973,1,-0.1,-0,-0,1,1,1,5.47765,0,-0.010653,-0.00449656,-0.576364,-0.766992
3974,1,-0.1,-0,-0,1,1,1,5.47765,0,0.0191753,-0.00448519,-0.902973,-0.665479
3975,1,-0.1,-0,-0,1,1,1,5.47756,-0.00698132,0.0276977,-0.0045097,-0.999955,-0.631641
3976,1,-0.1,-0,-0,1,1,1,5.47765,0,-0.00745708,-0.0045047,-0.612593,-0.710596
3977,1,-0.1,-0,-0,1,1,1,5.47765,0,0.00852238,-0.00448206,-0.785377,-0.744434
3978,1,-0.1,-0,-0,1,1,1,5.47765,0.00872665,0.00639178,-0.00449432,-0.763559,-0.733154
3979,1,-0.1,-0,-0,1,1,1,5.47756,0,0.00958767,-0.0044734,-0.795953,-0.609082
3980,1,-0.1,-0,-0,1,1,1,5.47756,0,0.010653,-0.00449848,-0.810982,-0.823389
3981,1,-0.1,-0,-0,1,1,1,5.47756,0,-0.0117183,-0.00446308,-0.560225,-0.665479
3982,1,-0.1,-0,-0,1,1,1,5.47756,0,0.00319589,-0.0044549,-0.723202,-0.64292
3983,1,-0.1,-0,-0,1,1,1,5.47756,0,0.0298283,-0.00447129,-1.01832,-0.766992
3984,1,-0.1,-0,-0,1,1,1,5.47756,0,0.00213059,-0.00446919,-0.71337,-0.766992
3985,1,-0.1,-0,-0,1,1,1,5.47756,0,-0.00213059,-0.00447503,-0.667267,-0.733154
3986,1,-0.0999999,9.46791e-05,0.0945768,1,1,1,5.47756,0,0.00532648,-0.00447443,-0.732001,-0.64292
3987,1,-0.0999973,0.00114151,0.321774,1,1,1,5.47756,0,0.00852238,-0.00451717,-0.721588,-0.766992
3988,1,-0.0999867,0.00328909,0.534959,1,1,1,5.47756,0,-7.17537e-19,-0.00451937,-0.566065,-0.868506
3989,1,-0.0999627,0.00646819,0.734435,1,1,1,5.47756,0.00872665,-0.0255671,-0.00447044,-0.206223,-0.597803
3990,1,-0.0999204,0.0106108,0.920482,1,1,1,5.47765,0.0279253,-3.91384e-19,-0.0044232,-0.399776,-0.406055
3991,1,-0.0998551,0.0156512,1.09342,1,1,1,5.47765,0,0.00852238,-0.00434929,-0.393744,-0.372217
3992,1,-0.0997625,0.0215233,1.25348,1,1,1,5.47765,0.00174533,-0.00532648,-0.00427216,-0.133391,-0.281982
3993,1,-0.0996386,0.028165,1.40101,1,1,1,5.47775,0.0244346,-0.00319589,-0.00412725,-0.0327379,-0.203027
3994,1,-0.0994797,0.0355125,1.53625,1,1,1,5.47775,0,0.010653,-0.00401724,-0.0591898,-0.214307
3995,1,-0.0992824,0.0435073,1.65953,1,1,1,5.47775,0,0.0191753,-0.00386945,-0.0162669,-0.169189
3996,1,-0.0990436,0.052089,1.77112,1,1,1,5.47785,0.0244346,0.0319589,-0.0037146,-0.0143077,-0.112793
3997,1,-0.0987606,0.0612002,1.87129,1,1,1,5.47794,0.00523599,0.00532648,-0.00347061,0.437946,0
3998,1,-0.0984308,0.0707839,1.96035,1,1,1,5.47804,0.0296706,-0.00213059,-0.00314508,0.695635,0.101514
3999,1,-0.098052,0.0807861,2.03858,1,1,1,5.47823,0.0349066,0.0159795,-0.00286576,0.668732,0.270703
4000,1,-0.0976224,0.0911519,2.10626,1,1,1,5.47842,0.0610865,0.00745708,-0.00252628,0.946569,0.518848
4001,1,-0.09714,0.101831,2.1637,1,1,1,5.4788,0.0645772,0.0330242,-0.00220075,0.850172,0.676758
4002,1,-0.0966036,0.112772,2.21116,1,1,1,5.4789,0.0331613,0.0564607,-0.00193454,0.769968,0.631641
4003,1,-0.0960119,0.123927,2.24896,1,1,1,5.47938,0.10821,0.0873543,-0.00173597,0.599105,0.620361
4004,1,-0.095364,0.135247,2.27736,1,1,1,5.47976,0.0994838,0.100138,-0.00152925,0.62889,0.699316
4005,1,-0.0946593,0.146685,2.29666,1,1,1,5.48024,0.0855211,0.0980073,-0.00134517,0.819151,0.631641
4006,1,-0.0938971,0.158198,2.30714,1,1,1,5.48082,0.150098,0.0980073,-0.00113941,0.988841,0.654199
4007,1,-0.0930772,0.169743,2.30911,1,1,1,5.48158,0.169297,0.134227,-0.000971729,0.75396,0.654199
4008,1,-0.0921997,0.181275,2.30283,1,1,1,5.48197,0.0959931,0.149142,-0.000804904,0.751527,0.688037
4009,1,-0.0912646,0.192757,2.28861,1,1,1,5.48293,0.165806,0.188558,-0.000668356,0.473807,0.699316
4010,1,-0.0902723,0.204148,2.26672,1,1,1,5.4835,0.165806,0.16299,-0.000464048,0.918076,0.766992
4011,1,-0.0892233,0.215413,2.23746,1,1,1,5.48465,0.172788,0.171513,-0.000231435,0.989867,0.95874
4012,1,-0.0881185,0.226511,2.20112,1,1,1,5.48542,0.205949,0.175774,-3.33355e-05,1.10004,1.04897
4013,1,-0.0869586,0.237412,2.15798,1,1,1,5.48676,0.232129,0.208798,0.000152826,0.889293,0.947461
4014,1,-0.0857448,0.248079,2.10834,1,1,1,5.48762,0.21293,0.245018,0.00025899,0.62762,0.891064
4015,1,-0.0844782,0.258485,2.05246,1,1,1,5.48887,0.205949,0.255671,0.00028152,0.629874,0.834668
4016,1,-0.0831603,0.268596,1.99065,1,1,1,5.48993,0.258309,0.248214,0.000335515,0.831152,0.721875
4017,1,-0.0817927,0.278382,1.92321,1,1,1,5.49156,0.286234,0.275912,0.000368262,0.638488,0.778271
4018,1,-0.080377,0.287819,1.8504,1,1,1,5.49251,0.23911,0.257802,0.000429086,0.94782,0.755713
4019,1,-0.0789151,0.296878,1.77252,1,1,1,5.49434,0.342085,0.275912,0.000493119,0.854613,0.868506
4020,1,-0.0774092,0.305535,1.68988,1,1,1,5.49539,0.216421,0.30361,0.000544766,0.64836,0.755713
4021,1,-0.0758605,0.313769,1.60272,1,1,1,5.49712,0.267035,0.312132,0.000592547,0.64649,0.733154
4022,1,-0.0742719,0.321557,1.51136,1,1,1,5.49836,0.329867,0.311067,0.000696885,0.752581,0.823389
4023,1,-0.0726458,0.328876,1.41609,1,1,1,5.50028,0.237365,0.288695,0.000808163,1.08769,0.891064
4024,1,-0.0709841,0.335711,1.31719,1,1,1,5.50153,0.375246,0.308936,0.000895033,0.944841,0.891064
4025,1,-0.0692893,0.342043,1.21494,1,1,1,5.50344,0.312414,0.334503,0.000990124,0.737977,0.834668
4026,1,-0.0675644,0.347856,1.10965,1,1,1,5.50488,0.329867,0.364332,0.00102568,0.468825,0.766992
4027,1,-0.0658119,0.353134,1.0016,1,1,1,5.5067,0.312414,0.351548,0.00106657,0.661649,0.699316
4028,1,-0.0640342,0.357867,0.891062,1,1,1,5.50824,0.375246,0.348352,0.00109151,0.739717,0.755713
4029,1,-0.0622339,0.362042,0.778322,1,1,1,5.51025,0.380482,0.350483,0.00113828,0.755408,0.654199
4030,1,-0.0604145,0.365647,0.663697,1,1,1,5.51178,0.350811,0.344091,0.00116031,0.85419,0.654199
4031,1,-0.0585786,0.368676,0.547466,1,1,1,5.51409,0.44855,0.380311,0.0011348,0.470372,0.597803
4032,1,-0.0567288,0.37112,0.429894,1,1,1,5.51552,0.298451,0.37605,0.00109749,0.522176,0.80083
4033,1,-0.0548682,0.372973,0.311283,1,1,1,5.51773,0.387463,0.379246,0.00106752,0.485617,0.451172
4034,1,-0.0530002,0.374231,0.191945,1,1,1,5.51907,0.349066,0.377115,0.00101081,0.496397,0.451172
4035,1,-0.051127,0.374892,0.072127,1,1,1,5.52137,0.387463,0.37818,0.00101458,0.473833,0.338379
4036,1,-0.049252,0.374952,-0.0478698,1,1,1,5.52291,0.394444,0.369658,0.00100037,0.546723,0.563965
4037,1,-0.0473785,0.374413,-0.167734,1,1,1,5.52502,0.357792,0.369658,0.000965129,0.515471,0.462451
4038,1,-0.0455091,0.373276,-0.287196,1,1,1,5.52636,0.345575,0.359005,0.00100657,0.605718,0.530127
4039,1,-0.0436467,0.371542,-0.405983,1,1,1,5.52866,0.350811,0.367527,0.00109703,0.4856,0.394775
4040,1,-0.0417946,0.369217,-0.523779,1,1,1,5.53,0.385718,0.327046,0.0012017,0.89943,0.507568
4041,1,-0.0399556,0.366307,-0.640308,1,1,1,5.5324,0.390954,0.350483,0.00127639,0.599829,0.688037
4042,1,-0.0381325,0.362817,-0.755286,1,1,1,5.53355,0.282743,0.361136,0.00131664,0.428532,0.631641
4043,1,-0.0363284,0.358757,-0.868418,1,1,1,5.53566,0.336849,0.370723,0.0013737,0.264839,0.47373
4044,1,-0.0345459,0.354136,-0.979425,1,1,1,5.5371,0.366519,0.340895,0.00146661,0.533636,0.383496
4045,1,-0.032788,0.348967,-1.088,1,1,1,5.53901,0.338594,0.317458,0.00151914,0.719993,0.518848
4046,1,-0.031057,0.34326,-1.1939,1,1,1,5.54045,0.376991,0.319589,0.00160119,0.623938,0.64292
4047,1,-0.029356,0.337032,-1.29678,1,1,1,5.54237,0.298451,0.319589,0.00165578,0.541708,0.31582
4048,1,-0.0276875,0.330298,-1.39637,1,1,1,5.54371,0.338594,0.317458,0.00169742,0.47535,0.349658
4049,1,-0.0260539,0.323075,-1.4924,1,1,1,5.54553,0.315905,0.30361,0.00178835,0.539868,0.541406
4050,1,-0.0244576,0.315381,-1.58457,1,1,1,5.54678,0.300197,0.284434,0.00180457,0.646879,0.372217
4051,1,-0.0229008,0.307236,-1.6726,1,1,1,5.5486,0.361283,0.318524,0.00181353,0.162771,0.236865
4052,1,-0.021386,0.298662,-1.75618,1,1,1,5.54965,0.253073,0.292957,0.001854,0.334512,0.338379
4053,1,-0.0199151,0.289683,-1.83504,1,1,1,5.55148,0.29147,0.270585,0.00189859,0.467882,0.293262
4054,1,-0.0184898,0.28032,-1.9089,1,1,1,5.55253,0.26529,0.259932,0.00192076,0.465377,0.259424
4055,1,-0.0171123,0.270602,-1.97746,1,1,1,5.55426,0.31765,0.275912,0.00197317,0.171581,0.507568
4056,1,-0.0157845,0.260556,-2.04042,1,1,1,5.55522,0.211185,0.264194,0.00202767,0.179263,0.428613
4057,1,-0.0145073,0.250208,-2.09752,1,1,1,5.55656,0.207694,0.242888,0.00202637,0.281331,0.146631
4058,1,-0.0132827,0.23959,-2.14845,1,1,1,5.55752,0.279253,0.243953,0.00203702,0.137427,0.135352
4059,1,-0.0121118,0.228733,-2.19294,1,1,1,5.55895,0.181514,0.214125,0.0020395,0.329681,0.180469
4060,1,-0.0109957,0.217671,-2.23068,1,1,1,5.55972,0.223402,0.214125,0.00206582,0.196761,0.225586
4061,1,-0.00993533,0.206438,-2.26139,1,1,1,5.56087,0.193732,0.211994,0.0021006,0.0875547,0.383496
4062,1,-0.00893147,0.195069,-2.28479,1,1,1,5.56173,0.165806,0.19708,0.00215733,0.121631,0.101514
4063,1,-0.00798478,0.183603,-2.30059,1,1,1,5.56279,0.164061,0.166186,0.00209101,0.314692,0.31582
4064,1,-0.00709567,0.172078,-2.30849,1,1,1,5.56336,0.158825,0.14488,0.00212899,0.417165,0.3271
4065,1,-0.00626409,0.160532,-2.30822,1,1,1,5.56442,0.174533,0.14275,0.00220328,0.315846,0.225586
4066,1,-0.00549019,0.149008,-2.29948,1,1,1,5.5649,0.143117,0.140619,0.00222276,0.207665,0.191748
4067,1,-0.00477383,0.137551,-2.28198,1,1,1,5.56576,0.15708,0.121444,0.00229889,0.297925,0.304541
4068,1,-0.00411456,0.126205,-2.25545,1,1,1,5.56624,0.102974,0.129966,0.0023515,0.0830369,0.203027
4069,1,-0.00351165,0.115014,-2.21959,1,1,1,5.56691,0.109956,0.123574,0.0023374,0.0253956,0.124072
4070,1,-0.00296412,0.104026,-2.1741,1,1,1,5.5672,0.0855211,0.0852238,0.00236526,0.329259,0.146631
4071,1,-0.0024709,0.0932884,-2.1187,1,1,1,5.56787,0.102974,0.0916155,0.00235492,0.140709,0.101514
4072,1,-0.00203065,0.0828539,-2.0531,1,1,1,5.56806,0.0558505,0.0628525,0.00243269,0.356983,0.259424
4073,1,-0.00163898,0.0726991,-1.97641,1,1,1,5.56854,0.0558505,0.0639178,0.00251003,0.250669,0.15791
4074,1,-0.00130227,0.0631027,-1.8902,1,1,1,5.56873,0.0680678,0.0511343,0.00258931,0.305518,0.259424
4075,1,-0.00100998,0.0538916,-1.7923,1,1,1,5.56912,0.00872665,0.0362201,0.00263249,0.384928,0.214307
4076,1,-0.000762494,0.0451988,-1.68305,1,1,1,5.56912,0.0523599,0.0415466,0.00265686,0.247495,0.304541
4077,1,-0.000557037,0.0370803,-1.56216,1,1,1,5.56931,0.00523599,0.0319589,0.00270862,0.286444,0.293262
4078,1,-0.000390638,0.0295973,-1.42937,1,1,1,5.5696,0.0715585,0.0202406,0.00274735,0.353027,0.372217
4079,1,-0.000259915,0.0228072,-1.28434,1,1,1,5.5696,0,0.0372854,0.00274569,0.108299,0.338379
4080,1,-0.000161298,0.0167745,-1.12684,1,1,1,5.5696,0,-1.17415e-18,0.00281559,0.481879,0.304541
4081,1,-9.08154e-05,0.0115608,-0.95654,1,1,1,5.56969,0.010472,-0.00426119,0.00282756,0.49657,0.360938
4082,1,-4.4217e-05,0.00723093,-0.77316,1,1,1,5.56969,0,0.00639178,0.00286337,0.363208,0.338379
4083,1,-1.69202e-05,0.0038512,-0.57641,1,1,1,5.56969,0,0.0127836,0.00288631,0.288719,0.439893
4084,1,-4.00618e-06,0.00148917,-0.365994,1,1,1,5.56969,0,-0.0138489,0.00291653,0.59302,0.360938
4085,1,-2.15378e-07,0.000214288,-0.141703,1,1,1,5.56979,0.00174533,-0.0117183,0.00295181,0.597031,0.451172
4086,1,0,0,0,1,1,1,5.56979,0,-0.00745708,0.00294338,0.570554,0.394775
4087,1,0,0,0,1,1,1,5.56979,0.00174533,9.13229e-19,0.00288804,0.481221,0.293262
4088,1,0,0,0,1,1,1,5.56979,0.00872665,-0.00213059,0.0029107,0.507649,0.462451
4089,1,0,0,0,1,1,1,5.56979,0,-0.00745708,0.00289787,0.564547,0.462451
4090,1,0,0,0,1,1,1,5.56979,0.0122173,-0.00319589,0.00288145,0.515506,0.609082
4091,1,0,0,0,1,1,1,5.56979,0,0.0127836,0.00280939,0.33022,0.349658
4092,1,0,0,0,1,1,1,5.56979,-0.0174533,-0.0010653,0.00276359,0.476512,0.281982
4093,1,0,0,0,1,1,1,5.56979,0,-0.00532648,0.00277272,0.52459,0.451172
4094,1,0,0,0,1,1,1,5.56979,0.00698132,0.00213059,0.002776,0.442996,0.3271
4095,1,0,0,0,1,1,1,5.56988,-0.00872665,0.00213059,0.00274212,0.438523,0.439893
4096,1,0,0,0,1,1,1,5.56979,0,0.0159795,0.00271111,0.282093,0.451172
4097,1,0,0,0,1,1,1,5.56979,-0.00872665,1.95692e-19,0.00269413,0.455625,0.338379
4098,1,0,0,0,1,1,1,5.56988,0.0139626,0.00319589,0.00265862,0.415783,0.417334
4099,1,0,0,0,1,1,1,5.56979,0.0139626,-0.00639178,0.00260916,0.514719,0.383496
4100,1,0,0,0,1,1,1,5.56979,-0.00872665,-0.00426119,0.00259606,0.489553,0.496289
4101,1,0,0,0,1,1,1,5.56988,0,0.00852238,0.00254557,0.342269,0.259424
4102,1,0,0,0,1,1,1,5.56979,0,0.00426119,0.00255574,0.390485,0.406055
4103,1,0,0,0,1,1,1,5.56979,0,0.0138489,0.0025379,0.282666,0.372217
4104,1,0,0,0,1,1,1,5.56979,0,0.00745708,0.00256326,0.356322,0.48501
4105,1,0,0,0,1,1,1,5.56988,0,-0.0117183,0.00256516,0.567501,0.417334
4106,1,0,0,0,1,1,1,5.56988,0,-0.0010653,0.0025496,0.448265,0.462451
4107,1,0,0,0,1,1,1,5.56988,0,-6.52306e-20,0.00251537,0.432029,0.270703
4108,1,0,0,0,1,1,1,5.56979,0.00872665,0.00639178,0.0024846,0.357657,0.372217
4109,1,0,0,0,1,1,1,5.56979,0,-0.00958767,0.0025151,0.537457,0.496289
4110,1,0,0,0,1,1,1,5.56979,-0.020944,0.0159795,0.00247532,0.250968,0.225586
4111,1,0,0,0,1,1,1,5.56979,0,-0.00532648,0.00247133,0.484807,0.406055
4112,1,0,0,0,1,1,1,5.56979,0,-0.010653,0.00248784,0.545578,0.496289
4113,1,0,0,0,1,1,1,5.56988,0,0.00213059,0.00248799,0.404978,0.372217
4114,1,0,0,0,1,1,1,5.56988,0.010472,0.00639178,0.00246925,0.355632,0.428613
4115,1,0,0,0,1,1,1,5.56988,0,-0.0010653,0.00244996,0.435113,0.394775
4116,1,0,0,0,1,1,1,5.56979,-0.015708,-0.0010653,0.00245753,0.436112,0.31582
4117,1,0,0,0,1,1,1,5.56988,0,-0.0276977,0.00245054,0.728146,0.496289
4118,1,0,0,0,1,1,1,5.56988,0,0.00852238,0.00247187,0.332541,0.552686
4119,1,0,0,0,1,1,1,5.56988,-0.015708,0.00532648,0.00246905,0.367324,0.383496
4120,1,0,0,0,1,1,1,5.56988,0,0.00426119,0.00244079,0.375312,0.31582
4121,1,0,0,0,1,1,1,5.56988,0,-0.010653,0.00245886,0.541752,0.31582
4122,1,0,0,0,1,1,1,5.56988,0.020944,-0.00958767,0.00242875,0.52606,0.360938
4123,1,0,0,0,1,1,1,5.56988,0.0174533,-0.00426119,0.00241553,0.465723,0.417334
4124,1,0,0,0,1,1,1,5.56988,0,0.0191753,0.00242611,0.209318,0.48501
4125,1,0,0,0,1,1,1,5.56979,-0.00349066,-0.010653,0.00244837,0.540368,0.451172
4126,1,0,0,0,1,1,1,5.56988,0,-0.0202406,0.0024754,0.649399,0.507568
4127,1,0,0,0,1,1,1,5.56988,0,-0.00319589,0.00243667,0.456795,0.349658
4128,1,0,0,0,1,1,1,5.56988,0,0.0127836,0.00239833,0.27596,0.394775
4129,1,0,0,0,1,1,1,5.56988,0,-0.010653,0.00239274,0.533024,0.439893
4130,1,0,0,0,1,1,1,5.56988,0,-0.0127836,0.00239929,0.557325,0.462451
4131,1,0,0,0,1,1,1,5.56988,0,-0.00319589,0.00242358,0.455068,0.417334
4132,1,0,0,0,1,1,1,5.56988,0,0.00532648,0.00238386,0.356078,0.338379
4133,1,0,0,0,1,1,1,5.56988,0.00523599,-0.00213059,0.00240533,0.44094,0.417334
4134,1,0,0,0,1,1,1,5.56988,0,0.00958767,0.00237914,0.308583,0.394775
4135,1,0,0,0,1,1,1,5.56988,0.00349066,0.00852238,0.00234663,0.316009,0.575244
4136,1,0,0,0,1,1,1,5.56979,-0.0523599,-0.00745708,0.0023338,0.49009,0.417334
4137,1,0,0,0,1,1,1,5.56988,0.010472,0.00319589,0.00230852,0.369569,0.372217
4138,1,0,0,0,1,1,1,5.56988,0,0.00639178,0.002277,0.330254,0.372217
4139,1,0,0,0,1,1,1,5.56988,-0.00872665,0.0138489,0.00224493,0.243994,0.191748
4140,1,0,0,0,1,1,1,5.56979,0,-0.00745708,0.00223892,0.477566,0.293262
4141,1,0,0,0,1,1,1,5.56988,0.0174533,-0.01811,0.00224484,0.59553,0.428613
4142,1,0,0,0,1,1,1,5.56979,-0.010472,-6.52306e-20,0.00226554,0.399051,0.507568
4143,1,0,0,0,1,1,1,5.56988,0,-0.00532648,0.00227091,0.458351,0.372217
4144,1,0,0,0,1,1,1,5.56988,0,0.00213059,0.00223208,0.371197,0.451172
4145,1,0,0,0,1,1,1,5.56988,0,0.00426119,0.00223603,0.348283,0.406055
4146,1,0,0,0,1,1,1,5.56988,0,-0.00426119,0.0022341,0.441775,0.406055
4147,1,0,0,0,1,1,1,5.56988,0,-0.00426119,0.00221622,0.439414,0.349658
4148,1,0,0,0,1,1,1,5.56988,0,0.0213059,0.0021846,0.154001,0.31582
4149,1,0,0,0,1,1,1,5.56988,-0.00872665,0.00852238,0.00218023,0.294045,0.451172
4150,1,0,0,0,1,1,1,5.56988,-0.00698132,-0.0117183,0.00217312,0.515753,0.372217
4151,1,0,0,0,1,1,1,5.56988,0,0.00319589,0.00216672,0.350852,0.394775
4152,1,0,0,0,1,1,1,5.56988,0,0.0117183,0.00213601,0.253053,0.360938
4153,1,0,0,0,1,1,1,5.56988,0,-0.00213059,0.00209566,0.400063,0.293262
4154,1,0,0,0,1,1,1,5.56988,-0.00872665,0.00958767,0.0020732,0.268198,0.281982
4155,1,0,0,0,1,1,1,5.56988,0,-9.78459e-19,0.00210278,0.377567,0.372217
4156,1,0,0,0,1,1,1,5.56988,0.00872665,-0.00426119,0.0021416,0.429564,0.496289
4157,1,0,0,0,1,1,1,5.56988,0,-0.00958767,0.00214083,0.488054,0.281982
4158,1,0,0,0,1,1,1,5.56988,0.0296706,0.00426119,0.0021267,0.333852,0.541406
4159,1,0,0,0,1,1,1,5.56988,0,-0.0245018,0.00212566,0.650107,0.360938
4160,1,0,0,0,1,1,1,5.56988,0,0.0191753,0.00211289,0.167973,0.383496
4161,1,0,0,0,1,1,1,5.56988,-0.00872665,0.00319589,0.00210414,0.342592,0.428613
4162,1,0,0,0,1,1,1,5.56988,0,0.00745708,0.00207366,0.291695,0.383496
4163,1,0,0,0,1,1,1,5.56988,0,0.010653,0.0020765,0.256916,0.3271
4164,1,0,0,0,1,1,1,5.56988,0.00872665,-0.00852238,0.00208263,0.468654,0.383496
4165,1,0,0,0,1,1,1,5.56988,0,0.0170448,0.00202852,0.180273,0.259424
4166,1,0,0,0,1,1,1,5.56988,0.0139626,0.0191753,0.00203038,0.157082,0.304541
4167,1,0,0,0,1,1,1,5.56988,0,0.00532648,0.00200707,0.306342,0.338379
4168,1,0,0,0,1,1,1,5.56988,0,0.0170448,0.00200926,0.17773,0.31582
4169,1,0,0,0,1,1,1,5.56988,-0.0296706,0.0202406,0.00199433,0.140604,0.394775
4170,1,0,0,0,1,1,1,5.56988,0,-0.0010653,0.00200044,0.375776,0.372217
4171,1,0,0,0,1,1,1,5.56988,0,-0.010653,0.00199633,0.480698,0.304541
4172,1,0,0,0,1,1,1,5.56988,0,-0.00532648,0.00197825,0.41972,0.281982
4173,1,0,0,0,1,1,1,5.56988,0,0.01811,0.00200128,0.164959,0.496289
4174,1,0,0,0,1,1,1,5.56988,0,0.00426119,0.00198474,0.315112,0.3271
4175,1,0,0,0,1,1,1,5.56988,0,0.0170448,0.00193094,0.167391,0.338379
4176,1,0,0,0,1,1,1,5.56988,-0.0174533,-0.01811,0.00193388,0.554482,0.31582
4177,1,0,0,0,1,1,1,5.56988,0.00698132,-0.0010653,0.00191045,0.363898,0.236865
4178,1,0,0,0,1,1,1,5.56988,0,0.00319589,0.00190314,0.31606,0.293262
4179,1,0,0,0,1,1,1,5.56988,0,0.00745708,0.00186026,0.263526,0.383496
4180,1,0,0,0,1,1,1,5.56979,-0.00872665,0.00532648,0.00186651,0.287788,0.428613
4181,1,0,0,0,1,1,1,5.56988,0,0.0159795,0.00182985,0.165766,0.360938
4182,1,0,0,0,1,1,1,5.56979,-0.0174533,0.01811,0.00179869,0.138216,0.338379
4183,1,0,0,0,1,1,1,5.56979,-0.0191986,0.00958767,0.00181136,0.233635,0.31582
4184,1,0,0,0,1,1,1,5.56988,0,-0.00852238,0.00184359,0.4371,0.383496
4185,1,0,0,0,1,1,1,5.56988,0.00872665,0.00319589,0.00182525,0.305778,0.406055
4186,1,0,0,0,1,1,1,5.56988,-0.00872665,-0.00319589,0.00181793,0.375122,0.31582
4187,1,0,0,0,1,1,1,5.56988,0,-0.00532648,0.00184565,0.402217,0.383496
4188,1,0,0,0,1,1,1,5.56988,0,-0.00852238,0.00184261,0.436971,0.417334
4189,1,0,0,0,1,1,1,5.56988,0.0174533,0.00639178,0.00186227,0.27551,0.394775
4190,1,0,0,0,1,1,1,5.56988,0,-0.0010653,0.00183321,0.353702,0.349658
4191,1,0,0,0,1,1,1,5.56988,0,-0.0149142,0.00182323,0.504723,0.214307
4192,1,0,0,0,1,1,1,5.56988,0.00872665,0.00213059,0.00180334,0.314605,0.248145
4193,1,0,0,0,1,1,1,5.56988,0,-0.00213059,0.00181511,0.363031,0.225586
4194,1,0,0,0,1,1,1,5.56988,0.0279253,-0.0010653,0.00181093,0.350761,0.349658
4195,1,0,0,0,1,1,1,5.56988,0,0.00852238,0.0017977,0.243551,0.31582
4196,1,0,0,0,1,1,1,5.56988,0,-0.00852238,0.00178836,0.42981,0.259424
4197,1,0,0,0,1,1,1,5.56988,0,0.0340895,0.00176228,-0.0423637,0.270703
4198,1,0,0,0,1,1,1,5.56988,0.00523599,0.01811,0.00173751,0.130141,0.304541
4199,1,0,0,0,1,1,1,5.56979,-0.00872665,0.00319589,0.00170475,0.289873,0.31582
4200,1,0,0,0,1,1,1,5.56979,-0.00872665,0.00639178,0.00169816,0.253847,0.349658
4201,1,0,0,0,1,1,1,5.56979,0,0.0191753,0.00168714,0.111774,0.270703
4202,1,0,0,0,1,1,1,5.56979,0,0.00213059,0.00170049,0.301028,0.360938
4203,1,0,0,0,1,1,1,5.56979,0,-9.13229e-19,0.00171584,0.326491,0.360938
4204,1,0,0,0,1,1,1,5.56988,0,-0.00639178,0.00165502,0.388773,0.259424
4205,1,0,0,0,1,1,1,5.56988,0.0244346,0.0159795,0.00161425,0.137306,0.360938
4206,1,0,0,0,1,1,1,5.56979,0,0.00639178,0.00160699,0.24167,0.31582
4207,1,0,0,0,1,1,1,5.56979,-0.020944,-0.01811,0.00165756,0.518008,0.372217
4208,1,0,0,0,1,1,1,5.56988,0,0.0223712,0.00163979,0.0703203,0.417334
4209,1,0,0,0,1,1,1,5.56979,0,-0.01811,0.00164401,0.51622,0.270703
4210,1,0,0,0,1,1,1,5.56988,0,-0.01811,0.00162563,0.51351,0.349658
4211,1,0,0,0,1,1,1,5.56988,0.0279253,0.00852238,0.00159413,0.216679,0.259424
4212,1,0,0,0,1,1,1,5.56979,0,0.0223712,0.00159152,0.0639966,0.270703
4213,1,0,0,0,1,1,1,5.56979,-0.0226893,0.00852238,0.00155922,0.212071,0.270703
4214,1,0,0,0,1,1,1,5.56979,0,-0.00319589,0.00156377,0.341572,0.293262
4215,1,0,0,0,1,1,1,5.56979,0,-0.00532648,0.00156348,0.36497,0.406055
4216,1,0,0,0,1,1,1,5.56979,-0.00872665,0.0138489,0.00156677,0.154476,0.383496
4217,1,0,0,0,1,1,1,5.56979,0,-0.00958767,0.00157449,0.413296,0.293262
4218,1,0,0,0,1,1,1,5.56979,0,0.0127836,0.00155456,0.164583,0.270703
4219,1,0,0,0,1,1,1,5.56979,0,-0.0234365,0.00158301,0.566759,0.270703
4220,1,0,0,0,1,1,1,5.56988,0.0174533,0.00213059,0.00153131,0.278697,0.406055
4221,1,0,0,0,1,1,1,5.56979,0.010472,-0.00852238,0.00151434,0.393325,0.293262
4222,1,0,0,0,1,1,1,5.56979,-0.0122173,-0.00532648,0.00154721,0.362823,0.406055
4223,1,0,0,0,1,1,1,5.56979,-0.00523599,-0.00213059,0.00154628,0.327545,0.31582
4224,1,0,0,0,1,1,1,5.56979,0,0.00319589,0.00155499,0.270104,0.304541
4225,1,0,0,0,1,1,1,5.56979,0,0.00532648,0.00153401,0.243898,0.225586
4226,1,0,0,0,1,1,1,5.56979,0,0.00213059,0.00150344,0.275017,0.180469
4227,1,0,0,0,1,1,1,5.56979,0,-0.0266324,0.0014881,0.589386,0.360938
4228,1,0,0,0,1,1,1,5.56979,0,-0.0191753,0.00149905,0.508803,0.394775
4229,1,0,0,0,1,1,1,5.56979,0,-0.0010653,0.00148461,0.307687,0.225586
4230,1,0,0,0,1,1,1,5.56979,0.00523599,0.00213059,0.00149803,0.274303,0.349658
4231,1,0,0,0,1,1,1,5.56979,0,0.0117183,0.00145735,0.163469,0.270703
4232,1,0,0,0,1,1,1,5.56979,0,0.00532648,0.00147231,0.235754,0.281982
4233,1,0,0,0,1,1,1,5.56979,0,-0.00745708,0.00145003,0.373432,0.248145
4234,1,0,0,0,1,1,1,5.56979,0,-0.00319589,0.00143072,0.323949,0.349658
4235,1,0,0,0,1,1,1,5.56979,0,0.00213059,0.00145341,0.268413,0.428613
4236,1,0,0,0,1,1,1,5.56979,-0.00872665,0.00426119,0.00143968,0.243165,0.281982
4237,1,0,0,0,1,1,1,5.56979,0,0.0159795,0.00136566,0.104422,0.281982
4238,1,0,0,0,1,1,1,5.56979,0,0.00745708,0.0013524,0.196433,0.304541
4239,1,0,0,0,1,1,1,5.56979,0,-0.0117183,0.00135934,0.408334,0.146631
4240,1,0,0,0,1,1,1,5.56979,0,-0.00426119,0.00134742,0.324732,0.180469
4241,1,0,0,0,1,1,1,5.56979,0,0.00958767,0.00133702,0.171022,0.281982
4242,1,0,0,0,1,1,1,5.56979,0,0.01811,0.00132014,0.0750484,0.293262
4243,1,0,0,0,1,1,1,5.56979,0,0.00852238,0.0013031,0.178263,0.203027
4244,1,0,0,0,1,1,1,5.56979,0,-0.00213059,0.00133427,0.29956,0.349658
4245,1,0,0,0,1,1,1,5.56979,0,0.00639178,0.00132251,0.204262,0.225586
4246,1,0,0,0,1,1,1,5.56979,0,0.0149142,0.00132341,0.110634,0.248145
4247,1,0,0,0,1,1,1,5.56979,0,-0.01811,0.001328,0.474506,0.31582
4248,1,0,0,0,1,1,1,5.56979,0,0.0159795,0.00129356,0.0949765,0.259424
4249,1,0,0,0,1,1,1,5.56979,0,-0.00213059,0.00129152,0.293918,0.248145
4250,1,0,0,0,1,1,1,5.56979,0,0.00958767,0.00126483,0.161493,0.293262
4251,1,0,0,0,1,1,1,5.56979,0,-0.00213059,0.00126722,0.290709,0.281982
4252,1,0,0,0,1,1,1,5.56979,0,-0.00213059,0.0012533,0.288872,0.281982
4253,1,0,0,0,1,1,1,5.56979,0,0.010653,0.00121549,0.143262,0.225586
4254,1,0,0,0,1,1,1,5.56979,0,-0.00319589,0.00118635,0.29157,0.191748
4255,1,0,0,0,1,1,1,5.56979,0,-0.0010653,0.00120492,0.270768,0.270703
4256,1,0,0,0,1,1,1,5.56979,0,0.0213059,0.00115693,0.018335,0.259424
4257,1,0,0,0,1,1,1,5.56979,0,0.00639178,0.0011991,0.187971,0.394775
4258,1,0,0,0,1,1,1,5.56979,-0.0244346,0.00319589,0.00117524,0.219977,0.293262
4259,1,0,0,0,1,1,1,5.56979,0,-0.0117183,0.00120045,0.387361,0.169189
4260,1,0,0,0,1,1,1,5.56979,0,0.00958767,0.00120786,0.153974,0.248145
4261,1,0,0,0,1,1,1,5.56979,0,0.00958767,0.00121461,0.154864,0.31582
4262,1,0,0,0,1,1,1,5.56979,0,0.00213059,0.00118228,0.232624,0.169189
4263,1,0,0,0,1,1,1,5.56979,-0.00872665,-0.0117183,0.00116583,0.38279,0.236865
4264,1,0,0,0,1,1,1,5.56979,0,0.00639178,0.00119011,0.186786,0.304541
4265,1,0,0,0,1,1,1,5.56979,0,0.00532648,0.00117174,0.196078,0.259424
4266,1,0,0,0,1,1,1,5.56979,0,-0.0202406,0.00116733,0.476735,0.214307
4267,1,0,0,0,1,1,1,5.56979,0.00872665,0.0010653,0.00116663,0.242276,0.270703
4268,1,0,0,0,1,1,1,5.56979,0,0.010653,0.00116291,0.136321,0.191748
4269,1,0,0,0,1,1,1,5.56979,0,0.0213059,0.00114617,0.0169286,0.15791
4270,1,0,0,0,1,1,1,5.56979,0,0.00426119,0.00112024,0.200999,0.270703
4271,1,0,0,0,1,1,1,5.56979,0,0.00639178,0.00112082,0.177638,0.236865
4272,1,0,0,0,1,1,1,5.56979,0,1.63077e-18,0.00113351,0.249623,0.304541
4273,1,0,0,0,1,1,1,5.56979,0,0.010653,0.00108709,0.126313,0.191748
4274,1,0,0,0,1,1,1,5.56979,0,0.0159795,0.00107277,0.0658311,0.180469
4275,1,0,0,0,1,1,1,5.56979,0,-0.00852238,0.0010791,0.336187,0.304541
4276,1,0,0,0,1,1,1,5.56979,-0.00872665,0.00958767,0.00107665,0.136654,0.248145
4277,1,0,0,0,1,1,1,5.56979,0,-0.01811,0.00105286,0.438188,0.180469
4278,1,0,0,0,1,1,1,5.56979,0,0.00852238,0.0010331,0.142487,0.293262
4279,1,0,0,0,1,1,1,5.56979,0,0.00532648,0.00101312,0.175141,0.169189
4280,1,0,0,0,1,1,1,5.56979,0,-0.010653,0.000982504,0.346853,0.15791
4281,1,0,0,0,1,1,1,5.56979,0,0.0117183,0.000993708,0.102268,0.203027
4282,1,0,0,0,1,1,1,5.56979,0,0.0149142,0.000997118,0.0675639,0.293262
4283,1,0,0,0,1,1,1,5.56979,0,0.0213059,0.000988161,-0.00392806,0.270703
4284,1,0,0,0,1,1,1,5.56979,0,0.0191753,0.000948375,0.0142567,0.135352
4285,1,0,0,0,1,1,1,5.56979,-0.00872665,-0.010653,0.000962922,0.344288,0.169189
